id,source,perturbation,gold,clean_pred,pred,text_changed
syn-0001,test,char_swap_5,1,1,1,True
syn-0012,test,char_swap_5,3,3,3,True
syn-0021,test,char_swap_5,8,8,8,True
syn-0028,test,char_swap_5,6,6,6,True
syn-0030,test,char_swap_5,1,1,1,True
syn-0047,test,char_swap_5,0,0,0,True
syn-0060,test,char_swap_5,5,5,5,True
syn-0066,test,char_swap_5,6,6,6,True
syn-0078,test,char_swap_5,4,3,4,True
syn-0088,test,char_swap_5,0,0,0,True
syn-0089,test,char_swap_5,4,4,4,True
syn-0092,test,char_swap_5,11,11,11,True
syn-0096,test,char_swap_5,6,6,6,True
syn-0099,test,char_swap_5,2,2,2,True
syn-0104,test,char_swap_5,6,6,6,True
syn-0110,test,char_swap_5,9,9,9,True
syn-0115,test,char_swap_5,10,10,10,True
syn-0116,test,char_swap_5,5,5,5,True
syn-0126,test,char_swap_5,7,7,7,True
syn-0131,test,char_swap_5,4,4,4,True
syn-0132,test,char_swap_5,4,4,4,True
syn-0157,test,char_swap_5,5,5,5,True
syn-0180,test,char_swap_5,1,1,1,True
syn-0199,test,char_swap_5,6,6,6,True
syn-0212,test,char_swap_5,10,10,10,True
syn-0214,test,char_swap_5,3,10,10,True
syn-0216,test,char_swap_5,3,3,3,True
syn-0220,test,char_swap_5,2,2,2,False
syn-0227,test,char_swap_5,8,8,8,True
syn-0231,test,char_swap_5,0,0,0,True
syn-0235,test,char_swap_5,8,8,10,True
syn-0238,test,char_swap_5,4,4,4,True
syn-0245,test,char_swap_5,5,5,5,True
syn-0256,test,char_swap_5,11,11,11,True
syn-0266,test,char_swap_5,7,7,7,True
syn-0277,test,char_swap_5,10,10,10,True
syn-0287,test,char_swap_5,8,8,8,True
syn-0309,test,char_swap_5,4,4,4,True
syn-0315,test,char_swap_5,3,3,3,True
syn-0317,test,char_swap_5,9,9,9,True
syn-0319,test,char_swap_5,10,10,10,True
syn-0320,test,char_swap_5,3,3,3,True
syn-0331,test,char_swap_5,9,9,11,True
syn-0337,test,char_swap_5,5,5,5,True
syn-0342,test,char_swap_5,0,0,0,True
syn-0344,test,char_swap_5,1,6,6,True
syn-0347,test,char_swap_5,1,1,1,True
syn-0361,test,char_swap_5,11,11,11,True
syn-0362,test,char_swap_5,2,2,2,True
syn-0365,test,char_swap_5,2,2,2,True
syn-0387,test,char_swap_5,10,10,10,True
syn-0389,test,char_swap_5,8,8,8,True
syn-0390,test,char_swap_5,7,7,7,True
syn-0394,test,char_swap_5,5,5,5,True
syn-0395,test,char_swap_5,10,10,10,True
syn-0398,test,char_swap_5,3,4,4,True
syn-0400,test,char_swap_5,2,2,2,False
syn-0404,test,char_swap_5,9,9,9,True
syn-0412,test,char_swap_5,10,10,10,True
syn-0424,test,char_swap_5,7,7,7,True
syn-0434,test,char_swap_5,6,6,6,True
syn-0438,test,char_swap_5,8,8,10,True
syn-0441,test,char_swap_5,6,6,6,True
syn-0442,test,char_swap_5,1,1,11,True
syn-0446,test,char_swap_5,1,1,11,True
syn-0462,test,char_swap_5,9,9,9,True
syn-0466,test,char_swap_5,0,0,0,True
syn-0467,test,char_swap_5,8,8,8,True
syn-0470,test,char_swap_5,11,11,11,True
syn-0475,test,char_swap_5,10,10,10,True
syn-0479,test,char_swap_5,8,8,8,True
syn-0483,test,char_swap_5,11,11,11,True
syn-0494,test,char_swap_5,0,0,0,True
syn-0500,test,char_swap_5,11,11,11,True
syn-0001,test,char_drop_5,1,1,11,True
syn-0012,test,char_drop_5,3,3,3,True
syn-0021,test,char_drop_5,8,8,8,True
syn-0028,test,char_drop_5,6,6,6,True
syn-0030,test,char_drop_5,1,1,1,True
syn-0047,test,char_drop_5,0,0,10,True
syn-0060,test,char_drop_5,5,5,5,True
syn-0066,test,char_drop_5,6,6,6,True
syn-0078,test,char_drop_5,4,3,4,True
syn-0088,test,char_drop_5,0,0,0,True
syn-0089,test,char_drop_5,4,4,4,True
syn-0092,test,char_drop_5,11,11,11,True
syn-0096,test,char_drop_5,6,6,6,True
syn-0099,test,char_drop_5,2,2,2,True
syn-0104,test,char_drop_5,6,6,6,True
syn-0110,test,char_drop_5,9,9,9,True
syn-0115,test,char_drop_5,10,10,10,True
syn-0116,test,char_drop_5,5,5,5,True
syn-0126,test,char_drop_5,7,7,7,True
syn-0131,test,char_drop_5,4,4,4,True
syn-0132,test,char_drop_5,4,4,4,True
syn-0157,test,char_drop_5,5,5,5,True
syn-0180,test,char_drop_5,1,1,1,True
syn-0199,test,char_drop_5,6,6,6,True
syn-0212,test,char_drop_5,10,10,10,True
syn-0214,test,char_drop_5,3,10,6,True
syn-0216,test,char_drop_5,3,3,3,True
syn-0220,test,char_drop_5,2,2,2,False
syn-0227,test,char_drop_5,8,8,8,True
syn-0231,test,char_drop_5,0,0,0,True
syn-0235,test,char_drop_5,8,8,8,True
syn-0238,test,char_drop_5,4,4,4,True
syn-0245,test,char_drop_5,5,5,5,True
syn-0256,test,char_drop_5,11,11,11,True
syn-0266,test,char_drop_5,7,7,7,True
syn-0277,test,char_drop_5,10,10,10,True
syn-0287,test,char_drop_5,8,8,8,True
syn-0309,test,char_drop_5,4,4,4,True
syn-0315,test,char_drop_5,3,3,3,True
syn-0317,test,char_drop_5,9,9,9,True
syn-0319,test,char_drop_5,10,10,10,True
syn-0320,test,char_drop_5,3,3,3,True
syn-0331,test,char_drop_5,9,9,9,True
syn-0337,test,char_drop_5,5,5,5,True
syn-0342,test,char_drop_5,0,0,0,True
syn-0344,test,char_drop_5,1,6,1,True
syn-0347,test,char_drop_5,1,1,1,True
syn-0361,test,char_drop_5,11,11,10,True
syn-0362,test,char_drop_5,2,2,2,True
syn-0365,test,char_drop_5,2,2,10,True
syn-0387,test,char_drop_5,10,10,10,True
syn-0389,test,char_drop_5,8,8,8,True
syn-0390,test,char_drop_5,7,7,7,True
syn-0394,test,char_drop_5,5,5,5,True
syn-0395,test,char_drop_5,10,10,10,True
syn-0398,test,char_drop_5,3,4,4,True
syn-0400,test,char_drop_5,2,2,2,True
syn-0404,test,char_drop_5,9,9,9,True
syn-0412,test,char_drop_5,10,10,10,True
syn-0424,test,char_drop_5,7,7,7,True
syn-0434,test,char_drop_5,6,6,6,True
syn-0438,test,char_drop_5,8,8,8,True
syn-0441,test,char_drop_5,6,6,6,True
syn-0442,test,char_drop_5,1,1,1,True
syn-0446,test,char_drop_5,1,1,1,True
syn-0462,test,char_drop_5,9,9,11,True
syn-0466,test,char_drop_5,0,0,0,True
syn-0467,test,char_drop_5,8,8,8,True
syn-0470,test,char_drop_5,11,11,11,True
syn-0475,test,char_drop_5,10,10,10,True
syn-0479,test,char_drop_5,8,8,8,True
syn-0483,test,char_drop_5,11,11,11,True
syn-0494,test,char_drop_5,0,0,0,True
syn-0500,test,char_drop_5,11,11,11,True
syn-0001,test,char_insert_5,1,1,1,True
syn-0012,test,char_insert_5,3,3,3,True
syn-0021,test,char_insert_5,8,8,8,True
syn-0028,test,char_insert_5,6,6,6,True
syn-0030,test,char_insert_5,1,1,1,True
syn-0047,test,char_insert_5,0,0,0,True
syn-0060,test,char_insert_5,5,5,5,True
syn-0066,test,char_insert_5,6,6,6,True
syn-0078,test,char_insert_5,4,3,4,True
syn-0088,test,char_insert_5,0,0,0,True
syn-0089,test,char_insert_5,4,4,4,True
syn-0092,test,char_insert_5,11,11,11,True
syn-0096,test,char_insert_5,6,6,10,True
syn-0099,test,char_insert_5,2,2,2,True
syn-0104,test,char_insert_5,6,6,6,True
syn-0110,test,char_insert_5,9,9,9,True
syn-0115,test,char_insert_5,10,10,10,True
syn-0116,test,char_insert_5,5,5,5,True
syn-0126,test,char_insert_5,7,7,7,True
syn-0131,test,char_insert_5,4,4,4,True
syn-0132,test,char_insert_5,4,4,4,True
syn-0157,test,char_insert_5,5,5,7,True
syn-0180,test,char_insert_5,1,1,1,True
syn-0199,test,char_insert_5,6,6,6,True
syn-0212,test,char_insert_5,10,10,10,True
syn-0214,test,char_insert_5,3,10,10,True
syn-0216,test,char_insert_5,3,3,3,True
syn-0220,test,char_insert_5,2,2,2,False
syn-0227,test,char_insert_5,8,8,8,True
syn-0231,test,char_insert_5,0,0,0,True
syn-0235,test,char_insert_5,8,8,8,True
syn-0238,test,char_insert_5,4,4,4,True
syn-0245,test,char_insert_5,5,5,5,True
syn-0256,test,char_insert_5,11,11,11,True
syn-0266,test,char_insert_5,7,7,7,True
syn-0277,test,char_insert_5,10,10,10,True
syn-0287,test,char_insert_5,8,8,8,True
syn-0309,test,char_insert_5,4,4,4,True
syn-0315,test,char_insert_5,3,3,3,True
syn-0317,test,char_insert_5,9,9,9,True
syn-0319,test,char_insert_5,10,10,10,True
syn-0320,test,char_insert_5,3,3,3,True
syn-0331,test,char_insert_5,9,9,9,True
syn-0337,test,char_insert_5,5,5,5,True
syn-0342,test,char_insert_5,0,0,0,True
syn-0344,test,char_insert_5,1,6,6,True
syn-0347,test,char_insert_5,1,1,1,True
syn-0361,test,char_insert_5,11,11,9,True
syn-0362,test,char_insert_5,2,2,2,True
syn-0365,test,char_insert_5,2,2,2,True
syn-0387,test,char_insert_5,10,10,10,True
syn-0389,test,char_insert_5,8,8,8,True
syn-0390,test,char_insert_5,7,7,7,True
syn-0394,test,char_insert_5,5,5,5,True
syn-0395,test,char_insert_5,10,10,10,True
syn-0398,test,char_insert_5,3,4,4,True
syn-0400,test,char_insert_5,2,2,2,True
syn-0404,test,char_insert_5,9,9,9,True
syn-0412,test,char_insert_5,10,10,10,True
syn-0424,test,char_insert_5,7,7,7,True
syn-0434,test,char_insert_5,6,6,6,True
syn-0438,test,char_insert_5,8,8,8,True
syn-0441,test,char_insert_5,6,6,6,True
syn-0442,test,char_insert_5,1,1,1,True
syn-0446,test,char_insert_5,1,1,1,True
syn-0462,test,char_insert_5,9,9,9,True
syn-0466,test,char_insert_5,0,0,0,True
syn-0467,test,char_insert_5,8,8,10,True
syn-0470,test,char_insert_5,11,11,11,True
syn-0475,test,char_insert_5,10,10,10,True
syn-0479,test,char_insert_5,8,8,8,True
syn-0483,test,char_insert_5,11,11,11,True
syn-0494,test,char_insert_5,0,0,8,True
syn-0500,test,char_insert_5,11,11,11,True
syn-0001,test,char_mixed_5,1,1,1,True
syn-0012,test,char_mixed_5,3,3,3,True
syn-0021,test,char_mixed_5,8,8,8,True
syn-0028,test,char_mixed_5,6,6,6,True
syn-0030,test,char_mixed_5,1,1,1,True
syn-0047,test,char_mixed_5,0,0,0,True
syn-0060,test,char_mixed_5,5,5,5,True
syn-0066,test,char_mixed_5,6,6,6,True
syn-0078,test,char_mixed_5,4,3,4,True
syn-0088,test,char_mixed_5,0,0,0,True
syn-0089,test,char_mixed_5,4,4,4,True
syn-0092,test,char_mixed_5,11,11,11,True
syn-0096,test,char_mixed_5,6,6,6,True
syn-0099,test,char_mixed_5,2,2,2,True
syn-0104,test,char_mixed_5,6,6,6,True
syn-0110,test,char_mixed_5,9,9,9,True
syn-0115,test,char_mixed_5,10,10,10,True
syn-0116,test,char_mixed_5,5,5,5,True
syn-0126,test,char_mixed_5,7,7,7,True
syn-0131,test,char_mixed_5,4,4,3,True
syn-0132,test,char_mixed_5,4,4,4,True
syn-0157,test,char_mixed_5,5,5,5,True
syn-0180,test,char_mixed_5,1,1,1,True
syn-0199,test,char_mixed_5,6,6,6,True
syn-0212,test,char_mixed_5,10,10,10,True
syn-0214,test,char_mixed_5,3,10,10,True
syn-0216,test,char_mixed_5,3,3,3,True
syn-0220,test,char_mixed_5,2,2,2,False
syn-0227,test,char_mixed_5,8,8,8,True
syn-0231,test,char_mixed_5,0,0,0,True
syn-0235,test,char_mixed_5,8,8,8,True
syn-0238,test,char_mixed_5,4,4,4,True
syn-0245,test,char_mixed_5,5,5,5,True
syn-0256,test,char_mixed_5,11,11,11,True
syn-0266,test,char_mixed_5,7,7,7,False
syn-0277,test,char_mixed_5,10,10,10,True
syn-0287,test,char_mixed_5,8,8,8,True
syn-0309,test,char_mixed_5,4,4,4,True
syn-0315,test,char_mixed_5,3,3,3,True
syn-0317,test,char_mixed_5,9,9,10,True
syn-0319,test,char_mixed_5,10,10,10,True
syn-0320,test,char_mixed_5,3,3,10,True
syn-0331,test,char_mixed_5,9,9,11,True
syn-0337,test,char_mixed_5,5,5,5,True
syn-0342,test,char_mixed_5,0,0,0,True
syn-0344,test,char_mixed_5,1,6,1,True
syn-0347,test,char_mixed_5,1,1,1,True
syn-0361,test,char_mixed_5,11,11,11,True
syn-0362,test,char_mixed_5,2,2,2,True
syn-0365,test,char_mixed_5,2,2,2,True
syn-0387,test,char_mixed_5,10,10,10,True
syn-0389,test,char_mixed_5,8,8,8,True
syn-0390,test,char_mixed_5,7,7,7,True
syn-0394,test,char_mixed_5,5,5,5,True
syn-0395,test,char_mixed_5,10,10,10,True
syn-0398,test,char_mixed_5,3,4,4,True
syn-0400,test,char_mixed_5,2,2,2,True
syn-0404,test,char_mixed_5,9,9,9,True
syn-0412,test,char_mixed_5,10,10,10,True
syn-0424,test,char_mixed_5,7,7,7,True
syn-0434,test,char_mixed_5,6,6,6,True
syn-0438,test,char_mixed_5,8,8,8,True
syn-0441,test,char_mixed_5,6,6,6,True
syn-0442,test,char_mixed_5,1,1,1,True
syn-0446,test,char_mixed_5,1,1,1,True
syn-0462,test,char_mixed_5,9,9,9,True
syn-0466,test,char_mixed_5,0,0,0,True
syn-0467,test,char_mixed_5,8,8,8,True
syn-0470,test,char_mixed_5,11,11,11,True
syn-0475,test,char_mixed_5,10,10,10,True
syn-0479,test,char_mixed_5,8,8,8,True
syn-0483,test,char_mixed_5,11,11,11,True
syn-0494,test,char_mixed_5,0,0,0,True
syn-0500,test,char_mixed_5,11,11,11,True
syn-0001,test,char_swap_10,1,1,1,True
syn-0012,test,char_swap_10,3,3,10,True
syn-0021,test,char_swap_10,8,8,8,True
syn-0028,test,char_swap_10,6,6,6,True
syn-0030,test,char_swap_10,1,1,4,True
syn-0047,test,char_swap_10,0,0,0,True
syn-0060,test,char_swap_10,5,5,5,True
syn-0066,test,char_swap_10,6,6,6,True
syn-0078,test,char_swap_10,4,3,4,True
syn-0088,test,char_swap_10,0,0,0,True
syn-0089,test,char_swap_10,4,4,4,True
syn-0092,test,char_swap_10,11,11,11,True
syn-0096,test,char_swap_10,6,6,6,True
syn-0099,test,char_swap_10,2,2,2,True
syn-0104,test,char_swap_10,6,6,6,True
syn-0110,test,char_swap_10,9,9,9,True
syn-0115,test,char_swap_10,10,10,10,True
syn-0116,test,char_swap_10,5,5,5,True
syn-0126,test,char_swap_10,7,7,7,True
syn-0131,test,char_swap_10,4,4,4,True
syn-0132,test,char_swap_10,4,4,4,True
syn-0157,test,char_swap_10,5,5,5,True
syn-0180,test,char_swap_10,1,1,1,True
syn-0199,test,char_swap_10,6,6,6,True
syn-0212,test,char_swap_10,10,10,10,True
syn-0214,test,char_swap_10,3,10,10,True
syn-0216,test,char_swap_10,3,3,3,True
syn-0220,test,char_swap_10,2,2,2,False
syn-0227,test,char_swap_10,8,8,10,True
syn-0231,test,char_swap_10,0,0,0,True
syn-0235,test,char_swap_10,8,8,10,True
syn-0238,test,char_swap_10,4,4,4,True
syn-0245,test,char_swap_10,5,5,5,True
syn-0256,test,char_swap_10,11,11,10,True
syn-0266,test,char_swap_10,7,7,7,True
syn-0277,test,char_swap_10,10,10,10,True
syn-0287,test,char_swap_10,8,8,8,True
syn-0309,test,char_swap_10,4,4,4,True
syn-0315,test,char_swap_10,3,3,3,True
syn-0317,test,char_swap_10,9,9,10,True
syn-0319,test,char_swap_10,10,10,10,True
syn-0320,test,char_swap_10,3,3,3,True
syn-0331,test,char_swap_10,9,9,9,True
syn-0337,test,char_swap_10,5,5,5,True
syn-0342,test,char_swap_10,0,0,0,True
syn-0344,test,char_swap_10,1,6,6,True
syn-0347,test,char_swap_10,1,1,10,True
syn-0361,test,char_swap_10,11,11,4,True
syn-0362,test,char_swap_10,2,2,2,True
syn-0365,test,char_swap_10,2,2,2,True
syn-0387,test,char_swap_10,10,10,10,True
syn-0389,test,char_swap_10,8,8,8,True
syn-0390,test,char_swap_10,7,7,10,True
syn-0394,test,char_swap_10,5,5,5,True
syn-0395,test,char_swap_10,10,10,10,True
syn-0398,test,char_swap_10,3,4,4,True
syn-0400,test,char_swap_10,2,2,2,True
syn-0404,test,char_swap_10,9,9,10,True
syn-0412,test,char_swap_10,10,10,10,True
syn-0424,test,char_swap_10,7,7,7,True
syn-0434,test,char_swap_10,6,6,6,True
syn-0438,test,char_swap_10,8,8,8,True
syn-0441,test,char_swap_10,6,6,6,True
syn-0442,test,char_swap_10,1,1,11,True
syn-0446,test,char_swap_10,1,1,1,True
syn-0462,test,char_swap_10,9,9,10,True
syn-0466,test,char_swap_10,0,0,10,True
syn-0467,test,char_swap_10,8,8,11,True
syn-0470,test,char_swap_10,11,11,11,True
syn-0475,test,char_swap_10,10,10,10,True
syn-0479,test,char_swap_10,8,8,8,True
syn-0483,test,char_swap_10,11,11,11,True
syn-0494,test,char_swap_10,0,0,8,True
syn-0500,test,char_swap_10,11,11,11,True
syn-0001,test,char_drop_10,1,1,1,True
syn-0012,test,char_drop_10,3,3,3,True
syn-0021,test,char_drop_10,8,8,5,True
syn-0028,test,char_drop_10,6,6,6,True
syn-0030,test,char_drop_10,1,1,1,True
syn-0047,test,char_drop_10,0,0,0,True
syn-0060,test,char_drop_10,5,5,5,True
syn-0066,test,char_drop_10,6,6,6,True
syn-0078,test,char_drop_10,4,3,4,True
syn-0088,test,char_drop_10,0,0,10,True
syn-0089,test,char_drop_10,4,4,4,True
syn-0092,test,char_drop_10,11,11,11,True
syn-0096,test,char_drop_10,6,6,6,True
syn-0099,test,char_drop_10,2,2,2,True
syn-0104,test,char_drop_10,6,6,6,True
syn-0110,test,char_drop_10,9,9,10,True
syn-0115,test,char_drop_10,10,10,10,True
syn-0116,test,char_drop_10,5,5,5,True
syn-0126,test,char_drop_10,7,7,7,True
syn-0131,test,char_drop_10,4,4,10,True
syn-0132,test,char_drop_10,4,4,4,True
syn-0157,test,char_drop_10,5,5,5,True
syn-0180,test,char_drop_10,1,1,1,True
syn-0199,test,char_drop_10,6,6,6,True
syn-0212,test,char_drop_10,10,10,10,True
syn-0214,test,char_drop_10,3,10,4,True
syn-0216,test,char_drop_10,3,3,3,True
syn-0220,test,char_drop_10,2,2,2,False
syn-0227,test,char_drop_10,8,8,8,True
syn-0231,test,char_drop_10,0,0,0,True
syn-0235,test,char_drop_10,8,8,10,True
syn-0238,test,char_drop_10,4,4,10,True
syn-0245,test,char_drop_10,5,5,5,True
syn-0256,test,char_drop_10,11,11,11,True
syn-0266,test,char_drop_10,7,7,7,True
syn-0277,test,char_drop_10,10,10,10,True
syn-0287,test,char_drop_10,8,8,8,True
syn-0309,test,char_drop_10,4,4,4,True
syn-0315,test,char_drop_10,3,3,3,True
syn-0317,test,char_drop_10,9,9,9,True
syn-0319,test,char_drop_10,10,10,10,True
syn-0320,test,char_drop_10,3,3,3,True
syn-0331,test,char_drop_10,9,9,10,True
syn-0337,test,char_drop_10,5,5,5,True
syn-0342,test,char_drop_10,0,0,8,True
syn-0344,test,char_drop_10,1,6,6,True
syn-0347,test,char_drop_10,1,1,1,True
syn-0361,test,char_drop_10,11,11,10,True
syn-0362,test,char_drop_10,2,2,2,True
syn-0365,test,char_drop_10,2,2,2,True
syn-0387,test,char_drop_10,10,10,10,True
syn-0389,test,char_drop_10,8,8,10,True
syn-0390,test,char_drop_10,7,7,7,True
syn-0394,test,char_drop_10,5,5,5,True
syn-0395,test,char_drop_10,10,10,10,True
syn-0398,test,char_drop_10,3,4,4,True
syn-0400,test,char_drop_10,2,2,2,True
syn-0404,test,char_drop_10,9,9,9,True
syn-0412,test,char_drop_10,10,10,10,True
syn-0424,test,char_drop_10,7,7,7,True
syn-0434,test,char_drop_10,6,6,10,True
syn-0438,test,char_drop_10,8,8,10,True
syn-0441,test,char_drop_10,6,6,6,True
syn-0442,test,char_drop_10,1,1,1,True
syn-0446,test,char_drop_10,1,1,5,True
syn-0462,test,char_drop_10,9,9,11,True
syn-0466,test,char_drop_10,0,0,0,True
syn-0467,test,char_drop_10,8,8,8,True
syn-0470,test,char_drop_10,11,11,11,True
syn-0475,test,char_drop_10,10,10,10,True
syn-0479,test,char_drop_10,8,8,10,True
syn-0483,test,char_drop_10,11,11,11,True
syn-0494,test,char_drop_10,0,0,0,True
syn-0500,test,char_drop_10,11,11,11,True
syn-0001,test,char_insert_10,1,1,1,True
syn-0012,test,char_insert_10,3,3,4,True
syn-0021,test,char_insert_10,8,8,8,True
syn-0028,test,char_insert_10,6,6,6,True
syn-0030,test,char_insert_10,1,1,1,True
syn-0047,test,char_insert_10,0,0,0,True
syn-0060,test,char_insert_10,5,5,5,True
syn-0066,test,char_insert_10,6,6,6,True
syn-0078,test,char_insert_10,4,3,4,True
syn-0088,test,char_insert_10,0,0,10,True
syn-0089,test,char_insert_10,4,4,4,True
syn-0092,test,char_insert_10,11,11,11,True
syn-0096,test,char_insert_10,6,6,6,True
syn-0099,test,char_insert_10,2,2,2,True
syn-0104,test,char_insert_10,6,6,6,True
syn-0110,test,char_insert_10,9,9,9,True
syn-0115,test,char_insert_10,10,10,10,True
syn-0116,test,char_insert_10,5,5,5,True
syn-0126,test,char_insert_10,7,7,7,True
syn-0131,test,char_insert_10,4,4,4,True
syn-0132,test,char_insert_10,4,4,4,True
syn-0157,test,char_insert_10,5,5,7,True
syn-0180,test,char_insert_10,1,1,1,True
syn-0199,test,char_insert_10,6,6,6,True
syn-0212,test,char_insert_10,10,10,10,True
syn-0214,test,char_insert_10,3,10,10,True
syn-0216,test,char_insert_10,3,3,3,True
syn-0220,test,char_insert_10,2,2,2,False
syn-0227,test,char_insert_10,8,8,8,True
syn-0231,test,char_insert_10,0,0,0,True
syn-0235,test,char_insert_10,8,8,8,True
syn-0238,test,char_insert_10,4,4,4,True
syn-0245,test,char_insert_10,5,5,5,True
syn-0256,test,char_insert_10,11,11,11,True
syn-0266,test,char_insert_10,7,7,7,True
syn-0277,test,char_insert_10,10,10,10,True
syn-0287,test,char_insert_10,8,8,8,True
syn-0309,test,char_insert_10,4,4,4,True
syn-0315,test,char_insert_10,3,3,3,True
syn-0317,test,char_insert_10,9,9,10,True
syn-0319,test,char_insert_10,10,10,10,True
syn-0320,test,char_insert_10,3,3,10,True
syn-0331,test,char_insert_10,9,9,9,True
syn-0337,test,char_insert_10,5,5,5,True
syn-0342,test,char_insert_10,0,0,0,True
syn-0344,test,char_insert_10,1,6,6,True
syn-0347,test,char_insert_10,1,1,1,True
syn-0361,test,char_insert_10,11,11,10,True
syn-0362,test,char_insert_10,2,2,2,True
syn-0365,test,char_insert_10,2,2,2,True
syn-0387,test,char_insert_10,10,10,10,True
syn-0389,test,char_insert_10,8,8,8,True
syn-0390,test,char_insert_10,7,7,7,True
syn-0394,test,char_insert_10,5,5,5,True
syn-0395,test,char_insert_10,10,10,10,True
syn-0398,test,char_insert_10,3,4,4,True
syn-0400,test,char_insert_10,2,2,2,True
syn-0404,test,char_insert_10,9,9,9,True
syn-0412,test,char_insert_10,10,10,10,True
syn-0424,test,char_insert_10,7,7,7,True
syn-0434,test,char_insert_10,6,6,6,True
syn-0438,test,char_insert_10,8,8,10,True
syn-0441,test,char_insert_10,6,6,6,True
syn-0442,test,char_insert_10,1,1,1,True
syn-0446,test,char_insert_10,1,1,11,True
syn-0462,test,char_insert_10,9,9,9,True
syn-0466,test,char_insert_10,0,0,10,True
syn-0467,test,char_insert_10,8,8,11,True
syn-0470,test,char_insert_10,11,11,11,True
syn-0475,test,char_insert_10,10,10,10,True
syn-0479,test,char_insert_10,8,8,8,True
syn-0483,test,char_insert_10,11,11,11,True
syn-0494,test,char_insert_10,0,0,0,True
syn-0500,test,char_insert_10,11,11,10,True
syn-0001,test,char_mixed_10,1,1,1,True
syn-0012,test,char_mixed_10,3,3,3,True
syn-0021,test,char_mixed_10,8,8,8,True
syn-0028,test,char_mixed_10,6,6,6,True
syn-0030,test,char_mixed_10,1,1,1,True
syn-0047,test,char_mixed_10,0,0,8,True
syn-0060,test,char_mixed_10,5,5,5,True
syn-0066,test,char_mixed_10,6,6,6,True
syn-0078,test,char_mixed_10,4,3,4,True
syn-0088,test,char_mixed_10,0,0,10,True
syn-0089,test,char_mixed_10,4,4,4,True
syn-0092,test,char_mixed_10,11,11,11,True
syn-0096,test,char_mixed_10,6,6,10,True
syn-0099,test,char_mixed_10,2,2,2,True
syn-0104,test,char_mixed_10,6,6,6,True
syn-0110,test,char_mixed_10,9,9,3,True
syn-0115,test,char_mixed_10,10,10,10,True
syn-0116,test,char_mixed_10,5,5,5,True
syn-0126,test,char_mixed_10,7,7,7,True
syn-0131,test,char_mixed_10,4,4,4,True
syn-0132,test,char_mixed_10,4,4,4,True
syn-0157,test,char_mixed_10,5,5,7,True
syn-0180,test,char_mixed_10,1,1,11,True
syn-0199,test,char_mixed_10,6,6,6,True
syn-0212,test,char_mixed_10,10,10,10,True
syn-0214,test,char_mixed_10,3,10,4,True
syn-0216,test,char_mixed_10,3,3,3,True
syn-0220,test,char_mixed_10,2,2,2,False
syn-0227,test,char_mixed_10,8,8,8,True
syn-0231,test,char_mixed_10,0,0,0,True
syn-0235,test,char_mixed_10,8,8,10,True
syn-0238,test,char_mixed_10,4,4,4,True
syn-0245,test,char_mixed_10,5,5,5,True
syn-0256,test,char_mixed_10,11,11,11,True
syn-0266,test,char_mixed_10,7,7,7,True
syn-0277,test,char_mixed_10,10,10,10,True
syn-0287,test,char_mixed_10,8,8,8,True
syn-0309,test,char_mixed_10,4,4,4,True
syn-0315,test,char_mixed_10,3,3,3,True
syn-0317,test,char_mixed_10,9,9,8,True
syn-0319,test,char_mixed_10,10,10,10,True
syn-0320,test,char_mixed_10,3,3,3,True
syn-0331,test,char_mixed_10,9,9,9,True
syn-0337,test,char_mixed_10,5,5,5,True
syn-0342,test,char_mixed_10,0,0,0,True
syn-0344,test,char_mixed_10,1,6,6,True
syn-0347,test,char_mixed_10,1,1,1,True
syn-0361,test,char_mixed_10,11,11,6,True
syn-0362,test,char_mixed_10,2,2,2,True
syn-0365,test,char_mixed_10,2,2,2,True
syn-0387,test,char_mixed_10,10,10,10,True
syn-0389,test,char_mixed_10,8,8,8,True
syn-0390,test,char_mixed_10,7,7,10,True
syn-0394,test,char_mixed_10,5,5,4,True
syn-0395,test,char_mixed_10,10,10,10,True
syn-0398,test,char_mixed_10,3,4,4,True
syn-0400,test,char_mixed_10,2,2,2,True
syn-0404,test,char_mixed_10,9,9,9,True
syn-0412,test,char_mixed_10,10,10,10,True
syn-0424,test,char_mixed_10,7,7,7,True
syn-0434,test,char_mixed_10,6,6,6,True
syn-0438,test,char_mixed_10,8,8,10,True
syn-0441,test,char_mixed_10,6,6,6,True
syn-0442,test,char_mixed_10,1,1,1,True
syn-0446,test,char_mixed_10,1,1,10,True
syn-0462,test,char_mixed_10,9,9,11,True
syn-0466,test,char_mixed_10,0,0,10,True
syn-0467,test,char_mixed_10,8,8,10,True
syn-0470,test,char_mixed_10,11,11,11,True
syn-0475,test,char_mixed_10,10,10,10,True
syn-0479,test,char_mixed_10,8,8,8,True
syn-0483,test,char_mixed_10,11,11,11,True
syn-0494,test,char_mixed_10,0,0,0,True
syn-0500,test,char_mixed_10,11,11,11,True
syn-0001,test,lowercase,1,1,1,False
syn-0012,test,lowercase,3,3,3,True
syn-0021,test,lowercase,8,8,8,False
syn-0028,test,lowercase,6,6,6,True
syn-0030,test,lowercase,1,1,1,False
syn-0047,test,lowercase,0,0,0,True
syn-0060,test,lowercase,5,5,5,True
syn-0066,test,lowercase,6,6,6,True
syn-0078,test,lowercase,4,3,3,False
syn-0088,test,lowercase,0,0,0,True
syn-0089,test,lowercase,4,4,4,True
syn-0092,test,lowercase,11,11,11,True
syn-0096,test,lowercase,6,6,6,False
syn-0099,test,lowercase,2,2,2,False
syn-0104,test,lowercase,6,6,6,True
syn-0110,test,lowercase,9,9,9,False
syn-0115,test,lowercase,10,10,10,True
syn-0116,test,lowercase,5,5,5,True
syn-0126,test,lowercase,7,7,7,False
syn-0131,test,lowercase,4,4,3,True
syn-0132,test,lowercase,4,4,4,True
syn-0157,test,lowercase,5,5,5,True
syn-0180,test,lowercase,1,1,1,False
syn-0199,test,lowercase,6,6,6,True
syn-0212,test,lowercase,10,10,10,True
syn-0214,test,lowercase,3,10,10,True
syn-0216,test,lowercase,3,3,3,True
syn-0220,test,lowercase,2,2,2,False
syn-0227,test,lowercase,8,8,8,False
syn-0231,test,lowercase,0,0,0,False
syn-0235,test,lowercase,8,8,8,True
syn-0238,test,lowercase,4,4,4,True
syn-0245,test,lowercase,5,5,5,True
syn-0256,test,lowercase,11,11,11,True
syn-0266,test,lowercase,7,7,7,True
syn-0277,test,lowercase,10,10,10,True
syn-0287,test,lowercase,8,8,8,True
syn-0309,test,lowercase,4,4,4,True
syn-0315,test,lowercase,3,3,3,False
syn-0317,test,lowercase,9,9,9,True
syn-0319,test,lowercase,10,10,10,True
syn-0320,test,lowercase,3,3,3,False
syn-0331,test,lowercase,9,9,9,True
syn-0337,test,lowercase,5,5,5,True
syn-0342,test,lowercase,0,0,0,False
syn-0344,test,lowercase,1,6,6,True
syn-0347,test,lowercase,1,1,1,True
syn-0361,test,lowercase,11,11,11,True
syn-0362,test,lowercase,2,2,2,False
syn-0365,test,lowercase,2,2,10,True
syn-0387,test,lowercase,10,10,10,True
syn-0389,test,lowercase,8,8,8,False
syn-0390,test,lowercase,7,7,7,False
syn-0394,test,lowercase,5,5,5,True
syn-0395,test,lowercase,10,10,10,True
syn-0398,test,lowercase,3,4,4,True
syn-0400,test,lowercase,2,2,2,True
syn-0404,test,lowercase,9,9,9,True
syn-0412,test,lowercase,10,10,10,True
syn-0424,test,lowercase,7,7,7,False
syn-0434,test,lowercase,6,6,6,False
syn-0438,test,lowercase,8,8,8,False
syn-0441,test,lowercase,6,6,6,False
syn-0442,test,lowercase,1,1,1,True
syn-0446,test,lowercase,1,1,1,True
syn-0462,test,lowercase,9,9,9,False
syn-0466,test,lowercase,0,0,0,True
syn-0467,test,lowercase,8,8,8,True
syn-0470,test,lowercase,11,11,11,True
syn-0475,test,lowercase,10,10,10,True
syn-0479,test,lowercase,8,8,8,True
syn-0483,test,lowercase,11,11,11,False
syn-0494,test,lowercase,0,0,0,True
syn-0500,test,lowercase,11,11,11,True
syn-0001,test,abbrev,1,1,1,False
syn-0012,test,abbrev,3,3,3,False
syn-0021,test,abbrev,8,8,8,False
syn-0028,test,abbrev,6,6,6,True
syn-0030,test,abbrev,1,1,1,False
syn-0047,test,abbrev,0,0,0,True
syn-0060,test,abbrev,5,5,5,False
syn-0066,test,abbrev,6,6,6,False
syn-0078,test,abbrev,4,3,3,True
syn-0088,test,abbrev,0,0,0,False
syn-0089,test,abbrev,4,4,4,False
syn-0092,test,abbrev,11,11,11,False
syn-0096,test,abbrev,6,6,6,False
syn-0099,test,abbrev,2,2,2,False
syn-0104,test,abbrev,6,6,6,False
syn-0110,test,abbrev,9,9,9,True
syn-0115,test,abbrev,10,10,10,False
syn-0116,test,abbrev,5,5,5,False
syn-0126,test,abbrev,7,7,7,False
syn-0131,test,abbrev,4,4,4,False
syn-0132,test,abbrev,4,4,4,True
syn-0157,test,abbrev,5,5,5,False
syn-0180,test,abbrev,1,1,1,True
syn-0199,test,abbrev,6,6,6,False
syn-0212,test,abbrev,10,10,10,False
syn-0214,test,abbrev,3,10,10,False
syn-0216,test,abbrev,3,3,3,True
syn-0220,test,abbrev,2,2,2,False
syn-0227,test,abbrev,8,8,8,False
syn-0231,test,abbrev,0,0,0,False
syn-0235,test,abbrev,8,8,8,False
syn-0238,test,abbrev,4,4,4,False
syn-0245,test,abbrev,5,5,5,False
syn-0256,test,abbrev,11,11,11,False
syn-0266,test,abbrev,7,7,7,False
syn-0277,test,abbrev,10,10,10,True
syn-0287,test,abbrev,8,8,8,True
syn-0309,test,abbrev,4,4,4,False
syn-0315,test,abbrev,3,3,3,False
syn-0317,test,abbrev,9,9,9,False
syn-0319,test,abbrev,10,10,10,True
syn-0320,test,abbrev,3,3,3,False
syn-0331,test,abbrev,9,9,9,False
syn-0337,test,abbrev,5,5,5,False
syn-0342,test,abbrev,0,0,0,False
syn-0344,test,abbrev,1,6,6,True
syn-0347,test,abbrev,1,1,1,True
syn-0361,test,abbrev,11,11,11,False
syn-0362,test,abbrev,2,2,2,False
syn-0365,test,abbrev,2,2,2,False
syn-0387,test,abbrev,10,10,10,False
syn-0389,test,abbrev,8,8,8,False
syn-0390,test,abbrev,7,7,7,False
syn-0394,test,abbrev,5,5,5,False
syn-0395,test,abbrev,10,10,10,False
syn-0398,test,abbrev,3,4,4,False
syn-0400,test,abbrev,2,2,2,True
syn-0404,test,abbrev,9,9,9,False
syn-0412,test,abbrev,10,10,10,False
syn-0424,test,abbrev,7,7,7,False
syn-0434,test,abbrev,6,6,6,False
syn-0438,test,abbrev,8,8,8,False
syn-0441,test,abbrev,6,6,6,False
syn-0442,test,abbrev,1,1,1,False
syn-0446,test,abbrev,1,1,1,False
syn-0462,test,abbrev,9,9,9,False
syn-0466,test,abbrev,0,0,0,False
syn-0467,test,abbrev,8,8,8,False
syn-0470,test,abbrev,11,11,11,False
syn-0475,test,abbrev,10,10,10,False
syn-0479,test,abbrev,8,8,8,True
syn-0483,test,abbrev,11,11,11,False
syn-0494,test,abbrev,0,0,0,True
syn-0500,test,abbrev,11,11,11,True
syn-0002,oof,char_swap_5,1,1,1,True
syn-0003,oof,char_swap_5,2,2,2,True
syn-0004,oof,char_swap_5,10,10,10,True
syn-0005,oof,char_swap_5,11,11,11,True
syn-0006,oof,char_swap_5,7,7,7,True
syn-0007,oof,char_swap_5,6,6,4,True
syn-0008,oof,char_swap_5,8,8,8,True
syn-0009,oof,char_swap_5,8,8,5,True
syn-0010,oof,char_swap_5,9,9,9,True
syn-0011,oof,char_swap_5,10,10,10,True
syn-0013,oof,char_swap_5,6,6,6,True
syn-0014,oof,char_swap_5,0,0,0,True
syn-0015,oof,char_swap_5,6,6,6,True
syn-0016,oof,char_swap_5,9,9,9,True
syn-0017,oof,char_swap_5,3,3,3,True
syn-0018,oof,char_swap_5,3,6,6,True
syn-0019,oof,char_swap_5,0,0,0,True
syn-0020,oof,char_swap_5,6,6,6,True
syn-0022,oof,char_swap_5,10,11,11,True
syn-0023,oof,char_swap_5,1,1,1,True
syn-0024,oof,char_swap_5,2,2,2,True
syn-0025,oof,char_swap_5,8,8,8,True
syn-0026,oof,char_swap_5,10,10,10,True
syn-0027,oof,char_swap_5,4,4,4,True
syn-0029,oof,char_swap_5,2,2,2,True
syn-0031,oof,char_swap_5,0,0,0,True
syn-0032,oof,char_swap_5,4,4,4,True
syn-0033,oof,char_swap_5,5,5,5,True
syn-0034,oof,char_swap_5,0,0,0,True
syn-0035,oof,char_swap_5,9,9,10,True
syn-0036,oof,char_swap_5,5,5,5,True
syn-0037,oof,char_swap_5,8,8,8,True
syn-0038,oof,char_swap_5,5,5,5,True
syn-0039,oof,char_swap_5,1,1,1,True
syn-0040,oof,char_swap_5,4,4,4,True
syn-0041,oof,char_swap_5,10,9,10,True
syn-0042,oof,char_swap_5,9,9,9,True
syn-0043,oof,char_swap_5,9,9,9,True
syn-0044,oof,char_swap_5,2,2,2,False
syn-0045,oof,char_swap_5,9,9,9,True
syn-0046,oof,char_swap_5,8,8,8,True
syn-0048,oof,char_swap_5,11,11,11,True
syn-0049,oof,char_swap_5,8,8,8,True
syn-0050,oof,char_swap_5,4,4,4,True
syn-0051,oof,char_swap_5,3,3,3,True
syn-0052,oof,char_swap_5,4,4,4,True
syn-0053,oof,char_swap_5,10,10,10,False
syn-0054,oof,char_swap_5,5,5,5,True
syn-0055,oof,char_swap_5,3,3,3,True
syn-0056,oof,char_swap_5,8,8,8,True
syn-0057,oof,char_swap_5,8,8,8,True
syn-0058,oof,char_swap_5,9,9,9,True
syn-0059,oof,char_swap_5,3,3,3,True
syn-0061,oof,char_swap_5,4,4,4,True
syn-0062,oof,char_swap_5,7,7,7,True
syn-0063,oof,char_swap_5,1,1,1,True
syn-0064,oof,char_swap_5,6,6,6,True
syn-0065,oof,char_swap_5,11,11,11,True
syn-0067,oof,char_swap_5,5,5,5,True
syn-0068,oof,char_swap_5,10,9,10,True
syn-0069,oof,char_swap_5,11,11,11,True
syn-0070,oof,char_swap_5,2,2,2,True
syn-0071,oof,char_swap_5,6,6,6,True
syn-0072,oof,char_swap_5,0,0,0,True
syn-0073,oof,char_swap_5,11,11,11,True
syn-0074,oof,char_swap_5,5,5,5,True
syn-0075,oof,char_swap_5,7,7,7,True
syn-0076,oof,char_swap_5,5,5,5,True
syn-0077,oof,char_swap_5,2,2,2,True
syn-0079,oof,char_swap_5,1,1,10,True
syn-0080,oof,char_swap_5,3,3,3,True
syn-0081,oof,char_swap_5,10,10,10,True
syn-0082,oof,char_swap_5,1,6,10,True
syn-0083,oof,char_swap_5,0,0,0,True
syn-0084,oof,char_swap_5,5,5,5,True
syn-0085,oof,char_swap_5,3,1,1,True
syn-0086,oof,char_swap_5,10,10,10,True
syn-0087,oof,char_swap_5,5,5,10,True
syn-0090,oof,char_swap_5,5,5,5,True
syn-0091,oof,char_swap_5,4,4,4,True
syn-0093,oof,char_swap_5,5,5,5,True
syn-0094,oof,char_swap_5,1,1,1,True
syn-0095,oof,char_swap_5,11,11,11,True
syn-0097,oof,char_swap_5,10,10,10,True
syn-0098,oof,char_swap_5,10,10,10,True
syn-0100,oof,char_swap_5,2,2,2,True
syn-0101,oof,char_swap_5,3,3,3,True
syn-0102,oof,char_swap_5,1,1,1,True
syn-0103,oof,char_swap_5,11,11,1,True
syn-0105,oof,char_swap_5,4,4,4,True
syn-0106,oof,char_swap_5,10,10,10,True
syn-0107,oof,char_swap_5,10,10,10,True
syn-0108,oof,char_swap_5,8,10,8,True
syn-0109,oof,char_swap_5,3,3,9,True
syn-0111,oof,char_swap_5,3,3,3,True
syn-0112,oof,char_swap_5,4,4,4,True
syn-0113,oof,char_swap_5,11,11,11,True
syn-0114,oof,char_swap_5,4,4,4,True
syn-0117,oof,char_swap_5,6,6,6,True
syn-0118,oof,char_swap_5,5,5,5,True
syn-0119,oof,char_swap_5,6,6,6,True
syn-0120,oof,char_swap_5,3,3,3,True
syn-0121,oof,char_swap_5,9,9,9,True
syn-0122,oof,char_swap_5,3,3,3,True
syn-0123,oof,char_swap_5,10,10,10,True
syn-0124,oof,char_swap_5,6,6,6,True
syn-0125,oof,char_swap_5,9,9,9,True
syn-0127,oof,char_swap_5,11,11,11,True
syn-0128,oof,char_swap_5,2,2,2,True
syn-0129,oof,char_swap_5,11,11,11,True
syn-0130,oof,char_swap_5,6,8,8,True
syn-0133,oof,char_swap_5,2,2,2,True
syn-0134,oof,char_swap_5,5,5,8,True
syn-0135,oof,char_swap_5,0,0,0,True
syn-0136,oof,char_swap_5,6,6,6,True
syn-0137,oof,char_swap_5,8,8,8,True
syn-0138,oof,char_swap_5,4,4,10,True
syn-0139,oof,char_swap_5,1,1,1,True
syn-0140,oof,char_swap_5,11,11,11,True
syn-0141,oof,char_swap_5,2,2,2,True
syn-0142,oof,char_swap_5,4,4,4,True
syn-0143,oof,char_swap_5,1,1,1,True
syn-0144,oof,char_swap_5,9,9,9,True
syn-0145,oof,char_swap_5,2,2,2,True
syn-0146,oof,char_swap_5,10,10,10,True
syn-0147,oof,char_swap_5,0,0,0,True
syn-0148,oof,char_swap_5,7,7,7,True
syn-0149,oof,char_swap_5,8,8,8,True
syn-0150,oof,char_swap_5,3,3,3,True
syn-0151,oof,char_swap_5,10,11,11,True
syn-0152,oof,char_swap_5,3,3,3,True
syn-0153,oof,char_swap_5,4,5,5,True
syn-0154,oof,char_swap_5,1,1,1,True
syn-0155,oof,char_swap_5,4,4,4,True
syn-0156,oof,char_swap_5,6,6,4,True
syn-0158,oof,char_swap_5,1,1,1,True
syn-0159,oof,char_swap_5,11,11,11,True
syn-0160,oof,char_swap_5,5,5,5,True
syn-0161,oof,char_swap_5,2,2,2,True
syn-0162,oof,char_swap_5,9,9,9,True
syn-0163,oof,char_swap_5,4,4,4,True
syn-0164,oof,char_swap_5,8,8,8,True
syn-0165,oof,char_swap_5,8,8,8,True
syn-0166,oof,char_swap_5,5,5,5,True
syn-0167,oof,char_swap_5,0,0,0,True
syn-0168,oof,char_swap_5,1,1,1,True
syn-0169,oof,char_swap_5,4,4,4,True
syn-0170,oof,char_swap_5,6,6,6,True
syn-0171,oof,char_swap_5,6,6,6,True
syn-0172,oof,char_swap_5,10,10,10,True
syn-0173,oof,char_swap_5,8,8,6,True
syn-0174,oof,char_swap_5,10,10,10,True
syn-0175,oof,char_swap_5,11,11,11,True
syn-0176,oof,char_swap_5,10,10,10,True
syn-0177,oof,char_swap_5,8,8,8,True
syn-0178,oof,char_swap_5,9,9,11,True
syn-0179,oof,char_swap_5,1,1,1,True
syn-0181,oof,char_swap_5,10,8,10,True
syn-0182,oof,char_swap_5,6,6,6,True
syn-0183,oof,char_swap_5,4,5,5,True
syn-0184,oof,char_swap_5,2,2,2,True
syn-0185,oof,char_swap_5,7,7,7,True
syn-0186,oof,char_swap_5,3,3,3,True
syn-0187,oof,char_swap_5,3,3,3,True
syn-0188,oof,char_swap_5,10,10,10,True
syn-0189,oof,char_swap_5,10,10,10,True
syn-0190,oof,char_swap_5,3,1,1,True
syn-0191,oof,char_swap_5,4,4,4,True
syn-0192,oof,char_swap_5,5,5,5,True
syn-0193,oof,char_swap_5,11,11,11,True
syn-0194,oof,char_swap_5,1,1,8,True
syn-0195,oof,char_swap_5,4,4,4,True
syn-0196,oof,char_swap_5,4,4,4,True
syn-0197,oof,char_swap_5,11,11,11,True
syn-0198,oof,char_swap_5,0,0,1,True
syn-0200,oof,char_swap_5,5,5,5,True
syn-0201,oof,char_swap_5,0,0,0,True
syn-0202,oof,char_swap_5,10,10,10,True
syn-0203,oof,char_swap_5,8,8,8,True
syn-0204,oof,char_swap_5,1,1,1,True
syn-0205,oof,char_swap_5,2,2,2,True
syn-0206,oof,char_swap_5,8,10,10,True
syn-0207,oof,char_swap_5,0,0,0,True
syn-0208,oof,char_swap_5,8,8,8,True
syn-0209,oof,char_swap_5,7,7,7,False
syn-0210,oof,char_swap_5,0,0,5,True
syn-0211,oof,char_swap_5,0,0,0,True
syn-0213,oof,char_swap_5,0,0,0,True
syn-0215,oof,char_swap_5,10,10,10,True
syn-0217,oof,char_swap_5,6,6,10,True
syn-0218,oof,char_swap_5,8,8,8,True
syn-0219,oof,char_swap_5,0,0,0,True
syn-0221,oof,char_swap_5,11,11,11,True
syn-0222,oof,char_swap_5,8,8,8,True
syn-0223,oof,char_swap_5,6,6,6,True
syn-0224,oof,char_swap_5,8,8,11,True
syn-0225,oof,char_swap_5,7,7,7,True
syn-0226,oof,char_swap_5,6,6,11,True
syn-0228,oof,char_swap_5,6,6,6,True
syn-0229,oof,char_swap_5,7,7,5,True
syn-0230,oof,char_swap_5,9,9,9,True
syn-0232,oof,char_swap_5,8,8,8,True
syn-0233,oof,char_swap_5,8,8,8,True
syn-0234,oof,char_swap_5,4,6,6,True
syn-0236,oof,char_swap_5,11,11,11,True
syn-0237,oof,char_swap_5,4,4,4,True
syn-0239,oof,char_swap_5,6,6,6,True
syn-0240,oof,char_swap_5,6,6,6,True
syn-0241,oof,char_swap_5,1,1,1,True
syn-0242,oof,char_swap_5,0,0,0,True
syn-0243,oof,char_swap_5,10,10,10,True
syn-0244,oof,char_swap_5,3,3,3,True
syn-0246,oof,char_swap_5,8,8,8,True
syn-0247,oof,char_swap_5,3,3,4,True
syn-0248,oof,char_swap_5,6,6,6,True
syn-0249,oof,char_swap_5,8,8,8,True
syn-0250,oof,char_swap_5,11,11,11,True
syn-0251,oof,char_swap_5,10,10,10,True
syn-0252,oof,char_swap_5,8,8,8,True
syn-0253,oof,char_swap_5,3,3,3,True
syn-0254,oof,char_swap_5,7,11,11,True
syn-0255,oof,char_swap_5,2,2,2,True
syn-0257,oof,char_swap_5,4,4,4,True
syn-0258,oof,char_swap_5,3,3,3,True
syn-0259,oof,char_swap_5,4,4,4,True
syn-0260,oof,char_swap_5,11,11,11,True
syn-0261,oof,char_swap_5,5,5,5,True
syn-0262,oof,char_swap_5,10,10,10,False
syn-0263,oof,char_swap_5,0,0,8,True
syn-0264,oof,char_swap_5,0,0,0,True
syn-0265,oof,char_swap_5,3,3,3,True
syn-0267,oof,char_swap_5,4,4,4,True
syn-0268,oof,char_swap_5,6,6,6,True
syn-0269,oof,char_swap_5,10,10,10,True
syn-0270,oof,char_swap_5,10,10,10,True
syn-0271,oof,char_swap_5,2,2,2,True
syn-0272,oof,char_swap_5,3,3,1,True
syn-0273,oof,char_swap_5,0,0,0,True
syn-0274,oof,char_swap_5,9,9,9,True
syn-0275,oof,char_swap_5,0,0,0,True
syn-0276,oof,char_swap_5,6,6,6,True
syn-0278,oof,char_swap_5,9,9,9,True
syn-0279,oof,char_swap_5,0,0,0,True
syn-0280,oof,char_swap_5,0,0,0,True
syn-0281,oof,char_swap_5,10,8,8,True
syn-0282,oof,char_swap_5,7,7,7,True
syn-0283,oof,char_swap_5,7,7,7,True
syn-0284,oof,char_swap_5,0,0,0,True
syn-0285,oof,char_swap_5,11,11,11,True
syn-0286,oof,char_swap_5,8,8,8,True
syn-0288,oof,char_swap_5,9,9,9,True
syn-0289,oof,char_swap_5,8,8,0,True
syn-0290,oof,char_swap_5,0,0,0,True
syn-0291,oof,char_swap_5,1,1,1,True
syn-0292,oof,char_swap_5,11,11,11,True
syn-0293,oof,char_swap_5,0,0,4,True
syn-0294,oof,char_swap_5,1,1,1,True
syn-0295,oof,char_swap_5,10,10,10,True
syn-0296,oof,char_swap_5,3,3,5,True
syn-0297,oof,char_swap_5,11,11,11,True
syn-0298,oof,char_swap_5,7,7,7,False
syn-0299,oof,char_swap_5,1,1,1,True
syn-0300,oof,char_swap_5,10,10,10,False
syn-0301,oof,char_swap_5,3,3,3,True
syn-0302,oof,char_swap_5,10,10,10,True
syn-0303,oof,char_swap_5,7,5,5,True
syn-0304,oof,char_swap_5,1,1,1,True
syn-0305,oof,char_swap_5,1,1,10,True
syn-0306,oof,char_swap_5,5,5,5,True
syn-0307,oof,char_swap_5,3,3,3,True
syn-0308,oof,char_swap_5,3,3,3,True
syn-0310,oof,char_swap_5,10,10,10,True
syn-0311,oof,char_swap_5,9,9,9,True
syn-0312,oof,char_swap_5,11,11,11,True
syn-0313,oof,char_swap_5,11,10,10,True
syn-0314,oof,char_swap_5,8,8,8,True
syn-0316,oof,char_swap_5,0,0,0,True
syn-0318,oof,char_swap_5,11,11,11,True
syn-0321,oof,char_swap_5,9,9,9,True
syn-0322,oof,char_swap_5,2,2,2,True
syn-0323,oof,char_swap_5,7,7,7,True
syn-0324,oof,char_swap_5,7,7,7,True
syn-0325,oof,char_swap_5,4,4,4,True
syn-0326,oof,char_swap_5,1,1,1,True
syn-0327,oof,char_swap_5,1,1,8,True
syn-0328,oof,char_swap_5,10,10,10,True
syn-0329,oof,char_swap_5,8,8,8,True
syn-0330,oof,char_swap_5,0,0,5,True
syn-0332,oof,char_swap_5,6,6,6,True
syn-0333,oof,char_swap_5,5,5,4,True
syn-0334,oof,char_swap_5,6,6,6,True
syn-0335,oof,char_swap_5,3,11,11,True
syn-0336,oof,char_swap_5,0,0,0,True
syn-0338,oof,char_swap_5,8,8,8,True
syn-0339,oof,char_swap_5,7,7,7,True
syn-0340,oof,char_swap_5,9,9,9,True
syn-0341,oof,char_swap_5,8,8,8,True
syn-0343,oof,char_swap_5,8,8,8,True
syn-0345,oof,char_swap_5,7,7,7,True
syn-0346,oof,char_swap_5,6,6,6,True
syn-0348,oof,char_swap_5,9,9,9,True
syn-0349,oof,char_swap_5,5,5,5,True
syn-0350,oof,char_swap_5,2,2,2,True
syn-0351,oof,char_swap_5,11,11,11,True
syn-0352,oof,char_swap_5,8,8,8,True
syn-0353,oof,char_swap_5,7,7,7,False
syn-0354,oof,char_swap_5,8,8,8,True
syn-0355,oof,char_swap_5,5,5,5,True
syn-0356,oof,char_swap_5,8,8,8,True
syn-0357,oof,char_swap_5,3,3,3,True
syn-0358,oof,char_swap_5,2,2,2,True
syn-0359,oof,char_swap_5,4,4,4,True
syn-0360,oof,char_swap_5,0,0,0,True
syn-0363,oof,char_swap_5,9,9,10,True
syn-0364,oof,char_swap_5,4,4,4,True
syn-0366,oof,char_swap_5,9,9,9,True
syn-0367,oof,char_swap_5,4,4,4,True
syn-0368,oof,char_swap_5,9,9,9,True
syn-0369,oof,char_swap_5,6,5,6,True
syn-0370,oof,char_swap_5,9,9,9,True
syn-0371,oof,char_swap_5,6,6,10,True
syn-0372,oof,char_swap_5,1,1,1,True
syn-0373,oof,char_swap_5,11,11,1,True
syn-0374,oof,char_swap_5,8,8,8,True
syn-0375,oof,char_swap_5,8,8,8,True
syn-0376,oof,char_swap_5,5,5,5,True
syn-0377,oof,char_swap_5,5,5,5,True
syn-0378,oof,char_swap_5,2,2,2,True
syn-0379,oof,char_swap_5,3,3,10,True
syn-0380,oof,char_swap_5,4,5,5,True
syn-0381,oof,char_swap_5,8,8,8,True
syn-0382,oof,char_swap_5,0,0,0,True
syn-0383,oof,char_swap_5,2,2,2,True
syn-0384,oof,char_swap_5,1,1,1,True
syn-0385,oof,char_swap_5,5,4,5,True
syn-0386,oof,char_swap_5,10,10,10,False
syn-0388,oof,char_swap_5,5,5,7,True
syn-0391,oof,char_swap_5,0,0,0,True
syn-0392,oof,char_swap_5,1,1,1,True
syn-0393,oof,char_swap_5,2,2,2,True
syn-0396,oof,char_swap_5,3,3,3,True
syn-0397,oof,char_swap_5,1,1,1,True
syn-0399,oof,char_swap_5,8,8,8,True
syn-0401,oof,char_swap_5,11,11,11,True
syn-0402,oof,char_swap_5,1,1,1,True
syn-0403,oof,char_swap_5,9,9,9,True
syn-0405,oof,char_swap_5,8,8,8,True
syn-0406,oof,char_swap_5,4,0,0,True
syn-0407,oof,char_swap_5,6,6,6,True
syn-0408,oof,char_swap_5,4,4,4,True
syn-0409,oof,char_swap_5,10,10,10,True
syn-0410,oof,char_swap_5,10,10,10,True
syn-0411,oof,char_swap_5,2,2,2,True
syn-0413,oof,char_swap_5,9,9,9,True
syn-0414,oof,char_swap_5,5,4,4,True
syn-0415,oof,char_swap_5,1,1,1,True
syn-0416,oof,char_swap_5,2,2,2,True
syn-0417,oof,char_swap_5,7,4,10,True
syn-0418,oof,char_swap_5,0,0,0,True
syn-0419,oof,char_swap_5,1,1,1,True
syn-0420,oof,char_swap_5,2,2,2,True
syn-0421,oof,char_swap_5,10,10,10,True
syn-0422,oof,char_swap_5,1,1,1,True
syn-0423,oof,char_swap_5,9,9,9,True
syn-0425,oof,char_swap_5,5,5,5,True
syn-0426,oof,char_swap_5,10,10,10,True
syn-0427,oof,char_swap_5,5,5,5,True
syn-0428,oof,char_swap_5,8,1,8,True
syn-0429,oof,char_swap_5,2,2,2,False
syn-0430,oof,char_swap_5,1,1,1,True
syn-0431,oof,char_swap_5,3,3,3,True
syn-0432,oof,char_swap_5,6,6,6,True
syn-0433,oof,char_swap_5,5,5,5,True
syn-0435,oof,char_swap_5,10,10,10,True
syn-0436,oof,char_swap_5,6,6,6,True
syn-0437,oof,char_swap_5,3,3,10,True
syn-0439,oof,char_swap_5,6,6,6,True
syn-0440,oof,char_swap_5,1,1,8,True
syn-0443,oof,char_swap_5,7,7,7,True
syn-0444,oof,char_swap_5,5,5,4,True
syn-0445,oof,char_swap_5,6,6,6,True
syn-0447,oof,char_swap_5,7,7,7,True
syn-0448,oof,char_swap_5,4,5,5,True
syn-0449,oof,char_swap_5,11,11,11,True
syn-0450,oof,char_swap_5,10,10,10,True
syn-0451,oof,char_swap_5,8,8,8,True
syn-0452,oof,char_swap_5,10,10,10,True
syn-0453,oof,char_swap_5,1,1,1,True
syn-0454,oof,char_swap_5,11,11,11,True
syn-0455,oof,char_swap_5,2,2,4,True
syn-0456,oof,char_swap_5,11,11,11,True
syn-0457,oof,char_swap_5,9,9,9,True
syn-0458,oof,char_swap_5,6,6,6,True
syn-0459,oof,char_swap_5,5,8,1,True
syn-0460,oof,char_swap_5,8,8,8,True
syn-0461,oof,char_swap_5,2,2,2,True
syn-0463,oof,char_swap_5,11,11,11,True
syn-0464,oof,char_swap_5,4,4,0,True
syn-0465,oof,char_swap_5,7,7,7,True
syn-0468,oof,char_swap_5,6,6,6,True
syn-0469,oof,char_swap_5,9,9,9,True
syn-0471,oof,char_swap_5,5,5,5,True
syn-0472,oof,char_swap_5,8,8,8,True
syn-0473,oof,char_swap_5,10,10,10,True
syn-0474,oof,char_swap_5,0,0,0,True
syn-0476,oof,char_swap_5,7,7,7,True
syn-0477,oof,char_swap_5,7,5,5,True
syn-0478,oof,char_swap_5,2,2,2,False
syn-0480,oof,char_swap_5,1,1,1,True
syn-0481,oof,char_swap_5,9,9,9,True
syn-0482,oof,char_swap_5,1,1,1,True
syn-0484,oof,char_swap_5,3,3,3,True
syn-0485,oof,char_swap_5,10,10,10,True
syn-0486,oof,char_swap_5,1,1,1,True
syn-0487,oof,char_swap_5,6,6,6,True
syn-0488,oof,char_swap_5,10,10,10,True
syn-0489,oof,char_swap_5,11,11,11,True
syn-0490,oof,char_swap_5,7,7,7,True
syn-0491,oof,char_swap_5,10,10,10,True
syn-0492,oof,char_swap_5,6,6,6,True
syn-0493,oof,char_swap_5,8,8,8,True
syn-0495,oof,char_swap_5,2,2,2,True
syn-0496,oof,char_swap_5,8,8,8,True
syn-0497,oof,char_swap_5,5,5,5,True
syn-0498,oof,char_swap_5,7,7,7,True
syn-0499,oof,char_swap_5,11,11,11,True
syn-0002,oof,char_drop_5,1,1,1,True
syn-0003,oof,char_drop_5,2,2,2,True
syn-0004,oof,char_drop_5,10,10,10,True
syn-0005,oof,char_drop_5,11,11,11,True
syn-0006,oof,char_drop_5,7,7,7,True
syn-0007,oof,char_drop_5,6,6,4,True
syn-0008,oof,char_drop_5,8,8,8,True
syn-0009,oof,char_drop_5,8,8,4,True
syn-0010,oof,char_drop_5,9,9,9,True
syn-0011,oof,char_drop_5,10,10,10,True
syn-0013,oof,char_drop_5,6,6,6,True
syn-0014,oof,char_drop_5,0,0,0,True
syn-0015,oof,char_drop_5,6,6,6,True
syn-0016,oof,char_drop_5,9,9,9,True
syn-0017,oof,char_drop_5,3,3,3,True
syn-0018,oof,char_drop_5,3,6,6,True
syn-0019,oof,char_drop_5,0,0,0,True
syn-0020,oof,char_drop_5,6,6,6,True
syn-0022,oof,char_drop_5,10,11,10,True
syn-0023,oof,char_drop_5,1,1,1,True
syn-0024,oof,char_drop_5,2,2,2,True
syn-0025,oof,char_drop_5,8,8,8,True
syn-0026,oof,char_drop_5,10,10,10,True
syn-0027,oof,char_drop_5,4,4,4,True
syn-0029,oof,char_drop_5,2,2,2,True
syn-0031,oof,char_drop_5,0,0,0,True
syn-0032,oof,char_drop_5,4,4,4,True
syn-0033,oof,char_drop_5,5,5,5,True
syn-0034,oof,char_drop_5,0,0,0,True
syn-0035,oof,char_drop_5,9,9,9,True
syn-0036,oof,char_drop_5,5,5,4,True
syn-0037,oof,char_drop_5,8,8,8,True
syn-0038,oof,char_drop_5,5,5,5,True
syn-0039,oof,char_drop_5,1,1,5,True
syn-0040,oof,char_drop_5,4,4,4,True
syn-0041,oof,char_drop_5,10,9,10,True
syn-0042,oof,char_drop_5,9,9,9,True
syn-0043,oof,char_drop_5,9,9,9,True
syn-0044,oof,char_drop_5,2,2,2,False
syn-0045,oof,char_drop_5,9,9,9,True
syn-0046,oof,char_drop_5,8,8,8,True
syn-0048,oof,char_drop_5,11,11,11,True
syn-0049,oof,char_drop_5,8,8,8,True
syn-0050,oof,char_drop_5,4,4,4,True
syn-0051,oof,char_drop_5,3,3,3,True
syn-0052,oof,char_drop_5,4,4,4,True
syn-0053,oof,char_drop_5,10,10,10,False
syn-0054,oof,char_drop_5,5,5,5,True
syn-0055,oof,char_drop_5,3,3,3,True
syn-0056,oof,char_drop_5,8,8,8,True
syn-0057,oof,char_drop_5,8,8,8,True
syn-0058,oof,char_drop_5,9,9,9,True
syn-0059,oof,char_drop_5,3,3,3,True
syn-0061,oof,char_drop_5,4,4,4,True
syn-0062,oof,char_drop_5,7,7,7,True
syn-0063,oof,char_drop_5,1,1,1,True
syn-0064,oof,char_drop_5,6,6,6,True
syn-0065,oof,char_drop_5,11,11,11,True
syn-0067,oof,char_drop_5,5,5,5,True
syn-0068,oof,char_drop_5,10,9,10,True
syn-0069,oof,char_drop_5,11,11,11,True
syn-0070,oof,char_drop_5,2,2,2,True
syn-0071,oof,char_drop_5,6,6,6,True
syn-0072,oof,char_drop_5,0,0,0,True
syn-0073,oof,char_drop_5,11,11,10,True
syn-0074,oof,char_drop_5,5,5,10,True
syn-0075,oof,char_drop_5,7,7,7,True
syn-0076,oof,char_drop_5,5,5,5,True
syn-0077,oof,char_drop_5,2,2,2,True
syn-0079,oof,char_drop_5,1,1,1,True
syn-0080,oof,char_drop_5,3,3,3,True
syn-0081,oof,char_drop_5,10,10,10,True
syn-0082,oof,char_drop_5,1,6,6,True
syn-0083,oof,char_drop_5,0,0,0,True
syn-0084,oof,char_drop_5,5,5,5,True
syn-0085,oof,char_drop_5,3,1,1,True
syn-0086,oof,char_drop_5,10,10,10,True
syn-0087,oof,char_drop_5,5,5,10,True
syn-0090,oof,char_drop_5,5,5,5,True
syn-0091,oof,char_drop_5,4,4,4,True
syn-0093,oof,char_drop_5,5,5,5,True
syn-0094,oof,char_drop_5,1,1,1,True
syn-0095,oof,char_drop_5,11,11,11,True
syn-0097,oof,char_drop_5,10,10,10,True
syn-0098,oof,char_drop_5,10,10,10,True
syn-0100,oof,char_drop_5,2,2,2,True
syn-0101,oof,char_drop_5,3,3,3,True
syn-0102,oof,char_drop_5,1,1,1,True
syn-0103,oof,char_drop_5,11,11,11,True
syn-0105,oof,char_drop_5,4,4,4,True
syn-0106,oof,char_drop_5,10,10,10,True
syn-0107,oof,char_drop_5,10,10,10,True
syn-0108,oof,char_drop_5,8,10,10,True
syn-0109,oof,char_drop_5,3,3,9,True
syn-0111,oof,char_drop_5,3,3,3,True
syn-0112,oof,char_drop_5,4,4,4,True
syn-0113,oof,char_drop_5,11,11,11,True
syn-0114,oof,char_drop_5,4,4,4,True
syn-0117,oof,char_drop_5,6,6,6,True
syn-0118,oof,char_drop_5,5,5,5,True
syn-0119,oof,char_drop_5,6,6,6,True
syn-0120,oof,char_drop_5,3,3,10,True
syn-0121,oof,char_drop_5,9,9,9,True
syn-0122,oof,char_drop_5,3,3,3,True
syn-0123,oof,char_drop_5,10,10,10,True
syn-0124,oof,char_drop_5,6,6,6,True
syn-0125,oof,char_drop_5,9,9,9,True
syn-0127,oof,char_drop_5,11,11,11,True
syn-0128,oof,char_drop_5,2,2,2,True
syn-0129,oof,char_drop_5,11,11,11,True
syn-0130,oof,char_drop_5,6,8,8,True
syn-0133,oof,char_drop_5,2,2,2,True
syn-0134,oof,char_drop_5,5,5,5,True
syn-0135,oof,char_drop_5,0,0,8,True
syn-0136,oof,char_drop_5,6,6,6,True
syn-0137,oof,char_drop_5,8,8,8,True
syn-0138,oof,char_drop_5,4,4,4,True
syn-0139,oof,char_drop_5,1,1,1,True
syn-0140,oof,char_drop_5,11,11,11,True
syn-0141,oof,char_drop_5,2,2,2,True
syn-0142,oof,char_drop_5,4,4,4,True
syn-0143,oof,char_drop_5,1,1,8,True
syn-0144,oof,char_drop_5,9,9,9,True
syn-0145,oof,char_drop_5,2,2,2,True
syn-0146,oof,char_drop_5,10,10,10,True
syn-0147,oof,char_drop_5,0,0,0,True
syn-0148,oof,char_drop_5,7,7,7,True
syn-0149,oof,char_drop_5,8,8,8,True
syn-0150,oof,char_drop_5,3,3,3,True
syn-0151,oof,char_drop_5,10,11,11,True
syn-0152,oof,char_drop_5,3,3,3,True
syn-0153,oof,char_drop_5,4,5,0,True
syn-0154,oof,char_drop_5,1,1,1,True
syn-0155,oof,char_drop_5,4,4,4,True
syn-0156,oof,char_drop_5,6,6,4,True
syn-0158,oof,char_drop_5,1,1,1,True
syn-0159,oof,char_drop_5,11,11,11,True
syn-0160,oof,char_drop_5,5,5,5,True
syn-0161,oof,char_drop_5,2,2,2,True
syn-0162,oof,char_drop_5,9,9,9,True
syn-0163,oof,char_drop_5,4,4,4,True
syn-0164,oof,char_drop_5,8,8,8,True
syn-0165,oof,char_drop_5,8,8,8,True
syn-0166,oof,char_drop_5,5,5,5,True
syn-0167,oof,char_drop_5,0,0,0,True
syn-0168,oof,char_drop_5,1,1,1,True
syn-0169,oof,char_drop_5,4,4,4,True
syn-0170,oof,char_drop_5,6,6,6,True
syn-0171,oof,char_drop_5,6,6,6,True
syn-0172,oof,char_drop_5,10,10,10,True
syn-0173,oof,char_drop_5,8,8,8,True
syn-0174,oof,char_drop_5,10,10,10,True
syn-0175,oof,char_drop_5,11,11,11,True
syn-0176,oof,char_drop_5,10,10,10,True
syn-0177,oof,char_drop_5,8,8,8,True
syn-0178,oof,char_drop_5,9,9,10,True
syn-0179,oof,char_drop_5,1,1,1,True
syn-0181,oof,char_drop_5,10,8,8,True
syn-0182,oof,char_drop_5,6,6,6,True
syn-0183,oof,char_drop_5,4,5,4,True
syn-0184,oof,char_drop_5,2,2,2,True
syn-0185,oof,char_drop_5,7,7,7,True
syn-0186,oof,char_drop_5,3,3,4,True
syn-0187,oof,char_drop_5,3,3,3,True
syn-0188,oof,char_drop_5,10,10,10,True
syn-0189,oof,char_drop_5,10,10,10,True
syn-0190,oof,char_drop_5,3,1,1,True
syn-0191,oof,char_drop_5,4,4,4,True
syn-0192,oof,char_drop_5,5,5,5,True
syn-0193,oof,char_drop_5,11,11,11,True
syn-0194,oof,char_drop_5,1,1,1,True
syn-0195,oof,char_drop_5,4,4,4,True
syn-0196,oof,char_drop_5,4,4,4,True
syn-0197,oof,char_drop_5,11,11,11,True
syn-0198,oof,char_drop_5,0,0,0,True
syn-0200,oof,char_drop_5,5,5,5,True
syn-0201,oof,char_drop_5,0,0,0,True
syn-0202,oof,char_drop_5,10,10,10,True
syn-0203,oof,char_drop_5,8,8,8,True
syn-0204,oof,char_drop_5,1,1,1,True
syn-0205,oof,char_drop_5,2,2,2,True
syn-0206,oof,char_drop_5,8,10,10,True
syn-0207,oof,char_drop_5,0,0,0,True
syn-0208,oof,char_drop_5,8,8,8,True
syn-0209,oof,char_drop_5,7,7,7,False
syn-0210,oof,char_drop_5,0,0,0,True
syn-0211,oof,char_drop_5,0,0,0,True
syn-0213,oof,char_drop_5,0,0,0,True
syn-0215,oof,char_drop_5,10,10,10,True
syn-0217,oof,char_drop_5,6,6,6,True
syn-0218,oof,char_drop_5,8,8,8,True
syn-0219,oof,char_drop_5,0,0,0,True
syn-0221,oof,char_drop_5,11,11,11,True
syn-0222,oof,char_drop_5,8,8,8,True
syn-0223,oof,char_drop_5,6,6,6,True
syn-0224,oof,char_drop_5,8,8,8,True
syn-0225,oof,char_drop_5,7,7,7,True
syn-0226,oof,char_drop_5,6,6,6,True
syn-0228,oof,char_drop_5,6,6,6,True
syn-0229,oof,char_drop_5,7,7,7,True
syn-0230,oof,char_drop_5,9,9,9,True
syn-0232,oof,char_drop_5,8,8,8,True
syn-0233,oof,char_drop_5,8,8,8,True
syn-0234,oof,char_drop_5,4,6,6,True
syn-0236,oof,char_drop_5,11,11,11,True
syn-0237,oof,char_drop_5,4,4,4,True
syn-0239,oof,char_drop_5,6,6,6,True
syn-0240,oof,char_drop_5,6,6,4,True
syn-0241,oof,char_drop_5,1,1,1,True
syn-0242,oof,char_drop_5,0,0,0,True
syn-0243,oof,char_drop_5,10,10,10,True
syn-0244,oof,char_drop_5,3,3,8,True
syn-0246,oof,char_drop_5,8,8,8,True
syn-0247,oof,char_drop_5,3,3,3,True
syn-0248,oof,char_drop_5,6,6,6,True
syn-0249,oof,char_drop_5,8,8,8,True
syn-0250,oof,char_drop_5,11,11,11,True
syn-0251,oof,char_drop_5,10,10,10,True
syn-0252,oof,char_drop_5,8,8,10,True
syn-0253,oof,char_drop_5,3,3,3,True
syn-0254,oof,char_drop_5,7,11,11,True
syn-0255,oof,char_drop_5,2,2,2,True
syn-0257,oof,char_drop_5,4,4,4,True
syn-0258,oof,char_drop_5,3,3,3,True
syn-0259,oof,char_drop_5,4,4,4,True
syn-0260,oof,char_drop_5,11,11,11,True
syn-0261,oof,char_drop_5,5,5,5,True
syn-0262,oof,char_drop_5,10,10,10,False
syn-0263,oof,char_drop_5,0,0,0,True
syn-0264,oof,char_drop_5,0,0,0,True
syn-0265,oof,char_drop_5,3,3,3,True
syn-0267,oof,char_drop_5,4,4,4,True
syn-0268,oof,char_drop_5,6,6,6,True
syn-0269,oof,char_drop_5,10,10,10,True
syn-0270,oof,char_drop_5,10,10,10,True
syn-0271,oof,char_drop_5,2,2,2,True
syn-0272,oof,char_drop_5,3,3,1,True
syn-0273,oof,char_drop_5,0,0,0,True
syn-0274,oof,char_drop_5,9,9,9,True
syn-0275,oof,char_drop_5,0,0,0,True
syn-0276,oof,char_drop_5,6,6,6,True
syn-0278,oof,char_drop_5,9,9,9,True
syn-0279,oof,char_drop_5,0,0,0,True
syn-0280,oof,char_drop_5,0,0,0,True
syn-0281,oof,char_drop_5,10,8,1,True
syn-0282,oof,char_drop_5,7,7,7,True
syn-0283,oof,char_drop_5,7,7,7,True
syn-0284,oof,char_drop_5,0,0,0,True
syn-0285,oof,char_drop_5,11,11,11,True
syn-0286,oof,char_drop_5,8,8,8,True
syn-0288,oof,char_drop_5,9,9,9,True
syn-0289,oof,char_drop_5,8,8,7,True
syn-0290,oof,char_drop_5,0,0,4,True
syn-0291,oof,char_drop_5,1,1,1,True
syn-0292,oof,char_drop_5,11,11,11,True
syn-0293,oof,char_drop_5,0,0,0,True
syn-0294,oof,char_drop_5,1,1,1,True
syn-0295,oof,char_drop_5,10,10,10,True
syn-0296,oof,char_drop_5,3,3,3,True
syn-0297,oof,char_drop_5,11,11,11,True
syn-0298,oof,char_drop_5,7,7,7,True
syn-0299,oof,char_drop_5,1,1,1,True
syn-0300,oof,char_drop_5,10,10,10,False
syn-0301,oof,char_drop_5,3,3,3,True
syn-0302,oof,char_drop_5,10,10,10,True
syn-0303,oof,char_drop_5,7,5,5,True
syn-0304,oof,char_drop_5,1,1,1,True
syn-0305,oof,char_drop_5,1,1,1,True
syn-0306,oof,char_drop_5,5,5,5,True
syn-0307,oof,char_drop_5,3,3,3,True
syn-0308,oof,char_drop_5,3,3,3,True
syn-0310,oof,char_drop_5,10,10,10,True
syn-0311,oof,char_drop_5,9,9,10,True
syn-0312,oof,char_drop_5,11,11,11,True
syn-0313,oof,char_drop_5,11,10,11,True
syn-0314,oof,char_drop_5,8,8,8,True
syn-0316,oof,char_drop_5,0,0,0,True
syn-0318,oof,char_drop_5,11,11,11,True
syn-0321,oof,char_drop_5,9,9,9,True
syn-0322,oof,char_drop_5,2,2,2,True
syn-0323,oof,char_drop_5,7,7,7,True
syn-0324,oof,char_drop_5,7,7,11,True
syn-0325,oof,char_drop_5,4,4,4,True
syn-0326,oof,char_drop_5,1,1,1,True
syn-0327,oof,char_drop_5,1,1,1,True
syn-0328,oof,char_drop_5,10,10,10,True
syn-0329,oof,char_drop_5,8,8,8,True
syn-0330,oof,char_drop_5,0,0,0,True
syn-0332,oof,char_drop_5,6,6,6,True
syn-0333,oof,char_drop_5,5,5,5,True
syn-0334,oof,char_drop_5,6,6,6,True
syn-0335,oof,char_drop_5,3,11,11,True
syn-0336,oof,char_drop_5,0,0,0,True
syn-0338,oof,char_drop_5,8,8,8,True
syn-0339,oof,char_drop_5,7,7,7,True
syn-0340,oof,char_drop_5,9,9,9,True
syn-0341,oof,char_drop_5,8,8,8,True
syn-0343,oof,char_drop_5,8,8,8,True
syn-0345,oof,char_drop_5,7,7,5,True
syn-0346,oof,char_drop_5,6,6,6,True
syn-0348,oof,char_drop_5,9,9,9,True
syn-0349,oof,char_drop_5,5,5,5,True
syn-0350,oof,char_drop_5,2,2,2,True
syn-0351,oof,char_drop_5,11,11,11,True
syn-0352,oof,char_drop_5,8,8,8,True
syn-0353,oof,char_drop_5,7,7,7,True
syn-0354,oof,char_drop_5,8,8,8,True
syn-0355,oof,char_drop_5,5,5,10,True
syn-0356,oof,char_drop_5,8,8,8,True
syn-0357,oof,char_drop_5,3,3,3,True
syn-0358,oof,char_drop_5,2,2,2,True
syn-0359,oof,char_drop_5,4,4,4,True
syn-0360,oof,char_drop_5,0,0,0,True
syn-0363,oof,char_drop_5,9,9,9,True
syn-0364,oof,char_drop_5,4,4,4,True
syn-0366,oof,char_drop_5,9,9,9,True
syn-0367,oof,char_drop_5,4,4,4,True
syn-0368,oof,char_drop_5,9,9,9,True
syn-0369,oof,char_drop_5,6,5,5,True
syn-0370,oof,char_drop_5,9,9,9,True
syn-0371,oof,char_drop_5,6,6,10,True
syn-0372,oof,char_drop_5,1,1,1,True
syn-0373,oof,char_drop_5,11,11,11,True
syn-0374,oof,char_drop_5,8,8,8,True
syn-0375,oof,char_drop_5,8,8,8,True
syn-0376,oof,char_drop_5,5,5,5,True
syn-0377,oof,char_drop_5,5,5,11,True
syn-0378,oof,char_drop_5,2,2,2,True
syn-0379,oof,char_drop_5,3,3,10,True
syn-0380,oof,char_drop_5,4,5,5,True
syn-0381,oof,char_drop_5,8,8,8,True
syn-0382,oof,char_drop_5,0,0,0,True
syn-0383,oof,char_drop_5,2,2,2,True
syn-0384,oof,char_drop_5,1,1,1,True
syn-0385,oof,char_drop_5,5,4,5,True
syn-0386,oof,char_drop_5,10,10,10,False
syn-0388,oof,char_drop_5,5,5,5,True
syn-0391,oof,char_drop_5,0,0,0,True
syn-0392,oof,char_drop_5,1,1,1,True
syn-0393,oof,char_drop_5,2,2,2,True
syn-0396,oof,char_drop_5,3,3,3,True
syn-0397,oof,char_drop_5,1,1,1,True
syn-0399,oof,char_drop_5,8,8,8,True
syn-0401,oof,char_drop_5,11,11,11,True
syn-0402,oof,char_drop_5,1,1,1,True
syn-0403,oof,char_drop_5,9,9,8,True
syn-0405,oof,char_drop_5,8,8,8,True
syn-0406,oof,char_drop_5,4,0,4,True
syn-0407,oof,char_drop_5,6,6,6,True
syn-0408,oof,char_drop_5,4,4,4,True
syn-0409,oof,char_drop_5,10,10,10,True
syn-0410,oof,char_drop_5,10,10,10,True
syn-0411,oof,char_drop_5,2,2,2,True
syn-0413,oof,char_drop_5,9,9,11,True
syn-0414,oof,char_drop_5,5,4,4,True
syn-0415,oof,char_drop_5,1,1,11,True
syn-0416,oof,char_drop_5,2,2,2,True
syn-0417,oof,char_drop_5,7,4,4,True
syn-0418,oof,char_drop_5,0,0,0,True
syn-0419,oof,char_drop_5,1,1,1,True
syn-0420,oof,char_drop_5,2,2,2,True
syn-0421,oof,char_drop_5,10,10,10,True
syn-0422,oof,char_drop_5,1,1,1,True
syn-0423,oof,char_drop_5,9,9,9,True
syn-0425,oof,char_drop_5,5,5,5,True
syn-0426,oof,char_drop_5,10,10,10,True
syn-0427,oof,char_drop_5,5,5,5,True
syn-0428,oof,char_drop_5,8,1,8,True
syn-0429,oof,char_drop_5,2,2,2,True
syn-0430,oof,char_drop_5,1,1,1,True
syn-0431,oof,char_drop_5,3,3,3,True
syn-0432,oof,char_drop_5,6,6,6,True
syn-0433,oof,char_drop_5,5,5,5,True
syn-0435,oof,char_drop_5,10,10,10,True
syn-0436,oof,char_drop_5,6,6,6,True
syn-0437,oof,char_drop_5,3,3,3,True
syn-0439,oof,char_drop_5,6,6,6,True
syn-0440,oof,char_drop_5,1,1,8,True
syn-0443,oof,char_drop_5,7,7,7,True
syn-0444,oof,char_drop_5,5,5,5,True
syn-0445,oof,char_drop_5,6,6,6,True
syn-0447,oof,char_drop_5,7,7,7,True
syn-0448,oof,char_drop_5,4,5,5,True
syn-0449,oof,char_drop_5,11,11,11,True
syn-0450,oof,char_drop_5,10,10,10,True
syn-0451,oof,char_drop_5,8,8,8,True
syn-0452,oof,char_drop_5,10,10,10,True
syn-0453,oof,char_drop_5,1,1,1,True
syn-0454,oof,char_drop_5,11,11,11,True
syn-0455,oof,char_drop_5,2,2,2,True
syn-0456,oof,char_drop_5,11,11,11,True
syn-0457,oof,char_drop_5,9,9,9,True
syn-0458,oof,char_drop_5,6,6,6,True
syn-0459,oof,char_drop_5,5,8,8,True
syn-0460,oof,char_drop_5,8,8,8,True
syn-0461,oof,char_drop_5,2,2,2,True
syn-0463,oof,char_drop_5,11,11,11,True
syn-0464,oof,char_drop_5,4,4,4,True
syn-0465,oof,char_drop_5,7,7,7,True
syn-0468,oof,char_drop_5,6,6,6,True
syn-0469,oof,char_drop_5,9,9,9,True
syn-0471,oof,char_drop_5,5,5,5,True
syn-0472,oof,char_drop_5,8,8,8,True
syn-0473,oof,char_drop_5,10,10,10,True
syn-0474,oof,char_drop_5,0,0,0,True
syn-0476,oof,char_drop_5,7,7,7,True
syn-0477,oof,char_drop_5,7,5,4,True
syn-0478,oof,char_drop_5,2,2,2,False
syn-0480,oof,char_drop_5,1,1,1,True
syn-0481,oof,char_drop_5,9,9,9,True
syn-0482,oof,char_drop_5,1,1,1,True
syn-0484,oof,char_drop_5,3,3,3,True
syn-0485,oof,char_drop_5,10,10,10,True
syn-0486,oof,char_drop_5,1,1,1,True
syn-0487,oof,char_drop_5,6,6,6,True
syn-0488,oof,char_drop_5,10,10,10,True
syn-0489,oof,char_drop_5,11,11,11,True
syn-0490,oof,char_drop_5,7,7,7,True
syn-0491,oof,char_drop_5,10,10,10,True
syn-0492,oof,char_drop_5,6,6,6,True
syn-0493,oof,char_drop_5,8,8,8,True
syn-0495,oof,char_drop_5,2,2,2,True
syn-0496,oof,char_drop_5,8,8,8,True
syn-0497,oof,char_drop_5,5,5,5,True
syn-0498,oof,char_drop_5,7,7,7,True
syn-0499,oof,char_drop_5,11,11,11,True
syn-0002,oof,char_insert_5,1,1,1,True
syn-0003,oof,char_insert_5,2,2,2,True
syn-0004,oof,char_insert_5,10,10,10,True
syn-0005,oof,char_insert_5,11,11,11,True
syn-0006,oof,char_insert_5,7,7,9,True
syn-0007,oof,char_insert_5,6,6,4,True
syn-0008,oof,char_insert_5,8,8,8,True
syn-0009,oof,char_insert_5,8,8,8,True
syn-0010,oof,char_insert_5,9,9,9,True
syn-0011,oof,char_insert_5,10,10,10,True
syn-0013,oof,char_insert_5,6,6,6,True
syn-0014,oof,char_insert_5,0,0,0,True
syn-0015,oof,char_insert_5,6,6,6,True
syn-0016,oof,char_insert_5,9,9,9,True
syn-0017,oof,char_insert_5,3,3,3,True
syn-0018,oof,char_insert_5,3,6,6,True
syn-0019,oof,char_insert_5,0,0,0,True
syn-0020,oof,char_insert_5,6,6,6,True
syn-0022,oof,char_insert_5,10,11,1,True
syn-0023,oof,char_insert_5,1,1,1,True
syn-0024,oof,char_insert_5,2,2,2,True
syn-0025,oof,char_insert_5,8,8,8,True
syn-0026,oof,char_insert_5,10,10,10,True
syn-0027,oof,char_insert_5,4,4,4,True
syn-0029,oof,char_insert_5,2,2,2,True
syn-0031,oof,char_insert_5,0,0,0,True
syn-0032,oof,char_insert_5,4,4,4,True
syn-0033,oof,char_insert_5,5,5,5,True
syn-0034,oof,char_insert_5,0,0,0,True
syn-0035,oof,char_insert_5,9,9,9,True
syn-0036,oof,char_insert_5,5,5,5,True
syn-0037,oof,char_insert_5,8,8,8,True
syn-0038,oof,char_insert_5,5,5,5,True
syn-0039,oof,char_insert_5,1,1,5,True
syn-0040,oof,char_insert_5,4,4,4,True
syn-0041,oof,char_insert_5,10,9,10,True
syn-0042,oof,char_insert_5,9,9,9,True
syn-0043,oof,char_insert_5,9,9,9,True
syn-0044,oof,char_insert_5,2,2,2,False
syn-0045,oof,char_insert_5,9,9,9,True
syn-0046,oof,char_insert_5,8,8,8,True
syn-0048,oof,char_insert_5,11,11,11,True
syn-0049,oof,char_insert_5,8,8,8,True
syn-0050,oof,char_insert_5,4,4,4,True
syn-0051,oof,char_insert_5,3,3,3,True
syn-0052,oof,char_insert_5,4,4,4,True
syn-0053,oof,char_insert_5,10,10,10,False
syn-0054,oof,char_insert_5,5,5,5,True
syn-0055,oof,char_insert_5,3,3,3,True
syn-0056,oof,char_insert_5,8,8,8,True
syn-0057,oof,char_insert_5,8,8,8,True
syn-0058,oof,char_insert_5,9,9,9,True
syn-0059,oof,char_insert_5,3,3,3,True
syn-0061,oof,char_insert_5,4,4,4,True
syn-0062,oof,char_insert_5,7,7,7,True
syn-0063,oof,char_insert_5,1,1,1,True
syn-0064,oof,char_insert_5,6,6,6,True
syn-0065,oof,char_insert_5,11,11,11,True
syn-0067,oof,char_insert_5,5,5,5,True
syn-0068,oof,char_insert_5,10,9,10,True
syn-0069,oof,char_insert_5,11,11,11,True
syn-0070,oof,char_insert_5,2,2,2,True
syn-0071,oof,char_insert_5,6,6,6,True
syn-0072,oof,char_insert_5,0,0,0,True
syn-0073,oof,char_insert_5,11,11,11,True
syn-0074,oof,char_insert_5,5,5,5,True
syn-0075,oof,char_insert_5,7,7,7,True
syn-0076,oof,char_insert_5,5,5,5,True
syn-0077,oof,char_insert_5,2,2,2,True
syn-0079,oof,char_insert_5,1,1,1,True
syn-0080,oof,char_insert_5,3,3,3,True
syn-0081,oof,char_insert_5,10,10,10,True
syn-0082,oof,char_insert_5,1,6,6,True
syn-0083,oof,char_insert_5,0,0,0,True
syn-0084,oof,char_insert_5,5,5,5,True
syn-0085,oof,char_insert_5,3,1,1,True
syn-0086,oof,char_insert_5,10,10,10,True
syn-0087,oof,char_insert_5,5,5,5,True
syn-0090,oof,char_insert_5,5,5,5,True
syn-0091,oof,char_insert_5,4,4,4,True
syn-0093,oof,char_insert_5,5,5,5,True
syn-0094,oof,char_insert_5,1,1,1,True
syn-0095,oof,char_insert_5,11,11,11,True
syn-0097,oof,char_insert_5,10,10,10,True
syn-0098,oof,char_insert_5,10,10,10,True
syn-0100,oof,char_insert_5,2,2,2,True
syn-0101,oof,char_insert_5,3,3,3,True
syn-0102,oof,char_insert_5,1,1,1,True
syn-0103,oof,char_insert_5,11,11,11,True
syn-0105,oof,char_insert_5,4,4,4,True
syn-0106,oof,char_insert_5,10,10,10,True
syn-0107,oof,char_insert_5,10,10,10,True
syn-0108,oof,char_insert_5,8,10,10,True
syn-0109,oof,char_insert_5,3,3,9,True
syn-0111,oof,char_insert_5,3,3,3,True
syn-0112,oof,char_insert_5,4,4,4,True
syn-0113,oof,char_insert_5,11,11,11,True
syn-0114,oof,char_insert_5,4,4,4,True
syn-0117,oof,char_insert_5,6,6,6,True
syn-0118,oof,char_insert_5,5,5,4,True
syn-0119,oof,char_insert_5,6,6,11,True
syn-0120,oof,char_insert_5,3,3,3,True
syn-0121,oof,char_insert_5,9,9,9,True
syn-0122,oof,char_insert_5,3,3,3,True
syn-0123,oof,char_insert_5,10,10,10,True
syn-0124,oof,char_insert_5,6,6,6,True
syn-0125,oof,char_insert_5,9,9,9,True
syn-0127,oof,char_insert_5,11,11,11,True
syn-0128,oof,char_insert_5,2,2,2,True
syn-0129,oof,char_insert_5,11,11,11,True
syn-0130,oof,char_insert_5,6,8,8,True
syn-0133,oof,char_insert_5,2,2,2,True
syn-0134,oof,char_insert_5,5,5,5,True
syn-0135,oof,char_insert_5,0,0,0,True
syn-0136,oof,char_insert_5,6,6,6,True
syn-0137,oof,char_insert_5,8,8,8,True
syn-0138,oof,char_insert_5,4,4,10,True
syn-0139,oof,char_insert_5,1,1,1,True
syn-0140,oof,char_insert_5,11,11,11,True
syn-0141,oof,char_insert_5,2,2,2,True
syn-0142,oof,char_insert_5,4,4,4,True
syn-0143,oof,char_insert_5,1,1,8,True
syn-0144,oof,char_insert_5,9,9,9,True
syn-0145,oof,char_insert_5,2,2,2,True
syn-0146,oof,char_insert_5,10,10,10,True
syn-0147,oof,char_insert_5,0,0,0,True
syn-0148,oof,char_insert_5,7,7,7,True
syn-0149,oof,char_insert_5,8,8,8,True
syn-0150,oof,char_insert_5,3,3,1,True
syn-0151,oof,char_insert_5,10,11,10,True
syn-0152,oof,char_insert_5,3,3,3,True
syn-0153,oof,char_insert_5,4,5,5,True
syn-0154,oof,char_insert_5,1,1,1,True
syn-0155,oof,char_insert_5,4,4,4,True
syn-0156,oof,char_insert_5,6,6,10,True
syn-0158,oof,char_insert_5,1,1,1,True
syn-0159,oof,char_insert_5,11,11,11,True
syn-0160,oof,char_insert_5,5,5,5,True
syn-0161,oof,char_insert_5,2,2,2,True
syn-0162,oof,char_insert_5,9,9,9,True
syn-0163,oof,char_insert_5,4,4,4,True
syn-0164,oof,char_insert_5,8,8,8,True
syn-0165,oof,char_insert_5,8,8,8,True
syn-0166,oof,char_insert_5,5,5,5,True
syn-0167,oof,char_insert_5,0,0,0,True
syn-0168,oof,char_insert_5,1,1,1,True
syn-0169,oof,char_insert_5,4,4,4,True
syn-0170,oof,char_insert_5,6,6,6,True
syn-0171,oof,char_insert_5,6,6,8,True
syn-0172,oof,char_insert_5,10,10,10,True
syn-0173,oof,char_insert_5,8,8,8,True
syn-0174,oof,char_insert_5,10,10,10,True
syn-0175,oof,char_insert_5,11,11,11,True
syn-0176,oof,char_insert_5,10,10,10,True
syn-0177,oof,char_insert_5,8,8,8,True
syn-0178,oof,char_insert_5,9,9,9,True
syn-0179,oof,char_insert_5,1,1,1,True
syn-0181,oof,char_insert_5,10,8,8,True
syn-0182,oof,char_insert_5,6,6,6,True
syn-0183,oof,char_insert_5,4,5,4,True
syn-0184,oof,char_insert_5,2,2,2,True
syn-0185,oof,char_insert_5,7,7,11,True
syn-0186,oof,char_insert_5,3,3,3,True
syn-0187,oof,char_insert_5,3,3,3,True
syn-0188,oof,char_insert_5,10,10,10,True
syn-0189,oof,char_insert_5,10,10,10,True
syn-0190,oof,char_insert_5,3,1,1,True
syn-0191,oof,char_insert_5,4,4,4,True
syn-0192,oof,char_insert_5,5,5,5,True
syn-0193,oof,char_insert_5,11,11,11,True
syn-0194,oof,char_insert_5,1,1,8,True
syn-0195,oof,char_insert_5,4,4,5,True
syn-0196,oof,char_insert_5,4,4,4,True
syn-0197,oof,char_insert_5,11,11,11,True
syn-0198,oof,char_insert_5,0,0,4,True
syn-0200,oof,char_insert_5,5,5,5,True
syn-0201,oof,char_insert_5,0,0,0,True
syn-0202,oof,char_insert_5,10,10,10,True
syn-0203,oof,char_insert_5,8,8,8,True
syn-0204,oof,char_insert_5,1,1,1,True
syn-0205,oof,char_insert_5,2,2,2,True
syn-0206,oof,char_insert_5,8,10,10,True
syn-0207,oof,char_insert_5,0,0,8,True
syn-0208,oof,char_insert_5,8,8,8,True
syn-0209,oof,char_insert_5,7,7,7,False
syn-0210,oof,char_insert_5,0,0,0,True
syn-0211,oof,char_insert_5,0,0,0,True
syn-0213,oof,char_insert_5,0,0,0,True
syn-0215,oof,char_insert_5,10,10,10,True
syn-0217,oof,char_insert_5,6,6,6,True
syn-0218,oof,char_insert_5,8,8,8,True
syn-0219,oof,char_insert_5,0,0,0,True
syn-0221,oof,char_insert_5,11,11,11,True
syn-0222,oof,char_insert_5,8,8,8,True
syn-0223,oof,char_insert_5,6,6,6,True
syn-0224,oof,char_insert_5,8,8,8,True
syn-0225,oof,char_insert_5,7,7,7,True
syn-0226,oof,char_insert_5,6,6,6,True
syn-0228,oof,char_insert_5,6,6,6,True
syn-0229,oof,char_insert_5,7,7,7,True
syn-0230,oof,char_insert_5,9,9,9,True
syn-0232,oof,char_insert_5,8,8,8,True
syn-0233,oof,char_insert_5,8,8,8,True
syn-0234,oof,char_insert_5,4,6,6,True
syn-0236,oof,char_insert_5,11,11,11,True
syn-0237,oof,char_insert_5,4,4,4,True
syn-0239,oof,char_insert_5,6,6,6,True
syn-0240,oof,char_insert_5,6,6,6,True
syn-0241,oof,char_insert_5,1,1,4,True
syn-0242,oof,char_insert_5,0,0,8,True
syn-0243,oof,char_insert_5,10,10,10,True
syn-0244,oof,char_insert_5,3,3,4,True
syn-0246,oof,char_insert_5,8,8,8,True
syn-0247,oof,char_insert_5,3,3,3,True
syn-0248,oof,char_insert_5,6,6,6,True
syn-0249,oof,char_insert_5,8,8,8,True
syn-0250,oof,char_insert_5,11,11,11,True
syn-0251,oof,char_insert_5,10,10,10,True
syn-0252,oof,char_insert_5,8,8,8,True
syn-0253,oof,char_insert_5,3,3,3,True
syn-0254,oof,char_insert_5,7,11,11,True
syn-0255,oof,char_insert_5,2,2,2,True
syn-0257,oof,char_insert_5,4,4,4,True
syn-0258,oof,char_insert_5,3,3,3,True
syn-0259,oof,char_insert_5,4,4,4,True
syn-0260,oof,char_insert_5,11,11,11,True
syn-0261,oof,char_insert_5,5,5,5,True
syn-0262,oof,char_insert_5,10,10,10,False
syn-0263,oof,char_insert_5,0,0,0,True
syn-0264,oof,char_insert_5,0,0,0,True
syn-0265,oof,char_insert_5,3,3,3,True
syn-0267,oof,char_insert_5,4,4,0,True
syn-0268,oof,char_insert_5,6,6,6,True
syn-0269,oof,char_insert_5,10,10,10,True
syn-0270,oof,char_insert_5,10,10,10,True
syn-0271,oof,char_insert_5,2,2,2,True
syn-0272,oof,char_insert_5,3,3,4,True
syn-0273,oof,char_insert_5,0,0,0,True
syn-0274,oof,char_insert_5,9,9,9,True
syn-0275,oof,char_insert_5,0,0,0,True
syn-0276,oof,char_insert_5,6,6,6,True
syn-0278,oof,char_insert_5,9,9,9,True
syn-0279,oof,char_insert_5,0,0,0,True
syn-0280,oof,char_insert_5,0,0,0,True
syn-0281,oof,char_insert_5,10,8,10,True
syn-0282,oof,char_insert_5,7,7,7,True
syn-0283,oof,char_insert_5,7,7,7,True
syn-0284,oof,char_insert_5,0,0,0,True
syn-0285,oof,char_insert_5,11,11,10,True
syn-0286,oof,char_insert_5,8,8,8,True
syn-0288,oof,char_insert_5,9,9,9,True
syn-0289,oof,char_insert_5,8,8,8,True
syn-0290,oof,char_insert_5,0,0,4,True
syn-0291,oof,char_insert_5,1,1,1,True
syn-0292,oof,char_insert_5,11,11,11,True
syn-0293,oof,char_insert_5,0,0,0,True
syn-0294,oof,char_insert_5,1,1,1,True
syn-0295,oof,char_insert_5,10,10,10,True
syn-0296,oof,char_insert_5,3,3,3,True
syn-0297,oof,char_insert_5,11,11,11,True
syn-0298,oof,char_insert_5,7,7,7,True
syn-0299,oof,char_insert_5,1,1,1,True
syn-0300,oof,char_insert_5,10,10,10,False
syn-0301,oof,char_insert_5,3,3,4,True
syn-0302,oof,char_insert_5,10,10,10,True
syn-0303,oof,char_insert_5,7,5,5,True
syn-0304,oof,char_insert_5,1,1,1,True
syn-0305,oof,char_insert_5,1,1,1,True
syn-0306,oof,char_insert_5,5,5,5,True
syn-0307,oof,char_insert_5,3,3,10,True
syn-0308,oof,char_insert_5,3,3,3,True
syn-0310,oof,char_insert_5,10,10,10,True
syn-0311,oof,char_insert_5,9,9,10,True
syn-0312,oof,char_insert_5,11,11,11,True
syn-0313,oof,char_insert_5,11,10,10,True
syn-0314,oof,char_insert_5,8,8,8,True
syn-0316,oof,char_insert_5,0,0,0,True
syn-0318,oof,char_insert_5,11,11,11,True
syn-0321,oof,char_insert_5,9,9,9,True
syn-0322,oof,char_insert_5,2,2,2,True
syn-0323,oof,char_insert_5,7,7,7,True
syn-0324,oof,char_insert_5,7,7,7,True
syn-0325,oof,char_insert_5,4,4,4,True
syn-0326,oof,char_insert_5,1,1,1,True
syn-0327,oof,char_insert_5,1,1,1,True
syn-0328,oof,char_insert_5,10,10,10,True
syn-0329,oof,char_insert_5,8,8,8,True
syn-0330,oof,char_insert_5,0,0,0,True
syn-0332,oof,char_insert_5,6,6,6,True
syn-0333,oof,char_insert_5,5,5,4,True
syn-0334,oof,char_insert_5,6,6,6,True
syn-0335,oof,char_insert_5,3,11,11,True
syn-0336,oof,char_insert_5,0,0,0,True
syn-0338,oof,char_insert_5,8,8,8,True
syn-0339,oof,char_insert_5,7,7,5,True
syn-0340,oof,char_insert_5,9,9,9,True
syn-0341,oof,char_insert_5,8,8,8,True
syn-0343,oof,char_insert_5,8,8,8,True
syn-0345,oof,char_insert_5,7,7,7,True
syn-0346,oof,char_insert_5,6,6,6,True
syn-0348,oof,char_insert_5,9,9,9,True
syn-0349,oof,char_insert_5,5,5,5,True
syn-0350,oof,char_insert_5,2,2,2,True
syn-0351,oof,char_insert_5,11,11,11,True
syn-0352,oof,char_insert_5,8,8,8,True
syn-0353,oof,char_insert_5,7,7,7,True
syn-0354,oof,char_insert_5,8,8,8,True
syn-0355,oof,char_insert_5,5,5,5,True
syn-0356,oof,char_insert_5,8,8,8,True
syn-0357,oof,char_insert_5,3,3,3,True
syn-0358,oof,char_insert_5,2,2,11,True
syn-0359,oof,char_insert_5,4,4,4,True
syn-0360,oof,char_insert_5,0,0,0,True
syn-0363,oof,char_insert_5,9,9,9,True
syn-0364,oof,char_insert_5,4,4,4,True
syn-0366,oof,char_insert_5,9,9,9,True
syn-0367,oof,char_insert_5,4,4,4,True
syn-0368,oof,char_insert_5,9,9,9,True
syn-0369,oof,char_insert_5,6,5,6,True
syn-0370,oof,char_insert_5,9,9,9,True
syn-0371,oof,char_insert_5,6,6,6,True
syn-0372,oof,char_insert_5,1,1,1,True
syn-0373,oof,char_insert_5,11,11,11,True
syn-0374,oof,char_insert_5,8,8,8,True
syn-0375,oof,char_insert_5,8,8,8,True
syn-0376,oof,char_insert_5,5,5,5,True
syn-0377,oof,char_insert_5,5,5,5,True
syn-0378,oof,char_insert_5,2,2,2,True
syn-0379,oof,char_insert_5,3,3,10,True
syn-0380,oof,char_insert_5,4,5,4,True
syn-0381,oof,char_insert_5,8,8,8,True
syn-0382,oof,char_insert_5,0,0,0,True
syn-0383,oof,char_insert_5,2,2,2,True
syn-0384,oof,char_insert_5,1,1,1,True
syn-0385,oof,char_insert_5,5,4,5,True
syn-0386,oof,char_insert_5,10,10,10,False
syn-0388,oof,char_insert_5,5,5,5,True
syn-0391,oof,char_insert_5,0,0,0,True
syn-0392,oof,char_insert_5,1,1,1,True
syn-0393,oof,char_insert_5,2,2,2,True
syn-0396,oof,char_insert_5,3,3,3,True
syn-0397,oof,char_insert_5,1,1,1,True
syn-0399,oof,char_insert_5,8,8,8,True
syn-0401,oof,char_insert_5,11,11,11,True
syn-0402,oof,char_insert_5,1,1,1,True
syn-0403,oof,char_insert_5,9,9,9,True
syn-0405,oof,char_insert_5,8,8,8,True
syn-0406,oof,char_insert_5,4,0,0,True
syn-0407,oof,char_insert_5,6,6,6,True
syn-0408,oof,char_insert_5,4,4,4,True
syn-0409,oof,char_insert_5,10,10,10,True
syn-0410,oof,char_insert_5,10,10,10,True
syn-0411,oof,char_insert_5,2,2,2,True
syn-0413,oof,char_insert_5,9,9,9,True
syn-0414,oof,char_insert_5,5,4,4,True
syn-0415,oof,char_insert_5,1,1,1,True
syn-0416,oof,char_insert_5,2,2,2,True
syn-0417,oof,char_insert_5,7,4,4,True
syn-0418,oof,char_insert_5,0,0,0,True
syn-0419,oof,char_insert_5,1,1,1,True
syn-0420,oof,char_insert_5,2,2,2,True
syn-0421,oof,char_insert_5,10,10,10,True
syn-0422,oof,char_insert_5,1,1,1,True
syn-0423,oof,char_insert_5,9,9,9,True
syn-0425,oof,char_insert_5,5,5,4,True
syn-0426,oof,char_insert_5,10,10,10,True
syn-0427,oof,char_insert_5,5,5,4,True
syn-0428,oof,char_insert_5,8,1,8,True
syn-0429,oof,char_insert_5,2,2,2,True
syn-0430,oof,char_insert_5,1,1,1,True
syn-0431,oof,char_insert_5,3,3,3,True
syn-0432,oof,char_insert_5,6,6,10,True
syn-0433,oof,char_insert_5,5,5,5,True
syn-0435,oof,char_insert_5,10,10,10,True
syn-0436,oof,char_insert_5,6,6,6,True
syn-0437,oof,char_insert_5,3,3,10,True
syn-0439,oof,char_insert_5,6,6,6,True
syn-0440,oof,char_insert_5,1,1,1,True
syn-0443,oof,char_insert_5,7,7,7,True
syn-0444,oof,char_insert_5,5,5,5,True
syn-0445,oof,char_insert_5,6,6,6,True
syn-0447,oof,char_insert_5,7,7,7,True
syn-0448,oof,char_insert_5,4,5,5,True
syn-0449,oof,char_insert_5,11,11,11,True
syn-0450,oof,char_insert_5,10,10,10,True
syn-0451,oof,char_insert_5,8,8,8,True
syn-0452,oof,char_insert_5,10,10,10,True
syn-0453,oof,char_insert_5,1,1,1,True
syn-0454,oof,char_insert_5,11,11,11,True
syn-0455,oof,char_insert_5,2,2,2,True
syn-0456,oof,char_insert_5,11,11,11,True
syn-0457,oof,char_insert_5,9,9,9,True
syn-0458,oof,char_insert_5,6,6,6,True
syn-0459,oof,char_insert_5,5,8,8,True
syn-0460,oof,char_insert_5,8,8,8,True
syn-0461,oof,char_insert_5,2,2,2,True
syn-0463,oof,char_insert_5,11,11,11,True
syn-0464,oof,char_insert_5,4,4,4,True
syn-0465,oof,char_insert_5,7,7,7,True
syn-0468,oof,char_insert_5,6,6,6,True
syn-0469,oof,char_insert_5,9,9,9,True
syn-0471,oof,char_insert_5,5,5,11,True
syn-0472,oof,char_insert_5,8,8,8,True
syn-0473,oof,char_insert_5,10,10,10,True
syn-0474,oof,char_insert_5,0,0,0,True
syn-0476,oof,char_insert_5,7,7,7,True
syn-0477,oof,char_insert_5,7,5,7,True
syn-0478,oof,char_insert_5,2,2,2,False
syn-0480,oof,char_insert_5,1,1,1,True
syn-0481,oof,char_insert_5,9,9,9,True
syn-0482,oof,char_insert_5,1,1,1,True
syn-0484,oof,char_insert_5,3,3,3,True
syn-0485,oof,char_insert_5,10,10,10,True
syn-0486,oof,char_insert_5,1,1,1,True
syn-0487,oof,char_insert_5,6,6,6,True
syn-0488,oof,char_insert_5,10,10,10,True
syn-0489,oof,char_insert_5,11,11,11,True
syn-0490,oof,char_insert_5,7,7,7,True
syn-0491,oof,char_insert_5,10,10,10,True
syn-0492,oof,char_insert_5,6,6,6,True
syn-0493,oof,char_insert_5,8,8,8,True
syn-0495,oof,char_insert_5,2,2,2,True
syn-0496,oof,char_insert_5,8,8,8,True
syn-0497,oof,char_insert_5,5,5,8,True
syn-0498,oof,char_insert_5,7,7,7,True
syn-0499,oof,char_insert_5,11,11,11,True
syn-0002,oof,char_mixed_5,1,1,1,True
syn-0003,oof,char_mixed_5,2,2,2,True
syn-0004,oof,char_mixed_5,10,10,10,True
syn-0005,oof,char_mixed_5,11,11,11,True
syn-0006,oof,char_mixed_5,7,7,7,True
syn-0007,oof,char_mixed_5,6,6,6,True
syn-0008,oof,char_mixed_5,8,8,8,True
syn-0009,oof,char_mixed_5,8,8,8,True
syn-0010,oof,char_mixed_5,9,9,9,True
syn-0011,oof,char_mixed_5,10,10,10,True
syn-0013,oof,char_mixed_5,6,6,6,True
syn-0014,oof,char_mixed_5,0,0,0,True
syn-0015,oof,char_mixed_5,6,6,6,True
syn-0016,oof,char_mixed_5,9,9,9,True
syn-0017,oof,char_mixed_5,3,3,3,True
syn-0018,oof,char_mixed_5,3,6,6,True
syn-0019,oof,char_mixed_5,0,0,0,True
syn-0020,oof,char_mixed_5,6,6,6,True
syn-0022,oof,char_mixed_5,10,11,10,True
syn-0023,oof,char_mixed_5,1,1,1,True
syn-0024,oof,char_mixed_5,2,2,2,True
syn-0025,oof,char_mixed_5,8,8,8,True
syn-0026,oof,char_mixed_5,10,10,10,True
syn-0027,oof,char_mixed_5,4,4,4,True
syn-0029,oof,char_mixed_5,2,2,2,True
syn-0031,oof,char_mixed_5,0,0,0,True
syn-0032,oof,char_mixed_5,4,4,4,True
syn-0033,oof,char_mixed_5,5,5,5,True
syn-0034,oof,char_mixed_5,0,0,0,True
syn-0035,oof,char_mixed_5,9,9,10,True
syn-0036,oof,char_mixed_5,5,5,5,True
syn-0037,oof,char_mixed_5,8,8,8,True
syn-0038,oof,char_mixed_5,5,5,5,True
syn-0039,oof,char_mixed_5,1,1,1,True
syn-0040,oof,char_mixed_5,4,4,4,True
syn-0041,oof,char_mixed_5,10,9,10,True
syn-0042,oof,char_mixed_5,9,9,9,True
syn-0043,oof,char_mixed_5,9,9,9,True
syn-0044,oof,char_mixed_5,2,2,2,False
syn-0045,oof,char_mixed_5,9,9,10,True
syn-0046,oof,char_mixed_5,8,8,8,True
syn-0048,oof,char_mixed_5,11,11,11,True
syn-0049,oof,char_mixed_5,8,8,8,True
syn-0050,oof,char_mixed_5,4,4,4,True
syn-0051,oof,char_mixed_5,3,3,3,True
syn-0052,oof,char_mixed_5,4,4,4,True
syn-0053,oof,char_mixed_5,10,10,10,False
syn-0054,oof,char_mixed_5,5,5,5,True
syn-0055,oof,char_mixed_5,3,3,3,True
syn-0056,oof,char_mixed_5,8,8,8,True
syn-0057,oof,char_mixed_5,8,8,8,True
syn-0058,oof,char_mixed_5,9,9,9,True
syn-0059,oof,char_mixed_5,3,3,3,True
syn-0061,oof,char_mixed_5,4,4,4,True
syn-0062,oof,char_mixed_5,7,7,7,True
syn-0063,oof,char_mixed_5,1,1,10,True
syn-0064,oof,char_mixed_5,6,6,10,True
syn-0065,oof,char_mixed_5,11,11,11,True
syn-0067,oof,char_mixed_5,5,5,5,True
syn-0068,oof,char_mixed_5,10,9,10,True
syn-0069,oof,char_mixed_5,11,11,11,True
syn-0070,oof,char_mixed_5,2,2,2,True
syn-0071,oof,char_mixed_5,6,6,6,True
syn-0072,oof,char_mixed_5,0,0,0,True
syn-0073,oof,char_mixed_5,11,11,11,True
syn-0074,oof,char_mixed_5,5,5,5,True
syn-0075,oof,char_mixed_5,7,7,7,True
syn-0076,oof,char_mixed_5,5,5,5,True
syn-0077,oof,char_mixed_5,2,2,2,True
syn-0079,oof,char_mixed_5,1,1,1,True
syn-0080,oof,char_mixed_5,3,3,3,True
syn-0081,oof,char_mixed_5,10,10,10,True
syn-0082,oof,char_mixed_5,1,6,1,True
syn-0083,oof,char_mixed_5,0,0,0,True
syn-0084,oof,char_mixed_5,5,5,5,True
syn-0085,oof,char_mixed_5,3,1,1,True
syn-0086,oof,char_mixed_5,10,10,10,True
syn-0087,oof,char_mixed_5,5,5,8,True
syn-0090,oof,char_mixed_5,5,5,4,True
syn-0091,oof,char_mixed_5,4,4,4,True
syn-0093,oof,char_mixed_5,5,5,5,True
syn-0094,oof,char_mixed_5,1,1,1,True
syn-0095,oof,char_mixed_5,11,11,11,True
syn-0097,oof,char_mixed_5,10,10,10,True
syn-0098,oof,char_mixed_5,10,10,10,True
syn-0100,oof,char_mixed_5,2,2,2,True
syn-0101,oof,char_mixed_5,3,3,3,True
syn-0102,oof,char_mixed_5,1,1,1,True
syn-0103,oof,char_mixed_5,11,11,1,True
syn-0105,oof,char_mixed_5,4,4,4,True
syn-0106,oof,char_mixed_5,10,10,10,True
syn-0107,oof,char_mixed_5,10,10,10,True
syn-0108,oof,char_mixed_5,8,10,10,True
syn-0109,oof,char_mixed_5,3,3,9,True
syn-0111,oof,char_mixed_5,3,3,3,True
syn-0112,oof,char_mixed_5,4,4,4,True
syn-0113,oof,char_mixed_5,11,11,11,True
syn-0114,oof,char_mixed_5,4,4,4,True
syn-0117,oof,char_mixed_5,6,6,6,True
syn-0118,oof,char_mixed_5,5,5,5,True
syn-0119,oof,char_mixed_5,6,6,6,True
syn-0120,oof,char_mixed_5,3,3,10,True
syn-0121,oof,char_mixed_5,9,9,9,True
syn-0122,oof,char_mixed_5,3,3,3,True
syn-0123,oof,char_mixed_5,10,10,10,True
syn-0124,oof,char_mixed_5,6,6,6,True
syn-0125,oof,char_mixed_5,9,9,9,True
syn-0127,oof,char_mixed_5,11,11,11,True
syn-0128,oof,char_mixed_5,2,2,2,True
syn-0129,oof,char_mixed_5,11,11,11,True
syn-0130,oof,char_mixed_5,6,8,8,True
syn-0133,oof,char_mixed_5,2,2,2,True
syn-0134,oof,char_mixed_5,5,5,8,True
syn-0135,oof,char_mixed_5,0,0,0,True
syn-0136,oof,char_mixed_5,6,6,6,True
syn-0137,oof,char_mixed_5,8,8,8,True
syn-0138,oof,char_mixed_5,4,4,4,True
syn-0139,oof,char_mixed_5,1,1,1,True
syn-0140,oof,char_mixed_5,11,11,11,True
syn-0141,oof,char_mixed_5,2,2,2,True
syn-0142,oof,char_mixed_5,4,4,4,True
syn-0143,oof,char_mixed_5,1,1,1,True
syn-0144,oof,char_mixed_5,9,9,9,True
syn-0145,oof,char_mixed_5,2,2,2,True
syn-0146,oof,char_mixed_5,10,10,10,True
syn-0147,oof,char_mixed_5,0,0,0,True
syn-0148,oof,char_mixed_5,7,7,7,True
syn-0149,oof,char_mixed_5,8,8,8,True
syn-0150,oof,char_mixed_5,3,3,1,True
syn-0151,oof,char_mixed_5,10,11,10,True
syn-0152,oof,char_mixed_5,3,3,3,True
syn-0153,oof,char_mixed_5,4,5,5,True
syn-0154,oof,char_mixed_5,1,1,1,True
syn-0155,oof,char_mixed_5,4,4,4,True
syn-0156,oof,char_mixed_5,6,6,6,True
syn-0158,oof,char_mixed_5,1,1,1,True
syn-0159,oof,char_mixed_5,11,11,11,True
syn-0160,oof,char_mixed_5,5,5,5,True
syn-0161,oof,char_mixed_5,2,2,2,True
syn-0162,oof,char_mixed_5,9,9,9,True
syn-0163,oof,char_mixed_5,4,4,4,True
syn-0164,oof,char_mixed_5,8,8,8,True
syn-0165,oof,char_mixed_5,8,8,8,True
syn-0166,oof,char_mixed_5,5,5,5,True
syn-0167,oof,char_mixed_5,0,0,0,True
syn-0168,oof,char_mixed_5,1,1,1,True
syn-0169,oof,char_mixed_5,4,4,4,True
syn-0170,oof,char_mixed_5,6,6,6,True
syn-0171,oof,char_mixed_5,6,6,6,True
syn-0172,oof,char_mixed_5,10,10,10,True
syn-0173,oof,char_mixed_5,8,8,8,True
syn-0174,oof,char_mixed_5,10,10,10,True
syn-0175,oof,char_mixed_5,11,11,11,True
syn-0176,oof,char_mixed_5,10,10,10,True
syn-0177,oof,char_mixed_5,8,8,8,True
syn-0178,oof,char_mixed_5,9,9,11,True
syn-0179,oof,char_mixed_5,1,1,1,True
syn-0181,oof,char_mixed_5,10,8,8,True
syn-0182,oof,char_mixed_5,6,6,6,True
syn-0183,oof,char_mixed_5,4,5,5,True
syn-0184,oof,char_mixed_5,2,2,2,True
syn-0185,oof,char_mixed_5,7,7,7,True
syn-0186,oof,char_mixed_5,3,3,3,True
syn-0187,oof,char_mixed_5,3,3,3,True
syn-0188,oof,char_mixed_5,10,10,10,True
syn-0189,oof,char_mixed_5,10,10,10,True
syn-0190,oof,char_mixed_5,3,1,1,True
syn-0191,oof,char_mixed_5,4,4,4,True
syn-0192,oof,char_mixed_5,5,5,5,True
syn-0193,oof,char_mixed_5,11,11,11,True
syn-0194,oof,char_mixed_5,1,1,1,True
syn-0195,oof,char_mixed_5,4,4,5,True
syn-0196,oof,char_mixed_5,4,4,4,True
syn-0197,oof,char_mixed_5,11,11,11,True
syn-0198,oof,char_mixed_5,0,0,0,True
syn-0200,oof,char_mixed_5,5,5,5,True
syn-0201,oof,char_mixed_5,0,0,0,True
syn-0202,oof,char_mixed_5,10,10,10,True
syn-0203,oof,char_mixed_5,8,8,8,True
syn-0204,oof,char_mixed_5,1,1,1,True
syn-0205,oof,char_mixed_5,2,2,2,True
syn-0206,oof,char_mixed_5,8,10,10,True
syn-0207,oof,char_mixed_5,0,0,0,True
syn-0208,oof,char_mixed_5,8,8,8,True
syn-0209,oof,char_mixed_5,7,7,7,False
syn-0210,oof,char_mixed_5,0,0,0,True
syn-0211,oof,char_mixed_5,0,0,0,True
syn-0213,oof,char_mixed_5,0,0,0,True
syn-0215,oof,char_mixed_5,10,10,10,True
syn-0217,oof,char_mixed_5,6,6,6,True
syn-0218,oof,char_mixed_5,8,8,8,True
syn-0219,oof,char_mixed_5,0,0,0,True
syn-0221,oof,char_mixed_5,11,11,11,True
syn-0222,oof,char_mixed_5,8,8,8,True
syn-0223,oof,char_mixed_5,6,6,6,True
syn-0224,oof,char_mixed_5,8,8,10,True
syn-0225,oof,char_mixed_5,7,7,7,True
syn-0226,oof,char_mixed_5,6,6,6,True
syn-0228,oof,char_mixed_5,6,6,6,True
syn-0229,oof,char_mixed_5,7,7,7,True
syn-0230,oof,char_mixed_5,9,9,9,True
syn-0232,oof,char_mixed_5,8,8,8,True
syn-0233,oof,char_mixed_5,8,8,8,True
syn-0234,oof,char_mixed_5,4,6,6,True
syn-0236,oof,char_mixed_5,11,11,11,True
syn-0237,oof,char_mixed_5,4,4,4,True
syn-0239,oof,char_mixed_5,6,6,6,True
syn-0240,oof,char_mixed_5,6,6,6,True
syn-0241,oof,char_mixed_5,1,1,1,True
syn-0242,oof,char_mixed_5,0,0,8,True
syn-0243,oof,char_mixed_5,10,10,10,True
syn-0244,oof,char_mixed_5,3,3,3,True
syn-0246,oof,char_mixed_5,8,8,8,True
syn-0247,oof,char_mixed_5,3,3,3,True
syn-0248,oof,char_mixed_5,6,6,6,True
syn-0249,oof,char_mixed_5,8,8,8,True
syn-0250,oof,char_mixed_5,11,11,11,True
syn-0251,oof,char_mixed_5,10,10,10,True
syn-0252,oof,char_mixed_5,8,8,8,True
syn-0253,oof,char_mixed_5,3,3,3,True
syn-0254,oof,char_mixed_5,7,11,11,True
syn-0255,oof,char_mixed_5,2,2,2,True
syn-0257,oof,char_mixed_5,4,4,4,True
syn-0258,oof,char_mixed_5,3,3,3,True
syn-0259,oof,char_mixed_5,4,4,4,True
syn-0260,oof,char_mixed_5,11,11,11,True
syn-0261,oof,char_mixed_5,5,5,5,True
syn-0262,oof,char_mixed_5,10,10,10,False
syn-0263,oof,char_mixed_5,0,0,8,True
syn-0264,oof,char_mixed_5,0,0,0,True
syn-0265,oof,char_mixed_5,3,3,3,True
syn-0267,oof,char_mixed_5,4,4,0,True
syn-0268,oof,char_mixed_5,6,6,6,True
syn-0269,oof,char_mixed_5,10,10,10,True
syn-0270,oof,char_mixed_5,10,10,10,True
syn-0271,oof,char_mixed_5,2,2,2,True
syn-0272,oof,char_mixed_5,3,3,1,True
syn-0273,oof,char_mixed_5,0,0,0,True
syn-0274,oof,char_mixed_5,9,9,9,True
syn-0275,oof,char_mixed_5,0,0,0,True
syn-0276,oof,char_mixed_5,6,6,6,True
syn-0278,oof,char_mixed_5,9,9,9,True
syn-0279,oof,char_mixed_5,0,0,0,True
syn-0280,oof,char_mixed_5,0,0,4,True
syn-0281,oof,char_mixed_5,10,8,10,True
syn-0282,oof,char_mixed_5,7,7,7,True
syn-0283,oof,char_mixed_5,7,7,7,True
syn-0284,oof,char_mixed_5,0,0,0,True
syn-0285,oof,char_mixed_5,11,11,11,True
syn-0286,oof,char_mixed_5,8,8,8,True
syn-0288,oof,char_mixed_5,9,9,9,True
syn-0289,oof,char_mixed_5,8,8,7,True
syn-0290,oof,char_mixed_5,0,0,0,True
syn-0291,oof,char_mixed_5,1,1,11,True
syn-0292,oof,char_mixed_5,11,11,11,True
syn-0293,oof,char_mixed_5,0,0,0,True
syn-0294,oof,char_mixed_5,1,1,1,True
syn-0295,oof,char_mixed_5,10,10,10,True
syn-0296,oof,char_mixed_5,3,3,3,True
syn-0297,oof,char_mixed_5,11,11,11,True
syn-0298,oof,char_mixed_5,7,7,7,True
syn-0299,oof,char_mixed_5,1,1,1,True
syn-0300,oof,char_mixed_5,10,10,10,False
syn-0301,oof,char_mixed_5,3,3,3,True
syn-0302,oof,char_mixed_5,10,10,10,True
syn-0303,oof,char_mixed_5,7,5,5,True
syn-0304,oof,char_mixed_5,1,1,1,True
syn-0305,oof,char_mixed_5,1,1,10,True
syn-0306,oof,char_mixed_5,5,5,5,True
syn-0307,oof,char_mixed_5,3,3,3,True
syn-0308,oof,char_mixed_5,3,3,3,True
syn-0310,oof,char_mixed_5,10,10,10,True
syn-0311,oof,char_mixed_5,9,9,9,True
syn-0312,oof,char_mixed_5,11,11,11,True
syn-0313,oof,char_mixed_5,11,10,10,True
syn-0314,oof,char_mixed_5,8,8,8,True
syn-0316,oof,char_mixed_5,0,0,5,True
syn-0318,oof,char_mixed_5,11,11,11,True
syn-0321,oof,char_mixed_5,9,9,9,True
syn-0322,oof,char_mixed_5,2,2,2,True
syn-0323,oof,char_mixed_5,7,7,7,True
syn-0324,oof,char_mixed_5,7,7,7,True
syn-0325,oof,char_mixed_5,4,4,4,True
syn-0326,oof,char_mixed_5,1,1,8,True
syn-0327,oof,char_mixed_5,1,1,1,True
syn-0328,oof,char_mixed_5,10,10,10,True
syn-0329,oof,char_mixed_5,8,8,8,True
syn-0330,oof,char_mixed_5,0,0,0,True
syn-0332,oof,char_mixed_5,6,6,6,True
syn-0333,oof,char_mixed_5,5,5,5,True
syn-0334,oof,char_mixed_5,6,6,5,True
syn-0335,oof,char_mixed_5,3,11,11,True
syn-0336,oof,char_mixed_5,0,0,0,True
syn-0338,oof,char_mixed_5,8,8,8,True
syn-0339,oof,char_mixed_5,7,7,7,True
syn-0340,oof,char_mixed_5,9,9,9,True
syn-0341,oof,char_mixed_5,8,8,8,True
syn-0343,oof,char_mixed_5,8,8,8,True
syn-0345,oof,char_mixed_5,7,7,5,True
syn-0346,oof,char_mixed_5,6,6,6,True
syn-0348,oof,char_mixed_5,9,9,9,True
syn-0349,oof,char_mixed_5,5,5,5,True
syn-0350,oof,char_mixed_5,2,2,2,True
syn-0351,oof,char_mixed_5,11,11,11,True
syn-0352,oof,char_mixed_5,8,8,8,True
syn-0353,oof,char_mixed_5,7,7,7,True
syn-0354,oof,char_mixed_5,8,8,8,True
syn-0355,oof,char_mixed_5,5,5,5,True
syn-0356,oof,char_mixed_5,8,8,8,True
syn-0357,oof,char_mixed_5,3,3,3,True
syn-0358,oof,char_mixed_5,2,2,2,True
syn-0359,oof,char_mixed_5,4,4,4,True
syn-0360,oof,char_mixed_5,0,0,0,True
syn-0363,oof,char_mixed_5,9,9,10,True
syn-0364,oof,char_mixed_5,4,4,4,True
syn-0366,oof,char_mixed_5,9,9,9,True
syn-0367,oof,char_mixed_5,4,4,4,True
syn-0368,oof,char_mixed_5,9,9,9,True
syn-0369,oof,char_mixed_5,6,5,6,True
syn-0370,oof,char_mixed_5,9,9,9,True
syn-0371,oof,char_mixed_5,6,6,6,True
syn-0372,oof,char_mixed_5,1,1,1,True
syn-0373,oof,char_mixed_5,11,11,11,True
syn-0374,oof,char_mixed_5,8,8,8,True
syn-0375,oof,char_mixed_5,8,8,8,True
syn-0376,oof,char_mixed_5,5,5,5,True
syn-0377,oof,char_mixed_5,5,5,5,True
syn-0378,oof,char_mixed_5,2,2,2,True
syn-0379,oof,char_mixed_5,3,3,3,True
syn-0380,oof,char_mixed_5,4,5,4,True
syn-0381,oof,char_mixed_5,8,8,8,True
syn-0382,oof,char_mixed_5,0,0,0,True
syn-0383,oof,char_mixed_5,2,2,2,True
syn-0384,oof,char_mixed_5,1,1,1,True
syn-0385,oof,char_mixed_5,5,4,4,True
syn-0386,oof,char_mixed_5,10,10,10,False
syn-0388,oof,char_mixed_5,5,5,7,True
syn-0391,oof,char_mixed_5,0,0,0,True
syn-0392,oof,char_mixed_5,1,1,1,True
syn-0393,oof,char_mixed_5,2,2,2,True
syn-0396,oof,char_mixed_5,3,3,3,True
syn-0397,oof,char_mixed_5,1,1,1,True
syn-0399,oof,char_mixed_5,8,8,8,True
syn-0401,oof,char_mixed_5,11,11,11,True
syn-0402,oof,char_mixed_5,1,1,1,True
syn-0403,oof,char_mixed_5,9,9,9,True
syn-0405,oof,char_mixed_5,8,8,8,True
syn-0406,oof,char_mixed_5,4,0,4,True
syn-0407,oof,char_mixed_5,6,6,6,True
syn-0408,oof,char_mixed_5,4,4,8,True
syn-0409,oof,char_mixed_5,10,10,10,True
syn-0410,oof,char_mixed_5,10,10,10,True
syn-0411,oof,char_mixed_5,2,2,2,True
syn-0413,oof,char_mixed_5,9,9,9,True
syn-0414,oof,char_mixed_5,5,4,4,True
syn-0415,oof,char_mixed_5,1,1,11,True
syn-0416,oof,char_mixed_5,2,2,2,True
syn-0417,oof,char_mixed_5,7,4,4,True
syn-0418,oof,char_mixed_5,0,0,0,True
syn-0419,oof,char_mixed_5,1,1,1,True
syn-0420,oof,char_mixed_5,2,2,2,True
syn-0421,oof,char_mixed_5,10,10,10,True
syn-0422,oof,char_mixed_5,1,1,1,True
syn-0423,oof,char_mixed_5,9,9,9,True
syn-0425,oof,char_mixed_5,5,5,4,True
syn-0426,oof,char_mixed_5,10,10,10,True
syn-0427,oof,char_mixed_5,5,5,5,True
syn-0428,oof,char_mixed_5,8,1,8,True
syn-0429,oof,char_mixed_5,2,2,2,True
syn-0430,oof,char_mixed_5,1,1,1,True
syn-0431,oof,char_mixed_5,3,3,3,True
syn-0432,oof,char_mixed_5,6,6,6,True
syn-0433,oof,char_mixed_5,5,5,5,True
syn-0435,oof,char_mixed_5,10,10,10,True
syn-0436,oof,char_mixed_5,6,6,6,True
syn-0437,oof,char_mixed_5,3,3,10,True
syn-0439,oof,char_mixed_5,6,6,8,True
syn-0440,oof,char_mixed_5,1,1,1,True
syn-0443,oof,char_mixed_5,7,7,7,True
syn-0444,oof,char_mixed_5,5,5,6,True
syn-0445,oof,char_mixed_5,6,6,6,True
syn-0447,oof,char_mixed_5,7,7,7,True
syn-0448,oof,char_mixed_5,4,5,5,True
syn-0449,oof,char_mixed_5,11,11,11,True
syn-0450,oof,char_mixed_5,10,10,10,True
syn-0451,oof,char_mixed_5,8,8,7,True
syn-0452,oof,char_mixed_5,10,10,10,True
syn-0453,oof,char_mixed_5,1,1,1,True
syn-0454,oof,char_mixed_5,11,11,11,True
syn-0455,oof,char_mixed_5,2,2,2,True
syn-0456,oof,char_mixed_5,11,11,11,True
syn-0457,oof,char_mixed_5,9,9,9,True
syn-0458,oof,char_mixed_5,6,6,6,True
syn-0459,oof,char_mixed_5,5,8,5,True
syn-0460,oof,char_mixed_5,8,8,8,True
syn-0461,oof,char_mixed_5,2,2,2,True
syn-0463,oof,char_mixed_5,11,11,11,True
syn-0464,oof,char_mixed_5,4,4,4,True
syn-0465,oof,char_mixed_5,7,7,7,True
syn-0468,oof,char_mixed_5,6,6,6,True
syn-0469,oof,char_mixed_5,9,9,9,True
syn-0471,oof,char_mixed_5,5,5,5,True
syn-0472,oof,char_mixed_5,8,8,11,True
syn-0473,oof,char_mixed_5,10,10,10,True
syn-0474,oof,char_mixed_5,0,0,0,True
syn-0476,oof,char_mixed_5,7,7,7,True
syn-0477,oof,char_mixed_5,7,5,7,True
syn-0478,oof,char_mixed_5,2,2,2,False
syn-0480,oof,char_mixed_5,1,1,1,True
syn-0481,oof,char_mixed_5,9,9,9,True
syn-0482,oof,char_mixed_5,1,1,1,True
syn-0484,oof,char_mixed_5,3,3,3,True
syn-0485,oof,char_mixed_5,10,10,10,True
syn-0486,oof,char_mixed_5,1,1,1,True
syn-0487,oof,char_mixed_5,6,6,6,True
syn-0488,oof,char_mixed_5,10,10,10,True
syn-0489,oof,char_mixed_5,11,11,11,True
syn-0490,oof,char_mixed_5,7,7,7,True
syn-0491,oof,char_mixed_5,10,10,10,True
syn-0492,oof,char_mixed_5,6,6,6,True
syn-0493,oof,char_mixed_5,8,8,8,True
syn-0495,oof,char_mixed_5,2,2,2,True
syn-0496,oof,char_mixed_5,8,8,8,True
syn-0497,oof,char_mixed_5,5,5,8,True
syn-0498,oof,char_mixed_5,7,7,7,True
syn-0499,oof,char_mixed_5,11,11,11,True
syn-0002,oof,char_swap_10,1,1,1,True
syn-0003,oof,char_swap_10,2,2,2,True
syn-0004,oof,char_swap_10,10,10,10,True
syn-0005,oof,char_swap_10,11,11,11,True
syn-0006,oof,char_swap_10,7,7,10,True
syn-0007,oof,char_swap_10,6,6,8,True
syn-0008,oof,char_swap_10,8,8,8,True
syn-0009,oof,char_swap_10,8,8,10,True
syn-0010,oof,char_swap_10,9,9,10,True
syn-0011,oof,char_swap_10,10,10,10,True
syn-0013,oof,char_swap_10,6,6,11,True
syn-0014,oof,char_swap_10,0,0,8,True
syn-0015,oof,char_swap_10,6,6,6,True
syn-0016,oof,char_swap_10,9,9,9,True
syn-0017,oof,char_swap_10,3,3,5,True
syn-0018,oof,char_swap_10,3,6,6,True
syn-0019,oof,char_swap_10,0,0,0,True
syn-0020,oof,char_swap_10,6,6,6,True
syn-0022,oof,char_swap_10,10,11,10,True
syn-0023,oof,char_swap_10,1,1,1,True
syn-0024,oof,char_swap_10,2,2,2,True
syn-0025,oof,char_swap_10,8,8,8,True
syn-0026,oof,char_swap_10,10,10,9,True
syn-0027,oof,char_swap_10,4,4,4,True
syn-0029,oof,char_swap_10,2,2,2,True
syn-0031,oof,char_swap_10,0,0,0,True
syn-0032,oof,char_swap_10,4,4,4,True
syn-0033,oof,char_swap_10,5,5,5,True
syn-0034,oof,char_swap_10,0,0,0,True
syn-0035,oof,char_swap_10,9,9,9,True
syn-0036,oof,char_swap_10,5,5,5,True
syn-0037,oof,char_swap_10,8,8,8,True
syn-0038,oof,char_swap_10,5,5,5,True
syn-0039,oof,char_swap_10,1,1,1,True
syn-0040,oof,char_swap_10,4,4,10,True
syn-0041,oof,char_swap_10,10,9,10,True
syn-0042,oof,char_swap_10,9,9,9,True
syn-0043,oof,char_swap_10,9,9,9,True
syn-0044,oof,char_swap_10,2,2,2,False
syn-0045,oof,char_swap_10,9,9,10,True
syn-0046,oof,char_swap_10,8,8,8,True
syn-0048,oof,char_swap_10,11,11,11,True
syn-0049,oof,char_swap_10,8,8,8,True
syn-0050,oof,char_swap_10,4,4,4,True
syn-0051,oof,char_swap_10,3,3,4,True
syn-0052,oof,char_swap_10,4,4,4,True
syn-0053,oof,char_swap_10,10,10,10,True
syn-0054,oof,char_swap_10,5,5,5,True
syn-0055,oof,char_swap_10,3,3,3,True
syn-0056,oof,char_swap_10,8,8,8,True
syn-0057,oof,char_swap_10,8,8,8,True
syn-0058,oof,char_swap_10,9,9,9,True
syn-0059,oof,char_swap_10,3,3,3,True
syn-0061,oof,char_swap_10,4,4,4,True
syn-0062,oof,char_swap_10,7,7,7,True
syn-0063,oof,char_swap_10,1,1,1,True
syn-0064,oof,char_swap_10,6,6,6,True
syn-0065,oof,char_swap_10,11,11,11,True
syn-0067,oof,char_swap_10,5,5,5,True
syn-0068,oof,char_swap_10,10,9,10,True
syn-0069,oof,char_swap_10,11,11,11,True
syn-0070,oof,char_swap_10,2,2,2,True
syn-0071,oof,char_swap_10,6,6,6,True
syn-0072,oof,char_swap_10,0,0,0,True
syn-0073,oof,char_swap_10,11,11,11,True
syn-0074,oof,char_swap_10,5,5,11,True
syn-0075,oof,char_swap_10,7,7,7,True
syn-0076,oof,char_swap_10,5,5,5,True
syn-0077,oof,char_swap_10,2,2,2,True
syn-0079,oof,char_swap_10,1,1,1,True
syn-0080,oof,char_swap_10,3,3,8,True
syn-0081,oof,char_swap_10,10,10,10,True
syn-0082,oof,char_swap_10,1,6,10,True
syn-0083,oof,char_swap_10,0,0,0,True
syn-0084,oof,char_swap_10,5,5,5,True
syn-0085,oof,char_swap_10,3,1,1,True
syn-0086,oof,char_swap_10,10,10,10,True
syn-0087,oof,char_swap_10,5,5,8,True
syn-0090,oof,char_swap_10,5,5,4,True
syn-0091,oof,char_swap_10,4,4,4,True
syn-0093,oof,char_swap_10,5,5,6,True
syn-0094,oof,char_swap_10,1,1,1,True
syn-0095,oof,char_swap_10,11,11,11,True
syn-0097,oof,char_swap_10,10,10,10,True
syn-0098,oof,char_swap_10,10,10,10,True
syn-0100,oof,char_swap_10,2,2,2,True
syn-0101,oof,char_swap_10,3,3,3,True
syn-0102,oof,char_swap_10,1,1,1,True
syn-0103,oof,char_swap_10,11,11,1,True
syn-0105,oof,char_swap_10,4,4,4,True
syn-0106,oof,char_swap_10,10,10,10,True
syn-0107,oof,char_swap_10,10,10,10,True
syn-0108,oof,char_swap_10,8,10,10,True
syn-0109,oof,char_swap_10,3,3,9,True
syn-0111,oof,char_swap_10,3,3,3,True
syn-0112,oof,char_swap_10,4,4,4,True
syn-0113,oof,char_swap_10,11,11,11,True
syn-0114,oof,char_swap_10,4,4,4,True
syn-0117,oof,char_swap_10,6,6,6,True
syn-0118,oof,char_swap_10,5,5,5,True
syn-0119,oof,char_swap_10,6,6,10,True
syn-0120,oof,char_swap_10,3,3,4,True
syn-0121,oof,char_swap_10,9,9,9,True
syn-0122,oof,char_swap_10,3,3,3,True
syn-0123,oof,char_swap_10,10,10,10,True
syn-0124,oof,char_swap_10,6,6,6,True
syn-0125,oof,char_swap_10,9,9,9,True
syn-0127,oof,char_swap_10,11,11,11,True
syn-0128,oof,char_swap_10,2,2,2,True
syn-0129,oof,char_swap_10,11,11,11,True
syn-0130,oof,char_swap_10,6,8,8,True
syn-0133,oof,char_swap_10,2,2,2,True
syn-0134,oof,char_swap_10,5,5,8,True
syn-0135,oof,char_swap_10,0,0,0,True
syn-0136,oof,char_swap_10,6,6,6,True
syn-0137,oof,char_swap_10,8,8,8,True
syn-0138,oof,char_swap_10,4,4,4,True
syn-0139,oof,char_swap_10,1,1,1,True
syn-0140,oof,char_swap_10,11,11,11,True
syn-0141,oof,char_swap_10,2,2,2,True
syn-0142,oof,char_swap_10,4,4,4,True
syn-0143,oof,char_swap_10,1,1,8,True
syn-0144,oof,char_swap_10,9,9,9,True
syn-0145,oof,char_swap_10,2,2,2,True
syn-0146,oof,char_swap_10,10,10,10,True
syn-0147,oof,char_swap_10,0,0,0,True
syn-0148,oof,char_swap_10,7,7,7,True
syn-0149,oof,char_swap_10,8,8,8,True
syn-0150,oof,char_swap_10,3,3,1,True
syn-0151,oof,char_swap_10,10,11,10,True
syn-0152,oof,char_swap_10,3,3,3,True
syn-0153,oof,char_swap_10,4,5,4,True
syn-0154,oof,char_swap_10,1,1,1,True
syn-0155,oof,char_swap_10,4,4,4,True
syn-0156,oof,char_swap_10,6,6,4,True
syn-0158,oof,char_swap_10,1,1,1,True
syn-0159,oof,char_swap_10,11,11,11,True
syn-0160,oof,char_swap_10,5,5,5,True
syn-0161,oof,char_swap_10,2,2,2,False
syn-0162,oof,char_swap_10,9,9,9,True
syn-0163,oof,char_swap_10,4,4,4,True
syn-0164,oof,char_swap_10,8,8,8,True
syn-0165,oof,char_swap_10,8,8,8,True
syn-0166,oof,char_swap_10,5,5,4,True
syn-0167,oof,char_swap_10,0,0,0,True
syn-0168,oof,char_swap_10,1,1,1,True
syn-0169,oof,char_swap_10,4,4,4,True
syn-0170,oof,char_swap_10,6,6,6,True
syn-0171,oof,char_swap_10,6,6,8,True
syn-0172,oof,char_swap_10,10,10,10,True
syn-0173,oof,char_swap_10,8,8,8,True
syn-0174,oof,char_swap_10,10,10,10,True
syn-0175,oof,char_swap_10,11,11,11,True
syn-0176,oof,char_swap_10,10,10,10,True
syn-0177,oof,char_swap_10,8,8,8,True
syn-0178,oof,char_swap_10,9,9,11,True
syn-0179,oof,char_swap_10,1,1,1,True
syn-0181,oof,char_swap_10,10,8,10,True
syn-0182,oof,char_swap_10,6,6,6,True
syn-0183,oof,char_swap_10,4,5,5,True
syn-0184,oof,char_swap_10,2,2,2,True
syn-0185,oof,char_swap_10,7,7,10,True
syn-0186,oof,char_swap_10,3,3,3,True
syn-0187,oof,char_swap_10,3,3,3,True
syn-0188,oof,char_swap_10,10,10,10,True
syn-0189,oof,char_swap_10,10,10,10,True
syn-0190,oof,char_swap_10,3,1,5,True
syn-0191,oof,char_swap_10,4,4,4,True
syn-0192,oof,char_swap_10,5,5,5,True
syn-0193,oof,char_swap_10,11,11,11,True
syn-0194,oof,char_swap_10,1,1,8,True
syn-0195,oof,char_swap_10,4,4,4,True
syn-0196,oof,char_swap_10,4,4,4,True
syn-0197,oof,char_swap_10,11,11,11,True
syn-0198,oof,char_swap_10,0,0,0,True
syn-0200,oof,char_swap_10,5,5,5,True
syn-0201,oof,char_swap_10,0,0,0,True
syn-0202,oof,char_swap_10,10,10,10,True
syn-0203,oof,char_swap_10,8,8,8,True
syn-0204,oof,char_swap_10,1,1,1,True
syn-0205,oof,char_swap_10,2,2,2,True
syn-0206,oof,char_swap_10,8,10,10,True
syn-0207,oof,char_swap_10,0,0,0,True
syn-0208,oof,char_swap_10,8,8,8,True
syn-0209,oof,char_swap_10,7,7,5,True
syn-0210,oof,char_swap_10,0,0,0,True
syn-0211,oof,char_swap_10,0,0,0,True
syn-0213,oof,char_swap_10,0,0,0,True
syn-0215,oof,char_swap_10,10,10,10,True
syn-0217,oof,char_swap_10,6,6,6,True
syn-0218,oof,char_swap_10,8,8,10,True
syn-0219,oof,char_swap_10,0,0,0,True
syn-0221,oof,char_swap_10,11,11,11,True
syn-0222,oof,char_swap_10,8,8,8,True
syn-0223,oof,char_swap_10,6,6,6,True
syn-0224,oof,char_swap_10,8,8,10,True
syn-0225,oof,char_swap_10,7,7,7,True
syn-0226,oof,char_swap_10,6,6,6,True
syn-0228,oof,char_swap_10,6,6,6,True
syn-0229,oof,char_swap_10,7,7,7,True
syn-0230,oof,char_swap_10,9,9,9,True
syn-0232,oof,char_swap_10,8,8,8,True
syn-0233,oof,char_swap_10,8,8,10,True
syn-0234,oof,char_swap_10,4,6,6,True
syn-0236,oof,char_swap_10,11,11,11,True
syn-0237,oof,char_swap_10,4,4,4,True
syn-0239,oof,char_swap_10,6,6,6,True
syn-0240,oof,char_swap_10,6,6,4,True
syn-0241,oof,char_swap_10,1,1,1,True
syn-0242,oof,char_swap_10,0,0,8,True
syn-0243,oof,char_swap_10,10,10,11,True
syn-0244,oof,char_swap_10,3,3,10,True
syn-0246,oof,char_swap_10,8,8,1,True
syn-0247,oof,char_swap_10,3,3,11,True
syn-0248,oof,char_swap_10,6,6,6,True
syn-0249,oof,char_swap_10,8,8,8,True
syn-0250,oof,char_swap_10,11,11,11,True
syn-0251,oof,char_swap_10,10,10,10,True
syn-0252,oof,char_swap_10,8,8,8,True
syn-0253,oof,char_swap_10,3,3,10,True
syn-0254,oof,char_swap_10,7,11,10,True
syn-0255,oof,char_swap_10,2,2,2,True
syn-0257,oof,char_swap_10,4,4,4,True
syn-0258,oof,char_swap_10,3,3,3,True
syn-0259,oof,char_swap_10,4,4,4,True
syn-0260,oof,char_swap_10,11,11,10,True
syn-0261,oof,char_swap_10,5,5,5,True
syn-0262,oof,char_swap_10,10,10,10,True
syn-0263,oof,char_swap_10,0,0,0,True
syn-0264,oof,char_swap_10,0,0,0,True
syn-0265,oof,char_swap_10,3,3,3,True
syn-0267,oof,char_swap_10,4,4,4,True
syn-0268,oof,char_swap_10,6,6,6,True
syn-0269,oof,char_swap_10,10,10,10,True
syn-0270,oof,char_swap_10,10,10,10,True
syn-0271,oof,char_swap_10,2,2,2,True
syn-0272,oof,char_swap_10,3,3,2,True
syn-0273,oof,char_swap_10,0,0,0,True
syn-0274,oof,char_swap_10,9,9,10,True
syn-0275,oof,char_swap_10,0,0,0,True
syn-0276,oof,char_swap_10,6,6,6,True
syn-0278,oof,char_swap_10,9,9,9,True
syn-0279,oof,char_swap_10,0,0,0,True
syn-0280,oof,char_swap_10,0,0,8,True
syn-0281,oof,char_swap_10,10,8,10,True
syn-0282,oof,char_swap_10,7,7,7,True
syn-0283,oof,char_swap_10,7,7,7,True
syn-0284,oof,char_swap_10,0,0,8,True
syn-0285,oof,char_swap_10,11,11,11,True
syn-0286,oof,char_swap_10,8,8,10,True
syn-0288,oof,char_swap_10,9,9,9,True
syn-0289,oof,char_swap_10,8,8,0,True
syn-0290,oof,char_swap_10,0,0,4,True
syn-0291,oof,char_swap_10,1,1,1,True
syn-0292,oof,char_swap_10,11,11,11,True
syn-0293,oof,char_swap_10,0,0,4,True
syn-0294,oof,char_swap_10,1,1,1,True
syn-0295,oof,char_swap_10,10,10,10,True
syn-0296,oof,char_swap_10,3,3,5,True
syn-0297,oof,char_swap_10,11,11,11,True
syn-0298,oof,char_swap_10,7,7,7,True
syn-0299,oof,char_swap_10,1,1,1,True
syn-0300,oof,char_swap_10,10,10,10,True
syn-0301,oof,char_swap_10,3,3,11,True
syn-0302,oof,char_swap_10,10,10,10,True
syn-0303,oof,char_swap_10,7,5,7,True
syn-0304,oof,char_swap_10,1,1,1,True
syn-0305,oof,char_swap_10,1,1,1,True
syn-0306,oof,char_swap_10,5,5,5,True
syn-0307,oof,char_swap_10,3,3,1,True
syn-0308,oof,char_swap_10,3,3,3,True
syn-0310,oof,char_swap_10,10,10,10,True
syn-0311,oof,char_swap_10,9,9,9,True
syn-0312,oof,char_swap_10,11,11,11,True
syn-0313,oof,char_swap_10,11,10,8,True
syn-0314,oof,char_swap_10,8,8,8,True
syn-0316,oof,char_swap_10,0,0,5,True
syn-0318,oof,char_swap_10,11,11,11,True
syn-0321,oof,char_swap_10,9,9,10,True
syn-0322,oof,char_swap_10,2,2,2,True
syn-0323,oof,char_swap_10,7,7,7,True
syn-0324,oof,char_swap_10,7,7,7,True
syn-0325,oof,char_swap_10,4,4,4,True
syn-0326,oof,char_swap_10,1,1,10,True
syn-0327,oof,char_swap_10,1,1,10,True
syn-0328,oof,char_swap_10,10,10,10,True
syn-0329,oof,char_swap_10,8,8,8,True
syn-0330,oof,char_swap_10,0,0,0,True
syn-0332,oof,char_swap_10,6,6,6,True
syn-0333,oof,char_swap_10,5,5,5,True
syn-0334,oof,char_swap_10,6,6,5,True
syn-0335,oof,char_swap_10,3,11,11,True
syn-0336,oof,char_swap_10,0,0,0,True
syn-0338,oof,char_swap_10,8,8,8,True
syn-0339,oof,char_swap_10,7,7,5,True
syn-0340,oof,char_swap_10,9,9,9,True
syn-0341,oof,char_swap_10,8,8,8,True
syn-0343,oof,char_swap_10,8,8,8,True
syn-0345,oof,char_swap_10,7,7,7,True
syn-0346,oof,char_swap_10,6,6,6,True
syn-0348,oof,char_swap_10,9,9,9,True
syn-0349,oof,char_swap_10,5,5,5,True
syn-0350,oof,char_swap_10,2,2,2,True
syn-0351,oof,char_swap_10,11,11,11,True
syn-0352,oof,char_swap_10,8,8,8,True
syn-0353,oof,char_swap_10,7,7,7,True
syn-0354,oof,char_swap_10,8,8,8,True
syn-0355,oof,char_swap_10,5,5,10,True
syn-0356,oof,char_swap_10,8,8,8,True
syn-0357,oof,char_swap_10,3,3,1,True
syn-0358,oof,char_swap_10,2,2,2,True
syn-0359,oof,char_swap_10,4,4,4,True
syn-0360,oof,char_swap_10,0,0,8,True
syn-0363,oof,char_swap_10,9,9,10,True
syn-0364,oof,char_swap_10,4,4,4,True
syn-0366,oof,char_swap_10,9,9,9,True
syn-0367,oof,char_swap_10,4,4,4,True
syn-0368,oof,char_swap_10,9,9,10,True
syn-0369,oof,char_swap_10,6,5,5,True
syn-0370,oof,char_swap_10,9,9,9,True
syn-0371,oof,char_swap_10,6,6,6,True
syn-0372,oof,char_swap_10,1,1,1,True
syn-0373,oof,char_swap_10,11,11,11,True
syn-0374,oof,char_swap_10,8,8,8,True
syn-0375,oof,char_swap_10,8,8,10,True
syn-0376,oof,char_swap_10,5,5,5,True
syn-0377,oof,char_swap_10,5,5,7,True
syn-0378,oof,char_swap_10,2,2,2,True
syn-0379,oof,char_swap_10,3,3,3,True
syn-0380,oof,char_swap_10,4,5,4,True
syn-0381,oof,char_swap_10,8,8,8,True
syn-0382,oof,char_swap_10,0,0,0,True
syn-0383,oof,char_swap_10,2,2,2,True
syn-0384,oof,char_swap_10,1,1,1,True
syn-0385,oof,char_swap_10,5,4,4,True
syn-0386,oof,char_swap_10,10,10,10,True
syn-0388,oof,char_swap_10,5,5,7,True
syn-0391,oof,char_swap_10,0,0,0,True
syn-0392,oof,char_swap_10,1,1,1,True
syn-0393,oof,char_swap_10,2,2,2,True
syn-0396,oof,char_swap_10,3,3,3,True
syn-0397,oof,char_swap_10,1,1,1,True
syn-0399,oof,char_swap_10,8,8,8,True
syn-0401,oof,char_swap_10,11,11,11,True
syn-0402,oof,char_swap_10,1,1,1,True
syn-0403,oof,char_swap_10,9,9,9,True
syn-0405,oof,char_swap_10,8,8,8,True
syn-0406,oof,char_swap_10,4,0,4,True
syn-0407,oof,char_swap_10,6,6,4,True
syn-0408,oof,char_swap_10,4,4,4,True
syn-0409,oof,char_swap_10,10,10,10,True
syn-0410,oof,char_swap_10,10,10,10,True
syn-0411,oof,char_swap_10,2,2,2,True
syn-0413,oof,char_swap_10,9,9,9,True
syn-0414,oof,char_swap_10,5,4,4,True
syn-0415,oof,char_swap_10,1,1,11,True
syn-0416,oof,char_swap_10,2,2,2,True
syn-0417,oof,char_swap_10,7,4,8,True
syn-0418,oof,char_swap_10,0,0,0,True
syn-0419,oof,char_swap_10,1,1,1,True
syn-0420,oof,char_swap_10,2,2,2,True
syn-0421,oof,char_swap_10,10,10,10,True
syn-0422,oof,char_swap_10,1,1,1,True
syn-0423,oof,char_swap_10,9,9,9,True
syn-0425,oof,char_swap_10,5,5,5,True
syn-0426,oof,char_swap_10,10,10,10,True
syn-0427,oof,char_swap_10,5,5,4,True
syn-0428,oof,char_swap_10,8,1,10,True
syn-0429,oof,char_swap_10,2,2,2,True
syn-0430,oof,char_swap_10,1,1,1,True
syn-0431,oof,char_swap_10,3,3,4,True
syn-0432,oof,char_swap_10,6,6,6,True
syn-0433,oof,char_swap_10,5,5,5,True
syn-0435,oof,char_swap_10,10,10,10,True
syn-0436,oof,char_swap_10,6,6,6,True
syn-0437,oof,char_swap_10,3,3,10,True
syn-0439,oof,char_swap_10,6,6,6,True
syn-0440,oof,char_swap_10,1,1,4,True
syn-0443,oof,char_swap_10,7,7,7,True
syn-0444,oof,char_swap_10,5,5,4,True
syn-0445,oof,char_swap_10,6,6,6,True
syn-0447,oof,char_swap_10,7,7,7,True
syn-0448,oof,char_swap_10,4,5,5,True
syn-0449,oof,char_swap_10,11,11,11,True
syn-0450,oof,char_swap_10,10,10,10,True
syn-0451,oof,char_swap_10,8,8,8,True
syn-0452,oof,char_swap_10,10,10,10,True
syn-0453,oof,char_swap_10,1,1,1,True
syn-0454,oof,char_swap_10,11,11,11,True
syn-0455,oof,char_swap_10,2,2,4,True
syn-0456,oof,char_swap_10,11,11,11,True
syn-0457,oof,char_swap_10,9,9,9,True
syn-0458,oof,char_swap_10,6,6,6,True
syn-0459,oof,char_swap_10,5,8,1,True
syn-0460,oof,char_swap_10,8,8,8,True
syn-0461,oof,char_swap_10,2,2,2,True
syn-0463,oof,char_swap_10,11,11,11,True
syn-0464,oof,char_swap_10,4,4,4,True
syn-0465,oof,char_swap_10,7,7,7,True
syn-0468,oof,char_swap_10,6,6,6,True
syn-0469,oof,char_swap_10,9,9,9,True
syn-0471,oof,char_swap_10,5,5,5,True
syn-0472,oof,char_swap_10,8,8,8,True
syn-0473,oof,char_swap_10,10,10,10,True
syn-0474,oof,char_swap_10,0,0,0,True
syn-0476,oof,char_swap_10,7,7,5,True
syn-0477,oof,char_swap_10,7,5,11,True
syn-0478,oof,char_swap_10,2,2,2,False
syn-0480,oof,char_swap_10,1,1,1,True
syn-0481,oof,char_swap_10,9,9,9,True
syn-0482,oof,char_swap_10,1,1,10,True
syn-0484,oof,char_swap_10,3,3,3,True
syn-0485,oof,char_swap_10,10,10,10,True
syn-0486,oof,char_swap_10,1,1,1,True
syn-0487,oof,char_swap_10,6,6,6,True
syn-0488,oof,char_swap_10,10,10,10,True
syn-0489,oof,char_swap_10,11,11,11,True
syn-0490,oof,char_swap_10,7,7,7,True
syn-0491,oof,char_swap_10,10,10,10,True
syn-0492,oof,char_swap_10,6,6,7,True
syn-0493,oof,char_swap_10,8,8,8,True
syn-0495,oof,char_swap_10,2,2,2,True
syn-0496,oof,char_swap_10,8,8,10,True
syn-0497,oof,char_swap_10,5,5,8,True
syn-0498,oof,char_swap_10,7,7,7,True
syn-0499,oof,char_swap_10,11,11,11,True
syn-0002,oof,char_drop_10,1,1,1,True
syn-0003,oof,char_drop_10,2,2,2,True
syn-0004,oof,char_drop_10,10,10,10,True
syn-0005,oof,char_drop_10,11,11,11,True
syn-0006,oof,char_drop_10,7,7,10,True
syn-0007,oof,char_drop_10,6,6,6,True
syn-0008,oof,char_drop_10,8,8,8,True
syn-0009,oof,char_drop_10,8,8,10,True
syn-0010,oof,char_drop_10,9,9,9,True
syn-0011,oof,char_drop_10,10,10,10,True
syn-0013,oof,char_drop_10,6,6,6,True
syn-0014,oof,char_drop_10,0,0,0,True
syn-0015,oof,char_drop_10,6,6,6,True
syn-0016,oof,char_drop_10,9,9,9,True
syn-0017,oof,char_drop_10,3,3,4,True
syn-0018,oof,char_drop_10,3,6,6,True
syn-0019,oof,char_drop_10,0,0,0,True
syn-0020,oof,char_drop_10,6,6,6,True
syn-0022,oof,char_drop_10,10,11,10,True
syn-0023,oof,char_drop_10,1,1,1,True
syn-0024,oof,char_drop_10,2,2,2,True
syn-0025,oof,char_drop_10,8,8,8,True
syn-0026,oof,char_drop_10,10,10,10,True
syn-0027,oof,char_drop_10,4,4,4,True
syn-0029,oof,char_drop_10,2,2,2,True
syn-0031,oof,char_drop_10,0,0,0,True
syn-0032,oof,char_drop_10,4,4,4,True
syn-0033,oof,char_drop_10,5,5,5,True
syn-0034,oof,char_drop_10,0,0,0,True
syn-0035,oof,char_drop_10,9,9,10,True
syn-0036,oof,char_drop_10,5,5,5,True
syn-0037,oof,char_drop_10,8,8,8,True
syn-0038,oof,char_drop_10,5,5,5,True
syn-0039,oof,char_drop_10,1,1,6,True
syn-0040,oof,char_drop_10,4,4,10,True
syn-0041,oof,char_drop_10,10,9,10,True
syn-0042,oof,char_drop_10,9,9,9,True
syn-0043,oof,char_drop_10,9,9,10,True
syn-0044,oof,char_drop_10,2,2,2,True
syn-0045,oof,char_drop_10,9,9,10,True
syn-0046,oof,char_drop_10,8,8,8,True
syn-0048,oof,char_drop_10,11,11,11,True
syn-0049,oof,char_drop_10,8,8,8,True
syn-0050,oof,char_drop_10,4,4,4,True
syn-0051,oof,char_drop_10,3,3,10,True
syn-0052,oof,char_drop_10,4,4,4,True
syn-0053,oof,char_drop_10,10,10,10,True
syn-0054,oof,char_drop_10,5,5,10,True
syn-0055,oof,char_drop_10,3,3,3,True
syn-0056,oof,char_drop_10,8,8,8,True
syn-0057,oof,char_drop_10,8,8,10,True
syn-0058,oof,char_drop_10,9,9,6,True
syn-0059,oof,char_drop_10,3,3,3,True
syn-0061,oof,char_drop_10,4,4,10,True
syn-0062,oof,char_drop_10,7,7,7,True
syn-0063,oof,char_drop_10,1,1,10,True
syn-0064,oof,char_drop_10,6,6,6,True
syn-0065,oof,char_drop_10,11,11,11,True
syn-0067,oof,char_drop_10,5,5,5,True
syn-0068,oof,char_drop_10,10,9,9,True
syn-0069,oof,char_drop_10,11,11,11,True
syn-0070,oof,char_drop_10,2,2,2,True
syn-0071,oof,char_drop_10,6,6,6,True
syn-0072,oof,char_drop_10,0,0,0,True
syn-0073,oof,char_drop_10,11,11,11,True
syn-0074,oof,char_drop_10,5,5,5,True
syn-0075,oof,char_drop_10,7,7,7,True
syn-0076,oof,char_drop_10,5,5,5,True
syn-0077,oof,char_drop_10,2,2,2,True
syn-0079,oof,char_drop_10,1,1,8,True
syn-0080,oof,char_drop_10,3,3,3,True
syn-0081,oof,char_drop_10,10,10,4,True
syn-0082,oof,char_drop_10,1,6,10,True
syn-0083,oof,char_drop_10,0,0,0,True
syn-0084,oof,char_drop_10,5,5,5,True
syn-0085,oof,char_drop_10,3,1,1,True
syn-0086,oof,char_drop_10,10,10,10,True
syn-0087,oof,char_drop_10,5,5,5,True
syn-0090,oof,char_drop_10,5,5,4,True
syn-0091,oof,char_drop_10,4,4,4,True
syn-0093,oof,char_drop_10,5,5,5,True
syn-0094,oof,char_drop_10,1,1,1,True
syn-0095,oof,char_drop_10,11,11,11,True
syn-0097,oof,char_drop_10,10,10,10,True
syn-0098,oof,char_drop_10,10,10,10,True
syn-0100,oof,char_drop_10,2,2,2,True
syn-0101,oof,char_drop_10,3,3,3,True
syn-0102,oof,char_drop_10,1,1,1,True
syn-0103,oof,char_drop_10,11,11,11,True
syn-0105,oof,char_drop_10,4,4,4,True
syn-0106,oof,char_drop_10,10,10,10,True
syn-0107,oof,char_drop_10,10,10,10,True
syn-0108,oof,char_drop_10,8,10,10,True
syn-0109,oof,char_drop_10,3,3,9,True
syn-0111,oof,char_drop_10,3,3,3,True
syn-0112,oof,char_drop_10,4,4,4,True
syn-0113,oof,char_drop_10,11,11,11,True
syn-0114,oof,char_drop_10,4,4,6,True
syn-0117,oof,char_drop_10,6,6,6,True
syn-0118,oof,char_drop_10,5,5,4,True
syn-0119,oof,char_drop_10,6,6,10,True
syn-0120,oof,char_drop_10,3,3,10,True
syn-0121,oof,char_drop_10,9,9,9,True
syn-0122,oof,char_drop_10,3,3,3,True
syn-0123,oof,char_drop_10,10,10,10,True
syn-0124,oof,char_drop_10,6,6,6,True
syn-0125,oof,char_drop_10,9,9,9,True
syn-0127,oof,char_drop_10,11,11,11,True
syn-0128,oof,char_drop_10,2,2,2,True
syn-0129,oof,char_drop_10,11,11,11,True
syn-0130,oof,char_drop_10,6,8,8,True
syn-0133,oof,char_drop_10,2,2,2,True
syn-0134,oof,char_drop_10,5,5,5,True
syn-0135,oof,char_drop_10,0,0,10,True
syn-0136,oof,char_drop_10,6,6,6,True
syn-0137,oof,char_drop_10,8,8,8,True
syn-0138,oof,char_drop_10,4,4,4,True
syn-0139,oof,char_drop_10,1,1,1,True
syn-0140,oof,char_drop_10,11,11,11,True
syn-0141,oof,char_drop_10,2,2,2,True
syn-0142,oof,char_drop_10,4,4,4,True
syn-0143,oof,char_drop_10,1,1,1,True
syn-0144,oof,char_drop_10,9,9,9,True
syn-0145,oof,char_drop_10,2,2,2,True
syn-0146,oof,char_drop_10,10,10,10,True
syn-0147,oof,char_drop_10,0,0,0,True
syn-0148,oof,char_drop_10,7,7,7,True
syn-0149,oof,char_drop_10,8,8,8,True
syn-0150,oof,char_drop_10,3,3,3,True
syn-0151,oof,char_drop_10,10,11,10,True
syn-0152,oof,char_drop_10,3,3,4,True
syn-0153,oof,char_drop_10,4,5,4,True
syn-0154,oof,char_drop_10,1,1,5,True
syn-0155,oof,char_drop_10,4,4,4,True
syn-0156,oof,char_drop_10,6,6,6,True
syn-0158,oof,char_drop_10,1,1,1,True
syn-0159,oof,char_drop_10,11,11,11,True
syn-0160,oof,char_drop_10,5,5,5,True
syn-0161,oof,char_drop_10,2,2,2,True
syn-0162,oof,char_drop_10,9,9,9,True
syn-0163,oof,char_drop_10,4,4,4,True
syn-0164,oof,char_drop_10,8,8,8,True
syn-0165,oof,char_drop_10,8,8,10,True
syn-0166,oof,char_drop_10,5,5,5,True
syn-0167,oof,char_drop_10,0,0,0,True
syn-0168,oof,char_drop_10,1,1,1,True
syn-0169,oof,char_drop_10,4,4,4,True
syn-0170,oof,char_drop_10,6,6,6,True
syn-0171,oof,char_drop_10,6,6,6,True
syn-0172,oof,char_drop_10,10,10,10,True
syn-0173,oof,char_drop_10,8,8,8,True
syn-0174,oof,char_drop_10,10,10,10,True
syn-0175,oof,char_drop_10,11,11,10,True
syn-0176,oof,char_drop_10,10,10,10,True
syn-0177,oof,char_drop_10,8,8,8,True
syn-0178,oof,char_drop_10,9,9,9,True
syn-0179,oof,char_drop_10,1,1,10,True
syn-0181,oof,char_drop_10,10,8,10,True
syn-0182,oof,char_drop_10,6,6,6,True
syn-0183,oof,char_drop_10,4,5,5,True
syn-0184,oof,char_drop_10,2,2,2,True
syn-0185,oof,char_drop_10,7,7,10,True
syn-0186,oof,char_drop_10,3,3,3,True
syn-0187,oof,char_drop_10,3,3,4,True
syn-0188,oof,char_drop_10,10,10,10,True
syn-0189,oof,char_drop_10,10,10,10,True
syn-0190,oof,char_drop_10,3,1,1,True
syn-0191,oof,char_drop_10,4,4,10,True
syn-0192,oof,char_drop_10,5,5,5,True
syn-0193,oof,char_drop_10,11,11,11,True
syn-0194,oof,char_drop_10,1,1,8,True
syn-0195,oof,char_drop_10,4,4,4,True
syn-0196,oof,char_drop_10,4,4,0,True
syn-0197,oof,char_drop_10,11,11,11,True
syn-0198,oof,char_drop_10,0,0,0,True
syn-0200,oof,char_drop_10,5,5,5,True
syn-0201,oof,char_drop_10,0,0,0,True
syn-0202,oof,char_drop_10,10,10,10,True
syn-0203,oof,char_drop_10,8,8,8,True
syn-0204,oof,char_drop_10,1,1,1,True
syn-0205,oof,char_drop_10,2,2,2,True
syn-0206,oof,char_drop_10,8,10,10,True
syn-0207,oof,char_drop_10,0,0,0,True
syn-0208,oof,char_drop_10,8,8,8,True
syn-0209,oof,char_drop_10,7,7,7,True
syn-0210,oof,char_drop_10,0,0,0,True
syn-0211,oof,char_drop_10,0,0,10,True
syn-0213,oof,char_drop_10,0,0,8,True
syn-0215,oof,char_drop_10,10,10,10,True
syn-0217,oof,char_drop_10,6,6,6,True
syn-0218,oof,char_drop_10,8,8,1,True
syn-0219,oof,char_drop_10,0,0,0,True
syn-0221,oof,char_drop_10,11,11,11,True
syn-0222,oof,char_drop_10,8,8,8,True
syn-0223,oof,char_drop_10,6,6,6,True
syn-0224,oof,char_drop_10,8,8,11,True
syn-0225,oof,char_drop_10,7,7,7,True
syn-0226,oof,char_drop_10,6,6,6,True
syn-0228,oof,char_drop_10,6,6,6,True
syn-0229,oof,char_drop_10,7,7,5,True
syn-0230,oof,char_drop_10,9,9,9,True
syn-0232,oof,char_drop_10,8,8,8,True
syn-0233,oof,char_drop_10,8,8,8,True
syn-0234,oof,char_drop_10,4,6,6,True
syn-0236,oof,char_drop_10,11,11,11,True
syn-0237,oof,char_drop_10,4,4,0,True
syn-0239,oof,char_drop_10,6,6,6,True
syn-0240,oof,char_drop_10,6,6,4,True
syn-0241,oof,char_drop_10,1,1,1,True
syn-0242,oof,char_drop_10,0,0,8,True
syn-0243,oof,char_drop_10,10,10,10,True
syn-0244,oof,char_drop_10,3,3,8,True
syn-0246,oof,char_drop_10,8,8,8,True
syn-0247,oof,char_drop_10,3,3,11,True
syn-0248,oof,char_drop_10,6,6,6,True
syn-0249,oof,char_drop_10,8,8,8,True
syn-0250,oof,char_drop_10,11,11,11,True
syn-0251,oof,char_drop_10,10,10,10,True
syn-0252,oof,char_drop_10,8,8,11,True
syn-0253,oof,char_drop_10,3,3,3,True
syn-0254,oof,char_drop_10,7,11,10,True
syn-0255,oof,char_drop_10,2,2,2,True
syn-0257,oof,char_drop_10,4,4,5,True
syn-0258,oof,char_drop_10,3,3,3,True
syn-0259,oof,char_drop_10,4,4,4,True
syn-0260,oof,char_drop_10,11,11,11,True
syn-0261,oof,char_drop_10,5,5,5,True
syn-0262,oof,char_drop_10,10,10,10,True
syn-0263,oof,char_drop_10,0,0,0,True
syn-0264,oof,char_drop_10,0,0,8,True
syn-0265,oof,char_drop_10,3,3,3,True
syn-0267,oof,char_drop_10,4,4,4,True
syn-0268,oof,char_drop_10,6,6,6,True
syn-0269,oof,char_drop_10,10,10,10,True
syn-0270,oof,char_drop_10,10,10,10,True
syn-0271,oof,char_drop_10,2,2,2,True
syn-0272,oof,char_drop_10,3,3,10,True
syn-0273,oof,char_drop_10,0,0,0,True
syn-0274,oof,char_drop_10,9,9,9,True
syn-0275,oof,char_drop_10,0,0,0,True
syn-0276,oof,char_drop_10,6,6,6,True
syn-0278,oof,char_drop_10,9,9,9,True
syn-0279,oof,char_drop_10,0,0,0,True
syn-0280,oof,char_drop_10,0,0,8,True
syn-0281,oof,char_drop_10,10,8,11,True
syn-0282,oof,char_drop_10,7,7,5,True
syn-0283,oof,char_drop_10,7,7,7,True
syn-0284,oof,char_drop_10,0,0,0,True
syn-0285,oof,char_drop_10,11,11,11,True
syn-0286,oof,char_drop_10,8,8,10,True
syn-0288,oof,char_drop_10,9,9,9,True
syn-0289,oof,char_drop_10,8,8,11,True
syn-0290,oof,char_drop_10,0,0,4,True
syn-0291,oof,char_drop_10,1,1,1,True
syn-0292,oof,char_drop_10,11,11,11,True
syn-0293,oof,char_drop_10,0,0,0,True
syn-0294,oof,char_drop_10,1,1,1,True
syn-0295,oof,char_drop_10,10,10,10,True
syn-0296,oof,char_drop_10,3,3,5,True
syn-0297,oof,char_drop_10,11,11,11,True
syn-0298,oof,char_drop_10,7,7,7,True
syn-0299,oof,char_drop_10,1,1,1,True
syn-0300,oof,char_drop_10,10,10,10,True
syn-0301,oof,char_drop_10,3,3,6,True
syn-0302,oof,char_drop_10,10,10,10,True
syn-0303,oof,char_drop_10,7,5,7,True
syn-0304,oof,char_drop_10,1,1,10,True
syn-0305,oof,char_drop_10,1,1,1,True
syn-0306,oof,char_drop_10,5,5,5,True
syn-0307,oof,char_drop_10,3,3,10,True
syn-0308,oof,char_drop_10,3,3,3,True
syn-0310,oof,char_drop_10,10,10,10,True
syn-0311,oof,char_drop_10,9,9,9,True
syn-0312,oof,char_drop_10,11,11,11,True
syn-0313,oof,char_drop_10,11,10,10,True
syn-0314,oof,char_drop_10,8,8,8,True
syn-0316,oof,char_drop_10,0,0,5,True
syn-0318,oof,char_drop_10,11,11,11,True
syn-0321,oof,char_drop_10,9,9,9,True
syn-0322,oof,char_drop_10,2,2,2,True
syn-0323,oof,char_drop_10,7,7,7,True
syn-0324,oof,char_drop_10,7,7,7,True
syn-0325,oof,char_drop_10,4,4,4,True
syn-0326,oof,char_drop_10,1,1,10,True
syn-0327,oof,char_drop_10,1,1,10,True
syn-0328,oof,char_drop_10,10,10,10,True
syn-0329,oof,char_drop_10,8,8,8,True
syn-0330,oof,char_drop_10,0,0,0,True
syn-0332,oof,char_drop_10,6,6,6,True
syn-0333,oof,char_drop_10,5,5,10,True
syn-0334,oof,char_drop_10,6,6,6,True
syn-0335,oof,char_drop_10,3,11,11,True
syn-0336,oof,char_drop_10,0,0,0,True
syn-0338,oof,char_drop_10,8,8,10,True
syn-0339,oof,char_drop_10,7,7,7,True
syn-0340,oof,char_drop_10,9,9,9,True
syn-0341,oof,char_drop_10,8,8,8,True
syn-0343,oof,char_drop_10,8,8,8,True
syn-0345,oof,char_drop_10,7,7,7,True
syn-0346,oof,char_drop_10,6,6,6,True
syn-0348,oof,char_drop_10,9,9,9,True
syn-0349,oof,char_drop_10,5,5,5,True
syn-0350,oof,char_drop_10,2,2,2,True
syn-0351,oof,char_drop_10,11,11,11,True
syn-0352,oof,char_drop_10,8,8,8,True
syn-0353,oof,char_drop_10,7,7,5,True
syn-0354,oof,char_drop_10,8,8,8,True
syn-0355,oof,char_drop_10,5,5,1,True
syn-0356,oof,char_drop_10,8,8,8,True
syn-0357,oof,char_drop_10,3,3,4,True
syn-0358,oof,char_drop_10,2,2,2,True
syn-0359,oof,char_drop_10,4,4,4,True
syn-0360,oof,char_drop_10,0,0,0,True
syn-0363,oof,char_drop_10,9,9,1,True
syn-0364,oof,char_drop_10,4,4,4,True
syn-0366,oof,char_drop_10,9,9,9,True
syn-0367,oof,char_drop_10,4,4,4,True
syn-0368,oof,char_drop_10,9,9,10,True
syn-0369,oof,char_drop_10,6,5,6,True
syn-0370,oof,char_drop_10,9,9,9,True
syn-0371,oof,char_drop_10,6,6,10,True
syn-0372,oof,char_drop_10,1,1,1,True
syn-0373,oof,char_drop_10,11,11,11,True
syn-0374,oof,char_drop_10,8,8,4,True
syn-0375,oof,char_drop_10,8,8,11,True
syn-0376,oof,char_drop_10,5,5,5,True
syn-0377,oof,char_drop_10,5,5,5,True
syn-0378,oof,char_drop_10,2,2,2,True
syn-0379,oof,char_drop_10,3,3,10,True
syn-0380,oof,char_drop_10,4,5,4,True
syn-0381,oof,char_drop_10,8,8,8,True
syn-0382,oof,char_drop_10,0,0,0,True
syn-0383,oof,char_drop_10,2,2,2,True
syn-0384,oof,char_drop_10,1,1,8,True
syn-0385,oof,char_drop_10,5,4,4,True
syn-0386,oof,char_drop_10,10,10,10,True
syn-0388,oof,char_drop_10,5,5,5,True
syn-0391,oof,char_drop_10,0,0,0,True
syn-0392,oof,char_drop_10,1,1,1,True
syn-0393,oof,char_drop_10,2,2,2,True
syn-0396,oof,char_drop_10,3,3,3,True
syn-0397,oof,char_drop_10,1,1,1,True
syn-0399,oof,char_drop_10,8,8,8,True
syn-0401,oof,char_drop_10,11,11,11,True
syn-0402,oof,char_drop_10,1,1,1,True
syn-0403,oof,char_drop_10,9,9,10,True
syn-0405,oof,char_drop_10,8,8,8,True
syn-0406,oof,char_drop_10,4,0,0,True
syn-0407,oof,char_drop_10,6,6,6,True
syn-0408,oof,char_drop_10,4,4,0,True
syn-0409,oof,char_drop_10,10,10,10,True
syn-0410,oof,char_drop_10,10,10,10,True
syn-0411,oof,char_drop_10,2,2,2,True
syn-0413,oof,char_drop_10,9,9,9,True
syn-0414,oof,char_drop_10,5,4,4,True
syn-0415,oof,char_drop_10,1,1,11,True
syn-0416,oof,char_drop_10,2,2,2,True
syn-0417,oof,char_drop_10,7,4,10,True
syn-0418,oof,char_drop_10,0,0,0,True
syn-0419,oof,char_drop_10,1,1,1,True
syn-0420,oof,char_drop_10,2,2,2,True
syn-0421,oof,char_drop_10,10,10,10,True
syn-0422,oof,char_drop_10,1,1,1,True
syn-0423,oof,char_drop_10,9,9,9,True
syn-0425,oof,char_drop_10,5,5,5,True
syn-0426,oof,char_drop_10,10,10,7,True
syn-0427,oof,char_drop_10,5,5,4,True
syn-0428,oof,char_drop_10,8,1,10,True
syn-0429,oof,char_drop_10,2,2,2,True
syn-0430,oof,char_drop_10,1,1,5,True
syn-0431,oof,char_drop_10,3,3,3,True
syn-0432,oof,char_drop_10,6,6,6,True
syn-0433,oof,char_drop_10,5,5,4,True
syn-0435,oof,char_drop_10,10,10,10,True
syn-0436,oof,char_drop_10,6,6,6,True
syn-0437,oof,char_drop_10,3,3,10,True
syn-0439,oof,char_drop_10,6,6,8,True
syn-0440,oof,char_drop_10,1,1,1,True
syn-0443,oof,char_drop_10,7,7,7,True
syn-0444,oof,char_drop_10,5,5,4,True
syn-0445,oof,char_drop_10,6,6,6,True
syn-0447,oof,char_drop_10,7,7,7,True
syn-0448,oof,char_drop_10,4,5,5,True
syn-0449,oof,char_drop_10,11,11,11,True
syn-0450,oof,char_drop_10,10,10,10,True
syn-0451,oof,char_drop_10,8,8,8,True
syn-0452,oof,char_drop_10,10,10,10,True
syn-0453,oof,char_drop_10,1,1,11,True
syn-0454,oof,char_drop_10,11,11,11,True
syn-0455,oof,char_drop_10,2,2,2,True
syn-0456,oof,char_drop_10,11,11,11,True
syn-0457,oof,char_drop_10,9,9,10,True
syn-0458,oof,char_drop_10,6,6,6,True
syn-0459,oof,char_drop_10,5,8,4,True
syn-0460,oof,char_drop_10,8,8,8,True
syn-0461,oof,char_drop_10,2,2,2,True
syn-0463,oof,char_drop_10,11,11,11,True
syn-0464,oof,char_drop_10,4,4,0,True
syn-0465,oof,char_drop_10,7,7,7,True
syn-0468,oof,char_drop_10,6,6,6,True
syn-0469,oof,char_drop_10,9,9,9,True
syn-0471,oof,char_drop_10,5,5,5,True
syn-0472,oof,char_drop_10,8,8,10,True
syn-0473,oof,char_drop_10,10,10,10,True
syn-0474,oof,char_drop_10,0,0,0,True
syn-0476,oof,char_drop_10,7,7,5,True
syn-0477,oof,char_drop_10,7,5,4,True
syn-0478,oof,char_drop_10,2,2,2,False
syn-0480,oof,char_drop_10,1,1,4,True
syn-0481,oof,char_drop_10,9,9,9,True
syn-0482,oof,char_drop_10,1,1,1,True
syn-0484,oof,char_drop_10,3,3,3,True
syn-0485,oof,char_drop_10,10,10,10,True
syn-0486,oof,char_drop_10,1,1,1,True
syn-0487,oof,char_drop_10,6,6,8,True
syn-0488,oof,char_drop_10,10,10,10,True
syn-0489,oof,char_drop_10,11,11,11,True
syn-0490,oof,char_drop_10,7,7,7,True
syn-0491,oof,char_drop_10,10,10,10,True
syn-0492,oof,char_drop_10,6,6,6,True
syn-0493,oof,char_drop_10,8,8,8,True
syn-0495,oof,char_drop_10,2,2,2,True
syn-0496,oof,char_drop_10,8,8,8,True
syn-0497,oof,char_drop_10,5,5,11,True
syn-0498,oof,char_drop_10,7,7,7,True
syn-0499,oof,char_drop_10,11,11,11,True
syn-0002,oof,char_insert_10,1,1,1,True
syn-0003,oof,char_insert_10,2,2,2,True
syn-0004,oof,char_insert_10,10,10,10,True
syn-0005,oof,char_insert_10,11,11,11,True
syn-0006,oof,char_insert_10,7,7,9,True
syn-0007,oof,char_insert_10,6,6,4,True
syn-0008,oof,char_insert_10,8,8,8,True
syn-0009,oof,char_insert_10,8,8,11,True
syn-0010,oof,char_insert_10,9,9,9,True
syn-0011,oof,char_insert_10,10,10,10,True
syn-0013,oof,char_insert_10,6,6,6,True
syn-0014,oof,char_insert_10,0,0,0,True
syn-0015,oof,char_insert_10,6,6,6,True
syn-0016,oof,char_insert_10,9,9,9,True
syn-0017,oof,char_insert_10,3,3,3,True
syn-0018,oof,char_insert_10,3,6,6,True
syn-0019,oof,char_insert_10,0,0,10,True
syn-0020,oof,char_insert_10,6,6,6,True
syn-0022,oof,char_insert_10,10,11,4,True
syn-0023,oof,char_insert_10,1,1,1,True
syn-0024,oof,char_insert_10,2,2,2,True
syn-0025,oof,char_insert_10,8,8,8,True
syn-0026,oof,char_insert_10,10,10,10,True
syn-0027,oof,char_insert_10,4,4,4,True
syn-0029,oof,char_insert_10,2,2,2,True
syn-0031,oof,char_insert_10,0,0,0,True
syn-0032,oof,char_insert_10,4,4,4,True
syn-0033,oof,char_insert_10,5,5,5,True
syn-0034,oof,char_insert_10,0,0,0,True
syn-0035,oof,char_insert_10,9,9,9,True
syn-0036,oof,char_insert_10,5,5,10,True
syn-0037,oof,char_insert_10,8,8,10,True
syn-0038,oof,char_insert_10,5,5,5,True
syn-0039,oof,char_insert_10,1,1,1,True
syn-0040,oof,char_insert_10,4,4,4,True
syn-0041,oof,char_insert_10,10,9,9,True
syn-0042,oof,char_insert_10,9,9,9,True
syn-0043,oof,char_insert_10,9,9,9,True
syn-0044,oof,char_insert_10,2,2,2,True
syn-0045,oof,char_insert_10,9,9,10,True
syn-0046,oof,char_insert_10,8,8,8,True
syn-0048,oof,char_insert_10,11,11,11,True
syn-0049,oof,char_insert_10,8,8,8,True
syn-0050,oof,char_insert_10,4,4,6,True
syn-0051,oof,char_insert_10,3,3,3,True
syn-0052,oof,char_insert_10,4,4,4,True
syn-0053,oof,char_insert_10,10,10,10,True
syn-0054,oof,char_insert_10,5,5,5,True
syn-0055,oof,char_insert_10,3,3,3,True
syn-0056,oof,char_insert_10,8,8,10,True
syn-0057,oof,char_insert_10,8,8,8,True
syn-0058,oof,char_insert_10,9,9,9,True
syn-0059,oof,char_insert_10,3,3,3,True
syn-0061,oof,char_insert_10,4,4,4,True
syn-0062,oof,char_insert_10,7,7,7,True
syn-0063,oof,char_insert_10,1,1,1,True
syn-0064,oof,char_insert_10,6,6,6,True
syn-0065,oof,char_insert_10,11,11,11,True
syn-0067,oof,char_insert_10,5,5,5,True
syn-0068,oof,char_insert_10,10,9,10,True
syn-0069,oof,char_insert_10,11,11,11,True
syn-0070,oof,char_insert_10,2,2,2,True
syn-0071,oof,char_insert_10,6,6,6,True
syn-0072,oof,char_insert_10,0,0,0,True
syn-0073,oof,char_insert_10,11,11,10,True
syn-0074,oof,char_insert_10,5,5,9,True
syn-0075,oof,char_insert_10,7,7,7,True
syn-0076,oof,char_insert_10,5,5,5,True
syn-0077,oof,char_insert_10,2,2,2,True
syn-0079,oof,char_insert_10,1,1,1,True
syn-0080,oof,char_insert_10,3,3,4,True
syn-0081,oof,char_insert_10,10,10,10,True
syn-0082,oof,char_insert_10,1,6,10,True
syn-0083,oof,char_insert_10,0,0,0,True
syn-0084,oof,char_insert_10,5,5,5,True
syn-0085,oof,char_insert_10,3,1,1,True
syn-0086,oof,char_insert_10,10,10,10,True
syn-0087,oof,char_insert_10,5,5,8,True
syn-0090,oof,char_insert_10,5,5,8,True
syn-0091,oof,char_insert_10,4,4,4,True
syn-0093,oof,char_insert_10,5,5,5,True
syn-0094,oof,char_insert_10,1,1,1,True
syn-0095,oof,char_insert_10,11,11,11,True
syn-0097,oof,char_insert_10,10,10,10,True
syn-0098,oof,char_insert_10,10,10,10,True
syn-0100,oof,char_insert_10,2,2,2,True
syn-0101,oof,char_insert_10,3,3,3,True
syn-0102,oof,char_insert_10,1,1,8,True
syn-0103,oof,char_insert_10,11,11,1,True
syn-0105,oof,char_insert_10,4,4,4,True
syn-0106,oof,char_insert_10,10,10,10,True
syn-0107,oof,char_insert_10,10,10,10,True
syn-0108,oof,char_insert_10,8,10,10,True
syn-0109,oof,char_insert_10,3,3,10,True
syn-0111,oof,char_insert_10,3,3,3,True
syn-0112,oof,char_insert_10,4,4,4,True
syn-0113,oof,char_insert_10,11,11,11,True
syn-0114,oof,char_insert_10,4,4,4,True
syn-0117,oof,char_insert_10,6,6,6,True
syn-0118,oof,char_insert_10,5,5,4,True
syn-0119,oof,char_insert_10,6,6,6,True
syn-0120,oof,char_insert_10,3,3,3,True
syn-0121,oof,char_insert_10,9,9,9,True
syn-0122,oof,char_insert_10,3,3,3,True
syn-0123,oof,char_insert_10,10,10,10,True
syn-0124,oof,char_insert_10,6,6,6,True
syn-0125,oof,char_insert_10,9,9,9,True
syn-0127,oof,char_insert_10,11,11,11,True
syn-0128,oof,char_insert_10,2,2,2,True
syn-0129,oof,char_insert_10,11,11,11,True
syn-0130,oof,char_insert_10,6,8,8,True
syn-0133,oof,char_insert_10,2,2,2,True
syn-0134,oof,char_insert_10,5,5,8,True
syn-0135,oof,char_insert_10,0,0,8,True
syn-0136,oof,char_insert_10,6,6,6,True
syn-0137,oof,char_insert_10,8,8,8,True
syn-0138,oof,char_insert_10,4,4,10,True
syn-0139,oof,char_insert_10,1,1,1,True
syn-0140,oof,char_insert_10,11,11,10,True
syn-0141,oof,char_insert_10,2,2,2,True
syn-0142,oof,char_insert_10,4,4,4,True
syn-0143,oof,char_insert_10,1,1,8,True
syn-0144,oof,char_insert_10,9,9,9,True
syn-0145,oof,char_insert_10,2,2,2,True
syn-0146,oof,char_insert_10,10,10,10,True
syn-0147,oof,char_insert_10,0,0,0,True
syn-0148,oof,char_insert_10,7,7,11,True
syn-0149,oof,char_insert_10,8,8,8,True
syn-0150,oof,char_insert_10,3,3,1,True
syn-0151,oof,char_insert_10,10,11,10,True
syn-0152,oof,char_insert_10,3,3,3,True
syn-0153,oof,char_insert_10,4,5,4,True
syn-0154,oof,char_insert_10,1,1,5,True
syn-0155,oof,char_insert_10,4,4,4,True
syn-0156,oof,char_insert_10,6,6,10,True
syn-0158,oof,char_insert_10,1,1,10,True
syn-0159,oof,char_insert_10,11,11,11,True
syn-0160,oof,char_insert_10,5,5,5,True
syn-0161,oof,char_insert_10,2,2,2,True
syn-0162,oof,char_insert_10,9,9,9,True
syn-0163,oof,char_insert_10,4,4,4,True
syn-0164,oof,char_insert_10,8,8,8,True
syn-0165,oof,char_insert_10,8,8,8,True
syn-0166,oof,char_insert_10,5,5,5,True
syn-0167,oof,char_insert_10,0,0,0,True
syn-0168,oof,char_insert_10,1,1,1,True
syn-0169,oof,char_insert_10,4,4,4,True
syn-0170,oof,char_insert_10,6,6,6,True
syn-0171,oof,char_insert_10,6,6,6,True
syn-0172,oof,char_insert_10,10,10,10,True
syn-0173,oof,char_insert_10,8,8,8,True
syn-0174,oof,char_insert_10,10,10,10,True
syn-0175,oof,char_insert_10,11,11,11,True
syn-0176,oof,char_insert_10,10,10,10,True
syn-0177,oof,char_insert_10,8,8,8,True
syn-0178,oof,char_insert_10,9,9,10,True
syn-0179,oof,char_insert_10,1,1,1,True
syn-0181,oof,char_insert_10,10,8,8,True
syn-0182,oof,char_insert_10,6,6,6,True
syn-0183,oof,char_insert_10,4,5,4,True
syn-0184,oof,char_insert_10,2,2,2,True
syn-0185,oof,char_insert_10,7,7,7,True
syn-0186,oof,char_insert_10,3,3,3,True
syn-0187,oof,char_insert_10,3,3,3,True
syn-0188,oof,char_insert_10,10,10,10,True
syn-0189,oof,char_insert_10,10,10,10,True
syn-0190,oof,char_insert_10,3,1,1,True
syn-0191,oof,char_insert_10,4,4,10,True
syn-0192,oof,char_insert_10,5,5,5,True
syn-0193,oof,char_insert_10,11,11,11,True
syn-0194,oof,char_insert_10,1,1,1,True
syn-0195,oof,char_insert_10,4,4,4,True
syn-0196,oof,char_insert_10,4,4,4,True
syn-0197,oof,char_insert_10,11,11,11,True
syn-0198,oof,char_insert_10,0,0,4,True
syn-0200,oof,char_insert_10,5,5,5,True
syn-0201,oof,char_insert_10,0,0,0,True
syn-0202,oof,char_insert_10,10,10,10,True
syn-0203,oof,char_insert_10,8,8,8,True
syn-0204,oof,char_insert_10,1,1,1,True
syn-0205,oof,char_insert_10,2,2,2,True
syn-0206,oof,char_insert_10,8,10,10,True
syn-0207,oof,char_insert_10,0,0,0,True
syn-0208,oof,char_insert_10,8,8,8,True
syn-0209,oof,char_insert_10,7,7,5,True
syn-0210,oof,char_insert_10,0,0,0,True
syn-0211,oof,char_insert_10,0,0,0,True
syn-0213,oof,char_insert_10,0,0,0,True
syn-0215,oof,char_insert_10,10,10,10,True
syn-0217,oof,char_insert_10,6,6,10,True
syn-0218,oof,char_insert_10,8,8,8,True
syn-0219,oof,char_insert_10,0,0,0,True
syn-0221,oof,char_insert_10,11,11,11,True
syn-0222,oof,char_insert_10,8,8,8,True
syn-0223,oof,char_insert_10,6,6,6,True
syn-0224,oof,char_insert_10,8,8,10,True
syn-0225,oof,char_insert_10,7,7,7,True
syn-0226,oof,char_insert_10,6,6,10,True
syn-0228,oof,char_insert_10,6,6,6,True
syn-0229,oof,char_insert_10,7,7,7,True
syn-0230,oof,char_insert_10,9,9,9,True
syn-0232,oof,char_insert_10,8,8,8,True
syn-0233,oof,char_insert_10,8,8,8,True
syn-0234,oof,char_insert_10,4,6,6,True
syn-0236,oof,char_insert_10,11,11,11,True
syn-0237,oof,char_insert_10,4,4,4,True
syn-0239,oof,char_insert_10,6,6,6,True
syn-0240,oof,char_insert_10,6,6,6,True
syn-0241,oof,char_insert_10,1,1,1,True
syn-0242,oof,char_insert_10,0,0,0,True
syn-0243,oof,char_insert_10,10,10,10,True
syn-0244,oof,char_insert_10,3,3,8,True
syn-0246,oof,char_insert_10,8,8,8,True
syn-0247,oof,char_insert_10,3,3,11,True
syn-0248,oof,char_insert_10,6,6,6,True
syn-0249,oof,char_insert_10,8,8,8,True
syn-0250,oof,char_insert_10,11,11,11,True
syn-0251,oof,char_insert_10,10,10,10,True
syn-0252,oof,char_insert_10,8,8,8,True
syn-0253,oof,char_insert_10,3,3,3,True
syn-0254,oof,char_insert_10,7,11,7,True
syn-0255,oof,char_insert_10,2,2,2,True
syn-0257,oof,char_insert_10,4,4,4,True
syn-0258,oof,char_insert_10,3,3,3,True
syn-0259,oof,char_insert_10,4,4,4,True
syn-0260,oof,char_insert_10,11,11,11,True
syn-0261,oof,char_insert_10,5,5,4,True
syn-0262,oof,char_insert_10,10,10,10,True
syn-0263,oof,char_insert_10,0,0,0,True
syn-0264,oof,char_insert_10,0,0,0,True
syn-0265,oof,char_insert_10,3,3,3,True
syn-0267,oof,char_insert_10,4,4,4,True
syn-0268,oof,char_insert_10,6,6,6,True
syn-0269,oof,char_insert_10,10,10,10,True
syn-0270,oof,char_insert_10,10,10,10,True
syn-0271,oof,char_insert_10,2,2,2,True
syn-0272,oof,char_insert_10,3,3,1,True
syn-0273,oof,char_insert_10,0,0,0,True
syn-0274,oof,char_insert_10,9,9,9,True
syn-0275,oof,char_insert_10,0,0,0,True
syn-0276,oof,char_insert_10,6,6,6,True
syn-0278,oof,char_insert_10,9,9,9,True
syn-0279,oof,char_insert_10,0,0,0,True
syn-0280,oof,char_insert_10,0,0,0,True
syn-0281,oof,char_insert_10,10,8,10,True
syn-0282,oof,char_insert_10,7,7,5,True
syn-0283,oof,char_insert_10,7,7,7,True
syn-0284,oof,char_insert_10,0,0,0,True
syn-0285,oof,char_insert_10,11,11,11,True
syn-0286,oof,char_insert_10,8,8,10,True
syn-0288,oof,char_insert_10,9,9,9,True
syn-0289,oof,char_insert_10,8,8,0,True
syn-0290,oof,char_insert_10,0,0,0,True
syn-0291,oof,char_insert_10,1,1,1,True
syn-0292,oof,char_insert_10,11,11,11,True
syn-0293,oof,char_insert_10,0,0,0,True
syn-0294,oof,char_insert_10,1,1,1,True
syn-0295,oof,char_insert_10,10,10,10,True
syn-0296,oof,char_insert_10,3,3,3,True
syn-0297,oof,char_insert_10,11,11,11,True
syn-0298,oof,char_insert_10,7,7,7,True
syn-0299,oof,char_insert_10,1,1,1,True
syn-0300,oof,char_insert_10,10,10,10,True
syn-0301,oof,char_insert_10,3,3,3,True
syn-0302,oof,char_insert_10,10,10,10,True
syn-0303,oof,char_insert_10,7,5,5,True
syn-0304,oof,char_insert_10,1,1,1,True
syn-0305,oof,char_insert_10,1,1,10,True
syn-0306,oof,char_insert_10,5,5,5,True
syn-0307,oof,char_insert_10,3,3,3,True
syn-0308,oof,char_insert_10,3,3,3,True
syn-0310,oof,char_insert_10,10,10,10,True
syn-0311,oof,char_insert_10,9,9,9,True
syn-0312,oof,char_insert_10,11,11,11,True
syn-0313,oof,char_insert_10,11,10,10,True
syn-0314,oof,char_insert_10,8,8,8,True
syn-0316,oof,char_insert_10,0,0,0,True
syn-0318,oof,char_insert_10,11,11,11,True
syn-0321,oof,char_insert_10,9,9,9,True
syn-0322,oof,char_insert_10,2,2,2,True
syn-0323,oof,char_insert_10,7,7,7,True
syn-0324,oof,char_insert_10,7,7,11,True
syn-0325,oof,char_insert_10,4,4,4,True
syn-0326,oof,char_insert_10,1,1,1,True
syn-0327,oof,char_insert_10,1,1,11,True
syn-0328,oof,char_insert_10,10,10,10,True
syn-0329,oof,char_insert_10,8,8,8,True
syn-0330,oof,char_insert_10,0,0,1,True
syn-0332,oof,char_insert_10,6,6,6,True
syn-0333,oof,char_insert_10,5,5,5,True
syn-0334,oof,char_insert_10,6,6,6,True
syn-0335,oof,char_insert_10,3,11,11,True
syn-0336,oof,char_insert_10,0,0,0,True
syn-0338,oof,char_insert_10,8,8,8,True
syn-0339,oof,char_insert_10,7,7,7,True
syn-0340,oof,char_insert_10,9,9,9,True
syn-0341,oof,char_insert_10,8,8,8,True
syn-0343,oof,char_insert_10,8,8,8,True
syn-0345,oof,char_insert_10,7,7,4,True
syn-0346,oof,char_insert_10,6,6,6,True
syn-0348,oof,char_insert_10,9,9,9,True
syn-0349,oof,char_insert_10,5,5,5,True
syn-0350,oof,char_insert_10,2,2,2,True
syn-0351,oof,char_insert_10,11,11,11,True
syn-0352,oof,char_insert_10,8,8,8,True
syn-0353,oof,char_insert_10,7,7,5,True
syn-0354,oof,char_insert_10,8,8,8,True
syn-0355,oof,char_insert_10,5,5,11,True
syn-0356,oof,char_insert_10,8,8,8,True
syn-0357,oof,char_insert_10,3,3,3,True
syn-0358,oof,char_insert_10,2,2,2,True
syn-0359,oof,char_insert_10,4,4,4,True
syn-0360,oof,char_insert_10,0,0,1,True
syn-0363,oof,char_insert_10,9,9,9,True
syn-0364,oof,char_insert_10,4,4,8,True
syn-0366,oof,char_insert_10,9,9,9,True
syn-0367,oof,char_insert_10,4,4,4,True
syn-0368,oof,char_insert_10,9,9,9,True
syn-0369,oof,char_insert_10,6,5,4,True
syn-0370,oof,char_insert_10,9,9,9,True
syn-0371,oof,char_insert_10,6,6,10,True
syn-0372,oof,char_insert_10,1,1,1,True
syn-0373,oof,char_insert_10,11,11,11,True
syn-0374,oof,char_insert_10,8,8,8,True
syn-0375,oof,char_insert_10,8,8,10,True
syn-0376,oof,char_insert_10,5,5,5,True
syn-0377,oof,char_insert_10,5,5,7,True
syn-0378,oof,char_insert_10,2,2,2,True
syn-0379,oof,char_insert_10,3,3,3,True
syn-0380,oof,char_insert_10,4,5,5,True
syn-0381,oof,char_insert_10,8,8,8,True
syn-0382,oof,char_insert_10,0,0,0,True
syn-0383,oof,char_insert_10,2,2,2,True
syn-0384,oof,char_insert_10,1,1,1,True
syn-0385,oof,char_insert_10,5,4,4,True
syn-0386,oof,char_insert_10,10,10,10,True
syn-0388,oof,char_insert_10,5,5,7,True
syn-0391,oof,char_insert_10,0,0,0,True
syn-0392,oof,char_insert_10,1,1,1,True
syn-0393,oof,char_insert_10,2,2,2,True
syn-0396,oof,char_insert_10,3,3,3,True
syn-0397,oof,char_insert_10,1,1,1,True
syn-0399,oof,char_insert_10,8,8,10,True
syn-0401,oof,char_insert_10,11,11,1,True
syn-0402,oof,char_insert_10,1,1,10,True
syn-0403,oof,char_insert_10,9,9,8,True
syn-0405,oof,char_insert_10,8,8,8,True
syn-0406,oof,char_insert_10,4,0,4,True
syn-0407,oof,char_insert_10,6,6,6,True
syn-0408,oof,char_insert_10,4,4,4,True
syn-0409,oof,char_insert_10,10,10,10,True
syn-0410,oof,char_insert_10,10,10,10,True
syn-0411,oof,char_insert_10,2,2,2,True
syn-0413,oof,char_insert_10,9,9,9,True
syn-0414,oof,char_insert_10,5,4,4,True
syn-0415,oof,char_insert_10,1,1,1,True
syn-0416,oof,char_insert_10,2,2,2,True
syn-0417,oof,char_insert_10,7,4,6,True
syn-0418,oof,char_insert_10,0,0,0,True
syn-0419,oof,char_insert_10,1,1,1,True
syn-0420,oof,char_insert_10,2,2,2,True
syn-0421,oof,char_insert_10,10,10,10,True
syn-0422,oof,char_insert_10,1,1,1,True
syn-0423,oof,char_insert_10,9,9,9,True
syn-0425,oof,char_insert_10,5,5,5,True
syn-0426,oof,char_insert_10,10,10,10,True
syn-0427,oof,char_insert_10,5,5,4,True
syn-0428,oof,char_insert_10,8,1,8,True
syn-0429,oof,char_insert_10,2,2,2,True
syn-0430,oof,char_insert_10,1,1,1,True
syn-0431,oof,char_insert_10,3,3,4,True
syn-0432,oof,char_insert_10,6,6,6,True
syn-0433,oof,char_insert_10,5,5,5,True
syn-0435,oof,char_insert_10,10,10,10,True
syn-0436,oof,char_insert_10,6,6,6,True
syn-0437,oof,char_insert_10,3,3,10,True
syn-0439,oof,char_insert_10,6,6,6,True
syn-0440,oof,char_insert_10,1,1,1,True
syn-0443,oof,char_insert_10,7,7,7,True
syn-0444,oof,char_insert_10,5,5,6,True
syn-0445,oof,char_insert_10,6,6,6,True
syn-0447,oof,char_insert_10,7,7,7,True
syn-0448,oof,char_insert_10,4,5,4,True
syn-0449,oof,char_insert_10,11,11,11,True
syn-0450,oof,char_insert_10,10,10,10,True
syn-0451,oof,char_insert_10,8,8,5,True
syn-0452,oof,char_insert_10,10,10,10,True
syn-0453,oof,char_insert_10,1,1,1,True
syn-0454,oof,char_insert_10,11,11,11,True
syn-0455,oof,char_insert_10,2,2,3,True
syn-0456,oof,char_insert_10,11,11,11,True
syn-0457,oof,char_insert_10,9,9,9,True
syn-0458,oof,char_insert_10,6,6,6,True
syn-0459,oof,char_insert_10,5,8,8,True
syn-0460,oof,char_insert_10,8,8,8,True
syn-0461,oof,char_insert_10,2,2,2,True
syn-0463,oof,char_insert_10,11,11,11,True
syn-0464,oof,char_insert_10,4,4,4,True
syn-0465,oof,char_insert_10,7,7,7,True
syn-0468,oof,char_insert_10,6,6,6,True
syn-0469,oof,char_insert_10,9,9,9,True
syn-0471,oof,char_insert_10,5,5,5,True
syn-0472,oof,char_insert_10,8,8,10,True
syn-0473,oof,char_insert_10,10,10,10,True
syn-0474,oof,char_insert_10,0,0,0,True
syn-0476,oof,char_insert_10,7,7,5,True
syn-0477,oof,char_insert_10,7,5,10,True
syn-0478,oof,char_insert_10,2,2,2,False
syn-0480,oof,char_insert_10,1,1,11,True
syn-0481,oof,char_insert_10,9,9,9,True
syn-0482,oof,char_insert_10,1,1,1,True
syn-0484,oof,char_insert_10,3,3,3,True
syn-0485,oof,char_insert_10,10,10,10,True
syn-0486,oof,char_insert_10,1,1,1,True
syn-0487,oof,char_insert_10,6,6,6,True
syn-0488,oof,char_insert_10,10,10,10,True
syn-0489,oof,char_insert_10,11,11,11,True
syn-0490,oof,char_insert_10,7,7,4,True
syn-0491,oof,char_insert_10,10,10,10,True
syn-0492,oof,char_insert_10,6,6,6,True
syn-0493,oof,char_insert_10,8,8,8,True
syn-0495,oof,char_insert_10,2,2,2,True
syn-0496,oof,char_insert_10,8,8,8,True
syn-0497,oof,char_insert_10,5,5,8,True
syn-0498,oof,char_insert_10,7,7,7,True
syn-0499,oof,char_insert_10,11,11,11,True
syn-0002,oof,char_mixed_10,1,1,1,True
syn-0003,oof,char_mixed_10,2,2,2,True
syn-0004,oof,char_mixed_10,10,10,10,True
syn-0005,oof,char_mixed_10,11,11,11,True
syn-0006,oof,char_mixed_10,7,7,9,True
syn-0007,oof,char_mixed_10,6,6,4,True
syn-0008,oof,char_mixed_10,8,8,8,True
syn-0009,oof,char_mixed_10,8,8,8,True
syn-0010,oof,char_mixed_10,9,9,9,True
syn-0011,oof,char_mixed_10,10,10,10,True
syn-0013,oof,char_mixed_10,6,6,6,True
syn-0014,oof,char_mixed_10,0,0,8,True
syn-0015,oof,char_mixed_10,6,6,6,True
syn-0016,oof,char_mixed_10,9,9,10,True
syn-0017,oof,char_mixed_10,3,3,3,True
syn-0018,oof,char_mixed_10,3,6,6,True
syn-0019,oof,char_mixed_10,0,0,4,True
syn-0020,oof,char_mixed_10,6,6,6,True
syn-0022,oof,char_mixed_10,10,11,11,True
syn-0023,oof,char_mixed_10,1,1,11,True
syn-0024,oof,char_mixed_10,2,2,2,True
syn-0025,oof,char_mixed_10,8,8,8,True
syn-0026,oof,char_mixed_10,10,10,10,True
syn-0027,oof,char_mixed_10,4,4,4,True
syn-0029,oof,char_mixed_10,2,2,2,True
syn-0031,oof,char_mixed_10,0,0,0,True
syn-0032,oof,char_mixed_10,4,4,4,True
syn-0033,oof,char_mixed_10,5,5,5,True
syn-0034,oof,char_mixed_10,0,0,0,True
syn-0035,oof,char_mixed_10,9,9,10,True
syn-0036,oof,char_mixed_10,5,5,4,True
syn-0037,oof,char_mixed_10,8,8,8,True
syn-0038,oof,char_mixed_10,5,5,5,True
syn-0039,oof,char_mixed_10,1,1,5,True
syn-0040,oof,char_mixed_10,4,4,4,True
syn-0041,oof,char_mixed_10,10,9,10,True
syn-0042,oof,char_mixed_10,9,9,9,True
syn-0043,oof,char_mixed_10,9,9,9,True
syn-0044,oof,char_mixed_10,2,2,2,True
syn-0045,oof,char_mixed_10,9,9,10,True
syn-0046,oof,char_mixed_10,8,8,8,True
syn-0048,oof,char_mixed_10,11,11,11,True
syn-0049,oof,char_mixed_10,8,8,8,True
syn-0050,oof,char_mixed_10,4,4,4,True
syn-0051,oof,char_mixed_10,3,3,3,True
syn-0052,oof,char_mixed_10,4,4,0,True
syn-0053,oof,char_mixed_10,10,10,10,True
syn-0054,oof,char_mixed_10,5,5,5,True
syn-0055,oof,char_mixed_10,3,3,3,True
syn-0056,oof,char_mixed_10,8,8,8,True
syn-0057,oof,char_mixed_10,8,8,8,True
syn-0058,oof,char_mixed_10,9,9,9,True
syn-0059,oof,char_mixed_10,3,3,3,True
syn-0061,oof,char_mixed_10,4,4,4,True
syn-0062,oof,char_mixed_10,7,7,7,True
syn-0063,oof,char_mixed_10,1,1,1,True
syn-0064,oof,char_mixed_10,6,6,6,True
syn-0065,oof,char_mixed_10,11,11,11,True
syn-0067,oof,char_mixed_10,5,5,5,True
syn-0068,oof,char_mixed_10,10,9,10,True
syn-0069,oof,char_mixed_10,11,11,11,True
syn-0070,oof,char_mixed_10,2,2,2,True
syn-0071,oof,char_mixed_10,6,6,6,True
syn-0072,oof,char_mixed_10,0,0,0,True
syn-0073,oof,char_mixed_10,11,11,11,True
syn-0074,oof,char_mixed_10,5,5,5,True
syn-0075,oof,char_mixed_10,7,7,7,True
syn-0076,oof,char_mixed_10,5,5,5,True
syn-0077,oof,char_mixed_10,2,2,2,True
syn-0079,oof,char_mixed_10,1,1,1,True
syn-0080,oof,char_mixed_10,3,3,8,True
syn-0081,oof,char_mixed_10,10,10,10,True
syn-0082,oof,char_mixed_10,1,6,6,True
syn-0083,oof,char_mixed_10,0,0,0,True
syn-0084,oof,char_mixed_10,5,5,5,True
syn-0085,oof,char_mixed_10,3,1,1,True
syn-0086,oof,char_mixed_10,10,10,10,True
syn-0087,oof,char_mixed_10,5,5,8,True
syn-0090,oof,char_mixed_10,5,5,4,True
syn-0091,oof,char_mixed_10,4,4,4,True
syn-0093,oof,char_mixed_10,5,5,6,True
syn-0094,oof,char_mixed_10,1,1,1,True
syn-0095,oof,char_mixed_10,11,11,11,True
syn-0097,oof,char_mixed_10,10,10,10,True
syn-0098,oof,char_mixed_10,10,10,10,True
syn-0100,oof,char_mixed_10,2,2,2,True
syn-0101,oof,char_mixed_10,3,3,3,True
syn-0102,oof,char_mixed_10,1,1,1,True
syn-0103,oof,char_mixed_10,11,11,11,True
syn-0105,oof,char_mixed_10,4,4,4,True
syn-0106,oof,char_mixed_10,10,10,10,True
syn-0107,oof,char_mixed_10,10,10,10,True
syn-0108,oof,char_mixed_10,8,10,10,True
syn-0109,oof,char_mixed_10,3,3,9,True
syn-0111,oof,char_mixed_10,3,3,3,True
syn-0112,oof,char_mixed_10,4,4,4,True
syn-0113,oof,char_mixed_10,11,11,11,True
syn-0114,oof,char_mixed_10,4,4,4,True
syn-0117,oof,char_mixed_10,6,6,6,True
syn-0118,oof,char_mixed_10,5,5,4,True
syn-0119,oof,char_mixed_10,6,6,10,True
syn-0120,oof,char_mixed_10,3,3,10,True
syn-0121,oof,char_mixed_10,9,9,9,True
syn-0122,oof,char_mixed_10,3,3,10,True
syn-0123,oof,char_mixed_10,10,10,10,True
syn-0124,oof,char_mixed_10,6,6,6,True
syn-0125,oof,char_mixed_10,9,9,10,True
syn-0127,oof,char_mixed_10,11,11,11,True
syn-0128,oof,char_mixed_10,2,2,2,True
syn-0129,oof,char_mixed_10,11,11,11,True
syn-0130,oof,char_mixed_10,6,8,8,True
syn-0133,oof,char_mixed_10,2,2,2,True
syn-0134,oof,char_mixed_10,5,5,8,True
syn-0135,oof,char_mixed_10,0,0,0,True
syn-0136,oof,char_mixed_10,6,6,6,True
syn-0137,oof,char_mixed_10,8,8,8,True
syn-0138,oof,char_mixed_10,4,4,10,True
syn-0139,oof,char_mixed_10,1,1,1,True
syn-0140,oof,char_mixed_10,11,11,11,True
syn-0141,oof,char_mixed_10,2,2,2,True
syn-0142,oof,char_mixed_10,4,4,4,True
syn-0143,oof,char_mixed_10,1,1,1,True
syn-0144,oof,char_mixed_10,9,9,9,True
syn-0145,oof,char_mixed_10,2,2,11,True
syn-0146,oof,char_mixed_10,10,10,10,True
syn-0147,oof,char_mixed_10,0,0,0,True
syn-0148,oof,char_mixed_10,7,7,7,True
syn-0149,oof,char_mixed_10,8,8,8,True
syn-0150,oof,char_mixed_10,3,3,1,True
syn-0151,oof,char_mixed_10,10,11,11,True
syn-0152,oof,char_mixed_10,3,3,4,True
syn-0153,oof,char_mixed_10,4,5,5,True
syn-0154,oof,char_mixed_10,1,1,1,True
syn-0155,oof,char_mixed_10,4,4,4,True
syn-0156,oof,char_mixed_10,6,6,6,True
syn-0158,oof,char_mixed_10,1,1,1,True
syn-0159,oof,char_mixed_10,11,11,11,True
syn-0160,oof,char_mixed_10,5,5,5,True
syn-0161,oof,char_mixed_10,2,2,2,True
syn-0162,oof,char_mixed_10,9,9,9,True
syn-0163,oof,char_mixed_10,4,4,4,True
syn-0164,oof,char_mixed_10,8,8,8,True
syn-0165,oof,char_mixed_10,8,8,8,True
syn-0166,oof,char_mixed_10,5,5,5,True
syn-0167,oof,char_mixed_10,0,0,0,True
syn-0168,oof,char_mixed_10,1,1,1,True
syn-0169,oof,char_mixed_10,4,4,4,True
syn-0170,oof,char_mixed_10,6,6,6,True
syn-0171,oof,char_mixed_10,6,6,6,True
syn-0172,oof,char_mixed_10,10,10,10,True
syn-0173,oof,char_mixed_10,8,8,8,True
syn-0174,oof,char_mixed_10,10,10,10,True
syn-0175,oof,char_mixed_10,11,11,11,True
syn-0176,oof,char_mixed_10,10,10,10,True
syn-0177,oof,char_mixed_10,8,8,8,True
syn-0178,oof,char_mixed_10,9,9,11,True
syn-0179,oof,char_mixed_10,1,1,10,True
syn-0181,oof,char_mixed_10,10,8,10,True
syn-0182,oof,char_mixed_10,6,6,6,True
syn-0183,oof,char_mixed_10,4,5,4,True
syn-0184,oof,char_mixed_10,2,2,2,True
syn-0185,oof,char_mixed_10,7,7,7,True
syn-0186,oof,char_mixed_10,3,3,3,True
syn-0187,oof,char_mixed_10,3,3,3,True
syn-0188,oof,char_mixed_10,10,10,10,True
syn-0189,oof,char_mixed_10,10,10,10,True
syn-0190,oof,char_mixed_10,3,1,5,True
syn-0191,oof,char_mixed_10,4,4,10,True
syn-0192,oof,char_mixed_10,5,5,5,True
syn-0193,oof,char_mixed_10,11,11,11,True
syn-0194,oof,char_mixed_10,1,1,10,True
syn-0195,oof,char_mixed_10,4,4,4,True
syn-0196,oof,char_mixed_10,4,4,4,True
syn-0197,oof,char_mixed_10,11,11,11,True
syn-0198,oof,char_mixed_10,0,0,4,True
syn-0200,oof,char_mixed_10,5,5,5,True
syn-0201,oof,char_mixed_10,0,0,1,True
syn-0202,oof,char_mixed_10,10,10,10,True
syn-0203,oof,char_mixed_10,8,8,8,True
syn-0204,oof,char_mixed_10,1,1,1,True
syn-0205,oof,char_mixed_10,2,2,2,True
syn-0206,oof,char_mixed_10,8,10,10,True
syn-0207,oof,char_mixed_10,0,0,0,True
syn-0208,oof,char_mixed_10,8,8,8,True
syn-0209,oof,char_mixed_10,7,7,7,True
syn-0210,oof,char_mixed_10,0,0,0,True
syn-0211,oof,char_mixed_10,0,0,0,True
syn-0213,oof,char_mixed_10,0,0,0,True
syn-0215,oof,char_mixed_10,10,10,10,True
syn-0217,oof,char_mixed_10,6,6,10,True
syn-0218,oof,char_mixed_10,8,8,10,True
syn-0219,oof,char_mixed_10,0,0,10,True
syn-0221,oof,char_mixed_10,11,11,11,True
syn-0222,oof,char_mixed_10,8,8,8,True
syn-0223,oof,char_mixed_10,6,6,6,True
syn-0224,oof,char_mixed_10,8,8,10,True
syn-0225,oof,char_mixed_10,7,7,7,True
syn-0226,oof,char_mixed_10,6,6,6,True
syn-0228,oof,char_mixed_10,6,6,6,True
syn-0229,oof,char_mixed_10,7,7,5,True
syn-0230,oof,char_mixed_10,9,9,9,True
syn-0232,oof,char_mixed_10,8,8,8,True
syn-0233,oof,char_mixed_10,8,8,8,True
syn-0234,oof,char_mixed_10,4,6,6,True
syn-0236,oof,char_mixed_10,11,11,8,True
syn-0237,oof,char_mixed_10,4,4,4,True
syn-0239,oof,char_mixed_10,6,6,6,True
syn-0240,oof,char_mixed_10,6,6,6,True
syn-0241,oof,char_mixed_10,1,1,4,True
syn-0242,oof,char_mixed_10,0,0,0,True
syn-0243,oof,char_mixed_10,10,10,10,True
syn-0244,oof,char_mixed_10,3,3,3,True
syn-0246,oof,char_mixed_10,8,8,8,True
syn-0247,oof,char_mixed_10,3,3,3,True
syn-0248,oof,char_mixed_10,6,6,6,True
syn-0249,oof,char_mixed_10,8,8,8,True
syn-0250,oof,char_mixed_10,11,11,11,True
syn-0251,oof,char_mixed_10,10,10,10,True
syn-0252,oof,char_mixed_10,8,8,8,True
syn-0253,oof,char_mixed_10,3,3,3,True
syn-0254,oof,char_mixed_10,7,11,11,True
syn-0255,oof,char_mixed_10,2,2,2,True
syn-0257,oof,char_mixed_10,4,4,4,True
syn-0258,oof,char_mixed_10,3,3,5,True
syn-0259,oof,char_mixed_10,4,4,4,True
syn-0260,oof,char_mixed_10,11,11,11,True
syn-0261,oof,char_mixed_10,5,5,5,True
syn-0262,oof,char_mixed_10,10,10,10,True
syn-0263,oof,char_mixed_10,0,0,0,True
syn-0264,oof,char_mixed_10,0,0,0,True
syn-0265,oof,char_mixed_10,3,3,3,True
syn-0267,oof,char_mixed_10,4,4,4,True
syn-0268,oof,char_mixed_10,6,6,6,True
syn-0269,oof,char_mixed_10,10,10,10,True
syn-0270,oof,char_mixed_10,10,10,10,True
syn-0271,oof,char_mixed_10,2,2,2,True
syn-0272,oof,char_mixed_10,3,3,4,True
syn-0273,oof,char_mixed_10,0,0,0,True
syn-0274,oof,char_mixed_10,9,9,9,True
syn-0275,oof,char_mixed_10,0,0,0,True
syn-0276,oof,char_mixed_10,6,6,6,True
syn-0278,oof,char_mixed_10,9,9,9,True
syn-0279,oof,char_mixed_10,0,0,0,True
syn-0280,oof,char_mixed_10,0,0,0,True
syn-0281,oof,char_mixed_10,10,8,10,True
syn-0282,oof,char_mixed_10,7,7,5,True
syn-0283,oof,char_mixed_10,7,7,7,True
syn-0284,oof,char_mixed_10,0,0,8,True
syn-0285,oof,char_mixed_10,11,11,11,True
syn-0286,oof,char_mixed_10,8,8,8,True
syn-0288,oof,char_mixed_10,9,9,9,True
syn-0289,oof,char_mixed_10,8,8,8,True
syn-0290,oof,char_mixed_10,0,0,0,True
syn-0291,oof,char_mixed_10,1,1,10,True
syn-0292,oof,char_mixed_10,11,11,11,True
syn-0293,oof,char_mixed_10,0,0,8,True
syn-0294,oof,char_mixed_10,1,1,1,True
syn-0295,oof,char_mixed_10,10,10,10,True
syn-0296,oof,char_mixed_10,3,3,3,True
syn-0297,oof,char_mixed_10,11,11,11,True
syn-0298,oof,char_mixed_10,7,7,7,True
syn-0299,oof,char_mixed_10,1,1,1,True
syn-0300,oof,char_mixed_10,10,10,10,True
syn-0301,oof,char_mixed_10,3,3,10,True
syn-0302,oof,char_mixed_10,10,10,10,True
syn-0303,oof,char_mixed_10,7,5,5,True
syn-0304,oof,char_mixed_10,1,1,1,True
syn-0305,oof,char_mixed_10,1,1,1,True
syn-0306,oof,char_mixed_10,5,5,10,True
syn-0307,oof,char_mixed_10,3,3,3,True
syn-0308,oof,char_mixed_10,3,3,3,True
syn-0310,oof,char_mixed_10,10,10,10,True
syn-0311,oof,char_mixed_10,9,9,9,True
syn-0312,oof,char_mixed_10,11,11,11,True
syn-0313,oof,char_mixed_10,11,10,11,True
syn-0314,oof,char_mixed_10,8,8,8,True
syn-0316,oof,char_mixed_10,0,0,10,True
syn-0318,oof,char_mixed_10,11,11,11,True
syn-0321,oof,char_mixed_10,9,9,3,True
syn-0322,oof,char_mixed_10,2,2,2,True
syn-0323,oof,char_mixed_10,7,7,7,True
syn-0324,oof,char_mixed_10,7,7,7,True
syn-0325,oof,char_mixed_10,4,4,4,True
syn-0326,oof,char_mixed_10,1,1,1,True
syn-0327,oof,char_mixed_10,1,1,11,True
syn-0328,oof,char_mixed_10,10,10,10,True
syn-0329,oof,char_mixed_10,8,8,10,True
syn-0330,oof,char_mixed_10,0,0,5,True
syn-0332,oof,char_mixed_10,6,6,6,True
syn-0333,oof,char_mixed_10,5,5,4,True
syn-0334,oof,char_mixed_10,6,6,5,True
syn-0335,oof,char_mixed_10,3,11,11,True
syn-0336,oof,char_mixed_10,0,0,0,True
syn-0338,oof,char_mixed_10,8,8,8,True
syn-0339,oof,char_mixed_10,7,7,7,True
syn-0340,oof,char_mixed_10,9,9,9,True
syn-0341,oof,char_mixed_10,8,8,8,True
syn-0343,oof,char_mixed_10,8,8,8,True
syn-0345,oof,char_mixed_10,7,7,7,True
syn-0346,oof,char_mixed_10,6,6,6,True
syn-0348,oof,char_mixed_10,9,9,9,True
syn-0349,oof,char_mixed_10,5,5,5,True
syn-0350,oof,char_mixed_10,2,2,2,True
syn-0351,oof,char_mixed_10,11,11,11,True
syn-0352,oof,char_mixed_10,8,8,8,True
syn-0353,oof,char_mixed_10,7,7,5,True
syn-0354,oof,char_mixed_10,8,8,8,True
syn-0355,oof,char_mixed_10,5,5,10,True
syn-0356,oof,char_mixed_10,8,8,8,True
syn-0357,oof,char_mixed_10,3,3,3,True
syn-0358,oof,char_mixed_10,2,2,2,True
syn-0359,oof,char_mixed_10,4,4,4,True
syn-0360,oof,char_mixed_10,0,0,1,True
syn-0363,oof,char_mixed_10,9,9,9,True
syn-0364,oof,char_mixed_10,4,4,4,True
syn-0366,oof,char_mixed_10,9,9,9,True
syn-0367,oof,char_mixed_10,4,4,4,True
syn-0368,oof,char_mixed_10,9,9,9,True
syn-0369,oof,char_mixed_10,6,5,6,True
syn-0370,oof,char_mixed_10,9,9,9,True
syn-0371,oof,char_mixed_10,6,6,6,True
syn-0372,oof,char_mixed_10,1,1,1,True
syn-0373,oof,char_mixed_10,11,11,11,True
syn-0374,oof,char_mixed_10,8,8,8,True
syn-0375,oof,char_mixed_10,8,8,10,True
syn-0376,oof,char_mixed_10,5,5,5,True
syn-0377,oof,char_mixed_10,5,5,5,True
syn-0378,oof,char_mixed_10,2,2,2,True
syn-0379,oof,char_mixed_10,3,3,3,True
syn-0380,oof,char_mixed_10,4,5,4,True
syn-0381,oof,char_mixed_10,8,8,8,True
syn-0382,oof,char_mixed_10,0,0,0,True
syn-0383,oof,char_mixed_10,2,2,2,True
syn-0384,oof,char_mixed_10,1,1,8,True
syn-0385,oof,char_mixed_10,5,4,4,True
syn-0386,oof,char_mixed_10,10,10,10,True
syn-0388,oof,char_mixed_10,5,5,7,True
syn-0391,oof,char_mixed_10,0,0,0,True
syn-0392,oof,char_mixed_10,1,1,1,True
syn-0393,oof,char_mixed_10,2,2,2,True
syn-0396,oof,char_mixed_10,3,3,3,True
syn-0397,oof,char_mixed_10,1,1,1,True
syn-0399,oof,char_mixed_10,8,8,10,True
syn-0401,oof,char_mixed_10,11,11,11,True
syn-0402,oof,char_mixed_10,1,1,1,True
syn-0403,oof,char_mixed_10,9,9,10,True
syn-0405,oof,char_mixed_10,8,8,8,True
syn-0406,oof,char_mixed_10,4,0,4,True
syn-0407,oof,char_mixed_10,6,6,6,True
syn-0408,oof,char_mixed_10,4,4,4,True
syn-0409,oof,char_mixed_10,10,10,10,True
syn-0410,oof,char_mixed_10,10,10,10,True
syn-0411,oof,char_mixed_10,2,2,2,True
syn-0413,oof,char_mixed_10,9,9,9,True
syn-0414,oof,char_mixed_10,5,4,4,True
syn-0415,oof,char_mixed_10,1,1,11,True
syn-0416,oof,char_mixed_10,2,2,2,True
syn-0417,oof,char_mixed_10,7,4,6,True
syn-0418,oof,char_mixed_10,0,0,0,True
syn-0419,oof,char_mixed_10,1,1,1,True
syn-0420,oof,char_mixed_10,2,2,2,True
syn-0421,oof,char_mixed_10,10,10,10,True
syn-0422,oof,char_mixed_10,1,1,10,True
syn-0423,oof,char_mixed_10,9,9,9,True
syn-0425,oof,char_mixed_10,5,5,5,True
syn-0426,oof,char_mixed_10,10,10,10,True
syn-0427,oof,char_mixed_10,5,5,4,True
syn-0428,oof,char_mixed_10,8,1,1,True
syn-0429,oof,char_mixed_10,2,2,2,True
syn-0430,oof,char_mixed_10,1,1,1,True
syn-0431,oof,char_mixed_10,3,3,3,True
syn-0432,oof,char_mixed_10,6,6,4,True
syn-0433,oof,char_mixed_10,5,5,5,True
syn-0435,oof,char_mixed_10,10,10,10,True
syn-0436,oof,char_mixed_10,6,6,6,True
syn-0437,oof,char_mixed_10,3,3,10,True
syn-0439,oof,char_mixed_10,6,6,8,True
syn-0440,oof,char_mixed_10,1,1,8,True
syn-0443,oof,char_mixed_10,7,7,5,True
syn-0444,oof,char_mixed_10,5,5,5,True
syn-0445,oof,char_mixed_10,6,6,6,True
syn-0447,oof,char_mixed_10,7,7,7,True
syn-0448,oof,char_mixed_10,4,5,4,True
syn-0449,oof,char_mixed_10,11,11,11,True
syn-0450,oof,char_mixed_10,10,10,10,True
syn-0451,oof,char_mixed_10,8,8,8,True
syn-0452,oof,char_mixed_10,10,10,10,True
syn-0453,oof,char_mixed_10,1,1,1,True
syn-0454,oof,char_mixed_10,11,11,11,True
syn-0455,oof,char_mixed_10,2,2,3,True
syn-0456,oof,char_mixed_10,11,11,11,True
syn-0457,oof,char_mixed_10,9,9,9,True
syn-0458,oof,char_mixed_10,6,6,6,True
syn-0459,oof,char_mixed_10,5,8,4,True
syn-0460,oof,char_mixed_10,8,8,8,True
syn-0461,oof,char_mixed_10,2,2,2,True
syn-0463,oof,char_mixed_10,11,11,11,True
syn-0464,oof,char_mixed_10,4,4,4,True
syn-0465,oof,char_mixed_10,7,7,7,True
syn-0468,oof,char_mixed_10,6,6,6,True
syn-0469,oof,char_mixed_10,9,9,9,True
syn-0471,oof,char_mixed_10,5,5,5,True
syn-0472,oof,char_mixed_10,8,8,8,True
syn-0473,oof,char_mixed_10,10,10,10,True
syn-0474,oof,char_mixed_10,0,0,0,True
syn-0476,oof,char_mixed_10,7,7,7,True
syn-0477,oof,char_mixed_10,7,5,4,True
syn-0478,oof,char_mixed_10,2,2,2,False
syn-0480,oof,char_mixed_10,1,1,1,True
syn-0481,oof,char_mixed_10,9,9,9,True
syn-0482,oof,char_mixed_10,1,1,11,True
syn-0484,oof,char_mixed_10,3,3,3,True
syn-0485,oof,char_mixed_10,10,10,10,True
syn-0486,oof,char_mixed_10,1,1,1,True
syn-0487,oof,char_mixed_10,6,6,6,True
syn-0488,oof,char_mixed_10,10,10,10,True
syn-0489,oof,char_mixed_10,11,11,11,True
syn-0490,oof,char_mixed_10,7,7,7,True
syn-0491,oof,char_mixed_10,10,10,10,True
syn-0492,oof,char_mixed_10,6,6,6,True
syn-0493,oof,char_mixed_10,8,8,8,True
syn-0495,oof,char_mixed_10,2,2,2,True
syn-0496,oof,char_mixed_10,8,8,8,True
syn-0497,oof,char_mixed_10,5,5,4,True
syn-0498,oof,char_mixed_10,7,7,7,True
syn-0499,oof,char_mixed_10,11,11,11,True
syn-0002,oof,lowercase,1,1,1,False
syn-0003,oof,lowercase,2,2,2,True
syn-0004,oof,lowercase,10,10,10,False
syn-0005,oof,lowercase,11,11,11,True
syn-0006,oof,lowercase,7,7,7,True
syn-0007,oof,lowercase,6,6,6,False
syn-0008,oof,lowercase,8,8,8,False
syn-0009,oof,lowercase,8,8,8,False
syn-0010,oof,lowercase,9,9,9,True
syn-0011,oof,lowercase,10,10,10,True
syn-0013,oof,lowercase,6,6,6,False
syn-0014,oof,lowercase,0,0,0,True
syn-0015,oof,lowercase,6,6,6,True
syn-0016,oof,lowercase,9,9,9,True
syn-0017,oof,lowercase,3,3,3,True
syn-0018,oof,lowercase,3,6,6,True
syn-0019,oof,lowercase,0,0,0,True
syn-0020,oof,lowercase,6,6,6,True
syn-0022,oof,lowercase,10,11,11,True
syn-0023,oof,lowercase,1,1,1,True
syn-0024,oof,lowercase,2,2,2,True
syn-0025,oof,lowercase,8,8,8,False
syn-0026,oof,lowercase,10,10,10,True
syn-0027,oof,lowercase,4,4,4,False
syn-0029,oof,lowercase,2,2,2,True
syn-0031,oof,lowercase,0,0,0,True
syn-0032,oof,lowercase,4,4,4,True
syn-0033,oof,lowercase,5,5,5,True
syn-0034,oof,lowercase,0,0,0,True
syn-0035,oof,lowercase,9,9,9,True
syn-0036,oof,lowercase,5,5,5,True
syn-0037,oof,lowercase,8,8,8,False
syn-0038,oof,lowercase,5,5,5,False
syn-0039,oof,lowercase,1,1,1,False
syn-0040,oof,lowercase,4,4,4,True
syn-0041,oof,lowercase,10,9,9,False
syn-0042,oof,lowercase,9,9,9,True
syn-0043,oof,lowercase,9,9,9,True
syn-0044,oof,lowercase,2,2,2,False
syn-0045,oof,lowercase,9,9,9,True
syn-0046,oof,lowercase,8,8,8,False
syn-0048,oof,lowercase,11,11,11,True
syn-0049,oof,lowercase,8,8,8,False
syn-0050,oof,lowercase,4,4,4,True
syn-0051,oof,lowercase,3,3,3,True
syn-0052,oof,lowercase,4,4,4,False
syn-0053,oof,lowercase,10,10,10,True
syn-0054,oof,lowercase,5,5,5,True
syn-0055,oof,lowercase,3,3,3,True
syn-0056,oof,lowercase,8,8,8,False
syn-0057,oof,lowercase,8,8,8,True
syn-0058,oof,lowercase,9,9,9,True
syn-0059,oof,lowercase,3,3,3,True
syn-0061,oof,lowercase,4,4,4,True
syn-0062,oof,lowercase,7,7,7,False
syn-0063,oof,lowercase,1,1,1,True
syn-0064,oof,lowercase,6,6,6,True
syn-0065,oof,lowercase,11,11,11,True
syn-0067,oof,lowercase,5,5,5,True
syn-0068,oof,lowercase,10,9,9,False
syn-0069,oof,lowercase,11,11,11,True
syn-0070,oof,lowercase,2,2,2,True
syn-0071,oof,lowercase,6,6,6,True
syn-0072,oof,lowercase,0,0,0,True
syn-0073,oof,lowercase,11,11,11,True
syn-0074,oof,lowercase,5,5,5,False
syn-0075,oof,lowercase,7,7,7,False
syn-0076,oof,lowercase,5,5,5,True
syn-0077,oof,lowercase,2,2,2,True
syn-0079,oof,lowercase,1,1,1,True
syn-0080,oof,lowercase,3,3,3,False
syn-0081,oof,lowercase,10,10,10,False
syn-0082,oof,lowercase,1,6,6,True
syn-0083,oof,lowercase,0,0,0,False
syn-0084,oof,lowercase,5,5,5,True
syn-0085,oof,lowercase,3,1,1,True
syn-0086,oof,lowercase,10,10,10,True
syn-0087,oof,lowercase,5,5,5,False
syn-0090,oof,lowercase,5,5,5,False
syn-0091,oof,lowercase,4,4,4,True
syn-0093,oof,lowercase,5,5,5,False
syn-0094,oof,lowercase,1,1,1,False
syn-0095,oof,lowercase,11,11,11,True
syn-0097,oof,lowercase,10,10,10,False
syn-0098,oof,lowercase,10,10,10,True
syn-0100,oof,lowercase,2,2,2,True
syn-0101,oof,lowercase,3,3,3,True
syn-0102,oof,lowercase,1,1,1,False
syn-0103,oof,lowercase,11,11,11,True
syn-0105,oof,lowercase,4,4,4,True
syn-0106,oof,lowercase,10,10,10,True
syn-0107,oof,lowercase,10,10,10,True
syn-0108,oof,lowercase,8,10,8,True
syn-0109,oof,lowercase,3,3,3,False
syn-0111,oof,lowercase,3,3,3,True
syn-0112,oof,lowercase,4,4,4,True
syn-0113,oof,lowercase,11,11,11,True
syn-0114,oof,lowercase,4,4,3,True
syn-0117,oof,lowercase,6,6,6,True
syn-0118,oof,lowercase,5,5,5,True
syn-0119,oof,lowercase,6,6,6,False
syn-0120,oof,lowercase,3,3,3,True
syn-0121,oof,lowercase,9,9,9,True
syn-0122,oof,lowercase,3,3,3,False
syn-0123,oof,lowercase,10,10,10,True
syn-0124,oof,lowercase,6,6,6,True
syn-0125,oof,lowercase,9,9,9,True
syn-0127,oof,lowercase,11,11,11,False
syn-0128,oof,lowercase,2,2,2,True
syn-0129,oof,lowercase,11,11,11,True
syn-0130,oof,lowercase,6,8,8,True
syn-0133,oof,lowercase,2,2,2,True
syn-0134,oof,lowercase,5,5,5,False
syn-0135,oof,lowercase,0,0,0,True
syn-0136,oof,lowercase,6,6,6,True
syn-0137,oof,lowercase,8,8,8,False
syn-0138,oof,lowercase,4,4,4,True
syn-0139,oof,lowercase,1,1,1,False
syn-0140,oof,lowercase,11,11,11,False
syn-0141,oof,lowercase,2,2,2,True
syn-0142,oof,lowercase,4,4,4,True
syn-0143,oof,lowercase,1,1,8,True
syn-0144,oof,lowercase,9,9,9,True
syn-0145,oof,lowercase,2,2,2,False
syn-0146,oof,lowercase,10,10,10,True
syn-0147,oof,lowercase,0,0,0,False
syn-0148,oof,lowercase,7,7,7,False
syn-0149,oof,lowercase,8,8,8,False
syn-0150,oof,lowercase,3,3,3,True
syn-0151,oof,lowercase,10,11,11,True
syn-0152,oof,lowercase,3,3,3,True
syn-0153,oof,lowercase,4,5,5,True
syn-0154,oof,lowercase,1,1,1,True
syn-0155,oof,lowercase,4,4,4,False
syn-0156,oof,lowercase,6,6,6,False
syn-0158,oof,lowercase,1,1,1,False
syn-0159,oof,lowercase,11,11,11,True
syn-0160,oof,lowercase,5,5,5,True
syn-0161,oof,lowercase,2,2,2,True
syn-0162,oof,lowercase,9,9,9,True
syn-0163,oof,lowercase,4,4,4,True
syn-0164,oof,lowercase,8,8,8,False
syn-0165,oof,lowercase,8,8,8,True
syn-0166,oof,lowercase,5,5,5,True
syn-0167,oof,lowercase,0,0,0,False
syn-0168,oof,lowercase,1,1,1,True
syn-0169,oof,lowercase,4,4,4,True
syn-0170,oof,lowercase,6,6,6,True
syn-0171,oof,lowercase,6,6,6,True
syn-0172,oof,lowercase,10,10,10,True
syn-0173,oof,lowercase,8,8,8,True
syn-0174,oof,lowercase,10,10,10,True
syn-0175,oof,lowercase,11,11,11,True
syn-0176,oof,lowercase,10,10,10,True
syn-0177,oof,lowercase,8,8,8,False
syn-0178,oof,lowercase,9,9,9,True
syn-0179,oof,lowercase,1,1,1,True
syn-0181,oof,lowercase,10,8,8,True
syn-0182,oof,lowercase,6,6,6,False
syn-0183,oof,lowercase,4,5,5,False
syn-0184,oof,lowercase,2,2,2,True
syn-0185,oof,lowercase,7,7,7,False
syn-0186,oof,lowercase,3,3,3,True
syn-0187,oof,lowercase,3,3,3,True
syn-0188,oof,lowercase,10,10,10,True
syn-0189,oof,lowercase,10,10,10,False
syn-0190,oof,lowercase,3,1,1,False
syn-0191,oof,lowercase,4,4,4,True
syn-0192,oof,lowercase,5,5,5,True
syn-0193,oof,lowercase,11,11,11,True
syn-0194,oof,lowercase,1,1,1,True
syn-0195,oof,lowercase,4,4,5,True
syn-0196,oof,lowercase,4,4,4,True
syn-0197,oof,lowercase,11,11,11,False
syn-0198,oof,lowercase,0,0,0,False
syn-0200,oof,lowercase,5,5,5,False
syn-0201,oof,lowercase,0,0,0,False
syn-0202,oof,lowercase,10,10,10,True
syn-0203,oof,lowercase,8,8,8,True
syn-0204,oof,lowercase,1,1,1,False
syn-0205,oof,lowercase,2,2,2,True
syn-0206,oof,lowercase,8,10,8,True
syn-0207,oof,lowercase,0,0,0,False
syn-0208,oof,lowercase,8,8,8,False
syn-0209,oof,lowercase,7,7,7,False
syn-0210,oof,lowercase,0,0,0,True
syn-0211,oof,lowercase,0,0,0,False
syn-0213,oof,lowercase,0,0,0,False
syn-0215,oof,lowercase,10,10,10,False
syn-0217,oof,lowercase,6,6,6,True
syn-0218,oof,lowercase,8,8,8,False
syn-0219,oof,lowercase,0,0,0,True
syn-0221,oof,lowercase,11,11,11,True
syn-0222,oof,lowercase,8,8,8,False
syn-0223,oof,lowercase,6,6,6,True
syn-0224,oof,lowercase,8,8,8,False
syn-0225,oof,lowercase,7,7,7,False
syn-0226,oof,lowercase,6,6,6,True
syn-0228,oof,lowercase,6,6,6,True
syn-0229,oof,lowercase,7,7,7,False
syn-0230,oof,lowercase,9,9,9,True
syn-0232,oof,lowercase,8,8,8,True
syn-0233,oof,lowercase,8,8,8,False
syn-0234,oof,lowercase,4,6,6,True
syn-0236,oof,lowercase,11,11,11,True
syn-0237,oof,lowercase,4,4,4,True
syn-0239,oof,lowercase,6,6,6,True
syn-0240,oof,lowercase,6,6,4,True
syn-0241,oof,lowercase,1,1,1,True
syn-0242,oof,lowercase,0,0,0,True
syn-0243,oof,lowercase,10,10,10,True
syn-0244,oof,lowercase,3,3,3,False
syn-0246,oof,lowercase,8,8,8,False
syn-0247,oof,lowercase,3,3,3,True
syn-0248,oof,lowercase,6,6,6,True
syn-0249,oof,lowercase,8,8,8,False
syn-0250,oof,lowercase,11,11,11,True
syn-0251,oof,lowercase,10,10,10,True
syn-0252,oof,lowercase,8,8,8,False
syn-0253,oof,lowercase,3,3,3,False
syn-0254,oof,lowercase,7,11,11,False
syn-0255,oof,lowercase,2,2,2,False
syn-0257,oof,lowercase,4,4,4,True
syn-0258,oof,lowercase,3,3,3,True
syn-0259,oof,lowercase,4,4,4,False
syn-0260,oof,lowercase,11,11,11,True
syn-0261,oof,lowercase,5,5,5,True
syn-0262,oof,lowercase,10,10,10,True
syn-0263,oof,lowercase,0,0,0,False
syn-0264,oof,lowercase,0,0,0,True
syn-0265,oof,lowercase,3,3,3,False
syn-0267,oof,lowercase,4,4,4,False
syn-0268,oof,lowercase,6,6,6,True
syn-0269,oof,lowercase,10,10,10,True
syn-0270,oof,lowercase,10,10,10,True
syn-0271,oof,lowercase,2,2,2,True
syn-0272,oof,lowercase,3,3,3,False
syn-0273,oof,lowercase,0,0,0,True
syn-0274,oof,lowercase,9,9,9,True
syn-0275,oof,lowercase,0,0,0,True
syn-0276,oof,lowercase,6,6,6,True
syn-0278,oof,lowercase,9,9,9,True
syn-0279,oof,lowercase,0,0,0,True
syn-0280,oof,lowercase,0,0,0,True
syn-0281,oof,lowercase,10,8,8,False
syn-0282,oof,lowercase,7,7,7,True
syn-0283,oof,lowercase,7,7,7,False
syn-0284,oof,lowercase,0,0,0,True
syn-0285,oof,lowercase,11,11,11,False
syn-0286,oof,lowercase,8,8,8,True
syn-0288,oof,lowercase,9,9,9,False
syn-0289,oof,lowercase,8,8,8,False
syn-0290,oof,lowercase,0,0,0,False
syn-0291,oof,lowercase,1,1,1,True
syn-0292,oof,lowercase,11,11,11,True
syn-0293,oof,lowercase,0,0,0,False
syn-0294,oof,lowercase,1,1,1,False
syn-0295,oof,lowercase,10,10,10,True
syn-0296,oof,lowercase,3,3,3,True
syn-0297,oof,lowercase,11,11,11,False
syn-0298,oof,lowercase,7,7,7,False
syn-0299,oof,lowercase,1,1,1,True
syn-0300,oof,lowercase,10,10,10,True
syn-0301,oof,lowercase,3,3,3,True
syn-0302,oof,lowercase,10,10,10,True
syn-0303,oof,lowercase,7,5,7,True
syn-0304,oof,lowercase,1,1,1,False
syn-0305,oof,lowercase,1,1,1,True
syn-0306,oof,lowercase,5,5,5,False
syn-0307,oof,lowercase,3,3,3,True
syn-0308,oof,lowercase,3,3,3,True
syn-0310,oof,lowercase,10,10,10,True
syn-0311,oof,lowercase,9,9,9,False
syn-0312,oof,lowercase,11,11,11,False
syn-0313,oof,lowercase,11,10,11,True
syn-0314,oof,lowercase,8,8,8,True
syn-0316,oof,lowercase,0,0,0,False
syn-0318,oof,lowercase,11,11,11,True
syn-0321,oof,lowercase,9,9,9,True
syn-0322,oof,lowercase,2,2,2,True
syn-0323,oof,lowercase,7,7,7,False
syn-0324,oof,lowercase,7,7,7,False
syn-0325,oof,lowercase,4,4,4,True
syn-0326,oof,lowercase,1,1,1,True
syn-0327,oof,lowercase,1,1,1,False
syn-0328,oof,lowercase,10,10,10,True
syn-0329,oof,lowercase,8,8,8,True
syn-0330,oof,lowercase,0,0,0,True
syn-0332,oof,lowercase,6,6,6,True
syn-0333,oof,lowercase,5,5,5,False
syn-0334,oof,lowercase,6,6,6,True
syn-0335,oof,lowercase,3,11,11,True
syn-0336,oof,lowercase,0,0,0,True
syn-0338,oof,lowercase,8,8,8,True
syn-0339,oof,lowercase,7,7,7,False
syn-0340,oof,lowercase,9,9,9,True
syn-0341,oof,lowercase,8,8,8,True
syn-0343,oof,lowercase,8,8,8,True
syn-0345,oof,lowercase,7,7,7,False
syn-0346,oof,lowercase,6,6,6,True
syn-0348,oof,lowercase,9,9,9,True
syn-0349,oof,lowercase,5,5,5,True
syn-0350,oof,lowercase,2,2,2,True
syn-0351,oof,lowercase,11,11,11,True
syn-0352,oof,lowercase,8,8,8,False
syn-0353,oof,lowercase,7,7,7,False
syn-0354,oof,lowercase,8,8,8,False
syn-0355,oof,lowercase,5,5,5,False
syn-0356,oof,lowercase,8,8,8,True
syn-0357,oof,lowercase,3,3,3,False
syn-0358,oof,lowercase,2,2,2,True
syn-0359,oof,lowercase,4,4,4,True
syn-0360,oof,lowercase,0,0,0,False
syn-0363,oof,lowercase,9,9,9,False
syn-0364,oof,lowercase,4,4,4,True
syn-0366,oof,lowercase,9,9,9,True
syn-0367,oof,lowercase,4,4,4,True
syn-0368,oof,lowercase,9,9,9,False
syn-0369,oof,lowercase,6,5,5,False
syn-0370,oof,lowercase,9,9,9,True
syn-0371,oof,lowercase,6,6,6,True
syn-0372,oof,lowercase,1,1,1,True
syn-0373,oof,lowercase,11,11,11,True
syn-0374,oof,lowercase,8,8,8,False
syn-0375,oof,lowercase,8,8,8,False
syn-0376,oof,lowercase,5,5,5,False
syn-0377,oof,lowercase,5,5,5,False
syn-0378,oof,lowercase,2,2,2,False
syn-0379,oof,lowercase,3,3,3,True
syn-0380,oof,lowercase,4,5,5,True
syn-0381,oof,lowercase,8,8,8,True
syn-0382,oof,lowercase,0,0,0,True
syn-0383,oof,lowercase,2,2,2,True
syn-0384,oof,lowercase,1,1,1,True
syn-0385,oof,lowercase,5,4,5,True
syn-0386,oof,lowercase,10,10,10,True
syn-0388,oof,lowercase,5,5,5,True
syn-0391,oof,lowercase,0,0,0,True
syn-0392,oof,lowercase,1,1,1,True
syn-0393,oof,lowercase,2,2,2,True
syn-0396,oof,lowercase,3,3,3,False
syn-0397,oof,lowercase,1,1,1,True
syn-0399,oof,lowercase,8,8,8,True
syn-0401,oof,lowercase,11,11,11,True
syn-0402,oof,lowercase,1,1,10,True
syn-0403,oof,lowercase,9,9,9,True
syn-0405,oof,lowercase,8,8,8,True
syn-0406,oof,lowercase,4,0,0,True
syn-0407,oof,lowercase,6,6,6,True
syn-0408,oof,lowercase,4,4,4,False
syn-0409,oof,lowercase,10,10,10,True
syn-0410,oof,lowercase,10,10,10,True
syn-0411,oof,lowercase,2,2,2,True
syn-0413,oof,lowercase,9,9,9,True
syn-0414,oof,lowercase,5,4,4,True
syn-0415,oof,lowercase,1,1,11,True
syn-0416,oof,lowercase,2,2,2,True
syn-0417,oof,lowercase,7,4,6,True
syn-0418,oof,lowercase,0,0,0,True
syn-0419,oof,lowercase,1,1,1,True
syn-0420,oof,lowercase,2,2,2,False
syn-0421,oof,lowercase,10,10,10,True
syn-0422,oof,lowercase,1,1,1,False
syn-0423,oof,lowercase,9,9,9,True
syn-0425,oof,lowercase,5,5,5,False
syn-0426,oof,lowercase,10,10,10,True
syn-0427,oof,lowercase,5,5,5,True
syn-0428,oof,lowercase,8,1,1,False
syn-0429,oof,lowercase,2,2,2,True
syn-0430,oof,lowercase,1,1,1,True
syn-0431,oof,lowercase,3,3,3,True
syn-0432,oof,lowercase,6,6,6,False
syn-0433,oof,lowercase,5,5,5,True
syn-0435,oof,lowercase,10,10,10,True
syn-0436,oof,lowercase,6,6,6,True
syn-0437,oof,lowercase,3,3,3,True
syn-0439,oof,lowercase,6,6,6,False
syn-0440,oof,lowercase,1,1,1,True
syn-0443,oof,lowercase,7,7,7,False
syn-0444,oof,lowercase,5,5,5,False
syn-0445,oof,lowercase,6,6,6,False
syn-0447,oof,lowercase,7,7,7,False
syn-0448,oof,lowercase,4,5,5,True
syn-0449,oof,lowercase,11,11,11,True
syn-0450,oof,lowercase,10,10,10,True
syn-0451,oof,lowercase,8,8,8,False
syn-0452,oof,lowercase,10,10,10,False
syn-0453,oof,lowercase,1,1,11,True
syn-0454,oof,lowercase,11,11,11,True
syn-0455,oof,lowercase,2,2,3,True
syn-0456,oof,lowercase,11,11,11,True
syn-0457,oof,lowercase,9,9,9,True
syn-0458,oof,lowercase,6,6,6,True
syn-0459,oof,lowercase,5,8,8,True
syn-0460,oof,lowercase,8,8,8,False
syn-0461,oof,lowercase,2,2,2,True
syn-0463,oof,lowercase,11,11,11,True
syn-0464,oof,lowercase,4,4,4,True
syn-0465,oof,lowercase,7,7,7,False
syn-0468,oof,lowercase,6,6,6,True
syn-0469,oof,lowercase,9,9,9,True
syn-0471,oof,lowercase,5,5,5,False
syn-0472,oof,lowercase,8,8,8,False
syn-0473,oof,lowercase,10,10,10,True
syn-0474,oof,lowercase,0,0,0,False
syn-0476,oof,lowercase,7,7,7,False
syn-0477,oof,lowercase,7,5,5,False
syn-0478,oof,lowercase,2,2,2,False
syn-0480,oof,lowercase,1,1,1,True
syn-0481,oof,lowercase,9,9,9,False
syn-0482,oof,lowercase,1,1,11,True
syn-0484,oof,lowercase,3,3,3,False
syn-0485,oof,lowercase,10,10,10,True
syn-0486,oof,lowercase,1,1,1,True
syn-0487,oof,lowercase,6,6,6,False
syn-0488,oof,lowercase,10,10,10,True
syn-0489,oof,lowercase,11,11,11,True
syn-0490,oof,lowercase,7,7,7,True
syn-0491,oof,lowercase,10,10,10,True
syn-0492,oof,lowercase,6,6,6,True
syn-0493,oof,lowercase,8,8,8,False
syn-0495,oof,lowercase,2,2,2,True
syn-0496,oof,lowercase,8,8,8,True
syn-0497,oof,lowercase,5,5,5,False
syn-0498,oof,lowercase,7,7,7,False
syn-0499,oof,lowercase,11,11,11,True
syn-0002,oof,abbrev,1,1,1,False
syn-0003,oof,abbrev,2,2,2,True
syn-0004,oof,abbrev,10,10,10,False
syn-0005,oof,abbrev,11,11,11,False
syn-0006,oof,abbrev,7,7,7,False
syn-0007,oof,abbrev,6,6,6,False
syn-0008,oof,abbrev,8,8,8,True
syn-0009,oof,abbrev,8,8,8,False
syn-0010,oof,abbrev,9,9,9,False
syn-0011,oof,abbrev,10,10,10,False
syn-0013,oof,abbrev,6,6,6,False
syn-0014,oof,abbrev,0,0,0,False
syn-0015,oof,abbrev,6,6,6,False
syn-0016,oof,abbrev,9,9,9,False
syn-0017,oof,abbrev,3,3,3,False
syn-0018,oof,abbrev,3,6,6,False
syn-0019,oof,abbrev,0,0,0,False
syn-0020,oof,abbrev,6,6,6,False
syn-0022,oof,abbrev,10,11,11,True
syn-0023,oof,abbrev,1,1,1,True
syn-0024,oof,abbrev,2,2,2,False
syn-0025,oof,abbrev,8,8,8,False
syn-0026,oof,abbrev,10,10,10,False
syn-0027,oof,abbrev,4,4,4,False
syn-0029,oof,abbrev,2,2,2,False
syn-0031,oof,abbrev,0,0,0,False
syn-0032,oof,abbrev,4,4,4,False
syn-0033,oof,abbrev,5,5,5,True
syn-0034,oof,abbrev,0,0,0,False
syn-0035,oof,abbrev,9,9,9,False
syn-0036,oof,abbrev,5,5,5,False
syn-0037,oof,abbrev,8,8,8,True
syn-0038,oof,abbrev,5,5,5,False
syn-0039,oof,abbrev,1,1,1,True
syn-0040,oof,abbrev,4,4,4,False
syn-0041,oof,abbrev,10,9,9,False
syn-0042,oof,abbrev,9,9,9,False
syn-0043,oof,abbrev,9,9,9,False
syn-0044,oof,abbrev,2,2,2,False
syn-0045,oof,abbrev,9,9,9,False
syn-0046,oof,abbrev,8,8,8,False
syn-0048,oof,abbrev,11,11,11,False
syn-0049,oof,abbrev,8,8,8,False
syn-0050,oof,abbrev,4,4,4,False
syn-0051,oof,abbrev,3,3,3,False
syn-0052,oof,abbrev,4,4,4,True
syn-0053,oof,abbrev,10,10,10,False
syn-0054,oof,abbrev,5,5,5,True
syn-0055,oof,abbrev,3,3,3,False
syn-0056,oof,abbrev,8,8,8,True
syn-0057,oof,abbrev,8,8,8,True
syn-0058,oof,abbrev,9,9,9,False
syn-0059,oof,abbrev,3,3,3,False
syn-0061,oof,abbrev,4,4,4,True
syn-0062,oof,abbrev,7,7,7,False
syn-0063,oof,abbrev,1,1,1,True
syn-0064,oof,abbrev,6,6,6,False
syn-0065,oof,abbrev,11,11,11,False
syn-0067,oof,abbrev,5,5,5,False
syn-0068,oof,abbrev,10,9,9,False
syn-0069,oof,abbrev,11,11,11,False
syn-0070,oof,abbrev,2,2,2,False
syn-0071,oof,abbrev,6,6,6,False
syn-0072,oof,abbrev,0,0,0,False
syn-0073,oof,abbrev,11,11,11,False
syn-0074,oof,abbrev,5,5,5,False
syn-0075,oof,abbrev,7,7,7,False
syn-0076,oof,abbrev,5,5,5,True
syn-0077,oof,abbrev,2,2,2,False
syn-0079,oof,abbrev,1,1,1,False
syn-0080,oof,abbrev,3,3,3,True
syn-0081,oof,abbrev,10,10,10,True
syn-0082,oof,abbrev,1,6,6,False
syn-0083,oof,abbrev,0,0,0,True
syn-0084,oof,abbrev,5,5,5,False
syn-0085,oof,abbrev,3,1,1,False
syn-0086,oof,abbrev,10,10,10,False
syn-0087,oof,abbrev,5,5,5,True
syn-0090,oof,abbrev,5,5,5,False
syn-0091,oof,abbrev,4,4,4,False
syn-0093,oof,abbrev,5,5,5,False
syn-0094,oof,abbrev,1,1,1,False
syn-0095,oof,abbrev,11,11,11,False
syn-0097,oof,abbrev,10,10,10,False
syn-0098,oof,abbrev,10,10,10,False
syn-0100,oof,abbrev,2,2,2,False
syn-0101,oof,abbrev,3,3,3,False
syn-0102,oof,abbrev,1,1,1,False
syn-0103,oof,abbrev,11,11,11,False
syn-0105,oof,abbrev,4,4,4,False
syn-0106,oof,abbrev,10,10,10,True
syn-0107,oof,abbrev,10,10,10,False
syn-0108,oof,abbrev,8,10,10,False
syn-0109,oof,abbrev,3,3,3,False
syn-0111,oof,abbrev,3,3,3,False
syn-0112,oof,abbrev,4,4,4,False
syn-0113,oof,abbrev,11,11,11,False
syn-0114,oof,abbrev,4,4,4,False
syn-0117,oof,abbrev,6,6,6,False
syn-0118,oof,abbrev,5,5,5,False
syn-0119,oof,abbrev,6,6,6,False
syn-0120,oof,abbrev,3,3,3,True
syn-0121,oof,abbrev,9,9,9,False
syn-0122,oof,abbrev,3,3,3,False
syn-0123,oof,abbrev,10,10,10,False
syn-0124,oof,abbrev,6,6,6,False
syn-0125,oof,abbrev,9,9,9,False
syn-0127,oof,abbrev,11,11,11,False
syn-0128,oof,abbrev,2,2,2,True
syn-0129,oof,abbrev,11,11,11,False
syn-0130,oof,abbrev,6,8,8,False
syn-0133,oof,abbrev,2,2,2,False
syn-0134,oof,abbrev,5,5,5,True
syn-0135,oof,abbrev,0,0,0,True
syn-0136,oof,abbrev,6,6,6,False
syn-0137,oof,abbrev,8,8,8,False
syn-0138,oof,abbrev,4,4,4,False
syn-0139,oof,abbrev,1,1,1,False
syn-0140,oof,abbrev,11,11,11,False
syn-0141,oof,abbrev,2,2,2,True
syn-0142,oof,abbrev,4,4,4,False
syn-0143,oof,abbrev,1,1,1,False
syn-0144,oof,abbrev,9,9,9,False
syn-0145,oof,abbrev,2,2,2,False
syn-0146,oof,abbrev,10,10,10,False
syn-0147,oof,abbrev,0,0,0,False
syn-0148,oof,abbrev,7,7,7,False
syn-0149,oof,abbrev,8,8,8,False
syn-0150,oof,abbrev,3,3,3,False
syn-0151,oof,abbrev,10,11,11,False
syn-0152,oof,abbrev,3,3,3,False
syn-0153,oof,abbrev,4,5,5,True
syn-0154,oof,abbrev,1,1,1,False
syn-0155,oof,abbrev,4,4,4,False
syn-0156,oof,abbrev,6,6,6,False
syn-0158,oof,abbrev,1,1,1,True
syn-0159,oof,abbrev,11,11,11,False
syn-0160,oof,abbrev,5,5,5,False
syn-0161,oof,abbrev,2,2,2,False
syn-0162,oof,abbrev,9,9,9,False
syn-0163,oof,abbrev,4,4,4,False
syn-0164,oof,abbrev,8,8,8,True
syn-0165,oof,abbrev,8,8,8,False
syn-0166,oof,abbrev,5,5,5,False
syn-0167,oof,abbrev,0,0,0,True
syn-0168,oof,abbrev,1,1,1,False
syn-0169,oof,abbrev,4,4,4,False
syn-0170,oof,abbrev,6,6,6,False
syn-0171,oof,abbrev,6,6,6,False
syn-0172,oof,abbrev,10,10,10,True
syn-0173,oof,abbrev,8,8,8,True
syn-0174,oof,abbrev,10,10,10,False
syn-0175,oof,abbrev,11,11,11,True
syn-0176,oof,abbrev,10,10,10,False
syn-0177,oof,abbrev,8,8,8,False
syn-0178,oof,abbrev,9,9,9,False
syn-0179,oof,abbrev,1,1,1,True
syn-0181,oof,abbrev,10,8,8,True
syn-0182,oof,abbrev,6,6,6,False
syn-0183,oof,abbrev,4,5,5,False
syn-0184,oof,abbrev,2,2,2,True
syn-0185,oof,abbrev,7,7,7,False
syn-0186,oof,abbrev,3,3,3,False
syn-0187,oof,abbrev,3,3,3,True
syn-0188,oof,abbrev,10,10,10,False
syn-0189,oof,abbrev,10,10,10,False
syn-0190,oof,abbrev,3,1,3,True
syn-0191,oof,abbrev,4,4,4,True
syn-0192,oof,abbrev,5,5,5,False
syn-0193,oof,abbrev,11,11,11,False
syn-0194,oof,abbrev,1,1,1,False
syn-0195,oof,abbrev,4,4,4,True
syn-0196,oof,abbrev,4,4,4,False
syn-0197,oof,abbrev,11,11,11,False
syn-0198,oof,abbrev,0,0,0,False
syn-0200,oof,abbrev,5,5,5,True
syn-0201,oof,abbrev,0,0,0,False
syn-0202,oof,abbrev,10,10,10,True
syn-0203,oof,abbrev,8,8,8,False
syn-0204,oof,abbrev,1,1,1,True
syn-0205,oof,abbrev,2,2,2,False
syn-0206,oof,abbrev,8,10,10,False
syn-0207,oof,abbrev,0,0,0,False
syn-0208,oof,abbrev,8,8,8,True
syn-0209,oof,abbrev,7,7,7,False
syn-0210,oof,abbrev,0,0,0,False
syn-0211,oof,abbrev,0,0,0,False
syn-0213,oof,abbrev,0,0,0,False
syn-0215,oof,abbrev,10,10,10,False
syn-0217,oof,abbrev,6,6,6,False
syn-0218,oof,abbrev,8,8,8,False
syn-0219,oof,abbrev,0,0,0,False
syn-0221,oof,abbrev,11,11,11,False
syn-0222,oof,abbrev,8,8,8,False
syn-0223,oof,abbrev,6,6,6,False
syn-0224,oof,abbrev,8,8,10,True
syn-0225,oof,abbrev,7,7,7,False
syn-0226,oof,abbrev,6,6,6,False
syn-0228,oof,abbrev,6,6,6,False
syn-0229,oof,abbrev,7,7,7,False
syn-0230,oof,abbrev,9,9,9,False
syn-0232,oof,abbrev,8,8,8,False
syn-0233,oof,abbrev,8,8,8,False
syn-0234,oof,abbrev,4,6,6,False
syn-0236,oof,abbrev,11,11,11,True
syn-0237,oof,abbrev,4,4,4,False
syn-0239,oof,abbrev,6,6,6,False
syn-0240,oof,abbrev,6,6,6,False
syn-0241,oof,abbrev,1,1,1,True
syn-0242,oof,abbrev,0,0,0,False
syn-0243,oof,abbrev,10,10,10,True
syn-0244,oof,abbrev,3,3,3,True
syn-0246,oof,abbrev,8,8,8,False
syn-0247,oof,abbrev,3,3,3,True
syn-0248,oof,abbrev,6,6,6,True
syn-0249,oof,abbrev,8,8,8,True
syn-0250,oof,abbrev,11,11,11,False
syn-0251,oof,abbrev,10,10,10,True
syn-0252,oof,abbrev,8,8,8,False
syn-0253,oof,abbrev,3,3,3,False
syn-0254,oof,abbrev,7,11,11,False
syn-0255,oof,abbrev,2,2,2,True
syn-0257,oof,abbrev,4,4,4,False
syn-0258,oof,abbrev,3,3,3,False
syn-0259,oof,abbrev,4,4,4,False
syn-0260,oof,abbrev,11,11,11,False
syn-0261,oof,abbrev,5,5,5,True
syn-0262,oof,abbrev,10,10,10,False
syn-0263,oof,abbrev,0,0,0,False
syn-0264,oof,abbrev,0,0,0,False
syn-0265,oof,abbrev,3,3,3,False
syn-0267,oof,abbrev,4,4,4,False
syn-0268,oof,abbrev,6,6,6,False
syn-0269,oof,abbrev,10,10,10,False
syn-0270,oof,abbrev,10,10,10,False
syn-0271,oof,abbrev,2,2,2,True
syn-0272,oof,abbrev,3,3,3,True
syn-0273,oof,abbrev,0,0,0,True
syn-0274,oof,abbrev,9,9,9,False
syn-0275,oof,abbrev,0,0,0,False
syn-0276,oof,abbrev,6,6,6,False
syn-0278,oof,abbrev,9,9,9,False
syn-0279,oof,abbrev,0,0,0,False
syn-0280,oof,abbrev,0,0,0,False
syn-0281,oof,abbrev,10,8,8,False
syn-0282,oof,abbrev,7,7,7,True
syn-0283,oof,abbrev,7,7,7,False
syn-0284,oof,abbrev,0,0,0,True
syn-0285,oof,abbrev,11,11,11,False
syn-0286,oof,abbrev,8,8,8,False
syn-0288,oof,abbrev,9,9,9,False
syn-0289,oof,abbrev,8,8,8,False
syn-0290,oof,abbrev,0,0,0,False
syn-0291,oof,abbrev,1,1,1,True
syn-0292,oof,abbrev,11,11,11,True
syn-0293,oof,abbrev,0,0,0,False
syn-0294,oof,abbrev,1,1,1,False
syn-0295,oof,abbrev,10,10,10,False
syn-0296,oof,abbrev,3,3,3,False
syn-0297,oof,abbrev,11,11,11,False
syn-0298,oof,abbrev,7,7,7,False
syn-0299,oof,abbrev,1,1,1,False
syn-0300,oof,abbrev,10,10,10,False
syn-0301,oof,abbrev,3,3,3,True
syn-0302,oof,abbrev,10,10,10,False
syn-0303,oof,abbrev,7,5,5,False
syn-0304,oof,abbrev,1,1,1,True
syn-0305,oof,abbrev,1,1,1,False
syn-0306,oof,abbrev,5,5,5,False
syn-0307,oof,abbrev,3,3,3,True
syn-0308,oof,abbrev,3,3,3,False
syn-0310,oof,abbrev,10,10,10,False
syn-0311,oof,abbrev,9,9,9,False
syn-0312,oof,abbrev,11,11,11,False
syn-0313,oof,abbrev,11,10,10,False
syn-0314,oof,abbrev,8,8,8,True
syn-0316,oof,abbrev,0,0,0,False
syn-0318,oof,abbrev,11,11,11,True
syn-0321,oof,abbrev,9,9,9,False
syn-0322,oof,abbrev,2,2,2,True
syn-0323,oof,abbrev,7,7,7,False
syn-0324,oof,abbrev,7,7,7,False
syn-0325,oof,abbrev,4,4,4,True
syn-0326,oof,abbrev,1,1,1,False
syn-0327,oof,abbrev,1,1,8,True
syn-0328,oof,abbrev,10,10,10,False
syn-0329,oof,abbrev,8,8,8,False
syn-0330,oof,abbrev,0,0,0,False
syn-0332,oof,abbrev,6,6,6,False
syn-0333,oof,abbrev,5,5,5,True
syn-0334,oof,abbrev,6,6,6,False
syn-0335,oof,abbrev,3,11,11,False
syn-0336,oof,abbrev,0,0,0,True
syn-0338,oof,abbrev,8,8,8,False
syn-0339,oof,abbrev,7,7,7,True
syn-0340,oof,abbrev,9,9,9,False
syn-0341,oof,abbrev,8,8,8,False
syn-0343,oof,abbrev,8,8,8,False
syn-0345,oof,abbrev,7,7,7,False
syn-0346,oof,abbrev,6,6,6,False
syn-0348,oof,abbrev,9,9,9,False
syn-0349,oof,abbrev,5,5,5,False
syn-0350,oof,abbrev,2,2,2,True
syn-0351,oof,abbrev,11,11,11,False
syn-0352,oof,abbrev,8,8,8,False
syn-0353,oof,abbrev,7,7,7,False
syn-0354,oof,abbrev,8,8,8,False
syn-0355,oof,abbrev,5,5,5,False
syn-0356,oof,abbrev,8,8,8,False
syn-0357,oof,abbrev,3,3,3,False
syn-0358,oof,abbrev,2,2,2,False
syn-0359,oof,abbrev,4,4,4,False
syn-0360,oof,abbrev,0,0,0,False
syn-0363,oof,abbrev,9,9,9,True
syn-0364,oof,abbrev,4,4,4,True
syn-0366,oof,abbrev,9,9,9,False
syn-0367,oof,abbrev,4,4,4,False
syn-0368,oof,abbrev,9,9,9,False
syn-0369,oof,abbrev,6,5,5,False
syn-0370,oof,abbrev,9,9,9,False
syn-0371,oof,abbrev,6,6,6,True
syn-0372,oof,abbrev,1,1,1,False
syn-0373,oof,abbrev,11,11,11,False
syn-0374,oof,abbrev,8,8,8,True
syn-0375,oof,abbrev,8,8,8,False
syn-0376,oof,abbrev,5,5,5,False
syn-0377,oof,abbrev,5,5,5,False
syn-0378,oof,abbrev,2,2,2,False
syn-0379,oof,abbrev,3,3,3,False
syn-0380,oof,abbrev,4,5,5,False
syn-0381,oof,abbrev,8,8,8,True
syn-0382,oof,abbrev,0,0,0,False
syn-0383,oof,abbrev,2,2,2,True
syn-0384,oof,abbrev,1,1,1,True
syn-0385,oof,abbrev,5,4,4,False
syn-0386,oof,abbrev,10,10,10,False
syn-0388,oof,abbrev,5,5,5,False
syn-0391,oof,abbrev,0,0,0,True
syn-0392,oof,abbrev,1,1,1,True
syn-0393,oof,abbrev,2,2,2,True
syn-0396,oof,abbrev,3,3,3,False
syn-0397,oof,abbrev,1,1,1,False
syn-0399,oof,abbrev,8,8,8,False
syn-0401,oof,abbrev,11,11,11,True
syn-0402,oof,abbrev,1,1,1,False
syn-0403,oof,abbrev,9,9,9,False
syn-0405,oof,abbrev,8,8,8,False
syn-0406,oof,abbrev,4,0,0,False
syn-0407,oof,abbrev,6,6,6,False
syn-0408,oof,abbrev,4,4,4,False
syn-0409,oof,abbrev,10,10,10,True
syn-0410,oof,abbrev,10,10,10,False
syn-0411,oof,abbrev,2,2,2,False
syn-0413,oof,abbrev,9,9,9,False
syn-0414,oof,abbrev,5,4,4,False
syn-0415,oof,abbrev,1,1,1,False
syn-0416,oof,abbrev,2,2,2,True
syn-0417,oof,abbrev,7,4,4,False
syn-0418,oof,abbrev,0,0,0,False
syn-0419,oof,abbrev,1,1,1,True
syn-0420,oof,abbrev,2,2,2,False
syn-0421,oof,abbrev,10,10,10,False
syn-0422,oof,abbrev,1,1,1,True
syn-0423,oof,abbrev,9,9,9,False
syn-0425,oof,abbrev,5,5,5,False
syn-0426,oof,abbrev,10,10,10,False
syn-0427,oof,abbrev,5,5,5,True
syn-0428,oof,abbrev,8,1,8,True
syn-0429,oof,abbrev,2,2,2,False
syn-0430,oof,abbrev,1,1,1,False
syn-0431,oof,abbrev,3,3,3,False
syn-0432,oof,abbrev,6,6,6,False
syn-0433,oof,abbrev,5,5,5,False
syn-0435,oof,abbrev,10,10,10,False
syn-0436,oof,abbrev,6,6,6,False
syn-0437,oof,abbrev,3,3,3,True
syn-0439,oof,abbrev,6,6,6,False
syn-0440,oof,abbrev,1,1,8,True
syn-0443,oof,abbrev,7,7,7,True
syn-0444,oof,abbrev,5,5,5,False
syn-0445,oof,abbrev,6,6,6,False
syn-0447,oof,abbrev,7,7,7,False
syn-0448,oof,abbrev,4,5,5,False
syn-0449,oof,abbrev,11,11,11,False
syn-0450,oof,abbrev,10,10,10,False
syn-0451,oof,abbrev,8,8,8,True
syn-0452,oof,abbrev,10,10,10,False
syn-0453,oof,abbrev,1,1,1,False
syn-0454,oof,abbrev,11,11,11,True
syn-0455,oof,abbrev,2,2,2,False
syn-0456,oof,abbrev,11,11,11,False
syn-0457,oof,abbrev,9,9,9,False
syn-0458,oof,abbrev,6,6,6,False
syn-0459,oof,abbrev,5,8,8,False
syn-0460,oof,abbrev,8,8,8,False
syn-0461,oof,abbrev,2,2,2,False
syn-0463,oof,abbrev,11,11,11,False
syn-0464,oof,abbrev,4,4,4,False
syn-0465,oof,abbrev,7,7,7,False
syn-0468,oof,abbrev,6,6,6,False
syn-0469,oof,abbrev,9,9,9,False
syn-0471,oof,abbrev,5,5,5,False
syn-0472,oof,abbrev,8,8,8,True
syn-0473,oof,abbrev,10,10,10,False
syn-0474,oof,abbrev,0,0,0,True
syn-0476,oof,abbrev,7,7,7,True
syn-0477,oof,abbrev,7,5,5,False
syn-0478,oof,abbrev,2,2,2,False
syn-0480,oof,abbrev,1,1,1,False
syn-0481,oof,abbrev,9,9,9,False
syn-0482,oof,abbrev,1,1,1,True
syn-0484,oof,abbrev,3,3,3,False
syn-0485,oof,abbrev,10,10,10,True
syn-0486,oof,abbrev,1,1,1,False
syn-0487,oof,abbrev,6,6,6,False
syn-0488,oof,abbrev,10,10,10,False
syn-0489,oof,abbrev,11,11,11,False
syn-0490,oof,abbrev,7,7,7,False
syn-0491,oof,abbrev,10,10,10,False
syn-0492,oof,abbrev,6,6,6,True
syn-0493,oof,abbrev,8,8,8,False
syn-0495,oof,abbrev,2,2,2,False
syn-0496,oof,abbrev,8,8,8,False
syn-0497,oof,abbrev,5,5,5,True
syn-0498,oof,abbrev,7,7,7,False
syn-0499,oof,abbrev,11,11,11,True
