id,fold_seed,model_seed,fold,gold,pred,prob_0,prob_1,prob_2,prob_3,prob_4,prob_5,prob_6,prob_7,prob_8,prob_9,prob_10,prob_11
syn-0003,0,0,0,2,2,0.000439498835,0.000341313047,0.995481312,0.000469576713,0.000239321424,0.000202715179,0.000631487055,0.000500490249,0.000397428928,0.00035581243,0.000383136707,0.000557899475
syn-0004,0,0,0,10,10,0.000224539268,0.000250054145,0.000387630251,0.000286070805,0.000362607796,0.000242851063,0.00104744779,0.000308087241,0.00184876181,0.00062210561,0.994168639,0.000251196674
syn-0006,0,0,0,7,7,0.00376001536,0.00432829745,0.00560059911,0.0014698538,0.00130222691,0.00780007942,0.000822930713,0.7385903,0.0423584022,0.134726495,0.0446537063,0.0145871248
syn-0008,0,0,0,8,8,0.000215022708,0.000248460186,0.000299793261,0.000196850655,0.000391945679,0.000254815212,0.000552846235,0.000584043155,0.996441603,0.000328804803,0.000288804906,0.000197018206
syn-0011,0,0,0,10,10,0.000197546629,0.000398079952,0.000341112056,0.000299065141,0.000249068195,0.000225755837,0.000638972444,0.00031229615,0.00139762124,0.000528209726,0.995076776,0.000335497927
syn-0015,0,0,0,6,6,0.000462725555,0.000398317265,0.000496500288,0.000420375844,0.000366412365,0.000737087626,0.995311856,0.000136121569,0.000551516132,0.000241299567,0.000524167437,0.000353610783
syn-0016,0,0,0,9,9,0.000340133411,0.000927959103,0.000267627882,0.000408456253,0.000410026958,0.000321728468,0.000404277147,0.000410642126,0.00199129712,0.990832806,0.00331708253,0.000367976347
syn-0017,0,0,0,3,3,0.000391704147,0.000576974358,0.000429612905,0.994778454,0.000582273118,0.000473145483,0.000600265979,0.000419092394,0.000222208997,0.000622968539,0.000494691776,0.000408579159
syn-0020,0,0,0,6,6,0.000295862759,0.000211978913,0.000434114103,0.000442510092,0.000607950613,0.000894710829,0.994127631,0.000144891266,0.000966991356,0.000283564324,0.00126116432,0.000328619761
syn-0034,0,0,0,0,0,0.994393408,0.000444012199,0.000409218774,0.000329769769,0.00103196315,0.000583469926,0.000519007852,0.000521467358,0.000329260132,0.000443984318,0.000469944149,0.000524493924
syn-0044,0,0,0,2,2,0.000476895861,0.000347944471,0.99539566,0.000500064634,0.000235418222,0.000191158644,0.000585344445,0.000548423617,0.000369047426,0.000386392901,0.000409595494,0.000554025231
syn-0049,0,0,0,8,8,0.000199076982,0.000277753832,0.000282985449,0.000185434794,0.000311067881,0.000200396578,0.000369481975,0.000579545274,0.996538281,0.00050888944,0.000378970493,0.000168136292
syn-0052,0,0,0,4,4,0.0021719418,0.000529817247,0.000288713229,0.000799729198,0.986949146,0.00612585386,0.000419346994,0.000369538087,0.000520209374,0.000581399188,0.00051655632,0.000727733772
syn-0053,0,0,0,10,10,0.000221050243,0.000370019057,0.00029080399,0.000304553047,0.000527885335,0.000334208919,0.000908934919,0.000269060314,0.000445765909,0.0004528141,0.995619297,0.000255630875
syn-0055,0,0,0,3,3,0.000293856225,0.000658409612,0.00051772024,0.995327115,0.00054611027,0.00035856149,0.000607269467,0.000253247388,0.000208502723,0.000501293165,0.000368794805,0.000359091471
syn-0063,0,0,0,1,1,0.000521362643,0.995349705,0.000362070481,0.000586674432,0.000280715147,0.000442005054,0.000505277363,0.000238063833,0.000368170266,0.000453877466,0.000433053123,0.000459029165
syn-0069,0,0,0,11,11,0.000609709416,0.00301002897,0.000948859204,0.000833592378,0.000660279067,0.00042585659,0.00119238021,0.00033563911,0.00030786125,0.000590208394,0.00157358532,0.989512026
syn-0072,0,0,0,0,0,0.995092392,0.000457269023,0.000460280804,0.000378674362,0.000719787145,0.000534372986,0.000303679844,0.000615673373,0.000315129175,0.000413837377,0.000300184678,0.000408725173
syn-0073,0,0,0,11,11,0.000586378796,0.00108011789,0.000668553286,0.000294852536,0.000378636672,0.000573742844,0.000415502058,0.000498286332,0.000258175103,0.000357516226,0.000745591533,0.994142652
syn-0077,0,0,0,2,2,0.000364771229,0.000333057862,0.995562375,0.000587383984,0.000226539225,0.000200732582,0.000711557106,0.000455713627,0.000347251334,0.000312733697,0.000346817396,0.000551040343
syn-0081,0,0,0,10,10,0.000231121841,0.000380136829,0.000317173806,0.000311439129,0.000650049944,0.000360612641,0.000762427342,0.000286787748,0.000783822848,0.000412734196,0.995245576,0.000258114451
syn-0084,0,0,0,5,5,0.000461766147,0.000664702151,0.000253436097,0.000456185284,0.000411244197,0.994513035,0.00039026697,0.0012608699,0.000385895924,0.000315131794,0.000439805299,0.000447656057
syn-0090,0,0,0,5,5,0.00394395227,0.000820317538,0.000356492645,0.000314147794,0.00202076649,0.989016056,0.000549307384,0.000964656065,0.000735053036,0.000360728329,0.000286508148,0.000632016396
syn-0093,0,0,0,5,5,0.000368341251,0.00071932096,0.000308818562,0.000389562309,0.00038966196,0.99374789,0.00137103524,0.000882518652,0.000418948155,0.00030098611,0.000594797137,0.000508111261
syn-0098,0,0,0,10,10,0.000231405706,0.000569162949,0.000268715696,0.00028970858,0.000495114306,0.000260200934,0.000331555028,0.000482870091,0.000821536931,0.00065398385,0.995319784,0.000275941828
syn-0101,0,0,0,3,3,0.000290381082,0.000636710844,0.000501402596,0.995407641,0.000628653215,0.000322545384,0.000586782291,0.000284838345,0.000240732552,0.000428607891,0.00030430156,0.000367405359
syn-0109,0,0,0,3,3,0.000451056054,0.0013814253,0.000495016808,0.990339875,0.000858625921,0.000438264193,0.000821833382,0.000272268866,0.000290212163,0.00341000361,0.000690189365,0.000551221776
syn-0120,0,0,0,3,3,0.000313624681,0.000637661607,0.000429810141,0.995311677,0.000550232711,0.000291824428,0.000590654148,0.000290566968,0.000249280012,0.000548824726,0.000437034294,0.000348786183
syn-0121,0,0,0,9,9,0.000342337589,0.000490903913,0.000344485336,0.000524053525,0.000343183608,0.000187918835,0.000224482501,0.000390641566,0.000396346644,0.995855749,0.000518339919,0.000381584367
syn-0139,0,0,0,1,1,0.00034719074,0.995204329,0.000354708347,0.000702492543,0.000354319287,0.000410894223,0.000538016902,0.000245099945,0.000354451389,0.00055785093,0.000406495121,0.000524136529
syn-0148,0,0,0,7,7,0.000549886085,0.000381031336,0.000641575782,0.000212737956,0.000289758958,0.00098469411,0.000108971617,0.990937233,0.00282949815,0.00103165023,0.00137355039,0.000659406418
syn-0155,0,0,0,4,4,0.000516652886,0.000300153799,0.000218790359,0.000525294978,0.994715035,0.000863150635,0.000427239662,0.000200029841,0.00108396437,0.000370976777,0.000483162963,0.000295577192
syn-0158,0,0,0,1,1,0.000446662569,0.995167911,0.000381620222,0.000518900983,0.000296766433,0.000417068601,0.000707809697,0.000243314978,0.000356824225,0.00046632337,0.000429468811,0.000567347626
syn-0166,0,0,0,5,5,0.00083353481,0.000522414048,0.000233976476,0.000314218225,0.000794025313,0.994710684,0.000380922516,0.000686290266,0.000342611107,0.000312151358,0.000382765458,0.000486391655
syn-0169,0,0,0,4,4,0.000901677529,0.000235228305,0.000187121215,0.000771216,0.995128274,0.000688620668,0.000326697802,0.000260888803,0.000439175346,0.000456091715,0.000303500448,0.000301520893
syn-0173,0,0,0,8,8,0.000285004935,0.000463781616,0.000319662126,0.00020214128,0.000522292859,0.00026925921,0.00161313196,0.000232132938,0.994795024,0.000395596871,0.000641504943,0.00026045792
syn-0175,0,0,0,11,11,0.000563152891,0.00401301589,0.000937940669,0.00105595635,0.000922088861,0.00205860334,0.000981081626,0.000863857451,0.000487610552,0.000871051452,0.0200036,0.967242062
syn-0196,0,0,0,4,4,0.00207315455,0.000253441656,0.000212903979,0.000675098447,0.993789673,0.000681115547,0.000317267928,0.00030627579,0.000505546108,0.000386964035,0.000314626785,0.000483960408
syn-0223,0,0,0,6,6,0.000808897719,0.00092936412,0.0012680915,0.00114190031,0.00252504763,0.00187170133,0.929453433,0.000432172295,0.049318511,0.00146305154,0.0101370001,0.000650858157
syn-0230,0,0,0,9,9,0.00040375063,0.000592606084,0.000285248912,0.00028183806,0.000296122511,0.000260396308,0.000217594337,0.000795640051,0.000647565816,0.99549973,0.000337558682,0.000381948339
syn-0233,0,0,0,8,8,0.000206704455,0.0002906562,0.000268403266,0.000185236728,0.000348652218,0.000171404477,0.000450497813,0.000439016323,0.996527672,0.000391871028,0.000549527409,0.000170337415
syn-0241,0,0,0,1,1,0.00122619129,0.989533603,0.000389903784,0.00357384724,0.00145920645,0.00075123657,0.000714309688,0.000235551925,0.00037367249,0.000866667368,0.000307155482,0.000568644318
syn-0246,0,0,0,8,8,0.00850769039,0.0386037752,0.003457051,0.00294783083,0.00228039944,0.00237597711,0.227517992,0.00106916495,0.705421865,0.00256662676,0.00298097124,0.00227063429
syn-0248,0,0,0,6,6,0.000376680924,0.000334992452,0.000637018937,0.000597953855,0.000530154502,0.000406835956,0.988866568,0.000221606708,0.000541505404,0.000342071755,0.00686782133,0.000276804436
syn-0249,0,0,0,8,8,0.000223010982,0.000216430504,0.000271567609,0.000166199869,0.000380259531,0.000308063929,0.000264771166,0.00109879521,0.995963454,0.000504111929,0.00043640763,0.000166944956
syn-0252,0,0,0,8,8,0.000223984796,0.000318893901,0.000286575028,0.000172899759,0.000359485246,0.000146474296,0.000598379178,0.000379063655,0.996034145,0.000484378979,0.000801533752,0.000194187392
syn-0254,0,0,0,7,11,0.01537144,0.0200394597,0.0203257948,0.00394093199,0.0112120686,0.0186782498,0.0188572332,0.110377207,0.284988791,0.0316265486,0.0190450456,0.445537239
syn-0270,0,0,0,10,10,0.00118478667,0.00228456385,0.000453797576,0.000527277356,0.000903609674,0.000503020885,0.00902900752,0.000181148294,0.000672606635,0.000894159311,0.982791662,0.00057433988
syn-0273,0,0,0,0,0,0.994514227,0.00087907241,0.000415538059,0.000420406839,0.000694156857,0.000529419282,0.000377364137,0.000522952585,0.000361605693,0.000409760891,0.000335744204,0.000539752597
syn-0274,0,0,0,9,9,0.000287889998,0.000379295321,0.000350096409,0.000384847954,0.000294245197,0.000237259505,0.000196794295,0.000657266937,0.000406593375,0.99571228,0.000661564351,0.000431869266
syn-0275,0,0,0,0,0,0.994634628,0.000596749713,0.000459522562,0.000418040814,0.000713858812,0.000539886241,0.000453025306,0.00063461723,0.000336819387,0.000427987165,0.000387381617,0.000397493946
syn-0276,0,0,0,6,10,0.0012301536,0.00114080054,0.00183320581,0.00140601466,0.00218241476,0.00155745528,0.32049197,0.00069634791,0.00217025122,0.00131649466,0.663741767,0.00223314576
syn-0284,0,0,0,0,0,0.994867742,0.000568713993,0.000422038604,0.00030068151,0.000735530863,0.000434430345,0.000342842861,0.000468245824,0.00045191159,0.000495264947,0.000396588934,0.000516007945
syn-0296,0,0,0,3,3,0.000344384636,0.000687031599,0.000379693927,0.994680166,0.000940450816,0.000566852745,0.000497578352,0.000277775194,0.000213491672,0.000532336242,0.000451225671,0.000428983476
syn-0302,0,0,0,10,10,0.000242301583,0.000252925616,0.000311615295,0.000264289032,0.000263669994,0.00030708182,0.000874064688,0.000432482717,0.000670483219,0.000428838714,0.995790184,0.000162041048
syn-0304,0,0,0,1,1,0.000437602692,0.994688392,0.000356364239,0.000588868919,0.00037375369,0.000482774747,0.000811539998,0.00026320797,0.000342394051,0.000418231793,0.000670307665,0.000566587318
syn-0311,0,0,0,9,9,0.000368382491,0.000776202884,0.000336057885,0.000650436908,0.000397842115,0.00021342047,0.000285921735,0.000359250436,0.000288751035,0.995207131,0.000413319503,0.000703268335
syn-0316,0,0,0,0,0,0.964009583,0.00158556446,0.00063226471,0.00102034677,0.00474529667,0.0207421388,0.00245168037,0.000524016796,0.00100901059,0.000989805209,0.000748322287,0.00154196541
syn-0318,0,0,0,11,11,0.000748747727,0.000945797423,0.000917058554,0.000631202711,0.0015203153,0.000327116606,0.00100996392,0.000393648865,0.000363819679,0.000745045836,0.00256064557,0.989836633
syn-0328,0,0,0,10,10,0.000218214132,0.000289484364,0.000269429584,0.000286397379,0.000319406041,0.000263155118,0.000537631742,0.000506756362,0.00107427605,0.000549297489,0.99552983,0.000156115988
syn-0332,0,0,0,6,6,0.000301223045,0.000229554789,0.000462120195,0.000481155468,0.000418246782,0.000312979595,0.995302975,0.000121202444,0.000451875967,0.000278949417,0.00133509864,0.000304635323
syn-0345,0,0,0,7,7,0.000633048418,0.000371024449,0.000460176379,0.000262139481,0.00036284115,0.00322640454,0.000157922186,0.991853297,0.000728460203,0.000605894777,0.000575041748,0.000763742311
syn-0354,0,0,0,8,8,0.000241310161,0.000328486698,0.000295428355,0.000220368369,0.000450633175,0.000223926123,0.000499226677,0.000400563702,0.996445656,0.000371083035,0.000302194967,0.00022111478
syn-0356,0,0,0,8,8,0.000231621321,0.000294865225,0.000253825885,0.000163117104,0.000342470827,0.000193114785,0.000456053764,0.000474974891,0.996698141,0.000354703428,0.000357259472,0.000179877068
syn-0357,0,0,0,3,3,0.000344658649,0.000761755859,0.000563832698,0.995059133,0.000527493481,0.000312738062,0.000604198547,0.000284040812,0.000234429928,0.000527482887,0.00040226712,0.000377977034
syn-0371,0,0,0,6,6,0.000308059243,0.000277457089,0.000571080775,0.000429276639,0.000357496174,0.000366651366,0.995557845,0.000116564472,0.000369096,0.000256188476,0.00100001809,0.000390267582
syn-0372,0,0,0,1,1,0.000470673142,0.994935453,0.000296926999,0.000776181754,0.00035537142,0.000521558104,0.000488926948,0.000221512717,0.000379078614,0.000687367457,0.000382842205,0.00048413183
syn-0380,0,0,0,4,4,0.00379413017,0.00101943011,0.000711760833,0.0017586808,0.788886726,0.195989087,0.000945377571,0.00134680059,0.00170585513,0.00151687919,0.000974586874,0.00135066465
syn-0382,0,0,0,0,0,0.994890094,0.000492319756,0.000441006239,0.00040287865,0.000779464375,0.000521109905,0.00031350748,0.000668902707,0.000281591667,0.000444863341,0.000372220646,0.000392024696
syn-0383,0,0,0,2,2,0.00044805673,0.000318806764,0.995304763,0.000484311226,0.000229603887,0.000232618404,0.000535832194,0.000631349802,0.000334595446,0.000453562126,0.000443217636,0.000583267363
syn-0419,0,0,0,1,1,0.000430858112,0.994914591,0.000347514724,0.000650255883,0.000376905082,0.00046992593,0.00036723935,0.000232553051,0.000393988856,0.000489948783,0.000754770881,0.000571467506
syn-0421,0,0,0,10,10,0.00018706129,0.000376944634,0.000269609067,0.000489912927,0.00035235699,0.000339004706,0.00206328183,0.00020732297,0.000872920151,0.000541031419,0.994012058,0.000288502488
syn-0425,0,0,0,5,5,0.000440786273,0.00105391326,0.000226852149,0.000318622304,0.000682261481,0.994475245,0.000472566375,0.00059453107,0.000412371039,0.000298399682,0.00028750865,0.000736958231
syn-0448,0,0,0,4,5,0.000469501334,0.000442060613,0.000239849818,0.000353582262,0.00410556607,0.991268992,0.000672873633,0.000649740046,0.000485961442,0.000439173309,0.000329632981,0.000543092319
syn-0452,0,0,0,10,10,0.000206193028,0.000267540949,0.000425178674,0.00029723355,0.000346335117,0.00025069894,0.00220204028,0.000267951924,0.000986906234,0.00049650931,0.994014144,0.000239256231
syn-0454,0,0,0,11,11,0.000299110543,0.000697605312,0.000612586562,0.000348627305,0.000541231071,0.000443411118,0.000378700934,0.000606461486,0.000282380963,0.000450873864,0.000889284303,0.994449735
syn-0455,0,0,0,2,6,0.00817898009,0.108347222,0.0527992919,0.08714398,0.0822864026,0.00777316745,0.289833665,0.0437316746,0.030478077,0.134269729,0.02691455,0.128243268
syn-0457,0,0,0,9,9,0.000336209574,0.000569870346,0.000331958901,0.0004288528,0.000293655961,0.000262424641,0.000218497924,0.000548383861,0.00036253038,0.995878875,0.000392682065,0.000376054901
syn-0459,0,0,0,5,5,0.0256534647,0.144998521,0.00263972837,0.0030153417,0.00785281043,0.703146696,0.0200273134,0.00185211329,0.084069483,0.00291781849,0.00169838173,0.00212833798
syn-0480,0,0,0,1,1,0.000796712644,0.973441303,0.000905790541,0.00622837944,0.000804415613,0.00120806554,0.0104481261,0.000280139793,0.00049811654,0.000911273528,0.00122231967,0.00325533771
syn-0487,0,0,0,6,6,0.00053018675,0.000257176784,0.000463086064,0.000457126502,0.000602241722,0.000522990478,0.994718492,0.000126086845,0.0011818409,0.000269620621,0.000540478795,0.000330655486
syn-0489,0,0,0,11,11,0.000582940062,0.00221665716,0.00066624704,0.000419105752,0.00115613139,0.00107567396,0.000780966366,0.000340684404,0.000302107568,0.00059141143,0.00131466147,0.990553439
syn-0495,0,0,0,2,2,0.000414719834,0.000355189113,0.995472252,0.000573860365,0.000224273026,0.000223423544,0.000589052623,0.000536443666,0.000362500432,0.000343502645,0.000309656898,0.000595095684
syn-0496,0,0,0,8,8,0.000221476963,0.000337412319,0.000317285216,0.000173361361,0.000331923278,0.000168039362,0.00053245842,0.000470660307,0.996318996,0.000488367281,0.000443467288,0.000196571753
syn-0497,0,0,0,5,5,0.000687319087,0.00102930365,0.000251132966,0.000263717637,0.000442930206,0.993166089,0.000458849652,0.00154802739,0.000876735779,0.000413106929,0.000474649394,0.000388136046
syn-0498,0,0,0,7,7,0.000464076758,0.000380193524,0.000554320286,0.000258138723,0.000165026024,0.00100833247,0.000162395008,0.994500875,0.00119149068,0.000345905602,0.000424090278,0.000545177842
syn-0013,0,0,1,6,6,0.000331716292,0.000328596478,0.000455517031,0.000401451573,0.000341920881,0.000517478678,0.995897651,0.000125623934,0.000317572994,0.000219750422,0.000659574987,0.000403165468
syn-0018,0,0,1,3,6,0.00128381245,0.00245163403,0.00205258303,0.246105894,0.00390644744,0.00175083731,0.737050354,0.000444122968,0.000863613444,0.00138348027,0.00129108888,0.00141613907
syn-0031,0,0,1,0,0,0.994693935,0.000716484559,0.000466831727,0.000403377402,0.000734262867,0.000503020652,0.000362144347,0.000565230381,0.000356279488,0.000450129446,0.000319307757,0.000429011416
syn-0032,0,0,1,4,4,0.000421459292,0.000332085445,0.000287103234,0.000881798915,0.993917942,0.000457348302,0.00117183279,0.000309352268,0.00071400404,0.00055500411,0.000462745695,0.000489340455
syn-0037,0,0,1,8,8,0.000156806578,0.000369273272,0.000251360761,0.00018716589,0.00062907493,0.000393555092,0.0006832871,0.000443155528,0.995059192,0.000504962169,0.00113616197,0.000185997822
syn-0041,0,0,1,10,10,0.000341046194,0.000303916691,0.000347725552,0.000503885967,0.000368109875,0.000164628422,0.000543241447,0.000430625834,0.001137365,0.00272843102,0.992755711,0.000375288684
syn-0042,0,0,1,9,9,0.000357434561,0.000454627036,0.000373479415,0.000628369395,0.000295552774,0.000207945821,0.000233896193,0.000420605007,0.000371556875,0.995821476,0.000462235097,0.000372802402
syn-0045,0,0,1,9,9,0.00097943109,0.00212796172,0.000530230347,0.00455264468,0.000903997803,0.000594401965,0.00141236803,0.000398970093,0.00113469281,0.968249142,0.0185495522,0.000566601579
syn-0046,0,0,1,8,8,0.00473852269,0.00115687109,0.00074125675,0.000759188901,0.00114559953,0.00117011275,0.00153358909,0.00269687199,0.934837103,0.0494171754,0.000884336769,0.000919381331
syn-0057,0,0,1,8,8,0.000353923941,0.00035198484,0.000295170001,0.000187336438,0.000725334801,0.000349350856,0.000489024213,0.000435112015,0.991622567,0.000872833596,0.00355312251,0.000764232595
syn-0059,0,0,1,3,3,0.000326363195,0.000665246043,0.000453889981,0.994887769,0.000584179128,0.000442263903,0.000570437755,0.000334480981,0.000237213346,0.000684766565,0.000433225534,0.000380139507
syn-0070,0,0,1,2,2,0.000412669178,0.000297917664,0.995601118,0.000469967054,0.00023823393,0.000239707952,0.000645383785,0.000527551805,0.000336012599,0.000336712168,0.000348944304,0.000545768766
syn-0071,0,0,1,6,6,0.000410073757,0.000224665884,0.000523357303,0.000500122784,0.000405539497,0.000409713481,0.99595654,0.000102746868,0.00029111476,0.00020669373,0.000621260144,0.000348161469
syn-0076,0,0,1,5,5,0.000999171752,0.000672059832,0.000248903554,0.000362484774,0.000976583688,0.994136572,0.000575404614,0.00041656231,0.000434747315,0.000404059654,0.000255162304,0.000518295914
syn-0079,0,0,1,1,1,0.000377376738,0.995140016,0.000356043398,0.0007430634,0.00027135096,0.000538870576,0.000630847586,0.000268972421,0.000382003549,0.000424270023,0.000366282999,0.000500883325
syn-0086,0,0,1,10,10,0.000279169413,0.000301251595,0.000267712399,0.000265094539,0.000280957116,0.000288980169,0.000357628742,0.000656142598,0.000411690446,0.000426931656,0.99601841,0.000446005666
syn-0087,0,0,1,5,5,0.00116033293,0.00121975655,0.000494007312,0.000909860071,0.002150279,0.9679178,0.00398557633,0.00129087246,0.0143504525,0.000751008163,0.00445513567,0.00131493004
syn-0091,0,0,1,4,4,0.000523422728,0.00028296595,0.000217197143,0.000889707298,0.994972169,0.000610524148,0.000552036159,0.000240027206,0.000432502799,0.000431938213,0.000461996882,0.000385535212
syn-0111,0,0,1,3,3,0.00031999941,0.000865950133,0.000709937653,0.994707465,0.00058231951,0.000382551982,0.000650364615,0.000304057845,0.000258837448,0.000518397603,0.00032785075,0.00037229617
syn-0118,0,0,1,5,5,0.000629516784,0.000575344602,0.000211956489,0.000291074568,0.00110086391,0.994637728,0.000460709853,0.000494266511,0.000451428117,0.000340240629,0.000237391127,0.000569464406
syn-0128,0,0,1,2,2,0.000403127138,0.000308700372,0.995740473,0.000472764048,0.000207429781,0.000228719204,0.00058426708,0.000510744518,0.000351842376,0.000315618992,0.000319957966,0.000556369429
syn-0130,0,0,1,6,8,0.000626748602,0.000925768632,0.000745424419,0.000391178386,0.000748867402,0.000691657886,0.0154342651,0.000580754713,0.977729976,0.000609444047,0.00102928688,0.000486641366
syn-0133,0,0,1,2,2,0.000596658967,0.000319390761,0.994997501,0.000540463778,0.000231524085,0.00024657257,0.000613867829,0.000917248661,0.000358526915,0.000294705125,0.000371405389,0.000512154948
syn-0134,0,0,1,5,5,0.00127469574,0.000397181953,0.000268159289,0.000360122998,0.000901874155,0.992572904,0.00055320916,0.00134871365,0.000914469827,0.000366668537,0.000457057322,0.000584964524
syn-0146,0,0,1,10,10,0.000286505179,0.000277245883,0.000253369217,0.000280750741,0.000277765619,0.000217617606,0.000579846674,0.000419793127,0.000457206566,0.000448284671,0.996279895,0.000221694281
syn-0147,0,0,1,0,0,0.994164944,0.000843458751,0.000484628865,0.00053682382,0.000640901562,0.000429538224,0.000411315064,0.000524312782,0.000459127099,0.000671968563,0.000377631688,0.000455346395
syn-0151,0,0,1,10,11,0.000934525509,0.00270260079,0.00127497199,0.000975489849,0.00128101383,0.0022914242,0.00356788584,0.001603198,0.00113366137,0.00176892907,0.0988568217,0.883609474
syn-0167,0,0,1,0,0,0.994842827,0.000539714703,0.000470781233,0.000383579754,0.000643669919,0.000493540487,0.000422527548,0.000573716708,0.000395721145,0.000442757388,0.000346383866,0.000444800098
syn-0181,0,0,1,10,10,0.000476482819,0.000787288882,0.000777091656,0.000625380955,0.00076505891,0.000263725466,0.00558980601,0.00076072762,0.0385461226,0.0014981603,0.949509382,0.000400765275
syn-0187,0,0,1,3,3,0.000339341175,0.000707072148,0.000534457155,0.99488312,0.000594828511,0.000344798376,0.000618025777,0.000319106621,0.000252575235,0.000595192774,0.000457898277,0.00035360796
syn-0191,0,0,1,4,4,0.000661191414,0.000323203421,0.000243791874,0.00137535995,0.992292762,0.00037446394,0.00144392229,0.00025394003,0.000695478986,0.000581647328,0.00139102084,0.000363216794
syn-0202,0,0,1,10,10,0.000222628194,0.000387063483,0.00034946081,0.000289138843,0.000375856936,0.000215637832,0.00039863959,0.000416297145,0.0010651357,0.00126925937,0.994359493,0.000651366368
syn-0213,0,0,1,0,0,0.994607508,0.000573618396,0.000511453254,0.000338947662,0.000676277035,0.000483348907,0.000328512018,0.000542746333,0.000500005146,0.000448369246,0.000425806182,0.000563436595
syn-0222,0,0,1,8,8,0.000157006798,0.000260300119,0.00028276103,0.000174311717,0.000434588786,0.000200653871,0.000456832699,0.000399429846,0.996573687,0.000339243707,0.000539163069,0.00018202723
syn-0232,0,0,1,8,8,0.000231902566,0.000373739284,0.000261893147,0.000182159201,0.00039270104,0.000285514427,0.000374829717,0.000498802867,0.99610436,0.000861268025,0.000261900335,0.000170906671
syn-0236,0,0,1,11,11,0.000754468725,0.00238391315,0.000881204149,0.00046882662,0.000829086988,0.000819457229,0.0007452516,0.000556368555,0.00190928183,0.00147576944,0.000368485809,0.988807857
syn-0237,0,0,1,4,4,0.00103652128,0.000315196638,0.00024897643,0.00081619469,0.99388653,0.000428160449,0.000348086789,0.00028979819,0.000513297797,0.000774214277,0.000755963149,0.000587066752
syn-0264,0,0,1,0,0,0.994657159,0.000657106342,0.000447446888,0.000350764312,0.000602400047,0.000615818601,0.000276578183,0.000681997335,0.000432578905,0.000484567019,0.000312665856,0.000480936811
syn-0267,0,0,1,4,4,0.00133710273,0.000264319824,0.000210046826,0.00058434729,0.994391382,0.000856299826,0.00030242416,0.000264614122,0.000474022789,0.000397713768,0.00041786232,0.000499887159
syn-0268,0,0,1,6,6,0.000290557829,0.000294312107,0.000438511808,0.00052424852,0.000684787519,0.00055979559,0.994754314,0.000107534164,0.00042263596,0.000293814985,0.00112553861,0.000503967516
syn-0271,0,0,1,2,2,0.000490846171,0.000473007909,0.994086683,0.00104145566,0.000179703857,0.000223354364,0.000804940471,0.000626134919,0.00038336523,0.000578392472,0.000445809244,0.000666289066
syn-0272,0,0,1,3,3,0.038329605,0.00445365719,0.00462452695,0.92733705,0.00358580891,0.000799338974,0.0127729895,0.000881800835,0.00107178662,0.00204008562,0.00246831821,0.0016350043
syn-0279,0,0,1,0,0,0.994749248,0.000579890737,0.000484672579,0.000381277525,0.000610574032,0.000534693652,0.00036202668,0.000572678808,0.000398443692,0.000504768512,0.000320214458,0.000501517497
syn-0281,0,0,1,10,10,0.000621528714,0.00190402567,0.000715487404,0.000719492498,0.00127358944,0.00295207649,0.00823163427,0.000437247334,0.0249213018,0.00133919052,0.956337094,0.000547320582
syn-0283,0,0,1,7,7,0.000439843512,0.000240937326,0.00075666164,0.000311352574,0.000221952097,0.00182868179,0.000157427989,0.993870735,0.000540040841,0.000332018128,0.000746198872,0.000554120343
syn-0294,0,0,1,1,1,0.00037053143,0.995410383,0.000356000295,0.000663985324,0.000291121687,0.000629487971,0.000400285964,0.000271002908,0.000344586209,0.000432892761,0.000332388037,0.000497325498
syn-0295,0,0,1,10,10,0.00027903408,0.000342085026,0.000274253631,0.000295100675,0.000291408622,0.000283598987,0.00126368494,0.000234560168,0.000365212414,0.000355934404,0.995656371,0.000358742836
syn-0297,0,0,1,11,11,0.000404407707,0.000800572452,0.000739212614,0.000297173974,0.000344975299,0.000657079858,0.000599429361,0.000574165198,0.000277585932,0.00030474455,0.000385839608,0.99461484
syn-0298,0,0,1,7,7,0.000609738461,0.000271009339,0.000497168163,0.000323393149,0.000281910878,0.00184503582,0.000149842104,0.994042218,0.000651479641,0.000338020182,0.000469848368,0.000520325906
syn-0308,0,0,1,3,3,0.000348008412,0.000675962598,0.000466003519,0.99496901,0.000586117909,0.000301370892,0.000737989612,0.000285769929,0.000286237686,0.000548910932,0.00043802365,0.000356565404
syn-0313,0,0,1,11,11,0.00241522607,0.0111092692,0.00418814179,0.00441282243,0.00203530956,0.00395830953,0.130021989,0.00184058899,0.00145055703,0.00150937925,0.00710790139,0.829950511
syn-0314,0,0,1,8,8,0.000165957012,0.000282641093,0.000289555872,0.000168214421,0.000364075619,0.00022451827,0.000329258124,0.000481821102,0.996684611,0.000437841925,0.000392069458,0.000179421564
syn-0325,0,0,1,4,4,0.00163350627,0.000258726621,0.000209311402,0.00505777914,0.986225605,0.00160944753,0.00135860499,0.000296223647,0.000432451518,0.00163843937,0.000730453699,0.000549429446
syn-0336,0,0,1,0,0,0.994592249,0.000635879987,0.000570490083,0.00041050525,0.000471428299,0.000721584482,0.000432267989,0.000651997165,0.000319860847,0.00042562859,0.000327532791,0.000440564734
syn-0343,0,0,1,8,8,0.000326261477,0.000244922121,0.000398630596,0.000198697919,0.000633934687,0.000331405085,0.000249438948,0.00182106707,0.992319107,0.00203293469,0.000883514876,0.000560113869
syn-0346,0,0,1,6,6,0.000362399092,0.000228642224,0.000541358138,0.00053824723,0.000382967846,0.000332894677,0.995983124,0.000128487329,0.000370746682,0.000214550979,0.000591058168,0.000325518369
syn-0348,0,0,1,9,9,0.000367579312,0.000481080264,0.000234833467,0.000373823452,0.00030461367,0.00024550379,0.000217132518,0.000442503224,0.000782008341,0.99562031,0.000588292314,0.000342309271
syn-0358,0,0,1,2,2,0.000495386252,0.000393166178,0.994782388,0.000361201382,0.000197260844,0.000231258862,0.000669069123,0.000860030181,0.000462463853,0.000402483769,0.000446788239,0.000698523829
syn-0366,0,0,1,9,9,0.000814483035,0.000463312346,0.000502567913,0.00199610298,0.000664346851,0.000520498492,0.00081647461,0.000454413268,0.000640926708,0.988276243,0.00428870972,0.000561903929
syn-0369,0,0,1,6,6,0.000676520285,0.00404345477,0.000885478803,0.000873428595,0.000752020162,0.0233687088,0.965762615,0.000376425101,0.000820053916,0.000536867999,0.00102004735,0.000884355803
syn-0370,0,0,1,9,9,0.000352405477,0.000590535812,0.000316547579,0.000483782555,0.000283113914,0.00024617638,0.000161094926,0.000403389859,0.000358839257,0.995739758,0.00045900917,0.000605346286
syn-0373,0,0,1,11,11,0.000421272969,0.00065494969,0.000667431159,0.000320379477,0.000389807305,0.00050092052,0.000475314795,0.000381634512,0.000234071631,0.000484892313,0.000372119248,0.99509722
syn-0374,0,0,1,8,8,0.000196240915,0.000284698181,0.00025491527,0.000186969133,0.000398950127,0.000268648582,0.000508431462,0.000367659028,0.996590376,0.000336105819,0.000438548479,0.000168457162
syn-0381,0,0,1,8,8,0.000212192594,0.000299437583,0.000229473197,0.000137857205,0.000410254608,0.000294769154,0.00027526528,0.000847077288,0.995581567,0.000734792789,0.000689250068,0.000288046751
syn-0396,0,0,1,3,3,0.000289274933,0.000608809874,0.000792927225,0.99471724,0.000599083724,0.000373558432,0.000710570894,0.000336486119,0.00024293462,0.000602654822,0.000399881828,0.000326560024
syn-0397,0,0,1,1,1,0.000364973384,0.995423615,0.000336619065,0.000591713062,0.000255361316,0.000496607565,0.00045066484,0.000249599107,0.000304678717,0.000449869782,0.000435634167,0.000640649931
syn-0401,0,0,1,11,11,0.00119472877,0.015341945,0.00138756353,0.000723693869,0.000493353233,0.00139751285,0.00319820852,0.0005661943,0.00029273628,0.00101394788,0.000537306827,0.973852813
syn-0406,0,0,1,4,4,0.0087129306,0.000410025794,0.00030033238,0.00163609558,0.982049406,0.000743233075,0.000710213499,0.000466754573,0.000407492364,0.000942864513,0.00275961682,0.000861033099
syn-0415,0,0,1,1,11,0.00209267344,0.0328000858,0.00410309294,0.00283560436,0.00840301532,0.00487448275,0.00220751297,0.00262157735,0.199622542,0.00905351434,0.00205683685,0.72932905
syn-0416,0,0,1,2,2,0.000368977169,0.000311218755,0.995689154,0.00051936321,0.000241624584,0.000233163475,0.000599942345,0.000457464659,0.000331906485,0.000339881779,0.000348656205,0.00055863912
syn-0426,0,0,1,10,10,0.000212463943,0.000308630464,0.000332242722,0.000261188019,0.000192510779,0.000451525237,0.000891727803,0.00046432059,0.000968378677,0.000489887083,0.994414747,0.00101240468
syn-0427,0,0,1,5,5,0.00141437876,0.00104605302,0.00055183575,0.00122483517,0.103682563,0.884719014,0.00184481125,0.000711123401,0.0011362168,0.00105914334,0.000772682019,0.00183732389
syn-0439,0,0,1,6,6,0.000442618853,0.000403284648,0.000489890226,0.000417681586,0.000314355042,0.000450229185,0.995317578,0.000137843512,0.000922367151,0.000241781658,0.000469623541,0.000392758229
syn-0443,0,0,1,7,7,0.00057956198,0.000501744042,0.000724133337,0.000295605452,0.000386069878,0.00446467521,0.000122700643,0.98869735,0.00146376144,0.00117812806,0.00036024375,0.00122600154
syn-0444,0,0,1,5,5,0.000576834369,0.00072910852,0.000242797469,0.00035693837,0.0010317727,0.992714405,0.0021840483,0.00051764847,0.00033781791,0.000348896603,0.00033239412,0.0006273092
syn-0449,0,0,1,11,11,0.00042814936,0.000531376572,0.000594308658,0.000598746643,0.000876556383,0.000318832579,0.000602615299,0.00041535616,0.000235863685,0.000701551093,0.00141869031,0.993277967
syn-0453,0,0,1,1,4,0.00581325917,0.0268429108,0.00340083428,0.00539438287,0.348636359,0.00497868098,0.24776572,0.00163395237,0.00600706693,0.00418994483,0.164435536,0.180901349
syn-0456,0,0,1,11,11,0.000581518048,0.000633284217,0.00072596781,0.000481975556,0.000687028049,0.000363821455,0.000656759134,0.000410920737,0.000259991066,0.000365429732,0.000436497154,0.994396806
syn-0460,0,0,1,8,8,0.000221106631,0.000435807713,0.000300541258,0.000168211875,0.00025079379,0.000195012384,0.000995148672,0.000461988442,0.995896518,0.000394596049,0.000455541856,0.000224725882
syn-0465,0,0,1,7,7,0.00127265998,0.000192175023,0.00104975083,0.000665941741,0.000388847373,0.00150570658,0.000362468243,0.991630197,0.000573693309,0.000365549815,0.00157155911,0.000421441277
syn-0471,0,0,1,5,5,0.000596093538,0.000640204409,0.000274249673,0.000286943774,0.000844739727,0.994167805,0.00040406824,0.000600556959,0.0003608189,0.000293777557,0.00031586262,0.00121486152
syn-0481,0,0,1,9,9,0.000414697162,0.000463103876,0.000396688672,0.000506135111,0.000297843246,0.000214206928,0.000216495609,0.00049722963,0.000403519807,0.995718598,0.000501343224,0.000370162976
syn-0482,0,0,1,1,3,0.0425803363,0.0154019305,0.0050361827,0.699271321,0.0142359463,0.00199248083,0.211623818,0.000447164435,0.000993755064,0.00264782412,0.00331431604,0.00245494698
syn-0486,0,0,1,1,1,0.00044349939,0.995339215,0.000334451266,0.000540339446,0.000271936005,0.000445548678,0.000407770422,0.000282238529,0.000495187938,0.000482490053,0.000419614022,0.000537696236
syn-0490,0,0,1,7,7,0.000408317574,0.000256193773,0.000455950125,0.000204452954,0.000251297664,0.00112254487,0.000103603787,0.995170116,0.000638765399,0.00048080986,0.000424700673,0.000483243348
syn-0009,0,0,2,8,8,0.00017275846,0.00024296793,0.000220955539,0.000168017665,0.000314654491,0.000209973412,0.000469930121,0.000385550433,0.996645808,0.000344119791,0.000662103936,0.000163154546
syn-0010,0,0,2,9,9,0.000394203205,0.0006794621,0.000299736625,0.000494531705,0.000281689077,0.000288238283,0.000182187767,0.000314530218,0.000542126072,0.99561137,0.000503407267,0.000408525375
syn-0022,0,0,2,10,11,0.00203523994,0.0233518537,0.00160354993,0.00220745848,0.00375915621,0.00492125889,0.00672007632,0.000975320349,0.00103420718,0.00587581424,0.0532254018,0.894290686
syn-0026,0,0,2,10,10,0.000246635376,0.000245131436,0.000282025285,0.000277628104,0.000320698047,0.000289559393,0.000971154077,0.000344248343,0.00049680419,0.000341227656,0.995960832,0.000224059433
syn-0038,0,0,2,5,5,0.000587599119,0.000689399021,0.000252293103,0.000710216584,0.000778191257,0.993893087,0.000992447021,0.000496044697,0.000252118771,0.000334198849,0.000232020029,0.0007823591
syn-0039,0,0,2,1,1,0.000742730394,0.994851589,0.000392953341,0.000587130664,0.000327321322,0.000691220863,0.000378990197,0.000313290075,0.000317757542,0.000433269219,0.000315395126,0.000648355111
syn-0048,0,0,2,11,11,0.000483141775,0.00127594743,0.000634236902,0.000294852507,0.000499126269,0.000721006014,0.000378858123,0.000517458306,0.000275461585,0.000588872586,0.000368474517,0.993962586
syn-0050,0,0,2,4,4,0.0043968102,0.0174008384,0.00178015826,0.00684635201,0.870981872,0.00257606967,0.0838935152,0.000422640442,0.0024781602,0.00262115779,0.00195040763,0.00465203309
syn-0085,0,0,2,3,1,0.000570601434,0.993873239,0.000300023064,0.00150530087,0.000412522961,0.000542737427,0.000485289638,0.000225925018,0.00029827829,0.000791471335,0.000385786756,0.000608801842
syn-0094,0,0,2,1,1,0.000358544232,0.994802117,0.000431350665,0.000710105058,0.000305650086,0.000558440632,0.000595954712,0.000310913456,0.000318627252,0.000540565874,0.000346427347,0.000721330172
syn-0097,0,0,2,10,10,0.000275849365,0.000289422693,0.000318528066,0.000323864311,0.000310438802,0.000199493807,0.000665008323,0.000321129482,0.000648685731,0.000459569477,0.995941579,0.000246456038
syn-0103,0,0,2,11,11,0.000755335146,0.00236779288,0.000543918693,0.000472493412,0.00088309194,0.000748526189,0.00106707518,0.000355606899,0.000208754092,0.000757546688,0.00166603003,0.990173817
syn-0114,0,0,2,4,4,0.0014076595,0.00309080887,0.000836908934,0.0430799276,0.92149055,0.00146095385,0.0217991769,0.000348551432,0.001534921,0.00215108506,0.00139016262,0.00140931993
syn-0129,0,0,2,11,11,0.000525287178,0.00670831371,0.000777713547,0.00071626727,0.000518556102,0.000533397135,0.000709376065,0.000375361909,0.000509600621,0.00238769106,0.00143204012,0.984806418
syn-0137,0,0,2,8,8,0.000234667474,0.000306689413,0.000250399928,0.00021681223,0.000353264186,0.000226430857,0.000579280721,0.000373182993,0.996648312,0.000336169498,0.000303955545,0.000170830404
syn-0140,0,0,2,11,11,0.000520936272,0.000749715779,0.00078009523,0.000456933252,0.000504240044,0.000541797897,0.000391396723,0.000619108614,0.00024608415,0.00220381632,0.000339007558,0.992646873
syn-0141,0,0,2,2,2,0.00037417913,0.000332522992,0.995488286,0.00056666194,0.000234207357,0.000219098307,0.000627511588,0.000513501465,0.000344910164,0.000376922631,0.000336485798,0.000585723668
syn-0143,0,0,2,1,1,0.00118913862,0.98770082,0.000509887352,0.000616560341,0.000340855069,0.000775804627,0.000748869672,0.000337916514,0.00515803089,0.00115914654,0.000539826287,0.000923124782
syn-0144,0,0,2,9,9,0.000386339321,0.000610041374,0.000398655451,0.000665130443,0.000327908405,0.000273236248,0.000195969275,0.000413721253,0.000493814005,0.99552232,0.000338894577,0.000373968069
syn-0153,0,0,2,4,4,0.0164141785,0.00157907431,0.000798558583,0.00194299174,0.808025956,0.163209036,0.00190516806,0.000717989518,0.00112600916,0.00174275343,0.000841860077,0.00169640314
syn-0154,0,0,2,1,1,0.000442320073,0.995064318,0.000369399146,0.000638189784,0.00030886606,0.00055799738,0.000375778181,0.000359139434,0.000452178851,0.000535960833,0.0003252241,0.000570644159
syn-0160,0,0,2,5,5,0.000572488352,0.000832058606,0.000280230161,0.000514130923,0.000420545199,0.994380713,0.000668222492,0.000603032124,0.000464163342,0.000325651577,0.000330553507,0.00060819264
syn-0163,0,0,2,4,4,0.000601361215,0.000258491491,0.000237583823,0.000520542206,0.994787812,0.000648982823,0.000376754848,0.000380906655,0.00104148255,0.000475902285,0.000307303591,0.000362876919
syn-0164,0,0,2,8,8,0.000426922343,0.000562286354,0.000295976613,0.00029087931,0.000426961778,0.00053644483,0.00206500501,0.000307372015,0.991073787,0.000652161485,0.00307535101,0.000286833616
syn-0165,0,0,2,8,8,0.000271842437,0.000566232775,0.000342178362,0.000238432214,0.0003918742,0.000270733522,0.00080510322,0.000351203635,0.990984321,0.000858094951,0.00470377412,0.00021618203
syn-0171,0,0,2,6,6,0.000445728248,0.000882895198,0.000464990444,0.00052691804,0.000405513099,0.000676776806,0.994471192,0.000144766425,0.000915514072,0.000273434242,0.000415001297,0.000377274642
syn-0172,0,0,2,10,10,0.000211796374,0.000309713068,0.000270583376,0.000270081771,0.000307120063,0.000229221725,0.000803402741,0.000244904048,0.000425563194,0.000436715258,0.995971918,0.000518973684
syn-0178,0,0,2,9,10,0.00170888752,0.00739668962,0.00169273885,0.00345166121,0.00380940665,0.00230082753,0.00270317262,0.00124644861,0.00333509338,0.201889783,0.733836293,0.0366289839
syn-0179,0,0,2,1,1,0.000544451235,0.995058656,0.000367890141,0.000561005785,0.000279541651,0.000514495361,0.000459289702,0.000258535321,0.000401483354,0.000503996329,0.000314055796,0.000736624177
syn-0183,0,0,2,4,5,0.00138851057,0.0006822219,0.000492189662,0.000938627985,0.0410145335,0.950495362,0.00140507717,0.00074493041,0.00075166265,0.000573839876,0.000452091073,0.00106092507
syn-0186,0,0,2,3,3,0.000379531644,0.000731139386,0.000396219577,0.995528519,0.000501202245,0.000336363388,0.000578897656,0.00026247694,0.000212905317,0.000461044168,0.000273662823,0.000338029582
syn-0188,0,0,2,10,10,0.000264830131,0.000323584653,0.00031048723,0.000259154069,0.00027193845,0.000231135142,0.000799872854,0.00028475115,0.000436443515,0.000312354736,0.99616611,0.000339357794
syn-0193,0,0,2,11,11,0.000404683466,0.000708976702,0.00064971653,0.000310218456,0.000411431014,0.000502481067,0.000413682079,0.000569075986,0.000230133519,0.000406915438,0.000472289801,0.994920373
syn-0197,0,0,2,11,11,0.000678505457,0.00115279923,0.000935701071,0.000605360721,0.000768272032,0.000681743375,0.000474032509,0.000585991249,0.000312758377,0.000625941379,0.000171871579,0.993007004
syn-0210,0,0,2,0,0,0.99409461,0.000485647935,0.000398209377,0.000377686985,0.00107225438,0.00103098643,0.000492956955,0.000574824982,0.000253851584,0.000372122071,0.000305397494,0.000541479851
syn-0218,0,0,2,8,8,0.00023320844,0.000332485593,0.000290405995,0.000236700449,0.000365797809,0.000407588494,0.00109982456,0.000401098223,0.994340599,0.00036216274,0.00171684916,0.000213308813
syn-0225,0,0,2,7,7,0.00110970391,0.000771692488,0.00131241092,0.000470789179,0.00175304653,0.0057376991,0.00017582583,0.956655145,0.00387281924,0.0219601467,0.00270739826,0.00347330188
syn-0239,0,0,2,6,6,0.000379456498,0.000315247598,0.000483132986,0.00046244447,0.000296107522,0.000496975204,0.995271981,0.000126083993,0.000395542942,0.0001879466,0.00128058775,0.00030450261
syn-0240,0,0,2,6,6,0.00279403548,0.00250446959,0.00131795695,0.00417405041,0.276201576,0.00553259254,0.698159873,0.000399152312,0.00289257593,0.00163105305,0.0028534825,0.00153919263
syn-0242,0,0,2,0,0,0.99490577,0.000460390322,0.000455973961,0.000378121098,0.000882781926,0.000503246847,0.000306895643,0.000536638603,0.000395047246,0.000437677576,0.000321645464,0.000415818271
syn-0247,0,0,2,3,3,0.000403172045,0.00139285473,0.000410039385,0.988998353,0.00135520485,0.000416970841,0.00422690623,0.00020296096,0.000353188021,0.00124813686,0.000570874778,0.000421322096
syn-0261,0,0,2,5,5,0.000511736434,0.000466130208,0.000307153765,0.000422036042,0.000703485217,0.994532645,0.001095379,0.000516351196,0.000396032265,0.000223035822,0.000247123273,0.000578905572
syn-0262,0,0,2,10,10,0.000253591454,0.000293002988,0.000303059991,0.000264581031,0.000353147188,0.000333290081,0.00284654647,0.000285866612,0.000489954255,0.000416279305,0.993876338,0.000284324487
syn-0263,0,0,2,0,0,0.994209468,0.000667083892,0.000525743468,0.000402573758,0.00102050905,0.000586491195,0.000386056112,0.000480812945,0.000541633519,0.000453327288,0.000354286283,0.000372034498
syn-0278,0,0,2,9,9,0.000332462077,0.000633579097,0.000322148378,0.0010180216,0.000329062401,0.000308160641,0.000214106258,0.000461244083,0.000441157521,0.995121896,0.000489705242,0.000328468159
syn-0280,0,0,2,0,0,0.994943857,0.000508743047,0.000419962365,0.000356439938,0.000791366037,0.000553640828,0.000344476866,0.000443029741,0.00036991862,0.000415901857,0.000360708829,0.000491984014
syn-0282,0,0,2,7,7,0.00109696784,0.000310312491,0.000688704778,0.000254250073,0.00040107785,0.0030524293,0.000245628878,0.990831256,0.000947459543,0.00069689902,0.00057257904,0.000902417407
syn-0288,0,0,2,9,9,0.000353044888,0.000634266355,0.000374754687,0.000803883537,0.000324744207,0.000266621675,0.000211609819,0.000395762763,0.000503530202,0.995311201,0.000547211908,0.000273358164
syn-0290,0,0,2,0,0,0.779184997,0.00175182463,0.00123144197,0.00198296667,0.204127192,0.00337192416,0.00106671639,0.00135711848,0.00183880201,0.00143350521,0.00112215301,0.00153137906
syn-0291,0,0,2,1,1,0.000420910044,0.995153785,0.000385171123,0.000612968754,0.000280959386,0.000472572661,0.00041122362,0.000306712172,0.000326734997,0.000574297155,0.000358273246,0.000696390751
syn-0293,0,0,2,0,0,0.899968982,0.00262327236,0.00150549843,0.00140764785,0.0136684477,0.00268929498,0.0027701864,0.0019389668,0.0684604794,0.00233029504,0.000893219607,0.00174372073
syn-0301,0,0,2,3,3,0.000393309339,0.000944643281,0.000415636518,0.994011641,0.000969604007,0.000540224544,0.00116873614,0.000193497472,0.000265804643,0.000436719885,0.000268791599,0.000391371286
syn-0322,0,0,2,2,2,0.000707925414,0.000362305291,0.994898438,0.000652493734,0.000282235851,0.000186479607,0.000627732836,0.000673231785,0.000320347055,0.000317124854,0.000242626629,0.000729036168
syn-0323,0,0,2,7,7,0.000364247011,0.000267630821,0.00054354762,0.000246653799,0.000261916575,0.00104041956,0.000109199398,0.995126307,0.00072041672,0.000522110844,0.000376683136,0.000420895376
syn-0329,0,0,2,8,8,0.00021216381,0.000291180593,0.000238814537,0.000171864231,0.000326896785,0.000225552212,0.000269704498,0.000486874691,0.996410012,0.000591214746,0.000512090512,0.000263660739
syn-0330,0,0,2,0,0,0.991332054,0.000825520314,0.000436361908,0.00047730378,0.00121862791,0.00305122067,0.000578725536,0.000573992264,0.000225746553,0.000501652539,0.000339937047,0.000438865449
syn-0334,0,0,2,6,6,0.000384302199,0.000323761167,0.000571272569,0.000443588448,0.00029775282,0.000500330876,0.99568826,0.000155045767,0.00040801338,0.000187009093,0.000671169197,0.00036951428
syn-0335,0,0,2,3,11,0.000490061997,0.00140278286,0.000722918834,0.000723545847,0.000701367622,0.000600407075,0.00069270184,0.000374973344,0.000175573194,0.000840213848,0.000298745697,0.992976725
syn-0349,0,0,2,5,5,0.000513557345,0.000591365795,0.000227811383,0.000351445517,0.000636455254,0.994737685,0.000368483394,0.000937098463,0.000403485581,0.000301678316,0.000269698183,0.000661217317
syn-0359,0,0,2,4,4,0.000521919806,0.000443026976,0.000279739208,0.000569329248,0.993636727,0.000542333699,0.00103728345,0.000293563702,0.00124840625,0.000533031533,0.000375102012,0.000519512687
syn-0367,0,0,2,4,4,0.000506206066,0.000301013904,0.000239896865,0.000555523264,0.994955182,0.000519806577,0.000338329788,0.000291211036,0.00100848195,0.000457324262,0.000531462836,0.000295589329
syn-0384,0,0,2,1,1,0.000692903646,0.994624794,0.000422051264,0.000583547284,0.000298003171,0.00060240546,0.000508713594,0.000262191199,0.000599687977,0.000562440197,0.000232727136,0.000610518735
syn-0388,0,0,2,5,7,0.0031797355,0.000620549661,0.000581613684,0.00125012803,0.000728422019,0.0218237247,0.000655815529,0.967034578,0.00134775753,0.000974739203,0.000734195404,0.00106872269
syn-0393,0,0,2,2,2,0.000507153862,0.000434611371,0.994931579,0.000719521719,0.000211467253,0.00022117974,0.000765687611,0.000492002931,0.0003308054,0.000412520923,0.000278392894,0.000695054245
syn-0407,0,0,2,6,6,0.000492111489,0.00155444106,0.000928421156,0.0151850665,0.000944024476,0.0010745211,0.977233529,0.000191634506,0.000570611621,0.000521451002,0.000635007047,0.000669153815
syn-0409,0,0,2,10,10,0.000257961772,0.000494259293,0.000317401311,0.000295855891,0.000288031733,0.000184799967,0.000594764948,0.000314652541,0.000548441545,0.00119407405,0.995197535,0.000312217046
syn-0411,0,0,2,2,2,0.000396931195,0.000400732912,0.995471895,0.000530735648,0.000220370421,0.000202172872,0.000565820839,0.000559201697,0.000336578727,0.000442426506,0.000280970446,0.000592155673
syn-0414,0,0,2,5,4,0.00104016077,0.000710439985,0.000537482672,0.0015538045,0.904055774,0.0857008696,0.00116877013,0.000644360785,0.00133866654,0.00118151715,0.000978996628,0.00108917837
syn-0417,0,0,2,7,6,0.0117039215,0.00481502246,0.00687552989,0.00331358425,0.199731871,0.147488922,0.363555938,0.0473180264,0.180170357,0.00462998124,0.0171001516,0.0132967066
syn-0423,0,0,2,9,9,0.000356297794,0.000584415277,0.000342596322,0.000637478137,0.000306415022,0.000264720264,0.000230911697,0.000780045637,0.000690107234,0.995009124,0.000523866154,0.000273993821
syn-0431,0,0,2,3,3,0.000360695412,0.000515419175,0.000426205108,0.995534003,0.000557708088,0.000376000913,0.000511705352,0.000424377824,0.000246188516,0.000424955477,0.000299149106,0.00032358797
syn-0433,0,0,2,5,5,0.00186688092,0.000937043689,0.00113316881,0.00109167781,0.00424647238,0.757434785,0.000647902314,0.225837961,0.00242625084,0.0017814067,0.000774213055,0.00182220899
syn-0436,0,0,2,6,6,0.000321157131,0.000736344315,0.000484213262,0.000468484941,0.000364852545,0.000486843433,0.995306194,0.000116547628,0.000526950986,0.000198439782,0.000567922776,0.000422035315
syn-0440,0,0,2,1,1,0.00124004297,0.993398607,0.000388920424,0.000563213485,0.000331842981,0.000771788007,0.000452164153,0.00031317721,0.00107144052,0.000613623881,0.000305680092,0.000549517572
syn-0450,0,0,2,10,10,0.000248373311,0.00025761986,0.000306124857,0.000209163103,0.000298474391,0.000289119227,0.00066007179,0.00038697233,0.000402673235,0.00033537962,0.996071875,0.000534152263
syn-0451,0,0,2,8,8,0.00302150077,0.00336008635,0.000722370634,0.00091291935,0.00272985804,0.247641474,0.00203243084,0.019342754,0.70457083,0.0103725344,0.00351357087,0.00177963427
syn-0458,0,0,2,6,6,0.000343711377,0.000309362309,0.000536357693,0.000503415125,0.000383673818,0.000542309484,0.995637536,0.000172538581,0.00038768223,0.000191554878,0.000607453054,0.000384391518
syn-0461,0,0,2,2,2,0.000403361453,0.000301240769,0.995680332,0.000396230927,0.000241681948,0.000206457844,0.000606235873,0.00053263898,0.00034105283,0.000353096344,0.000374097028,0.00056357478
syn-0463,0,0,2,11,11,0.000405337079,0.000584076042,0.00072878832,0.00027332062,0.00037909497,0.000456769398,0.000441597629,0.000619895116,0.000250632584,0.000472463696,0.000452553853,0.994935453
syn-0472,0,0,2,8,8,0.000191630548,0.000260176748,0.000236684675,0.00021529026,0.000295676291,0.000236428139,0.000429714128,0.000395892042,0.99676764,0.000356885022,0.000427857682,0.000186102989
syn-0476,0,0,2,7,7,0.000778978749,0.000551613921,0.000721052988,0.000535458792,0.000646278844,0.0288165733,0.000305334863,0.962658286,0.00143115374,0.0018172022,0.000943260849,0.000794796506
syn-0478,0,0,2,2,2,0.000472252432,0.000397352502,0.994346499,0.000516689906,0.000266672607,0.0002861229,0.000780713803,0.000859495485,0.000365180575,0.000452890905,0.000539564178,0.000716558134
syn-0488,0,0,2,10,10,0.00023741246,0.000270157412,0.000295721926,0.000255833467,0.000348182948,0.000175795736,0.000642465602,0.000259449938,0.000495589979,0.000385557389,0.996288002,0.000345802604
syn-0492,0,0,2,6,6,0.000332418276,0.000422226789,0.000560036395,0.000464585173,0.000337662728,0.000548989861,0.995596766,0.000133608628,0.000378946541,0.000216293978,0.000559779583,0.000448681385
syn-0493,0,0,2,8,8,0.00019651858,0.000239556495,0.000236218184,0.000191813306,0.000361958693,0.000279299129,0.000340511062,0.000552564161,0.996760249,0.000335337361,0.000335094461,0.000170883504
syn-0002,0,0,3,1,1,0.000422174489,0.995468318,0.00033374186,0.000588352792,0.00030444382,0.000420469762,0.000457013084,0.000253561098,0.000320342428,0.000471930514,0.000438748393,0.000520901871
syn-0005,0,0,3,11,11,0.0003274146,0.000682109792,0.000658228179,0.00035395642,0.000442427583,0.000742792501,0.000605205947,0.000481527386,0.000209260965,0.000436206115,0.000624544453,0.994436324
syn-0025,0,0,3,8,8,0.000220044152,0.000235999949,0.000267465133,0.000192365129,0.000378862809,0.000266969641,0.00041406462,0.00053128897,0.996596634,0.000352691102,0.000377905904,0.000165699588
syn-0027,0,0,3,4,4,0.000837443979,0.000299218984,0.000261326262,0.000490857579,0.994200289,0.000919960381,0.00047759118,0.000302774977,0.00116471935,0.000395132258,0.000219737864,0.000430953136
syn-0033,0,0,3,5,5,0.000449616666,0.000602334854,0.000236158085,0.00054752297,0.000825930678,0.994339824,0.000564761111,0.000603608438,0.000512417406,0.000352985284,0.000312789489,0.000652055198
syn-0035,0,0,3,9,9,0.000472868094,0.00339070009,0.000399387296,0.000746546604,0.000779410941,0.000450178399,0.000385528314,0.000395554671,0.000836810679,0.986832559,0.0043062116,0.00100424071
syn-0040,0,0,3,4,4,0.000353853393,0.000420766824,0.000202631883,0.00104933837,0.993601859,0.00189708394,0.000512307044,0.000264212926,0.00043745045,0.000511594233,0.00036590072,0.000383016537
syn-0051,0,0,3,3,9,0.00623816764,0.00431249849,0.00146860513,0.302524805,0.039405752,0.00248822267,0.00259510055,0.00170676666,0.00154299312,0.630747259,0.00349434372,0.0034754728
syn-0054,0,0,3,5,5,0.000702362566,0.00034029907,0.0002426141,0.000405835599,0.00070796517,0.993213117,0.000404380058,0.00215630676,0.000556551793,0.000362293678,0.000455738831,0.000452547683
syn-0056,0,0,3,8,8,0.000239259869,0.000314268167,0.000226196178,0.000182114192,0.000343676307,0.000212704821,0.000364173437,0.000440620177,0.996538162,0.000435007707,0.000547800504,0.000156024078
syn-0058,0,0,3,9,9,0.000306956994,0.00052915269,0.000291526288,0.000493043975,0.000466230267,0.000247783464,0.000163782403,0.00043886833,0.00140944193,0.99438262,0.000930890848,0.000339707534
syn-0062,0,0,3,7,7,0.000603853667,0.00038454443,0.00101158256,0.00026684723,0.000207309058,0.000743570621,0.000109802189,0.994371831,0.000999963027,0.00039893965,0.000479423237,0.000422305631
syn-0064,0,0,3,6,6,0.000904001936,0.00107882265,0.00136089977,0.00151526695,0.00390143902,0.00156968215,0.903235793,0.000351929979,0.00160610816,0.000675855088,0.0819647834,0.00183538685
syn-0065,0,0,3,11,11,0.000438462856,0.00064551062,0.000703437545,0.000384771352,0.000347669586,0.000743232202,0.00102527707,0.000487802376,0.000214756597,0.000455995963,0.00116268173,0.993390381
syn-0067,0,0,3,5,5,0.000439253781,0.000642828818,0.000256083877,0.000513150066,0.000770288811,0.994545102,0.000607059512,0.000544936396,0.000432705245,0.000321769854,0.00035808442,0.000568721502
syn-0068,0,0,3,10,10,0.000727720093,0.000687154185,0.000920125574,0.00162571971,0.00363656133,0.000598432089,0.00225591054,0.00157998025,0.0138410665,0.0349928029,0.93768388,0.00145061722
syn-0080,0,0,3,3,3,0.000332149182,0.000803750707,0.000554361613,0.994995475,0.000539642875,0.000363876083,0.000557570893,0.000266816409,0.0002455301,0.000599271327,0.000370708003,0.000370828988
syn-0100,0,0,3,2,2,0.000436654605,0.000336628756,0.995836616,0.000466669444,0.000225394469,0.000193529457,0.000539454515,0.000465733407,0.000289226329,0.00032477174,0.000359910278,0.0005254391
syn-0112,0,0,3,4,4,0.00225013238,0.000305975176,0.000367299101,0.000477131456,0.991678059,0.000930268783,0.000433055451,0.000420692872,0.00196220819,0.000540464593,0.000245683477,0.000389055378
syn-0117,0,0,3,6,6,0.00101037056,0.00141277513,0.00127072097,0.0156737119,0.107187055,0.00286432542,0.814431608,0.000521741167,0.00398269529,0.00236090343,0.0480287522,0.00125534309
syn-0123,0,0,3,10,10,0.000228660996,0.000339619786,0.000316700898,0.000429554115,0.000433616224,0.000225055526,0.0021677576,0.000228153076,0.000552829122,0.000502712268,0.99434489,0.000230443693
syn-0124,0,0,3,6,6,0.00239067571,0.0163186304,0.00161996344,0.105927035,0.0577293634,0.00179764174,0.79406333,0.000402200734,0.00359306391,0.00426544389,0.0106035387,0.00128914043
syn-0125,0,0,3,9,9,0.000359914702,0.00120747159,0.000461274409,0.000928060268,0.000804860028,0.000389685796,0.000769146485,0.000308254181,0.00371159846,0.983930826,0.00655592419,0.000573001918
syn-0135,0,0,3,0,0,0.995122433,0.000446628517,0.000510586426,0.000348120753,0.000646685599,0.000476065819,0.000389589462,0.000525272335,0.000337509846,0.000391766283,0.000368780195,0.000436535891
syn-0142,0,0,3,4,4,0.000851079414,0.000503046438,0.000292825629,0.0142838797,0.97940743,0.00103735807,0.000866618531,0.000320012245,0.000534791267,0.000890783442,0.000478889386,0.000533304177
syn-0145,0,0,3,2,3,0.00526939565,0.00463323109,0.350264817,0.613177061,0.00386999943,0.00318811461,0.00232614973,0.00355871394,0.00132186222,0.0059196176,0.00167585374,0.00479518762
syn-0149,0,0,3,8,8,0.000278959196,0.000306178961,0.000228687917,0.000176812464,0.000440805568,0.000294674915,0.000313370896,0.000433624984,0.995788395,0.000522357819,0.000999859534,0.000216291257
syn-0150,0,0,3,3,1,0.000619968283,0.978717327,0.000456554582,0.0140280398,0.00104744057,0.000816052256,0.00105424121,0.000309164519,0.000473422755,0.00121682207,0.00048412662,0.000776866742
syn-0152,0,0,3,3,3,0.00264569116,0.00204340136,0.000968142471,0.66165024,0.319860995,0.00215530209,0.0012330825,0.00098918064,0.00104729121,0.00448935013,0.00129741675,0.00161992328
syn-0159,0,0,3,11,11,0.000477676484,0.000592313823,0.000751861429,0.000330774987,0.000313427387,0.000779906637,0.000808701618,0.000597493607,0.000231749407,0.000478535338,0.0019651514,0.992672384
syn-0162,0,0,3,9,9,0.000418245152,0.000711509609,0.000308477349,0.000402371341,0.000352352799,0.000231865735,0.00020143819,0.00046927869,0.000563363661,0.99551791,0.000427213265,0.000395964104
syn-0168,0,0,3,1,1,0.000644382962,0.994348884,0.000254650979,0.000598652405,0.000390215515,0.000839581189,0.000503509713,0.000302110158,0.000578674721,0.000769474311,0.000347775815,0.000422077603
syn-0170,0,0,3,6,6,0.000440970354,0.000510261918,0.000610232702,0.000865151,0.00190747343,0.000714132504,0.99028796,0.000129113119,0.00058905466,0.000450319785,0.00317692687,0.000318419945
syn-0174,0,0,3,10,10,0.000356672652,0.000560598623,0.000269783661,0.000306760543,0.000707196945,0.000312927063,0.00141446269,0.000353680924,0.000585748465,0.000530959922,0.993636489,0.000964709092
syn-0177,0,0,3,8,8,0.000193798725,0.000339687482,0.00026613826,0.00019250052,0.000265728653,0.000238547975,0.000550801749,0.000512956351,0.996479511,0.000375411182,0.000411469693,0.000173446373
syn-0182,0,0,3,6,6,0.000347219437,0.000371828239,0.000468961924,0.000415150571,0.000336316152,0.000476729067,0.995950878,0.000106891588,0.000414818234,0.000188927719,0.000554327446,0.000367955421
syn-0184,0,0,3,2,2,0.000400578545,0.000357789337,0.995775521,0.00053061801,0.0002328095,0.000192704319,0.000516914879,0.00052987918,0.000301197142,0.000339665683,0.000336306111,0.000486038654
syn-0190,0,0,3,3,3,0.00211134017,0.32919243,0.00146964809,0.639796317,0.00589966075,0.00837079715,0.00294680265,0.0010215654,0.00105750503,0.0041479338,0.00100658834,0.00297937822
syn-0198,0,0,3,0,0,0.988307297,0.00269079651,0.000761065923,0.000834034756,0.00118546223,0.00117260497,0.00146146677,0.000452013133,0.000642097613,0.00133355695,0.000504517346,0.000655059121
syn-0201,0,0,3,0,0,0.994932294,0.000440136238,0.000467951992,0.000344013475,0.000931542658,0.000414024311,0.000322665612,0.000534958381,0.00040749539,0.000381830934,0.000378750265,0.000444336183
syn-0204,0,0,3,1,1,0.000784881704,0.994852781,0.000344447879,0.000492571387,0.000304784044,0.0005083867,0.000461265765,0.000302153378,0.000640732818,0.000497489178,0.000373764138,0.000436762726
syn-0205,0,0,3,2,2,0.000440421805,0.000362286373,0.995743155,0.000557762163,0.000208790574,0.000176287242,0.000537687039,0.000484956516,0.000308919087,0.000331305637,0.000347390131,0.00050105527
syn-0206,0,0,3,8,8,0.000852152181,0.00101869798,0.00112168537,0.000866717659,0.00284778955,0.000886354886,0.00257436722,0.000998844858,0.781970382,0.002795537,0.202491254,0.00157620467
syn-0215,0,0,3,10,10,0.000201843504,0.00043219846,0.00032574372,0.000503711635,0.000787769328,0.000270500866,0.0010296012,0.000213699241,0.00114994077,0.00179557456,0.99290967,0.000379761535
syn-0221,0,0,3,11,11,0.000568780233,0.00108149427,0.000705641462,0.000403324142,0.000306112779,0.000687691325,0.00112318632,0.000372051058,0.000386816246,0.000348475849,0.00124460633,0.992771804
syn-0228,0,0,3,6,3,0.00182152283,0.0017216577,0.00161802117,0.719231427,0.227933571,0.00162875955,0.0345314592,0.000876777282,0.00210375292,0.00385226263,0.00320027093,0.00148053735
syn-0244,0,0,3,3,3,0.000292474142,0.000725274091,0.000514963584,0.99492389,0.000689420966,0.000420419645,0.000608812436,0.000216106375,0.000278151158,0.000502984854,0.000501675997,0.000325814879
syn-0251,0,0,3,10,10,0.000227001961,0.000321409025,0.000315527112,0.000372319249,0.00031461753,0.000213551131,0.000870003365,0.000300244021,0.000805852644,0.000555253995,0.995461643,0.000242551963
syn-0257,0,0,3,4,4,0.000717731018,0.000433875801,0.000249271892,0.000697736803,0.991326869,0.00383603689,0.000616912206,0.000319692568,0.000601202482,0.000556665356,0.000229932732,0.000414068374
syn-0258,0,0,3,3,3,0.0015357607,0.00216443534,0.0010833214,0.885987818,0.0328130871,0.0584556386,0.00980748236,0.000976702897,0.00123467075,0.00227561477,0.00184353092,0.001821963
syn-0292,0,0,3,11,11,0.00045105035,0.000583955087,0.000724990387,0.000290927972,0.000309960858,0.000578151259,0.000732945336,0.000573270256,0.000229062091,0.000440005068,0.00106554024,0.994020164
syn-0300,0,0,3,10,10,0.000285587768,0.00036071756,0.000283882255,0.000322434731,0.000323446409,0.000241232017,0.000542113907,0.000498882262,0.000470209576,0.000518504065,0.995860577,0.000292403653
syn-0303,0,0,3,7,7,0.00241886149,0.000395562471,0.00105921889,0.000709525892,0.00230603968,0.0577320457,0.000538324064,0.928776443,0.00189584971,0.00130459014,0.00186415832,0.000999358366
syn-0306,0,0,3,5,5,0.000695805007,0.000357631914,0.000265099283,0.000339179882,0.00145791681,0.993137419,0.000412339519,0.00176785886,0.000559319975,0.000267848663,0.000301161432,0.000438415766
syn-0310,0,0,3,10,10,0.000239894114,0.000366048043,0.000327227928,0.000287380622,0.00031169178,0.000214674656,0.000426640967,0.000424776081,0.000610998191,0.000588267751,0.995877743,0.000324677851
syn-0312,0,0,3,11,11,0.000452509645,0.000472189888,0.000687537889,0.000290804281,0.000372277136,0.000618647318,0.000547630596,0.000661450846,0.00037595068,0.000409436616,0.000453690387,0.994657874
syn-0324,0,0,3,7,7,0.00176767958,0.00423540594,0.00147891673,0.00100011448,0.00114835997,0.00423912052,0.00103232521,0.748888552,0.188494489,0.0072674118,0.0377133638,0.00273426902
syn-0327,0,0,3,1,1,0.000738436065,0.994310021,0.000340454659,0.000492798048,0.000373103976,0.00052223145,0.000335376448,0.000286357332,0.00106220308,0.000520689529,0.000398237229,0.000620095874
syn-0339,0,0,3,7,7,0.000668230699,0.000315765821,0.000838870299,0.000296593702,0.000222234841,0.000872166245,0.000149099607,0.994617105,0.000568525749,0.000401793892,0.00050633552,0.000543249655
syn-0340,0,0,3,9,9,0.000394634641,0.000619854254,0.000309339783,0.000482082542,0.000456689944,0.000258953572,0.000145489626,0.000458898954,0.000515581982,0.995104909,0.00092047808,0.00033309788
syn-0341,0,0,3,8,8,0.000278012099,0.000304251531,0.000291244738,0.00021655891,0.000424649217,0.000257669715,0.000392986898,0.000431769324,0.996318817,0.000558195228,0.000343500375,0.000182358825
syn-0351,0,0,3,11,11,0.000513338251,0.00087773113,0.000740320247,0.000458389637,0.000416576804,0.000638487749,0.000530181336,0.00052251853,0.000190326886,0.000468679238,0.00030758194,0.99433589
syn-0355,0,0,3,5,5,0.000833652681,0.000667766726,0.000323143788,0.000400254619,0.00201527588,0.990527034,0.00171836629,0.000644821615,0.000714987691,0.000420164753,0.00124043715,0.000494086067
syn-0360,0,0,3,0,0,0.994399726,0.000478791131,0.000422285753,0.000411883288,0.00143605843,0.00053080247,0.000326826528,0.000482858624,0.000260129018,0.000409829809,0.000360916631,0.000479911629
syn-0364,0,0,3,4,4,0.000861575245,0.000471639592,0.000266540243,0.000770023209,0.979837477,0.0135729639,0.000510428858,0.000363302563,0.0010763444,0.000705465267,0.000665238476,0.000898989791
syn-0375,0,0,3,8,8,0.000170587198,0.000290318654,0.000227421886,0.000179108072,0.000340204191,0.000199391448,0.000402112404,0.000462325988,0.995916069,0.000782923424,0.000839791785,0.000189718528
syn-0376,0,0,3,5,5,0.000440719567,0.00052267022,0.000294272962,0.000428531988,0.000502313429,0.99435699,0.00113560131,0.000793419429,0.000412082707,0.000270396296,0.000416757917,0.000426245009
syn-0385,0,0,3,5,4,0.00351766055,0.00130450353,0.000715725997,0.00160581875,0.691420019,0.291203499,0.00105829327,0.00223825895,0.00169960072,0.00204170193,0.00090158917,0.0022933539
syn-0392,0,0,3,1,1,0.000372934417,0.995344937,0.000381902064,0.000638724829,0.000313068012,0.000384874758,0.0004867682,0.000272454607,0.000363205356,0.000522306189,0.000439210271,0.000479611888
syn-0405,0,0,3,8,8,0.000225458134,0.000304857036,0.000230151418,0.000201461895,0.00035792758,0.000241254966,0.000334790937,0.000450546941,0.996492028,0.00048494988,0.000489437254,0.000187159254
syn-0410,0,0,3,10,10,0.000338911981,0.000515124295,0.000443111523,0.000491301937,0.000358103483,0.000288220937,0.000686389918,0.000508685131,0.000484744116,0.000752754509,0.992087543,0.0030451226
syn-0418,0,0,3,0,0,0.994505167,0.000434398156,0.000447991013,0.000451377593,0.00122023432,0.000556530373,0.000424473808,0.000504325319,0.000293032586,0.00039412058,0.000361331942,0.000407009764
syn-0420,0,0,3,2,2,0.000515016145,0.000331655843,0.995495379,0.000493820058,0.000252544967,0.000191879182,0.000551291974,0.000543498434,0.00030973641,0.000380042038,0.000427964085,0.00050714286
syn-0422,0,0,3,1,1,0.000449354731,0.995351672,0.000424934551,0.000619647617,0.000282604422,0.000414317736,0.000519295223,0.000298995612,0.000326121051,0.000474289787,0.00039029459,0.000448481791
syn-0428,0,0,3,8,1,0.00102139788,0.989171922,0.000436390663,0.00065424433,0.000617066748,0.000782783376,0.000474132452,0.000373357645,0.00455634249,0.000641520601,0.000711189816,0.000559653679
syn-0429,0,0,3,2,2,0.000830055506,0.00110529352,0.990283906,0.000632528448,0.000340574625,0.000318007777,0.000950971094,0.00182575744,0.000609825656,0.000807134609,0.00109966309,0.00119630736
syn-0430,0,0,3,1,1,0.00153784861,0.939893901,0.000589248782,0.00239649252,0.00173399982,0.0456270538,0.00214686338,0.00036526128,0.000543260539,0.00184245873,0.000773424807,0.00255021732
syn-0435,0,0,3,10,10,0.000250626821,0.00040500777,0.00028230247,0.000293688587,0.000337467034,0.000234753315,0.000440205709,0.000465925725,0.000520338363,0.000690356246,0.995769203,0.00031012157
syn-0445,0,0,3,6,6,0.000459598436,0.000437953859,0.000558760192,0.000419722201,0.000278068357,0.000515790598,0.994921386,0.000134077069,0.00121544383,0.000225740703,0.000509239209,0.00032420826
syn-0447,0,0,3,7,7,0.00041827996,0.000341745326,0.000635442208,0.000274988124,0.0002114339,0.000833194645,0.000119587348,0.994787633,0.00079256075,0.000497275149,0.000529238721,0.000558644242
syn-0464,0,0,3,4,4,0.0020300895,0.000361583458,0.000268195872,0.000556255924,0.993819594,0.000637025805,0.000312085293,0.000295227568,0.000593844743,0.000431904104,0.000308706483,0.00038549857
syn-0469,0,0,3,9,9,0.000413464237,0.000612555363,0.00037452273,0.000513952866,0.000373664894,0.000264883245,0.000152993336,0.000606015325,0.000429343752,0.995315254,0.000409134635,0.000534197956
syn-0474,0,0,3,0,0,0.994882166,0.000577558938,0.000401078054,0.000449851563,0.000898419763,0.000532462611,0.000346314628,0.000417471951,0.000288831332,0.000514301239,0.000278677384,0.000412849098
syn-0477,0,0,3,7,7,0.0195335932,0.023304604,0.00922526047,0.00286781671,0.00644478062,0.0501313955,0.00167403708,0.797920585,0.0156716201,0.00935459044,0.0329227448,0.0309489761
syn-0485,0,0,3,10,10,0.000235470594,0.000323088752,0.0002978993,0.000304791873,0.000538865337,0.000245519914,0.00114505109,0.000278707157,0.00112299097,0.000603649416,0.994654596,0.000249393168
syn-0007,0,0,4,6,6,0.000644264859,0.000443341443,0.000377753109,0.000490796927,0.00074888661,0.00128289859,0.99360007,0.000118892771,0.00104745326,0.000236330437,0.000554819359,0.000454501278
syn-0014,0,0,4,0,0,0.994781077,0.000526202144,0.00045473405,0.000427108374,0.000697633077,0.000551672594,0.000391203735,0.000548560463,0.000398782518,0.00043908204,0.000349568756,0.000434362504
syn-0019,0,0,4,0,0,0.99351126,0.00074243109,0.000402681471,0.000650872942,0.00138500764,0.000438490912,0.000656555349,0.000444587582,0.000288147829,0.000495747314,0.00060453068,0.000379695266
syn-0023,0,0,4,1,1,0.000494113949,0.99503386,0.000323445827,0.000734714849,0.000450717984,0.000429955748,0.000432801928,0.000283810281,0.000381789869,0.000498144422,0.000328476483,0.000608192175
syn-0024,0,0,4,2,2,0.000494032633,0.000335767603,0.995020807,0.000430535816,0.000205170712,0.000214850355,0.000987351174,0.000695295923,0.000341709441,0.000302889588,0.00031774136,0.000653854688
syn-0029,0,0,4,2,2,0.000480715302,0.000330269017,0.995280683,0.000497820321,0.000221937618,0.000192801017,0.000841378001,0.000517574954,0.000340195635,0.000284857699,0.000424181082,0.000587592542
syn-0036,0,0,4,5,5,0.00073553191,0.000613123877,0.000279162545,0.000373221905,0.0056169508,0.988718927,0.00109786645,0.000357949815,0.000447492814,0.000501059694,0.000586265698,0.000672420952
syn-0043,0,0,4,9,9,0.000285881106,0.000384714542,0.000325896981,0.00043148073,0.000335483113,0.000297295948,0.000228966004,0.000690142391,0.000471574778,0.995139301,0.000941612234,0.000467661041
syn-0061,0,0,4,4,4,0.000435365946,0.00045658453,0.000267395139,0.000599027146,0.993318081,0.000829311553,0.0010210122,0.000237077591,0.000841942441,0.000553376274,0.000811422826,0.000629426155
syn-0074,0,0,4,5,5,0.00287921447,0.00190661184,0.000262958521,0.000522233429,0.00146604434,0.988226056,0.00174267252,0.000652934425,0.000743887911,0.000590406242,0.000325795932,0.000681198086
syn-0075,0,0,4,7,7,0.000501615694,0.000293805468,0.000648584682,0.000291080389,0.000282144028,0.000871604483,0.000223004201,0.994673252,0.000736536109,0.000416356983,0.00040932183,0.000652668998
syn-0082,0,0,4,1,1,0.000430361339,0.989228249,0.000315572252,0.000725549879,0.000325251283,0.002703198,0.00193894363,0.000428787782,0.000542312337,0.000661287922,0.0010535355,0.0016469314
syn-0083,0,0,4,0,0,0.993965805,0.000732199056,0.000391097768,0.000488604826,0.00139744696,0.000837646076,0.000341488922,0.000419220451,0.000433349691,0.000380639016,0.000267740921,0.000344738335
syn-0095,0,0,4,11,11,0.000412759167,0.000639078731,0.000665659492,0.000321581058,0.000469012535,0.000537243439,0.000372357084,0.000494879263,0.000241419635,0.000487218291,0.000616829377,0.994741976
syn-0102,0,0,4,1,1,0.000704197562,0.994452178,0.000344609347,0.000655032112,0.000445787387,0.00048151493,0.000639168196,0.000288231822,0.000775815977,0.000504014723,0.000289517455,0.000419903139
syn-0105,0,0,4,4,4,0.000796899898,0.000307219423,0.00021131635,0.000646572909,0.994972169,0.000707802188,0.000353564741,0.000223249313,0.000366582244,0.000437481824,0.000444049074,0.000533070066
syn-0106,0,0,4,10,10,0.000243471586,0.000283217174,0.000388265587,0.000279762608,0.000208932935,0.000177126582,0.00182331668,0.000300314859,0.00140347087,0.000594256853,0.99404335,0.000254525454
syn-0107,0,0,4,10,10,0.000268601434,0.000327156915,0.000274846563,0.000241952934,0.00026803746,0.000301165041,0.000521682843,0.000384111103,0.000458215945,0.000442037417,0.996261835,0.000250374927
syn-0108,0,0,4,8,8,0.000369651592,0.000581469911,0.000291924225,0.000199005881,0.000534795108,0.000436284929,0.000633856456,0.000407604472,0.99075073,0.000484947581,0.0049408162,0.000368887704
syn-0113,0,0,4,11,11,0.000493715808,0.00080092065,0.000552365498,0.000305873022,0.000457563641,0.000656534685,0.000407718413,0.000451758271,0.000329996372,0.000458172872,0.00031286286,0.994772494
syn-0119,0,0,4,6,6,0.000262966583,0.000317016558,0.000447932252,0.000447467697,0.000368422596,0.000547145086,0.995302737,0.000126224302,0.000361024169,0.00019024327,0.00132194697,0.000306898524
syn-0122,0,0,4,3,3,0.00030391058,0.000614150951,0.000593131408,0.994568288,0.000644156418,0.000448298204,0.000742746051,0.000320221239,0.000323318614,0.000723451085,0.000317923375,0.000400410907
syn-0127,0,0,4,11,11,0.000621513696,0.00145152735,0.000534587423,0.000436522736,0.000684948929,0.0010383575,0.00161866366,0.000343512424,0.000549975724,0.000453885266,0.00177073269,0.990495801
syn-0136,0,0,4,6,6,0.000303363428,0.000535323168,0.000463819568,0.000608846021,0.000495611457,0.00068522169,0.99515909,0.000114018156,0.000336984929,0.00019281196,0.000728163694,0.000376772456
syn-0138,0,0,4,4,4,0.000392990623,0.000865549431,0.000446719641,0.00158491754,0.985488594,0.00142863591,0.00477408711,0.000347408524,0.000737117662,0.000662809238,0.00152814854,0.00174304354
syn-0156,0,0,4,6,6,0.000267252384,0.000430874148,0.000494276581,0.000552061596,0.000459018833,0.000672117574,0.99551332,0.000182060874,0.000393315946,0.000184757038,0.000504500116,0.000346440647
syn-0161,0,0,4,2,2,0.000396849966,0.00028226219,0.995737612,0.000475574023,0.00023703785,0.000202298063,0.000661062833,0.000530565041,0.000281253771,0.000326881418,0.000295515667,0.000573064492
syn-0176,0,0,4,10,10,0.000200118229,0.000305940601,0.000266039016,0.000315385376,0.000579039392,0.000315053825,0.0028811791,0.000215038526,0.000747819664,0.000611041964,0.993230641,0.000332685246
syn-0185,0,0,4,7,7,0.0105145602,0.0015237456,0.0265018456,0.00257544918,0.0023204363,0.00452616019,0.00136442611,0.897946954,0.00356199942,0.0406392477,0.00189068867,0.00663447054
syn-0189,0,0,4,10,10,0.000511902559,0.00209558499,0.000407487882,0.000279215019,0.000266005751,0.000615275232,0.000530181162,0.000400051737,0.00125917722,0.000836102059,0.990658045,0.00214095134
syn-0192,0,0,4,5,5,0.000524515868,0.00110619201,0.000395536161,0.000525567913,0.00032160501,0.992886364,0.00118712231,0.000888828246,0.000478146801,0.000385661464,0.000464066048,0.000836398744
syn-0194,0,0,4,1,1,0.000886983587,0.993221819,0.000378429424,0.000619630562,0.0004432321,0.000545750081,0.000615052413,0.000333238102,0.00157907023,0.000601428619,0.00032928001,0.000446095655
syn-0195,0,0,4,4,5,0.00147210178,0.00152272277,0.00075682305,0.00200510118,0.414761394,0.568699956,0.00259359786,0.000942438259,0.00262919813,0.00178877567,0.00122867303,0.00159922428
syn-0200,0,0,4,5,5,0.00135410822,0.00211852998,0.000477967726,0.000680491794,0.00050211366,0.985505879,0.00172313827,0.00555853872,0.000521054084,0.000651020091,0.000292931829,0.000614201825
syn-0203,0,0,4,8,8,0.000171006061,0.000321039028,0.000271783676,0.000186082267,0.000263593334,0.00023785232,0.000696779054,0.000385377964,0.9964571,0.000350097544,0.000501442642,0.000157838353
syn-0207,0,0,4,0,0,0.99421978,0.000501011149,0.00043744396,0.0004295494,0.000762687239,0.00103992887,0.000612849428,0.000492856838,0.000404748134,0.000374913187,0.000359830854,0.000364391191
syn-0208,0,0,4,8,8,0.000252819329,0.000340210041,0.000248441473,0.000197982954,0.000265048671,0.000228809062,0.000696370029,0.000375836273,0.99648124,0.000353980111,0.000408502237,0.000150780674
syn-0209,0,0,4,7,7,0.00119905523,0.000917444529,0.00150609901,0.000680069148,0.000976537471,0.0250289198,0.000890618656,0.963776648,0.00147315534,0.000817154185,0.0014267572,0.00130751752
syn-0211,0,0,4,0,0,0.994895637,0.000467220525,0.000477844558,0.00043276319,0.000893846096,0.000488550228,0.00033624869,0.000505844888,0.00026490161,0.000431195222,0.000329259114,0.000476677757
syn-0217,0,0,4,6,6,0.000369952817,0.000407962681,0.000559391454,0.000587385846,0.00047108822,0.000619793485,0.995437503,0.000156277791,0.000358090736,0.000187949787,0.00045431059,0.000390292989
syn-0219,0,0,4,0,0,0.995038509,0.000486358622,0.000437555602,0.000418650132,0.000768354745,0.000530255784,0.000321160915,0.000495042128,0.000325159926,0.000384474901,0.000405600033,0.000388855318
syn-0224,0,0,4,8,8,0.00175147085,0.000442592311,0.00034629443,0.000230022808,0.000823742826,0.00101440074,0.0021723907,0.000410516222,0.99078387,0.000372968585,0.0012685894,0.000383151084
syn-0226,0,0,4,6,6,0.000246054289,0.000475276815,0.000578810868,0.000585051021,0.000354767893,0.000507291465,0.995608568,0.000141747936,0.000346914749,0.00018105183,0.000593004457,0.000381437218
syn-0229,0,0,4,7,7,0.000834616134,0.000203296353,0.000534291728,0.000336822064,0.000319499901,0.00179462868,0.000162820157,0.993758917,0.000808608194,0.000380370388,0.00042224786,0.000443896715
syn-0234,0,0,4,4,6,0.000302149478,0.000310112024,0.000392868824,0.000872018747,0.00238140416,0.00064727437,0.992412746,9.99528784e-05,0.000966131338,0.000291759963,0.000997883966,0.000325678149
syn-0243,0,0,4,10,10,0.000247222633,0.000467090518,0.00028908698,0.000278773106,0.000189597238,0.000261975074,0.00121690799,0.000221011243,0.000479757815,0.000468483166,0.995384812,0.000495277811
syn-0250,0,0,4,11,11,0.000450757565,0.000656970078,0.000646215049,0.000334682758,0.000375263917,0.000535050174,0.000353483309,0.000486936187,0.000196895431,0.000399883313,0.000366373977,0.995197475
syn-0253,0,0,4,3,3,0.000267121184,0.000596071652,0.000440099131,0.995017767,0.000709344517,0.000413015863,0.000787133991,0.000319372019,0.000279333617,0.000405571889,0.000345302047,0.000419845164
syn-0255,0,0,4,2,2,0.000444742618,0.00031534466,0.995688915,0.000436170492,0.000231187412,0.000197347777,0.000684205152,0.00045823527,0.000316028745,0.000329578674,0.000325918751,0.000572354591
syn-0259,0,0,4,4,4,0.000310728472,0.000477173395,0.000262692076,0.00116527011,0.992224157,0.000831413839,0.00196693488,0.000221736496,0.000696691452,0.000522944611,0.000657048833,0.000663219835
syn-0260,0,0,4,11,11,0.000851679011,0.00299744867,0.000824748888,0.000741480384,0.00187493616,0.00181807624,0.00662189675,0.00066550757,0.000577619474,0.00104806514,0.0094014667,0.972577095
syn-0265,0,0,4,3,3,0.000461165182,0.00067975116,0.000584832451,0.994507492,0.000927667308,0.000382467202,0.000699827971,0.000235352156,0.000211825231,0.000601209351,0.000284797105,0.000423594262
syn-0269,0,0,4,10,10,0.000257842272,0.00039944172,0.000277518149,0.000253314327,0.000360270147,0.000275584636,0.000916961755,0.000257816981,0.000490062928,0.000504258904,0.995674253,0.000332690426
syn-0285,0,0,4,11,11,0.00044964187,0.000656416349,0.000560777786,0.00030382679,0.000356354838,0.000470018917,0.000628395122,0.000352883508,0.000284122478,0.000433408568,0.000530218356,0.994973958
syn-0286,0,0,4,8,8,0.00026422675,0.000385312305,0.000252213649,0.000187447818,0.000247737829,0.000256795349,0.000706988387,0.000389268913,0.996362209,0.000427490886,0.00035307536,0.000167260398
syn-0289,0,0,4,8,8,0.037649136,0.0175672844,0.0016919726,0.00116063235,0.00218707416,0.0178707,0.00345091638,0.0220200047,0.887503743,0.00501895091,0.00126628089,0.00261329603
syn-0299,0,0,4,1,1,0.000521838898,0.994484961,0.000303069159,0.00076540804,0.00043049347,0.000800416397,0.00035948283,0.000391873793,0.000364340929,0.000648823043,0.000267361669,0.000661901606
syn-0305,0,0,4,1,1,0.000414123147,0.995048463,0.000357285724,0.000703535683,0.000357693149,0.000422321347,0.000606338435,0.000262752554,0.000376876531,0.000500210677,0.000354903692,0.000595521939
syn-0307,0,0,4,3,3,0.000440394535,0.000964152801,0.000456448353,0.994058609,0.00076103356,0.000382373808,0.000949623995,0.000241346104,0.000252709171,0.00081593002,0.000255032355,0.000422339304
syn-0321,0,0,4,9,9,0.000305575959,0.000588837895,0.000308420131,0.000778271235,0.000393349183,0.00028319523,0.000281549379,0.000275794679,0.000629603863,0.995250463,0.000574585923,0.000330373034
syn-0326,0,0,4,1,1,0.00061039126,0.993866444,0.000353304844,0.000588877418,0.000482129544,0.000427667052,0.000853458303,0.00030261348,0.000833818631,0.000598826155,0.000332061638,0.000750398904
syn-0333,0,0,4,5,5,0.00392375235,0.00134747068,0.000856036844,0.00169095153,0.441786677,0.532342315,0.00324709271,0.000824803137,0.00898318738,0.00174252421,0.00172769371,0.00152750255
syn-0338,0,0,4,8,8,0.000317806524,0.000365324493,0.000257358333,0.000216655506,0.000355289871,0.000225715616,0.000598404382,0.000475664827,0.996060014,0.000513066072,0.000386654428,0.000228049117
syn-0350,0,0,4,2,2,0.00043254206,0.000336859492,0.995344937,0.000613666896,0.000210474725,0.000200844006,0.000890081865,0.000524440955,0.000317953498,0.000275541999,0.000261885318,0.000590746058
syn-0352,0,0,4,8,8,0.000204667565,0.000355396129,0.000285396382,0.000202162424,0.00026042934,0.000232558436,0.000574233301,0.000466551981,0.996525466,0.000365926709,0.000361478131,0.000165739795
syn-0353,0,0,4,7,7,0.000619491446,0.000354883348,0.000710104243,0.000493400206,0.000356604956,0.00595555454,0.000166522834,0.988274872,0.000753814355,0.000983642298,0.000502988638,0.000828129007
syn-0363,0,0,4,9,9,0.0023059065,0.00354280905,0.000532437349,0.00117665494,0.000840952445,0.00112936203,0.00136002339,0.000291273929,0.00266120257,0.981630623,0.00173730089,0.00279146736
syn-0368,0,0,4,9,9,0.000397236145,0.000626745285,0.000275651313,0.000496539695,0.000445595157,0.000388545799,0.000201671442,0.00035341343,0.000751201704,0.994227231,0.000638668949,0.00119748502
syn-0377,0,0,4,5,5,0.000858994899,0.00167393638,0.000695495284,0.000958739314,0.00083424797,0.976349413,0.000826913107,0.0136270495,0.000816787069,0.000684491999,0.000519729918,0.00215417589
syn-0378,0,0,4,2,2,0.000412882451,0.000338026701,0.99565959,0.000534145511,0.000215220498,0.000176165442,0.000691692287,0.000460820098,0.0003168931,0.000322504464,0.000302678818,0.00056940614
syn-0379,0,0,4,3,3,0.000409971661,0.00076125405,0.000528001634,0.992302597,0.00194800529,0.000439575844,0.000588663737,0.000339394406,0.000227962257,0.00122724392,0.000737664348,0.0004896514
syn-0386,0,0,4,10,10,0.000295078382,0.000255510793,0.000278052961,0.000256236701,0.000252055383,0.000282123656,0.000475844223,0.00054813188,0.000481146621,0.000529516488,0.996042848,0.000303427863
syn-0391,0,0,4,0,0,0.994738102,0.000737841998,0.000457595277,0.000419092015,0.000584538328,0.000527786906,0.00036631673,0.000536311243,0.000501914998,0.000401253084,0.000321124186,0.000408141786
syn-0399,0,0,4,8,8,0.000199128612,0.000251246267,0.000275845407,0.000161696356,0.000247792108,0.000307125418,0.000483811687,0.000590156298,0.996436477,0.000364600215,0.00052642962,0.000155717891
syn-0402,0,0,4,1,1,0.000855062215,0.978425682,0.000593869307,0.00122134946,0.00167027221,0.00115617109,0.00488960696,0.000353516341,0.000552167301,0.000910293136,0.00206932193,0.00730269821
syn-0403,0,0,4,9,9,0.000461845048,0.000643830805,0.000305076741,0.000630077848,0.00050230592,0.000323781453,0.00014231581,0.000398127362,0.000913627329,0.995011806,0.000368564564,0.000298661995
syn-0408,0,0,4,4,4,0.0146684088,0.000665727886,0.000637837918,0.00178631092,0.974832177,0.00117655925,0.00152603956,0.000394256262,0.00179331307,0.000909512572,0.000606185116,0.00100367458
syn-0413,0,0,4,9,9,0.000351105642,0.000540180132,0.000363445783,0.000438276649,0.000377867545,0.00029705686,0.000151473389,0.000484614982,0.000503330724,0.995457172,0.000469615567,0.000565840164
syn-0432,0,0,4,6,6,0.000255425577,0.00047758795,0.000473591412,0.000586722512,0.00036330751,0.000628052163,0.995557547,0.000133530062,0.000336259254,0.000173495457,0.000628055655,0.000386440195
syn-0437,0,0,4,3,3,0.000632877869,0.00133974489,0.000379746751,0.982634664,0.00434981054,0.000972689828,0.00266268034,0.000278847932,0.000624986715,0.00184061623,0.00373293087,0.000550401513
syn-0468,0,0,4,6,6,0.000235148647,0.000336137484,0.000491591054,0.00048731119,0.00042392817,0.000420421158,0.995815814,0.000128451517,0.000506724347,0.000187680664,0.00065767928,0.000309137569
syn-0473,0,0,4,10,10,0.000345499429,0.000445367856,0.00029292723,0.000282046269,0.000455522008,0.000251402234,0.000838741835,0.000381025777,0.000478183647,0.0006044482,0.995326877,0.000297968247
syn-0484,0,0,4,3,3,0.000313623896,0.000655541837,0.000546793919,0.995226204,0.000615908881,0.000318917388,0.000649608439,0.000281973073,0.000274927064,0.000454321969,0.000306688045,0.000355476252
syn-0491,0,0,4,10,10,0.000236780004,0.000289829448,0.000254980259,0.00026543095,0.000224642907,0.000289845309,0.000726646918,0.000386640691,0.000501861563,0.000468443148,0.996082127,0.000272772741
syn-0499,0,0,4,11,11,0.000522457121,0.000599882565,0.0005953004,0.000313655299,0.000451348576,0.000531225116,0.000435107271,0.000518257788,0.000205264791,0.000481219235,0.000338340935,0.995007932
syn-0003,0,1,0,2,2,0.000636187557,0.000417384144,0.994829357,0.000480117335,0.00031720908,0.000534416235,0.000356259203,0.000499365444,0.000453480723,0.000334997254,0.000719308329,0.00042194
syn-0004,0,1,0,10,10,0.000265889539,0.00020139257,0.00042787884,0.000383156643,0.000224931515,0.000574809208,0.000460143317,0.000277812389,0.000307962735,0.000527037366,0.995833933,0.00051507313
syn-0006,0,1,0,7,7,0.00673530763,0.00532344496,0.00781246088,0.00284239859,0.00168079871,0.0232188366,0.00117453421,0.651370227,0.00963468011,0.212887004,0.0409926251,0.0363277122
syn-0008,0,1,0,8,8,0.000234840889,0.000346744637,0.000391877111,0.000259403576,0.000284715556,0.000436574162,0.000461368356,0.000419445045,0.996192276,0.000521497685,0.000178427232,0.000272832025
syn-0011,0,1,0,10,10,0.000258209679,0.000314103876,0.000476083398,0.000387581153,0.000257693639,0.000870323915,0.000515168067,0.000188764694,0.000314865581,0.000588643248,0.995194077,0.000634465192
syn-0015,0,1,0,6,6,0.000190492123,0.000424262282,0.00026523933,0.000476730464,0.000541665999,0.000360792386,0.995761216,0.000267767784,0.000538939144,0.000299843523,0.00028987613,0.000583185116
syn-0016,0,1,0,9,9,0.000241253598,0.000473847525,0.000382733502,0.000430239335,0.000395722454,0.000729487801,0.000820270274,0.00038489257,0.000832790625,0.991682231,0.00267092162,0.000955630327
syn-0017,0,1,0,3,3,0.000519283931,0.000267926051,0.000496983994,0.995120823,0.000460278068,0.000434652204,0.000523665512,0.00066612853,0.000250403711,0.000313731725,0.000558185275,0.000387930369
syn-0020,0,1,0,6,6,0.000181814597,0.000292320561,0.000247649208,0.000491568469,0.000615247991,0.000377388002,0.99579823,0.000254418992,0.000620660372,0.000313163764,0.000356860284,0.000450677268
syn-0034,0,1,0,0,0,0.995391667,0.00028949749,0.000473187276,0.000326828187,0.000811273057,0.000439498341,0.000220252419,0.000513406645,0.000216056826,0.000253018516,0.000510053011,0.000555289851
syn-0044,0,1,0,2,2,0.000544807815,0.000436155795,0.994712591,0.00053962844,0.000302798318,0.000519477995,0.000351144612,0.000669864123,0.000455141126,0.000319348357,0.000722297293,0.000426725543
syn-0049,0,1,0,8,8,0.000298895466,0.000433047971,0.000360772014,0.000239478861,0.000314690697,0.00039769127,0.000284164329,0.000350848946,0.996157944,0.000728182902,0.000156745606,0.000277560845
syn-0052,0,1,0,4,4,0.0054873242,0.000590422365,0.000382253056,0.000523241877,0.989206612,0.00147556199,0.000320074818,0.000476320012,0.000352483272,0.000371914561,0.000444464938,0.000369347079
syn-0053,0,1,0,10,10,0.000256521802,0.00038127086,0.000579465122,0.000573400932,0.000835721265,0.000703217171,0.000780308386,0.000276705308,0.000133355687,0.000502282754,0.994438827,0.000538898748
syn-0055,0,1,0,3,3,0.000465769495,0.00033208984,0.000608888513,0.995279789,0.00041785388,0.00042314484,0.000507789897,0.000435339171,0.000294956932,0.000363884988,0.000494618143,0.000375850272
syn-0063,0,1,0,1,1,0.000329821865,0.996446311,0.000251837133,0.00026429852,0.000459452072,0.000263670285,0.000356440258,0.000392468908,0.000317603262,0.000299024978,0.000211636841,0.000407413405
syn-0069,0,1,0,11,11,0.000812497979,0.0103530269,0.000637362071,0.000878276478,0.00106832094,0.000400507066,0.00255563576,0.000459775387,0.000689917535,0.000553864986,0.00114165049,0.98044914
syn-0072,0,1,0,0,0,0.996006608,0.000343244668,0.000472350512,0.000350976625,0.000654478325,0.000360508886,0.000179326118,0.000385632564,0.000240306428,0.00021189281,0.0003379228,0.000456759968
syn-0073,0,1,0,11,11,0.000526635908,0.00181215699,0.000472363841,0.000366286025,0.000353300013,0.000378045632,0.00072996068,0.000376430165,0.000415693677,0.000665779109,0.000612255302,0.99329108
syn-0077,0,1,0,2,2,0.000542245747,0.000365781219,0.994879246,0.000504226715,0.000326227979,0.000493791653,0.000425727281,0.000560933666,0.000496984692,0.000303537498,0.000674747163,0.000426546292
syn-0081,0,1,0,10,10,0.00062947144,0.00071044307,0.00054360443,0.00145158009,0.00201048795,0.00087600894,0.0041145836,0.000173115463,0.00156481646,0.00107969064,0.984545946,0.00230027619
syn-0084,0,1,0,5,5,0.000411835383,0.000260866567,0.000424894388,0.000337266887,0.000348410947,0.996106505,0.00019430909,0.000346153654,0.000461768272,0.000497504661,0.000383257895,0.0002272563
syn-0090,0,1,0,5,5,0.0172252115,0.00214826013,0.000694304821,0.000545291579,0.0027851963,0.969984114,0.000657577359,0.00287013687,0.00132104103,0.000573031313,0.000722194614,0.000473653228
syn-0093,0,1,0,5,5,0.000456114329,0.000336265453,0.000562914065,0.000336038152,0.000505193719,0.994214118,0.00134930119,0.00020838897,0.000557824038,0.00055179192,0.000670951558,0.000251109101
syn-0098,0,1,0,10,10,0.000254870276,0.000320248917,0.000429800944,0.000372561073,0.000262444839,0.000536559557,0.000323970889,0.000245962321,0.000192164181,0.000489693892,0.995976508,0.00059521856
syn-0101,0,1,0,3,3,0.00044303434,0.000333528122,0.000600711326,0.995347917,0.000523290772,0.000302364526,0.000542096095,0.000469167717,0.000282893918,0.000319559011,0.000454260327,0.000381168298
syn-0109,0,1,0,3,3,0.0003957398,0.000365168351,0.000687638414,0.992747486,0.000537692045,0.000407432817,0.000776959001,0.000424680125,0.000445496466,0.00176699157,0.000799309404,0.000645407476
syn-0120,0,1,0,3,3,0.000432009896,0.000285964605,0.000538529654,0.995348155,0.000454149907,0.00031628742,0.000545103801,0.000441721495,0.00033094018,0.000358206773,0.00053847098,0.000410448003
syn-0121,0,1,0,9,9,0.000213108055,0.000768800615,0.000401968166,0.000357696816,0.000317957223,0.000597479346,0.000382734375,0.000825207797,0.000653796364,0.993853629,0.000498428068,0.00112917973
syn-0139,0,1,0,1,1,0.000269914075,0.996228039,0.000280011882,0.000345257722,0.000527967,0.000238198132,0.000418181036,0.000380618498,0.000402005535,0.000299454725,0.000260885194,0.00034948549
syn-0148,0,1,0,7,7,0.00388979143,0.00356270932,0.00371749909,0.00293459301,0.00594626646,0.0403641053,0.00386572606,0.843776405,0.0298573803,0.0118653513,0.0176632833,0.032556884
syn-0155,0,1,0,4,4,0.000797767949,0.000518779736,0.000338994112,0.000460324867,0.995260775,0.000461163378,0.000465576624,0.000385403546,0.000545264047,0.000244054594,0.00029493458,0.000226978984
syn-0158,0,1,0,1,1,0.000361684506,0.996208489,0.000297059421,0.000287047267,0.000386203232,0.000195517379,0.000512314844,0.000391802372,0.000386030646,0.000255987805,0.000239326357,0.000478526839
syn-0166,0,1,0,5,5,0.000755080604,0.000307968498,0.000358104851,0.000220806527,0.000718193827,0.995380104,0.000288502051,0.000308047252,0.000468334765,0.000511014485,0.000461730931,0.000222140923
syn-0169,0,1,0,4,4,0.00121739646,0.000515136402,0.000322173524,0.000518821878,0.995037854,0.000353798241,0.000377936056,0.000351650146,0.000315283483,0.000302800705,0.00032345514,0.00036366735
syn-0173,0,1,0,8,8,0.00024023719,0.000455414905,0.000367199333,0.000273008103,0.00030502252,0.000569674652,0.00141757587,0.000277325773,0.994970441,0.000600201078,0.00021018101,0.000313743105
syn-0175,0,1,0,11,11,0.000828084361,0.00256937183,0.000705529179,0.000942314218,0.000595854654,0.00082865468,0.00121234683,0.000706101069,0.000446327846,0.000800227979,0.0208970308,0.969468176
syn-0196,0,1,0,4,4,0.00198735646,0.000387358712,0.000336641242,0.000558286265,0.994294047,0.000427942898,0.000357917015,0.000346373767,0.00040382336,0.000254290877,0.000263440394,0.00038252087
syn-0223,0,1,0,6,6,0.00038833794,0.00180888339,0.000649834285,0.000944749976,0.00146423851,0.0012195562,0.957261622,0.000391196285,0.0302112605,0.0012875495,0.0030195117,0.00135325477
syn-0230,0,1,0,9,9,0.000173348424,0.000388166634,0.0003886786,0.000353472889,0.000328750029,0.000604882895,0.000342743238,0.000683320221,0.000703718804,0.99461478,0.000537362299,0.000880791456
syn-0233,0,1,0,8,8,0.000297347899,0.000493125815,0.000393547321,0.000243725663,0.000316097576,0.00042615729,0.00035373689,0.000272813573,0.996260762,0.000471052859,0.000187548998,0.000284074427
syn-0241,0,1,0,1,1,0.000811261474,0.991714418,0.000352076924,0.00135743094,0.00303305546,0.000320836349,0.000359352678,0.000406692154,0.000432466273,0.000356058474,0.000294937228,0.000561388209
syn-0246,0,1,0,8,6,0.0008330337,0.00445184438,0.00123823737,0.00157247554,0.00140220637,0.00103814283,0.925235987,0.000923029322,0.0563040935,0.00105581351,0.000841701287,0.00510343118
syn-0248,0,1,0,6,6,0.00016175631,0.000370409922,0.000254396378,0.000481624127,0.000502287061,0.000327728019,0.99527216,0.000327466725,0.000291611417,0.000328713882,0.00107993372,0.000601934677
syn-0249,0,1,0,8,8,0.000357868033,0.000413000613,0.00036329389,0.000236501524,0.000399484183,0.00049302855,0.000249765988,0.000458924711,0.995767593,0.000786288292,0.000221652925,0.000252609287
syn-0252,0,1,0,8,8,0.000242608279,0.000486543344,0.000342931977,0.000210580911,0.000320416264,0.000403055252,0.000456695561,0.000241883463,0.996235132,0.000567275565,0.000229135258,0.000263717899
syn-0254,0,1,0,7,8,0.0137267634,0.0301621296,0.00967845041,0.00360920024,0.0059246514,0.024724314,0.0042062751,0.167724147,0.612758756,0.0081762448,0.00564092491,0.113668121
syn-0270,0,1,0,10,6,0.00668441644,0.281211168,0.00245431927,0.00351311499,0.029603878,0.0104555683,0.546889126,0.00253151427,0.00292669493,0.00583920768,0.104208745,0.00368225574
syn-0273,0,1,0,0,0,0.995814621,0.000323353452,0.000496331602,0.000414430571,0.00063603936,0.000333042728,0.000206559707,0.000386115513,0.000271604396,0.000204138836,0.000424353289,0.000489438477
syn-0274,0,1,0,9,9,0.000232682214,0.000315236422,0.00048373497,0.000307416572,0.000353335257,0.000693490554,0.000267716998,0.000708285952,0.0010630968,0.994171798,0.000827547279,0.000575654616
syn-0275,0,1,0,0,0,0.99579376,0.000387526001,0.000471433188,0.000360462465,0.000767694903,0.000363523926,0.000172070009,0.00030769757,0.000309520517,0.000195461165,0.000450238527,0.000420619675
syn-0276,0,1,0,6,10,0.000303544017,0.000305681373,0.000542079622,0.000458790309,0.000794291205,0.000513100822,0.00300658494,0.000232834878,0.000211070233,0.000458274852,0.992406547,0.000767199264
syn-0284,0,1,0,0,0,0.99577266,0.000297169638,0.000580946391,0.000408233725,0.0006143715,0.000333942298,0.000195788467,0.000379643927,0.000325520698,0.000213385923,0.000436291099,0.00044206786
syn-0296,0,1,0,3,3,0.000522324874,0.000303769339,0.000612329866,0.994718611,0.000542433409,0.000758008391,0.000367426692,0.000474778848,0.000303110835,0.000413879869,0.000571552257,0.000411799789
syn-0302,0,1,0,10,10,0.000309302239,0.000238510474,0.000533075945,0.000358854275,0.000320983585,0.000418892043,0.000542491209,0.000237405795,0.000245861389,0.000541112327,0.995956063,0.000297433638
syn-0304,0,1,0,1,1,0.000357253826,0.995524585,0.000281824236,0.000344741828,0.00054285425,0.000261230714,0.000731704698,0.000483500247,0.000425661303,0.00020651544,0.000313863624,0.000526264717
syn-0311,0,1,0,9,9,0.000189898667,0.000519040914,0.000380785961,0.000606251822,0.000354274351,0.000512589584,0.00100844039,0.000477033493,0.000676954223,0.993180215,0.000723872159,0.00137066864
syn-0316,0,1,0,0,0,0.983950257,0.000551876787,0.000633130781,0.000792019418,0.00344596943,0.00761051243,0.000376024575,0.000257706764,0.000412053574,0.000418514333,0.00103889732,0.000513055711
syn-0318,0,1,0,11,11,0.00034573389,0.000902828411,0.000415328919,0.000525860291,0.000493532396,0.000290269643,0.000492625288,0.000439612748,0.000359254365,0.000788325153,0.00237953197,0.992567122
syn-0328,0,1,0,10,10,0.000353287964,0.000313502329,0.000450953521,0.000400397199,0.000327166024,0.000570653472,0.000292159006,0.000261187524,0.000308473856,0.000547857257,0.995832264,0.000342092942
syn-0332,0,1,0,6,6,0.000164185039,0.000300704327,0.000288276264,0.000591743737,0.000577561208,0.000277759478,0.995830834,0.000243685136,0.000401853002,0.000347659312,0.000578334497,0.000397415832
syn-0345,0,1,0,7,7,0.000528590463,0.000901458494,0.00052267412,0.000466655183,0.000727295817,0.001857828,0.000555345439,0.991818011,0.000499522197,0.000947265013,0.000398069766,0.000777258421
syn-0354,0,1,0,8,8,0.00032734932,0.000417231815,0.000408727297,0.000268947042,0.000335638353,0.000417357107,0.000345751701,0.000334204087,0.996173739,0.000544003211,0.000153093904,0.000273964164
syn-0356,0,1,0,8,8,0.000365923304,0.000442196906,0.000363171333,0.000234115709,0.00029486799,0.000409410161,0.000296785438,0.000344512868,0.996243834,0.000545326388,0.000167593855,0.000292238954
syn-0357,0,1,0,3,3,0.000407394255,0.000352932228,0.000492031279,0.995272815,0.000551600475,0.000317747967,0.000562286412,0.000433818146,0.000327816117,0.000298523228,0.000559645472,0.000423387799
syn-0371,0,1,0,6,6,0.000149924454,0.000362519146,0.000281029294,0.000479981245,0.000442867458,0.000263985654,0.99608022,0.000266695075,0.000336478028,0.000310553034,0.000526583812,0.000499170681
syn-0372,0,1,0,1,1,0.00038817263,0.996207178,0.000249893899,0.000311656069,0.00058361626,0.000257474865,0.00029138368,0.000401830097,0.000326301553,0.000368401903,0.000248777273,0.000365285494
syn-0380,0,1,0,4,4,0.00118113286,0.000494586595,0.000366081716,0.000489249127,0.992237091,0.00280014705,0.000307458657,0.000666583655,0.00049827469,0.0003626096,0.000280783017,0.000316012534
syn-0382,0,1,0,0,0,0.995867372,0.000340603583,0.000477142836,0.00033887531,0.000731368782,0.000383062375,0.000180114526,0.000388650893,0.000209768506,0.000231550599,0.000405477476,0.000445991725
syn-0383,0,1,0,2,2,0.000612395874,0.000423629419,0.994725704,0.000441192155,0.000296407146,0.00053364347,0.000354674499,0.000702657795,0.000441497541,0.000379280129,0.000640693645,0.000448198698
syn-0419,0,1,0,1,1,0.000336687692,0.995998561,0.000277691986,0.000342154759,0.00057052169,0.000198236085,0.000267389201,0.000413719128,0.000363144849,0.000266154966,0.000368320965,0.000597427832
syn-0421,0,1,0,10,10,0.000396212563,0.00103119796,0.000681506819,0.0026462099,0.00131246576,0.000863147026,0.00878975261,0.000261330832,0.000931102724,0.0018283088,0.980334759,0.000923993939
syn-0425,0,1,0,5,5,0.000670422334,0.000485906261,0.000371392438,0.000400691264,0.000774360844,0.994564891,0.000312406046,0.000199302973,0.000801049289,0.000546052877,0.000583802117,0.000289749965
syn-0448,0,1,0,4,5,0.00070086401,0.000209575184,0.000427463849,0.000491868879,0.00368184503,0.991436005,0.000327233924,0.00056240987,0.000814761326,0.000688623812,0.000375589996,0.000283759669
syn-0452,0,1,0,10,10,0.000260941597,0.000245692616,0.00054189394,0.000504694995,0.000251845078,0.000444833771,0.00131467148,0.000178114555,0.000265446288,0.000439294556,0.995169342,0.000383215811
syn-0454,0,1,0,11,11,0.000448423933,0.000512102153,0.000430216081,0.000443576544,0.000385280728,0.000362120627,0.000390306755,0.000731447013,0.000401008874,0.000735828944,0.00153799553,0.993621707
syn-0455,0,1,0,2,2,0.00437288685,0.0147469677,0.676100016,0.0270766746,0.018274406,0.00425363239,0.0184209663,0.209461793,0.00758873764,0.00604930427,0.00628955942,0.00736507075
syn-0457,0,1,0,9,9,0.000254381594,0.000725572871,0.00038800636,0.0003283447,0.000347423716,0.00062203547,0.000460283627,0.0007125868,0.000582479988,0.994044125,0.000464079494,0.00107068231
syn-0459,0,1,0,5,1,0.228393883,0.650992692,0.00274031935,0.00372241833,0.0092326263,0.0480792746,0.00267469836,0.00379145611,0.0435145237,0.00223454414,0.00152593979,0.00309762498
syn-0480,0,1,0,1,1,0.000447838887,0.991250813,0.000396836956,0.000664218504,0.00095414737,0.000522695307,0.00274213473,0.000634131953,0.000287052651,0.000504433585,0.000392411486,0.00120330986
syn-0487,0,1,0,6,6,0.000184133212,0.000341192441,0.000247146207,0.000505790114,0.000529827317,0.000332252181,0.995631456,0.000303055189,0.000813556777,0.000314122153,0.000307700306,0.000489790691
syn-0489,0,1,0,11,11,0.000540249399,0.00290979887,0.00044938433,0.00061735505,0.000974761031,0.000661047816,0.000652360613,0.000458009134,0.000456211303,0.000583657878,0.00140983751,0.990287304
syn-0495,0,1,0,2,2,0.00058146962,0.000442344928,0.994680583,0.00054402044,0.000357525656,0.000515635125,0.000351805415,0.00053343043,0.000489083235,0.000339440507,0.000673560542,0.000491075567
syn-0496,0,1,0,8,8,0.000273080776,0.000495232758,0.000375368341,0.000228143166,0.000299087289,0.000413172122,0.000366877357,0.000325204019,0.996269584,0.000553105958,0.000158007781,0.000243132235
syn-0497,0,1,0,5,5,0.000387089502,0.000674697396,0.000404020131,0.000204602344,0.000423868652,0.994187832,0.000548631011,0.000385369029,0.00127305149,0.000606188551,0.000573694997,0.000330967217
syn-0498,0,1,0,7,7,0.000884818262,0.00121456978,0.000884700334,0.000617508718,0.000741968048,0.00174435403,0.000372882263,0.99030602,0.0012150174,0.000616579433,0.000615333905,0.000786261982
syn-0013,0,1,1,6,6,0.000151625005,0.000346710411,0.000278459018,0.000503792486,0.000362430728,0.000271269091,0.996220231,0.000268768927,0.000411343906,0.000345984532,0.00046458203,0.000374802825
syn-0018,0,1,1,3,3,0.000695123337,0.000986439758,0.000875141995,0.961831152,0.00159459119,0.00046287736,0.0296936054,0.000683405087,0.000903419917,0.000889455026,0.000701832876,0.000682978425
syn-0031,0,1,1,0,0,0.995584905,0.000545642572,0.000481933559,0.000399726938,0.000793823798,0.000392120011,0.000195039727,0.000356172968,0.000277456013,0.00021186503,0.000355296273,0.000406012783
syn-0032,0,1,1,4,4,0.00075522816,0.000696118455,0.000340119062,0.000545262883,0.995010734,0.000346303423,0.000459065603,0.000427572522,0.000385847554,0.000357557175,0.000325780828,0.000350409711
syn-0037,0,1,1,8,8,0.000287490082,0.000415818999,0.000302647735,0.000265573122,0.00035299646,0.000494032225,0.000735201116,0.000222943534,0.995276034,0.000862894522,0.000453873712,0.000330490875
syn-0041,0,1,1,10,10,0.000560447748,0.00048409155,0.00108117971,0.00189996057,0.000621375046,0.00157637405,0.00157601316,0.000688113912,0.000838751672,0.0348412879,0.95409292,0.00173949753
syn-0042,0,1,1,9,9,0.000228952733,0.000379354897,0.000539530651,0.000846969953,0.000291448465,0.00052958657,0.000435455935,0.00061502977,0.000645716267,0.99437356,0.000501922448,0.000612483011
syn-0045,0,1,1,9,9,0.00249787094,0.00190110866,0.0017375201,0.0881193578,0.00247918488,0.00212927,0.0115906289,0.00107778795,0.00279854913,0.860418022,0.0215934627,0.00365720619
syn-0046,0,1,1,8,8,0.00346865458,0.00151852542,0.000729723834,0.000424010301,0.000845273142,0.00164912769,0.000645031221,0.00141777401,0.966763973,0.0214674529,0.000258152199,0.00081228558
syn-0057,0,1,1,8,8,0.000593027507,0.000690468994,0.000408541935,0.000225153824,0.000433935988,0.000560046406,0.000377406395,0.00032268191,0.994009137,0.00073652697,0.000777830021,0.00086526142
syn-0059,0,1,1,3,3,0.000357183511,0.000296158047,0.000512625556,0.995357752,0.000339950435,0.000422814977,0.000526191783,0.000489108206,0.000298216968,0.0004464667,0.000550520082,0.00040302347
syn-0070,0,1,1,2,2,0.000624482753,0.000391774054,0.994702876,0.000467773323,0.000350622373,0.000533708429,0.000371143309,0.000652686635,0.000449116487,0.000379356439,0.000694912276,0.00038152773
syn-0071,0,1,1,6,6,0.000208110519,0.000331751449,0.000263865746,0.000615110446,0.00063268462,0.000299270876,0.996115088,0.000269383338,0.000340798753,0.000255883468,0.000379330682,0.000288727577
syn-0076,0,1,1,5,5,0.00131453562,0.000422198878,0.000422243145,0.000511397491,0.00041300329,0.994479239,0.000259420602,0.000429413281,0.000514280691,0.000470203435,0.000538507185,0.000225537427
syn-0079,0,1,1,1,1,0.000299020554,0.996198714,0.000314200763,0.0003134578,0.000416546274,0.000396390213,0.000343347667,0.000444896286,0.000390491303,0.000328811584,0.000191158993,0.000362989056
syn-0086,0,1,1,10,10,0.000218954869,0.000207360135,0.000428652624,0.000416519935,0.000174659479,0.000339098944,0.000324353285,0.000271722587,0.00012386532,0.000388595276,0.99641782,0.000688385975
syn-0087,0,1,1,5,5,0.000852120284,0.000297706603,0.000558428466,0.000563584617,0.000960691948,0.986988306,0.00225423207,0.000701059995,0.0043678144,0.000657802273,0.00135705224,0.0004411712
syn-0091,0,1,1,4,4,0.000970760884,0.000462267228,0.000349282025,0.000707952946,0.994992554,0.000380569109,0.000438699964,0.000463779026,0.000391566078,0.00027084435,0.000314017816,0.000257729494
syn-0111,0,1,1,3,3,0.000337690872,0.000412740337,0.000601070293,0.995246112,0.000343316409,0.000352036091,0.000622681924,0.000535871193,0.000324966299,0.000318245147,0.000530573714,0.000374707364
syn-0118,0,1,1,5,5,0.000385592837,0.000252424623,0.000366668915,0.000306303904,0.000392262009,0.996174872,0.000282316556,0.000271715107,0.000453367655,0.000453364366,0.000410804758,0.000250284036
syn-0128,0,1,1,2,2,0.000624757027,0.000420536031,0.994876623,0.000478451373,0.000377654476,0.000503740215,0.000338145124,0.000512102328,0.000439783791,0.00039004584,0.000665727479,0.000372417038
syn-0130,0,1,1,6,8,0.000251973775,0.000456532551,0.000418971846,0.000281762303,0.000339396822,0.000612172589,0.00180860178,0.000334059412,0.994485736,0.000530888676,0.000214468731,0.000265437935
syn-0133,0,1,1,2,2,0.000621949846,0.000461326388,0.994273782,0.00071512023,0.000340958853,0.00060028414,0.000402100239,0.000723030011,0.000427357387,0.000407774933,0.000641961466,0.000384371728
syn-0134,0,1,1,5,5,0.00155941001,0.000293717283,0.000679689343,0.000709061918,0.000577879488,0.986791551,0.000315088168,0.00595926726,0.00113528164,0.000860867498,0.000685924431,0.000432284258
syn-0146,0,1,1,10,10,0.000298385567,0.000257789681,0.000422462501,0.000559774751,0.000227051976,0.000383859006,0.000525972515,0.000234187639,0.000116609757,0.000421769626,0.996222079,0.00033004026
syn-0147,0,1,1,0,0,0.995658815,0.000313737546,0.000509773497,0.000528024975,0.000703184633,0.000395848445,0.000248163589,0.000323410728,0.000245160598,0.000314644916,0.000395842711,0.00036337928
syn-0151,0,1,1,10,10,0.00127672264,0.00104091945,0.00129148248,0.00143329392,0.00065213989,0.00157772494,0.00233131787,0.000988327665,0.00106659916,0.00370329758,0.730339706,0.254298449
syn-0167,0,1,1,0,0,0.995812297,0.000360172096,0.000545883027,0.000338519458,0.000643031788,0.000394105416,0.000228477569,0.000295145786,0.000293090387,0.000248090131,0.00043418564,0.000407009036
syn-0181,0,1,1,10,10,0.00160820305,0.00391778955,0.00333442679,0.00470394082,0.00280067255,0.00508680474,0.260631979,0.00129728718,0.071801737,0.00584141118,0.63646853,0.00250718626
syn-0187,0,1,1,3,3,0.000355765515,0.000308945542,0.000491967367,0.995546937,0.000429721142,0.000424480706,0.000549404183,0.000365488057,0.000285159622,0.000346375047,0.000540931884,0.000354849501
syn-0191,0,1,1,4,4,0.00100589136,0.000827050302,0.000591731397,0.00481193326,0.988574922,0.000374236784,0.000984671526,0.000720134529,0.000535598199,0.000487956451,0.000637160789,0.000448722712
syn-0202,0,1,1,10,10,0.000425708015,0.000296385144,0.000569626282,0.000520550588,0.000285787479,0.000724716636,0.000356441393,0.000443433935,0.000432586239,0.00421403348,0.989308357,0.00242237141
syn-0213,0,1,1,0,0,0.995203555,0.000420490454,0.000631637289,0.000443198311,0.000698387856,0.000369340123,0.000250440877,0.000300418615,0.000522563874,0.000259819819,0.000488335441,0.00041178937
syn-0222,0,1,1,8,8,0.000262185175,0.000392240559,0.000333104777,0.000214240514,0.000276222418,0.000467042148,0.000353333453,0.000341179606,0.996312916,0.000600984029,0.000149941567,0.000296589045
syn-0232,0,1,1,8,8,0.000425687089,0.000730046653,0.000380608457,0.000259707216,0.000337156147,0.000567130104,0.000273676182,0.000317586033,0.995339394,0.000999630778,0.000130335538,0.000239055415
syn-0236,0,1,1,11,11,0.000971118046,0.00223098509,0.000455492147,0.000309887168,0.000415229559,0.000439423515,0.00059685047,0.000363938976,0.00191943638,0.00186061114,0.000559252047,0.98987776
syn-0237,0,1,1,4,4,0.00139033771,0.000464511133,0.000374239957,0.000473703607,0.994496644,0.000396306365,0.000341145234,0.000399930432,0.000345951412,0.000397821394,0.00051312946,0.000406306586
syn-0264,0,1,1,0,0,0.99574554,0.000333557837,0.000483783573,0.000402438105,0.000603221124,0.000506627432,0.00018376323,0.000338943937,0.000279478059,0.000249294622,0.000392140792,0.000481208001
syn-0267,0,1,1,4,4,0.00110760937,0.000478630944,0.000261781592,0.000373252667,0.994917631,0.000809362042,0.000423668243,0.000282691733,0.000366362568,0.000267657597,0.000360295264,0.000351064431
syn-0268,0,1,1,6,6,0.000158501847,0.0002926694,0.000252570375,0.00040735901,0.000617435144,0.000305106689,0.995850444,0.000236457156,0.000510577578,0.00036580654,0.000608724135,0.000394328759
syn-0271,0,1,1,2,2,0.000599806022,0.000471692794,0.993760169,0.000811861828,0.000281120942,0.000541078101,0.000402550824,0.000489599246,0.000450740539,0.000658196572,0.00103440695,0.000498795009
syn-0272,0,1,1,3,3,0.000569128664,0.00064398325,0.000892364013,0.994321823,0.000355595577,0.000324505876,0.000683810445,0.000485830853,0.000300821092,0.00031171646,0.000718900119,0.00039153095
syn-0279,0,1,1,0,0,0.995702624,0.000317693455,0.00049230241,0.000371713308,0.000732141198,0.000419242511,0.000168598344,0.000408149674,0.000264746282,0.00028057411,0.000344401633,0.00049780251
syn-0281,0,1,1,10,5,0.00405147998,0.0116483187,0.00231964886,0.0109156435,0.00806407724,0.850867331,0.0666198581,0.000673667295,0.0278545339,0.00428052386,0.0116244145,0.00108047819
syn-0283,0,1,1,7,7,0.000404064718,0.0005097955,0.000865663867,0.000523403753,0.000352552597,0.000735793496,0.000432019937,0.994170249,0.000493072381,0.000578676176,0.000534328399,0.000400351651
syn-0294,0,1,1,1,1,0.000361988175,0.995919585,0.000295916747,0.000335430261,0.000478913949,0.00060618663,0.00032578205,0.000427095656,0.000309995172,0.000325469096,0.000207720092,0.000405906962
syn-0295,0,1,1,10,10,0.000301529217,0.000462942029,0.000482600241,0.002629261,0.000417230913,0.000617128506,0.00194678106,0.000129012667,0.00017156385,0.000579722808,0.991625965,0.000636283541
syn-0297,0,1,1,11,11,0.00054657046,0.000719285745,0.000431016437,0.000441139564,0.000271703699,0.000335321005,0.000366895023,0.000530258752,0.000448968291,0.000506792159,0.000650840811,0.994751215
syn-0298,0,1,1,7,7,0.000549592602,0.000796534587,0.000535182655,0.000388140033,0.000596343481,0.00121091004,0.000433586305,0.993428648,0.000659208628,0.000592207827,0.000368755544,0.0004409088
syn-0308,0,1,1,3,3,0.000404496182,0.000317732949,0.000477348833,0.995413005,0.000350429997,0.000332222,0.000695720315,0.000365351501,0.000327660935,0.000393059512,0.000536257401,0.000386743341
syn-0313,0,1,1,11,11,0.000640922459,0.0046847444,0.000733638124,0.00129248016,0.000489529339,0.00105883938,0.0191595368,0.00132884621,0.0011590186,0.00149100262,0.00341403275,0.964547396
syn-0314,0,1,1,8,8,0.000266753137,0.000512157101,0.000357085752,0.000240667243,0.000270682998,0.0003965215,0.000338531449,0.000325691944,0.996356547,0.000517792243,0.000150995285,0.000266585877
syn-0325,0,1,1,4,4,0.00292819645,0.00225917576,0.00155212183,0.102151908,0.837619781,0.0388758928,0.00292629073,0.00149765401,0.00305688567,0.00385702704,0.00181096827,0.00146407355
syn-0336,0,1,1,0,0,0.994479239,0.000398930977,0.000502681127,0.000354025484,0.000748427701,0.00158458785,0.000294855301,0.00040183097,0.000343185209,0.000251955789,0.000322656269,0.000317613536
syn-0343,0,1,1,8,8,0.000292860408,0.000468540849,0.000447657774,0.000252626603,0.000625369255,0.000570931123,0.000436569448,0.000596532831,0.99381429,0.00178450823,0.000244516996,0.000465620717
syn-0346,0,1,1,6,6,0.000229853205,0.000371779606,0.000233176484,0.00102182233,0.00075003854,0.000228432342,0.995598078,0.000272243225,0.000350976392,0.000294541736,0.000353825861,0.000295213511
syn-0348,0,1,1,9,9,0.000272741047,0.000446569087,0.000351264636,0.000395100826,0.000248142751,0.000546959403,0.000402255071,0.000636182725,0.000899109407,0.994695902,0.000687619438,0.000418153504
syn-0358,0,1,1,2,2,0.000563181471,0.000424934726,0.994484365,0.000417779753,0.000343716994,0.000531860453,0.000372065959,0.000775177614,0.000491699902,0.000454804103,0.000703733531,0.000436668197
syn-0366,0,1,1,9,9,0.000630580587,0.000533378858,0.000817788474,0.00290967501,0.00034429325,0.00110167707,0.00204524887,0.000791218423,0.000764347147,0.983557999,0.00490633072,0.00159747351
syn-0369,0,1,1,6,6,0.00150525174,0.00917892251,0.00149934669,0.00130499434,0.00257956353,0.169063687,0.803548515,0.00248259539,0.0034130679,0.00233376538,0.00171915698,0.00137109798
syn-0370,0,1,1,9,9,0.000238446271,0.000560696993,0.000506243727,0.000684208877,0.000320819439,0.000504911528,0.000403309503,0.000731981476,0.000590921554,0.994238973,0.000426146755,0.000793366751
syn-0373,0,1,1,11,11,0.00053097331,0.000641189283,0.00038843535,0.000468457496,0.000324975234,0.00032236657,0.000452313776,0.000261780136,0.000369808928,0.000784702541,0.000775124703,0.994679868
syn-0374,0,1,1,8,8,0.000353016832,0.000447231345,0.000295123056,0.000264693139,0.000253510749,0.000491973246,0.000511003251,0.000185766665,0.996018827,0.000675186631,0.00020555823,0.000298124767
syn-0381,0,1,1,8,8,0.000281316636,0.000517148874,0.000374779105,0.000243367889,0.000336451427,0.00039990354,0.000290943834,0.000665410014,0.995650589,0.000558969565,0.000336931,0.00034417049
syn-0396,0,1,1,3,3,0.000339066901,0.00037989745,0.000549115066,0.995413899,0.00033946248,0.000367773726,0.000571564829,0.000443022407,0.00030402845,0.000342038315,0.000557492604,0.000392661139
syn-0397,0,1,1,1,1,0.000243596311,0.996505558,0.000301106396,0.000332503143,0.000414250302,0.000197887799,0.000338456361,0.0004005433,0.000328717724,0.000313719036,0.000217177978,0.000406497507
syn-0401,0,1,1,11,11,0.00129236153,0.00836461503,0.000853523263,0.000576819817,0.000439884054,0.00050270214,0.00391789572,0.00099091942,0.000809446967,0.00291991094,0.000741841912,0.978590071
syn-0406,0,1,1,4,4,0.00457975874,0.000501484436,0.000379471981,0.000920712017,0.990812659,0.000361689163,0.000465514691,0.000396613264,0.00032463044,0.000269332522,0.000635134056,0.000353013136
syn-0415,0,1,1,1,11,0.00118747551,0.00577401184,0.000680209603,0.000479754613,0.000976597308,0.000762353302,0.000965359504,0.000379449863,0.00726173865,0.00245805131,0.000522760674,0.978552222
syn-0416,0,1,1,2,2,0.000621128711,0.000409415166,0.994881749,0.000492943567,0.000353594573,0.000530778023,0.000341635401,0.000536153559,0.000426736224,0.000359010126,0.00068217743,0.000364684558
syn-0426,0,1,1,10,10,0.000234113657,0.000189736646,0.000526358665,0.000400316727,0.000142599427,0.00049371185,0.00086529518,0.000657080207,0.000543619564,0.000548132171,0.994118333,0.00128070056
syn-0427,0,1,1,5,5,0.000540714303,0.000430582935,0.000468641898,0.000327475864,0.00437721331,0.991048217,0.000379964476,0.000271031051,0.000861815584,0.000610504241,0.000430773798,0.000253086153
syn-0439,0,1,1,6,6,0.000197891728,0.000399862474,0.000225953147,0.000428476284,0.000445771206,0.000273657264,0.995876074,0.000269956887,0.000740051735,0.000348242902,0.000320596446,0.000473475608
syn-0443,0,1,1,7,7,0.000627324451,0.000898404396,0.000613590761,0.000444154663,0.000607952767,0.0010940939,0.000358549063,0.992830813,0.000593773148,0.00081357843,0.00030765339,0.000810093072
syn-0444,0,1,1,5,5,0.000369593472,0.000409461383,0.000410149427,0.000426830782,0.000676648051,0.993999064,0.00160023139,0.000245791074,0.000516014348,0.00060176471,0.000446706719,0.000297719729
syn-0449,0,1,1,11,11,0.00047350931,0.000582677138,0.00041080208,0.000867020688,0.00053584954,0.000271949131,0.000626991328,0.000286741531,0.000318219303,0.000680775556,0.00239510206,0.992550373
syn-0453,0,1,1,1,1,0.000824968272,0.989430845,0.000276654435,0.0010114857,0.00198583258,0.000312580611,0.00252875546,0.000400630757,0.000390282163,0.000445240876,0.000566862116,0.00182586745
syn-0456,0,1,1,11,3,0.0016377673,0.00362085132,0.00243582739,0.847341061,0.00154936151,0.0020491418,0.00207612477,0.00104083377,0.00121143193,0.00303644757,0.00618652022,0.127814621
syn-0460,0,1,1,8,8,0.000234183084,0.000447563245,0.000289039453,0.000240179157,0.000236504187,0.000370725407,0.000620947685,0.000266414892,0.996107399,0.000680339115,0.000228224133,0.000278471824
syn-0465,0,1,1,7,7,0.000539460627,0.000584267662,0.00136659725,0.0008572035,0.000577999162,0.000551965903,0.000801573799,0.992307782,0.000381038641,0.000588539988,0.00104285614,0.000400727673
syn-0471,0,1,1,5,5,0.000386340165,0.000348670757,0.000390863192,0.000332948461,0.000397741562,0.99540168,0.000227174605,0.000556633982,0.000436573115,0.000487223122,0.000474750675,0.000559385226
syn-0481,0,1,1,9,9,0.000287862291,0.000487567915,0.000447468017,0.000434188551,0.000265517912,0.000574678474,0.000386244501,0.000585191534,0.000786440156,0.994695961,0.000511602033,0.000537266082
syn-0482,0,1,1,1,3,0.000893643766,0.00160904916,0.000698893447,0.989022434,0.000754300272,0.000526605174,0.00399257708,0.000322548673,0.000459522969,0.000480034971,0.000792241073,0.000448160747
syn-0486,0,1,1,1,1,0.000269251526,0.996046722,0.000278153631,0.000267978932,0.000445161073,0.000161451491,0.00038410147,0.000391088892,0.000541688816,0.000390039873,0.000220288028,0.000604055123
syn-0490,0,1,1,7,7,0.000338490965,0.000591948803,0.000546386524,0.00046280559,0.000449883606,0.000603200227,0.000412744208,0.994618177,0.000391558016,0.000734253961,0.000454388879,0.000396161369
syn-0009,0,1,2,8,8,0.000242113427,0.000583695597,0.000318223174,0.000201843723,0.000333438307,0.000602099637,0.00139460538,0.000257186912,0.99518311,0.000517703709,0.000142226156,0.000223749114
syn-0010,0,1,2,9,9,0.000242048249,0.000342705287,0.000353279436,0.000460569281,0.000349583599,0.000549495046,0.000371215283,0.000390940899,0.0014607996,0.994134605,0.000598651415,0.000746104633
syn-0022,0,1,2,10,11,0.000977373449,0.00929465611,0.000581565488,0.00113650248,0.0011232848,0.00142799085,0.00194818724,0.000483927608,0.000662552542,0.00231308094,0.0219308566,0.958120048
syn-0026,0,1,2,10,10,0.000278997846,0.000216306275,0.000443495053,0.000408384862,0.000262817601,0.000419727381,0.000440688425,0.000261966954,0.000128331929,0.000351680646,0.996421635,0.000365989836
syn-0038,0,1,2,5,5,0.000761946139,0.000382442318,0.000412038527,0.000682529004,0.000712557114,0.994712591,0.000324814115,0.000333706441,0.000477413152,0.000507346704,0.000446840189,0.000245765666
syn-0039,0,1,2,1,1,0.000536729291,0.995510757,0.000288730458,0.000282934023,0.000479648821,0.000650272355,0.000252310827,0.000489915023,0.000363950647,0.000328999682,0.000231402053,0.000584347988
syn-0048,0,1,2,11,11,0.000434930087,0.000891527976,0.000398690958,0.000350702816,0.000410045788,0.00034126133,0.000503925548,0.000374045077,0.000269514887,0.000870130549,0.000732059416,0.994423151
syn-0050,0,1,2,4,4,0.00102568511,0.0255215969,0.00107215019,0.00285576819,0.889045,0.00151744869,0.0670161396,0.00279884599,0.00389905344,0.00253701885,0.00104016718,0.00167111563
syn-0085,0,1,2,3,1,0.000446697348,0.994231999,0.000375428877,0.00131043117,0.000648603891,0.000250452111,0.000800335605,0.000394116825,0.000423818943,0.000381492922,0.000229845711,0.000506792043
syn-0094,0,1,2,1,1,0.000311380398,0.995376289,0.00034772791,0.000466109777,0.000498517882,0.000207526682,0.000604381436,0.000532471633,0.000420772238,0.000265787065,0.000271484227,0.000697557465
syn-0097,0,1,2,10,10,0.000326314534,0.000281529792,0.000437908137,0.000427480525,0.000210355603,0.000347964029,0.000510609301,0.000206955083,0.000115412593,0.000436181872,0.996258438,0.000440844189
syn-0103,0,1,2,11,11,0.00052968727,0.00110333378,0.000487477315,0.000339367252,0.000550867117,0.000424146652,0.000705857587,0.000288776733,0.00036281714,0.00180613028,0.00059266563,0.992808878
syn-0114,0,1,2,4,4,0.00267073303,0.0144921159,0.00204586377,0.238713697,0.64932555,0.00274128094,0.0758271441,0.00235838001,0.00430655805,0.00415389752,0.00188500946,0.00147978321
syn-0129,0,1,2,11,11,0.00039770169,0.00131767569,0.000454504217,0.000533192186,0.000533920946,0.000469113322,0.000891245785,0.000421494944,0.000559727603,0.0043104426,0.000512809725,0.989598155
syn-0137,0,1,2,8,8,0.000259484252,0.000608383445,0.00033334599,0.000236689579,0.000244915369,0.000489552389,0.000494892069,0.000255928695,0.996277094,0.000412596884,0.000155248621,0.000231855025
syn-0140,0,1,2,11,11,0.000547359989,0.000830360572,0.000545945833,0.000475885521,0.000402487116,0.0004505619,0.000395315321,0.000537976564,0.000417972566,0.00328731793,0.000513537845,0.991595268
syn-0141,0,1,2,2,2,0.00056366669,0.000456042093,0.994691312,0.000471344829,0.000333861448,0.000530407589,0.000408750493,0.000599701772,0.000473171851,0.000379952486,0.00067006459,0.000421715085
syn-0143,0,1,2,1,1,0.000468741811,0.995020628,0.000279472093,0.000287072937,0.000470347441,0.000239656161,0.000393108639,0.000435932714,0.00111840991,0.000307774084,0.000208519385,0.000770350336
syn-0144,0,1,2,9,9,0.000229303027,0.000301200576,0.000459646544,0.000485029188,0.00032838789,0.000495389104,0.000348514295,0.000490715378,0.000889430405,0.994631827,0.000523106661,0.00081742584
syn-0153,0,1,2,4,4,0.00426464481,0.00136785908,0.000625411165,0.000659980753,0.953578651,0.0345984437,0.000685235893,0.000800631358,0.0010632847,0.000819202396,0.000513011182,0.00102366728
syn-0154,0,1,2,1,1,0.000314307894,0.99606508,0.000320648134,0.000315174606,0.000467528473,0.000304508227,0.000257200823,0.000535841682,0.000396543124,0.000340953964,0.000216781584,0.000465448044
syn-0160,0,1,2,5,5,0.000348868431,0.000406782492,0.000554367318,0.000514704618,0.000239743284,0.995410919,0.000266377989,0.000390607107,0.000619908038,0.0004858748,0.000509578153,0.000252266706
syn-0163,0,1,2,4,4,0.000729399209,0.000595438527,0.000311050011,0.000386050437,0.994979918,0.000422198384,0.000490058213,0.000568233605,0.000537239073,0.00035967803,0.000258222281,0.000362507242
syn-0164,0,1,2,8,8,0.000671860005,0.000700971868,0.000405695668,0.000316769583,0.000504010473,0.000919144193,0.00182623591,0.000212773361,0.992537379,0.000861016568,0.000342656829,0.000701496669
syn-0165,0,1,2,8,8,0.000305677182,0.000778300164,0.000318753911,0.000218900954,0.000250035082,0.000536492036,0.000806763244,0.000210691302,0.995037377,0.000869267329,0.000423643913,0.000244097027
syn-0171,0,1,2,6,6,0.000167734499,0.000597810722,0.000262204238,0.000529995246,0.000430683867,0.000227373836,0.995722294,0.000302511296,0.000664519437,0.000310565287,0.000355004362,0.000429274776
syn-0172,0,1,2,10,10,0.000318488281,0.000234989551,0.000386840838,0.000428509142,0.000356323668,0.000334370707,0.00102147739,0.00019463936,0.000202595562,0.000376422715,0.99552834,0.000617031765
syn-0178,0,1,2,9,9,0.00166917697,0.00326629798,0.00168560864,0.00221171416,0.00294984691,0.00428965129,0.00359790842,0.00127925933,0.00213975715,0.599907637,0.0867571682,0.29024595
syn-0179,0,1,2,1,1,0.00039947484,0.995880842,0.000283575413,0.000273203128,0.000417040079,0.000222697869,0.000383577397,0.000381010381,0.000463728502,0.000333282951,0.000251170335,0.000710392662
syn-0183,0,1,2,4,5,0.00233249227,0.00108544051,0.000841999485,0.000813362014,0.0479275212,0.942133665,0.000585915695,0.000814331986,0.00137722667,0.000905633438,0.00057270861,0.000609720533
syn-0186,0,1,2,3,3,0.000459962845,0.000317431754,0.000535535277,0.99560982,0.0003796292,0.000277843093,0.000581843022,0.000395769166,0.000313327764,0.000323005166,0.000435648311,0.000370173482
syn-0188,0,1,2,10,10,0.000310973701,0.000346518937,0.0004248404,0.000493185304,0.000309371389,0.000364783482,0.00102842727,0.000172887158,0.00015508935,0.000334472541,0.995562434,0.000496997149
syn-0193,0,1,2,11,11,0.000473826862,0.000961246376,0.000429917302,0.000388540269,0.000402960839,0.000303443114,0.000418863929,0.000441820244,0.000362982944,0.000593575533,0.000578927516,0.994643867
syn-0197,0,1,2,11,11,0.000646394154,0.00141348282,0.00038383028,0.000382237369,0.000483018288,0.000466738391,0.000589217641,0.000389465597,0.000692969712,0.00106457225,0.000322102569,0.99316597
syn-0210,0,1,2,0,0,0.993674517,0.000502689101,0.000390862871,0.00036627677,0.00221770001,0.000605152862,0.000265295443,0.000562781119,0.000214256361,0.000224960153,0.00029906517,0.000676465046
syn-0218,0,1,2,8,8,0.000319383922,0.000391048758,0.00031173919,0.000223205585,0.000313868455,0.000541117857,0.000934067823,0.000235780855,0.995621622,0.000631800212,0.000269429176,0.000206933153
syn-0225,0,1,2,7,11,0.00420487346,0.00484462641,0.00486789597,0.00267781643,0.0080468012,0.0185111705,0.00892906822,0.285253376,0.0123906247,0.231374323,0.012167518,0.406731904
syn-0239,0,1,2,6,6,0.000173042412,0.000329771428,0.000350909773,0.000531330938,0.000445669866,0.000245188246,0.995666981,0.000423897436,0.000349142676,0.000291148899,0.000804014853,0.000388898217
syn-0240,0,1,2,6,4,0.00203959388,0.00240686489,0.00112540147,0.00228130748,0.775011122,0.00278030848,0.205963269,0.000681804842,0.00469971495,0.00106363709,0.000949932844,0.000997014227
syn-0242,0,1,2,0,0,0.995630324,0.000375075673,0.000438559073,0.000348932343,0.000989606022,0.000402600097,0.000205255303,0.000290410157,0.000358329678,0.000283709203,0.000294320082,0.000382867001
syn-0247,0,1,2,3,3,0.000366739754,0.00050364912,0.000515126041,0.994849384,0.000476323185,0.000330282433,0.00103656889,0.000399260229,0.000301811931,0.000325085857,0.000566007453,0.000329783506
syn-0261,0,1,2,5,5,0.000524188159,0.000225046228,0.000408572174,0.000314973615,0.000565295632,0.995693088,0.000429686625,0.00030721724,0.000538297172,0.000374706375,0.000372489914,0.000246427167
syn-0262,0,1,2,10,10,0.000210632672,0.00022416345,0.000433436187,0.000397636788,0.000295857259,0.000430887507,0.000740282354,0.000253981678,0.000119058444,0.000398656237,0.996017337,0.000478070753
syn-0263,0,1,2,0,0,0.995350718,0.000560872897,0.000497581146,0.000451216853,0.000813590712,0.000468610117,0.000187933838,0.000316632126,0.000322747364,0.000206639961,0.000350082031,0.000473361928
syn-0278,0,1,2,9,9,0.000177147158,0.000468394428,0.000377075281,0.000517914363,0.000334380282,0.000566223229,0.000400005345,0.000473010063,0.000699546887,0.994483173,0.000583103043,0.00092002895
syn-0280,0,1,2,0,0,0.995727599,0.000330903014,0.000478872535,0.000352079631,0.000881611544,0.000402894599,0.000192358493,0.00031731723,0.000248162978,0.000258332468,0.000373427843,0.000436441216
syn-0282,0,1,2,7,7,0.000721424818,0.000915676123,0.000729227904,0.000505135569,0.000537620916,0.00146324304,0.000860298227,0.991524875,0.000678507611,0.000880522071,0.000529688608,0.000653754047
syn-0288,0,1,2,9,9,0.000220305184,0.000383561914,0.000391388865,0.00044863316,0.000303875189,0.000572802208,0.000348177302,0.000503245392,0.000741645461,0.994885743,0.000640021986,0.000560613524
syn-0290,0,1,2,0,0,0.888103962,0.00105363969,0.0012185002,0.000879199943,0.101782106,0.00195877464,0.000941699021,0.000763431541,0.000980187324,0.000456150534,0.000563672802,0.00129866216
syn-0291,0,1,2,1,1,0.000295659847,0.996216476,0.00026940243,0.000284477341,0.000475734909,0.000243718721,0.000333044562,0.000415575894,0.000346306944,0.000333030155,0.000225594646,0.000560958986
syn-0293,0,1,2,0,0,0.992267728,0.000528689183,0.000495437649,0.000444202538,0.00310899829,0.000661891827,0.000233570448,0.000482830132,0.000891574658,0.000266024581,0.000228764548,0.000390291272
syn-0301,0,1,2,3,3,0.000521832088,0.00112853653,0.000597178761,0.985951364,0.00182038383,0.000928027439,0.00607123552,0.000315103069,0.000718987605,0.000416306313,0.00113025156,0.000400801451
syn-0322,0,1,2,2,2,0.000729904277,0.000466264784,0.994325161,0.000601125415,0.000459769421,0.000435998198,0.000453801389,0.000599839434,0.000429722422,0.00037641474,0.000583398505,0.00053860253
syn-0323,0,1,2,7,7,0.000417732226,0.000692352536,0.000866571383,0.000635863806,0.000608358765,0.00142064912,0.000345719396,0.99271971,0.000450600375,0.000812271261,0.000488910766,0.000541263609
syn-0329,0,1,2,8,8,0.000334313168,0.000469151943,0.000327011046,0.000214513246,0.000446589227,0.000435771683,0.000302857574,0.000462228694,0.995292366,0.0010318557,0.00025426707,0.000429045787
syn-0330,0,1,2,0,0,0.944024146,0.00109377305,0.00125912845,0.000775696535,0.00268250168,0.0456140898,0.000377114047,0.000789686746,0.000531944796,0.000958307704,0.00114015175,0.000753457192
syn-0334,0,1,2,6,6,0.00019331144,0.000305666093,0.000344290602,0.000549985794,0.000418757118,0.000257512205,0.995715678,0.000424270344,0.000355248863,0.000303069595,0.000669569592,0.000462662952
syn-0335,0,1,2,3,11,0.000498699606,0.00218131579,0.000449730607,0.00061234337,0.00051002705,0.000431780849,0.000514472486,0.000339240854,0.000399356417,0.00120964751,0.000440114905,0.992413282
syn-0349,0,1,2,5,5,0.000445851125,0.00024031417,0.000426911545,0.000241951901,0.00035265609,0.995968878,0.000205080156,0.000438247138,0.000460440089,0.000471324543,0.000379443576,0.000368917332
syn-0359,0,1,2,4,4,0.000717718911,0.000705020793,0.000363168423,0.000381829246,0.994431555,0.000454598601,0.000789055484,0.000404634193,0.000683565624,0.000402524311,0.000221451934,0.000444852922
syn-0367,0,1,2,4,4,0.000819624285,0.000536173,0.000295356062,0.000459949544,0.995198965,0.000549036253,0.000453835033,0.000388108514,0.000465669116,0.000305453985,0.000284973416,0.000242884358
syn-0384,0,1,2,1,1,0.000465931371,0.995824635,0.000281540822,0.000254143175,0.000433602749,0.000244679657,0.000396752876,0.000390304223,0.000532016798,0.000304304413,0.000199761169,0.000672353664
syn-0388,0,1,2,5,7,0.00203185691,0.000801823277,0.00133295788,0.00590100139,0.00161093636,0.00893155579,0.000813465973,0.974256516,0.00171595882,0.00126037875,0.000755036715,0.000588503259
syn-0393,0,1,2,2,2,0.000699689204,0.000496981665,0.994400561,0.000542184687,0.000395624869,0.000532313657,0.000418897282,0.000511740451,0.000449950254,0.00039109608,0.000706155144,0.000454805791
syn-0407,0,1,2,6,6,0.000341668987,0.00145802984,0.000533771527,0.00641134102,0.000814426981,0.000410115434,0.987568319,0.000488904712,0.000706015795,0.000349263253,0.000496607565,0.000421536039
syn-0409,0,1,2,10,10,0.000283107511,0.000454505673,0.000358798396,0.000381196209,0.000243119022,0.000431270601,0.000427895866,0.000180634379,0.000137686045,0.00100136618,0.995369792,0.000730611326
syn-0411,0,1,2,2,2,0.000514303159,0.000584235997,0.994247556,0.000512682775,0.000346092973,0.000582821493,0.00044093508,0.000628554029,0.000541558606,0.000503796793,0.000584658119,0.000512828468
syn-0414,0,1,2,5,4,0.000794952561,0.000640625658,0.000431910768,0.000590356067,0.987760663,0.00665205577,0.000675430289,0.000524683681,0.000723628327,0.000523102994,0.000375311967,0.000307281531
syn-0417,0,1,2,7,6,0.0106678586,0.00318341469,0.00543273659,0.00395390671,0.182489693,0.00388249662,0.65081197,0.0262270886,0.0806917325,0.00367256999,0.00321173575,0.0257747807
syn-0423,0,1,2,9,9,0.000196239154,0.000349228882,0.000461127551,0.000445999671,0.000345358858,0.000466773345,0.000297659804,0.000932649942,0.000631171511,0.994411051,0.00086024194,0.000602524029
syn-0431,0,1,2,3,3,0.000447725062,0.000269757264,0.000456732378,0.995674431,0.000431591325,0.000311041367,0.000527117867,0.000442318356,0.000300934335,0.000353839248,0.000459508243,0.000324993423
syn-0433,0,1,2,5,5,0.000473919499,0.000854741898,0.00084920635,0.000543703209,0.00126458565,0.98441577,0.0003706344,0.00854622014,0.000980044366,0.000873655954,0.000448717416,0.000378790719
syn-0436,0,1,2,6,6,0.000154136738,0.000519740628,0.000271873432,0.000512225495,0.000463135308,0.000251868216,0.995803177,0.000282184163,0.000595909834,0.000336257566,0.000340611412,0.000468858634
syn-0440,0,1,2,1,1,0.000747137237,0.99552989,0.000282245514,0.000266217248,0.000476154935,0.000299312378,0.000317088416,0.000423263176,0.000644814572,0.000293164514,0.000218457295,0.00050223904
syn-0450,0,1,2,10,10,0.000268491596,0.000214013882,0.000437026552,0.000353896612,0.000255240913,0.000407693442,0.000429901411,0.000325377332,0.000128449217,0.000364954758,0.99633199,0.000482993375
syn-0451,0,1,2,8,8,0.0006347046,0.000703692553,0.00045031897,0.000244611467,0.000431910477,0.00304132584,0.000731631473,0.0018296279,0.989818394,0.00135325396,0.000391110079,0.000369421032
syn-0458,0,1,2,6,6,0.000159439587,0.000324595399,0.000279855012,0.000510391372,0.000405585481,0.000274712802,0.995926678,0.000369903719,0.000358203455,0.000305631285,0.000664523861,0.000420472352
syn-0461,0,1,2,2,2,0.000580050109,0.000384030078,0.99464047,0.000465498772,0.000348471192,0.000542414491,0.000433980604,0.000602715474,0.00045108184,0.000372678362,0.000719456759,0.000459177827
syn-0463,0,1,2,11,11,0.000498726149,0.000697652111,0.000496695691,0.000409863511,0.000340264029,0.000308729999,0.000401443715,0.000632377458,0.000315056881,0.00063586625,0.000696720497,0.994566619
syn-0472,0,1,2,8,8,0.00025877601,0.000441670738,0.000327393092,0.000232671839,0.000240720925,0.000444995356,0.000468269282,0.000278057385,0.996439338,0.000459695962,0.000167923397,0.000240474241
syn-0476,0,1,2,7,7,0.00253149564,0.0033825417,0.00355550484,0.00185170013,0.00162621588,0.329491049,0.00120328518,0.643513799,0.00458489778,0.00532827573,0.00168526999,0.0012459486
syn-0478,0,1,2,2,2,0.000592309341,0.000399768876,0.994037211,0.000483200158,0.000367064233,0.000673729402,0.000489165366,0.000811148027,0.000429840264,0.000461399904,0.00079627923,0.000458856695
syn-0488,0,1,2,10,10,0.000249315868,0.000220095884,0.00041430461,0.000425244245,0.000275835715,0.000421065546,0.00114303455,0.000172391679,0.000167814083,0.000394854986,0.995619476,0.000496563793
syn-0492,0,1,2,6,6,0.000162700046,0.000408649794,0.000299040461,0.000456621259,0.000415912917,0.000231383965,0.996057332,0.000373201008,0.000391640293,0.000296163256,0.000476536865,0.000430813147
syn-0493,0,1,2,8,8,0.000251153309,0.000400745543,0.000325563567,0.000212387517,0.00028788374,0.000465798919,0.000444792764,0.000323622546,0.996343255,0.000581414264,0.000146975566,0.000216426095
syn-0002,0,1,3,1,1,0.000296198239,0.996392071,0.000303065812,0.000271077995,0.000436974369,0.000264351809,0.000337404548,0.000342347717,0.000335336284,0.000301799155,0.000244481751,0.000474912522
syn-0005,0,1,3,11,11,0.000498705194,0.000854448241,0.000409019558,0.000418802112,0.000316186663,0.000431579218,0.000387548149,0.000313038181,0.000325753732,0.00077374134,0.000700470351,0.994570732
syn-0025,0,1,3,8,8,0.000307311508,0.000436570379,0.000304084679,0.000219480629,0.000223731331,0.000364489388,0.000425855513,0.000389045221,0.996578634,0.000443906174,0.000127815641,0.00017904691
syn-0027,0,1,3,4,4,0.00146422954,0.000803052913,0.000290263823,0.000394765229,0.994314075,0.000375869568,0.000464291137,0.000437137031,0.000639509875,0.000317638158,0.000141575685,0.000357617711
syn-0033,0,1,3,5,5,0.000287240633,0.000299382722,0.000418250798,0.000329663919,0.000339976308,0.995666981,0.00037723768,0.000479723909,0.000767857535,0.000468568061,0.000295296981,0.000269807584
syn-0035,0,1,3,9,9,0.00111550651,0.00334166898,0.000797032262,0.00131221686,0.00451451819,0.0011916646,0.0025795158,0.000573197205,0.00276428461,0.913498759,0.00356996618,0.0647416636
syn-0040,0,1,3,4,4,0.000619898201,0.000559877139,0.000269567972,0.000461644115,0.995538354,0.00059917511,0.000398577715,0.000334939425,0.000291663193,0.000335167744,0.000336319412,0.000254814629
syn-0051,0,1,3,3,3,0.000493833271,0.000266600196,0.000465652382,0.994859993,0.00046089798,0.000419797318,0.000588311406,0.000446855673,0.000297646009,0.000846055977,0.000439231168,0.000415096991
syn-0054,0,1,3,5,5,0.000522750954,0.000160691634,0.00035770901,0.000365166372,0.000282742432,0.994840086,0.000278502586,0.00103748601,0.000633943884,0.000575697457,0.000626101741,0.000319120067
syn-0056,0,1,3,8,8,0.000236975553,0.000489552098,0.00032117893,0.000209296966,0.000224811462,0.000400693592,0.000444867124,0.000297623541,0.996505797,0.000425397418,0.000198142487,0.000245644449
syn-0058,0,1,3,9,9,0.000212343642,0.000282599241,0.000378066325,0.000408105698,0.000391273206,0.000649888068,0.000388870656,0.000567275449,0.00139301084,0.994318187,0.000665806816,0.000344569882
syn-0062,0,1,3,7,7,0.000666150707,0.000721875171,0.000749906874,0.000630716153,0.000522442046,0.000969030953,0.000511721359,0.993332267,0.000606377609,0.000542792783,0.00037143036,0.000375260628
syn-0064,0,1,3,6,6,0.000340934959,0.000438656076,0.00064889784,0.00130654627,0.00141825993,0.000764932076,0.96609807,0.000448216917,0.00103321217,0.000886636088,0.0256159008,0.000999710523
syn-0065,0,1,3,11,11,0.000484653574,0.000602856395,0.000400088175,0.000485137396,0.000305796304,0.000363630272,0.000485607161,0.000290067983,0.000313374592,0.000457417947,0.00105313456,0.994758248
syn-0067,0,1,3,5,5,0.000293617719,0.000286185503,0.000409503526,0.000306430913,0.000359038182,0.995759428,0.00038928751,0.000416900642,0.000736832328,0.000452128268,0.000342381129,0.000248293945
syn-0068,0,1,3,10,10,0.000270388817,0.000226826276,0.000318504724,0.000405391678,0.0003557296,0.000659241574,0.000603679044,0.000272666395,0.000273789803,0.00117061101,0.994940758,0.000502415583
syn-0080,0,1,3,3,3,0.000426103972,0.000296231156,0.000531924656,0.995531797,0.000413847883,0.000318412698,0.000689880748,0.000309270661,0.000318849954,0.000429080334,0.00039698722,0.000337626523
syn-0100,0,1,3,2,2,0.000642186438,0.000402255857,0.994957089,0.000446939172,0.00031032486,0.000488822348,0.000363867846,0.000600618019,0.000455209462,0.000350871327,0.000590109499,0.000391716749
syn-0112,0,1,3,4,4,0.00179600157,0.000482816598,0.000358842255,0.000399954442,0.993065834,0.000502034207,0.000572362507,0.000422540121,0.00150196184,0.00034795457,0.000161678006,0.000388047338
syn-0117,0,1,3,6,6,0.000929877104,0.00166413642,0.00130948517,0.00416176254,0.0103106042,0.00525040273,0.725287616,0.000412662979,0.00242452603,0.00264457171,0.243432403,0.00217197277
syn-0123,0,1,3,10,10,0.000289128104,0.000346095476,0.000426686805,0.000418720505,0.000242148657,0.000400064891,0.000413861795,0.000146452585,0.000178141097,0.000478920294,0.996222496,0.000437259034
syn-0124,0,1,3,6,6,0.000706336054,0.00204724376,0.000432235131,0.00468828296,0.00386099261,0.000930320413,0.983434618,0.000248492783,0.00150730263,0.000904779474,0.000956226198,0.000283183967
syn-0125,0,1,3,9,9,0.000212324201,0.000327638933,0.000415209593,0.000742445758,0.000535009953,0.00104692136,0.00114642328,0.000408708584,0.00109212555,0.990963101,0.00242646784,0.000683630467
syn-0135,0,1,3,0,0,0.9959535,0.000325525878,0.000594831945,0.000367602741,0.000503356743,0.000360630162,0.000219812166,0.000339819671,0.000335297227,0.000273141923,0.000338573474,0.000387935928
syn-0142,0,1,3,4,4,0.00151537813,0.000974456314,0.000588587602,0.00997137837,0.982454956,0.00103350077,0.000981885474,0.000483884243,0.000708808133,0.000575796585,0.000325074914,0.000386320142
syn-0145,0,1,3,2,3,0.00373217929,0.00276508974,0.149726555,0.823604047,0.00227828813,0.00420500198,0.00238229358,0.00224389951,0.00160537218,0.00330694229,0.0018917782,0.00225852733
syn-0149,0,1,3,8,8,0.000350346527,0.000610462972,0.000348077156,0.000206832367,0.000242942013,0.000410980661,0.000302876026,0.000225830066,0.996309459,0.000519294641,0.00019646583,0.000276449166
syn-0150,0,1,3,3,1,0.00242248923,0.600045502,0.00300232042,0.368853599,0.0044996026,0.00108041312,0.00875126384,0.00241228682,0.00239304779,0.0029812858,0.0012838922,0.0022742853
syn-0152,0,1,3,3,4,0.00212694937,0.00142890436,0.000791031984,0.0201604199,0.970178246,0.000740445277,0.000941843085,0.000914783217,0.00076020899,0.00101234671,0.000397740194,0.000547080883
syn-0159,0,1,3,11,11,0.000554996659,0.000516049797,0.000401362369,0.000425094535,0.000304511283,0.000364108331,0.000428875675,0.000301812746,0.000324523135,0.000561690482,0.00107333041,0.994743645
syn-0162,0,1,3,9,9,0.000191644314,0.000429875421,0.000376682554,0.000404325197,0.000304625195,0.000451252417,0.000349822483,0.000574107806,0.000763083168,0.995147228,0.000448080304,0.000559288077
syn-0168,0,1,3,1,1,0.000360650301,0.995887518,0.000357494486,0.000321097614,0.000449916988,0.00037533592,0.000235806132,0.000513750536,0.000460733223,0.000449991261,0.000290774478,0.000296934304
syn-0170,0,1,3,6,6,0.000231377169,0.000480083836,0.000368946086,0.000491126208,0.000644831976,0.000247811084,0.994053781,0.000226564953,0.00077455712,0.000821549213,0.000359782542,0.00129958952
syn-0174,0,1,3,10,10,0.000255768566,0.000317675702,0.000347192836,0.000317613129,0.000698393327,0.000412650203,0.000840689056,0.000178414339,0.00018796479,0.000433252309,0.995449722,0.000560646295
syn-0177,0,1,3,8,8,0.000216173299,0.000399150711,0.000292074692,0.00021079267,0.00022280174,0.00039231393,0.000604077941,0.000292040466,0.996477127,0.000520644477,0.00014922001,0.000223612005
syn-0182,0,1,3,6,6,0.000155028363,0.000275107624,0.000273054349,0.000400453311,0.000320265361,0.0002680053,0.99650979,0.000340095605,0.000459149305,0.000285106042,0.000347390247,0.000366554916
syn-0184,0,1,3,2,2,0.000540711626,0.000467768754,0.99500519,0.000482310075,0.000304152753,0.000472507032,0.00038686578,0.00060294685,0.000471072039,0.000351814495,0.00053892564,0.000375731266
syn-0190,0,1,3,3,3,0.000950436341,0.00470335223,0.000883343862,0.988455772,0.000740274379,0.000773325213,0.000761761155,0.000533144688,0.000453771325,0.00049071887,0.000471211795,0.00078289985
syn-0198,0,1,3,0,0,0.992285907,0.0017088562,0.000763171876,0.000891459174,0.00060956052,0.000959787925,0.000414940965,0.000393287861,0.000761942996,0.000433727284,0.000414851587,0.000362496619
syn-0201,0,1,3,0,0,0.995873749,0.000441369659,0.000549862918,0.000363812491,0.000593601319,0.000304333575,0.000236333901,0.000348863396,0.000384044775,0.000233162486,0.000332802592,0.000338045385
syn-0204,0,1,3,1,1,0.000621481857,0.995864391,0.000314160861,0.00027939197,0.000416911702,0.000302372937,0.000266405608,0.000488916819,0.000525123032,0.000283046364,0.000231437618,0.00040638246
syn-0205,0,1,3,2,2,0.000564177404,0.000459746952,0.995009482,0.000491443498,0.000305259397,0.000492298917,0.000387873995,0.000528023462,0.000482255971,0.000345605979,0.000566297618,0.000367533765
syn-0206,0,1,3,8,8,0.000348233531,0.000600646774,0.000305939204,0.000222955699,0.000352544826,0.000533128157,0.000452828535,0.000291100499,0.994007766,0.00114001113,0.000627356872,0.00111750083
syn-0215,0,1,3,10,10,0.0005898159,0.000496725901,0.000661026279,0.000745599973,0.000564412447,0.00138290168,0.000798809167,0.000339994614,0.00101948797,0.019226376,0.971421361,0.0027534836
syn-0221,0,1,3,11,11,0.00111154851,0.002456313,0.000566020841,0.00066778122,0.000453601562,0.000763491553,0.00110488839,0.000323010376,0.00408314308,0.000511765422,0.00113259803,0.986825824
syn-0228,0,1,3,6,6,0.00101243483,0.00073656044,0.000840884109,0.00475665787,0.0320045389,0.000797620683,0.956328511,0.00047753987,0.00118407665,0.000632701209,0.00041638111,0.000812088896
syn-0244,0,1,3,3,3,0.000568130286,0.000280517736,0.00042017395,0.995127618,0.000498188485,0.000631604402,0.000601770589,0.00028005871,0.000344979315,0.000361238053,0.000584829773,0.000300920219
syn-0251,0,1,3,10,10,0.000243508359,0.000219215712,0.000395167648,0.000418719574,0.000209292091,0.000421659381,0.000393562135,0.000184239485,0.000181418174,0.000632804935,0.996254146,0.00044626501
syn-0257,0,1,3,4,4,0.000705269282,0.000540900452,0.000280287146,0.000333842938,0.99525553,0.000771858438,0.000414639508,0.000496974564,0.000348604604,0.000322160893,0.000241139351,0.00028876646
syn-0258,0,1,3,3,3,0.000436216244,0.000296231359,0.000520084635,0.994274437,0.000525466225,0.00133230432,0.000783080293,0.000396025425,0.000296586339,0.000371855276,0.000448474311,0.000319239276
syn-0292,0,1,3,11,11,0.000558943022,0.000508278375,0.000374632014,0.000429825304,0.000329451315,0.000306897593,0.00046319465,0.000330805982,0.000305710069,0.000616411562,0.000750954612,0.99502492
syn-0300,0,1,3,10,10,0.000229032506,0.000244124298,0.000452750974,0.000384196232,0.000189206752,0.000353050273,0.00034131881,0.000296864659,0.000136599716,0.000389025634,0.996558547,0.000425276201
syn-0303,0,1,3,7,5,0.0158033799,0.0014245942,0.003774754,0.00183390663,0.00507386355,0.54926753,0.00504294224,0.406422615,0.0038677745,0.00330283586,0.00190613186,0.00227969978
syn-0306,0,1,3,5,5,0.00059149944,0.000208802972,0.000347466557,0.00029899599,0.000535537954,0.994566143,0.000489282247,0.000860714819,0.00103353756,0.000383048085,0.000511333114,0.00017361177
syn-0310,0,1,3,10,10,0.000300615386,0.000242026581,0.000388922082,0.000390546193,0.000246147654,0.000379545003,0.000231453538,0.000265999115,0.000155596412,0.000479292823,0.996311367,0.000608471339
syn-0312,0,1,3,11,11,0.000453805493,0.000777889509,0.000361081446,0.000478010596,0.00028819617,0.00030654337,0.000427887571,0.000436390488,0.00045942032,0.000513084582,0.000656614953,0.994841099
syn-0324,0,1,3,7,7,0.000470607716,0.00174442877,0.000812188024,0.000397443277,0.000395245792,0.000923482992,0.000599152583,0.987461209,0.00298951636,0.00209462177,0.00133641704,0.00077570451
syn-0327,0,1,3,1,1,0.000518409768,0.995762706,0.000267389318,0.00027368078,0.000462699885,0.00021268845,0.000312562013,0.000319978863,0.000800268084,0.000229321799,0.000247002405,0.000593303179
syn-0339,0,1,3,7,7,0.00051532808,0.000785013894,0.000947273336,0.000588777824,0.000581932138,0.000439978234,0.00102096994,0.992988586,0.000435680879,0.000646628905,0.000480981456,0.000568836636
syn-0340,0,1,3,9,9,0.000198924477,0.000376128941,0.000343674881,0.000467850477,0.000428237399,0.00047979079,0.000322068401,0.000424530066,0.000636291748,0.994898796,0.000663307437,0.000760399096
syn-0341,0,1,3,8,8,0.000350549934,0.000484578311,0.000319259707,0.000218120942,0.000228872144,0.000402103295,0.000382492784,0.000299861422,0.996429086,0.000580483407,0.000117427917,0.00018715515
syn-0351,0,1,3,11,11,0.000542622176,0.000609131239,0.000384774234,0.000420333818,0.000363003637,0.000308703922,0.000478488306,0.000369161193,0.000274146441,0.00057949539,0.000579638465,0.995090485
syn-0355,0,1,3,5,5,0.000761648989,0.000922823674,0.000664654828,0.000316265214,0.000363576459,0.992589772,0.00121202518,0.000585484377,0.000988359912,0.000406403909,0.000983172213,0.000205805205
syn-0360,0,1,3,0,0,0.995817304,0.000443020777,0.000531575643,0.000414393522,0.000725438411,0.000329887756,0.000202940631,0.000302606524,0.000292815559,0.00022126679,0.000362880935,0.000355891883
syn-0364,0,1,3,4,4,0.00124372623,0.000505192205,0.000441459822,0.000444153935,0.985973716,0.00467470102,0.00166755146,0.0003031503,0.000843669288,0.000881527492,0.00195844099,0.00106268539
syn-0375,0,1,3,8,8,0.000197978501,0.000663969899,0.000312519725,0.00017569687,0.000235526764,0.000371119881,0.000407523272,0.000315913494,0.996331275,0.000591652177,0.00021437199,0.000182448988
syn-0376,0,1,3,5,5,0.000267119874,0.000213235195,0.00040008963,0.00027770095,0.000261376263,0.995742321,0.000628706475,0.000447857019,0.000661411381,0.000412257679,0.000420938333,0.000266996009
syn-0385,0,1,3,5,4,0.00282436935,0.000942538434,0.000540787994,0.000572839403,0.968919814,0.0219862424,0.000475981942,0.00110599573,0.000825166819,0.00073611777,0.000396955089,0.000673171657
syn-0392,0,1,3,1,1,0.000272790785,0.996150374,0.000332895434,0.000328292866,0.000474600034,0.0002167895,0.000355006428,0.000351871218,0.000352740113,0.000378891651,0.000254790823,0.000530981342
syn-0405,0,1,3,8,8,0.000235380561,0.000519804889,0.000349532405,0.000219835551,0.000216091343,0.000435266062,0.000421542005,0.000253160542,0.996345878,0.000530606485,0.000194967506,0.000277924206
syn-0410,0,1,3,10,10,0.000285507209,0.000205167467,0.000387490232,0.000459770876,0.000157353075,0.000360949809,0.000389100489,0.000293353281,0.000230326928,0.000742320088,0.994829416,0.00165922602
syn-0418,0,1,3,0,0,0.995991826,0.000369442365,0.000495289278,0.000393845694,0.000569019176,0.000371928705,0.000221842958,0.000410092325,0.000294578291,0.000217090041,0.000299936568,0.000365119457
syn-0420,0,1,3,2,2,0.000579591491,0.000366896478,0.994856358,0.000463048375,0.000284575042,0.000528441858,0.000335014105,0.000787353143,0.000414165377,0.000397863158,0.00058162061,0.000405069179
syn-0422,0,1,3,1,1,0.000295147998,0.996200502,0.000340748258,0.000256583589,0.00043623391,0.000217109104,0.000372322684,0.000490478124,0.000347403664,0.000343686756,0.000224634423,0.000475155248
syn-0428,0,1,3,8,1,0.000656927063,0.994783103,0.000312512391,0.000312002958,0.00055843743,0.000249237899,0.000283036614,0.000344587868,0.0014277671,0.00024943758,0.000375678239,0.000447278377
syn-0429,0,1,3,2,2,0.00098665955,0.000795278756,0.989915431,0.000735679932,0.000379727688,0.000870105636,0.000579022104,0.00304492679,0.000835883373,0.000651092036,0.000808633456,0.000397552678
syn-0430,0,1,3,1,1,0.000652071612,0.993267596,0.000407508021,0.000687712512,0.000777634908,0.00181420567,0.000408009888,0.000394540024,0.000468570302,0.000414697366,0.00032542806,0.000382020313
syn-0435,0,1,3,10,10,0.000268949516,0.0002369016,0.000503142015,0.000408263702,0.000190282532,0.000377452729,0.000268078031,0.000303828972,0.000149065731,0.000397676224,0.996492743,0.000403635728
syn-0445,0,1,3,6,6,0.000274164369,0.000430955348,0.000282856839,0.000445049256,0.000358666875,0.000358407822,0.994558334,0.000326863228,0.0020844005,0.000292899291,0.000254745886,0.000332667434
syn-0447,0,1,3,7,7,0.000469582883,0.000551049074,0.000626733818,0.000490118167,0.000424719619,0.000666773354,0.000456110225,0.994125783,0.000484293996,0.000726827304,0.000419413584,0.000558604079
syn-0464,0,1,3,4,4,0.045769453,0.00108544668,0.000809769088,0.000833503669,0.947076797,0.000689529639,0.000469176943,0.000754242064,0.000637019519,0.000491570681,0.000375844596,0.00100766704
syn-0469,0,1,3,9,9,0.000236415668,0.000338858401,0.000406460575,0.000466310186,0.00036174769,0.000592681288,0.00033211158,0.000593252247,0.000740417512,0.995077014,0.000403441954,0.000451296248
syn-0474,0,1,3,0,0,0.995653629,0.000474565022,0.000543261238,0.000448560197,0.000624074077,0.000364720763,0.000232190912,0.000319185783,0.000281017856,0.000311631331,0.000313376542,0.000433790759
syn-0477,0,1,3,7,7,0.00521733286,0.00972308777,0.00231761532,0.00206905301,0.00469839107,0.00268131332,0.00136092922,0.961369097,0.00379577698,0.00142569933,0.00224494655,0.00309677096
syn-0485,0,1,3,10,10,0.000466719008,0.000360366394,0.000541537593,0.000424222526,0.000420930737,0.000566673058,0.00150094775,0.00023431766,0.00162127917,0.00115963514,0.992045462,0.000657884462
syn-0007,0,1,4,6,6,0.000472097396,0.000918971724,0.000298838073,0.000559433829,0.000884211564,0.000697324343,0.993818939,0.000265156006,0.00091811805,0.000356954872,0.000232170234,0.000577813364
syn-0014,0,1,4,0,0,0.995547414,0.000375931937,0.000557579973,0.000442276883,0.000640884333,0.000424976402,0.000239558169,0.000350124639,0.000332262745,0.000245050061,0.000428394618,0.000415533344
syn-0019,0,1,4,0,0,0.994146466,0.000554724073,0.000466901198,0.000882867724,0.0011691656,0.000292822835,0.000539049332,0.000456358946,0.000342383544,0.000473352731,0.000360890699,0.000314994133
syn-0023,0,1,4,1,1,0.000408261607,0.995455801,0.000265445648,0.000480860122,0.000755159301,0.00021105331,0.000481689698,0.00068334653,0.000442865246,0.000313476194,0.000156141716,0.000345915847
syn-0024,0,1,4,2,2,0.000643986277,0.000455392408,0.994135618,0.000754467619,0.000311367039,0.000484000193,0.000432771689,0.000586548354,0.00040235187,0.000465916237,0.000836493797,0.000491087267
syn-0029,0,1,4,2,2,0.00061390351,0.000382783677,0.994373024,0.000565734808,0.000367922767,0.000613509968,0.000366688677,0.000607710157,0.000463163102,0.000368305307,0.000832248537,0.000445029436
syn-0036,0,1,4,5,5,0.000655348995,0.00028691825,0.000367750588,0.000277779443,0.000808439741,0.995024979,0.000452365493,0.000184818593,0.000542990689,0.000486040779,0.000656928809,0.000255611434
syn-0043,0,1,4,9,9,0.000217199675,0.000283716217,0.000452271517,0.000398872216,0.000323962682,0.000589616771,0.000502540963,0.000891049567,0.000771340507,0.99408555,0.000962072634,0.000521809852
syn-0061,0,1,4,4,4,0.000619119906,0.000725073274,0.000314937817,0.000478630653,0.994615018,0.000560667482,0.00061806303,0.000437417795,0.000481551164,0.000400139543,0.000265909213,0.000483496609
syn-0074,0,1,4,5,5,0.00452503283,0.00372639322,0.000738375704,0.000720829645,0.000481474155,0.983341038,0.00154808955,0.000886867289,0.00182782765,0.00113183178,0.000622231921,0.000450031075
syn-0075,0,1,4,7,7,0.00212220219,0.00140777521,0.00107364415,0.000520815549,0.00218079402,0.00179189502,0.000956274162,0.984372914,0.00159329525,0.001427382,0.000854767859,0.00169821526
syn-0082,0,1,4,1,1,0.000266156247,0.993369102,0.000291315431,0.000360787992,0.000376129465,0.000425279723,0.00238179485,0.000556298415,0.000601800682,0.000393495924,0.000383667299,0.00059417478
syn-0083,0,1,4,0,0,0.994770944,0.000358598423,0.000559612527,0.00047709659,0.000650459377,0.00110011059,0.000293776829,0.000318187725,0.000463575649,0.000257768581,0.000442775898,0.00030710196
syn-0095,0,1,4,11,11,0.000356735516,0.000657469616,0.000427639578,0.000428841158,0.000337851467,0.000342471118,0.000665488304,0.000443664205,0.000313247641,0.000643328996,0.000816542655,0.994566739
syn-0102,0,1,4,1,1,0.000459743867,0.995394886,0.00030133588,0.00029206468,0.000713401532,0.00017985703,0.000425691571,0.000517863198,0.000901957217,0.000285333663,0.000180965915,0.000346899003
syn-0105,0,1,4,4,4,0.00134509045,0.000606637914,0.000281707413,0.000451372849,0.99459362,0.000614526623,0.000419554912,0.000391551701,0.00033931277,0.000336040248,0.000326427427,0.000294163794
syn-0106,0,1,4,10,10,0.000323882763,0.000333989941,0.00047086968,0.000581214787,0.000224311414,0.000371630565,0.00063651643,0.000266531104,0.00018790488,0.000448663515,0.995807052,0.000347437453
syn-0107,0,1,4,10,10,0.00031456392,0.000306259957,0.000529249955,0.000458268158,0.000269900687,0.000423730671,0.000880712236,0.000216035987,0.000181100011,0.000435424037,0.995648503,0.000336237281
syn-0108,0,1,4,8,8,0.000273231155,0.000722210272,0.000430764165,0.000218139714,0.000313755125,0.000441887445,0.000391536101,0.000257230771,0.995559335,0.000498401583,0.000465742167,0.000427749299
syn-0113,0,1,4,11,11,0.00067743042,0.00162543484,0.000579032814,0.000458222377,0.000407548272,0.00035725694,0.000493412081,0.000263609516,0.00116630481,0.000805323652,0.000435928319,0.992730498
syn-0119,0,1,4,6,6,0.000204364653,0.000309634866,0.000286005408,0.000559840817,0.000412128749,0.000381543447,0.995668113,0.000306545728,0.000394204806,0.000379095873,0.000695293944,0.000403208716
syn-0122,0,1,4,3,3,0.000444565725,0.00030395537,0.00053043518,0.99531424,0.000433642097,0.000313738099,0.000592004333,0.00048694195,0.000314992853,0.000394000119,0.000503666757,0.000367808621
syn-0127,0,1,4,11,11,0.000538102351,0.00138904899,0.00041412178,0.000632529613,0.000557149819,0.000315842219,0.00205999892,0.00024741824,0.00113641028,0.000581817178,0.000856337603,0.991271198
syn-0136,0,1,4,6,6,0.000219605354,0.000933638075,0.000257210573,0.000550166355,0.000727389532,0.000377075397,0.995019138,0.000191945073,0.000564565067,0.000425988081,0.000320245104,0.000413006783
syn-0138,0,1,4,4,4,0.000640068727,0.000671307556,0.000302586792,0.000531835132,0.994009256,0.000603143359,0.00105209474,0.000470099185,0.000338146288,0.000391733047,0.00055311952,0.000436635106
syn-0156,0,1,4,6,6,0.000180826057,0.000521087088,0.000293707883,0.000592427969,0.000555399514,0.000333762378,0.995731652,0.000449162733,0.000477214431,0.000250128942,0.000317040074,0.000297569379
syn-0161,0,1,4,2,2,0.000566321251,0.000371060421,0.994690061,0.000490599545,0.00033199825,0.000544335518,0.000389739638,0.000668509747,0.000464029086,0.000367374625,0.000695315481,0.000420626049
syn-0176,0,1,4,10,10,0.000538996421,0.000724451034,0.000737051887,0.000784379663,0.00135534862,0.00157363794,0.016792357,0.000324480905,0.000504261814,0.00151186984,0.974558949,0.00059418485
syn-0185,0,1,4,7,7,0.0100350911,0.00768314581,0.18536526,0.00828132406,0.00697196741,0.00647134287,0.0128597245,0.608029008,0.00871202163,0.125051886,0.00638574408,0.0141534815
syn-0189,0,1,4,10,10,0.00342160161,0.0710726082,0.00234553753,0.00277243019,0.00344804465,0.00357545307,0.0103302868,0.000554199098,0.0171174109,0.00584301725,0.870184302,0.00933511928
syn-0192,0,1,4,5,5,0.000305124675,0.000440213567,0.000440154283,0.000308139017,0.000216080472,0.995317936,0.000553236518,0.000471383799,0.000578079547,0.000466847501,0.000566347211,0.000336449593
syn-0194,0,1,4,1,1,0.000525194686,0.992693663,0.000393650756,0.000359592523,0.000776508648,0.000197310335,0.000602472341,0.000633553544,0.00276582269,0.000335167162,0.000222351024,0.000494733511
syn-0195,0,1,4,4,4,0.000880710431,0.00070543465,0.000450277701,0.000707404164,0.986290634,0.00765904132,0.000729717431,0.00040724664,0.000781267998,0.000543655769,0.000438666815,0.000405923609
syn-0200,0,1,4,5,5,0.00137188623,0.00662096776,0.000855761697,0.00105667405,0.000623657135,0.977474689,0.00261552166,0.00570604065,0.00130115438,0.00105480163,0.00074669614,0.000572159828
syn-0203,0,1,4,8,8,0.000206726705,0.000388443703,0.000346270303,0.000238873166,0.000252450584,0.000370217342,0.000555187289,0.000293980498,0.99617517,0.000716090202,0.000180035466,0.00027652568
syn-0207,0,1,4,0,0,0.994310975,0.00031163526,0.000569526048,0.00047295852,0.000821766153,0.00142138696,0.000282935915,0.000303956971,0.000273986952,0.000286714348,0.000542070251,0.000402071746
syn-0208,0,1,4,8,8,0.000286424387,0.000458312745,0.000331489166,0.000218709742,0.000267221854,0.000425766892,0.000379597361,0.000252398168,0.996435404,0.000528683944,0.000171873675,0.000244134353
syn-0209,0,1,4,7,7,0.00356796687,0.00519643398,0.00355624571,0.00155820826,0.00367644709,0.0517145991,0.00346723595,0.917569935,0.00375710777,0.00176740566,0.00201027561,0.00215812167
syn-0211,0,1,4,0,0,0.995222032,0.00030187337,0.00063189771,0.000488100195,0.000774766842,0.000410156586,0.00028394541,0.000372624228,0.00024509005,0.000338478509,0.00050705421,0.000423998717
syn-0217,0,1,4,6,6,0.000248963392,0.000354728778,0.00033384774,0.000656440621,0.000570980832,0.000245487521,0.995829284,0.000382128434,0.000453056709,0.000270714692,0.000297576044,0.000356813747
syn-0219,0,1,4,0,0,0.995667756,0.000343368971,0.000492350489,0.000411337649,0.00069082214,0.000387952023,0.000248644239,0.000398635544,0.000272668287,0.000242046532,0.00041997782,0.000424437545
syn-0224,0,1,4,8,8,0.00102498056,0.000651481736,0.000399947137,0.000241289687,0.000303551555,0.000981663121,0.000621695537,0.000345676031,0.994250953,0.000567099894,0.000288491574,0.000323170738
syn-0226,0,1,4,6,6,0.000168464438,0.000430004176,0.000289608404,0.000570415927,0.000367744156,0.000280619599,0.996097028,0.000280893757,0.000437584502,0.000299295847,0.000386985514,0.000391374226
syn-0229,0,1,4,7,7,0.00168393087,0.00101682439,0.00128601177,0.000916257326,0.000681033183,0.00290028867,0.000560410204,0.986798346,0.000832482416,0.00130876177,0.00127703836,0.0007385934
syn-0234,0,1,4,4,6,0.000747618673,0.00108937209,0.000744590943,0.0260763112,0.0180166662,0.000722995203,0.947866976,0.000649727124,0.00185447116,0.000952331,0.000757923932,0.000521032256
syn-0243,0,1,4,10,10,0.000282043184,0.000484526361,0.000389802037,0.000465086516,0.000184192701,0.000427598658,0.000815544452,0.000192771317,0.000234577412,0.00041370184,0.995423675,0.00068645284
syn-0250,0,1,4,11,11,0.000431347114,0.000518693763,0.000444938632,0.000441008742,0.00031327235,0.000339388091,0.000393469905,0.000385040621,0.000389788911,0.0011756696,0.000716940442,0.99445045
syn-0253,0,1,4,3,3,0.00039875778,0.000297632854,0.000490333536,0.995376766,0.000448320294,0.000322816602,0.000754562614,0.000450245367,0.000282364897,0.000294305559,0.000493694504,0.000390208093
syn-0255,0,1,4,2,2,0.000609486713,0.000374837313,0.994665205,0.000477360707,0.000323488435,0.000604265719,0.000338243059,0.000650058093,0.000460223207,0.000358442252,0.000707676634,0.000430683285
syn-0259,0,1,4,4,4,0.000776587753,0.000630464929,0.000308264018,0.000627104891,0.994059503,0.000817633991,0.00101291738,0.000347798428,0.000391249865,0.000340292376,0.000386626867,0.000301562482
syn-0260,0,1,4,11,11,0.00171654858,0.011587345,0.00111390743,0.00175406807,0.00252917199,0.0019247093,0.0540142581,0.00158489647,0.00125311944,0.00417408254,0.00466336915,0.913684547
syn-0265,0,1,4,3,3,0.000553664111,0.000274900231,0.000491253857,0.995037794,0.000519174384,0.000481089723,0.000699123193,0.000322504406,0.000285443617,0.000335242163,0.000589807169,0.000409984292
syn-0269,0,1,4,10,10,0.000818114262,0.00127535465,0.00106656912,0.000879051804,0.000631858013,0.00128129986,0.0346582942,0.000579020532,0.000589567178,0.00150640635,0.954938531,0.0017759233
syn-0285,0,1,4,11,11,0.00053140521,0.000789493904,0.000461660296,0.000421441626,0.000334368116,0.000341206091,0.000836498162,0.000272848003,0.00106136897,0.000897650607,0.000568438263,0.993483603
syn-0286,0,1,4,8,8,0.000283277157,0.000446448103,0.000355300581,0.000256259926,0.000216781118,0.000428558211,0.000938834448,0.000248188066,0.995891571,0.000556510116,0.000152171226,0.000226090298
syn-0289,0,1,4,8,8,0.216434315,0.0782498419,0.00608311919,0.00356181944,0.0103921387,0.150949582,0.00841776654,0.0329873152,0.482748926,0.002887337,0.000725696445,0.00656214124
syn-0299,0,1,4,1,1,0.000352203584,0.996016443,0.000296324288,0.000321368338,0.00045396536,0.000334052776,0.000319507759,0.000630898518,0.000342404412,0.00034506878,0.000174413493,0.000413324131
syn-0305,0,1,4,1,1,0.00026585508,0.995524406,0.000345964072,0.000395558192,0.00052283,0.000231583006,0.000848242838,0.000396526681,0.000552126672,0.000328195951,0.000247892225,0.00034079008
syn-0307,0,1,4,3,3,0.00055020093,0.000356660341,0.000452523032,0.995075226,0.000498739304,0.00026443947,0.000757095055,0.00045178007,0.000356886158,0.000406825566,0.000444205623,0.000385392981
syn-0321,0,1,4,9,9,0.000193472777,0.000251815247,0.0004453937,0.000601547887,0.000342722225,0.000556855986,0.000663831655,0.000485762139,0.000869635842,0.994248927,0.000763268268,0.000576773193
syn-0326,0,1,4,1,1,0.000415399176,0.995161891,0.000284602953,0.00028411852,0.000691056717,0.000174879795,0.000558451575,0.000591870805,0.000680254656,0.000454419875,0.000190570427,0.00051250041
syn-0333,0,1,4,5,5,0.00506357243,0.00041619179,0.000525736716,0.000435669615,0.00613657385,0.9827649,0.000797986577,0.000236498541,0.0020737669,0.000591529591,0.000638327852,0.000319268205
syn-0338,0,1,4,8,8,0.00034710727,0.000538909168,0.00031914073,0.000212890489,0.000230852791,0.000376553857,0.000502183393,0.000364892039,0.995710313,0.000924402557,0.000147713523,0.00032505134
syn-0350,0,1,4,2,2,0.00068329199,0.000371436501,0.994476497,0.000611585332,0.000358228281,0.00056836661,0.0003731873,0.000661372906,0.000476139801,0.000322430686,0.000693758833,0.000403689046
syn-0352,0,1,4,8,8,0.000229919053,0.000414609036,0.000391783076,0.000249876815,0.00023993224,0.000461514632,0.000373783201,0.000371119939,0.996335626,0.000466248574,0.00015542336,0.000310191099
syn-0353,0,1,4,7,7,0.00160657091,0.00331297982,0.0017895936,0.0019677307,0.00308109005,0.0532412939,0.00169934344,0.916045308,0.00283069187,0.00885838363,0.00164332124,0.0039236797
syn-0363,0,1,4,9,9,0.00135583442,0.00199184427,0.000863225316,0.00285925227,0.000512965256,0.00127984129,0.00412646728,0.000805107527,0.00506024575,0.973195732,0.00156928983,0.00638019945
syn-0368,0,1,4,9,9,0.000240633031,0.00043846888,0.000394288771,0.000426564889,0.00038203274,0.000495971297,0.000482599862,0.000446799386,0.000967932516,0.993729293,0.000718779571,0.00127662404
syn-0377,0,1,4,5,5,0.000638767844,0.000582309091,0.000653013005,0.000777311623,0.000392769172,0.990458667,0.000551962468,0.00324842846,0.000800218491,0.000764861063,0.000591948978,0.000539751491
syn-0378,0,1,4,2,2,0.000576272781,0.000425032078,0.994412482,0.000523574185,0.000324391614,0.000634755532,0.000341329229,0.000609043462,0.000447184604,0.000395763112,0.000911477371,0.000398719392
syn-0379,0,1,4,3,3,0.000654148054,0.000395843235,0.000578445906,0.992982745,0.00132596481,0.000354920892,0.00130540377,0.00035998298,0.000315556565,0.000477110909,0.000928410678,0.000321486179
syn-0386,0,1,4,10,10,0.000211939012,0.000313456694,0.000506547862,0.000424397498,0.000198811395,0.000470875064,0.000815987587,0.000282394642,0.00019372713,0.000491978368,0.994288385,0.00180148147
syn-0391,0,1,4,0,0,0.995392084,0.000634811469,0.000523769704,0.000422639336,0.000555865059,0.000449407642,0.000226698743,0.000338581303,0.000457129529,0.000252962956,0.000401277823,0.000344746775
syn-0399,0,1,4,8,8,0.000202065799,0.000367958564,0.000326882408,0.000204404409,0.00024891831,0.000443456345,0.000421350182,0.000329383533,0.99645251,0.000516038272,0.000188455073,0.000298586267
syn-0402,0,1,4,1,1,0.000472784595,0.995512903,0.000263850729,0.000352879928,0.000741047261,0.000216562941,0.000405602332,0.000493941596,0.000363793486,0.000324859895,0.000342300686,0.000509469653
syn-0403,0,1,4,9,9,0.000514773128,0.000584578607,0.000526420365,0.000323526125,0.000553504389,0.000617328449,0.000450618129,0.000574094593,0.0022086862,0.992580056,0.000535808329,0.000530623016
syn-0408,0,1,4,4,4,0.0037010496,0.000552117475,0.00043427333,0.000678388344,0.991240621,0.00064595358,0.000909223454,0.000315460813,0.00061706698,0.00038527383,0.000195123808,0.000325420115
syn-0413,0,1,4,9,9,0.000250203419,0.000417377712,0.000412410038,0.000303423614,0.000292060169,0.0007435304,0.000377426739,0.000709244632,0.000732896093,0.993806303,0.00087787793,0.00107723288
syn-0432,0,1,4,6,6,0.000223789451,0.000517585839,0.000350427814,0.00188689574,0.000438955089,0.000318898994,0.994464338,0.000349327689,0.000475303008,0.000251482154,0.000387526816,0.00033546114
syn-0437,0,1,4,3,3,0.000476321584,0.000355276046,0.000479042734,0.993929803,0.000796853215,0.000576734194,0.00127901998,0.00033625224,0.000360670412,0.000348296075,0.000749966945,0.000311781652
syn-0468,0,1,4,6,6,0.000216598142,0.00037914209,0.000272623263,0.000544623297,0.000476228335,0.000316753983,0.995960414,0.000393094524,0.000485149474,0.000331481133,0.000326580572,0.00029732968
syn-0473,0,1,4,10,10,0.000310349598,0.000411108165,0.000440697855,0.000410789915,0.000414725946,0.000439710333,0.00110185484,0.000178109214,0.000171700711,0.00047528086,0.995046735,0.000598958868
syn-0484,0,1,4,3,3,0.000423735182,0.000331372285,0.000476849382,0.995474875,0.000388287444,0.00031072952,0.000679248362,0.000435014314,0.000284012,0.000317239115,0.000519245572,0.000359415193
syn-0491,0,1,4,10,10,0.00033819169,0.000276436796,0.000452487613,0.000401708938,0.00024486403,0.000463184464,0.000496807508,0.000252407684,0.000181802112,0.0004696018,0.996049941,0.000372565642
syn-0499,0,1,4,11,11,0.000464134268,0.00061082741,0.000438187213,0.000399584358,0.00033719145,0.000344062108,0.000509548932,0.000347040943,0.000429357082,0.00147365918,0.000594325364,0.994052052
syn-0003,0,2,0,2,2,0.000743395765,0.000334938348,0.995039999,0.000542685972,0.000423148333,0.000415726652,0.000314441248,0.00060845277,0.000389575434,0.000303726003,0.000363073224,0.000520821894
syn-0004,0,2,0,10,10,0.000473645021,0.000375056145,0.000347482768,0.000414203154,0.000226637276,0.000263312249,0.00035265609,0.000329370465,0.000516122149,0.000835379469,0.995404541,0.000461588264
syn-0006,0,2,0,7,10,0.00528255617,0.026992986,0.00648346636,0.00219291751,0.00111984147,0.00402472075,0.00229601841,0.363480031,0.0151267415,0.048015371,0.515681446,0.00930390507
syn-0008,0,2,0,8,8,0.000342606159,0.000252462924,0.000258244836,0.000122654208,0.000231337079,0.000490801584,0.000417437725,0.000535466301,0.996438026,0.000358676771,0.000297210412,0.000255079154
syn-0011,0,2,0,10,10,0.000663319486,0.00116641319,0.000478812202,0.000442065211,0.000215113701,0.00044344549,0.000314766803,0.00051973213,0.000614481978,0.00232409732,0.992150962,0.000666794134
syn-0015,0,2,0,6,6,0.000274439924,0.000904141867,0.000259663531,0.000464500772,0.000441279059,0.00050163886,0.995184064,0.000266118994,0.000554087339,0.000291028089,0.000518896792,0.000340157014
syn-0016,0,2,0,9,9,0.00048331212,0.000679934863,0.000248866272,0.000705209619,0.000282020977,0.000335574237,0.000409204047,0.00033452487,0.000592932978,0.993028879,0.00209177821,0.000807766977
syn-0017,0,2,0,3,3,0.00028598943,0.000267254334,0.000817300985,0.994964957,0.000573214376,0.000503607327,0.000606642396,0.000364156091,0.000152939261,0.000765226549,0.000381862774,0.000316828315
syn-0020,0,2,0,6,6,0.000251461606,0.000445843994,0.000268755655,0.000532158883,0.000433556852,0.000559634645,0.995461524,0.000328865106,0.000469783467,0.000289393123,0.000623117958,0.00033591644
syn-0034,0,2,0,0,0,0.994717896,0.000279606582,0.000603274908,0.000407837157,0.000761372037,0.000295090518,0.000522425282,0.000440222997,0.000470108556,0.000351160095,0.000749288534,0.000401731202
syn-0044,0,2,0,2,2,0.000637772726,0.000319216779,0.995061874,0.000597898499,0.000381829683,0.000354166259,0.000338752521,0.000720027601,0.000357661833,0.000319194747,0.000431101362,0.000480519608
syn-0049,0,2,0,8,8,0.000341422478,0.000279100612,0.000234568754,0.000120103141,0.000207707519,0.000476881483,0.000333355623,0.000446724385,0.996624708,0.000401481404,0.00031223931,0.000221728696
syn-0052,0,2,0,4,4,0.007899235,0.000598077313,0.000406703446,0.000525585783,0.985390127,0.00161107036,0.000371128001,0.00104006531,0.000436324568,0.000468560262,0.000568990887,0.000684143626
syn-0053,0,2,0,10,10,0.000451488013,0.000474500208,0.000309371448,0.000342485058,0.000468899059,0.00022438333,0.000424366444,0.00030164991,0.000274551247,0.00034571538,0.995940149,0.000442434568
syn-0055,0,2,0,3,3,0.000310058007,0.000310769945,0.000779887429,0.994949758,0.000600670697,0.000481853116,0.000586162845,0.000299949228,0.000169242601,0.000778843823,0.000420463941,0.000312343589
syn-0063,0,2,0,1,1,0.000306571717,0.995681942,0.000318620994,0.000260471919,0.000249269244,0.000396141462,0.000692315749,0.000363235129,0.000348248461,0.000477953814,0.000411836692,0.000493372208
syn-0069,0,2,0,11,11,0.000827147858,0.0538527556,0.0010844057,0.000811550475,0.00180859165,0.00100319274,0.000999814016,0.000612162868,0.000791303231,0.00158504129,0.00342422212,0.933199823
syn-0072,0,2,0,0,0,0.995261371,0.000321210333,0.000641094754,0.000357818179,0.000556022569,0.000346444926,0.00031912906,0.000404887396,0.000537400309,0.000467118167,0.000470332801,0.000317140686
syn-0073,0,2,0,11,11,0.000348595262,0.00156148535,0.000424494239,0.000381899386,0.000580606633,0.000491238723,0.000414166163,0.000393038208,0.000306285277,0.000391742738,0.000582050241,0.994124413
syn-0077,0,2,0,2,2,0.000649655878,0.000355789351,0.995023668,0.000671197195,0.000384544634,0.000369481102,0.000410567154,0.000626633002,0.000380995072,0.000276972336,0.000357464654,0.000493036583
syn-0081,0,2,0,10,10,0.000758837094,0.00114651618,0.00033798907,0.000417559553,0.00034837937,0.000353517535,0.000419865974,0.000149421918,0.000922666222,0.00128985778,0.992508709,0.00134667777
syn-0084,0,2,0,5,5,0.000404689577,0.000585225585,0.000361868297,0.000662799284,0.000589270669,0.994610369,0.000409778353,0.000661254569,0.000537667773,0.000361149752,0.000386518834,0.00042941331
syn-0090,0,2,0,5,5,0.00277648401,0.00046605902,0.000350680813,0.000525432522,0.00244457554,0.98748523,0.000996807241,0.00213466282,0.00125041825,0.000388293702,0.000407393818,0.000773987093
syn-0093,0,2,0,5,5,0.000361853075,0.00166837941,0.000332589145,0.000537994027,0.000865061651,0.988624096,0.00473816087,0.000439533644,0.000792703999,0.000309811963,0.00056539441,0.000764447963
syn-0098,0,2,0,10,10,0.000504207856,0.000617713085,0.000292935554,0.000390407105,0.000338465004,0.000224347808,0.000213844323,0.000387603795,0.000389575085,0.000332353258,0.995737016,0.000571526354
syn-0101,0,2,0,3,3,0.000303709676,0.000322906883,0.000789568527,0.99509865,0.000708710169,0.000452812907,0.000519727822,0.000322973065,0.000160956595,0.000605269335,0.000371161354,0.000343576568
syn-0109,0,2,0,3,3,0.000415315299,0.000352080446,0.00073768117,0.991508543,0.000765181263,0.000429038191,0.000640169659,0.000368608802,0.000196145833,0.00356415519,0.000634479627,0.000388591056
syn-0120,0,2,0,3,3,0.000306064321,0.000294680445,0.00067748694,0.994753599,0.000681298261,0.000358380115,0.000576953171,0.00036865045,0.000182848278,0.000943759864,0.000548883108,0.00030737411
syn-0121,0,2,0,9,9,0.000418815296,0.00107167626,0.000315870799,0.000674167532,0.000264364498,0.000299820909,0.000314966397,0.000389058841,0.00049615727,0.994606853,0.000343131804,0.000805122661
syn-0139,0,2,0,1,1,0.000293344521,0.995757103,0.00027914549,0.000293314457,0.000319200102,0.000365515414,0.000531608239,0.000395708863,0.000404095859,0.000522238843,0.000417423958,0.00042128432
syn-0148,0,2,0,7,7,0.00269820378,0.00215858081,0.00277753011,0.00252488046,0.00539444713,0.0142725445,0.0018579223,0.878302574,0.0336274132,0.00339614577,0.0435765795,0.00941316225
syn-0155,0,2,0,4,4,0.00060199725,0.000371789443,0.000388579268,0.000417033822,0.994938552,0.000515511725,0.000466653262,0.000604519562,0.000543191913,0.000276564824,0.000405205792,0.000470391416
syn-0158,0,2,0,1,1,0.000301465683,0.995645165,0.000279098604,0.000268709118,0.000252398924,0.00034388146,0.000731548353,0.000373205025,0.00039399066,0.000441221287,0.000452901091,0.000516416563
syn-0166,0,2,0,5,5,0.00138693606,0.000662004226,0.000336461118,0.000470862258,0.00122498942,0.992865503,0.000598011247,0.000479711831,0.00066404033,0.000330493378,0.00042684318,0.000554125058
syn-0169,0,2,0,4,4,0.00104655558,0.000315155252,0.000321760803,0.000510983285,0.995113015,0.000504561875,0.000338565413,0.000547454285,0.000248656434,0.00032775107,0.000296105136,0.000429444161
syn-0173,0,2,0,8,8,0.000365115731,0.000342351472,0.000203545642,0.000118545773,0.000219361435,0.000464018027,0.000877126644,0.000338229671,0.996225893,0.000367654196,0.000280732027,0.000197450441
syn-0175,0,2,0,11,11,0.000887094298,0.00331051229,0.00100277248,0.000852377212,0.000866388902,0.0011404109,0.00067235966,0.000580750639,0.000778601971,0.00114608044,0.0353951678,0.953367472
syn-0196,0,2,0,4,4,0.00178874435,0.000331364485,0.000388646324,0.000530805788,0.99420315,0.000395818555,0.000340605679,0.000587435381,0.000332970551,0.000336091412,0.000347711757,0.00041666333
syn-0223,0,2,0,6,10,0.00222906098,0.00345132384,0.000869582407,0.00154545298,0.00133214577,0.00265959348,0.0349613614,0.000573885918,0.0541777536,0.00179013249,0.895101309,0.00130838179
syn-0230,0,2,0,9,9,0.000482455245,0.000690334302,0.000277144543,0.00047174393,0.000226710603,0.000303299807,0.00033021954,0.000646083616,0.000572439225,0.99473238,0.000612346572,0.000654834847
syn-0233,0,2,0,8,8,0.000340547325,0.000356634439,0.000220447269,0.000123088423,0.000206298748,0.000415994611,0.000445309677,0.000261973735,0.996352851,0.000333026604,0.000676539727,0.000267285708
syn-0241,0,2,0,1,1,0.000738425646,0.99148196,0.000371091213,0.000666199601,0.00255313376,0.000495955348,0.000543216709,0.000463183591,0.000519360416,0.000996361836,0.000341021194,0.00083006639
syn-0246,0,2,0,8,8,0.000733275607,0.00517005892,0.000355332217,0.000219971073,0.000332056195,0.000877075596,0.0046237316,0.000307762093,0.985670805,0.000521828188,0.000768644153,0.000419435761
syn-0248,0,2,0,6,6,0.000305685709,0.00100701768,0.000312626682,0.000672846567,0.000528510369,0.000516703178,0.991224766,0.000343446067,0.000442439487,0.000289217132,0.00387722999,0.000479496754
syn-0249,0,2,0,8,8,0.000428205734,0.000272379257,0.000246133568,0.000131222288,0.000306241011,0.000565471244,0.000332066003,0.000996392337,0.995655596,0.000442721212,0.000362333289,0.000261257868
syn-0252,0,2,0,8,8,0.00038215224,0.000462474185,0.000244677824,0.00014199935,0.000239616769,0.000400895311,0.000631420873,0.000254043553,0.994773686,0.000376367068,0.00180910924,0.000283542875
syn-0254,0,2,0,7,11,0.0135903973,0.0650968179,0.0105404425,0.00240761461,0.0096577974,0.0175973792,0.0140470071,0.0318917371,0.143286109,0.0192270689,0.115429588,0.557228029
syn-0270,0,2,0,10,10,0.000520029338,0.00123352499,0.000287085364,0.000287041476,0.000195257293,0.000196743349,0.000615651079,0.000196685054,0.000526796153,0.000467508624,0.994918883,0.00055480015
syn-0273,0,2,0,0,0,0.994475245,0.000588789466,0.000591018703,0.000370187365,0.00066506915,0.000404444028,0.000442740769,0.000364913052,0.000701096898,0.000316123158,0.000711836736,0.000368546345
syn-0274,0,2,0,9,9,0.000406845822,0.000595813675,0.000306378148,0.000478325092,0.0003212007,0.000327196816,0.000280684995,0.000514815503,0.000494667562,0.99463135,0.00094856706,0.000694140093
syn-0275,0,2,0,0,0,0.994912028,0.000305230409,0.000592119875,0.000423436344,0.000696703384,0.000326707202,0.000402288104,0.000369879039,0.000452736858,0.000485897093,0.000708606211,0.000324363325
syn-0276,0,2,0,6,10,0.00068611576,0.00110024994,0.000492168241,0.000744305959,0.000922223495,0.00032205903,0.0117634479,0.000552572077,0.000588663155,0.000717269373,0.981140852,0.000970052497
syn-0284,0,2,0,0,0,0.994674563,0.00032793748,0.000659008336,0.00034698844,0.000538582797,0.000300683023,0.000424174796,0.000355608965,0.000646819943,0.000515779539,0.00080532534,0.000404533988
syn-0296,0,2,0,3,3,0.000333775592,0.00026154847,0.000854255166,0.994267642,0.000741158903,0.000719145406,0.000518928689,0.000283917034,0.000194182692,0.00119696825,0.0003287484,0.000299755775
syn-0302,0,2,0,10,10,0.000432748086,0.000398354285,0.00031985002,0.000405889616,0.00032690345,0.000170199011,0.000553765916,0.000313003198,0.000418209849,0.000320505205,0.996076524,0.000264038157
syn-0304,0,2,0,1,1,0.000272745092,0.994975924,0.000303578563,0.000309177063,0.000347572961,0.000379592238,0.000861920998,0.000386705331,0.000345225213,0.000358454738,0.000692380418,0.000766719226
syn-0311,0,2,0,9,9,0.000408462569,0.00120344677,0.000268479256,0.000860176282,0.000339853141,0.000287990784,0.000438271323,0.000401473459,0.000410714332,0.993361413,0.000542467518,0.00147723337
syn-0316,0,2,0,0,0,0.989944816,0.000601683976,0.000618302322,0.000639727339,0.00200095377,0.00291552511,0.000450514228,0.000269503886,0.00074577023,0.00049935776,0.000792649342,0.00052116724
syn-0318,0,2,0,11,11,0.000716369832,0.00150438177,0.000723110104,0.000586051086,0.00110241072,0.000477178924,0.00069520442,0.000270453253,0.000504828291,0.00146986602,0.00444025546,0.987509906
syn-0328,0,2,0,10,10,0.000437106093,0.000395996758,0.000322227541,0.000401538768,0.000285829505,0.00022961988,0.000321658503,0.00031796348,0.000484635908,0.00036368228,0.996142626,0.00029713937
syn-0332,0,2,0,6,6,0.000285790418,0.000565065653,0.00027943129,0.000627599191,0.000522677612,0.000389000634,0.994334817,0.000289573509,0.000471229636,0.000271295576,0.00163982331,0.0003236747
syn-0345,0,2,0,7,7,0.000528417702,0.000622817199,0.00053796015,0.000324052089,0.00069434836,0.000983245904,0.000329591508,0.993740261,0.000728951884,0.000561725115,0.000536201638,0.000412418914
syn-0354,0,2,0,8,8,0.000372509967,0.000273556449,0.000232361592,0.000121312813,0.000230279489,0.000519355061,0.000398977078,0.000439834024,0.996477306,0.000403293001,0.000260785018,0.000270438788
syn-0356,0,2,0,8,8,0.000390393572,0.000386849133,0.000240751193,0.000111824149,0.000205247372,0.000426469516,0.00034307965,0.000413853239,0.996616364,0.000290135649,0.000354711665,0.000220323782
syn-0357,0,2,0,3,3,0.000401356257,0.000286564202,0.0007811705,0.994573116,0.000694755174,0.000531637052,0.000630453578,0.000361929007,0.000272253645,0.000768035708,0.000425565086,0.000273190555
syn-0371,0,2,0,6,6,0.000218117304,0.000737864582,0.000268019852,0.00055055035,0.000404085877,0.000324781577,0.995285511,0.000260300207,0.000436697999,0.000271868601,0.000849822769,0.000392360205
syn-0372,0,2,0,1,1,0.000441815471,0.995315969,0.000266608753,0.000276684033,0.000481542957,0.000429194333,0.000473407737,0.000371273956,0.000450997584,0.000580103311,0.000353347481,0.00055908435
syn-0380,0,2,0,4,4,0.00157434482,0.000810078403,0.000503314193,0.000619373925,0.979365826,0.0131512107,0.000489540689,0.00105785346,0.00078808656,0.000421645673,0.000575847051,0.000642876024
syn-0382,0,2,0,0,0,0.99518919,0.000280847977,0.000625939225,0.00036252776,0.000550813682,0.000298651488,0.000389616645,0.000393202034,0.000470494881,0.000454390945,0.000605983194,0.000378354132
syn-0383,0,2,0,2,2,0.000725548074,0.00033054722,0.995034158,0.000597538427,0.000359276746,0.000358337187,0.000306262285,0.000732432294,0.0003421453,0.000317792059,0.000379281264,0.000516694738
syn-0419,0,2,0,1,1,0.000300247746,0.995208621,0.000282382302,0.000291236589,0.000337358855,0.000311906188,0.000481708063,0.00038127508,0.000384065992,0.000429759297,0.000998084317,0.000593334902
syn-0421,0,2,0,10,10,0.000396567542,0.000964259263,0.000283234986,0.000695668918,0.000312994496,0.00037432072,0.000498816487,0.000296653452,0.000396781543,0.00166683597,0.993615508,0.000498377369
syn-0425,0,2,0,5,5,0.0005573089,0.000973919115,0.000401811296,0.000647770823,0.00094215665,0.992277265,0.000540469191,0.000304817338,0.000829644734,0.000431988534,0.00079134258,0.00130152015
syn-0448,0,2,0,4,5,0.000466055004,0.000429245789,0.000411478424,0.000600853469,0.00104745128,0.994083643,0.000647694862,0.000494729378,0.000596236205,0.000377748511,0.00030803174,0.000536810083
syn-0452,0,2,0,10,10,0.000407388783,0.000350815157,0.000354583695,0.000440057862,0.00027358238,0.000242596085,0.000704473699,0.000355455646,0.000603327178,0.000449922722,0.995458066,0.000359731988
syn-0454,0,2,0,11,11,0.000402369071,0.000901876541,0.000463350007,0.000421204633,0.000853492995,0.000471332634,0.000384117302,0.000354922231,0.000366094609,0.000704975624,0.00196412392,0.99271214
syn-0455,0,2,0,2,3,0.00437086122,0.0176115017,0.258111984,0.478707194,0.00776610477,0.00202314975,0.0240414646,0.0406804942,0.00500243483,0.150564805,0.00308964006,0.00803036243
syn-0457,0,2,0,9,9,0.000346378773,0.000888289243,0.000299290812,0.000585232745,0.000297677849,0.000317051599,0.000311541109,0.000536299136,0.000373981515,0.99475646,0.000442685501,0.000845102069
syn-0459,0,2,0,5,5,0.187095851,0.163427562,0.00289960275,0.00347628584,0.0715401396,0.286932409,0.0340735763,0.00354991457,0.232174665,0.00584261678,0.00549066858,0.00349670486
syn-0480,0,2,0,1,1,0.000446587248,0.988764942,0.000340130471,0.000607048685,0.000506394252,0.000599017774,0.0014055511,0.000263863738,0.000504367286,0.000790348917,0.00113632425,0.00463543832
syn-0487,0,2,0,6,6,0.000333549367,0.000555653882,0.000302617031,0.000512582832,0.00055540324,0.000439740601,0.995099545,0.000285850081,0.000875196303,0.000267535128,0.000445366313,0.000326945999
syn-0489,0,2,0,11,1,0.00159716699,0.673232138,0.00155955239,0.00161192997,0.00263057346,0.00307264691,0.00221087947,0.00107002526,0.00211682636,0.00217139674,0.0443668924,0.264359981
syn-0495,0,2,0,2,2,0.000695272756,0.000379606267,0.994756818,0.00068256259,0.000394955656,0.000479220413,0.000319192768,0.000701086596,0.000376562326,0.000339358987,0.000345056469,0.000530322548
syn-0496,0,2,0,8,8,0.000336409634,0.000420089986,0.000222396702,0.000123021702,0.000183831959,0.000390721572,0.0004987297,0.000291620236,0.996420264,0.000342071347,0.000555022212,0.000215839842
syn-0497,0,2,0,5,5,0.000688847969,0.00287259952,0.00029845853,0.000321333937,0.00056862057,0.989659011,0.000513001054,0.00101208908,0.00153811392,0.000514907006,0.000856308325,0.00115670403
syn-0498,0,2,0,7,7,0.000628601469,0.000420615397,0.000851226505,0.000464394165,0.0008052552,0.00107247301,0.000558838132,0.992373645,0.00127471588,0.000414661306,0.000718839583,0.000416731898
syn-0013,0,2,1,6,6,0.000202539653,0.000566044881,0.000258103275,0.000455166388,0.000333827425,0.000487257174,0.99587357,0.000327192247,0.000467211386,0.000265907031,0.000460837502,0.000302351022
syn-0018,0,2,1,3,6,0.000281062152,0.000506985642,0.000344902452,0.00454250444,0.00172130216,0.000721336633,0.989603996,0.000505162869,0.000496165827,0.000513445877,0.000249739882,0.000513387495
syn-0031,0,2,1,0,0,0.994818747,0.000361717248,0.000630741823,0.000483538402,0.000708988286,0.000361307204,0.00027020555,0.00047046633,0.000442899182,0.000518258254,0.00057434343,0.000358772813
syn-0032,0,2,1,4,4,0.000779805356,0.000419035961,0.000421312172,0.000565205119,0.994654715,0.000394687842,0.000685079547,0.0006223034,0.00029826854,0.000383360835,0.000266257266,0.000509956386
syn-0037,0,2,1,8,8,0.000346390501,0.000492939202,0.000192845502,0.000124999322,0.000245206262,0.000457513437,0.000359501864,0.00027739114,0.995620787,0.000637902645,0.00096464518,0.000279863219
syn-0041,0,2,1,10,9,0.00215676008,0.00179561332,0.00142634637,0.00367929647,0.00106965599,0.000931754475,0.0013756894,0.00212010811,0.00313163362,0.599110007,0.38123849,0.00196463801
syn-0042,0,2,1,9,9,0.000373219285,0.000529640471,0.000326667068,0.000931649411,0.000374421274,0.000328125898,0.00039025693,0.0005950224,0.000377059856,0.994955659,0.000317258469,0.000501012837
syn-0045,0,2,1,9,9,0.0032870837,0.00435857009,0.00111099973,0.0110946661,0.00193056173,0.00100124325,0.00332541135,0.00104436558,0.00189320173,0.825300694,0.143207878,0.00244530197
syn-0046,0,2,1,8,8,0.00577934459,0.00118331762,0.000432514527,0.000120622368,0.000471267878,0.000837489613,0.000893918215,0.000813751307,0.985805094,0.00254450017,0.000317444064,0.000800747133
syn-0057,0,2,1,8,8,0.000590911834,0.000451908418,0.000224253774,0.000128099346,0.000306787086,0.000503372692,0.000324974128,0.000462404423,0.994305611,0.000389602006,0.00189743831,0.000414662936
syn-0059,0,2,1,3,3,0.000323280517,0.000281502231,0.000628789247,0.995089889,0.000527473865,0.000506253564,0.000604195753,0.000335440942,0.000157489092,0.000890930067,0.000414954236,0.000239795074
syn-0070,0,2,1,2,2,0.000631786417,0.000338814163,0.994846463,0.000777491543,0.000456330483,0.000315625512,0.000322693464,0.000719983829,0.000339766877,0.000346138491,0.00036221926,0.000542714901
syn-0071,0,2,1,6,6,0.000236823762,0.00035956307,0.000304334768,0.000656268967,0.000523191353,0.000403800252,0.995916188,0.000348134723,0.00044710582,0.000259339431,0.000284190988,0.000261074078
syn-0076,0,2,1,5,5,0.00135353161,0.000619053957,0.00034386653,0.000646862725,0.0011950878,0.993102193,0.000441043085,0.000465687481,0.000721663935,0.000401325407,0.000303004432,0.000406694162
syn-0079,0,2,1,1,1,0.000452552573,0.99279511,0.000241060392,0.000412145891,0.000246882963,0.00158757239,0.000914766628,0.000336280587,0.000863839465,0.000468104525,0.00097011216,0.000711594999
syn-0086,0,2,1,10,10,0.000515878783,0.000415437855,0.000304601097,0.00036752937,0.000215844615,0.000211735998,0.000342374842,0.000421391131,0.000221581198,0.000311045267,0.996179223,0.00049336045
syn-0087,0,2,1,5,5,0.0012178343,0.00178693736,0.00031994615,0.000347222376,0.000798122666,0.977034092,0.00223314762,0.00360053545,0.00746240048,0.000617353828,0.00296670268,0.00161569426
syn-0091,0,2,1,4,4,0.000637358928,0.000365371583,0.000454054534,0.000676015625,0.994832754,0.000358876219,0.000525034848,0.000575265556,0.000260004454,0.000419414922,0.000320019666,0.000575846003
syn-0111,0,2,1,3,3,0.000355319586,0.000385661813,0.000878597377,0.994988918,0.000597365084,0.000483681535,0.000451796921,0.000314843288,0.000161394782,0.000684169587,0.000411039568,0.000287241593
syn-0118,0,2,1,5,5,0.000455977541,0.000340843864,0.000395344774,0.000598978135,0.000536381733,0.99498409,0.000539049332,0.0005201897,0.000524081173,0.00030316686,0.000345531909,0.000456342823
syn-0128,0,2,1,2,2,0.00068096444,0.000348944479,0.994884431,0.000790739723,0.000415667455,0.000338485639,0.000313530501,0.000596104015,0.000336692057,0.000347449677,0.000416055875,0.000530935766
syn-0130,0,2,1,6,8,0.00035147465,0.000378637691,0.000220639413,0.000118325348,0.000238853681,0.000522427494,0.00119152339,0.000361769431,0.995641351,0.000310765201,0.000466429105,0.000197810063
syn-0133,0,2,1,2,2,0.000709469256,0.000366716238,0.994266868,0.000718827359,0.000421751582,0.000346316141,0.000294856844,0.00105431187,0.000336233323,0.000436324655,0.000472520856,0.000575788086
syn-0134,0,2,1,5,5,0.00471168337,0.000790060614,0.00105351501,0.00101462577,0.0013373571,0.917385638,0.000997233437,0.065029256,0.00357237575,0.00149111694,0.0012779946,0.00133915024
syn-0146,0,2,1,10,10,0.000509606441,0.000347481924,0.000302505126,0.000416403374,0.000237332919,0.000147934377,0.000670174253,0.000324077293,0.00023878667,0.000286374881,0.996270061,0.0002492801
syn-0147,0,2,1,0,0,0.994648814,0.000345472159,0.000619899947,0.000575997401,0.000570166623,0.000347779569,0.000329545641,0.000358825346,0.000506606244,0.000647658424,0.000725657155,0.000323563174
syn-0151,0,2,1,10,10,0.0036857347,0.00888139848,0.00237315102,0.00258999411,0.0012474173,0.00363457249,0.0116573172,0.00103495352,0.00289282412,0.00404158514,0.479036152,0.4789249
syn-0167,0,2,1,0,0,0.994860172,0.00025439763,0.000678803714,0.000422826968,0.000617941434,0.000323249318,0.000331566058,0.000457639544,0.000506779063,0.000470589992,0.000765369972,0.000310644158
syn-0181,0,2,1,10,10,0.00073962193,0.00134151161,0.000404959777,0.000564078626,0.000395962794,0.000270985183,0.00115034368,0.000352855481,0.00539585389,0.000436374336,0.988538623,0.000408858003
syn-0187,0,2,1,3,3,0.000364455074,0.000283440633,0.00085610745,0.995080709,0.000651011709,0.000396159274,0.000536442909,0.000264594273,0.000139574026,0.000752367661,0.000425660255,0.000249472447
syn-0191,0,2,1,4,4,0.000611731317,0.000435262191,0.000399193581,0.000829097291,0.994095743,0.000349276525,0.0010743048,0.000561224821,0.000258961809,0.000429151405,0.000397438242,0.000558595289
syn-0202,0,2,1,10,10,0.000649721769,0.000391602691,0.000374988478,0.000390896632,0.000249212142,0.000210101483,0.000234961946,0.000756402267,0.000558951288,0.00067121,0.994791389,0.000720577897
syn-0213,0,2,1,0,0,0.994537652,0.00034766586,0.000713344489,0.000467627717,0.000673419214,0.000318920036,0.000365547428,0.000370776921,0.000563633686,0.000546567608,0.000758082839,0.000336770318
syn-0222,0,2,1,8,8,0.000366343971,0.000296563812,0.000225195865,9.16147619e-05,0.000260756351,0.000457109505,0.000374776835,0.00042895411,0.996445119,0.000372002862,0.000412868074,0.000268675212
syn-0232,0,2,1,8,8,0.000430053595,0.000720220502,0.000187891506,0.000102493657,0.000255418825,0.000567947805,0.00035835465,0.000362495339,0.995223463,0.0012103077,0.000284239126,0.000297130726
syn-0236,0,2,1,11,11,0.00212158007,0.001014682,0.000625641493,0.000430429965,0.00116442086,0.000926987617,0.000679434859,0.000355922035,0.00259888847,0.0010856241,0.00102200999,0.987974405
syn-0237,0,2,1,4,4,0.000869284442,0.000365423941,0.000418671465,0.000565254712,0.994677544,0.000361960643,0.000459093309,0.000613676908,0.000267163181,0.000495781715,0.000396357762,0.000509792764
syn-0264,0,2,1,0,0,0.994743407,0.000248717493,0.000578660984,0.000403219106,0.000637748861,0.000511408783,0.000251343095,0.000576551131,0.000556471059,0.000440181349,0.000643712468,0.000408590684
syn-0267,0,2,1,4,4,0.00171371922,0.000373855029,0.000406946783,0.000482695003,0.994126976,0.000689342385,0.000350050163,0.000490004139,0.000323557819,0.000298678788,0.000282968511,0.000461211603
syn-0268,0,2,1,6,6,0.000275052153,0.000451252621,0.000292559445,0.000568049669,0.00130846712,0.000459797535,0.994570673,0.000270135119,0.000548200274,0.00031792323,0.000477452413,0.000460440526
syn-0271,0,2,1,2,2,0.000994082075,0.000373078743,0.992649198,0.00108267076,0.000373812567,0.000449354004,0.000356347533,0.000847706106,0.000443277269,0.000642318744,0.00105333095,0.000734808797
syn-0272,0,2,1,3,3,0.00230788602,0.000919764512,0.00236653374,0.977202952,0.00273014628,0.000430173211,0.0074544088,0.000957048847,0.000421373261,0.00157328334,0.00271858415,0.000917847152
syn-0279,0,2,1,0,0,0.994935393,0.000248654338,0.000608773611,0.000407962245,0.000571869081,0.000388341316,0.000270452118,0.00048912724,0.000556407031,0.000429698033,0.000723093806,0.000370215683
syn-0281,0,2,1,10,10,0.00254191342,0.0118833492,0.0006157998,0.00103062927,0.000429473148,0.00378046418,0.0044012405,0.000847328163,0.0598521121,0.00169026526,0.911510825,0.00141657575
syn-0283,0,2,1,7,7,0.000359340513,0.000397913042,0.00117843354,0.000580563617,0.000982731464,0.000675499032,0.000337313744,0.993293941,0.000411645626,0.000535489235,0.000698330288,0.000548787357
syn-0294,0,2,1,1,1,0.00034419389,0.994945705,0.00030964546,0.000342003419,0.000408868975,0.00102802424,0.000486595003,0.000371894654,0.000405008439,0.000471682259,0.000355955039,0.000530399557
syn-0295,0,2,1,10,10,0.000465270627,0.000505437783,0.000278595515,0.000396077085,0.000217963505,0.000210457118,0.00103535259,0.000211761901,0.000262744667,0.000329232833,0.995505989,0.00058110198
syn-0297,0,2,1,11,11,0.000528196339,0.000861700042,0.000562332745,0.000405938015,0.000779714785,0.000665021129,0.000362798542,0.00035917433,0.000287249743,0.000377340853,0.000558288419,0.994252264
syn-0298,0,2,1,7,7,0.000424155238,0.000363507483,0.000625995162,0.000409434986,0.000829845318,0.00102516054,0.000428877393,0.993855059,0.000798464054,0.000396451011,0.000461297925,0.000381750579
syn-0308,0,2,1,3,3,0.000367390894,0.000294999336,0.00066026079,0.995201468,0.000576250255,0.000363113097,0.000729572086,0.000256664498,0.000172665488,0.000671168964,0.000461630349,0.000244839437
syn-0313,0,2,1,11,11,0.00163927255,0.0100658238,0.00188878924,0.00126214046,0.000942482031,0.00641005673,0.0193524417,0.00182360166,0.00238696113,0.00167804933,0.0113705397,0.941179812
syn-0314,0,2,1,8,8,0.000360794191,0.000286261318,0.000236418084,0.000103045066,0.000253991049,0.000411232613,0.000313628349,0.00044924338,0.996658027,0.000374697207,0.000332686293,0.000219952883
syn-0325,0,2,1,4,4,0.00114839117,0.000419430988,0.000352849282,0.0054782033,0.985835612,0.00179340004,0.00134753075,0.000681174337,0.000454340188,0.00129864214,0.00042740113,0.000763027288
syn-0336,0,2,1,0,0,0.994479895,0.000312191696,0.000627575326,0.000465589459,0.000624083448,0.000757103495,0.000255167164,0.000479955837,0.000554123078,0.00051815575,0.000600214349,0.000325961621
syn-0343,0,2,1,8,8,0.000810531608,0.00032040794,0.000262238551,0.000150701264,0.000350215647,0.000586265291,0.000316269055,0.00177963777,0.991226792,0.00215398101,0.00133551587,0.000707438739
syn-0346,0,2,1,6,6,0.000207078338,0.000449116604,0.000282544643,0.000792848121,0.000536303967,0.000341359293,0.995719492,0.00038218507,0.000426047278,0.000315794139,0.000260553235,0.00028667826
syn-0348,0,2,1,9,9,0.000487815938,0.000463922421,0.00029368751,0.000551587087,0.000289969757,0.00025225553,0.000395354436,0.00061396783,0.000743650889,0.995099485,0.000419867923,0.00038843081
syn-0358,0,2,1,2,2,0.000699015567,0.000480824703,0.994034171,0.000577935309,0.000408003078,0.000353973417,0.000345233973,0.00110426871,0.000421003992,0.000480999151,0.00036128881,0.000733308028
syn-0366,0,2,1,9,9,0.000818249828,0.000393518334,0.000403879269,0.00114218972,0.000297176332,0.000395698065,0.000458437367,0.000614590826,0.000566104252,0.992913961,0.00156191865,0.000434275047
syn-0369,0,2,1,6,6,0.000516051135,0.00763925351,0.000380116486,0.000905014866,0.000996116782,0.0112024667,0.974594295,0.000585861271,0.00113345438,0.000494257722,0.000979391625,0.000573704194
syn-0370,0,2,1,9,9,0.000354798307,0.000517714245,0.000319122773,0.000625543646,0.000355622557,0.000260151137,0.000308529881,0.000561167253,0.000414908776,0.995202065,0.000305569032,0.000774792279
syn-0373,0,2,1,11,11,0.000489157042,0.00070013298,0.000512799597,0.000408062973,0.000692232046,0.000545459101,0.000305245921,0.000279824744,0.000245814619,0.000616545731,0.000413569127,0.99479115
syn-0374,0,2,1,8,8,0.000412001857,0.000392205897,0.00023896643,0.000137826166,0.000267958501,0.000420821452,0.000661714119,0.000203043353,0.996020198,0.000391036039,0.000606719113,0.00024750852
syn-0381,0,2,1,8,8,0.000540162029,0.000288317038,0.000309945171,0.000122447018,0.000370936643,0.000429228472,0.000285665301,0.000805824355,0.994892836,0.000612031668,0.000976533513,0.000366068649
syn-0396,0,2,1,3,3,0.000322530861,0.000252058293,0.000876678678,0.995072126,0.000605459383,0.000419421471,0.000588406634,0.000304260058,0.000173125576,0.000712608162,0.000438028044,0.000235287895
syn-0397,0,2,1,1,1,0.000302621891,0.995576859,0.000355190772,0.00031213669,0.000259778404,0.000369291316,0.000595739926,0.000398868113,0.000284758396,0.000500016846,0.000428196421,0.000616557954
syn-0401,0,2,1,11,11,0.000398842152,0.00189714006,0.000560592103,0.000555439736,0.000621860905,0.000730657892,0.000341801962,0.00039693978,0.000313380704,0.000535797502,0.000891773554,0.992755771
syn-0406,0,2,1,4,4,0.106252171,0.000844208407,0.00127800775,0.00301469257,0.877897739,0.00075408339,0.00148618908,0.00119793986,0.000917821832,0.00136170711,0.0033332007,0.00166226656
syn-0415,0,2,1,1,11,0.000599061546,0.00418859441,0.000583469111,0.000394488248,0.00115215289,0.00124336663,0.000560318178,0.000461252494,0.00278068776,0.0010312784,0.000545637158,0.986459672
syn-0416,0,2,1,2,2,0.000623872387,0.000323666871,0.994977355,0.000668660272,0.000499807647,0.000339982798,0.000314731151,0.000669317378,0.000335188146,0.000308191869,0.000412209862,0.00052701938
syn-0426,0,2,1,10,10,0.000397858938,0.000491319865,0.000483429292,0.000508692465,0.000202610521,0.000255761988,0.000664144871,0.00156968657,0.00044131279,0.000380323618,0.994021118,0.000583758461
syn-0427,0,2,1,5,5,0.00282358425,0.00291212206,0.0012088099,0.00257172855,0.180557013,0.797499061,0.00415339973,0.00128661375,0.00267209532,0.00109241763,0.0013649282,0.00185822649
syn-0439,0,2,1,6,6,0.000277082872,0.000567911135,0.00031219286,0.000418024632,0.000357068231,0.000422651385,0.995710611,0.000296307058,0.000753329543,0.000269622309,0.000314291043,0.000300915824
syn-0443,0,2,1,7,7,0.000732946326,0.000469465682,0.00082799251,0.000524182396,0.00104163727,0.00155385386,0.000311283453,0.990556657,0.00110917829,0.00115518656,0.000822772796,0.000894823635
syn-0444,0,2,1,5,5,0.000474618806,0.00103551731,0.000377699907,0.000840640743,0.0021678328,0.989115715,0.00352091901,0.000408994994,0.000572755875,0.000305407448,0.000266391289,0.000913527561
syn-0449,0,2,1,11,11,0.000428051339,0.000595922407,0.000515973661,0.000581437431,0.000956734293,0.000333103351,0.000402451318,0.000354676478,0.000225142139,0.00108053663,0.000588231895,0.993937731
syn-0453,0,2,1,1,1,0.00344361551,0.836217105,0.00134780013,0.00321407174,0.0850525424,0.00236860407,0.0462227166,0.000904645713,0.00217464892,0.0028270788,0.010296829,0.00593033712
syn-0456,0,2,1,11,11,0.000410550449,0.00135579554,0.000528997509,0.00159063539,0.00229390524,0.000442328688,0.000740825373,0.000377659977,0.0002260162,0.000654767035,0.000670100038,0.990708411
syn-0460,0,2,1,8,8,0.000364776672,0.000256359373,0.000212460131,0.000121064943,0.000226018266,0.000372344948,0.000419399614,0.000641594874,0.996296525,0.000386114232,0.000483661803,0.000219660127
syn-0465,0,2,1,7,7,0.000478797971,0.000484292686,0.000731296081,0.00056781579,0.000781002396,0.000646252884,0.000728647632,0.993296206,0.00056295126,0.000664497784,0.000765863166,0.000292352866
syn-0471,0,2,1,5,5,0.000892121985,0.00207717484,0.000494365406,0.000417151925,0.000908429851,0.985692322,0.00072062196,0.00116613985,0.000991681591,0.000353706942,0.000262470392,0.00602383912
syn-0481,0,2,1,9,9,0.000415536837,0.000507062883,0.000315185491,0.000614418532,0.000343780004,0.000296533486,0.000383407198,0.000689034292,0.00049327733,0.995141685,0.000297962979,0.000502132345
syn-0482,0,2,1,1,1,0.00365383504,0.910373986,0.00142589456,0.00979306828,0.0028377797,0.00191330269,0.0602003857,0.00118917145,0.000616160338,0.00146704295,0.00460224273,0.00192714017
syn-0486,0,2,1,1,1,0.000303010776,0.995378911,0.000330656738,0.000289960764,0.000282610446,0.000384111394,0.000495300512,0.000359296711,0.000433337293,0.000577665225,0.000430692919,0.000734419213
syn-0490,0,2,1,7,7,0.000406928419,0.000479330338,0.000648829795,0.000439050491,0.000867547875,0.000544251292,0.00031338699,0.994178236,0.000494062493,0.000588248193,0.000512530038,0.000527592143
syn-0009,0,2,2,8,8,0.000313906436,0.000612469099,0.000202846379,0.000109022731,0.000192725318,0.000370869908,0.000761740841,0.000249798002,0.996037483,0.000401029829,0.000495585671,0.000252517901
syn-0010,0,2,2,9,9,0.00043603644,0.000825473282,0.000292037439,0.000614858,0.000364781154,0.000274429913,0.000268762931,0.000382216007,0.000499651767,0.994744658,0.000387441425,0.000909655937
syn-0022,0,2,2,10,11,0.00211621565,0.0389682576,0.00193739193,0.00263439352,0.00194271549,0.00231494778,0.00225102832,0.000659226847,0.00130283576,0.00814211462,0.127428159,0.810302734
syn-0026,0,2,2,10,10,0.000434866379,0.000296998915,0.000300163316,0.000422511861,0.000287223607,0.000173248205,0.00070705387,0.000322572159,0.000310086616,0.000285627582,0.996060252,0.000399366603
syn-0038,0,2,2,5,5,0.00144251913,0.000444761419,0.000499187852,0.00124504487,0.00129409181,0.991799593,0.000376570562,0.00073531823,0.000546961324,0.000503664196,0.000324393011,0.000787889468
syn-0039,0,2,2,1,1,0.000489334168,0.995352209,0.00027476481,0.000266510819,0.00034272956,0.000548679382,0.000604669622,0.000379514502,0.000385641819,0.00038630233,0.000302045111,0.000667606655
syn-0048,0,2,2,11,11,0.000520446978,0.000548056385,0.000525314652,0.000362753519,0.00067398278,0.000525015523,0.000339088612,0.000397205295,0.000370481954,0.000801573275,0.000500953116,0.994435132
syn-0050,0,2,2,4,4,0.000769262784,0.00211055065,0.00109003659,0.0165787302,0.971231282,0.000891572854,0.00145002524,0.0017705739,0.000466685771,0.00166314794,0.000259322202,0.00171879702
syn-0085,0,2,2,3,1,0.00118558668,0.971386552,0.00073852815,0.0123885721,0.00096688862,0.00179275114,0.00121335266,0.0004909134,0.000572234974,0.00631904975,0.000889726391,0.00205586385
syn-0094,0,2,2,1,1,0.000283583824,0.994317055,0.000412985479,0.000357222481,0.000244123396,0.000345244276,0.00127267046,0.000455946167,0.000431957946,0.000360498787,0.000702001853,0.000816697197
syn-0097,0,2,2,10,10,0.00051615556,0.000356626755,0.000344604603,0.000450992113,0.00022220047,0.000168656581,0.000529412646,0.000303518231,0.000323572865,0.000425054546,0.995996356,0.000362826861
syn-0103,0,2,2,11,11,0.000817197084,0.0243333522,0.000676475349,0.000637816032,0.0012246822,0.000924423512,0.00209181244,0.000580138818,0.000398305419,0.00143351429,0.001046499,0.96583581
syn-0114,0,2,2,4,3,0.00161181355,0.00287553458,0.00203635194,0.610306382,0.366685838,0.00173575687,0.00366491545,0.00163331861,0.000821390189,0.00490200706,0.00110380049,0.00262287632
syn-0129,0,2,2,11,11,0.000954774674,0.00264307624,0.000571366341,0.000696201809,0.000805077085,0.000703705184,0.000468756305,0.000317676138,0.000612834236,0.0123176873,0.0015262739,0.978382587
syn-0137,0,2,2,8,8,0.000404818449,0.000669218891,0.000166953352,0.000121969184,0.000182449337,0.000468775863,0.000566741161,0.000239952074,0.995851398,0.000329614675,0.000708817912,0.000289276679
syn-0140,0,2,2,11,11,0.0010054158,0.000849185279,0.00069630536,0.000721562363,0.00145659491,0.000876499573,0.000405096769,0.000619164552,0.000626981957,0.0124914814,0.000698081974,0.97955364
syn-0141,0,2,2,2,2,0.000711624802,0.000374093419,0.994944811,0.000685599749,0.000359666505,0.000336095487,0.000292535202,0.000614549674,0.00034965112,0.000328730093,0.000478182308,0.000524447532
syn-0143,0,2,2,1,1,0.00071056647,0.98941046,0.000302495173,0.000309241062,0.000356391713,0.000652638671,0.000931414776,0.00039474736,0.00476605073,0.000783551892,0.000572030665,0.000810425612
syn-0144,0,2,2,9,9,0.00039943491,0.000785917568,0.000330592768,0.000745240541,0.000415600371,0.000291653938,0.000276408769,0.00049681752,0.000442535122,0.994599462,0.00036060618,0.000855716062
syn-0153,0,2,2,4,4,0.00645612413,0.00175491942,0.000671760412,0.000732588524,0.959096491,0.0257373508,0.000674924871,0.00109068595,0.000969254354,0.000817467633,0.000520012691,0.00147842499
syn-0154,0,2,2,1,1,0.000286640978,0.995646596,0.000290892582,0.000281778397,0.000261417474,0.000459559204,0.000633064134,0.000393284718,0.000460031704,0.000501070579,0.000340811443,0.00044486663
syn-0160,0,2,2,5,5,0.000372448238,0.000796980807,0.000414610753,0.000640460989,0.000377068762,0.993725657,0.000650605827,0.00084945932,0.000736403861,0.000302684377,0.000602609245,0.00053099182
syn-0163,0,2,2,4,4,0.000860972272,0.000412770401,0.000479669339,0.000438578398,0.99429971,0.000537577202,0.000379644334,0.000842869806,0.000614408578,0.000402360776,0.000247785181,0.000483679265
syn-0164,0,2,2,8,8,0.00296193734,0.0041084094,0.00124098465,0.00142727012,0.0006206322,0.00214423961,0.0133854942,0.0010605728,0.732810497,0.00203315029,0.235092506,0.00311430427
syn-0165,0,2,2,8,8,0.000484770717,0.000647184148,0.000240934954,0.000178744434,0.000210272774,0.000447732658,0.000914768258,0.000267685828,0.992214799,0.000556222047,0.00342573249,0.000411150511
syn-0171,0,2,2,6,6,0.00029229917,0.000627588131,0.000317115773,0.000569891825,0.000437901384,0.000450967054,0.995280743,0.000406021078,0.000664046558,0.000245634728,0.000359566533,0.000348236441
syn-0172,0,2,2,10,10,0.000490842503,0.000388703891,0.000290649885,0.000435352646,0.000253156177,0.000184689663,0.0018903428,0.000241463335,0.000465432036,0.000293545338,0.994187593,0.000878213905
syn-0178,0,2,2,9,11,0.00578676444,0.0028146652,0.00217676256,0.00402638922,0.00279526971,0.00245631533,0.00236356677,0.00139117311,0.0038035023,0.126244843,0.179600865,0.666539907
syn-0179,0,2,2,1,1,0.000357510813,0.995414793,0.000362699357,0.000263528957,0.000241236819,0.000329795555,0.000698274118,0.000377306715,0.000446435239,0.000491333252,0.000398379139,0.000618721184
syn-0183,0,2,2,4,5,0.00319395214,0.00202182424,0.00132441428,0.00197099778,0.255913556,0.726109087,0.00106891757,0.00269821798,0.00171432202,0.00104462798,0.000845374831,0.00209469884
syn-0186,0,2,2,3,3,0.000433529058,0.000293203018,0.000965970103,0.994611144,0.000653113995,0.000338633545,0.000539203174,0.000331851799,0.000179636219,0.00100088282,0.000316425663,0.000336420868
syn-0188,0,2,2,10,10,0.000584252819,0.0008442002,0.000408270775,0.000656420307,0.000298842584,0.000220201298,0.00441029249,0.000245432835,0.000405039609,0.000321192842,0.990926087,0.00067978783
syn-0193,0,2,2,11,11,0.000373632502,0.000768730766,0.000528135221,0.000368818641,0.000723086589,0.000566061703,0.000409519591,0.000454546505,0.00032349964,0.000430778222,0.000497273752,0.994555891
syn-0197,0,2,2,11,11,0.000808466051,0.00126448111,0.000508330646,0.000499447051,0.00171647849,0.000704295293,0.000428230502,0.000293680234,0.000507273537,0.00112175534,0.000338724174,0.991808832
syn-0210,0,2,2,0,0,0.991571307,0.000544705079,0.000623273896,0.000576423714,0.00301034166,0.000422560348,0.000769910868,0.000532344566,0.000553739548,0.000365408079,0.000406856416,0.000623150438
syn-0218,0,2,2,8,8,0.000456233101,0.000391386828,0.000196369147,0.000109513443,0.000203633041,0.000468957325,0.000599833496,0.000345436769,0.9952631,0.00037619166,0.00129142462,0.000297917228
syn-0225,0,2,2,7,7,0.00313090812,0.00223161373,0.00252138101,0.00213062204,0.00330317137,0.00505253673,0.000848364725,0.89949131,0.00910694711,0.0377693921,0.00843245164,0.025981294
syn-0239,0,2,2,6,6,0.000225902491,0.000438240415,0.000317438884,0.000619818224,0.000419993361,0.00053013349,0.995524049,0.000430787186,0.000508268655,0.000217571491,0.000482004398,0.000285786286
syn-0240,0,2,2,6,4,0.00259145582,0.00100414641,0.000669967616,0.00309702894,0.959270775,0.00215979991,0.026885638,0.000712796114,0.00104239176,0.00136557652,0.000432479661,0.00076793303
syn-0242,0,2,2,0,0,0.994135737,0.0005650401,0.000762022159,0.000433915033,0.000953358016,0.000318383274,0.000363322994,0.000376394863,0.000528664212,0.000633305463,0.000557537947,0.000372298353
syn-0247,0,2,2,3,3,0.000390010886,0.000347167515,0.000745844096,0.994827092,0.000769985723,0.000368262408,0.00053493795,0.000349540496,0.000195581466,0.000811072649,0.000358149584,0.000302378379
syn-0261,0,2,2,5,5,0.000406664243,0.0004608772,0.000342351705,0.000418482436,0.000779260474,0.994745731,0.000635664212,0.000554860977,0.000617509941,0.00026359639,0.00025481492,0.000520208385
syn-0262,0,2,2,10,10,0.000428111292,0.000264456088,0.000310561154,0.00034163837,0.00022346167,0.000195472021,0.000527609722,0.000334303331,0.000305204245,0.000421668461,0.996220946,0.000426541519
syn-0263,0,2,2,0,0,0.993833363,0.000431613502,0.000769899227,0.000467143167,0.00115259166,0.000284775713,0.000449821382,0.000451267522,0.000563965179,0.000579455751,0.000547644391,0.000468448387
syn-0278,0,2,2,9,9,0.00040525911,0.000649602036,0.000266682619,0.0007719649,0.000360736856,0.000282195775,0.000258888322,0.000430399814,0.000411971036,0.994752109,0.000546564872,0.000863617926
syn-0280,0,2,2,0,0,0.994278133,0.000388567743,0.00079400168,0.000434665097,0.000859706604,0.00029652621,0.000437070354,0.000434096903,0.000496381603,0.000484221528,0.000691113586,0.000405522995
syn-0282,0,2,2,7,7,0.00104428909,0.00116380618,0.000641584571,0.000455497997,0.00126699277,0.00184551883,0.000687794527,0.990405917,0.000813136052,0.000702523568,0.000500586873,0.000472339219
syn-0288,0,2,2,9,9,0.000376081647,0.000767457241,0.000277811836,0.000683895079,0.000319831306,0.000288311276,0.000304001704,0.00045835675,0.00044317625,0.994971335,0.000559607521,0.000550130615
syn-0290,0,2,2,0,0,0.980929792,0.000663746498,0.00106953923,0.000638733036,0.0121479845,0.000555845676,0.000511642429,0.000541849062,0.000854397367,0.000671521062,0.000611394295,0.000803577306
syn-0291,0,2,2,1,1,0.000277034123,0.995148182,0.000373886258,0.000285768998,0.000260942703,0.000369171816,0.000933259318,0.000419636781,0.000321197265,0.000460213807,0.000371859409,0.000778861053
syn-0293,0,2,2,0,0,0.980392754,0.000654884381,0.00113665021,0.000828833145,0.00652776891,0.00142215414,0.000841059897,0.000801925547,0.00443642074,0.00118223345,0.000835767249,0.000939573627
syn-0301,0,2,2,3,3,0.00035756221,0.000592804165,0.000809698249,0.993684292,0.00108019635,0.000483885844,0.00111866463,0.000303238281,0.000216841596,0.000552750309,0.000425418984,0.000374656869
syn-0322,0,2,2,2,2,0.00113842462,0.000443135476,0.994287133,0.000637884543,0.000470330328,0.000368727895,0.000320849707,0.00081811042,0.000361534563,0.00030863646,0.000323234417,0.000521987444
syn-0323,0,2,2,7,7,0.000439672207,0.000475081353,0.000764748256,0.000483547337,0.000594945624,0.000836599211,0.000413530594,0.993617117,0.00064920733,0.000589727249,0.000792957202,0.000342882122
syn-0329,0,2,2,8,8,0.000468343875,0.000399644865,0.000271437719,0.000125041959,0.000318785169,0.000370013935,0.00038140433,0.000384946819,0.994885564,0.000638807542,0.00126981933,0.000486201199
syn-0330,0,2,2,0,0,0.984692276,0.00105782005,0.000632574607,0.000957953278,0.00318054017,0.00558577944,0.000869785435,0.000603998022,0.000680432655,0.000720747979,0.000537097978,0.000480964954
syn-0334,0,2,2,6,6,0.00022210578,0.000605959445,0.000275960396,0.000688782602,0.000607869471,0.000505344418,0.995375931,0.000346124958,0.000459790608,0.000253445556,0.000273142388,0.000385531224
syn-0335,0,2,2,3,11,0.000490682723,0.00208015135,0.00047633439,0.000701210753,0.00157377531,0.000705814047,0.000366151042,0.000195907167,0.000298918167,0.00120578788,0.000436873321,0.99146837
syn-0349,0,2,2,5,5,0.00038244843,0.000677026692,0.000362658902,0.000410007691,0.000694441376,0.994270623,0.000461841992,0.000622435822,0.000566006056,0.000287531439,0.000291213975,0.00097376015
syn-0359,0,2,2,4,4,0.000571003708,0.000871022348,0.000506856479,0.000647153414,0.993106425,0.000411215064,0.0012087248,0.000639734964,0.000540143228,0.000563575653,0.000239628644,0.000694522925
syn-0367,0,2,2,4,4,0.000792295439,0.000337302568,0.000411366957,0.000637129531,0.994668007,0.000424882397,0.000710205757,0.000577237806,0.000363595493,0.000404353108,0.000257995154,0.00041564359
syn-0384,0,2,2,1,1,0.000371169997,0.995327175,0.000307584764,0.000244318857,0.000271703204,0.000410001579,0.000747071637,0.000337230827,0.000620893959,0.000459583214,0.000303849985,0.000599412771
syn-0388,0,2,2,5,7,0.00739418389,0.00301887165,0.00219711405,0.00700726081,0.00158324931,0.0769101083,0.0036071192,0.886708796,0.00410427386,0.00295821181,0.00256183324,0.00194897153
syn-0393,0,2,2,2,2,0.00103735086,0.000626134628,0.993818283,0.000813982857,0.000445847982,0.000362143852,0.000411062356,0.000643083535,0.000385538733,0.00032945734,0.00053285528,0.000594248122
syn-0407,0,2,2,6,6,0.000432236789,0.00357189588,0.000969132816,0.0331842713,0.00181045197,0.00144891348,0.955028474,0.00103262113,0.000795823231,0.000537670567,0.000570463366,0.000618031714
syn-0409,0,2,2,10,10,0.000474675413,0.000444349513,0.000293185149,0.000353436539,0.000174945861,0.000147011277,0.000709534157,0.000271798985,0.000316264894,0.000395696523,0.996097326,0.000321760308
syn-0411,0,2,2,2,2,0.000702092599,0.000417816686,0.994654953,0.000932595343,0.0003629977,0.000350466493,0.000286451919,0.000749595114,0.000284037116,0.000524926232,0.00031249813,0.000421590608
syn-0414,0,2,2,5,4,0.000614581513,0.000452102773,0.000445251673,0.000664022926,0.991201222,0.003511257,0.00066486845,0.000781389885,0.00046755583,0.000426510465,0.000275870785,0.000495339918
syn-0417,0,2,2,7,6,0.00182077463,0.00468072761,0.0023797024,0.00243667909,0.0196309853,0.00349448691,0.879435718,0.01773398,0.0107038235,0.00195759162,0.00509991962,0.0506256185
syn-0423,0,2,2,9,9,0.000454605441,0.000425452949,0.000344167842,0.000814081985,0.000373044983,0.000275034399,0.000299757405,0.000756474328,0.000424330879,0.994790614,0.000589497271,0.000452913111
syn-0431,0,2,2,3,3,0.000375345116,0.000315178535,0.000771441963,0.994931877,0.000586508308,0.000357067271,0.000637898163,0.000412877649,0.000201463074,0.000722158758,0.000422517653,0.000265638635
syn-0433,0,2,2,5,5,0.00184356957,0.00230505527,0.0030032529,0.00227257842,0.0108954664,0.499608874,0.00173465256,0.469137043,0.00318832556,0.00221460219,0.00137637672,0.00242021657
syn-0436,0,2,2,6,6,0.000201790579,0.000638351485,0.000319015526,0.000564270129,0.000435335591,0.000423617254,0.995636761,0.000367260043,0.000525052717,0.000260160101,0.00038964898,0.000238751658
syn-0440,0,2,2,1,1,0.000526788179,0.994456708,0.000289207994,0.0002596759,0.000400644174,0.000572993071,0.00076786126,0.000314848759,0.000999972224,0.000401597092,0.000278186984,0.000731508248
syn-0450,0,2,2,10,10,0.000496658322,0.000271512719,0.000380058598,0.000361008482,0.000244410592,0.000151536093,0.00035998135,0.00040322711,0.000304940972,0.000515145017,0.995683849,0.000827697979
syn-0451,0,2,2,8,8,0.0013487509,0.000780763803,0.000298149622,0.000201953357,0.000639885024,0.0096366033,0.000946482003,0.00261045294,0.979274809,0.00136348361,0.00244737719,0.000451313506
syn-0458,0,2,2,6,6,0.000218013767,0.000392313406,0.000300548039,0.000613405602,0.000397325493,0.000465933088,0.995441079,0.000479333277,0.000555391307,0.000215986336,0.000627803616,0.000292874349
syn-0461,0,2,2,2,2,0.000649524387,0.000396456075,0.99495697,0.000628981448,0.000440600066,0.000296222628,0.000313475,0.000706114981,0.000377486343,0.000327894115,0.000339088961,0.000567164447
syn-0463,0,2,2,11,11,0.000400497054,0.000612163334,0.000618769205,0.000380876532,0.000748407154,0.00051003095,0.000361098879,0.000463931152,0.000319875136,0.000511421589,0.000467286038,0.99460566
syn-0472,0,2,2,8,8,0.000382830796,0.000312310352,0.000214699059,0.000101938618,0.000187642669,0.000475409179,0.000428008439,0.000297623454,0.996427,0.000339222519,0.000538148335,0.00029515737
syn-0476,0,2,2,7,7,0.000955234165,0.000448021194,0.000909222814,0.000710559834,0.000986201456,0.0120890075,0.000658215373,0.978230476,0.00221927441,0.00133630889,0.000915459706,0.000542019436
syn-0478,0,2,2,2,2,0.00074455922,0.000373426126,0.993226886,0.000807094213,0.000543385453,0.000299944601,0.000322251697,0.00158637657,0.000443645316,0.000615272671,0.00044703536,0.000590130338
syn-0488,0,2,2,10,10,0.000442825985,0.00026073918,0.000317803962,0.000467408478,0.000293214427,0.000148763429,0.000862649817,0.000243438917,0.00040064429,0.000250451791,0.995881975,0.000430112559
syn-0492,0,2,2,6,6,0.000218391215,0.000487515761,0.000320396415,0.00060810236,0.000346643414,0.000424972241,0.995401561,0.000551455305,0.00056522165,0.000246096402,0.000540239387,0.000289426884
syn-0493,0,2,2,8,8,0.000343416526,0.000255468331,0.000233066603,0.00010957256,0.000235697851,0.000450880907,0.000442038639,0.00031706132,0.996638834,0.000366225897,0.000361116108,0.000246627402
syn-0002,0,2,3,1,1,0.00031189085,0.995729089,0.000297094113,0.000288776879,0.000287069735,0.000405380997,0.000565431546,0.000355797645,0.000343473395,0.000510815997,0.000432502013,0.000472688087
syn-0005,0,2,3,11,11,0.000381299615,0.000814088271,0.000523268653,0.000410900568,0.000706656254,0.000849053031,0.000310510834,0.000333218195,0.000295471429,0.000610565243,0.000438364368,0.994326591
syn-0025,0,2,3,8,8,0.000525536831,0.000395198527,0.000196770125,0.000103960549,0.000202074734,0.000536591513,0.000511775317,0.000268184027,0.996536255,0.00031766991,0.000225433978,0.000180528514
syn-0027,0,2,3,4,4,0.000834098901,0.000344250177,0.000377987395,0.000481659576,0.994650066,0.00095326209,0.000523563824,0.000542413443,0.00036235177,0.000297004939,0.000241738991,0.000391618174
syn-0033,0,2,3,5,5,0.000341303064,0.00151703611,0.000325238565,0.000604252273,0.00105821062,0.992177606,0.00135925738,0.000476089859,0.000699335011,0.000310189032,0.000318421255,0.000813080696
syn-0035,0,2,3,9,9,0.000835370622,0.00323056453,0.000398818025,0.000778334681,0.000719170261,0.000347412744,0.000496750057,0.000399624114,0.00129884318,0.982224882,0.00388015714,0.00539006805
syn-0040,0,2,3,4,4,0.000550517463,0.000435274938,0.000350979128,0.000660898397,0.994925797,0.000686019543,0.000419433927,0.000637222023,0.000222038085,0.000340289786,0.000359182013,0.000412332738
syn-0051,0,2,3,3,3,0.00261211349,0.00132506189,0.00108177657,0.875156581,0.00839736871,0.00230878289,0.00179223577,0.00107400026,0.000636633311,0.102359496,0.00130826968,0.00194770249
syn-0054,0,2,3,5,5,0.000566276547,0.000349108392,0.000244096838,0.000418821146,0.000533823506,0.99473691,0.000602574379,0.000765597622,0.00066513085,0.000287091825,0.000333925942,0.000496614026
syn-0056,0,2,3,8,8,0.000437315583,0.000445811078,0.000202079857,0.000115386843,0.000178238246,0.000363240484,0.000407686864,0.000265810377,0.996667922,0.000274296617,0.000411077694,0.000231153128
syn-0058,0,2,3,9,9,0.000552916375,0.000396652438,0.00031066552,0.000639484613,0.000375890289,0.0002527209,0.000336666242,0.000582408218,0.000989580294,0.994079292,0.00109198352,0.000391732145
syn-0062,0,2,3,7,7,0.000486511271,0.000348341651,0.00113717362,0.00042903042,0.000595363788,0.000803460542,0.000375235511,0.993910193,0.000595826365,0.000485790195,0.000517269189,0.000315804034
syn-0064,0,2,3,6,10,0.000875410857,0.00307197776,0.000684612605,0.00103483582,0.00119894918,0.000506629876,0.0277707018,0.000731256907,0.00122281839,0.000529764337,0.961642087,0.000730926869
syn-0065,0,2,3,11,11,0.0003687602,0.00103038969,0.000454259309,0.000510572456,0.000735530688,0.000625626359,0.000523341063,0.000298846513,0.000220106536,0.000422090059,0.00105842995,0.993752062
syn-0067,0,2,3,5,5,0.000298302213,0.00128438231,0.000344700209,0.00058106432,0.00104462181,0.992584944,0.00145373482,0.000415468094,0.000590119278,0.000267053692,0.000400994701,0.000734598492
syn-0068,0,2,3,10,10,0.00112117222,0.000755838817,0.000574658567,0.000850789016,0.000769434439,0.000340046914,0.000845083909,0.000818816246,0.00142923219,0.00743817678,0.984465778,0.000590950192
syn-0080,0,2,3,3,3,0.000367053028,0.00029990566,0.000607516151,0.994741023,0.000816898188,0.000403796352,0.000639909937,0.000272252946,0.000250528916,0.00098860194,0.000373441522,0.000239044108
syn-0100,0,2,3,2,2,0.000714795373,0.000390381989,0.994960427,0.000604360132,0.000431108288,0.000320999592,0.000349466165,0.000638610625,0.000422096578,0.00029899404,0.000374892872,0.000493849861
syn-0112,0,2,3,4,4,0.00188616046,0.000360788166,0.000360302802,0.000389653898,0.993427932,0.000690218527,0.000465693622,0.000540605746,0.000708721171,0.000498661073,0.000235566724,0.000435678463
syn-0117,0,2,3,6,6,0.000737771741,0.00426581129,0.000699527853,0.00368548487,0.00586077059,0.00120591186,0.949676573,0.000393458526,0.00156343915,0.000655295735,0.0300597772,0.00119616487
syn-0123,0,2,3,10,10,0.000475613022,0.000564901042,0.000315737008,0.000358746125,0.00020913461,0.000155987975,0.000309729337,0.000334170589,0.000453353743,0.000388276967,0.996103466,0.000330894807
syn-0124,0,2,3,6,6,0.00325533981,0.060372714,0.00181085698,0.0139930034,0.0340356641,0.0015213713,0.749344766,0.00120031717,0.00937415194,0.00244111475,0.119913027,0.00273766532
syn-0125,0,2,3,9,9,0.000579437532,0.000711480563,0.000446285936,0.00100063661,0.00031375949,0.000310314965,0.00063068344,0.000627512054,0.00080093334,0.987031221,0.00700245565,0.000545271032
syn-0135,0,2,3,0,0,0.995268583,0.000323601678,0.000645648746,0.00036708542,0.000499332033,0.000268793374,0.000362317078,0.000355780416,0.00050127873,0.000500350667,0.00060396234,0.000303239416
syn-0142,0,2,3,4,4,0.00227932376,0.00148077973,0.00228561694,0.216859356,0.76632458,0.00129920407,0.00238998211,0.00168616499,0.000701544632,0.00292224926,0.000597019098,0.00117418962
syn-0145,0,2,3,2,3,0.00127014332,0.000589470554,0.0226709265,0.968186259,0.00130330387,0.00120795413,0.00087245024,0.000747640443,0.000337538426,0.00171055156,0.000478676287,0.000625090441
syn-0149,0,2,3,8,8,0.000638527388,0.000554101134,0.000202910407,0.000117632546,0.000189506245,0.000441026699,0.000309461582,0.000222793897,0.996014774,0.000484339689,0.000539972447,0.000284964161
syn-0150,0,2,3,3,1,0.000465627585,0.987980306,0.000439890748,0.00519977883,0.000713179412,0.000724661339,0.00120671513,0.000389413821,0.000373896066,0.00130244181,0.000625190616,0.000578870531
syn-0152,0,2,3,3,3,0.0019867979,0.00153756293,0.00252201804,0.680675507,0.300825596,0.00152644562,0.00172882271,0.00203920202,0.000767687627,0.00419196999,0.000856716302,0.00134170358
syn-0159,0,2,3,11,11,0.000371159811,0.000817554188,0.000513354607,0.000431633584,0.000658732955,0.000532408012,0.000412013324,0.000324603112,0.000258884684,0.000386422238,0.000830914476,0.994462311
syn-0162,0,2,3,9,9,0.000609349168,0.000592377735,0.000301012333,0.00055997615,0.000327484566,0.00021551532,0.000321826345,0.000600018771,0.000602885731,0.99485451,0.000432282046,0.000582766952
syn-0168,0,2,3,1,1,0.000387045526,0.99483633,0.000326824927,0.000508548517,0.000236173757,0.000503599527,0.000873375568,0.000290958298,0.0003749358,0.000637735066,0.000734961359,0.000289524411
syn-0170,0,2,3,6,6,0.000527113443,0.00648376485,0.00053236715,0.000683683029,0.000401285099,0.000608290953,0.987802267,0.000361868646,0.000853324251,0.000482440228,0.000668777036,0.000594796671
syn-0174,0,2,3,10,10,0.000501721632,0.000621867832,0.000341224601,0.00034624408,0.000404400314,0.000142519581,0.000683790597,0.000343647407,0.000361703773,0.000467165228,0.99548465,0.000301083259
syn-0177,0,2,3,8,8,0.000376923359,0.000522745657,0.000196690075,0.000136678136,0.000204912401,0.000487600249,0.000816138636,0.000251249265,0.99612695,0.000283954025,0.000384780549,0.000211402919
syn-0182,0,2,3,6,6,0.000249635923,0.000573068508,0.000311186217,0.000473160966,0.000295720965,0.000434485992,0.995968282,0.000394380069,0.00037926322,0.000240887952,0.000419049524,0.000260885165
syn-0184,0,2,3,2,2,0.00070863677,0.000377987977,0.99466151,0.000557525957,0.000396480493,0.000317556609,0.000402817444,0.000892152253,0.000408931344,0.00036045743,0.000413456612,0.000502476934
syn-0190,0,2,3,3,3,0.00116114342,0.0719980374,0.00238636136,0.907117605,0.00347648468,0.00329208397,0.00206997199,0.000987563282,0.000774391228,0.00357477227,0.000970797671,0.00219080411
syn-0198,0,2,3,0,0,0.974342287,0.00197696756,0.0019724234,0.00425429968,0.00194571156,0.00379935373,0.00315233273,0.000511859194,0.0012070681,0.0050796885,0.000919617654,0.000838388922
syn-0201,0,2,3,0,0,0.995129466,0.000388807501,0.000695814728,0.000378717523,0.00074985181,0.000267118419,0.00036088351,0.000343691994,0.000451451837,0.000462214462,0.000486976962,0.000285014248
syn-0204,0,2,3,1,1,0.000488559075,0.995236158,0.000287194911,0.000317445898,0.000303799083,0.000510590209,0.000698606309,0.000288351584,0.000655899697,0.000426030485,0.000439090654,0.000348260714
syn-0205,0,2,3,2,2,0.000670859998,0.000375803618,0.994608998,0.000818516826,0.000340041937,0.000344601809,0.000385691441,0.000766953977,0.000399509969,0.000347877038,0.00045507602,0.000486054021
syn-0206,0,2,3,8,8,0.00327400607,0.00170069712,0.000767238613,0.000508794736,0.000999011099,0.00094951567,0.00159393705,0.000524142466,0.929450572,0.00220870809,0.0560691208,0.00195423234
syn-0215,0,2,3,10,10,0.000641462801,0.00071679597,0.000399600103,0.000509266334,0.000279420608,0.000235915621,0.000430820888,0.000273369544,0.000939867401,0.00231485162,0.992790043,0.000468612794
syn-0221,0,2,3,11,11,0.00120363536,0.00532021001,0.000681539706,0.000853170699,0.00115254812,0.00141606317,0.00156858168,0.000249508652,0.00113573729,0.000435603986,0.00338050188,0.982602894
syn-0228,0,2,3,6,6,0.00155358482,0.00181096431,0.00141703233,0.0518155135,0.0340529755,0.00147365103,0.90104723,0.00144017243,0.0013633949,0.00127914804,0.000977417454,0.00176891312
syn-0244,0,2,3,3,3,0.000374774769,0.000296423415,0.00082888297,0.994906068,0.000730039785,0.000446974096,0.000582921959,0.000271474273,0.000225174561,0.000717039686,0.000399161159,0.00022109368
syn-0251,0,2,3,10,10,0.000451936998,0.000518962974,0.000318307895,0.00038637736,0.000237091212,0.000176032772,0.000549568911,0.000282188674,0.000427128252,0.000506359735,0.99580276,0.000343308115
syn-0257,0,2,3,4,4,0.00110300211,0.000559816661,0.000350373681,0.000426213956,0.992664039,0.00218888489,0.000355627184,0.000970700523,0.000320939493,0.00033427024,0.000297079532,0.000429050648
syn-0258,0,2,3,3,3,0.00150677515,0.00106277503,0.00129910361,0.96109581,0.00515102642,0.0232494324,0.0027689531,0.000654180476,0.000363598781,0.0015312616,0.000630956318,0.00068611087
syn-0292,0,2,3,11,11,0.000500561902,0.000661694852,0.000496496737,0.000438391144,0.000761699455,0.000511284568,0.000368075504,0.000333686912,0.00027225833,0.000475579407,0.000586501323,0.994593799
syn-0300,0,2,3,10,10,0.000471250009,0.000454408233,0.000336488651,0.000320382416,0.000229586003,0.000138701842,0.00031749293,0.000448580424,0.000333436969,0.000357212819,0.996234834,0.000357606332
syn-0303,0,2,3,7,7,0.0126956217,0.00393045181,0.00195686915,0.00310985651,0.026461754,0.356410503,0.00824870262,0.570429325,0.00639628619,0.00534056686,0.00178174349,0.00323832547
syn-0306,0,2,3,5,5,0.000866818707,0.000970142602,0.000281716697,0.000510841783,0.00318547944,0.989332616,0.00134312978,0.000666665321,0.00170764176,0.000244408875,0.000265484938,0.000625071989
syn-0310,0,2,3,10,10,0.000439812226,0.000320850872,0.00036563602,0.00034880286,0.000304893678,0.00013486993,0.00031863898,0.000323055545,0.000364499952,0.000398605363,0.99626559,0.000414757931
syn-0312,0,2,3,11,11,0.000589302508,0.000553206017,0.000469375052,0.000438377436,0.000559785054,0.000635829987,0.000328889029,0.000380591548,0.000610570714,0.00053336547,0.000705719867,0.994194984
syn-0324,0,2,3,7,7,0.00190684886,0.00192532944,0.000944139785,0.000815086358,0.000918094709,0.00208512298,0.000865033537,0.956290066,0.0165954214,0.00233259401,0.0143608171,0.000961419835
syn-0327,0,2,3,1,1,0.000498060894,0.99420929,0.000322049309,0.000274314923,0.000378632249,0.000564331771,0.000526473741,0.000255527266,0.00145078683,0.000558511936,0.000424116384,0.000537924527
syn-0339,0,2,3,7,7,0.000650124101,0.000359644735,0.000740151852,0.000374850526,0.00084629975,0.00087073748,0.00045829732,0.993879378,0.000688142085,0.000498021429,0.00033496652,0.000299367239
syn-0340,0,2,3,9,9,0.000489480328,0.000498682959,0.000299322332,0.000617926533,0.000335046963,0.000245812524,0.000268070842,0.000595888938,0.000517208129,0.994180977,0.00147805642,0.000473497261
syn-0341,0,2,3,8,8,0.000823971815,0.000779510941,0.000229895886,0.000127796127,0.000214411091,0.000621625688,0.000665000291,0.000204941432,0.995258868,0.000644235639,0.0002120055,0.000217749825
syn-0351,0,2,3,11,11,0.000418699172,0.000785815238,0.000606181973,0.000430891116,0.000779388065,0.000578247884,0.000479162059,0.000398772245,0.000282932248,0.00053439429,0.000369591115,0.994335949
syn-0355,0,2,3,5,5,0.00120506936,0.00127667515,0.000359023397,0.000520932896,0.00118737447,0.989889324,0.0014391361,0.00034954201,0.00111532153,0.000342184416,0.00154145982,0.000773981854
syn-0360,0,2,3,0,0,0.994326651,0.00035260577,0.000677866279,0.000531157712,0.0015052266,0.000270024117,0.000385075313,0.000314427074,0.000330440002,0.000468423415,0.000470175088,0.000367911445
syn-0364,0,2,3,4,4,0.000837864995,0.000348423666,0.000399139448,0.000542155292,0.993965149,0.000719362579,0.000573916361,0.000396311487,0.000317086815,0.000315813464,0.000541570131,0.00104323134
syn-0375,0,2,3,8,8,0.000474606961,0.000533077458,0.000191333995,0.000115135699,0.000189661965,0.000387122273,0.000371133676,0.000290188676,0.996334612,0.000374438765,0.000511312624,0.000227394557
syn-0376,0,2,3,5,5,0.000349588052,0.0005582663,0.00027851027,0.000538099092,0.000430152606,0.994230568,0.00147233834,0.000654256728,0.000591548509,0.000218247063,0.000283758302,0.00039467137
syn-0385,0,2,3,5,4,0.0018693473,0.000652717776,0.000491518353,0.000689735229,0.981853127,0.0107859634,0.00042844683,0.00131400488,0.00049658108,0.000524445029,0.000329369504,0.000564727176
syn-0392,0,2,3,1,1,0.000315680547,0.995532811,0.000360633101,0.000332524738,0.000277919287,0.000416978117,0.000752857071,0.000354186341,0.000344751053,0.000471508043,0.000464335317,0.000375819596
syn-0405,0,2,3,8,8,0.000479138806,0.000515255786,0.000203875446,0.000120983328,0.000166077225,0.000374639145,0.000336320227,0.000270074059,0.996541977,0.000396863237,0.000332032068,0.000262785266
syn-0410,0,2,3,10,10,0.000610858027,0.000409530971,0.000350320362,0.000365447922,0.000278490217,0.000161262215,0.000238235138,0.000353643292,0.000338543265,0.000463083939,0.995476365,0.000954222865
syn-0418,0,2,3,0,0,0.994856715,0.000371399248,0.000723632518,0.000414988201,0.000962143531,0.000287504343,0.000330287003,0.000392596499,0.000419694727,0.000391846494,0.000435977505,0.000413202884
syn-0420,0,2,3,2,2,0.000693522161,0.000320392108,0.994793653,0.000757417409,0.000424011028,0.000284529233,0.000332286494,0.000805357937,0.000379853649,0.000354793156,0.000330637879,0.000523528899
syn-0422,0,2,3,1,1,0.000283137517,0.995562792,0.000322108623,0.000307409588,0.000267294556,0.00036749721,0.0007630685,0.000410483015,0.000331981777,0.000456694019,0.00046172578,0.000465822348
syn-0428,0,2,3,8,1,0.00145462621,0.969234645,0.000586509821,0.000564569607,0.000908760936,0.00106994412,0.0016576841,0.000411483779,0.0195325688,0.00100295665,0.00291010784,0.000666134758
syn-0429,0,2,3,2,2,0.00137461699,0.00179285521,0.98676312,0.00306752347,0.000541170535,0.000536397973,0.00072853436,0.00171305845,0.000818380271,0.000843578717,0.00068938965,0.00113135844
syn-0430,0,2,3,1,1,0.000381693942,0.989435971,0.000321268628,0.00061906327,0.000623902888,0.00463605626,0.000824335439,0.000322870445,0.000294718775,0.000561892521,0.000791247294,0.00118700834
syn-0435,0,2,3,10,10,0.000343177875,0.000426237588,0.000383064704,0.000399888348,0.000238647452,0.000154009016,0.000339006801,0.000520432834,0.000330134644,0.000401791069,0.996134579,0.000329019851
syn-0445,0,2,3,6,6,0.000381140882,0.000687748252,0.000314401201,0.000478167582,0.000407709304,0.000496948545,0.993961155,0.000332039606,0.00204951316,0.000277678628,0.000327045069,0.000286460563
syn-0447,0,2,3,7,7,0.000383130828,0.000412445253,0.000703225844,0.000438547868,0.000462964701,0.000480783492,0.000442061573,0.994662166,0.000560475222,0.000565297261,0.000508217025,0.00038071454
syn-0464,0,2,3,4,4,0.00193782127,0.000402544887,0.000422727666,0.000545392919,0.993970215,0.000359103375,0.000479530572,0.000497326138,0.000282322901,0.000391003327,0.000303433859,0.000408594962
syn-0469,0,2,3,9,9,0.000551493489,0.000663488638,0.000273054087,0.000515761727,0.000349278329,0.000296083221,0.000311974756,0.000505720323,0.000539856846,0.994983494,0.00050502643,0.000504796568
syn-0474,0,2,3,0,0,0.995182574,0.000402453414,0.000562257657,0.000491111889,0.000704513921,0.000394719536,0.000343526888,0.000302617089,0.000431737542,0.0004984517,0.00039318559,0.000292837532
syn-0477,0,2,3,7,7,0.0262633376,0.071317181,0.0115206549,0.0150915822,0.0157461148,0.302298009,0.0187651496,0.350242704,0.130481794,0.0168672204,0.0155941341,0.0258121304
syn-0485,0,2,3,10,10,0.000568199961,0.000520837493,0.000325644854,0.000374096504,0.000291333999,0.000134864662,0.000689685869,0.000314145116,0.000962535618,0.000290613621,0.995208919,0.000319131126
syn-0007,0,2,4,6,6,0.00036101669,0.000655683747,0.000319068815,0.000497298199,0.00037107867,0.00068655482,0.994761705,0.000331786432,0.00120933435,0.000281261309,0.00023919715,0.000286018505
syn-0014,0,2,4,0,0,0.994371057,0.000282844238,0.00069246965,0.000501058006,0.000581280328,0.000328313472,0.000444481673,0.000400408899,0.000587070652,0.000606642687,0.000876630016,0.000327756599
syn-0019,0,2,4,0,0,0.993038833,0.000479054084,0.000559890526,0.000857561128,0.0010004628,0.000230056437,0.000636685814,0.00033976775,0.000456949958,0.000745595666,0.00135018374,0.000304968853
syn-0023,0,2,4,1,1,0.000305657246,0.995740116,0.000251203513,0.000355773635,0.000293254008,0.000377375749,0.0004573318,0.000549325545,0.000344486209,0.000548247946,0.000343174557,0.000434043759
syn-0024,0,2,4,2,2,0.000832092774,0.000286150695,0.994156957,0.000678218261,0.000335052755,0.000403698505,0.000519175315,0.000735814625,0.000312568212,0.000670506794,0.000543873874,0.000525886309
syn-0029,0,2,4,2,2,0.00061495346,0.000307637238,0.995060802,0.000798763242,0.000368004636,0.000411921646,0.000375674572,0.000646558183,0.000298281288,0.000333142903,0.000347615307,0.00043665024
syn-0036,0,2,4,5,5,0.000658785866,0.000565671478,0.000312376011,0.000758372014,0.00199121027,0.991793215,0.00136637641,0.000295382168,0.000629003218,0.000297548395,0.000575847633,0.000756204419
syn-0043,0,2,4,9,9,0.000589041447,0.00050973054,0.000397237949,0.000632022158,0.000365364889,0.000386610453,0.000633072108,0.00161452382,0.00117555331,0.987014651,0.00600581663,0.000676365918
syn-0061,0,2,4,4,4,0.000350728835,0.000344034604,0.000397798372,0.000603866705,0.994522333,0.000615880417,0.00102829514,0.000610279909,0.00030340653,0.000333229924,0.00033244575,0.000557678228
syn-0074,0,2,4,5,5,0.0123519003,0.0317824073,0.000741427823,0.0013769581,0.00130976317,0.936347544,0.0022310731,0.00168175541,0.00726658013,0.00140864775,0.00249243435,0.00100952527
syn-0075,0,2,4,7,7,0.000679799647,0.000313783414,0.000687104417,0.000357407174,0.00106375793,0.000991131295,0.000413437054,0.992253244,0.000867816678,0.000602551911,0.000994873815,0.000775119697
syn-0082,0,2,4,1,1,0.00045852983,0.985758662,0.000385210733,0.000646227621,0.000174895642,0.00227071601,0.00143909536,0.00123076339,0.00122038752,0.000857154955,0.00510505168,0.000453284418
syn-0083,0,2,4,0,0,0.993918359,0.00053785491,0.000609922805,0.000497818866,0.00111469405,0.000661677448,0.000457686692,0.000304393674,0.000614197517,0.000521919224,0.000405231694,0.000356238685
syn-0095,0,2,4,11,11,0.000327769143,0.000874944089,0.000614282908,0.00048109176,0.000527951517,0.000613780809,0.000477919501,0.000422041863,0.0003060085,0.000593908015,0.00103884866,0.993721426
syn-0102,0,2,4,1,1,0.000398720207,0.994433522,0.000333443866,0.000301236869,0.00031553625,0.000489910017,0.000731835898,0.00046251624,0.00123639242,0.000505165837,0.000353194628,0.000438496441
syn-0105,0,2,4,4,4,0.0014088155,0.000202994866,0.000401255209,0.000744874298,0.994169652,0.00035502424,0.000553697697,0.000516814762,0.000241172645,0.00036352512,0.000536766893,0.000505401462
syn-0106,0,2,4,10,10,0.000318723643,0.000444637961,0.00027244573,0.000364158856,0.000245031988,0.000172531174,0.000883543573,0.000291967823,0.00044429992,0.000232136023,0.995841324,0.000489214726
syn-0107,0,2,4,10,10,0.000369755988,0.000262442802,0.000319258019,0.000436856877,0.000247129035,0.000165594523,0.000452679815,0.000568481686,0.000265580893,0.000257158681,0.996369898,0.000285193062
syn-0108,0,2,4,8,8,0.000467451522,0.000468207989,0.000286698807,0.000157727583,0.000206173689,0.000535937084,0.000724661979,0.000675261952,0.990414858,0.000344832981,0.00526650716,0.000451700587
syn-0113,0,2,4,11,11,0.00051868672,0.000998012489,0.000462408207,0.000296767597,0.000681132078,0.000507520686,0.000378934812,0.00022474186,0.000865437731,0.000911906536,0.000569077965,0.993585348
syn-0119,0,2,4,6,6,0.000282624707,0.000763398653,0.000352274219,0.00076600007,0.000315738027,0.000697925454,0.99055469,0.000470139348,0.000622147869,0.000260991976,0.0046005128,0.000313579978
syn-0122,0,2,4,3,3,0.000344744738,0.000295533275,0.000772743369,0.994674146,0.000491413521,0.000403439422,0.000651738257,0.000406542997,0.000185926678,0.000820494897,0.000638530706,0.000314734876
syn-0127,0,2,4,11,11,0.000507986522,0.00119929784,0.000648927409,0.000619321829,0.00051537226,0.000581442669,0.0016160669,0.000284148526,0.000896544836,0.000493402069,0.000792320643,0.991845191
syn-0136,0,2,4,6,6,0.000230142425,0.000967163069,0.000265548297,0.000705542916,0.000352957693,0.000407298765,0.99490422,0.000266233576,0.000513541105,0.000376747572,0.000791042112,0.000219560665
syn-0138,0,2,4,4,4,0.000831030018,0.000653405208,0.000501544389,0.00170006021,0.981060326,0.00074462645,0.00807212852,0.000765525154,0.000452537672,0.000570003991,0.002395913,0.0022529203
syn-0156,0,2,4,6,6,0.000194161301,0.000522710616,0.000337941718,0.000562648231,0.000248528842,0.000434339046,0.995809376,0.000367614266,0.000596996804,0.000245970441,0.00041522595,0.000264472619
syn-0161,0,2,4,2,2,0.00058658747,0.00027923024,0.995404363,0.000742349483,0.000360400765,0.000310522359,0.000369771791,0.000650376256,0.000281196728,0.000311684911,0.000281883986,0.000421624485
syn-0176,0,2,4,10,10,0.000301043765,0.000515983382,0.000403162237,0.000786095974,0.000407507032,0.00030602605,0.00657222467,0.000422807643,0.000575170794,0.00051311712,0.988894522,0.000302333967
syn-0185,0,2,4,7,7,0.0159666575,0.00603448786,0.0606269985,0.00689450838,0.00775833661,0.0034851674,0.00339146494,0.745510042,0.0086803278,0.118927151,0.0116090495,0.0111158174
syn-0189,0,2,4,10,10,0.000674316834,0.0010489627,0.000327909947,0.000451192522,0.000272607984,0.000221203416,0.00114154338,0.000203113101,0.00161576516,0.000283762056,0.992988408,0.000771217048
syn-0192,0,2,4,5,5,0.000287505769,0.000477708236,0.000429404055,0.000497023284,0.000392597838,0.994406581,0.000667668122,0.000732345041,0.00064591039,0.000290696538,0.0004173083,0.000755244575
syn-0194,0,2,4,1,1,0.000477392954,0.9926579,0.000366537977,0.000295367267,0.000293394289,0.000546150724,0.000839494634,0.000451383239,0.00258294586,0.000600285653,0.000405878411,0.000483276235
syn-0195,0,2,4,4,4,0.000496294233,0.000408449909,0.000302666012,0.000644446758,0.990791619,0.00396222901,0.000830438512,0.000623385829,0.000663746905,0.000392017857,0.00051951746,0.000365204643
syn-0200,0,2,4,5,5,0.000861636479,0.0015515032,0.000625488465,0.00160119834,0.00104443694,0.977188706,0.00141038129,0.0125362854,0.00109745562,0.00057218154,0.000812326209,0.000698386168
syn-0203,0,2,4,8,8,0.000298506347,0.00026784619,0.000188126272,0.00010618972,0.000154354624,0.000486552366,0.000553667604,0.000308355986,0.996656537,0.000291787524,0.00047145781,0.000216623972
syn-0207,0,2,4,0,0,0.994322419,0.000326295529,0.000644165557,0.000435140159,0.00101013982,0.000393738708,0.000487848331,0.000324905996,0.000697252923,0.00046666112,0.00055902591,0.000332432275
syn-0208,0,2,4,8,8,0.000271687313,0.000287863048,0.000170812506,0.000113085342,0.000177544483,0.0005261146,0.000567234878,0.000302963133,0.996601164,0.000264485774,0.000537206884,0.000179847717
syn-0209,0,2,4,7,7,0.00119245844,0.00077580614,0.00216262159,0.000640888873,0.00216115592,0.00737879891,0.00107815024,0.978352249,0.00313000032,0.000854905869,0.000952779199,0.00132019306
syn-0211,0,2,4,0,0,0.994491518,0.000272764592,0.000758001639,0.000529919926,0.000696174218,0.00026859215,0.000503275602,0.00039775137,0.000457580027,0.000566468225,0.000719901174,0.000338066951
syn-0217,0,2,4,6,6,0.000254181185,0.000558691332,0.000388075394,0.000650190457,0.000237017244,0.000508774188,0.995688796,0.000368764799,0.000435236085,0.000245441508,0.000432811474,0.000232028833
syn-0219,0,2,4,0,0,0.99478364,0.000283901929,0.000690006069,0.000434950751,0.000462752127,0.000319160783,0.000465682446,0.000481959316,0.000547019241,0.000517346489,0.000664831197,0.000348756614
syn-0224,0,2,4,8,8,0.000420752825,0.000343049614,0.000179817347,0.000107584456,0.000221498252,0.000481306721,0.000661975995,0.000323975313,0.996020138,0.000233922634,0.000769943406,0.000236051827
syn-0226,0,2,4,6,6,0.000203614502,0.000543389702,0.000368261884,0.000555317674,0.000228723875,0.00046140622,0.995515585,0.000398707634,0.000455988629,0.000247361866,0.000756536552,0.000265098439
syn-0229,0,2,4,7,7,0.000960284902,0.000333804579,0.000787809899,0.00048451469,0.000708897482,0.00149793283,0.000553148042,0.992001176,0.00105751399,0.000481004186,0.000770129322,0.000363808911
syn-0234,0,2,4,4,6,0.000174594228,0.000296879385,0.000296088721,0.000906163827,0.000856655126,0.000414408103,0.995092452,0.000259867491,0.000796980399,0.000262073299,0.000458494702,0.000185326513
syn-0243,0,2,4,10,10,0.000384185347,0.000490689941,0.000262405403,0.000335642428,0.000205900345,0.000218291636,0.000440425589,0.00042264568,0.000457646238,0.000319269398,0.995718658,0.000744231278
syn-0250,0,2,4,11,11,0.000364079315,0.000460723211,0.000501556729,0.000362809282,0.000545998453,0.000545221497,0.000340664905,0.000334945769,0.000342381012,0.000868786476,0.000936877332,0.994395971
syn-0253,0,2,4,3,3,0.000333256088,0.000276410516,0.000747461163,0.994660437,0.000602261396,0.000497904432,0.000783952884,0.000466101628,0.000180450908,0.000528706762,0.00058396504,0.000339093647
syn-0255,0,2,4,2,2,0.000661872094,0.000293001096,0.995381236,0.000669235073,0.000353686803,0.000372956652,0.000339845516,0.000594308018,0.000295924954,0.000322071835,0.000296296086,0.000419537886
syn-0259,0,2,4,4,4,0.000568047457,0.000346336776,0.000358819059,0.000992143294,0.992601931,0.000481691794,0.00187867496,0.000520046917,0.00033688455,0.000432458037,0.000808761455,0.000674221839
syn-0260,0,2,4,11,11,0.00136605999,0.00473273266,0.00143238506,0.00212329975,0.00208648713,0.00219166069,0.0277878623,0.000990836881,0.00176483148,0.00271188933,0.0313731506,0.921438813
syn-0265,0,2,4,3,3,0.00065363769,0.000251154503,0.000619748025,0.991353691,0.00128419243,0.00130967947,0.00165030372,0.000417945121,0.000229219935,0.00124212145,0.000646156957,0.000342134968
syn-0269,0,2,4,10,10,0.000321446656,0.000854512444,0.00040616488,0.000573982543,0.000273457088,0.000290262018,0.00503322762,0.000414063019,0.000495990447,0.000444317004,0.990547538,0.000345062901
syn-0285,0,2,4,11,11,0.000395773997,0.000635302917,0.000417439267,0.00046719698,0.000598408573,0.000593417673,0.000535902509,0.000251676975,0.000632901618,0.00077507057,0.000606351299,0.994090557
syn-0286,0,2,4,8,8,0.000317311788,0.000382662402,0.000184705947,0.000120924044,0.00012514359,0.000483361975,0.000889194489,0.00026796764,0.99624306,0.000391168986,0.000422395533,0.000172110449
syn-0289,0,2,4,8,8,0.0207120236,0.213015884,0.00248179724,0.00149764656,0.00221669441,0.145462289,0.00726466998,0.0139111681,0.578275144,0.00443721423,0.0074377507,0.00328773982
syn-0299,0,2,4,1,1,0.000363959785,0.995196462,0.000247608376,0.000440325151,0.000270930992,0.000629508286,0.000547775882,0.000475435489,0.000462920754,0.00069858518,0.000346298795,0.000320182298
syn-0305,0,2,4,1,1,0.000261424662,0.995657921,0.000302456494,0.000315496203,0.000211098275,0.00039497987,0.000643089064,0.000445787067,0.000315200858,0.000487202895,0.000506647164,0.000458704162
syn-0307,0,2,4,3,3,0.00446256669,0.00314521254,0.000814222207,0.90644902,0.00556157436,0.00364901195,0.0118453456,0.00142637687,0.0027230354,0.0562494956,0.00209637312,0.00157775986
syn-0321,0,2,4,9,9,0.000355411845,0.000380607613,0.000316513033,0.000785354234,0.000304006477,0.000307123293,0.000444666046,0.000561585184,0.000533537182,0.994345963,0.00119800272,0.000467237638
syn-0326,0,2,4,1,1,0.000404333521,0.989883184,0.000379556557,0.000296576269,0.000509723497,0.000874634599,0.00097840128,0.00132173416,0.00224972214,0.00116023573,0.000436196598,0.00150569575
syn-0333,0,2,4,5,4,0.00892892387,0.000958074001,0.001596616,0.00388533296,0.837510884,0.117426544,0.00797982607,0.00131501013,0.0158008635,0.00108080136,0.00203760457,0.00147951499
syn-0338,0,2,4,8,8,0.000691425637,0.000599938503,0.000213034975,0.000126872386,0.000168780738,0.000413520669,0.000749191036,0.000266337127,0.995321214,0.00064907287,0.000563164242,0.000237448723
syn-0350,0,2,4,2,2,0.000728393265,0.000317560975,0.995221078,0.000716895505,0.000324927416,0.000341581414,0.000398281933,0.000631944393,0.000304990564,0.000317367434,0.000266676943,0.000430288172
syn-0352,0,2,4,8,8,0.000317142723,0.000272865378,0.000214864776,0.000113242138,0.000139380296,0.000427129009,0.000377417891,0.000463441509,0.996718526,0.000329595845,0.000420904427,0.000205494158
syn-0353,0,2,4,7,7,0.000714164169,0.000999001553,0.0010375675,0.00125282526,0.00101653149,0.018097017,0.000790263002,0.969449282,0.00174843916,0.00227713445,0.0015051181,0.00111263059
syn-0363,0,2,4,9,9,0.0213727206,0.0123171043,0.00113668176,0.00586342998,0.00157217204,0.00319813564,0.00423484296,0.00220351876,0.00607997179,0.715765774,0.159146428,0.0671091974
syn-0368,0,2,4,9,9,0.000505144708,0.000748183404,0.000268340111,0.000575288199,0.000349838811,0.000381003018,0.000384803046,0.000299286476,0.00098734023,0.993643522,0.000673321425,0.0011839529
syn-0377,0,2,4,5,5,0.000549142889,0.000886933296,0.000844923605,0.00137566344,0.000487446756,0.985438287,0.00105772645,0.0055087069,0.000628608279,0.000671518268,0.00103000225,0.00152102101
syn-0378,0,2,4,2,2,0.000589962758,0.000262907415,0.995082676,0.000864598085,0.000314788398,0.000369292567,0.000351897615,0.000653042691,0.000254005776,0.000363128318,0.000439787138,0.00045390919
syn-0379,0,2,4,3,3,0.000537771906,0.00043016643,0.000950314221,0.99095279,0.00117227098,0.000409445725,0.00208152109,0.000324094464,0.000295792823,0.00180069474,0.000755571236,0.00028956501
syn-0386,0,2,4,10,10,0.00038741983,0.000358530931,0.000400906545,0.00042188089,0.000275295577,0.000156065274,0.00039961419,0.000578848412,0.000223638926,0.000485256111,0.995938957,0.000373571005
syn-0391,0,2,4,0,0,0.994637191,0.000427813735,0.000606480869,0.000432031229,0.000574617065,0.000300959277,0.000415426097,0.000307693583,0.000720937038,0.000506901706,0.000721699907,0.000348218455
syn-0399,0,2,4,8,8,0.00027932605,0.000225953569,0.000173870823,0.000115487965,0.000162234675,0.000405804982,0.000634165306,0.000385540217,0.996295273,0.00027780098,0.000827984128,0.000216538698
syn-0402,0,2,4,1,1,0.000627551461,0.993833184,0.000262363697,0.000405788567,0.000517167151,0.000432973873,0.000443047611,0.00064406608,0.000436648377,0.000432536646,0.00113772019,0.000826924341
syn-0403,0,2,4,9,9,0.00101331761,0.000856540224,0.000300614745,0.000444890378,0.000304522924,0.000355327327,0.000339593011,0.000471916836,0.00196362124,0.992318094,0.00102885475,0.000602689513
syn-0408,0,2,4,4,4,0.0144544821,0.000659876037,0.000866884191,0.00094339042,0.972895145,0.000694713322,0.00292632147,0.000952023314,0.00232473179,0.000807096774,0.00102584821,0.00144947879
syn-0413,0,2,4,9,9,0.000573833124,0.000950777845,0.000323190819,0.000444693986,0.000307183014,0.000360058679,0.000526708202,0.000598948041,0.00122655032,0.992606759,0.00157332234,0.000507992052
syn-0432,0,2,4,6,6,0.000228662,0.00053964759,0.000323250657,0.000569744036,0.00023975494,0.000511116581,0.995677531,0.000409987755,0.000504698022,0.000255774765,0.00044366272,0.000296145154
syn-0437,0,2,4,3,10,0.00267697126,0.00423713215,0.000860314234,0.0961018652,0.00943134818,0.00481323246,0.0422827788,0.000854130194,0.0063128639,0.00752395066,0.818571925,0.00633347081
syn-0468,0,2,4,6,6,0.000219152033,0.00035927273,0.000304628193,0.000586742302,0.000255521823,0.000514326151,0.995918632,0.000376308541,0.000539680885,0.000238613924,0.000454313093,0.000232794962
syn-0473,0,2,4,10,10,0.000368689216,0.000537359447,0.00031076913,0.000546634081,0.000454347522,0.000184630539,0.000651297276,0.000497039931,0.000420528348,0.000292942277,0.995453537,0.000282230176
syn-0484,0,2,4,3,3,0.000312571006,0.00027070794,0.000681132486,0.995130181,0.000552788202,0.000435584458,0.000637384423,0.000389260938,0.00017106811,0.000680902973,0.000473715627,0.000264675095
syn-0491,0,2,4,10,10,0.000467382808,0.000294691999,0.000336821395,0.000481465599,0.000236011881,0.000176490707,0.000642305007,0.000598633604,0.000438047544,0.000276183884,0.995823264,0.000228699661
syn-0499,0,2,4,11,11,0.000463173492,0.00056386186,0.000449611689,0.000339245365,0.000646575529,0.000511800172,0.000375320524,0.000344159198,0.000331012765,0.0012055391,0.000534571882,0.994235158
