id,fold_seed,model_seed,fold,gold,pred,prob_0,prob_1,prob_2,prob_3,prob_4,prob_5,prob_6,prob_7,prob_8,prob_9,prob_10,prob_11
syn-0003,0,0,0,2,2,0.057712443,0.04938918,0.23969327,0.05780393,0.05560351,0.09363288,0.054619752,0.101451,0.06403517,0.07442315,0.0725079,0.07912782
syn-0004,0,0,0,10,5,0.05142843,0.049835,0.04938931,0.06867231,0.064208664,0.1492891,0.06496275,0.09442561,0.11077262,0.13713479,0.08639276,0.07348865
syn-0006,0,0,0,7,9,0.07029528,0.05123292,0.07698547,0.09045252,0.05075156,0.0909276,0.08410033,0.12063855,0.06823433,0.12548262,0.07135069,0.09954812
syn-0008,0,0,0,8,8,0.032316107,0.029322462,0.020121213,0.03108275,0.046185646,0.041113414,0.029092751,0.020532843,0.67112213,0.024729297,0.024865907,0.029515462
syn-0011,0,0,0,10,10,0.024675926,0.04815698,0.033319574,0.05259395,0.050327733,0.08746542,0.11075432,0.046119317,0.06842709,0.1811756,0.21962851,0.07735556
syn-0015,0,0,0,6,6,0.06964055,0.046508763,0.033429906,0.055035904,0.10309278,0.076814175,0.3471073,0.038169872,0.07212587,0.064642884,0.04601286,0.04741913
syn-0016,0,0,0,9,9,0.047452666,0.045898393,0.04505048,0.074045435,0.055904876,0.11617058,0.06560598,0.06411259,0.14419414,0.19755258,0.08599306,0.05801923
syn-0017,0,0,0,3,3,0.065751314,0.0751357,0.060630403,0.22302912,0.05744187,0.08175245,0.05813675,0.07500987,0.10804723,0.06503774,0.06530124,0.064726315
syn-0020,0,0,0,6,6,0.032556616,0.03761703,0.0509026,0.091928944,0.05211974,0.111388355,0.30132827,0.04810425,0.06653957,0.0865575,0.072595164,0.048361942
syn-0034,0,0,0,0,0,0.29870254,0.0450936,0.0642431,0.05017184,0.07177012,0.07189248,0.091879115,0.056819294,0.1150353,0.032160074,0.056825455,0.0454071
syn-0044,0,0,0,2,7,0.060246274,0.059522837,0.12591757,0.0832333,0.061307747,0.07241498,0.07324777,0.16490218,0.084762245,0.06017569,0.07793108,0.07633834
syn-0049,0,0,0,8,4,0.0795358,0.09279091,0.0665806,0.074368626,0.11382891,0.09589491,0.053297985,0.0739378,0.09255367,0.11118657,0.08526861,0.060755618
syn-0052,0,0,0,4,4,0.12923339,0.047032144,0.040899616,0.046341494,0.2906546,0.08045219,0.063151345,0.0505918,0.09014449,0.047411114,0.07569971,0.0383881
syn-0053,0,0,0,10,10,0.01705573,0.027962431,0.044321135,0.031072155,0.056842264,0.061186336,0.02810909,0.044530295,0.021383356,0.030617846,0.6014551,0.035464257
syn-0055,0,0,0,3,3,0.054449454,0.044463616,0.11139679,0.14864993,0.056580327,0.10919492,0.066297024,0.07508642,0.08246319,0.104371235,0.050182667,0.096864425
syn-0063,0,0,0,1,1,0.028310493,0.6021069,0.028103948,0.043047972,0.04022298,0.037243012,0.031289607,0.03295163,0.04033119,0.05860576,0.037780143,0.020006355
syn-0069,0,0,0,11,11,0.05616222,0.060152132,0.045805994,0.0714948,0.15946746,0.095380396,0.07681072,0.0804447,0.053638194,0.057652008,0.05827957,0.1847118
syn-0072,0,0,0,0,0,0.7997802,0.021545427,0.0133399805,0.010658057,0.022829996,0.015765348,0.013223911,0.016830377,0.048005216,0.013009522,0.010807764,0.014204229
syn-0073,0,0,0,11,11,0.045238595,0.08215767,0.043168034,0.052977636,0.05579112,0.08683006,0.06438567,0.06992278,0.039818615,0.060023397,0.17643899,0.22324744
syn-0077,0,0,0,2,2,0.05154224,0.05782414,0.23515722,0.074990064,0.045037102,0.04556924,0.10752367,0.14712703,0.03724892,0.063686825,0.052975472,0.08131807
syn-0081,0,0,0,10,10,0.06711579,0.06340292,0.049647022,0.04905344,0.05237219,0.08030164,0.06125234,0.048872896,0.101385444,0.13500059,0.1985723,0.093023434
syn-0084,0,0,0,5,5,0.032519583,0.052754644,0.055969454,0.0824584,0.07369798,0.33725527,0.04519296,0.06350716,0.06714093,0.05773861,0.09297717,0.038787846
syn-0090,0,0,0,5,5,0.07246015,0.079859644,0.05022625,0.06108637,0.050555278,0.20396057,0.090835236,0.12207529,0.079329714,0.078109846,0.06650042,0.04500124
syn-0093,0,0,0,5,6,0.04128133,0.041176636,0.057972394,0.098796576,0.043368053,0.18408415,0.22258364,0.0762776,0.047526952,0.07139905,0.07338967,0.042143956
syn-0098,0,0,0,10,10,0.026722075,0.10084511,0.042110886,0.042677224,0.052647077,0.035088174,0.034357425,0.044032663,0.049910918,0.03655909,0.4954518,0.03959754
syn-0101,0,0,0,3,3,0.055875145,0.068059705,0.08609027,0.14521252,0.11067057,0.09567264,0.08541179,0.07909036,0.04719154,0.048392046,0.083100736,0.0952327
syn-0109,0,0,0,3,5,0.04503276,0.05859314,0.06155051,0.17127307,0.055205274,0.17752884,0.090188675,0.055125102,0.040162973,0.10999916,0.08539119,0.049949307
syn-0120,0,0,0,3,8,0.060299836,0.07095817,0.11508051,0.09703732,0.049989942,0.077719435,0.06465728,0.05730619,0.11598682,0.1154335,0.09228636,0.08324463
syn-0121,0,0,0,9,9,0.04963805,0.094579935,0.048013974,0.0683547,0.0761726,0.06479031,0.06456249,0.07461375,0.1129788,0.21307895,0.07993586,0.053280573
syn-0139,0,0,0,1,1,0.028099168,0.57293326,0.044909604,0.036256015,0.030417234,0.039460015,0.043469943,0.024972819,0.035399444,0.028674455,0.06079175,0.05461632
syn-0148,0,0,0,7,3,0.051975515,0.09423281,0.10411561,0.12556522,0.06701783,0.07927827,0.06542289,0.089791335,0.1016588,0.06691191,0.082770504,0.0712593
syn-0155,0,0,0,4,4,0.058594897,0.035772353,0.023667028,0.04197581,0.5507751,0.061112095,0.05229158,0.040292315,0.056052517,0.025028754,0.02883487,0.025602704
syn-0158,0,0,0,1,1,0.04174877,0.48422623,0.048122898,0.06549338,0.028728638,0.02456754,0.061039753,0.019632176,0.0755484,0.036295813,0.074386165,0.040210236
syn-0166,0,0,0,5,5,0.09461348,0.11608571,0.039843313,0.095294565,0.049286105,0.23871218,0.065598175,0.04642655,0.09505239,0.05123619,0.057695396,0.05015594
syn-0169,0,0,0,4,4,0.1160074,0.09934771,0.05730358,0.0672428,0.13159662,0.057376616,0.07546081,0.087583534,0.047792897,0.0887494,0.10427848,0.06726014
syn-0173,0,0,0,8,8,0.04598087,0.062073596,0.033460185,0.04110859,0.057179518,0.080583625,0.10356808,0.04644178,0.4018937,0.04164889,0.053482275,0.03257889
syn-0175,0,0,0,11,10,0.04724103,0.14151923,0.044993676,0.058450505,0.07281652,0.0697853,0.062858716,0.06532442,0.053337328,0.07127007,0.18486695,0.12753627
syn-0196,0,0,0,4,4,0.09176001,0.03348992,0.027552143,0.03737292,0.54287213,0.056387793,0.04925788,0.038508665,0.036594026,0.026841832,0.027862115,0.03150054
syn-0223,0,0,0,6,6,0.043160502,0.043247808,0.038968664,0.15798113,0.106169984,0.10718365,0.2104804,0.05419882,0.06022887,0.0672389,0.06333941,0.04780184
syn-0230,0,0,0,9,9,0.05474902,0.042142894,0.063657045,0.05551764,0.056927282,0.056491286,0.06255627,0.072604194,0.056160968,0.35800523,0.07032636,0.05086181
syn-0233,0,0,0,8,8,0.039674014,0.07379658,0.015041286,0.02489184,0.03577676,0.02965574,0.04839207,0.024301164,0.57253057,0.058298774,0.05387725,0.023763936
syn-0241,0,0,0,1,1,0.03699068,0.40090218,0.03850865,0.062351037,0.07184421,0.07926645,0.03463254,0.032115642,0.107480615,0.052106664,0.03775723,0.04604409
syn-0246,0,0,0,8,8,0.13295682,0.07000894,0.03327273,0.053445764,0.047740072,0.06780443,0.14551982,0.07868499,0.21579857,0.042581275,0.055130877,0.057055693
syn-0248,0,0,0,6,10,0.053023417,0.047415793,0.034851447,0.060426958,0.061105873,0.111555055,0.13608843,0.047454283,0.045524105,0.055974234,0.2925618,0.05401859
syn-0249,0,0,0,8,8,0.070597604,0.059244204,0.06951494,0.06746323,0.04111075,0.07492941,0.045758504,0.06398966,0.22127943,0.08527092,0.13882793,0.062013436
syn-0252,0,0,0,8,8,0.046048943,0.098284066,0.018417763,0.029099628,0.05908464,0.033414356,0.056673717,0.02924837,0.48998255,0.063419245,0.05202508,0.024301663
syn-0254,0,0,0,7,8,0.095599584,0.08674848,0.08512004,0.08086054,0.054145873,0.11511039,0.06270055,0.08489184,0.11711815,0.07182023,0.07148359,0.07440074
syn-0270,0,0,0,10,10,0.05222076,0.044001557,0.04260746,0.0853124,0.08073084,0.085880496,0.06869844,0.05967512,0.047057983,0.07653975,0.28976333,0.067511864
syn-0273,0,0,0,0,0,0.36301926,0.04122169,0.039335262,0.10637459,0.05736997,0.10706897,0.036912043,0.04402275,0.042850956,0.042394534,0.0691556,0.05027438
syn-0274,0,0,0,9,10,0.04049231,0.032209825,0.075556695,0.053948518,0.04290157,0.10098671,0.033783816,0.049028814,0.14616208,0.1428562,0.19620618,0.0858673
syn-0275,0,0,0,0,0,0.45327783,0.045214783,0.042057026,0.05285194,0.064032204,0.036167905,0.043278646,0.046850473,0.052023843,0.05089027,0.06453218,0.0488229
syn-0276,0,0,0,6,10,0.0499066,0.0508548,0.04172851,0.032872293,0.07836431,0.11878935,0.14812057,0.08559832,0.044591524,0.03624796,0.24442244,0.068503335
syn-0284,0,0,0,0,0,0.30530423,0.09812404,0.036281023,0.056551717,0.061662555,0.058186304,0.05148804,0.039861463,0.1392277,0.04871767,0.06325192,0.04134335
syn-0296,0,0,0,3,3,0.06123043,0.047600668,0.05347687,0.25722522,0.08582716,0.17458865,0.058839947,0.06918767,0.048142057,0.057160333,0.044651963,0.042069055
syn-0302,0,0,0,10,10,0.011158444,0.016037494,0.029300332,0.019729648,0.032993086,0.018947586,0.033005267,0.030710865,0.046324063,0.026403759,0.7181099,0.017279536
syn-0304,0,0,0,1,1,0.0355524,0.31979844,0.0648677,0.07532449,0.060730074,0.09621586,0.07485272,0.040709533,0.04983445,0.048979145,0.07960908,0.053526115
syn-0311,0,0,0,9,3,0.0748104,0.071589425,0.048275437,0.18427463,0.058360685,0.075443864,0.117409065,0.038566586,0.043464966,0.15425302,0.061083794,0.07246814
syn-0316,0,0,0,0,0,0.17096117,0.0572786,0.045249548,0.07754426,0.08589939,0.16794685,0.07042171,0.057153285,0.10911176,0.06436437,0.05574633,0.038322717
syn-0318,0,0,0,11,11,0.05557018,0.059450056,0.07102652,0.082694456,0.092645906,0.054982252,0.14431879,0.07268461,0.046634227,0.064449936,0.08347332,0.17206974
syn-0328,0,0,0,10,10,0.03158591,0.06127241,0.033392493,0.06343277,0.04667869,0.08297547,0.033033744,0.05889002,0.057315163,0.037831813,0.43770495,0.055886563
syn-0332,0,0,0,6,6,0.02640271,0.028321777,0.027916642,0.055441022,0.05422298,0.03771842,0.5004486,0.029930163,0.04801552,0.03626294,0.09598337,0.059335902
syn-0345,0,0,0,7,9,0.044627767,0.075295396,0.0833272,0.07219739,0.081175186,0.08686746,0.07493566,0.09539804,0.07450882,0.13809532,0.10048487,0.07308688
syn-0354,0,0,0,8,8,0.12084768,0.029324263,0.01840027,0.022215491,0.027557965,0.030982226,0.02923417,0.013754676,0.6410328,0.033971556,0.016855972,0.015822923
syn-0356,0,0,0,8,8,0.103316925,0.08532313,0.04986053,0.072434574,0.07837555,0.07051689,0.08770256,0.054466445,0.12780575,0.10914024,0.07534199,0.08571541
syn-0357,0,0,0,3,3,0.06582006,0.14789973,0.072625004,0.15697841,0.07618972,0.08353187,0.088386126,0.06499235,0.071671315,0.05038189,0.06964326,0.051880274
syn-0371,0,0,0,6,6,0.02795913,0.06050682,0.026682068,0.04044812,0.03458113,0.030437501,0.5380802,0.02295845,0.07963408,0.02930343,0.08034216,0.029066881
syn-0372,0,0,0,1,1,0.039648075,0.28132862,0.038239464,0.075234644,0.09980188,0.08713783,0.077180386,0.052860178,0.04719631,0.042897657,0.100594774,0.057880193
syn-0380,0,0,0,4,4,0.03164738,0.027823327,0.028149366,0.036205746,0.6051404,0.11324908,0.025718378,0.030475754,0.026237752,0.027883958,0.026063213,0.021405643
syn-0382,0,0,0,0,0,0.46879306,0.033811525,0.03729081,0.05454171,0.06668326,0.045785226,0.048453,0.038378894,0.06673158,0.055067576,0.041093852,0.043369494
syn-0383,0,0,0,2,2,0.027687017,0.033449702,0.58516246,0.042935684,0.03540333,0.044047162,0.042423386,0.05873306,0.028913751,0.03315315,0.032977402,0.03511389
syn-0419,0,0,0,1,1,0.026524972,0.63123184,0.03167252,0.04749254,0.02751162,0.040315013,0.022645047,0.041246828,0.028598279,0.022761911,0.04798471,0.032014705
syn-0421,0,0,0,10,10,0.017537683,0.049042426,0.020227207,0.054078355,0.025707845,0.057796154,0.04281845,0.022641605,0.05635249,0.078796364,0.5153885,0.05961294
syn-0425,0,0,0,5,5,0.09704224,0.051414967,0.054270834,0.15335938,0.05653751,0.20792012,0.0661107,0.0648398,0.079151444,0.04676953,0.061259758,0.06132371
syn-0448,0,0,0,4,5,0.11250474,0.056254797,0.061734553,0.093185216,0.06311841,0.2560112,0.065155715,0.058966175,0.08198601,0.04956744,0.058572147,0.0429436
syn-0452,0,0,0,10,10,0.020824665,0.035866294,0.026143707,0.04017423,0.045955326,0.03902112,0.123353876,0.026623433,0.14776476,0.06480473,0.3799299,0.049537953
syn-0454,0,0,0,11,11,0.036825377,0.039945055,0.078369044,0.05755914,0.050431516,0.08256453,0.06789595,0.07581049,0.094162084,0.040463485,0.06132544,0.31464788
syn-0455,0,0,0,2,2,0.08761079,0.06579094,0.18345402,0.070630915,0.050013904,0.090773,0.070479624,0.05657438,0.08435962,0.09813751,0.05984828,0.08232701
syn-0457,0,0,0,9,9,0.0611661,0.0572113,0.036844995,0.077266045,0.047475155,0.0476841,0.053898107,0.051594526,0.03218457,0.39284056,0.08036545,0.0614691
syn-0459,0,0,0,5,1,0.0855905,0.13540807,0.054922383,0.06155786,0.08996145,0.12197424,0.071768984,0.09715744,0.063027844,0.098599695,0.07170945,0.048322085
syn-0480,0,0,0,1,1,0.05754534,0.15011579,0.073548086,0.14217088,0.11503735,0.080765754,0.06550319,0.061254974,0.06149864,0.07355184,0.05120643,0.06780173
syn-0487,0,0,0,6,6,0.09201269,0.061054304,0.045811273,0.08166037,0.06289814,0.07853279,0.20199472,0.04408387,0.16710775,0.052780796,0.04135925,0.07070406
syn-0489,0,0,0,11,11,0.045374606,0.06737467,0.11281121,0.09165875,0.060537715,0.095270656,0.09576047,0.061911095,0.08607535,0.06403202,0.058705,0.16048847
syn-0495,0,0,0,2,2,0.05352817,0.045388717,0.19070607,0.12041158,0.06817862,0.08684063,0.0658172,0.13505924,0.05304092,0.06070536,0.064045176,0.05627832
syn-0496,0,0,0,8,8,0.052647594,0.08040438,0.017037958,0.037624255,0.047943752,0.03382388,0.06282469,0.026571156,0.5436982,0.031042721,0.043139968,0.023241436
syn-0497,0,0,0,5,5,0.04798122,0.067085505,0.03959053,0.054631904,0.047640834,0.28947708,0.043137554,0.1690866,0.0823555,0.051749732,0.049358524,0.057905022
syn-0498,0,0,0,7,8,0.06333215,0.11605615,0.051421978,0.04515689,0.06629796,0.12532158,0.093117535,0.077146254,0.14507832,0.07944438,0.07157255,0.066054255
syn-0013,0,0,1,6,6,0.021612046,0.015418945,0.010759295,0.024916619,0.0061498806,0.020575527,0.7391513,0.018644825,0.06463163,0.037339002,0.02271855,0.018082388
syn-0018,0,0,1,3,6,0.0035495348,0.0045156605,0.0014480087,0.0239877,0.0022932878,0.010771169,0.93546295,0.0020365801,0.0029171933,0.008250822,0.0026147673,0.0021523342
syn-0031,0,0,1,0,0,0.80205244,0.03046231,0.0037799538,0.0031240406,0.017941251,0.011558385,0.009459703,0.028919367,0.07443981,0.0033551739,0.00466654,0.010241018
syn-0032,0,0,1,4,4,0.03432533,0.040680945,0.036893576,0.02642254,0.30949736,0.12727563,0.25434005,0.037702225,0.022888558,0.049972963,0.025534218,0.034466602
syn-0037,0,0,1,8,8,0.036853813,0.04196979,0.013635286,0.06952661,0.026929352,0.11405094,0.052878458,0.013510612,0.5601457,0.025699725,0.02559906,0.019200671
syn-0041,0,0,1,10,9,0.0067449994,0.0037612743,0.0037419815,0.01124554,0.008124177,0.010320792,0.0069849766,0.0055940957,0.027988901,0.45893377,0.43224502,0.024314463
syn-0042,0,0,1,9,9,0.0107493,0.014213156,0.02941285,0.07388312,0.008084953,0.05624449,0.009312179,0.022550385,0.022309458,0.6410367,0.083544895,0.028658533
syn-0045,0,0,1,9,10,0.013243067,0.015927833,0.0056293407,0.10686241,0.0055335416,0.005172528,0.010045767,0.006149005,0.018666556,0.2506644,0.5534058,0.008699758
syn-0046,0,0,1,8,8,0.06884522,0.013192961,0.011017368,0.0074376413,0.009929317,0.011799877,0.011326521,0.03673486,0.57891905,0.16030763,0.06632362,0.024165897
syn-0057,0,0,1,8,8,0.011660382,0.008295894,0.005900935,0.013355445,0.046923723,0.020717248,0.03447178,0.012753049,0.7305323,0.0059125605,0.096749865,0.012726814
syn-0059,0,0,1,3,3,0.018532265,0.013931568,0.018697182,0.7568039,0.019013003,0.050566982,0.01608283,0.01535517,0.036342647,0.013412762,0.024341442,0.016920257
syn-0070,0,0,1,2,2,0.012986269,0.015235574,0.5697162,0.055556644,0.055805776,0.034859322,0.035197537,0.0692333,0.036465652,0.025902186,0.036917828,0.05212368
syn-0071,0,0,1,6,6,0.022355927,0.027840847,0.019231107,0.032044165,0.042402398,0.031158026,0.6797136,0.034622855,0.022099791,0.03093212,0.026651608,0.030947557
syn-0076,0,0,1,5,5,0.130447,0.028896352,0.005003787,0.018727925,0.013966355,0.6933421,0.008229764,0.058077116,0.017695772,0.0139057655,0.005930292,0.0057777585
syn-0079,0,0,1,1,11,0.039371774,0.034774344,0.03122583,0.03544482,0.14189209,0.051103543,0.067248054,0.054974973,0.08670983,0.15276487,0.058348738,0.24614115
syn-0086,0,0,1,10,10,0.0006827502,0.00045905207,0.0010936584,0.001994969,0.0006280012,0.0010429836,0.0030733044,0.0015805784,0.00041087755,0.0004417708,0.98273665,0.005855413
syn-0087,0,0,1,5,8,0.022470064,0.013516199,0.04045421,0.041705873,0.011851319,0.05004733,0.018714476,0.07361589,0.6255188,0.045346547,0.028008496,0.02875079
syn-0091,0,0,1,4,4,0.01035029,0.006599109,0.012380596,0.01054054,0.82552534,0.045068465,0.008615939,0.017638674,0.003664387,0.011811003,0.016601795,0.03120385
syn-0111,0,0,1,3,3,0.03880598,0.018297486,0.005886462,0.7274932,0.009307049,0.10255184,0.008809653,0.011741783,0.021341898,0.036719415,0.01389117,0.005154066
syn-0118,0,0,1,5,5,0.033366524,0.09717185,0.014961479,0.048990402,0.15160988,0.38174003,0.07441133,0.03143129,0.02639909,0.024786498,0.053383924,0.061747678
syn-0128,0,0,1,2,2,0.010432597,0.009651769,0.82620853,0.016619544,0.007237184,0.013273904,0.011403532,0.03545301,0.030713841,0.0072300686,0.011566587,0.02020943
syn-0130,0,0,1,6,6,0.02059862,0.030552464,0.02193026,0.011834431,0.015319599,0.04422735,0.5851675,0.077419266,0.120763965,0.012653736,0.025473533,0.034059256
syn-0133,0,0,1,2,2,0.046722747,0.040681675,0.37928775,0.08284849,0.060626768,0.03947842,0.034138825,0.10241784,0.04390298,0.055325963,0.05305329,0.06151524
syn-0134,0,0,1,5,5,0.02244274,0.025039786,0.021134479,0.022447214,0.029785875,0.5267716,0.0429874,0.14385313,0.08000982,0.042625304,0.030720597,0.012182061
syn-0146,0,0,1,10,10,0.0115069,0.0069100866,0.013924376,0.075336926,0.010036908,0.0050160843,0.014888371,0.005969852,0.010945445,0.020145582,0.8100604,0.015259073
syn-0147,0,0,1,0,0,0.7019657,0.021521471,0.010259689,0.042870577,0.023068534,0.045545254,0.0076028984,0.024265839,0.03298438,0.065221444,0.0153467925,0.009347437
syn-0151,0,0,1,10,6,0.08656976,0.0530084,0.031506825,0.019418867,0.039899,0.10735765,0.2006423,0.090542965,0.09018222,0.029393513,0.12587938,0.12559912
syn-0167,0,0,1,0,0,0.99490577,0.00029150248,0.00026825388,0.00057055766,0.0008430329,0.0004048402,0.00031284353,0.00023652059,0.001077215,0.00046695815,0.00026795833,0.0003545639
syn-0181,0,0,1,10,10,0.0021664375,0.024051988,0.005974565,0.017678907,0.022469863,0.001577771,0.04231473,0.009886714,0.40475574,0.003976149,0.45835695,0.006790168
syn-0187,0,0,1,3,3,0.05782637,0.023610556,0.03825094,0.65282905,0.025278682,0.06151178,0.024756808,0.028270274,0.011765219,0.04648466,0.01568695,0.013728699
syn-0191,0,0,1,4,4,0.02443179,0.02506546,0.010830319,0.2020499,0.24571708,0.015429384,0.13611344,0.009542061,0.0054711904,0.12791036,0.14631642,0.05112261
syn-0202,0,0,1,10,10,0.023199556,0.07092396,0.008179544,0.021877315,0.014189495,0.035333995,0.034019556,0.02267991,0.055171184,0.17783652,0.46875903,0.067829914
syn-0213,0,0,1,0,0,0.8595416,0.017020818,0.00505389,0.0037926834,0.016219068,0.0058043743,0.005434859,0.004354061,0.064592056,0.007896829,0.0015607432,0.008729016
syn-0222,0,0,1,8,8,0.009944366,0.027411636,0.0122335795,0.04078988,0.02932386,0.010901849,0.010077746,0.023376938,0.7708414,0.024357768,0.020887481,0.019853504
syn-0232,0,0,1,8,8,0.0042825504,0.0076719215,0.0026238717,0.0054353625,0.006838355,0.009997722,0.018561626,0.0054086624,0.88740444,0.045783855,0.004150179,0.0018414444
syn-0236,0,0,1,11,11,0.0375546,0.039682325,0.025123607,0.13574341,0.017131023,0.026624765,0.04295975,0.030503789,0.17996526,0.12957977,0.054986443,0.28014526
syn-0237,0,0,1,4,4,0.079842724,0.006870777,0.0022198793,0.007002875,0.8342431,0.005576328,0.017189039,0.0024660772,0.003759662,0.022447297,0.012838623,0.005543584
syn-0264,0,0,1,0,0,0.8835091,0.010018097,0.003461387,0.0018620223,0.05091528,0.01426408,0.007464984,0.0036322805,0.009959217,0.007983315,0.0009980708,0.0059321425
syn-0267,0,0,1,4,4,0.021466637,0.0017578843,0.0016170748,0.0019469995,0.9562367,0.0037274188,0.0021507419,0.0025984293,0.0010803032,0.0016242207,0.00174014,0.004053443
syn-0268,0,0,1,6,6,0.0043346225,0.011610117,0.0037298615,0.033017393,0.018842004,0.009607726,0.8825429,0.0043227943,0.002423104,0.009046915,0.015456364,0.005066179
syn-0271,0,0,1,2,2,0.024180379,0.010555691,0.5885555,0.21769972,0.009964538,0.016455779,0.021767657,0.025034148,0.010536768,0.0508587,0.01582281,0.008568331
syn-0272,0,0,1,3,3,0.3670121,0.015915489,0.04210394,0.40196314,0.0216845,0.05669056,0.017728534,0.02311925,0.013422401,0.015140995,0.011800029,0.013419067
syn-0279,0,0,1,0,0,0.9550006,0.003662968,0.00094690936,0.0011225654,0.008085464,0.00085882755,0.0020876576,0.0014721777,0.02374711,0.00061603676,0.0011244966,0.00127521
syn-0281,0,0,1,10,8,0.02197275,0.081719324,0.017129367,0.1281979,0.0130643835,0.08030288,0.045560513,0.009809242,0.22188269,0.12072764,0.22089407,0.03873925
syn-0283,0,0,1,7,7,0.025202207,0.022887485,0.09913313,0.018666564,0.019541338,0.15487897,0.040742286,0.48381984,0.05133256,0.02761735,0.037740964,0.018437302
syn-0294,0,0,1,1,1,0.0025985353,0.9568499,0.0029712091,0.0063444865,0.0065175784,0.006021514,0.0021873985,0.005816461,0.002148272,0.0036894826,0.0016690103,0.0031861651
syn-0295,0,0,1,10,10,0.013721266,0.041719545,0.032574754,0.03801311,0.061230384,0.01929059,0.08692526,0.036700808,0.072915435,0.21618825,0.34925604,0.031464558
syn-0297,0,0,1,11,11,0.013252934,0.009456901,0.024139995,0.02918152,0.03354069,0.013748984,0.025636489,0.032938704,0.021515813,0.019391846,0.06534004,0.71185607
syn-0298,0,0,1,7,7,0.06978367,0.021847367,0.10559404,0.00519183,0.037318047,0.12639286,0.024114402,0.51876116,0.039891258,0.0076700416,0.023167223,0.020268131
syn-0308,0,0,1,3,10,0.029201409,0.050689783,0.062665164,0.15008907,0.12615947,0.06643374,0.057421744,0.063024126,0.06602806,0.098973654,0.19020227,0.039111525
syn-0313,0,0,1,11,11,0.009624532,0.105051324,0.068784945,0.06194888,0.01921789,0.05708648,0.021707673,0.040324926,0.024191363,0.13208729,0.13698858,0.32298613
syn-0314,0,0,1,8,8,0.0016403273,0.0023974145,0.001446027,0.0033256235,0.0023805979,0.0011354941,0.0037007774,0.0009419216,0.97705185,0.0016617308,0.00310801,0.0012102308
syn-0325,0,0,1,4,5,0.037420392,0.020207051,0.09336873,0.15689403,0.027488783,0.19261298,0.15076217,0.08172573,0.0343752,0.10853103,0.03523135,0.061382547
syn-0336,0,0,1,0,0,0.7595257,0.028550332,0.005427139,0.016704114,0.01737039,0.12232294,0.013098774,0.012854357,0.006871199,0.007084771,0.0036262996,0.0065639843
syn-0343,0,0,1,8,8,0.017244747,0.03458696,0.05793682,0.041537844,0.03411845,0.05280469,0.0540031,0.024875972,0.47338337,0.12298926,0.028667599,0.057851184
syn-0346,0,0,1,6,6,0.021760032,0.03771705,0.023121634,0.053196568,0.01815564,0.14634715,0.5788035,0.035316322,0.028372146,0.021827314,0.025550641,0.009832001
syn-0348,0,0,1,9,9,0.06480383,0.040920347,0.048417244,0.036964398,0.034491137,0.050583888,0.09817202,0.11789332,0.09044494,0.35672197,0.034337334,0.026249593
syn-0358,0,0,1,2,2,0.018071573,0.06707629,0.38319236,0.15482958,0.023427032,0.060896643,0.05564581,0.0648771,0.011871735,0.01838634,0.10082555,0.040899977
syn-0366,0,0,1,9,9,0.00914018,0.0046955575,0.007039518,0.009511603,0.006062847,0.005863776,0.006733673,0.003453655,0.0051310384,0.8754688,0.009214629,0.057684753
syn-0369,0,0,1,6,6,0.00543974,0.010295599,0.007056019,0.005962914,0.007185835,0.038843166,0.8532457,0.012545529,0.0072176177,0.0077205305,0.034753207,0.009734167
syn-0370,0,0,1,9,9,0.0057715965,0.0071909926,0.006809451,0.012177912,0.0033972275,0.02924031,0.011937256,0.004005325,0.0340655,0.820736,0.0578523,0.006816126
syn-0373,0,0,1,11,11,0.0022073637,0.0046893335,0.0017060975,0.0024514853,0.0019617788,0.0013665566,0.013716062,0.0018267065,0.0014901803,0.0077018943,0.0016353553,0.9592472
syn-0374,0,0,1,8,8,0.025312183,0.08135113,0.015287744,0.12792723,0.03470745,0.026937254,0.028456084,0.010594955,0.48339942,0.08577836,0.036482245,0.043765925
syn-0381,0,0,1,8,8,0.010957115,0.020200929,0.006622575,0.020653736,0.013588942,0.047492176,0.042917326,0.019048085,0.55507576,0.16615824,0.08068615,0.016598938
syn-0396,0,0,1,3,2,0.02303667,0.071887314,0.2035593,0.045757238,0.055950828,0.06462023,0.13178875,0.1700781,0.036934435,0.036436822,0.066276975,0.09367335
syn-0397,0,0,1,1,1,0.0007694187,0.9765067,0.0013993096,0.0036177717,0.00066256366,0.0021674265,0.0037124066,0.0007332084,0.0028169258,0.0006064082,0.004302764,0.002705094
syn-0401,0,0,1,11,11,0.031407103,0.055983733,0.018282797,0.013609719,0.028506404,0.009231597,0.029592158,0.034565713,0.017504878,0.023184225,0.07527295,0.6628587
syn-0406,0,0,1,4,4,0.05004487,0.008424753,0.0028921005,0.025775932,0.7118897,0.0040642144,0.015625687,0.0035024565,0.0022516372,0.026677998,0.14231168,0.0065389867
syn-0415,0,0,1,1,8,0.016793067,0.22701663,0.013694571,0.014653342,0.0413656,0.09282434,0.023065744,0.014577562,0.25250226,0.033687193,0.09798843,0.17183127
syn-0416,0,0,1,2,2,0.0014046897,0.0018142227,0.9760167,0.0068166065,0.0012482415,0.0022951115,0.0019365749,0.0021139341,0.0012423401,0.0012830205,0.0015785974,0.0022499491
syn-0426,0,0,1,10,10,0.006682997,0.015607898,0.008046361,0.041954696,0.017388552,0.036021855,0.01562953,0.0132690845,0.034562048,0.015389199,0.75069827,0.04474952
syn-0427,0,0,1,5,5,0.055600148,0.03806767,0.015432376,0.08667328,0.06596595,0.34062305,0.12973078,0.042389106,0.06677671,0.11627234,0.021156508,0.02131209
syn-0439,0,0,1,6,6,0.044461075,0.029549126,0.026250731,0.025254194,0.042320374,0.028928438,0.35313565,0.08210828,0.3026945,0.018368486,0.020645333,0.026283816
syn-0443,0,0,1,7,7,0.035673324,0.029078696,0.12769124,0.09655205,0.03867696,0.20457244,0.031264167,0.27361995,0.028859803,0.04503016,0.053403556,0.035577655
syn-0444,0,0,1,5,5,0.02011873,0.007293732,0.008945957,0.0102252485,0.010210234,0.5720325,0.31515434,0.011372022,0.0067287907,0.01108681,0.0058323983,0.02099919
syn-0449,0,0,1,11,11,0.0068794186,0.014109664,0.029938452,0.046491995,0.014330904,0.024081416,0.021630088,0.027055996,0.024237717,0.013970059,0.104744814,0.67252946
syn-0453,0,0,1,1,1,0.010374887,0.7117141,0.006388806,0.11213481,0.008579598,0.008393638,0.09138516,0.0050045066,0.00906313,0.012970064,0.021350056,0.0026412664
syn-0456,0,0,1,11,3,0.008888246,0.023565155,0.011069162,0.46942905,0.012462399,0.011383794,0.004263857,0.0144474525,0.0052078096,0.025053158,0.09332567,0.32090425
syn-0460,0,0,1,8,8,0.0572551,0.041809022,0.05452066,0.051207982,0.12825917,0.06072872,0.058723375,0.1217589,0.1491344,0.055118393,0.09063835,0.13084593
syn-0465,0,0,1,7,2,0.023025496,0.04094441,0.23190539,0.046854217,0.05793842,0.06724062,0.09540173,0.19086918,0.0374945,0.036973134,0.06926675,0.10208616
syn-0471,0,0,1,5,11,0.022633363,0.035850774,0.0693087,0.1010371,0.095033474,0.03825249,0.050676256,0.12916645,0.025665527,0.046927083,0.029797077,0.3556517
syn-0481,0,0,1,9,9,0.0024771285,0.010147063,0.005613849,0.006662208,0.0041735154,0.006059721,0.0022015057,0.0035459567,0.024767859,0.91280097,0.011641941,0.009908289
syn-0482,0,0,1,1,3,0.011922108,0.13810302,0.016159605,0.727142,0.009231977,0.0148667125,0.025641112,0.01670586,0.0061865826,0.0110448245,0.01733989,0.005656314
syn-0486,0,0,1,1,1,0.06396276,0.20693463,0.07635859,0.12630177,0.07214481,0.0850508,0.075064525,0.07093476,0.064515755,0.04394475,0.06776671,0.047020156
syn-0490,0,0,1,7,9,0.039212402,0.032383047,0.042514358,0.065238684,0.1752946,0.0349788,0.04404619,0.15147129,0.056930847,0.23085678,0.08414733,0.04292567
syn-0009,0,0,2,8,8,0.047870945,0.039155494,0.042250965,0.04300966,0.047901697,0.05776535,0.05642431,0.086875625,0.39014062,0.050481934,0.071596615,0.06652678
syn-0010,0,0,2,9,9,0.052231252,0.050528307,0.027686084,0.06317434,0.030202331,0.056951337,0.062348343,0.048712995,0.06641279,0.375574,0.103457935,0.06272029
syn-0022,0,0,2,10,3,0.054504503,0.11765998,0.05491273,0.14688252,0.05002168,0.09315954,0.11317955,0.057880417,0.049520805,0.09549588,0.09544689,0.0713355
syn-0026,0,0,2,10,10,0.035168096,0.04781621,0.08035554,0.091442734,0.07245098,0.05234461,0.06612336,0.10020508,0.053910624,0.078802474,0.23830938,0.08307091
syn-0038,0,0,2,5,5,0.036843117,0.071942195,0.05267786,0.16602427,0.10306728,0.19570401,0.056714423,0.07776619,0.044982698,0.044209175,0.07318884,0.076879956
syn-0039,0,0,2,1,1,0.043655057,0.5186304,0.030194739,0.043224614,0.039414607,0.090335146,0.04838372,0.04331963,0.037998736,0.036993504,0.02846643,0.039383426
syn-0048,0,0,2,11,11,0.032254875,0.063426286,0.055553064,0.0766833,0.04935662,0.06086114,0.040308986,0.044356678,0.079629466,0.065545335,0.040675234,0.39134902
syn-0050,0,0,2,4,4,0.03544739,0.07426165,0.08117632,0.12231383,0.18615317,0.08909659,0.0796803,0.08878015,0.03475994,0.055711232,0.07230599,0.080313444
syn-0085,0,0,2,3,1,0.028560206,0.29269564,0.046680678,0.15376171,0.043590795,0.082111426,0.1481823,0.037184138,0.033574123,0.045340247,0.043785244,0.044533465
syn-0094,0,0,2,1,7,0.03910393,0.059615098,0.1374871,0.08689567,0.06780607,0.07852393,0.06806245,0.14347686,0.061220236,0.062600024,0.08348831,0.11172033
syn-0097,0,0,2,10,10,0.033457346,0.091508724,0.03849901,0.050020203,0.033555347,0.068613894,0.07670996,0.06387517,0.058779962,0.053649142,0.37189385,0.059437383
syn-0103,0,0,2,11,11,0.034288667,0.046356317,0.06880607,0.07907638,0.044857673,0.04518209,0.060985014,0.044269513,0.040085975,0.12069274,0.09924924,0.31615034
syn-0114,0,0,2,4,4,0.041385703,0.12749179,0.0644255,0.14725697,0.15324494,0.09377219,0.06682096,0.068488576,0.0340997,0.07518419,0.05922531,0.06860418
syn-0129,0,0,2,11,11,0.06292774,0.04579553,0.059069894,0.08651202,0.07209539,0.049943037,0.07484048,0.060698304,0.050219517,0.10942625,0.05209147,0.27638036
syn-0137,0,0,2,8,8,0.035559524,0.053194612,0.029196028,0.08431598,0.047698803,0.070620425,0.037175134,0.042360693,0.4196492,0.08732274,0.04677896,0.0461279
syn-0140,0,0,2,11,11,0.034139544,0.018203609,0.026276432,0.031517264,0.034522172,0.030591521,0.02834191,0.029852442,0.02265256,0.04759954,0.021432268,0.6748707
syn-0141,0,0,2,2,2,0.04409064,0.0394626,0.39708436,0.08019279,0.054670893,0.07838899,0.04239036,0.056480598,0.048372358,0.055577032,0.04290728,0.060382124
syn-0143,0,0,2,1,1,0.049451042,0.21931359,0.038690314,0.0523833,0.03372408,0.05675567,0.0730161,0.04943859,0.17887028,0.075531796,0.10149317,0.071332075
syn-0144,0,0,2,9,9,0.047646914,0.03867865,0.05056898,0.06354371,0.037229273,0.06700414,0.06262412,0.05252759,0.050210327,0.35610524,0.08554036,0.08832072
syn-0153,0,0,2,4,0,0.14767961,0.06066603,0.046255443,0.08697222,0.14495252,0.10175263,0.079177,0.046829883,0.06438892,0.050695486,0.11704433,0.053585935
syn-0154,0,0,2,1,1,0.04590949,0.41064247,0.04969015,0.07259425,0.03952629,0.053673588,0.047908872,0.05904119,0.07127496,0.038101472,0.07131382,0.040323433
syn-0160,0,0,2,5,3,0.053154174,0.060170423,0.058221642,0.20289123,0.04511957,0.19085726,0.056713324,0.068277754,0.06003389,0.08727242,0.07082681,0.046461493
syn-0163,0,0,2,4,4,0.061656587,0.040096715,0.050264895,0.038656697,0.30989018,0.054539245,0.0832826,0.06745983,0.15025052,0.048923798,0.040110447,0.05486848
syn-0164,0,0,2,8,8,0.057198334,0.04971936,0.067312755,0.066722564,0.07125445,0.114856936,0.119191244,0.0876676,0.15637335,0.057088047,0.084367506,0.068247855
syn-0165,0,0,2,8,8,0.053552113,0.08943451,0.033606984,0.07468092,0.063129805,0.060772765,0.07076699,0.046879277,0.30277136,0.06004511,0.11005364,0.034306515
syn-0171,0,0,2,6,6,0.03808757,0.04220677,0.041251462,0.054648392,0.05189888,0.07883859,0.3402111,0.08283388,0.13248359,0.03951595,0.045550704,0.052473128
syn-0172,0,0,2,10,10,0.05628044,0.046374895,0.03561831,0.06282462,0.038626358,0.0653873,0.06689274,0.027590284,0.06880161,0.0558056,0.4088911,0.06690672
syn-0178,0,0,2,9,9,0.05107182,0.055262562,0.048544947,0.086851895,0.050885797,0.08989198,0.03904244,0.042586833,0.14116012,0.29161376,0.056923926,0.046163935
syn-0179,0,0,2,1,1,0.047267854,0.46976444,0.028606132,0.045768633,0.026214868,0.033809174,0.08125532,0.033292152,0.033819865,0.09258817,0.03641469,0.0711987
syn-0183,0,0,2,4,4,0.037363127,0.06670919,0.035514753,0.041518375,0.47627428,0.09081975,0.048019134,0.04208495,0.04278885,0.041138113,0.030968864,0.046800613
syn-0186,0,0,2,3,3,0.07320739,0.056689348,0.06659853,0.29581305,0.058365796,0.049342476,0.059321377,0.056521997,0.07645546,0.096952215,0.060101952,0.050630417
syn-0188,0,0,2,10,10,0.02120623,0.045007244,0.02240944,0.047010936,0.041463632,0.03787928,0.050707716,0.03133935,0.03660192,0.04057142,0.53846234,0.08734047
syn-0193,0,0,2,11,4,0.04740024,0.09191198,0.06934005,0.070969604,0.12485898,0.09366421,0.065173,0.10897772,0.079051726,0.09862742,0.07838864,0.07163644
syn-0197,0,0,2,11,11,0.037103146,0.063929126,0.02593153,0.06227745,0.07448289,0.07577411,0.04969948,0.046740226,0.026543656,0.04858246,0.024293132,0.4646428
syn-0210,0,0,2,0,0,0.22454885,0.066477254,0.072850116,0.17440568,0.08094114,0.054425504,0.075109236,0.05310143,0.049738586,0.048167426,0.040280905,0.05995388
syn-0218,0,0,2,8,8,0.074020326,0.053974614,0.06411708,0.057966832,0.06576919,0.041156583,0.118676044,0.061219946,0.20302555,0.056157015,0.13523765,0.06867918
syn-0225,0,0,2,7,6,0.055101432,0.0636828,0.07314241,0.05328331,0.070197456,0.11130707,0.14719798,0.10096828,0.11655887,0.054600097,0.08638616,0.067574136
syn-0239,0,0,2,6,6,0.03375258,0.05456074,0.11718334,0.075672895,0.06445868,0.060953453,0.21312007,0.12200871,0.048892163,0.04914769,0.07719455,0.083055116
syn-0240,0,0,2,6,4,0.046100143,0.039122153,0.051790778,0.07837068,0.25654945,0.043377306,0.20255437,0.057540603,0.04818413,0.06238443,0.057882115,0.056143835
syn-0242,0,0,2,0,0,0.35557628,0.039100457,0.05589068,0.04026734,0.065388456,0.067148656,0.06389808,0.038029112,0.11082646,0.089437194,0.031040909,0.043396384
syn-0247,0,0,2,3,3,0.0838029,0.060592644,0.09034901,0.18749236,0.06206229,0.06353863,0.075273864,0.112239584,0.05644339,0.05383418,0.069924355,0.084446795
syn-0261,0,0,2,5,5,0.08760532,0.04678467,0.055852722,0.08456903,0.06551275,0.1722441,0.11095718,0.0712398,0.08304693,0.083860435,0.08340155,0.05492552
syn-0262,0,0,2,10,10,0.01185055,0.0155789815,0.031199193,0.030186433,0.02101161,0.02433584,0.022951156,0.03341113,0.016048482,0.03165543,0.74526435,0.016506838
syn-0263,0,0,2,0,0,0.23700343,0.06398766,0.052716445,0.06003038,0.097845174,0.07066528,0.05185389,0.080065206,0.08446711,0.085332334,0.06198171,0.054051384
syn-0278,0,0,2,9,9,0.03605694,0.05154082,0.052485023,0.078187235,0.037257098,0.08379143,0.058525182,0.049095828,0.056531027,0.3016767,0.122752376,0.07210034
syn-0280,0,0,2,0,0,0.48350108,0.037675824,0.027842771,0.03149216,0.064886756,0.043018457,0.065531716,0.034175407,0.11126635,0.038008455,0.025178252,0.037422765
syn-0282,0,0,2,7,7,0.049480233,0.05290456,0.069819055,0.08133217,0.051161617,0.08535256,0.08416929,0.26685333,0.071645364,0.043494307,0.06683156,0.07695595
syn-0288,0,0,2,9,9,0.028911421,0.031100726,0.028184388,0.041741777,0.019594913,0.03934016,0.024904784,0.023832666,0.08994302,0.59107345,0.041871965,0.03950074
syn-0290,0,0,2,0,4,0.22015263,0.03746795,0.04792765,0.051915426,0.24426027,0.054280512,0.04858342,0.069329076,0.086122915,0.046513055,0.048901353,0.044545747
syn-0291,0,0,2,1,1,0.026869563,0.69809157,0.021839729,0.02934913,0.02318496,0.027596194,0.03062845,0.02261301,0.033905882,0.021614099,0.0274321,0.036875293
syn-0293,0,0,2,0,0,0.25979778,0.060592066,0.058108367,0.08433363,0.10951012,0.071265996,0.049564276,0.07175644,0.06813693,0.06117308,0.049276397,0.056484915
syn-0301,0,0,2,3,3,0.083316535,0.04534778,0.07353945,0.29981333,0.05125134,0.0815144,0.07285365,0.059133135,0.03915571,0.06456327,0.0731085,0.0564029
syn-0322,0,0,2,2,2,0.037132993,0.04788771,0.33961517,0.06830969,0.04668062,0.05679109,0.059547357,0.08684205,0.058978938,0.044711992,0.077057876,0.07644451
syn-0323,0,0,2,7,7,0.044750575,0.062441893,0.11916462,0.12051641,0.070310675,0.083554655,0.064585865,0.12864539,0.059021622,0.08324018,0.07813041,0.085637696
syn-0329,0,0,2,8,8,0.038697787,0.058487527,0.046545804,0.07668299,0.06441869,0.07628211,0.039761297,0.0625629,0.29533085,0.13498808,0.050087325,0.056154646
syn-0330,0,0,2,0,0,0.5211897,0.035539065,0.02591565,0.04797659,0.04784421,0.0538968,0.031523142,0.052872725,0.04677643,0.05914059,0.026840094,0.050484996
syn-0334,0,0,2,6,6,0.027919902,0.04490009,0.09390737,0.06499747,0.067778714,0.049873706,0.36428553,0.091292046,0.041242246,0.04115695,0.0569354,0.05571058
syn-0335,0,0,2,3,11,0.024565322,0.06663995,0.03462705,0.081753865,0.051688742,0.037146237,0.05653164,0.027731335,0.018803358,0.028117063,0.056608625,0.5157868
syn-0349,0,0,2,5,5,0.034151062,0.030021513,0.05633112,0.10318795,0.05144772,0.23984173,0.048151072,0.09954724,0.07368572,0.06534335,0.13756363,0.060727894
syn-0359,0,0,2,4,8,0.101774804,0.060318653,0.07721012,0.09146668,0.100708045,0.074416414,0.07863963,0.09854347,0.12221652,0.046815928,0.06334367,0.084546074
syn-0367,0,0,2,4,4,0.049991515,0.08049077,0.06406256,0.1015243,0.12480004,0.099135004,0.095508,0.09329599,0.11389408,0.060321946,0.061926447,0.055049345
syn-0384,0,0,2,1,1,0.08548842,0.39959192,0.037694275,0.06693012,0.035411708,0.04886952,0.049667165,0.032606684,0.10149052,0.066422276,0.032474022,0.04335335
syn-0388,0,0,2,5,5,0.105611,0.04709515,0.044594433,0.08338408,0.056061313,0.24617419,0.074779026,0.13071373,0.078450575,0.049099617,0.035380024,0.04865686
syn-0393,0,0,2,2,2,0.11321847,0.08087311,0.14882724,0.121419035,0.051898174,0.06835365,0.07826721,0.098968156,0.06189215,0.065382436,0.055222966,0.055677403
syn-0407,0,0,2,6,6,0.04458723,0.05556877,0.047074847,0.092413284,0.070716225,0.14788194,0.17200834,0.06537771,0.048452448,0.12508006,0.07096411,0.05987505
syn-0409,0,0,2,10,10,0.036064137,0.058661465,0.06469184,0.069096,0.04133204,0.042964593,0.090687685,0.03833215,0.043544326,0.06715458,0.3606931,0.08677808
syn-0411,0,0,2,2,2,0.037068322,0.05160927,0.37112474,0.07917849,0.04095914,0.043858767,0.041853506,0.12951094,0.028261218,0.038765866,0.053821914,0.083987825
syn-0414,0,0,2,5,4,0.049036525,0.079386406,0.03655593,0.085151196,0.3425156,0.08845533,0.060563337,0.057912648,0.05642651,0.046238713,0.059977543,0.03778027
syn-0417,0,0,2,7,7,0.04973549,0.055501226,0.09646653,0.082529776,0.069192596,0.09910868,0.07398306,0.19942056,0.07586521,0.046293557,0.07386783,0.078035496
syn-0423,0,0,2,9,10,0.056869518,0.06971905,0.07765023,0.08995865,0.05845329,0.083294645,0.06995506,0.08967728,0.11041965,0.10828038,0.11489188,0.07083035
syn-0431,0,0,2,3,3,0.07699527,0.06486798,0.06677473,0.288233,0.05394571,0.0593726,0.051996335,0.0640608,0.056299634,0.081504434,0.05942135,0.07652814
syn-0433,0,0,2,5,1,0.041274138,0.13516515,0.09772869,0.096066006,0.07433104,0.0778195,0.06442352,0.088957734,0.071210384,0.08352053,0.0803256,0.089177705
syn-0436,0,0,2,6,6,0.031377856,0.03883911,0.03183271,0.04248078,0.05575972,0.0668853,0.5650489,0.029425941,0.02031975,0.04335182,0.042396862,0.0322813
syn-0440,0,0,2,1,1,0.0827491,0.39945012,0.02313101,0.041819517,0.03433784,0.08256004,0.045213822,0.027208718,0.14023064,0.040784318,0.041721355,0.040793512
syn-0450,0,0,2,10,10,0.017428864,0.030928934,0.063664235,0.059865836,0.029466406,0.032345966,0.03135251,0.042079955,0.021182116,0.09341329,0.51840484,0.059867043
syn-0451,0,0,2,8,5,0.08928148,0.06664744,0.051246025,0.06277567,0.04842737,0.19166571,0.057952207,0.06647975,0.15829487,0.06579034,0.07285052,0.06858862
syn-0458,0,0,2,6,6,0.010037363,0.013256199,0.013974831,0.028434385,0.022924898,0.021793358,0.79062057,0.01240522,0.016466696,0.023876637,0.026568811,0.019641045
syn-0461,0,0,2,2,2,0.033240307,0.075129114,0.2810041,0.053750597,0.06584617,0.058652025,0.07725399,0.09742629,0.06296149,0.059556056,0.06871876,0.066461116
syn-0463,0,0,2,11,11,0.006837831,0.008398037,0.012383455,0.013970944,0.008304633,0.010922042,0.007938197,0.010931781,0.007183856,0.019658828,0.016217936,0.87725246
syn-0472,0,0,2,8,8,0.039868593,0.046108827,0.03466624,0.053038973,0.032692164,0.059542652,0.074953035,0.06035354,0.37011462,0.094288796,0.07330106,0.06107149
syn-0476,0,0,2,7,5,0.07101381,0.053467672,0.05409801,0.10696293,0.056506474,0.3032734,0.047255937,0.0999075,0.042941544,0.06900403,0.056975894,0.038592786
syn-0478,0,0,2,2,7,0.039694447,0.060453486,0.15534396,0.08525061,0.06854413,0.080815054,0.07113815,0.15714133,0.0605485,0.06023052,0.08407215,0.07676767
syn-0488,0,0,2,10,10,0.034007937,0.05520827,0.06565215,0.06633019,0.07432327,0.060900036,0.10699694,0.08560703,0.05632971,0.06998315,0.26739058,0.05727075
syn-0492,0,0,2,6,6,0.019993737,0.027485542,0.034584448,0.03815005,0.02946847,0.02607443,0.60084325,0.024158645,0.06375584,0.0319424,0.0730955,0.030447688
syn-0493,0,0,2,8,8,0.028158026,0.030624934,0.022656854,0.023834825,0.060605045,0.032651294,0.031226233,0.022438336,0.6676764,0.023465902,0.02636285,0.030299308
syn-0002,0,0,3,1,1,0.06626431,0.34189355,0.055460896,0.06981614,0.061632145,0.07639298,0.0576754,0.06685265,0.056322318,0.04769519,0.051689252,0.048305172
syn-0005,0,0,3,11,11,0.06631216,0.05547068,0.07922696,0.10410445,0.059627786,0.071066536,0.060745582,0.065403655,0.089136966,0.08665024,0.06044097,0.20181403
syn-0025,0,0,3,8,8,0.10987153,0.08314944,0.046995353,0.047202777,0.05126826,0.060887378,0.049872857,0.06122834,0.32406417,0.05591851,0.06304895,0.046492424
syn-0027,0,0,3,4,8,0.08528079,0.09344897,0.0529772,0.0660914,0.15392193,0.07841924,0.05855983,0.07295145,0.18219835,0.044749193,0.059093162,0.05230849
syn-0033,0,0,3,5,5,0.05454007,0.07436304,0.05604796,0.09284002,0.072009936,0.16715868,0.052410465,0.07862612,0.124316946,0.08363454,0.071191065,0.07286116
syn-0035,0,0,3,9,9,0.06065393,0.063604474,0.06604612,0.07882108,0.074079946,0.07788944,0.070883505,0.07521241,0.058162134,0.1524059,0.13593696,0.08630409
syn-0040,0,0,3,4,4,0.05943683,0.061611027,0.064186454,0.07063578,0.19603768,0.08531738,0.06290669,0.06314069,0.053955365,0.077993385,0.13519412,0.069584586
syn-0051,0,0,3,3,3,0.07696883,0.06229123,0.09247648,0.16491741,0.06200133,0.12393991,0.07089766,0.062083736,0.054381363,0.09195438,0.073991075,0.0640966
syn-0054,0,0,3,5,5,0.062751345,0.046443947,0.048236944,0.09120122,0.053268395,0.3186235,0.049437948,0.08482164,0.076163694,0.06567137,0.060178153,0.04320183
syn-0056,0,0,3,8,8,0.08466394,0.059623778,0.067048356,0.0653366,0.077708565,0.05869802,0.071153596,0.057518754,0.27484474,0.05333747,0.07377707,0.05628909
syn-0058,0,0,3,9,8,0.053064242,0.069431454,0.06029094,0.08859418,0.07663586,0.08139139,0.12157993,0.06746211,0.13096566,0.110013634,0.07314688,0.06742371
syn-0062,0,0,3,7,2,0.057803884,0.069516286,0.1218838,0.082427375,0.08049481,0.08324211,0.07726605,0.11713239,0.0715658,0.06956434,0.085138924,0.08396421
syn-0064,0,0,3,6,6,0.0599339,0.07528078,0.06765626,0.08097112,0.08808754,0.09335433,0.15765467,0.079474956,0.0760158,0.055191413,0.099777445,0.06660177
syn-0065,0,0,3,11,11,0.047583487,0.085645206,0.058811735,0.06756063,0.0664797,0.07531008,0.071728796,0.06096447,0.049911916,0.05780356,0.13776524,0.22043519
syn-0067,0,0,3,5,5,0.054908656,0.07699722,0.06131173,0.10288787,0.06526269,0.14530627,0.05532063,0.08555789,0.08046092,0.08812527,0.09792751,0.085933335
syn-0068,0,0,3,10,10,0.045850914,0.07044756,0.052383248,0.055600766,0.06312907,0.07055517,0.06011692,0.055370968,0.15203568,0.06874278,0.24163103,0.06413588
syn-0080,0,0,3,3,3,0.07080437,0.08034033,0.07192231,0.1507674,0.082634434,0.079280585,0.06213484,0.06694475,0.118957914,0.064673305,0.085455015,0.06608475
syn-0100,0,0,3,2,2,0.05240618,0.07127221,0.21472771,0.066997625,0.06661375,0.07278631,0.07049887,0.086934716,0.06249061,0.07574269,0.0846717,0.07485762
syn-0112,0,0,3,4,4,0.10806442,0.07201492,0.055810682,0.064855345,0.16962226,0.06886266,0.05479033,0.070537776,0.16018791,0.05331916,0.0657562,0.05617832
syn-0117,0,0,3,6,10,0.067198955,0.0809883,0.07823487,0.088756084,0.09850153,0.081406265,0.08926973,0.08215905,0.08090153,0.06982388,0.10002507,0.08273472
syn-0123,0,0,3,10,10,0.04388973,0.060305975,0.06745033,0.09517529,0.061309077,0.06902978,0.06643979,0.06021448,0.07938262,0.093430564,0.22736712,0.07600525
syn-0124,0,0,3,6,3,0.04992187,0.071062304,0.07050046,0.15299383,0.085940145,0.07279827,0.1266742,0.05974957,0.09905047,0.06453255,0.08651857,0.060257744
syn-0125,0,0,3,9,8,0.06116281,0.07972528,0.06034821,0.06880114,0.06528561,0.10611525,0.10932957,0.06597512,0.12288392,0.11640983,0.0883565,0.055606756
syn-0135,0,0,3,0,0,0.25799426,0.07990933,0.06349535,0.06704072,0.060857322,0.06859693,0.051701594,0.0634876,0.12245315,0.054661486,0.057901092,0.051901165
syn-0142,0,0,3,4,4,0.050376493,0.06152249,0.043086406,0.057687286,0.37912312,0.081811585,0.04911115,0.06481497,0.047419935,0.05705269,0.051750176,0.0562437
syn-0145,0,0,3,2,2,0.054286905,0.085628375,0.14255127,0.101802126,0.075097464,0.07250995,0.06785498,0.10144457,0.07608469,0.07421616,0.07704184,0.07148166
syn-0149,0,0,3,8,8,0.10600445,0.07358953,0.04740161,0.060537834,0.07188574,0.07741057,0.06585258,0.067615606,0.18678902,0.084349334,0.09290394,0.06565978
syn-0150,0,0,3,3,3,0.07020245,0.09500813,0.08062498,0.10917079,0.08592857,0.09198576,0.06930704,0.08038167,0.06715201,0.09002725,0.0825062,0.07770515
syn-0152,0,0,3,3,4,0.05882284,0.08009518,0.09338414,0.11854143,0.16384652,0.07248772,0.07219688,0.06984668,0.0543109,0.07448882,0.07601262,0.06596626
syn-0159,0,0,3,11,11,0.051150657,0.064721175,0.06153366,0.058886725,0.064688645,0.07729055,0.08608958,0.0639947,0.05979222,0.06621845,0.08018302,0.26545063
syn-0162,0,0,3,9,9,0.07677435,0.057725143,0.07994763,0.07379637,0.07777497,0.07784531,0.08289825,0.076274715,0.0704352,0.18898863,0.07412371,0.06341571
syn-0168,0,0,3,1,1,0.07731381,0.11345284,0.069389515,0.10994033,0.07506574,0.09330755,0.080746934,0.075004235,0.087395504,0.073432304,0.06931398,0.07563727
syn-0170,0,0,3,6,6,0.05415633,0.09585178,0.060438965,0.092006624,0.09500543,0.065249965,0.15460095,0.06380984,0.066055335,0.087962426,0.08973084,0.07513153
syn-0174,0,0,3,10,10,0.043394193,0.05386752,0.0686301,0.06888672,0.06815308,0.053360067,0.070586175,0.07461123,0.059821945,0.054546263,0.32089126,0.06325146
syn-0177,0,0,3,8,8,0.091998324,0.10539253,0.039651405,0.061853033,0.06866477,0.07653537,0.074301675,0.06943684,0.24447687,0.06297911,0.05591391,0.04879617
syn-0182,0,0,3,6,6,0.04957539,0.0803419,0.06287944,0.065844335,0.05879362,0.060949054,0.3010271,0.053523127,0.0516401,0.0985741,0.060678825,0.056173023
syn-0184,0,0,3,2,2,0.04829998,0.06258112,0.28267264,0.08131655,0.05801514,0.06428074,0.06307108,0.09014859,0.05495041,0.06455886,0.062417034,0.06768785
syn-0190,0,0,3,3,1,0.06276856,0.1955934,0.07631986,0.12487894,0.073597476,0.08049538,0.06749723,0.06394676,0.05743889,0.06760469,0.06988342,0.059975386
syn-0198,0,0,3,0,0,0.19968417,0.0620497,0.051727686,0.17248587,0.06435503,0.095748015,0.054846484,0.060306136,0.05691087,0.071457535,0.053814672,0.056613833
syn-0201,0,0,3,0,0,0.31614783,0.06513763,0.06954007,0.05197226,0.08480633,0.056203626,0.060401104,0.062447395,0.07828039,0.06318728,0.044682402,0.04719367
syn-0204,0,0,3,1,1,0.07858638,0.24035525,0.042020727,0.069815956,0.060079593,0.12052705,0.05813531,0.075757645,0.08483706,0.058020104,0.060284052,0.051580876
syn-0205,0,0,3,2,2,0.05598371,0.069111116,0.13797633,0.104621805,0.0724661,0.07053223,0.075508334,0.10131629,0.07545422,0.071021445,0.06671451,0.0992939
syn-0206,0,0,3,8,8,0.056709014,0.07244571,0.07125779,0.06248705,0.059343837,0.06817195,0.093801156,0.0761556,0.12683345,0.11624842,0.10801553,0.08853048
syn-0215,0,0,3,10,10,0.045214288,0.06670467,0.08880636,0.073256694,0.06427468,0.05912444,0.110498846,0.05318513,0.104677334,0.12072355,0.1566353,0.056898706
syn-0221,0,0,3,11,11,0.0706947,0.08624474,0.08139978,0.078049004,0.08509576,0.09528993,0.07665959,0.0640937,0.11168551,0.05891468,0.07215802,0.11971457
syn-0228,0,0,3,6,3,0.06489046,0.0672111,0.059518375,0.16895823,0.0772639,0.079523504,0.13092977,0.060077213,0.063235104,0.09320652,0.062253024,0.0729328
syn-0244,0,0,3,3,3,0.06788078,0.06861248,0.09202914,0.15277553,0.07051483,0.08786575,0.074816614,0.0744786,0.08794477,0.07697853,0.08951688,0.0565861
syn-0251,0,0,3,10,10,0.05133872,0.063477114,0.05966338,0.06929711,0.06169619,0.064559415,0.081765994,0.055908293,0.09097792,0.09888933,0.23251468,0.06991184
syn-0257,0,0,3,4,4,0.06661419,0.070931315,0.07146566,0.10351922,0.16217355,0.106409945,0.063012406,0.088977285,0.06349079,0.061775602,0.059400905,0.08222912
syn-0258,0,0,3,3,3,0.07088477,0.07157257,0.072695665,0.117147304,0.079823576,0.11540161,0.08124363,0.08121707,0.06377257,0.08811894,0.079171784,0.0789505
syn-0292,0,0,3,11,11,0.057305887,0.075157925,0.0866497,0.05716412,0.049824912,0.06924448,0.08304492,0.056265917,0.061118294,0.074484006,0.06780299,0.26193684
syn-0300,0,0,3,10,10,0.04132973,0.046233885,0.07146999,0.07460563,0.07736874,0.06941554,0.05660479,0.07980375,0.048050325,0.055376697,0.3210246,0.05871633
syn-0303,0,0,3,7,7,0.08406411,0.06960986,0.084604084,0.09683997,0.08533152,0.08649606,0.07093241,0.11389129,0.06559841,0.10054007,0.07280148,0.06929074
syn-0306,0,0,3,5,5,0.06910151,0.060994983,0.07754346,0.108543836,0.07539026,0.12502642,0.06781898,0.10503001,0.079938516,0.07442573,0.08331752,0.07286878
syn-0310,0,0,3,10,10,0.056155425,0.059735797,0.07010597,0.078016795,0.08836786,0.07400658,0.08039982,0.096407,0.06601514,0.056636196,0.20318401,0.07096942
syn-0312,0,0,3,11,11,0.07705819,0.052217215,0.07719183,0.06879403,0.06400813,0.064160995,0.072642304,0.08846388,0.09684467,0.060479872,0.062043145,0.21609573
syn-0324,0,0,3,7,8,0.08366318,0.057621922,0.08853342,0.08336289,0.066128865,0.07207408,0.07751178,0.090118766,0.11831695,0.09509741,0.081435084,0.086135656
syn-0327,0,0,3,1,1,0.076437585,0.2118034,0.051379055,0.0625342,0.070826426,0.08580347,0.06145198,0.0632539,0.12423652,0.06319091,0.07123522,0.057847347
syn-0339,0,0,3,7,7,0.06514876,0.060215805,0.09671983,0.098322794,0.06389093,0.07618089,0.059501313,0.1923376,0.07917123,0.05923387,0.072931334,0.07634563
syn-0340,0,0,3,9,9,0.060436454,0.054999646,0.06794822,0.085444115,0.06738123,0.070403025,0.062158134,0.06798353,0.063411765,0.21173792,0.117017284,0.07107867
syn-0341,0,0,3,8,8,0.11810993,0.07287872,0.05830739,0.061752886,0.063077,0.0837483,0.0626299,0.084245995,0.18310802,0.07775257,0.07366973,0.060719546
syn-0351,0,0,3,11,11,0.06987973,0.0661609,0.07206363,0.07636716,0.0747532,0.09351024,0.0874463,0.08371739,0.060486384,0.062556334,0.080311306,0.1727474
syn-0355,0,0,3,5,5,0.08243869,0.062934525,0.083223954,0.07566521,0.07341034,0.10486609,0.08051864,0.09749804,0.08835135,0.077617206,0.09409332,0.07938264
syn-0360,0,0,3,0,0,0.14313337,0.079242446,0.0799715,0.10235943,0.08651662,0.08237173,0.078342974,0.07150203,0.07618603,0.06487927,0.067744136,0.06775048
syn-0364,0,0,3,4,4,0.044859793,0.05626999,0.05351326,0.08475319,0.22479466,0.07884235,0.074947424,0.07485844,0.09577199,0.064641215,0.076625615,0.07012206
syn-0375,0,0,3,8,8,0.08656575,0.07846928,0.05469577,0.06841355,0.06623301,0.07046831,0.07532338,0.05974078,0.1990405,0.08721404,0.086621724,0.06721394
syn-0376,0,0,3,5,6,0.05375682,0.06129899,0.06874882,0.06600498,0.074171014,0.18063794,0.18394132,0.08032867,0.05316929,0.052108005,0.074809246,0.051024906
syn-0385,0,0,3,5,4,0.06781332,0.065311104,0.046020996,0.048517358,0.32125387,0.10858699,0.046942748,0.0678805,0.06088614,0.06874779,0.04979904,0.048240144
syn-0392,0,0,3,1,1,0.047655717,0.30887368,0.05862199,0.06774548,0.05344087,0.061177447,0.06293368,0.059015363,0.07168791,0.083656594,0.07172271,0.053468544
syn-0405,0,0,3,8,8,0.07062631,0.05496222,0.03789928,0.07571561,0.06526569,0.06748231,0.068174236,0.04563129,0.2815216,0.09867569,0.07598403,0.058061745
syn-0410,0,0,3,10,10,0.0609311,0.065319635,0.06173914,0.08840225,0.0770015,0.07697122,0.073828906,0.06669434,0.06406614,0.075017795,0.21444243,0.07558554
syn-0418,0,0,3,0,0,0.19966418,0.07085267,0.07541429,0.094043314,0.08059266,0.07832045,0.0672009,0.077345,0.07267841,0.058942642,0.059563406,0.06538207
syn-0420,0,0,3,2,2,0.05172099,0.07050721,0.19109687,0.08583777,0.07657533,0.07501425,0.065251336,0.09206674,0.06969334,0.06997297,0.07353895,0.07872424
syn-0422,0,0,3,1,1,0.05068933,0.31387222,0.08411403,0.07400553,0.058371566,0.057251867,0.06783101,0.06527759,0.04712028,0.049938697,0.06865223,0.062875636
syn-0428,0,0,3,8,1,0.05782916,0.30367067,0.05263013,0.056077484,0.049699537,0.05339902,0.052463323,0.05228143,0.14022453,0.055991665,0.07983077,0.045902282
syn-0429,0,0,3,2,2,0.05202456,0.07735719,0.14082812,0.102097526,0.06958776,0.07153048,0.062876895,0.08871301,0.06429317,0.09671513,0.07817121,0.095804945
syn-0430,0,0,3,1,1,0.05278244,0.17562462,0.11212748,0.08440752,0.067484714,0.10080523,0.074536644,0.071214214,0.04858806,0.0728112,0.07282449,0.066793375
syn-0435,0,0,3,10,10,0.043508064,0.065149546,0.072639346,0.06665932,0.06946193,0.057592083,0.09770479,0.073757425,0.06872611,0.067503415,0.24911335,0.06818463
syn-0445,0,0,3,6,8,0.065435216,0.06651792,0.04679054,0.07014935,0.06947856,0.06646611,0.18009922,0.064766094,0.20687385,0.043899152,0.060045585,0.05947841
syn-0447,0,0,3,7,7,0.08116019,0.066540234,0.105215035,0.059499357,0.06596071,0.11920875,0.081118785,0.14033121,0.07264616,0.06917769,0.06547868,0.0736632
syn-0464,0,0,3,4,4,0.10139107,0.058697563,0.059674717,0.055527873,0.27877378,0.06709808,0.05159561,0.067410104,0.06889349,0.053041928,0.0589561,0.07893967
syn-0469,0,0,3,9,9,0.07607554,0.073176816,0.060512513,0.10295249,0.06235744,0.084945105,0.06502986,0.069036864,0.075019136,0.17962772,0.07990207,0.07136446
syn-0474,0,0,3,0,0,0.21796256,0.0639517,0.08348514,0.09616828,0.07339204,0.069916755,0.06731076,0.055828616,0.070728704,0.097244926,0.054225042,0.049785465
syn-0477,0,0,3,7,3,0.060635332,0.067179374,0.10986996,0.111197144,0.087152086,0.10043835,0.07586111,0.09217849,0.074900545,0.069872126,0.08140573,0.06930976
syn-0485,0,0,3,10,10,0.042166267,0.06681194,0.05939828,0.06408087,0.085429825,0.061156765,0.0655032,0.06581095,0.09882037,0.087524906,0.22040848,0.082888156
syn-0007,0,0,4,6,6,0.059351966,0.04755123,0.033686385,0.030600294,0.054056976,0.101099834,0.3836024,0.070114,0.12037292,0.023817131,0.027887402,0.047859445
syn-0014,0,0,4,0,0,0.75063145,0.037296135,0.015573542,0.026078282,0.019849164,0.017865023,0.014804696,0.03182563,0.030190757,0.022087088,0.015198671,0.01859958
syn-0019,0,0,4,0,0,0.96094877,0.0022169994,0.0009918491,0.0043002972,0.0054769455,0.004557036,0.0018160571,0.00092479924,0.0045488304,0.0067932615,0.0066613965,0.00076376944
syn-0023,0,0,4,1,1,0.011953375,0.8238095,0.011694543,0.024022395,0.04389287,0.029581597,0.008105066,0.009720745,0.01275692,0.0069250506,0.01043333,0.0071046073
syn-0024,0,0,4,2,2,0.037375692,0.031667203,0.54304916,0.1415272,0.024040885,0.03746387,0.02497553,0.052902352,0.019279806,0.038759105,0.025845384,0.023113787
syn-0029,0,0,4,2,2,0.029425947,0.03798792,0.29911068,0.12669209,0.072038926,0.071266435,0.03290467,0.19887094,0.018144295,0.021834971,0.05615396,0.03556915
syn-0036,0,0,4,5,5,0.04935597,0.017433478,0.020552667,0.025422864,0.04576684,0.36964053,0.03992634,0.0810269,0.035242453,0.08225389,0.17948736,0.053890713
syn-0043,0,0,4,9,10,0.018857885,0.027359376,0.04175466,0.033860013,0.03805595,0.050770547,0.021870857,0.04230216,0.16323058,0.18311079,0.3242652,0.05456197
syn-0061,0,0,4,4,4,0.041628547,0.02776374,0.020379158,0.059068616,0.60260624,0.043902416,0.039003093,0.051781755,0.05199657,0.016720265,0.026208933,0.018940676
syn-0074,0,0,4,5,5,0.055064447,0.093398176,0.044527415,0.055015348,0.059031554,0.37586164,0.056483783,0.07648803,0.02814866,0.08611335,0.036360413,0.033507187
syn-0075,0,0,4,7,5,0.02407465,0.052513037,0.049990512,0.053632036,0.07419444,0.36816707,0.029938601,0.17480198,0.046269566,0.031272937,0.043795813,0.051349357
syn-0082,0,0,4,1,5,0.03309602,0.041323464,0.056923494,0.21211445,0.03709151,0.26053244,0.04431005,0.06978732,0.067963846,0.057482842,0.06883996,0.050534584
syn-0083,0,0,4,0,0,0.73232275,0.016673349,0.007542832,0.029691143,0.014847325,0.054575678,0.005328771,0.037615325,0.051302116,0.02998512,0.008085809,0.012029751
syn-0095,0,0,4,11,11,0.009168639,0.024732787,0.025409468,0.05454687,0.015130772,0.018797811,0.013532885,0.057823155,0.010993679,0.029635286,0.076631345,0.6635973
syn-0102,0,0,4,1,1,0.005117224,0.73760116,0.002314617,0.0070122066,0.008334144,0.0019226819,0.0066163098,0.004375281,0.21690781,0.004592499,0.0030217497,0.002184338
syn-0105,0,0,4,4,4,0.20146672,0.07735599,0.019420441,0.06764537,0.32693,0.06405176,0.03500139,0.029713487,0.043155506,0.043244515,0.025410049,0.06660478
syn-0106,0,0,4,10,8,0.025368761,0.06237176,0.040036064,0.1362418,0.042018753,0.07544466,0.07798586,0.04243968,0.23486784,0.1024223,0.07161928,0.08918324
syn-0107,0,0,4,10,10,0.015617553,0.049588524,0.025727164,0.03966526,0.11863815,0.10185346,0.038141858,0.04603288,0.02022899,0.030001478,0.48999253,0.024512144
syn-0108,0,0,4,8,8,0.021133414,0.032736912,0.01815699,0.015391779,0.014843549,0.04902184,0.04881743,0.05807506,0.67478347,0.026565831,0.016005777,0.024467917
syn-0113,0,0,4,11,11,0.011566604,0.011042637,0.0070439405,0.011337403,0.010793799,0.02387351,0.019171096,0.012094099,0.051038325,0.008022395,0.011408171,0.822608
syn-0119,0,0,4,6,6,0.017160458,0.038424723,0.02731659,0.017214026,0.024732724,0.05985126,0.2820775,0.023364846,0.0305308,0.08872885,0.2776674,0.11293082
syn-0122,0,0,4,3,3,0.02103047,0.08680234,0.036992777,0.30226693,0.04942769,0.17006585,0.029995274,0.06934125,0.14038664,0.038359158,0.026235884,0.029095741
syn-0127,0,0,4,11,6,0.024790302,0.076850794,0.16065016,0.06732104,0.054099217,0.059562337,0.22265914,0.16136926,0.0425202,0.033967365,0.0491788,0.047031388
syn-0136,0,0,4,6,6,0.04199269,0.1198518,0.054560475,0.05466778,0.012628531,0.04160485,0.33974984,0.03736182,0.046048917,0.062981606,0.118980035,0.06957165
syn-0138,0,0,4,4,4,0.0036381208,0.028958755,0.0049932254,0.0076665515,0.89181083,0.009448873,0.010593278,0.004306663,0.007221685,0.0023453366,0.014158072,0.014858613
syn-0156,0,0,4,6,6,0.0046616644,0.023717547,0.015761307,0.009464308,0.009139022,0.012705677,0.8806011,0.00784669,0.006026038,0.00791847,0.0071375384,0.015020633
syn-0161,0,0,4,2,2,0.033853155,0.042254165,0.2881941,0.09104178,0.05349075,0.063524626,0.06346358,0.095134094,0.050846014,0.055776227,0.031460214,0.1309613
syn-0176,0,0,4,10,10,0.01165673,0.019577326,0.035048887,0.13395852,0.045527883,0.11970624,0.08565148,0.05183827,0.020768395,0.14633411,0.3065451,0.023387037
syn-0185,0,0,4,7,7,0.0562129,0.06543726,0.11354996,0.093991145,0.059949968,0.06672592,0.036089502,0.22224227,0.02245767,0.07550146,0.05415771,0.13368425
syn-0189,0,0,4,10,10,0.055382315,0.05313756,0.02361075,0.042477515,0.019215995,0.079271026,0.070556134,0.05188503,0.05662233,0.067869134,0.38344473,0.09652749
syn-0192,0,0,4,5,3,0.02251433,0.15633084,0.040683765,0.26441994,0.050202593,0.1899424,0.07083749,0.058431447,0.021664536,0.024727099,0.034548108,0.06569745
syn-0194,0,0,4,1,8,0.030946283,0.41328603,0.0038480905,0.012970538,0.018983116,0.010237887,0.029117467,0.0099805305,0.4503977,0.0046539023,0.009839474,0.00573896
syn-0195,0,0,4,4,4,0.010937275,0.025514975,0.018322367,0.05920374,0.5249007,0.16837738,0.026465992,0.064625025,0.056518037,0.0154091,0.013459527,0.01626589
syn-0200,0,0,4,5,3,0.033607196,0.061302993,0.047015145,0.47850856,0.0981084,0.048059378,0.0362656,0.053393193,0.023747832,0.06885948,0.021655664,0.029476555
syn-0203,0,0,4,8,8,0.011036551,0.057754,0.0131854145,0.021479923,0.018562417,0.0395876,0.0132291205,0.09275237,0.65032405,0.03683785,0.031005722,0.014244999
syn-0207,0,0,4,0,0,0.70786464,0.012387901,0.0067027025,0.05485432,0.024732867,0.08798208,0.03263592,0.017477194,0.016342055,0.016320828,0.008550237,0.014149253
syn-0208,0,0,4,8,8,0.017563606,0.019278105,0.01389037,0.015996564,0.051203843,0.017222667,0.058398277,0.019764476,0.67284536,0.033101704,0.069837116,0.0108979205
syn-0209,0,0,4,7,7,0.003661182,0.010279866,0.017766593,0.0045506763,0.014231272,0.0589131,0.013020194,0.82240045,0.019715652,0.003768464,0.024713721,0.006978801
syn-0211,0,0,4,0,0,0.9030167,0.0053307554,0.007925877,0.011531559,0.02738511,0.0067806034,0.008204498,0.008194325,0.004225451,0.00664462,0.004288736,0.006471755
syn-0217,0,0,4,6,6,0.06823358,0.12603356,0.049640957,0.09964639,0.053750202,0.10292799,0.18556936,0.06837979,0.07714969,0.10787065,0.041362617,0.019435214
syn-0219,0,0,4,0,0,0.98764116,0.0010128124,0.00058177684,0.00075944903,0.0012266597,0.0011909887,0.0008150513,0.0007027626,0.0032273866,0.00092969276,0.00035851466,0.0015537522
syn-0224,0,0,4,8,8,0.11368427,0.014025396,0.013763754,0.008732107,0.032284435,0.017611004,0.022457706,0.00919937,0.71496683,0.009402321,0.029579889,0.0142929265
syn-0226,0,0,4,6,6,0.015426802,0.027748533,0.023400895,0.018813511,0.01072579,0.016954733,0.67941886,0.013173778,0.03600342,0.06862307,0.03548697,0.054223645
syn-0229,0,0,4,7,5,0.048238467,0.052690506,0.030699607,0.068599634,0.08026925,0.45088884,0.0547261,0.040622007,0.043594226,0.04379186,0.035284895,0.050594613
syn-0234,0,0,4,4,6,0.017240295,0.01737017,0.03654229,0.07022831,0.22167824,0.029233972,0.47331372,0.02857822,0.023400256,0.024756297,0.016957767,0.04070046
syn-0243,0,0,4,10,10,0.03809374,0.11022152,0.033849474,0.053017035,0.01684934,0.05502141,0.026579857,0.042673565,0.110189006,0.0732717,0.31696433,0.12326904
syn-0250,0,0,4,11,11,0.0032371483,0.0046282345,0.002906498,0.0040236893,0.0070410515,0.0038334941,0.0039590113,0.003033565,0.0030097852,0.02657453,0.07553248,0.8622205
syn-0253,0,0,4,3,3,0.027849464,0.03716886,0.041534662,0.3029908,0.08603011,0.10107481,0.1738522,0.05124795,0.026646456,0.04083029,0.06534992,0.045424484
syn-0255,0,0,4,2,2,0.009959717,0.01054715,0.883853,0.009805061,0.013719507,0.009259502,0.0054770075,0.018088832,0.00806006,0.01044209,0.012769884,0.008018144
syn-0259,0,0,4,4,4,0.0043597906,0.018511629,0.007704597,0.009930934,0.8929947,0.013390594,0.006478444,0.0049584103,0.014324955,0.0046328423,0.007839907,0.014873183
syn-0260,0,0,4,11,11,0.02590897,0.046693146,0.076445766,0.08305785,0.107241265,0.09280731,0.08650534,0.0948242,0.06562863,0.061324358,0.074535236,0.18502793
syn-0265,0,0,4,3,3,0.0920669,0.027690178,0.046755366,0.42357758,0.028095307,0.06564106,0.04045178,0.04707973,0.019198148,0.10818276,0.027691275,0.07356993
syn-0269,0,0,4,10,10,0.012906916,0.010454588,0.026705487,0.020035071,0.05028411,0.011395364,0.051713217,0.043455463,0.045178305,0.08014719,0.60215896,0.045565337
syn-0285,0,0,4,11,11,0.008227251,0.011383172,0.014721557,0.031934172,0.022790203,0.02171721,0.014298502,0.010259412,0.11335337,0.009000369,0.027177947,0.7151368
syn-0286,0,0,4,8,5,0.041223668,0.063708395,0.04237872,0.07191812,0.08816835,0.22872798,0.06363488,0.054185666,0.15606031,0.080285095,0.05426835,0.055440452
syn-0289,0,0,4,8,0,0.50190973,0.046988875,0.06253687,0.016661195,0.019164398,0.031853765,0.033659186,0.034354404,0.111404695,0.04654873,0.037701614,0.057216547
syn-0299,0,0,4,1,1,0.008825119,0.9148885,0.007965634,0.013834752,0.0085476665,0.0071128523,0.0034506563,0.008680461,0.010578363,0.005700596,0.0031480398,0.007267334
syn-0305,0,0,4,1,1,0.003497913,0.8698323,0.024294479,0.012046704,0.0116735045,0.0033247946,0.01069626,0.0070676976,0.010784138,0.004035446,0.01921083,0.023535982
syn-0307,0,0,4,3,3,0.02789561,0.0680446,0.029624566,0.49156415,0.01575612,0.025763946,0.06117291,0.024929525,0.093757644,0.074085124,0.031529296,0.055876505
syn-0321,0,0,4,9,11,0.048752658,0.11353425,0.05350833,0.08707603,0.07975189,0.12003889,0.054578412,0.06194441,0.089419775,0.08711212,0.078079954,0.1262033
syn-0326,0,0,4,1,1,0.056536194,0.22658733,0.03225944,0.018479053,0.07441191,0.014878516,0.05886343,0.06634594,0.20836481,0.075587735,0.059197504,0.10848815
syn-0333,0,0,4,5,5,0.0073485533,0.004746142,0.0035386193,0.009659145,0.011930584,0.9256034,0.0033049535,0.00484421,0.017289659,0.0055909827,0.00317399,0.002969789
syn-0338,0,0,4,8,8,0.03449459,0.029971447,0.013364097,0.056479167,0.017281476,0.017081724,0.032806043,0.063968934,0.64110774,0.031909898,0.026724378,0.03481053
syn-0350,0,0,4,2,2,0.02682676,0.018910926,0.7529151,0.021063711,0.013267951,0.021672474,0.015997054,0.02400165,0.02446193,0.032412875,0.01717234,0.031297244
syn-0352,0,0,4,8,8,0.006521436,0.00487422,0.002194066,0.0034472626,0.0065532033,0.0023232028,0.008280606,0.0025378966,0.95431024,0.001981454,0.0054225256,0.001553874
syn-0353,0,0,4,7,5,0.04634046,0.12354973,0.0679589,0.030058034,0.102842286,0.25699177,0.036803182,0.20452417,0.037471313,0.017984385,0.028451722,0.04702405
syn-0363,0,0,4,9,9,0.0600079,0.07558909,0.026756594,0.034663875,0.02979236,0.03504342,0.123556465,0.070314154,0.058128845,0.33572292,0.06266372,0.08776067
syn-0368,0,0,4,9,9,0.024468288,0.04050665,0.01952122,0.044052877,0.0405881,0.035637774,0.046273284,0.019769035,0.03680425,0.5966563,0.027195642,0.06852658
syn-0377,0,0,4,5,11,0.0726492,0.027603874,0.04174399,0.08346664,0.053416394,0.123250045,0.026725827,0.06056225,0.027110504,0.20661058,0.04020209,0.23665862
syn-0378,0,0,4,2,2,0.034063816,0.034917563,0.43305013,0.052596662,0.05267759,0.044650916,0.032156073,0.22049975,0.015767066,0.02552448,0.023660777,0.030435188
syn-0379,0,0,4,3,9,0.03619117,0.02881213,0.06362419,0.16183358,0.10179947,0.103244275,0.03676978,0.033263285,0.019836685,0.21286246,0.15388666,0.047876313
syn-0386,0,0,4,10,10,0.0009496726,0.0016096259,0.00457065,0.0025237466,0.0032380235,0.0030114334,0.002808996,0.004639313,0.001703563,0.0071719126,0.96604824,0.0017248429
syn-0391,0,0,4,0,0,0.72227097,0.037011825,0.0055483785,0.022595318,0.025679009,0.027304487,0.019863822,0.035260584,0.07133182,0.019015033,0.008831412,0.0052873283
syn-0399,0,0,4,8,8,0.014694178,0.008116341,0.008402824,0.009156224,0.020906439,0.03358473,0.034220915,0.020147521,0.7367987,0.00988803,0.09403991,0.010044159
syn-0402,0,0,4,1,1,0.035515465,0.37676698,0.022207433,0.10099868,0.03221742,0.03496126,0.022354577,0.068261825,0.016444054,0.11725386,0.096497,0.07652145
syn-0403,0,0,4,9,9,0.017932791,0.033525348,0.0131802745,0.03731239,0.021943899,0.037549153,0.01817469,0.010745241,0.06670175,0.6885111,0.026367716,0.028055668
syn-0408,0,0,4,4,4,0.027657427,0.010582376,0.027874816,0.068727456,0.6787572,0.024252687,0.032170545,0.024073593,0.043287627,0.014737116,0.016289257,0.031589933
syn-0413,0,0,4,9,9,0.019093757,0.040910367,0.03046674,0.034595422,0.033996634,0.027808813,0.023291185,0.059631716,0.02965726,0.61214024,0.01913572,0.069272116
syn-0432,0,0,4,6,6,0.01653898,0.0558452,0.046300896,0.033009574,0.01661923,0.044243995,0.6147221,0.014949091,0.01644738,0.022956422,0.09784362,0.020523526
syn-0437,0,0,4,3,5,0.028516736,0.022204403,0.021533255,0.15238449,0.13652973,0.26518503,0.026413016,0.02082282,0.10517349,0.04346734,0.15102105,0.026748633
syn-0468,0,0,4,6,6,0.0065926174,0.007343424,0.008908178,0.032724407,0.010649683,0.009661015,0.8712994,0.0054084,0.013195384,0.011862512,0.009490361,0.0128646465
syn-0473,0,0,4,10,10,0.0013209593,0.002267448,0.0029175857,0.0031907419,0.011428555,0.0025371886,0.021857329,0.0056144358,0.042061828,0.0076587526,0.89645904,0.002686161
syn-0484,0,0,4,3,3,0.027640024,0.020902364,0.020665823,0.5231065,0.05105654,0.1344485,0.03204925,0.05975615,0.03567984,0.020914722,0.04067003,0.033110235
syn-0491,0,0,4,10,10,0.02960038,0.030546919,0.033682838,0.043057572,0.041481547,0.048509337,0.023131514,0.03259569,0.040692136,0.24924892,0.39351848,0.033934664
syn-0499,0,0,4,11,11,0.006751099,0.009183164,0.008599733,0.007110328,0.0032827584,0.007777128,0.005959861,0.0048399167,0.01018709,0.026830971,0.008758029,0.90071994
syn-0005,1,0,0,11,11,0.016869737,0.005378319,0.017520841,0.14235234,0.006173312,0.0115877325,0.0073379534,0.009933455,0.057974745,0.030001238,0.0060216035,0.68884873
syn-0007,1,0,0,6,6,0.057397794,0.019106794,0.022464117,0.030301213,0.030475525,0.07687746,0.5590281,0.03806244,0.115993485,0.012740368,0.0107668135,0.026785878
syn-0009,1,0,0,8,8,0.028928105,0.015930602,0.011662521,0.0090588415,0.07252143,0.024374036,0.018690316,0.050315596,0.69295496,0.017477114,0.027200466,0.030886013
syn-0023,1,0,0,1,1,0.009469352,0.8733822,0.006296919,0.009354236,0.0396172,0.028657023,0.006721268,0.005934446,0.006434203,0.003890664,0.006410712,0.003831741
syn-0029,1,0,0,2,2,0.01619834,0.02360126,0.47548896,0.1529568,0.06813971,0.047661185,0.022749744,0.101116605,0.013285503,0.011831508,0.043815717,0.023154648
syn-0034,1,0,0,0,0,0.85183126,0.0061690696,0.014388147,0.006968332,0.014834299,0.01284561,0.016730359,0.0093089575,0.046583865,0.0040582633,0.009176433,0.0071054096
syn-0042,1,0,0,9,9,0.007918757,0.017753582,0.02569852,0.081536695,0.008307578,0.042272225,0.009381109,0.02168149,0.02543542,0.64114016,0.07215069,0.046723787
syn-0065,1,0,0,11,11,0.004554054,0.036808193,0.0071540405,0.016565593,0.009343448,0.009171961,0.018456213,0.008534875,0.0014595485,0.003618483,0.28293973,0.6013939
syn-0071,1,0,0,6,6,0.024416117,0.097377874,0.02011374,0.040460598,0.04164386,0.038807046,0.54849964,0.07356293,0.030238329,0.025303597,0.032457497,0.027118795
syn-0073,1,0,0,11,11,0.024384715,0.06718436,0.022610264,0.017714953,0.017236555,0.090368554,0.05543151,0.037350737,0.010986455,0.028557507,0.27040035,0.35777405
syn-0082,1,0,0,1,5,0.032866713,0.037629113,0.044377144,0.17421839,0.028431267,0.2867568,0.026430719,0.07035477,0.12815061,0.05234762,0.07567925,0.042757597
syn-0087,1,0,0,5,8,0.019369299,0.011011614,0.030108375,0.039209742,0.010729084,0.04102851,0.014655723,0.09789304,0.6458695,0.03289807,0.0323651,0.024861982
syn-0112,1,0,0,4,4,0.07347517,0.01701931,0.008207234,0.007799604,0.53344095,0.02012124,0.009090811,0.016527485,0.29188257,0.0055504534,0.011296289,0.0055888593
syn-0117,1,0,0,6,6,0.030681321,0.1337609,0.040151253,0.06539546,0.13291147,0.05215212,0.16625726,0.06739403,0.07702375,0.032189194,0.16107163,0.041011605
syn-0118,1,0,0,5,5,0.027004331,0.0833358,0.013955813,0.06140329,0.03381926,0.5316961,0.06945336,0.037709564,0.014103614,0.020276941,0.059954382,0.04728754
syn-0123,1,0,0,10,10,0.002157193,0.008474023,0.011128972,0.031492487,0.006121656,0.008317797,0.0069099297,0.004592937,0.006698184,0.021870945,0.8822202,0.010015692
syn-0127,1,0,0,11,6,0.018395305,0.07849813,0.15822102,0.053768575,0.04656381,0.06192732,0.25408715,0.16742653,0.03879243,0.03241097,0.049594283,0.04031448
syn-0130,1,0,0,6,6,0.016618496,0.020797769,0.03184688,0.01022786,0.017738216,0.03761453,0.6458438,0.062410865,0.11527836,0.003921765,0.019071627,0.018629797
syn-0133,1,0,0,2,2,0.032104272,0.03448882,0.44591057,0.08173811,0.04966666,0.039806712,0.028617818,0.075054824,0.0641269,0.046780903,0.057067,0.044637408
syn-0134,1,0,0,5,5,0.014511238,0.015812734,0.009763466,0.010229719,0.025555579,0.71949077,0.030667042,0.0639769,0.030234518,0.04046034,0.032379583,0.0069180997
syn-0144,1,0,0,9,9,0.00952648,0.0063404567,0.008700048,0.011036413,0.0059613194,0.018145144,0.01637086,0.011246784,0.013449527,0.84604317,0.020939315,0.032240514
syn-0151,1,0,0,10,10,0.13358109,0.031438332,0.037474398,0.022221148,0.033341236,0.11954922,0.1451075,0.07952666,0.13319357,0.033369984,0.16115639,0.07004049
syn-0152,1,0,0,3,4,0.008350457,0.021595256,0.024937496,0.097087175,0.70941293,0.012127141,0.029744824,0.02361634,0.004292179,0.018319227,0.039702572,0.010814411
syn-0153,1,0,0,4,4,0.22269596,0.038818475,0.015122533,0.054052852,0.26564795,0.09633266,0.035833415,0.017321289,0.028360114,0.027778707,0.16673629,0.031299755
syn-0154,1,0,0,1,1,0.013053568,0.80418146,0.015526979,0.020829564,0.013560606,0.01637416,0.015831713,0.014860142,0.046096295,0.009498825,0.022363966,0.007822721
syn-0155,1,0,0,4,4,0.0041889576,0.0021195463,0.0007656127,0.0046307947,0.96944225,0.005498656,0.0038697456,0.0017973733,0.003820754,0.00075568823,0.0012001132,0.0019105298
syn-0162,1,0,0,9,9,0.0074485266,0.0035709848,0.0070660776,0.0059069865,0.008395292,0.009899987,0.015367026,0.0067928224,0.0071920087,0.9181519,0.0070559797,0.0031523982
syn-0164,1,0,0,8,5,0.023395268,0.01410712,0.026486468,0.020422166,0.015888376,0.46849883,0.038334828,0.033435542,0.24449691,0.018365622,0.07685712,0.019711766
syn-0170,1,0,0,6,6,0.0048112026,0.042427123,0.005531623,0.021442898,0.021165682,0.0059720348,0.8248545,0.006000559,0.005764046,0.013781728,0.03884591,0.009402697
syn-0173,1,0,0,8,8,0.011226398,0.015688341,0.0036027303,0.005194812,0.009432704,0.013307115,0.022367736,0.009230364,0.88907075,0.0039844867,0.013289519,0.0036050277
syn-0190,1,0,0,3,1,0.022915618,0.41249502,0.02673494,0.28859112,0.01981715,0.05966035,0.037711464,0.03289572,0.019804806,0.021738881,0.030019216,0.027615726
syn-0193,1,0,0,11,4,0.0403678,0.11128409,0.05768831,0.03149237,0.18377583,0.099108316,0.021745969,0.091135584,0.08266422,0.11037778,0.118627936,0.05173178
syn-0198,1,0,0,0,0,0.5296944,0.0062282626,0.0029740436,0.39978743,0.004229018,0.023578048,0.003617177,0.008256539,0.0050846157,0.0060655745,0.003816391,0.006668516
syn-0201,1,0,0,0,0,0.87069476,0.0052019977,0.008115347,0.0026599155,0.013217566,0.0045813886,0.0056069954,0.0035844692,0.07884753,0.0035894834,0.0012027354,0.002697808
syn-0204,1,0,0,1,1,0.01318851,0.8737912,0.0013209366,0.009033748,0.0023877518,0.057913058,0.004325906,0.008446884,0.019295549,0.003119097,0.005090202,0.0020871419
syn-0209,1,0,0,7,7,0.0047467714,0.012667082,0.034726292,0.0039284825,0.021795781,0.0696928,0.015057999,0.76509005,0.017243225,0.0036118731,0.043834426,0.007605196
syn-0222,1,0,0,8,8,0.02541906,0.03300146,0.016827276,0.050165,0.01318298,0.009908046,0.013969245,0.0236738,0.73737127,0.02431978,0.033023395,0.019138709
syn-0233,1,0,0,8,8,0.012217464,0.02707162,0.0008930064,0.004411788,0.005920147,0.0018391476,0.012269112,0.0031050874,0.9059078,0.013805188,0.01042872,0.0021309357
syn-0244,1,0,0,3,3,0.02955406,0.019881189,0.078544825,0.53202176,0.028742367,0.074183285,0.019754646,0.029060012,0.08284632,0.016450819,0.07285052,0.016110212
syn-0248,1,0,0,6,10,0.018588426,0.0088256365,0.0071891584,0.019814664,0.01360311,0.061303742,0.18197313,0.014542872,0.0057363855,0.020662615,0.63291943,0.014840843
syn-0251,1,0,0,10,10,0.0024898753,0.0034235395,0.0035518296,0.005257081,0.003830448,0.004542518,0.0056786896,0.0040718173,0.015440183,0.032504838,0.913951,0.005258222
syn-0252,1,0,0,8,8,0.017286262,0.06955698,0.001733621,0.011938339,0.02110845,0.0029225466,0.02783053,0.0054876404,0.7981013,0.018137993,0.022776647,0.0031196848
syn-0254,1,0,0,7,8,0.08402724,0.075763166,0.087232105,0.055104457,0.024126835,0.13784073,0.09271426,0.08065903,0.17789476,0.059519473,0.07082818,0.054289762
syn-0263,1,0,0,0,0,0.81726164,0.016961928,0.009196538,0.013699868,0.025961768,0.01554883,0.006857713,0.02087671,0.022490447,0.022962037,0.015781282,0.012401218
syn-0267,1,0,0,4,4,0.029191073,0.0036174452,0.002720749,0.002274618,0.9255038,0.0071572824,0.0022153277,0.0035613885,0.01306129,0.002766983,0.0025202183,0.005409814
syn-0269,1,0,0,10,10,0.0055041155,0.009235143,0.013933108,0.02295202,0.02586212,0.0068403734,0.014798572,0.019296493,0.023108773,0.053501368,0.7922447,0.012723242
syn-0272,1,0,0,3,0,0.40208393,0.010576507,0.041691497,0.37142017,0.018624745,0.058007378,0.018968822,0.027590102,0.010020811,0.0117505165,0.0102634,0.019002128
syn-0278,1,0,0,9,9,0.006242997,0.011804035,0.022815917,0.03593914,0.01101358,0.06667016,0.020620871,0.014400171,0.022950295,0.67464286,0.08770573,0.025194224
syn-0283,1,0,0,7,5,0.050330546,0.025664188,0.122842126,0.031032486,0.02009341,0.26910818,0.045903496,0.22891524,0.1070143,0.031004647,0.05697537,0.011116018
syn-0284,1,0,0,0,0,0.70718867,0.033247296,0.006780303,0.009228242,0.026839329,0.025913285,0.008507231,0.010325227,0.12867376,0.010662649,0.018400902,0.014233079
syn-0303,1,0,0,7,7,0.06346719,0.025523959,0.056269273,0.062380623,0.046729397,0.0647288,0.032928202,0.47187957,0.021624777,0.098140195,0.026708322,0.029619684
syn-0308,1,0,0,3,10,0.021157341,0.12110594,0.060132757,0.14685585,0.09743511,0.05104838,0.040769596,0.06586555,0.08591561,0.09339859,0.1875299,0.02878537
syn-0310,1,0,0,10,10,0.006262938,0.004447748,0.008028989,0.008300187,0.036681425,0.015557514,0.00964797,0.031105472,0.013635097,0.016218003,0.8392576,0.010857082
syn-0311,1,0,0,9,9,0.041830428,0.036716823,0.01962506,0.19213569,0.01191791,0.031493288,0.11439029,0.013756005,0.008413697,0.47135532,0.029334247,0.029031254
syn-0323,1,0,0,7,2,0.031132659,0.033763427,0.1696252,0.15461348,0.06942196,0.07630195,0.047704432,0.12957859,0.062380884,0.06833997,0.07651588,0.08062157
syn-0325,1,0,0,4,5,0.027482962,0.018950298,0.12663274,0.10949918,0.03517755,0.20547868,0.18647952,0.09872844,0.031259548,0.073265955,0.0443229,0.04272222
syn-0333,1,0,0,5,5,0.0070119514,0.0029540572,0.0015927665,0.010903177,0.005364734,0.9450285,0.0021744675,0.0047291284,0.012008009,0.004209475,0.0024534015,0.0015703507
syn-0353,1,0,0,7,5,0.025739478,0.05859507,0.05797951,0.012884643,0.049851783,0.5450909,0.020748664,0.16037357,0.01687496,0.009379264,0.014152869,0.028329257
syn-0363,1,0,0,9,9,0.062296133,0.09476587,0.021677079,0.024758955,0.033827685,0.04937648,0.09209695,0.048609097,0.046162646,0.36475322,0.083006784,0.078669116
syn-0371,1,0,0,6,6,0.0015393753,0.006390339,0.0017900844,0.0029920891,0.0024532941,0.0016712438,0.95638984,0.0013168661,0.008419269,0.0013763853,0.013450261,0.0022109419
syn-0373,1,0,0,11,11,0.0029651592,0.004329126,0.002145677,0.0028122128,0.0026049868,0.0014140153,0.014094793,0.0022113174,0.001775336,0.008449083,0.0024252336,0.95477307
syn-0376,1,0,0,5,5,0.003316662,0.0037419354,0.0039642346,0.0076008905,0.0119897025,0.827235,0.12020155,0.007732678,0.0022560193,0.0019243449,0.008425689,0.0016112787
syn-0377,1,0,0,5,11,0.07317101,0.021064417,0.04027757,0.166922,0.040664937,0.09140374,0.02273823,0.040758982,0.020670494,0.21893474,0.02781784,0.23557602
syn-0382,1,0,0,0,0,0.93259364,0.0037133764,0.004343232,0.006502314,0.008429175,0.0051026843,0.00550988,0.002533094,0.015606481,0.0074184365,0.0028641685,0.0053835097
syn-0384,1,0,0,1,1,0.05921723,0.8243318,0.0062959655,0.015168618,0.005715384,0.00452283,0.008737307,0.004455062,0.04751864,0.01415253,0.0022776565,0.007606934
syn-0397,1,0,0,1,1,0.00040481705,0.9878406,0.0006713344,0.00085980183,0.0004408516,0.0013534385,0.002535461,0.00038695775,0.0015478717,0.00032971796,0.002563051,0.0010660889
syn-0405,1,0,0,8,8,0.0057915426,0.003091197,0.00053183245,0.003784768,0.0024856194,0.0023731054,0.0050451835,0.0015447577,0.938425,0.019670386,0.013943293,0.0033133363
syn-0410,1,0,0,10,10,0.0070397696,0.007489416,0.0065820236,0.017013332,0.019539993,0.012436906,0.008520072,0.008397206,0.00578649,0.013025659,0.8764263,0.017742844
syn-0416,1,0,0,2,2,0.000816217,0.0013671895,0.9825599,0.00373636,0.0011575931,0.0019005438,0.0015639374,0.0016010666,0.001151637,0.0015411275,0.0012651405,0.0013392402
syn-0421,1,0,0,10,10,0.00034640665,0.003198416,0.000505806,0.0034559972,0.0009280507,0.0022044627,0.0038817585,0.0005550258,0.0041593467,0.007765881,0.96837693,0.0046219137
syn-0427,1,0,0,5,5,0.06415176,0.037288565,0.018357228,0.11223216,0.092874125,0.19930747,0.13295832,0.045670036,0.09941697,0.12264569,0.050873168,0.024224505
syn-0437,1,0,0,3,3,0.025332099,0.016379885,0.013475448,0.28106463,0.17971797,0.13364258,0.01663069,0.01044957,0.07451769,0.035845544,0.19663984,0.016304037
syn-0439,1,0,0,6,6,0.039834026,0.029269777,0.01961505,0.029638432,0.037347414,0.028208552,0.37562835,0.10115743,0.27581233,0.020529503,0.021191148,0.021768
syn-0448,1,0,0,4,5,0.07164554,0.014408775,0.015750194,0.045179367,0.027053462,0.7537528,0.020957474,0.012532188,0.01210478,0.006845689,0.013258783,0.006510942
syn-0449,1,0,0,11,11,0.01001192,0.019539343,0.031313334,0.06906221,0.013807977,0.034537546,0.028280443,0.027340336,0.024755225,0.01989507,0.08287339,0.6385832
syn-0450,1,0,0,10,10,0.0007380027,0.0027153278,0.0058906185,0.0025769668,0.0023885788,0.0018220682,0.001537409,0.002423168,0.0005805276,0.011180005,0.9545861,0.013561245
syn-0451,1,0,0,8,8,0.084253885,0.038162015,0.0155035015,0.029350284,0.01621203,0.18783395,0.029255727,0.09941948,0.37816727,0.042693343,0.034641802,0.044506714
syn-0455,1,0,0,2,2,0.05102448,0.02646458,0.48311853,0.063279636,0.019381626,0.05015286,0.033561423,0.044932414,0.055697363,0.10182667,0.024936613,0.04562381
syn-0473,1,0,0,10,10,0.00028163218,0.00062311423,0.0007878396,0.0007269069,0.0028537726,0.00047086662,0.0040929634,0.0014331548,0.030589895,0.0028319578,0.9545273,0.0007805544
syn-0474,1,0,0,0,0,0.86200696,0.0038255407,0.013879974,0.0356653,0.0057942797,0.011890061,0.008687373,0.004682451,0.015674243,0.03150895,0.0034436015,0.002941293
syn-0478,1,0,0,2,2,0.021235008,0.04693945,0.25171405,0.062063433,0.06018129,0.083360136,0.06460379,0.20333688,0.047961194,0.03949569,0.06931986,0.049789224
syn-0480,1,0,0,1,3,0.035319906,0.1720746,0.056075927,0.23033486,0.15047085,0.09441875,0.03314092,0.0487336,0.03272534,0.047425475,0.022849523,0.07643024
syn-0482,1,0,0,1,3,0.009737975,0.22460428,0.02688095,0.62150156,0.008704323,0.01659353,0.021651693,0.018075312,0.011736753,0.011385185,0.01865281,0.010475613
syn-0484,1,0,0,3,3,0.026492866,0.015040211,0.0138717415,0.6353181,0.017369356,0.15338708,0.026185663,0.034008697,0.02798434,0.009553002,0.023287078,0.017501825
syn-0495,1,0,0,2,2,0.025095781,0.015430974,0.3720503,0.11698059,0.062438264,0.047825128,0.04612022,0.17055704,0.043060534,0.027303522,0.044888806,0.02824887
syn-0496,1,0,0,8,8,0.010712539,0.023358434,0.00091831177,0.0067525087,0.009587327,0.0016730181,0.024073076,0.0019676744,0.9071037,0.0025617515,0.009497128,0.0017944995
syn-0002,1,0,1,1,1,0.025941558,0.76218367,0.016718378,0.0280928,0.033146437,0.03857161,0.015169083,0.024566926,0.013781824,0.009856935,0.011055211,0.020915555
syn-0004,1,0,1,10,9,0.03310391,0.04571704,0.03976586,0.09369734,0.04461794,0.103414804,0.051176816,0.09211169,0.10890146,0.205351,0.13082919,0.051312957
syn-0011,1,0,1,10,10,0.020324007,0.037530553,0.028139673,0.06811106,0.047396604,0.066718385,0.18243065,0.044788025,0.056158736,0.11319184,0.29196683,0.043243628
syn-0015,1,0,1,6,6,0.04482259,0.022117505,0.017242594,0.025014827,0.06248558,0.050316587,0.6522286,0.018828977,0.03304283,0.030094115,0.022671172,0.021134617
syn-0017,1,0,1,3,3,0.05427083,0.059307013,0.056933478,0.28637317,0.043257926,0.081800975,0.042634856,0.068183914,0.10169628,0.065645054,0.051018246,0.08887825
syn-0031,1,0,1,0,0,0.6401604,0.042608295,0.011587243,0.02120163,0.037684333,0.027255038,0.022989115,0.049541913,0.092520624,0.013297974,0.01552811,0.025625354
syn-0036,1,0,1,5,5,0.063022144,0.06297941,0.036743626,0.07925753,0.058068972,0.20904435,0.060256757,0.11485922,0.044623196,0.08439718,0.13337673,0.053370874
syn-0051,1,0,1,3,3,0.059854236,0.06754995,0.074868195,0.33996734,0.045243766,0.11384916,0.038124397,0.026893627,0.020881219,0.097294085,0.070963174,0.044510853
syn-0058,1,0,1,9,6,0.02725128,0.048575077,0.033305816,0.08188673,0.07354179,0.088002555,0.22405371,0.051860213,0.13082749,0.14985302,0.047451824,0.043390486
syn-0062,1,0,1,7,2,0.033469323,0.049683534,0.19739862,0.07762057,0.06663067,0.07445238,0.080382705,0.16478868,0.054917432,0.042397138,0.08032595,0.077933
syn-0063,1,0,1,1,1,0.010716891,0.84370476,0.009454599,0.020099266,0.018802913,0.018873941,0.008780091,0.015795806,0.012600756,0.017762171,0.016629847,0.0067789434
syn-0067,1,0,1,5,5,0.018382534,0.033361334,0.025200484,0.07579693,0.027419325,0.580244,0.023633387,0.053901054,0.03798704,0.038181715,0.046866518,0.039025668
syn-0068,1,0,1,10,10,0.011215777,0.026470393,0.0140963,0.015585551,0.018809302,0.04531713,0.023139102,0.018825771,0.17714426,0.019784322,0.5963248,0.033287276
syn-0069,1,0,1,11,11,0.028424088,0.024976576,0.02086524,0.04200683,0.103236906,0.04266146,0.039960932,0.04088034,0.026154567,0.023963397,0.02573024,0.58113945
syn-0086,1,0,1,10,10,0.004514249,0.0036118913,0.0064665233,0.007824257,0.00577539,0.004917935,0.01180624,0.0073239477,0.00343732,0.0052542286,0.9165922,0.02247585
syn-0093,1,0,1,5,6,0.035396054,0.032918002,0.045855235,0.06560508,0.025026618,0.2147044,0.32859838,0.06618196,0.038852386,0.046304528,0.06494485,0.0356125
syn-0094,1,0,1,1,2,0.032844037,0.048856266,0.14836328,0.07562751,0.062125895,0.06822363,0.1269663,0.13269222,0.05339876,0.04374919,0.0774674,0.1296855
syn-0098,1,0,1,10,10,0.011061641,0.07895946,0.021896094,0.019539846,0.027629022,0.012638052,0.025646096,0.025013596,0.021402335,0.015612785,0.71981835,0.02078272
syn-0114,1,0,1,4,4,0.038374033,0.11491162,0.057041015,0.17069498,0.19242682,0.121077225,0.067456394,0.04177821,0.024515195,0.06382669,0.045072824,0.062824994
syn-0119,1,0,1,6,6,0.02114383,0.050204445,0.030990846,0.025270246,0.040419616,0.07263962,0.2995732,0.03958967,0.03382771,0.08883934,0.21235077,0.0851507
syn-0122,1,0,1,3,3,0.029599687,0.094371945,0.049139053,0.24906589,0.05801652,0.15614572,0.036404625,0.06509701,0.15286648,0.042755727,0.028253442,0.038283907
syn-0125,1,0,1,9,9,0.042466268,0.058284216,0.032065604,0.050010145,0.044523712,0.1750219,0.122774206,0.03861766,0.12188791,0.19313426,0.09169548,0.02951862
syn-0137,1,0,1,8,8,0.014338729,0.031980347,0.012432711,0.03568611,0.023196366,0.056936592,0.015830053,0.01456841,0.71071565,0.047161985,0.018312588,0.01884047
syn-0141,1,0,1,2,2,0.025200522,0.018447008,0.6192883,0.062531054,0.036476064,0.059919138,0.023190733,0.026790727,0.025629198,0.035267856,0.021550355,0.045709025
syn-0148,1,0,1,7,3,0.043997165,0.09687728,0.11754,0.14151162,0.057474677,0.099642426,0.052606408,0.08931717,0.10577573,0.05942414,0.06560405,0.07022933
syn-0161,1,0,1,2,2,0.040237345,0.04659936,0.23620795,0.07852727,0.05982098,0.07375536,0.057648428,0.10655728,0.04782904,0.050836273,0.05223179,0.14974892
syn-0167,1,0,1,0,0,0.93170446,0.0044860854,0.004264903,0.008809254,0.0125508765,0.0064096865,0.0037312624,0.0038091086,0.007926987,0.0065236664,0.0045136875,0.00527
syn-0184,1,0,1,2,2,0.011663809,0.02224636,0.7441656,0.03123675,0.014461688,0.018294375,0.018577315,0.06338396,0.018275289,0.017766085,0.018133944,0.021794831
syn-0186,1,0,1,3,3,0.06078765,0.03628609,0.047558557,0.52556556,0.027103988,0.034359176,0.032741476,0.04413641,0.057857573,0.07105954,0.034439746,0.028104203
syn-0207,1,0,1,0,0,0.7363405,0.013155971,0.0068635507,0.03529439,0.031996932,0.071348324,0.026486542,0.01798171,0.01931094,0.016012557,0.009182485,0.016026106
syn-0213,1,0,1,0,0,0.58799994,0.039700724,0.01813947,0.022296274,0.045202225,0.02533737,0.017771048,0.0159846,0.15842131,0.02187144,0.012229526,0.03504605
syn-0218,1,0,1,8,8,0.07415767,0.053768795,0.04859077,0.0566411,0.037372805,0.027427973,0.12782058,0.05191029,0.30234438,0.049359042,0.1033554,0.0672512
syn-0219,1,0,1,0,0,0.94343466,0.003876049,0.0028770878,0.004039613,0.0062231617,0.005361771,0.0042876936,0.003236806,0.011585944,0.0056560766,0.002277846,0.00714332
syn-0226,1,0,1,6,6,0.02379456,0.0712759,0.029169353,0.02730658,0.020512668,0.025668442,0.588614,0.009728746,0.04099549,0.06604702,0.045352906,0.05153435
syn-0240,1,0,1,6,4,0.043191925,0.024709616,0.03555938,0.05333167,0.33075222,0.026345806,0.28010783,0.04622594,0.028302198,0.046591364,0.043452073,0.041429963
syn-0246,1,0,1,8,8,0.15836316,0.041552514,0.025034664,0.055827856,0.032520644,0.06293752,0.17300786,0.054330193,0.28769347,0.028475631,0.034430683,0.0458258
syn-0253,1,0,1,3,3,0.03226163,0.038220882,0.044347603,0.3898545,0.045076437,0.12694675,0.13255365,0.040768318,0.024776816,0.030690296,0.05367015,0.04083298
syn-0257,1,0,1,4,4,0.041454468,0.05130854,0.05741409,0.11924586,0.36411798,0.09339853,0.036897745,0.07239093,0.034435697,0.026414806,0.027039045,0.07588232
syn-0259,1,0,1,4,4,0.008589412,0.030689783,0.015555577,0.018770056,0.787586,0.031533055,0.014875612,0.01358577,0.017198047,0.016796792,0.015857806,0.028962094
syn-0261,1,0,1,5,5,0.07455121,0.030287508,0.038133007,0.070610195,0.07411523,0.21087421,0.0906417,0.09402458,0.10799051,0.07168929,0.09520929,0.041873258
syn-0268,1,0,1,6,6,0.023408918,0.038836442,0.021586297,0.08982242,0.09686881,0.034671593,0.53033006,0.029584201,0.016889071,0.03901021,0.051936798,0.027055187
syn-0275,1,0,1,0,0,0.65879744,0.022085208,0.020998852,0.03487977,0.054117516,0.01856936,0.022989256,0.03418128,0.037449673,0.018950291,0.045095447,0.03188589
syn-0281,1,0,1,10,9,0.031103458,0.07892567,0.028006498,0.09857387,0.022279955,0.060719322,0.05729421,0.020803275,0.18727544,0.2814214,0.10115624,0.032440674
syn-0285,1,0,1,11,11,0.010481239,0.012103881,0.01709068,0.028756933,0.019994862,0.027408978,0.019494401,0.010437408,0.0669752,0.015205242,0.032859396,0.7391918
syn-0290,1,0,1,0,0,0.50782293,0.018676257,0.03083583,0.026117321,0.18070751,0.03175356,0.029519526,0.038508926,0.057562772,0.020499105,0.025537297,0.032458976
syn-0292,1,0,1,11,11,0.024647463,0.03377892,0.032580018,0.010757949,0.011458568,0.02720888,0.03048581,0.017848609,0.021267427,0.04307825,0.02953669,0.71735144
syn-0302,1,0,1,10,10,0.0025218052,0.0034306927,0.008978101,0.0058687627,0.012815747,0.0047956905,0.016044071,0.009982662,0.019319493,0.0077843782,0.90357774,0.004880826
syn-0304,1,0,1,1,1,0.01919208,0.5656992,0.0422924,0.05095541,0.0250311,0.06915027,0.06224726,0.023597416,0.023927754,0.028584233,0.067214385,0.022108477
syn-0306,1,0,1,5,5,0.04165863,0.03160568,0.038891498,0.15439285,0.040469658,0.33088088,0.03555112,0.113576256,0.049348492,0.039069373,0.057165287,0.06739027
syn-0313,1,0,1,11,9,0.016539572,0.0754787,0.07004697,0.11090482,0.024712805,0.050640475,0.0426158,0.05185679,0.036193334,0.29102433,0.07492899,0.15505742
syn-0314,1,0,1,8,8,0.04663339,0.18235782,0.03692349,0.05584846,0.06493323,0.051984362,0.05002281,0.035244863,0.26565632,0.037527315,0.12511554,0.047752384
syn-0322,1,0,1,2,2,0.026878417,0.032424014,0.45763043,0.055490952,0.039172154,0.04982516,0.04311388,0.10077706,0.04582928,0.02666877,0.07237147,0.049818404
syn-0324,1,0,1,7,8,0.07333122,0.03331808,0.082782,0.06600325,0.04209568,0.042997647,0.06631688,0.080421574,0.24462536,0.08954486,0.087438785,0.09112467
syn-0335,1,0,1,3,11,0.009783671,0.022152133,0.019151255,0.040433012,0.029653398,0.023806218,0.020088369,0.009067671,0.0065429197,0.008568894,0.034256797,0.77649564
syn-0343,1,0,1,8,8,0.028205542,0.04384515,0.049817163,0.05863733,0.053168103,0.08938598,0.056763027,0.04626027,0.37688944,0.096128166,0.045825087,0.05507474
syn-0346,1,0,1,6,6,0.042017706,0.07069154,0.03475726,0.1083626,0.04025762,0.1514011,0.32633358,0.06988331,0.048927337,0.038977962,0.04102063,0.027369335
syn-0348,1,0,1,9,6,0.074112155,0.064978555,0.086813234,0.07503966,0.0705333,0.06724069,0.13661413,0.11383389,0.13045065,0.07236747,0.05886452,0.049151756
syn-0349,1,0,1,5,5,0.03131773,0.021096263,0.044429615,0.11802242,0.060534265,0.23755597,0.052996732,0.1004459,0.08206238,0.06055111,0.14355277,0.04743487
syn-0350,1,0,1,2,2,0.041493278,0.02383124,0.6008633,0.03897644,0.021150373,0.0301338,0.02944357,0.033451647,0.043882314,0.055328827,0.0349929,0.046452314
syn-0351,1,0,1,11,11,0.025843058,0.01942299,0.023466231,0.032554585,0.030570047,0.044316366,0.029495025,0.043796465,0.013153847,0.015314924,0.02951632,0.6925501
syn-0354,1,0,1,8,8,0.05506149,0.012717464,0.0068081706,0.004775979,0.008110855,0.011821082,0.008019248,0.0051085684,0.87054086,0.008062336,0.00396012,0.0050138175
syn-0356,1,0,1,8,8,0.1046237,0.079996884,0.03919034,0.06438643,0.08944539,0.06849988,0.10834979,0.036388405,0.1441318,0.09410297,0.06786489,0.10301953
syn-0357,1,0,1,3,3,0.054467693,0.14201215,0.058267344,0.23697679,0.08907488,0.076928414,0.09929207,0.05659319,0.0615378,0.035417784,0.04613748,0.043294415
syn-0367,1,0,1,4,8,0.041116867,0.06449292,0.05595691,0.07835869,0.1469638,0.12953892,0.092255756,0.09434892,0.15246251,0.04677706,0.047339607,0.050388023
syn-0372,1,0,1,1,1,0.023853073,0.4053581,0.021412155,0.04626837,0.075356916,0.15076554,0.059077244,0.03369209,0.027779918,0.029688152,0.0804124,0.04633604
syn-0378,1,0,1,2,2,0.03448879,0.035174686,0.44546583,0.06865615,0.054339387,0.04741219,0.0465842,0.13561028,0.024291323,0.031807408,0.03493057,0.041239165
syn-0380,1,0,1,4,4,0.014673458,0.013749883,0.015363794,0.014448024,0.7500644,0.11585388,0.0081353765,0.016230134,0.014324411,0.012820908,0.010096939,0.014238823
syn-0381,1,0,1,8,8,0.023771942,0.0394201,0.014315294,0.03661199,0.05221891,0.09859885,0.0873208,0.03991477,0.49987724,0.028428866,0.04820948,0.031311754
syn-0408,1,0,1,4,4,0.054669112,0.020773733,0.04046373,0.083806485,0.5480065,0.03651805,0.041156128,0.034547605,0.045266923,0.03141661,0.022537109,0.040838018
syn-0415,1,0,1,1,8,0.032352038,0.17768502,0.025958499,0.032076426,0.057388064,0.0979642,0.047297675,0.03288138,0.1894499,0.07187328,0.10626816,0.12880537
syn-0423,1,0,1,9,10,0.07074267,0.066502616,0.06784834,0.084402025,0.05147609,0.07805829,0.07553449,0.07451631,0.13226902,0.0704709,0.15752293,0.07065632
syn-0426,1,0,1,10,10,0.015965683,0.019563207,0.021677589,0.06110084,0.021903852,0.048373666,0.029014444,0.02237847,0.05004006,0.020411795,0.63340044,0.05616997
syn-0428,1,0,1,8,1,0.020206047,0.74031943,0.016739996,0.021447157,0.02591877,0.011165095,0.014366109,0.011193743,0.05509476,0.015983082,0.054930605,0.012635208
syn-0433,1,0,1,5,1,0.032941937,0.19892716,0.10654591,0.086815186,0.07725061,0.06340001,0.05506811,0.082237475,0.068359755,0.078252465,0.07308388,0.077117495
syn-0435,1,0,1,10,10,0.008440382,0.017201168,0.02532838,0.014651659,0.026992336,0.011934736,0.060836434,0.024958944,0.0242192,0.016655628,0.74871045,0.020070685
syn-0443,1,0,1,7,7,0.04971055,0.04287705,0.131341,0.12887971,0.07215362,0.12313924,0.049185768,0.19341582,0.040210474,0.054320335,0.06463112,0.05013532
syn-0447,1,0,1,7,7,0.063205235,0.04300303,0.10927843,0.025943905,0.041037302,0.19744451,0.07963399,0.26239267,0.035884563,0.04334432,0.04008718,0.058744855
syn-0457,1,0,1,9,9,0.030594356,0.03209756,0.015927384,0.03081252,0.021532374,0.019009158,0.016891455,0.021249525,0.012363869,0.7192929,0.031867888,0.048361003
syn-0458,1,0,1,6,6,0.0027754402,0.0037543238,0.0039523,0.011043667,0.008022016,0.0075167264,0.9309717,0.00405686,0.0052242405,0.00802576,0.010717148,0.0039398377
syn-0464,1,0,1,4,4,0.048489496,0.015886579,0.016442109,0.019634027,0.7390836,0.029426232,0.013767405,0.020811927,0.020394767,0.012836162,0.017025597,0.0462021
syn-0469,1,0,1,9,9,0.05650699,0.045664888,0.029820912,0.09024934,0.03337841,0.05520195,0.035978038,0.0395416,0.043176435,0.4384314,0.089771256,0.042278763
syn-0472,1,0,1,8,8,0.025620544,0.031718604,0.019741094,0.03809016,0.015927676,0.046962652,0.053515803,0.037325837,0.58608973,0.058875687,0.051319577,0.034812637
syn-0486,1,0,1,1,1,0.07287815,0.18774603,0.087165125,0.07709384,0.06868521,0.08152453,0.09655053,0.083752595,0.065327935,0.0505769,0.073399246,0.055299908
syn-0491,1,0,1,10,10,0.04216185,0.035755746,0.041355282,0.052048698,0.05200541,0.047469858,0.032636292,0.04726569,0.04816935,0.1662537,0.39143142,0.04344673
syn-0499,1,0,1,11,11,0.022623062,0.025436383,0.027480112,0.013900684,0.013616647,0.022431035,0.02807817,0.016255362,0.03872174,0.15180074,0.034362618,0.60529345
syn-0006,1,0,2,7,9,0.07207193,0.06370012,0.07651965,0.0871154,0.057749927,0.08125499,0.09107507,0.10443086,0.07648329,0.10650084,0.07672646,0.10637147
syn-0013,1,0,2,6,6,0.06465916,0.0671968,0.0582696,0.07782898,0.052512076,0.07309993,0.1975842,0.06669086,0.09487229,0.08582508,0.07948876,0.08197225
syn-0016,1,0,2,9,9,0.06287118,0.061178736,0.06488371,0.082145125,0.057671126,0.09837221,0.08011636,0.072271384,0.10366241,0.13492882,0.11265497,0.06924395
syn-0018,1,0,2,3,6,0.057574656,0.06717785,0.047028754,0.10176659,0.06081275,0.08550539,0.2624432,0.050341383,0.061520454,0.08327545,0.060514614,0.062038876
syn-0025,1,0,2,8,8,0.108786255,0.058298092,0.041968558,0.04791767,0.061314624,0.059646267,0.049426332,0.057728335,0.37035552,0.04866804,0.05474467,0.041145638
syn-0026,1,0,2,10,10,0.06037164,0.058997698,0.09156984,0.08525684,0.077103004,0.06849867,0.07670659,0.101965025,0.063058645,0.08073234,0.1414703,0.09426941
syn-0032,1,0,2,4,6,0.0727743,0.0723183,0.07721358,0.07156309,0.10657555,0.093169324,0.13366559,0.07966331,0.078109115,0.07611466,0.07094178,0.067891404
syn-0033,1,0,2,5,5,0.05128548,0.0709047,0.05636543,0.07467277,0.0660905,0.25589222,0.056519233,0.06707881,0.096335866,0.079487786,0.06193884,0.063428365
syn-0038,1,0,2,5,3,0.057935692,0.08925099,0.072120845,0.12904428,0.09990122,0.10411249,0.073026255,0.09152105,0.06476895,0.06046896,0.074283,0.08356629
syn-0040,1,0,2,4,10,0.0658737,0.06528509,0.07138058,0.07911185,0.14327052,0.08320716,0.0629604,0.064012244,0.053443726,0.08625107,0.15640098,0.068802685
syn-0045,1,0,2,9,10,0.06751759,0.06940606,0.05451099,0.096519835,0.05005989,0.06001429,0.060935795,0.05390113,0.06969763,0.14004585,0.21984309,0.057547845
syn-0049,1,0,2,8,4,0.08469967,0.0841552,0.07872933,0.08159741,0.108341366,0.08698464,0.06762149,0.08002331,0.085761786,0.10661986,0.067941144,0.06752478
syn-0050,1,0,2,4,4,0.057072185,0.07740713,0.09863526,0.10384419,0.13486776,0.08399205,0.08197949,0.09415525,0.053104587,0.073136374,0.07138268,0.07042307
syn-0053,1,0,2,10,10,0.04139949,0.064074196,0.07265567,0.057457652,0.06853304,0.07926832,0.07077029,0.07686345,0.04360904,0.055746477,0.3092336,0.06038877
syn-0059,1,0,2,3,3,0.07467293,0.07177156,0.07486873,0.13866158,0.074772,0.09604691,0.076499656,0.07479368,0.082281746,0.07027018,0.07847276,0.08688827
syn-0077,1,0,2,2,2,0.061707985,0.070873246,0.16715579,0.077366345,0.05946888,0.063963376,0.10608571,0.09796088,0.051992945,0.07519939,0.07602727,0.092198186
syn-0079,1,0,2,1,9,0.07308646,0.06732442,0.07618109,0.081674285,0.097460344,0.07897766,0.08085339,0.09317729,0.07763586,0.10719954,0.06501139,0.101418264
syn-0083,1,0,2,0,0,0.2564023,0.065269776,0.049946804,0.07857509,0.06634132,0.098942526,0.04758659,0.076440446,0.08199632,0.06874189,0.045877527,0.0638794
syn-0085,1,0,2,3,1,0.04987287,0.17014138,0.06324409,0.1400712,0.06452462,0.07378537,0.12359549,0.062768236,0.06245059,0.063908555,0.06287328,0.062764294
syn-0090,1,0,2,5,5,0.08452337,0.0864863,0.06576658,0.07950634,0.071035616,0.13793461,0.078403525,0.09931496,0.081916556,0.08637211,0.06855475,0.060185276
syn-0091,1,0,2,4,4,0.06704818,0.060262837,0.068365835,0.07194934,0.19728374,0.08715043,0.06835683,0.08664753,0.05027275,0.071703695,0.077325955,0.09363287
syn-0095,1,0,2,11,11,0.054087985,0.06738367,0.08671459,0.09463279,0.057031553,0.06705298,0.05879711,0.104266085,0.059805833,0.07510695,0.09759669,0.17752376
syn-0100,1,0,2,2,2,0.053444017,0.06772531,0.24546638,0.067065716,0.06698585,0.068404764,0.0639138,0.08584522,0.058709245,0.06856844,0.08325352,0.07061774
syn-0101,1,0,2,3,3,0.0692393,0.07418208,0.08910136,0.11395934,0.094168454,0.092337556,0.08147215,0.07723422,0.06619753,0.06831555,0.08306505,0.0907274
syn-0103,1,0,2,11,11,0.05931002,0.07071001,0.07981532,0.09181937,0.060999002,0.06564687,0.07602419,0.06494902,0.057772238,0.096289866,0.09539368,0.1812704
syn-0107,1,0,2,10,10,0.05933178,0.073344715,0.07181354,0.0778324,0.109415464,0.092239745,0.07307101,0.08940019,0.060729817,0.0749244,0.15153612,0.066360824
syn-0128,1,0,2,2,2,0.05536556,0.062146068,0.26048902,0.07304625,0.055955824,0.06719612,0.069563426,0.08916254,0.073135376,0.058982994,0.060658485,0.07429833
syn-0149,1,0,2,8,8,0.11052389,0.07385399,0.044728827,0.05867883,0.06599685,0.075181104,0.07339191,0.060452532,0.19866888,0.0731426,0.09972245,0.06565813
syn-0158,1,0,2,1,1,0.054423384,0.3427749,0.06368813,0.0675018,0.047798853,0.049062304,0.06825712,0.041348916,0.07922365,0.05499774,0.07096206,0.059961148
syn-0163,1,0,2,4,4,0.07760975,0.057409577,0.06514242,0.06123784,0.17168087,0.0763561,0.092736304,0.07929391,0.12585412,0.061024915,0.061382405,0.07027179
syn-0166,1,0,2,5,5,0.09926087,0.100382,0.055975895,0.10697817,0.06595093,0.15475646,0.06823673,0.06481417,0.08649304,0.065444626,0.06756626,0.064140856
syn-0171,1,0,2,6,6,0.06849407,0.059834253,0.066010036,0.064683035,0.07022479,0.08427224,0.19285776,0.07531097,0.115386516,0.0695209,0.065434314,0.06797114
syn-0177,1,0,2,8,8,0.10273522,0.08754859,0.04262079,0.0689179,0.07298526,0.066514246,0.06984316,0.053540546,0.26700234,0.06476703,0.05373473,0.049790185
syn-0179,1,0,2,1,1,0.06436361,0.26079848,0.049033806,0.070569806,0.055549953,0.056851227,0.08874083,0.059412334,0.06093362,0.09084491,0.060541432,0.08235999
syn-0181,1,0,2,10,10,0.04377103,0.08892911,0.05499719,0.06972919,0.07970788,0.050332222,0.09599887,0.058970306,0.16335405,0.05602785,0.1751758,0.0630065
syn-0191,1,0,2,4,10,0.06669658,0.06480336,0.059571836,0.107356936,0.10579912,0.07297719,0.110335745,0.060587745,0.049632702,0.100844845,0.12863892,0.072755024
syn-0192,1,0,2,5,3,0.056070074,0.1305283,0.079492085,0.13867761,0.06708841,0.082778804,0.08378518,0.0851788,0.060993604,0.07132725,0.06785482,0.07622507
syn-0194,1,0,2,1,1,0.07268216,0.23246871,0.03995681,0.05145324,0.0649895,0.048773568,0.07079682,0.053218063,0.22772583,0.042511556,0.051240202,0.04418354
syn-0196,1,0,2,4,4,0.1273502,0.053084303,0.054117993,0.07138643,0.25904065,0.07524283,0.06762989,0.06504937,0.055396397,0.055941407,0.055993196,0.059767332
syn-0197,1,0,2,11,11,0.060533427,0.07142634,0.047560405,0.08988064,0.076338045,0.08108373,0.06604742,0.0636414,0.050104782,0.06435624,0.050007805,0.27901977
syn-0203,1,0,2,8,8,0.056255568,0.0793327,0.055502266,0.07074649,0.06865535,0.075981095,0.06007583,0.08894131,0.24023502,0.0714876,0.075593285,0.057193495
syn-0208,1,0,2,8,8,0.0638366,0.065343596,0.053552892,0.0647441,0.092108235,0.06400396,0.09901286,0.06656817,0.20481765,0.07829322,0.092172556,0.055546153
syn-0210,1,0,2,0,0,0.16039568,0.078271516,0.07154743,0.11110654,0.09745438,0.06338493,0.08189367,0.0720759,0.06883118,0.06476916,0.06117789,0.06909174
syn-0224,1,0,2,8,8,0.12906335,0.06651875,0.067527495,0.058398444,0.08150175,0.06531047,0.07472895,0.05937769,0.20739378,0.054302238,0.07156094,0.064316146
syn-0239,1,0,2,6,6,0.053708147,0.0711158,0.111076884,0.06887511,0.071088225,0.07016943,0.16134804,0.10926821,0.06024045,0.063532904,0.08345672,0.07612007
syn-0242,1,0,2,0,0,0.24195604,0.054490484,0.06893255,0.05976233,0.07108106,0.07995379,0.07025828,0.05874108,0.096609704,0.08204708,0.051847152,0.064320445
syn-0243,1,0,2,10,10,0.0680623,0.09238781,0.07130403,0.08833116,0.0559159,0.08341918,0.07666731,0.07025226,0.08927948,0.09041309,0.12968439,0.08428308
syn-0250,1,0,2,11,11,0.048665535,0.047738962,0.044125803,0.04876817,0.060054686,0.055725172,0.06281955,0.0469966,0.047398046,0.11246544,0.11363545,0.3116066
syn-0260,1,0,2,11,11,0.056444366,0.07316966,0.09180448,0.08680245,0.084384985,0.079037875,0.08391531,0.098731935,0.06930477,0.08424336,0.086226486,0.105934314
syn-0262,1,0,2,10,10,0.039240472,0.0415144,0.064749844,0.06288482,0.04802814,0.06166447,0.054792345,0.07073484,0.041913215,0.052961364,0.4187501,0.04276597
syn-0265,1,0,2,3,3,0.08909214,0.06396507,0.081007846,0.13238932,0.058972698,0.09759617,0.08238532,0.08263934,0.063397676,0.09066821,0.075165235,0.08272099
syn-0271,1,0,2,2,2,0.07471653,0.06744575,0.134345,0.12387984,0.06045738,0.08143517,0.079508945,0.0953501,0.059459623,0.08979303,0.073254,0.060354646
syn-0274,1,0,2,9,10,0.058454942,0.05181819,0.0829251,0.08616967,0.053030603,0.09594438,0.049214926,0.06964434,0.09529935,0.10929332,0.16345401,0.08475118
syn-0279,1,0,2,0,0,0.336003,0.06601112,0.04848193,0.05436382,0.07711356,0.047259346,0.05847826,0.050413005,0.11545532,0.041654296,0.05484505,0.049921297
syn-0280,1,0,2,0,0,0.2601118,0.06407528,0.05006854,0.05652611,0.087652385,0.06349082,0.07952807,0.05116179,0.123403616,0.05698089,0.0474293,0.059571393
syn-0282,1,0,2,7,7,0.06801917,0.06772098,0.0888788,0.081686184,0.06896396,0.085435465,0.08760644,0.1625615,0.07003456,0.062589705,0.07791129,0.078591935
syn-0286,1,0,2,8,5,0.06523189,0.09730776,0.07230389,0.08833312,0.085627794,0.10519272,0.07628735,0.08577082,0.08578504,0.088680945,0.07549161,0.07398706
syn-0288,1,0,2,9,9,0.059664924,0.062593155,0.054528885,0.0833715,0.049506623,0.07732531,0.05720109,0.051834438,0.11890204,0.2337067,0.08062121,0.070744134
syn-0295,1,0,2,10,10,0.056190394,0.070197,0.08054447,0.07863866,0.08461858,0.074707404,0.08892568,0.08700744,0.069370575,0.10980339,0.13200076,0.067995645
syn-0298,1,0,2,7,7,0.09547853,0.06979762,0.10000931,0.05603614,0.07921586,0.11624118,0.07505004,0.1357368,0.08154752,0.0562518,0.06593054,0.06870467
syn-0305,1,0,2,1,1,0.040569063,0.31229275,0.077245384,0.06499542,0.07143501,0.042679533,0.06779531,0.05760288,0.06142113,0.053886622,0.07159569,0.07848119
syn-0318,1,0,2,11,11,0.074869506,0.07171707,0.08178917,0.08904974,0.068151414,0.065011024,0.11373759,0.07206361,0.058614783,0.08246197,0.08938873,0.13314539
syn-0326,1,0,2,1,1,0.08796748,0.10839785,0.06144876,0.06599678,0.07510417,0.05989473,0.09746611,0.0689071,0.106067486,0.10316777,0.07728464,0.08829712
syn-0328,1,0,2,10,10,0.057343427,0.08494179,0.060367968,0.075110905,0.060354415,0.065444745,0.070129044,0.083920136,0.079009905,0.06273126,0.22631282,0.07433361
syn-0332,1,0,2,6,6,0.045647696,0.060096897,0.047537528,0.07727656,0.067372315,0.058807116,0.23931167,0.05179333,0.06706082,0.07112692,0.13414924,0.07981992
syn-0338,1,0,2,8,8,0.068260014,0.07554154,0.06460611,0.083813496,0.060790937,0.06922269,0.07600502,0.0817454,0.16753142,0.077457786,0.09130149,0.083724104
syn-0355,1,0,2,5,5,0.08535142,0.062576264,0.08312748,0.07584671,0.06683904,0.10573245,0.080505185,0.10102563,0.08815613,0.071509555,0.09620338,0.08312677
syn-0366,1,0,2,9,9,0.06911591,0.04610519,0.064452164,0.07711181,0.06440644,0.07361109,0.06147323,0.0553958,0.06346167,0.22898002,0.08542436,0.11046232
syn-0369,1,0,2,6,6,0.057537206,0.07445875,0.067708835,0.068407565,0.06916328,0.09919839,0.20455155,0.06795502,0.06651654,0.07045936,0.08682152,0.06722198
syn-0370,1,0,2,9,9,0.054953497,0.06676407,0.05941415,0.07683876,0.05255478,0.080690674,0.07764367,0.05759003,0.09531076,0.19095919,0.118483946,0.06879647
syn-0391,1,0,2,0,0,0.22307846,0.09234329,0.046570487,0.07468553,0.072095565,0.08519054,0.076703124,0.07168463,0.093360364,0.06389282,0.05254191,0.047853284
syn-0392,1,0,2,1,1,0.049708653,0.3037738,0.056573004,0.06599207,0.0553567,0.05926619,0.061625335,0.057311766,0.07047712,0.08500882,0.08010885,0.054797716
syn-0396,1,0,2,3,2,0.058617715,0.075343035,0.12635815,0.077124014,0.07648089,0.079046026,0.08585651,0.12182733,0.06657966,0.07157458,0.07945524,0.08173684
syn-0407,1,0,2,6,5,0.060002822,0.067116395,0.061312933,0.085253745,0.0768446,0.12687144,0.12257983,0.073334694,0.061135627,0.09950296,0.07927391,0.08677105
syn-0411,1,0,2,2,2,0.062013198,0.06583139,0.20224562,0.09542329,0.06305118,0.06472929,0.06667944,0.097265415,0.0512521,0.06464327,0.07902025,0.08784555
syn-0414,1,0,2,5,4,0.06212538,0.08519556,0.056172505,0.09859517,0.20574225,0.08360458,0.07402007,0.07461101,0.07012081,0.063672625,0.070579946,0.055560086
syn-0420,1,0,2,2,2,0.05214597,0.06814939,0.20590094,0.08368926,0.06878068,0.068531126,0.06890479,0.09609888,0.06805053,0.07263419,0.06704873,0.080065526
syn-0430,1,0,2,1,1,0.058646712,0.16833712,0.10173132,0.08576866,0.06733454,0.10204755,0.07435533,0.07092595,0.053547475,0.06521859,0.08099334,0.0710934
syn-0431,1,0,2,3,3,0.0834321,0.08569462,0.07497695,0.1585639,0.07923334,0.072941884,0.07451326,0.07004744,0.064819545,0.09042927,0.07263959,0.072708115
syn-0432,1,0,2,6,6,0.053285476,0.07453018,0.066490784,0.07074006,0.054044493,0.083405204,0.25452706,0.050863,0.065461,0.06896956,0.095905915,0.06177727
syn-0477,1,0,2,7,2,0.06649963,0.06890814,0.12131964,0.10338739,0.09145095,0.10005874,0.0816668,0.08203064,0.06844724,0.06748376,0.081010625,0.06773643
syn-0485,1,0,2,10,10,0.045070272,0.06333833,0.07376852,0.06652599,0.08101041,0.05947346,0.07113332,0.067364626,0.097033456,0.08307757,0.22220641,0.06999762
syn-0488,1,0,2,10,10,0.060696255,0.06076563,0.07888876,0.073213525,0.080798134,0.07598307,0.09565568,0.093991704,0.06480617,0.078772485,0.1561072,0.08032138
syn-0489,1,0,2,11,11,0.06169791,0.07676676,0.09832951,0.08578414,0.067185774,0.09915146,0.0817425,0.07544859,0.077637926,0.07125987,0.06857072,0.13642485
syn-0498,1,0,2,7,5,0.08986297,0.08717721,0.069728255,0.06306211,0.0811343,0.117807515,0.06948273,0.08547575,0.099737465,0.08964043,0.07364562,0.073245645
syn-0003,1,0,3,2,2,0.030282652,0.020065857,0.58620584,0.035953082,0.022540059,0.06453995,0.017883677,0.059930667,0.021284986,0.049861606,0.040332835,0.051118795
syn-0010,1,0,3,9,9,0.015340337,0.02832888,0.003568993,0.013219138,0.004775646,0.01524908,0.01278366,0.009098555,0.03064479,0.7755718,0.072468676,0.018950395
syn-0020,1,0,3,6,6,0.003192322,0.0031109643,0.006695214,0.013318069,0.012896326,0.016435321,0.8858663,0.0051468606,0.0079076765,0.019419637,0.019033918,0.0069774054
syn-0024,1,0,3,2,2,0.02138348,0.027689926,0.6818909,0.11776851,0.015281877,0.018902883,0.012327407,0.04082942,0.009109655,0.026309796,0.01710244,0.011403732
syn-0027,1,0,3,4,8,0.027901106,0.018861609,0.0051671187,0.014185777,0.18093829,0.0379308,0.016079022,0.014300292,0.67256796,0.0019205967,0.0061270436,0.0040203677
syn-0043,1,0,3,9,10,0.019453151,0.026090788,0.035283286,0.027260713,0.050953865,0.06415658,0.023949904,0.032050323,0.18404873,0.19604233,0.2532878,0.08742254
syn-0044,1,0,3,2,7,0.050355136,0.043516546,0.17458381,0.0757679,0.0426812,0.046477515,0.052678984,0.27232435,0.0902845,0.03748337,0.06396969,0.049877003
syn-0052,1,0,3,4,4,0.077211715,0.011324844,0.006884505,0.0062070326,0.7912973,0.009650864,0.019608825,0.0049849674,0.024842344,0.0076726708,0.035157237,0.0051576626
syn-0056,1,0,3,8,8,0.006404901,0.002859669,0.004082525,0.0038597088,0.016487733,0.0019426324,0.0056781084,0.002797611,0.9399944,0.0016878642,0.011205581,0.0029992799
syn-0057,1,0,3,8,8,0.018646428,0.010942505,0.0067995633,0.018674513,0.032597367,0.01473043,0.06891819,0.022485975,0.5658475,0.0060727536,0.21922067,0.015064103
syn-0061,1,0,3,4,4,0.02601083,0.024342287,0.02064854,0.075715415,0.6132631,0.05521453,0.048343617,0.042099904,0.04072885,0.012837884,0.026106607,0.014688493
syn-0064,1,0,3,6,6,0.011652514,0.03565603,0.018733485,0.021455845,0.04770519,0.10453213,0.46419412,0.037295565,0.03489226,0.006961578,0.1907009,0.02622039
syn-0070,1,0,3,2,2,0.011223074,0.02550235,0.50195074,0.093691394,0.06701809,0.031887494,0.037641253,0.06622488,0.049825225,0.021622632,0.03774728,0.055665568
syn-0072,1,0,3,0,0,0.9947076,0.00050053577,0.00020289887,0.00011396608,0.0015159767,0.00013902786,0.0001806089,0.0007372122,0.0014442353,0.00020031481,8.495469e-05,0.0001726581
syn-0074,1,0,3,5,5,0.04825795,0.08294072,0.03569845,0.017419776,0.03834929,0.40648332,0.0895041,0.07058347,0.018655876,0.13614169,0.032413084,0.023552276
syn-0075,1,0,3,7,5,0.016335573,0.057248127,0.025710275,0.03648507,0.0442176,0.35195273,0.021534365,0.34030235,0.020789213,0.017524943,0.034331832,0.03356792
syn-0081,1,0,3,10,9,0.033516563,0.06935172,0.026590714,0.014888865,0.032914683,0.07422948,0.05120888,0.04853345,0.042844128,0.29217422,0.26483613,0.048911165
syn-0097,1,0,3,10,10,0.0033920675,0.022818927,0.0072285505,0.005894367,0.005207368,0.01206417,0.014646777,0.009103622,0.004185747,0.0055786856,0.90342414,0.0064555514
syn-0102,1,0,3,1,1,0.0003155819,0.9548827,0.00017386019,0.0007710288,0.00021247272,0.00010031439,0.00059582083,0.00033396546,0.041854236,0.00036388947,0.00023023368,0.00016593613
syn-0105,1,0,3,4,4,0.15109397,0.07457019,0.011456924,0.06911899,0.42707756,0.026393062,0.04976804,0.022042094,0.04308269,0.03889897,0.027366789,0.059130725
syn-0120,1,0,3,3,9,0.025908468,0.03402194,0.09784922,0.17145054,0.030790368,0.076684795,0.02193831,0.02942616,0.09577708,0.18569368,0.14774151,0.08271792
syn-0121,1,0,3,9,9,0.023468554,0.112061426,0.02145201,0.03774764,0.050914556,0.035426788,0.04312142,0.07467061,0.16477562,0.34851876,0.060327835,0.027514774
syn-0135,1,0,3,0,0,0.775552,0.013287017,0.008469306,0.0058299424,0.0071064946,0.008478972,0.007341349,0.0094492,0.1473191,0.0047606654,0.007512416,0.0048935795
syn-0136,1,0,3,6,6,0.03131285,0.12803744,0.049246162,0.026382774,0.008054882,0.023688197,0.52090514,0.025455957,0.017630966,0.036976423,0.07999384,0.052315377
syn-0139,1,0,3,1,1,0.0015763873,0.9696291,0.0032841044,0.0015642175,0.0010483054,0.0015585539,0.0046939407,0.0008271353,0.0013582483,0.001498462,0.00869132,0.0042701927
syn-0147,1,0,3,0,0,0.8048238,0.013697544,0.0049074916,0.052780986,0.011602013,0.031356283,0.0040094573,0.013953004,0.013940363,0.036535323,0.00835261,0.0040410813
syn-0156,1,0,3,6,6,0.0012373676,0.007243531,0.004191142,0.0024712752,0.0036441367,0.0023876491,0.96494067,0.0018320496,0.0013203489,0.0025220462,0.0019310373,0.0062787537
syn-0159,1,0,3,11,11,0.0020729785,0.005157653,0.0028772857,0.0033897294,0.004813247,0.009695739,0.0046005803,0.0027475783,0.0017172474,0.0031110458,0.0048610955,0.9549558
syn-0160,1,0,3,5,3,0.030239189,0.033502188,0.01961142,0.45258382,0.017296892,0.22732048,0.018675257,0.02749934,0.023784459,0.08230439,0.05019229,0.016990278
syn-0168,1,0,3,1,1,0.044015933,0.38684094,0.022013903,0.18451577,0.03658952,0.029123215,0.07425548,0.047042545,0.07618956,0.03758947,0.0254146,0.036409058
syn-0169,1,0,3,4,4,0.18639,0.13972238,0.03159215,0.054088354,0.19313838,0.030904338,0.06301918,0.06797121,0.030206675,0.04249289,0.11794317,0.04253128
syn-0172,1,0,3,10,10,0.011151062,0.00876244,0.003473224,0.0034762605,0.0037425908,0.04553793,0.009284974,0.0017656027,0.025383439,0.0074104965,0.86779445,0.012217515
syn-0175,1,0,3,11,11,0.02063992,0.26580006,0.014298726,0.020517949,0.040012527,0.041134004,0.027466828,0.044692643,0.013528292,0.02642722,0.21543422,0.2700476
syn-0182,1,0,3,6,6,0.0011736467,0.0054211756,0.0015611653,0.0011275004,0.0011254015,0.0015069594,0.97545314,0.0010704094,0.00045789414,0.008649128,0.0014967741,0.0009568345
syn-0183,1,0,3,4,4,0.013872706,0.029459268,0.0071380674,0.007868047,0.75526553,0.124719195,0.017519187,0.009093513,0.008105434,0.010949147,0.005363908,0.010645981
syn-0185,1,0,3,7,7,0.051315185,0.0766689,0.14419024,0.049083393,0.057301436,0.07226893,0.04511899,0.29417428,0.024390591,0.052018415,0.038428012,0.095041625
syn-0188,1,0,3,10,10,0.0021152464,0.010958075,0.0011059804,0.0037646936,0.0033361872,0.0043873107,0.00793582,0.0037960545,0.0022525776,0.0032495947,0.928105,0.028993439
syn-0189,1,0,3,10,10,0.049234383,0.053821053,0.01740805,0.06230972,0.015766917,0.073971644,0.090428,0.057094134,0.068506315,0.07237612,0.4158695,0.023214145
syn-0200,1,0,3,5,3,0.018228805,0.043551095,0.04602084,0.55687284,0.10449925,0.022445433,0.02772344,0.04874996,0.016277675,0.07463608,0.016741233,0.024253367
syn-0202,1,0,3,10,1,0.03542543,0.21763992,0.009230567,0.044152923,0.03402475,0.05708954,0.055274595,0.037249822,0.08023084,0.20828377,0.1594076,0.061990246
syn-0205,1,0,3,2,2,0.012921783,0.030932404,0.46990284,0.096972786,0.03107459,0.016931292,0.036898844,0.13029897,0.027391799,0.023745459,0.015239693,0.10768954
syn-0221,1,0,3,11,11,0.030845236,0.0420391,0.03349256,0.05888499,0.060509473,0.08798106,0.021699673,0.011100984,0.17726524,0.014802602,0.029167436,0.43221164
syn-0241,1,0,3,1,1,0.0046743616,0.8883796,0.0065588104,0.01263267,0.01485207,0.010795379,0.0028594784,0.004443569,0.02624879,0.011400485,0.007636451,0.009518388
syn-0247,1,0,3,3,3,0.123739,0.037802428,0.13071576,0.3172384,0.04273178,0.03704373,0.069334745,0.060249772,0.024809822,0.029227735,0.060883686,0.066223174
syn-0249,1,0,3,8,8,0.050734118,0.033540946,0.05231262,0.019783325,0.017254917,0.032952115,0.012372464,0.031468034,0.34802175,0.06210615,0.3189688,0.020484768
syn-0258,1,0,3,3,5,0.0767986,0.06121775,0.04290317,0.15708241,0.04895711,0.19218895,0.0710768,0.03516885,0.025917945,0.1411708,0.039035752,0.10848186
syn-0273,1,0,3,0,0,0.81125253,0.007592485,0.006448468,0.048877664,0.022109108,0.05239659,0.007862026,0.0097365575,0.004991934,0.0073076608,0.013317729,0.00810723
syn-0276,1,0,3,6,10,0.010796027,0.021387598,0.010200756,0.0034000427,0.033149753,0.048067756,0.13452977,0.049080882,0.0066261673,0.004681729,0.6117671,0.06631243
syn-0289,1,0,3,8,0,0.67935705,0.046691637,0.04683177,0.009440412,0.0131460745,0.017615233,0.016616127,0.023178622,0.059060473,0.03585984,0.022084927,0.03011784
syn-0291,1,0,3,1,1,0.0014118118,0.97651386,0.002457985,0.001316212,0.0022562535,0.0024951498,0.0012363003,0.00116124,0.0026490518,0.0004968022,0.0070723994,0.00093295285
syn-0293,1,0,3,0,0,0.8419397,0.01185731,0.010806773,0.025948245,0.012599622,0.007897272,0.013781574,0.012884825,0.019992402,0.0182065,0.00749181,0.016594006
syn-0296,1,0,3,3,3,0.015011865,0.01091925,0.010640278,0.76027596,0.040121417,0.09972815,0.012842522,0.009610678,0.006923756,0.015340476,0.010121396,0.008464261
syn-0297,1,0,3,11,11,0.012147629,0.011336379,0.024717327,0.038341943,0.03324238,0.013272378,0.033096146,0.03130764,0.021412963,0.018399626,0.0714464,0.6912792
syn-0299,1,0,3,1,1,0.0038523455,0.9673571,0.0038923102,0.0061852364,0.002931712,0.0025084326,0.00096553424,0.0035686928,0.0036596702,0.0023320362,0.0011702806,0.0015766512
syn-0301,1,0,3,3,3,0.05281105,0.013412046,0.0433287,0.6813612,0.018593628,0.036344294,0.019671611,0.018136684,0.005786065,0.024092205,0.07059807,0.015864436
syn-0307,1,0,3,3,3,0.015192198,0.046273265,0.02708983,0.5849028,0.010823423,0.021848459,0.04948767,0.017710535,0.098557435,0.048237603,0.030256087,0.049620666
syn-0312,1,0,3,11,11,0.014143562,0.0044202385,0.018491687,0.0072713606,0.007813165,0.0070515247,0.014607428,0.019164493,0.07754015,0.006353009,0.0016487758,0.8214946
syn-0321,1,0,3,9,1,0.05367394,0.18415885,0.05516082,0.093537256,0.05236139,0.082977615,0.056048173,0.052330278,0.04454283,0.08079535,0.105475955,0.13893753
syn-0329,1,0,3,8,8,0.004803741,0.010486735,0.008759396,0.019024186,0.007835065,0.022216305,0.0052335644,0.010006166,0.77313066,0.11829371,0.006212298,0.013998202
syn-0336,1,0,3,0,0,0.7593375,0.03717708,0.0062694754,0.012844406,0.01669169,0.108468354,0.010936904,0.017538965,0.011838299,0.00683885,0.0051399893,0.0069185067
syn-0341,1,0,3,8,8,0.13305472,0.02547603,0.010922271,0.018183695,0.0075871237,0.06111258,0.021170165,0.050557725,0.5890155,0.037413396,0.03298839,0.012518396
syn-0352,1,0,3,8,8,0.001025758,0.001346821,0.00029493557,0.00043671616,0.0010908417,0.0003586149,0.0010904795,0.00040273438,0.9925992,0.00019753426,0.0008783417,0.00027805456
syn-0364,1,0,3,4,4,0.0025118298,0.009137011,0.0034347756,0.019745473,0.801904,0.014225961,0.036427923,0.008461249,0.029875131,0.0078057754,0.056630637,0.009840188
syn-0368,1,0,3,9,9,0.012698049,0.02308866,0.007988203,0.019877974,0.027045744,0.023256376,0.021846358,0.0109821325,0.023134802,0.7623441,0.011321133,0.056416467
syn-0379,1,0,3,3,9,0.031455524,0.01939186,0.10156605,0.099824905,0.10385135,0.119279385,0.022791998,0.020534063,0.016969772,0.25579652,0.17881821,0.029720364
syn-0385,1,0,3,5,4,0.00409111,0.0030849567,0.0008028251,0.00062592543,0.9448456,0.032044493,0.0015810989,0.0032662153,0.0022188579,0.004631844,0.0015108644,0.0012961983
syn-0386,1,0,3,10,10,0.000282697,0.000543502,0.0016618097,0.0008073388,0.00080771255,0.00070979877,0.0008236544,0.0016317833,0.00039347284,0.002959578,0.9886377,0.00074096647
syn-0388,1,0,3,5,5,0.087194785,0.0108743915,0.0153652765,0.05197559,0.036555763,0.5105197,0.029712027,0.16696677,0.049125683,0.015478918,0.00877065,0.01746048
syn-0401,1,0,3,11,11,0.035875138,0.11043388,0.027546408,0.01672416,0.034084246,0.030955825,0.024363887,0.04807576,0.0106717115,0.025011208,0.06416444,0.5720933
syn-0409,1,0,3,10,10,0.0028495172,0.008751149,0.025753198,0.0069071976,0.008077655,0.0040871697,0.011423164,0.0037469317,0.0034153622,0.0072204145,0.9099577,0.0078105307
syn-0413,1,0,3,9,9,0.010210774,0.029323272,0.01517631,0.011215389,0.0171143,0.011465279,0.011168733,0.034039073,0.011853404,0.8019234,0.007152954,0.039357122
syn-0417,1,0,3,7,7,0.029330187,0.030018808,0.08113889,0.041716505,0.041600935,0.09744473,0.05346441,0.42182767,0.074337184,0.012071336,0.058306266,0.058743097
syn-0418,1,0,3,0,0,0.7091485,0.03309969,0.019758863,0.05413021,0.056082495,0.028135026,0.015668795,0.032583073,0.013987968,0.007978972,0.010749982,0.018676383
syn-0440,1,0,3,1,1,0.020189801,0.8207591,0.0014398117,0.004576755,0.0065787877,0.018133296,0.0028825353,0.002038814,0.109132245,0.00506851,0.0041272533,0.0050730743
syn-0452,1,0,3,10,10,0.0007172968,0.0023096215,0.0013302541,0.0022013183,0.0039511663,0.0015664066,0.04119095,0.0020957636,0.0589446,0.009805721,0.8690059,0.0068809614
syn-0453,1,0,3,1,1,0.0051359395,0.88210535,0.0035283968,0.019974107,0.010394447,0.0037486695,0.034990698,0.0027697869,0.01501514,0.005756884,0.0146704,0.0019101802
syn-0456,1,0,3,11,3,0.010543567,0.038328048,0.00994953,0.46800342,0.012541797,0.02211826,0.003737478,0.018223807,0.004195725,0.020538906,0.030023176,0.3617963
syn-0459,1,0,3,5,1,0.08094548,0.19149773,0.033308737,0.0516964,0.06216418,0.144871,0.07318392,0.1247858,0.053351928,0.07760242,0.06650065,0.040091768
syn-0460,1,0,3,8,4,0.038687844,0.04730953,0.05156326,0.05354921,0.27876183,0.04917166,0.04746854,0.089548714,0.115893684,0.029650906,0.097566724,0.100828096
syn-0461,1,0,3,2,2,0.01255711,0.038812153,0.63309056,0.020396719,0.0630809,0.022934502,0.0300142,0.08051167,0.027808039,0.021865405,0.024218187,0.02471058
syn-0468,1,0,3,6,6,0.003311979,0.0030830132,0.0043820892,0.0095817,0.007720798,0.0036727644,0.94150746,0.0020380002,0.007440413,0.005557216,0.008378344,0.0033262053
syn-0476,1,0,3,7,5,0.042491045,0.022855407,0.017688125,0.08546997,0.016105214,0.6608856,0.016279005,0.054271206,0.020722726,0.029814376,0.020705597,0.01271175
syn-0487,1,0,3,6,6,0.068241134,0.02045605,0.01639916,0.06793701,0.05213313,0.047231097,0.46579808,0.015500076,0.16448337,0.022118874,0.011988939,0.04771306
syn-0490,1,0,3,7,9,0.04975151,0.06594024,0.039568104,0.10026173,0.0737877,0.02419573,0.13734871,0.10613414,0.08203891,0.14587006,0.121009566,0.0540936
syn-0493,1,0,3,8,8,0.0010711445,0.0010137457,0.00041610785,0.00072129833,0.0038834095,0.00091938186,0.0010737856,0.0007567104,0.9875941,0.0007250128,0.00073554786,0.0010897365
syn-0008,1,0,4,8,8,0.028038437,0.024288539,0.017099466,0.02952906,0.033896767,0.03385635,0.023523482,0.019307423,0.7273747,0.016391415,0.018653862,0.028040526
syn-0014,1,0,4,0,0,0.38957974,0.06588792,0.04513092,0.052989826,0.054899186,0.055070553,0.039051943,0.0688448,0.07059697,0.058499783,0.050090678,0.04935768
syn-0019,1,0,4,0,0,0.68745595,0.021499116,0.015090346,0.033760417,0.037447967,0.03208511,0.023840545,0.013840424,0.040464275,0.041736595,0.041650683,0.011128553
syn-0022,1,0,4,10,3,0.048147608,0.103718095,0.055155005,0.16216245,0.040834647,0.15151803,0.106554255,0.05175137,0.040266413,0.09692864,0.08178535,0.061178137
syn-0035,1,0,4,9,9,0.042762123,0.05119785,0.051313467,0.09650925,0.07051106,0.059639525,0.06427759,0.066598915,0.03769942,0.26060992,0.12522343,0.073657446
syn-0037,1,0,4,8,8,0.07549277,0.08129623,0.044715982,0.08539626,0.06168412,0.1078927,0.09172487,0.04162151,0.21159501,0.07135211,0.07910289,0.048125554
syn-0039,1,0,4,1,1,0.04350743,0.507708,0.030105961,0.033385724,0.040068697,0.09979607,0.05321283,0.040618002,0.041507587,0.03696292,0.032162588,0.04096419
syn-0041,1,0,4,10,10,0.03375255,0.033458237,0.033225108,0.04195541,0.05111896,0.050558638,0.05094056,0.03788676,0.08699405,0.18298163,0.32862893,0.06849916
syn-0046,1,0,4,8,8,0.1017902,0.04235733,0.039033204,0.03785585,0.039335094,0.050524555,0.044466775,0.08446442,0.27327254,0.14840426,0.07851011,0.05998566
syn-0048,1,0,4,11,11,0.035735063,0.055439893,0.07491002,0.08300455,0.061166134,0.07005644,0.044947904,0.05014328,0.08685696,0.06912863,0.051571142,0.31703997
syn-0054,1,0,4,5,5,0.037318084,0.024975944,0.021835286,0.06762114,0.023820525,0.61629325,0.023931516,0.04183631,0.050586116,0.041576456,0.030822558,0.019382825
syn-0055,1,0,4,3,3,0.04519167,0.042816002,0.1252087,0.26719373,0.050899256,0.08531991,0.050105356,0.07185578,0.06401373,0.067888975,0.049962457,0.07954444
syn-0076,1,0,4,5,5,0.17690508,0.072714284,0.035467878,0.07277131,0.054520424,0.2443499,0.043582417,0.10868442,0.05651466,0.058869157,0.041535392,0.034085084
syn-0080,1,0,4,3,3,0.07079452,0.0604497,0.05851018,0.16647194,0.09315942,0.11821626,0.04652755,0.053575996,0.13734236,0.049984176,0.075306036,0.06966186
syn-0084,1,0,4,5,5,0.04262098,0.06659291,0.056810576,0.08713549,0.104465805,0.19199324,0.05161001,0.071578294,0.067807324,0.0774117,0.12502733,0.056946345
syn-0106,1,0,4,10,8,0.04615586,0.064203635,0.05626484,0.11742598,0.06866357,0.08784838,0.09417363,0.05534165,0.16313918,0.0755496,0.08062342,0.09061025
syn-0108,1,0,4,8,8,0.051972337,0.047155935,0.044655573,0.053669292,0.047470707,0.05939143,0.09927658,0.05927091,0.40199322,0.048815362,0.042693738,0.043634914
syn-0109,1,0,4,3,3,0.053233873,0.061151225,0.05075059,0.17889331,0.07193946,0.17129262,0.06936112,0.047439005,0.047697008,0.10531185,0.08303377,0.059896175
syn-0111,1,0,4,3,3,0.10609267,0.0535635,0.03233438,0.29838318,0.045591425,0.114715256,0.046398167,0.04969223,0.061676554,0.097546816,0.052782662,0.041223172
syn-0113,1,0,4,11,11,0.042246282,0.03760677,0.032460432,0.046461515,0.045337934,0.04859205,0.06666295,0.043045748,0.090861395,0.03760028,0.04511089,0.46401376
syn-0124,1,0,4,6,3,0.03971458,0.056650735,0.05551658,0.25138885,0.08066123,0.05944772,0.1373864,0.057321735,0.07807903,0.051778007,0.09096813,0.04108702
syn-0129,1,0,4,11,11,0.06949391,0.04111683,0.058854062,0.10626059,0.07891022,0.049340446,0.10016823,0.0600459,0.060319982,0.11602081,0.04710916,0.21235985
syn-0138,1,0,4,4,4,0.019470887,0.06446103,0.017781438,0.04344369,0.6423142,0.034488246,0.035253875,0.019921023,0.03791048,0.018456781,0.039768267,0.02673011
syn-0140,1,0,4,11,11,0.032271836,0.016683292,0.026185386,0.04005743,0.03326772,0.026677852,0.030119995,0.026012354,0.024216311,0.05171759,0.017427234,0.675363
syn-0142,1,0,4,4,4,0.022422709,0.041308556,0.020399643,0.03534123,0.62604904,0.06876969,0.02609839,0.038627155,0.02426219,0.032708626,0.031212853,0.03279991
syn-0143,1,0,4,1,1,0.048055448,0.24242494,0.036144745,0.04905304,0.03730341,0.058646414,0.076082304,0.041593596,0.14277038,0.082176656,0.10629359,0.079455495
syn-0145,1,0,4,2,2,0.04289401,0.07101498,0.22285531,0.11990088,0.06113134,0.05993422,0.054447394,0.114173025,0.06556946,0.05944451,0.0713666,0.057268273
syn-0146,1,0,4,10,10,0.047577724,0.043304984,0.06153806,0.12907222,0.058219492,0.043335557,0.07105974,0.04634085,0.05090297,0.08939914,0.29523426,0.06401501
syn-0150,1,0,4,3,3,0.059984397,0.13004725,0.076544255,0.14009796,0.08158114,0.094048336,0.06423646,0.066858724,0.05366598,0.09667782,0.06525591,0.07100176
syn-0165,1,0,4,8,8,0.059474025,0.092417635,0.03231415,0.08116656,0.07540753,0.07967872,0.07198719,0.05028507,0.25906196,0.069278985,0.09076614,0.038162038
syn-0174,1,0,4,10,10,0.018126292,0.03006597,0.042456605,0.04600992,0.037519827,0.025429493,0.04999102,0.045795824,0.033181928,0.030847982,0.607908,0.032667108
syn-0176,1,0,4,10,10,0.027394693,0.039391853,0.060915183,0.15211387,0.056572516,0.11857053,0.10740635,0.065941624,0.040071204,0.088047765,0.18869942,0.054874986
syn-0178,1,0,4,9,9,0.058745306,0.06481368,0.056306988,0.08603371,0.056364648,0.122983396,0.045399137,0.047251683,0.15765311,0.19714777,0.0513729,0.055927675
syn-0187,1,0,4,3,3,0.089296795,0.068226606,0.07501395,0.21624443,0.068341665,0.1193627,0.051489983,0.06643535,0.047084104,0.09039904,0.058072876,0.050032508
syn-0195,1,0,4,4,4,0.03233771,0.048038565,0.044552047,0.07558385,0.3267584,0.13611214,0.05582589,0.07979656,0.08774498,0.03731682,0.035936892,0.03999613
syn-0206,1,0,4,8,8,0.04479487,0.05514988,0.070879735,0.04818173,0.04649461,0.06212247,0.10750565,0.04608405,0.1920978,0.12398423,0.12171932,0.08098564
syn-0211,1,0,4,0,0,0.5766934,0.02980247,0.03510216,0.05349717,0.05907725,0.03561717,0.043098498,0.042578265,0.032002017,0.036150556,0.022568824,0.033812206
syn-0215,1,0,4,10,10,0.032780476,0.05551076,0.047477607,0.07499448,0.053025436,0.047107413,0.11060937,0.03964332,0.11257988,0.1369491,0.24124674,0.0480754
syn-0217,1,0,4,6,6,0.06838538,0.10325406,0.06751883,0.09364614,0.08599683,0.10983893,0.11696453,0.07537967,0.07756266,0.10043336,0.060920782,0.04009884
syn-0223,1,0,4,6,6,0.045183904,0.047711235,0.04258045,0.15466374,0.07579317,0.089268625,0.2344732,0.055795014,0.05288364,0.06597955,0.08768028,0.047987185
syn-0225,1,0,4,7,5,0.05018655,0.06349706,0.08590728,0.05773249,0.069104426,0.14902912,0.11763695,0.11209019,0.09729916,0.051521167,0.08331899,0.0626766
syn-0228,1,0,4,6,3,0.04714656,0.052895244,0.040014133,0.27736107,0.072547816,0.07119158,0.1838489,0.038039517,0.041599672,0.084480114,0.03571444,0.055160962
syn-0229,1,0,4,7,5,0.061395,0.075200364,0.055900782,0.07319229,0.09027561,0.21853937,0.059383076,0.07139457,0.07726656,0.07452542,0.071731344,0.07119561
syn-0230,1,0,4,9,9,0.054473232,0.042995196,0.06182346,0.062372778,0.06135564,0.062516235,0.058929272,0.070276745,0.063426316,0.33580196,0.07138903,0.054640155
syn-0232,1,0,4,8,8,0.03960644,0.064429455,0.03203378,0.045101225,0.061169595,0.08475371,0.056279715,0.04721207,0.40044656,0.08942932,0.052237805,0.027300337
syn-0234,1,0,4,4,6,0.043678273,0.048371162,0.05020994,0.12784019,0.1771935,0.06378553,0.20954672,0.05038502,0.046657007,0.067348905,0.046036545,0.068947196
syn-0236,1,0,4,11,3,0.071504965,0.07097337,0.058584176,0.14410952,0.051414113,0.06393838,0.07969788,0.065490186,0.12595914,0.10365239,0.07874237,0.08593353
syn-0237,1,0,4,4,4,0.11759752,0.039803192,0.025748352,0.046530984,0.41476208,0.05474771,0.061722036,0.026407683,0.055910897,0.074606605,0.045574818,0.036588136
syn-0255,1,0,4,2,2,0.033636555,0.039968528,0.57843715,0.038342074,0.03833391,0.037254095,0.03132077,0.062479567,0.033299513,0.03218171,0.040603634,0.034142513
syn-0264,1,0,4,0,0,0.4429863,0.045963,0.031946085,0.029557733,0.09268186,0.07119475,0.05151638,0.03616092,0.09369929,0.046725713,0.021978935,0.03558902
syn-0270,1,0,4,10,10,0.04501154,0.04621734,0.047894217,0.09540749,0.07127686,0.08582653,0.08351733,0.059643976,0.04237986,0.09309927,0.25283918,0.076886415
syn-0294,1,0,4,1,1,0.023881901,0.58992475,0.032586705,0.05468615,0.04776297,0.0511157,0.029920742,0.036563676,0.033845775,0.03694792,0.025583867,0.037179843
syn-0300,1,0,4,10,10,0.018064728,0.023711134,0.047631238,0.052015178,0.056153346,0.04114918,0.034679383,0.052444886,0.024058232,0.03774525,0.58585477,0.026492663
syn-0316,1,0,4,0,0,0.17521417,0.057906862,0.050481297,0.08396561,0.091495365,0.13180155,0.067381606,0.061624393,0.12569448,0.060082942,0.04870055,0.045651168
syn-0327,1,0,4,1,1,0.054159764,0.40793812,0.029012494,0.049198773,0.0454561,0.045084074,0.046323936,0.04179204,0.1392749,0.0392903,0.06096725,0.041502245
syn-0330,1,0,4,0,0,0.59819436,0.027211256,0.020743534,0.05150234,0.0436293,0.04436807,0.025582392,0.042479966,0.031588096,0.049763627,0.02291057,0.042026512
syn-0334,1,0,4,6,6,0.028073354,0.048132773,0.08929361,0.06238349,0.061024573,0.048032135,0.40368277,0.07894444,0.041839007,0.039640915,0.050528042,0.048424892
syn-0339,1,0,4,7,7,0.036912758,0.03976842,0.07621735,0.08770912,0.038934235,0.056484748,0.03665248,0.42800874,0.061322354,0.034726005,0.049792998,0.053470794
syn-0340,1,0,4,9,9,0.042845964,0.041988656,0.064761385,0.092656925,0.072622605,0.06664617,0.05220469,0.067228235,0.057340838,0.27673393,0.10340515,0.061565455
syn-0345,1,0,4,7,9,0.04889275,0.069613025,0.08056921,0.07058141,0.080444165,0.08720533,0.070530936,0.10687824,0.065306626,0.15171678,0.09660971,0.07165182
syn-0358,1,0,4,2,3,0.042659767,0.091252975,0.13904926,0.14247204,0.055558626,0.08359069,0.09256678,0.09543549,0.0510653,0.055110984,0.076166004,0.075072065
syn-0359,1,0,4,4,4,0.071711086,0.06411072,0.06495631,0.09696354,0.15317692,0.077779,0.07172863,0.07376585,0.14285016,0.048771434,0.056295704,0.07789064
syn-0360,1,0,4,0,0,0.21158166,0.06508251,0.07413554,0.12083799,0.08364286,0.07326708,0.06800054,0.06856686,0.07608121,0.052492347,0.04778593,0.058525465
syn-0374,1,0,4,8,8,0.05721617,0.10783441,0.04374852,0.09749613,0.0568069,0.07176109,0.064876154,0.03715903,0.24600847,0.084715694,0.06728811,0.06508933
syn-0375,1,0,4,8,8,0.08525477,0.07744029,0.0390668,0.048267808,0.061521567,0.04965213,0.06050186,0.04946129,0.29140508,0.099053934,0.09102766,0.04734681
syn-0383,1,0,4,2,2,0.025784072,0.041403882,0.59776217,0.042434346,0.033422485,0.04244031,0.03589084,0.056360576,0.026645001,0.03259337,0.030740611,0.03452232
syn-0393,1,0,4,2,2,0.105779625,0.0899191,0.16752483,0.11982782,0.053809825,0.05832844,0.07543582,0.09781256,0.051461685,0.06867501,0.047611345,0.06381394
syn-0399,1,0,4,8,8,0.051294893,0.05147971,0.044782255,0.055029504,0.072671555,0.08079802,0.06198866,0.06449494,0.25491965,0.061054967,0.15575285,0.045732997
syn-0402,1,0,4,1,1,0.053331684,0.20120592,0.04371181,0.13694145,0.05220865,0.08969845,0.056651548,0.08026811,0.03797573,0.10467431,0.07526388,0.06806845
syn-0403,1,0,4,9,9,0.04341401,0.06590943,0.036618803,0.057157047,0.060979787,0.09348282,0.053696617,0.029064002,0.11366371,0.34259355,0.054787684,0.048632514
syn-0406,1,0,4,4,4,0.093996264,0.05313451,0.03213016,0.08101802,0.31017748,0.03787161,0.06646342,0.033548173,0.028656123,0.06840433,0.15121497,0.04338494
syn-0419,1,0,4,1,1,0.027075099,0.5919926,0.034409236,0.046688315,0.030127788,0.047256343,0.02811016,0.049299404,0.025454704,0.026183695,0.048601348,0.044801272
syn-0422,1,0,4,1,1,0.028886728,0.5690697,0.041383777,0.07463476,0.034285363,0.031949367,0.0446502,0.04463037,0.024965342,0.025808087,0.029802458,0.049933847
syn-0425,1,0,4,5,5,0.102931954,0.045039177,0.057054304,0.15557575,0.09867749,0.16673774,0.050415628,0.06931946,0.07228184,0.05519717,0.06981216,0.056957338
syn-0429,1,0,4,2,2,0.04038539,0.07787577,0.1778576,0.11145962,0.0663553,0.06482582,0.052762453,0.0911033,0.0541872,0.09909952,0.077812016,0.08627602
syn-0436,1,0,4,6,6,0.036513623,0.03708656,0.031296283,0.057332017,0.059972364,0.07025589,0.511389,0.03472907,0.025197616,0.052258432,0.0494517,0.034517422
syn-0444,1,0,4,5,6,0.052472953,0.0513369,0.04997567,0.06578225,0.06620024,0.1437368,0.2673818,0.059083592,0.05370529,0.059041273,0.052435763,0.078847475
syn-0445,1,0,4,6,8,0.041736,0.041470226,0.025746373,0.04303319,0.05779723,0.046876065,0.30145884,0.035733033,0.31255123,0.02497394,0.034968115,0.03365576
syn-0454,1,0,4,11,11,0.042845555,0.040633485,0.085670516,0.10102,0.057064872,0.09330753,0.07822957,0.084029205,0.08871709,0.050195865,0.055108882,0.22317745
syn-0463,1,0,4,11,11,0.0064932355,0.008691802,0.01038755,0.020123817,0.009853062,0.011200757,0.008196533,0.00976807,0.007102936,0.016819954,0.017661959,0.8737003
syn-0465,1,0,4,7,2,0.042503804,0.061722215,0.15185116,0.078715414,0.07422456,0.079709135,0.085697226,0.13251187,0.062088277,0.061805595,0.079138465,0.090032265
syn-0471,1,0,4,5,11,0.04430079,0.05682916,0.07051583,0.10492457,0.10190436,0.091352604,0.05926207,0.09786164,0.046209387,0.0745573,0.054424405,0.19785789
syn-0481,1,0,4,9,9,0.03405846,0.072287574,0.046883088,0.055660706,0.041983597,0.077243246,0.033630814,0.04029535,0.1176409,0.32670254,0.066625215,0.08698851
syn-0492,1,0,4,6,6,0.018479327,0.03488568,0.034310643,0.04028192,0.040662598,0.026751652,0.5790149,0.024112348,0.062163625,0.033802357,0.07693189,0.02860308
syn-0497,1,0,4,5,5,0.055701442,0.064459994,0.046479683,0.07266019,0.043926015,0.22296102,0.05125387,0.17697135,0.08874373,0.06561156,0.053864725,0.0573664
syn-0002,2,0,0,1,1,0.05660568,0.50536525,0.031225143,0.062818035,0.05856333,0.070884414,0.04151147,0.04488245,0.037438568,0.02644905,0.027995432,0.03626121
syn-0004,2,0,0,10,9,0.043849595,0.049655244,0.050199363,0.105877265,0.055123895,0.10916544,0.080006264,0.08976289,0.110002086,0.16086538,0.07400078,0.07149181
syn-0011,2,0,0,10,10,0.029689558,0.042680692,0.03516068,0.069663286,0.033588305,0.0712589,0.15472643,0.04635908,0.047044966,0.19770007,0.20668934,0.06543868
syn-0013,2,0,0,6,6,0.0360907,0.05256856,0.040460844,0.07153818,0.029824814,0.062979154,0.33064663,0.051908057,0.11545292,0.070857905,0.0744694,0.06320283
syn-0017,2,0,0,3,3,0.0686931,0.07179625,0.062431835,0.18665618,0.065800644,0.098999985,0.055231076,0.066127345,0.085287414,0.08671618,0.059345145,0.09291484
syn-0018,2,0,0,3,6,0.035612307,0.04197276,0.028528878,0.12784977,0.037732597,0.07107139,0.4462261,0.037726667,0.045300744,0.05268331,0.041312188,0.0339833
syn-0025,2,0,0,8,8,0.058783565,0.034370042,0.0198236,0.021436146,0.035043325,0.032997206,0.029052943,0.03243001,0.6637322,0.02563992,0.0254382,0.021252856
syn-0031,2,0,0,0,0,0.41792336,0.049128592,0.029929811,0.036692966,0.07450896,0.05307426,0.044747155,0.062954254,0.110654615,0.03360269,0.033119224,0.053664133
syn-0036,2,0,0,5,10,0.06500103,0.06625941,0.05141126,0.07770007,0.06572482,0.122100174,0.07623512,0.11956066,0.058442578,0.10947573,0.12354255,0.06454661
syn-0037,2,0,0,8,8,0.076003306,0.07739861,0.050301366,0.07253823,0.05958366,0.111407645,0.08615664,0.0486797,0.23195824,0.065746166,0.077532895,0.04269355
syn-0039,2,0,0,1,1,0.047987077,0.46816814,0.034717314,0.04742157,0.04867351,0.08204263,0.053451966,0.046913836,0.047124453,0.039288487,0.04413608,0.040074937
syn-0064,2,0,0,6,6,0.04295728,0.07957362,0.053690694,0.06659172,0.07883859,0.08961519,0.23165286,0.07663462,0.07010764,0.04360371,0.10254099,0.06419309
syn-0076,2,0,0,5,5,0.15071833,0.076069966,0.031209677,0.05992499,0.049168535,0.29194206,0.04071843,0.11934594,0.05230472,0.055788957,0.035265982,0.03754241
syn-0081,2,0,0,10,10,0.05531869,0.07649421,0.054637767,0.04476902,0.056264624,0.08273815,0.08151203,0.073225245,0.09735606,0.13974498,0.15258414,0.08535508
syn-0082,2,0,0,1,5,0.05365703,0.06469759,0.0793733,0.071150325,0.055330202,0.1557311,0.059053667,0.10780605,0.1054166,0.088402495,0.088604294,0.07077735
syn-0083,2,0,0,0,0,0.5304651,0.04278156,0.026019443,0.056289494,0.042235386,0.04366242,0.022268288,0.063855834,0.060577936,0.05749662,0.020603739,0.033744145
syn-0095,2,0,0,11,11,0.030163351,0.050139636,0.05938736,0.088894494,0.04321583,0.052233364,0.03810678,0.0946452,0.03640624,0.061838374,0.08695761,0.35801175
syn-0100,2,0,0,2,2,0.0347487,0.052035257,0.3914256,0.05128069,0.050195783,0.059349332,0.05279175,0.07033848,0.046083152,0.057705723,0.06996708,0.06407845
syn-0121,2,0,0,9,9,0.054593693,0.091907,0.04413567,0.0732013,0.078559965,0.072730094,0.0671296,0.110413134,0.11152884,0.15664487,0.07942085,0.059734974
syn-0123,2,0,0,10,10,0.0272314,0.057794433,0.056126185,0.10253727,0.039905295,0.060069893,0.052551277,0.042735543,0.05776959,0.08057736,0.36912954,0.05357223
syn-0134,2,0,0,5,5,0.053967115,0.057758395,0.043442957,0.05543403,0.081119575,0.22847936,0.07351623,0.1520283,0.085547,0.081675306,0.047384903,0.03964682
syn-0135,2,0,0,0,0,0.44204578,0.059682686,0.04028046,0.049059037,0.055673677,0.05779558,0.047290817,0.040769104,0.111225344,0.03206591,0.033887003,0.03022461
syn-0138,2,0,0,4,4,0.02150209,0.058267392,0.021093672,0.041479353,0.62839836,0.03909964,0.03826449,0.02214742,0.036101937,0.021440076,0.034007408,0.038198188
syn-0144,2,0,0,9,9,0.04623633,0.02800093,0.03885882,0.05742983,0.042112384,0.052330937,0.05692298,0.04161121,0.048472878,0.4645324,0.054911096,0.06858021
syn-0148,2,0,0,7,3,0.054298416,0.10047753,0.080575034,0.12904252,0.06461393,0.10085001,0.057686575,0.08961868,0.110127956,0.066837415,0.0763384,0.06953353
syn-0150,2,0,0,3,3,0.062287252,0.06653747,0.078102924,0.12328747,0.089194626,0.106439866,0.059083357,0.079577945,0.06733212,0.109598555,0.0855103,0.07304812
syn-0151,2,0,0,10,0,0.11862828,0.054034982,0.05195407,0.049956042,0.06511283,0.09128009,0.114036925,0.097622626,0.09452946,0.07177904,0.08756305,0.10350261
syn-0152,2,0,0,3,4,0.040654097,0.06302524,0.08171546,0.1295754,0.33811694,0.034224562,0.058296975,0.056123316,0.029526131,0.059297867,0.066373944,0.043070063
syn-0158,2,0,0,1,1,0.03778024,0.5421662,0.04102052,0.0570797,0.0258927,0.027055921,0.058021978,0.022095678,0.053710856,0.029136647,0.07512232,0.030917253
syn-0160,2,0,0,5,3,0.057499174,0.058539376,0.055044558,0.18660922,0.05852023,0.1356432,0.059082758,0.09069591,0.06988781,0.09808967,0.07937131,0.051016778
syn-0161,2,0,0,2,2,0.0474015,0.060738374,0.169319,0.08371767,0.06883664,0.08273983,0.067808725,0.11761531,0.06106627,0.064514264,0.061221443,0.11502098
syn-0163,2,0,0,4,4,0.08025658,0.046030913,0.049001038,0.039892036,0.32634613,0.067419276,0.07034121,0.06141196,0.12642695,0.045531806,0.034831606,0.05251048
syn-0165,2,0,0,8,8,0.04243428,0.06830272,0.030301655,0.07172393,0.07016949,0.062301148,0.07419193,0.03983615,0.32000795,0.0531519,0.11863262,0.048946243
syn-0169,2,0,0,4,4,0.102980904,0.09485517,0.06086946,0.07885818,0.13031593,0.06279679,0.07575428,0.081109226,0.06053569,0.078535445,0.10161525,0.07177368
syn-0170,2,0,0,6,6,0.032025285,0.08296116,0.036976237,0.06279889,0.0781906,0.04605821,0.3574931,0.04355055,0.04182148,0.07142197,0.0937532,0.052949324
syn-0174,2,0,0,10,10,0.016508,0.027943939,0.03586957,0.035289496,0.033634234,0.022996327,0.03880045,0.042425744,0.025402222,0.028052073,0.66103655,0.032041404
syn-0175,2,0,0,11,10,0.05805718,0.11096372,0.04386387,0.064942315,0.05951766,0.060950983,0.072090104,0.08889079,0.057787847,0.08133318,0.15585013,0.14575224
syn-0176,2,0,0,10,10,0.027091976,0.040514838,0.051683374,0.12553555,0.06651641,0.10263165,0.07797394,0.07886638,0.040877704,0.12198695,0.22105588,0.04526537
syn-0186,2,0,0,3,3,0.059405476,0.049329467,0.05903104,0.36294582,0.04078932,0.06152779,0.053092826,0.05438081,0.07605275,0.09094098,0.04672188,0.045781817
syn-0198,2,0,0,0,0,0.2782138,0.04917701,0.032510858,0.24247901,0.050108593,0.09390221,0.035945944,0.047385454,0.040036917,0.05165399,0.039297525,0.0392887
syn-0203,2,0,0,8,8,0.033295467,0.070843995,0.033382382,0.050626524,0.052538566,0.0681709,0.04501818,0.06725833,0.40585726,0.0741472,0.06004572,0.03881547
syn-0206,2,0,0,8,8,0.044064526,0.044049114,0.05316178,0.053156715,0.040643647,0.057223048,0.07704155,0.058899183,0.22257362,0.12290931,0.1310573,0.0952202
syn-0221,2,0,0,11,11,0.06634132,0.075942285,0.054019097,0.09601119,0.085957095,0.11026492,0.06025508,0.04547131,0.12129197,0.041927144,0.05539088,0.18712771
syn-0234,2,0,0,4,4,0.043455947,0.051500052,0.06025005,0.101076946,0.22078507,0.05694232,0.17531489,0.056148443,0.053912375,0.071807995,0.042842597,0.06596331
syn-0237,2,0,0,4,4,0.11801263,0.045904033,0.02936856,0.05076618,0.3722123,0.052898075,0.0824206,0.035331763,0.047857013,0.093406685,0.03408968,0.037732497
syn-0240,2,0,0,6,6,0.054417346,0.04076712,0.051019147,0.06787276,0.19599338,0.05394097,0.24842067,0.06326778,0.05214662,0.05535975,0.05507114,0.061723325
syn-0241,2,0,0,1,1,0.034413546,0.42075035,0.034826886,0.06121801,0.07621118,0.0659495,0.038978748,0.033387635,0.105521016,0.051585782,0.034588594,0.042568766
syn-0252,2,0,0,8,8,0.02967068,0.090077765,0.013955446,0.032109357,0.04157468,0.027310284,0.04535768,0.024896244,0.59469074,0.03947849,0.03920238,0.021676246
syn-0258,2,0,0,3,3,0.05846719,0.061539166,0.053854223,0.19087906,0.08030634,0.15787792,0.07560324,0.059661414,0.048528712,0.07526666,0.059987314,0.07802875
syn-0268,2,0,0,6,6,0.03506702,0.05998551,0.035887565,0.08755052,0.10059647,0.042250615,0.3962493,0.045638174,0.03330746,0.054614022,0.06228848,0.046564855
syn-0270,2,0,0,10,10,0.048860244,0.050046097,0.043450978,0.07928634,0.09278767,0.08284122,0.07275762,0.089178205,0.04926483,0.08460755,0.22761518,0.07930409
syn-0271,2,0,0,2,3,0.059556566,0.048395745,0.20264526,0.21442473,0.046640057,0.06038783,0.06676939,0.08145425,0.040888716,0.079565555,0.055573367,0.043698534
syn-0272,2,0,0,3,3,0.19400114,0.042602576,0.08117507,0.21259168,0.060369246,0.08884986,0.04652256,0.07357381,0.044923767,0.052861582,0.045860156,0.056668565
syn-0289,2,0,0,8,0,0.33707464,0.046898104,0.05473714,0.044416,0.043161724,0.05404555,0.05633785,0.06245381,0.10952828,0.07453568,0.043802086,0.07300915
syn-0290,2,0,0,0,0,0.33876863,0.036747195,0.050591547,0.044870876,0.14168945,0.05349046,0.0470304,0.059685744,0.07317012,0.049056366,0.051423457,0.05347575
syn-0298,2,0,0,7,5,0.07704155,0.05331627,0.13293613,0.037227705,0.08265028,0.16849357,0.061563794,0.15970543,0.083519645,0.039870773,0.047210068,0.05646478
syn-0311,2,0,0,9,9,0.086100176,0.08214203,0.0383784,0.11666914,0.066141754,0.06777511,0.1479416,0.04089616,0.04172136,0.18087071,0.06516293,0.066200614
syn-0316,2,0,0,0,0,0.17907967,0.046534393,0.050581597,0.074967735,0.0926794,0.1696099,0.047762513,0.06007133,0.12647684,0.059876155,0.051247563,0.0411129
syn-0322,2,0,0,2,2,0.044108815,0.04773587,0.2917042,0.07327319,0.053555056,0.058849253,0.05682862,0.115205884,0.058114205,0.046724524,0.09185621,0.062044155
syn-0326,2,0,0,1,1,0.06253699,0.14264852,0.051460233,0.044256598,0.09387049,0.044558033,0.08992547,0.06938411,0.13734098,0.0939203,0.06509105,0.105007246
syn-0334,2,0,0,6,6,0.030001115,0.050015826,0.09642656,0.051771816,0.06550305,0.055189837,0.35662615,0.090235464,0.04453123,0.044090692,0.06041569,0.055192556
syn-0340,2,0,0,9,9,0.043157253,0.04336532,0.043321893,0.096014835,0.06473167,0.0510928,0.04045403,0.076212205,0.053991828,0.294711,0.12513448,0.06781267
syn-0349,2,0,0,5,5,0.040371545,0.03348902,0.0580419,0.080761395,0.058972582,0.25898242,0.056465626,0.09201218,0.076708846,0.07997343,0.109384105,0.054836944
syn-0351,2,0,0,11,11,0.06381595,0.056154188,0.05446052,0.074192666,0.069512345,0.076960325,0.0794204,0.07892481,0.041996446,0.04526708,0.06626821,0.29302704
syn-0360,2,0,0,0,0,0.19255415,0.0790883,0.06828938,0.10644765,0.087965705,0.07650092,0.0869796,0.06268409,0.07544277,0.053939898,0.04534362,0.06476393
syn-0364,2,0,0,4,4,0.022360014,0.047933932,0.030423192,0.072035894,0.37526658,0.06752685,0.06881625,0.048004314,0.09555453,0.049785163,0.07251731,0.049775977
syn-0380,2,0,0,4,4,0.021148508,0.026515994,0.022781005,0.024512196,0.63890374,0.13578697,0.015969675,0.023840599,0.022779781,0.023649652,0.020375436,0.02373647
syn-0381,2,0,0,8,8,0.03816156,0.050604142,0.02991991,0.058327317,0.051706895,0.09315177,0.08816159,0.06044188,0.2721277,0.15092447,0.06427314,0.04219964
syn-0384,2,0,0,1,1,0.09864006,0.3683054,0.039124835,0.06617422,0.05182924,0.048416447,0.055853352,0.03449527,0.11155408,0.053730026,0.029189875,0.04268722
syn-0403,2,0,0,9,9,0.04777036,0.056222443,0.033314478,0.065588854,0.062717,0.075252846,0.056953996,0.039606065,0.10654351,0.33540648,0.05979956,0.06082441
syn-0410,2,0,0,10,10,0.05238617,0.053456232,0.041103855,0.1063695,0.09676348,0.07019333,0.066381,0.05268379,0.05647125,0.06984945,0.27136213,0.06297984
syn-0427,2,0,0,5,5,0.06561041,0.048421264,0.038217917,0.12355421,0.09882929,0.1817393,0.11096642,0.05002946,0.0947638,0.07717207,0.06283061,0.047865257
syn-0439,2,0,0,6,6,0.07680162,0.04611439,0.052693866,0.0660582,0.064616546,0.07243571,0.1916292,0.09541018,0.15496837,0.05884748,0.058220938,0.062203508
syn-0447,2,0,0,7,7,0.072868295,0.055790257,0.10727439,0.041191965,0.056504216,0.13026163,0.08999719,0.21705249,0.060768895,0.057306517,0.040067203,0.07091694
syn-0455,2,0,0,2,2,0.08975734,0.046059985,0.18153895,0.09805758,0.05427709,0.08044576,0.0767454,0.08065998,0.07404678,0.09348964,0.05988112,0.06504037
syn-0456,2,0,0,11,3,0.036320657,0.061064407,0.0453498,0.2683666,0.049106617,0.060188018,0.032429527,0.05436013,0.03390569,0.057356477,0.09230801,0.20924407
syn-0461,2,0,0,2,2,0.036173668,0.0662754,0.2633054,0.056756247,0.086986825,0.064853676,0.08006287,0.102193944,0.067187645,0.049736824,0.062611744,0.06385575
syn-0477,2,0,0,7,2,0.04251767,0.06304088,0.16772047,0.118429214,0.08578325,0.10640724,0.083897665,0.07511488,0.06574196,0.057853326,0.07345314,0.0600403
syn-0481,2,0,0,9,9,0.029770225,0.052144453,0.039619833,0.057686865,0.038542155,0.06539476,0.03551058,0.03644643,0.12155865,0.39546764,0.048821516,0.079036884
syn-0486,2,0,0,1,1,0.07371019,0.12175102,0.08344179,0.112969644,0.07320952,0.08467304,0.08937504,0.078934565,0.075518146,0.06657298,0.07603003,0.06381404
syn-0487,2,0,0,6,6,0.08581671,0.04911232,0.047140557,0.06344673,0.06693006,0.07286365,0.2406463,0.04763911,0.16446161,0.049804084,0.041376043,0.07076282
syn-0490,2,0,0,7,9,0.057170313,0.06589519,0.062042978,0.08261979,0.093099594,0.06681084,0.08382666,0.10508299,0.082083456,0.13959968,0.09092846,0.07084003
syn-0493,2,0,0,8,8,0.03099066,0.027241727,0.02041957,0.027290108,0.056625165,0.028483449,0.02834262,0.024820179,0.6754481,0.025914866,0.02482533,0.029598195
syn-0496,2,0,0,8,8,0.028976575,0.0646914,0.0129351,0.03675029,0.036878955,0.025920013,0.050096948,0.021826047,0.6479639,0.021501807,0.033133224,0.019325724
syn-0497,2,0,0,5,5,0.04943956,0.07388991,0.04251876,0.0687365,0.052490722,0.21335086,0.049873546,0.19389491,0.08576634,0.06753348,0.045666143,0.05683927
syn-0499,2,0,0,11,11,0.026983123,0.032346454,0.034259718,0.032755543,0.022367047,0.033341072,0.03248438,0.027848665,0.03359799,0.114227526,0.031808265,0.5779802
syn-0010,2,0,1,9,9,0.064308,0.05594,0.026556157,0.06649751,0.03241892,0.060605835,0.06640853,0.046194065,0.07659897,0.3105399,0.121370524,0.072561584
syn-0015,2,0,1,6,6,0.0661704,0.046677973,0.032500304,0.04886751,0.082410276,0.06469103,0.38450792,0.04528407,0.0709075,0.07143973,0.049742285,0.03680099
syn-0024,2,0,1,2,2,0.06027852,0.06254145,0.23530133,0.1647793,0.047955256,0.07221093,0.04611721,0.0896645,0.048132222,0.06553539,0.056083232,0.051400654
syn-0038,2,0,1,5,5,0.039243143,0.061661717,0.057240028,0.122715995,0.09924235,0.20879832,0.05958547,0.08072159,0.048363205,0.041322578,0.09472751,0.0863781
syn-0042,2,0,1,9,9,0.033098612,0.05634889,0.055078,0.085610874,0.033951778,0.076765485,0.030996647,0.05319849,0.04846692,0.34465927,0.10711076,0.07471429
syn-0043,2,0,1,9,10,0.042285126,0.045831986,0.06176878,0.058356486,0.059511233,0.077449575,0.051239755,0.056915857,0.097921245,0.15579772,0.213014,0.07990824
syn-0045,2,0,1,9,10,0.05124888,0.054237396,0.038007893,0.099932075,0.038512666,0.04189617,0.052391082,0.03558318,0.059314366,0.18098141,0.3079316,0.03996329
syn-0049,2,0,1,8,4,0.082164966,0.08922123,0.071996234,0.081241496,0.116192974,0.09185551,0.057024125,0.08773693,0.100080304,0.08270468,0.076604165,0.06317739
syn-0051,2,0,1,3,3,0.070550926,0.073971175,0.07092496,0.25994432,0.05421455,0.0989054,0.05710406,0.042059146,0.0361296,0.10988861,0.07281493,0.053492345
syn-0052,2,0,1,4,4,0.12470623,0.049276903,0.03540878,0.044765186,0.3591269,0.077890545,0.057545293,0.040540837,0.07878761,0.0404012,0.05844687,0.03310364
syn-0055,2,0,1,3,3,0.050264,0.042936634,0.1432542,0.17379539,0.046135638,0.10151627,0.052927572,0.08021633,0.068854935,0.09587533,0.056764998,0.08745869
syn-0062,2,0,1,7,2,0.044867236,0.06173198,0.15658309,0.08635463,0.07390421,0.0859127,0.08604274,0.13247311,0.05917644,0.05637849,0.08198295,0.074592434
syn-0063,2,0,1,1,1,0.026014684,0.6637108,0.020386672,0.039225265,0.038359307,0.03254612,0.02188938,0.030123541,0.037586223,0.04408877,0.029784627,0.016284637
syn-0068,2,0,1,10,10,0.022353237,0.05512581,0.03184795,0.038469464,0.03300628,0.041303877,0.039933603,0.03395696,0.19034897,0.038954712,0.41637132,0.058327828
syn-0075,2,0,1,7,5,0.04631176,0.07163221,0.074511595,0.0794824,0.07013623,0.19833998,0.055456378,0.14873376,0.06980679,0.053062465,0.06290465,0.06962177
syn-0079,2,0,1,1,11,0.062130883,0.06676599,0.061619114,0.086099185,0.10248866,0.08188079,0.094433516,0.082445465,0.059551068,0.10506708,0.06330758,0.13421065
syn-0080,2,0,1,3,3,0.051889542,0.05698468,0.05857922,0.25442046,0.09799534,0.07413033,0.045470957,0.054370772,0.13790852,0.040868875,0.065490395,0.061890926
syn-0087,2,0,1,5,8,0.047821652,0.04359146,0.081649594,0.04608596,0.04634527,0.09159276,0.04458325,0.1405298,0.2626274,0.07655752,0.047218148,0.0713972
syn-0103,2,0,1,11,11,0.04329774,0.048764326,0.06736368,0.080754526,0.044483826,0.050802656,0.0688868,0.039822653,0.035617713,0.13427143,0.087145664,0.298789
syn-0105,2,0,1,4,4,0.12003426,0.069468595,0.036694806,0.075456634,0.23632926,0.085826665,0.074382834,0.058834516,0.055520613,0.053541813,0.04449536,0.08941464
syn-0108,2,0,1,8,8,0.048766393,0.044456754,0.04488749,0.049297236,0.04724501,0.06450747,0.10226985,0.057390656,0.40177697,0.052793406,0.035582088,0.051026676
syn-0114,2,0,1,4,4,0.045059856,0.15003803,0.055892274,0.14852577,0.16047952,0.082122706,0.06877948,0.06458599,0.031426273,0.06521245,0.061822474,0.06605518
syn-0118,2,0,1,5,5,0.06378379,0.10868593,0.042191867,0.09415169,0.055712,0.16426972,0.08514559,0.07929927,0.056201987,0.05246432,0.10171991,0.09637392
syn-0120,2,0,1,3,10,0.05412734,0.061100822,0.10859215,0.10258821,0.052841954,0.07307113,0.059967224,0.06156869,0.108782,0.11238945,0.113830894,0.091140136
syn-0124,2,0,1,6,3,0.04375477,0.057073098,0.05154294,0.24482475,0.0667492,0.06893171,0.13324371,0.058475688,0.10368686,0.050932642,0.080195256,0.040589362
syn-0129,2,0,1,11,11,0.06394946,0.042125735,0.0504811,0.0809334,0.062425654,0.046942603,0.082621574,0.053219132,0.057914693,0.10050911,0.05839507,0.30048248
syn-0130,2,0,1,6,6,0.06325248,0.05291794,0.05817397,0.045928497,0.07729165,0.058612235,0.20830238,0.114620194,0.15424326,0.035318494,0.07149143,0.059847474
syn-0136,2,0,1,6,6,0.052585542,0.1161165,0.057467245,0.07371172,0.03615092,0.063113384,0.20918855,0.061317794,0.07466367,0.06676593,0.1185065,0.070412256
syn-0143,2,0,1,1,1,0.058880325,0.25621122,0.031908624,0.042185746,0.03320538,0.042646762,0.0557783,0.03751338,0.21630302,0.06634386,0.08188572,0.07713766
syn-0145,2,0,1,2,2,0.040203925,0.0885099,0.17162493,0.13187465,0.06923527,0.060707588,0.057888508,0.12500934,0.069482744,0.058978327,0.0693005,0.05718431
syn-0149,2,0,1,8,8,0.10784174,0.06726685,0.027941542,0.033630624,0.0486558,0.056221172,0.06514464,0.040639237,0.3576645,0.053773142,0.10028369,0.04093706
syn-0153,2,0,1,4,0,0.14314024,0.07134829,0.043724462,0.08176368,0.12863916,0.10163197,0.09263903,0.046164535,0.07430629,0.05900137,0.09837589,0.059265092
syn-0162,2,0,1,9,9,0.062654845,0.03957756,0.069760546,0.059538007,0.05794771,0.0727453,0.08656856,0.06400454,0.051623978,0.33821666,0.049053255,0.04830905
syn-0166,2,0,1,5,5,0.11508963,0.09419537,0.044888433,0.11597374,0.06866877,0.16580899,0.06176534,0.057379786,0.10246996,0.047562476,0.065827906,0.060369596
syn-0171,2,0,1,6,6,0.05360068,0.03958273,0.038918324,0.059811406,0.045101117,0.063521616,0.35416287,0.065935634,0.15201235,0.037854675,0.044773918,0.04472468
syn-0181,2,0,1,10,8,0.02438712,0.10603674,0.036541916,0.062671706,0.051327366,0.029483125,0.08513462,0.043570824,0.27917004,0.032494243,0.20068191,0.04850041
syn-0184,2,0,1,2,2,0.030691294,0.047440883,0.46238017,0.06538572,0.033050068,0.043473803,0.043772098,0.10556637,0.03787433,0.040187217,0.0402173,0.04996075
syn-0190,2,0,1,3,1,0.050486702,0.28665602,0.05688689,0.1830776,0.04861992,0.07008286,0.051245414,0.049330033,0.038405597,0.048675343,0.06744293,0.049090706
syn-0196,2,0,1,4,4,0.12873392,0.033978604,0.028208954,0.044940237,0.4815743,0.058300775,0.04867652,0.03860341,0.034766253,0.030878607,0.034837317,0.036501095
syn-0201,2,0,1,0,0,0.46092382,0.048789654,0.058687292,0.03323785,0.06985506,0.041094378,0.042971905,0.045263994,0.10085925,0.039237484,0.029264875,0.029814443
syn-0204,2,0,1,1,1,0.050599124,0.48758832,0.020224718,0.047529254,0.037119854,0.12861751,0.040095646,0.032177363,0.061033964,0.02992775,0.037004318,0.028082196
syn-0205,2,0,1,2,2,0.03918013,0.059603732,0.18579404,0.11468021,0.058579683,0.056421675,0.06996937,0.14126801,0.06161244,0.058447547,0.054952037,0.099491134
syn-0209,2,0,1,7,7,0.03218035,0.04222035,0.11456792,0.03415698,0.05677535,0.12850368,0.052920695,0.32110026,0.068345465,0.028765986,0.07539498,0.045067962
syn-0213,2,0,1,0,0,0.36798024,0.05813044,0.03607046,0.04471262,0.065697476,0.047662556,0.03604297,0.03302727,0.18692085,0.04328911,0.026886377,0.05357962
syn-0218,2,0,1,8,8,0.07311701,0.059318647,0.06384485,0.06759878,0.07225744,0.04057611,0.13473251,0.06316509,0.21275227,0.04609085,0.09831268,0.06823375
syn-0223,2,0,1,6,6,0.041060813,0.042060994,0.043211784,0.13348383,0.093220584,0.11764364,0.22092155,0.052784253,0.051752,0.069336,0.08679476,0.047729813
syn-0225,2,0,1,7,8,0.04835408,0.058376655,0.08945556,0.056487594,0.076529734,0.124104194,0.11724284,0.0889374,0.13964278,0.054081745,0.08165494,0.06513248
syn-0232,2,0,1,8,8,0.037351783,0.052174248,0.027039494,0.036658503,0.050062664,0.06467611,0.05794826,0.03694153,0.4727032,0.09196375,0.048503734,0.02397672
syn-0243,2,0,1,10,10,0.055632014,0.06725243,0.065805554,0.07043595,0.03485681,0.07857912,0.07167052,0.06787822,0.10442908,0.082011536,0.22233473,0.07911404
syn-0251,2,0,1,10,10,0.03994976,0.049077697,0.044478618,0.056814965,0.036270984,0.053313807,0.07120226,0.039115883,0.088083684,0.11295056,0.33626047,0.0724813
syn-0253,2,0,1,3,3,0.039301924,0.04525845,0.05543245,0.35615867,0.057650127,0.11192736,0.06438078,0.058340535,0.036447503,0.048128482,0.07444013,0.052533574
syn-0257,2,0,1,4,4,0.05179186,0.05482109,0.0568671,0.12068495,0.27325296,0.10554541,0.052865863,0.07860219,0.045182664,0.040936604,0.039489552,0.07995975
syn-0260,2,0,1,11,11,0.041094013,0.058898587,0.08389786,0.08418341,0.084568165,0.09097344,0.08520497,0.10201428,0.06520112,0.06695095,0.093794264,0.14321895
syn-0273,2,0,1,0,0,0.38832402,0.042568758,0.038082317,0.11263955,0.053908654,0.07325784,0.039322138,0.048289787,0.049095683,0.046906028,0.057865962,0.049739264
syn-0279,2,0,1,0,0,0.5916438,0.04612564,0.019470235,0.031815547,0.051750794,0.02206905,0.030310594,0.02942409,0.103480935,0.01832401,0.030028336,0.025556967
syn-0291,2,0,1,1,1,0.021486389,0.7060633,0.02967363,0.022818843,0.02483996,0.026941223,0.02489133,0.02285842,0.0289888,0.013936241,0.042217705,0.03528416
syn-0292,2,0,1,11,11,0.028237022,0.05101887,0.046087597,0.028491663,0.017212728,0.038042367,0.039501175,0.022399992,0.029575342,0.051215876,0.03135469,0.61686265
syn-0293,2,0,1,0,0,0.35214296,0.053489592,0.054957807,0.076011196,0.07132929,0.06778913,0.059503738,0.062203623,0.050509386,0.052244876,0.04217833,0.057640072
syn-0302,2,0,1,10,10,0.015360681,0.020836586,0.03908323,0.031818412,0.045611706,0.027769363,0.052129794,0.0429252,0.06485604,0.03964596,0.59658396,0.023379063
syn-0318,2,0,1,11,11,0.05403853,0.064297624,0.050331883,0.09428487,0.0893415,0.054758433,0.10466591,0.061203197,0.041328985,0.0780114,0.08841853,0.21931915
syn-0352,2,0,1,8,8,0.04301939,0.043791838,0.0240786,0.03168752,0.03807392,0.022923572,0.04985728,0.024958685,0.63020176,0.02496812,0.042553544,0.023885775
syn-0356,2,0,1,8,8,0.09536311,0.06306097,0.05410704,0.079753354,0.090921775,0.081381075,0.10552335,0.056845367,0.12018563,0.086420186,0.07134813,0.09509001
syn-0358,2,0,1,2,2,0.040081374,0.10429531,0.17715804,0.11815933,0.04702579,0.07257054,0.07379593,0.102490194,0.042509377,0.052154757,0.11395842,0.055800945
syn-0359,2,0,1,4,4,0.12181769,0.0629146,0.06759819,0.091630206,0.14072214,0.07147256,0.062053796,0.07921051,0.1245092,0.042666204,0.061026584,0.074378304
syn-0373,2,0,1,11,11,0.035053797,0.046031773,0.03707264,0.038010582,0.043787453,0.03958099,0.076272264,0.032266837,0.035877917,0.072772875,0.045511417,0.49776146
syn-0375,2,0,1,8,8,0.05416587,0.07260139,0.03573898,0.05016436,0.048219074,0.05987557,0.06920708,0.044674743,0.34450886,0.09003282,0.0804742,0.050337043
syn-0376,2,0,1,5,5,0.037750557,0.03992119,0.04454184,0.052493624,0.061278246,0.36426842,0.18699588,0.059047237,0.034710754,0.02861697,0.058252152,0.032123126
syn-0378,2,0,1,2,2,0.051074177,0.051645104,0.22332838,0.08407684,0.07369581,0.0745963,0.0676746,0.17385082,0.04219072,0.04773342,0.053926013,0.056207813
syn-0386,2,0,1,10,10,0.012071981,0.014748378,0.030894961,0.034260772,0.022727514,0.022894386,0.021875976,0.031378645,0.014296335,0.017661652,0.7594405,0.017748943
syn-0388,2,0,1,5,5,0.09407298,0.055690255,0.051564924,0.081424385,0.06953022,0.21588218,0.06811754,0.14229742,0.078968726,0.05001935,0.041960865,0.050471153
syn-0391,2,0,1,0,0,0.5090796,0.06289989,0.023501212,0.04500382,0.04187861,0.065481044,0.054648664,0.043942854,0.06296614,0.035929468,0.031185566,0.02348314
syn-0397,2,0,1,1,1,0.013836796,0.7513385,0.023891449,0.022794934,0.01717415,0.021220008,0.034893103,0.016010718,0.025383702,0.011277656,0.03737505,0.024803977
syn-0419,2,0,1,1,1,0.019201005,0.7167079,0.024167433,0.028826391,0.022045543,0.028920937,0.019278675,0.036583703,0.01752367,0.014911768,0.039262664,0.032570343
syn-0423,2,0,1,9,9,0.06587948,0.069429636,0.07846936,0.0969761,0.06816437,0.08315667,0.0821438,0.08365137,0.07902979,0.113356926,0.1013736,0.07836891
syn-0428,2,0,1,8,1,0.033535823,0.5179527,0.028136773,0.031428512,0.042976886,0.028435158,0.036452763,0.02706412,0.14134946,0.025620291,0.063713305,0.023334237
syn-0435,2,0,1,10,10,0.020277757,0.042582884,0.05153548,0.042399466,0.051473133,0.033733536,0.103034936,0.050058115,0.042940505,0.040657096,0.48199221,0.039314892
syn-0450,2,0,1,10,10,0.016938752,0.032156654,0.05354159,0.044520706,0.029259063,0.034052704,0.029902037,0.03232106,0.018225215,0.078472815,0.5729758,0.057633594
syn-0458,2,0,1,6,6,0.014003505,0.016104953,0.016030394,0.03327134,0.023992322,0.026342629,0.7575754,0.01503719,0.019311469,0.031953324,0.028316207,0.018061286
syn-0463,2,0,1,11,11,0.0075218515,0.008461286,0.011539123,0.021140575,0.008379737,0.011880086,0.008739443,0.010383516,0.007326666,0.018963376,0.014900307,0.870764
syn-0474,2,0,1,0,0,0.37635902,0.043625608,0.06762795,0.102771826,0.04268478,0.065745294,0.043584444,0.042002983,0.061774794,0.088291965,0.038297936,0.0272334
syn-0476,2,0,1,7,5,0.062688,0.04619552,0.04985739,0.09714507,0.049450234,0.36817318,0.04679875,0.08400835,0.052833,0.054462016,0.05162589,0.036762603
syn-0480,2,0,1,1,3,0.056727733,0.13078088,0.06575188,0.15868437,0.10051547,0.077595055,0.06201953,0.07359597,0.06123345,0.07353265,0.06303028,0.07653274
syn-0488,2,0,1,10,10,0.04204169,0.047411643,0.065627426,0.06876494,0.0671908,0.06832369,0.11691009,0.08113085,0.04456019,0.06333635,0.26121646,0.07348587
syn-0491,2,0,1,10,10,0.055409864,0.051501304,0.06278286,0.08217717,0.073106535,0.0719741,0.049138963,0.065000966,0.057899505,0.1041645,0.26651192,0.060332313
syn-0498,2,0,1,7,5,0.09332708,0.100755535,0.052221045,0.04698166,0.06729146,0.14971365,0.082993135,0.08374207,0.114649646,0.07347208,0.0714056,0.063447036
syn-0003,2,0,2,2,2,0.053841002,0.054124333,0.21395677,0.09513445,0.060430426,0.100611,0.048899435,0.08946997,0.051978845,0.077807344,0.082714826,0.071031585
syn-0007,2,0,2,6,6,0.07234784,0.05576271,0.047509495,0.066357054,0.07121862,0.118837774,0.24326833,0.074825905,0.099131174,0.03710109,0.05030681,0.06333321
syn-0009,2,0,2,8,8,0.044265464,0.037517067,0.039074626,0.0379042,0.11464006,0.054994863,0.059172235,0.075112,0.36693388,0.048355985,0.06249983,0.0595298
syn-0019,2,0,2,0,0,0.6947047,0.020352906,0.014165219,0.037504364,0.03920378,0.026814857,0.021643456,0.012984092,0.034660753,0.045692418,0.040197615,0.012075856
syn-0022,2,0,2,10,5,0.053089485,0.119638905,0.052427787,0.13247919,0.04689659,0.13328575,0.106030844,0.049571928,0.04878524,0.09360605,0.08964258,0.07454566
syn-0034,2,0,2,0,0,0.33682537,0.039865557,0.067322485,0.048814323,0.08180857,0.06897159,0.08299253,0.057859067,0.083158605,0.034743734,0.049759507,0.047878664
syn-0058,2,0,2,9,8,0.03665495,0.047915556,0.043061998,0.094234526,0.06737842,0.07406364,0.12107077,0.051903713,0.17072593,0.16301492,0.079751216,0.05022436
syn-0059,2,0,2,3,3,0.0630952,0.0564848,0.06777241,0.27677637,0.06398628,0.09750417,0.053941514,0.06261373,0.07438267,0.053760204,0.07054761,0.059135042
syn-0061,2,0,2,4,4,0.061665647,0.055484105,0.051010482,0.0895605,0.3383122,0.066424936,0.06423694,0.06994558,0.07911673,0.033987585,0.05343578,0.036819514
syn-0065,2,0,2,11,11,0.021627238,0.05047179,0.025434744,0.03204703,0.038228236,0.046423905,0.030619347,0.030600894,0.016964791,0.027175887,0.13535301,0.5450531
syn-0067,2,0,2,5,5,0.029725904,0.052636806,0.033835683,0.07111149,0.042447727,0.47999403,0.028371643,0.059550144,0.043010794,0.04705985,0.06650101,0.04575491
syn-0069,2,0,2,11,11,0.04960182,0.053312946,0.03770242,0.06826798,0.116472214,0.074285075,0.05452064,0.06248854,0.03524636,0.045089554,0.04600388,0.35700858
syn-0071,2,0,2,6,6,0.060453303,0.11443725,0.053806577,0.070991576,0.09452477,0.058019117,0.19104376,0.09231635,0.059010345,0.07097274,0.07426102,0.060163185
syn-0097,2,0,2,10,10,0.032246046,0.07104283,0.048654523,0.043677643,0.046326436,0.07821531,0.07666421,0.07584779,0.057966877,0.05652778,0.36853752,0.044293053
syn-0098,2,0,2,10,10,0.026318597,0.106115274,0.044405706,0.04850183,0.045620285,0.03442992,0.041652758,0.045461413,0.047179207,0.039716158,0.4764746,0.044124246
syn-0102,2,0,2,1,1,0.024458837,0.5931039,0.015896933,0.028477797,0.02750634,0.013465987,0.024732143,0.018513273,0.19215111,0.029671207,0.0181084,0.0139140785
syn-0112,2,0,2,4,4,0.12517318,0.062853284,0.038288884,0.058442447,0.28001994,0.043390557,0.03294856,0.05505959,0.18495435,0.03369672,0.049069896,0.036102585
syn-0125,2,0,2,9,9,0.047883254,0.06407452,0.041203506,0.07237179,0.05206354,0.14244737,0.089932494,0.04783132,0.13653651,0.1699174,0.09272586,0.04301245
syn-0127,2,0,2,11,2,0.044445217,0.092458844,0.14818673,0.06894558,0.07968714,0.07402183,0.08265672,0.13571063,0.060791314,0.05885962,0.08851129,0.06572509
syn-0137,2,0,2,8,8,0.033783358,0.06394683,0.025248867,0.0827007,0.039785422,0.071904235,0.031449385,0.033086218,0.47067058,0.0697202,0.041791752,0.035912458
syn-0142,2,0,2,4,4,0.022348236,0.04163624,0.018126177,0.04402076,0.66025573,0.05132236,0.020515483,0.037517417,0.021247987,0.029612396,0.029296385,0.024100835
syn-0155,2,0,2,4,4,0.040268257,0.033659346,0.020730741,0.04170774,0.62843084,0.032532692,0.043542,0.032828767,0.052137394,0.022069653,0.026165958,0.02592659
syn-0159,2,0,2,11,11,0.028222118,0.040822636,0.030606205,0.030407071,0.041057028,0.045713887,0.05326726,0.039687283,0.035057902,0.036262147,0.061282784,0.5576137
syn-0164,2,0,2,8,5,0.053338572,0.046358395,0.060664695,0.05612751,0.06968109,0.21494746,0.069490984,0.086261414,0.15521382,0.058381762,0.077613525,0.051920764
syn-0172,2,0,2,10,10,0.053923648,0.055437617,0.03041252,0.050645426,0.034501415,0.113808796,0.03179188,0.030250248,0.0522991,0.06755421,0.41896564,0.060409497
syn-0177,2,0,2,8,8,0.062028717,0.09144536,0.01564082,0.03647316,0.039589833,0.04020862,0.052619778,0.036908224,0.54903877,0.030035393,0.022895066,0.023116287
syn-0179,2,0,2,1,1,0.04613744,0.466159,0.02938126,0.062607296,0.038753346,0.031026294,0.05556901,0.036481068,0.041662335,0.07823695,0.0452732,0.0687128
syn-0188,2,0,2,10,10,0.028105639,0.044617854,0.02283582,0.04586217,0.03918817,0.03793552,0.04663134,0.03873602,0.031483773,0.05275124,0.49919215,0.112660296
syn-0193,2,0,2,11,4,0.07474697,0.09861084,0.07450614,0.057659704,0.11144745,0.086804286,0.054169368,0.09728727,0.07315984,0.09680405,0.105392,0.06941209
syn-0194,2,0,2,1,8,0.052013785,0.27343214,0.020141596,0.037441898,0.044021264,0.02986664,0.051455837,0.031410385,0.3816771,0.02316662,0.03163975,0.023733
syn-0200,2,0,2,5,3,0.049136467,0.079268724,0.077724986,0.25125006,0.10045746,0.06815423,0.074232556,0.067022495,0.04353366,0.09130282,0.05042561,0.047490932
syn-0202,2,0,2,10,10,0.05988188,0.11865585,0.03361774,0.054599132,0.046666477,0.08438338,0.072154224,0.053602252,0.09034426,0.122102946,0.17393588,0.09005599
syn-0207,2,0,2,0,0,0.43252796,0.033526875,0.025205744,0.100562364,0.052544847,0.1044312,0.055835113,0.039055627,0.051970255,0.037717376,0.028929658,0.03769298
syn-0219,2,0,2,0,0,0.7777256,0.016387325,0.012330926,0.017121034,0.027430484,0.020500466,0.016156731,0.0135606695,0.04190927,0.022749674,0.011215745,0.022912117
syn-0222,2,0,2,8,8,0.06395155,0.067694046,0.048483226,0.08011332,0.0477708,0.048161272,0.05169248,0.060106073,0.33912876,0.06869477,0.0664699,0.057733808
syn-0224,2,0,2,8,8,0.113411,0.05173688,0.052488744,0.040112685,0.06910634,0.056493066,0.061328296,0.047349233,0.3558917,0.034502115,0.070677795,0.046902157
syn-0228,2,0,2,6,3,0.045028623,0.051232636,0.038502995,0.27308375,0.088281214,0.06133696,0.17505457,0.04055189,0.04785963,0.093262985,0.039563015,0.04624173
syn-0230,2,0,2,9,9,0.056131285,0.04003739,0.06401324,0.061475445,0.06663537,0.05690752,0.06327859,0.06261041,0.055094384,0.35614622,0.074268304,0.04340184
syn-0239,2,0,2,6,6,0.03770784,0.077406146,0.115135066,0.06377852,0.07694452,0.057294227,0.22412798,0.10369165,0.049710806,0.04923183,0.08953987,0.055431545
syn-0242,2,0,2,0,0,0.34671602,0.039128695,0.05222703,0.039997473,0.07197554,0.07900748,0.060780548,0.036336623,0.10666991,0.09029967,0.03000992,0.046851076
syn-0244,2,0,2,3,3,0.07531463,0.06037194,0.1062035,0.20659949,0.059276927,0.09123319,0.057690307,0.07462067,0.07942527,0.06369138,0.07985769,0.04571501
syn-0247,2,0,2,3,3,0.11677991,0.057335187,0.11141703,0.16340546,0.062303416,0.06226761,0.07589221,0.10571755,0.047542416,0.056110874,0.06763508,0.07359325
syn-0248,2,0,2,6,10,0.058439713,0.046279587,0.041004546,0.060258225,0.057214264,0.12399712,0.16116066,0.049366105,0.03467751,0.04776765,0.26453578,0.055298842
syn-0249,2,0,2,8,10,0.0828471,0.061089363,0.076168455,0.04471875,0.04976917,0.078782916,0.05063255,0.06569937,0.16457802,0.0838892,0.17733544,0.06448967
syn-0254,2,0,2,7,8,0.10175009,0.07061555,0.09320131,0.07926446,0.048808668,0.10748742,0.07861918,0.08175557,0.11877116,0.07590832,0.0684976,0.07532068
syn-0255,2,0,2,2,2,0.04352685,0.05134338,0.4804115,0.045656398,0.052562624,0.049372356,0.03893529,0.06652993,0.038997047,0.044402916,0.053725034,0.03453668
syn-0259,2,0,2,4,4,0.023613859,0.05721221,0.031332605,0.03948292,0.58567345,0.026388163,0.036426008,0.029416969,0.06499096,0.033133015,0.029550359,0.042779457
syn-0264,2,0,2,0,0,0.37985358,0.04901396,0.033789676,0.029984456,0.12850398,0.0754539,0.043346353,0.043188978,0.08948496,0.05249306,0.02599798,0.048889123
syn-0274,2,0,2,9,10,0.03907712,0.037224136,0.070666015,0.075348325,0.0396047,0.0871921,0.029827246,0.053013492,0.0902117,0.15293457,0.2535617,0.071338885
syn-0276,2,0,2,6,10,0.04354062,0.06585528,0.048441105,0.03411526,0.07964548,0.114974745,0.1037876,0.07807979,0.054791447,0.033280972,0.26507795,0.07840975
syn-0278,2,0,2,9,9,0.03244205,0.041268528,0.054299362,0.06519849,0.041481692,0.070029944,0.054625094,0.044936653,0.049185574,0.39200523,0.10369468,0.050832707
syn-0283,2,0,2,7,7,0.05687365,0.044730034,0.10475172,0.04913416,0.06027967,0.17515185,0.053925823,0.19683807,0.07567128,0.04826588,0.08505824,0.049319606
syn-0285,2,0,2,11,11,0.025288524,0.034142423,0.03710761,0.04647608,0.052143987,0.0564486,0.03586195,0.032995507,0.10613545,0.036923993,0.05252299,0.48395288
syn-0288,2,0,2,9,9,0.030357113,0.033916954,0.027509734,0.053951234,0.023095468,0.036337778,0.023205461,0.021603445,0.095824026,0.56419396,0.049592856,0.040411964
syn-0294,2,0,2,1,1,0.030271554,0.55147105,0.039481167,0.06448281,0.048366755,0.04756804,0.031673077,0.048678406,0.033405777,0.04009994,0.028568136,0.035933286
syn-0301,2,0,2,3,3,0.08700037,0.04363212,0.0813886,0.28163913,0.063636065,0.083478495,0.07123555,0.051889896,0.04045197,0.06909806,0.071575135,0.054974604
syn-0305,2,0,2,1,1,0.018530589,0.57686096,0.059416007,0.04627006,0.050928846,0.019217148,0.04476258,0.034450956,0.038582318,0.023362603,0.045562185,0.04205572
syn-0308,2,0,2,3,10,0.048040397,0.10138591,0.076410726,0.1107251,0.10245156,0.07375299,0.06805192,0.08631793,0.07448855,0.085653715,0.11639595,0.056325257
syn-0313,2,0,2,11,9,0.027996391,0.074508384,0.07257296,0.087884925,0.046317745,0.053536426,0.062326018,0.067429624,0.04795147,0.17462793,0.1518696,0.13297851
syn-0324,2,0,2,7,8,0.08581543,0.045756884,0.08286342,0.07726233,0.052352656,0.056906454,0.07268597,0.11119564,0.15924296,0.101620995,0.07825534,0.07604192
syn-0333,2,0,2,5,5,0.040971227,0.035851046,0.02549208,0.072222926,0.06292716,0.51404077,0.030857341,0.04663952,0.07645392,0.035584465,0.034186605,0.02477292
syn-0335,2,0,2,3,11,0.022104647,0.052406825,0.03595793,0.08221031,0.05514378,0.030436382,0.04773832,0.021164123,0.017726943,0.024575768,0.04498528,0.5655497
syn-0338,2,0,2,8,8,0.085178964,0.068475515,0.051087547,0.103919,0.037799176,0.05599442,0.07276085,0.06713173,0.2326887,0.06785678,0.06780289,0.08930443
syn-0383,2,0,2,2,2,0.028601956,0.05107932,0.51437855,0.05027281,0.045120962,0.05304451,0.04329753,0.065764904,0.032480944,0.037871033,0.040986095,0.03710137
syn-0385,2,0,2,5,4,0.035831295,0.039735436,0.020836331,0.02098741,0.5984837,0.09324327,0.022687212,0.0378436,0.037011243,0.042581994,0.028556736,0.022201767
syn-0392,2,0,2,1,1,0.030929932,0.4899574,0.04422586,0.048883423,0.03535084,0.041319564,0.040938172,0.04450439,0.04447916,0.06939561,0.07855508,0.031460583
syn-0396,2,0,2,3,2,0.044670578,0.08196229,0.14961605,0.0694958,0.08016588,0.07468274,0.08651196,0.13719793,0.06119103,0.059213694,0.089213274,0.066078775
syn-0402,2,0,2,1,1,0.054523375,0.22198732,0.045613654,0.13472044,0.055612486,0.075455815,0.057478487,0.061214354,0.036047895,0.100901015,0.0742807,0.08216446
syn-0405,2,0,2,8,8,0.05204912,0.039352763,0.017294884,0.0461786,0.038804337,0.043630097,0.04539624,0.02537511,0.5228676,0.06546884,0.06808497,0.035497397
syn-0406,2,0,2,4,4,0.08006852,0.049168292,0.02680866,0.054128613,0.41487834,0.030762667,0.04867365,0.028501848,0.02373564,0.072510086,0.12844752,0.042316157
syn-0409,2,0,2,10,10,0.03218902,0.05939365,0.08497582,0.06141139,0.04655165,0.041976746,0.08318291,0.03647716,0.03465588,0.05409517,0.3883815,0.0767091
syn-0414,2,0,2,5,4,0.043435026,0.068614036,0.033401888,0.07561382,0.39534798,0.079251,0.051536087,0.062379908,0.056158807,0.043040376,0.057171844,0.03404923
syn-0420,2,0,2,2,2,0.031549074,0.05585431,0.3669415,0.07092098,0.062595785,0.054939926,0.047872234,0.08020351,0.05635344,0.05338639,0.059806615,0.059576213
syn-0426,2,0,2,10,10,0.035493247,0.060226776,0.041237786,0.05734687,0.048168324,0.10007416,0.037910543,0.050431304,0.07275099,0.042585354,0.38881385,0.064960785
syn-0432,2,0,2,6,6,0.028451838,0.06187938,0.053965494,0.041199982,0.034073092,0.06613428,0.5037688,0.02601967,0.03988122,0.039894015,0.06714388,0.03758832
syn-0433,2,0,2,5,1,0.04508839,0.13591872,0.09734322,0.08490876,0.09392325,0.07572393,0.062129963,0.091174476,0.07174577,0.08257401,0.085650235,0.07381927
syn-0443,2,0,2,7,7,0.052358292,0.056290656,0.13189025,0.10308106,0.08731432,0.11046655,0.062149126,0.15968028,0.055433918,0.06692935,0.05933205,0.055074144
syn-0452,2,0,2,10,10,0.020516308,0.043152425,0.027179008,0.038760867,0.043381624,0.037236534,0.1392124,0.03112788,0.111230604,0.084136814,0.37350097,0.050564557
syn-0460,2,0,2,8,4,0.06603796,0.062100586,0.07011104,0.05824259,0.14797188,0.070254534,0.06435555,0.1056751,0.095387705,0.06474553,0.08668592,0.1084316
syn-0464,2,0,2,4,4,0.09168561,0.036076747,0.035740606,0.036589973,0.5363586,0.0381074,0.029928692,0.045700964,0.041237347,0.032441113,0.040879957,0.03525299
syn-0465,2,0,2,7,2,0.045307763,0.06698448,0.15756659,0.071278244,0.08270689,0.076670945,0.07274025,0.14400762,0.062473398,0.06044715,0.09219763,0.06761903
syn-0471,2,0,2,5,11,0.04804576,0.06493892,0.08135625,0.08503446,0.10660349,0.08677094,0.06085907,0.10789374,0.054842677,0.080899164,0.056493178,0.16626236
syn-0473,2,0,2,10,10,0.013660625,0.01918227,0.024036847,0.022655971,0.03717701,0.018957907,0.066357344,0.027708465,0.08284836,0.045238193,0.6168261,0.025350906
syn-0478,2,0,2,2,2,0.045307763,0.06698448,0.15756659,0.071278244,0.08270689,0.076670945,0.07274025,0.14400762,0.062473398,0.06044715,0.09219763,0.06761903
syn-0495,2,0,2,2,2,0.057744972,0.052630298,0.1687833,0.111007765,0.086475484,0.08508821,0.07210263,0.12788054,0.056674927,0.061959237,0.060908027,0.058744606
syn-0005,2,0,3,11,11,0.014822013,0.0044514723,0.020854108,0.116157286,0.007002972,0.0148736155,0.0065318556,0.014973566,0.054611288,0.040324464,0.003881971,0.7015154
syn-0006,2,0,3,7,7,0.0628538,0.029869853,0.07381332,0.040140014,0.018640263,0.0630967,0.11839113,0.18970601,0.03458075,0.14031167,0.056221813,0.17237467
syn-0008,2,0,3,8,8,0.0011596945,0.00073388976,0.00037336067,0.0005509321,0.0012619945,0.0011463279,0.0006268484,0.0006157452,0.99159086,0.00037743713,0.0005107146,0.0010521845
syn-0014,2,0,3,0,0,0.86309904,0.026403008,0.007454816,0.009425478,0.011153486,0.010237222,0.00528738,0.017807255,0.018153163,0.014211896,0.007882115,0.008885172
syn-0020,2,0,3,6,6,0.0020275533,0.003296631,0.00629391,0.0143178785,0.006756975,0.015466602,0.90754855,0.004078024,0.008994061,0.0163401,0.010513643,0.00436608
syn-0029,2,0,3,2,2,0.013637559,0.019489115,0.3870517,0.2110965,0.05716316,0.034231987,0.013238982,0.19240618,0.008928132,0.010380389,0.02800889,0.024367405
syn-0032,2,0,3,4,6,0.032001875,0.037124336,0.03945388,0.023927797,0.25277567,0.086984225,0.382688,0.02702976,0.028139789,0.042125106,0.017942261,0.029807333
syn-0033,2,0,3,5,5,0.0011053748,0.003822679,0.0012535803,0.0028798846,0.0027299114,0.965428,0.0009090863,0.002385014,0.010803204,0.0039031906,0.0024190196,0.0023610864
syn-0041,2,0,3,10,10,0.0041395384,0.0040484304,0.0033772734,0.009938238,0.0064083003,0.005456919,0.010616984,0.0059553366,0.022519516,0.28730378,0.6233936,0.016842097
syn-0044,2,0,3,2,7,0.045019627,0.04478846,0.17226972,0.07012154,0.02798664,0.056850772,0.054176386,0.27909505,0.096131824,0.04504841,0.042890932,0.06562062
syn-0046,2,0,3,8,8,0.09425648,0.03346301,0.0115361605,0.009058607,0.008774727,0.016725292,0.012313542,0.052089367,0.37202075,0.25482413,0.05694885,0.07798906
syn-0050,2,0,3,4,4,0.0137600405,0.031668093,0.061830387,0.23728286,0.3223364,0.06233621,0.063934766,0.08019101,0.008576118,0.032774016,0.01668873,0.06862136
syn-0053,2,0,3,10,10,0.00039411068,0.0021152385,0.00278053,0.0009918022,0.006167359,0.006982942,0.0053051678,0.002634836,0.0005367155,0.0018170087,0.96809363,0.0021806355
syn-0054,2,0,3,5,5,0.0010165528,0.0004680681,0.0003969892,0.011211316,0.000539234,0.9784233,0.0002675814,0.003098377,0.0013641681,0.0016754075,0.0012222745,0.00031673553
syn-0057,2,0,3,8,8,0.013030683,0.011730288,0.008466981,0.014786388,0.052691855,0.011084635,0.09426635,0.015569777,0.5793107,0.009109455,0.18132097,0.008631927
syn-0072,2,0,3,0,0,0.99325114,0.0004707662,0.00018169741,7.080069e-05,0.0026329826,0.00013739443,0.00019081538,0.00079985836,0.0018126882,0.00018174713,9.2574934e-05,0.00017751181
syn-0073,2,0,3,11,11,0.013277569,0.034154385,0.013875502,0.015274716,0.0128588285,0.04117011,0.09667804,0.0323875,0.0059534214,0.019608237,0.32336825,0.39139342
syn-0074,2,0,3,5,5,0.044750106,0.07630315,0.041945405,0.044045012,0.03360652,0.2910566,0.09150211,0.118118316,0.02579449,0.17680599,0.028210405,0.027861886
syn-0091,2,0,3,4,4,0.014408669,0.015757596,0.017295215,0.018397443,0.72888565,0.054163326,0.014377484,0.027443819,0.005388388,0.013646545,0.02818341,0.062052432
syn-0093,2,0,3,5,6,0.018919697,0.019019874,0.018823395,0.06409885,0.024481846,0.27586973,0.349679,0.07249376,0.01622116,0.048266575,0.068541005,0.023585118
syn-0101,2,0,3,3,3,0.0369776,0.028780513,0.06519768,0.3478909,0.05088919,0.16537595,0.05576416,0.0706662,0.022376548,0.020958152,0.04181005,0.09331306
syn-0111,2,0,3,3,3,0.07082312,0.013691993,0.007658012,0.7106573,0.009838842,0.06697427,0.010080514,0.007766278,0.018007964,0.054166228,0.021101577,0.009233896
syn-0113,2,0,3,11,11,0.011496971,0.0075158654,0.004567108,0.008353465,0.007849805,0.014669961,0.022367872,0.0075049642,0.0444486,0.009264878,0.009966039,0.85199445
syn-0122,2,0,3,3,3,0.010471747,0.070972964,0.017695662,0.5691392,0.042298127,0.09187443,0.010825021,0.019355422,0.11063244,0.026816547,0.017385118,0.012533331
syn-0133,2,0,3,2,2,0.035418756,0.04050445,0.41799766,0.09425219,0.052867696,0.02946353,0.03229672,0.09837624,0.051119328,0.048889942,0.03858288,0.06023062
syn-0140,2,0,3,11,11,0.001829283,0.00048786082,0.00089598773,0.002636471,0.0011201126,0.0016421239,0.0012362214,0.0011178488,0.0012745579,0.0014302057,0.0004312845,0.985898
syn-0141,2,0,3,2,2,0.010472693,0.007034323,0.81057787,0.06320976,0.006759152,0.030439975,0.0077704,0.0112525,0.009956089,0.010861261,0.0069671194,0.024698839
syn-0146,2,0,3,10,10,0.020815099,0.008467269,0.038429182,0.15687864,0.019931775,0.01224677,0.028996823,0.01903193,0.035151947,0.063060224,0.57059693,0.026393395
syn-0154,2,0,3,1,1,0.010354591,0.8131541,0.01637809,0.024419913,0.015911324,0.012884657,0.010195237,0.013315279,0.03458149,0.009732099,0.030883789,0.008189426
syn-0178,2,0,3,9,9,0.014577885,0.01661755,0.010459442,0.021517415,0.015461148,0.0567871,0.006230327,0.007303977,0.12934922,0.702344,0.007912639,0.011439314
syn-0187,2,0,3,3,3,0.04611855,0.028648226,0.029374821,0.65099967,0.020466575,0.08598688,0.025188426,0.026796782,0.011687872,0.043948997,0.014569099,0.016214086
syn-0189,2,0,3,10,10,0.02083999,0.033223793,0.01754195,0.027020345,0.0125121735,0.10959333,0.027446222,0.04912818,0.04281005,0.06629849,0.5144356,0.07914988
syn-0191,2,0,3,4,4,0.019628683,0.018352294,0.01436654,0.1650812,0.3230131,0.044204954,0.098503366,0.008044626,0.0070025395,0.12779874,0.12682188,0.04718209
syn-0192,2,0,3,5,3,0.011679686,0.11270739,0.029277062,0.32244617,0.019367898,0.2905864,0.04370476,0.049104277,0.01008643,0.019091003,0.03137075,0.060578164
syn-0211,2,0,3,0,0,0.96424866,0.0021855677,0.0029070033,0.0051826206,0.008472797,0.002173057,0.0044461167,0.0029221657,0.0015965193,0.0024052246,0.0006760672,0.0027842277
syn-0215,2,0,3,10,10,0.007151932,0.011591585,0.046650544,0.026933983,0.012083482,0.008513871,0.063765146,0.0070142196,0.2454523,0.11355216,0.45071828,0.0065725055
syn-0217,2,0,3,6,6,0.052594036,0.11562397,0.047120646,0.09761679,0.058614343,0.12982793,0.2166302,0.06530863,0.06442317,0.09233403,0.04389671,0.01600953
syn-0233,2,0,3,8,8,0.0014715171,0.0030314804,0.00010496009,0.00035356384,0.000981192,0.0004252758,0.0007175465,0.00035493015,0.98992693,0.0007418733,0.0016070401,0.0002836875
syn-0267,2,0,3,4,4,0.021715295,0.0024379045,0.0017318829,0.002363088,0.9456107,0.0041859956,0.0028788105,0.0029936219,0.008670449,0.0015528799,0.0017615783,0.0040977695
syn-0269,2,0,3,10,10,0.00566922,0.008761987,0.012828602,0.020811792,0.017435221,0.0054125544,0.022623813,0.021630097,0.026194623,0.090553,0.75400203,0.014077059
syn-0275,2,0,3,0,0,0.89713216,0.008055235,0.005947037,0.00975655,0.015375468,0.0040898076,0.0058448818,0.017437734,0.012117986,0.006606273,0.0037551185,0.0138817355
syn-0282,2,0,3,7,7,0.021277761,0.022280045,0.05188388,0.055452645,0.016918842,0.052622687,0.04572924,0.62099093,0.04162315,0.011273924,0.03196697,0.0279799
syn-0284,2,0,3,0,0,0.660247,0.037465475,0.0054876595,0.010235417,0.022427991,0.02097692,0.007997241,0.008251707,0.1665187,0.02061195,0.024683332,0.015096577
syn-0295,2,0,3,10,10,0.012501853,0.037953,0.03493001,0.032386746,0.0678051,0.027537206,0.07913644,0.0485257,0.093947195,0.24514373,0.2901304,0.030002639
syn-0297,2,0,3,11,11,0.011688417,0.01101928,0.025286552,0.042045616,0.02806826,0.009808948,0.027938612,0.025564127,0.10890606,0.018601708,0.052900452,0.638172
syn-0299,2,0,3,1,1,0.0040353327,0.9521534,0.004897152,0.007363787,0.005272206,0.004437798,0.0011175798,0.0063009616,0.006500398,0.003297214,0.0012665763,0.0033576132
syn-0303,2,0,3,7,7,0.08581358,0.029922055,0.06684646,0.0907332,0.04537711,0.08525427,0.039395086,0.35905302,0.022767574,0.098052695,0.035351798,0.041433178
syn-0306,2,0,3,5,5,0.03152328,0.012309974,0.026977174,0.25524053,0.013147724,0.40028068,0.018275324,0.091652356,0.026585272,0.024814691,0.062656805,0.036536183
syn-0307,2,0,3,3,3,0.010539654,0.02846891,0.015476626,0.7424406,0.005639631,0.008857574,0.038306113,0.012744198,0.057623405,0.039499797,0.016298361,0.024105176
syn-0310,2,0,3,10,10,0.005577839,0.0051004146,0.007992848,0.0154955825,0.024471596,0.0139155,0.013565556,0.03215624,0.00895098,0.015756676,0.84409404,0.0129227135
syn-0325,2,0,3,4,5,0.024684517,0.021354066,0.086782224,0.088918105,0.023037216,0.36803025,0.13577622,0.04411494,0.030892422,0.09845193,0.025260892,0.052697234
syn-0327,2,0,3,1,1,0.012752546,0.8640742,0.003289523,0.0049650143,0.012387066,0.011931321,0.0069692167,0.0068297377,0.053109184,0.0052020857,0.0125433,0.0059468597
syn-0329,2,0,3,8,8,0.005842977,0.014958088,0.009734278,0.0320453,0.019511523,0.026581679,0.008995456,0.016640833,0.69586194,0.13532387,0.0069735628,0.027530532
syn-0336,2,0,3,0,0,0.82032466,0.03528236,0.0046525802,0.0142705515,0.020913886,0.0540211,0.012451598,0.012578476,0.008298721,0.0071803886,0.0042562243,0.0057694456
syn-0343,2,0,3,8,8,0.028338792,0.035521284,0.033668112,0.03697552,0.029007494,0.09629267,0.036298007,0.030138915,0.52561796,0.08230821,0.023659954,0.042173058
syn-0345,2,0,3,7,9,0.025007272,0.06928961,0.07122909,0.047157034,0.036185686,0.09094527,0.04248713,0.11315807,0.0380094,0.27167392,0.12980472,0.065052815
syn-0346,2,0,3,6,6,0.02220913,0.041962255,0.027219707,0.09472171,0.018083109,0.15424776,0.52697515,0.029534167,0.028295873,0.02048115,0.024643011,0.011626983
syn-0348,2,0,3,9,9,0.050375685,0.052126225,0.051425602,0.049824752,0.04394659,0.05277993,0.09031097,0.07679032,0.14173946,0.32706934,0.029540012,0.03407112
syn-0366,2,0,3,9,9,0.0051454525,0.0012280871,0.0031328988,0.004071673,0.0027928255,0.0076268194,0.0026196763,0.001373848,0.0023216277,0.91866344,0.0052028466,0.045820825
syn-0368,2,0,3,9,9,0.017895052,0.058073796,0.011913746,0.04042617,0.03519511,0.08090548,0.04092035,0.01616232,0.043206,0.56019086,0.017105294,0.07800585
syn-0369,2,0,3,6,6,0.0037865576,0.006614012,0.0067282813,0.011991424,0.0054033645,0.021090662,0.9002306,0.008703935,0.009165519,0.008175175,0.009151902,0.008958556
syn-0372,2,0,3,1,1,0.013337636,0.5798253,0.0111962985,0.04696427,0.0669011,0.09481074,0.051173653,0.027907236,0.007558963,0.017711107,0.05673498,0.025878718
syn-0382,2,0,3,0,0,0.9507177,0.0029314498,0.0029827398,0.006601084,0.0068175853,0.003934701,0.0058948942,0.0021183756,0.0062034326,0.006061049,0.0016826572,0.0040543457
syn-0399,2,0,3,8,8,0.00823757,0.011313441,0.007924475,0.011295768,0.017408378,0.032772463,0.026733631,0.022007773,0.764898,0.010055957,0.08123983,0.0061126994
syn-0401,2,0,3,11,11,0.032268222,0.060092557,0.019769704,0.014861076,0.033312205,0.018552812,0.02754691,0.040140186,0.019527411,0.021268565,0.058248915,0.65441144
syn-0407,2,0,3,6,6,0.018886903,0.022272414,0.015487776,0.09271984,0.03523924,0.22385308,0.32171342,0.03282238,0.015696418,0.094463184,0.032927074,0.09391827
syn-0408,2,0,3,4,4,0.024113089,0.010680926,0.027124744,0.07863087,0.6992695,0.016057571,0.039557155,0.017102692,0.034405224,0.017026395,0.0057731415,0.030258697
syn-0411,2,0,3,2,2,0.007296418,0.0072739557,0.84904927,0.039595373,0.007494522,0.0050675324,0.009991188,0.039220747,0.0031105764,0.006210703,0.009853878,0.015835838
syn-0413,2,0,3,9,9,0.004361618,0.023080017,0.009248211,0.006631976,0.0065508084,0.009968032,0.0074503985,0.015443856,0.008759518,0.8709401,0.0022735016,0.03529199
syn-0416,2,0,3,2,2,0.0009761835,0.0015764143,0.9813101,0.004528605,0.00096174056,0.0018025369,0.0012736724,0.0018585785,0.0013117527,0.0012835952,0.0012716949,0.001845079
syn-0417,2,0,3,7,7,0.01697296,0.01890117,0.04400846,0.040406454,0.022948235,0.094398536,0.035632063,0.5736264,0.0478224,0.0119340345,0.04220864,0.051140636
syn-0422,2,0,3,1,1,0.0027730411,0.9442624,0.0076440875,0.01924518,0.0035155586,0.0014869552,0.0053029563,0.004402362,0.0009761282,0.0016284032,0.005568475,0.0031944548
syn-0425,2,0,3,5,5,0.08697936,0.016001849,0.022477398,0.21858668,0.11538128,0.33891353,0.027685717,0.029830443,0.044463128,0.028465364,0.041715536,0.02949971
syn-0430,2,0,3,1,1,0.011693342,0.5005874,0.088587806,0.18509853,0.024580054,0.07548519,0.0205024,0.02773014,0.006786819,0.017945973,0.018635135,0.022367207
syn-0431,2,0,3,3,3,0.04503144,0.031441227,0.024301352,0.7209781,0.029017767,0.017759094,0.017975714,0.013821067,0.015899511,0.035287358,0.0113266725,0.037160743
syn-0436,2,0,3,6,6,0.0011504734,0.0013588574,0.0023959938,0.004346217,0.0018186426,0.0067437016,0.97211874,0.0011189444,0.00059534627,0.004059523,0.003112827,0.0011807356
syn-0437,2,0,3,3,4,0.021525957,0.023663035,0.012324799,0.15988342,0.25385782,0.13221125,0.01598551,0.008943562,0.089321196,0.032975506,0.23091337,0.018394565
syn-0445,2,0,3,6,6,0.01807679,0.009618194,0.0026380664,0.015041134,0.023932556,0.0114607895,0.5453034,0.007320796,0.35274678,0.0022982382,0.0070440723,0.0045191534
syn-0449,2,0,3,11,11,0.007630914,0.013994781,0.025333505,0.04894382,0.0096610105,0.013675654,0.02132234,0.018935697,0.02209472,0.022652566,0.11083795,0.68491703
syn-0451,2,0,3,8,8,0.09796514,0.04441123,0.019680317,0.029500736,0.019062566,0.11532146,0.022300834,0.10331073,0.43011606,0.04239339,0.025904264,0.050033264
syn-0469,2,0,3,9,9,0.053809557,0.0462753,0.014633063,0.12949194,0.0102492925,0.056319274,0.016286,0.024085421,0.022474619,0.5442697,0.050498206,0.031607635
syn-0472,2,0,3,8,8,0.0035581824,0.004333961,0.0020122824,0.0028793926,0.0019732574,0.0038960238,0.009311736,0.010164545,0.9267024,0.021882994,0.0058235866,0.0074616377
syn-0482,2,0,3,1,3,0.015974013,0.36155415,0.03572587,0.42059174,0.014553848,0.020259544,0.03641154,0.020599619,0.01365264,0.019231487,0.028276615,0.013168949
syn-0485,2,0,3,10,10,0.0013937671,0.0033281553,0.008567196,0.004258408,0.02209722,0.0039332383,0.003953935,0.0048290137,0.036141325,0.011873784,0.8818006,0.017823339
syn-0492,2,0,3,6,6,0.0005252081,0.001262133,0.0029531184,0.0023609449,0.003929568,0.0009857593,0.96932316,0.00082109513,0.008609357,0.0018661581,0.0058839754,0.0014795111
syn-0016,2,0,4,9,9,0.061333667,0.058010004,0.055270236,0.087286666,0.06319552,0.09772911,0.067003116,0.07298035,0.11216744,0.16044985,0.10071947,0.063854575
syn-0023,2,0,4,1,1,0.061358206,0.2704861,0.06635847,0.07478623,0.098350115,0.086953074,0.06398258,0.055733886,0.056067564,0.055108506,0.05973397,0.051081315
syn-0026,2,0,4,10,10,0.05752297,0.059107877,0.09180486,0.08436343,0.07943818,0.06598462,0.0751126,0.09855782,0.06499655,0.06719581,0.16172734,0.09418794
syn-0027,2,0,4,4,8,0.07814788,0.093436204,0.049460176,0.06885763,0.14238034,0.089183114,0.06718132,0.07084096,0.20032693,0.040333997,0.052011147,0.04784029
syn-0035,2,0,4,9,9,0.058106314,0.05975831,0.06474644,0.08238199,0.0691922,0.07168177,0.06526436,0.072671376,0.05230124,0.18832396,0.13000172,0.08557031
syn-0040,2,0,4,4,4,0.0605157,0.058869127,0.067074224,0.073364414,0.18062171,0.0873123,0.061107162,0.06089799,0.051017284,0.07738422,0.15246491,0.06937095
syn-0048,2,0,4,11,11,0.05797781,0.0744325,0.08449778,0.09115909,0.06937661,0.082669966,0.062034756,0.07669162,0.0978678,0.08921515,0.061763857,0.15231307
syn-0056,2,0,4,8,8,0.08543618,0.051765468,0.06210741,0.062558904,0.08926387,0.060010877,0.07023275,0.05740845,0.26387277,0.053070977,0.082013555,0.06225879
syn-0070,2,0,4,2,2,0.05375383,0.0605059,0.14047463,0.09981673,0.085527755,0.075755104,0.08432063,0.098146655,0.07568316,0.06976653,0.07494262,0.081306465
syn-0077,2,0,4,2,2,0.06049205,0.07464587,0.15582408,0.07583411,0.059410516,0.06442173,0.10192909,0.12783788,0.049251314,0.06843925,0.070468895,0.09144521
syn-0084,2,0,4,5,5,0.05809815,0.075448036,0.068916604,0.10117917,0.08707902,0.12950724,0.069541834,0.07726837,0.08622495,0.07935979,0.10349294,0.06388389
syn-0085,2,0,4,3,1,0.044993866,0.1618811,0.06453245,0.15032695,0.065088816,0.08607904,0.122406885,0.059204713,0.05769056,0.064828865,0.061980505,0.060986254
syn-0086,2,0,4,10,10,0.0500695,0.046368897,0.05275462,0.06285155,0.05752708,0.05771614,0.069075875,0.065332785,0.04762793,0.05221582,0.3521215,0.0863383
syn-0090,2,0,4,5,5,0.08232617,0.07636884,0.0645314,0.07751459,0.06957293,0.15525523,0.09024361,0.088680424,0.07806556,0.09118486,0.065825246,0.060431134
syn-0094,2,0,4,1,2,0.057207122,0.06491272,0.11620534,0.08218966,0.075925924,0.07804266,0.098609686,0.112393506,0.06820224,0.070636414,0.082971886,0.09270284
syn-0106,2,0,4,10,8,0.055784572,0.07568568,0.06665916,0.09855421,0.06826309,0.08347294,0.09050581,0.068079926,0.120762706,0.08806943,0.09105353,0.093108945
syn-0107,2,0,4,10,10,0.056193862,0.073276244,0.07292249,0.07664047,0.10868422,0.09176273,0.07166476,0.09287485,0.06401361,0.07042958,0.15461628,0.066920914
syn-0109,2,0,4,3,5,0.06320215,0.07520017,0.071878366,0.11668997,0.07420262,0.13103989,0.085388415,0.06651416,0.06088517,0.102438286,0.08243628,0.07012454
syn-0117,2,0,4,6,6,0.06462317,0.081694886,0.08122962,0.08942255,0.10102039,0.078357786,0.10803499,0.08492279,0.07872885,0.064021304,0.086477876,0.081465796
syn-0119,2,0,4,6,6,0.05175065,0.07182203,0.058368277,0.061479043,0.05876861,0.06898566,0.15840961,0.058108408,0.061951406,0.101594605,0.13432404,0.11443764
syn-0128,2,0,4,2,2,0.050554134,0.05987043,0.2581468,0.077701606,0.057440374,0.06516209,0.06908971,0.086921126,0.07559751,0.058517985,0.065577365,0.075420894
syn-0139,2,0,4,1,1,0.050315328,0.36120394,0.061329637,0.058401063,0.048130408,0.059838373,0.058833554,0.045871332,0.048557755,0.05092622,0.07808177,0.07851062
syn-0147,2,0,4,0,0,0.22641453,0.061627116,0.051883027,0.10223877,0.073228605,0.07635734,0.05167375,0.069807425,0.07450639,0.09388619,0.060077604,0.058299255
syn-0156,2,0,4,6,6,0.051264215,0.062275454,0.07640464,0.062499527,0.069444224,0.061790228,0.29512092,0.06083244,0.05497789,0.06384881,0.063281715,0.078259945
syn-0167,2,0,4,0,0,0.44171008,0.05054993,0.04137723,0.05770621,0.051986456,0.05254477,0.046566557,0.046807297,0.067487754,0.051455602,0.04276649,0.049041614
syn-0168,2,0,4,1,1,0.08453474,0.11387833,0.07103964,0.08721689,0.07316621,0.09097752,0.08907712,0.07915631,0.08665348,0.07808578,0.07313593,0.07307805
syn-0173,2,0,4,8,8,0.057220444,0.07316875,0.05233406,0.062683515,0.07917573,0.087923534,0.10003206,0.06852422,0.2422773,0.058382355,0.06327307,0.05500497
syn-0182,2,0,4,6,6,0.058652468,0.07966263,0.058507197,0.059249014,0.056654893,0.08052087,0.28359267,0.06158493,0.05625357,0.082516834,0.06752184,0.055283103
syn-0183,2,0,4,4,4,0.060361937,0.08566708,0.057201326,0.0629938,0.2523091,0.097943224,0.06987728,0.0644271,0.0618918,0.0670447,0.056159966,0.06412267
syn-0185,2,0,4,7,2,0.067766845,0.07485271,0.11121904,0.09580321,0.07581304,0.0750423,0.06776071,0.098942384,0.058950078,0.079730526,0.086629584,0.10748957
syn-0195,2,0,4,4,4,0.053387735,0.066601604,0.0620695,0.07964623,0.20899776,0.10608093,0.07133902,0.09047954,0.080681555,0.06559407,0.056899864,0.0582222
syn-0197,2,0,4,11,11,0.057063904,0.07293209,0.044527873,0.09652159,0.08909543,0.08032189,0.07287306,0.064566866,0.050684188,0.06619831,0.049099263,0.25611553
syn-0208,2,0,4,8,8,0.06802391,0.061527435,0.051499844,0.07024153,0.08762231,0.06452454,0.09286866,0.07201703,0.18068482,0.08138105,0.10961478,0.05999408
syn-0210,2,0,4,0,0,0.15686627,0.078688376,0.06993876,0.11843677,0.095305145,0.066609,0.083037786,0.070227295,0.069297425,0.060923994,0.059174437,0.07149476
syn-0226,2,0,4,6,6,0.058850642,0.10231348,0.058497865,0.06550196,0.06026628,0.06048186,0.19749942,0.05581789,0.09558123,0.08116029,0.08100052,0.083028555
syn-0229,2,0,4,7,5,0.07247455,0.07855037,0.06750311,0.08255805,0.10229944,0.13774747,0.07070202,0.08132731,0.07454226,0.07882277,0.07808755,0.0753851
syn-0236,2,0,4,11,8,0.08237065,0.06830086,0.067143686,0.105509035,0.0703069,0.07229551,0.0824908,0.073883064,0.12232525,0.09283411,0.076457396,0.08608274
syn-0246,2,0,4,8,6,0.123247296,0.065350056,0.052636206,0.07268467,0.059600674,0.07303074,0.14058888,0.088094525,0.12983885,0.060883794,0.0638705,0.07017382
syn-0250,2,0,4,11,11,0.049675584,0.06671396,0.047131885,0.05437641,0.06196902,0.053227756,0.058975212,0.050514396,0.050456468,0.091098994,0.10831136,0.30754897
syn-0261,2,0,4,5,5,0.08275302,0.054781444,0.0665694,0.08538387,0.07342997,0.123153545,0.09782061,0.09105445,0.0854185,0.07898763,0.09485775,0.06578981
syn-0262,2,0,4,10,10,0.040978003,0.043802477,0.071086936,0.06431717,0.055077057,0.064346075,0.058448624,0.0716191,0.04609365,0.06281066,0.3741237,0.047296554
syn-0263,2,0,4,0,0,0.2083181,0.06394955,0.06621022,0.07584453,0.085986964,0.07301441,0.061949976,0.08037237,0.078508824,0.06512232,0.06538873,0.07533401
syn-0265,2,0,4,3,3,0.07579409,0.065245114,0.08573876,0.15187833,0.06333559,0.09117239,0.0762513,0.07256018,0.06263751,0.100120954,0.06847522,0.08679057
syn-0280,2,0,4,0,0,0.28869563,0.06645569,0.049037375,0.058956504,0.087622575,0.056807198,0.08259045,0.055163298,0.09744384,0.056723937,0.045756698,0.054746807
syn-0281,2,0,4,10,8,0.06277802,0.086621,0.052217986,0.082568005,0.059131093,0.08131608,0.08534287,0.054206368,0.12718503,0.12493634,0.103601135,0.080096066
syn-0286,2,0,4,8,5,0.062058963,0.09342342,0.07197249,0.09386132,0.07519097,0.10674818,0.07880384,0.07992274,0.099514365,0.08381988,0.07951234,0.0751715
syn-0296,2,0,4,3,5,0.076431915,0.06526164,0.07613004,0.14468342,0.084977545,0.15099987,0.07190851,0.07052606,0.06121803,0.07149288,0.06305778,0.0633123
syn-0300,2,0,4,10,10,0.043168362,0.045490734,0.078406125,0.06496176,0.07647837,0.07054952,0.06565185,0.0804519,0.04840001,0.06726687,0.30481142,0.05436309
syn-0304,2,0,4,1,1,0.051286474,0.23061292,0.0703684,0.0774445,0.070158005,0.08431329,0.07331038,0.060928825,0.055492137,0.05587312,0.09902945,0.07118249
syn-0312,2,0,4,11,11,0.07759232,0.05016007,0.0882176,0.070693,0.06382627,0.057051763,0.06893592,0.079831414,0.113128215,0.06518817,0.061760027,0.20361523
syn-0314,2,0,4,8,8,0.06640052,0.12201441,0.058817692,0.07029803,0.059049044,0.0693707,0.06983955,0.059358735,0.21035285,0.06857665,0.082305215,0.06361659
syn-0321,2,0,4,9,9,0.06370235,0.08647815,0.077060364,0.089968815,0.09242494,0.08777043,0.0725426,0.08742857,0.08319702,0.09497156,0.07723338,0.08722182
syn-0323,2,0,4,7,2,0.055912238,0.066161826,0.10712337,0.10132568,0.08089436,0.07933013,0.075968534,0.103905685,0.06937547,0.08595378,0.08899878,0.08505014
syn-0328,2,0,4,10,10,0.054028697,0.060156576,0.057021156,0.073845804,0.0668539,0.085981056,0.06979803,0.07526417,0.07763876,0.061498385,0.24390462,0.07400884
syn-0330,2,0,4,0,0,0.29789513,0.058236636,0.04934186,0.08154231,0.07150194,0.06887435,0.052569807,0.060759567,0.05812369,0.07690648,0.048928373,0.07531984
syn-0332,2,0,4,6,6,0.044061262,0.05709252,0.04631466,0.07425033,0.07199117,0.06276948,0.22624846,0.056773685,0.07118028,0.06680693,0.13350461,0.089006625
syn-0339,2,0,4,7,7,0.06299581,0.062711336,0.09509014,0.09148287,0.06543875,0.073814005,0.06479204,0.18682414,0.08187549,0.060478885,0.075771905,0.07872463
syn-0341,2,0,4,8,8,0.11881867,0.07016875,0.057568938,0.066727616,0.05762062,0.09626937,0.066961706,0.0825136,0.18420444,0.075320825,0.06876479,0.055060674
syn-0350,2,0,4,2,2,0.0783531,0.06091203,0.19434786,0.08125952,0.057412602,0.072597355,0.06714646,0.07964866,0.07721284,0.076162726,0.07432927,0.080617584
syn-0353,2,0,4,7,5,0.06589414,0.091367334,0.101996474,0.067135476,0.08925789,0.14577931,0.076102614,0.113718756,0.063780725,0.055698164,0.06483004,0.06443907
syn-0354,2,0,4,8,8,0.14726003,0.074405104,0.04382612,0.051434375,0.047455553,0.061475094,0.053868286,0.048752476,0.32215032,0.068829015,0.03792405,0.04261959
syn-0355,2,0,4,5,5,0.0796481,0.062334497,0.086449064,0.0779731,0.06957988,0.10407174,0.07932564,0.10181374,0.091082916,0.073361315,0.09176111,0.0825989
syn-0357,2,0,4,3,3,0.07868215,0.08745757,0.08132723,0.12023798,0.08267411,0.091357455,0.094024666,0.07451039,0.08164051,0.06951132,0.07362511,0.06495152
syn-0363,2,0,4,9,9,0.08256279,0.08360699,0.05671521,0.07532811,0.0702111,0.07194004,0.09197639,0.080267824,0.08090795,0.11852957,0.08723046,0.100723565
syn-0367,2,0,4,4,4,0.06694815,0.07743204,0.0732606,0.097001664,0.10254935,0.10243706,0.08965722,0.088013195,0.089107774,0.07996054,0.06787639,0.06575602
syn-0370,2,0,4,9,9,0.05041736,0.065308884,0.060439672,0.06582433,0.05275842,0.07708633,0.06338453,0.06049843,0.09415592,0.2420564,0.09820779,0.06986193
syn-0371,2,0,4,6,6,0.055026516,0.09568865,0.056752257,0.06353916,0.0659805,0.055009373,0.24017783,0.055144913,0.09064791,0.052095227,0.09873765,0.07120001
syn-0374,2,0,4,8,8,0.07624301,0.08586763,0.060727734,0.100870736,0.06793467,0.069945864,0.072138235,0.05610147,0.15485547,0.09707245,0.0785653,0.07967742
syn-0377,2,0,4,5,11,0.071637884,0.059986908,0.073708,0.09099874,0.07458784,0.07802797,0.068668514,0.074179046,0.0607278,0.13195822,0.074067995,0.14145108
syn-0379,2,0,4,3,10,0.06119299,0.06303309,0.09064557,0.11104503,0.08421482,0.09156587,0.06617146,0.06356131,0.05675271,0.1128675,0.12591287,0.07303677
syn-0393,2,0,4,2,3,0.10404883,0.098987676,0.096002504,0.11272598,0.06802385,0.07600898,0.07665374,0.097416654,0.06787442,0.069223695,0.06529234,0.06774133
syn-0415,2,0,4,1,8,0.06457452,0.1188742,0.054098878,0.0685871,0.077865526,0.08581531,0.076429956,0.06215287,0.12662084,0.07900937,0.085632496,0.10033892
syn-0418,2,0,4,0,0,0.19991569,0.087943316,0.061793357,0.08010402,0.089690685,0.076594405,0.071731895,0.067397796,0.07479189,0.058088172,0.058886427,0.07306233
syn-0421,2,0,4,10,10,0.034745805,0.07753043,0.04535929,0.076623574,0.047886733,0.07469023,0.069617055,0.047961902,0.08334652,0.102426924,0.25289285,0.086918674
syn-0429,2,0,4,2,2,0.05442282,0.07555041,0.15739676,0.09512392,0.069833905,0.06816388,0.06608124,0.089292504,0.06448179,0.096162535,0.077660285,0.08582996
syn-0440,2,0,4,1,1,0.09111628,0.2632575,0.042021144,0.061271068,0.062618054,0.08430219,0.062493067,0.0489223,0.11752142,0.059340708,0.054079678,0.05305661
syn-0444,2,0,4,5,6,0.08370938,0.06497913,0.06535968,0.08285843,0.07327013,0.09604702,0.16105555,0.07088761,0.07025834,0.07605956,0.07200449,0.08351069
syn-0448,2,0,4,4,5,0.11594352,0.058611013,0.070598274,0.08165525,0.08115075,0.1861059,0.080086194,0.06868798,0.07805619,0.06146778,0.062862776,0.05477436
syn-0453,2,0,4,1,1,0.07131599,0.20333295,0.05718336,0.09635877,0.06689824,0.06495748,0.12436605,0.05411878,0.068541944,0.07080636,0.07128723,0.05083285
syn-0454,2,0,4,11,11,0.062134076,0.0568151,0.0938085,0.08760282,0.068563096,0.08949442,0.086312875,0.08551725,0.09001832,0.06448548,0.07549739,0.13975067
syn-0457,2,0,4,9,9,0.079985045,0.06998461,0.05670629,0.101320125,0.073876895,0.06831598,0.067265354,0.072577156,0.055729467,0.18337823,0.085838325,0.085022524
syn-0459,2,0,4,5,5,0.09057511,0.09474924,0.07230859,0.078233965,0.09248561,0.10750387,0.07901504,0.0964273,0.07463524,0.08341872,0.069304496,0.061342817
syn-0468,2,0,4,6,6,0.055422314,0.05948793,0.060866322,0.08319906,0.070523046,0.060908616,0.28728315,0.051969297,0.06834895,0.06567859,0.067067966,0.06924474
syn-0484,2,0,4,3,3,0.08499969,0.06793341,0.06231125,0.13778271,0.07419326,0.13555285,0.07648853,0.081939235,0.07238028,0.06591698,0.07158504,0.06891675
syn-0489,2,0,4,11,11,0.056123625,0.079763584,0.10045204,0.084137216,0.070801795,0.093360566,0.08305623,0.07125011,0.08125914,0.07298321,0.06001245,0.14680004
