id,fold_seed,model_seed,fold,gold,pred,prob_0,prob_1,prob_2,prob_3,prob_4,prob_5,prob_6,prob_7,prob_8,prob_9,prob_10,prob_11
syn-0003,0,0,0,2,2,0.002304489,0.0009740345,0.96951944,0.008357948,0.0027119583,0.0025833058,0.0009786164,0.0069922553,0.00087515917,0.0015484809,0.001317721,0.0018365621
syn-0004,0,0,0,10,10,0.009244538,0.0030029495,0.004144691,0.0065837963,0.011621966,0.023451993,0.038159095,0.018833233,0.35302812,0.11539937,0.38984367,0.026686631
syn-0006,0,0,0,7,7,0.010062125,0.02516477,0.1376698,0.016822618,0.004969831,0.010796163,0.016698733,0.32066262,0.029187668,0.25004253,0.04379389,0.13412923
syn-0008,0,0,0,8,8,0.0086639775,0.005222075,0.0011936891,0.0016653907,0.02126226,0.0073334617,0.04218749,0.005866087,0.894922,0.004781792,0.0042626113,0.0026390834
syn-0011,0,0,0,10,10,0.010762771,0.022307854,0.016314229,0.018401362,0.021094332,0.060594924,0.017374523,0.025989253,0.03193316,0.24889089,0.46843943,0.05789718
syn-0015,0,0,0,6,6,0.039876983,0.1246731,0.009270629,0.031155435,0.07356037,0.14501771,0.32759133,0.018600198,0.11883148,0.023800248,0.06703764,0.02058478
syn-0016,0,0,0,9,9,0.008240839,0.044535697,0.00934949,0.009648532,0.023805536,0.020795414,0.0728269,0.015174224,0.12931882,0.42971,0.14670482,0.08988974
syn-0017,0,0,0,3,3,0.040613767,0.012780619,0.014361249,0.76177937,0.024167877,0.061381176,0.014976469,0.024858158,0.007553982,0.010777269,0.020463953,0.006286032
syn-0020,0,0,0,6,6,0.0075201965,0.009455121,0.01510351,0.019154958,0.018273396,0.06270289,0.6808532,0.026068186,0.044555157,0.028603368,0.061737683,0.025972413
syn-0034,0,0,0,0,0,0.7966978,0.014964103,0.009540785,0.0071750195,0.03195018,0.020473072,0.038751382,0.030062908,0.014328891,0.004656133,0.013378509,0.018021371
syn-0044,0,0,0,2,2,0.008855603,0.021665312,0.76974595,0.020573916,0.008518579,0.011535276,0.010157429,0.0883016,0.005525757,0.0059283366,0.026236057,0.022956315
syn-0049,0,0,0,8,8,0.044491485,0.080660954,0.022557128,0.018848881,0.046626884,0.0349634,0.05599142,0.023459569,0.5532467,0.071293905,0.028733443,0.019126303
syn-0052,0,0,0,4,4,0.15540795,0.05386454,0.010367174,0.015539376,0.45843467,0.1290963,0.022157898,0.048829783,0.017258486,0.03741087,0.036951218,0.014681756
syn-0053,0,0,0,10,10,0.002162226,0.011007892,0.011392795,0.023888178,0.0324259,0.016926872,0.020469476,0.010732871,0.0054482752,0.02439938,0.83216643,0.0089797
syn-0055,0,0,0,3,3,0.014747579,0.04997173,0.0130726425,0.79104245,0.039410498,0.024658563,0.033874642,0.0069043534,0.0028376407,0.010045091,0.009500586,0.003934169
syn-0063,0,0,0,1,1,0.012006973,0.7343427,0.013132093,0.022805188,0.08805992,0.045916606,0.015191034,0.011398642,0.009263081,0.0060670865,0.033216972,0.008599726
syn-0069,0,0,0,11,11,0.026566869,0.10504815,0.014275331,0.05716243,0.090955675,0.09533629,0.15659373,0.03517682,0.012990439,0.02384885,0.061062302,0.32098305
syn-0072,0,0,0,0,0,0.9884743,0.0011913062,0.00051841163,0.0002449044,0.0036633068,0.0008606752,0.0011029793,0.00056037016,0.001344253,0.000899427,0.000222118,0.00091792655
syn-0073,0,0,0,11,11,0.0049178605,0.039255884,0.0069250013,0.0029002596,0.0048520067,0.0041218204,0.01395417,0.015025291,0.008222509,0.012499261,0.039827146,0.84749883
syn-0077,0,0,0,2,2,0.00079869485,0.0011397764,0.9756414,0.005294112,0.002183986,0.0014129013,0.0025532637,0.006818964,0.00027650117,0.0003739063,0.0012843854,0.0022221033
syn-0081,0,0,0,10,10,0.014721048,0.031719834,0.013483128,0.16196859,0.07122435,0.044054884,0.079371326,0.010044797,0.048906766,0.018474339,0.4258024,0.0802285
syn-0084,0,0,0,5,5,0.0028830967,0.0076815705,0.0072242273,0.088625185,0.0151718,0.8236734,0.004225539,0.010059527,0.0034685964,0.004682179,0.023917798,0.008387074
syn-0090,0,0,0,5,5,0.1291508,0.033698443,0.0032684654,0.0033257068,0.06776452,0.46429282,0.027670482,0.04408466,0.19941267,0.0116067715,0.008119565,0.007605029
syn-0093,0,0,0,5,5,0.0035910767,0.013486607,0.0027542356,0.02721337,0.012752417,0.59423673,0.28351524,0.013999292,0.0038173003,0.0031045682,0.036255166,0.0052739843
syn-0098,0,0,0,10,10,0.008076879,0.016993213,0.0029219228,0.008367998,0.04187471,0.021331413,0.009421838,0.015665334,0.011308178,0.011761174,0.8355008,0.016776616
syn-0101,0,0,0,3,3,0.0084526,0.015395737,0.009071383,0.8555125,0.051177878,0.0138591165,0.015405431,0.01691818,0.001897051,0.0035930453,0.0040361746,0.004680935
syn-0109,0,0,0,3,3,0.026873346,0.0691493,0.023484126,0.40732804,0.0210227,0.041888732,0.045464024,0.028614787,0.0168829,0.21100466,0.07824269,0.030044768
syn-0120,0,0,0,3,3,0.021106595,0.034069367,0.015428838,0.6916883,0.028607719,0.006056128,0.036582,0.021618696,0.016293818,0.08384463,0.022352366,0.022351557
syn-0121,0,0,0,9,9,0.007975284,0.009800917,0.023699969,0.01772454,0.007812767,0.006920247,0.019390574,0.026664775,0.038468167,0.740407,0.060461104,0.040674664
syn-0139,0,0,0,1,1,0.008921616,0.81903636,0.0052449973,0.035499822,0.03111806,0.01356077,0.03810792,0.0082686255,0.008743784,0.002585993,0.020111471,0.00880055
syn-0148,0,0,0,7,7,0.026618008,0.055099934,0.03609962,0.022520617,0.034939278,0.14459331,0.030772803,0.406343,0.058997955,0.01457908,0.08584607,0.08359035
syn-0155,0,0,0,4,4,0.026840873,0.033542387,0.0043056053,0.007404527,0.6363461,0.050375737,0.05774874,0.03398019,0.11388029,0.0051220567,0.016004713,0.014448827
syn-0158,0,0,0,1,1,0.019934075,0.7608799,0.006056575,0.017471356,0.033205,0.008985925,0.081113,0.004472073,0.027587686,0.003943801,0.02452254,0.01182794
syn-0166,0,0,0,5,5,0.026944663,0.033046365,0.0054438813,0.016421307,0.0325903,0.7598405,0.02188108,0.042902134,0.0069888216,0.021787837,0.024625286,0.007527864
syn-0169,0,0,0,4,4,0.03616724,0.015945157,0.012869105,0.0647515,0.7573583,0.032081973,0.018003218,0.021583654,0.004180336,0.0111432485,0.01571473,0.010201574
syn-0173,0,0,0,8,8,0.030813802,0.04264126,0.009178244,0.007229392,0.022458447,0.035279278,0.17574708,0.020224134,0.59198534,0.028368058,0.020649048,0.015425895
syn-0175,0,0,0,11,10,0.009328496,0.084697075,0.020648664,0.035178144,0.024685608,0.02833387,0.0347049,0.024602957,0.009748646,0.06199875,0.3932776,0.2727953
syn-0196,0,0,0,4,4,0.16048673,0.0037604969,0.0011150109,0.0017169062,0.75483173,0.006557634,0.03859519,0.0051732017,0.016600398,0.0014873726,0.0027864205,0.00688893
syn-0223,0,0,0,6,6,0.008600153,0.020020818,0.012109769,0.042674683,0.038493093,0.028377632,0.6056778,0.026720138,0.08371108,0.05497594,0.04144209,0.037196785
syn-0230,0,0,0,9,9,0.028111268,0.031655233,0.0096881455,0.004819554,0.014143007,0.012669455,0.0030604952,0.040720463,0.053564485,0.77019554,0.018985406,0.012386942
syn-0233,0,0,0,8,8,0.008219216,0.014881828,0.0009695194,0.003177449,0.016986951,0.0056383596,0.04303724,0.0048600505,0.86914986,0.017921345,0.010979028,0.004179154
syn-0241,0,0,0,1,1,0.038790923,0.43784904,0.014942791,0.2145372,0.10527129,0.032655224,0.08915845,0.006281628,0.01654269,0.0095103,0.018517284,0.015943214
syn-0246,0,0,0,8,8,0.050420232,0.18021946,0.0048042648,0.007042758,0.010432458,0.015109874,0.042587385,0.03710396,0.5707198,0.03576243,0.023039049,0.022758342
syn-0248,0,0,0,6,10,0.0060410323,0.038511995,0.0103159025,0.020270105,0.07345254,0.0854789,0.2814961,0.02851043,0.0065455763,0.009233944,0.4268533,0.013290139
syn-0249,0,0,0,8,8,0.034000162,0.02117322,0.010551596,0.007885907,0.030191073,0.12203725,0.0064068977,0.04217509,0.53339595,0.0638426,0.10543776,0.022902459
syn-0252,0,0,0,8,8,0.009540736,0.03087358,0.0011300056,0.0028262294,0.012932619,0.0060792356,0.07747261,0.0046208464,0.82093245,0.012745644,0.014570433,0.0062756035
syn-0254,0,0,0,7,7,0.024019223,0.021687351,0.06802049,0.015961967,0.025681317,0.027965553,0.09233575,0.33856392,0.05892787,0.041338522,0.067438036,0.21805999
syn-0270,0,0,0,10,10,0.031402737,0.06209229,0.018446304,0.07374391,0.03113341,0.041787755,0.08053366,0.045572303,0.005783467,0.050977264,0.52937275,0.02915424
syn-0273,0,0,0,0,0,0.69490004,0.03407396,0.028735701,0.060085785,0.043160405,0.051143907,0.008634703,0.021247175,0.0034452477,0.016065473,0.025007099,0.01350043
syn-0274,0,0,0,9,9,0.008194357,0.0057963817,0.021743448,0.016393494,0.01229531,0.009249139,0.007512802,0.027054086,0.046491586,0.6179037,0.15592083,0.071444854
syn-0275,0,0,0,0,0,0.8465578,0.008078847,0.0025486287,0.008539687,0.031710748,0.007887231,0.025605382,0.014383517,0.01768342,0.008040408,0.017604627,0.011359642
syn-0276,0,0,0,6,6,0.022990806,0.04183147,0.023892522,0.015601726,0.11114995,0.028656838,0.40644896,0.040877342,0.009721982,0.035804953,0.16259287,0.10043056
syn-0284,0,0,0,0,0,0.51345617,0.036473792,0.0108924685,0.0117918365,0.03454511,0.09018188,0.009507779,0.022170367,0.11605852,0.060156193,0.066202,0.028563865
syn-0296,0,0,0,3,3,0.027463134,0.023337988,0.018554889,0.6582299,0.09331333,0.100077786,0.00700522,0.027637247,0.0023798095,0.02680886,0.010049986,0.0051419036
syn-0302,0,0,0,10,10,0.0034846922,0.013394841,0.008047154,0.003126143,0.017910916,0.008441839,0.01666034,0.015154276,0.009896013,0.015581351,0.8785096,0.009792821
syn-0304,0,0,0,1,1,0.0120311035,0.7454079,0.0035738053,0.013875865,0.0467831,0.029145231,0.0852951,0.006885052,0.0126041975,0.0036570246,0.026975434,0.013766132
syn-0311,0,0,0,9,3,0.026647918,0.04175187,0.030531133,0.3190569,0.031182516,0.02192999,0.050349966,0.027902827,0.010967025,0.27529013,0.072939694,0.09144999
syn-0316,0,0,0,0,0,0.48680803,0.011837216,0.011414029,0.03459797,0.09523459,0.12463509,0.010555266,0.016833963,0.024802655,0.045416556,0.1168937,0.0209709
syn-0318,0,0,0,11,11,0.017032938,0.018388515,0.028036067,0.08029743,0.027001724,0.007512747,0.08009114,0.007941408,0.0050197057,0.10751854,0.17433275,0.44682696
syn-0328,0,0,0,10,10,0.0040927976,0.0127085,0.0044607716,0.010627726,0.011615617,0.018563166,0.010085253,0.0038722304,0.011899355,0.0134264175,0.8852955,0.0133527
syn-0332,0,0,0,6,6,0.010740806,0.050073266,0.02824236,0.16139999,0.07068407,0.020774169,0.4474822,0.01153764,0.020294603,0.04336236,0.123045355,0.012363199
syn-0345,0,0,0,7,7,0.030572722,0.009425079,0.012927298,0.004885185,0.024782786,0.06687395,0.016397055,0.777604,0.014754733,0.021386813,0.008237758,0.012152559
syn-0354,0,0,0,8,8,0.07511108,0.013248779,0.0021717607,0.0050119027,0.028201336,0.019567894,0.024200542,0.004096297,0.80285025,0.016137676,0.002924804,0.0064776777
syn-0356,0,0,0,8,8,0.01223296,0.023462389,0.0015581747,0.0009242874,0.017841646,0.0022693232,0.008910892,0.0017619671,0.90149033,0.005101273,0.0152195925,0.009227286
syn-0357,0,0,0,3,3,0.026605748,0.078821756,0.040624633,0.6887564,0.038377393,0.016492995,0.009319202,0.014324368,0.0020509732,0.022624828,0.046380196,0.015621427
syn-0371,0,0,0,6,6,0.010922767,0.121190175,0.02272532,0.02462868,0.013531946,0.0059611495,0.5114292,0.006588466,0.027786572,0.014257117,0.21154891,0.029429728
syn-0372,0,0,0,1,1,0.038023442,0.56893665,0.009616369,0.21209957,0.024271589,0.02689982,0.024641939,0.0055433596,0.0067956885,0.009881008,0.048856273,0.024434365
syn-0380,0,0,0,4,4,0.025012562,0.012650413,0.0033891248,0.008678004,0.6111518,0.28177896,0.0035518466,0.019181961,0.007956431,0.0062489533,0.007985431,0.012414513
syn-0382,0,0,0,0,0,0.89908653,0.009420625,0.0034589001,0.010709953,0.041548837,0.0047617927,0.0025087092,0.0027053226,0.0046868683,0.0114743775,0.0054562083,0.0041817925
syn-0383,0,0,0,2,2,0.0009886932,0.00075092824,0.97023576,0.0042937947,0.0022903078,0.0021594334,0.0013913367,0.013178164,0.0005912947,0.0008154627,0.0015699752,0.0017348813
syn-0419,0,0,0,1,1,0.0083985785,0.62700045,0.026274629,0.11982717,0.0203229,0.010914807,0.010856359,0.0065616905,0.0072623887,0.010202429,0.14011498,0.012263622
syn-0421,0,0,0,10,10,0.007266242,0.03497033,0.0063556717,0.01785101,0.014379042,0.014155552,0.08723851,0.0070497086,0.04272671,0.1623335,0.5366267,0.06904703
syn-0425,0,0,0,5,5,0.043565173,0.05947185,0.0037134974,0.076509595,0.032712314,0.4176709,0.03518382,0.01245124,0.12704301,0.018143397,0.08796775,0.08556732
syn-0448,0,0,0,4,5,0.0059312438,0.0062132264,0.002533198,0.009963414,0.041606262,0.88258505,0.0067037893,0.011773721,0.012140649,0.0052491957,0.010395471,0.004904938
syn-0452,0,0,0,10,10,0.0022084604,0.008573025,0.005231068,0.0035350965,0.011676872,0.012631009,0.24319166,0.0046236934,0.13431118,0.03637928,0.5181275,0.019511199
syn-0454,0,0,0,11,11,0.009798417,0.016225776,0.016472546,0.019932937,0.023501007,0.040535882,0.027033685,0.053772375,0.01573079,0.019648084,0.06538337,0.6919651
syn-0455,0,0,0,2,2,0.032128338,0.030696394,0.2271939,0.14824347,0.07210876,0.010886782,0.15903416,0.15659885,0.027211409,0.07460183,0.023945725,0.037350364
syn-0457,0,0,0,9,9,0.008628386,0.02113494,0.0049138055,0.009322364,0.0033975753,0.0049312953,0.0033388776,0.006479664,0.004971152,0.8579696,0.055863228,0.019049134
syn-0459,0,0,0,5,4,0.13525547,0.113787524,0.012349204,0.004308007,0.2633962,0.1613843,0.029251268,0.025143804,0.23243226,0.0036740084,0.009646353,0.009371543
syn-0480,0,0,0,1,1,0.02730342,0.52129906,0.013848017,0.1712988,0.05182751,0.051867954,0.031975914,0.028412066,0.0058683823,0.04471766,0.013587229,0.037994005
syn-0487,0,0,0,6,6,0.018951837,0.043634765,0.0044403663,0.0059484662,0.05816407,0.031814586,0.37704206,0.033621874,0.37288082,0.005178687,0.037076782,0.011245682
syn-0489,0,0,0,11,11,0.015032378,0.061719887,0.008950714,0.03059056,0.04194032,0.053827137,0.0494931,0.0155378,0.023429846,0.024011219,0.1465987,0.5288683
syn-0495,0,0,0,2,2,0.007547779,0.0071768714,0.776147,0.04785627,0.031788323,0.077706665,0.0015797223,0.0223295,0.002156484,0.006936289,0.0082872035,0.010487878
syn-0496,0,0,0,8,8,0.01007225,0.021257682,0.001998495,0.0013089002,0.0093393605,0.0052417456,0.11000961,0.0016508283,0.81215954,0.0098573025,0.009659618,0.007444646
syn-0497,0,0,0,5,5,0.02091838,0.04382724,0.0133263795,0.014979151,0.023746021,0.44248843,0.09769806,0.11180334,0.13855009,0.038546782,0.031267103,0.02284904
syn-0498,0,0,0,7,7,0.008444909,0.01262002,0.023095101,0.011336299,0.011469774,0.04722681,0.023883805,0.79353887,0.03088853,0.005520936,0.005757832,0.026217012
syn-0013,0,0,1,6,6,0.0063098925,0.02114286,0.0028088465,0.0012601739,0.003536514,0.013607413,0.8211851,0.021393338,0.027214766,0.006468231,0.04481332,0.030259524
syn-0018,0,0,1,3,6,0.0012645497,0.006929733,0.0017496003,0.048831336,0.019711282,0.0028765514,0.91014165,0.00081152027,0.00094464596,0.0030304955,0.00135785,0.002350665
syn-0031,0,0,1,0,0,0.933762,0.012712848,0.0019867178,0.0005320043,0.034762777,0.0006304318,0.0031124135,0.004973353,0.0019077803,0.0020051005,0.00040994567,0.0032046426
syn-0032,0,0,1,4,4,0.02188629,0.022615192,0.0054746335,0.03467276,0.8041782,0.011873076,0.045898434,0.013017955,0.018322017,0.013559317,0.0022146706,0.00628753
syn-0037,0,0,1,8,8,0.0050017256,0.029266631,0.000702752,0.002797885,0.049332287,0.042983927,0.07626504,0.002255307,0.77332366,0.010363713,0.0048054266,0.0029016968
syn-0041,0,0,1,10,9,0.008412072,0.006503565,0.0019913379,0.031467695,0.008771673,0.0036541843,0.010071358,0.0040161023,0.046456557,0.6628273,0.18469834,0.03112975
syn-0042,0,0,1,9,9,0.0021126627,0.0007227959,0.0057755057,0.0032449397,0.0019608338,0.00065322,0.0026014582,0.015892893,0.006035161,0.86067796,0.031336322,0.06898618
syn-0045,0,0,1,9,9,0.010198554,0.013636408,0.0020281943,0.10585157,0.005028039,0.0022134841,0.01545889,0.0024616972,0.0060915537,0.6846006,0.14424868,0.008182339
syn-0046,0,0,1,8,8,0.018109607,0.007656075,0.0022696892,0.00085171073,0.006195926,0.026232839,0.0034448132,0.03755787,0.83887786,0.040185504,0.011405223,0.0072129816
syn-0057,0,0,1,8,8,0.020748103,0.053917874,0.00688383,0.004599982,0.0069157174,0.055230927,0.030949442,0.037016474,0.5343996,0.04749735,0.15561353,0.046227142
syn-0059,0,0,1,3,3,0.008071656,0.0017470914,0.0047148536,0.9135263,0.017023195,0.040260702,0.0021181654,0.002020881,0.0007795424,0.006786006,0.0022643525,0.0006873066
syn-0070,0,0,1,2,2,0.00083031965,0.00066603284,0.9777989,0.0028302195,0.0019315823,0.001191884,0.00042916584,0.010508003,0.00021102393,0.0007204883,0.0010679248,0.0018145244
syn-0071,0,0,1,6,6,0.0008554505,0.0034316762,0.00088325376,0.004678586,0.0072694332,0.0038579602,0.96275735,0.00050553377,0.0002858533,0.0009805118,0.012887625,0.0016068068
syn-0076,0,0,1,5,5,0.06357055,0.08442377,0.020125384,0.05500606,0.04365069,0.6128279,0.03906461,0.009375845,0.009100559,0.025173508,0.032893177,0.0047879303
syn-0079,0,0,1,1,1,0.005898033,0.5299629,0.0046860403,0.029098243,0.019906482,0.10539816,0.17507797,0.007796371,0.059892375,0.003599315,0.024488192,0.034195893
syn-0086,0,0,1,10,10,0.00016645853,0.001697121,0.0006843272,0.00087374164,0.001740351,0.002844073,0.005734145,0.0034073966,0.00018853805,0.00073741155,0.97708124,0.004845215
syn-0087,0,0,1,5,8,0.011095159,0.0047547873,0.0041529224,0.0074545047,0.029074313,0.36119768,0.07762086,0.036137305,0.3883079,0.014957092,0.058243427,0.0070040277
syn-0091,0,0,1,4,4,0.0019126589,0.002522528,0.00030470703,0.003582622,0.9750602,0.0042202855,0.0033046738,0.0019352736,0.0012444127,0.001812321,0.0029477293,0.0011525378
syn-0111,0,0,1,3,3,0.0043808594,0.0069643357,0.006388138,0.9700375,0.0029411432,0.0020717403,0.004634209,0.00079770276,0.00014366923,0.0005839119,0.0007823566,0.00027431146
syn-0118,0,0,1,5,5,0.023651797,0.020242993,0.002004717,0.023495546,0.01678749,0.85217005,0.020282565,0.008556672,0.002681904,0.002319315,0.02102229,0.006784678
syn-0128,0,0,1,2,2,0.0011355806,0.000910336,0.98348457,0.0035314795,0.002193531,0.001186393,0.0014273218,0.0024494878,0.00053097756,0.00044900764,0.0019615102,0.00073971046
syn-0130,0,0,1,6,8,0.0130110495,0.07475429,0.004120178,0.003824363,0.03579395,0.14924118,0.27583656,0.061374363,0.32443723,0.005177587,0.03841269,0.014016543
syn-0133,0,0,1,2,2,0.0011256628,0.007847496,0.8833399,0.013941288,0.0025546306,0.00248395,0.004707162,0.06733255,0.0013620688,0.0014580814,0.0103826,0.0034646445
syn-0134,0,0,1,5,5,0.010848736,0.0023637665,0.010308063,0.013437218,0.006112036,0.76646614,0.037763428,0.017270315,0.09225812,0.027577424,0.011928763,0.0036660032
syn-0146,0,0,1,10,10,0.0024378013,0.0013890531,0.007863779,0.011557661,0.011661064,0.0012263857,0.014276327,0.0026426965,0.00046161626,0.016961418,0.92209584,0.007426395
syn-0147,0,0,1,0,0,0.9188379,0.007763741,0.0056007872,0.008784987,0.012480484,0.004045893,0.002460094,0.004089788,0.0048154425,0.02173047,0.0013831254,0.00800728
syn-0151,0,0,1,10,11,0.007074225,0.01757134,0.009947113,0.011684835,0.012612907,0.005212763,0.07756121,0.05666263,0.016526267,0.06544799,0.3235788,0.3961199
syn-0167,0,0,1,0,0,0.97146994,0.0054374137,0.00042307723,0.00029829922,0.008975952,0.0016705764,0.0020574061,0.00083809614,0.006878748,0.00066252885,0.0002897608,0.0009980934
syn-0181,0,0,1,10,10,0.0062361313,0.08524484,0.006036883,0.012783004,0.04011083,0.019917177,0.23865712,0.0062033474,0.102643214,0.038092144,0.41462138,0.02945395
syn-0187,0,0,1,3,3,0.0037594095,0.0011819296,0.005928624,0.9108672,0.054223027,0.012505889,0.0011876158,0.0013982127,0.00058709667,0.0034579097,0.003908221,0.0009947901
syn-0191,0,0,1,4,4,0.014616298,0.01667895,0.009102403,0.15769073,0.48637152,0.009658897,0.06694392,0.007406737,0.0043298644,0.04242587,0.1701833,0.01459152
syn-0202,0,0,1,10,10,0.004896444,0.009425608,0.0064956793,0.009360064,0.027205067,0.0032189817,0.021448882,0.0066772513,0.12412083,0.099704154,0.59676874,0.0906783
syn-0213,0,0,1,0,0,0.6642125,0.016603637,0.0019159927,0.0015982746,0.25486445,0.0058407285,0.017919492,0.0038529441,0.026483279,0.0019184372,0.0011771213,0.0036131619
syn-0222,0,0,1,8,8,0.005678649,0.004821386,0.00066109444,0.0006865202,0.0061134896,0.00416624,0.00820897,0.008995649,0.93940103,0.01169502,0.006991089,0.002580813
syn-0232,0,0,1,8,8,0.0040751165,0.006805175,0.00024300268,0.001125715,0.0014703474,0.0037130073,0.0059575285,0.0025691302,0.9532237,0.019972382,0.0002993657,0.00054559927
syn-0236,0,0,1,11,11,0.01641629,0.049613837,0.01909972,0.018360287,0.036245238,0.0057199053,0.0379879,0.0073886653,0.11831032,0.10546804,0.111681595,0.47370827
syn-0237,0,0,1,4,4,0.02716687,0.0019138963,0.0012116418,0.0009901267,0.94325835,0.003922273,0.0006223009,0.0017039162,0.00073967426,0.012909582,0.0040005925,0.0015606033
syn-0264,0,0,1,0,0,0.96442485,0.0012034501,0.00025608862,0.00023336553,0.01294006,0.0047712447,0.0013656867,0.004134835,0.007421068,0.000702004,0.0007773712,0.0017699713
syn-0267,0,0,1,4,4,0.18300934,0.019093564,0.0025803226,0.0052470476,0.7189326,0.030703753,0.014356083,0.0066725784,0.0030520284,0.0009901958,0.0025570102,0.012805461
syn-0268,0,0,1,6,6,0.00030532017,0.0011990508,0.00029487847,0.00019960466,0.0035907861,0.00133511,0.9878605,0.0003357702,0.00055653485,0.00019977338,0.001629697,0.0024929666
syn-0271,0,0,1,2,2,0.00612728,0.0043118345,0.60064536,0.10576618,0.0022171284,0.0020155723,0.016827302,0.055253386,0.0030010836,0.13369621,0.054984808,0.015153796
syn-0272,0,0,1,3,3,0.083361395,0.24067798,0.029303258,0.30672488,0.11403506,0.010509576,0.062319662,0.05082304,0.006765521,0.031787112,0.02052071,0.043171823
syn-0279,0,0,1,0,0,0.96067804,0.0046617608,0.0013134049,0.00075144786,0.008916596,0.0013464645,0.0018714687,0.0031607975,0.013263148,0.0015904162,0.0006273961,0.0018193383
syn-0281,0,0,1,10,5,0.04933716,0.17425483,0.0077317334,0.043070722,0.022309879,0.2759083,0.03437144,0.005242202,0.07176787,0.032499492,0.2619569,0.02154949
syn-0283,0,0,1,7,7,0.0016134159,0.00040922512,0.04274519,0.0028939964,0.0013188929,0.037821893,0.002753068,0.900523,0.0016397833,0.0008777304,0.0061909333,0.001212899
syn-0294,0,0,1,1,1,0.00029825102,0.9806111,0.0004748516,0.002087278,0.0042725396,0.0053483765,0.0041559655,0.0006133722,0.0003870846,0.00041915683,0.0001801117,0.0011518577
syn-0295,0,0,1,10,10,0.0055277417,0.01830199,0.00669478,0.020604394,0.004228474,0.0071793725,0.049572475,0.0027185464,0.0026866503,0.015589827,0.8218034,0.045092344
syn-0297,0,0,1,11,11,0.00028031127,0.003913991,0.000657156,0.00050829607,0.0005925202,0.00041124437,0.0032269263,0.0015638953,0.0011397084,0.0007325395,0.0022004351,0.9847729
syn-0298,0,0,1,7,7,0.006740777,0.0020778417,0.0032221538,0.0019136545,0.005653155,0.10871321,0.0071786284,0.85269094,0.006875052,0.0006625723,0.0010880313,0.0031840554
syn-0308,0,0,1,3,3,0.0112292925,0.007959666,0.015295704,0.8514161,0.025615357,0.011155753,0.039870717,0.0029032624,0.0020442582,0.015138704,0.007932151,0.009438943
syn-0313,0,0,1,11,11,0.01932417,0.06705817,0.01169051,0.003645981,0.011643279,0.08848049,0.04565256,0.14533582,0.03240559,0.027800387,0.08293648,0.46402654
syn-0314,0,0,1,8,8,0.0028277233,0.010993334,0.00046874682,0.0006891952,0.012198507,0.0021674559,0.021407824,0.0006922395,0.9356323,0.004174241,0.005803141,0.0029453838
syn-0325,0,0,1,4,3,0.007351569,0.019626345,0.006341657,0.6390588,0.18368141,0.06536719,0.016931653,0.024391288,0.0034972578,0.022950334,0.008269353,0.0025330149
syn-0336,0,0,1,0,0,0.9234387,0.017956313,0.0023705654,0.0011741224,0.00851194,0.0291729,0.0036425886,0.0033163945,0.0062274453,0.0021183037,0.00063698186,0.0014337192
syn-0343,0,0,1,8,8,0.006425272,0.008126494,0.004968531,0.0007772174,0.023577034,0.009938038,0.011163694,0.064075015,0.77663326,0.07150509,0.0061037876,0.016706508
syn-0346,0,0,1,6,6,0.003782995,0.007277054,0.012191253,0.01134694,0.017889779,0.0025502495,0.8759782,0.009615871,0.0040978463,0.012691014,0.029706808,0.012871998
syn-0348,0,0,1,9,9,0.010809227,0.016163388,0.004901659,0.01851182,0.01509441,0.0075773546,0.010828329,0.02527041,0.022661023,0.82346183,0.028613662,0.016106997
syn-0358,0,0,1,2,2,0.00080836803,0.0011800003,0.96328205,0.0015084354,0.0010951796,0.0009430019,0.0009650529,0.024791012,0.0008039144,0.0014873057,0.0013698592,0.0017658747
syn-0366,0,0,1,9,9,0.016179627,0.0065436363,0.005391793,0.011755804,0.010034192,0.0146835195,0.014768258,0.0030074355,0.0014886734,0.8588902,0.024762364,0.032494448
syn-0369,0,0,1,6,6,0.0011590925,0.07701665,0.00066229695,0.00355016,0.020331658,0.053816766,0.81729794,0.010054877,0.0034802535,0.003997853,0.0075027193,0.0011296041
syn-0370,0,0,1,9,9,0.022045933,0.00601401,0.010572084,0.015734242,0.004369104,0.011134853,0.00844794,0.014377298,0.013693556,0.62735,0.09673299,0.16952801
syn-0373,0,0,1,11,11,0.0003738984,0.001744211,0.00093138695,0.0028101923,0.0012915916,0.0005444591,0.0020210743,0.0020182882,0.00083098956,0.02219046,0.0069267596,0.9583167
syn-0374,0,0,1,8,8,0.026080454,0.015718756,0.0011164204,0.016191773,0.02541153,0.017077796,0.0825831,0.0017133725,0.7848683,0.009075983,0.012774502,0.0073880283
syn-0381,0,0,1,8,8,0.0026235506,0.002397381,0.0003559522,0.00023840909,0.0058989376,0.010601489,0.007303794,0.004446776,0.9218889,0.012926377,0.027667653,0.0036507477
syn-0396,0,0,1,3,3,0.0018276619,0.0029212874,0.012216789,0.9543571,0.0037831105,0.008925825,0.006034156,0.007147732,0.00010064543,0.00041607668,0.0009582636,0.0013114391
syn-0397,0,0,1,1,1,0.0042819395,0.85572296,0.007061718,0.016913902,0.008978318,0.0007727407,0.04790585,0.0033649723,0.0028058782,0.003901532,0.036439136,0.01185095
syn-0401,0,0,1,11,11,0.016348813,0.20127222,0.030520841,0.010976151,0.008131161,0.017147738,0.014781967,0.014647827,0.0050281296,0.073673755,0.04259329,0.5648781
syn-0406,0,0,1,4,4,0.041138995,0.0014661006,0.0022724674,0.01683528,0.79744685,0.0010819025,0.0042139934,0.0022954377,0.00013216087,0.022305755,0.107581735,0.0032293021
syn-0415,0,0,1,1,1,0.0248745,0.38799918,0.00533063,0.029707152,0.018746594,0.040701013,0.011567411,0.017510103,0.19027156,0.082666576,0.02140926,0.16921599
syn-0416,0,0,1,2,2,0.00041759555,0.0003751413,0.99264777,0.0021264767,0.00046853663,0.0007356175,0.00033166955,0.0013740346,0.000360839,0.00019234113,0.0005880985,0.00038210367
syn-0426,0,0,1,10,10,0.0033834034,0.0025732615,0.008299919,0.002783304,0.0038935044,0.018792266,0.026008647,0.015552482,0.0263275,0.0367099,0.6340604,0.22161548
syn-0427,0,0,1,5,5,0.044212744,0.03414851,0.010849467,0.06850828,0.2629585,0.4073543,0.06522351,0.02257675,0.016227735,0.023968281,0.026531523,0.017440412
syn-0439,0,0,1,6,6,0.007774428,0.0039220867,0.001253976,0.00047469654,0.0054468163,0.0029168623,0.78787255,0.005812189,0.17891075,0.0021823165,0.0009172027,0.0025162315
syn-0443,0,0,1,7,7,0.0026482057,0.0021790029,0.012430306,0.00475546,0.0068074525,0.025581965,0.007020146,0.9111786,0.009298104,0.012890555,0.0033836411,0.0018264824
syn-0444,0,0,1,5,5,0.0008925387,0.009166804,0.0005976698,0.0042075007,0.019919842,0.7814925,0.17226237,0.0023486542,0.0016217859,0.00049182435,0.003428174,0.0035705052
syn-0449,0,0,1,11,11,0.0016920045,0.0014042736,0.007249109,0.08720509,0.016792215,0.0017739852,0.0314544,0.015209319,0.0011979665,0.016683595,0.0255143,0.7938238
syn-0453,0,0,1,1,1,0.015346823,0.47448516,0.010750411,0.06163168,0.021232987,0.01002811,0.10181426,0.0037995914,0.0069400836,0.050835352,0.22166488,0.021470748
syn-0456,0,0,1,11,11,0.00552437,0.0062110266,0.006044605,0.10004446,0.020828262,0.019108105,0.011144841,0.008034597,0.0016332631,0.0044755824,0.01683195,0.800119
syn-0460,0,0,1,8,8,0.029473308,0.025980467,0.023856908,0.015328011,0.045012265,0.0021873366,0.14021628,0.0073925112,0.61668515,0.015902549,0.01929553,0.0586697
syn-0465,0,0,1,7,7,0.015245378,0.003636161,0.13448426,0.058373194,0.03157677,0.01113712,0.025634933,0.67066866,0.00204624,0.0071196146,0.01195924,0.028118435
syn-0471,0,0,1,5,5,0.004550867,0.043778695,0.01103993,0.016683936,0.008336413,0.69435865,0.0040085455,0.053028464,0.002623764,0.031705678,0.0057215057,0.124163546
syn-0481,0,0,1,9,9,0.00203928,0.00092450745,0.0035556178,0.0070682513,0.001718187,0.0003857502,0.012880112,0.005076075,0.012596543,0.9176914,0.017190846,0.018873474
syn-0482,0,0,1,1,3,0.019684345,0.2972059,0.006558984,0.4569195,0.020867093,0.0095735295,0.13612098,0.0032543947,0.0026293134,0.008290626,0.033868965,0.005026362
syn-0486,0,0,1,1,1,0.017243465,0.4556702,0.010419791,0.008285382,0.03804289,0.0022219454,0.21164161,0.009270988,0.07241245,0.13838825,0.020205015,0.016197903
syn-0490,0,0,1,7,7,0.0038057463,0.00188296,0.013571374,0.00041892906,0.0054401946,0.08257652,0.011982767,0.8695422,0.0041038594,0.0010404531,0.0038611926,0.0017737822
syn-0009,0,0,2,8,8,0.018246258,0.034937933,0.002307701,0.005225536,0.046589576,0.019620726,0.06928083,0.014083388,0.72600746,0.011382776,0.040259477,0.012058211
syn-0010,0,0,2,9,9,0.011951341,0.005792183,0.001429951,0.0066944794,0.003556191,0.005549127,0.0033439484,0.0037347795,0.040226594,0.88510597,0.020949883,0.011665496
syn-0022,0,0,2,10,1,0.03167316,0.24233796,0.032011483,0.05635648,0.038409483,0.03531665,0.04680696,0.043362677,0.042223442,0.1047946,0.19482893,0.13187823
syn-0026,0,0,2,10,10,0.0021388312,0.011339321,0.0042551947,0.006909376,0.018402638,0.0065615093,0.1207648,0.010339989,0.009397723,0.006812608,0.780028,0.023050088
syn-0038,0,0,2,5,5,0.0128729,0.016309865,0.0044909636,0.096782,0.106101796,0.68568295,0.009520362,0.02679439,0.0056850747,0.006091728,0.011493512,0.018174442
syn-0039,0,0,2,1,1,0.024107186,0.61807126,0.010790802,0.013891445,0.07855363,0.1580905,0.044976186,0.016725816,0.006747805,0.0018893066,0.013959619,0.012196543
syn-0048,0,0,2,11,11,0.0054744924,0.008613802,0.0034230505,0.0038547758,0.033172894,0.016570516,0.014711215,0.008685078,0.01106962,0.024405558,0.020647267,0.8493717
syn-0050,0,0,2,4,4,0.022953982,0.06492384,0.028234938,0.22415267,0.4998414,0.021457087,0.05303907,0.028356992,0.008578285,0.014672826,0.019024862,0.014764148
syn-0085,0,0,2,3,1,0.016300304,0.65752405,0.009877178,0.16088398,0.018801514,0.01899324,0.05257518,0.0018621461,0.0036001832,0.009472306,0.03191951,0.01819044
syn-0094,0,0,2,1,1,0.0071293707,0.6165266,0.030779859,0.07390523,0.009496232,0.004673815,0.027020898,0.028256483,0.010214062,0.014887161,0.039845817,0.1372645
syn-0097,0,0,2,10,10,0.0097622145,0.019553035,0.0051286384,0.010812394,0.0060303845,0.0141290035,0.034662675,0.002454541,0.010837537,0.014373207,0.8476227,0.024633667
syn-0103,0,0,2,11,11,0.008942495,0.045319896,0.01784812,0.0064631645,0.011701356,0.008326619,0.022509448,0.0558978,0.0042599263,0.08785043,0.057776198,0.6731045
syn-0114,0,0,2,4,3,0.017673908,0.086379714,0.016326787,0.45990714,0.16910009,0.025616173,0.044027664,0.012949202,0.005378672,0.06679413,0.051381227,0.04446523
syn-0129,0,0,2,11,11,0.006328591,0.010430883,0.0092980405,0.05012774,0.021531187,0.013524652,0.012738023,0.0069923727,0.004444,0.07213609,0.04234996,0.75009847
syn-0137,0,0,2,8,8,0.006545344,0.016018964,0.0015803308,0.0021689376,0.010932039,0.012019417,0.04486384,0.0076928553,0.8212771,0.03147398,0.038835924,0.0065913093
syn-0140,0,0,2,11,11,0.002544763,0.0026609693,0.0033996347,0.009497344,0.0058524525,0.0073226187,0.004186131,0.011866422,0.0061856178,0.08334072,0.019917436,0.84322596
syn-0141,0,0,2,2,2,0.0040237997,0.0031002362,0.9408831,0.015425765,0.006055354,0.0033704408,0.0065293442,0.005282594,0.0027843327,0.0024224755,0.0068677757,0.0032547335
syn-0143,0,0,2,1,1,0.08131928,0.43838465,0.0036848856,0.016436102,0.008409358,0.012455446,0.030507056,0.017783869,0.30376333,0.026696721,0.021354575,0.03920479
syn-0144,0,0,2,9,9,0.0028423555,0.005774315,0.00594703,0.02159014,0.008203157,0.00249465,0.004916593,0.010013535,0.008967792,0.8801543,0.018463794,0.030632403
syn-0153,0,0,2,4,4,0.15600066,0.037430793,0.0048808614,0.021827623,0.554565,0.15049794,0.019514518,0.007183342,0.00475617,0.005168451,0.020754853,0.017419768
syn-0154,0,0,2,1,1,0.007286279,0.8001527,0.0046321363,0.011772267,0.016651036,0.06958933,0.03794718,0.012959062,0.011692474,0.0025482073,0.011316497,0.013452789
syn-0160,0,0,2,5,5,0.035670657,0.107127,0.0050516115,0.10383956,0.008486034,0.6036191,0.01007689,0.04026896,0.011546135,0.006745001,0.050347082,0.017221937
syn-0163,0,0,2,4,4,0.019483466,0.012891498,0.010001206,0.0032384798,0.79130614,0.019800233,0.011125609,0.022230221,0.06990652,0.008900755,0.0088027185,0.022313079
syn-0164,0,0,2,8,8,0.01616785,0.016834142,0.0041393065,0.004724102,0.028268695,0.058018643,0.06777991,0.022418888,0.56192976,0.07786825,0.096345715,0.04550472
syn-0165,0,0,2,8,8,0.012936569,0.08876246,0.005601068,0.003802422,0.031185048,0.01773617,0.10850483,0.0034258505,0.6100003,0.026645143,0.07300765,0.018392468
syn-0171,0,0,2,6,6,0.01411506,0.05346745,0.0029787347,0.010235108,0.027037576,0.015067383,0.41668192,0.015091092,0.4165391,0.013316083,0.0074285474,0.0080419285
syn-0172,0,0,2,10,10,0.008561748,0.029201888,0.0048817066,0.02010177,0.0106557915,0.027778855,0.045927975,0.00677404,0.009478645,0.018569564,0.78173554,0.036332525
syn-0178,0,0,2,9,9,0.022396585,0.014875723,0.012579419,0.023781745,0.023604596,0.025738169,0.0639116,0.008899039,0.096778125,0.5053373,0.083629794,0.11846792
syn-0179,0,0,2,1,1,0.00840171,0.67561483,0.0065926127,0.003956373,0.01565731,0.010588591,0.076319255,0.008545439,0.08117898,0.027331758,0.02866915,0.057143908
syn-0183,0,0,2,4,4,0.033476003,0.006905186,0.0016673349,0.008515573,0.78366697,0.13914321,0.0029822723,0.010691836,0.0022648284,0.0016222646,0.0035086193,0.005555989
syn-0186,0,0,2,3,3,0.019501703,0.039334025,0.017137427,0.85818857,0.01735298,0.0081172995,0.006932036,0.0043294397,0.0013525222,0.009849746,0.0063601267,0.011544038
syn-0188,0,0,2,10,10,0.007728062,0.031192742,0.004195534,0.010449817,0.016639838,0.012585697,0.025010929,0.006890003,0.009022823,0.0137121845,0.7943046,0.06826775
syn-0193,0,0,2,11,11,0.0059407013,0.05003705,0.011196588,0.0074519636,0.016389621,0.018555269,0.024122855,0.06638795,0.039049327,0.03229587,0.03668862,0.69188416
syn-0197,0,0,2,11,11,0.03539116,0.019764045,0.015631806,0.053928744,0.03602774,0.05466589,0.016694656,0.011909402,0.010762301,0.029148195,0.0030544554,0.71302164
syn-0210,0,0,2,0,0,0.72266644,0.046441536,0.010696779,0.018392727,0.06144646,0.05001779,0.031164471,0.030174624,0.003810969,0.003088811,0.0042155553,0.017883815
syn-0218,0,0,2,8,8,0.033204112,0.024643099,0.0060257125,0.0066148243,0.019585717,0.05954217,0.030392652,0.025248082,0.66759974,0.015378807,0.08726567,0.0244994
syn-0225,0,0,2,7,7,0.029190674,0.019161616,0.048352677,0.027849745,0.057378568,0.069080986,0.054385647,0.24237931,0.12836961,0.12832099,0.06889715,0.12663306
syn-0239,0,0,2,6,6,0.0073657786,0.013869257,0.009868045,0.040603433,0.060181506,0.012584338,0.7053007,0.026021138,0.011401059,0.009054007,0.059749246,0.044001605
syn-0240,0,0,2,6,4,0.0226676,0.019774847,0.01259355,0.061799813,0.3670273,0.13104983,0.28402388,0.010617312,0.015392366,0.032871846,0.023886852,0.018294806
syn-0242,0,0,2,0,0,0.69560695,0.027313534,0.01257183,0.01868643,0.11586168,0.01027391,0.005856866,0.011364295,0.060114384,0.034139033,0.0009953438,0.007215812
syn-0247,0,0,2,3,3,0.05237597,0.121194795,0.024922077,0.5042884,0.08785585,0.04579545,0.0148962345,0.021138135,0.01002715,0.02164737,0.04243336,0.05342518
syn-0261,0,0,2,5,5,0.008177686,0.0055275206,0.0046806238,0.01923863,0.041173603,0.8303559,0.04997455,0.013050921,0.00492574,0.006394556,0.0062112273,0.010289123
syn-0262,0,0,2,10,10,0.011653475,0.025048155,0.010770171,0.008882316,0.019030299,0.029577311,0.015804976,0.020074211,0.010309102,0.0341688,0.78441846,0.030262712
syn-0263,0,0,2,0,0,0.6672881,0.044088066,0.005283365,0.0050563244,0.17390832,0.02392664,0.012324644,0.0048422003,0.021536995,0.00923739,0.0035914206,0.02891647
syn-0278,0,0,2,9,9,0.016048567,0.016890721,0.008605008,0.014169971,0.012187218,0.029545559,0.024411142,0.023802523,0.037479766,0.56744844,0.18847473,0.06093636
syn-0280,0,0,2,0,0,0.928277,0.0044606463,0.001037114,0.0011877554,0.04063272,0.0026210009,0.004393828,0.0017054431,0.011399168,0.0015645622,0.0010248675,0.0016958707
syn-0282,0,0,2,7,7,0.02224523,0.01988557,0.04748101,0.0259939,0.053731862,0.09447717,0.14222217,0.4552942,0.027513167,0.0441582,0.022181362,0.04481622
syn-0288,0,0,2,9,9,0.0059080985,0.01252179,0.009364128,0.017694417,0.0058332803,0.0041280035,0.029990612,0.008965556,0.051068004,0.77032584,0.047082525,0.037117735
syn-0290,0,0,2,0,0,0.7025527,0.026118908,0.009227458,0.0049818633,0.1707544,0.016190121,0.009095587,0.0073133945,0.022345118,0.009219366,0.003838233,0.018362906
syn-0291,0,0,2,1,1,0.013826743,0.7477064,0.01238465,0.01098561,0.007917186,0.0114011,0.03389913,0.009840687,0.007996738,0.020592479,0.034783226,0.08866608
syn-0293,0,0,2,0,8,0.25236887,0.030642815,0.006843301,0.011181611,0.05895416,0.040388677,0.019510243,0.012094335,0.50586873,0.03525932,0.01055243,0.016335607
syn-0301,0,0,2,3,3,0.011232942,0.047880687,0.019359555,0.8276281,0.02744979,0.010360991,0.011560057,0.0030145615,0.003841785,0.012720558,0.011722321,0.013228756
syn-0322,0,0,2,2,2,0.035308205,0.0048838444,0.86834764,0.023137283,0.013896357,0.00760447,0.0044650515,0.025948668,0.001613059,0.0019796095,0.004088737,0.008727008
syn-0323,0,0,2,7,7,0.0029678142,0.0027399962,0.022175107,0.01864721,0.011375472,0.023911592,0.01235533,0.8387243,0.009324919,0.041240398,0.0089241555,0.0076137544
syn-0329,0,0,2,8,8,0.014790599,0.010600546,0.004409256,0.002961529,0.090203315,0.019253194,0.029252546,0.013952774,0.62025505,0.11694089,0.03169014,0.04569014
syn-0330,0,0,2,0,0,0.74616945,0.0069034137,0.0028510767,0.014807959,0.14543022,0.040753495,0.0039859493,0.008720111,0.0023960748,0.019103084,0.004049995,0.004829097
syn-0334,0,0,2,6,6,0.019391647,0.015399054,0.014440366,0.10456568,0.051052295,0.048804935,0.55330724,0.024155144,0.005228116,0.014477288,0.06226957,0.086908616
syn-0335,0,0,2,3,11,0.0047082123,0.017938478,0.0076128202,0.09819777,0.016211106,0.016043343,0.005943522,0.002001262,0.000864929,0.015458549,0.032909706,0.78211033
syn-0349,0,0,2,5,5,0.0058497414,0.004976736,0.0054233014,0.018639985,0.029996265,0.84549594,0.005726285,0.026908735,0.0076852664,0.013097868,0.016423361,0.019776424
syn-0359,0,0,2,4,4,0.11381627,0.03614425,0.036694843,0.035077922,0.38926646,0.030610556,0.07059066,0.040801894,0.12234118,0.020456403,0.025155675,0.07904387
syn-0367,0,0,2,4,4,0.013317989,0.016360715,0.009201474,0.0060685356,0.863566,0.0160588,0.008301229,0.0130056385,0.036894847,0.0069779144,0.0020923642,0.008154546
syn-0384,0,0,2,1,1,0.04607534,0.61190665,0.018054914,0.02868303,0.037864234,0.0446323,0.059158005,0.01622889,0.061415553,0.02354416,0.0057091694,0.046727758
syn-0388,0,0,2,5,7,0.06807704,0.033954736,0.058010474,0.09488027,0.026565555,0.21766646,0.020658823,0.3785894,0.024116825,0.024990194,0.028864916,0.023625167
syn-0393,0,0,2,2,2,0.019512657,0.009580821,0.87484556,0.018639544,0.009030638,0.0051763896,0.02295312,0.010354695,0.0050165257,0.0055548055,0.00569285,0.013642439
syn-0407,0,0,2,6,3,0.015417265,0.11454206,0.02386228,0.4038195,0.034279875,0.025494043,0.27828312,0.006466965,0.011529483,0.011877251,0.035356168,0.03907198
syn-0409,0,0,2,10,10,0.01490514,0.030580627,0.009083049,0.02350427,0.0063432828,0.007882683,0.013876943,0.009275235,0.007214586,0.041440792,0.80553144,0.030361952
syn-0411,0,0,2,2,2,0.0037613648,0.003921238,0.90132505,0.015805015,0.0027234652,0.0017482257,0.0049927435,0.031235036,0.0014947086,0.009169169,0.0086980965,0.015125868
syn-0414,0,0,2,5,4,0.0031840135,0.004818766,0.0017469589,0.0034515287,0.90295666,0.048019994,0.0034419354,0.01114759,0.0065056407,0.0031517828,0.007512305,0.00406294
syn-0417,0,0,2,7,7,0.03825344,0.026370334,0.14756988,0.044515952,0.14042656,0.02630336,0.048195496,0.25193498,0.040774945,0.020238783,0.025602613,0.18981367
syn-0423,0,0,2,9,9,0.0034603747,0.007082731,0.004071286,0.006664995,0.0018877524,0.0033261247,0.0015619771,0.0021773698,0.018017324,0.9201264,0.027345337,0.004278352
syn-0431,0,0,2,3,3,0.010122513,0.003500613,0.009002844,0.9293278,0.023431275,0.010445774,0.003210461,0.0026520262,0.0005117994,0.0037607476,0.0015959262,0.002438144
syn-0433,0,0,2,5,5,0.0026575248,0.04744065,0.017501468,0.030005354,0.3627726,0.42849618,0.0072870646,0.07698626,0.005112098,0.007188375,0.009378636,0.00517389
syn-0436,0,0,2,6,6,0.004182777,0.009441291,0.0038958518,0.012771296,0.03484536,0.019769767,0.83445233,0.0032381525,0.020084819,0.013656776,0.024233209,0.019428425
syn-0440,0,0,2,1,1,0.07553138,0.5512665,0.0070711826,0.03818748,0.08985692,0.05231464,0.075466275,0.0048450325,0.06519198,0.004258151,0.016911102,0.019099336
syn-0450,0,0,2,10,10,0.003578477,0.007163653,0.0035090588,0.0019060092,0.013244194,0.006027645,0.016203944,0.012577417,0.002534799,0.011851673,0.90831983,0.0130832605
syn-0451,0,0,2,8,8,0.037405092,0.012555676,0.006480244,0.004889402,0.012238499,0.1353985,0.008089543,0.062001236,0.5612556,0.06826221,0.06354333,0.027880693
syn-0458,0,0,2,6,6,0.0016057132,0.0036661185,0.0022518593,0.006720884,0.008650402,0.0022554218,0.909228,0.003282352,0.004838125,0.00953761,0.032830898,0.015132505
syn-0461,0,0,2,2,2,0.0094131725,0.0024793441,0.87586385,0.011040456,0.008233906,0.0053026592,0.004212488,0.044920437,0.009018016,0.0061660553,0.014961825,0.008387794
syn-0463,0,0,2,11,11,0.00029387602,0.001370713,0.0006978171,0.0009549902,0.0008820245,0.001186143,0.0019870638,0.0020320364,0.0005199108,0.002322271,0.003967014,0.98378617
syn-0472,0,0,2,8,8,0.03207743,0.017745662,0.0047641923,0.011556062,0.01847033,0.0472846,0.111716315,0.01261717,0.6498519,0.02198354,0.053238586,0.018694207
syn-0476,0,0,2,7,7,0.016469697,0.01331623,0.011302278,0.01435663,0.00944347,0.21071835,0.012226092,0.5736069,0.05987788,0.07153823,0.0033849275,0.0037592899
syn-0478,0,0,2,2,2,0.008256223,0.0060047028,0.76437694,0.024675837,0.016446816,0.01292128,0.010098881,0.10491552,0.0058946214,0.010166927,0.017434254,0.018808065
syn-0488,0,0,2,10,10,0.0013102397,0.007844944,0.0043057622,0.009076307,0.052936886,0.005216776,0.049045008,0.005359788,0.026369859,0.02393397,0.80204684,0.01255359
syn-0492,0,0,2,6,6,0.0040476997,0.04837362,0.007090377,0.007911313,0.003572648,0.005502669,0.8022553,0.0060843974,0.012250617,0.003920321,0.08762527,0.011365758
syn-0493,0,0,2,8,8,0.0065727327,0.004734905,0.0012261127,0.0017734917,0.02298582,0.011611425,0.05061106,0.0067065754,0.87966985,0.00454035,0.0071901665,0.0023776453
syn-0002,0,0,3,1,1,0.0070644515,0.9043878,0.007548933,0.0025666382,0.0076317936,0.006080809,0.040089756,0.0028165253,0.0018980729,0.0015084344,0.008871689,0.009535118
syn-0005,0,0,3,11,11,0.005845659,0.03187986,0.016105535,0.011320768,0.006777953,0.013582129,0.008825604,0.013582129,0.01304135,0.03587397,0.07305246,0.7701126
syn-0025,0,0,3,8,8,0.02636662,0.004290641,0.0008832606,0.0011341069,0.013968689,0.009341573,0.033832427,0.0030255585,0.89821744,0.0062242653,0.001583651,0.0011318037
syn-0027,0,0,3,4,4,0.026303718,0.0143229775,0.0024429224,0.0031459988,0.7264759,0.09614483,0.029732352,0.028127791,0.065157466,0.0013594293,0.0034064166,0.0033802378
syn-0033,0,0,3,5,5,0.018875297,0.024162184,0.0037302463,0.02940065,0.021092977,0.73487,0.06106172,0.018408747,0.039879918,0.012719278,0.012307578,0.0234914
syn-0035,0,0,3,9,9,0.014862417,0.07813216,0.01558355,0.080633685,0.07837672,0.010779586,0.020387532,0.031108718,0.018019525,0.3403608,0.22059548,0.09115985
syn-0040,0,0,3,4,4,0.014694033,0.04886971,0.011902211,0.10943989,0.6182007,0.054828677,0.016758207,0.027535131,0.002289656,0.008935657,0.071671195,0.014874963
syn-0051,0,0,3,3,3,0.029557878,0.02766768,0.020073159,0.5901321,0.039377224,0.031793624,0.018665127,0.015221103,0.005972963,0.113988526,0.06635997,0.041190628
syn-0054,0,0,3,5,5,0.010344241,0.003337158,0.0066167316,0.019959047,0.009444663,0.8059623,0.017151993,0.016577443,0.035409775,0.04001995,0.029230244,0.005946435
syn-0056,0,0,3,8,8,0.045605585,0.021064473,0.0035856625,0.006750853,0.04699026,0.053080514,0.06544373,0.033092823,0.6032331,0.025615744,0.07999612,0.015541144
syn-0058,0,0,3,9,9,0.011567524,0.0025897129,0.003301772,0.0076469136,0.009659858,0.005777764,0.008968046,0.005796885,0.121808715,0.7829786,0.028822917,0.011081273
syn-0062,0,0,3,7,7,0.01618341,0.025860341,0.0762035,0.019404154,0.03326097,0.07803656,0.0054456224,0.72107387,0.003723896,0.0022244595,0.0060257604,0.012557348
syn-0064,0,0,3,6,6,0.021362564,0.06827017,0.011148558,0.01686614,0.0765156,0.058503706,0.4115946,0.019067798,0.033095364,0.041810922,0.12966779,0.11209681
syn-0065,0,0,3,11,11,0.006232195,0.019718375,0.01968239,0.019618789,0.010787133,0.008065162,0.02760853,0.009740229,0.012043305,0.060143854,0.22447416,0.5818859
syn-0067,0,0,3,5,5,0.00914486,0.017151967,0.0032091993,0.014137206,0.024747862,0.8209308,0.016641248,0.009115656,0.0076207495,0.0067296224,0.05152649,0.019044293
syn-0068,0,0,3,10,10,0.020423215,0.020129176,0.017274706,0.035014324,0.032283556,0.04491723,0.18227533,0.010966932,0.024989301,0.04462011,0.55443555,0.0126705365
syn-0080,0,0,3,3,3,0.0067749014,0.0095715625,0.007530425,0.87123555,0.03462871,0.007298105,0.023562329,0.0046827914,0.009264163,0.013897285,0.0076885205,0.0038656937
syn-0100,0,0,3,2,2,0.0054396368,0.0019559679,0.9674695,0.0047062645,0.0021417423,0.001865208,0.0022067581,0.010223324,0.00036785402,0.0004981557,0.001264054,0.0018616166
syn-0112,0,0,3,4,4,0.06709366,0.03853044,0.03550072,0.011051332,0.58150166,0.046774793,0.03276168,0.028922388,0.11113423,0.019817954,0.015734917,0.011176278
syn-0117,0,0,3,6,6,0.004118957,0.02231347,0.015584125,0.210905,0.17391835,0.027192457,0.43752426,0.0034020294,0.008879743,0.010895106,0.05580029,0.029466158
syn-0123,0,0,3,10,10,0.0017865554,0.027665213,0.0026212574,0.014831413,0.0066458653,0.0057812706,0.031113684,0.0029915466,0.021251725,0.011675915,0.86522335,0.008412237
syn-0124,0,0,3,6,6,0.008849861,0.036937125,0.0036756506,0.12993522,0.09863687,0.023004517,0.59208924,0.011022257,0.033990383,0.015162992,0.03200173,0.014694253
syn-0125,0,0,3,9,9,0.009440987,0.011349671,0.0058533973,0.011789727,0.016760755,0.024268206,0.03484876,0.0113839265,0.076050304,0.70222956,0.071541145,0.02448347
syn-0135,0,0,3,0,0,0.85852385,0.023062982,0.0021129686,0.0020355624,0.031637605,0.008136475,0.007285835,0.003763517,0.04962404,0.0053017153,0.005527133,0.0029883662
syn-0142,0,0,3,4,4,0.009270247,0.013693757,0.005183741,0.15456323,0.7670661,0.017061366,0.014922144,0.007613987,0.0015555256,0.003487543,0.0032734547,0.0023089875
syn-0145,0,0,3,2,3,0.025088968,0.061885685,0.29628247,0.3573522,0.027488803,0.040867094,0.010288543,0.08149377,0.004467224,0.037039675,0.009823065,0.047922425
syn-0149,0,0,3,8,8,0.025498636,0.032223463,0.0017582782,0.0036623916,0.01694568,0.014101867,0.010312735,0.013858818,0.740736,0.07966745,0.022267075,0.038967576
syn-0150,0,0,3,3,3,0.011020986,0.15517528,0.030478582,0.6279593,0.02745464,0.035944972,0.026592502,0.01275636,0.002576606,0.02003478,0.020501072,0.029504789
syn-0152,0,0,3,3,4,0.0067846603,0.0133815855,0.01171785,0.16235197,0.7452998,0.0031067606,0.020180065,0.004333627,0.0014721295,0.008813256,0.010128699,0.012429643
syn-0159,0,0,3,11,11,0.0025710026,0.021415716,0.00634393,0.0060677547,0.009878784,0.03733638,0.018170498,0.009631361,0.016312677,0.034751706,0.095760696,0.7417594
syn-0162,0,0,3,9,9,0.013642385,0.009675458,0.0045429035,0.004888271,0.0064787916,0.008519383,0.0024053673,0.013168722,0.020743776,0.9006792,0.010350671,0.0049051433
syn-0168,0,0,3,1,1,0.009934611,0.78380257,0.0051857918,0.019254925,0.0107095055,0.07789451,0.02209157,0.0055279876,0.008631146,0.024597783,0.028239528,0.0041299434
syn-0170,0,0,3,6,6,0.015284993,0.017013017,0.012823976,0.0094626965,0.06476577,0.02350351,0.62759286,0.032545716,0.038087066,0.025080524,0.07459066,0.059249245
syn-0174,0,0,3,10,10,0.0036550737,0.011670998,0.023512442,0.017070062,0.060863193,0.005985338,0.04357331,0.02271381,0.0034535152,0.007438452,0.75638604,0.043677725
syn-0177,0,0,3,8,8,0.016746629,0.017560173,0.0019261925,0.002286991,0.01907657,0.0071542063,0.08068429,0.009193207,0.8183223,0.013380171,0.007272855,0.0063963905
syn-0182,0,0,3,6,6,0.0014762062,0.00864383,0.0013943458,0.00068942684,0.0052585555,0.0036398808,0.92933255,0.004264981,0.012409157,0.00768288,0.020534808,0.004673309
syn-0184,0,0,3,2,2,0.0013970571,0.0014060098,0.97480154,0.002298262,0.0011607244,0.00055072474,0.0024537598,0.010446331,0.0005033624,0.00066050485,0.0021198867,0.0022016547
syn-0190,0,0,3,3,1,0.012937362,0.52676207,0.019722218,0.26300567,0.04427259,0.05480918,0.015808044,0.013685124,0.0016533467,0.014080239,0.0048741065,0.028390007
syn-0198,0,0,3,0,0,0.3807298,0.055790175,0.01588601,0.17382848,0.14438345,0.12796469,0.0124626225,0.027503889,0.006795117,0.02857415,0.0076719867,0.01840965
syn-0201,0,0,3,0,0,0.8525515,0.0263564,0.003530866,0.0019987023,0.03572151,0.005237164,0.011441362,0.00522316,0.046283137,0.0063396166,0.0017284447,0.003588121
syn-0204,0,0,3,1,1,0.018343454,0.756,0.001210187,0.004963418,0.019188903,0.032351963,0.025792722,0.0063635106,0.12106977,0.0030112867,0.0066063735,0.005098398
syn-0205,0,0,3,2,2,0.0021555638,0.0150553305,0.8848181,0.02402361,0.0045221183,0.002411401,0.00835702,0.016058896,0.0028994347,0.0051808623,0.013271884,0.0212458
syn-0206,0,0,3,8,8,0.04976632,0.028240263,0.00976467,0.007534971,0.03464766,0.02960809,0.052908808,0.037018664,0.38029942,0.0730893,0.14579853,0.15132335
syn-0215,0,0,3,10,10,0.0063673975,0.02092507,0.015110476,0.05413816,0.013150174,0.0069310027,0.04381395,0.0046389387,0.01967076,0.3772076,0.38512364,0.052922867
syn-0221,0,0,3,11,11,0.04473476,0.09096533,0.014824443,0.0122361705,0.013924107,0.035086583,0.028701609,0.01740742,0.10053901,0.025751136,0.0866723,0.52915716
syn-0228,0,0,3,6,6,0.019905636,0.036974277,0.018164264,0.25272945,0.2154927,0.026408656,0.33655754,0.012304072,0.012577762,0.018184196,0.020315327,0.030386131
syn-0244,0,0,3,3,3,0.008497115,0.023315784,0.024624884,0.77876496,0.031934537,0.026957398,0.025545595,0.009265736,0.014827252,0.011537439,0.03673164,0.007997668
syn-0251,0,0,3,10,10,0.007927083,0.026211744,0.012243797,0.013038241,0.011672352,0.03668211,0.08938162,0.010185195,0.023838041,0.14333273,0.5778115,0.04767562
syn-0257,0,0,3,4,4,0.009971007,0.042453673,0.004788884,0.009173659,0.73931086,0.11492374,0.027142445,0.025094323,0.015371098,0.002629982,0.004301065,0.004839229
syn-0258,0,0,3,3,5,0.014383173,0.025448186,0.016318185,0.22442827,0.1960288,0.42460442,0.015559815,0.053420555,0.0027541115,0.009150169,0.005850785,0.012053374
syn-0292,0,0,3,11,11,0.0113168135,0.01801702,0.011320122,0.017960161,0.0075417478,0.008532471,0.010405846,0.014909862,0.0179767,0.042578015,0.044447105,0.7949941
syn-0300,0,0,3,10,10,0.0072316113,0.030567726,0.051587347,0.032879062,0.040391993,0.015515782,0.035933148,0.03876578,0.0075094155,0.015443656,0.6794409,0.044733606
syn-0303,0,0,3,7,7,0.02578515,0.021493983,0.04320211,0.04210151,0.038080342,0.10061823,0.018104767,0.6624227,0.0065032183,0.0044163996,0.015671665,0.021599902
syn-0306,0,0,3,5,5,0.030822854,0.02785125,0.021636106,0.009540805,0.031213349,0.49154288,0.027155621,0.19051449,0.06931507,0.005712267,0.03553202,0.05916329
syn-0310,0,0,3,10,10,0.004303017,0.0032129616,0.0022319683,0.010082119,0.014659762,0.010944143,0.01145111,0.008171534,0.0054715676,0.028122708,0.8558274,0.04552167
syn-0312,0,0,3,11,11,0.017343005,0.0126729645,0.0053359726,0.0051250574,0.010686602,0.005616651,0.00966565,0.023382004,0.099669114,0.048432853,0.042557806,0.7195123
syn-0324,0,0,3,7,7,0.01854102,0.029988252,0.0230359,0.003362591,0.006935867,0.033527203,0.017360335,0.7145131,0.074458785,0.03117574,0.027070262,0.02003099
syn-0327,0,0,3,1,1,0.028043954,0.3966701,0.0025244511,0.004532437,0.016889261,0.063484006,0.023058722,0.011996722,0.30818194,0.013066353,0.013849783,0.11770221
syn-0339,0,0,3,7,7,0.0095220385,0.009328098,0.015272539,0.0072818864,0.0236251,0.03373812,0.023751015,0.863336,0.0028913748,0.0031677077,0.0031247837,0.0049612736
syn-0340,0,0,3,9,9,0.011689956,0.014202347,0.021204311,0.080468565,0.023934022,0.010094588,0.007717603,0.021390025,0.007905799,0.5124805,0.24038947,0.04852276
syn-0341,0,0,3,8,8,0.040514372,0.011977151,0.0020800955,0.0025559932,0.014430788,0.017107248,0.040756717,0.0064835115,0.8393009,0.020222982,0.0022738504,0.0022963923
syn-0351,0,0,3,11,11,0.016014243,0.01761338,0.017039113,0.041816838,0.015501248,0.023388414,0.02161742,0.01202169,0.0049095615,0.020030972,0.05156729,0.75847983
syn-0355,0,0,3,5,5,0.025579032,0.024435805,0.024920644,0.02246231,0.03509059,0.5203711,0.033982355,0.01349895,0.014631065,0.04331657,0.17516623,0.06654534
syn-0360,0,0,3,0,0,0.64082795,0.035380792,0.007856471,0.077251,0.12711182,0.012550606,0.020625677,0.01294345,0.017524477,0.01488144,0.021477973,0.011568408
syn-0364,0,0,3,4,5,0.041316792,0.025550162,0.00726953,0.019245306,0.26508418,0.28916085,0.13991876,0.016068686,0.047369026,0.03603503,0.035942335,0.07703939
syn-0375,0,0,3,8,8,0.012883607,0.036246058,0.005142965,0.0076644574,0.007840385,0.009420582,0.056180328,0.025549533,0.71953833,0.06008175,0.0394924,0.019959675
syn-0376,0,0,3,5,5,0.00095727,0.0032886923,0.0009284596,0.00413332,0.0064165206,0.8151544,0.14936355,0.005593326,0.0024199185,0.0009962023,0.008844659,0.001903724
syn-0385,0,0,3,5,4,0.026556877,0.01145537,0.0042979526,0.0019498705,0.81500393,0.09700319,0.0019390946,0.030848533,0.0024708747,0.0022298673,0.0015797914,0.0046646534
syn-0392,0,0,3,1,1,0.0052021574,0.76543677,0.013692338,0.013608717,0.014308098,0.0054925573,0.028400818,0.005528018,0.0054050046,0.015358142,0.097976945,0.029590374
syn-0405,0,0,3,8,8,0.006534281,0.0046798107,0.0030786574,0.001494651,0.0032822543,0.009625348,0.0037069193,0.011079383,0.8779196,0.049291674,0.020509884,0.008797467
syn-0410,0,0,3,10,10,0.021785304,0.024665345,0.008835154,0.017218217,0.032042045,0.021266883,0.02384702,0.03374112,0.016225826,0.049311236,0.64559734,0.10546445
syn-0418,0,0,3,0,0,0.72955453,0.034784317,0.035836343,0.04061664,0.058690548,0.013137606,0.018995004,0.01851142,0.011439803,0.004716167,0.019962765,0.013754845
syn-0420,0,0,3,2,2,0.0036753952,0.002237363,0.90323365,0.0062521915,0.0021927895,0.003270757,0.001688376,0.06744943,0.0009382979,0.0017629652,0.0023190265,0.004979679
syn-0422,0,0,3,1,1,0.0015631455,0.9111303,0.008246879,0.0049010874,0.006364118,0.004964067,0.01866274,0.003910856,0.0018355537,0.0018328405,0.024066698,0.012521556
syn-0428,0,0,3,8,8,0.013062826,0.39045903,0.0013190999,0.003942009,0.041017544,0.01859128,0.035011828,0.004321767,0.4563199,0.0052057784,0.02209499,0.008653987
syn-0429,0,0,3,2,2,0.009533521,0.021805154,0.7506838,0.015585373,0.01560842,0.00829653,0.015404942,0.1064578,0.008389373,0.017537683,0.007921938,0.022775408
syn-0430,0,0,3,1,1,0.017318726,0.3927536,0.010995792,0.26488703,0.02955154,0.13676594,0.020960882,0.0044885706,0.002327929,0.011485256,0.06318504,0.045279756
syn-0435,0,0,3,10,10,0.002690228,0.004850034,0.0072866157,0.009365658,0.036294978,0.011686152,0.02485558,0.0140807275,0.005122017,0.021875946,0.8461721,0.015720021
syn-0445,0,0,3,6,8,0.007340087,0.011870191,0.0013528782,0.0025357977,0.0147800315,0.029451264,0.36856857,0.016143026,0.53629476,0.00267071,0.0056258948,0.0033667998
syn-0447,0,0,3,7,7,0.0037149563,0.01081642,0.01605198,0.0044166334,0.005434164,0.05200296,0.01058967,0.81995857,0.010153817,0.0050327615,0.006808149,0.05501994
syn-0464,0,0,3,4,4,0.23866826,0.01152509,0.005784125,0.0032974384,0.7052007,0.0063067656,0.0066092233,0.0040814346,0.0054942113,0.0019886477,0.0022444425,0.008799658
syn-0469,0,0,3,9,9,0.012504184,0.011274025,0.00910749,0.019965751,0.009550067,0.01884023,0.009648221,0.018925244,0.024173899,0.7904949,0.038814493,0.03670156
syn-0474,0,0,3,0,0,0.83026344,0.011769251,0.014551474,0.054422956,0.02615075,0.009907409,0.0056933383,0.0075612855,0.008574688,0.020883672,0.0015388295,0.0086828945
syn-0477,0,0,3,7,7,0.023959149,0.07618893,0.12362515,0.068208896,0.044274535,0.14764184,0.012939491,0.28907678,0.053815555,0.049070224,0.049604338,0.061595112
syn-0485,0,0,3,10,10,0.0057631345,0.02680376,0.002659397,0.004120997,0.024541326,0.010494092,0.059495337,0.018227182,0.032444753,0.006909941,0.79852057,0.010019551
syn-0007,0,0,4,6,6,0.023484834,0.02093452,0.004288883,0.004845823,0.049655516,0.22713862,0.3442278,0.034064002,0.25154606,0.0052419687,0.013588192,0.020983722
syn-0014,0,0,4,0,0,0.82955164,0.014992329,0.00435759,0.0039388067,0.015471675,0.009068155,0.012136511,0.004391541,0.07855324,0.01062789,0.012387023,0.004523543
syn-0019,0,0,4,0,0,0.7279989,0.013888456,0.0031366416,0.064826645,0.076180026,0.008006679,0.01758129,0.0044058072,0.006576678,0.042097036,0.030272428,0.0050294
syn-0023,0,0,4,1,1,0.009465847,0.8426578,0.0038852538,0.06329198,0.024379883,0.018557966,0.0069368207,0.004449509,0.005633652,0.0023232382,0.009205825,0.009212161
syn-0024,0,0,4,2,2,0.008081659,0.006978835,0.8751609,0.015725832,0.0036783132,0.004812894,0.021381237,0.029291235,0.0017902228,0.0035208943,0.020610562,0.008967229
syn-0029,0,0,4,2,2,0.0074638426,0.005644478,0.8177724,0.018922426,0.0065498888,0.010005653,0.0039340635,0.0878193,0.0019130611,0.008345761,0.017281951,0.014347165
syn-0036,0,0,4,5,5,0.04291806,0.030832829,0.0031064034,0.016460493,0.07240325,0.6750209,0.013574926,0.00892798,0.010690673,0.015113729,0.07499287,0.035957962
syn-0043,0,0,4,9,9,0.010619358,0.004782587,0.012097353,0.008457263,0.011794089,0.009642625,0.0073466618,0.03685129,0.021534424,0.6735456,0.17325792,0.030070866
syn-0061,0,0,4,4,4,0.024805786,0.048478156,0.00807282,0.025688643,0.4920765,0.087761216,0.1520959,0.016686972,0.04405135,0.012968419,0.0668629,0.020451255
syn-0074,0,0,4,5,5,0.12409743,0.16439882,0.015291389,0.070322916,0.027421596,0.40218896,0.038043078,0.059783444,0.041492168,0.008239976,0.02517229,0.023547944
syn-0075,0,0,4,7,7,0.013236126,0.009638085,0.022583652,0.0071861823,0.059614133,0.060509086,0.020137476,0.7021305,0.011421358,0.035322234,0.024357164,0.03386391
syn-0082,0,0,4,1,1,0.005611046,0.531991,0.012520697,0.027397301,0.0070979293,0.18921728,0.077966064,0.03171765,0.030527975,0.026670836,0.03436907,0.02491319
syn-0083,0,0,4,0,0,0.7910087,0.015910525,0.003986776,0.014655135,0.033091146,0.06415666,0.006815943,0.010880842,0.034162614,0.0042125215,0.0066329655,0.014486061
syn-0095,0,0,4,11,11,0.001827309,0.011026161,0.005249555,0.007906357,0.0075234305,0.017292133,0.011004619,0.01533096,0.0024104484,0.026812572,0.03987632,0.8537401
syn-0102,0,0,4,1,1,0.021816054,0.77466685,0.0015289674,0.008327489,0.03047478,0.005240918,0.040168878,0.0049296264,0.098698154,0.0029433435,0.005655319,0.0055495943
syn-0105,0,0,4,4,4,0.24812566,0.08077622,0.014410091,0.054662418,0.42384526,0.023959076,0.021159464,0.017748654,0.01841603,0.025579203,0.055788238,0.015529643
syn-0106,0,0,4,10,10,0.005732077,0.046851594,0.014680912,0.01917323,0.009493313,0.006417569,0.2699594,0.02562985,0.066432424,0.084509134,0.39274713,0.058373366
syn-0107,0,0,4,10,10,0.0003010485,0.00089596637,0.0007961747,0.0012102256,0.0036375357,0.002748262,0.005768501,0.0015233629,0.0021571354,0.0054024826,0.9727447,0.0028145553
syn-0108,0,0,4,8,8,0.01744723,0.059026167,0.0038547309,0.0018645452,0.006099346,0.05796916,0.029185686,0.019047225,0.5407686,0.016998768,0.21615814,0.031580377
syn-0113,0,0,4,11,11,0.02243964,0.06480987,0.008122041,0.0143390875,0.01007413,0.028019398,0.006757291,0.026898583,0.106618196,0.043746654,0.035295606,0.63287956
syn-0119,0,0,4,6,6,0.0025647015,0.03146093,0.0021830609,0.01328687,0.011338663,0.018384118,0.48571074,0.010437043,0.030340277,0.04353164,0.3253845,0.02537739
syn-0122,0,0,4,3,3,0.01072044,0.011314142,0.01129966,0.7859408,0.017136829,0.030093314,0.062913485,0.010003332,0.018048283,0.01466797,0.021360004,0.006501836
syn-0127,0,0,4,11,11,0.0141872335,0.1518923,0.0132113425,0.08965811,0.04060951,0.008426693,0.19037576,0.027943816,0.093045585,0.02239306,0.03974367,0.3085128
syn-0136,0,0,4,6,6,0.025766687,0.14377628,0.021671077,0.10540008,0.05867642,0.023295742,0.2794748,0.022925338,0.009180159,0.13577941,0.105868354,0.06818565
syn-0138,0,0,4,4,4,0.038293894,0.087103434,0.03928704,0.061017595,0.2677486,0.0301551,0.17164329,0.07872057,0.018812241,0.00420779,0.11508569,0.08792485
syn-0156,0,0,4,6,6,0.03396384,0.22772288,0.007029471,0.038885992,0.0428513,0.09643109,0.3061549,0.04754888,0.0528612,0.0050283377,0.09524478,0.046277374
syn-0161,0,0,4,2,2,0.0040052934,0.0030160754,0.92643625,0.010596763,0.0066198525,0.0076192715,0.0035164624,0.024225598,0.0016872453,0.0017954776,0.0052955328,0.005186147
syn-0176,0,0,4,10,10,0.0071551604,0.015765658,0.010342134,0.013517687,0.044736594,0.028102344,0.09164807,0.014398871,0.007916095,0.0819978,0.6427196,0.04170004
syn-0185,0,0,4,7,7,0.023914194,0.0071585113,0.10442435,0.030791549,0.026194246,0.012284225,0.03507412,0.6405446,0.02246676,0.03508362,0.020520745,0.041543018
syn-0189,0,0,4,10,10,0.040602945,0.09218196,0.006493844,0.046678856,0.043478165,0.06864529,0.04699953,0.00880299,0.062209062,0.022671806,0.46308348,0.09815217
syn-0192,0,0,4,5,5,0.0069952933,0.042338528,0.002824088,0.028891826,0.015350074,0.78238,0.04153448,0.024115749,0.0114958715,0.007281415,0.008360003,0.028432617
syn-0194,0,0,4,1,1,0.009903238,0.73014593,0.001878428,0.00124277,0.014902005,0.004506637,0.015196197,0.0022260218,0.20820636,0.0033534365,0.003974557,0.0044644717
syn-0195,0,0,4,4,4,0.009409812,0.008696041,0.0014655376,0.017754212,0.55176604,0.27751908,0.059163313,0.005762381,0.041148875,0.0128356805,0.011582322,0.0028968246
syn-0200,0,0,4,5,3,0.02802472,0.048837364,0.00859985,0.3427809,0.063779406,0.20279452,0.057579983,0.2261034,0.0035390486,0.0020309172,0.004496725,0.011433212
syn-0203,0,0,4,8,8,0.015787791,0.023238886,0.0033778618,0.004922821,0.014477141,0.02394428,0.18756029,0.0046132156,0.67242926,0.010142001,0.029873887,0.009632631
syn-0207,0,0,4,0,0,0.59925854,0.011589547,0.0023320857,0.009043801,0.039059997,0.14553937,0.0315958,0.011283932,0.11851384,0.0059233224,0.022654256,0.003205511
syn-0208,0,0,4,8,8,0.03132256,0.0168478,0.0026785687,0.011111252,0.026023874,0.042729486,0.05173558,0.026858982,0.71941924,0.0394462,0.025660146,0.0061662868
syn-0209,0,0,4,7,7,0.02350097,0.013590122,0.07947048,0.012284632,0.076763555,0.12877735,0.05911072,0.5123664,0.033223998,0.006487913,0.036912456,0.017511386
syn-0211,0,0,4,0,0,0.8257737,0.009173933,0.022028832,0.029004555,0.04939723,0.0029772678,0.013892641,0.010157742,0.0042750435,0.016833121,0.0060235453,0.010462362
syn-0217,0,0,4,6,6,0.019798702,0.08975094,0.024470584,0.0112016685,0.014666283,0.025877245,0.63382536,0.010800524,0.011573604,0.012447459,0.1120704,0.033517215
syn-0219,0,0,4,0,0,0.9303555,0.023083355,0.0022990478,0.008796381,0.016272718,0.0049080695,0.0019806747,0.0017599174,0.0033409565,0.00108962,0.0021745171,0.003939144
syn-0224,0,0,4,8,8,0.08144159,0.024593893,0.0012455077,0.0065578376,0.053449858,0.06898172,0.063702226,0.016922561,0.6059048,0.011551264,0.056862555,0.008786222
syn-0226,0,0,4,6,6,0.008622982,0.19528048,0.016165437,0.009266752,0.011378648,0.010615719,0.53540045,0.01527819,0.01266366,0.015746487,0.084820636,0.08476059
syn-0229,0,0,4,7,7,0.027195632,0.00557178,0.031454857,0.015972173,0.01981886,0.14765656,0.0072424095,0.7127455,0.0059726634,0.008043235,0.005568433,0.012757926
syn-0234,0,0,4,4,6,0.015041772,0.021409675,0.012923839,0.16992028,0.1736151,0.015782898,0.52502334,0.008145038,0.017109293,0.011299244,0.017946277,0.01178328
syn-0243,0,0,4,10,10,0.02142881,0.11336397,0.019440107,0.028508559,0.01601257,0.03618713,0.04622034,0.025403127,0.061893944,0.07349138,0.43160468,0.1264454
syn-0250,0,0,4,11,11,0.0028231188,0.006194181,0.0034980907,0.0021781225,0.0018931997,0.002758929,0.004580244,0.015182316,0.004652226,0.1309671,0.050353426,0.77491903
syn-0253,0,0,4,3,3,0.0064250664,0.015975792,0.0064220466,0.68528193,0.033604477,0.039966296,0.159603,0.0055158916,0.0064460654,0.0034819928,0.022573475,0.014704037
syn-0255,0,0,4,2,2,0.010759415,0.0025935455,0.900886,0.011372473,0.004220183,0.012909895,0.0018842141,0.035185073,0.0011970438,0.006754032,0.0034285788,0.008809628
syn-0259,0,0,4,4,4,0.04769983,0.08731857,0.006050997,0.0981097,0.56711304,0.07059152,0.025218703,0.019310085,0.027219554,0.0030515997,0.0236345,0.024681915
syn-0260,0,0,4,11,11,0.018600821,0.038459543,0.0150621,0.014774402,0.024219682,0.038959034,0.09806773,0.048294175,0.010344784,0.10127514,0.110924006,0.48101857
syn-0265,0,0,4,3,3,0.02273908,0.012779193,0.032027997,0.67610615,0.049786188,0.08135158,0.008118823,0.025025604,0.003258895,0.05241579,0.02024183,0.01614877
syn-0269,0,0,4,10,10,0.005716762,0.03373094,0.021174913,0.0064026774,0.05243137,0.027514761,0.041047916,0.020792725,0.007402977,0.054484267,0.6793528,0.04994788
syn-0285,0,0,4,11,11,0.011917761,0.01857589,0.0085411975,0.020700872,0.015393068,0.07315569,0.034454398,0.017974317,0.11648475,0.0517613,0.038398366,0.59264237
syn-0286,0,0,4,8,8,0.018314498,0.021102807,0.006342033,0.0030978718,0.020520292,0.018078187,0.06581752,0.007386441,0.77485096,0.027811468,0.026180243,0.010497638
syn-0289,0,0,4,8,7,0.15624265,0.0938891,0.04723855,0.012914723,0.027497826,0.113822885,0.03005931,0.23598129,0.19359094,0.015799515,0.007907852,0.06505537
syn-0299,0,0,4,1,1,0.0072028926,0.90433824,0.005805988,0.016277652,0.0065891747,0.016777195,0.007170925,0.017912865,0.0019184729,0.007338396,0.0025210322,0.006147045
syn-0305,0,0,4,1,1,0.0025539151,0.85825086,0.021404771,0.011885398,0.004457566,0.0037261539,0.03318128,0.002521779,0.007728251,0.00482787,0.015915755,0.03354627
syn-0307,0,0,4,3,3,0.049970575,0.04523071,0.02541309,0.66231406,0.03425693,0.013243924,0.025158752,0.018070208,0.031555336,0.075640395,0.0077089765,0.011437115
syn-0321,0,0,4,9,9,0.0053288294,0.007360769,0.0031713601,0.02139404,0.013342925,0.0037895902,0.016785176,0.002922989,0.0330741,0.8412406,0.039626777,0.011962837
syn-0326,0,0,4,1,1,0.05291834,0.44728398,0.0069848876,0.0072105783,0.08162471,0.01028188,0.063258424,0.04373219,0.14086021,0.024671614,0.024294425,0.09687878
syn-0333,0,0,4,5,5,0.008535157,0.009432002,0.0010099823,0.031330775,0.038581457,0.74093527,0.037596498,0.012192609,0.09544611,0.0035085871,0.017404849,0.004026622
syn-0338,0,0,4,8,8,0.075651675,0.07641134,0.029560767,0.03646068,0.020781748,0.0139313005,0.022138191,0.060692858,0.44983706,0.1088339,0.048588883,0.057111632
syn-0350,0,0,4,2,2,0.0070682797,0.0020174289,0.91736877,0.008798516,0.0052993116,0.0101640485,0.006648576,0.031531364,0.0010390059,0.0033130175,0.0016799254,0.0050717266
syn-0352,0,0,4,8,8,0.011382619,0.05407378,0.0012977701,0.0018368775,0.0041575423,0.006747948,0.022971276,0.003271412,0.8834806,0.0032857358,0.0044514188,0.0030429773
syn-0353,0,0,4,7,7,0.007881256,0.021643998,0.0201812,0.07896193,0.06480942,0.09371906,0.018332649,0.56577724,0.010063562,0.025644938,0.037333,0.05565178
syn-0363,0,0,4,9,10,0.16840109,0.081949145,0.018748352,0.07756319,0.030184694,0.021727549,0.06938433,0.03243735,0.08428165,0.056970064,0.1940889,0.16426356
syn-0368,0,0,4,9,9,0.0094340285,0.022934087,0.0026116453,0.008888319,0.017159117,0.07019267,0.012011314,0.013504637,0.1245583,0.6116306,0.054641508,0.052433778
syn-0377,0,0,4,5,5,0.04763713,0.01922488,0.035662405,0.09652666,0.057740875,0.34713736,0.029163856,0.2532883,0.0031944828,0.009530932,0.016940413,0.08395271
syn-0378,0,0,4,2,2,0.0072432365,0.012024728,0.83401835,0.054188065,0.0033489529,0.005329906,0.003450913,0.042469796,0.0015023651,0.01218232,0.012460265,0.011781082
syn-0379,0,0,4,3,3,0.015713394,0.03009664,0.085161336,0.354824,0.10089864,0.04951945,0.03366205,0.06038197,0.015044719,0.033619348,0.20188498,0.019193487
syn-0386,0,0,4,10,10,0.006609604,0.015438392,0.032039825,0.019132122,0.028027894,0.015810559,0.014580075,0.015495221,0.009518906,0.017753292,0.80621123,0.01938288
syn-0391,0,0,4,0,0,0.845896,0.028088707,0.0035875505,0.0040908856,0.02417426,0.011578508,0.0053729336,0.008054141,0.057474278,0.0059406264,0.0027237232,0.0030183347
syn-0399,0,0,4,8,8,0.0034336743,0.015651977,0.0014126878,0.0014920316,0.0062084617,0.009634828,0.023098273,0.0036887852,0.86508,0.005785256,0.053315032,0.011198975
syn-0402,0,0,4,1,1,0.06557814,0.60223633,0.004693223,0.04188299,0.07418119,0.027285432,0.033273805,0.01285602,0.017483342,0.017703963,0.05465284,0.048172757
syn-0403,0,0,4,9,9,0.012808233,0.0166979,0.0068279603,0.0077543925,0.013051097,0.0062802406,0.007513657,0.019449834,0.033053737,0.84129,0.012233344,0.023039676
syn-0408,0,0,4,4,4,0.12836401,0.04212277,0.04173273,0.17181438,0.3226679,0.0185287,0.064855196,0.023008812,0.09284055,0.02705295,0.022631163,0.044380885
syn-0413,0,0,4,9,9,0.006299166,0.018352596,0.008231708,0.009166811,0.0075078355,0.0076713567,0.0026563255,0.014568635,0.008966857,0.8786904,0.01565312,0.022235144
syn-0432,0,0,4,6,6,0.013897785,0.029045295,0.005279994,0.032528598,0.014342122,0.015680335,0.72403735,0.010235307,0.02042304,0.008427913,0.089391455,0.036710735
syn-0437,0,0,4,3,10,0.011170432,0.02257481,0.009473309,0.2617213,0.04308963,0.04830964,0.06887812,0.012413059,0.021202758,0.043459997,0.4454197,0.012287225
syn-0468,0,0,4,6,6,0.0068917875,0.0326161,0.0069750645,0.037416473,0.01280002,0.0042072046,0.85154957,0.0050709504,0.009112611,0.009066816,0.012448013,0.011845454
syn-0473,0,0,4,10,10,0.0011581087,0.0071828067,0.0034905546,0.0040422427,0.019271255,0.006042727,0.017355539,0.004321772,0.008639984,0.044330724,0.87589496,0.008269334
syn-0484,0,0,4,3,3,0.011559788,0.016214816,0.008419863,0.88697803,0.027824266,0.021551326,0.0063759657,0.0072403634,0.0012850096,0.001878172,0.007455123,0.0032172056
syn-0491,0,0,4,10,10,0.0046942467,0.010337055,0.0044879443,0.0028787947,0.003948992,0.023592984,0.015476472,0.010962814,0.0032751411,0.021441579,0.87709033,0.021813534
syn-0499,0,0,4,11,11,0.017154634,0.03246073,0.0047511235,0.006742458,0.008475758,0.006942175,0.010992012,0.04420224,0.054007065,0.037530713,0.09154949,0.6851916
syn-0005,1,0,0,11,11,0.001607426,0.0164815,0.005262513,0.0054126685,0.0009025532,0.0034602624,0.0021636884,0.008168957,0.002166823,0.012911271,0.025970204,0.9154922
syn-0007,1,0,0,6,6,0.012754222,0.0071632676,0.0011633225,0.00090596057,0.023991875,0.09608083,0.5071536,0.019945506,0.31309485,0.0017395371,0.0027760346,0.013231002
syn-0009,1,0,0,8,8,0.012432469,0.021412363,0.0008104727,0.0019849946,0.031540748,0.010143526,0.04492838,0.010376523,0.8243165,0.002380036,0.033279665,0.0063943975
syn-0023,1,0,0,1,1,0.0029204085,0.9564827,0.0011901815,0.010140743,0.007780036,0.009308573,0.0016411367,0.0012438112,0.0015029821,0.0004452051,0.0035372179,0.0038069482
syn-0029,1,0,0,2,2,0.000926425,0.00065355736,0.95031446,0.0047856364,0.0011479859,0.0014112161,0.0004465664,0.032848775,0.00019680214,0.0010247111,0.00395959,0.0022843396
syn-0034,1,0,0,0,0,0.9240451,0.0048240297,0.0036072922,0.0017491308,0.01215876,0.0070871217,0.013455467,0.013260922,0.0035561228,0.00056073396,0.0047655324,0.01092988
syn-0042,1,0,0,9,9,0.0013173178,0.00074924127,0.0047559207,0.0042244503,0.0024054952,0.0003608632,0.0025731174,0.017784422,0.0044135903,0.86540216,0.022642842,0.073370576
syn-0065,1,0,0,11,11,0.0020726505,0.008097736,0.0076024737,0.0061476966,0.002271783,0.0016701239,0.010319149,0.0047609652,0.0032410224,0.009037464,0.18555093,0.75922793
syn-0071,1,0,0,6,6,0.0019515012,0.009037106,0.0017232451,0.010837228,0.02550184,0.0052144104,0.91751367,0.0012277905,0.00052731455,0.0018522755,0.02133194,0.0032817028
syn-0073,1,0,0,11,11,0.0019592429,0.021407533,0.003939454,0.0011697934,0.0017314017,0.00320897,0.004888279,0.016247366,0.00465699,0.005599284,0.01333527,0.92185646
syn-0082,1,0,0,1,1,0.003050334,0.5041735,0.00671808,0.019109273,0.0014068328,0.2931806,0.06766627,0.025085758,0.029857961,0.016595496,0.019628614,0.013527385
syn-0087,1,0,0,5,8,0.013001071,0.003160472,0.00374692,0.00617361,0.021232588,0.32992336,0.0500705,0.03756594,0.41006994,0.008958074,0.10879553,0.0073020547
syn-0112,1,0,0,4,4,0.050847672,0.024295103,0.018523429,0.0055147274,0.6553799,0.043039024,0.01982737,0.03933711,0.118832715,0.008064494,0.008273388,0.008065166
syn-0117,1,0,0,6,6,0.0015299255,0.01359971,0.0058523025,0.10250204,0.2361486,0.00822594,0.5768787,0.001426433,0.0038278806,0.007448159,0.034436453,0.008123877
syn-0118,1,0,0,5,5,0.016515194,0.014868825,0.0014585896,0.018687624,0.009275427,0.894434,0.014246601,0.0066604763,0.0018495688,0.0022852884,0.013424431,0.0062939897
syn-0123,1,0,0,10,10,0.00031232464,0.011143534,0.00042229274,0.003113137,0.0012005772,0.0011083729,0.0041406783,0.00045165818,0.007445201,0.0027012445,0.96669,0.0012709517
syn-0127,1,0,0,11,11,0.007730512,0.117050864,0.0058307354,0.039725114,0.06084568,0.003871596,0.23950937,0.015780753,0.081837766,0.012439263,0.022089548,0.39328876
syn-0130,1,0,0,6,6,0.015344307,0.06791782,0.0041673356,0.0034705815,0.022049543,0.1308358,0.4233822,0.032930803,0.24818793,0.0021991322,0.027857706,0.021656694
syn-0133,1,0,0,2,2,0.0011477013,0.009868769,0.8442583,0.018360427,0.0027674218,0.0040484336,0.0053456784,0.09401035,0.0018914826,0.0026360438,0.011910412,0.0037549972
syn-0134,1,0,0,5,5,0.00558114,0.0014206833,0.0077712364,0.014651698,0.005266549,0.7857317,0.019967733,0.015949741,0.085800864,0.042896792,0.012355358,0.0026064883
syn-0144,1,0,0,9,9,0.00078126113,0.0014874695,0.0020693552,0.010516636,0.002697768,0.0009890726,0.0024224727,0.0038149443,0.003209047,0.95019466,0.005260312,0.016556988
syn-0151,1,0,0,10,11,0.008752185,0.029120283,0.01422134,0.013215538,0.016625213,0.0065695066,0.13147095,0.047771987,0.015144105,0.05031792,0.27873737,0.38805363
syn-0152,1,0,0,3,4,0.0024003638,0.0038169029,0.0038840733,0.07783482,0.891032,0.00079402863,0.007887408,0.0010882734,0.00041359392,0.002718392,0.0039804876,0.0041498127
syn-0153,1,0,0,4,4,0.15323934,0.04327887,0.0030557876,0.021081433,0.5032171,0.22008888,0.0121383155,0.006594754,0.0029827424,0.0031705599,0.020412603,0.010739704
syn-0154,1,0,0,1,1,0.0026920275,0.8730159,0.0018637661,0.0037550845,0.0036391497,0.06755478,0.024402024,0.0031908855,0.008045414,0.00052520557,0.0049345274,0.0063811657
syn-0155,1,0,0,4,4,0.006268785,0.009679999,0.0011055522,0.001037607,0.88497424,0.015900614,0.015716387,0.010493039,0.044934038,0.0005721716,0.004764415,0.0045530223
syn-0162,1,0,0,9,9,0.0054651834,0.0028377387,0.0014180084,0.0010170088,0.0020492037,0.0014893487,0.0002990186,0.0065364228,0.0055578426,0.97021514,0.0023638038,0.00075131765
syn-0164,1,0,0,8,8,0.008678526,0.005550693,0.0015005769,0.0017312961,0.006922526,0.062053766,0.023273008,0.009468792,0.78290904,0.025133727,0.05171315,0.021064963
syn-0170,1,0,0,6,6,0.004076628,0.0034867118,0.0033073586,0.0015566617,0.021831265,0.004892926,0.90295285,0.00915694,0.0075087068,0.004867253,0.022264851,0.014097738
syn-0173,1,0,0,8,8,0.0127577735,0.016373873,0.0037882116,0.003131403,0.007842821,0.01694196,0.07037773,0.014993382,0.82769346,0.01030028,0.009325258,0.0064737108
syn-0190,1,0,0,3,1,0.0066129244,0.5015167,0.013478024,0.35086554,0.017882438,0.06658136,0.008524396,0.0067600394,0.0005434964,0.0066316565,0.0014114178,0.019191945
syn-0193,1,0,0,11,11,0.00541545,0.03664638,0.0067791417,0.008813171,0.012820068,0.009654323,0.012110821,0.076600835,0.032282453,0.018177245,0.026333064,0.754367
syn-0198,1,0,0,0,0,0.45437944,0.052624986,0.012858416,0.20189609,0.13999096,0.07769297,0.0071956054,0.023257054,0.003953293,0.007418888,0.002982126,0.015750093
syn-0201,1,0,0,0,0,0.9276067,0.006050858,0.00091952103,0.0004305777,0.011495669,0.002067197,0.004889267,0.00079432945,0.04318461,0.0010489541,0.00021533691,0.0012970177
syn-0204,1,0,0,1,1,0.0074733333,0.8784506,0.00032020587,0.00075437943,0.003544669,0.010545268,0.010193854,0.0019372819,0.08364474,0.0004907792,0.0017087333,0.0009361866
syn-0209,1,0,0,7,7,0.012008821,0.0060740244,0.063397825,0.004737407,0.040078897,0.14705026,0.029896699,0.627434,0.03436607,0.0019579206,0.017353158,0.015644899
syn-0222,1,0,0,8,8,0.011849308,0.0055620284,0.0008468856,0.001438344,0.0028972656,0.0061970674,0.016114183,0.008925227,0.9187016,0.0037539327,0.019940685,0.0037735505
syn-0233,1,0,0,8,8,0.0056242514,0.0092384,0.00034567807,0.0023135645,0.011516803,0.0019940769,0.037492257,0.0028040395,0.9101054,0.007881384,0.009398634,0.00128549
syn-0244,1,0,0,3,3,0.0064768204,0.011382698,0.014679883,0.858641,0.02061866,0.013984451,0.012107335,0.0051498986,0.009199776,0.004747945,0.03960588,0.003405547
syn-0248,1,0,0,6,6,0.0029225987,0.014394387,0.0053425385,0.006575963,0.04348672,0.02510622,0.50703794,0.010044273,0.0019844477,0.002886223,0.37025693,0.009961693
syn-0251,1,0,0,10,10,0.0026336464,0.011829497,0.0042880387,0.0060237986,0.0040944056,0.0113839945,0.03400606,0.0048071253,0.013779701,0.038328193,0.8400042,0.028821291
syn-0252,1,0,0,8,8,0.005069735,0.01704667,0.00041184024,0.002021659,0.008252911,0.0024600264,0.059041347,0.0026686278,0.88222766,0.005441792,0.013472932,0.001884761
syn-0254,1,0,0,7,7,0.01818043,0.011815691,0.062083755,0.011181699,0.020834433,0.023011692,0.08693551,0.4394582,0.03914546,0.02802316,0.03830262,0.22102733
syn-0263,1,0,0,0,0,0.8634204,0.01571763,0.0012106954,0.0008764863,0.09474525,0.0042243134,0.0021247047,0.0014719253,0.004888014,0.001281521,0.000547793,0.009491228
syn-0267,1,0,0,4,4,0.12475008,0.034850463,0.0022582067,0.003485417,0.7815911,0.02258014,0.007259171,0.006159603,0.008711971,0.0009368298,0.0012630081,0.006153932
syn-0269,1,0,0,10,10,0.0030624494,0.030828938,0.016731761,0.0058704647,0.041595556,0.018250102,0.036252327,0.01071195,0.00417948,0.046670537,0.74003726,0.04580918
syn-0272,1,0,0,3,3,0.07941048,0.16877937,0.02553186,0.32554805,0.17457883,0.010215221,0.05477728,0.053059567,0.0068787867,0.0092033,0.017018115,0.07499911
syn-0278,1,0,0,9,9,0.005396322,0.0053482857,0.004692199,0.01077041,0.0043874173,0.018349435,0.013463228,0.012471265,0.018047756,0.67228425,0.1873741,0.04741537
syn-0283,1,0,0,7,7,0.0017193477,0.0005305741,0.04378296,0.002984633,0.00242298,0.06912579,0.0029114275,0.8643083,0.0021756305,0.0009821123,0.007513989,0.0015422184
syn-0284,1,0,0,0,0,0.72427154,0.013209534,0.0051371567,0.0063745347,0.013639946,0.0420931,0.004488573,0.009869057,0.072653174,0.03797401,0.045699116,0.024590204
syn-0303,1,0,0,7,7,0.014655241,0.0075241886,0.02709632,0.020291802,0.021012906,0.040824175,0.008869352,0.8388921,0.0022414948,0.001129774,0.0077590677,0.009703534
syn-0308,1,0,0,3,3,0.010255724,0.009584228,0.013367449,0.8478287,0.036251172,0.012898416,0.025568524,0.004792571,0.0032277592,0.016645808,0.0128982,0.006681408
syn-0310,1,0,0,10,10,0.0010335909,0.00075081683,0.00045511927,0.0021971515,0.0054321373,0.0018594881,0.0022591723,0.0019009068,0.0012294849,0.018763663,0.94389564,0.020222858
syn-0311,1,0,0,9,3,0.020478537,0.031631768,0.025685254,0.4526785,0.015786491,0.013902078,0.029070089,0.013943386,0.0041398653,0.25260472,0.070633814,0.06944546
syn-0323,1,0,0,7,7,0.0013216428,0.0008175728,0.0130437305,0.015537852,0.0054892115,0.023309274,0.0074954904,0.9058328,0.0046042013,0.0135805085,0.0041470486,0.004820734
syn-0325,1,0,0,4,3,0.00658664,0.020939423,0.00601704,0.6636348,0.19225226,0.053757783,0.01939579,0.01554377,0.0029376186,0.00924745,0.0072095077,0.002478018
syn-0333,1,0,0,5,5,0.0074429614,0.004073369,0.00037899057,0.035826027,0.03378925,0.75425714,0.0327512,0.007289583,0.10714214,0.0017273327,0.01274021,0.0025817577
syn-0353,1,0,0,7,7,0.0044981833,0.010777206,0.017301857,0.061533816,0.0489948,0.15290275,0.008584561,0.5946494,0.0058668656,0.018601047,0.034514613,0.041774955
syn-0363,1,0,0,9,10,0.15384087,0.10262562,0.010822722,0.025849914,0.060101435,0.02296647,0.06844544,0.02292299,0.08738638,0.040126007,0.27281046,0.13210174
syn-0371,1,0,0,6,6,0.0057331324,0.07738069,0.012493374,0.008471331,0.005050411,0.00087887945,0.67433286,0.0022776101,0.012889809,0.0023746917,0.18405826,0.014058921
syn-0373,1,0,0,11,11,0.0004087592,0.003002589,0.0014015941,0.0023033319,0.001698297,0.0007710018,0.00289524,0.002753884,0.0010172105,0.02544798,0.012681769,0.9456184
syn-0376,1,0,0,5,5,0.00020746303,0.0006171856,0.0001969326,0.0013784373,0.0015973501,0.93663186,0.05252686,0.0014376993,0.00085027755,0.00010908684,0.004010162,0.00043664585
syn-0377,1,0,0,5,7,0.041943427,0.012599944,0.02134253,0.088063724,0.04566128,0.2875378,0.011420062,0.41621745,0.0014229069,0.0042420565,0.017118176,0.05243065
syn-0382,1,0,0,0,0,0.96020454,0.003569491,0.0008531679,0.0024608853,0.024242658,0.0012051394,0.00044021188,0.0009493961,0.0016476685,0.0016129769,0.001411751,0.0014023666
syn-0384,1,0,0,1,1,0.0138837835,0.86428636,0.0045075333,0.00368411,0.010017295,0.011631614,0.028356185,0.0055500795,0.029750986,0.003928392,0.0007259304,0.023677517
syn-0397,1,0,0,1,1,0.005181594,0.8716046,0.0057435865,0.012992972,0.01020421,0.0007822149,0.048752252,0.0025573515,0.0023586405,0.0013925765,0.029500507,0.008929503
syn-0405,1,0,0,8,8,0.002397768,0.0026001213,0.0012077997,0.0002811344,0.0011006658,0.002314243,0.0012137508,0.007510317,0.8985356,0.06905001,0.010338413,0.0034500835
syn-0410,1,0,0,10,10,0.013464923,0.024470272,0.0071925665,0.004868054,0.037526224,0.009798989,0.010801372,0.023309894,0.008919444,0.05996228,0.71773547,0.08195054
syn-0416,1,0,0,2,2,0.0002177587,0.00020692855,0.9935835,0.0017980246,0.00047853927,0.0005783099,0.00022700228,0.0015990703,0.00024163668,7.194025e-05,0.00054498087,0.0004523478
syn-0421,1,0,0,10,10,0.0028051247,0.01406839,0.0025228632,0.0062370817,0.006232965,0.0044067553,0.042634796,0.0025573303,0.022318061,0.08625393,0.7794919,0.03047082
syn-0427,1,0,0,5,5,0.056335628,0.04020409,0.011579806,0.11652504,0.18939213,0.30544478,0.0886562,0.04034579,0.040414914,0.031281702,0.0502187,0.029601198
syn-0437,1,0,0,3,10,0.006337557,0.009398894,0.004091604,0.42041898,0.036552962,0.014027569,0.02168877,0.0039938292,0.008664364,0.017507765,0.45373043,0.0035871505
syn-0439,1,0,0,6,6,0.0078122388,0.0034172588,0.0007401567,0.0007284318,0.003509846,0.002613819,0.7113552,0.00498942,0.26063654,0.0009489594,0.0007407166,0.0025073765
syn-0448,1,0,0,4,5,0.0012355547,0.00089186995,0.00038847406,0.0020529232,0.007968653,0.9772853,0.001891181,0.0015530689,0.0028540243,0.00071919983,0.0025347725,0.00062496075
syn-0449,1,0,0,11,11,0.0016982208,0.0029162436,0.009242237,0.0441451,0.03182252,0.0017080426,0.039051652,0.016197259,0.0014877744,0.016082114,0.036543902,0.7991049
syn-0450,1,0,0,10,10,0.0020454836,0.003962932,0.0017717936,0.00055075163,0.0040249205,0.0055469414,0.006842446,0.0049653,0.0013600128,0.007354986,0.9560216,0.0055528353
syn-0451,1,0,0,8,8,0.012408724,0.002643386,0.0022946508,0.0009117829,0.0027290978,0.106934994,0.0015844117,0.022707628,0.7800518,0.026604913,0.03098618,0.010142353
syn-0455,1,0,0,2,2,0.021286318,0.013417425,0.2604214,0.16548473,0.039880045,0.0032522809,0.1616672,0.24415004,0.01990541,0.044580765,0.014827466,0.011126958
syn-0473,1,0,0,10,10,0.00031895482,0.0024384295,0.0012053541,0.0018296316,0.0075176205,0.0007845805,0.0052657574,0.0012823221,0.0033231128,0.018224569,0.9554093,0.002400468
syn-0474,1,0,0,0,0,0.88600254,0.0053254953,0.008654542,0.05031031,0.011978069,0.0061542764,0.0026035197,0.003462641,0.003471426,0.016874276,0.00034087934,0.0048221606
syn-0478,1,0,0,2,2,0.0023633859,0.0017847315,0.849065,0.018499244,0.008375684,0.00792428,0.002886241,0.09065861,0.0021149316,0.0019143493,0.0061743343,0.008239232
syn-0480,1,0,0,1,1,0.014906344,0.643943,0.009171192,0.14085303,0.033384223,0.057222616,0.021018028,0.013599101,0.0022051474,0.02465254,0.0028949054,0.036149845
syn-0482,1,0,0,1,1,0.01329199,0.42277616,0.0058883494,0.3938592,0.027592782,0.0051399423,0.08578116,0.0030351556,0.0024545402,0.007545149,0.02742596,0.005209724
syn-0484,1,0,0,3,3,0.0072635044,0.01611688,0.0055366857,0.8965238,0.026761271,0.03292602,0.0025836765,0.0040050955,0.00036983067,0.0006721293,0.0059401873,0.0013009749
syn-0495,1,0,0,2,2,0.0029951876,0.0028014837,0.9039761,0.020617738,0.019637257,0.027198957,0.00035864976,0.011755064,0.00078215555,0.0015576798,0.002241311,0.006078429
syn-0496,1,0,0,8,8,0.0044977753,0.009124061,0.00061742513,0.00048010095,0.004660957,0.0017425809,0.097579725,0.0008405294,0.86844355,0.0042387713,0.005900104,0.0018744573
syn-0002,1,0,1,1,1,0.007437901,0.9177941,0.0075007672,0.0049264547,0.008627602,0.007790657,0.022819977,0.0027948169,0.0016944081,0.0015088728,0.0064774803,0.010627
syn-0004,1,0,1,10,10,0.008536811,0.0029180874,0.0035409348,0.0061946292,0.015080832,0.020877002,0.038015977,0.023801083,0.2898872,0.17627166,0.39173356,0.02314222
syn-0011,1,0,1,10,9,0.029709209,0.02203539,0.02272483,0.025615422,0.026274383,0.10071504,0.0277852,0.035187002,0.039951764,0.29965895,0.25381038,0.11653245
syn-0015,1,0,1,6,6,0.05482783,0.117565386,0.010512994,0.038603786,0.0852572,0.13441968,0.33138767,0.020021107,0.12758623,0.021290243,0.037224934,0.021303
syn-0017,1,0,1,3,3,0.04491945,0.020259462,0.026321553,0.6654744,0.027411986,0.098068506,0.022704927,0.03701703,0.009770121,0.017716331,0.023104869,0.007231393
syn-0031,1,0,1,0,0,0.911923,0.014550476,0.0039670914,0.0035366395,0.034791753,0.0024997366,0.0069170874,0.0071855085,0.0045815525,0.0039032223,0.0016988848,0.0044451607
syn-0036,1,0,1,5,5,0.05062576,0.073416695,0.0039366833,0.025079453,0.082695335,0.5896081,0.018024188,0.015856516,0.015791722,0.032646555,0.050254934,0.042064052
syn-0051,1,0,1,3,3,0.04545988,0.037758097,0.030055106,0.45565104,0.039197598,0.04310127,0.026064213,0.01783155,0.009846157,0.15085436,0.08580741,0.05837334
syn-0058,1,0,1,9,9,0.0133533105,0.0029837945,0.004098186,0.009751173,0.011094512,0.01024163,0.007205564,0.006565716,0.15540932,0.7416207,0.021155044,0.01652102
syn-0062,1,0,1,7,7,0.012419522,0.016142676,0.068041995,0.012264638,0.021723095,0.06285885,0.005186305,0.78320473,0.0029397944,0.001784998,0.0031375785,0.010295895
syn-0063,1,0,1,1,1,0.013380052,0.7185631,0.013982907,0.03493547,0.09159016,0.043553367,0.01610539,0.011474006,0.009738191,0.0055752206,0.026788076,0.014314004
syn-0067,1,0,1,5,5,0.008363607,0.014434737,0.0029954368,0.012607226,0.02641095,0.8676152,0.008811361,0.006493807,0.0070849904,0.0052782977,0.029129278,0.0107751265
syn-0068,1,0,1,10,10,0.023267336,0.037261236,0.023274234,0.04239952,0.05323004,0.06986363,0.2215088,0.01626311,0.034799173,0.06170714,0.3908149,0.025610896
syn-0069,1,0,1,11,11,0.026455317,0.070621796,0.0096457265,0.030325398,0.06706969,0.08259626,0.0691831,0.024425136,0.009163361,0.016068896,0.03057393,0.56387144
syn-0086,1,0,1,10,10,0.00083930185,0.00516825,0.00314089,0.0026287092,0.008527133,0.008816311,0.026186196,0.010083611,0.0009795389,0.0050008264,0.9125775,0.01605171
syn-0093,1,0,1,5,5,0.0037458246,0.03297611,0.0031154058,0.02276552,0.019391231,0.53180957,0.3137697,0.01603804,0.0052194637,0.0046485155,0.039648883,0.0068717706
syn-0094,1,0,1,1,1,0.0084302975,0.69551855,0.03271088,0.039315067,0.008968495,0.0065198205,0.04310473,0.015665075,0.006747493,0.012707331,0.04535908,0.084953226
syn-0098,1,0,1,10,10,0.006570801,0.012699519,0.0027993964,0.006518836,0.046163376,0.020233393,0.017721137,0.013563585,0.009952507,0.011312348,0.8367184,0.015746774
syn-0114,1,0,1,4,3,0.021926314,0.10274385,0.01785932,0.42061383,0.16394281,0.022513561,0.054599695,0.016619524,0.006040399,0.07172986,0.059718736,0.04169207
syn-0119,1,0,1,6,6,0.0018326758,0.025908304,0.0016625427,0.007932176,0.010221396,0.01138501,0.5760307,0.008494066,0.022399526,0.03091139,0.28718075,0.016041506
syn-0122,1,0,1,3,3,0.0114673,0.0075520263,0.009320408,0.8144192,0.02074158,0.035726067,0.04443801,0.0063450737,0.015194302,0.014720647,0.011181515,0.008893973
syn-0125,1,0,1,9,9,0.008943597,0.0093916245,0.0068774945,0.014293981,0.016030429,0.028160667,0.020754246,0.011250943,0.06088331,0.73988885,0.05505364,0.02847128
syn-0137,1,0,1,8,8,0.004012328,0.009128254,0.0010813653,0.0016141146,0.0054541016,0.013222341,0.030631568,0.0059803245,0.88688105,0.024648169,0.0142254,0.003120864
syn-0141,1,0,1,2,2,0.004363141,0.002746674,0.94472104,0.016661845,0.0043013627,0.003045024,0.005479065,0.005462502,0.0026976038,0.0021743467,0.0052065756,0.003140801
syn-0148,1,0,1,7,7,0.015858812,0.03623506,0.037191905,0.013778355,0.024304107,0.20143418,0.02691822,0.44544572,0.036320604,0.019548528,0.08662713,0.05633738
syn-0161,1,0,1,2,2,0.0036048293,0.0024678458,0.9322978,0.010939492,0.0063588945,0.0067568184,0.0037215615,0.02083193,0.0018825112,0.0021276325,0.0039689476,0.005041658
syn-0167,1,0,1,0,0,0.916897,0.012266891,0.0015540277,0.001912971,0.020382985,0.0060940236,0.009051782,0.0033539927,0.022883862,0.0020466754,0.0012890395,0.0022667993
syn-0184,1,0,1,2,2,0.0016385684,0.0012141939,0.9785987,0.0021034167,0.0006571113,0.0005213502,0.0018844211,0.008882465,0.0005159265,0.0005523011,0.0016894677,0.0017420768
syn-0186,1,0,1,3,3,0.014279288,0.021435048,0.015199309,0.87837255,0.020576648,0.0073712864,0.0075790086,0.0038996765,0.0016104955,0.011077718,0.0076152594,0.010983698
syn-0207,1,0,1,0,0,0.59891546,0.008964967,0.001862687,0.007959357,0.046365328,0.14950699,0.028232586,0.012377334,0.12566815,0.007620636,0.010043187,0.002483329
syn-0213,1,0,1,0,0,0.66051966,0.026883036,0.0048423093,0.0063803014,0.15283479,0.020751895,0.050314996,0.008649424,0.054169744,0.0052540866,0.0034738523,0.005925941
syn-0218,1,0,1,8,8,0.019150311,0.019101072,0.0046210024,0.0059938547,0.014700904,0.06449855,0.024578152,0.020932104,0.76059353,0.010379259,0.03975305,0.015698241
syn-0219,1,0,1,0,0,0.91756994,0.016235081,0.00262248,0.0070365984,0.029127624,0.0066836867,0.0040025534,0.0019474135,0.0049905567,0.0031109655,0.0022331541,0.004439988
syn-0226,1,0,1,6,6,0.005684666,0.176576,0.014290552,0.008056794,0.017108312,0.006241396,0.5870388,0.011234375,0.011076519,0.018529858,0.095161796,0.049000964
syn-0240,1,0,1,6,4,0.03130899,0.030222017,0.012910009,0.07477287,0.42714238,0.11843253,0.20152399,0.01308466,0.015671374,0.0342119,0.02248508,0.018234259
syn-0246,1,0,1,8,8,0.05454949,0.17910351,0.0052940664,0.010933971,0.011691138,0.030543096,0.047906116,0.047894415,0.53242564,0.041637667,0.018010413,0.020010557
syn-0253,1,0,1,3,3,0.0059380443,0.012295251,0.0058701877,0.67312855,0.051836077,0.046320673,0.15117703,0.005733694,0.005556354,0.004765125,0.018032381,0.019346582
syn-0257,1,0,1,4,4,0.013868793,0.06843941,0.005204515,0.017346071,0.6440619,0.13384011,0.049597923,0.03730577,0.0156804,0.0039290404,0.0057237823,0.0050022486
syn-0259,1,0,1,4,4,0.024231995,0.041745406,0.0037023535,0.058859747,0.73217833,0.05112913,0.029590573,0.012264719,0.018338786,0.006357906,0.009745884,0.011855188
syn-0261,1,0,1,5,5,0.012623718,0.010360602,0.005416291,0.02515887,0.066203505,0.7511175,0.065238304,0.028712345,0.006518659,0.008600381,0.00721493,0.012834875
syn-0268,1,0,1,6,6,0.0025160862,0.0064256545,0.0020499644,0.0035753262,0.028882416,0.009314432,0.9124544,0.0030739924,0.005034579,0.0022945697,0.012161968,0.012216482
syn-0275,1,0,1,0,0,0.8248256,0.00995074,0.0027548396,0.008140658,0.041245207,0.010491846,0.029545482,0.01806285,0.02210212,0.007692058,0.015254145,0.009934546
syn-0281,1,0,1,10,5,0.060735166,0.14805637,0.014801929,0.04938338,0.037178826,0.2883115,0.047330003,0.0110989865,0.10511956,0.053838752,0.15305248,0.031093026
syn-0285,1,0,1,11,11,0.007769309,0.013293673,0.0063724793,0.00825293,0.010114325,0.038539387,0.040392455,0.0139677,0.08121669,0.039034203,0.026626173,0.71442074
syn-0290,1,0,1,0,0,0.86228496,0.015450196,0.006609149,0.0036181507,0.060106523,0.012626118,0.004705698,0.0032990307,0.011443132,0.0046206512,0.003605165,0.0116312355
syn-0292,1,0,1,11,11,0.008998597,0.012287419,0.0074743466,0.010096094,0.003905431,0.00659844,0.007473149,0.013107999,0.016658902,0.03523418,0.02465255,0.8535129
syn-0302,1,0,1,10,10,0.0039240406,0.010489826,0.0060155788,0.0025193545,0.021496689,0.0062543508,0.021432111,0.012743055,0.008738671,0.01519729,0.8830136,0.008175389
syn-0304,1,0,1,1,1,0.005341806,0.8493777,0.0025549023,0.009492459,0.018341785,0.018377036,0.06626446,0.0036934412,0.005806677,0.0025384454,0.013777357,0.004433757
syn-0306,1,0,1,5,5,0.02654092,0.038714297,0.020128438,0.00891893,0.027901761,0.5634505,0.023029348,0.1491844,0.057805575,0.008151224,0.01820195,0.0579726
syn-0313,1,0,1,11,11,0.028687736,0.06841516,0.02341832,0.010898545,0.01876886,0.09924194,0.11567987,0.13186428,0.043373894,0.07561844,0.11659667,0.2674363
syn-0314,1,0,1,8,8,0.013608487,0.078476064,0.0025645457,0.003329306,0.024668287,0.014717955,0.0614532,0.0033939248,0.7266639,0.016044214,0.040131923,0.01494826
syn-0322,1,0,1,2,2,0.03758443,0.00548061,0.8503724,0.028526029,0.014618236,0.0100429235,0.0045803324,0.03534567,0.0017021223,0.0020726551,0.0026820283,0.0069925534
syn-0324,1,0,1,7,7,0.021969719,0.026740253,0.026065094,0.0032783078,0.008660386,0.044063237,0.019073786,0.7179753,0.05719625,0.03315934,0.021430148,0.020388274
syn-0335,1,0,1,3,11,0.004515631,0.0082056355,0.0061665196,0.10239657,0.0123663,0.012027582,0.006516423,0.002042182,0.0009368028,0.013905477,0.026891965,0.8040289
syn-0343,1,0,1,8,8,0.014812647,0.019748403,0.012836282,0.0030940694,0.04823417,0.038989615,0.038360607,0.06528382,0.6212921,0.09637543,0.01819298,0.022779886
syn-0346,1,0,1,6,6,0.012122178,0.021492625,0.027582906,0.04157166,0.03206095,0.009770666,0.6841612,0.02347162,0.016191438,0.029755525,0.07240892,0.029410392
syn-0348,1,0,1,9,9,0.019542538,0.033128362,0.014066956,0.034614787,0.04356267,0.021729125,0.02331447,0.04147427,0.073094286,0.6143799,0.054502435,0.02659022
syn-0349,1,0,1,5,5,0.009796016,0.007025185,0.0055784034,0.027730737,0.043662436,0.7996469,0.005035034,0.039223,0.010099127,0.011864099,0.015444891,0.024894102
syn-0350,1,0,1,2,2,0.007217708,0.0021276374,0.91482514,0.015225863,0.003780222,0.0069500646,0.0056409133,0.03547912,0.0010503359,0.0026559653,0.0015264951,0.0035206839
syn-0351,1,0,1,11,11,0.01100343,0.009522821,0.008589645,0.016230064,0.0093115885,0.012675262,0.014261827,0.007854885,0.0025554807,0.013351796,0.01710629,0.87753695
syn-0354,1,0,1,8,8,0.038462434,0.015169487,0.0030038091,0.005886262,0.014918248,0.0389416,0.024626024,0.004263179,0.8358218,0.012856527,0.0021248753,0.0039257617
syn-0356,1,0,1,8,8,0.017949598,0.025399046,0.0021453833,0.0015197285,0.020609658,0.0054640453,0.014253564,0.0027476936,0.8638548,0.006974978,0.025453895,0.013627558
syn-0357,1,0,1,3,3,0.02699408,0.045126747,0.04237854,0.7412169,0.025853362,0.018031364,0.010577903,0.01147902,0.0024822683,0.022683624,0.03432198,0.01885424
syn-0367,1,0,1,4,4,0.030701464,0.03415463,0.018746458,0.011931731,0.7581671,0.031668574,0.016926019,0.021663317,0.04741223,0.009774949,0.004441172,0.014412429
syn-0372,1,0,1,1,1,0.038549304,0.66183746,0.008590113,0.13022733,0.023618396,0.02894684,0.017859116,0.0040806597,0.0052596414,0.013681319,0.035232347,0.032117352
syn-0378,1,0,1,2,2,0.0055666403,0.007723019,0.88182575,0.041106436,0.0013875109,0.00375973,0.002755411,0.028232537,0.0013769442,0.007798618,0.009428994,0.009038364
syn-0380,1,0,1,4,4,0.033145092,0.014587611,0.003924684,0.008588198,0.5654055,0.31270862,0.0035685922,0.018447284,0.00919274,0.0078805415,0.008356884,0.014194365
syn-0381,1,0,1,8,8,0.0047005084,0.006168125,0.0010016783,0.0014353362,0.010694738,0.03096718,0.014122899,0.008281397,0.8759253,0.01635038,0.023308763,0.007043609
syn-0408,1,0,1,4,4,0.14189096,0.046568234,0.04030307,0.1761129,0.3405763,0.01900017,0.03778467,0.020872766,0.085708566,0.028446969,0.018525431,0.04420997
syn-0415,1,0,1,1,1,0.035142433,0.25317934,0.01148699,0.050995864,0.043685224,0.09506865,0.016095571,0.021630393,0.18220016,0.067470364,0.05225859,0.1707864
syn-0423,1,0,1,9,9,0.006150145,0.0065855263,0.0054541957,0.007394028,0.002602365,0.005223412,0.0020184675,0.0030318894,0.024350211,0.90559196,0.025244696,0.0063530225
syn-0426,1,0,1,10,10,0.009501083,0.010195299,0.020835275,0.007501146,0.012687762,0.03268486,0.07066906,0.033792976,0.044216372,0.07381113,0.41047502,0.27363
syn-0428,1,0,1,8,1,0.012886563,0.5197573,0.0016801875,0.0062203174,0.035985507,0.016895311,0.04950844,0.0040485263,0.3167207,0.00482448,0.023941318,0.0075313277
syn-0433,1,0,1,5,5,0.003464454,0.04625594,0.014448971,0.028526232,0.2717551,0.53376967,0.0054122806,0.07729667,0.0041771564,0.004484669,0.006618821,0.0037900629
syn-0435,1,0,1,10,10,0.0019011103,0.0034720255,0.004934833,0.0065965434,0.025853936,0.008643499,0.01723219,0.008966944,0.0043907743,0.022876557,0.880519,0.014612679
syn-0443,1,0,1,7,7,0.0072107567,0.008063182,0.030639825,0.019458368,0.017433217,0.08322379,0.013975097,0.76099277,0.021265196,0.021411425,0.009650549,0.0066758655
syn-0447,1,0,1,7,7,0.0033323423,0.009683137,0.013293081,0.0035127988,0.004828588,0.04618925,0.009315548,0.8479081,0.010706551,0.004753145,0.005324298,0.04115312
syn-0457,1,0,1,9,9,0.012167616,0.015261471,0.0044886344,0.005549329,0.0024070109,0.006544525,0.001759501,0.0062642638,0.0049036355,0.883964,0.03326585,0.023424244
syn-0458,1,0,1,6,6,0.0019874035,0.0052731936,0.0025704624,0.005582277,0.008844068,0.002763762,0.90377885,0.004994842,0.004989592,0.012915643,0.03435635,0.0119436495
syn-0464,1,0,1,4,4,0.23887628,0.014539031,0.010136003,0.0060147545,0.68035924,0.013087099,0.008942684,0.005423547,0.00749922,0.0024839996,0.0030298445,0.009608232
syn-0469,1,0,1,9,9,0.010931476,0.007910635,0.008421161,0.017601745,0.009501978,0.016588196,0.005919783,0.014144054,0.02406455,0.8269611,0.026286194,0.031669147
syn-0472,1,0,1,8,8,0.024970233,0.015120426,0.0042703226,0.011327063,0.014956065,0.041076105,0.075589865,0.011236524,0.73424155,0.019462163,0.03359885,0.014150807
syn-0486,1,0,1,1,1,0.02289929,0.38579938,0.014890809,0.017652,0.037559073,0.005879555,0.21433584,0.01296811,0.09020639,0.12861502,0.04146399,0.027730528
syn-0491,1,0,1,10,10,0.0064114225,0.0070844293,0.0060013463,0.0057797115,0.008772799,0.030218223,0.027204573,0.009684117,0.0055325893,0.026843548,0.83487284,0.031594366
syn-0499,1,0,1,11,11,0.010887827,0.02577305,0.0042451173,0.0029084156,0.00721708,0.0051866663,0.022927642,0.032876734,0.05559904,0.061652593,0.13029957,0.6404263
syn-0006,1,0,2,7,7,0.005563498,0.0073851557,0.14219254,0.01646389,0.002333258,0.0055255797,0.013752794,0.32108048,0.027254295,0.30140734,0.036311343,0.12072984
syn-0013,1,0,2,6,6,0.00525579,0.0190362,0.0022259848,0.0017574062,0.0025520765,0.013980751,0.8280379,0.017690737,0.02203272,0.0045899795,0.045545574,0.037294712
syn-0016,1,0,2,9,10,0.005148974,0.032595832,0.0056006275,0.0053610927,0.021267988,0.0081464015,0.030733015,0.00651322,0.09682879,0.27189016,0.46591315,0.050000716
syn-0018,1,0,2,3,6,0.0014829935,0.0155620035,0.0022569648,0.061330106,0.021558566,0.0060544517,0.8802051,0.0010647592,0.00085157744,0.004207479,0.0018039384,0.0036221237
syn-0025,1,0,2,8,8,0.01123138,0.0005442632,0.00014520732,0.00018224961,0.00507538,0.0022110983,0.013725879,0.00047003533,0.9647412,0.0012346548,0.00023944955,0.00019921655
syn-0026,1,0,2,10,10,0.0014134825,0.0059921546,0.0026521736,0.0035418523,0.008159681,0.008005251,0.17770125,0.0050671496,0.0053458144,0.003909704,0.7549052,0.02330626
syn-0032,1,0,2,4,4,0.027147893,0.041275144,0.006454562,0.05986672,0.7240372,0.0093527865,0.06791918,0.0184156,0.01933936,0.013463796,0.0040570805,0.008670657
syn-0033,1,0,2,5,5,0.0060240263,0.01408117,0.0015709136,0.007158974,0.017119156,0.87906283,0.041202836,0.0035659843,0.01221744,0.0052282102,0.0024708118,0.010297749
syn-0038,1,0,2,5,5,0.005549617,0.0070816753,0.0015538984,0.117633335,0.05894361,0.75352204,0.0040008947,0.032020286,0.0020711285,0.0025823663,0.004527628,0.0105135
syn-0040,1,0,2,4,4,0.008253082,0.023136185,0.006437276,0.08303866,0.74304384,0.026526341,0.005198005,0.023909342,0.0009904883,0.0035648264,0.07178927,0.0041127265
syn-0045,1,0,2,9,9,0.008007776,0.024894759,0.0020684188,0.08228292,0.006214433,0.0036275957,0.009823537,0.0019523909,0.0070255348,0.67986107,0.16854575,0.0056957924
syn-0049,1,0,2,8,8,0.025010947,0.043559793,0.021161376,0.008581998,0.029910099,0.013379063,0.08341393,0.0073293415,0.7000834,0.0499298,0.0034723498,0.01416792
syn-0050,1,0,2,4,4,0.011443756,0.043867614,0.017245779,0.18688925,0.6426434,0.012434524,0.02456495,0.03446574,0.0037272775,0.007282033,0.01004094,0.00539484
syn-0053,1,0,2,10,10,0.0007333454,0.005577408,0.0056943293,0.009827056,0.01292362,0.007700578,0.015203686,0.005756086,0.0015903881,0.010403382,0.9208083,0.003781706
syn-0059,1,0,2,3,3,0.0054183523,0.0016874069,0.0033484409,0.9172169,0.012636972,0.049246844,0.0005975132,0.001807451,0.0006894968,0.0043566446,0.0022607385,0.0007332561
syn-0077,1,0,2,2,2,0.0001376599,0.00022962196,0.99518484,0.0012450182,0.000289063,0.00024577373,0.0005605468,0.0011972287,2.7535496e-05,5.90743e-05,0.0001937428,0.0006298663
syn-0079,1,0,2,1,1,0.003146198,0.535032,0.0043083453,0.027827516,0.031715557,0.12678312,0.1529256,0.0057105706,0.061916593,0.003881747,0.011441156,0.035311565
syn-0083,1,0,2,0,0,0.91313106,0.004912285,0.00072287564,0.002952196,0.010191221,0.0408785,0.0021192918,0.003979558,0.012888238,0.0020413946,0.0014332143,0.0047501973
syn-0085,1,0,2,3,1,0.00748016,0.6275668,0.004410709,0.29155916,0.0060374956,0.009006526,0.02800507,0.0004657953,0.0011290887,0.0033794735,0.014841712,0.0061181355
syn-0090,1,0,2,5,5,0.0821695,0.0132494895,0.0008613409,0.000988438,0.02993218,0.7426707,0.0138154775,0.024484329,0.08065542,0.004645879,0.00410503,0.0024221656
syn-0091,1,0,2,4,4,0.0032845214,0.0042327265,0.00036945278,0.0041481056,0.96580225,0.0033375418,0.003529469,0.0033041742,0.0019950934,0.0021802674,0.0043219635,0.0034943065
syn-0095,1,0,2,11,11,0.00064190954,0.0052207964,0.0025203011,0.007974122,0.0021558907,0.007740623,0.0073695383,0.006994397,0.001015744,0.010752649,0.030756185,0.9168579
syn-0100,1,0,2,2,2,0.0014125645,0.000247288,0.9936445,0.00062795164,0.00022286025,0.00030623336,0.00025632817,0.0026370345,4.0037317e-05,7.090605e-05,0.00017566845,0.0003586453
syn-0101,1,0,2,3,3,0.0016324188,0.0075183306,0.0050235214,0.9427677,0.027046677,0.004405509,0.0022937586,0.005688805,0.0003756642,0.0011606512,0.0013917962,0.0006950995
syn-0103,1,0,2,11,11,0.0045813695,0.034623582,0.010827702,0.004419653,0.0058376906,0.0026361614,0.014218892,0.021289898,0.0013995674,0.0883757,0.047784172,0.76400566
syn-0107,1,0,2,10,10,8.9632464e-05,0.00016807034,0.00022187424,0.0006419519,0.0011209724,0.0009945078,0.0029916337,0.00050051056,0.00057990075,0.0011255578,0.98985404,0.0017113201
syn-0128,1,0,2,2,2,0.0008392834,0.0004663964,0.9860664,0.0034706672,0.0013460165,0.0009643865,0.0010961131,0.0020549963,0.00034131674,0.00025835272,0.0021070666,0.0009889363
syn-0149,1,0,2,8,8,0.01350979,0.019179568,0.00048966025,0.0007421554,0.009241909,0.004731987,0.007781929,0.00588383,0.87954336,0.02557769,0.010980015,0.022338133
syn-0158,1,0,2,1,1,0.006787556,0.8984744,0.0021653478,0.0050221016,0.01339574,0.0023172763,0.04197328,0.0013126668,0.013050285,0.0012136843,0.00959853,0.00468904
syn-0163,1,0,2,4,4,0.009301073,0.006806231,0.003954194,0.0007593149,0.91151303,0.008914088,0.0054336092,0.0081302095,0.028197594,0.0023813536,0.004226702,0.010382619
syn-0166,1,0,2,5,5,0.021539494,0.028142301,0.0038985412,0.02370418,0.046144556,0.7839893,0.019231772,0.028114244,0.0035605014,0.0141740125,0.022585195,0.004915882
syn-0171,1,0,2,6,8,0.0090954425,0.04100036,0.0010641599,0.0024397701,0.019707365,0.008833355,0.3649194,0.01430864,0.5243752,0.0068157366,0.002634954,0.004805652
syn-0177,1,0,2,8,8,0.008815352,0.008262718,0.0006249042,0.00087172503,0.023137558,0.0012245652,0.05743293,0.003537512,0.88576525,0.0039098104,0.0036407313,0.0027769837
syn-0179,1,0,2,1,1,0.0025403684,0.8094476,0.0021307105,0.0008093059,0.00857596,0.0036774497,0.05663036,0.0022364038,0.060001865,0.00887168,0.014790485,0.030287778
syn-0181,1,0,2,10,10,0.007123851,0.08341742,0.00619577,0.010691385,0.053843457,0.04663673,0.18419497,0.005845007,0.12715551,0.04292737,0.38904595,0.042922616
syn-0191,1,0,2,4,4,0.012422964,0.018119333,0.008800798,0.1995001,0.4827778,0.016439313,0.046421655,0.008663761,0.0052540996,0.040067088,0.14871496,0.0128181325
syn-0192,1,0,2,5,5,0.002973495,0.04338183,0.001365304,0.018967457,0.010828931,0.85015905,0.025768513,0.014773872,0.004062647,0.0037856943,0.0035316078,0.02040149
syn-0194,1,0,2,1,1,0.0014910216,0.8646692,0.00034715908,0.0001003425,0.0026725903,0.0007231439,0.004682256,0.00022167574,0.12284306,0.0004381086,0.0008463868,0.00096516206
syn-0196,1,0,2,4,4,0.111984864,0.000673216,0.00017794721,0.00021473109,0.86947733,0.0024374991,0.006909663,0.0018696369,0.0037176535,0.00030164394,0.0005732615,0.0016625725
syn-0197,1,0,2,11,11,0.033535246,0.009719368,0.0076321885,0.061705902,0.019080542,0.026051715,0.009129614,0.008142341,0.005277462,0.011254109,0.00092044787,0.8075511
syn-0203,1,0,2,8,8,0.0052781464,0.009523042,0.00066898443,0.0015628417,0.009144726,0.00693442,0.024584524,0.0014611979,0.9218604,0.004476602,0.010598229,0.003906814
syn-0208,1,0,2,8,8,0.019977074,0.007178244,0.00078395917,0.0036124804,0.012897456,0.023312397,0.023005946,0.01814153,0.859355,0.016961763,0.011881732,0.0028924218
syn-0210,1,0,2,0,0,0.81219786,0.048586354,0.0043609496,0.0048519806,0.062291488,0.022581782,0.015518911,0.017648168,0.0009905669,0.0009829951,0.001304159,0.008684596
syn-0224,1,0,2,8,8,0.092638195,0.016519343,0.00045563665,0.0033658128,0.06805673,0.039437756,0.053580627,0.010332669,0.6649791,0.0137938885,0.03139885,0.0054413704
syn-0239,1,0,2,6,6,0.00202832,0.0050341273,0.0024861025,0.0064790403,0.02670493,0.004161807,0.90406317,0.009130292,0.0013380052,0.0017360437,0.022364177,0.014474014
syn-0242,1,0,2,0,0,0.84646755,0.01092472,0.0044484674,0.0070864703,0.07119121,0.003511605,0.0018439731,0.0073901997,0.02989559,0.015049738,0.00024958458,0.001940955
syn-0243,1,0,2,10,10,0.013268124,0.11719283,0.013244915,0.01966807,0.0087066,0.014749169,0.07714151,0.014579091,0.046270136,0.085685685,0.4783594,0.11113443
syn-0250,1,0,2,11,11,0.0008680421,0.0028112899,0.0014684541,0.0006404437,0.00043076856,0.000840091,0.002251545,0.005298387,0.0014448465,0.076516524,0.044146396,0.8632833
syn-0260,1,0,2,11,11,0.00787452,0.022863664,0.006643423,0.013930702,0.013732268,0.020521646,0.051918577,0.019073227,0.004253681,0.030313274,0.13245428,0.6764208
syn-0262,1,0,2,10,10,0.004622726,0.009426844,0.003999415,0.004011507,0.0046359063,0.02204323,0.008503661,0.014306839,0.0051232907,0.012241239,0.8992911,0.011794297
syn-0265,1,0,2,3,3,0.010712312,0.004473044,0.018182732,0.7639778,0.028303772,0.0984149,0.0034509473,0.01380878,0.0006978579,0.037316248,0.0147632845,0.005898177
syn-0271,1,0,2,2,2,0.0069199726,0.0048121293,0.5783153,0.09166279,0.0028079879,0.0030568899,0.008509208,0.03805137,0.0038140246,0.118634336,0.12678817,0.01662786
syn-0274,1,0,2,9,9,0.0054826876,0.0010440776,0.008895365,0.00798567,0.005907788,0.0014498236,0.0025048938,0.016926322,0.024883388,0.68738216,0.20058398,0.036953885
syn-0279,1,0,2,0,0,0.9688401,0.0038721904,0.001080967,0.0008218754,0.008384451,0.0010801349,0.0020599202,0.002287467,0.008450992,0.0010824256,0.00068635034,0.0013529765
syn-0280,1,0,2,0,0,0.9630797,0.0022771691,0.0003277418,0.00032663657,0.026314028,0.0005325724,0.0019897758,0.0004893107,0.003524353,0.0005381291,0.00021085663,0.00038960442
syn-0282,1,0,2,7,7,0.013934697,0.022372518,0.038902957,0.01067903,0.07799134,0.057428945,0.10756142,0.54349434,0.014476946,0.058964543,0.008239896,0.04595334
syn-0286,1,0,2,8,8,0.012041263,0.023921648,0.004746789,0.0009131282,0.026557097,0.010813691,0.078441024,0.0045887763,0.7866948,0.029367382,0.011905649,0.010008782
syn-0288,1,0,2,9,9,0.00376107,0.014294513,0.006088655,0.012867348,0.005809337,0.0015427879,0.02991741,0.0037417167,0.037403826,0.79266447,0.06705768,0.02485119
syn-0295,1,0,2,10,10,0.007783083,0.045267817,0.010742504,0.021024348,0.0062926235,0.014468936,0.12092644,0.0035503912,0.0019766847,0.037972774,0.6879502,0.042044178
syn-0298,1,0,2,7,7,0.0065977406,0.001804905,0.0038797678,0.0021251368,0.010014792,0.07654157,0.010273437,0.8741733,0.006611932,0.0011025704,0.0009195284,0.00595538
syn-0305,1,0,2,1,1,0.00051513134,0.9414706,0.010998973,0.003121956,0.002819296,0.0010207737,0.013017,0.0004987373,0.0028312237,0.002943558,0.006399842,0.014362929
syn-0318,1,0,2,11,11,0.011522389,0.010995592,0.022900851,0.06139527,0.012874495,0.0037922352,0.09481411,0.004966724,0.0017597041,0.09863525,0.23525724,0.4410862
syn-0326,1,0,2,1,1,0.031263713,0.5657266,0.0025627746,0.0021551175,0.05774478,0.003574695,0.07115029,0.02655276,0.12547453,0.037659243,0.0128094265,0.0633261
syn-0328,1,0,2,10,10,0.00091736374,0.0034502882,0.0011003368,0.0025807207,0.002242236,0.0045670155,0.0041560116,0.0007388168,0.0036648281,0.0028522592,0.9680491,0.005681044
syn-0332,1,0,2,6,6,0.0058698836,0.08821142,0.023922006,0.15472162,0.052003246,0.015810149,0.39811823,0.0044718366,0.00952767,0.043369263,0.19648297,0.007491735
syn-0338,1,0,2,8,8,0.043079495,0.048642438,0.01636648,0.01869037,0.014274078,0.004560382,0.014508588,0.030515673,0.5551327,0.15693988,0.038297597,0.058992323
syn-0355,1,0,2,5,5,0.01613485,0.009872095,0.010264091,0.009107892,0.01426432,0.6516798,0.021186713,0.0070921653,0.0063003306,0.016703837,0.20264137,0.034752555
syn-0366,1,0,2,9,9,0.011934854,0.0033664799,0.004174136,0.011927913,0.0076669073,0.015580035,0.0075704562,0.0020534152,0.0012616066,0.86623627,0.04551765,0.022710215
syn-0369,1,0,2,6,6,0.0023336,0.24482639,0.0011616366,0.008691554,0.050938047,0.12579545,0.5096862,0.014540733,0.011450224,0.0068486515,0.021044627,0.002682898
syn-0370,1,0,2,9,9,0.018897615,0.0056798956,0.010195767,0.023350384,0.0041173096,0.006676685,0.0075505273,0.012076458,0.02151734,0.5374321,0.12571882,0.22678714
syn-0391,1,0,2,0,0,0.946685,0.011486086,0.0007809421,0.00078597455,0.009990079,0.0032316206,0.0018325426,0.0015350183,0.020658791,0.0015683629,0.00047046377,0.00097510446
syn-0392,1,0,2,1,1,0.0018811467,0.85589325,0.005770072,0.010738327,0.008086458,0.0016363321,0.007955658,0.0012939257,0.0025895857,0.0065029766,0.08145959,0.016192619
syn-0396,1,0,2,3,3,0.0019218732,0.0061111604,0.01440693,0.92585844,0.01044433,0.012732174,0.0044688717,0.019946927,0.00011703533,0.0006494959,0.00097195734,0.0023708618
syn-0407,1,0,2,6,3,0.0055693337,0.07923331,0.01269358,0.67003775,0.026063845,0.0122430725,0.13158166,0.0026621877,0.004502369,0.0034523609,0.033553842,0.018406635
syn-0411,1,0,2,2,2,0.0007545611,0.001008284,0.96287143,0.00837176,0.0009570657,0.0005356414,0.0018922081,0.010678183,0.00034184314,0.0032228045,0.0041424707,0.005223817
syn-0414,1,0,2,5,4,0.0006653047,0.000997606,0.0004297151,0.0008871407,0.95879567,0.026230427,0.0008596093,0.0038213797,0.0034383547,0.0004908764,0.0022324526,0.0011514487
syn-0420,1,0,2,2,2,0.00067223853,0.0001997812,0.9835917,0.00047405588,0.0003614015,0.00045352132,0.00023531742,0.012614905,0.00014630922,0.00033358368,0.00026948212,0.0006476802
syn-0430,1,0,2,1,1,0.009532076,0.65919846,0.0054490766,0.11715916,0.011246371,0.10829089,0.008892277,0.0015288348,0.0008263727,0.003773979,0.043574095,0.030528404
syn-0431,1,0,2,3,3,0.0028545654,0.0007423928,0.0029290393,0.9808187,0.005458461,0.0038370618,0.0009926268,0.00040483262,5.6756166e-05,0.0010674212,0.00044253923,0.00039563572
syn-0432,1,0,2,6,6,0.0028893885,0.0047940766,0.0008542854,0.008366263,0.0052667195,0.0041552135,0.9300827,0.0016307734,0.0065230126,0.002683163,0.023915958,0.008838552
syn-0477,1,0,2,7,7,0.019411728,0.07226811,0.14843495,0.05673337,0.04325048,0.1245009,0.008191999,0.33148676,0.057082795,0.043607205,0.04223116,0.05280058
syn-0485,1,0,2,10,10,0.0018501387,0.017513232,0.0009135864,0.0016022116,0.01721069,0.0072751828,0.061261367,0.0076366705,0.025045095,0.0037697945,0.8507408,0.0051812315
syn-0488,1,0,2,10,10,0.0009667157,0.0028926532,0.002214161,0.007326387,0.02616487,0.003498422,0.025486562,0.0035185139,0.017095575,0.016482055,0.8849493,0.009404788
syn-0489,1,0,2,11,11,0.006455542,0.02763515,0.0026379384,0.014578997,0.015252405,0.03778622,0.028460741,0.008673123,0.0075083184,0.009259929,0.10074777,0.7410038
syn-0498,1,0,2,7,7,0.0024351568,0.0028360533,0.016297024,0.0027494552,0.003975155,0.03547199,0.014873277,0.89207417,0.014181872,0.0018353412,0.0012899342,0.01198049
syn-0003,1,0,3,2,2,0.0028400251,0.0009598152,0.97198176,0.0045397133,0.0023752325,0.002781626,0.0012376874,0.0072314497,0.0005757118,0.0019323862,0.0017826838,0.0017619535
syn-0010,1,0,3,9,9,0.011998389,0.0055507557,0.0012413607,0.0049396385,0.0035492866,0.0054775192,0.0026038517,0.0041698674,0.03666416,0.89893913,0.012657811,0.01220817
syn-0020,1,0,3,6,6,0.006657381,0.006129532,0.008148862,0.008121976,0.015864952,0.028384069,0.8180976,0.01118115,0.023104481,0.016424244,0.039798655,0.018087193
syn-0024,1,0,3,2,2,0.006509466,0.006645537,0.87528145,0.013614959,0.007572766,0.0026476225,0.017671175,0.030473081,0.0017843507,0.003679634,0.0245309,0.009589155
syn-0027,1,0,3,4,4,0.030647315,0.012681489,0.0020178198,0.0029833391,0.76537067,0.05839267,0.028578633,0.025069216,0.06663815,0.001377464,0.00303568,0.0032074268
syn-0043,1,0,3,9,9,0.012571187,0.0061519104,0.015373788,0.0078749815,0.008545444,0.015472345,0.009889118,0.043539707,0.017073458,0.57271177,0.24476387,0.04603242
syn-0044,1,0,3,2,2,0.010428471,0.025023255,0.76710325,0.019858764,0.010669062,0.009006238,0.011895804,0.08065863,0.006454235,0.0066898614,0.026148804,0.026063569
syn-0052,1,0,3,4,4,0.22852328,0.06871631,0.009691424,0.014673143,0.307767,0.15104024,0.029564783,0.07008211,0.017010452,0.040683724,0.04026893,0.021978593
syn-0056,1,0,3,8,8,0.045459215,0.02646372,0.0030401335,0.0061127334,0.061495934,0.050862473,0.054006837,0.03526755,0.5916404,0.021936579,0.08961006,0.014104369
syn-0057,1,0,3,8,8,0.037124865,0.099490404,0.012587811,0.011759233,0.019812675,0.07509545,0.06557992,0.047627848,0.35717037,0.06508032,0.15934657,0.0493244
syn-0061,1,0,3,4,4,0.030979156,0.038982615,0.008642694,0.03713823,0.44983527,0.10679491,0.14712793,0.018873733,0.0406064,0.013450132,0.07999679,0.027572284
syn-0064,1,0,3,6,6,0.015175328,0.045305677,0.009492218,0.0121455705,0.05137517,0.046496905,0.4504312,0.013416835,0.03586465,0.033057958,0.14902541,0.13821302
syn-0070,1,0,3,2,2,0.0025863396,0.0031234126,0.9159609,0.01010875,0.007531194,0.004227582,0.0022521354,0.038374055,0.0010514305,0.0031406593,0.004778883,0.0068647517
syn-0072,1,0,3,0,0,0.99027985,0.0013078544,0.0006009161,0.00019727957,0.0032688675,0.00041095837,0.00066307065,0.0007989747,0.00067643006,0.0008338364,0.00014896967,0.0008130067
syn-0074,1,0,3,5,5,0.12618887,0.18063764,0.013358558,0.048128333,0.031089475,0.38794297,0.04086857,0.075057104,0.04176611,0.01568469,0.021959646,0.017318062
syn-0075,1,0,3,7,7,0.014980148,0.009226195,0.023652798,0.008119907,0.0515274,0.07543163,0.01843666,0.67579573,0.0110105835,0.039805558,0.029475272,0.04253802
syn-0081,1,0,3,10,3,0.021894617,0.04620099,0.018814355,0.32241824,0.08548239,0.05401075,0.083010234,0.015798848,0.05735541,0.027155919,0.1903636,0.07749472
syn-0097,1,0,3,10,10,0.01184628,0.031392876,0.0066574407,0.019102154,0.0102209,0.018788138,0.041440696,0.0032214131,0.018804977,0.022422208,0.7924416,0.02366133
syn-0102,1,0,3,1,1,0.016021563,0.85339713,0.00092928833,0.006507812,0.025857197,0.002872391,0.028844498,0.0036985183,0.051096905,0.0027609633,0.0038344532,0.0041794195
syn-0105,1,0,3,4,4,0.25319967,0.05611052,0.013867469,0.041908633,0.45716873,0.01541401,0.023898495,0.018622715,0.021592036,0.03329721,0.04524751,0.019673092
syn-0120,1,0,3,3,3,0.01720301,0.027007945,0.017241085,0.74933904,0.022371303,0.0061542904,0.028063765,0.016390163,0.012659938,0.07172384,0.013616792,0.01822882
syn-0121,1,0,3,9,9,0.0088702915,0.012277198,0.02494586,0.019199343,0.005865131,0.009010597,0.02304924,0.036638264,0.03986466,0.7065084,0.07748983,0.036281206
syn-0135,1,0,3,0,0,0.8180509,0.03209481,0.0027954758,0.0025658295,0.032758377,0.008687966,0.012299333,0.0066793915,0.0641834,0.007546291,0.0058777896,0.0064604715
syn-0136,1,0,3,6,6,0.029182814,0.12044326,0.02286491,0.1104757,0.03840531,0.03029456,0.31031087,0.022043472,0.008382415,0.1245225,0.11241745,0.07065665
syn-0139,1,0,3,1,1,0.006121252,0.85534537,0.004054964,0.027142083,0.023392327,0.010384866,0.039815005,0.006986574,0.006126835,0.0023815245,0.010922456,0.0073267133
syn-0147,1,0,3,0,0,0.7620715,0.018565608,0.015112474,0.04169481,0.037939597,0.011517634,0.005341359,0.013407195,0.011060656,0.059388053,0.0069661196,0.01693492
syn-0156,1,0,3,6,6,0.033233386,0.17731349,0.0060682506,0.046370707,0.06575427,0.08490112,0.35758564,0.045082584,0.055419173,0.009580584,0.05835646,0.060334265
syn-0159,1,0,3,11,11,0.001958799,0.016691303,0.0044673653,0.004814504,0.00856961,0.034563147,0.019077735,0.010452714,0.009237336,0.020485308,0.043635547,0.82604665
syn-0160,1,0,3,5,5,0.039988656,0.12595215,0.0057889055,0.17059253,0.007509179,0.48149192,0.015085171,0.050070386,0.018559856,0.009184553,0.05911707,0.016659655
syn-0168,1,0,3,1,1,0.010877059,0.81773657,0.005255134,0.022082064,0.007895744,0.04152561,0.018250884,0.009259499,0.008153481,0.027135924,0.02707402,0.0047540423
syn-0169,1,0,3,4,4,0.036178403,0.021013891,0.012523728,0.057659436,0.75669855,0.035540532,0.01778599,0.022868523,0.0039055017,0.013999181,0.0106740445,0.011152191
syn-0172,1,0,3,10,10,0.00913932,0.036812127,0.005259275,0.014131812,0.0085203545,0.037033353,0.039958112,0.0074118166,0.011535969,0.02421156,0.78470665,0.021279609
syn-0175,1,0,3,11,10,0.015764844,0.0920294,0.020294389,0.04432195,0.024433685,0.032906324,0.037905835,0.022223849,0.0118696,0.07088259,0.3141474,0.31322014
syn-0182,1,0,3,6,6,0.0017171871,0.0075437906,0.0014088816,0.0011906007,0.0046966486,0.004755663,0.93298477,0.0040337737,0.01206225,0.006773864,0.017005643,0.0058269273
syn-0183,1,0,3,4,4,0.06146362,0.014238148,0.0031566902,0.012984019,0.5606007,0.29684332,0.00864102,0.01813348,0.0040285774,0.002951619,0.0071800104,0.009778779
syn-0185,1,0,3,7,7,0.027145311,0.009386778,0.11400923,0.03593877,0.04632862,0.013916741,0.03123865,0.5730626,0.03555914,0.053904515,0.016606752,0.04290289
syn-0188,1,0,3,10,10,0.012427069,0.0485065,0.005559327,0.018621786,0.017618714,0.021051552,0.032208987,0.010810063,0.018627865,0.022391956,0.71582884,0.07634735
syn-0189,1,0,3,10,10,0.05190049,0.12101463,0.0079724835,0.10600117,0.06375692,0.10494907,0.06793886,0.013755344,0.1260532,0.04827546,0.18585382,0.10252852
syn-0200,1,0,3,5,5,0.022662371,0.06569446,0.008747273,0.23209895,0.06523515,0.29096612,0.036651004,0.25463277,0.003828255,0.0030565278,0.0032906507,0.013136434
syn-0202,1,0,3,10,10,0.01926842,0.040840644,0.017963802,0.039593093,0.050528057,0.013281879,0.051024064,0.016622195,0.2219906,0.14540873,0.27273092,0.11074759
syn-0205,1,0,3,2,2,0.0019566936,0.015453367,0.90011865,0.01917494,0.0046477835,0.0022667707,0.0046204007,0.012414649,0.0021056612,0.0062859687,0.009991751,0.02096324
syn-0221,1,0,3,11,11,0.05090495,0.1385031,0.013096081,0.015505912,0.0153635815,0.058130693,0.023286907,0.02095504,0.06499706,0.029261675,0.05477437,0.51522064
syn-0241,1,0,3,1,1,0.033631396,0.5428266,0.016575815,0.16342992,0.067360446,0.02815896,0.08510457,0.005336881,0.0147948,0.011605039,0.017023813,0.014151782
syn-0247,1,0,3,3,3,0.07334026,0.10626803,0.028711965,0.4455506,0.07921716,0.054523807,0.014055427,0.032048665,0.0088937115,0.03650128,0.06436604,0.05652304
syn-0249,1,0,3,8,8,0.03761894,0.020292852,0.009914659,0.004805088,0.029551573,0.13288331,0.007956786,0.03570643,0.5273961,0.065264545,0.10985555,0.018754167
syn-0258,1,0,3,3,5,0.030142486,0.034923073,0.023984728,0.17540663,0.23380591,0.35050076,0.01559771,0.09029875,0.004154931,0.01388279,0.0099185575,0.017383674
syn-0273,1,0,3,0,0,0.7528548,0.030312931,0.02671364,0.038111564,0.03498761,0.038210373,0.012898844,0.0175461,0.0022129647,0.013882704,0.023213468,0.009054897
syn-0276,1,0,3,6,6,0.020378346,0.03419922,0.02214051,0.013548645,0.13346602,0.020604536,0.24388725,0.042101804,0.008962246,0.027278867,0.21952233,0.21391033
syn-0289,1,0,3,8,0,0.20357454,0.102454506,0.04607141,0.012802234,0.06106946,0.068810016,0.038693313,0.2002998,0.1777638,0.029087396,0.005414902,0.053958654
syn-0291,1,0,3,1,1,0.011482896,0.817851,0.009983965,0.0071772076,0.006987249,0.010230354,0.013334471,0.007590307,0.005038514,0.017929051,0.047741145,0.04465387
syn-0293,1,0,3,0,8,0.26590008,0.033368196,0.005780582,0.011769951,0.023829604,0.022802066,0.0163028,0.008645036,0.552473,0.03443024,0.010019772,0.0146786915
syn-0296,1,0,3,3,3,0.020385241,0.024593603,0.018652773,0.74545926,0.08599443,0.03889916,0.0051078005,0.022924092,0.0022352503,0.022252813,0.009368393,0.004127232
syn-0297,1,0,3,11,11,0.0013960877,0.02059424,0.0034085202,0.0042897468,0.0038970856,0.0021257973,0.018322807,0.006105932,0.007164194,0.0048658666,0.010580589,0.9172491
syn-0299,1,0,3,1,1,0.0073168655,0.90682626,0.005835608,0.01732594,0.007837694,0.01372255,0.0064377114,0.017192721,0.0018873501,0.008033682,0.0029370033,0.004646551
syn-0301,1,0,3,3,3,0.01534134,0.04760206,0.028886335,0.76343393,0.046566382,0.013690657,0.02224295,0.0052624512,0.0050946237,0.019288346,0.018200211,0.014390745
syn-0307,1,0,3,3,3,0.061181337,0.040761672,0.031572957,0.602958,0.053290464,0.02044163,0.023781467,0.020500913,0.029997544,0.09054362,0.010229835,0.0147405565
syn-0312,1,0,3,11,11,0.017001672,0.016293662,0.005725242,0.0074013476,0.0112993205,0.006456017,0.013393951,0.01851096,0.1732463,0.04015329,0.031796906,0.6587213
syn-0321,1,0,3,9,9,0.005454423,0.0076787258,0.0030987968,0.027086439,0.0123032015,0.004118096,0.019446354,0.0033796285,0.022806969,0.82262665,0.058655635,0.013345068
syn-0329,1,0,3,8,8,0.01236027,0.0072093448,0.003998684,0.002283832,0.064968005,0.015383671,0.015698798,0.016523954,0.6675116,0.105542876,0.038483594,0.050035395
syn-0336,1,0,3,0,0,0.7857599,0.03940302,0.00829878,0.006536681,0.022299591,0.060935643,0.0106841475,0.015317974,0.03175192,0.009411918,0.0032241463,0.0063762898
syn-0341,1,0,3,8,8,0.055849217,0.011125765,0.0032050328,0.0020760712,0.018471226,0.013729179,0.06168754,0.0073979017,0.7994852,0.018950708,0.0044921893,0.0035299738
syn-0352,1,0,3,8,8,0.008170261,0.039844256,0.0010208045,0.0012585986,0.004180946,0.0053773387,0.015161008,0.0021256495,0.91307807,0.0034972727,0.002794766,0.0034911113
syn-0364,1,0,3,4,5,0.02994748,0.023238486,0.0072134514,0.013696325,0.20685333,0.38021338,0.1342378,0.012249331,0.053083275,0.028208653,0.056207806,0.054850794
syn-0368,1,0,3,9,9,0.013260814,0.019842293,0.002330249,0.010928149,0.013564408,0.068284616,0.012498677,0.014899117,0.109969504,0.64782566,0.037223417,0.04937311
syn-0379,1,0,3,3,3,0.023938902,0.031591922,0.101175554,0.35672456,0.1346325,0.050333463,0.03636318,0.046570234,0.012862742,0.026096176,0.16094765,0.018763173
syn-0385,1,0,3,5,4,0.024136722,0.009410583,0.003589614,0.0013748007,0.84101987,0.08973075,0.0013780206,0.019983774,0.0016772486,0.002486683,0.0016165931,0.0035953973
syn-0386,1,0,3,10,10,0.0093214,0.018656587,0.027881904,0.024219377,0.029993536,0.008345292,0.014752037,0.019862087,0.008488138,0.019271785,0.79392445,0.025283428
syn-0388,1,0,3,5,7,0.07980701,0.049106084,0.071940035,0.0873434,0.04598418,0.2305445,0.026160141,0.30731708,0.016995566,0.030197516,0.031126762,0.023477659
syn-0401,1,0,3,11,11,0.025737187,0.2277423,0.046586167,0.03055581,0.021485174,0.042247336,0.047272433,0.036117416,0.010510044,0.112274,0.06776566,0.3317065
syn-0409,1,0,3,10,10,0.008145586,0.027653273,0.0070008044,0.010085139,0.0037769137,0.00530322,0.006308219,0.0068501323,0.0032029257,0.024706177,0.88485646,0.012111163
syn-0413,1,0,3,9,9,0.005471192,0.017328843,0.00770126,0.006288181,0.0062600826,0.0061948383,0.002233975,0.01150974,0.007579827,0.89721936,0.01590382,0.016308902
syn-0417,1,0,3,7,7,0.040921096,0.026899612,0.15620549,0.021920381,0.18420452,0.02551081,0.033659868,0.23497017,0.024105413,0.016902525,0.032797165,0.20190302
syn-0418,1,0,3,0,0,0.7565984,0.033784136,0.03125144,0.036596946,0.05106555,0.010043883,0.016334146,0.022410342,0.008431446,0.0055233873,0.01277735,0.01518294
syn-0440,1,0,3,1,1,0.05493265,0.5698935,0.006549701,0.037401427,0.12740095,0.03409132,0.035194952,0.0046854797,0.09871311,0.0055105113,0.01005796,0.015568487
syn-0452,1,0,3,10,10,0.0033225603,0.0076258504,0.0058340724,0.004138982,0.011862538,0.013558069,0.3051405,0.005035831,0.15520541,0.0599029,0.4064935,0.021879885
syn-0453,1,0,3,1,1,0.016693633,0.41956583,0.013658902,0.0378892,0.026615495,0.017683856,0.0631066,0.006111223,0.019484399,0.0734931,0.2665491,0.039148655
syn-0456,1,0,3,11,11,0.011752497,0.016414678,0.010995255,0.071166344,0.02263705,0.03750478,0.01873442,0.0135377,0.003776105,0.012159965,0.03204954,0.7492717
syn-0459,1,0,3,5,4,0.11843053,0.10258212,0.015636003,0.004353135,0.27915397,0.1918929,0.039974913,0.028549826,0.1892349,0.0048916196,0.014243917,0.011056063
syn-0460,1,0,3,8,8,0.025045993,0.0847171,0.02912848,0.025397176,0.053547513,0.0043469877,0.19237958,0.01296317,0.43449447,0.028321385,0.04295209,0.066706166
syn-0461,1,0,3,2,2,0.005570309,0.0026913886,0.8818062,0.009074321,0.009991881,0.004293432,0.004794612,0.04313393,0.006014706,0.005337301,0.019290881,0.008001082
syn-0468,1,0,3,6,6,0.011706395,0.041685168,0.0098419115,0.04070534,0.025298331,0.007813195,0.79404414,0.00690591,0.013795576,0.011802446,0.01655105,0.019850522
syn-0476,1,0,3,7,7,0.02564658,0.014047481,0.01329314,0.009922292,0.01589855,0.17030048,0.013414105,0.60837376,0.04697137,0.073417775,0.0045340396,0.004180512
syn-0487,1,0,3,6,6,0.018938452,0.037904404,0.005074711,0.008100648,0.06870587,0.029498698,0.37449545,0.038699247,0.36241525,0.005235068,0.037201047,0.013731175
syn-0490,1,0,3,7,7,0.012278346,0.011864607,0.03195039,0.0034298133,0.0148438625,0.022468336,0.020879706,0.8492918,0.009088935,0.0044042864,0.013393135,0.006106806
syn-0493,1,0,3,8,8,0.0064136223,0.0038214438,0.0009633967,0.0014038201,0.011443658,0.006921622,0.043281417,0.006567151,0.90828514,0.0043041827,0.0045716367,0.0020228694
syn-0008,1,0,4,8,8,0.0033018203,0.0014176643,0.00053805445,0.0003535876,0.009567684,0.004739657,0.032985877,0.0020122842,0.94069403,0.0014088848,0.0022285758,0.0007518518
syn-0014,1,0,4,0,0,0.9296252,0.0041243685,0.0012296536,0.0007552874,0.010189926,0.004132609,0.0033093507,0.001137233,0.034325108,0.004654416,0.0048662093,0.0016505012
syn-0019,1,0,4,0,0,0.81525826,0.00446282,0.001325866,0.0779515,0.050533384,0.0039561833,0.008419607,0.001471136,0.0022200285,0.023864303,0.008966968,0.0015699032
syn-0022,1,0,4,10,1,0.02744898,0.3107833,0.027912648,0.06783236,0.048074868,0.01377952,0.04065706,0.0423618,0.018520612,0.10765159,0.12541701,0.16956031
syn-0035,1,0,4,9,9,0.0060280035,0.061738793,0.009691557,0.11158342,0.050285943,0.003489521,0.010721889,0.021017866,0.006975146,0.5447245,0.120960474,0.052782916
syn-0037,1,0,4,8,8,0.0062755025,0.034344625,0.0006131388,0.0017877234,0.03943504,0.036017332,0.10975451,0.0019416682,0.74678683,0.010288684,0.008816183,0.0039387047
syn-0039,1,0,4,1,1,0.008059922,0.75060314,0.0052758087,0.0042059184,0.043172903,0.14774306,0.019223576,0.0064988937,0.003357819,0.0003805346,0.0058714626,0.005606974
syn-0041,1,0,4,10,9,0.0054479786,0.0122359255,0.003150486,0.0269775,0.014691256,0.004225448,0.020907493,0.004026122,0.052032743,0.71751827,0.106311694,0.03247512
syn-0046,1,0,4,8,8,0.016613394,0.0054412624,0.0018622903,0.0012791419,0.004793641,0.017925302,0.0027542901,0.031578045,0.86491346,0.03413047,0.011637067,0.007071721
syn-0048,1,0,4,11,11,0.0045162616,0.0035254858,0.0020171255,0.005468243,0.029772788,0.01794516,0.015520514,0.0082391575,0.005744704,0.016190324,0.01575868,0.87530154
syn-0054,1,0,4,5,5,0.005210101,0.0011227645,0.0025361343,0.0064725233,0.0032156813,0.9277821,0.004760527,0.0048271017,0.013867056,0.012669769,0.014816212,0.0027199425
syn-0055,1,0,4,3,3,0.005118301,0.062137034,0.0108125955,0.86422306,0.019029569,0.0131702265,0.014776549,0.001881979,0.00073447323,0.004806902,0.0023342622,0.00097504957
syn-0076,1,0,4,5,5,0.07705847,0.18987387,0.015482116,0.037049446,0.06777361,0.49819574,0.026291462,0.013120978,0.015766766,0.029956732,0.020202158,0.009228719
syn-0080,1,0,4,3,3,0.003928116,0.0042517823,0.0046461015,0.9284945,0.019830573,0.0033145882,0.0150264995,0.0018965378,0.00482092,0.008651797,0.0035048681,0.0016337583
syn-0084,1,0,4,5,5,0.0013102681,0.0025016088,0.004001897,0.07171008,0.011007194,0.8801508,0.003234875,0.004698161,0.0014209112,0.0026630198,0.011892057,0.005409103
syn-0106,1,0,4,10,6,0.0031544429,0.026066178,0.0144328745,0.0120107075,0.0057159415,0.0026059172,0.5700202,0.012965799,0.052405994,0.060793824,0.18512943,0.054698773
syn-0108,1,0,4,8,8,0.01249857,0.025474973,0.0018325693,0.0008472349,0.0022694382,0.031073969,0.015332399,0.009362706,0.6203362,0.007595611,0.24352148,0.029854948
syn-0109,1,0,4,3,3,0.027790325,0.044029016,0.017674454,0.5049078,0.014789449,0.011117439,0.032491554,0.015242165,0.019244691,0.26332277,0.030663878,0.018726442
syn-0111,1,0,4,3,3,0.0048081107,0.010029988,0.005713596,0.96859735,0.002722302,0.0016270056,0.0038632958,0.00062805874,0.00024266195,0.00070266397,0.00063874526,0.00042629053
syn-0113,1,0,4,11,11,0.012311656,0.01887282,0.0034190647,0.0038100416,0.0031491981,0.009210724,0.0034876855,0.014720852,0.06480374,0.028858846,0.011604914,0.82575047
syn-0124,1,0,4,6,6,0.004527961,0.023399083,0.0018646198,0.09849324,0.03052037,0.011235989,0.7755384,0.004825964,0.019256437,0.009458453,0.012664935,0.008214536
syn-0129,1,0,4,11,11,0.003451692,0.004373608,0.006987677,0.08201285,0.029781371,0.0062494767,0.009190507,0.004814545,0.0021515884,0.04720293,0.018734604,0.78504914
syn-0138,1,0,4,4,4,0.016514368,0.05511948,0.026917862,0.029790973,0.41364577,0.024292855,0.2299642,0.04372881,0.012975756,0.0062680347,0.08920018,0.05158174
syn-0140,1,0,4,11,11,0.00069048547,0.00042477087,0.0010177158,0.009366552,0.0013523981,0.001828816,0.0008131506,0.004596639,0.0020995762,0.07079422,0.004322828,0.90269285
syn-0142,1,0,4,4,4,0.004671341,0.0039391834,0.0025735977,0.43339643,0.5320125,0.007722288,0.008660553,0.0030862032,0.0005680279,0.0017302433,0.0010880304,0.000551551
syn-0143,1,0,4,1,1,0.09299182,0.6486797,0.0017697776,0.008599864,0.0036627373,0.010357447,0.02326555,0.011344489,0.14316362,0.017508317,0.015846753,0.022810083
syn-0145,1,0,4,2,2,0.019830074,0.0445312,0.38837266,0.37863275,0.012945131,0.015872804,0.0047077155,0.066439494,0.0016744903,0.027939035,0.003691009,0.035363603
syn-0146,1,0,4,10,10,0.0057247453,0.006902549,0.027669948,0.03256259,0.040086836,0.0035595887,0.04821019,0.0076115644,0.0010801903,0.045633055,0.75182647,0.02913232
syn-0150,1,0,4,3,3,0.0048531415,0.07134454,0.015389003,0.8560522,0.007212048,0.007824574,0.012504777,0.0038022313,0.0007071047,0.007182293,0.0039255936,0.009202327
syn-0165,1,0,4,8,8,0.008675238,0.051687207,0.0023076343,0.0018682414,0.019783974,0.010775375,0.064771265,0.0029288426,0.74625677,0.02486128,0.05229917,0.013785
syn-0174,1,0,4,10,10,0.0013462333,0.0080613885,0.023512864,0.013156354,0.034401592,0.0029703546,0.055201955,0.016469127,0.0010902269,0.0047613527,0.8068858,0.032142717
syn-0176,1,0,4,10,10,0.0033631497,0.012590449,0.010118792,0.017234817,0.04408398,0.025907844,0.14718555,0.01162318,0.0030207718,0.051328156,0.6120691,0.061474245
syn-0178,1,0,4,9,9,0.01739344,0.008566463,0.006958557,0.013854722,0.012925901,0.007905838,0.043100994,0.0076019685,0.10300849,0.6602111,0.040680174,0.077792406
syn-0187,1,0,4,3,3,0.0026976361,0.0017888536,0.0058032,0.8985384,0.05843524,0.02300771,0.0013531672,0.0014212468,0.00063717813,0.002907718,0.002491964,0.000917499
syn-0195,1,0,4,4,4,0.0037960918,0.0033504914,0.00054813403,0.013437508,0.7208792,0.17854017,0.0417386,0.0030490544,0.023340657,0.004961587,0.0049432167,0.001415275
syn-0206,1,0,4,8,8,0.0401247,0.008237302,0.005921487,0.0046991413,0.037633657,0.017709909,0.043199673,0.021806981,0.612168,0.04310006,0.08702302,0.078376144
syn-0211,1,0,4,0,0,0.90454865,0.0030562498,0.009991446,0.016164863,0.039158672,0.0013247102,0.005844643,0.0034083615,0.001702313,0.00872808,0.0010572113,0.0050146463
syn-0215,1,0,4,10,9,0.0032371413,0.014972206,0.0127223255,0.0543241,0.008642875,0.0036203626,0.03733658,0.0020007638,0.017065275,0.46218807,0.33253863,0.051351707
syn-0217,1,0,4,6,6,0.0063395896,0.089005746,0.016790885,0.004149599,0.016467875,0.01576055,0.7618231,0.0035292602,0.0061883465,0.009047869,0.049833894,0.021063276
syn-0223,1,0,4,6,6,0.0040270337,0.0077711614,0.0045082527,0.031406645,0.017371945,0.00886015,0.8137047,0.009691158,0.04621168,0.02593654,0.0117812045,0.018729515
syn-0225,1,0,4,7,7,0.02578143,0.0042647906,0.027692564,0.018260388,0.031305596,0.053630292,0.048281204,0.41958016,0.13397461,0.10460232,0.037774388,0.094852395
syn-0228,1,0,4,6,6,0.010241006,0.021930816,0.011996613,0.34042075,0.050802708,0.008251955,0.5074915,0.005314222,0.0060424367,0.00879346,0.011168301,0.017546143
syn-0229,1,0,4,7,7,0.016795287,0.0017042252,0.023060713,0.010197636,0.006589164,0.19874401,0.0022330887,0.7240637,0.0034659875,0.004754076,0.0023352797,0.006056931
syn-0230,1,0,4,9,9,0.013734418,0.0147794,0.0054574613,0.0017938726,0.0064363326,0.008449562,0.00076254626,0.01989716,0.038742527,0.8760803,0.009688015,0.0041784626
syn-0232,1,0,4,8,8,0.0054851626,0.009434262,0.00022124873,0.0006369955,0.0019580103,0.005146457,0.002893495,0.0022419419,0.9528704,0.01757445,0.0010666493,0.00047089707
syn-0234,1,0,4,4,3,0.007709947,0.012609237,0.006743157,0.39839453,0.16833209,0.007706888,0.3637391,0.005532009,0.0098484745,0.005622108,0.007370028,0.006392407
syn-0236,1,0,4,11,11,0.020774936,0.079726234,0.035344124,0.034102514,0.050202433,0.0067006433,0.07371207,0.010022363,0.12650594,0.08520473,0.13435644,0.34334758
syn-0237,1,0,4,4,4,0.011156686,0.0010966966,0.0007444993,0.00052958966,0.97222924,0.0025893594,0.00039372244,0.00074917194,0.000616446,0.0076684486,0.0015350988,0.00069103786
syn-0255,1,0,4,2,2,0.0034995556,0.00059381453,0.9716252,0.004828125,0.0008640259,0.0028539898,0.00035924133,0.011183422,0.00019669734,0.0012383305,0.0007241254,0.0020336085
syn-0264,1,0,4,0,0,0.9675955,0.00073967315,0.0002898685,0.00027016786,0.012733924,0.00358595,0.0014415515,0.0025937222,0.007040562,0.0006595209,0.00092425285,0.002125297
syn-0270,1,0,4,10,10,0.028430648,0.067788854,0.013623151,0.07015929,0.0175783,0.036577173,0.10517701,0.0316827,0.0021598297,0.033977635,0.5527445,0.040100925
syn-0294,1,0,4,1,1,0.00048203114,0.97573906,0.00054056325,0.0021601613,0.003989402,0.007061327,0.006246504,0.0008501319,0.00065274566,0.0004199263,0.00020992133,0.001648206
syn-0300,1,0,4,10,10,0.0032156364,0.021095509,0.042988215,0.0245374,0.024057183,0.0101693,0.02073948,0.022472307,0.003059382,0.0115490155,0.7903773,0.025739318
syn-0316,1,0,4,0,0,0.5895155,0.00486182,0.00663845,0.025965376,0.12197866,0.07767012,0.007194667,0.008710285,0.018118652,0.036347516,0.089667745,0.013331248
syn-0327,1,0,4,1,1,0.02350147,0.4488061,0.0011603453,0.0030434725,0.010146893,0.05452634,0.013754771,0.006627177,0.3060448,0.010464272,0.006890322,0.11503406
syn-0330,1,0,4,0,0,0.88377905,0.0022270854,0.0006852778,0.0051078983,0.07649168,0.013153972,0.0013035429,0.0026088157,0.00048199552,0.010919716,0.0011347573,0.002106292
syn-0334,1,0,4,6,6,0.0094248885,0.00886589,0.008102594,0.057758156,0.021765012,0.025992958,0.7758394,0.008583705,0.0014341911,0.0043176278,0.043423846,0.034491666
syn-0339,1,0,4,7,7,0.003442745,0.0022963237,0.0067550144,0.0024453902,0.007117044,0.013587089,0.007818982,0.95211434,0.0009206109,0.0008570466,0.0007454478,0.0018999629
syn-0340,1,0,4,9,9,0.008046868,0.010705639,0.01718734,0.07655862,0.0194723,0.0052036974,0.0038763161,0.016604515,0.0064403955,0.66162294,0.14412564,0.030155772
syn-0345,1,0,4,7,7,0.021490458,0.0035183083,0.008698506,0.0025219743,0.014812411,0.064048305,0.021124292,0.83051646,0.009411736,0.013087318,0.0029903464,0.007779942
syn-0358,1,0,4,2,2,0.001333597,0.0022913683,0.94118685,0.0023535178,0.0011681253,0.000756535,0.0023566398,0.042186312,0.0010284086,0.0019301919,0.0011161749,0.0022924186
syn-0359,1,0,4,4,4,0.11242295,0.034190748,0.03559383,0.016848315,0.47673863,0.020267062,0.06625242,0.031037005,0.11346876,0.011508855,0.010526485,0.07114496
syn-0360,1,0,4,0,0,0.75538474,0.0154746715,0.0046339403,0.08188515,0.083410494,0.007223745,0.008414362,0.007382255,0.008842206,0.010991563,0.00987536,0.0064815884
syn-0374,1,0,4,8,8,0.028972251,0.0155725805,0.0008504838,0.0064960606,0.011022938,0.01670146,0.042907003,0.0013900796,0.8551568,0.0061243884,0.010707375,0.0040986263
syn-0375,1,0,4,8,8,0.00805922,0.027814958,0.0025662063,0.0030560147,0.0061630397,0.002467655,0.031089798,0.018370952,0.795178,0.07490603,0.017024208,0.013303906
syn-0383,1,0,4,2,2,0.0004318198,0.00016622213,0.9911096,0.0011816656,0.00061630283,0.00042101927,0.00042795253,0.0045517203,0.00013679372,0.00021126133,0.000423865,0.0003217479
syn-0393,1,0,4,2,2,0.008670043,0.0048135812,0.9481426,0.008055819,0.002736007,0.0012335326,0.014016092,0.0038069577,0.0011172531,0.001425342,0.0012071605,0.0047756718
syn-0399,1,0,4,8,8,0.0019798737,0.0116859125,0.0007065985,0.00063724106,0.00556976,0.002773064,0.015743181,0.0022410478,0.91274184,0.0060082776,0.03124963,0.00866352
syn-0402,1,0,4,1,1,0.031347353,0.7830503,0.0019966075,0.020888949,0.048861243,0.015561845,0.032348495,0.0045855213,0.007020463,0.013637519,0.013637052,0.02706472
syn-0403,1,0,4,9,9,0.006296458,0.006293202,0.0032212401,0.0016527442,0.0059503084,0.0018216026,0.005006396,0.008228499,0.01686423,0.933461,0.0031530652,0.008051197
syn-0406,1,0,4,4,4,0.03574336,0.002326551,0.003188278,0.028869396,0.82001907,0.0022236805,0.0063942857,0.003281024,0.00022336942,0.023480935,0.06739327,0.006856718
syn-0419,1,0,4,1,1,0.0028297207,0.87435824,0.011009805,0.0483593,0.005520488,0.002206286,0.0044199615,0.0018163348,0.0013088845,0.003354981,0.03938815,0.0054278434
syn-0422,1,0,4,1,1,0.00035866004,0.9772859,0.0022304691,0.001072023,0.001991731,0.0006395651,0.0073871803,0.00086014357,0.00030450395,0.00030906088,0.005147737,0.0024129513
syn-0425,1,0,4,5,5,0.042769223,0.04155157,0.0018190913,0.07580195,0.048548725,0.40944767,0.015275676,0.008999929,0.10195631,0.019740224,0.11849805,0.11559155
syn-0429,1,0,4,2,2,0.005126017,0.013634149,0.8458675,0.009883182,0.0077274092,0.0036765607,0.006747723,0.08070978,0.0036366535,0.008797073,0.0024910697,0.011702794
syn-0436,1,0,4,6,6,0.002357981,0.005212063,0.0029271478,0.017137293,0.036225878,0.011534423,0.8489667,0.002927339,0.023462607,0.012295074,0.019636119,0.017317368
syn-0444,1,0,4,5,5,0.0010615996,0.007350086,0.00080752745,0.009153238,0.022255406,0.6643385,0.2759459,0.0032340887,0.0016208455,0.0006082987,0.0072822855,0.006342258
syn-0445,1,0,4,6,8,0.004430557,0.0038424358,0.00052361836,0.00064980856,0.0087600015,0.011626319,0.35011697,0.0063428315,0.6092781,0.00083989766,0.0021223256,0.0014671347
syn-0454,1,0,4,11,11,0.004712929,0.0055231727,0.006769036,0.008382928,0.008126966,0.018214062,0.019812178,0.018386316,0.004910708,0.00788129,0.014094395,0.88318604
syn-0463,1,0,4,11,11,8.8943874e-05,0.00021530526,0.00015233703,0.0009104839,0.0002207163,0.00023128178,0.000489086,0.0015291977,0.00010236889,0.00042165743,0.0019233611,0.9937152
syn-0465,1,0,4,7,7,0.017002469,0.004587904,0.1564099,0.08472694,0.025755929,0.022666417,0.030134061,0.5994819,0.0028980614,0.007913787,0.008284257,0.04013834
syn-0471,1,0,4,5,5,0.003704736,0.0370915,0.008839172,0.014197907,0.0073820185,0.76523083,0.002613146,0.036613803,0.0021499007,0.017370574,0.0053628017,0.099443614
syn-0481,1,0,4,9,9,0.002522995,0.0018994933,0.0061080363,0.005431455,0.00254769,0.0010169839,0.027525518,0.0063893874,0.03306735,0.8653469,0.01698571,0.031158473
syn-0492,1,0,4,6,6,0.0014222084,0.039435748,0.0060623856,0.0019904175,0.0012844191,0.002843744,0.8375928,0.0026791962,0.011256277,0.0024142668,0.08548857,0.007530039
syn-0497,1,0,4,5,5,0.023554835,0.054345597,0.012380498,0.010878402,0.014299294,0.39968014,0.051441006,0.16234475,0.18497239,0.031155823,0.035853684,0.019093629
syn-0002,2,0,0,1,1,0.0054157027,0.9212144,0.0046532988,0.0017477865,0.00939691,0.003424873,0.033632632,0.0019610736,0.0007135146,0.0009773243,0.0070158998,0.009846573
syn-0004,2,0,0,10,10,0.0042663603,0.0007129005,0.0011874046,0.0040412415,0.0048167594,0.007855974,0.02145983,0.01237952,0.323335,0.14017029,0.46929768,0.01047714
syn-0011,2,0,0,10,10,0.013993938,0.008429376,0.009195183,0.02394494,0.006866935,0.037156347,0.012460742,0.019116487,0.017121485,0.3510431,0.44706976,0.053601682
syn-0013,2,0,0,6,6,0.0038946264,0.018535221,0.002929612,0.0022910656,0.0023904245,0.014159853,0.79844064,0.017546682,0.01994369,0.0037356475,0.069781706,0.046350837
syn-0017,2,0,0,3,3,0.012721532,0.0074717957,0.0039069904,0.8965368,0.0086016655,0.036751013,0.0050910665,0.01484444,0.0012116325,0.0039256033,0.007223985,0.0017134628
syn-0018,2,0,0,3,6,0.0015517136,0.011657951,0.0018100376,0.07657099,0.023192588,0.0029479912,0.8718165,0.0010408481,0.00092618796,0.0037408245,0.0016266209,0.003117712
syn-0025,2,0,0,8,8,0.013979644,0.0005904267,0.00019062449,0.00027808268,0.007906935,0.002683975,0.022261122,0.00086902553,0.94894284,0.0015351702,0.00041058392,0.0003514765
syn-0031,2,0,0,0,0,0.9387258,0.0067504384,0.001390321,0.00081540406,0.032029755,0.0013125963,0.0040670577,0.0053444053,0.0019892424,0.0027368765,0.00031421985,0.0045238878
syn-0036,2,0,0,5,5,0.024405269,0.029938323,0.0020854315,0.009568109,0.033521287,0.7875434,0.013846871,0.004686271,0.0036197035,0.02036367,0.05586001,0.014561518
syn-0037,2,0,0,8,8,0.0057047857,0.03211735,0.000677973,0.0017190749,0.030281812,0.032139804,0.08454637,0.0019334182,0.78932416,0.010528759,0.0071702935,0.0038561677
syn-0039,2,0,0,1,1,0.007398035,0.8155915,0.0035824643,0.003724767,0.053708035,0.078591235,0.019223906,0.0065077785,0.0017842312,0.00029096217,0.005741254,0.0038558177
syn-0064,2,0,0,6,6,0.010058309,0.074093595,0.00458464,0.008093138,0.01870949,0.030947175,0.63122064,0.008194811,0.017279955,0.03334261,0.066279,0.09719665
syn-0076,2,0,0,5,5,0.049567413,0.1514573,0.0206136,0.055715628,0.060533,0.53746164,0.033099342,0.016652549,0.011542847,0.03525114,0.021274274,0.0068312436
syn-0081,2,0,0,10,10,0.0054525533,0.022134842,0.006903979,0.15406632,0.03765856,0.046360847,0.06461769,0.004086314,0.026535563,0.013316509,0.56223863,0.056628227
syn-0082,2,0,0,1,1,0.0024908017,0.62088114,0.0080073215,0.011254886,0.0022528886,0.15667184,0.10407597,0.021706266,0.026547592,0.013696483,0.022877831,0.009536961
syn-0083,2,0,0,0,0,0.89808434,0.0073080542,0.0013224502,0.0043611326,0.01853834,0.038551345,0.0028412386,0.005763839,0.01177723,0.0024385655,0.0018222996,0.007191077
syn-0095,2,0,0,11,11,0.00044420297,0.003662744,0.0014384573,0.0025860078,0.0026843888,0.0037134178,0.0028459844,0.004713579,0.00052401586,0.0050042514,0.011066754,0.9613162
syn-0100,2,0,0,2,2,0.0016019916,0.00016170717,0.9925128,0.0006474391,0.00027883373,0.00043211205,0.00036874876,0.0034953759,2.6264905e-05,5.4899956e-05,0.000116450436,0.00030337047
syn-0121,2,0,0,9,9,0.005516479,0.005578429,0.015063614,0.018397296,0.004342134,0.0036699763,0.017315898,0.03041838,0.042771894,0.76210946,0.055129375,0.03968705
syn-0123,2,0,0,10,10,0.00036193532,0.015136257,0.00049456896,0.0058648596,0.0017583766,0.0019227448,0.010866918,0.00060240057,0.0100662075,0.0029946873,0.94809115,0.0018399279
syn-0134,2,0,0,5,5,0.012243491,0.002839708,0.009407435,0.021018801,0.0050904904,0.7852977,0.04633179,0.022069385,0.058154624,0.02539223,0.009431527,0.0027229197
syn-0135,2,0,0,0,0,0.9260648,0.01793554,0.00077552715,0.0005381257,0.010745525,0.005643703,0.0038279055,0.0017364286,0.027242798,0.0025361255,0.0015956414,0.0013578215
syn-0138,2,0,0,4,4,0.01752562,0.041876927,0.01544334,0.01683922,0.49988404,0.02308808,0.17434248,0.05045728,0.007371451,0.0063356087,0.06761496,0.07922094
syn-0144,2,0,0,9,9,0.00082424766,0.0010655893,0.0013244282,0.008947969,0.0040615606,0.00049951236,0.0021493945,0.0042950865,0.0026937034,0.9542189,0.0062084654,0.0137111405
syn-0148,2,0,0,7,7,0.0073317364,0.01874309,0.01336798,0.011405938,0.0069391592,0.21937162,0.0076721576,0.60683024,0.027326915,0.00704489,0.02636356,0.04760272
syn-0150,2,0,0,3,3,0.0056833513,0.051464316,0.013223781,0.8444487,0.013810655,0.0143605545,0.017954214,0.008160959,0.0008000078,0.008008391,0.008470054,0.013614978
syn-0151,2,0,0,10,11,0.0077521894,0.033923276,0.011206657,0.01890705,0.015189271,0.0062573073,0.117319874,0.06575946,0.020125838,0.11823826,0.17136121,0.41395962
syn-0152,2,0,0,3,4,0.0019646331,0.0038910627,0.002782978,0.06788678,0.9053237,0.00043703188,0.007425108,0.001072777,0.00022558027,0.0023789855,0.0031012113,0.0035102942
syn-0158,2,0,0,1,1,0.005308314,0.90306085,0.002019683,0.0041590445,0.015275534,0.002045472,0.04274022,0.0016710362,0.00996194,0.0013016587,0.00839358,0.00406277
syn-0160,2,0,0,5,5,0.018158823,0.0742441,0.0017957622,0.10182485,0.0035382162,0.7275308,0.0058303457,0.020040901,0.0079285735,0.0042598723,0.028934758,0.0059130345
syn-0161,2,0,0,2,2,0.0006713107,0.00058097875,0.9793523,0.0025882283,0.0018198465,0.0024858105,0.0005765265,0.008323828,0.00027793876,0.0003125057,0.0011989288,0.001811857
syn-0163,2,0,0,4,4,0.006291245,0.004978021,0.0022575345,0.0004987237,0.94057494,0.0048820823,0.0033157053,0.0055570817,0.019913737,0.0019550968,0.001708501,0.008067298
syn-0165,2,0,0,8,8,0.0037766008,0.01907759,0.0019474102,0.0013435016,0.006714405,0.006463647,0.056872923,0.0016652818,0.8296488,0.012358371,0.0498021,0.010329345
syn-0169,2,0,0,4,4,0.021155179,0.010010705,0.0075378893,0.056274794,0.8300631,0.025925143,0.010711136,0.014512691,0.0013270178,0.011254673,0.0057828384,0.005444759
syn-0170,2,0,0,6,6,0.0052932785,0.0074534793,0.0042676483,0.0012726679,0.010520528,0.008822346,0.8768571,0.010807416,0.009556859,0.009157517,0.033729713,0.022261405
syn-0174,2,0,0,10,10,0.0005640638,0.0028404556,0.0061649857,0.0034554,0.01537014,0.0015809697,0.022685345,0.006744495,0.00076879427,0.0023579292,0.92482555,0.012641913
syn-0175,2,0,0,11,10,0.006359177,0.04334765,0.011260541,0.026994562,0.010440442,0.011568724,0.016087318,0.015802667,0.003692148,0.030860344,0.519167,0.3044194
syn-0176,2,0,0,10,10,0.002857083,0.007701768,0.005279559,0.008496627,0.035852764,0.015132885,0.05829549,0.0073699094,0.0027456237,0.05674842,0.7617774,0.037742462
syn-0186,2,0,0,3,3,0.0022944037,0.006581022,0.002473339,0.9751452,0.004671626,0.00075961434,0.0028748396,0.0006511425,0.00013252844,0.0017826883,0.000970736,0.0016628428
syn-0198,2,0,0,0,0,0.43533573,0.055261783,0.012947583,0.11209137,0.21905296,0.110498644,0.0035693648,0.018730963,0.003311032,0.013712935,0.0028733967,0.01261422
syn-0203,2,0,0,8,8,0.007488544,0.010355282,0.00086204027,0.0027258166,0.006870183,0.010583996,0.10514515,0.0022421826,0.8252924,0.008423073,0.013006736,0.0070045227
syn-0206,2,0,0,8,8,0.03017508,0.011823538,0.004536194,0.0039051124,0.022055902,0.02567123,0.038179234,0.018682884,0.584709,0.046966378,0.122337006,0.09095842
syn-0221,2,0,0,11,11,0.038828988,0.09123291,0.0070131146,0.011399335,0.006953218,0.048659064,0.015376721,0.00952214,0.061650377,0.0134175625,0.04786502,0.64808154
syn-0234,2,0,0,4,6,0.007051516,0.009642581,0.003726717,0.124475256,0.21127883,0.0045268387,0.6119628,0.0054634255,0.005988469,0.005718732,0.004540452,0.0056244517
syn-0237,2,0,0,4,4,0.019887164,0.001972364,0.0012635691,0.0008572164,0.94546354,0.0045813313,0.00056158466,0.003064504,0.000943274,0.016702347,0.0029708492,0.0017323062
syn-0240,2,0,0,6,4,0.010771997,0.01418902,0.006875202,0.029703673,0.4261001,0.12529448,0.3410746,0.005650564,0.005471591,0.017457005,0.008431155,0.008980597
syn-0241,2,0,0,1,1,0.014151452,0.71455395,0.0053165797,0.08963826,0.04784411,0.01063401,0.09863772,0.0015943989,0.004460401,0.0035772324,0.0041861623,0.0054057646
syn-0252,2,0,0,8,8,0.0034246736,0.014271482,0.00026250983,0.0016571115,0.0048444355,0.0016000473,0.032397646,0.0017110563,0.9279783,0.003770304,0.006642298,0.0014402526
syn-0258,2,0,0,3,5,0.0063849855,0.012416278,0.009350567,0.22650254,0.22395247,0.46266603,0.004385241,0.042799436,0.0008983135,0.0032028414,0.0013400292,0.0061013782
syn-0268,2,0,0,6,6,0.00036454052,0.001261115,0.00031254755,0.0002469031,0.0032845964,0.0016173619,0.98546034,0.00041203393,0.00067974644,0.0004581874,0.0014043477,0.0044984557
syn-0270,2,0,0,10,10,0.03475847,0.0914058,0.014519815,0.05659694,0.02883786,0.034266856,0.081460014,0.03645271,0.0032761965,0.039012615,0.53500426,0.044408422
syn-0271,2,0,0,2,2,0.0072727776,0.006697901,0.5023074,0.15542749,0.0029892626,0.0038704614,0.02755221,0.08636919,0.0022028517,0.09065928,0.09232846,0.02232272
syn-0272,2,0,0,3,3,0.059482466,0.23195715,0.027121337,0.24746938,0.1753118,0.015089501,0.06232527,0.057295434,0.007196795,0.021200147,0.011250066,0.08430054
syn-0289,2,0,0,8,8,0.17307363,0.05132434,0.01770612,0.006784941,0.019561905,0.10590129,0.029452702,0.2629966,0.2634007,0.025692753,0.0028741239,0.04123086
syn-0290,2,0,0,0,0,0.92346317,0.006375439,0.0025306083,0.002121487,0.03620157,0.0070092184,0.0021022141,0.001693379,0.004940161,0.00285891,0.0012511858,0.009452609
syn-0298,2,0,0,7,7,0.0055789286,0.001984959,0.0029612249,0.0019737,0.010361291,0.107950635,0.0052407985,0.8535488,0.005044842,0.00050626945,0.00061703887,0.0042315186
syn-0311,2,0,0,9,3,0.018077644,0.031583495,0.020995658,0.37117532,0.03676412,0.0114410715,0.029965078,0.021985464,0.004737088,0.305922,0.056899086,0.09045401
syn-0316,2,0,0,0,0,0.61626434,0.005243662,0.0060895914,0.029267734,0.098782524,0.05905158,0.0038506621,0.010538088,0.012693808,0.02750765,0.11804112,0.012669309
syn-0322,2,0,0,2,2,0.016737705,0.0011899944,0.92940533,0.014471172,0.0061858203,0.004287814,0.0012740461,0.021146018,0.00039212705,0.00044627028,0.00081798545,0.0036457735
syn-0326,2,0,0,1,1,0.028538756,0.44767278,0.0028671678,0.0024014928,0.08894704,0.0058138333,0.094832204,0.030903237,0.11696788,0.031812742,0.024722246,0.12452057
syn-0334,2,0,0,6,6,0.007967477,0.008387634,0.0041352785,0.02776871,0.023802876,0.020650946,0.84632444,0.011070516,0.0009296943,0.0050456855,0.019172918,0.024743842
syn-0340,2,0,0,9,9,0.0070517776,0.0077972286,0.013037755,0.065530844,0.017481333,0.0061127916,0.002332804,0.014981086,0.00610385,0.5412311,0.28496468,0.033374727
syn-0349,2,0,0,5,5,0.0029238164,0.0008732146,0.0013923076,0.00801455,0.010292457,0.9452004,0.0014562587,0.01280953,0.0014528186,0.0028764463,0.005919548,0.006788682
syn-0351,2,0,0,11,11,0.007719554,0.008393697,0.0066321804,0.02620274,0.0055957474,0.007990718,0.012315154,0.0064565074,0.0011064517,0.009691226,0.029360265,0.87853575
syn-0360,2,0,0,0,0,0.7887247,0.017129641,0.003193951,0.04168468,0.08919919,0.007078587,0.0131024,0.007278601,0.010474489,0.008260146,0.008557032,0.0053165397
syn-0364,2,0,0,4,5,0.024529235,0.015613082,0.004781336,0.010316385,0.25201297,0.39458346,0.13698685,0.008058208,0.037581712,0.021045454,0.043758567,0.050732728
syn-0380,2,0,0,4,4,0.0072945915,0.0038420393,0.0011021898,0.0016370404,0.7804058,0.19083528,0.0007864059,0.0043933005,0.0018876176,0.0019764765,0.0018221164,0.0040170676
syn-0381,2,0,0,8,8,0.001738293,0.0020741941,0.00020695051,0.00023383304,0.0034277006,0.008049261,0.0039493493,0.0028359024,0.94635266,0.016642755,0.012367875,0.0021211205
syn-0384,2,0,0,1,1,0.02341302,0.8536794,0.005664582,0.004894226,0.015021009,0.013209786,0.027679265,0.0048451405,0.022421934,0.008168787,0.00139562,0.019607248
syn-0403,2,0,0,9,9,0.006660681,0.0053829555,0.0017320613,0.0019691472,0.0056085987,0.0014308181,0.0038274396,0.010732052,0.017143454,0.93011534,0.005206856,0.010190594
syn-0410,2,0,0,10,10,0.015818885,0.028646436,0.0075289416,0.00991937,0.04209356,0.021138282,0.021613728,0.027309643,0.017221306,0.06066315,0.6048856,0.14316118
syn-0427,2,0,0,5,5,0.03934664,0.01898337,0.0071515497,0.068952054,0.13125984,0.53813314,0.07199784,0.030346926,0.019327369,0.019361645,0.039846696,0.015292945
syn-0439,2,0,0,6,6,0.0070304903,0.0019519003,0.00087590836,0.00046552892,0.007315693,0.0021147525,0.6556433,0.005852879,0.31282404,0.0018829033,0.0006812697,0.0033613555
syn-0447,2,0,0,7,7,0.0009843226,0.0043812105,0.0052375346,0.0010580504,0.0022752744,0.03433649,0.0039374824,0.90749884,0.003375647,0.001618925,0.0010980222,0.03419813
syn-0455,2,0,0,2,6,0.024981236,0.009693268,0.1915531,0.16526702,0.036974445,0.0035916604,0.2472217,0.22698084,0.013288169,0.053225838,0.009578971,0.017643677
syn-0456,2,0,0,11,11,0.004741124,0.006758596,0.0056913705,0.078484155,0.021029886,0.017935164,0.011167264,0.0075007286,0.0015321061,0.0072247228,0.011200974,0.82673395
syn-0461,2,0,0,2,2,0.0017789238,0.00049591303,0.9556354,0.0022229543,0.0027053026,0.0016485157,0.0009542097,0.023348907,0.002342696,0.00097367854,0.0052566235,0.002636794
syn-0477,2,0,0,7,7,0.018578857,0.06784818,0.10662974,0.06860888,0.042166397,0.13223208,0.0073551177,0.4056041,0.03704696,0.032135688,0.027863538,0.053930547
syn-0481,2,0,0,9,9,0.0033432355,0.0018672794,0.0044627306,0.01113521,0.0030352166,0.0010219378,0.022467798,0.007840265,0.031143785,0.8481141,0.033815283,0.031753197
syn-0486,2,0,0,1,6,0.019236933,0.27915964,0.006995083,0.012592319,0.024671827,0.002355226,0.39583138,0.007629939,0.099888556,0.11186865,0.016450563,0.023319982
syn-0487,2,0,0,6,6,0.009380187,0.020547032,0.0019844263,0.0009278126,0.04575937,0.02233789,0.5100168,0.020380631,0.3380587,0.0015451479,0.023679752,0.0053822803
syn-0490,2,0,0,7,7,0.0061994325,0.0030774442,0.0152398,0.0010344696,0.008082654,0.090823,0.017173069,0.8409923,0.007488541,0.0026203212,0.003648325,0.0036205517
syn-0493,2,0,0,8,8,0.0025368512,0.00063118717,0.0001489209,0.00029093327,0.0059274756,0.002463684,0.018208737,0.0020066719,0.964278,0.0015451931,0.0015381324,0.0004242558
syn-0496,2,0,0,8,8,0.004128448,0.008013485,0.00060401886,0.0004901076,0.0037593031,0.0019676527,0.06917098,0.0006414628,0.9001306,0.003320438,0.0056154467,0.0021580872
syn-0497,2,0,0,5,5,0.014764261,0.03910511,0.010453972,0.0065037296,0.018687041,0.4446407,0.07609669,0.18957078,0.12799141,0.037279714,0.016014997,0.018891651
syn-0499,2,0,0,11,11,0.003704495,0.00867038,0.00094410666,0.00149234,0.0018332634,0.0017478256,0.0060314825,0.008882406,0.011957235,0.030153954,0.03266036,0.8919221
syn-0010,2,0,1,9,9,0.015723426,0.0060553285,0.001585959,0.006297002,0.0035362751,0.0051590814,0.0043629417,0.0046023256,0.048525807,0.872196,0.018343864,0.013611937
syn-0015,2,0,1,6,6,0.045836963,0.13664183,0.011583419,0.025668401,0.06360665,0.13193499,0.3322641,0.019906385,0.14438805,0.023406398,0.043462656,0.021300139
syn-0024,2,0,1,2,2,0.007952194,0.008148165,0.86793244,0.013562576,0.0050315997,0.0028952733,0.018633775,0.04039299,0.0024450289,0.0038207655,0.021608945,0.007576275
syn-0038,2,0,1,5,5,0.00915103,0.013873174,0.003188375,0.061432336,0.07807617,0.76855487,0.0108485,0.018145988,0.0044175573,0.005475955,0.008957705,0.01787846
syn-0042,2,0,1,9,9,0.0049574072,0.0040506953,0.012493272,0.0074734646,0.006497493,0.0018591327,0.0059198053,0.025552893,0.012488305,0.79434836,0.06494676,0.059412394
syn-0043,2,0,1,9,9,0.01073489,0.003920842,0.0138765,0.010212898,0.009984635,0.010902301,0.00853806,0.040886518,0.019421099,0.5979463,0.23711586,0.03646011
syn-0045,2,0,1,9,9,0.017680828,0.02951866,0.005030674,0.0949879,0.023531165,0.008343286,0.017009763,0.005297411,0.014952786,0.5631423,0.20647858,0.014026616
syn-0049,2,0,1,8,8,0.024951667,0.058944102,0.03071485,0.017541133,0.03779461,0.030357076,0.05528371,0.015747456,0.63538265,0.057399683,0.014728031,0.021154987
syn-0051,2,0,1,3,3,0.037817556,0.033800375,0.022057455,0.54259306,0.03542585,0.026204312,0.02010024,0.019676222,0.007698854,0.13682564,0.07735332,0.040447116
syn-0052,2,0,1,4,4,0.20457475,0.06159178,0.007088439,0.01787922,0.41086036,0.1304266,0.02107068,0.052524067,0.016989827,0.038635682,0.021259477,0.017099177
syn-0055,2,0,1,3,3,0.011181494,0.0709574,0.015324228,0.79731846,0.021618115,0.021614112,0.03343324,0.0047265687,0.003101105,0.008565807,0.008465511,0.003693976
syn-0062,2,0,1,7,7,0.009857007,0.018324519,0.0591158,0.015590338,0.027685067,0.056218978,0.0041154693,0.79144436,0.002865071,0.0025202313,0.0031855716,0.009077787
syn-0063,2,0,1,1,1,0.01800948,0.71487755,0.014500214,0.034767002,0.081979364,0.037348837,0.020910768,0.014389106,0.010990114,0.0076007657,0.026953315,0.01767343
syn-0068,2,0,1,10,10,0.020182839,0.02829915,0.01636893,0.038616225,0.031210184,0.025210299,0.20177637,0.012913264,0.026607763,0.05814797,0.52277344,0.017893512
syn-0075,2,0,1,7,7,0.021951731,0.01402989,0.030592674,0.013901858,0.07729939,0.07978184,0.030700821,0.59259826,0.021443889,0.049959444,0.027941125,0.03979901
syn-0079,2,0,1,1,1,0.008103804,0.42845896,0.007958021,0.049650185,0.025728049,0.13422666,0.15200351,0.016411683,0.08143745,0.008901037,0.027867045,0.05925361
syn-0080,2,0,1,3,3,0.0086578,0.009721962,0.006638849,0.8664508,0.033439524,0.005359038,0.023479521,0.005324655,0.011204983,0.015344745,0.00977955,0.00459864
syn-0087,2,0,1,5,5,0.018022338,0.009957866,0.00671931,0.013979542,0.03405224,0.38451234,0.08417066,0.051441696,0.30719203,0.025418397,0.047525275,0.01700836
syn-0103,2,0,1,11,11,0.013176782,0.05659116,0.017887529,0.008932981,0.012830578,0.009252797,0.02784855,0.0674336,0.0043954724,0.13630831,0.056984555,0.5883576
syn-0105,2,0,1,4,4,0.20087561,0.057820193,0.014207732,0.0571143,0.47965172,0.022505283,0.024793746,0.021403702,0.020461287,0.029724998,0.055784017,0.015657451
syn-0108,2,0,1,8,8,0.020071357,0.076106265,0.004306647,0.0030909555,0.006709745,0.052410793,0.030374948,0.021191314,0.49915767,0.024702389,0.21030253,0.051575378
syn-0114,2,0,1,4,3,0.018831437,0.07792614,0.015651435,0.44426748,0.17769757,0.025056155,0.052826613,0.015950833,0.004549593,0.08130491,0.05310543,0.03283252
syn-0118,2,0,1,5,5,0.057121847,0.037571203,0.007206508,0.043242633,0.03584285,0.65509117,0.04649406,0.03163416,0.01499398,0.01117375,0.03704613,0.022581622
syn-0120,2,0,1,3,3,0.019634677,0.028254287,0.020147657,0.72481126,0.02445806,0.0047928067,0.028571395,0.013977296,0.014926468,0.06664377,0.03276305,0.021019258
syn-0124,2,0,1,6,6,0.011891508,0.037167292,0.0030373822,0.09267253,0.06113468,0.025346797,0.6586298,0.008212327,0.033035677,0.017773371,0.03590588,0.015192773
syn-0129,2,0,1,11,11,0.007725286,0.009889129,0.0098675,0.10082439,0.025045583,0.012419133,0.014041767,0.01123201,0.0053178673,0.07644141,0.04279864,0.6843973
syn-0130,2,0,1,6,8,0.029658094,0.08566422,0.008120907,0.006489797,0.053325612,0.10021171,0.20458032,0.0576327,0.3568019,0.0086066965,0.055385947,0.033522133
syn-0136,2,0,1,6,6,0.02979111,0.08032444,0.019151034,0.11265579,0.053415768,0.019695314,0.3450857,0.024074595,0.008095737,0.11700192,0.13030343,0.060405158
syn-0143,2,0,1,1,1,0.08915178,0.5120283,0.003257118,0.015847756,0.0077337846,0.012084163,0.017351897,0.019086463,0.23953468,0.025487795,0.020788586,0.03764772
syn-0145,2,0,1,2,3,0.025391456,0.06447445,0.31488678,0.34324235,0.025976444,0.041708928,0.010330642,0.072230436,0.0047042225,0.055896953,0.009845318,0.031311974
syn-0149,2,0,1,8,8,0.018415237,0.030322023,0.0017140361,0.0037772804,0.014972061,0.015503577,0.011307839,0.010375013,0.76486254,0.070324615,0.023113612,0.035312116
syn-0153,2,0,1,4,4,0.21551669,0.046478055,0.004832601,0.025712747,0.39478633,0.22720486,0.028450223,0.009510239,0.0062265494,0.0066606374,0.0169212,0.017699882
syn-0162,2,0,1,9,9,0.010958523,0.010968215,0.0045807906,0.004754444,0.006211997,0.006083875,0.0020622842,0.013683433,0.021684635,0.905771,0.008605779,0.004634976
syn-0166,2,0,1,5,5,0.050090663,0.031605028,0.0106111765,0.03228096,0.07138737,0.60781634,0.033806916,0.063011594,0.015595889,0.029945184,0.04046546,0.013383409
syn-0171,2,0,1,6,8,0.017224528,0.068693526,0.002814944,0.005890124,0.031644624,0.012868794,0.30789766,0.011561138,0.50772244,0.017443746,0.0063770297,0.009861442
syn-0181,2,0,1,10,6,0.013650516,0.17065254,0.011277101,0.019615933,0.03892596,0.068830505,0.23899384,0.013471779,0.10224237,0.071209155,0.2041793,0.046951
syn-0184,2,0,1,2,2,0.0018018347,0.0016951276,0.96801424,0.0028867098,0.0007187618,0.0005089761,0.0023825138,0.01540872,0.00078585255,0.00092216465,0.0024090826,0.00246605
syn-0190,2,0,1,3,1,0.013478568,0.489369,0.017803876,0.3111945,0.030285368,0.06381522,0.014021345,0.013258243,0.0014804145,0.022711188,0.0052397316,0.017342474
syn-0196,2,0,1,4,4,0.23382348,0.004195193,0.001274585,0.001285311,0.6973166,0.008273056,0.018709075,0.003958617,0.019443782,0.0017589115,0.0027689948,0.0071923085
syn-0201,2,0,1,0,0,0.82542706,0.023346012,0.0050022895,0.0026874829,0.03647111,0.008513714,0.014829785,0.004722204,0.06385409,0.008328022,0.0021919122,0.0046262885
syn-0204,2,0,1,1,1,0.013677337,0.85810244,0.0008060915,0.0031669594,0.009034467,0.025407907,0.019493127,0.0044840355,0.055589408,0.002457672,0.004604121,0.0031763115
syn-0205,2,0,1,2,2,0.0024540548,0.013586516,0.8687662,0.030534916,0.003625113,0.0030714255,0.009919065,0.022349656,0.002739456,0.008146282,0.016455017,0.018352212
syn-0209,2,0,1,7,7,0.027875716,0.019050583,0.09497137,0.013737077,0.06431716,0.14738657,0.039079987,0.47452322,0.048252244,0.0077528125,0.041277923,0.021775391
syn-0213,2,0,1,0,0,0.6660945,0.021948894,0.004267204,0.0056378925,0.17259833,0.02129713,0.035338856,0.00729855,0.04703993,0.00497343,0.0045202654,0.008984997
syn-0218,2,0,1,8,8,0.018432477,0.019246873,0.0046572546,0.0046576,0.015154364,0.0480399,0.022945201,0.015905807,0.7657724,0.009043624,0.049835928,0.026308477
syn-0223,2,0,1,6,6,0.007946678,0.01615399,0.007327092,0.030229386,0.030209223,0.018699769,0.70433724,0.015369486,0.074916735,0.0438389,0.017693697,0.033277776
syn-0225,2,0,1,7,7,0.027788496,0.016617477,0.04047314,0.033951726,0.05720443,0.09107361,0.044590063,0.2237215,0.15276693,0.11984424,0.065665975,0.12630233
syn-0232,2,0,1,8,8,0.0064322073,0.018474769,0.00071336597,0.0015176305,0.005040007,0.009172843,0.0068551083,0.0033492253,0.9207432,0.023438437,0.0026001716,0.0016630676
syn-0243,2,0,1,10,10,0.025586756,0.079142705,0.020320358,0.029107299,0.013895023,0.02815213,0.06393567,0.032266367,0.05535964,0.07455046,0.46477836,0.11290521
syn-0251,2,0,1,10,10,0.013018106,0.053578407,0.015880091,0.017296275,0.01328037,0.058940668,0.12450962,0.016118767,0.040470574,0.15376522,0.42047587,0.07266605
syn-0253,2,0,1,3,3,0.006639534,0.019591754,0.004713777,0.7372889,0.053350054,0.044019755,0.07144248,0.0065805307,0.0068146787,0.0052568284,0.024353676,0.019948179
syn-0257,2,0,1,4,4,0.011773772,0.057703193,0.0046950756,0.012211499,0.7120467,0.114471756,0.036702525,0.022241654,0.013375501,0.004798708,0.0049448675,0.005034698
syn-0260,2,0,1,11,11,0.018914016,0.060857963,0.0120791495,0.01390262,0.031783234,0.036331423,0.08468217,0.038355667,0.0077591273,0.07489766,0.13616627,0.48427072
syn-0273,2,0,1,0,0,0.79869044,0.025501935,0.020490343,0.043602377,0.023298072,0.027324727,0.009368418,0.01407098,0.0028316774,0.012362068,0.012067303,0.010391628
syn-0279,2,0,1,0,0,0.89541847,0.013281008,0.0045283786,0.0041838703,0.019263346,0.0041572438,0.005363907,0.009846087,0.030025274,0.0044620694,0.0038947745,0.005575578
syn-0291,2,0,1,1,1,0.014121738,0.73120767,0.012066812,0.010313785,0.007724344,0.009408179,0.025035398,0.014641488,0.0066708773,0.023436703,0.062303,0.08307001
syn-0292,2,0,1,11,11,0.006498109,0.0129350545,0.0070258332,0.011167769,0.0030952783,0.0050435993,0.0075268764,0.011682278,0.008814929,0.030273456,0.01674431,0.87919253
syn-0293,2,0,1,0,8,0.33040112,0.038067095,0.007904796,0.0131354565,0.03678406,0.045971602,0.018675689,0.012192958,0.42596292,0.038786408,0.012534864,0.019583035
syn-0302,2,0,1,10,10,0.006623011,0.014294092,0.009508696,0.003713391,0.02498364,0.0073147714,0.03798419,0.018532056,0.013035725,0.019059163,0.83082706,0.014124226
syn-0318,2,0,1,11,11,0.016540837,0.0193562,0.021603836,0.08572043,0.01760174,0.0074364566,0.053646844,0.010936433,0.0042636367,0.13176018,0.18276823,0.4483652
syn-0352,2,0,1,8,8,0.0066426815,0.04128359,0.0010831224,0.0015033105,0.0045967093,0.0071926476,0.015814042,0.0024145483,0.90639013,0.004604003,0.004507829,0.0039674323
syn-0356,2,0,1,8,8,0.009655802,0.018971631,0.0021966316,0.0012993678,0.0212163,0.0045683254,0.014764622,0.00267672,0.8935421,0.008148298,0.011840936,0.01111926
syn-0358,2,0,1,2,2,0.0031587346,0.0062255817,0.89039934,0.0054422524,0.0041342783,0.003619603,0.0051207747,0.05943345,0.0031988411,0.005349143,0.006564031,0.007354101
syn-0359,2,0,1,4,4,0.12368167,0.043457888,0.035608035,0.024251511,0.43524897,0.022359358,0.06001147,0.051416177,0.10054849,0.017360536,0.023295848,0.06276008
syn-0373,2,0,1,11,11,0.00259377,0.011201716,0.004524254,0.007000048,0.0068167956,0.00432731,0.009369349,0.009084489,0.0051548188,0.08914323,0.031920183,0.818864
syn-0375,2,0,1,8,8,0.013110335,0.06603841,0.00561349,0.009057229,0.007486462,0.012240662,0.054519955,0.028265141,0.63341975,0.090489656,0.054432336,0.02532656
syn-0376,2,0,1,5,5,0.0012481397,0.004511322,0.0010521973,0.0042978358,0.012189714,0.82897806,0.1242125,0.007191572,0.003876483,0.0010935056,0.008795867,0.002552985
syn-0378,2,0,1,2,2,0.006627066,0.01384627,0.77642906,0.08730763,0.0023445825,0.0080611445,0.0054963,0.056197993,0.0018303841,0.012458077,0.017408052,0.01199339
syn-0386,2,0,1,10,10,0.008694213,0.01580838,0.031030826,0.04301745,0.027329445,0.010614375,0.016220514,0.01597964,0.008199846,0.011763344,0.7931036,0.018238418
syn-0388,2,0,1,5,7,0.08397712,0.045402728,0.061331224,0.06839224,0.027517179,0.19341704,0.020776097,0.39560878,0.022135433,0.025997028,0.030544506,0.024900729
syn-0391,2,0,1,0,0,0.90447855,0.013134983,0.0020317917,0.0025808134,0.010806284,0.009777254,0.0030272147,0.0050272485,0.04021729,0.004123507,0.0021243654,0.002670652
syn-0397,2,0,1,1,1,0.014240519,0.73330957,0.0121424245,0.028314585,0.020228155,0.0026120564,0.06676487,0.010699394,0.0052736565,0.008031992,0.074129775,0.024253028
syn-0419,2,0,1,1,1,0.0069251657,0.73204374,0.01814517,0.06873167,0.012748916,0.007901176,0.010979572,0.0049916334,0.0041852267,0.009014249,0.106932014,0.017401408
syn-0423,2,0,1,9,9,0.003853384,0.0072468324,0.003691951,0.0070299385,0.0022247813,0.0036370773,0.0020706237,0.0018036324,0.0150914425,0.92503005,0.024481589,0.0038387307
syn-0428,2,0,1,8,1,0.01046825,0.45185813,0.0011836943,0.0036427754,0.045491766,0.021366414,0.031596877,0.0028293498,0.40017563,0.004514997,0.018920066,0.007951986
syn-0435,2,0,1,10,10,0.0023447343,0.0043989606,0.0054402687,0.010264998,0.029045328,0.01084475,0.018210977,0.010926618,0.0043527125,0.0213988,0.8724438,0.010328051
syn-0450,2,0,1,10,10,0.0047319126,0.0067247273,0.0036653057,0.0021904057,0.013045987,0.006375341,0.015361701,0.0121222185,0.0028520192,0.009346955,0.91085666,0.012726798
syn-0458,2,0,1,6,6,0.0019363652,0.007518185,0.0027246866,0.004875816,0.008485824,0.0033695481,0.8963364,0.0046896837,0.005819582,0.016105937,0.03522333,0.012914568
syn-0463,2,0,1,11,11,0.0004342657,0.0010103598,0.0006871599,0.0028730847,0.0008331492,0.0014852765,0.0028796683,0.004500634,0.0005720828,0.0031690355,0.004390599,0.9771647
syn-0474,2,0,1,0,0,0.8075565,0.013408478,0.015760694,0.066007614,0.021403603,0.014615389,0.005487091,0.0076756976,0.010008686,0.027931098,0.002171437,0.007973714
syn-0476,2,0,1,7,7,0.021883303,0.017395241,0.0122770155,0.012440499,0.013216029,0.2595685,0.013569286,0.497569,0.077726915,0.064953834,0.004021085,0.0053793597
syn-0480,2,0,1,1,1,0.021401804,0.49798593,0.0123070525,0.21227238,0.039916787,0.05350437,0.026166188,0.02653452,0.0077874702,0.047539964,0.010610035,0.04397354
syn-0488,2,0,1,10,10,0.0022123763,0.00496115,0.0049272976,0.016668865,0.06416735,0.0059723454,0.053003587,0.005786426,0.031551283,0.025159601,0.7708694,0.014720358
syn-0491,2,0,1,10,10,0.005253157,0.009978762,0.0045493557,0.0064473823,0.0059419693,0.018453639,0.015590641,0.009295381,0.0038231036,0.01574692,0.88269776,0.022221852
syn-0498,2,0,1,7,7,0.010078293,0.013172414,0.03537507,0.009898129,0.016512858,0.07224686,0.02233665,0.7509009,0.029226849,0.0065533603,0.0065534287,0.027145235
syn-0003,2,0,2,2,2,0.0010589965,0.00021366708,0.98554325,0.0043295594,0.0008953829,0.0011065664,0.00021529874,0.0049481774,0.00013701283,0.0004930555,0.0003196557,0.00073929277
syn-0007,2,0,2,6,6,0.009017285,0.0057570124,0.0010936027,0.0011625641,0.021398121,0.15512408,0.5969123,0.019470666,0.17603923,0.0025448978,0.004014566,0.007465532
syn-0009,2,0,2,8,8,0.0072520413,0.009150865,0.0005146669,0.0011221297,0.034789372,0.007488663,0.030173989,0.007975404,0.87625104,0.0035268203,0.018579287,0.0031757145
syn-0019,2,0,2,0,0,0.8444649,0.0050083846,0.0009434401,0.050001275,0.052881237,0.002105226,0.0063433577,0.0012489425,0.0013611916,0.023335246,0.010915308,0.0013914816
syn-0022,2,0,2,10,1,0.021543654,0.30312023,0.026351087,0.050163686,0.038044848,0.026111579,0.030839112,0.037856583,0.032533042,0.12746283,0.19813918,0.107834116
syn-0034,2,0,2,0,0,0.9215569,0.0031531476,0.0035694507,0.002203659,0.017289337,0.007075008,0.0139055075,0.01308506,0.0036801281,0.00095710804,0.003678108,0.009846471
syn-0058,2,0,2,9,9,0.0044485484,0.0006633923,0.0012417189,0.002459693,0.0043448075,0.0023806344,0.0028358873,0.0017243862,0.08092553,0.8808773,0.01291654,0.0051815473
syn-0059,2,0,2,3,3,0.0052041914,0.0018282904,0.004007699,0.93460315,0.01149423,0.03292077,0.0007228264,0.0017534072,0.0005723991,0.0048963907,0.0015028354,0.00049375143
syn-0061,2,0,2,4,4,0.0156220505,0.03793666,0.002471706,0.040462222,0.667012,0.03314681,0.13080844,0.00744002,0.01738801,0.003933618,0.03412708,0.009651337
syn-0065,2,0,2,11,11,0.0011401885,0.0050897845,0.005958491,0.001862018,0.0020491849,0.001461382,0.008336955,0.002854378,0.002631095,0.020961495,0.07049409,0.87716097
syn-0067,2,0,2,5,5,0.0015978054,0.0022847813,0.00049777806,0.0025012624,0.005477838,0.96772486,0.001638355,0.0010606992,0.0013818353,0.00050941855,0.012737996,0.0025873305
syn-0069,2,0,2,11,11,0.01857451,0.09200448,0.004768847,0.019317921,0.053949278,0.05269645,0.08023433,0.016028112,0.0027756693,0.00942335,0.016389579,0.63383746
syn-0071,2,0,2,6,6,0.0011115104,0.013816766,0.0015911217,0.0086093685,0.0125303315,0.007243898,0.92167234,0.001089237,0.0003590921,0.0013462532,0.027759474,0.0028705993
syn-0097,2,0,2,10,10,0.0019735289,0.006370143,0.0019085031,0.0024148254,0.0016140435,0.0045169354,0.013125941,0.000513649,0.0041676657,0.004942424,0.9508356,0.0076167807
syn-0098,2,0,2,10,10,0.0012382125,0.0039886464,0.0005543087,0.0016845898,0.015445629,0.0051716426,0.0026729628,0.003091758,0.0016280669,0.0022135375,0.95846367,0.0038470908
syn-0102,2,0,2,1,1,0.0076062405,0.8915843,0.00038161213,0.0023249153,0.016923632,0.0011650706,0.025089273,0.0011298457,0.04934522,0.0009263271,0.0020179113,0.0015057771
syn-0112,2,0,2,4,4,0.046667516,0.022062704,0.0237131,0.009957338,0.7419645,0.015100622,0.011866694,0.03166373,0.0768297,0.009736889,0.0036615788,0.0067755687
syn-0125,2,0,2,9,9,0.0034190633,0.0040939813,0.0029364803,0.005130177,0.007938449,0.010744599,0.014896302,0.00492276,0.044374045,0.8297563,0.0604142,0.011373581
syn-0127,2,0,2,11,11,0.010265859,0.17858529,0.010318555,0.0809382,0.06203101,0.0050115776,0.21903074,0.013021613,0.05778084,0.021115784,0.03447613,0.3074244
syn-0137,2,0,2,8,8,0.00096433796,0.002190225,0.00017237775,0.0003013308,0.0012387311,0.0027072956,0.008199222,0.0012705418,0.96530604,0.007547954,0.009621114,0.00048094415
syn-0142,2,0,2,4,4,0.0039678654,0.005588015,0.0027203178,0.22229068,0.7465559,0.0044932985,0.006451562,0.003963927,0.0005138277,0.0014076988,0.0010338513,0.0010129813
syn-0155,2,0,2,4,4,0.006223501,0.0069876076,0.00093918404,0.0019677687,0.8882163,0.005989365,0.016469672,0.014433309,0.050322704,0.00094385934,0.0041359086,0.003370845
syn-0159,2,0,2,11,11,0.000555759,0.008360704,0.0020417082,0.000925491,0.0034004597,0.014747038,0.01065985,0.005332032,0.0070771473,0.011415707,0.049009696,0.88647443
syn-0164,2,0,2,8,8,0.007356235,0.003432162,0.0011619921,0.0011651947,0.011377868,0.03734568,0.02716122,0.012976552,0.78936684,0.051326666,0.045117352,0.012212261
syn-0172,2,0,2,10,10,0.0031116095,0.026154857,0.001736615,0.0052028736,0.0027187823,0.0105558885,0.02173564,0.0025660524,0.0021954419,0.010135774,0.90020925,0.013677171
syn-0177,2,0,2,8,8,0.0046926346,0.005605424,0.00047820952,0.00075197197,0.010341558,0.0022087041,0.09460784,0.0021938453,0.87221175,0.004092903,0.0015056237,0.0013094839
syn-0179,2,0,2,1,1,0.0030234167,0.79820645,0.0022676121,0.0012057438,0.012535641,0.0036382505,0.05730257,0.0067046033,0.06363619,0.011955063,0.013720286,0.025804007
syn-0188,2,0,2,10,10,0.002165473,0.0143537605,0.0011871359,0.0034336573,0.004289085,0.004204859,0.012557952,0.0013969549,0.0027437941,0.006082447,0.91416305,0.033421874
syn-0193,2,0,2,11,11,0.0069309915,0.04053253,0.007289091,0.0039220275,0.009152435,0.011409925,0.021323545,0.10360368,0.026549678,0.028715163,0.024966924,0.715604
syn-0194,2,0,2,1,1,0.0032146778,0.7516001,0.0004144561,0.00016636662,0.0068936697,0.0009294676,0.008289601,0.00048314416,0.22405937,0.0007312665,0.0015512704,0.0016664603
syn-0200,2,0,2,5,5,0.0140862465,0.04163358,0.0044264,0.33542085,0.04555927,0.3443571,0.017873058,0.18888386,0.001009094,0.0006371396,0.002049492,0.0040639522
syn-0202,2,0,2,10,10,0.00747751,0.01811151,0.009998967,0.0118236765,0.016208429,0.0048542996,0.025169231,0.0064631808,0.14383003,0.08405105,0.5286724,0.14333974
syn-0207,2,0,2,0,0,0.707028,0.0039600446,0.000541873,0.004408929,0.019468814,0.17183146,0.0153067745,0.0054435534,0.05865094,0.0036688768,0.008997407,0.0006934228
syn-0219,2,0,2,0,0,0.96992064,0.009027816,0.0006531947,0.0019703459,0.012855054,0.0010541162,0.00060670177,0.0005051159,0.0011102841,0.00082794816,0.00039041197,0.0010783336
syn-0222,2,0,2,8,8,0.008946273,0.0055037965,0.0008690313,0.0009895744,0.0027987994,0.0058949892,0.016070673,0.008944869,0.93315166,0.008323362,0.005278641,0.0032283366
syn-0224,2,0,2,8,8,0.060568556,0.013526819,0.00037309952,0.0033884258,0.04009758,0.06633805,0.051354088,0.011140453,0.69950604,0.009887341,0.041140255,0.0026792823
syn-0228,2,0,2,6,6,0.00948339,0.01727601,0.011215035,0.19138435,0.20923094,0.00891716,0.5123228,0.0064245146,0.0039978195,0.010554169,0.010440898,0.008752893
syn-0230,2,0,2,9,9,0.013613543,0.013983375,0.004491482,0.0019420917,0.0058607045,0.0070696957,0.0005303591,0.017689584,0.020803522,0.90063304,0.010559343,0.0028232418
syn-0239,2,0,2,6,6,0.0017509474,0.005356537,0.003220806,0.012164541,0.02419329,0.0028398097,0.91720384,0.0045784325,0.001244956,0.0019667635,0.02155722,0.003922802
syn-0242,2,0,2,0,0,0.7724454,0.013064087,0.0051391264,0.008789565,0.13740654,0.0036268288,0.0025489263,0.0082257055,0.029286748,0.016288193,0.00018342628,0.00299548
syn-0244,2,0,2,3,3,0.0040549375,0.009430701,0.01809023,0.8909891,0.014412124,0.0142385,0.008853568,0.0043642917,0.007691728,0.006126692,0.017317284,0.0044310032
syn-0247,2,0,2,3,3,0.050659213,0.08102709,0.012534398,0.69716746,0.061756775,0.018482313,0.0028512406,0.013843666,0.0018797823,0.011576029,0.02288846,0.025333619
syn-0248,2,0,2,6,10,0.002138484,0.012869854,0.004270164,0.009134243,0.036891665,0.03835468,0.41367796,0.009606372,0.0013473378,0.0020992602,0.46194917,0.0076608066
syn-0249,2,0,2,8,8,0.040626794,0.009371251,0.005171688,0.0029324302,0.032560807,0.11937338,0.0027518538,0.025445621,0.55468714,0.05044035,0.14474311,0.011895539
syn-0254,2,0,2,7,7,0.02283745,0.010665568,0.080695435,0.0119676115,0.014217549,0.010425289,0.08353002,0.4730444,0.041065603,0.032894965,0.037442274,0.18121381
syn-0255,2,0,2,2,2,0.002665126,0.00039247063,0.960737,0.00399714,0.0008575719,0.0019589316,0.00031189443,0.025347978,0.00010055136,0.0014305861,0.0006395943,0.0015611926
syn-0259,2,0,2,4,4,0.011866781,0.025436074,0.0011762283,0.029354617,0.8834089,0.014739631,0.010297685,0.004481221,0.00687843,0.002738597,0.0046381964,0.0049837427
syn-0264,2,0,2,0,0,0.9521524,0.001239047,0.00028861326,0.00032292298,0.02101967,0.0035552992,0.0017603778,0.0048889727,0.011716616,0.000864431,0.000884773,0.0013069309
syn-0274,2,0,2,9,9,0.0052034357,0.0008899542,0.012517691,0.0054445066,0.006260406,0.0013940242,0.0020934015,0.021951202,0.02761605,0.7026149,0.15637012,0.057644285
syn-0276,2,0,2,6,6,0.014668832,0.040309403,0.019949518,0.008816211,0.19635789,0.017168446,0.3031424,0.044111766,0.0038071957,0.017764164,0.19937865,0.13452557
syn-0278,2,0,2,9,9,0.0072174775,0.0038605283,0.0031969356,0.0047421115,0.0042645317,0.011993122,0.0086149,0.012390687,0.017749185,0.77292573,0.12533185,0.027712952
syn-0283,2,0,2,7,7,0.0009492518,0.00041084734,0.037533868,0.004388547,0.0019526437,0.03746572,0.00085732195,0.9085904,0.000831513,0.000819666,0.005402557,0.0007977243
syn-0285,2,0,2,11,11,0.0042769653,0.0056243977,0.0033279147,0.003431456,0.01004834,0.021554679,0.017680204,0.009542277,0.06987791,0.026468758,0.021654492,0.80651265
syn-0288,2,0,2,9,9,0.0016394639,0.0043839654,0.003581752,0.005813488,0.0015076431,0.0011383169,0.023176778,0.0034236459,0.021228423,0.90819347,0.016651398,0.009261593
syn-0294,2,0,2,1,1,0.00032514433,0.9784097,0.0004705763,0.0025969988,0.0031507292,0.0066343797,0.0049282005,0.00080189726,0.0007567265,0.00033482307,0.00019582221,0.0013947934
syn-0301,2,0,2,3,3,0.0055482113,0.021856986,0.012487958,0.91419774,0.012411336,0.004739965,0.008698824,0.0021819726,0.0013160247,0.005168277,0.0052587646,0.0061339317
syn-0305,2,0,2,1,1,0.00059113425,0.94556147,0.010720859,0.0029199708,0.0023036208,0.0011257592,0.014738054,0.0006991541,0.0030464528,0.0023368811,0.00599144,0.009965366
syn-0308,2,0,2,3,3,0.008429726,0.009434464,0.016384779,0.87160426,0.017064838,0.016275963,0.02629735,0.0033764145,0.0019099816,0.016590266,0.0051478427,0.0074840235
syn-0313,2,0,2,11,11,0.01943916,0.06790059,0.015711505,0.0066341464,0.012924458,0.09873186,0.1235491,0.103271045,0.03280678,0.06311524,0.11908747,0.33682862
syn-0324,2,0,2,7,7,0.010328032,0.018638166,0.015778616,0.00065903453,0.003978501,0.015311656,0.006444576,0.85304004,0.042594034,0.015643861,0.010773439,0.0068101175
syn-0333,2,0,2,5,5,0.00281933,0.002995287,0.00017002087,0.024970373,0.021961097,0.86315614,0.022108229,0.005028804,0.049624547,0.0012343845,0.0045241523,0.0014075775
syn-0335,2,0,2,3,11,0.0010916787,0.003169726,0.002025655,0.05599743,0.005621574,0.0029807347,0.0014703698,0.000575237,0.000114944836,0.004646558,0.011661849,0.91064423
syn-0338,2,0,2,8,8,0.06901804,0.06376695,0.020073032,0.01821614,0.016141975,0.007496143,0.009345918,0.037606087,0.5279946,0.15026544,0.02624522,0.053830486
syn-0383,2,0,2,2,2,0.0003266747,0.000105493775,0.9875825,0.0014422872,0.00047871022,0.0004864316,0.0003775601,0.00826977,7.897382e-05,0.00021036921,0.00026086465,0.00038029224
syn-0385,2,0,2,5,4,0.0066027236,0.002642243,0.00067310233,0.00039426438,0.9626703,0.01605969,0.00015084042,0.008988216,0.00052442873,0.00038321767,0.0001958171,0.00071519864
syn-0392,2,0,2,1,1,0.0024932537,0.8439494,0.00724215,0.009248269,0.007131788,0.0018955714,0.0078124385,0.0027633568,0.0023964378,0.0059141377,0.09456009,0.014593071
syn-0396,2,0,2,3,3,0.0017393123,0.0066203563,0.01886693,0.9376366,0.010246418,0.0045727883,0.0060738595,0.011223886,6.1013045e-05,0.0005940219,0.0009858608,0.0013789864
syn-0402,2,0,2,1,1,0.028740129,0.81628084,0.0015554747,0.0134346,0.041012127,0.017457131,0.013109065,0.0044602603,0.005753076,0.00823563,0.024203,0.02575881
syn-0405,2,0,2,8,8,0.0025480022,0.0021108505,0.0010114266,0.00023721014,0.0013060899,0.0033793615,0.0010093505,0.0057325377,0.94510144,0.02656155,0.008003562,0.0029986205
syn-0406,2,0,2,4,4,0.022978356,0.0014544174,0.0013888798,0.010449902,0.89975697,0.000934419,0.0018616549,0.0018744613,8.876204e-05,0.017549556,0.038416766,0.0032456801
syn-0409,2,0,2,10,10,0.0031223418,0.010282897,0.00261031,0.007030634,0.0010173882,0.00180558,0.0021952305,0.0026977032,0.0014011652,0.012202344,0.9477672,0.007867224
syn-0414,2,0,2,5,4,0.00075769593,0.0007989376,0.00020610284,0.0004296277,0.97948575,0.008757425,0.0003232739,0.004396353,0.0024392838,0.00041842906,0.0013677337,0.0006193327
syn-0420,2,0,2,2,2,0.0010030477,0.0002295491,0.9512356,0.0016408992,0.00056137505,0.00055533514,0.00029679103,0.04233049,0.00015311682,0.00042496706,0.000401698,0.0011670247
syn-0426,2,0,2,10,10,0.0030698034,0.0014127971,0.010807434,0.0017082974,0.0034078995,0.015634064,0.03597654,0.015604532,0.022265615,0.035636876,0.66331697,0.1911592
syn-0432,2,0,2,6,6,0.0015897297,0.002794179,0.00076770043,0.003856708,0.0036834655,0.0043988083,0.9555104,0.0007795201,0.004275512,0.0028855868,0.014753667,0.004704651
syn-0433,2,0,2,5,4,0.0013183655,0.06119333,0.009366441,0.014797986,0.5607979,0.2019374,0.0024712612,0.1375331,0.0017634379,0.00272726,0.0047172084,0.0013762709
syn-0443,2,0,2,7,7,0.001821788,0.0024090009,0.01420094,0.007947824,0.011817555,0.018645165,0.004336177,0.91618365,0.0055034193,0.011497629,0.0038432924,0.001793572
syn-0452,2,0,2,10,10,0.00066027,0.0019707538,0.002206883,0.00088136643,0.0045076944,0.004788288,0.34938905,0.0016241124,0.06379283,0.038186103,0.52483314,0.007159437
syn-0460,2,0,2,8,8,0.015449723,0.0572614,0.02183362,0.011452084,0.039057016,0.0024069203,0.17683715,0.007681474,0.612152,0.014696988,0.018354913,0.022816679
syn-0464,2,0,2,4,4,0.32347882,0.005463041,0.002725763,0.0021260465,0.6539645,0.0008934189,0.0042712986,0.0015812182,0.0023987605,0.0006088104,0.00043487878,0.0020535234
syn-0465,2,0,2,7,7,0.014838299,0.004143083,0.12582037,0.07574124,0.038412206,0.0105241,0.029032577,0.6750861,0.0010485599,0.005548215,0.008207135,0.0115981735
syn-0471,2,0,2,5,5,0.004443449,0.068740964,0.011536057,0.010655261,0.01020038,0.65338427,0.0027679172,0.058660403,0.0027777094,0.031247705,0.0069086924,0.13867712
syn-0473,2,0,2,10,10,0.00025898663,0.0024688626,0.0011920056,0.0015807087,0.008333902,0.0010544432,0.0064156405,0.0012584241,0.00252718,0.015463213,0.9556142,0.003832416
syn-0478,2,0,2,2,2,0.0030951023,0.0019280993,0.8228864,0.021447847,0.008958743,0.0055354196,0.0030135794,0.11515553,0.0011669113,0.004326273,0.005291569,0.0071944166
syn-0495,2,0,2,2,2,0.005121822,0.0022121894,0.89780694,0.0285533,0.02415661,0.015619684,0.00030194482,0.016146375,0.00044323498,0.0016553251,0.0021640458,0.005818582
syn-0005,2,0,3,11,11,0.0014828444,0.015751937,0.006782035,0.006175805,0.0013900159,0.005190568,0.0021369164,0.004419468,0.0037285637,0.017728778,0.021794612,0.9134185
syn-0006,2,0,3,7,7,0.004213825,0.008924303,0.17056939,0.008940827,0.0021963527,0.004453643,0.009375298,0.36504868,0.019635474,0.2292027,0.02392955,0.15350997
syn-0008,2,0,3,8,8,0.002631461,0.0012834285,0.000455425,0.00031078144,0.00856531,0.0045579933,0.043884717,0.0027390255,0.9313082,0.0015976183,0.0017512527,0.00091485097
syn-0014,2,0,3,0,0,0.9243037,0.004742437,0.0015128985,0.00075773883,0.0093616145,0.004155774,0.005373908,0.0008125053,0.038638923,0.0050897803,0.003643079,0.0016077714
syn-0020,2,0,3,6,6,0.0015718569,0.002147944,0.0032377392,0.0034012173,0.0070541874,0.010409819,0.9276615,0.004617834,0.011375997,0.008080057,0.014327905,0.0061138514
syn-0029,2,0,3,2,2,0.0013837022,0.0010680242,0.9319086,0.004848789,0.0012760153,0.0014420212,0.0007043427,0.04458672,0.0002589079,0.0019956757,0.007975226,0.002551925
syn-0032,2,0,3,4,4,0.04182277,0.057935353,0.0125374105,0.1212956,0.5768119,0.011280517,0.10436913,0.015037739,0.0225869,0.022605227,0.002873224,0.010844185
syn-0033,2,0,3,5,5,0.0062631676,0.01057211,0.001604213,0.009228528,0.014845087,0.89792013,0.02649023,0.0027758551,0.011757381,0.004027512,0.0033310659,0.011184589
syn-0041,2,0,3,10,9,0.0064977254,0.011272138,0.0027167883,0.030501978,0.0103361,0.003247854,0.012028029,0.0041376525,0.04853959,0.6494888,0.19119708,0.030036252
syn-0044,2,0,3,2,2,0.005564275,0.013419607,0.8664982,0.009790962,0.0028434473,0.006317485,0.006441297,0.05448639,0.0021646419,0.0025360524,0.017810648,0.012126865
syn-0046,2,0,3,8,8,0.03241704,0.011042547,0.0032657543,0.0012606482,0.0070141517,0.043112237,0.003783781,0.046255555,0.7632875,0.054877743,0.014728996,0.018954143
syn-0050,2,0,3,4,4,0.025352243,0.072563,0.027476478,0.34743994,0.36529943,0.026925756,0.06057284,0.038705178,0.0044023194,0.011022726,0.011143465,0.009096647
syn-0053,2,0,3,10,10,0.00046983658,0.0047113937,0.003207733,0.004967791,0.01145618,0.0047288956,0.008607882,0.00461519,0.0008371519,0.010389254,0.9433979,0.002610792
syn-0054,2,0,3,5,5,0.0018724794,0.00066188525,0.002196674,0.0036123823,0.0022664221,0.9462088,0.004438463,0.0030316198,0.012721907,0.010442269,0.011065333,0.0014816489
syn-0057,2,0,3,8,8,0.011467502,0.04385756,0.0060537294,0.004099752,0.005530362,0.035473883,0.023216167,0.018557662,0.66089606,0.041408967,0.1233752,0.026063148
syn-0072,2,0,3,0,0,0.9974318,0.00036534324,0.0001230106,1.667022e-05,0.0012466346,7.588993e-05,0.00012729892,0.00010789519,0.00020280594,0.00013878336,1.699003e-05,0.00014675566
syn-0073,2,0,3,11,11,0.002060408,0.020914376,0.005330607,0.0010413611,0.002492805,0.001193606,0.016782751,0.011110782,0.004309913,0.005407028,0.023032637,0.90632373
syn-0074,2,0,3,5,5,0.14980468,0.11727533,0.01216556,0.055052985,0.020563789,0.41967183,0.0352165,0.066313356,0.07408213,0.01375412,0.02241222,0.013687574
syn-0091,2,0,3,4,4,0.005514514,0.005383381,0.000767901,0.008201328,0.9420103,0.010660376,0.008718669,0.0034071829,0.0028166994,0.0038638348,0.0048642703,0.0037916028
syn-0093,2,0,3,5,5,0.0020036667,0.012165109,0.001289632,0.01807946,0.00826074,0.5175852,0.3983781,0.009045374,0.0016666581,0.0019640091,0.026089124,0.0034728816
syn-0101,2,0,3,3,3,0.0023029607,0.0027532724,0.0038286601,0.96686625,0.010729851,0.0032076722,0.003172927,0.0041732625,0.00035341072,0.0010966394,0.0006949572,0.0008200598
syn-0111,2,0,3,3,3,0.004241078,0.00557455,0.005264409,0.97651756,0.0019498339,0.0017328575,0.0023642736,0.00059629616,0.00016476649,0.00050817593,0.00080240116,0.0002838955
syn-0113,2,0,3,11,11,0.009162541,0.015938083,0.0032254697,0.00434421,0.0022903841,0.0057912385,0.0033814432,0.00922653,0.0930654,0.02922706,0.009977128,0.81437045
syn-0122,2,0,3,3,3,0.0042456044,0.0016878934,0.0047079134,0.92334056,0.00888095,0.013358088,0.018930405,0.0014119793,0.0073104966,0.0060982187,0.0072573554,0.0027705233
syn-0133,2,0,3,2,2,0.0011227967,0.012480219,0.8437182,0.020648856,0.0053254645,0.0040505594,0.009712364,0.08259729,0.0017376654,0.003363801,0.0092983,0.005944434
syn-0140,2,0,3,11,11,0.00084554916,0.00038954528,0.0009876915,0.010464585,0.0019702602,0.0020192054,0.0007299545,0.0047366167,0.0025603895,0.035675608,0.0033967297,0.93622386
syn-0141,2,0,3,2,2,0.00095524715,0.0006330858,0.98403627,0.006336584,0.00093861396,0.0007691248,0.0012591957,0.0013622098,0.0004536612,0.0005526767,0.0021012682,0.0006021029
syn-0146,2,0,3,10,10,0.0034768875,0.0027796088,0.015334341,0.01576715,0.018561004,0.0031970162,0.033776052,0.0038105887,0.0008573862,0.04761043,0.8383292,0.01650029
syn-0154,2,0,3,1,1,0.0020683482,0.93417734,0.0014197292,0.0046973047,0.0052476604,0.014373799,0.019095667,0.0043279068,0.004586619,0.0007339371,0.0045331796,0.0047386177
syn-0178,2,0,3,9,9,0.012971175,0.010089212,0.007749127,0.011019835,0.011331101,0.011313877,0.034947697,0.004434719,0.057971667,0.6669211,0.06141993,0.10983052
syn-0187,2,0,3,3,3,0.003656518,0.0013875971,0.0065905484,0.90856546,0.04398199,0.023702785,0.0011051262,0.0017510578,0.0006578363,0.003468645,0.0042222952,0.0009101086
syn-0189,2,0,3,10,10,0.02368917,0.043048456,0.0035977585,0.03922797,0.058556374,0.057284288,0.036699727,0.005832912,0.067914166,0.033621643,0.53548324,0.09504423
syn-0191,2,0,3,4,4,0.010143705,0.016219888,0.008442491,0.17269099,0.5209896,0.019003043,0.04737187,0.008409143,0.0050198236,0.052845716,0.120966986,0.017896647
syn-0192,2,0,3,5,5,0.0027972255,0.02257105,0.0009710412,0.01119986,0.0068214806,0.89129174,0.0302448,0.01244978,0.0022741954,0.0025567063,0.0039527244,0.012869421
syn-0211,2,0,3,0,0,0.9287303,0.0023582338,0.013930934,0.01388105,0.014562858,0.00074123923,0.006185208,0.0025626034,0.0019910936,0.009943307,0.0011666002,0.0039467346
syn-0215,2,0,3,10,10,0.0025736562,0.01221922,0.009227338,0.07370285,0.005590204,0.0051822835,0.028865598,0.0017071642,0.022698985,0.3519143,0.43543613,0.050882373
syn-0217,2,0,3,6,6,0.008390303,0.0788631,0.01689929,0.006210542,0.025158599,0.014717312,0.7314723,0.0051375716,0.0067249895,0.0074034813,0.07919896,0.019823527
syn-0233,2,0,3,8,8,0.0019765173,0.0026413512,0.00015196492,0.0005095406,0.0043875678,0.0009834192,0.0050390167,0.0010225172,0.97563,0.0032509104,0.0038692448,0.0005380338
syn-0267,2,0,3,4,4,0.1301652,0.021213602,0.0016757818,0.0044215783,0.78975415,0.02426172,0.008965163,0.004891387,0.0029423137,0.0007528125,0.001955987,0.009000393
syn-0269,2,0,3,10,10,0.00267752,0.035586346,0.0134156365,0.00726898,0.023428353,0.013724855,0.050729323,0.01593662,0.0036896148,0.0410141,0.7544997,0.038028985
syn-0275,2,0,3,0,0,0.9322223,0.003477386,0.0005490824,0.0024601715,0.028072901,0.0015503159,0.0075522144,0.008184633,0.0046151276,0.0019517737,0.0042478167,0.0051162858
syn-0282,2,0,3,7,7,0.01475425,0.027530821,0.04278742,0.017310789,0.046120144,0.07779872,0.14253138,0.5320271,0.014919757,0.03502826,0.016040834,0.0331505
syn-0284,2,0,3,0,0,0.6929013,0.010778524,0.0041508963,0.004714279,0.020340996,0.07134283,0.0051785805,0.0061008176,0.070782654,0.046536054,0.046027593,0.021145461
syn-0295,2,0,3,10,10,0.0050249957,0.021724418,0.005688031,0.017211054,0.0044357534,0.006930911,0.07237364,0.002733583,0.0023536761,0.014838245,0.81122035,0.03546535
syn-0297,2,0,3,11,11,0.00028449303,0.00662782,0.0008657854,0.0008344555,0.00097477384,0.00039997845,0.0034690236,0.0015941962,0.0025057085,0.0012056909,0.002426397,0.9788117
syn-0299,2,0,3,1,1,0.0023741424,0.9616162,0.0028177518,0.0071342313,0.0016198358,0.011119589,0.0027797818,0.0044229915,0.00080294133,0.0029162595,0.00072728953,0.0016689592
syn-0303,2,0,3,7,7,0.020885317,0.014114349,0.041466936,0.026308231,0.027322577,0.09435512,0.010605097,0.7304245,0.0033044845,0.003147088,0.011849866,0.01621639
syn-0306,2,0,3,5,5,0.024795948,0.01477318,0.016624417,0.005251406,0.013821581,0.59530413,0.019709334,0.15820318,0.0656878,0.0045717955,0.013934369,0.067322925
syn-0307,2,0,3,3,3,0.031715665,0.013399503,0.015769301,0.8315582,0.020446375,0.0071651894,0.008391162,0.0060975878,0.014294091,0.044747576,0.0023073803,0.0041079973
syn-0310,2,0,3,10,10,0.000973019,0.000597879,0.00033851984,0.0025065548,0.002724806,0.0029360713,0.0027761722,0.0013739675,0.0010592612,0.016735932,0.9499536,0.018024227
syn-0325,2,0,3,4,3,0.0066962615,0.018120646,0.0060104146,0.7012965,0.1499378,0.056221392,0.020384576,0.015574848,0.0028716144,0.015823176,0.0046309875,0.0024317536
syn-0327,2,0,3,1,8,0.015773414,0.40775287,0.0012242165,0.0020331605,0.009165209,0.028645199,0.012607754,0.005202233,0.4295604,0.007682311,0.00365831,0.07669508
syn-0329,2,0,3,8,8,0.007393105,0.004702789,0.001915569,0.00048515576,0.034779187,0.007999114,0.013511037,0.0069700615,0.7758437,0.08855559,0.020602342,0.037242413
syn-0336,2,0,3,0,0,0.8987804,0.023045318,0.0027989636,0.0016406531,0.014581767,0.035412207,0.006374407,0.0034975836,0.00898462,0.002270443,0.0008822743,0.0017313791
syn-0343,2,0,3,8,8,0.012215657,0.026665622,0.007737848,0.00055977114,0.027461793,0.026106799,0.018033283,0.035762485,0.73747,0.065301545,0.01695559,0.025729692
syn-0345,2,0,3,7,7,0.019216936,0.0034004543,0.0062564835,0.001942992,0.0138404565,0.03187807,0.012096252,0.88818276,0.0055142785,0.009781533,0.0025410291,0.005348691
syn-0346,2,0,3,6,6,0.0042652762,0.007500227,0.013108033,0.021310486,0.014536339,0.0026012112,0.85713553,0.0110514425,0.005602548,0.012467175,0.035900977,0.014520793
syn-0348,2,0,3,9,9,0.01000084,0.025862943,0.0036874001,0.014672718,0.015696194,0.008833091,0.009010485,0.033005763,0.03169219,0.8126273,0.021642705,0.013268357
syn-0366,2,0,3,9,9,0.0094208475,0.0031585319,0.0045769583,0.012875568,0.008837391,0.016264979,0.007793149,0.0016377382,0.0011580047,0.89122015,0.014321373,0.028735252
syn-0368,2,0,3,9,9,0.004263342,0.01194335,0.0008884042,0.0030480092,0.00920491,0.03425884,0.0047931527,0.007546043,0.08345693,0.7848695,0.014497587,0.041229907
syn-0369,2,0,3,6,6,0.0014023696,0.085654736,0.00065551995,0.006525663,0.017860642,0.03950007,0.8195712,0.008065825,0.0043992028,0.002912408,0.012210642,0.0012416613
syn-0372,2,0,3,1,1,0.033853866,0.64525956,0.005930384,0.21053,0.011522094,0.020579232,0.0102039995,0.0031945903,0.0026117563,0.011489241,0.026211385,0.018613925
syn-0382,2,0,3,0,0,0.9708554,0.0024870634,0.00076427613,0.0029787917,0.014748186,0.0008771571,0.0004505206,0.00045820238,0.0009699386,0.0031926183,0.0010245492,0.0011932082
syn-0399,2,0,3,8,8,0.0008048641,0.007941054,0.0003996253,0.0004312955,0.0019771336,0.0027245164,0.008690549,0.0014912883,0.943868,0.0033995418,0.023401015,0.004871089
syn-0401,2,0,3,11,11,0.014370704,0.23036478,0.035066903,0.023317503,0.010368212,0.026657026,0.021376114,0.0153874615,0.004646436,0.088547535,0.06634274,0.4635546
syn-0407,2,0,3,6,3,0.0074342685,0.056160383,0.016874984,0.5437899,0.025332583,0.009319608,0.2907693,0.0024946306,0.004160294,0.006494871,0.018498132,0.018671026
syn-0408,2,0,3,4,4,0.16307595,0.031797588,0.047636982,0.24477905,0.24836646,0.013778634,0.037307527,0.01634283,0.122496545,0.03450753,0.010147412,0.029763492
syn-0411,2,0,3,2,2,0.00086678733,0.0012591142,0.96547616,0.007113545,0.0010535866,0.0005334179,0.0023786204,0.009801958,0.00033147074,0.0040467833,0.002013754,0.0051246663
syn-0413,2,0,3,9,9,0.0015281903,0.008332663,0.003247053,0.0026387474,0.0016751457,0.002535529,0.0006882656,0.0037768267,0.00197695,0.9628704,0.0030682916,0.0076618893
syn-0416,2,0,3,2,2,0.0004425536,0.0003603414,0.9904931,0.0030369568,0.0003903003,0.00091159815,0.00039304068,0.0018938446,0.00036789436,0.00026579466,0.00089255645,0.0005519555
syn-0417,2,0,3,7,7,0.028142372,0.017439485,0.1522316,0.023735838,0.12690209,0.030397529,0.04060132,0.3124453,0.024857236,0.012894491,0.017850293,0.21250242
syn-0422,2,0,3,1,1,0.00030052697,0.9773661,0.0014021285,0.0015268476,0.0018746876,0.0008609754,0.0054693012,0.0011208799,0.00019852656,0.00031023027,0.006937,0.002632825
syn-0425,2,0,3,5,5,0.036204718,0.03291753,0.0013906488,0.06303698,0.04335357,0.52661556,0.012080555,0.009910946,0.07098254,0.012659954,0.08581246,0.1050345
syn-0430,2,0,3,1,3,0.015059469,0.2961834,0.008276263,0.3711625,0.0136752995,0.17283337,0.019600924,0.0024549519,0.0010385488,0.0075846296,0.051782303,0.04034835
syn-0431,2,0,3,3,3,0.003271591,0.00039280544,0.0025141595,0.98527354,0.0033324964,0.0017411821,0.0013895661,0.00044688303,5.5988516e-05,0.0009729133,0.00020911139,0.00039965461
syn-0436,2,0,3,6,6,0.0011901865,0.0038497502,0.0019102353,0.0076086954,0.0227915,0.011177696,0.8987342,0.0016845842,0.016773894,0.009273161,0.016730519,0.008275501
syn-0437,2,0,3,3,10,0.0060131033,0.008237119,0.0050824084,0.4043586,0.042135835,0.028554654,0.025096806,0.0050575654,0.011083472,0.025234554,0.43392125,0.0052245534
syn-0445,2,0,3,6,8,0.0041250465,0.0053291037,0.00053251436,0.00090765517,0.010973572,0.017323203,0.39352366,0.007762287,0.5523959,0.0008890399,0.0044907364,0.0017473084
syn-0449,2,0,3,11,11,0.002205683,0.0027911123,0.010685732,0.045916192,0.018761637,0.0023697058,0.029675022,0.015274459,0.0021350912,0.022160972,0.052050073,0.7959743
syn-0451,2,0,3,8,8,0.017754339,0.003414648,0.0021057248,0.0010260326,0.0032848488,0.06681179,0.0017587398,0.057836674,0.76860297,0.041208576,0.02287998,0.013315763
syn-0469,2,0,3,9,9,0.0038651861,0.004090396,0.004514051,0.0075098164,0.0036821149,0.008416843,0.0033001923,0.006908076,0.0077489056,0.9121696,0.019576184,0.018218702
syn-0472,2,0,3,8,8,0.01800674,0.0062128417,0.0016248317,0.002692333,0.005365791,0.014093302,0.055594705,0.0057123564,0.8512767,0.013277852,0.018988054,0.007154586
syn-0482,2,0,3,1,3,0.016932193,0.3926813,0.0066100345,0.41568255,0.018874569,0.011240488,0.086786844,0.0030643083,0.0043088757,0.008795099,0.028836036,0.006187792
syn-0485,2,0,3,10,10,0.0012475733,0.010266767,0.0005382973,0.00052342186,0.010566547,0.0025846597,0.025457736,0.0037046587,0.01036966,0.0024138596,0.92982566,0.002501184
syn-0492,2,0,3,6,6,0.0013742936,0.038847603,0.0041894806,0.002156995,0.002954207,0.0015889077,0.86459,0.0022647611,0.007872653,0.0023107734,0.06630062,0.0055496097
syn-0016,2,0,4,9,9,0.018376185,0.054427188,0.01567953,0.0231023,0.035281043,0.03442614,0.061191767,0.02832454,0.11632414,0.3362333,0.18236865,0.09426524
syn-0023,2,0,4,1,1,0.027536452,0.5627643,0.013721719,0.11715178,0.07151621,0.06454137,0.02688007,0.015490157,0.019549238,0.00864821,0.03757079,0.034629844
syn-0026,2,0,4,10,10,0.008687302,0.021832768,0.011151467,0.0139454715,0.029187944,0.021281425,0.12727453,0.01942224,0.01823385,0.015494042,0.6689965,0.044492453
syn-0027,2,0,4,4,4,0.062499378,0.038151644,0.006944199,0.01744352,0.5006525,0.10740377,0.06465924,0.051940408,0.12310631,0.004605974,0.013359769,0.0092332065
syn-0035,2,0,4,9,9,0.024590053,0.07366602,0.02316331,0.08249568,0.068367146,0.024931462,0.02885605,0.036679994,0.025343727,0.35509893,0.17333375,0.08347383
syn-0040,2,0,4,4,4,0.028851593,0.056893293,0.023919966,0.10397642,0.47400093,0.07421334,0.027959522,0.049759347,0.0083855055,0.019063288,0.11027385,0.022702776
syn-0048,2,0,4,11,11,0.028476857,0.025253342,0.015243571,0.031354632,0.07443121,0.057190474,0.061503097,0.057199176,0.059350416,0.06433459,0.08953841,0.43612427
syn-0056,2,0,4,8,8,0.07116859,0.0462069,0.007817665,0.01734545,0.08284784,0.06392066,0.08195571,0.051205836,0.3996523,0.042610805,0.1057018,0.029566465
syn-0070,2,0,4,2,2,0.0075015826,0.008456042,0.8304565,0.020058705,0.018127259,0.0107545685,0.0064327754,0.060705833,0.004990012,0.008620767,0.009670844,0.014225108
syn-0077,2,0,4,2,2,0.0041151196,0.006486342,0.91477454,0.015399427,0.0081700655,0.0049890196,0.00949273,0.02105617,0.0018299294,0.0021000912,0.0048009483,0.0067855977
syn-0084,2,0,4,5,5,0.013919828,0.02715237,0.024073986,0.15350142,0.048255138,0.55058026,0.022779964,0.036358345,0.014895534,0.021581268,0.05230258,0.034599394
syn-0085,2,0,4,3,1,0.031178279,0.35827008,0.022247978,0.2652751,0.05466253,0.03756394,0.08831028,0.0076104472,0.0132516865,0.028553532,0.059589107,0.03348709
syn-0086,2,0,4,10,10,0.0039291084,0.017084405,0.010222582,0.009137811,0.015897037,0.025270592,0.039563697,0.026326593,0.0047893296,0.010905543,0.7995622,0.037311055
syn-0090,2,0,4,5,5,0.138022,0.034150846,0.007282482,0.012891343,0.082510464,0.38455153,0.047049977,0.0592957,0.1863559,0.018708749,0.016026357,0.013154603
syn-0094,2,0,4,1,1,0.01777389,0.466039,0.04680473,0.07782957,0.022211445,0.014639524,0.08828008,0.03793277,0.01712393,0.03160112,0.05603985,0.123724155
syn-0106,2,0,4,10,10,0.013201293,0.06643876,0.026092982,0.033765003,0.025047889,0.0152022075,0.21994059,0.035139445,0.07277986,0.12389748,0.27256495,0.09592955
syn-0107,2,0,4,10,10,0.0029963406,0.0052962047,0.004953103,0.0080077415,0.016174916,0.009756634,0.023167884,0.009649217,0.010139283,0.018580941,0.866001,0.025276791
syn-0109,2,0,4,3,3,0.0403657,0.08587339,0.034659937,0.26933113,0.03197876,0.055390712,0.05771827,0.034438673,0.030060193,0.23063968,0.07707449,0.052469023
syn-0117,2,0,4,6,6,0.008678033,0.036104415,0.023044214,0.1416708,0.17356741,0.03014383,0.42082015,0.009663466,0.017588364,0.022527514,0.071002685,0.04518914
syn-0119,2,0,4,6,6,0.008879197,0.053001318,0.005618907,0.025947096,0.020174354,0.031887233,0.42114267,0.016577266,0.04495814,0.06528481,0.24234319,0.06418574
syn-0128,2,0,4,2,2,0.009981814,0.009070881,0.84565836,0.025653362,0.014019368,0.011811572,0.016734608,0.026236534,0.007382592,0.005495567,0.017021244,0.010934185
syn-0139,2,0,4,1,1,0.019361585,0.67377114,0.013461383,0.059715603,0.043424092,0.031250928,0.06635923,0.015367189,0.01940547,0.0059332103,0.033090834,0.018859273
syn-0147,2,0,4,0,0,0.60166806,0.03451448,0.02679548,0.05809042,0.080129094,0.02575239,0.017300736,0.02817486,0.029615298,0.051501215,0.014863028,0.03159487
syn-0156,2,0,4,6,6,0.047109313,0.14318271,0.011880793,0.063369155,0.07834653,0.09460333,0.26874125,0.05158063,0.07728508,0.012152862,0.09236727,0.059381183
syn-0167,2,0,4,0,0,0.77938205,0.032001346,0.0057294276,0.008960038,0.06846828,0.017010866,0.018666511,0.011062229,0.0383336,0.005617898,0.005622701,0.0091452105
syn-0168,2,0,4,1,1,0.031586796,0.51685745,0.01603486,0.049903296,0.034418467,0.10476468,0.049837332,0.024201352,0.024142677,0.06529031,0.06410767,0.018855153
syn-0173,2,0,4,8,8,0.0567516,0.049021974,0.017307343,0.016853312,0.034551762,0.053184234,0.17487042,0.03621797,0.4561761,0.047658492,0.032240633,0.025166214
syn-0182,2,0,4,6,6,0.010274863,0.03995091,0.0064011435,0.0067898994,0.020178065,0.02032431,0.70498085,0.017590756,0.043663625,0.019219883,0.08205517,0.028570568
syn-0183,2,0,4,4,4,0.07535262,0.026072899,0.007582919,0.031832114,0.537858,0.22274612,0.019318411,0.02978915,0.011884985,0.007715058,0.014589623,0.015258148
syn-0185,2,0,4,7,7,0.043020986,0.015835205,0.119810715,0.042860176,0.03272067,0.032596465,0.058474466,0.46540016,0.04065051,0.05682771,0.035851274,0.055951677
syn-0195,2,0,4,4,4,0.02496409,0.017149597,0.004223056,0.042637777,0.47468308,0.21869749,0.08707044,0.012265191,0.057982974,0.02856787,0.02233005,0.009428359
syn-0197,2,0,4,11,11,0.05792252,0.041987516,0.02711503,0.11256656,0.069061324,0.05599216,0.03328496,0.036526293,0.028856467,0.039040815,0.012314261,0.4853321
syn-0208,2,0,4,8,8,0.057433244,0.036466565,0.0075822873,0.02796098,0.051228337,0.06052065,0.086801454,0.05395013,0.4877321,0.067658216,0.044632543,0.018033477
syn-0210,2,0,4,0,0,0.45540902,0.083006576,0.022254547,0.03907326,0.12767646,0.09217953,0.05357398,0.059835903,0.014544308,0.009069175,0.011956924,0.031420283
syn-0226,2,0,4,6,6,0.015696434,0.2794017,0.027344216,0.021503655,0.034974456,0.020327276,0.31507403,0.02835229,0.03416473,0.027588485,0.11152678,0.08404602
syn-0229,2,0,4,7,7,0.0458999,0.014206321,0.06117836,0.032060683,0.04300125,0.15366067,0.0223976,0.5514276,0.019964125,0.020513093,0.015487337,0.02020299
syn-0236,2,0,4,11,11,0.044898827,0.09928742,0.04562176,0.058187313,0.08232653,0.024744766,0.074711196,0.026215795,0.13928586,0.080910236,0.14803895,0.17577136
syn-0246,2,0,4,8,8,0.07727417,0.15514639,0.0118864225,0.017686741,0.027758902,0.035086054,0.09721701,0.06452164,0.38164836,0.060105335,0.035881173,0.035787843
syn-0250,2,0,4,11,11,0.0063935583,0.0184201,0.009025959,0.006129802,0.0064985827,0.008171975,0.012761995,0.029738061,0.011498061,0.14563249,0.07813245,0.66759694
syn-0261,2,0,4,5,5,0.025049774,0.021488758,0.014994469,0.05073967,0.08222318,0.55289054,0.12043929,0.04032617,0.018406147,0.020027634,0.023921046,0.029493297
syn-0262,2,0,4,10,10,0.025963923,0.042304214,0.023635576,0.02197521,0.040156085,0.07104668,0.03605711,0.06105377,0.023555033,0.03656828,0.5641435,0.053540573
syn-0263,2,0,4,0,0,0.6100818,0.049364906,0.008971115,0.013187929,0.18235645,0.021466315,0.018073032,0.012697997,0.024996575,0.009983369,0.010014007,0.038806614
syn-0265,2,0,4,3,3,0.03378705,0.022608574,0.045331918,0.50441086,0.06932077,0.11671114,0.019607948,0.03946731,0.007322251,0.07542957,0.0360703,0.029932272
syn-0280,2,0,4,0,0,0.8112132,0.016743658,0.0041336687,0.006229745,0.09136594,0.007705433,0.014721653,0.0065514045,0.02431439,0.004495587,0.006373862,0.0061514527
syn-0281,2,0,4,10,5,0.078252055,0.11227969,0.022575477,0.085356474,0.043450274,0.18732888,0.059382655,0.016436331,0.118132554,0.04281215,0.18234742,0.0516461
syn-0286,2,0,4,8,8,0.033416852,0.052831724,0.013768664,0.008958142,0.046171486,0.02407923,0.1059016,0.018789006,0.57907933,0.054305334,0.036963984,0.025734726
syn-0296,2,0,4,3,3,0.033415057,0.041792057,0.035686232,0.5197372,0.121170774,0.11743172,0.01394258,0.033369735,0.0076080654,0.040738754,0.022128437,0.012979439
syn-0300,2,0,4,10,10,0.015435873,0.053239156,0.07289057,0.037555497,0.0678209,0.04059641,0.057487763,0.06256061,0.017267704,0.035811074,0.48287594,0.05645849
syn-0304,2,0,4,1,1,0.021525724,0.6081007,0.009775757,0.040216275,0.07108439,0.05112404,0.08094847,0.014303221,0.026829986,0.0041452926,0.042910747,0.029035509
syn-0312,2,0,4,11,11,0.05473096,0.032532725,0.01683282,0.019906836,0.023507042,0.02037896,0.04017882,0.04170591,0.2182118,0.054964054,0.107257895,0.36979213
syn-0314,2,0,4,8,8,0.028215721,0.08907371,0.0053266096,0.00822395,0.033881035,0.021776153,0.09202579,0.008631075,0.6037124,0.038033843,0.041252464,0.02984729
syn-0321,2,0,4,9,9,0.014865452,0.018046692,0.008598768,0.04708361,0.031017754,0.012941484,0.033303875,0.009519403,0.05540697,0.6563439,0.07779518,0.03507697
syn-0323,2,0,4,7,7,0.013260763,0.009758065,0.05180584,0.041428924,0.03286774,0.093903914,0.037627865,0.5609178,0.026432473,0.07779114,0.030082721,0.024122735
syn-0328,2,0,4,10,10,0.012641621,0.023474861,0.012393487,0.01778664,0.033625603,0.031358376,0.032418676,0.014074829,0.027850097,0.021624519,0.74018127,0.03257002
syn-0330,2,0,4,0,0,0.5379503,0.01882805,0.008034618,0.035428733,0.2130081,0.07096932,0.01328297,0.023380082,0.006894108,0.039748337,0.013404377,0.01907102
syn-0332,2,0,4,6,6,0.01682461,0.079694934,0.044785973,0.20218104,0.078148074,0.041057378,0.26866302,0.014464492,0.0366191,0.052277412,0.13995925,0.02532466
syn-0339,2,0,4,7,7,0.02928347,0.025412355,0.03870552,0.023504985,0.04665383,0.07236791,0.059298273,0.64824885,0.012381122,0.014724738,0.012587904,0.016831068
syn-0341,2,0,4,8,8,0.09805988,0.031058535,0.008290863,0.010098796,0.037351567,0.03786095,0.10163547,0.017189872,0.5958933,0.042644333,0.012119487,0.007796998
syn-0350,2,0,4,2,2,0.013677552,0.008609773,0.79846036,0.027331475,0.016071782,0.018321348,0.016390508,0.06816026,0.004528033,0.00889571,0.007169896,0.012383372
syn-0353,2,0,4,7,7,0.014970016,0.04123016,0.036042094,0.094662234,0.0792966,0.18954241,0.035224088,0.33291912,0.020187499,0.045584634,0.05217713,0.058164075
syn-0354,2,0,4,8,8,0.12397007,0.03946958,0.0083878795,0.018852878,0.042810675,0.050880887,0.059814636,0.01637833,0.5854741,0.02995003,0.012047921,0.011963081
syn-0355,2,0,4,5,5,0.048646923,0.044421047,0.035796817,0.04187956,0.051311698,0.36178562,0.055851888,0.028053038,0.035312723,0.061071277,0.1529914,0.082878046
syn-0357,2,0,4,3,3,0.04425486,0.087862745,0.06731838,0.509386,0.05895823,0.029935677,0.026115756,0.029159335,0.007741104,0.045002893,0.05445203,0.039813057
syn-0363,2,0,4,9,8,0.13907872,0.078131884,0.02573529,0.0754573,0.06843372,0.04838789,0.085770324,0.03941615,0.14145635,0.07075502,0.13791664,0.089460775
syn-0367,2,0,4,4,4,0.06752168,0.06355313,0.028232614,0.030232426,0.5498104,0.041977942,0.046391927,0.043812606,0.06633327,0.021630308,0.014699849,0.025803786
syn-0370,2,0,4,9,9,0.03893647,0.02349271,0.028291838,0.042421103,0.02299734,0.029684784,0.028625064,0.03786538,0.04762926,0.36607406,0.11090392,0.22307812
syn-0371,2,0,4,6,6,0.027795091,0.22822846,0.04569926,0.045476977,0.028881973,0.016520293,0.26571083,0.0159889,0.052845567,0.02077371,0.18514372,0.06693516
syn-0374,2,0,4,8,8,0.0806284,0.048796207,0.006446295,0.041893937,0.05628568,0.041626405,0.09166865,0.010086925,0.53847206,0.024799109,0.03737946,0.02191686
syn-0377,2,0,4,5,5,0.05803389,0.035268854,0.049334016,0.109368496,0.061458938,0.29411635,0.044745274,0.22403291,0.010201717,0.020179318,0.030971251,0.06228887
syn-0379,2,0,4,3,3,0.023275422,0.051413823,0.07733598,0.30428568,0.11735249,0.05272731,0.040714428,0.077225715,0.020170437,0.029648103,0.17958738,0.026263287
syn-0393,2,0,4,2,2,0.037489917,0.028919848,0.7138589,0.039633814,0.026000636,0.012652936,0.037866697,0.03357056,0.012312221,0.010584616,0.018213635,0.028896172
syn-0415,2,0,4,1,1,0.043199077,0.23307541,0.01766586,0.062230244,0.050830506,0.08687159,0.023526536,0.03210096,0.19920808,0.061539482,0.061273463,0.12847881
syn-0418,2,0,4,0,0,0.52930534,0.05600316,0.052326497,0.062173694,0.097522296,0.034914754,0.029758886,0.040862244,0.026785167,0.011184363,0.0277942,0.031369343
syn-0421,2,0,4,10,10,0.017511822,0.06873571,0.013803664,0.03390882,0.032085754,0.031636685,0.06903035,0.018516993,0.06406603,0.16489246,0.35573825,0.13007344
syn-0429,2,0,4,2,2,0.016198516,0.035453964,0.6489227,0.023556821,0.025449764,0.01630592,0.022358036,0.110910594,0.015448212,0.036378216,0.016915318,0.03210202
syn-0440,2,0,4,1,1,0.09256785,0.3904206,0.013782987,0.06240412,0.15971678,0.049185403,0.06267041,0.011292702,0.09620101,0.0073841,0.032832846,0.021541197
syn-0444,2,0,4,5,5,0.012328375,0.043748863,0.0076798284,0.062023994,0.061428115,0.55453455,0.14821132,0.021223277,0.020090135,0.007081247,0.03543276,0.026217548
syn-0448,2,0,4,4,5,0.021551797,0.017716205,0.009705289,0.026799444,0.08548942,0.69135547,0.034196787,0.023452574,0.034104172,0.014317559,0.025159853,0.0161514
syn-0453,2,0,4,1,1,0.037404194,0.3055006,0.025105134,0.061022688,0.060583983,0.029185548,0.12195937,0.016123595,0.032713827,0.09232519,0.15638305,0.061692856
syn-0454,2,0,4,11,11,0.029486649,0.036581997,0.037943028,0.03861799,0.05643863,0.06437772,0.07192209,0.07451773,0.045161277,0.033325303,0.10896489,0.40266263
syn-0457,2,0,4,9,9,0.034910608,0.038555913,0.015424635,0.026162669,0.012349963,0.021186033,0.012876464,0.020966522,0.021454204,0.6390031,0.09716683,0.059943072
syn-0459,2,0,4,5,4,0.12773089,0.0969198,0.02373734,0.012884087,0.22394024,0.1733006,0.071210906,0.047525477,0.17267767,0.010135421,0.021926418,0.018011196
syn-0468,2,0,4,6,6,0.022927148,0.061692495,0.019365031,0.07387239,0.054978825,0.0150096575,0.60886085,0.014297462,0.025451038,0.027673459,0.036846366,0.03902526
syn-0484,2,0,4,3,3,0.024930237,0.030608818,0.0203071,0.7273903,0.057558693,0.07144476,0.012952303,0.017459374,0.0054329066,0.006220494,0.016447488,0.00924757
syn-0489,2,0,4,11,11,0.028616803,0.06903295,0.014533752,0.04816563,0.050116424,0.062127624,0.06983215,0.027138105,0.033770252,0.022373289,0.132379,0.44191405
