id,fold_seed,model_seed,fold,gold,pred,prob_0,prob_1,prob_2,prob_3,prob_4,prob_5,prob_6,prob_7,prob_8,prob_9,prob_10,prob_11
syn-0003,0,0,0,2,2,0.002497004,0.002106285,0.96900845,0.0040811114,0.0015667874,0.0009809493,0.0039852727,0.0051858127,0.0021488767,0.0022399402,0.0028944546,0.0033051677
syn-0004,0,0,0,10,10,0.0026783384,0.0034306683,0.005050433,0.0025807687,0.004390035,0.0031620236,0.02183122,0.0035534229,0.0383337,0.0146139115,0.8957815,0.004593983
syn-0006,0,0,0,7,7,0.012655972,0.013432802,0.033646613,0.005206696,0.0047966335,0.017067933,0.0047966335,0.6368832,0.039260123,0.15546645,0.04443327,0.032353684
syn-0008,0,0,0,8,8,0.0018429966,0.0028102342,0.0021705206,0.0013562889,0.0044877273,0.0028796878,0.005083555,0.004347531,0.967838,0.0028712635,0.0032782855,0.0010338274
syn-0011,0,0,0,10,10,0.0035858704,0.0113764135,0.004718143,0.0035268308,0.007422681,0.007561692,0.019114805,0.0038395706,0.14634775,0.04432947,0.74031764,0.007859076
syn-0015,0,0,0,6,6,0.0039441274,0.01434273,0.0040062377,0.007018304,0.0050151437,0.011561344,0.93130153,0.0016889095,0.007368824,0.0026415046,0.006463986,0.004647317
syn-0016,0,0,0,9,9,0.002051847,0.007049543,0.0020141269,0.0036435525,0.0025685711,0.0018036893,0.0036595997,0.0022099263,0.016313331,0.92706317,0.028049614,0.00357308
syn-0017,0,0,0,3,3,0.0027651426,0.0044041458,0.0042142808,0.95930904,0.0045500537,0.004304751,0.004963818,0.0028823218,0.0013286747,0.005652792,0.002443807,0.003181106
syn-0020,0,0,0,6,6,0.0021515558,0.0031735895,0.0031829004,0.0049430295,0.008564803,0.010605855,0.9312277,0.0016209108,0.012393448,0.002315055,0.015620953,0.004200219
syn-0034,0,0,0,0,0,0.9506822,0.005109521,0.0028025222,0.0027604203,0.012084765,0.0048506064,0.0030110748,0.0037199967,0.0019940897,0.0033280773,0.0034270217,0.006229822
syn-0044,0,0,0,2,2,0.0024786822,0.0023883858,0.9673148,0.004201577,0.0013635217,0.0010262292,0.003380521,0.0065193074,0.0021357145,0.0022099747,0.003099869,0.003881468
syn-0049,0,0,0,8,8,0.0028342304,0.003949376,0.0017857819,0.001637126,0.008932708,0.0016499662,0.0073649073,0.00240773,0.95163035,0.008952358,0.007755189,0.0011001884
syn-0052,0,0,0,4,4,0.026192961,0.00685289,0.001812292,0.0053775823,0.8949258,0.0379249,0.0039199414,0.0029734103,0.004415925,0.0051350845,0.004895149,0.005574081
syn-0053,0,0,0,10,10,0.0019136206,0.0031473339,0.002388527,0.0024475583,0.0037284377,0.0035550953,0.0065053827,0.0025952547,0.0035481586,0.0034541392,0.9636005,0.003115987
syn-0055,0,0,0,3,3,0.002050199,0.005112139,0.0049894135,0.9604011,0.0043381527,0.0036122946,0.006252924,0.0015811798,0.0012123327,0.004954099,0.0023829222,0.0031132323
syn-0063,0,0,0,1,1,0.004899476,0.9615506,0.0030085475,0.0038885998,0.003076887,0.0030529422,0.0049006725,0.0016080021,0.002616425,0.0036870493,0.0032371702,0.004473566
syn-0069,0,0,0,11,11,0.009205996,0.021588268,0.005256957,0.0096360305,0.022306202,0.0040503773,0.019098148,0.0024856366,0.002786501,0.009364677,0.018728755,0.8754926
syn-0072,0,0,0,0,0,0.9640805,0.0039674863,0.0030872424,0.0027384863,0.0075575113,0.0033824048,0.0018520479,0.0032141453,0.0018538574,0.0030468088,0.002052033,0.0031674064
syn-0073,0,0,0,11,11,0.008097386,0.021639328,0.006282048,0.0029775891,0.002869118,0.005915863,0.0064106435,0.006003159,0.00239256,0.0033608964,0.013923728,0.9201277
syn-0077,0,0,0,2,2,0.0021045883,0.0021629296,0.9687008,0.0050455644,0.0014366067,0.0008338837,0.0045049065,0.0048665083,0.0021004817,0.0020328767,0.0029283587,0.00328241
syn-0081,0,0,0,10,10,0.0031918797,0.00843287,0.0041004564,0.006203792,0.0064572264,0.008406276,0.01753543,0.002479777,0.008154233,0.0052317753,0.92342585,0.0063804393
syn-0084,0,0,0,5,5,0.0036229962,0.0048108352,0.001296242,0.0065531945,0.005756761,0.9534197,0.0034310212,0.0100818705,0.002104008,0.002025382,0.0033761791,0.0035218312
syn-0090,0,0,0,5,5,0.03806667,0.0149399135,0.003234929,0.003041904,0.07716007,0.7762509,0.007613813,0.026393773,0.032863624,0.006014205,0.0058806264,0.008539566
syn-0093,0,0,0,5,5,0.003830596,0.0067410353,0.0015813118,0.004544505,0.008218995,0.92639583,0.02797473,0.0041733277,0.00330218,0.0018796889,0.0060069105,0.0053508147
syn-0098,0,0,0,10,10,0.0026736977,0.0075832573,0.0018894664,0.0021494257,0.007521489,0.004602848,0.005589155,0.0031212934,0.008724014,0.0047605666,0.94865423,0.0027304285
syn-0101,0,0,0,3,3,0.0020424353,0.004198485,0.004010626,0.9637974,0.0051885527,0.0031067475,0.0055661644,0.0019451025,0.0012938209,0.0043054014,0.0017040205,0.0028411844
syn-0109,0,0,0,3,3,0.0030540738,0.0070289224,0.0035427879,0.94238126,0.006001524,0.0028121711,0.008179114,0.001648354,0.0017822955,0.01658288,0.0034489103,0.0035376018
syn-0120,0,0,0,3,3,0.0024298115,0.005835021,0.004063212,0.954281,0.0052697533,0.0021579557,0.006499735,0.0017595529,0.0022549022,0.009804419,0.0029916393,0.0026530349
syn-0121,0,0,0,9,9,0.0023741,0.0046927324,0.0025247498,0.004897572,0.002409133,0.0017200491,0.0017100002,0.0028358817,0.00556112,0.9605905,0.0058759544,0.004808124
syn-0139,0,0,0,1,1,0.0044831205,0.96172404,0.0025575252,0.004502865,0.0024776284,0.0031046087,0.0041777077,0.0018674743,0.0021620814,0.0039883438,0.0032807218,0.0056739445
syn-0148,0,0,0,7,7,0.0041939304,0.007529612,0.010217279,0.0018188222,0.0035785118,0.025528379,0.002376829,0.8972738,0.016370071,0.008836383,0.010585776,0.011690597
syn-0155,0,0,0,4,4,0.0043985774,0.00415028,0.0017526257,0.0039708735,0.9449709,0.012588639,0.004189985,0.0019532868,0.011889622,0.0030669556,0.0041029286,0.002965347
syn-0158,0,0,0,1,1,0.005041744,0.9600829,0.0031144812,0.003885509,0.0025556553,0.003183672,0.0052502695,0.0020899428,0.0028790182,0.00393227,0.003218056,0.00476644
syn-0166,0,0,0,5,5,0.01279961,0.0073920386,0.0012562432,0.003106197,0.01988259,0.92852235,0.0034500186,0.007966885,0.0039055673,0.003189188,0.0044897967,0.0040393933
syn-0169,0,0,0,4,4,0.02749195,0.004594366,0.0024543882,0.008327451,0.90156096,0.015942227,0.0063074105,0.0027300583,0.009532331,0.011845089,0.004457363,0.0047564367
syn-0173,0,0,0,8,8,0.0025208057,0.00521038,0.002377346,0.002290741,0.0077020875,0.005243559,0.017429642,0.0022398625,0.9387042,0.004771984,0.009639672,0.0018696486
syn-0175,0,0,0,11,10,0.012195271,0.08811012,0.006093366,0.012159595,0.026865508,0.027288575,0.03632179,0.0057353782,0.019308027,0.025133278,0.38630015,0.35448894
syn-0196,0,0,0,4,4,0.18611234,0.004979138,0.0035272914,0.008046499,0.75060666,0.012855131,0.008077993,0.004051965,0.0065545477,0.004313295,0.0043301764,0.006544953
syn-0223,0,0,0,6,6,0.0032193875,0.006512875,0.0044197612,0.007386363,0.008360146,0.0060322545,0.917392,0.0020304422,0.018499179,0.0049862848,0.014821023,0.006340296
syn-0230,0,0,0,9,9,0.002935471,0.0045401687,0.0020948157,0.0019129476,0.0019497247,0.002129883,0.0008340743,0.008333845,0.007000689,0.96232134,0.0027348243,0.0032121993
syn-0233,0,0,0,8,8,0.0019305862,0.0038216603,0.0019744395,0.0013973553,0.0034711761,0.0019977135,0.0083127,0.0022714566,0.9608176,0.004782331,0.008066786,0.0011561878
syn-0241,0,0,0,1,1,0.015678562,0.87878424,0.0029083965,0.026941722,0.03321989,0.010061244,0.00768884,0.0020028178,0.0035460847,0.007658863,0.0040497556,0.0074595604
syn-0246,0,0,0,8,8,0.029728577,0.22723468,0.009397432,0.010427435,0.014907466,0.011274745,0.035962522,0.0092970235,0.6140792,0.012639454,0.018748434,0.0063029784
syn-0248,0,0,0,6,6,0.004329388,0.008488957,0.006060863,0.008559716,0.01118853,0.010164914,0.5698135,0.0034014962,0.007626191,0.0036564071,0.3600795,0.0066306037
syn-0249,0,0,0,8,8,0.0033163636,0.0042541386,0.0019221775,0.0013133739,0.0098285815,0.008945748,0.0024947808,0.0071033915,0.93904644,0.007758456,0.012534172,0.0014824454
syn-0252,0,0,0,8,8,0.0022136243,0.004627126,0.0022716583,0.0014609748,0.0035304595,0.0019969156,0.011891021,0.0021655157,0.9520295,0.0056845183,0.010711215,0.0014174088
syn-0254,0,0,0,7,11,0.024391871,0.056533087,0.059887856,0.018583558,0.03414703,0.1002168,0.046867575,0.21644908,0.09073749,0.044178754,0.082054585,0.22595234
syn-0270,0,0,0,10,10,0.0036063944,0.005558867,0.0016906955,0.002512143,0.006932017,0.003667661,0.009211499,0.0016180064,0.0038511902,0.0048653902,0.9534634,0.0030228337
syn-0273,0,0,0,0,0,0.94025743,0.009952401,0.003522742,0.004761245,0.012538086,0.0059204036,0.0023627484,0.004177236,0.0027744987,0.0040526716,0.0029882528,0.0066923373
syn-0274,0,0,0,9,9,0.0026958375,0.0025486315,0.0032597494,0.0032013864,0.0026631295,0.0026774718,0.0014226891,0.00654251,0.0064698155,0.94168043,0.021277007,0.0055612894
syn-0275,0,0,0,0,0,0.95860374,0.004698487,0.0036108198,0.0035696237,0.007985569,0.0036099383,0.0030317202,0.0033672978,0.0021341234,0.0030480477,0.0030689551,0.0032716747
syn-0276,0,0,0,6,6,0.0029839065,0.0042617447,0.0069530513,0.008426232,0.008404147,0.005531289,0.9274985,0.0032028279,0.0037189755,0.002374336,0.016675431,0.009969518
syn-0284,0,0,0,0,0,0.906485,0.01095374,0.0033013783,0.0033337765,0.013902717,0.005943099,0.0035626763,0.0036117192,0.021633066,0.011548819,0.0073530953,0.008370889
syn-0296,0,0,0,3,3,0.0030203916,0.0050718067,0.0033563536,0.9512985,0.008065246,0.008635863,0.0058600586,0.0019358805,0.0011149442,0.0049962234,0.0028975992,0.003747027
syn-0302,0,0,0,10,10,0.0018637519,0.002832877,0.00205896,0.0017036072,0.0026893269,0.0024189507,0.006675676,0.0027882766,0.0051522697,0.0036361543,0.96591896,0.0022613253
syn-0304,0,0,0,1,1,0.0050926437,0.95824337,0.0029244593,0.0038272731,0.0026666538,0.0038347554,0.005499072,0.0024965417,0.0026189096,0.0033874663,0.004445137,0.004963754
syn-0311,0,0,0,9,9,0.0037175294,0.0063935886,0.003466811,0.01175961,0.0038978404,0.0017364258,0.0031766677,0.0023780528,0.002566271,0.93898326,0.008523545,0.01340042
syn-0316,0,0,0,0,0,0.76441723,0.010692927,0.0031546562,0.012838441,0.09890818,0.05702049,0.009698065,0.004118467,0.006378806,0.012358671,0.007946309,0.012467772
syn-0318,0,0,0,11,11,0.0065820827,0.009287538,0.006339206,0.006824261,0.008197537,0.0024214128,0.01762317,0.0022947877,0.0026387062,0.0068459543,0.016840797,0.9141046
syn-0328,0,0,0,10,10,0.0021278718,0.0028327703,0.0017909729,0.0018861108,0.0028858222,0.002820349,0.0051119816,0.0034623193,0.007212571,0.0056432723,0.96188205,0.0023438667
syn-0332,0,0,0,6,6,0.002240092,0.00399925,0.0035665717,0.0072967215,0.004300532,0.0033966063,0.95311886,0.0011672628,0.0044143554,0.0022943344,0.011015357,0.0031900373
syn-0345,0,0,0,7,7,0.0070685972,0.004028549,0.006733386,0.0024482154,0.005620463,0.05043826,0.0027205339,0.89578736,0.0071851723,0.006863675,0.003973846,0.007131868
syn-0354,0,0,0,8,8,0.003271629,0.0037831299,0.0019708248,0.0015728137,0.006720326,0.0027576797,0.004200342,0.0028341252,0.9646945,0.0036134147,0.0032477544,0.0013335267
syn-0356,0,0,0,8,8,0.0042716796,0.013084023,0.002896014,0.0019749098,0.00676474,0.0026420057,0.020063097,0.003011378,0.92784667,0.0054782536,0.009048529,0.0029187277
syn-0357,0,0,0,3,3,0.0030801513,0.0051106485,0.007777604,0.95508,0.0056536933,0.0026204805,0.006051846,0.002074996,0.0013528654,0.0052069956,0.002509041,0.0034817578
syn-0371,0,0,0,6,6,0.0021705048,0.004977137,0.0050474987,0.006413042,0.0027951603,0.0027304105,0.9491114,0.0014283254,0.0032838688,0.0020439846,0.01573546,0.0042631514
syn-0372,0,0,0,1,1,0.007524867,0.94748867,0.0029558772,0.0062667653,0.0035359946,0.0042923843,0.0040028957,0.0020206603,0.0021678521,0.006487039,0.0033641993,0.009892761
syn-0380,0,0,0,4,5,0.01405292,0.0070800665,0.0021477316,0.0067889146,0.26606703,0.663687,0.004168258,0.011893573,0.008405735,0.005770123,0.0049547646,0.004983882
syn-0382,0,0,0,0,0,0.95980144,0.0045729973,0.0031905186,0.0032629916,0.009832289,0.0030295851,0.0020519225,0.0032265517,0.0016399343,0.0036029953,0.002531313,0.00325742
syn-0383,0,0,0,2,2,0.002535917,0.001982704,0.9662537,0.0036378584,0.0014598143,0.0012244944,0.0034459373,0.007413549,0.002046641,0.00264855,0.0033579045,0.0039929682
syn-0419,0,0,0,1,1,0.00461754,0.9596149,0.0027945328,0.0048308778,0.0031542748,0.003506841,0.003700347,0.0019300533,0.0028399266,0.0035464466,0.004508373,0.0049557122
syn-0421,0,0,0,10,10,0.0022305746,0.0060863183,0.0034920934,0.0041937986,0.0026984806,0.003947411,0.01284234,0.0021388473,0.011003424,0.010816975,0.9357251,0.004824676
syn-0425,0,0,0,5,5,0.009987827,0.011699113,0.0012528014,0.004942843,0.043904763,0.8853022,0.0068960483,0.00553302,0.0063638035,0.0040658717,0.0052590608,0.014792673
syn-0448,0,0,0,4,5,0.0057602827,0.0052601853,0.0014728762,0.0038017414,0.072721064,0.87902963,0.004895855,0.005452395,0.0068155,0.005559934,0.0051874914,0.0040429826
syn-0452,0,0,0,10,10,0.0021568912,0.0032537258,0.004829874,0.0031428586,0.003337398,0.0040890654,0.033313833,0.0021463854,0.0144828465,0.005891736,0.91906375,0.004291585
syn-0454,0,0,0,11,11,0.0027926469,0.0058296192,0.0044998345,0.0034806002,0.003348895,0.003578833,0.006511752,0.0055362424,0.0017129557,0.0038311,0.006908071,0.9519693
syn-0455,0,0,0,2,2,0.021763617,0.07911394,0.20209852,0.17490168,0.036786903,0.025493992,0.08559479,0.12802331,0.03703924,0.118286625,0.02269698,0.06820048
syn-0457,0,0,0,9,9,0.0025613222,0.0047183298,0.0022460565,0.0037863129,0.0020025668,0.0015919148,0.0009340124,0.003370084,0.003321077,0.9697584,0.0031821737,0.0025277762
syn-0459,0,0,0,5,8,0.078234814,0.11097713,0.0069437344,0.011248802,0.25328603,0.13321193,0.056681562,0.0063347025,0.3001977,0.017093848,0.016455052,0.009334695
syn-0480,0,0,0,1,1,0.0087248795,0.7012732,0.009886585,0.0490691,0.02872676,0.01588768,0.059101995,0.0030093545,0.0048277564,0.01222023,0.021531114,0.085741326
syn-0487,0,0,0,6,6,0.0030071342,0.0050767395,0.0037773203,0.006264346,0.008504014,0.010882113,0.93061984,0.0016550308,0.017321771,0.0016453617,0.008306005,0.002940344
syn-0489,0,0,0,11,11,0.005664604,0.0119131785,0.0043772664,0.00478407,0.011101592,0.005890256,0.017278643,0.0026954392,0.0028000774,0.005517196,0.013173814,0.9148038
syn-0495,0,0,0,2,2,0.0025778206,0.0022287401,0.9669922,0.00610139,0.0017527783,0.001280483,0.003269828,0.005537775,0.001977449,0.0023864238,0.0025329033,0.003362112
syn-0496,0,0,0,8,8,0.0019571118,0.004253903,0.002279175,0.0014027884,0.0036787507,0.0022252912,0.009832838,0.002350376,0.9579821,0.005598843,0.007004089,0.0014346528
syn-0497,0,0,0,5,5,0.0070002615,0.010595584,0.002038187,0.0032633815,0.00884916,0.88561255,0.007234827,0.04952564,0.011654742,0.0038715787,0.0044779717,0.005876132
syn-0498,0,0,0,7,7,0.002332383,0.0028058456,0.005731977,0.0011705075,0.00095720805,0.007340264,0.0010953031,0.9660907,0.0057741133,0.002123659,0.0020126041,0.0025653767
syn-0013,0,0,1,6,6,0.0022109197,0.002423482,0.0038978502,0.0045301486,0.0031832748,0.0041069114,0.95832396,0.002051767,0.003340118,0.0016358115,0.010766251,0.0035295908
syn-0018,0,0,1,3,3,0.004894475,0.0057558483,0.0074850805,0.46694547,0.023123313,0.0086807255,0.45791394,0.0022551236,0.0036142499,0.0043895217,0.008712572,0.0062296363
syn-0031,0,0,1,0,0,0.9542089,0.006131803,0.0044491747,0.003892025,0.008987579,0.0030954261,0.0025018614,0.004263089,0.0022415593,0.003301506,0.0036206874,0.0033063458
syn-0032,0,0,1,4,4,0.007467633,0.0053525353,0.007077122,0.014258271,0.8589368,0.008666838,0.048316143,0.005187855,0.022535015,0.010014512,0.005394516,0.006792721
syn-0037,0,0,1,8,8,0.00298535,0.0052317837,0.0027772228,0.0044640694,0.020561175,0.011508459,0.02613174,0.0040844763,0.78907824,0.011352187,0.11890055,0.0029247503
syn-0041,0,0,1,10,10,0.004725424,0.006848646,0.0039482396,0.011039371,0.006892257,0.0025893187,0.014265966,0.0034437156,0.01769478,0.14500748,0.7747703,0.008774535
syn-0042,0,0,1,9,9,0.0021244797,0.0023219194,0.0029094967,0.0059466255,0.0023128672,0.0013126943,0.0012562567,0.0070445724,0.0025551151,0.9636368,0.0045988434,0.0039802105
syn-0045,0,0,1,9,9,0.008619753,0.017919112,0.004306858,0.15988688,0.010427913,0.003357462,0.012203376,0.003734562,0.00697027,0.6524382,0.114266,0.005869556
syn-0046,0,0,1,8,8,0.044703104,0.01480283,0.0055652778,0.004746309,0.016245825,0.014228794,0.012914411,0.013573895,0.78047776,0.065584786,0.01807051,0.009086424
syn-0057,0,0,1,8,8,0.006131373,0.006766956,0.0029303953,0.00434355,0.020493004,0.024631929,0.023498215,0.0077054985,0.7507222,0.011987073,0.11637037,0.024419365
syn-0059,0,0,1,3,3,0.00275844,0.0040548723,0.0035332707,0.9630777,0.0046350514,0.0038767506,0.004904562,0.0022980208,0.0012543022,0.0043327543,0.0027517139,0.0025226497
syn-0070,0,0,1,2,2,0.0031016332,0.0021897433,0.9622107,0.004713144,0.0020641163,0.0011899617,0.0048896903,0.0061397874,0.0025290083,0.0028351222,0.003927059,0.0042100344
syn-0071,0,0,1,6,6,0.002762007,0.0019010804,0.004189509,0.006567731,0.0040363953,0.004935243,0.95868915,0.0012256332,0.0028206115,0.0013956223,0.00799994,0.0034770428
syn-0076,0,0,1,5,5,0.008372828,0.0073404484,0.0015853532,0.004358106,0.0076254085,0.9415485,0.007491624,0.00783201,0.0027166007,0.0030394788,0.0034424996,0.0046471152
syn-0079,0,0,1,1,1,0.0058345497,0.7822971,0.004017863,0.017987588,0.021519786,0.08022946,0.04311181,0.0024417215,0.010647867,0.0058345497,0.011276632,0.014801156
syn-0086,0,0,1,10,10,0.0021513766,0.0029198371,0.0020200447,0.001964598,0.0021211274,0.0040237186,0.0044571823,0.0053736814,0.0036364587,0.0027759436,0.96493906,0.003616979
syn-0087,0,0,1,5,5,0.008719904,0.0062227123,0.003909315,0.010244502,0.020571046,0.75819474,0.021174874,0.02069446,0.08967344,0.004310347,0.046408523,0.009876123
syn-0091,0,0,1,4,4,0.0053712395,0.002050673,0.0018910144,0.012784663,0.94573,0.00898416,0.0065758605,0.0021511866,0.0032514648,0.003557113,0.0039029114,0.0037497294
syn-0111,0,0,1,3,3,0.0020897049,0.0041475114,0.0045237727,0.96750253,0.0037462786,0.0022179715,0.005559668,0.001640228,0.001340023,0.0022093246,0.0024973883,0.002525593
syn-0118,0,0,1,5,5,0.003309958,0.0033612614,0.0011264315,0.0027167213,0.006864942,0.95641816,0.0032411863,0.013056029,0.0028792538,0.0015321497,0.0020149564,0.0034789834
syn-0128,0,0,1,2,2,0.0025223938,0.0019539192,0.9676935,0.0045474377,0.0015217139,0.0010216305,0.0038447832,0.0051851016,0.0022754576,0.0022566475,0.003538091,0.003639279
syn-0130,0,0,1,6,8,0.004313169,0.007118161,0.006205539,0.004560065,0.020952107,0.0073656626,0.035588566,0.006732761,0.8732481,0.004406837,0.025721248,0.0037878174
syn-0133,0,0,1,2,2,0.0059941914,0.004061818,0.9264112,0.006667441,0.0025667648,0.0022585355,0.0062810914,0.027035167,0.0038325305,0.0032893608,0.0057308795,0.0058710817
syn-0134,0,0,1,5,5,0.0050722994,0.0024456282,0.0021165148,0.0032462652,0.0071024066,0.9018591,0.0047754655,0.04960381,0.008692761,0.0028080367,0.008002283,0.0042754775
syn-0146,0,0,1,10,10,0.002274997,0.0026558475,0.002049276,0.0024646674,0.00232781,0.0024217216,0.0044019315,0.004354167,0.00408955,0.0034457438,0.9670254,0.002488854
syn-0147,0,0,1,0,0,0.9492192,0.007885704,0.0037015984,0.006011956,0.0088970335,0.0026557671,0.0030182078,0.0026949563,0.0030852596,0.005766135,0.004127416,0.0029367968
syn-0151,0,0,1,10,11,0.006386145,0.012906669,0.009143266,0.0063488362,0.011137115,0.011240918,0.05197748,0.011980511,0.0069660265,0.008447885,0.20759234,0.65587276
syn-0167,0,0,1,0,0,0.9611955,0.0041167038,0.00378601,0.0031302946,0.0067839837,0.0028795411,0.0025648715,0.0037537962,0.0027276264,0.0031904757,0.0031594704,0.0027116907
syn-0181,0,0,1,10,10,0.0032551237,0.008300083,0.006479911,0.00786988,0.013842451,0.0042206785,0.06070412,0.008728193,0.19085602,0.017170524,0.6726902,0.0058827666
syn-0187,0,0,1,3,3,0.0024795579,0.0036761982,0.0029850816,0.9634134,0.006718779,0.0036183205,0.0052284403,0.0017746578,0.0012882634,0.0035241623,0.0028946535,0.0023985805
syn-0191,0,0,1,4,4,0.00911516,0.006717817,0.004850489,0.14942789,0.72410685,0.009399916,0.030656038,0.0032884215,0.0076122843,0.019729102,0.029216511,0.0058794455
syn-0202,0,0,1,10,10,0.003144722,0.0033247336,0.0029992498,0.0028271812,0.00461819,0.003370501,0.008455099,0.004465189,0.014533948,0.018309943,0.9263687,0.0075825714
syn-0213,0,0,1,0,0,0.9544908,0.0033008691,0.0034039873,0.0028261414,0.010961412,0.0030572799,0.002660105,0.003906504,0.003909366,0.002915853,0.004675473,0.0038922238
syn-0222,0,0,1,8,8,0.0013044266,0.0018181051,0.0020203353,0.0013133741,0.0056063137,0.0021110994,0.004791019,0.0049133236,0.9641359,0.004071238,0.0070138895,0.0009009067
syn-0232,0,0,1,8,8,0.0025132322,0.0037996147,0.0017264743,0.0017691432,0.006320386,0.0041093663,0.0029671008,0.006740553,0.95015794,0.014791172,0.0042470633,0.00085801183
syn-0236,0,0,1,11,11,0.010691901,0.023230998,0.009047552,0.009678212,0.022215594,0.011725566,0.01624757,0.013222088,0.020252544,0.022532064,0.025925541,0.8152304
syn-0237,0,0,1,4,4,0.012249987,0.0026537767,0.0026641632,0.008473932,0.93654233,0.005965067,0.006509891,0.0024304907,0.0035122514,0.0054946067,0.0066545135,0.0068490086
syn-0264,0,0,1,0,0,0.9354514,0.0052304943,0.0031771057,0.002794219,0.01858904,0.0056375912,0.0016717664,0.006536528,0.0072522983,0.0052394406,0.004223392,0.004196668
syn-0267,0,0,1,4,4,0.013979266,0.0024411224,0.0014322618,0.00472265,0.9378874,0.015686642,0.003553547,0.002370643,0.0041524894,0.0029130941,0.00655675,0.0043042228
syn-0268,0,0,1,6,6,0.0030781133,0.0026072636,0.004461168,0.008176348,0.020467704,0.005962261,0.92282706,0.0014841241,0.0046524913,0.0026664878,0.015158405,0.008458578
syn-0271,0,0,1,2,2,0.003306218,0.0034631954,0.9453608,0.010793136,0.0016584169,0.0014157514,0.005897569,0.007988533,0.0030339563,0.006600859,0.0050204997,0.0054610223
syn-0272,0,0,1,3,3,0.040405046,0.033560403,0.05204603,0.5951992,0.053868853,0.009527006,0.10988596,0.007859695,0.010680166,0.008967292,0.060833123,0.017167151
syn-0279,0,0,1,0,0,0.95929444,0.0039705057,0.0037135892,0.0026166663,0.0076833037,0.0038549283,0.001890244,0.005362665,0.002731552,0.0030591933,0.0026371893,0.0031857209
syn-0281,0,0,1,10,5,0.005749907,0.011099652,0.0013912997,0.0046700784,0.02640617,0.8830337,0.007944071,0.0073005757,0.029922111,0.004887036,0.014939634,0.0026557383
syn-0283,0,0,1,7,7,0.0024131155,0.0017119908,0.016725823,0.0021326889,0.0012187347,0.00827382,0.001561833,0.9495767,0.0041269544,0.003247202,0.0048579946,0.0041532344
syn-0294,0,0,1,1,1,0.0036615261,0.9453838,0.0020579454,0.0051121516,0.0047118347,0.019072942,0.0045015556,0.0020339699,0.00308482,0.0031288124,0.0025202169,0.0047302763
syn-0295,0,0,1,10,10,0.0023489685,0.0037126283,0.0018518467,0.0026826065,0.0028347808,0.0031493285,0.006993917,0.0019896538,0.0033630999,0.0031997042,0.9644466,0.00342692
syn-0297,0,0,1,11,11,0.0028083436,0.005481203,0.004772491,0.002022774,0.0025173828,0.0069396957,0.0054661925,0.007079161,0.0014399755,0.0019567143,0.0035971915,0.9559188
syn-0298,0,0,1,7,7,0.0027083007,0.0014415315,0.005713909,0.0016968814,0.0014887439,0.013960249,0.0013971803,0.95882267,0.0041113063,0.0023091915,0.002586172,0.003763777
syn-0308,0,0,1,3,3,0.0026549117,0.0038798868,0.0030364492,0.9586937,0.0062243077,0.0028664423,0.009878654,0.00152087,0.0018202431,0.004071053,0.0029502213,0.0024032022
syn-0313,0,0,1,11,11,0.039459534,0.18848085,0.042251296,0.024807954,0.019067412,0.036879238,0.030365674,0.06465401,0.02580879,0.035233397,0.23003124,0.26296058
syn-0314,0,0,1,8,8,0.0014547639,0.002157363,0.002012848,0.0013786886,0.0045176498,0.0016292584,0.0038281167,0.0035534184,0.96762407,0.0039414465,0.0069964323,0.00090593373
syn-0325,0,0,1,4,3,0.007466582,0.006232474,0.0043850928,0.750537,0.14212777,0.024267748,0.031114798,0.0024502245,0.004099348,0.011051071,0.00827687,0.0079909405
syn-0336,0,0,1,0,0,0.9520451,0.0059443456,0.0041346527,0.004353225,0.009333522,0.0061464366,0.0027724882,0.0042007896,0.0026519934,0.00320204,0.0027996958,0.0024158468
syn-0343,0,0,1,8,8,0.005241497,0.0038385077,0.0044964436,0.0022720206,0.013827217,0.005415807,0.0033057705,0.027895965,0.87036425,0.041632153,0.016443292,0.0052671526
syn-0346,0,0,1,6,6,0.0027489956,0.001890278,0.005240931,0.008796214,0.004233886,0.0032084133,0.95743984,0.0013093572,0.0029291492,0.0017844435,0.007301225,0.0031173022
syn-0348,0,0,1,9,9,0.0040841377,0.0066082035,0.0014640869,0.003775366,0.0041901874,0.0020287172,0.0018043785,0.00461665,0.0108103,0.950338,0.006350395,0.0039295955
syn-0358,0,0,1,2,2,0.0025262125,0.0021703006,0.96443784,0.0028723748,0.0013202161,0.0011030817,0.0038652027,0.007516144,0.0028991469,0.002834755,0.004321826,0.0041328603
syn-0366,0,0,1,9,9,0.0049910923,0.0050920183,0.0039831335,0.023648953,0.0051495265,0.0047001583,0.005994008,0.00417225,0.0062115146,0.9040399,0.026292292,0.00572511
syn-0369,0,0,1,6,5,0.0046116374,0.01557433,0.0024902227,0.0056172865,0.012893461,0.8191527,0.10293028,0.010851089,0.0071252272,0.0043301177,0.008073941,0.006349698
syn-0370,0,0,1,9,9,0.0022876335,0.0033825543,0.0028152117,0.0045941486,0.0019395943,0.0027675088,0.0012645855,0.007047267,0.0024735215,0.9549868,0.0103177475,0.0061235195
syn-0373,0,0,1,11,11,0.0027064837,0.005674637,0.004120351,0.002360637,0.0019370721,0.003678161,0.0040758285,0.0031999354,0.0009759251,0.0028377555,0.0043876967,0.96404546
syn-0374,0,0,1,8,8,0.0028771798,0.002327737,0.0016980267,0.0027081445,0.0170077,0.0029296328,0.0069671767,0.0032349003,0.94644135,0.003986774,0.008776212,0.0010451028
syn-0381,0,0,1,8,8,0.0019570978,0.0026092432,0.0019782344,0.0010682201,0.0043029655,0.0036778266,0.0038057065,0.012047358,0.9449671,0.008584671,0.013439801,0.0015618588
syn-0396,0,0,1,3,3,0.0028373983,0.0030071507,0.006153724,0.9592289,0.004314912,0.0031746335,0.0067966008,0.0037580242,0.0016293807,0.0037525233,0.0028512864,0.002495451
syn-0397,0,0,1,1,1,0.0036329734,0.96401423,0.0028307443,0.0033014053,0.0021587808,0.002940635,0.0031364094,0.0026553457,0.0020141709,0.0033731016,0.0049222335,0.0050199283
syn-0401,0,0,1,11,11,0.0055638514,0.010173704,0.0072379415,0.0025554146,0.0034673484,0.0054615675,0.005119407,0.0070273606,0.0014517718,0.00559245,0.005843692,0.94050556
syn-0406,0,0,1,4,4,0.22574352,0.007656925,0.005055978,0.02762081,0.58553416,0.011316202,0.022481615,0.0066200485,0.00454101,0.016400784,0.065952234,0.021076707
syn-0415,0,0,1,1,11,0.013456836,0.2380627,0.008306724,0.012828069,0.0472104,0.020700365,0.015413279,0.015345694,0.08139321,0.04045906,0.06423033,0.4425933
syn-0416,0,0,1,2,2,0.0024480482,0.0019536612,0.96803826,0.0048977337,0.0016331424,0.001045209,0.0037073975,0.0049175033,0.0020816934,0.0023359442,0.0033176153,0.003623727
syn-0426,0,0,1,10,10,0.0028903892,0.0032944875,0.0047237463,0.0028791209,0.0028595063,0.011403836,0.014521771,0.009118049,0.02296899,0.007877059,0.9072469,0.0102160955
syn-0427,0,0,1,5,5,0.004569646,0.0038442714,0.001150883,0.0043296237,0.03974649,0.92427164,0.0043540043,0.005388961,0.0041536056,0.0019292494,0.0022456306,0.0040159957
syn-0439,0,0,1,6,6,0.0029216802,0.003208838,0.0042864536,0.0045551145,0.004130301,0.0048866263,0.9578003,0.001720085,0.0066341283,0.0013149768,0.0054190396,0.003122285
syn-0443,0,0,1,7,7,0.0032389953,0.0024580893,0.0050442875,0.0016270794,0.002230479,0.034484074,0.0016591707,0.9293105,0.0063598636,0.0048795515,0.002504124,0.006203822
syn-0444,0,0,1,5,5,0.0035118118,0.0049277246,0.0014833688,0.004044045,0.007007129,0.9377979,0.01888298,0.009457942,0.002824577,0.001540954,0.0034861844,0.0050353534
syn-0449,0,0,1,11,11,0.0033711449,0.0037838079,0.004766861,0.005489638,0.0035208745,0.002181895,0.006355278,0.0041557,0.0010917818,0.004977974,0.00946847,0.95083666
syn-0453,0,0,1,1,1,0.028525231,0.6918839,0.008062871,0.015511268,0.017896999,0.019819846,0.040866744,0.016804466,0.009830718,0.011414973,0.076610535,0.06277242
syn-0456,0,0,1,11,11,0.00582957,0.008165005,0.0060087494,0.04034686,0.016222201,0.0064181807,0.017695226,0.0035151558,0.0018094472,0.005412573,0.011482132,0.87709486
syn-0460,0,0,1,8,8,0.0024692386,0.0034584613,0.0023746435,0.0016209483,0.0058754613,0.0022548635,0.00817777,0.0040542246,0.9579995,0.00331624,0.0069581973,0.001440294
syn-0465,0,0,1,7,7,0.0034171124,0.0015289737,0.006970497,0.0018415946,0.0015667615,0.019712191,0.0018460961,0.9507145,0.0031029717,0.0024361452,0.0032202846,0.0036428294
syn-0471,0,0,1,5,5,0.0055641327,0.008061743,0.0015836771,0.0036588605,0.024484266,0.90894854,0.003821369,0.010080265,0.0042257416,0.0037128518,0.004575814,0.021282688
syn-0481,0,0,1,9,9,0.0025162487,0.0024151313,0.0034502372,0.0035754375,0.0019934345,0.0014330155,0.0010753772,0.010020221,0.0051798937,0.96063393,0.0046044225,0.0031026043
syn-0482,0,0,1,1,3,0.015620375,0.11511027,0.0052642026,0.7565004,0.030860724,0.010915435,0.03237336,0.0027497653,0.0024624679,0.007841007,0.009825226,0.010476788
syn-0486,0,0,1,1,1,0.0039188154,0.9505116,0.0031550128,0.00500002,0.0027761438,0.0039572725,0.005936945,0.002310512,0.0038149746,0.0050294027,0.006514889,0.0070744352
syn-0490,0,0,1,7,7,0.0023068192,0.0016198831,0.004383991,0.0011133283,0.0016294026,0.015339036,0.0015040105,0.9564355,0.0037206446,0.0048444974,0.0026811888,0.0044217473
syn-0009,0,0,2,8,8,0.001881717,0.003507794,0.001206062,0.0011002788,0.0035035147,0.0021913734,0.0064597013,0.0021229147,0.9666958,0.005114725,0.0050437334,0.001172385
syn-0010,0,0,2,9,9,0.0023165205,0.0034302885,0.0017039301,0.0027779324,0.001871401,0.0010451578,0.00081715547,0.0021267969,0.0057741804,0.9727288,0.0032780024,0.0021299147
syn-0022,0,0,2,10,11,0.014065263,0.08803131,0.009876839,0.017564435,0.025787998,0.019480068,0.038350206,0.00929657,0.0074118725,0.027996026,0.19492489,0.5472145
syn-0026,0,0,2,10,10,0.0017244996,0.0016779843,0.0018902969,0.0017905713,0.002504848,0.0017371768,0.009111049,0.002141987,0.003709276,0.0022078238,0.9692087,0.0022957735
syn-0038,0,0,2,5,5,0.0041528507,0.004113497,0.0019124869,0.007306296,0.005804369,0.94256014,0.0056904526,0.016075728,0.0016681007,0.0018054091,0.0022174406,0.006693186
syn-0039,0,0,2,1,1,0.005112015,0.961947,0.0021838048,0.0034456872,0.0028440494,0.0069647296,0.0038439422,0.0019047485,0.00217848,0.002660022,0.0021052782,0.0048102145
syn-0048,0,0,2,11,11,0.002776051,0.0055982014,0.0035863426,0.0018592078,0.005821786,0.003449794,0.0044350335,0.0036268458,0.00181969,0.0033979686,0.0052267034,0.95840234
syn-0050,0,0,2,4,4,0.007454669,0.0065739052,0.0037778423,0.01966923,0.90830016,0.008858044,0.015777681,0.002511675,0.004530325,0.004470991,0.0072270767,0.010848465
syn-0085,0,0,2,3,1,0.008046913,0.9464172,0.0020342057,0.008939253,0.0043614334,0.004329606,0.0038395657,0.0018666921,0.0014781178,0.009305571,0.002716021,0.006665427
syn-0094,0,0,2,1,1,0.0040529794,0.9252985,0.00802301,0.015666163,0.0027504293,0.0037777927,0.012591189,0.004699243,0.0029884798,0.00373378,0.004440473,0.011977986
syn-0097,0,0,2,10,10,0.0022754294,0.0021302744,0.0021574914,0.0024579244,0.002045666,0.0024735762,0.010232682,0.0023939628,0.0067452514,0.003493415,0.96062005,0.0029742476
syn-0103,0,0,2,11,11,0.014250933,0.10339036,0.0074059316,0.007337542,0.012730865,0.010182196,0.010608507,0.007504215,0.003067717,0.018334333,0.03824003,0.7669472
syn-0114,0,0,2,4,4,0.006256163,0.0058001485,0.003092492,0.09288118,0.82945937,0.013644716,0.023598988,0.0019295707,0.003878854,0.007447538,0.0060993154,0.005911659
syn-0129,0,0,2,11,11,0.0044138143,0.0092860535,0.0053776368,0.0038989831,0.00441597,0.0021946197,0.008640774,0.0023683195,0.0022576605,0.01079966,0.008462792,0.9378837
syn-0137,0,0,2,8,8,0.002054522,0.002074684,0.0015141701,0.0013245576,0.0044218283,0.0022454602,0.004439271,0.0023509252,0.9704484,0.0031650607,0.0050831297,0.0008780477
syn-0140,0,0,2,11,11,0.0037438914,0.0044803047,0.0041108564,0.0028937617,0.0035987077,0.0033242002,0.0025888896,0.0053178966,0.0012039455,0.01000695,0.0031091038,0.9556215
syn-0141,0,0,2,2,2,0.0025188858,0.0021873778,0.9696563,0.0035405098,0.001237235,0.0011243173,0.0037210817,0.004685835,0.0019906575,0.0026307623,0.0029585678,0.0037484358
syn-0143,0,0,2,1,1,0.012384892,0.83468014,0.004278537,0.0054456764,0.003204476,0.006533553,0.009151017,0.0047128405,0.09201673,0.011754442,0.008202918,0.0076347683
syn-0144,0,0,2,9,9,0.0020542187,0.003033716,0.002637669,0.003972925,0.0020642737,0.0009164633,0.0008368976,0.0029410962,0.0037840563,0.972202,0.003225434,0.0023311472
syn-0153,0,0,2,4,5,0.07447748,0.006907219,0.0035038283,0.007472133,0.35879904,0.5089612,0.009505808,0.0064445264,0.004955687,0.0065620146,0.00453429,0.007876745
syn-0154,0,0,2,1,1,0.004355859,0.96597034,0.0019850282,0.0033882076,0.0018647615,0.004214634,0.0034727934,0.0022263848,0.0023366518,0.0030431077,0.0027843432,0.004357986
syn-0160,0,0,2,5,5,0.0051464937,0.0059729526,0.0022706778,0.006064236,0.0027998083,0.9396138,0.0061145504,0.018553609,0.0032621387,0.0019139705,0.0029427828,0.005344978
syn-0163,0,0,2,4,4,0.005596705,0.0018953416,0.0016759031,0.0036703527,0.9571963,0.005939417,0.0025529529,0.003079449,0.009772143,0.0036703527,0.0023427212,0.002608395
syn-0164,0,0,2,8,8,0.0060162335,0.0058539556,0.0028557777,0.0027733261,0.010001771,0.021080907,0.0281055,0.0041591916,0.8662625,0.0056600133,0.044715527,0.0025152976
syn-0165,0,0,2,8,8,0.0038811562,0.0058605443,0.003949983,0.0037034252,0.015483889,0.0037912491,0.041199982,0.0025478113,0.8194818,0.015240112,0.082337,0.0025230516
syn-0171,0,0,2,6,6,0.003527086,0.008671209,0.0025842544,0.005771337,0.0045510363,0.011051454,0.92908716,0.0014425742,0.02346457,0.0028717043,0.004016275,0.0029614156
syn-0172,0,0,2,10,10,0.0017708938,0.0016482384,0.0015051414,0.0020886615,0.003072556,0.004036581,0.010101616,0.002071396,0.0040536164,0.0023243888,0.96277934,0.0045476006
syn-0178,0,0,2,9,9,0.006959528,0.013356021,0.004135482,0.010868976,0.039912667,0.0060053505,0.01224421,0.0040673935,0.026044691,0.6873786,0.13775316,0.051273912
syn-0179,0,0,2,1,1,0.004787039,0.9644676,0.0023906762,0.0029105833,0.0016705914,0.002930548,0.0040726387,0.0021025655,0.003721784,0.0032724568,0.0025164413,0.0051571033
syn-0183,0,0,2,4,5,0.010038748,0.004750949,0.0025158287,0.006910903,0.31564984,0.62407726,0.007446971,0.008336141,0.006477943,0.0032240849,0.003965692,0.0066057094
syn-0186,0,0,2,3,3,0.0026328454,0.0044554463,0.0024397448,0.9704241,0.0036061488,0.0025128922,0.0042537525,0.001901003,0.0010601361,0.0024787702,0.0018344361,0.0024007475
syn-0188,0,0,2,10,10,0.0034190593,0.0024185642,0.003344753,0.0025395886,0.003797511,0.0013861547,0.009956376,0.0030335593,0.0033017525,0.0031229851,0.95591235,0.007767296
syn-0193,0,0,2,11,11,0.015150948,0.029472817,0.009635233,0.011588309,0.062891,0.01162231,0.033507206,0.008972257,0.022402588,0.040958937,0.18830869,0.5654897
syn-0197,0,0,2,11,11,0.00964583,0.00749695,0.0049636574,0.0055103875,0.028872367,0.007207986,0.0053906306,0.0040040207,0.0028337357,0.0066305883,0.0033226928,0.91412115
syn-0210,0,0,2,0,0,0.9181048,0.004736136,0.0024606772,0.0037356322,0.02977296,0.020165076,0.0032140326,0.0050736954,0.0018339851,0.0029987346,0.002652843,0.0052513923
syn-0218,0,0,2,8,8,0.0027426018,0.003190808,0.0027939647,0.0018056817,0.0048275385,0.007108559,0.030660324,0.0052994257,0.91280675,0.0028490708,0.02339358,0.0025216732
syn-0225,0,0,2,7,7,0.0033169526,0.0025407136,0.0055082594,0.0016743965,0.0032719125,0.014275135,0.00091035356,0.92691237,0.008035041,0.019867508,0.006386184,0.0073012677
syn-0239,0,0,2,6,6,0.0024778529,0.0026082045,0.0041445605,0.0074065384,0.0037142532,0.005340268,0.9557254,0.0013831793,0.0024657836,0.0011157658,0.008431729,0.0051864795
syn-0240,0,0,2,6,6,0.008996194,0.006744421,0.005016925,0.02046719,0.25883132,0.027081542,0.63315034,0.0018134646,0.017128138,0.0069721164,0.0075607733,0.00623757
syn-0242,0,0,2,0,0,0.96536034,0.003915461,0.0026357851,0.0027703838,0.0076642283,0.0027154735,0.0017782442,0.0027461413,0.0023696348,0.0030627942,0.0020881344,0.0028934306
syn-0247,0,0,2,3,3,0.0021457374,0.0043747746,0.002840559,0.9680654,0.0042325496,0.0021363283,0.0053805728,0.001772809,0.0011301722,0.0027397536,0.002639302,0.002541913
syn-0261,0,0,2,5,5,0.0035317692,0.002881139,0.0017003635,0.002861511,0.008952876,0.9514531,0.011716731,0.005994556,0.0033242768,0.0010839878,0.0024002397,0.0040994254
syn-0262,0,0,2,10,10,0.0024628628,0.0027368106,0.0020022935,0.0019369026,0.002304626,0.0026539033,0.007993036,0.0035616395,0.00374032,0.0035965915,0.9630203,0.0039907955
syn-0263,0,0,2,0,0,0.8889099,0.01563623,0.0059748227,0.00546143,0.03982629,0.0061165118,0.0041976594,0.0043436144,0.0123096835,0.0077263345,0.005488163,0.004009349
syn-0278,0,0,2,9,9,0.0018414095,0.0033043777,0.0017442631,0.0034293048,0.0020663128,0.0011825347,0.0009254669,0.0021486252,0.002596804,0.9750649,0.0037136814,0.001982308
syn-0280,0,0,2,0,0,0.967555,0.0041677845,0.00268469,0.0023622995,0.0052138707,0.0027389778,0.0019824682,0.0026677023,0.0019660802,0.0028480862,0.0024456321,0.0033673558
syn-0282,0,0,2,7,7,0.0056179836,0.003119635,0.0043364745,0.0016730849,0.003019228,0.040773343,0.001580954,0.91897863,0.0053222473,0.0055086496,0.003531559,0.006538222
syn-0288,0,0,2,9,9,0.002159339,0.0024331505,0.0022235364,0.0028592627,0.0018907803,0.0009479628,0.000840669,0.002724334,0.0039073736,0.9746776,0.00351588,0.0018201222
syn-0290,0,0,2,0,0,0.48336777,0.0070239976,0.004893972,0.008926984,0.42824012,0.024817264,0.0058373325,0.006087674,0.010868362,0.0055890926,0.00857243,0.0057749623
syn-0291,0,0,2,1,1,0.0036945473,0.9656254,0.0022705945,0.0031942434,0.0017240065,0.0022705945,0.0027738519,0.0022906386,0.0018750499,0.003964638,0.0039289864,0.006387502
syn-0293,0,0,2,0,0,0.39608005,0.028130122,0.010763359,0.012485715,0.20229791,0.048202705,0.016949683,0.015760317,0.22501943,0.021042785,0.011083356,0.012184578
syn-0301,0,0,2,3,3,0.0034503415,0.0056150034,0.0022872274,0.9497027,0.00905721,0.008479429,0.009771684,0.0015758296,0.0014348091,0.0029354247,0.002323246,0.0033671246
syn-0322,0,0,2,2,2,0.004311077,0.0024619498,0.9650163,0.006368685,0.0016821863,0.0010531993,0.0035834278,0.0057144305,0.00178893,0.0020162645,0.0019447117,0.004058821
syn-0323,0,0,2,7,7,0.0019198309,0.0017133793,0.0040306854,0.0013520897,0.0011275088,0.007046493,0.00082894077,0.9705113,0.0041172137,0.0030544288,0.002149059,0.002149059
syn-0329,0,0,2,8,8,0.003133755,0.0024790044,0.0019476939,0.0013757374,0.0046665748,0.0026479214,0.0036104543,0.004049444,0.95151204,0.010858062,0.010959265,0.0027601332
syn-0330,0,0,2,0,0,0.9027364,0.0059402366,0.0023542258,0.0047603133,0.03679034,0.023476891,0.0028872758,0.0059853657,0.002085728,0.005264043,0.003975449,0.0037437174
syn-0334,0,0,2,6,6,0.009604379,0.01258164,0.007410825,0.058176916,0.042252537,0.21114628,0.6193825,0.0043907687,0.0055396217,0.0044512106,0.007263939,0.017799359
syn-0335,0,0,2,3,11,0.005580718,0.006215489,0.004241701,0.004166774,0.006301243,0.0031268708,0.0056876624,0.0023776367,0.0008387143,0.0063799964,0.004269754,0.9508135
syn-0349,0,0,2,5,5,0.0036505654,0.003489352,0.0016976708,0.002883608,0.0049997917,0.94901913,0.0028236946,0.018216066,0.0029592065,0.0020318455,0.003008744,0.005220364
syn-0359,0,0,2,4,4,0.0042342166,0.004113975,0.0023088579,0.0051049464,0.9424395,0.0059777657,0.009034141,0.002503795,0.00983764,0.0039140987,0.0042280187,0.0063029984
syn-0367,0,0,2,4,4,0.0037524295,0.0022303083,0.0014169781,0.0037874042,0.95920485,0.0054998877,0.0026177,0.0020890515,0.010383581,0.003897149,0.0033082752,0.0018123427
syn-0384,0,0,2,1,1,0.005482473,0.9619627,0.0026613644,0.0030842235,0.0022052715,0.0039718403,0.004205354,0.0023578382,0.0050788214,0.0033413603,0.0017858833,0.00386282
syn-0388,0,0,2,5,5,0.037506793,0.012698884,0.011466887,0.055107597,0.024435947,0.4875844,0.031765614,0.2799962,0.01786463,0.011250589,0.013912988,0.016409524
syn-0393,0,0,2,2,2,0.003460182,0.0024560338,0.9678821,0.0041654417,0.0012422288,0.0010771612,0.003922815,0.004703312,0.001778542,0.0026842866,0.0025265836,0.0041013
syn-0407,0,0,2,6,6,0.0041426765,0.009093836,0.0051960796,0.13264157,0.00704865,0.01024634,0.8109427,0.0013534942,0.002419944,0.0034394334,0.007862377,0.0056128176
syn-0409,0,0,2,10,10,0.0023206952,0.004764665,0.002248197,0.0031213125,0.0026490234,0.0011674889,0.0066126604,0.0026168835,0.0050688647,0.024551025,0.9403587,0.0045204656
syn-0411,0,0,2,2,2,0.002081583,0.002417038,0.9689326,0.0035712784,0.0012314919,0.0009178521,0.00259247,0.0061525637,0.0017114276,0.0037185317,0.002709599,0.003963433
syn-0414,0,0,2,5,4,0.0061105243,0.004227473,0.0021029944,0.00881081,0.72710097,0.21661635,0.0067078224,0.004252316,0.0074158246,0.005212591,0.0062829815,0.0051594144
syn-0417,0,0,2,7,7,0.015610553,0.012121946,0.016504139,0.012531189,0.1918543,0.19602078,0.08316269,0.2291715,0.05233493,0.014325049,0.08843981,0.087923124
syn-0423,0,0,2,9,9,0.0022410252,0.0031357585,0.0024588823,0.003221898,0.0020335147,0.0011780577,0.0010165415,0.005408193,0.005099478,0.96853167,0.0035355405,0.0021394459
syn-0431,0,0,2,3,3,0.0025330163,0.0028521216,0.0025861308,0.97034633,0.004422848,0.002861887,0.0037517902,0.0024876648,0.0011120094,0.0031516205,0.001819126,0.0020754794
syn-0433,0,0,2,5,5,0.0077067427,0.0051993877,0.0051187794,0.004681228,0.022706745,0.48501775,0.0031829814,0.43646875,0.010225991,0.0074586975,0.0040990203,0.008133983
syn-0436,0,0,2,6,6,0.0017247029,0.0025464576,0.0024953762,0.004643235,0.004102614,0.0026680129,0.9669592,0.0005577461,0.0037530977,0.001523532,0.0064237122,0.0026023937
syn-0440,0,0,2,1,1,0.007432022,0.9558581,0.0024830422,0.003618101,0.002648352,0.0057795923,0.0048378804,0.0021594123,0.00630709,0.0033560141,0.0020544976,0.0034659286
syn-0450,0,0,2,10,10,0.0020590683,0.0018021003,0.0026993353,0.0014586729,0.0025482029,0.0016161812,0.005070182,0.0038217467,0.0034229178,0.0024475933,0.96975046,0.0033036636
syn-0451,0,0,2,8,8,0.008372711,0.0068603535,0.0029897585,0.0024140973,0.00864271,0.05398722,0.004106518,0.10642689,0.7674276,0.022809453,0.011531082,0.0044315406
syn-0458,0,0,2,6,6,0.0021695131,0.0018839855,0.003817562,0.004843926,0.0025625597,0.0036387988,0.9683339,0.0013359458,0.0023480952,0.0010183209,0.005201851,0.0028455118
syn-0461,0,0,2,2,2,0.002516637,0.0018936377,0.97329503,0.0022669414,0.001209561,0.0008729174,0.0031577265,0.004788581,0.0018844141,0.0021742492,0.002849288,0.0030909858
syn-0463,0,0,2,11,11,0.0029529377,0.0037251248,0.004140233,0.0018907994,0.0022453798,0.002321185,0.0032147882,0.004687492,0.001148509,0.0027058015,0.0033930067,0.9675748
syn-0472,0,0,2,8,8,0.0017723265,0.0015481169,0.001360882,0.0011392824,0.0033469026,0.0029064198,0.004349078,0.002402458,0.9711156,0.0032566255,0.0056118537,0.0011904651
syn-0476,0,0,2,7,7,0.0023117866,0.002030207,0.004690433,0.001960073,0.0016634922,0.01786677,0.0011377315,0.951036,0.0054437383,0.006390844,0.0030402702,0.0024286536
syn-0478,0,0,2,2,2,0.0046689464,0.0039624833,0.9333543,0.005819115,0.0022977926,0.0022776858,0.006447466,0.019628225,0.0032770035,0.0034158737,0.006081282,0.008769716
syn-0488,0,0,2,10,10,0.0017437508,0.0014204308,0.0017955927,0.0018735138,0.0043870006,0.001761723,0.0087480545,0.0019452944,0.006206329,0.0037000917,0.96248156,0.003936564
syn-0492,0,0,2,6,6,0.001964729,0.0024511213,0.003187513,0.004651411,0.002742446,0.0036531633,0.96736217,0.001202188,0.0027869942,0.0012306971,0.006069547,0.002697952
syn-0493,0,0,2,8,8,0.0019357707,0.0015653402,0.0014259545,0.001129125,0.004600791,0.002696753,0.0030971311,0.0031559041,0.9719025,0.003300906,0.004218349,0.0009714674
syn-0002,0,0,3,1,1,0.0054637254,0.9579129,0.0029391951,0.0031379366,0.0028711087,0.0033730962,0.003442985,0.002064955,0.0024726347,0.004778945,0.0041398727,0.007402678
syn-0005,0,0,3,11,11,0.0030401458,0.010145026,0.0044450373,0.0032314814,0.0059785317,0.006175845,0.0055023055,0.0037595823,0.0014304646,0.004459168,0.007775139,0.94405717
syn-0025,0,0,3,8,8,0.002740615,0.0019424384,0.0019509932,0.0014135059,0.0038795397,0.0033505014,0.00395654,0.0039056742,0.96907926,0.0037272752,0.0031752905,0.0008785232
syn-0027,0,0,3,4,4,0.0061577884,0.0027108653,0.0018531685,0.004298239,0.9487811,0.009418061,0.004349967,0.0029642482,0.01103505,0.002304054,0.0025917827,0.003535635
syn-0033,0,0,3,5,5,0.003939386,0.0059914677,0.0013855582,0.004297094,0.012039736,0.94068736,0.0046930085,0.007626808,0.007744077,0.003820049,0.0024627987,0.005312684
syn-0035,0,0,3,9,9,0.005138535,0.031201899,0.0025863424,0.008664454,0.010150817,0.0030563972,0.004934448,0.002264677,0.010281762,0.8516023,0.061629653,0.008488575
syn-0040,0,0,3,4,4,0.0035480761,0.003428853,0.0016580849,0.011967872,0.94517154,0.0121326195,0.005758041,0.0020434665,0.0034506873,0.0035793977,0.0031464922,0.0041148355
syn-0051,0,0,3,3,3,0.004836355,0.010113414,0.0024883267,0.90426123,0.015124229,0.0043756873,0.0057265116,0.0024259419,0.00303095,0.035893485,0.005799675,0.0059241788
syn-0054,0,0,3,5,5,0.004266251,0.0026053616,0.0016715039,0.0033079907,0.0068830927,0.92984027,0.0042641684,0.02849308,0.0051643313,0.002912173,0.0050330125,0.005558809
syn-0056,0,0,3,8,8,0.0026445133,0.0034702115,0.002205262,0.001396967,0.0031251402,0.0021290802,0.0058257156,0.0038694106,0.9633687,0.0050974325,0.005780733,0.001086897
syn-0058,0,0,3,9,9,0.0017063156,0.0035824091,0.0012362353,0.0023174991,0.002266026,0.0012495868,0.0009322485,0.0021391541,0.010305485,0.96887267,0.0038725622,0.0015198531
syn-0062,0,0,3,7,7,0.0034775399,0.002234332,0.00540522,0.0013664869,0.0014404815,0.0116614215,0.0010036561,0.9581243,0.0069463733,0.0027242263,0.0026378338,0.0029781305
syn-0064,0,0,3,6,6,0.0029951902,0.004802688,0.008408426,0.008283121,0.014521366,0.0036430038,0.8962144,0.0019263009,0.012023948,0.0028552408,0.03451326,0.0098129865
syn-0065,0,0,3,11,11,0.0033840532,0.0059030587,0.004516098,0.0021902497,0.002826102,0.003999088,0.0035188585,0.004889031,0.0015068059,0.003823417,0.0052301395,0.95821315
syn-0067,0,0,3,5,5,0.0033663749,0.005712694,0.0015578842,0.0037171515,0.008701919,0.9490277,0.004395943,0.007832791,0.004641908,0.002601333,0.0039098333,0.0045343786
syn-0068,0,0,3,10,9,0.009406914,0.010057711,0.008362599,0.015017536,0.03248651,0.0058666104,0.019786013,0.009148711,0.23571807,0.5937537,0.052314073,0.008081598
syn-0080,0,0,3,3,3,0.0027462363,0.0057653715,0.002957813,0.95928514,0.0072001256,0.0027718325,0.0045172893,0.0015701157,0.0023057975,0.005788996,0.0022578894,0.002833411
syn-0100,0,0,3,2,2,0.002499413,0.0022306351,0.96876,0.003784493,0.0014564717,0.0009486702,0.0044735344,0.004392903,0.0022824185,0.0019079635,0.003559762,0.0037038268
syn-0112,0,0,3,4,4,0.007046735,0.0033574111,0.0027215711,0.0036196073,0.9331927,0.00824551,0.003873803,0.0041641085,0.023822797,0.0034758472,0.0031355696,0.003344322
syn-0117,0,0,3,6,3,0.005437583,0.01102721,0.0047799423,0.6408952,0.15133663,0.012331813,0.1176311,0.0017653249,0.008430122,0.018526938,0.014565945,0.013272161
syn-0123,0,0,3,10,10,0.001845116,0.0031888532,0.0024241754,0.002340431,0.001966035,0.0012436007,0.01003322,0.0015015344,0.0065207756,0.003741825,0.96234995,0.0028445462
syn-0124,0,0,3,6,6,0.004812866,0.008779039,0.0058968463,0.08862186,0.07304087,0.006508119,0.7663241,0.0012727941,0.007942827,0.00738187,0.020041524,0.009377234
syn-0125,0,0,3,9,9,0.0024732365,0.008394473,0.0016077948,0.0047348104,0.006882384,0.0021719923,0.004344906,0.0012460527,0.021979231,0.9282137,0.01493739,0.0030140404
syn-0135,0,0,3,0,0,0.9589263,0.0058937105,0.0043825493,0.0033145896,0.006150657,0.0025513305,0.0029509373,0.0035664686,0.0029740818,0.002909446,0.0033766648,0.0030032678
syn-0142,0,0,3,4,4,0.010239563,0.0053813984,0.002606089,0.1290493,0.80611444,0.009292551,0.009751594,0.002606089,0.0061307643,0.00919214,0.004972122,0.0046640397
syn-0145,0,0,3,2,2,0.014453175,0.020218534,0.57859993,0.2937934,0.013623987,0.008511116,0.011874353,0.013633969,0.0060264505,0.0098297745,0.009887539,0.019547649
syn-0149,0,0,3,8,8,0.0044794683,0.004701324,0.0020388684,0.0013999247,0.0035696,0.0030877232,0.004114607,0.0035228487,0.9588314,0.005556105,0.007335976,0.0013621642
syn-0150,0,0,3,3,3,0.003567369,0.08198972,0.004439662,0.86442333,0.0083768,0.00425086,0.008089394,0.0020727154,0.0027218736,0.009864523,0.0033089567,0.006894775
syn-0152,0,0,3,3,3,0.004884508,0.0065567964,0.0025745835,0.91751075,0.039455753,0.0044052503,0.0044224923,0.0023811003,0.0026981402,0.007348644,0.0033026037,0.004459355
syn-0159,0,0,3,11,11,0.0033222418,0.005224228,0.0052465964,0.0018142266,0.002337489,0.0037453417,0.0036746939,0.0049961107,0.001579309,0.003689977,0.0069767493,0.95739305
syn-0162,0,0,3,9,9,0.0023418036,0.003535259,0.0014065725,0.0019329106,0.0021721688,0.0011890887,0.0010280659,0.0031389557,0.009239429,0.96999276,0.0024362798,0.0015868663
syn-0168,0,0,3,1,1,0.0070928894,0.9210809,0.0029545913,0.010738323,0.007115437,0.012930084,0.008774601,0.0019452521,0.0056425324,0.010847262,0.0026381533,0.008239957
syn-0170,0,0,3,6,6,0.0034063943,0.004486375,0.007555572,0.00904946,0.023598928,0.0046650916,0.9003673,0.0019182928,0.008476312,0.005265632,0.021371968,0.009838697
syn-0174,0,0,3,10,10,0.0021044447,0.0036866588,0.0023939814,0.0020031787,0.0030034585,0.0017454982,0.0047627445,0.0030950184,0.0044710794,0.0029793582,0.9653296,0.004425079
syn-0177,0,0,3,8,8,0.002303023,0.003474169,0.0023415757,0.0012880994,0.0028024993,0.002753667,0.006036628,0.005047025,0.96423197,0.0042369417,0.004384798,0.00109962
syn-0182,0,0,3,6,6,0.002299371,0.003477139,0.0039497456,0.0041408143,0.0036386764,0.0030357777,0.962703,0.0012331707,0.0044538477,0.0015467426,0.0056487788,0.0038728782
syn-0184,0,0,3,2,2,0.0023786323,0.0022268936,0.9709203,0.003727866,0.0014413053,0.0008949268,0.0037197974,0.0043536643,0.0021207707,0.0018844113,0.0030482651,0.0032831107
syn-0190,0,0,3,3,1,0.0107083665,0.5044983,0.0057373764,0.38155982,0.023032231,0.023929276,0.011850189,0.0040092478,0.0041083344,0.01492164,0.003442713,0.0122024985
syn-0198,0,0,3,0,0,0.62034506,0.06570392,0.009948914,0.078330725,0.07354899,0.039599285,0.033281635,0.0052069924,0.0064423475,0.029665736,0.012082997,0.025843346
syn-0201,0,0,3,0,0,0.960182,0.005837894,0.0029794308,0.002931807,0.008403073,0.002596169,0.0025397465,0.0029389735,0.003194902,0.0024797022,0.002766308,0.0031499807
syn-0204,0,0,3,1,1,0.0076361797,0.95160854,0.0031710165,0.0033345746,0.0027456263,0.00566815,0.0045157345,0.0029327108,0.006848788,0.0041116225,0.0030007923,0.00442623
syn-0205,0,0,3,2,2,0.0024806906,0.0027606622,0.967626,0.0047845757,0.0013679622,0.0008535446,0.003940011,0.0044508777,0.0021945531,0.0019835818,0.0039407327,0.0036168818
syn-0206,0,0,3,8,10,0.008325518,0.0088193,0.005452016,0.0043128994,0.01645451,0.007921025,0.016652536,0.005614105,0.4161086,0.02253462,0.47893807,0.008866796
syn-0215,0,0,3,10,10,0.0036355148,0.006752355,0.0030914536,0.004702409,0.011064503,0.0048115733,0.014491513,0.002275047,0.024917126,0.05566025,0.8622116,0.0063867606
syn-0221,0,0,3,11,11,0.007889942,0.017628977,0.007136676,0.0034645777,0.0040822704,0.0064490233,0.011687656,0.0043391935,0.0052699684,0.003925881,0.015949799,0.912176
syn-0228,0,0,3,6,6,0.010433054,0.011627551,0.010121942,0.15965357,0.33404896,0.01214992,0.38373777,0.0024575826,0.014372137,0.016864376,0.023180671,0.021352427
syn-0244,0,0,3,3,3,0.002383868,0.0050415685,0.0032243335,0.96407175,0.0052062105,0.002959537,0.0049745897,0.001541397,0.0017466317,0.003208628,0.0029336396,0.0027078793
syn-0251,0,0,3,10,10,0.0023404283,0.0034186312,0.0028577682,0.002515822,0.0024647536,0.0024551442,0.009892137,0.0027603926,0.0076908492,0.006226339,0.95346195,0.003915654
syn-0257,0,0,3,4,4,0.005592862,0.0046219523,0.0017823565,0.0064570196,0.93052495,0.026268383,0.0058813365,0.0029761535,0.006934562,0.0030215455,0.0025580993,0.0033806674
syn-0258,0,0,3,3,3,0.004398298,0.0077784313,0.0030155317,0.9246009,0.017050818,0.01859908,0.009010411,0.002136245,0.0018669087,0.0037583916,0.003249442,0.0045356997
syn-0292,0,0,3,11,11,0.0036785437,0.005181566,0.0054589794,0.0020529237,0.0026853734,0.004157157,0.0039813407,0.005786632,0.0014801102,0.0037722192,0.0047720256,0.95699316
syn-0300,0,0,3,10,10,0.0017497815,0.002562129,0.0023362648,0.001938724,0.0028422566,0.0015593305,0.004380998,0.0036268802,0.004487081,0.0026759263,0.9691171,0.00272338
syn-0303,0,0,3,7,7,0.0108138,0.0032425348,0.006470629,0.0032173013,0.01212454,0.24747667,0.0043293517,0.67931294,0.011599745,0.006265427,0.0071763364,0.007970677
syn-0306,0,0,3,5,5,0.006233575,0.009457613,0.0022021248,0.0032166126,0.019172657,0.9121367,0.006013827,0.013765788,0.016431304,0.0024280266,0.004969839,0.0039719865
syn-0310,0,0,3,10,10,0.0021150827,0.0029015816,0.0021410596,0.001711174,0.0022780334,0.0014736843,0.0043861694,0.0033708275,0.0052310466,0.0045573814,0.96595496,0.0038788514
syn-0312,0,0,3,11,11,0.004527751,0.0071368604,0.005124355,0.0020553179,0.0050770342,0.004761289,0.0047775903,0.005312898,0.003890797,0.0039578616,0.004580004,0.9487981
syn-0324,0,0,3,7,7,0.0052681086,0.011326484,0.0058856155,0.0022197922,0.0031182044,0.019222952,0.003217187,0.8705222,0.04723007,0.015712317,0.008998625,0.007278418
syn-0327,0,0,3,1,1,0.008593322,0.9359552,0.0038569178,0.0035810273,0.003789713,0.004686531,0.0051875166,0.0030436334,0.01729395,0.005205278,0.0031371836,0.0056696213
syn-0339,0,0,3,7,7,0.002827397,0.0017086344,0.00503915,0.0014650448,0.0012753414,0.008546806,0.0010490672,0.96687895,0.0033976105,0.0021715485,0.0025506015,0.0030897853
syn-0340,0,0,3,9,9,0.0021969306,0.0034394218,0.0014295699,0.00307556,0.0024809542,0.001382883,0.00080899516,0.002156543,0.0035136861,0.9724655,0.0050368104,0.0020130659
syn-0341,0,0,3,8,8,0.003298073,0.0024968204,0.0022822788,0.0016318676,0.0044903564,0.0025188618,0.0036408433,0.0036622388,0.9653953,0.006447862,0.0031516566,0.0009839952
syn-0351,0,0,3,11,11,0.005419678,0.018347967,0.0047098477,0.0038874797,0.006488089,0.0062456313,0.0034559083,0.0052107815,0.0015268255,0.005549557,0.005410424,0.93374777
syn-0355,0,0,3,5,5,0.017767817,0.021141056,0.0050447877,0.013258837,0.12696882,0.50709945,0.03179465,0.005733266,0.014357235,0.015554222,0.22414674,0.017133094
syn-0360,0,0,3,0,0,0.94037765,0.0056541506,0.0026041893,0.0042352807,0.024527555,0.003779834,0.0023038066,0.0032141746,0.0025314724,0.0036760836,0.003035699,0.0040601227
syn-0364,0,0,3,4,4,0.009632128,0.006826867,0.00216925,0.0072494415,0.8125381,0.08698953,0.0072956053,0.0041245613,0.032648772,0.014689146,0.0072529824,0.008583741
syn-0375,0,0,3,8,8,0.0020184882,0.003648769,0.0020047373,0.0014753161,0.0036001017,0.0021676377,0.006049401,0.0033902496,0.9511029,0.016071634,0.0071456875,0.0013250504
syn-0376,0,0,3,5,5,0.003132224,0.004521894,0.0016361227,0.0035070681,0.005882561,0.94641465,0.012107125,0.009809437,0.0039827707,0.0015354949,0.0031124048,0.004358228
syn-0385,0,0,3,5,4,0.008935782,0.0058745537,0.0024227127,0.0045107794,0.8238508,0.115260236,0.0049929777,0.008404643,0.009022372,0.005441038,0.0036726133,0.0076115234
syn-0392,0,0,3,1,1,0.0044683684,0.95645547,0.0039049997,0.0040605576,0.0024556476,0.0024532506,0.004178217,0.0020358032,0.0026165773,0.005749417,0.004500117,0.0071217166
syn-0405,0,0,3,8,8,0.0026982052,0.0035606052,0.0017695263,0.0013085948,0.0026075395,0.0020012234,0.0035545253,0.0040140618,0.963446,0.008256452,0.005620454,0.0011627524
syn-0410,0,0,3,10,10,0.0027775578,0.005627283,0.00399424,0.003495766,0.004117008,0.0019390477,0.008511729,0.0033129584,0.004231136,0.0049672727,0.9445169,0.0125090815
syn-0418,0,0,3,0,0,0.95154643,0.0052984515,0.0033885199,0.004428103,0.012989525,0.0031308094,0.0030973577,0.0032286153,0.0023829576,0.002878609,0.0039125606,0.0037179284
syn-0420,0,0,3,2,2,0.0031377338,0.0024478491,0.9623045,0.00417411,0.0017571037,0.0011842807,0.0047890013,0.0063803163,0.002788715,0.0026636103,0.0043990626,0.0039737364
syn-0422,0,0,3,1,1,0.004820847,0.9587921,0.0040575787,0.003759065,0.002281102,0.0029404564,0.0041194637,0.0023719708,0.0023466267,0.004180252,0.0038145352,0.0065159784
syn-0428,0,0,3,8,1,0.011181955,0.90148306,0.0044439393,0.0041828565,0.0051550595,0.0069674426,0.006632169,0.003491496,0.038615376,0.005384023,0.007839446,0.0046232226
syn-0429,0,0,3,2,2,0.005903318,0.007686232,0.9128123,0.0072399634,0.0030447086,0.002772239,0.0074315853,0.019158773,0.005600076,0.0078149,0.0099731665,0.010562736
syn-0430,0,0,3,1,1,0.0066271783,0.9212666,0.0022481878,0.016038118,0.0064879,0.0149893705,0.0056271604,0.0018153118,0.0019743547,0.005821399,0.003658089,0.0134462295
syn-0435,0,0,3,10,10,0.0016205291,0.002545097,0.0019414144,0.0019471104,0.0024722186,0.0017124558,0.0050937603,0.0034834093,0.004878333,0.0033998096,0.96809554,0.0028102957
syn-0445,0,0,3,6,6,0.0037356117,0.0046049883,0.0039167996,0.00455801,0.005573694,0.005689873,0.93255776,0.0017027882,0.027454784,0.0021928384,0.005103483,0.0029092974
syn-0447,0,0,3,7,7,0.0023497092,0.0022084257,0.003955249,0.001299535,0.0010544528,0.009234478,0.0011423645,0.9642798,0.00434943,0.002876816,0.0029157058,0.0043340605
syn-0464,0,0,3,4,4,0.01718272,0.0035562587,0.0019184577,0.004506521,0.9455028,0.0048989533,0.0032395918,0.0021590875,0.0046689115,0.003815309,0.0038377296,0.0047135786
syn-0469,0,0,3,9,9,0.0020955035,0.0032970922,0.00181794,0.0022868977,0.0020802116,0.0009995596,0.00075894105,0.0029178543,0.0031661412,0.9749361,0.0024148559,0.003228982
syn-0474,0,0,3,0,0,0.9447473,0.007674701,0.002505029,0.0052837613,0.015917536,0.0051299566,0.0020686458,0.0026419652,0.0025757283,0.005796705,0.0021552562,0.0035034546
syn-0477,0,0,3,7,7,0.036428098,0.11676173,0.0413945,0.01359558,0.036357023,0.11316936,0.012092159,0.2736084,0.0638787,0.04239167,0.116193004,0.1341297
syn-0485,0,0,3,10,10,0.0021285312,0.002741107,0.0025450315,0.002262493,0.003512783,0.0014487,0.011693643,0.002228504,0.007858411,0.0033815112,0.957961,0.0022383188
syn-0007,0,0,4,6,6,0.010638703,0.009841594,0.0037272489,0.008947756,0.01849005,0.03021818,0.8728162,0.0015461802,0.023465097,0.0031756556,0.009476128,0.007657159
syn-0014,0,0,4,0,0,0.92875254,0.017465185,0.0034156698,0.0038799217,0.012159965,0.0070350706,0.0036842136,0.003999176,0.005579483,0.0054688957,0.0034223474,0.0051375516
syn-0019,0,0,4,0,0,0.94383824,0.0061921505,0.0029952424,0.00572995,0.016837148,0.0035813367,0.0034643775,0.0022215317,0.0022653479,0.0035971093,0.006355846,0.002921575
syn-0023,0,0,4,1,1,0.004667827,0.96134204,0.0022539094,0.0052571553,0.0037995512,0.0033245625,0.004035724,0.0020362376,0.0029540407,0.0031048914,0.0027655957,0.004458423
syn-0024,0,0,4,2,2,0.0027503415,0.0018334647,0.96849054,0.0039764624,0.0016956776,0.0012812152,0.0049006203,0.0048087677,0.0020897968,0.0017537808,0.0023703636,0.0040489407
syn-0029,0,0,4,2,2,0.0028860958,0.0022372915,0.96550256,0.00356777,0.0018867501,0.00138105,0.005032591,0.0053873314,0.0026271786,0.002062096,0.0035231926,0.003906012
syn-0036,0,0,4,5,5,0.0049322047,0.0034210286,0.0015434851,0.0032964032,0.016336761,0.9476306,0.0069870097,0.0032763446,0.0026306896,0.0016721681,0.0043959063,0.0038774798
syn-0043,0,0,4,9,9,0.0025997665,0.0033561443,0.0029661288,0.0027218729,0.002849714,0.00426958,0.0027823413,0.005490286,0.011235123,0.9121216,0.045279015,0.0043283543
syn-0061,0,0,4,4,4,0.009250128,0.0051077823,0.0027824822,0.0037736057,0.9388282,0.006885869,0.005990585,0.0026113489,0.007393097,0.002598629,0.0073800227,0.0073982887
syn-0074,0,0,4,5,5,0.023249282,0.019654486,0.0017840597,0.011430821,0.021148048,0.8784071,0.017319633,0.0056009395,0.006094624,0.0051346947,0.004254733,0.0059215515
syn-0075,0,0,4,7,7,0.00243706,0.0022363719,0.004316446,0.0016139474,0.001965897,0.008853665,0.0013858855,0.9641637,0.004475195,0.0027954674,0.0024633806,0.0032930616
syn-0082,0,0,4,1,6,0.0058792485,0.18632337,0.010358788,0.016962402,0.0078498265,0.05732706,0.47905698,0.010020491,0.03722155,0.010625172,0.12956756,0.048807506
syn-0083,0,0,4,0,0,0.9485442,0.006697145,0.0027771697,0.0041154283,0.013069227,0.009043952,0.002694355,0.0023581043,0.0029809233,0.002477313,0.002419926,0.0028222816
syn-0095,0,0,4,11,11,0.0036446543,0.0067557096,0.005763671,0.003025954,0.002551844,0.0028803449,0.0071936105,0.003664283,0.0020464635,0.002775416,0.008507242,0.9511908
syn-0102,0,0,4,1,1,0.007677459,0.93624526,0.0043377937,0.0056506465,0.00461305,0.003833701,0.007125669,0.0035490578,0.016290922,0.00380201,0.0027211572,0.004153323
syn-0105,0,0,4,4,4,0.019091241,0.00526019,0.0024307368,0.007043881,0.9176245,0.02101888,0.004722116,0.0018116703,0.003133344,0.005003403,0.0047336584,0.008126406
syn-0106,0,0,4,10,10,0.0050382623,0.011786028,0.013938286,0.008709588,0.0029359239,0.003419061,0.14035988,0.0065519097,0.10698893,0.013662021,0.6735546,0.013055502
syn-0107,0,0,4,10,10,0.0018445089,0.0030425664,0.0018454099,0.0013220786,0.0022032808,0.004694262,0.008731181,0.0021893394,0.0061027915,0.0037667118,0.95828265,0.005975263
syn-0108,0,0,4,8,8,0.0037901867,0.010657126,0.004943335,0.0021323399,0.006687809,0.007391894,0.013171846,0.0062245987,0.7173611,0.006606667,0.21497057,0.006062619
syn-0113,0,0,4,11,11,0.005407877,0.009878846,0.0053110532,0.002538956,0.0027106346,0.006372036,0.010287432,0.0026974312,0.0067376094,0.0037836104,0.007084697,0.9371898
syn-0119,0,0,4,6,6,0.002453572,0.003050539,0.004225958,0.0054902,0.003294395,0.0039747693,0.95052785,0.0013569774,0.0037983113,0.001496181,0.016290974,0.004040321
syn-0122,0,0,4,3,3,0.0022645856,0.0039541465,0.0039348863,0.96213007,0.005116441,0.0042344197,0.0054918,0.002372107,0.0019228677,0.004215338,0.0017619397,0.0026014363
syn-0127,0,0,4,11,11,0.043057717,0.13245721,0.0102740275,0.020572498,0.07767771,0.037038866,0.07840171,0.007292495,0.069172375,0.012811231,0.08823553,0.42300862
syn-0136,0,0,4,6,6,0.0027897265,0.010120043,0.0036207666,0.010825459,0.0061531197,0.008185462,0.93440354,0.00087397726,0.0038750435,0.002774783,0.010681069,0.0056969607
syn-0138,0,0,4,4,4,0.005205814,0.006183566,0.004546137,0.008946929,0.925824,0.01162031,0.0082169315,0.0035044162,0.0052428013,0.00202128,0.008634955,0.010052859
syn-0156,0,0,4,6,6,0.0032208222,0.007013486,0.0037747268,0.009679193,0.0043256334,0.0063932617,0.9483231,0.001494169,0.0048926184,0.0012005985,0.005937936,0.0037444376
syn-0161,0,0,4,2,2,0.0022462544,0.0017562316,0.97221476,0.00355126,0.0017493848,0.0010851575,0.0038956571,0.0041552666,0.0018146368,0.0016676454,0.0024252252,0.003438535
syn-0176,0,0,4,10,10,0.0018465462,0.0035741143,0.0021139767,0.0017457156,0.0032741914,0.0021295168,0.009890154,0.0015263623,0.007156731,0.0038335288,0.9593411,0.0035680113
syn-0185,0,0,4,7,7,0.0127796205,0.0043427427,0.019948704,0.0034488374,0.0042462875,0.012929473,0.0046454524,0.8715418,0.014203716,0.03149886,0.0062115854,0.014202849
syn-0189,0,0,4,10,10,0.00349199,0.0076172203,0.0031578327,0.001867303,0.0032517156,0.0068960777,0.009817467,0.0021408738,0.024935491,0.0051570483,0.92479616,0.006870869
syn-0192,0,0,4,5,5,0.0034827495,0.0045092143,0.0020786296,0.0038720309,0.004125279,0.9548857,0.005607357,0.008383287,0.0027604683,0.0017555173,0.0024206897,0.006119135
syn-0194,0,0,4,1,1,0.008258185,0.9259399,0.0047186012,0.005008231,0.005423127,0.004546706,0.006029292,0.004315257,0.024162775,0.004677311,0.0028231142,0.0040975907
syn-0195,0,0,4,4,4,0.008770093,0.007942486,0.0024676865,0.009971843,0.49766225,0.39677095,0.019904137,0.0035869577,0.03622699,0.00625242,0.0044077267,0.006036427
syn-0200,0,0,4,5,5,0.009876978,0.010362519,0.0034374872,0.0103259,0.009322128,0.8678256,0.01078716,0.06268117,0.0044073598,0.003380891,0.0020566303,0.005536172
syn-0203,0,0,4,8,8,0.0016337414,0.0028855642,0.0020282662,0.0013399477,0.0024729792,0.0028063604,0.0067173326,0.0032411602,0.9683934,0.003240369,0.0042586047,0.0009822432
syn-0207,0,0,4,0,0,0.94629455,0.00622553,0.002495691,0.0029277483,0.009827367,0.011201307,0.0031456198,0.0034062117,0.0067455927,0.0026295474,0.0024153658,0.0026853413
syn-0208,0,0,4,8,8,0.002271736,0.0029817699,0.0021655902,0.0013913993,0.0023518736,0.0025969387,0.00836258,0.0028161989,0.965168,0.0035288571,0.0053055314,0.001059555
syn-0209,0,0,4,7,7,0.0051622074,0.004018369,0.015091297,0.0025281734,0.0038550044,0.047610056,0.0044457573,0.8939601,0.007374689,0.003465742,0.0058310116,0.0066575985
syn-0211,0,0,4,0,0,0.96176,0.005096847,0.0034408146,0.0032126775,0.0066753924,0.0032505477,0.002326467,0.003107758,0.0020242326,0.002822746,0.0025401968,0.003742271
syn-0217,0,0,4,6,6,0.008754072,0.010276172,0.0050251996,0.0086004855,0.007978461,0.0093271965,0.9071121,0.0015243897,0.009084478,0.0025678745,0.019291798,0.010457767
syn-0219,0,0,4,0,0,0.96343374,0.006435546,0.0033204276,0.0034149734,0.0049690986,0.003620164,0.0021627545,0.0030581744,0.0018453911,0.0023350723,0.0025533298,0.0028512282
syn-0224,0,0,4,8,8,0.005183422,0.0057012206,0.0029368873,0.0016766594,0.006447724,0.0065404726,0.017284518,0.0038812559,0.9290719,0.0028716573,0.015722372,0.002681912
syn-0226,0,0,4,6,6,0.0021828152,0.0048190514,0.0052658673,0.0060490575,0.0023938443,0.0032823985,0.95589364,0.0012882333,0.0031993242,0.0012970696,0.00898588,0.005342838
syn-0229,0,0,4,7,7,0.0056406385,0.0025827875,0.008656772,0.0027749885,0.0023333542,0.024054319,0.0019137498,0.93310493,0.008362823,0.003734155,0.0027940231,0.004047454
syn-0234,0,0,4,4,6,0.0067883795,0.00955447,0.0071315505,0.16160163,0.07269743,0.01803903,0.6816984,0.0017163714,0.01609181,0.0076323813,0.009219904,0.007828653
syn-0243,0,0,4,10,10,0.002421864,0.005165407,0.003188147,0.0018569076,0.0018879926,0.005299533,0.0067410734,0.0037860184,0.006654409,0.005253159,0.94976753,0.0079779085
syn-0250,0,0,4,11,11,0.003065335,0.0063937777,0.005451225,0.0019465436,0.0017178187,0.0034439254,0.0038939137,0.0057264064,0.0014593182,0.0037392587,0.008490566,0.954672
syn-0253,0,0,4,3,3,0.0017821605,0.0039394423,0.0034613016,0.96843165,0.0036661415,0.0028009953,0.005607284,0.001986203,0.0013308717,0.0025157044,0.0019203996,0.0025578178
syn-0255,0,0,4,2,2,0.0023535418,0.0017248332,0.9722403,0.0031489185,0.0016402315,0.0011406018,0.003983766,0.0039713844,0.0020116172,0.001733276,0.002610864,0.0034407245
syn-0259,0,0,4,4,4,0.003739494,0.004818045,0.0024656276,0.010446782,0.9380963,0.011462347,0.009936801,0.0017347855,0.005201923,0.0022275087,0.00403941,0.0058308574
syn-0260,0,0,4,11,11,0.012086148,0.06255856,0.011227092,0.012044909,0.026239544,0.029735114,0.04147,0.009468018,0.012659992,0.018241173,0.0985627,0.6657067
syn-0265,0,0,4,3,3,0.006443769,0.00623409,0.0043425444,0.9358987,0.010669469,0.008510596,0.013956438,0.0014574138,0.0014306213,0.0038529206,0.0028257472,0.004377672
syn-0269,0,0,4,10,10,0.0027574066,0.0034780377,0.0028798769,0.0014410396,0.0039846706,0.0024753464,0.004724698,0.002034177,0.0058040344,0.0039296034,0.96224684,0.0042442493
syn-0285,0,0,4,11,11,0.003922189,0.0054901396,0.0049075317,0.002111734,0.0021723937,0.0037034948,0.0063678958,0.003226305,0.0033417472,0.0031469543,0.0056232507,0.95598644
syn-0286,0,0,4,8,8,0.003297631,0.006029837,0.0032623967,0.0020767453,0.0027945663,0.0034949174,0.020488514,0.0029937436,0.9401471,0.0073783346,0.0062159305,0.0018202357
syn-0289,0,0,4,8,8,0.12003525,0.120211214,0.016094992,0.010742537,0.016834494,0.16640851,0.033154033,0.20953993,0.22067085,0.022106927,0.023440955,0.04076025
syn-0299,0,0,4,1,1,0.0064223073,0.94090104,0.002154883,0.008580926,0.0060494235,0.007810877,0.0045396667,0.0027913502,0.0048348103,0.009921598,0.0018998212,0.0040932447
syn-0305,0,0,4,1,1,0.0037640336,0.96217114,0.0033765298,0.004243397,0.0023183876,0.002713118,0.0037283644,0.002341139,0.0022857904,0.0030430024,0.0038214421,0.0061937333
syn-0307,0,0,4,3,3,0.007993741,0.013057748,0.004870992,0.8961801,0.011452779,0.0055438667,0.03048644,0.0014010248,0.0034138097,0.015393301,0.0056836554,0.0045225634
syn-0321,0,0,4,9,9,0.0022455559,0.005726708,0.0015105421,0.004890695,0.0023613796,0.0017183679,0.002719259,0.0012522836,0.010897604,0.9596516,0.004767208,0.0022587518
syn-0326,0,0,4,1,1,0.012005532,0.8783912,0.0061543216,0.0068589407,0.005394169,0.006166354,0.014149427,0.0058839754,0.04019005,0.008213086,0.0060470854,0.010545813
syn-0333,0,0,4,5,5,0.008007856,0.0039884457,0.0017968558,0.006437636,0.05508568,0.86844337,0.013377935,0.0038132418,0.027997972,0.003122933,0.004224998,0.0037031462
syn-0338,0,0,4,8,8,0.0027612587,0.0050256946,0.00266587,0.0018592605,0.0031289163,0.002556242,0.008373413,0.0037356908,0.9556258,0.0067306915,0.0053825765,0.0021546748
syn-0350,0,0,4,2,2,0.002373174,0.0017970604,0.9708232,0.003892085,0.001567424,0.0011389394,0.004152106,0.004527747,0.0020623528,0.0017375235,0.0021644956,0.003763843
syn-0352,0,0,4,8,8,0.0021929252,0.0036742524,0.0029740478,0.0016448329,0.0026960275,0.0026999798,0.005846407,0.0056540943,0.9645505,0.0034189317,0.0033544416,0.001293568
syn-0353,0,0,4,7,7,0.003511231,0.002871386,0.0073668812,0.0040552393,0.00248134,0.038437482,0.0013609905,0.9195071,0.005451594,0.00809143,0.0031459108,0.0037194798
syn-0363,0,0,4,9,9,0.024715642,0.022495266,0.0050313342,0.008718872,0.012898248,0.010228295,0.014311957,0.005580067,0.16940407,0.6973768,0.016553592,0.012685886
syn-0368,0,0,4,9,9,0.0036488778,0.007448724,0.0021735316,0.003119527,0.0039763213,0.00274224,0.002642342,0.0022056045,0.034908153,0.92705905,0.0058138324,0.004261806
syn-0377,0,0,4,5,5,0.008385226,0.0095926095,0.0056474707,0.006946507,0.009796145,0.65021396,0.0071880408,0.27424458,0.008945662,0.0042712684,0.0032589436,0.011509615
syn-0378,0,0,4,2,2,0.002402377,0.0019402864,0.9717943,0.0031184088,0.0014898499,0.0011082441,0.0039270287,0.0044729165,0.002142464,0.0018451168,0.0023965188,0.0033625555
syn-0379,0,0,4,3,3,0.0035745457,0.007255682,0.0044747363,0.94619757,0.008827667,0.00340919,0.0055067083,0.0019846829,0.0013680535,0.0070953947,0.0069643185,0.0033416187
syn-0386,0,0,4,10,10,0.0028461397,0.0041159107,0.0038788316,0.0025990428,0.0033765757,0.003923596,0.00891566,0.003296747,0.005482396,0.0033015797,0.9509743,0.007289196
syn-0391,0,0,4,0,0,0.95888674,0.006886023,0.0029508155,0.0027625763,0.0073301326,0.0042001023,0.0019627896,0.0033160716,0.0038721508,0.002888095,0.0024130938,0.0025313715
syn-0399,0,0,4,8,8,0.0017377835,0.002006045,0.0026304666,0.0011307973,0.0028442126,0.003083597,0.005088416,0.004958919,0.9657674,0.0040766336,0.005568018,0.0011078432
syn-0402,0,0,4,1,1,0.013191455,0.898695,0.0032794066,0.0069255745,0.008170288,0.008152357,0.012631242,0.0026923027,0.0045842356,0.0038829988,0.013265736,0.02452933
syn-0403,0,0,4,9,9,0.0038587837,0.008362768,0.0017094009,0.0028655047,0.0027289486,0.0016796154,0.0012790326,0.0027476675,0.018199194,0.950922,0.0031379347,0.00250912
syn-0408,0,0,4,4,4,0.115775,0.014892643,0.009867497,0.027540123,0.68470794,0.030609988,0.026912833,0.0046451716,0.052158404,0.007817276,0.01208991,0.012983254
syn-0413,0,0,4,9,9,0.0028459593,0.0074397535,0.0020699839,0.0023883607,0.0027449627,0.0021377788,0.0014352369,0.0036258462,0.005834898,0.9593085,0.004360811,0.0058078943
syn-0432,0,0,4,6,6,0.002760036,0.004179881,0.003942003,0.007546644,0.0039056009,0.0051021096,0.9542701,0.0012961318,0.003243395,0.0010516916,0.008078598,0.0046238834
syn-0437,0,0,4,3,10,0.01527423,0.020363921,0.008979257,0.11408107,0.08465376,0.055761795,0.1502499,0.004973366,0.11073325,0.04293056,0.37846667,0.013532218
syn-0468,0,0,4,6,6,0.0017972355,0.0022465463,0.005250226,0.008494954,0.0030356317,0.0024565293,0.9605438,0.0011879002,0.0038987799,0.0013072036,0.0065260404,0.0032551677
syn-0473,0,0,4,10,10,0.0018532356,0.0032398493,0.002280632,0.001399579,0.0034253066,0.0020343876,0.0059691877,0.0020057834,0.007216053,0.0041483855,0.9632867,0.0031409366
syn-0484,0,0,4,3,3,0.0022527876,0.004165317,0.0036495004,0.96887267,0.0034755825,0.0026056343,0.0052474877,0.0017163426,0.0012993646,0.0024705813,0.0018172505,0.0024275326
syn-0491,0,0,4,10,10,0.0019744937,0.0030806363,0.0017725194,0.0013484616,0.0017969193,0.0023482065,0.005521405,0.0027851623,0.006903448,0.0042122733,0.96507573,0.003180755
syn-0499,0,0,4,11,11,0.0048749237,0.0058951937,0.0045489236,0.0021289166,0.0023691868,0.003231976,0.0042994805,0.003633808,0.0014482549,0.0033928752,0.0055739465,0.95860255
syn-0005,1,0,0,11,11,0.0028544276,0.0061344253,0.005428998,0.0031151385,0.0040381844,0.005231543,0.004830714,0.0036553275,0.001076563,0.0043727187,0.0050526666,0.95420927
syn-0007,1,0,0,6,6,0.02408574,0.010321595,0.00452682,0.0087683825,0.07537831,0.05155436,0.5542616,0.003423703,0.238851,0.006970314,0.012185588,0.009672597
syn-0009,1,0,0,8,8,0.0018082968,0.0021306945,0.0014940155,0.0010158495,0.0034975174,0.0018189234,0.004193652,0.0029617895,0.97166055,0.003111516,0.00512877,0.0011784061
syn-0023,1,0,0,1,1,0.004757495,0.96603286,0.002565223,0.0030492542,0.0024814482,0.0028659082,0.0027094157,0.0022167661,0.0022527748,0.00321594,0.0031139536,0.0047389474
syn-0029,1,0,0,2,2,0.0022970922,0.001578767,0.9740365,0.0025600905,0.0011539231,0.0010123843,0.004001614,0.0037764162,0.0019174193,0.001622532,0.003178897,0.0028643666
syn-0034,1,0,0,0,0,0.95662016,0.0037487193,0.0029395313,0.0023933256,0.0073253145,0.0069932775,0.0023700667,0.0056016212,0.0019773664,0.002253817,0.0029931208,0.0047835773
syn-0042,1,0,0,9,9,0.0016442705,0.0028278963,0.0021814976,0.005163972,0.0020284213,0.0013218537,0.00091920496,0.0025299639,0.0026918177,0.9732078,0.0026045442,0.0028787479
syn-0065,1,0,0,11,11,0.0032094948,0.0034804726,0.0053794873,0.0019899036,0.0020261805,0.0030253641,0.003670731,0.0041389703,0.0012146231,0.0022747612,0.0036085318,0.96598154
syn-0071,1,0,0,6,6,0.0030684813,0.002366512,0.004409369,0.0058002532,0.004533261,0.005782226,0.9565856,0.0011544727,0.0035043156,0.0016360366,0.0064856745,0.0046737376
syn-0073,1,0,0,11,11,0.012926915,0.037476107,0.0062050517,0.00312162,0.005121612,0.0077582165,0.008458555,0.0066635534,0.0057527623,0.0057922234,0.018113416,0.8826099
syn-0082,1,0,0,1,6,0.0067822915,0.17732547,0.008828515,0.01307321,0.0065672062,0.10343303,0.48249155,0.006868943,0.036374956,0.010869869,0.11348808,0.03389691
syn-0087,1,0,0,5,5,0.009674273,0.0060895826,0.0043392973,0.009764443,0.016772877,0.7128527,0.02994472,0.015208627,0.10269618,0.0068333424,0.067284055,0.018539838
syn-0112,1,0,0,4,4,0.0071601737,0.0025441719,0.0020126055,0.003491081,0.93636775,0.012958278,0.003024231,0.0028772992,0.021469165,0.0023691142,0.00303755,0.0026884936
syn-0117,1,0,0,6,6,0.0020726908,0.0025419947,0.0045671375,0.018205052,0.019153401,0.0038988572,0.9237642,0.00095825933,0.004986714,0.0036181994,0.009097262,0.007136166
syn-0118,1,0,0,5,5,0.00440656,0.002896559,0.0012412407,0.0029522467,0.0060650157,0.9605236,0.0033112064,0.008519699,0.003408817,0.0016588928,0.0014078842,0.003608348
syn-0123,1,0,0,10,10,0.0023261425,0.0030778786,0.0025090263,0.0023114234,0.0028264893,0.0014692303,0.008873581,0.0016120586,0.00799121,0.0044166683,0.95928085,0.0033053076
syn-0127,1,0,0,11,11,0.030063255,0.045919403,0.00996112,0.018912116,0.047186576,0.010137766,0.09423199,0.005919084,0.029916823,0.010408625,0.2229813,0.474362
syn-0130,1,0,0,6,8,0.00996343,0.012653514,0.00918771,0.0065661594,0.023848565,0.012291184,0.16253828,0.0053539122,0.7157532,0.004841583,0.025551442,0.011451052
syn-0133,1,0,0,2,2,0.007656691,0.0051769833,0.90178734,0.007769675,0.0032842697,0.0038509662,0.009474392,0.034592487,0.0049375,0.0044803056,0.0073149893,0.009674239
syn-0134,1,0,0,5,5,0.0048108995,0.0020515367,0.002045535,0.002645827,0.0058151064,0.93236995,0.0037275718,0.022823,0.010762412,0.003392336,0.0058464245,0.0037094154
syn-0144,1,0,0,9,9,0.0018356799,0.002774584,0.0021231966,0.005376297,0.0018573183,0.0013004213,0.0013247755,0.0018401669,0.0044203973,0.96966064,0.004768226,0.002718263
syn-0151,1,0,0,10,11,0.008200371,0.01665035,0.009915715,0.007998684,0.012421918,0.009776296,0.052056197,0.0069324323,0.007152491,0.0077791335,0.1463521,0.7147643
syn-0152,1,0,0,3,3,0.0063711703,0.0049934685,0.0030584135,0.82513964,0.12653926,0.005245902,0.0074450164,0.0028368693,0.0033524563,0.007327802,0.00368555,0.0040045357
syn-0153,1,0,0,4,5,0.055413257,0.006885169,0.0029511699,0.00726509,0.22066702,0.67309684,0.007822899,0.004649648,0.0057752896,0.0049471087,0.002905416,0.007621188
syn-0154,1,0,0,1,1,0.0048649367,0.96414167,0.0023299519,0.0027001533,0.0020381827,0.004774919,0.0029039225,0.0020783823,0.0028700908,0.0037369123,0.0030581811,0.0045026275
syn-0155,1,0,0,4,4,0.0039087203,0.002476661,0.0013518075,0.0035226243,0.9571332,0.0075563616,0.0035754777,0.001519878,0.010245444,0.001789106,0.0039173183,0.0030035123
syn-0162,1,0,0,9,9,0.0023142614,0.0038342483,0.0013671434,0.0021247228,0.0017307646,0.0013019918,0.0011223871,0.002635881,0.0058095357,0.97368,0.0022661774,0.0018129401
syn-0164,1,0,0,8,8,0.0038814433,0.004551181,0.0018015167,0.0013718607,0.0054596984,0.010761582,0.0045745745,0.0038082285,0.9497579,0.0046762023,0.007951576,0.0014043935
syn-0170,1,0,0,6,6,0.003016036,0.0030560617,0.0067838947,0.0073226145,0.008081436,0.0050312183,0.9365704,0.0024092947,0.0072236224,0.0030770244,0.0114856865,0.005942715
syn-0173,1,0,0,8,8,0.0019603702,0.0020857847,0.001511901,0.0013148456,0.0036477302,0.0027882897,0.0043147667,0.0022919052,0.97088844,0.002976827,0.005009038,0.0012101104
syn-0190,1,0,0,3,1,0.015283596,0.66789025,0.0054071257,0.18259102,0.025183013,0.05203298,0.012936233,0.0042523984,0.0036372694,0.016503332,0.0029802716,0.011302482
syn-0193,1,0,0,11,11,0.019289741,0.027362755,0.0085264,0.012357472,0.12739196,0.023053003,0.028943194,0.009842618,0.046836287,0.061753303,0.15807806,0.47656524
syn-0198,1,0,0,0,0,0.47395396,0.024191769,0.019514715,0.12881482,0.1250957,0.058616854,0.07311032,0.0069209132,0.008075579,0.037514713,0.015490266,0.028700396
syn-0201,1,0,0,0,0,0.96396184,0.0036194965,0.0035546923,0.002724812,0.0059109903,0.0028793805,0.0026153128,0.0033434033,0.0026435584,0.0021958714,0.0030278964,0.0035227265
syn-0204,1,0,0,1,1,0.0068391026,0.95818347,0.0030171028,0.002686089,0.0020695764,0.0041725016,0.0038495238,0.0031174393,0.006849964,0.003354337,0.002504933,0.0033559753
syn-0209,1,0,0,7,7,0.007625582,0.005576272,0.02126153,0.004182557,0.0053731324,0.075378664,0.0082211,0.82476825,0.012360933,0.005716877,0.014407798,0.015127378
syn-0222,1,0,0,8,8,0.0017859825,0.0019114072,0.001686811,0.0011214657,0.00357796,0.0022587958,0.004252046,0.0037629672,0.9690879,0.0037014638,0.005719658,0.0011335777
syn-0233,1,0,0,8,8,0.00199194,0.002230867,0.0018119117,0.0012260007,0.0030063603,0.0017255646,0.006386255,0.002452522,0.96367073,0.0042458624,0.010125791,0.0011261407
syn-0244,1,0,0,3,3,0.0023683442,0.0032490196,0.0026810663,0.9657774,0.0056959456,0.0029720203,0.0064519886,0.0013415583,0.0014045686,0.0027810698,0.0029017562,0.002375293
syn-0248,1,0,0,6,6,0.0030717482,0.0042211935,0.0059615634,0.0049471385,0.005642917,0.005844829,0.789629,0.0019250686,0.0048301793,0.0019382734,0.16519228,0.006795864
syn-0251,1,0,0,10,10,0.0024064495,0.0026172833,0.0034639526,0.002807935,0.0021236842,0.0027428893,0.011198167,0.0026559045,0.009714895,0.0059604067,0.9501958,0.004112541
syn-0252,1,0,0,8,8,0.0024362002,0.002709827,0.0023693307,0.0014972395,0.0032686754,0.0016899803,0.0108916685,0.0022774506,0.94841766,0.0053185527,0.01761,0.0015134099
syn-0254,1,0,0,7,11,0.022016527,0.031368285,0.044128507,0.012636857,0.025677165,0.07110494,0.030912137,0.22399366,0.14419809,0.03665534,0.05500771,0.30230075
syn-0263,1,0,0,0,0,0.94175994,0.00948284,0.0050788973,0.0035979622,0.01310949,0.003957381,0.0026246249,0.0033766737,0.007154528,0.0030986096,0.0030775003,0.0036814872
syn-0267,1,0,0,4,4,0.02383161,0.002058122,0.0012980413,0.0040731276,0.9371916,0.011768735,0.002693488,0.0019183807,0.0037095305,0.0022297113,0.004920332,0.0043073352
syn-0269,1,0,0,10,10,0.0022004882,0.002433341,0.0023665498,0.0016185818,0.0040133707,0.0018305148,0.004724002,0.0021983404,0.0054276777,0.004430752,0.9655169,0.0032394321
syn-0272,1,0,0,3,3,0.055842083,0.031088386,0.05300592,0.31845924,0.06841915,0.012432704,0.26660284,0.0061968514,0.015670436,0.016993491,0.09585254,0.05943633
syn-0278,1,0,0,9,9,0.0017555769,0.003307188,0.0017351238,0.004442166,0.0019903008,0.0018434257,0.0012825273,0.0020355105,0.0026405852,0.9723269,0.003697099,0.002943629
syn-0283,1,0,0,7,7,0.0027969661,0.0015393611,0.009392966,0.0018677356,0.0013651307,0.014266724,0.0020057454,0.9506525,0.0041813534,0.0024276744,0.0052394727,0.0042643435
syn-0284,1,0,0,0,0,0.8932257,0.00676679,0.003101089,0.002675918,0.011655271,0.0080200825,0.004040635,0.003958614,0.043356158,0.009976891,0.007724144,0.0054986756
syn-0303,1,0,0,7,7,0.011621409,0.0027371743,0.0077879718,0.0034634937,0.00886055,0.36771816,0.0051237126,0.5662057,0.009192169,0.004506232,0.005299279,0.007484136
syn-0308,1,0,0,3,3,0.002289753,0.0037202672,0.0025519107,0.9647808,0.004908739,0.0018542984,0.007700879,0.0013168219,0.0016165583,0.0044308887,0.0023891183,0.0024398107
syn-0310,1,0,0,10,10,0.0022242994,0.0022308254,0.0020591505,0.002019323,0.0029887406,0.0018858956,0.0060304245,0.00425928,0.006772331,0.012018579,0.9524259,0.0050852606
syn-0311,1,0,0,9,9,0.0034769524,0.005882095,0.0034080374,0.010204373,0.0034080374,0.002061032,0.0030075824,0.0019551613,0.0023377372,0.944032,0.0073400713,0.012886945
syn-0323,1,0,0,7,7,0.0018737164,0.0014663944,0.0036329625,0.0012156838,0.0010500337,0.009991673,0.0010876055,0.9677697,0.005237037,0.0024798478,0.0018303117,0.0023651323
syn-0325,1,0,0,4,4,0.010714999,0.007190198,0.002709176,0.052792605,0.7826301,0.06892181,0.02361608,0.0038505155,0.008227519,0.018119097,0.00882253,0.012405362
syn-0333,1,0,0,5,5,0.014839051,0.0043136682,0.0020001736,0.013617079,0.30508113,0.5880593,0.009461104,0.0054370356,0.036561497,0.0057820454,0.008134108,0.006713843
syn-0353,1,0,0,7,7,0.005160984,0.003109729,0.006362083,0.004338564,0.0032147148,0.08621129,0.0014575005,0.8622416,0.0074666836,0.010479064,0.004389705,0.005568106
syn-0363,1,0,0,9,9,0.011849742,0.010157919,0.003959488,0.0057638353,0.0073075476,0.0060729785,0.0058517447,0.0044910717,0.06875895,0.85584676,0.00993473,0.010005318
syn-0371,1,0,0,6,6,0.0021505775,0.0032529256,0.00495335,0.004960195,0.002679052,0.0028199877,0.95988226,0.001311416,0.0028476615,0.0014558642,0.008831581,0.004855154
syn-0373,1,0,0,11,11,0.0035350802,0.005678079,0.0050209896,0.0026059682,0.0022388198,0.0033715505,0.004262559,0.0027470803,0.001082094,0.0032297475,0.003362508,0.9628655
syn-0376,1,0,0,5,5,0.0029152695,0.002974946,0.0017008769,0.002956122,0.0033958366,0.9573334,0.009976046,0.0080709625,0.003210407,0.0012901736,0.0028925824,0.0032833319
syn-0377,1,0,0,5,5,0.006988799,0.0069598528,0.0045222337,0.0043426235,0.0060734563,0.6975542,0.004389524,0.24486455,0.007558538,0.0045222337,0.0026701924,0.009553722
syn-0382,1,0,0,0,0,0.96352506,0.003820285,0.0032343278,0.0028004446,0.0074269846,0.0036408943,0.0018545995,0.0038889819,0.0019732472,0.0027076653,0.0024330684,0.0026944766
syn-0384,1,0,0,1,1,0.006236922,0.9589963,0.0036602367,0.002981569,0.0021308314,0.0040614167,0.0036211282,0.002734706,0.005929558,0.0038452717,0.001999777,0.0038023288
syn-0397,1,0,0,1,1,0.004730696,0.9610603,0.0035138386,0.003313865,0.0018017172,0.0025808408,0.0032260541,0.002552019,0.0018034778,0.0038601388,0.004355994,0.0072011324
syn-0405,1,0,0,8,8,0.0024346285,0.0027107252,0.0015834697,0.0010925613,0.0027239933,0.0020601978,0.0025205123,0.0045249485,0.96555626,0.009041327,0.0043929643,0.0013583873
syn-0410,1,0,0,10,10,0.0027567963,0.0030604482,0.0033563245,0.0024151101,0.0045147743,0.0017150801,0.0051191654,0.0024459665,0.003803214,0.0047230762,0.95781547,0.008274597
syn-0416,1,0,0,2,2,0.002103153,0.0014899028,0.97515625,0.0028905035,0.0012071496,0.0009804476,0.0032836765,0.0034353875,0.0016046887,0.0018935569,0.0026411666,0.003314181
syn-0421,1,0,0,10,10,0.0022225638,0.004256996,0.0028538282,0.003435657,0.002110455,0.0023201457,0.009069447,0.001651669,0.009040709,0.0065636514,0.9516827,0.004792115
syn-0427,1,0,0,5,5,0.0061340537,0.00385644,0.0013550604,0.004934871,0.04277674,0.914607,0.0052969293,0.0036726603,0.007959887,0.0026896012,0.0022059332,0.004510837
syn-0437,1,0,0,3,10,0.011349566,0.0075016045,0.006267825,0.19121496,0.23750652,0.012686109,0.0412926,0.003627539,0.033759683,0.046460535,0.39697248,0.011360655
syn-0439,1,0,0,6,6,0.0055849385,0.0058216127,0.0051062936,0.004901093,0.0061940495,0.009391052,0.916813,0.0028868366,0.030704807,0.0019686515,0.005832994,0.0047945776
syn-0448,1,0,0,4,5,0.0059201242,0.0035114132,0.0013784504,0.0032745956,0.04609597,0.9115082,0.004314896,0.004528601,0.0077486793,0.003909621,0.004113284,0.0036961364
syn-0449,1,0,0,11,11,0.0037512092,0.004328169,0.005277153,0.004140063,0.0035291007,0.0022531124,0.007706383,0.0035084828,0.00154401,0.0037861723,0.007583203,0.95259285
syn-0450,1,0,0,10,10,0.0018440902,0.0021888423,0.0023569001,0.0014752707,0.0023107496,0.0017743104,0.004855566,0.0025955096,0.003988477,0.0027723652,0.9707794,0.003058631
syn-0451,1,0,0,8,8,0.005389386,0.005626008,0.0022808956,0.0018184885,0.005205748,0.026039816,0.0031298164,0.04204038,0.8746177,0.023047479,0.006582289,0.004221923
syn-0455,1,0,0,2,9,0.029780816,0.08434201,0.16036592,0.0988227,0.025987977,0.020658808,0.051156014,0.14502008,0.042669464,0.25638917,0.023182003,0.06162501
syn-0473,1,0,0,10,10,0.0017951224,0.0028131139,0.0020905286,0.0017820226,0.0030880927,0.0015550668,0.00551521,0.0021338433,0.0056591094,0.0045143147,0.9659955,0.0030580824
syn-0474,1,0,0,0,0,0.95658207,0.0044979667,0.0028295692,0.005712399,0.009958487,0.004938241,0.0022394666,0.0027613244,0.001770699,0.0036243792,0.0017415455,0.0033438294
syn-0478,1,0,0,2,2,0.0069496194,0.0055624056,0.9035782,0.009750416,0.0040834765,0.0040794904,0.009865351,0.023384323,0.0058636074,0.0044826316,0.008621535,0.013778855
syn-0480,1,0,0,1,1,0.007293588,0.5395344,0.015149274,0.047851335,0.04662888,0.012831935,0.07039241,0.004595518,0.006480719,0.010716248,0.021171786,0.21735388
syn-0482,1,0,0,1,1,0.016749829,0.8668451,0.0051193335,0.024114879,0.010511888,0.0063804532,0.014860373,0.004002546,0.002962843,0.009072882,0.012907764,0.026472082
syn-0484,1,0,0,3,3,0.0023353237,0.0036458336,0.003754683,0.96872663,0.0036569766,0.0023860394,0.0049197986,0.0017671037,0.001314483,0.0028383383,0.0022524481,0.002402406
syn-0495,1,0,0,2,2,0.0023895085,0.0015921446,0.97464573,0.0036673266,0.0013941283,0.0010533714,0.0032871696,0.0032211316,0.0016267208,0.0017164826,0.0023002129,0.003106062
syn-0496,1,0,0,8,8,0.0019992522,0.002219463,0.0020100193,0.0011678629,0.0029160052,0.0016893032,0.0066731726,0.0022357788,0.96296716,0.0057456163,0.009199419,0.0011770226
syn-0002,1,0,1,1,1,0.004986864,0.96388066,0.002719266,0.0035883978,0.0024387247,0.0039381986,0.0030738185,0.00214273,0.0016009174,0.0032307855,0.0023997438,0.0059999065
syn-0004,1,0,1,10,10,0.0028253011,0.002481175,0.006246817,0.0030296263,0.0031227458,0.0020409587,0.017674292,0.0037722723,0.018906275,0.004998669,0.9239464,0.010955477
syn-0011,1,0,1,10,10,0.005550665,0.012423401,0.008040757,0.004719998,0.0069146636,0.008861279,0.03979114,0.008300049,0.30543295,0.014778387,0.56287545,0.022311274
syn-0015,1,0,1,6,6,0.004361713,0.012977238,0.0046350914,0.0062425286,0.0032588062,0.014604957,0.93408185,0.0022136488,0.0061622737,0.001976566,0.0055678305,0.003917458
syn-0017,1,0,1,3,3,0.0024855146,0.0040457314,0.0043478603,0.9661995,0.0033105053,0.002632929,0.0035240143,0.003295989,0.0014668775,0.0043521086,0.0021022311,0.0022367213
syn-0031,1,0,1,0,0,0.9584366,0.007051173,0.0042434707,0.0028754852,0.0064736805,0.0031304671,0.001992763,0.0044103577,0.002340037,0.002727777,0.0029250488,0.0033931162
syn-0036,1,0,1,5,5,0.0076762023,0.0074694916,0.00136042,0.003511473,0.041787542,0.9101895,0.0056003695,0.00396738,0.0036817894,0.0028339745,0.0048763882,0.007045476
syn-0051,1,0,1,3,3,0.003057694,0.004787143,0.0033713637,0.9668164,0.0036046035,0.0019857972,0.003623574,0.0020190396,0.001452131,0.004363534,0.0023046897,0.0026141074
syn-0058,1,0,1,9,9,0.002518231,0.004737813,0.0017485914,0.00372534,0.0026858835,0.0019823813,0.00081954827,0.00336803,0.01117625,0.9604522,0.0043863095,0.0023993955
syn-0062,1,0,1,7,7,0.003208749,0.0021286346,0.008211852,0.0014751822,0.0010278338,0.007831979,0.001005005,0.9631671,0.0047107795,0.002531522,0.001879431,0.002822049
syn-0063,1,0,1,1,1,0.0056014727,0.964583,0.002971245,0.003726776,0.00242151,0.002955329,0.0033965835,0.0017339583,0.0018439873,0.0028296497,0.0026582098,0.005278421
syn-0067,1,0,1,5,5,0.0042316625,0.0061476454,0.0024419338,0.0029541766,0.0041255704,0.93271786,0.0037876857,0.027325746,0.00408149,0.0025591247,0.0034672997,0.006159852
syn-0068,1,0,1,10,8,0.019989843,0.012291355,0.023132078,0.040056568,0.08109449,0.012171906,0.053915165,0.012793475,0.26615837,0.2418671,0.21013777,0.026391879
syn-0069,1,0,1,11,11,0.004017514,0.0068032253,0.0050280318,0.002875397,0.005832441,0.00222302,0.0033897003,0.0029841056,0.0013126015,0.0031734635,0.0053562336,0.9570043
syn-0086,1,0,1,10,10,0.0022703407,0.0026182549,0.0026285024,0.0018720961,0.0028185947,0.0022080233,0.004252166,0.004006276,0.003229169,0.002240606,0.96740514,0.0044508125
syn-0093,1,0,1,5,5,0.004280978,0.009001089,0.0017483522,0.0032094372,0.0047086272,0.9262412,0.028801616,0.006489378,0.0035664274,0.0018073774,0.0035803858,0.006565071
syn-0094,1,0,1,1,1,0.004858887,0.92413324,0.008776854,0.009687263,0.002570475,0.0045311926,0.012167618,0.0038871057,0.0028591831,0.00399291,0.0058266954,0.016708488
syn-0098,1,0,1,10,10,0.0022569937,0.0063021393,0.002097595,0.0018720273,0.0054382994,0.0033486758,0.005379249,0.0029022857,0.0047091492,0.002623277,0.95750093,0.0055694315
syn-0114,1,0,1,4,3,0.0032540974,0.0036756909,0.002943423,0.9560176,0.014962539,0.0023375526,0.0046906755,0.0018419471,0.0015863078,0.0025090526,0.0033045353,0.0028766429
syn-0119,1,0,1,6,6,0.002405372,0.003164891,0.0049581476,0.005436825,0.0021414724,0.004011556,0.9586227,0.0019318272,0.0029615487,0.0014539538,0.009508787,0.003402901
syn-0122,1,0,1,3,3,0.0019710641,0.0031382376,0.00404683,0.9666979,0.0046624946,0.0033742436,0.0042376774,0.0024698551,0.0017267644,0.0031551388,0.002025704,0.0024940928
syn-0125,1,0,1,9,9,0.008317408,0.028337354,0.003934625,0.013142749,0.01606749,0.0064681224,0.016634285,0.001986197,0.031267196,0.8075737,0.051024992,0.015245856
syn-0137,1,0,1,8,8,0.0023982422,0.0022739386,0.0019621728,0.0015273957,0.0039758123,0.002485268,0.0043022907,0.0027983582,0.96941143,0.0031179856,0.0044392664,0.0013077273
syn-0141,1,0,1,2,2,0.002242642,0.0017228549,0.97254884,0.0032301315,0.0012494378,0.0009114341,0.00306458,0.0053431676,0.0018501595,0.001697802,0.0028190908,0.0033198765
syn-0148,1,0,1,7,7,0.005320017,0.010536297,0.017293133,0.0025525722,0.0051689413,0.041317295,0.0038543826,0.8479024,0.016036544,0.009071775,0.012535858,0.028410802
syn-0161,1,0,1,2,2,0.0021404729,0.0017701873,0.9737396,0.0031597475,0.0013565872,0.0007506432,0.0032307326,0.005031726,0.0015402199,0.0017805898,0.0026978955,0.002801603
syn-0167,1,0,1,0,0,0.95936435,0.0056833024,0.0044232574,0.00273442,0.0052826493,0.0032125085,0.0024367985,0.0052633383,0.002516607,0.0026464113,0.002932172,0.0035042139
syn-0184,1,0,1,2,2,0.002396671,0.002129563,0.9725681,0.0028607468,0.0013470389,0.0007742952,0.0032262548,0.004982911,0.0019033434,0.0018474879,0.0029454378,0.0030182328
syn-0186,1,0,1,3,3,0.0029260085,0.0058718654,0.0030152071,0.967687,0.0033505927,0.0022500309,0.0043227766,0.0016349431,0.0011553924,0.0027160437,0.0022292528,0.0028408356
syn-0207,1,0,1,0,0,0.95797414,0.0048067495,0.003483793,0.0030371347,0.006694725,0.006224953,0.0024143313,0.004505062,0.003269526,0.0022669472,0.002561273,0.0027612948
syn-0213,1,0,1,0,0,0.95636255,0.005428644,0.0043857973,0.0025136375,0.007414191,0.0028055348,0.002303267,0.004401888,0.0034542382,0.0024518147,0.0038563046,0.0046221586
syn-0218,1,0,1,8,8,0.00272076,0.0033043744,0.003567651,0.002037755,0.005401638,0.004549746,0.019145794,0.003987783,0.93519497,0.002403408,0.014452005,0.0032341394
syn-0219,1,0,1,0,0,0.9627608,0.004749201,0.003864138,0.0029239343,0.0059557417,0.0032738515,0.0018915246,0.004174051,0.0016068844,0.0023175443,0.0030747477,0.0034075931
syn-0226,1,0,1,6,6,0.0022977567,0.0037268966,0.005996415,0.005357465,0.002095198,0.0032332444,0.95921284,0.0017842598,0.0026876621,0.0012914446,0.008162182,0.0041546095
syn-0240,1,0,1,6,6,0.01320832,0.009260374,0.006120733,0.026296757,0.16049832,0.015399736,0.73205936,0.0017587646,0.013321669,0.0062842662,0.0068381806,0.008953576
syn-0246,1,0,1,8,8,0.016853873,0.024056746,0.008156967,0.005644651,0.0050796364,0.0060735946,0.015419799,0.008945563,0.8917701,0.0042858454,0.010394785,0.0033183193
syn-0253,1,0,1,3,3,0.0018284845,0.0035262175,0.003683959,0.9710615,0.0030741203,0.0021576395,0.004500476,0.002091256,0.0013568252,0.0020729562,0.0021502774,0.0024961932
syn-0257,1,0,1,4,4,0.010205264,0.008916959,0.002555375,0.008867028,0.848005,0.08799338,0.0070487307,0.005407088,0.008275074,0.0039155544,0.0029383479,0.0058722054
syn-0259,1,0,1,4,4,0.0034520542,0.002321564,0.001969324,0.007076242,0.9573927,0.006924144,0.004284106,0.0017430213,0.0035790678,0.0023719808,0.0031856212,0.005700167
syn-0261,1,0,1,5,5,0.0037944217,0.0041258507,0.001817031,0.002811526,0.019345082,0.93392056,0.0123566715,0.0066779368,0.00576958,0.001282192,0.0023422455,0.005756917
syn-0268,1,0,1,6,6,0.003617667,0.0040873615,0.006117907,0.009294594,0.024891846,0.0048991023,0.91153157,0.0014774557,0.0050694467,0.0025528145,0.011516588,0.014943649
syn-0275,1,0,1,0,0,0.95915705,0.005313679,0.0038515537,0.0031328204,0.006061935,0.004715567,0.002430331,0.0047132657,0.0023383677,0.0021721616,0.003075228,0.003037917
syn-0281,1,0,1,10,5,0.01548705,0.028028024,0.0038966665,0.009113262,0.06747005,0.46107414,0.033932287,0.006706587,0.20986186,0.013620639,0.14103225,0.009777104
syn-0285,1,0,1,11,11,0.0029320645,0.0039272644,0.005493219,0.0020634688,0.002536871,0.0028039499,0.0030436588,0.003762548,0.0014660791,0.0026677207,0.0036294668,0.9656736
syn-0290,1,0,1,0,0,0.9291859,0.004712079,0.003515425,0.0043547703,0.029434294,0.009628513,0.0018131235,0.0041220067,0.0030364108,0.0021849098,0.003275137,0.0047374563
syn-0292,1,0,1,11,11,0.0033809147,0.0046719266,0.005691417,0.0021069595,0.0027587486,0.0036681567,0.0028172836,0.0058260295,0.001339265,0.0027346078,0.0036987318,0.961306
syn-0302,1,0,1,10,10,0.0021592723,0.0025109223,0.002672863,0.0018888765,0.0022540758,0.0017962286,0.0055693653,0.0033965977,0.0038174991,0.002275085,0.96848047,0.0031787565
syn-0304,1,0,1,1,1,0.0050854175,0.96250683,0.0027541143,0.0038339912,0.0020546943,0.004037656,0.0045087314,0.0026434376,0.0021344586,0.0025125518,0.002940341,0.004987665
syn-0306,1,0,1,5,5,0.004997349,0.0049445573,0.0020376819,0.002029738,0.011887468,0.9333367,0.0030738956,0.020680593,0.0067308275,0.0015486737,0.0035902401,0.005142154
syn-0313,1,0,1,11,11,0.024126591,0.12512468,0.07876117,0.030209854,0.019865384,0.026653595,0.038615413,0.036779683,0.017033298,0.015569694,0.19116539,0.39609516
syn-0314,1,0,1,8,8,0.0019731272,0.0022314836,0.0020537323,0.0014365392,0.003525217,0.0019692772,0.0052517564,0.002431733,0.9686553,0.003501201,0.0057633515,0.001207327
syn-0322,1,0,1,2,2,0.0047117737,0.002425339,0.9618721,0.007072994,0.0019901649,0.0010958582,0.0034868838,0.007265516,0.0018962489,0.0016499046,0.002445555,0.004087543
syn-0324,1,0,1,7,7,0.0041871625,0.0075156256,0.006732031,0.0018105747,0.0018662254,0.01979137,0.0029851333,0.9126028,0.023502834,0.008478104,0.0048785857,0.005649595
syn-0335,1,0,1,3,11,0.005341078,0.0069047003,0.0056138244,0.01594162,0.010150443,0.0035345491,0.004824084,0.0029188201,0.00076739164,0.008021089,0.004474639,0.9315077
syn-0343,1,0,1,8,8,0.0042565316,0.0036443619,0.003950127,0.0017605781,0.005944337,0.0037253245,0.0033936028,0.011232278,0.9336295,0.014172955,0.008673277,0.005617004
syn-0346,1,0,1,6,6,0.0029191035,0.0032217002,0.007838672,0.014194001,0.0031795052,0.0022250782,0.94811857,0.0017060266,0.0033093928,0.0016567705,0.008026521,0.0036046111
syn-0348,1,0,1,9,9,0.014142669,0.019406393,0.002228971,0.0055437596,0.010340684,0.0043301517,0.0020756016,0.0041520842,0.02455595,0.9009891,0.0053183814,0.0069161844
syn-0349,1,0,1,5,5,0.004603908,0.0047605,0.0020369953,0.0026502642,0.0054886737,0.92847747,0.0022317462,0.03297189,0.0039034716,0.0022802127,0.0025326067,0.008062375
syn-0350,1,0,1,2,2,0.0021647739,0.0018507252,0.9733213,0.0035915072,0.0011861981,0.0007802102,0.0031489583,0.005377523,0.0017024723,0.0016630347,0.0021935024,0.0030198332
syn-0351,1,0,1,11,11,0.004498664,0.0114485435,0.006429895,0.0040562735,0.0065639205,0.006508866,0.0033219692,0.0065463167,0.0014540982,0.003910416,0.0050864653,0.9401746
syn-0354,1,0,1,8,8,0.0027463771,0.002531317,0.002343373,0.0016665756,0.0040882207,0.0024236694,0.0038222878,0.0030023463,0.97064275,0.0025611555,0.0029550774,0.0012169136
syn-0356,1,0,1,8,8,0.0055245166,0.012513683,0.0031187069,0.0022353786,0.0072070872,0.003130913,0.017798562,0.0027657205,0.9304428,0.003824853,0.0071248612,0.004313015
syn-0357,1,0,1,3,3,0.002710654,0.00491384,0.005850921,0.96223646,0.0043565356,0.0016946283,0.0058373665,0.0016107213,0.0012605712,0.003189256,0.0034408385,0.0028981841
syn-0367,1,0,1,4,4,0.005472972,0.0029132897,0.001722699,0.0044395253,0.95551616,0.00813867,0.0022534153,0.0018355952,0.008520926,0.0028374782,0.0026012748,0.0037480514
syn-0372,1,0,1,1,1,0.0078952685,0.9513572,0.0030711428,0.0061556003,0.0027368711,0.003033881,0.0032437735,0.0023929765,0.0018240396,0.005367699,0.0028320334,0.010089576
syn-0378,1,0,1,2,2,0.00220653,0.001985662,0.9733819,0.0029317534,0.00121559,0.0007659148,0.003298473,0.0048561185,0.0017395528,0.0016534216,0.0029378438,0.003027403
syn-0380,1,0,1,4,5,0.013234312,0.005745059,0.0019243538,0.0046253097,0.08890764,0.850148,0.0034608156,0.014019232,0.005957895,0.0032384603,0.0028719201,0.005866958
syn-0381,1,0,1,8,8,0.0025612128,0.002242673,0.0021473002,0.0010167923,0.0029551438,0.004961032,0.0045552775,0.008042725,0.9593559,0.004459543,0.0058394615,0.0018628759
syn-0408,1,0,1,4,4,0.098330714,0.01597386,0.01186497,0.04051279,0.71321416,0.020025928,0.018144999,0.006068917,0.029488217,0.010930522,0.018109595,0.017335227
syn-0415,1,0,1,1,11,0.013123306,0.18036728,0.00905039,0.012919848,0.046514805,0.017065948,0.008502054,0.008128577,0.02883315,0.0194709,0.022780467,0.63324326
syn-0423,1,0,1,9,9,0.003076216,0.0038415203,0.002644106,0.003625553,0.0018558246,0.001758776,0.0010179016,0.0073650586,0.0074373363,0.9613409,0.0033901297,0.0026466895
syn-0426,1,0,1,10,10,0.004274944,0.0038357787,0.005462399,0.0030551644,0.0044106455,0.011429873,0.013281564,0.011645352,0.022094948,0.0077959234,0.8757113,0.037002075
syn-0428,1,0,1,8,1,0.006980846,0.95355093,0.0031868117,0.0035205963,0.0032338374,0.0041787704,0.0037770483,0.0022998617,0.008137313,0.0032039746,0.0033348615,0.0045950874
syn-0433,1,0,1,5,7,0.0065710177,0.00590462,0.0059713055,0.0034966636,0.011346089,0.43064573,0.0031775364,0.5044602,0.009378142,0.0054822536,0.0029473628,0.010619047
syn-0435,1,0,1,10,10,0.0021237228,0.002795673,0.0023473059,0.0019737363,0.002225642,0.0018705218,0.0045887944,0.0037864074,0.0031066397,0.0025405227,0.96895427,0.0036867498
syn-0443,1,0,1,7,7,0.006518314,0.0044169775,0.008379391,0.0028476405,0.0038020988,0.075551234,0.0026542929,0.86295104,0.010597071,0.0066048177,0.0026568864,0.013020309
syn-0447,1,0,1,7,7,0.0022996583,0.0022018624,0.0054416847,0.0014475463,0.0008652139,0.009906685,0.001263806,0.963764,0.0033623609,0.0024159122,0.002154009,0.0048772995
syn-0457,1,0,1,9,9,0.004011071,0.005289537,0.003183105,0.0042396393,0.0024097832,0.0020036418,0.0007831064,0.005609838,0.0034543842,0.96178854,0.0031629635,0.0040643015
syn-0458,1,0,1,6,6,0.0022173186,0.002371877,0.0062796506,0.005853278,0.002463954,0.0033760583,0.9620367,0.0021511987,0.0025137784,0.0009921306,0.006411327,0.0033326552
syn-0464,1,0,1,4,4,0.027441557,0.003901554,0.0023514386,0.004702727,0.93393075,0.0062487614,0.0018170509,0.0024284516,0.0037447668,0.0034650345,0.0035732815,0.006394604
syn-0469,1,0,1,9,9,0.0029232344,0.0035243724,0.003361338,0.0034452532,0.0024628122,0.0013363952,0.0006892622,0.005753185,0.0036737258,0.9648832,0.0031484475,0.0047987583
syn-0472,1,0,1,8,8,0.0018900064,0.0016356641,0.00233043,0.0016324726,0.0036200308,0.0018016963,0.005874456,0.0025271887,0.9676413,0.0029387563,0.0066387774,0.0014690664
syn-0486,1,0,1,1,1,0.0051581655,0.9545921,0.0037261879,0.004933987,0.0019087344,0.0032278977,0.0050472952,0.0023432022,0.0035677268,0.003417673,0.0034901896,0.008586787
syn-0491,1,0,1,10,10,0.0023838147,0.002482409,0.0023768411,0.0019618303,0.0026193869,0.0017128106,0.004780298,0.0032124757,0.0037631074,0.0025812967,0.96782345,0.00430236
syn-0499,1,0,1,11,11,0.004007631,0.0048441687,0.0056423596,0.0020077971,0.0034590138,0.0030705077,0.0025604994,0.004901569,0.0011849428,0.0031842599,0.0041733854,0.9609637
syn-0006,1,0,2,7,7,0.013428417,0.008678508,0.03559576,0.005663782,0.0049448647,0.019547774,0.006386644,0.62223047,0.047981262,0.1588684,0.036466587,0.040207468
syn-0013,1,0,2,6,6,0.0025950489,0.0040527927,0.004199858,0.004366095,0.002726236,0.004891287,0.956026,0.0012671984,0.003471619,0.0017696697,0.009017894,0.0056162803
syn-0016,1,0,2,9,9,0.0020079685,0.0064231097,0.0014322305,0.005207638,0.0029516888,0.001619763,0.0035223742,0.0015024311,0.018072458,0.94245744,0.012414944,0.0023880173
syn-0018,1,0,2,3,6,0.0038457697,0.0049260245,0.0035811525,0.056347847,0.01678703,0.0070579275,0.88920975,0.0008682223,0.004625313,0.0038930026,0.004146104,0.0047119358
syn-0025,1,0,2,8,8,0.0017919618,0.0017402244,0.0023996027,0.0012626508,0.0030415393,0.0025074054,0.0034918275,0.0041317423,0.97233236,0.0031875058,0.0031526785,0.000960574
syn-0026,1,0,2,10,10,0.002434116,0.002795501,0.0020517337,0.0022108837,0.0024628083,0.0024748633,0.009326365,0.0018901457,0.0051147947,0.0027866424,0.962999,0.0034532472
syn-0032,1,0,2,4,4,0.0063308957,0.0034470942,0.0048351423,0.013804336,0.8492619,0.009718494,0.07619035,0.0024467444,0.015830616,0.008798167,0.0040026065,0.0053337533
syn-0033,1,0,2,5,5,0.0035896306,0.004673196,0.0012414521,0.0034740965,0.0073134797,0.95507467,0.0042560324,0.0056436635,0.0045415973,0.0034529567,0.002128344,0.0046108654
syn-0038,1,0,2,5,5,0.00508358,0.005202228,0.0013816541,0.007680891,0.014810726,0.940789,0.005920859,0.004154165,0.0019144939,0.0024823828,0.002527638,0.008052452
syn-0040,1,0,2,4,4,0.0063279304,0.0028169283,0.00196078,0.028118517,0.91047585,0.017238934,0.009078737,0.0018134251,0.0047754063,0.006717161,0.0071774907,0.0034988832
syn-0045,1,0,2,9,9,0.005791413,0.011511276,0.0025837647,0.014175541,0.0059665064,0.0030384783,0.005995711,0.0025165284,0.009994458,0.840842,0.09342305,0.0041612275
syn-0049,1,0,2,8,8,0.002449115,0.0028661033,0.0017022609,0.0018173638,0.007869254,0.0021529102,0.0045443783,0.0026198304,0.9628021,0.00650158,0.00382675,0.0008484605
syn-0050,1,0,2,4,4,0.008301446,0.005594457,0.0034315318,0.017089693,0.9168074,0.0076822694,0.010595699,0.0021812143,0.0051087565,0.005374885,0.0071659093,0.010666751
syn-0053,1,0,2,10,10,0.0021054044,0.0030298748,0.0027060346,0.0028939515,0.0024795618,0.003395785,0.007464307,0.0021511272,0.0035919216,0.002686287,0.9634149,0.0040808767
syn-0059,1,0,2,3,3,0.0025770413,0.0049763294,0.0032505353,0.9615215,0.0056157354,0.0044364515,0.004030077,0.0017955544,0.0013226664,0.005500399,0.0025445318,0.0024291947
syn-0077,1,0,2,2,2,0.001967115,0.0016949314,0.97327787,0.0038583654,0.0012601812,0.0007703334,0.0040805973,0.003587102,0.0020186864,0.0018479337,0.0027357405,0.002901181
syn-0079,1,0,2,1,1,0.0059533636,0.8643552,0.003760244,0.023592047,0.011589438,0.026318828,0.034798753,0.001498646,0.0054418156,0.0055275112,0.0041825837,0.012981537
syn-0083,1,0,2,0,0,0.96147525,0.004413013,0.0026328797,0.0032599154,0.00903835,0.003602236,0.0024541137,0.0022520213,0.0028219104,0.0027444537,0.0029086457,0.0023972644
syn-0085,1,0,2,3,3,0.017357402,0.44341117,0.003958034,0.44776258,0.019354718,0.010875251,0.011231432,0.0025906775,0.0030258521,0.021115405,0.0059766304,0.013340913
syn-0090,1,0,2,5,5,0.025875213,0.008792857,0.0024807446,0.0029835957,0.04130811,0.860223,0.0065614725,0.010182477,0.023942346,0.005664635,0.0034881765,0.008497398
syn-0091,1,0,2,4,4,0.005356876,0.0018929921,0.0016270876,0.008228809,0.9541444,0.006083859,0.005275113,0.0015062802,0.0045699696,0.0053526275,0.0027949305,0.0031670711
syn-0095,1,0,2,11,11,0.0030619933,0.0053052013,0.004990776,0.0028277356,0.0022577723,0.0030013032,0.009349071,0.002732718,0.0021607021,0.0035381264,0.009004095,0.9517705
syn-0100,1,0,2,2,2,0.0023576592,0.0018870467,0.9713291,0.0033776031,0.0013103142,0.00090056483,0.003890327,0.0040903627,0.002182609,0.0021519205,0.0030866254,0.003435822
syn-0101,1,0,2,3,3,0.0021074736,0.0039185793,0.0032260907,0.96813613,0.005067305,0.0026758295,0.004456895,0.001454113,0.0012695391,0.0036462806,0.0018580236,0.0021839484
syn-0103,1,0,2,11,11,0.017483983,0.07714295,0.0072458275,0.010882589,0.016842943,0.014169334,0.012205788,0.0049075624,0.0026681954,0.022247996,0.022817336,0.79138553
syn-0107,1,0,2,10,10,0.002879112,0.0035691436,0.0019768514,0.002518574,0.0027365573,0.0057808408,0.009607654,0.002819292,0.005289037,0.0057555805,0.9470769,0.009990379
syn-0128,1,0,2,2,2,0.002496719,0.0017622453,0.9707919,0.0037306729,0.0012655845,0.00096657424,0.003592574,0.0044574067,0.0021132547,0.0022385907,0.002974352,0.0036101588
syn-0149,1,0,2,8,8,0.00326414,0.0038923838,0.0018730657,0.0013960282,0.0033825876,0.0029843943,0.0034066213,0.0031108644,0.96554595,0.004409572,0.005302469,0.001431928
syn-0158,1,0,2,1,1,0.004090285,0.9625173,0.0033678638,0.004789037,0.0018508516,0.003116286,0.0048496313,0.0022249355,0.00282911,0.0033547336,0.0023870072,0.0046230336
syn-0163,1,0,2,4,4,0.0071000387,0.0026610375,0.0021091693,0.0052560517,0.92544854,0.010131304,0.005057164,0.002957028,0.02900267,0.004902768,0.0025194194,0.0028548765
syn-0166,1,0,2,5,5,0.012930991,0.0056525804,0.0013345989,0.004282969,0.026313342,0.9230591,0.005723402,0.0040828483,0.0038149355,0.0033535433,0.003774174,0.005677476
syn-0171,1,0,2,6,6,0.0040096096,0.0094305,0.003907176,0.0059752124,0.0065241475,0.010197112,0.9082734,0.001568653,0.036442116,0.0049391338,0.0046421527,0.004090689
syn-0177,1,0,2,8,8,0.0022892482,0.0037568647,0.002500779,0.0016296735,0.0032181274,0.0035026376,0.005190167,0.004677777,0.9650392,0.0035275249,0.003257652,0.0014103649
syn-0179,1,0,2,1,1,0.005573383,0.9580048,0.0029308777,0.0045316815,0.0021516178,0.0035370402,0.0045761527,0.002077289,0.0053123194,0.0036671804,0.0022548758,0.005382819
syn-0181,1,0,2,10,10,0.0049520438,0.009568646,0.009838702,0.010832113,0.008014445,0.0025665786,0.09744543,0.006091118,0.26230997,0.031213941,0.5477697,0.009397327
syn-0191,1,0,2,4,4,0.0060052876,0.0029976126,0.002121478,0.025606228,0.89431524,0.008889335,0.016055297,0.0016864418,0.010216976,0.011329455,0.017359914,0.0034167012
syn-0192,1,0,2,5,5,0.0037965444,0.0058008875,0.0015791614,0.004324161,0.005443871,0.9535713,0.004203417,0.005248988,0.002455426,0.00246263,0.0026471815,0.008466296
syn-0194,1,0,2,1,1,0.005742821,0.9532612,0.0036597284,0.004948808,0.0027800992,0.0037246284,0.0045037414,0.0030608054,0.008125411,0.004579135,0.0020509178,0.0035627526
syn-0196,1,0,2,4,4,0.05899943,0.0028834085,0.002439958,0.0063574193,0.8927661,0.012101136,0.005170438,0.0025124988,0.0066365427,0.0038876354,0.0027246294,0.0035207716
syn-0197,1,0,2,11,11,0.011414733,0.008247733,0.0052502635,0.008009605,0.030959886,0.009819565,0.008792536,0.0029944326,0.0057775597,0.008320543,0.0026737277,0.8977394
syn-0203,1,0,2,8,8,0.0014843034,0.002672024,0.0023951868,0.0014302315,0.0031956527,0.0027447545,0.0037129093,0.004153695,0.9700693,0.0037608051,0.0033286365,0.0010525287
syn-0208,1,0,2,8,8,0.0020224538,0.003375416,0.0018915886,0.0013289506,0.0025703898,0.00235412,0.005496928,0.0026937455,0.96892434,0.0044919425,0.0038379428,0.0010120001
syn-0210,1,0,2,0,0,0.8914649,0.0066976235,0.003005618,0.0042927545,0.043823525,0.023195082,0.003655687,0.0049505895,0.005160382,0.0048264735,0.0026369526,0.0062902994
syn-0224,1,0,2,8,8,0.0058504795,0.004495586,0.0025378533,0.0019082036,0.005881988,0.0041354652,0.014349864,0.0032050156,0.9358683,0.004417252,0.01483432,0.0025156457
syn-0239,1,0,2,6,6,0.0028454459,0.004220725,0.006480526,0.0066765044,0.0038589968,0.0044896486,0.94104344,0.0017884767,0.0031542387,0.0018670001,0.015510553,0.008064468
syn-0242,1,0,2,0,0,0.9624238,0.0035377748,0.0028719802,0.0029544781,0.010418426,0.0033104746,0.0020736663,0.0024976574,0.0025920854,0.0029329183,0.0020335577,0.0023532163
syn-0243,1,0,2,10,10,0.0027183588,0.0036188674,0.002992831,0.0022591073,0.0023721526,0.0048129843,0.0062322677,0.0033987814,0.004982159,0.004098712,0.9532637,0.0092501305
syn-0250,1,0,2,11,11,0.0023165592,0.0035401005,0.0045040157,0.0020664353,0.0019450318,0.0027827304,0.0034357938,0.002796351,0.0010762485,0.0034907516,0.004039222,0.96800685
syn-0260,1,0,2,11,11,0.010468984,0.032278247,0.0075294883,0.0080307685,0.0110520525,0.019651972,0.028821232,0.009407275,0.010917961,0.03224674,0.054029502,0.77556574
syn-0262,1,0,2,10,10,0.0022837028,0.0027817043,0.0019466893,0.0018960316,0.0019109021,0.003196255,0.006056548,0.0030209862,0.004201943,0.0028296516,0.9659977,0.0038778393
syn-0265,1,0,2,3,3,0.00332114,0.004762943,0.0032864572,0.964582,0.00515803,0.0029872437,0.0046970285,0.0012847976,0.0012822906,0.0038446034,0.0021182727,0.0026751342
syn-0271,1,0,2,2,2,0.0029462557,0.002941943,0.9564705,0.009035313,0.001452107,0.0010791143,0.0047543063,0.0052308342,0.0027009973,0.004590627,0.0038285956,0.0049694106
syn-0274,1,0,2,9,9,0.0022104923,0.0018129821,0.0026199026,0.003131023,0.0026327262,0.0022540903,0.001421637,0.005653482,0.0058363257,0.957671,0.0102411965,0.004515196
syn-0279,1,0,2,0,0,0.9623939,0.0042412723,0.0030526374,0.0023087563,0.007020044,0.003977503,0.0018398024,0.0038363503,0.003649962,0.003028881,0.0018633083,0.0027876126
syn-0280,1,0,2,0,0,0.9614827,0.0047553605,0.0028496254,0.0027619516,0.009458318,0.0035205365,0.0023996253,0.00221496,0.0028246897,0.0026367595,0.0022886205,0.0028068163
syn-0282,1,0,2,7,7,0.0074007413,0.0046278746,0.008325957,0.002255446,0.0041362643,0.11322345,0.0030173028,0.8220368,0.00763753,0.010164972,0.0045383633,0.012635271
syn-0286,1,0,2,8,8,0.0042731497,0.012565619,0.0033556717,0.002654555,0.004454234,0.00500803,0.028400142,0.002981683,0.9160097,0.012443507,0.0051493715,0.002704269
syn-0288,1,0,2,9,9,0.001989023,0.002959027,0.0020095236,0.0034233255,0.0017647601,0.0010303813,0.0010724737,0.0022081076,0.0047037564,0.97502965,0.0021276677,0.0016823021
syn-0295,1,0,2,10,10,0.0038503006,0.0055771642,0.0017874988,0.0028425017,0.0043237284,0.004076669,0.009504029,0.0014320938,0.00514114,0.005504876,0.95068663,0.005273348
syn-0298,1,0,2,7,7,0.0046688085,0.0020657103,0.006043731,0.001822983,0.0019749682,0.03978468,0.0018790149,0.9251597,0.0059303176,0.0025321974,0.0033693907,0.0047684535
syn-0305,1,0,2,1,1,0.0035915126,0.96142566,0.0039483593,0.005630963,0.0018183135,0.0023370418,0.0042879963,0.0018614336,0.0023302052,0.004036075,0.0028872709,0.005845188
syn-0318,1,0,2,11,11,0.004693193,0.0072647454,0.005063413,0.004840988,0.0039232243,0.0025842448,0.01115442,0.0020175315,0.0019573693,0.005193623,0.008973775,0.94233346
syn-0326,1,0,2,1,1,0.0071654203,0.9339136,0.0039745485,0.006173963,0.003112052,0.0041531064,0.009650075,0.002695888,0.011037897,0.0063389186,0.0034380066,0.008346603
syn-0328,1,0,2,10,10,0.0021420415,0.0022121966,0.0017329849,0.0018866566,0.0019370641,0.0022317255,0.0051611215,0.0026276899,0.0063840346,0.003761695,0.9673422,0.0025806432
syn-0332,1,0,2,6,6,0.0024272297,0.0032829836,0.0036348186,0.00646002,0.003925381,0.0038372593,0.95746547,0.0010459794,0.00350326,0.00217257,0.008719477,0.0035255682
syn-0338,1,0,2,8,8,0.0018405592,0.0031156463,0.0025703802,0.0018640746,0.0030227385,0.0016530921,0.009112788,0.003052402,0.9590362,0.006595823,0.0063609756,0.0017752417
syn-0355,1,0,2,5,5,0.017807942,0.009082093,0.0045645335,0.011926534,0.18108754,0.5078725,0.026592933,0.005127034,0.019687548,0.0095226,0.19427855,0.012450172
syn-0366,1,0,2,9,9,0.004120147,0.00321976,0.0030828353,0.01256148,0.004609842,0.0039603724,0.004461472,0.0017982019,0.0054917242,0.9424718,0.010363108,0.0038591973
syn-0369,1,0,2,6,5,0.008191316,0.030613285,0.0028909082,0.011218091,0.021958595,0.6957352,0.18616062,0.005496705,0.012239714,0.009036023,0.008032882,0.008426613
syn-0370,1,0,2,9,9,0.0017610868,0.0033313658,0.0019181868,0.004273155,0.0015987969,0.0019945987,0.0009343932,0.002745664,0.002134674,0.97110164,0.0038836044,0.0043228986
syn-0391,1,0,2,0,0,0.9641239,0.0054181926,0.0027654846,0.0025589045,0.0062656794,0.0034467466,0.0019495655,0.0026582424,0.0034848226,0.0028630397,0.0022615357,0.0022037602
syn-0392,1,0,2,1,1,0.0035977678,0.9584089,0.0038523101,0.007477369,0.0023849562,0.0023942909,0.0041734832,0.0017312925,0.0022470325,0.0059364247,0.0025030766,0.0052931947
syn-0396,1,0,2,3,3,0.0030142,0.0036269533,0.005752419,0.9586648,0.00499878,0.0031053287,0.005355711,0.0032164422,0.0020108332,0.004454699,0.0029559,0.0028440494
syn-0407,1,0,2,6,6,0.0054606795,0.008951633,0.0048331716,0.10750677,0.016167814,0.01189596,0.8179904,0.0010155643,0.00323061,0.006041471,0.0099352,0.0069706882
syn-0411,1,0,2,2,2,0.0023569884,0.0022633756,0.9677394,0.0047046286,0.001443615,0.00097109197,0.003351592,0.00513057,0.0020338362,0.00319577,0.0029369025,0.0038722844
syn-0414,1,0,2,5,4,0.004579633,0.002671276,0.0015087285,0.008772687,0.887333,0.065545954,0.0063737314,0.0015703621,0.007302169,0.005691102,0.0047458154,0.0039057082
syn-0420,1,0,2,2,2,0.0026290345,0.0018936226,0.967601,0.00360885,0.0014776379,0.0010285397,0.004066961,0.005583359,0.002413716,0.0026431931,0.0035615845,0.0034926971
syn-0430,1,0,2,1,1,0.010091197,0.8952258,0.0020422826,0.017591018,0.008998883,0.02992333,0.0071074134,0.0017571226,0.0018217735,0.007000642,0.0030748246,0.015365652
syn-0431,1,0,2,3,3,0.003165333,0.004338132,0.0034578163,0.9613349,0.0060162866,0.0032777938,0.004859368,0.0020095536,0.0016092121,0.0043801693,0.002788627,0.0027628758
syn-0432,1,0,2,6,6,0.0024976907,0.002568183,0.00431299,0.0061539863,0.0030654692,0.004812277,0.9582164,0.0011632369,0.0027244885,0.0013881394,0.008662636,0.0044344445
syn-0477,1,0,2,7,7,0.0392905,0.06752424,0.05377098,0.016011028,0.035496008,0.16076091,0.014102111,0.25464723,0.051992312,0.044364635,0.118075535,0.1439645
syn-0485,1,0,2,10,10,0.0027728511,0.002894594,0.0022697754,0.0026875394,0.0038272315,0.0025333539,0.01660851,0.0019604939,0.012628919,0.0042894366,0.9447599,0.0027674409
syn-0488,1,0,2,10,10,0.0031627126,0.0030639097,0.0024523227,0.003081915,0.0049200794,0.0042279335,0.014243674,0.002393176,0.010461681,0.007953971,0.9339457,0.0100928815
syn-0489,1,0,2,11,11,0.0049601696,0.009587567,0.0037059367,0.004076142,0.011142495,0.01455741,0.016279662,0.0027245926,0.0023974106,0.006345703,0.008510979,0.9157118
syn-0498,1,0,2,7,7,0.0021630833,0.0023195166,0.0060119634,0.0012051135,0.000916802,0.009708477,0.0011298903,0.96405077,0.0052719684,0.0018940591,0.0025338447,0.002794458
syn-0003,1,0,3,2,2,0.0032553894,0.0022324834,0.9662544,0.0037560891,0.0018965354,0.0011914666,0.004508674,0.004972063,0.002517413,0.002437579,0.0031529216,0.003825032
syn-0010,1,0,3,9,9,0.0030970194,0.0036075474,0.0016524622,0.0032951506,0.0021562695,0.001431484,0.001036106,0.0026782847,0.008035019,0.9661896,0.0046340907,0.00218702
syn-0020,1,0,3,6,6,0.00192753,0.0025937753,0.0033272225,0.0039051422,0.0054701157,0.006540681,0.95462406,0.0011453745,0.0055401726,0.0014254416,0.009515473,0.003985082
syn-0024,1,0,3,2,2,0.0040453,0.0022984804,0.9585783,0.0038860552,0.0019911125,0.0015431267,0.0063023027,0.007173773,0.003153946,0.0024491102,0.0036399318,0.0049385894
syn-0027,1,0,3,4,4,0.006587758,0.0018802956,0.0020955738,0.0044028806,0.9523837,0.008400196,0.0038094453,0.0027761841,0.010590365,0.002053036,0.0021854453,0.0028350893
syn-0043,1,0,3,9,9,0.002881652,0.0027136784,0.0028466894,0.0029256025,0.0026109938,0.002824536,0.0019814959,0.0044317017,0.0053856065,0.9373265,0.029461099,0.004610491
syn-0044,1,0,3,2,2,0.0032671802,0.0024625869,0.96526605,0.003604099,0.0016142154,0.001199583,0.004264328,0.0060107308,0.0025732191,0.0024470044,0.0030729803,0.0042179925
syn-0052,1,0,3,4,4,0.034558617,0.007774394,0.0019726458,0.0057164067,0.8808947,0.03939017,0.004901454,0.0029903522,0.0045530684,0.0048942794,0.0041173734,0.008236494
syn-0056,1,0,3,8,8,0.003543397,0.0048693335,0.0024688633,0.0014471239,0.0031377436,0.0019896077,0.008114879,0.0040132347,0.9578539,0.003771006,0.007378766,0.0014122217
syn-0057,1,0,3,8,8,0.010975642,0.010315697,0.0038434179,0.004613465,0.013104093,0.021574358,0.054394577,0.005284201,0.53533113,0.010986366,0.30205828,0.02751876
syn-0061,1,0,3,4,4,0.006347609,0.003033141,0.0023007416,0.00455662,0.951125,0.006948864,0.0056687286,0.0022672848,0.004919669,0.0020523258,0.0045946003,0.006185353
syn-0064,1,0,3,6,6,0.0026080343,0.0039266096,0.007441966,0.0066598486,0.0077716704,0.0036869077,0.9294317,0.0018331902,0.005895259,0.0016805879,0.018990679,0.01007357
syn-0070,1,0,3,2,2,0.0031545619,0.0020931985,0.9653419,0.0037192514,0.0019682993,0.0011973365,0.0045526824,0.005557419,0.0023557458,0.0025999448,0.003391795,0.00406788
syn-0072,1,0,3,0,0,0.96305305,0.0045678117,0.0032892681,0.0027262336,0.0070420234,0.0034877574,0.0019722807,0.0034835024,0.0020329014,0.002937703,0.0018709685,0.003536632
syn-0074,1,0,3,5,5,0.03740426,0.025247272,0.002015538,0.011701011,0.023851173,0.83078456,0.020976767,0.0059850523,0.007048672,0.01480953,0.0066507775,0.013525445
syn-0075,1,0,3,7,7,0.0047555985,0.0027820545,0.0051251077,0.002077567,0.0025780099,0.014350929,0.0017511962,0.94512266,0.005999177,0.0040617245,0.005389457,0.006006505
syn-0081,1,0,3,10,10,0.004963581,0.005515687,0.0028783164,0.0040491787,0.0114876125,0.009851999,0.03482619,0.0015034936,0.036390763,0.007505992,0.8730993,0.007927908
syn-0097,1,0,3,10,10,0.002597746,0.0037156523,0.002792423,0.0024933529,0.0026386543,0.004472095,0.019554371,0.0025599704,0.019525748,0.008412283,0.9266697,0.004568099
syn-0102,1,0,3,1,1,0.0059936056,0.95829535,0.0035225989,0.004169934,0.0025322821,0.002711441,0.004683806,0.0028222073,0.005498028,0.0034309316,0.0026318713,0.0037079107
syn-0105,1,0,3,4,4,0.04489882,0.0047717458,0.0019688671,0.006782018,0.8939254,0.020040814,0.0033606228,0.00219643,0.003474079,0.005823672,0.004458628,0.008298795
syn-0120,1,0,3,3,3,0.0026690774,0.0065674353,0.0030660948,0.95118576,0.005873642,0.001805988,0.0072997226,0.001435647,0.0027591868,0.011650693,0.0035463271,0.002140479
syn-0121,1,0,3,9,9,0.0027862615,0.0049956273,0.0020655247,0.0040185116,0.0024254783,0.0019309295,0.0016435666,0.002563067,0.0062376834,0.9619274,0.005725593,0.0036803985
syn-0135,1,0,3,0,0,0.95833534,0.0066597476,0.004211031,0.0028306055,0.0057263626,0.002659108,0.0028126948,0.0038015638,0.0038548368,0.0032643767,0.0023318059,0.0035124402
syn-0136,1,0,3,6,6,0.0025721851,0.0072926716,0.0034142537,0.0067201694,0.0062358496,0.0069214934,0.93702036,0.00089022645,0.0040387195,0.0037333814,0.016376216,0.0047844034
syn-0139,1,0,3,1,1,0.0050950153,0.9611502,0.0021969632,0.0049527464,0.0023917782,0.0033238993,0.0042151595,0.0018107058,0.0019828535,0.0039174664,0.0025873918,0.0063757757
syn-0147,1,0,3,0,0,0.95639855,0.0072356444,0.003613083,0.0039778952,0.0069763125,0.0025174168,0.002356825,0.002933116,0.002931684,0.005309891,0.0022183608,0.0035311098
syn-0156,1,0,3,6,6,0.0035795148,0.0056306794,0.0047979844,0.00828006,0.0051967315,0.006711948,0.9498289,0.0017292508,0.004430915,0.0014921636,0.004828538,0.0034931824
syn-0159,1,0,3,11,11,0.0028649243,0.004059471,0.0041811806,0.0018015992,0.002134235,0.004123398,0.004023948,0.0032527314,0.0013976167,0.0029271413,0.0063576642,0.9628761
syn-0160,1,0,3,5,5,0.0071698152,0.007420926,0.0016267817,0.006415616,0.0040145447,0.94469434,0.0067865886,0.008097732,0.0030303372,0.0022585627,0.003022948,0.0054618376
syn-0168,1,0,3,1,1,0.006339737,0.94758576,0.0022699046,0.0067407936,0.0025076526,0.0077063963,0.006101333,0.002153304,0.003116256,0.0064019524,0.0026929472,0.006384003
syn-0169,1,0,3,4,4,0.0345498,0.003918245,0.0024281465,0.008126547,0.90067446,0.013942351,0.0063957525,0.002344265,0.009128561,0.010625573,0.0034242354,0.004442122
syn-0172,1,0,3,10,10,0.0016239635,0.002211041,0.0019531434,0.0019172376,0.0028045874,0.0027523572,0.009040067,0.0018374982,0.005462368,0.003212337,0.9625975,0.004587929
syn-0175,1,0,3,11,11,0.011497505,0.045384783,0.0060351384,0.007673963,0.012770152,0.02375027,0.03305862,0.0073368624,0.019405715,0.015388707,0.23826417,0.5794341
syn-0182,1,0,3,6,6,0.0024196869,0.0031412612,0.004446141,0.005252762,0.0032616134,0.0047178944,0.9582257,0.0015038856,0.0041726856,0.0013800431,0.007434985,0.004043319
syn-0183,1,0,3,4,4,0.0167198,0.005141755,0.0026950005,0.009233551,0.54937494,0.3835255,0.007716804,0.0054546935,0.005683073,0.0036371597,0.00388689,0.006930822
syn-0185,1,0,3,7,7,0.022730209,0.005066844,0.016966697,0.005166779,0.0066213305,0.023246525,0.004896587,0.8291279,0.021217942,0.039044823,0.010444827,0.0154694645
syn-0188,1,0,3,10,10,0.0021805945,0.0025135279,0.0024326288,0.0017359767,0.0023635481,0.0018624311,0.0071046525,0.002614932,0.004055528,0.0034234447,0.96476316,0.0049495646
syn-0189,1,0,3,10,10,0.005855549,0.0064404905,0.0044459747,0.004902059,0.009640038,0.010043651,0.046147507,0.002166795,0.07888379,0.015687488,0.8021629,0.013623705
syn-0200,1,0,3,5,5,0.011605836,0.011277634,0.0026934277,0.0062976712,0.0064234496,0.88254243,0.00667607,0.056308966,0.0046834606,0.004067075,0.0026131102,0.0048109414
syn-0202,1,0,3,10,10,0.0056763426,0.005788298,0.0029853857,0.0033994436,0.008142904,0.0067639025,0.00949217,0.004268023,0.053384375,0.0871606,0.80386555,0.009072984
syn-0205,1,0,3,2,2,0.0030019975,0.0026798279,0.96698236,0.003392586,0.0014256802,0.001001134,0.00405965,0.0048795687,0.0021643704,0.0027420388,0.0037128595,0.003957871
syn-0221,1,0,3,11,11,0.00796931,0.012001381,0.004013095,0.002610096,0.0035780454,0.012095509,0.010874156,0.0025003185,0.004187246,0.0027703044,0.008141927,0.9292585
syn-0241,1,0,3,1,1,0.013255991,0.91826564,0.0024040968,0.017209059,0.01777268,0.00726191,0.005715267,0.0018559286,0.0025918437,0.005157015,0.0021299117,0.006380512
syn-0247,1,0,3,3,3,0.0040241964,0.0065422896,0.0048719165,0.942353,0.012517041,0.0026728509,0.009851158,0.0015529819,0.0015682218,0.006968961,0.003088473,0.0039889826
syn-0249,1,0,3,8,8,0.0033782602,0.0028994724,0.002010368,0.0013444354,0.00638348,0.005261815,0.003592629,0.0058250097,0.94820225,0.007395932,0.01228497,0.0014213942
syn-0258,1,0,3,3,5,0.020664051,0.02032879,0.006124708,0.2373552,0.19524305,0.41252303,0.05577443,0.006538846,0.008074398,0.013621474,0.009016442,0.014735517
syn-0273,1,0,3,0,0,0.9486435,0.0087367045,0.00335353,0.004321816,0.010517915,0.004610669,0.0025863508,0.0038806773,0.0019135849,0.0034246852,0.0021494015,0.0058612516
syn-0276,1,0,3,6,6,0.003183171,0.003930691,0.011482646,0.008821934,0.010489584,0.0059093167,0.91329366,0.0034603642,0.004264642,0.0018225939,0.01658928,0.016752077
syn-0289,1,0,3,8,0,0.26087648,0.11497458,0.01787464,0.015743535,0.048286755,0.10146472,0.031111643,0.06043592,0.24507076,0.041529357,0.016290948,0.046340656
syn-0291,1,0,3,1,1,0.0042161215,0.9545871,0.0025949415,0.0034478256,0.0024222974,0.003281916,0.0035624858,0.0022710976,0.002231525,0.0037866952,0.006064433,0.011533586
syn-0293,1,0,3,0,0,0.5609827,0.03271882,0.011884058,0.010820558,0.07423451,0.020872455,0.01320594,0.013598555,0.22054382,0.02114945,0.008944316,0.011044756
syn-0296,1,0,3,3,3,0.0032175991,0.0053023347,0.0027995966,0.959478,0.007397596,0.0047324295,0.0050414903,0.0015673672,0.0012817488,0.003942285,0.0023141573,0.0029253692
syn-0297,1,0,3,11,11,0.0034609227,0.0067952094,0.0046260175,0.00231902,0.0028818422,0.0052940524,0.007103953,0.0033072766,0.0017893766,0.0021145865,0.003964094,0.9563436
syn-0299,1,0,3,1,1,0.0052172905,0.9562676,0.0019402998,0.0059565147,0.0032637017,0.005400676,0.0035358018,0.0024218268,0.0027861448,0.006399092,0.0019009138,0.0049101734
syn-0301,1,0,3,3,3,0.006270209,0.01028245,0.0028609156,0.90592295,0.028781574,0.010807531,0.01705252,0.001388863,0.0023395764,0.005295537,0.0033414848,0.00565637
syn-0307,1,0,3,3,3,0.028367803,0.03722056,0.006609234,0.6432881,0.0499575,0.013634301,0.083642654,0.0032782042,0.024733778,0.08059561,0.018545106,0.010127205
syn-0312,1,0,3,11,11,0.0073720105,0.0066600563,0.005910575,0.0022709544,0.0048029185,0.0057231346,0.008330162,0.005350199,0.012469993,0.004578503,0.007751306,0.9287802
syn-0321,1,0,3,9,9,0.0031639603,0.0066809556,0.0014358908,0.005540487,0.0021692535,0.0018491297,0.0027221823,0.0012684073,0.00638202,0.96068335,0.005716094,0.0023882824
syn-0329,1,0,3,8,8,0.0030980767,0.0024127844,0.0028877251,0.0013991427,0.004313873,0.0027167434,0.0040624146,0.0074788826,0.9434388,0.013235862,0.012036687,0.0029189128
syn-0336,1,0,3,0,0,0.95665026,0.008118544,0.0045965365,0.0033670056,0.005173706,0.0035946749,0.002918172,0.003696127,0.0026209466,0.003473886,0.0024133506,0.0033768844
syn-0341,1,0,3,8,8,0.0031869258,0.0024221188,0.0029618514,0.0016356898,0.003807738,0.0019386394,0.0035674453,0.0051138736,0.9638839,0.0063101673,0.0041010953,0.0010706184
syn-0352,1,0,3,8,8,0.0024764528,0.004475527,0.002814422,0.0015005785,0.0025889715,0.0020641084,0.0049842857,0.0053131166,0.96455896,0.004035412,0.0040999614,0.0010882398
syn-0364,1,0,3,4,4,0.020688927,0.016203282,0.0037338515,0.008965797,0.41911423,0.29201797,0.045421045,0.0042268788,0.11514029,0.015438648,0.03668443,0.022364601
syn-0368,1,0,3,9,9,0.004022622,0.0047769817,0.0023926527,0.0039776987,0.0033675975,0.0019585558,0.001870693,0.0036626386,0.01617611,0.9475199,0.0055909967,0.004683443
syn-0379,1,0,3,3,3,0.027262062,0.018014725,0.013322198,0.4356052,0.23869196,0.023358366,0.02198605,0.009246057,0.009586253,0.061271235,0.12590472,0.01575113
syn-0385,1,0,3,5,4,0.013982322,0.006292333,0.0027010178,0.00485522,0.6294212,0.30141032,0.0049076574,0.008783087,0.008446612,0.006176657,0.0049124523,0.008111138
syn-0386,1,0,3,10,10,0.0032670565,0.00365179,0.0031357666,0.0024781744,0.0026085426,0.0027484521,0.005747001,0.0042155166,0.003573298,0.0042918446,0.95491636,0.009366243
syn-0388,1,0,3,5,5,0.069530755,0.018513998,0.018111631,0.081727475,0.047566585,0.45986333,0.06652513,0.15539472,0.020185262,0.016156083,0.01846885,0.027956126
syn-0401,1,0,3,11,11,0.012065478,0.07590789,0.009324047,0.005150485,0.0045319903,0.00993752,0.01291438,0.005259768,0.0024736442,0.010812123,0.006335205,0.8452875
syn-0409,1,0,3,10,10,0.002413659,0.005066858,0.0023076318,0.0026366857,0.0022410064,0.0012583188,0.0064577092,0.0024636686,0.004862648,0.015202743,0.9502544,0.00483483
syn-0413,1,0,3,9,9,0.0035854091,0.007545967,0.0017636755,0.002416551,0.0022790248,0.0020569176,0.0013365026,0.0026945416,0.004495464,0.9630779,0.0043174447,0.004430633
syn-0417,1,0,3,7,4,0.022506865,0.016823972,0.018244423,0.013102523,0.25308925,0.14633384,0.116610564,0.054878235,0.039293982,0.01539338,0.112307675,0.1914153
syn-0418,1,0,3,0,0,0.9528016,0.006550945,0.0035714828,0.0038720784,0.011461534,0.0037319327,0.002906432,0.003388023,0.002347961,0.0030074902,0.0023606059,0.003999871
syn-0440,1,0,3,1,1,0.011720587,0.94320744,0.0035114342,0.0043935855,0.003794912,0.0048870603,0.005421382,0.0027387165,0.009777388,0.0037106248,0.002483908,0.004353013
syn-0452,1,0,3,10,10,0.0024639734,0.002559626,0.0047124727,0.0026512134,0.0036468545,0.0052635646,0.042455435,0.0027622154,0.024380105,0.0051454017,0.89891577,0.005043417
syn-0453,1,0,3,1,1,0.013539549,0.84888226,0.0061573777,0.0054206164,0.004998585,0.0061453637,0.013874171,0.006651215,0.0058069597,0.0070836386,0.031300295,0.050139993
syn-0456,1,0,3,11,11,0.004626632,0.0057166168,0.0035891773,0.006775818,0.0069233896,0.003674292,0.0073960456,0.0020570697,0.0013596399,0.0029265422,0.004420156,0.95053464
syn-0459,1,0,3,5,8,0.065386884,0.13029158,0.009328332,0.008280601,0.071988985,0.036256928,0.03898714,0.0061777043,0.59486204,0.01448332,0.014950368,0.00900608
syn-0460,1,0,3,8,8,0.0035920523,0.0057921694,0.003208908,0.0015908534,0.0038143962,0.0021617352,0.01289134,0.004295976,0.9485131,0.004764509,0.0074821403,0.0018928786
syn-0461,1,0,3,2,2,0.0033797717,0.0024516548,0.9642712,0.0031680332,0.0018469952,0.001151314,0.0041424995,0.006462405,0.002998701,0.0025655513,0.003620658,0.003941237
syn-0468,1,0,3,6,6,0.002252404,0.0027623991,0.0051551745,0.0061122137,0.004140782,0.0027610508,0.9578895,0.001484393,0.003364789,0.0017662065,0.008886708,0.0034244584
syn-0476,1,0,3,7,7,0.004664418,0.003272227,0.007191835,0.0031407299,0.0028820955,0.06240922,0.002518723,0.8836876,0.009945948,0.009866139,0.0052137068,0.0052073468
syn-0487,1,0,3,6,6,0.0033963728,0.004419983,0.0042745913,0.006312137,0.0066145584,0.008484454,0.9444831,0.0016568772,0.010990426,0.0013695813,0.005094205,0.0029036538
syn-0490,1,0,3,7,7,0.004065101,0.0025117842,0.005387028,0.0017012188,0.002142158,0.014397969,0.001879403,0.947295,0.00473579,0.007016153,0.0034770656,0.0053913044
syn-0493,1,0,3,8,8,0.00254763,0.0018675299,0.0023004683,0.0013484193,0.005355936,0.0026633828,0.0034424688,0.004584252,0.96598834,0.0039487374,0.0049525993,0.0010001049
syn-0008,1,0,4,8,8,0.0016135632,0.0018617397,0.0030278098,0.0014128833,0.0025384915,0.003306778,0.004214487,0.008612801,0.96581876,0.0032866562,0.0033555736,0.0009504194
syn-0014,1,0,4,0,0,0.9460203,0.0089246025,0.003311757,0.0033589858,0.008604738,0.0038718362,0.002843783,0.0045111896,0.005709643,0.005462831,0.003324719,0.004055669
syn-0019,1,0,4,0,0,0.9452199,0.003946787,0.0034491792,0.0071449643,0.010868204,0.002528407,0.004232218,0.0025883664,0.0019942834,0.004273751,0.010660595,0.0030933341
syn-0022,1,0,4,10,11,0.01034306,0.111633584,0.0113929575,0.02890091,0.021462264,0.014040974,0.042041596,0.006033053,0.0055524833,0.038447898,0.0671167,0.6430346
syn-0035,1,0,4,9,9,0.0052315425,0.026516126,0.0033302456,0.009848061,0.00575977,0.0021003594,0.0061312434,0.0026680992,0.008665458,0.80146754,0.12195253,0.00632896
syn-0037,1,0,4,8,8,0.0035067045,0.004381245,0.0040243845,0.003527312,0.008193241,0.008617944,0.031607904,0.004115799,0.67547685,0.018248644,0.23481037,0.0034896238
syn-0039,1,0,4,1,1,0.0037013579,0.9659895,0.0027106174,0.0038300562,0.0025789225,0.0036842283,0.0042064935,0.001837681,0.0020222436,0.0022747798,0.0030700322,0.0040940302
syn-0041,1,0,4,10,10,0.004351741,0.00952366,0.004774788,0.016077898,0.007746462,0.0032752573,0.019049035,0.0020376295,0.020451605,0.40932992,0.4937461,0.009635922
syn-0046,1,0,4,8,8,0.05498264,0.011804056,0.0049375105,0.004794955,0.016999591,0.012869614,0.013669564,0.010653668,0.7785305,0.0652935,0.016941588,0.008522925
syn-0048,1,0,4,11,11,0.0032326465,0.0048338575,0.0041997284,0.002811316,0.0077004754,0.0034394541,0.0060607963,0.0035817092,0.0026487357,0.004321421,0.008613077,0.94855684
syn-0054,1,0,4,5,5,0.0035962837,0.0019552656,0.001181305,0.0027953235,0.0064850566,0.95707846,0.0048848065,0.0070343087,0.004050821,0.0023083698,0.005686136,0.002943813
syn-0055,1,0,4,3,3,0.0018090752,0.004127074,0.0036122983,0.9697085,0.0037909737,0.0022437484,0.004680371,0.0011612029,0.0012074601,0.0035977757,0.0020005093,0.002060991
syn-0076,1,0,4,5,5,0.01130671,0.010678874,0.0019819145,0.006382098,0.0132172685,0.9193912,0.013481247,0.0050957105,0.0035435108,0.005120653,0.003941508,0.0058594025
syn-0080,1,0,4,3,3,0.001985158,0.003964499,0.0032230164,0.9693411,0.0042924057,0.0018314944,0.0046834545,0.0011316616,0.0016377376,0.0036785544,0.002214604,0.0020164198
syn-0084,1,0,4,5,5,0.0037126106,0.0037637176,0.0011378245,0.0047589466,0.0077889184,0.95483637,0.0046164724,0.0055988594,0.0027874138,0.0021102235,0.0057223695,0.0031662744
syn-0106,1,0,4,10,10,0.007336806,0.016397072,0.028749667,0.027496828,0.004732374,0.003297283,0.25536868,0.007925236,0.034602605,0.013784141,0.5834041,0.016905185
syn-0108,1,0,4,8,8,0.0036974584,0.0048271073,0.0041815946,0.0025511696,0.0053483406,0.00471759,0.0113093145,0.008095733,0.7822215,0.006956843,0.1620523,0.0040410836
syn-0109,1,0,4,3,3,0.0025321927,0.006736908,0.002626643,0.95080423,0.004563431,0.0018955988,0.005892557,0.0012664458,0.0015172182,0.016279804,0.0033155277,0.002569558
syn-0111,1,0,4,3,3,0.0019153286,0.005220404,0.0052306093,0.96776265,0.0032248462,0.001973235,0.0049245115,0.0013118931,0.001492388,0.0025950351,0.0019896827,0.0023593477
syn-0113,1,0,4,11,11,0.005826097,0.0061882357,0.0054677697,0.0022859927,0.0038451783,0.0048394473,0.0071758507,0.0026337325,0.007925842,0.005161636,0.009143387,0.9395069
syn-0124,1,0,4,6,6,0.0021748187,0.0042914846,0.0048380215,0.028011339,0.0073604607,0.0032807698,0.9285144,0.0010243063,0.00511746,0.0035769267,0.0078098653,0.004000104
syn-0129,1,0,4,11,11,0.0039482377,0.0068725115,0.005460215,0.0053051575,0.005450891,0.0019843294,0.008805648,0.0021985986,0.0022884142,0.0088239405,0.00835995,0.9405021
syn-0138,1,0,4,4,4,0.0034034182,0.003071731,0.0036997912,0.0069404445,0.9455185,0.005356944,0.005659442,0.0033213333,0.0046394453,0.003073231,0.009028319,0.006287414
syn-0140,1,0,4,11,11,0.0054072333,0.00617827,0.008129118,0.011002536,0.008370798,0.0037399982,0.005530059,0.0055489927,0.0020018767,0.06648756,0.006067653,0.8715359
syn-0142,1,0,4,4,4,0.008913209,0.0053771744,0.0033176376,0.28917336,0.6266975,0.018378234,0.019373408,0.0022868668,0.0061379285,0.010377436,0.0052886424,0.0046786186
syn-0143,1,0,4,1,1,0.013720762,0.81794965,0.005725253,0.006852231,0.0032749183,0.0066771773,0.017442336,0.005516686,0.08731272,0.013102036,0.014826629,0.0075995564
syn-0145,1,0,4,2,2,0.01867421,0.020280562,0.72679347,0.1255599,0.01425697,0.00922524,0.011236965,0.022698946,0.0069195135,0.012958953,0.009950539,0.021444742
syn-0146,1,0,4,10,10,0.002204215,0.0022786304,0.0024137746,0.0022487869,0.0025946647,0.0013395376,0.0048232717,0.002839265,0.00435135,0.0037198628,0.9690429,0.002143713
syn-0150,1,0,4,3,3,0.0046231444,0.30987012,0.00690973,0.6235145,0.0087112915,0.004209421,0.014033211,0.0024721755,0.003329926,0.012026708,0.0041930103,0.006106754
syn-0165,1,0,4,8,8,0.00238152,0.0028586695,0.003285492,0.0025450373,0.004378148,0.0023745534,0.026727896,0.002819852,0.91053116,0.0138527155,0.026494013,0.0017508859
syn-0174,1,0,4,10,10,0.001999577,0.0026848195,0.0025369762,0.0019523036,0.0027464759,0.0014269417,0.005440725,0.0022361423,0.003758802,0.002666529,0.96973014,0.0028205444
syn-0176,1,0,4,10,10,0.0017859469,0.0030165645,0.002197825,0.002522281,0.0027661286,0.0014973235,0.011150582,0.0016958615,0.0048292913,0.0050143176,0.9605887,0.002935198
syn-0178,1,0,4,9,9,0.0037856777,0.0062415274,0.003457012,0.008977759,0.012102021,0.002460983,0.0073328023,0.002460983,0.017919911,0.8864987,0.026796095,0.021966657
syn-0187,1,0,4,3,3,0.0018482424,0.0038790822,0.0029890272,0.97059274,0.004151468,0.002271158,0.0035935915,0.0014735473,0.0013093208,0.0037358317,0.00211902,0.002036847
syn-0195,1,0,4,4,5,0.007790936,0.006592739,0.0021518758,0.008706284,0.2203564,0.681402,0.020566512,0.0044413097,0.026615048,0.006811986,0.007401565,0.007163343
syn-0206,1,0,4,8,8,0.0049090097,0.0036946752,0.005154656,0.0029629623,0.010293892,0.007255046,0.011348493,0.005054956,0.5882812,0.01951531,0.3365044,0.0050254236
syn-0211,1,0,4,0,0,0.96560764,0.0035055566,0.0029254288,0.003163143,0.0065396554,0.002821612,0.0018971177,0.0031171457,0.0018522663,0.0030456805,0.002525574,0.0029991937
syn-0215,1,0,4,10,10,0.002507619,0.003995442,0.0032514445,0.004461592,0.006823909,0.003929659,0.014961296,0.0015970559,0.011507689,0.032455847,0.90860635,0.0059019974
syn-0217,1,0,4,6,6,0.0051699392,0.0054525514,0.004747679,0.007005489,0.0066367127,0.0056297556,0.92529887,0.0016731151,0.008246678,0.0038711603,0.020125583,0.0061424538
syn-0223,1,0,4,6,6,0.002348731,0.0033990776,0.0047353096,0.0075961547,0.0057090847,0.0033057786,0.9410904,0.001423187,0.013306467,0.0050951503,0.008860772,0.0031298485
syn-0225,1,0,4,7,7,0.0029045034,0.002305518,0.00512877,0.0016752618,0.0032736033,0.0158093,0.001149143,0.92920446,0.008696687,0.016960902,0.0048546367,0.008037231
syn-0228,1,0,4,6,6,0.0028807286,0.004100343,0.005036125,0.034617916,0.01746658,0.004118401,0.9068675,0.0012535907,0.0076641906,0.004527599,0.0067636245,0.004703362
syn-0229,1,0,4,7,7,0.004568858,0.0016853089,0.0065782275,0.0018437335,0.0019703258,0.012911026,0.0012463148,0.95135415,0.008899644,0.0031919142,0.002869608,0.0028808394
syn-0230,1,0,4,9,9,0.0021989294,0.0035014616,0.0021105632,0.001981723,0.001760001,0.0013285184,0.0010146392,0.0055694254,0.0060803387,0.96955556,0.0025014656,0.0023974278
syn-0232,1,0,4,8,8,0.0028628637,0.0035628914,0.0024667378,0.001825086,0.0036993977,0.004150216,0.0034314217,0.007106445,0.9454179,0.021382324,0.003127398,0.0009674044
syn-0234,1,0,4,4,6,0.0047242306,0.006071959,0.0050240085,0.05049354,0.04761994,0.011280393,0.82292163,0.0013093117,0.019653233,0.010146299,0.014310759,0.0064446586
syn-0236,1,0,4,11,11,0.022968674,0.0707485,0.015541383,0.01667347,0.028114343,0.015755322,0.043576244,0.012871683,0.049777787,0.04273341,0.05557182,0.62566733
syn-0237,1,0,4,4,4,0.008101151,0.0021671273,0.002219603,0.005883497,0.95693415,0.0045643477,0.0032484815,0.0021980326,0.0032122037,0.0041579157,0.0030382848,0.004275264
syn-0255,1,0,4,2,2,0.00213699,0.0017707623,0.9740559,0.0035262052,0.0014658645,0.0006645997,0.0035188415,0.0038287113,0.00196197,0.001644097,0.0026478653,0.0027783285
syn-0264,1,0,4,0,0,0.9599215,0.004120291,0.002589136,0.002355134,0.008236296,0.0035858937,0.0014788512,0.0042355433,0.004949737,0.0033212712,0.0026661116,0.0025402976
syn-0270,1,0,4,10,10,0.0024459718,0.0028125485,0.002014951,0.0024021787,0.002982998,0.0015815533,0.007249035,0.001723479,0.0031025845,0.003141457,0.9681621,0.0023811583
syn-0294,1,0,4,1,1,0.0036207342,0.96641254,0.0028322495,0.004563647,0.0018277451,0.0025116857,0.005027505,0.0017923933,0.0024095748,0.0028033564,0.002487277,0.0037111244
syn-0300,1,0,4,10,10,0.0020912455,0.0021148634,0.0036292619,0.002296784,0.0029919164,0.0013048396,0.004626058,0.0035708153,0.004318281,0.002834765,0.9682159,0.0020052479
syn-0316,1,0,4,0,0,0.8374774,0.0066327224,0.0034561662,0.009538122,0.049321644,0.051789694,0.008158388,0.00453861,0.0047010086,0.008695167,0.006558651,0.009132501
syn-0327,1,0,4,1,1,0.009280771,0.8548226,0.0046598343,0.004705563,0.0052571306,0.0044638477,0.009276241,0.00362554,0.082034834,0.0065842667,0.006697758,0.008591697
syn-0330,1,0,4,0,0,0.9465474,0.004006738,0.0024745134,0.0043599033,0.01625447,0.0067047,0.0027124186,0.004339726,0.0016507977,0.0043091094,0.0035951254,0.00304519
syn-0334,1,0,4,6,6,0.0033608752,0.0051586158,0.0044027134,0.01760113,0.009162611,0.015404542,0.92462564,0.0015089593,0.0043344554,0.0024951526,0.0057801967,0.006165017
syn-0339,1,0,4,7,7,0.0026056422,0.001633757,0.005371288,0.0014810298,0.0010253787,0.006959454,0.0009832123,0.97124386,0.0025064333,0.0017656502,0.0020085745,0.0024157155
syn-0340,1,0,4,9,9,0.0018474087,0.0029270323,0.0022153812,0.004553026,0.0021067187,0.0011166866,0.0012518518,0.0024366875,0.00265017,0.9706288,0.0060840975,0.0021821004
syn-0345,1,0,4,7,7,0.013087196,0.0055550127,0.008950877,0.0048736418,0.018670037,0.16234128,0.008449729,0.7219012,0.014398058,0.011659903,0.008612178,0.021500891
syn-0358,1,0,4,2,2,0.002996122,0.0028827498,0.958515,0.0026765426,0.0013643767,0.0011853911,0.004250558,0.010431994,0.003769925,0.0026557134,0.004278669,0.0049928916
syn-0359,1,0,4,4,4,0.0070777787,0.0065171723,0.0039897077,0.008158416,0.8854196,0.01053846,0.02484905,0.00327544,0.022285422,0.0050582606,0.0077091604,0.015121467
syn-0360,1,0,4,0,0,0.9521532,0.003428974,0.002602265,0.0036769565,0.016128711,0.004534896,0.0021870509,0.0032039678,0.0020325922,0.0031945952,0.0031852496,0.0036715742
syn-0374,1,0,4,8,8,0.002145003,0.0018718186,0.0027475224,0.0017201954,0.0027168393,0.0022844588,0.004877702,0.004938146,0.9672617,0.0041250233,0.004400723,0.00091091625
syn-0375,1,0,4,8,8,0.0013562938,0.00217796,0.002055015,0.00132229,0.0022603013,0.0015413914,0.0065069515,0.0036040233,0.9612479,0.009107085,0.0075907,0.0012301051
syn-0383,1,0,4,2,2,0.0022974235,0.0017692539,0.9703791,0.0035609265,0.0015590756,0.00086775626,0.0032394915,0.0059141335,0.002021538,0.0021051485,0.0030930312,0.0031931633
syn-0393,1,0,4,2,2,0.0028952106,0.0024184485,0.96619004,0.0069758375,0.0015938205,0.00083988445,0.0040816553,0.0043007717,0.0021186986,0.0020675987,0.0027451485,0.0037728413
syn-0399,1,0,4,8,8,0.0019870857,0.0020342083,0.0029110243,0.0012879802,0.0034619945,0.0044010147,0.0064261467,0.005408717,0.92901975,0.008727923,0.032894637,0.001439655
syn-0402,1,0,4,1,1,0.009237633,0.9292992,0.0035330625,0.0057853516,0.004420648,0.003792274,0.007432167,0.0033614098,0.003495313,0.00634002,0.010623369,0.012679636
syn-0403,1,0,4,9,9,0.002573607,0.003968602,0.001854605,0.0033713996,0.0023250603,0.0011085172,0.0011915904,0.0025610714,0.007758772,0.9691901,0.0023330208,0.001763638
syn-0406,1,0,4,4,4,0.27410558,0.0073979925,0.0051344577,0.031329747,0.5283523,0.010121737,0.01921237,0.006175221,0.0055192383,0.02064334,0.06823027,0.02377775
syn-0419,1,0,4,1,1,0.0041454323,0.95849705,0.002766852,0.0045163333,0.0022275746,0.002785831,0.0043699057,0.0020561498,0.002012446,0.003745086,0.007145199,0.0057322253
syn-0422,1,0,4,1,1,0.003689324,0.9637895,0.0041419463,0.004526881,0.0019327791,0.002514672,0.0039129094,0.0028121767,0.0019766823,0.003457348,0.0029702506,0.0042755133
syn-0425,1,0,4,5,5,0.006106697,0.006042924,0.0010536981,0.0035838124,0.029671788,0.9203619,0.0071433755,0.0044232574,0.005374688,0.0029407751,0.0038769173,0.009420213
syn-0429,1,0,4,2,2,0.007311754,0.010273534,0.8719509,0.0070247813,0.0037417791,0.0033182716,0.0077947304,0.045896884,0.007993226,0.011341266,0.010914781,0.012438092
syn-0436,1,0,4,6,6,0.001871468,0.002600815,0.0032257221,0.0047343965,0.0034045472,0.0020503935,0.96378076,0.0008909524,0.0048546637,0.002307572,0.007207426,0.0030712497
syn-0444,1,0,4,5,5,0.006345346,0.0076932907,0.0021950356,0.008338764,0.024671083,0.8310764,0.09324418,0.004621998,0.0060047205,0.0032093904,0.005618921,0.0069809197
syn-0445,1,0,4,6,6,0.0032209905,0.0035220538,0.004381127,0.0043279715,0.0039099962,0.004446862,0.92549926,0.001753789,0.035536766,0.0025318903,0.007748951,0.0031203667
syn-0454,1,0,4,11,11,0.0030812793,0.0052870577,0.0046960963,0.0036023804,0.004650459,0.0033008913,0.0072543914,0.004592915,0.0019933127,0.0045062797,0.006723025,0.95031184
syn-0463,1,0,4,11,11,0.0023450404,0.003000085,0.0043290146,0.002437266,0.0023959673,0.0021196022,0.0041161766,0.0040717,0.0013413936,0.0029564586,0.005228485,0.9656587
syn-0465,1,0,4,7,7,0.0077166473,0.0024391424,0.011834185,0.0057184473,0.003264643,0.0324447,0.0053340844,0.9109592,0.0037926037,0.0034246596,0.005520901,0.007550784
syn-0471,1,0,4,5,5,0.0074027483,0.012538814,0.0016649348,0.003884343,0.023096215,0.91271764,0.0045813466,0.006575306,0.003258193,0.0040213666,0.0044317297,0.015827345
syn-0481,1,0,4,9,9,0.002017009,0.002158658,0.0031316408,0.0033507494,0.0016462348,0.0008747357,0.0012003013,0.0041992557,0.0038954874,0.9715199,0.0036478755,0.0023581223
syn-0492,1,0,4,6,6,0.0020929982,0.0024102028,0.0053875637,0.006276058,0.0028426875,0.0024661545,0.961017,0.0019234585,0.0033437852,0.0016694987,0.0076745832,0.002895925
syn-0497,1,0,4,5,5,0.0072596576,0.010096432,0.0021606707,0.0040504853,0.0110669555,0.89759195,0.012973375,0.024225624,0.012680585,0.0051078075,0.0052725202,0.0075139147
syn-0002,2,0,0,1,1,0.004693718,0.9660257,0.002202723,0.0028911866,0.0020611994,0.0033131437,0.0027926727,0.0016847682,0.002009523,0.0036139868,0.0032088577,0.0055024377
syn-0004,2,0,0,10,10,0.003912047,0.0025945583,0.004415648,0.0026612792,0.003619819,0.0028607175,0.02841653,0.004643403,0.06678397,0.011845772,0.86437786,0.0038683587
syn-0011,2,0,0,10,10,0.003306668,0.0060997377,0.0033983323,0.0027093866,0.003300216,0.0056855804,0.016544413,0.0029467612,0.07014949,0.018192679,0.86213994,0.0055268216
syn-0013,2,0,0,6,6,0.002545919,0.0029418038,0.0039465674,0.0037690601,0.0021554248,0.004604405,0.9620457,0.0016198658,0.0029939725,0.0014281311,0.007888067,0.0040609245
syn-0017,2,0,0,3,3,0.0030806789,0.0041892556,0.003528568,0.9622657,0.0037250912,0.003664654,0.0055817943,0.0025652207,0.0015445311,0.004950934,0.002379402,0.0025242178
syn-0018,2,0,0,3,3,0.0040950966,0.0059496085,0.004350702,0.8258647,0.011042303,0.0068270913,0.12468691,0.0016971169,0.0024668805,0.0043063182,0.004109117,0.0046042413
syn-0025,2,0,0,8,8,0.0023897218,0.0015679832,0.0023561213,0.0012617568,0.0029208085,0.0026252368,0.0030341959,0.0049915635,0.97259325,0.0022647534,0.003084989,0.00090969726
syn-0031,2,0,0,0,0,0.9651581,0.003970952,0.0036702892,0.0025342791,0.006414878,0.0026520137,0.0019507041,0.003589646,0.002355297,0.0026185585,0.002322181,0.0027630494
syn-0036,2,0,0,5,5,0.0042414903,0.0034352825,0.0011679404,0.0029708128,0.012471,0.9592765,0.003981594,0.0024318206,0.002136664,0.00209227,0.0025949874,0.0031996912
syn-0037,2,0,0,8,8,0.003711188,0.004742048,0.0031404304,0.002558143,0.0064784475,0.0056921407,0.023918046,0.0027525392,0.8398531,0.007782133,0.09684102,0.0025308102
syn-0039,2,0,0,1,1,0.0048380946,0.96280986,0.0022452588,0.0040527554,0.0029542206,0.0067606275,0.0033345195,0.0014264766,0.0020077294,0.002807947,0.0020714616,0.0046909596
syn-0064,2,0,0,6,6,0.002360143,0.0026252274,0.005244202,0.0052205697,0.005243562,0.0031312648,0.9512203,0.0013021226,0.0053533497,0.0017815295,0.011397902,0.005119907
syn-0076,2,0,0,5,5,0.006622124,0.007935809,0.0012562406,0.0046977955,0.009005632,0.94868493,0.0067622196,0.002825458,0.0031985382,0.003603244,0.0021079201,0.0033000708
syn-0081,2,0,0,10,10,0.003307296,0.004169601,0.0036376785,0.003975748,0.0038950448,0.0055312463,0.01729518,0.0017780646,0.007399169,0.0036040866,0.94106275,0.0043441756
syn-0082,2,0,0,1,6,0.008913295,0.21177252,0.00819529,0.017821668,0.0065658363,0.22786535,0.3273597,0.00999217,0.034722112,0.015325776,0.10371487,0.027751394
syn-0083,2,0,0,0,0,0.95730543,0.0046419897,0.0035552287,0.00393528,0.009668834,0.003960339,0.0023787234,0.0030246587,0.0029850446,0.0032800313,0.002554491,0.0027099631
syn-0095,2,0,0,11,11,0.0029300724,0.004382481,0.004293521,0.0022465643,0.0023429112,0.0025782152,0.0054961913,0.0027404784,0.0015721883,0.0027324616,0.005315237,0.96336967
syn-0100,2,0,0,2,2,0.0023143187,0.0015763028,0.97727644,0.002548617,0.0010593135,0.00076002034,0.0033074284,0.0033224006,0.0015533807,0.0013215597,0.0021466748,0.002813496
syn-0121,2,0,0,9,9,0.00268078,0.0042097433,0.002439686,0.0047889343,0.0017546677,0.0015111419,0.0014307202,0.0034955423,0.004837111,0.9647315,0.004999651,0.0031204063
syn-0123,2,0,0,10,10,0.0020101594,0.002563512,0.0026172653,0.0027408623,0.0018709319,0.0012653179,0.015780278,0.001396482,0.004570233,0.003329195,0.9592798,0.0025760594
syn-0134,2,0,0,5,5,0.0060230186,0.002306261,0.0016708993,0.003242835,0.011335199,0.9285967,0.004010237,0.01741117,0.014322039,0.0035286685,0.005042259,0.0025107677
syn-0135,2,0,0,0,0,0.9607906,0.0048824735,0.004818528,0.0028895936,0.005434838,0.0027856876,0.0023595693,0.0043377937,0.003106142,0.0033651064,0.002345784,0.0028839554
syn-0138,2,0,0,4,4,0.0044020754,0.0027180053,0.0028111388,0.005072327,0.9508156,0.007947809,0.004802969,0.0027756763,0.0032881596,0.0025570726,0.0066487547,0.0061603626
syn-0144,2,0,0,9,9,0.0024341508,0.0027154912,0.00208611,0.0044777715,0.0014184418,0.0011909535,0.0011909535,0.0023719657,0.0037348156,0.97151405,0.004452562,0.0024128505
syn-0148,2,0,0,7,7,0.0034914562,0.0040402836,0.0059500514,0.0013833907,0.0024517528,0.023558779,0.0017937406,0.9255581,0.008563728,0.005200508,0.0059167338,0.012091543
syn-0150,2,0,0,3,3,0.0025761211,0.018877752,0.0028487232,0.95044416,0.003782246,0.0025349443,0.0065631163,0.0013999292,0.0016350853,0.0046550827,0.0018728048,0.0028100405
syn-0151,2,0,0,10,11,0.010493892,0.021374939,0.012389,0.008301352,0.018844906,0.022123558,0.04237444,0.007010949,0.019768588,0.06950636,0.3051827,0.46262935
syn-0152,2,0,0,3,3,0.008052917,0.005078291,0.0037262582,0.8403862,0.11066613,0.0058294013,0.007867332,0.0023882964,0.0028696042,0.0054349257,0.0038239483,0.0038765876
syn-0158,2,0,0,1,1,0.004809391,0.9666081,0.0025780553,0.0030525601,0.0018334786,0.0027848217,0.0032797197,0.0018678159,0.0024254092,0.0035906532,0.0029141959,0.0042556864
syn-0160,2,0,0,5,5,0.0049560363,0.0058757486,0.0017868688,0.006143091,0.0040941793,0.9540711,0.0055579133,0.0058775414,0.0028848378,0.0018399926,0.0023881136,0.0045246575
syn-0161,2,0,0,2,2,0.0023918962,0.001429662,0.97633445,0.0030370494,0.0013087325,0.0007910779,0.0034520517,0.0036095586,0.0015211244,0.0013836477,0.002105694,0.002635013
syn-0163,2,0,0,4,4,0.0059570954,0.0021446506,0.0019224522,0.0043614972,0.95490265,0.009053596,0.002842588,0.0026899944,0.008854673,0.0028887624,0.0016669966,0.0027150665
syn-0165,2,0,0,8,8,0.004080149,0.0039623473,0.00502848,0.0032025452,0.0060124286,0.0026240717,0.030384904,0.0031807276,0.83011407,0.014206392,0.0946029,0.0026011097
syn-0169,2,0,0,4,4,0.029727148,0.0029491405,0.0029433859,0.007863459,0.8963318,0.017411808,0.004058647,0.004805663,0.006947955,0.017208954,0.0038090248,0.005942901
syn-0170,2,0,0,6,6,0.0026987218,0.0024191188,0.0044898153,0.0054494063,0.0060179695,0.0037076762,0.95193905,0.0012217667,0.00429993,0.0023792894,0.011082598,0.004294684
syn-0174,2,0,0,10,10,0.0022379577,0.002905339,0.0021095646,0.0015738313,0.0024375976,0.0015010271,0.006255091,0.0020178813,0.003078404,0.0027919915,0.9695701,0.0035212312
syn-0175,2,0,0,11,11,0.011963685,0.06314603,0.007015938,0.012630002,0.011957846,0.020772576,0.06132289,0.004424897,0.013790303,0.020701697,0.3556566,0.4166176
syn-0176,2,0,0,10,10,0.0020480766,0.0023117273,0.001987974,0.0022548707,0.0033520663,0.0013723307,0.015401722,0.0015703149,0.004764538,0.0058045913,0.9566002,0.0025315082
syn-0186,2,0,0,3,3,0.002992167,0.0050632013,0.0032109104,0.96640766,0.0034422819,0.0033461628,0.004924525,0.001864695,0.0011835373,0.003236884,0.0015376055,0.0027903682
syn-0198,2,0,0,0,0,0.6808873,0.044126857,0.007668099,0.044148408,0.08341159,0.0635182,0.029803105,0.004132591,0.0045078425,0.015718557,0.007490467,0.014587063
syn-0203,2,0,0,8,8,0.0016685866,0.0019574545,0.0018641717,0.001236361,0.0028858762,0.0021051755,0.004663415,0.0023983235,0.96991783,0.0035814617,0.0067641404,0.00095725356
syn-0206,2,0,0,8,8,0.0027873672,0.0022639015,0.0021665678,0.0011517798,0.0031677678,0.0033246588,0.0038727112,0.0039174054,0.9515624,0.0043076836,0.019826343,0.0016514603
syn-0221,2,0,0,11,11,0.004613415,0.008916503,0.0041688904,0.0028429364,0.0022445593,0.0059784064,0.008512342,0.0021251063,0.0021375946,0.0022140811,0.0072694467,0.94897676
syn-0234,2,0,0,4,6,0.007675046,0.005431803,0.0060773925,0.11146999,0.13263269,0.01742153,0.6788472,0.0015411137,0.010943116,0.008773741,0.01174025,0.007446177
syn-0237,2,0,0,4,4,0.007451253,0.0017166327,0.0015706625,0.004387323,0.9614953,0.00701349,0.0023693847,0.0016589502,0.0031038704,0.003923181,0.0023926366,0.0029172404
syn-0240,2,0,0,6,6,0.0056961463,0.005247536,0.0033649823,0.021486538,0.050670136,0.018084647,0.8696668,0.0011031704,0.008943811,0.0053093918,0.0053432016,0.005083604
syn-0241,2,0,0,1,1,0.0072250203,0.94999456,0.001663294,0.010316568,0.0067615397,0.0056626825,0.003681181,0.0012204623,0.001979072,0.0043459716,0.002194916,0.00495478
syn-0252,2,0,0,8,8,0.0023019046,0.0020795977,0.0023120428,0.0011699711,0.0021687837,0.002000906,0.0031826417,0.0044113845,0.97227174,0.0030213676,0.0041039647,0.00097564
syn-0258,2,0,0,3,3,0.007132021,0.009296232,0.0036631916,0.87558943,0.027440133,0.044366088,0.01420104,0.002374391,0.0019800072,0.0054350356,0.0037354417,0.004787043
syn-0268,2,0,0,6,6,0.002791467,0.0024538569,0.0043161265,0.0054043913,0.008452628,0.0042835837,0.9473946,0.0010688746,0.0033409484,0.0021444764,0.01051433,0.007834598
syn-0270,2,0,0,10,10,0.007367453,0.009057423,0.0026614836,0.005415866,0.017245237,0.0050456785,0.018857138,0.001509081,0.00472611,0.01621623,0.90592974,0.005968531
syn-0271,2,0,0,2,2,0.0034487697,0.0035374574,0.9546155,0.007838618,0.0013924089,0.0013195941,0.005411538,0.0068403035,0.0023284324,0.0047450853,0.0032437767,0.0052786837
syn-0272,2,0,0,3,3,0.04503364,0.055378806,0.03739349,0.5790362,0.05338746,0.014948734,0.15523788,0.0026972273,0.00541143,0.01271163,0.019861959,0.018901587
syn-0289,2,0,0,8,8,0.12911144,0.06335551,0.012921831,0.01211525,0.047346935,0.13101664,0.022700677,0.031717464,0.479239,0.032988995,0.015181096,0.02230513
syn-0290,2,0,0,0,0,0.9288882,0.003414501,0.0032933278,0.004415457,0.033115584,0.008196963,0.002343315,0.0031625263,0.0041509774,0.0024993222,0.003095306,0.003424519
syn-0298,2,0,0,7,7,0.003095187,0.0014487383,0.0031918802,0.0013756623,0.001177816,0.015439113,0.001185895,0.96267563,0.0038389962,0.0016879675,0.0019743978,0.002908724
syn-0311,2,0,0,9,9,0.0039635133,0.008072269,0.0030837744,0.0064142053,0.002773742,0.0020764226,0.002705522,0.0028687853,0.0025615369,0.94737345,0.008846194,0.009260552
syn-0316,2,0,0,0,0,0.5394195,0.013075849,0.003699034,0.022720264,0.120949894,0.24938782,0.0119027905,0.0044706096,0.006555716,0.010782192,0.005813717,0.011222661
syn-0322,2,0,0,2,2,0.006628078,0.0024105147,0.96114147,0.006875305,0.0019246473,0.0013338154,0.0039834953,0.006517359,0.0017765345,0.0015352119,0.0018563456,0.0040171896
syn-0326,2,0,0,1,1,0.008533885,0.94055283,0.0038195027,0.004394074,0.0022420827,0.0040106294,0.0067116236,0.002590722,0.010207802,0.0053797904,0.0035066842,0.008050431
syn-0334,2,0,0,6,6,0.0067963046,0.008454008,0.0049047642,0.031718697,0.023733018,0.11779172,0.7771526,0.002078837,0.0048570996,0.0035189963,0.0074061924,0.011587748
syn-0340,2,0,0,9,9,0.0032379394,0.0031955317,0.0026732278,0.0044422466,0.0018026247,0.0017920934,0.0011051553,0.004981689,0.0031916334,0.9671949,0.004443331,0.0019396082
syn-0349,2,0,0,5,5,0.0033628298,0.0030122139,0.00123772,0.0028876383,0.0048453384,0.9662545,0.002428076,0.0054744263,0.0025427386,0.0016541877,0.0022129482,0.004087288
syn-0351,2,0,0,11,11,0.00425259,0.009532024,0.0047918325,0.003128017,0.0025944836,0.0052078385,0.004718694,0.003756564,0.0012656858,0.003541048,0.006049316,0.95116204
syn-0360,2,0,0,0,0,0.94881725,0.0031771907,0.0023472938,0.0045795375,0.019142212,0.0046573365,0.0026546426,0.0028424584,0.0018209473,0.0041327244,0.002394759,0.0034336855
syn-0364,2,0,0,4,5,0.009711394,0.00834318,0.002805553,0.007723719,0.29932278,0.58035034,0.013280385,0.0034949786,0.04084659,0.012024219,0.013293361,0.008803553
syn-0380,2,0,0,4,5,0.0107507035,0.0044925148,0.0015963897,0.004784593,0.09666585,0.8582144,0.0035124675,0.0055705872,0.004748517,0.0032916118,0.0027288422,0.0036434825
syn-0381,2,0,0,8,8,0.0030137044,0.002335643,0.0021717502,0.0010208652,0.0020977498,0.0035902392,0.0025601967,0.010742052,0.9603811,0.0059890784,0.004809717,0.0012879764
syn-0384,2,0,0,1,1,0.0061180564,0.9629691,0.0028152764,0.0032689683,0.002102376,0.0036193018,0.0035019577,0.0018035339,0.0048732767,0.003292999,0.0020061012,0.0036290349
syn-0403,2,0,0,9,9,0.004710812,0.0060584084,0.0015893297,0.0038406309,0.0026525448,0.0015525131,0.0011650518,0.002066813,0.009195218,0.9615878,0.003375307,0.0022054885
syn-0410,2,0,0,10,10,0.016507287,0.0121531505,0.008142325,0.008055327,0.0153504275,0.004945809,0.019124258,0.005907809,0.0068699303,0.023099257,0.84568095,0.0341635
syn-0427,2,0,0,5,5,0.0043190313,0.003841895,0.0011166913,0.0048747254,0.027615516,0.93985116,0.004305345,0.0025824767,0.003804559,0.0022879473,0.002043905,0.0033566917
syn-0439,2,0,0,6,6,0.0059610014,0.0049009924,0.004433086,0.00428831,0.004673136,0.009582801,0.922407,0.002345215,0.030117655,0.0016695154,0.0054262285,0.0041951123
syn-0447,2,0,0,7,7,0.0020396584,0.0014687523,0.0029160639,0.0009894498,0.0007238969,0.0070172967,0.00087489345,0.9745461,0.0029535007,0.0020601775,0.0018544116,0.0025558078
syn-0455,2,0,0,2,2,0.026190948,0.06906294,0.26400307,0.19792233,0.027274199,0.026890714,0.07459284,0.1335944,0.026512621,0.07003074,0.018337872,0.065587334
syn-0456,2,0,0,11,11,0.006526567,0.010050715,0.0054664803,0.026206769,0.014711438,0.00787831,0.016690603,0.0028708035,0.0019049118,0.006526567,0.006206443,0.8949604
syn-0461,2,0,0,2,2,0.0027119927,0.0016203935,0.9756068,0.0023450293,0.0011479096,0.0008068669,0.0030460134,0.0043950183,0.0017623593,0.0013665084,0.002379633,0.0028114333
syn-0477,2,0,0,7,5,0.05604552,0.06034866,0.02449942,0.014172256,0.060282394,0.3238215,0.012666764,0.17796017,0.056271736,0.034415025,0.09442167,0.08509486
syn-0481,2,0,0,9,9,0.0031609284,0.002656575,0.0032264215,0.0039555077,0.0015300186,0.0014053958,0.0012044489,0.0054816324,0.003804439,0.9663461,0.0044019273,0.0028265289
syn-0486,2,0,0,1,1,0.0044063246,0.95243084,0.0031199786,0.0043074065,0.0016675596,0.0028131658,0.0072138775,0.0017221747,0.004999119,0.0049132104,0.004548417,0.007858
syn-0487,2,0,0,6,6,0.0026760283,0.002856975,0.003778414,0.004065044,0.002782629,0.0076084193,0.9583308,0.0014046701,0.0074922913,0.001157709,0.0053816936,0.0024652728
syn-0490,2,0,0,7,7,0.0036458725,0.0018675929,0.0029640736,0.0011721387,0.0018584962,0.025831731,0.0017476014,0.9431825,0.0046600127,0.005740666,0.0026530894,0.004676253
syn-0493,2,0,0,8,8,0.0021096275,0.0015195077,0.002204403,0.0012984351,0.0038693198,0.0027340627,0.0027750847,0.0041817534,0.97196895,0.0024388605,0.0040510544,0.0008490435
syn-0496,2,0,0,8,8,0.0023627048,0.0020219155,0.0027582385,0.0012801973,0.0022911304,0.0020160007,0.0033840055,0.0044866377,0.97150856,0.0032027387,0.0037043735,0.0009834801
syn-0497,2,0,0,5,5,0.005833378,0.008910054,0.0016002172,0.002960546,0.0090233395,0.92474157,0.007460094,0.013589528,0.013986717,0.0040644086,0.0030248396,0.0048054405
syn-0499,2,0,0,11,11,0.0049180356,0.0036545505,0.0042775604,0.0018202097,0.0024255565,0.00316275,0.0034097442,0.0032133404,0.0010260427,0.0031076404,0.0037325486,0.965252
syn-0010,2,0,1,9,9,0.0030296124,0.0043855174,0.0016319609,0.0039091404,0.002186414,0.0015926005,0.00116859,0.0025549291,0.012266503,0.96168655,0.003354294,0.0022338962
syn-0015,2,0,1,6,6,0.0068293638,0.015975958,0.005080111,0.009379178,0.0072786994,0.04630704,0.8728969,0.003081243,0.015518491,0.004105972,0.0077594933,0.005787522
syn-0024,2,0,1,2,2,0.0044594025,0.0025368617,0.9530227,0.0058005583,0.0017606684,0.0013303207,0.0063466043,0.009198255,0.0027123687,0.0026456586,0.004424159,0.005762448
syn-0038,2,0,1,5,5,0.005167299,0.005733834,0.0016726687,0.008506965,0.009268101,0.94053763,0.00490007,0.01072759,0.0015575768,0.0019158523,0.0021352014,0.007877266
syn-0042,2,0,1,9,9,0.0019354899,0.003216897,0.002697679,0.005615587,0.001979455,0.0012563764,0.000855938,0.004055261,0.003294792,0.97033924,0.0024682875,0.002285023
syn-0043,2,0,1,9,9,0.0022762637,0.0026690296,0.0030750358,0.0034946953,0.0022235338,0.0029071236,0.002197629,0.006711988,0.004982753,0.9400873,0.023998806,0.0053758156
syn-0045,2,0,1,9,9,0.005532919,0.0155174555,0.0026148423,0.024651952,0.009873132,0.0031479476,0.005195159,0.0023531034,0.006912779,0.8517871,0.06849966,0.00391386
syn-0049,2,0,1,8,8,0.0032706894,0.0032152687,0.0019199246,0.0019105729,0.008729343,0.0020377703,0.004532042,0.002739443,0.9611267,0.0051648673,0.004513823,0.00083957246
syn-0051,2,0,1,3,3,0.0029695057,0.004239107,0.0032115856,0.9611983,0.0050834655,0.0025976482,0.004355556,0.0023422004,0.0013992749,0.0075055417,0.0021514238,0.0029463968
syn-0052,2,0,1,4,4,0.07679837,0.011957769,0.002729912,0.00941962,0.7357932,0.12936889,0.005311088,0.005445007,0.0043581286,0.005692404,0.0034307712,0.009694933
syn-0055,2,0,1,3,3,0.0021034589,0.00539931,0.004293946,0.9615851,0.0043706265,0.0041521937,0.0059223855,0.0016852323,0.0011526004,0.004351462,0.0022655146,0.0027180936
syn-0062,2,0,1,7,7,0.0036232225,0.0020844548,0.007963267,0.0018154327,0.0012538347,0.009010356,0.001185948,0.9608402,0.004893467,0.0027905966,0.0018431213,0.0026961684
syn-0063,2,0,1,1,1,0.0061842077,0.9599038,0.003215885,0.0041973777,0.0024417425,0.0038470314,0.0042895786,0.001827888,0.0019193554,0.0036798362,0.0033260786,0.005167277
syn-0068,2,0,1,10,8,0.019010032,0.013421021,0.014203139,0.04021968,0.06882644,0.014272659,0.06670887,0.02077674,0.40864137,0.24187568,0.07398435,0.018059958
syn-0075,2,0,1,7,7,0.00330143,0.0023611544,0.0050884094,0.0020176312,0.0019728183,0.011810795,0.0016981864,0.95675296,0.004683409,0.002983322,0.0029471258,0.00438277
syn-0079,2,0,1,1,1,0.0066734497,0.8393348,0.0044389693,0.025619451,0.008993273,0.048003864,0.025544502,0.0027002702,0.0046429224,0.0064523574,0.0067422306,0.020853907
syn-0080,2,0,1,3,3,0.002506408,0.004179038,0.0031916876,0.9639111,0.0067931917,0.0025458783,0.0049131527,0.0013841699,0.0016453485,0.0046056304,0.0019973072,0.002327121
syn-0087,2,0,1,5,5,0.0071547395,0.0053364574,0.0024444014,0.0078502735,0.008738391,0.8978925,0.015608322,0.010854878,0.022336066,0.002917007,0.011647361,0.0072196624
syn-0103,2,0,1,11,11,0.018254077,0.09669888,0.007348185,0.012050212,0.01459222,0.015094073,0.01008309,0.006421732,0.0023532128,0.014872762,0.01978757,0.7824439
syn-0105,2,0,1,4,4,0.060763434,0.0052552847,0.002493354,0.01210016,0.8705259,0.01932656,0.0042083315,0.003207789,0.0028198273,0.0051310402,0.00428087,0.009887473
syn-0108,2,0,1,8,8,0.00306893,0.005554402,0.0030243027,0.0018505253,0.006039559,0.0060884138,0.010552634,0.0046273,0.91648686,0.0064337873,0.031299267,0.0049740737
syn-0114,2,0,1,4,3,0.0072103725,0.005440018,0.004455215,0.71703887,0.22343361,0.0081266565,0.011369847,0.0031684898,0.0032341396,0.0071333316,0.0044313497,0.004958032
syn-0118,2,0,1,5,5,0.0063330596,0.0047331206,0.001353003,0.003788111,0.0071973517,0.95238286,0.0037918123,0.009456121,0.0031000802,0.0020812955,0.001542163,0.00424093
syn-0120,2,0,1,3,3,0.0023199897,0.0045656674,0.0045944606,0.96377665,0.00393057,0.0018218701,0.004900339,0.0021741143,0.0019121021,0.005092438,0.0023959726,0.0025158667
syn-0124,2,0,1,6,6,0.003249717,0.0053722854,0.0044920016,0.038315445,0.013001211,0.005968395,0.9059091,0.0015328106,0.0037440557,0.0029172977,0.008453952,0.007043657
syn-0129,2,0,1,11,11,0.0037151636,0.007887115,0.004370057,0.0056037353,0.0041324394,0.0022821499,0.0078362515,0.002291082,0.0017965354,0.0066766706,0.005351692,0.9480572
syn-0130,2,0,1,6,8,0.008706627,0.0077551855,0.008434632,0.006823906,0.024376646,0.0072392253,0.024104415,0.008159175,0.8764686,0.005515385,0.015923964,0.0064923684
syn-0136,2,0,1,6,6,0.003749506,0.00829456,0.0031883854,0.019761458,0.0076692253,0.008517994,0.92286545,0.00096672174,0.0024782722,0.004415841,0.012354334,0.005738289
syn-0143,2,0,1,1,1,0.023950258,0.82270706,0.005964602,0.0064681955,0.0046771006,0.010879895,0.0065636407,0.005047283,0.07864499,0.0130724935,0.012446484,0.009578061
syn-0145,2,0,1,2,2,0.014062198,0.012355431,0.776441,0.11142085,0.010758196,0.007115943,0.0089428425,0.020032823,0.0059746956,0.010188144,0.0080084875,0.014699328
syn-0149,2,0,1,8,8,0.0035130251,0.0035457683,0.0022150963,0.0014813476,0.0038180102,0.0026955034,0.0036798217,0.0031963042,0.964363,0.0038451382,0.0061482647,0.0014988091
syn-0153,2,0,1,4,5,0.059804965,0.00794396,0.002574308,0.006793999,0.059688266,0.8344984,0.0062056715,0.007121789,0.0026046534,0.0037200786,0.0023878312,0.006656089
syn-0162,2,0,1,9,9,0.0026903506,0.0053327954,0.0017626529,0.0029881427,0.0019818037,0.0014857526,0.0011247954,0.0035415832,0.007103721,0.96817577,0.0021324032,0.0016802932
syn-0166,2,0,1,5,5,0.014997515,0.0061156484,0.001673661,0.0047550295,0.016208265,0.9319499,0.004636948,0.0067699226,0.0028042234,0.0023236484,0.0024735108,0.005291684
syn-0171,2,0,1,6,6,0.0061157215,0.011514582,0.004089894,0.00665478,0.009169585,0.013301014,0.8780114,0.0027297828,0.054882728,0.004413601,0.0050110426,0.004105901
syn-0181,2,0,1,10,10,0.007852066,0.022726255,0.010545494,0.020218084,0.016064262,0.008148925,0.1391812,0.008941107,0.21160515,0.028918235,0.5096011,0.016198162
syn-0184,2,0,1,2,2,0.0028848897,0.0021344675,0.969113,0.003561059,0.0012609306,0.00085402187,0.0036761179,0.0056180833,0.0021013753,0.0020819705,0.0032439649,0.0034700846
syn-0190,2,0,1,3,1,0.01493738,0.6014981,0.0071129953,0.25971365,0.019406803,0.0476218,0.012431991,0.00610788,0.002596361,0.013050899,0.0028293543,0.012692675
syn-0196,2,0,1,4,4,0.3880058,0.005424907,0.0050147697,0.008970401,0.5355455,0.017409505,0.007986235,0.0070340754,0.007908624,0.0038113114,0.0043272246,0.008561707
syn-0201,2,0,1,0,0,0.9629112,0.0048462884,0.0031527705,0.0031221313,0.005712764,0.0038402872,0.0023021153,0.003738527,0.0021416205,0.0023521099,0.0021689825,0.0037112453
syn-0204,2,0,1,1,1,0.0084997555,0.950934,0.0027611514,0.0035854294,0.002518972,0.0095647015,0.003997883,0.003181171,0.0040687793,0.0038017898,0.0024510273,0.0046353615
syn-0205,2,0,1,2,2,0.002790304,0.0022840616,0.9675657,0.0043937853,0.0012799917,0.0008652404,0.0038470917,0.0051327813,0.0019149389,0.0023019756,0.0037795969,0.00384451
syn-0209,2,0,1,7,7,0.005161445,0.004432097,0.014174868,0.0024250338,0.0029194418,0.034270436,0.0039055867,0.90834725,0.00717471,0.0035578143,0.0054369518,0.008194276
syn-0213,2,0,1,0,0,0.9609273,0.004239464,0.0034269418,0.0029441286,0.0069259936,0.0034775108,0.002358753,0.0035435022,0.002554159,0.0023795757,0.002836876,0.0043858015
syn-0218,2,0,1,8,8,0.0026799296,0.0032771113,0.0033466453,0.0022589315,0.0074049444,0.006293707,0.017229626,0.006672682,0.9265737,0.003417655,0.018242594,0.002602555
syn-0223,2,0,1,6,6,0.003171433,0.0038479592,0.00416877,0.006759564,0.005076604,0.004961427,0.9434053,0.0022753917,0.010783967,0.0031947466,0.0071450802,0.0052096955
syn-0225,2,0,1,7,7,0.003816165,0.0026719288,0.007592594,0.0023556673,0.0033090722,0.018214798,0.0014176657,0.91304487,0.010348117,0.022657616,0.005154051,0.009417469
syn-0232,2,0,1,8,8,0.003505328,0.005491144,0.00232141,0.0020129406,0.0046347445,0.006258275,0.0034577297,0.005130194,0.94941556,0.014185686,0.0025558022,0.0010311259
syn-0243,2,0,1,10,10,0.0027848256,0.0044512255,0.004261932,0.0028957606,0.0018714705,0.0037666545,0.008346494,0.0041267737,0.0037556358,0.0041876687,0.95069486,0.008856642
syn-0251,2,0,1,10,10,0.0026544307,0.0035597389,0.0033131847,0.004027808,0.002163312,0.0036727372,0.0140927965,0.0026132774,0.008404926,0.0051428485,0.9464281,0.0039268276
syn-0253,2,0,1,3,3,0.0018437325,0.0038979442,0.00510362,0.9639789,0.0039972067,0.002994135,0.0053067626,0.0028780256,0.00156094,0.0030301686,0.0022545804,0.0031539553
syn-0257,2,0,1,4,4,0.014591607,0.008604707,0.0032059376,0.012619508,0.68623185,0.23166168,0.00791156,0.010931944,0.009186537,0.0057825707,0.0032090698,0.0060630417
syn-0260,2,0,1,11,11,0.012047336,0.039022427,0.008300245,0.010294575,0.016559482,0.026737975,0.033804096,0.0147355,0.0071065123,0.021757731,0.051444516,0.75818956
syn-0273,2,0,1,0,0,0.94921106,0.0082464395,0.0035841796,0.0051090927,0.0081166085,0.0063880775,0.0022211254,0.004650746,0.0018521986,0.0029569159,0.0020085801,0.005654905
syn-0279,2,0,1,0,0,0.96196645,0.0045754863,0.0030647197,0.0026561818,0.006356312,0.0046839905,0.0018193363,0.0047415188,0.002571947,0.0027191716,0.0016071273,0.0032377795
syn-0291,2,0,1,1,1,0.005246947,0.9558514,0.0029892554,0.004194992,0.002450504,0.0039941035,0.0032479763,0.0023508803,0.0014899392,0.004137019,0.0045425175,0.009504474
syn-0292,2,0,1,11,11,0.0029605764,0.003931234,0.0047563217,0.0023096432,0.00206732,0.0038617912,0.003591246,0.0047790194,0.0011339048,0.0025955338,0.002425217,0.9655883
syn-0293,2,0,1,0,0,0.52673095,0.035331883,0.0143557545,0.015905898,0.1187989,0.054204512,0.016054148,0.014978732,0.15830784,0.016865728,0.008563845,0.019901818
syn-0302,2,0,1,10,10,0.002204558,0.0027017407,0.0026230959,0.002271209,0.00268399,0.0023906897,0.007985573,0.0031540312,0.0038681757,0.0026592049,0.964473,0.0029847194
syn-0318,2,0,1,11,11,0.004278794,0.008530199,0.0040639583,0.0048119524,0.0038825928,0.0021705057,0.007405739,0.0019685633,0.0012648092,0.0043144594,0.0058766855,0.9514318
syn-0352,2,0,1,8,8,0.0017430978,0.0030847318,0.002665705,0.0013293205,0.0022991037,0.0021273617,0.0037574116,0.004476699,0.9710887,0.0032613093,0.0030473052,0.0011194
syn-0356,2,0,1,8,8,0.003127537,0.0069425562,0.0024191346,0.0019977142,0.007848004,0.0034165275,0.011403803,0.0028560099,0.94684595,0.005056702,0.0058572907,0.002228611
syn-0358,2,0,1,2,2,0.0034875448,0.0026069537,0.9520076,0.0036504567,0.001475278,0.0015998359,0.0050945194,0.011821278,0.0034587153,0.0032571047,0.0055051274,0.006035692
syn-0359,2,0,1,4,4,0.008400155,0.0060161585,0.003215504,0.0077740913,0.92167,0.01101151,0.011528701,0.0032661408,0.012624758,0.0028432203,0.0026657465,0.008984042
syn-0373,2,0,1,11,11,0.0031661196,0.008750478,0.0038730595,0.0029641455,0.0021952495,0.0039697494,0.0035946977,0.0027120956,0.0009727102,0.0033310514,0.0026622375,0.9618085
syn-0375,2,0,1,8,8,0.0016097107,0.0038984378,0.0016018699,0.0013581624,0.0024605156,0.002676086,0.0057395813,0.0037766513,0.9578837,0.010968196,0.0064455085,0.0015816623
syn-0376,2,0,1,5,5,0.003717107,0.0047652917,0.0018253358,0.0041134576,0.0037444318,0.9483216,0.011661073,0.010659083,0.0023806868,0.0014710018,0.003124773,0.0042161494
syn-0378,2,0,1,2,2,0.003265368,0.0021981595,0.96496624,0.004739787,0.0014116361,0.0011680039,0.0041169925,0.0066301296,0.002388411,0.0022448003,0.003214743,0.0036556995
syn-0386,2,0,1,10,10,0.00496588,0.005864107,0.005752089,0.00496588,0.0038996672,0.00418169,0.012420379,0.005991457,0.003796334,0.0043313173,0.9312029,0.012628296
syn-0388,2,0,1,5,7,0.02529643,0.006324511,0.009695665,0.019739395,0.007065845,0.13010716,0.009974174,0.7575407,0.012116634,0.007748953,0.005766974,0.008623503
syn-0391,2,0,1,0,0,0.9639038,0.0054684454,0.0029633595,0.0027219884,0.005208879,0.0042577903,0.0019123544,0.0034611362,0.0023362115,0.0025670796,0.00213547,0.0030634038
syn-0397,2,0,1,1,1,0.0057561304,0.9575139,0.003057991,0.0043632924,0.0021843808,0.003601435,0.0038309009,0.0021801186,0.0014823625,0.00423318,0.0043803705,0.007415871
syn-0419,2,0,1,1,1,0.00653462,0.95738477,0.0031316157,0.0041456795,0.002401093,0.0039907563,0.003768239,0.0024604348,0.0016664403,0.0036115148,0.0040664873,0.0068384083
syn-0423,2,0,1,9,9,0.0024572413,0.0041438374,0.002145338,0.0043490706,0.0017238276,0.0016146488,0.0012822915,0.0061526685,0.0064993068,0.9645827,0.0030843292,0.0019648315
syn-0428,2,0,1,8,1,0.009703116,0.93747187,0.0038032748,0.0041486234,0.0041465983,0.0060185534,0.0042139553,0.0027035181,0.014863368,0.004261546,0.0047587436,0.0039067976
syn-0435,2,0,1,10,10,0.0020610937,0.0028219998,0.0020015861,0.0023116993,0.0022769712,0.002755955,0.006733362,0.0034987703,0.0029988736,0.002898105,0.9664479,0.0031938434
syn-0450,2,0,1,10,10,0.002775363,0.0031952034,0.0033371188,0.0023382313,0.0026899741,0.0024999967,0.0072040185,0.003971159,0.0034262794,0.0029199393,0.960507,0.005135769
syn-0458,2,0,1,6,6,0.0027901651,0.0020543274,0.004140241,0.005040632,0.00279562,0.0034826044,0.9632751,0.002245247,0.0028528473,0.0011982785,0.0065318267,0.0035931543
syn-0463,2,0,1,11,11,0.0025296619,0.0035448223,0.004159776,0.002743242,0.0021637348,0.0024771024,0.0032768245,0.0048064655,0.0010997445,0.002554487,0.0034737142,0.9671705
syn-0474,2,0,1,0,0,0.9513817,0.0054865857,0.002456975,0.00630905,0.012224268,0.006720459,0.0022131985,0.00293631,0.0016804272,0.0039831987,0.001567861,0.0030398907
syn-0476,2,0,1,7,7,0.0031541798,0.002744416,0.007231897,0.0027005489,0.0019661398,0.04862219,0.0021741944,0.90940535,0.0065631503,0.007095483,0.0037475105,0.00459491
syn-0480,2,0,1,1,1,0.009691126,0.49271038,0.011198075,0.21211915,0.045907594,0.019629255,0.05626089,0.003957857,0.0045332764,0.012072585,0.019043917,0.112875864
syn-0488,2,0,1,10,10,0.0030599055,0.0026288028,0.002412325,0.0028285685,0.0075410507,0.0044045663,0.013194629,0.0024407608,0.010677513,0.0063552423,0.93409246,0.010364171
syn-0491,2,0,1,10,10,0.0021315308,0.0024307214,0.0017295411,0.0018600622,0.0025084931,0.0019051025,0.0058253063,0.0025337287,0.0034245206,0.003263714,0.9691984,0.0031888885
syn-0498,2,0,1,7,7,0.0029258977,0.0029330498,0.005629498,0.0017074947,0.0011170717,0.010403643,0.0015164542,0.96058905,0.005685437,0.00210128,0.002086965,0.0033041637
syn-0003,2,0,2,2,2,0.0022091363,0.0019686879,0.97215545,0.0038328622,0.0012673622,0.00087530795,0.0038770372,0.0041041,0.0019165217,0.0016880241,0.00274395,0.0033615476
syn-0007,2,0,2,6,6,0.011990409,0.008185862,0.0031791304,0.006384501,0.013997902,0.028543577,0.8712151,0.0015373271,0.03017748,0.003051374,0.014431671,0.007305584
syn-0009,2,0,2,8,8,0.0019809674,0.0028808832,0.0019106669,0.0012678164,0.003991906,0.0030353994,0.0074687945,0.0035704672,0.9611741,0.003895627,0.0073727746,0.0014507226
syn-0019,2,0,2,0,0,0.8728919,0.009758702,0.00486167,0.008944163,0.016231414,0.005355166,0.006797719,0.003160461,0.0030632238,0.0066483608,0.056239773,0.006047493
syn-0022,2,0,2,10,11,0.016374776,0.0673105,0.0107178865,0.024545468,0.027302343,0.021200884,0.039753783,0.009495522,0.009816095,0.03796807,0.20581797,0.5296967
syn-0034,2,0,2,0,0,0.9504373,0.00475324,0.003933846,0.0029091462,0.007937862,0.0062298332,0.0027116225,0.005679516,0.002099476,0.0033304705,0.005105711,0.0048719035
syn-0058,2,0,2,9,9,0.0023629775,0.0040530646,0.0014262373,0.003453254,0.0023229378,0.0016953534,0.0010924665,0.002850295,0.014271468,0.9579593,0.006045871,0.0024667247
syn-0059,2,0,2,3,3,0.003032091,0.006096646,0.0036068559,0.95731765,0.0045862873,0.0055902717,0.0045907684,0.0022075197,0.001172405,0.00608178,0.0025770743,0.0031405839
syn-0061,2,0,2,4,4,0.006575018,0.003472836,0.0027782663,0.005468876,0.9392383,0.0065999455,0.008059691,0.002759339,0.00585437,0.0029603387,0.0077472045,0.008485885
syn-0065,2,0,2,11,11,0.0032447078,0.003972104,0.005313823,0.0017040068,0.0021404363,0.0038668506,0.0035075094,0.0041627293,0.0014920783,0.0025894342,0.005157411,0.96284884
syn-0067,2,0,2,5,5,0.0049258475,0.0051021017,0.0026729112,0.0048376545,0.00525443,0.93824214,0.006027176,0.015374033,0.0036874884,0.0022343916,0.005745557,0.005896187
syn-0069,2,0,2,11,11,0.003493355,0.0071740258,0.0058856695,0.0024435222,0.002745985,0.0025075837,0.0066070054,0.0027810684,0.001731871,0.0030889018,0.0074816933,0.95405924
syn-0071,2,0,2,6,6,0.0027648315,0.0025235615,0.0050613834,0.006398676,0.003268922,0.005005967,0.9573296,0.0011816149,0.0032841205,0.0011121946,0.008726756,0.0033423596
syn-0097,2,0,2,10,10,0.003439621,0.0038073137,0.004280677,0.0037666333,0.0022121281,0.005395453,0.017899545,0.0026971542,0.010018697,0.0046705157,0.9352651,0.006547204
syn-0098,2,0,2,10,10,0.0026646217,0.0043980475,0.002422614,0.002017263,0.0049947556,0.0038430758,0.005896226,0.0026310072,0.006299143,0.0026894573,0.9579807,0.004162971
syn-0102,2,0,2,1,1,0.0075722192,0.94358027,0.0045525935,0.0054328013,0.0031504114,0.0041981433,0.0066239843,0.0033323755,0.01012506,0.0037229832,0.0034718963,0.0042372723
syn-0112,2,0,2,4,4,0.007510632,0.0033547622,0.0027141175,0.00444,0.9283676,0.01282876,0.0039586704,0.0039011047,0.021515625,0.003543335,0.004058488,0.0038070162
syn-0125,2,0,2,9,9,0.0048407256,0.016681124,0.0030115508,0.011290803,0.007352449,0.0049313824,0.014837856,0.002137596,0.047016665,0.81329024,0.066628665,0.007981007
syn-0127,2,0,2,11,11,0.029052382,0.07726567,0.007587097,0.022354227,0.034537427,0.033413377,0.05376921,0.005148749,0.01580515,0.011901262,0.11868217,0.59048325
syn-0137,2,0,2,8,8,0.0027160943,0.002714768,0.002309626,0.0017786507,0.0042803246,0.003094313,0.0074865716,0.0027253937,0.9524696,0.005060105,0.013990171,0.0013744347
syn-0142,2,0,2,4,4,0.010373539,0.0055981544,0.0026008422,0.118762344,0.8005729,0.016155353,0.02009094,0.0026703312,0.005373188,0.007867725,0.0044982433,0.0054365247
syn-0155,2,0,2,4,4,0.0045732395,0.0031110735,0.0018040714,0.0047763605,0.9464719,0.008778639,0.0054848213,0.002036311,0.010869324,0.002601939,0.005228544,0.0042637684
syn-0159,2,0,2,11,11,0.0030977833,0.0037476036,0.006665348,0.0017711071,0.0019932548,0.0041914843,0.0049790307,0.0043377546,0.0015432792,0.0026992974,0.008171542,0.9568025
syn-0164,2,0,2,8,8,0.007837619,0.00781469,0.003962226,0.0037149042,0.009837778,0.042349078,0.027382703,0.004682341,0.79440016,0.007875981,0.08655589,0.0035865714
syn-0172,2,0,2,10,10,0.0027248533,0.0035408875,0.0024235346,0.002563515,0.0031655184,0.0060719755,0.00994765,0.0025448077,0.006380488,0.0031919042,0.9508868,0.006558162
syn-0177,2,0,2,8,8,0.0024067515,0.0028819114,0.0022345928,0.0015283311,0.0029144587,0.0030113815,0.010197327,0.0033742345,0.9587042,0.0036324195,0.0077709854,0.0013434892
syn-0179,2,0,2,1,1,0.00698208,0.9483502,0.0036927965,0.0039099045,0.0024998917,0.004168173,0.006407899,0.0024998917,0.006219094,0.003260473,0.0042214263,0.0077883005
syn-0188,2,0,2,10,10,0.0033083302,0.0031614585,0.0034594904,0.0025223815,0.003084456,0.0018517319,0.008258464,0.002161725,0.0041273474,0.0025359658,0.960627,0.0049017207
syn-0193,2,0,2,11,11,0.016282339,0.03250853,0.008373249,0.010995684,0.041598715,0.02191563,0.024592327,0.00886986,0.024676526,0.02913112,0.15923075,0.6218253
syn-0194,2,0,2,1,1,0.009664709,0.93061763,0.004859647,0.0045920433,0.0038631137,0.005211095,0.005968718,0.004276077,0.018393924,0.0044834786,0.0037006363,0.0043689404
syn-0200,2,0,2,5,5,0.011104217,0.010214087,0.0033475484,0.0077870847,0.006329309,0.8672759,0.006012987,0.073021054,0.00447393,0.003195813,0.002590577,0.0046476102
syn-0202,2,0,2,10,10,0.0041168607,0.0040550143,0.0034701317,0.0026296447,0.0041088276,0.0044906833,0.009078631,0.003332308,0.018217737,0.014861625,0.92080396,0.010834574
syn-0207,2,0,2,0,0,0.95785636,0.004877674,0.0037170858,0.0034799643,0.0049854275,0.005752306,0.0034799643,0.0029635192,0.0031118132,0.0024833777,0.0041578603,0.0031346886
syn-0219,2,0,2,0,0,0.95801604,0.0050765416,0.0047573405,0.0036165437,0.005437532,0.003957477,0.00240385,0.00389422,0.0018207337,0.0031582585,0.004074139,0.0037873301
syn-0222,2,0,2,8,8,0.0023026257,0.0020231497,0.0031000348,0.0014332277,0.0035855833,0.0028754754,0.009073772,0.0042767385,0.95516306,0.0039331885,0.010846633,0.0013864213
syn-0224,2,0,2,8,8,0.0066554593,0.004705621,0.0029925357,0.0023283144,0.00891935,0.0089734085,0.02367644,0.0040684007,0.9077462,0.004286609,0.021961372,0.003686278
syn-0228,2,0,2,6,6,0.007883283,0.005784455,0.0067330594,0.06691455,0.09363028,0.012700904,0.77633816,0.0023669908,0.006446727,0.00422374,0.009481236,0.007496614
syn-0230,2,0,2,9,9,0.0026275252,0.0034563472,0.0019478496,0.002296249,0.0019717729,0.0015037125,0.00085595326,0.006052026,0.006552593,0.9665735,0.0028010865,0.003361477
syn-0239,2,0,2,6,6,0.0030722052,0.0036751535,0.0069542374,0.008207609,0.0044039553,0.0054885107,0.9438193,0.001762497,0.003106902,0.0013539953,0.0132606095,0.0048950077
syn-0242,2,0,2,0,0,0.95931554,0.004176412,0.0034556112,0.0030147736,0.008407797,0.0035880073,0.0024726307,0.003022143,0.0028252117,0.0028767171,0.003327288,0.00351775
syn-0244,2,0,2,3,3,0.002570483,0.004722362,0.0030346904,0.96094954,0.0044756844,0.004398771,0.0072143795,0.0012273237,0.001334852,0.003941108,0.003492907,0.0026378725
syn-0247,2,0,2,3,3,0.0027839085,0.006747904,0.003961565,0.95643365,0.005165909,0.0026890503,0.0065410915,0.0018572015,0.0013508195,0.0058377744,0.0030530498,0.0035781022
syn-0248,2,0,2,6,10,0.004390362,0.0069799004,0.005768205,0.007675285,0.007760073,0.0122913,0.39791867,0.0032978768,0.0073345443,0.0026088352,0.5365049,0.007470081
syn-0249,2,0,2,8,8,0.004567344,0.0034644876,0.00246992,0.0016072077,0.0069686202,0.010619393,0.004450663,0.007655401,0.9188576,0.009019991,0.028129054,0.0021903657
syn-0254,2,0,2,7,7,0.029362593,0.03451323,0.061298072,0.015785884,0.032660518,0.10099522,0.04887388,0.2310675,0.18172154,0.03492006,0.058423012,0.1703785
syn-0255,2,0,2,2,2,0.0020668434,0.0018177594,0.9724621,0.003671775,0.0012383941,0.0008687701,0.00396696,0.004251254,0.0018463848,0.0016811525,0.0028576427,0.003270909
syn-0259,2,0,2,4,4,0.0038246785,0.003201886,0.0018225989,0.010614557,0.9404488,0.009983633,0.00969302,0.0017734376,0.0050188606,0.0034000787,0.0049676606,0.0052507394
syn-0264,2,0,2,0,0,0.9505635,0.005259487,0.0034082388,0.002456061,0.008812285,0.0056267856,0.0016336946,0.0055823163,0.004789987,0.00467446,0.0037413908,0.0034517832
syn-0274,2,0,2,9,9,0.003404564,0.0029507237,0.0025837403,0.0036632803,0.0032613724,0.0032917701,0.0015625331,0.00691909,0.009162391,0.9270898,0.029801255,0.0063095237
syn-0276,2,0,2,6,6,0.0030788186,0.00342128,0.009785661,0.008429204,0.0094303265,0.006722296,0.92123747,0.0026360264,0.0052951025,0.0017069399,0.018031571,0.010225284
syn-0278,2,0,2,9,9,0.0019654764,0.0033295401,0.0017464246,0.004963878,0.00187364,0.0014959859,0.0012365878,0.002576012,0.0029197168,0.96820295,0.0064855865,0.0032043338
syn-0283,2,0,2,7,7,0.0030979777,0.0019711184,0.019771967,0.0021839608,0.0016025079,0.0143319005,0.0020356753,0.937897,0.004915628,0.003027691,0.004915628,0.004248931
syn-0285,2,0,2,11,11,0.0031904164,0.0036134503,0.004944657,0.0018209538,0.0022452862,0.0036721467,0.004430536,0.0029484923,0.0017006338,0.0031617263,0.0054499847,0.96282166
syn-0288,2,0,2,9,9,0.0026690261,0.0028169896,0.0023382187,0.0041437205,0.0015675081,0.0011445757,0.0011018032,0.0035367485,0.006576937,0.9680351,0.0040742527,0.0019951079
syn-0294,2,0,2,1,1,0.005415394,0.95071507,0.0035238639,0.0065802312,0.002814962,0.0053327386,0.0072369017,0.0024030667,0.0034371952,0.0030259178,0.0033103642,0.006204234
syn-0301,2,0,2,3,3,0.0033661253,0.007857108,0.0028707767,0.94988453,0.006795611,0.0073496015,0.008491412,0.0014018402,0.0012701728,0.003918143,0.0028975338,0.0038971545
syn-0305,2,0,2,1,1,0.004676588,0.95239043,0.0050763884,0.005215837,0.0021369203,0.0026776826,0.0051437565,0.0024885728,0.002613101,0.003837476,0.0049806335,0.008762651
syn-0308,2,0,2,3,3,0.002810839,0.0056981873,0.0034104441,0.95957536,0.004489516,0.0027957822,0.0074454574,0.0015492641,0.0015387094,0.0057358723,0.0022919008,0.0026586512
syn-0313,2,0,2,11,10,0.02434206,0.1586527,0.052173015,0.04563266,0.027368514,0.04223939,0.13236524,0.018365381,0.026026111,0.017269535,0.2447681,0.21079732
syn-0324,2,0,2,7,7,0.005091282,0.010609281,0.009086169,0.002350388,0.002325275,0.018067798,0.0036940705,0.8890268,0.03651578,0.011852768,0.006057868,0.0053226072
syn-0333,2,0,2,5,5,0.010466303,0.0034588543,0.0013825715,0.009633333,0.08098449,0.8405878,0.011607967,0.003523631,0.022433743,0.0033589904,0.007470462,0.0050919256
syn-0335,2,0,2,3,11,0.0044974857,0.0059057022,0.004709873,0.0072681294,0.004451604,0.003605019,0.006159728,0.0022438786,0.0007641872,0.0061304723,0.004648188,0.94961584
syn-0338,2,0,2,8,8,0.0038967852,0.0058884555,0.003177359,0.0023065154,0.0035446002,0.003765845,0.0108769,0.0053042136,0.93142384,0.015624244,0.011038749,0.0031526329
syn-0383,2,0,2,2,2,0.0022093079,0.001842344,0.9698602,0.0035760065,0.0012472011,0.0010543593,0.003546013,0.005825016,0.0018649714,0.0020774803,0.0030286259,0.0038684732
syn-0385,2,0,2,5,4,0.011056807,0.0060100136,0.0030338524,0.0058536176,0.5538337,0.3667774,0.0064163967,0.01633691,0.009086202,0.0054402095,0.005515098,0.010639718
syn-0392,2,0,2,1,1,0.0051285033,0.9535154,0.004020497,0.005310712,0.0024030942,0.003281434,0.004945296,0.0020394796,0.0023428462,0.004911606,0.0048307385,0.0072703
syn-0396,2,0,2,3,3,0.00299635,0.004714496,0.0074350727,0.95391876,0.0044805184,0.0032177554,0.007041964,0.003941514,0.0017469024,0.004961298,0.0025767167,0.0029686806
syn-0402,2,0,2,1,1,0.013420553,0.8828795,0.0064573563,0.0069684433,0.0055448874,0.0077095986,0.012087516,0.0064259027,0.0057545197,0.0060898666,0.013676065,0.032985874
syn-0405,2,0,2,8,8,0.0028876972,0.0034208633,0.001866259,0.0012371411,0.0024857065,0.0023534198,0.0038706716,0.0039614947,0.96016,0.0077259922,0.008489485,0.0015411513
syn-0406,2,0,2,4,4,0.350395,0.009643534,0.005708028,0.021080136,0.38558596,0.012244258,0.021577401,0.0066408557,0.0059412094,0.013336523,0.14836657,0.019480476
syn-0409,2,0,2,10,10,0.0030804046,0.0053348206,0.0027131431,0.0029537298,0.0027599088,0.002160995,0.0064448486,0.0032329685,0.005618724,0.007031347,0.9537604,0.0049086716
syn-0414,2,0,2,5,4,0.0074972836,0.004278085,0.0019039587,0.008947915,0.66865176,0.2659713,0.0073684454,0.005560637,0.010255706,0.005190681,0.008186049,0.006188212
syn-0420,2,0,2,2,2,0.0023657295,0.0019398297,0.9710913,0.0033439603,0.0011800182,0.0009029859,0.0035864513,0.00554498,0.0019247336,0.0019256738,0.0028038917,0.0033904065
syn-0426,2,0,2,10,10,0.004471048,0.0034030552,0.005093646,0.0029798145,0.0036367117,0.018387761,0.017034987,0.0072201146,0.020274047,0.006391984,0.8907434,0.020363338
syn-0432,2,0,2,6,6,0.0030270952,0.0031216608,0.004574261,0.0076175514,0.0033148879,0.0069265524,0.95108503,0.0013886148,0.0033474183,0.0012655833,0.010784515,0.0035468175
syn-0433,2,0,2,5,5,0.007885311,0.0051587033,0.0063329325,0.004773351,0.027122218,0.46143335,0.00405901,0.45250842,0.010487226,0.0074875667,0.0037576389,0.008994321
syn-0443,2,0,2,7,7,0.005539119,0.0038603256,0.006521899,0.002623531,0.003879221,0.039159622,0.00223746,0.90530425,0.012235187,0.00855484,0.0027954627,0.0072890385
syn-0452,2,0,2,10,10,0.0032030784,0.0028712212,0.0056243236,0.0033518837,0.0029164362,0.0053720106,0.036301054,0.002699898,0.016100632,0.004179642,0.91096365,0.006416126
syn-0460,2,0,2,8,8,0.00478342,0.0087210685,0.004368132,0.0025169954,0.0038945936,0.0037821494,0.033219732,0.0037747696,0.9120037,0.0063524917,0.013700083,0.0028829328
syn-0464,2,0,2,4,4,0.016095938,0.0031203397,0.002024504,0.0051095225,0.94559,0.006770257,0.0034809909,0.0019911714,0.004981422,0.0032462247,0.004079638,0.0035100055
syn-0465,2,0,2,7,7,0.0055670566,0.0017852397,0.00813284,0.001919027,0.0023952748,0.018821904,0.0022141857,0.94578344,0.0042182314,0.003002881,0.0029882542,0.0031716744
syn-0471,2,0,2,5,5,0.008542142,0.0092416145,0.0019043813,0.004688141,0.029557712,0.8947112,0.0042250548,0.0060064797,0.0047549983,0.0038866054,0.005542893,0.026938898
syn-0473,2,0,2,10,10,0.0023594387,0.0034946946,0.0024355242,0.002271267,0.002890139,0.0019200844,0.007337111,0.0020349566,0.005153488,0.0032084784,0.9635562,0.003338734
syn-0478,2,0,2,2,2,0.003322651,0.0035145632,0.9468178,0.0064341035,0.0018802917,0.001732206,0.0057768784,0.013631511,0.0030759522,0.0023815585,0.004782774,0.0066497554
syn-0495,2,0,2,2,2,0.0026884505,0.0023460535,0.96938354,0.005053437,0.0015199122,0.0010294288,0.0038661002,0.0041698664,0.0017588297,0.0018495485,0.0025987471,0.0037361907
syn-0005,2,0,3,11,11,0.0036867172,0.008466841,0.0060754023,0.0041007986,0.005017049,0.004961021,0.0042892145,0.0030534128,0.0014353046,0.005733848,0.0059288736,0.9472515
syn-0006,2,0,3,7,7,0.015663357,0.013397579,0.039454658,0.0076449006,0.0040364554,0.02178627,0.0061910287,0.6345932,0.028341476,0.114892825,0.053954463,0.060043782
syn-0008,2,0,3,8,8,0.0018978431,0.0022504455,0.0023757836,0.0011310426,0.0024788824,0.0025314796,0.0043790797,0.004337913,0.97165346,0.0029208374,0.0029879138,0.0010552777
syn-0014,2,0,3,0,0,0.91625714,0.016802331,0.005376908,0.005239544,0.015623309,0.005845134,0.0047916705,0.004399231,0.007956261,0.006709665,0.0041065454,0.0068922974
syn-0020,2,0,3,6,6,0.0021191111,0.0024426575,0.0028627366,0.003353421,0.0056118974,0.0070010847,0.9509315,0.0008903054,0.007881146,0.0020004646,0.010672774,0.0042329165
syn-0029,2,0,3,2,2,0.0020885225,0.0016888614,0.97358793,0.0031725883,0.001253218,0.0008938871,0.0032597396,0.0044284244,0.0019773736,0.0018530409,0.0027871823,0.0030092513
syn-0032,2,0,3,4,4,0.014729191,0.012136625,0.009985753,0.0147615895,0.8244641,0.007949683,0.059317105,0.00264984,0.02631538,0.012136625,0.004280164,0.011273978
syn-0033,2,0,3,5,5,0.003944013,0.0059038843,0.0014073114,0.003424945,0.007816843,0.9526611,0.0034551797,0.0060010683,0.004379502,0.0033236253,0.002215093,0.0054674544
syn-0041,2,0,3,10,9,0.0044604563,0.009715218,0.0027332872,0.008876092,0.004047434,0.0021834269,0.004877372,0.0014918786,0.017963061,0.85209024,0.08034777,0.011213671
syn-0044,2,0,3,2,2,0.0027280797,0.00246883,0.96913177,0.0037261122,0.0011822464,0.0009868395,0.0030123452,0.005880632,0.0020477315,0.002000296,0.0027434414,0.004091616
syn-0046,2,0,3,8,8,0.09434385,0.04826854,0.009428372,0.0077102575,0.014688764,0.023726081,0.018138204,0.013038966,0.5038301,0.19962844,0.028605148,0.038593296
syn-0050,2,0,3,4,4,0.010806222,0.0075200535,0.005303952,0.030611685,0.8893781,0.008731938,0.014437009,0.0017818137,0.004617162,0.0037720997,0.006335613,0.016704347
syn-0053,2,0,3,10,10,0.0021025727,0.0031279523,0.00232961,0.0023605258,0.0024070833,0.0023639863,0.0062070224,0.002194887,0.003640467,0.0030317155,0.9663566,0.0038776232
syn-0054,2,0,3,5,5,0.004100229,0.002686371,0.001251721,0.0028961627,0.006691171,0.9526857,0.0034292168,0.011004977,0.004079261,0.0029735419,0.0039556865,0.0042459047
syn-0057,2,0,3,8,8,0.008036378,0.011461103,0.0028752696,0.0030756898,0.009441466,0.011363587,0.017648673,0.0042868857,0.8169358,0.01671759,0.08593639,0.012221148
syn-0072,2,0,3,0,0,0.95856637,0.005043006,0.0036001164,0.0030036068,0.008577395,0.0041416856,0.0020583076,0.003667539,0.002456265,0.0032540224,0.0023392113,0.00329238
syn-0073,2,0,3,11,11,0.007589683,0.028622195,0.0068667587,0.0032555272,0.003094335,0.00631978,0.0063367747,0.006037742,0.0024430442,0.004441096,0.015245732,0.9097472
syn-0074,2,0,3,5,5,0.09281845,0.06326578,0.0034610878,0.024757095,0.059461728,0.6430305,0.024018845,0.0059221066,0.014082082,0.039349806,0.0073486203,0.022483882
syn-0091,2,0,3,4,4,0.008891508,0.0031273148,0.002163057,0.0057372865,0.9472412,0.007077904,0.0049055647,0.0016168938,0.005378509,0.0041450425,0.0034229641,0.0062927213
syn-0093,2,0,3,5,5,0.004091649,0.0068958565,0.0013084082,0.0031112428,0.007873393,0.9455995,0.013035018,0.0035134705,0.003166416,0.0019149102,0.004323753,0.005166334
syn-0101,2,0,3,3,3,0.0022706203,0.00418754,0.0036284407,0.96563643,0.0050653396,0.003085438,0.0046594366,0.0014002554,0.0011665345,0.0044999504,0.0018595713,0.002540492
syn-0111,2,0,3,3,3,0.0025916065,0.00564403,0.005516652,0.96365666,0.0039618714,0.0031329505,0.0048739286,0.0012140686,0.0010414948,0.0033603453,0.002035169,0.0029712918
syn-0113,2,0,3,11,11,0.006245079,0.012056823,0.005793407,0.0023333307,0.003089652,0.004266579,0.0054998375,0.0022815063,0.005120158,0.00517293,0.0068079936,0.94133276
syn-0122,2,0,3,3,3,0.0025103986,0.003894832,0.003602131,0.9569977,0.006687084,0.0043694656,0.0053078686,0.0019379923,0.0020700453,0.0068985126,0.0025474427,0.0031765418
syn-0133,2,0,3,2,2,0.0069764275,0.004838333,0.9081717,0.0085159335,0.0029331648,0.0031808123,0.006355212,0.037265733,0.004032721,0.004280251,0.0055066957,0.007943054
syn-0140,2,0,3,11,11,0.0069230036,0.006975598,0.00855921,0.010791495,0.0073821037,0.004002816,0.004842484,0.0043492606,0.0018362056,0.033547916,0.004940405,0.90584946
syn-0141,2,0,3,2,2,0.0022349446,0.0016706301,0.97157985,0.0037372923,0.0012666117,0.0011320619,0.0031280133,0.004910255,0.0019541183,0.0019926599,0.002612915,0.003780625
syn-0146,2,0,3,10,10,0.0025518003,0.0030370038,0.0021446384,0.002163571,0.0025393711,0.0016117595,0.004879553,0.0021593494,0.0042905146,0.004628617,0.96709734,0.0028965145
syn-0154,2,0,3,1,1,0.005782612,0.9598662,0.0026829345,0.0045183706,0.0025130108,0.0035249293,0.0029080347,0.0021141015,0.0030209261,0.004777013,0.002804835,0.0054869098
syn-0178,2,0,3,9,9,0.0053073815,0.008844897,0.0026479508,0.0064113084,0.012775336,0.0034000361,0.0036835026,0.0018758455,0.022953121,0.88561827,0.020888856,0.025593558
syn-0187,2,0,3,3,3,0.002778693,0.004188661,0.0028907948,0.9588462,0.006817151,0.004745216,0.0049805376,0.0016624774,0.0014931485,0.005401293,0.003181124,0.0030147706
syn-0189,2,0,3,10,10,0.009020859,0.016454743,0.004693691,0.004186903,0.007999847,0.012006261,0.0152132725,0.003151195,0.028992001,0.018287258,0.85100204,0.028992001
syn-0191,2,0,3,4,4,0.0069642295,0.006738437,0.0023310168,0.013877102,0.9061412,0.0074405824,0.013549022,0.001386487,0.007928197,0.012086843,0.016168619,0.0053881127
syn-0192,2,0,3,5,5,0.0044003697,0.009432297,0.0018433257,0.0040895967,0.005738113,0.9455868,0.0036910363,0.0067710606,0.0028176063,0.0027176158,0.0025906358,0.010321483
syn-0211,2,0,3,0,0,0.9574973,0.0051814485,0.0040392587,0.0034381321,0.008173483,0.003342129,0.0021896823,0.0031091284,0.001994702,0.0041735875,0.0027531907,0.004107879
syn-0215,2,0,3,10,10,0.006436423,0.011230279,0.005441225,0.009676379,0.011547231,0.009125696,0.02606023,0.0025803125,0.040978484,0.1372142,0.723176,0.016533578
syn-0217,2,0,3,6,6,0.0070830123,0.009322101,0.0050917477,0.0077601983,0.0057528275,0.005879196,0.9150946,0.0012404966,0.011467431,0.0041944976,0.01948058,0.0076333624
syn-0233,2,0,3,8,8,0.0019876254,0.002471225,0.0020130198,0.0010211454,0.0025125938,0.0017557868,0.0041264165,0.0029040056,0.9719685,0.0039161234,0.0043153507,0.0010082637
syn-0267,2,0,3,4,4,0.014936648,0.0027441785,0.0015007517,0.004084449,0.94693625,0.011701033,0.002523123,0.0014934419,0.0036774015,0.0030242093,0.0030718339,0.0043066717
syn-0269,2,0,3,10,10,0.0028477032,0.0035814252,0.0023781834,0.0018323417,0.0032135055,0.0019851073,0.00501315,0.0020391406,0.004585258,0.0045728907,0.9636532,0.0042979317
syn-0275,2,0,3,0,0,0.94810957,0.008014696,0.0046623927,0.004295197,0.0078023206,0.0045344178,0.0034953821,0.004415342,0.0033894952,0.0032900274,0.0037831021,0.0042080088
syn-0282,2,0,3,7,7,0.008859645,0.005742605,0.006749944,0.0024626385,0.0028734982,0.106883675,0.0021669131,0.83091074,0.007670192,0.009364507,0.0049576918,0.0113579715
syn-0284,2,0,3,0,0,0.91151917,0.010843559,0.0034654655,0.0029526136,0.014736933,0.0060583698,0.003297097,0.003082249,0.018461702,0.012814614,0.005973187,0.0067949984
syn-0295,2,0,3,10,10,0.0027763965,0.004330192,0.0020095517,0.0022341677,0.002988837,0.00198614,0.0065810285,0.0015513456,0.0038265157,0.005720489,0.96086466,0.005130631
syn-0297,2,0,3,11,11,0.0035883905,0.007872284,0.00535142,0.0026452672,0.0032315678,0.0045628077,0.0045118514,0.0037624375,0.0016052193,0.0025414454,0.0032489714,0.95707846
syn-0299,2,0,3,1,1,0.009707067,0.9146757,0.0024973976,0.009773801,0.0063695484,0.011637,0.002432409,0.004139688,0.0050252136,0.026036192,0.0018595366,0.0058464534
syn-0303,2,0,3,7,7,0.013626468,0.0044779265,0.006942325,0.0034874128,0.008849071,0.41104034,0.004344396,0.5155601,0.009528498,0.007455304,0.006452028,0.008236168
syn-0306,2,0,3,5,5,0.006439932,0.0070873587,0.0019368667,0.0027300862,0.021171864,0.9315527,0.0033076163,0.009735877,0.007124658,0.0021003967,0.0032674856,0.0035450906
syn-0307,2,0,3,3,3,0.009630289,0.0125174085,0.004297479,0.8994456,0.011737505,0.006054501,0.011979969,0.0015443313,0.0033764257,0.028009402,0.00561867,0.0057885405
syn-0310,2,0,3,10,10,0.0026954107,0.0029820914,0.0021322456,0.002535816,0.0021053469,0.0017573661,0.0064254324,0.0042342693,0.005409766,0.01316403,0.9503069,0.0062513542
syn-0325,2,0,3,4,4,0.020997977,0.009264207,0.0036137716,0.081211485,0.7431693,0.05713941,0.018247256,0.002990076,0.006999822,0.03433677,0.008381782,0.013648223
syn-0327,2,0,3,1,1,0.009492693,0.9191592,0.003965605,0.0038360967,0.0039714184,0.003828612,0.0050844843,0.0027268492,0.028055971,0.00628924,0.004204908,0.009384963
syn-0329,2,0,3,8,8,0.004715364,0.0043759304,0.003165746,0.0017178277,0.0046901056,0.0033469608,0.004798984,0.005036665,0.92711365,0.02729451,0.009467626,0.0042766496
syn-0336,2,0,3,0,0,0.9462935,0.01018148,0.0063644107,0.0043058507,0.0070475563,0.004573494,0.003044373,0.0045246272,0.0034818796,0.004015454,0.0027909467,0.003376402
syn-0343,2,0,3,8,8,0.010810037,0.010632054,0.0066924687,0.0031122868,0.013668503,0.0072610592,0.006817804,0.010720676,0.82262975,0.06752556,0.022776157,0.017353646
syn-0345,2,0,3,7,7,0.008891028,0.0057003275,0.0069467756,0.0029128646,0.0050158054,0.08283024,0.0026008952,0.8547231,0.007285492,0.007847741,0.0041786022,0.01106709
syn-0346,2,0,3,6,6,0.0031020143,0.0024300483,0.005065583,0.009059638,0.0044733635,0.001853202,0.954374,0.0007271432,0.0039694747,0.0020979035,0.008888748,0.0039588287
syn-0348,2,0,3,9,9,0.0049744756,0.012965964,0.0018452608,0.00453263,0.0031236054,0.0018095704,0.0011115826,0.002964599,0.008643523,0.9502844,0.003433961,0.004310308
syn-0366,2,0,3,9,9,0.005705547,0.0056735985,0.0037063304,0.01989002,0.004094529,0.0048127705,0.0040745856,0.0020669168,0.0060145,0.92569995,0.01188993,0.0063712164
syn-0368,2,0,3,9,9,0.0033331555,0.0049823266,0.0021093923,0.0047768564,0.0025857438,0.0016751977,0.0013421214,0.0021604698,0.0078949565,0.9605381,0.0032511773,0.005350479
syn-0369,2,0,3,6,5,0.011906649,0.06531655,0.0031121077,0.013263383,0.01494158,0.66160923,0.1848019,0.006335937,0.011270236,0.009209735,0.008891581,0.009341074
syn-0372,2,0,3,1,1,0.012007607,0.9304218,0.0031430963,0.008887423,0.0040044086,0.004227434,0.0038024215,0.0022594698,0.0026493385,0.011403321,0.00416596,0.013027772
syn-0382,2,0,3,0,0,0.95584744,0.005911577,0.003546349,0.0030616254,0.009999546,0.0036162944,0.002042472,0.0035273524,0.002410148,0.0037741475,0.0027971861,0.00346589
syn-0399,2,0,3,8,8,0.002078859,0.002657603,0.0021637832,0.00091174076,0.0024542832,0.002823484,0.0042811916,0.00401396,0.9615417,0.007138208,0.00865458,0.0012807479
syn-0401,2,0,3,11,11,0.011740727,0.04139584,0.012005405,0.005016983,0.006489289,0.0058855303,0.0053457688,0.0048036296,0.0020549484,0.012444466,0.005138466,0.88767886
syn-0407,2,0,3,6,6,0.0069362433,0.0110922055,0.006815382,0.28670102,0.018119076,0.013452837,0.6225541,0.0013045548,0.002783403,0.0077796113,0.011151943,0.0113095995
syn-0408,2,0,3,4,4,0.12747133,0.017259793,0.01201403,0.024269003,0.6770962,0.0231633,0.019605717,0.006091387,0.048194032,0.012857743,0.016753288,0.01522428
syn-0411,2,0,3,2,2,0.002230091,0.0021488506,0.9694699,0.00421457,0.001362562,0.0009978455,0.0027290315,0.00579431,0.0016323663,0.002873999,0.002460063,0.004086429
syn-0413,2,0,3,9,9,0.0029472366,0.005887094,0.0023348737,0.0027917502,0.0018113123,0.001614164,0.0010190351,0.0027646197,0.0034180195,0.9671223,0.003128139,0.005161444
syn-0416,2,0,3,2,2,0.0022212884,0.001695653,0.9732169,0.0034610392,0.0013205758,0.00096332753,0.003035771,0.0041633593,0.0017206745,0.001978551,0.0026230747,0.003599845
syn-0417,2,0,3,7,11,0.020513555,0.0191114,0.02181525,0.019046191,0.15471639,0.12901814,0.1220923,0.04386407,0.045963544,0.017006334,0.12450034,0.28235245
syn-0422,2,0,3,1,1,0.0056764353,0.95719683,0.004374645,0.0048790784,0.0021123437,0.0025479728,0.0030051793,0.002736247,0.002266214,0.004789383,0.003549622,0.0068659205
syn-0425,2,0,3,5,5,0.04291381,0.03931748,0.0038088171,0.014409462,0.29098046,0.42836466,0.025206178,0.006335113,0.025453536,0.01756027,0.014801678,0.090848535
syn-0430,2,0,3,1,1,0.031979583,0.47570822,0.0060885274,0.03839622,0.035502024,0.2959514,0.013660544,0.005781415,0.0034455042,0.014059808,0.009815329,0.06961149
syn-0431,2,0,3,3,3,0.003677716,0.0037759768,0.0035776424,0.9598193,0.0059360964,0.003882546,0.005064259,0.0021160636,0.0012415424,0.0051895776,0.0027855905,0.0029335627
syn-0436,2,0,3,6,6,0.0023499648,0.0029374594,0.0031468205,0.0048445296,0.0054384633,0.0025658533,0.95547915,0.00059999496,0.0056960694,0.002771641,0.008951336,0.0052186395
syn-0437,2,0,3,3,10,0.018188309,0.013287372,0.0060952953,0.10159493,0.21953277,0.029573033,0.048996344,0.004213849,0.060932294,0.06543468,0.413358,0.018793173
syn-0445,2,0,3,6,6,0.004234655,0.005558201,0.0041629,0.0045564515,0.004610161,0.005085571,0.91175574,0.0014019065,0.045393646,0.0025835417,0.0072143907,0.0034427498
syn-0449,2,0,3,11,11,0.00411165,0.0050679217,0.005218592,0.0038918816,0.0038287384,0.0018925885,0.005285266,0.0026833513,0.0016865939,0.005796586,0.00845718,0.95207953
syn-0451,2,0,3,8,8,0.009522183,0.011035143,0.0033393379,0.002593071,0.007191231,0.028567137,0.0037913634,0.052185047,0.79740167,0.06648548,0.011343818,0.0065444945
syn-0469,2,0,3,9,9,0.0024606586,0.003357169,0.0028391236,0.0036857785,0.0017448682,0.0012121812,0.00076078915,0.003320893,0.0027230359,0.9716005,0.0024284313,0.0038666727
syn-0472,2,0,3,8,8,0.0024294213,0.0030293746,0.0020407892,0.0012275691,0.0029361704,0.002312517,0.0053037535,0.0025987637,0.9649034,0.0058589075,0.005507504,0.0018518195
syn-0482,2,0,3,1,1,0.042078003,0.7706543,0.00713919,0.07288199,0.016891412,0.008557017,0.018524433,0.0029071171,0.0033200318,0.018817298,0.011996828,0.026232285
syn-0485,2,0,3,10,10,0.0025122368,0.0030788085,0.00214883,0.0021352333,0.002676875,0.0016133334,0.009825126,0.0019728404,0.00688589,0.0038725482,0.9609774,0.00230086
syn-0492,2,0,3,6,6,0.0022913544,0.0030038508,0.0042154747,0.005106137,0.0032226616,0.0032622418,0.96075296,0.001360901,0.0035907526,0.0016723031,0.008095838,0.0034254838
syn-0016,2,0,4,9,9,0.0020685727,0.0056700055,0.0017745352,0.0055652615,0.0022919383,0.0018470275,0.0021869831,0.0016621449,0.009687187,0.95119417,0.013048273,0.0030038827
syn-0023,2,0,4,1,1,0.005805621,0.9608957,0.0030226898,0.0047102957,0.002859032,0.0030613083,0.0033052184,0.0021019508,0.001820864,0.0035046698,0.0027387845,0.006173831
syn-0026,2,0,4,10,10,0.0022241801,0.0027118488,0.0026239257,0.0024096142,0.0026258484,0.0019869392,0.0102444105,0.002103756,0.0040933914,0.0020440144,0.9631308,0.003801281
syn-0027,2,0,4,4,4,0.006044811,0.0021448454,0.001629324,0.00484589,0.94987386,0.013164458,0.004678487,0.00273661,0.007748438,0.0017929608,0.0025223144,0.0028179698
syn-0035,2,0,4,9,9,0.008571047,0.046018977,0.004124499,0.011815767,0.0064006387,0.0050435816,0.005254748,0.0034833665,0.009253946,0.7580973,0.12693845,0.014997734
syn-0040,2,0,4,4,4,0.004949275,0.0023123277,0.001997248,0.011161535,0.9494025,0.011465344,0.0048375763,0.0024662723,0.0026291816,0.0031915936,0.0023579344,0.003229215
syn-0048,2,0,4,11,11,0.004072209,0.007053346,0.0041586133,0.0033578956,0.007083545,0.004392371,0.007147822,0.0039142934,0.0033333916,0.0052046212,0.01192805,0.9383538
syn-0056,2,0,4,8,8,0.0030703202,0.0035356435,0.002248489,0.0014883393,0.0032907578,0.0022984415,0.008454691,0.00307182,0.96043605,0.003958766,0.006914008,0.0012326721
syn-0070,2,0,4,2,2,0.0028023974,0.0022093144,0.9660819,0.0045346715,0.0019449588,0.0011693543,0.004131575,0.006340017,0.0017341106,0.002150772,0.0031988756,0.0037021642
syn-0077,2,0,4,2,2,0.0024488554,0.0023293095,0.9704874,0.004563351,0.0014583566,0.0008755144,0.004122141,0.004447857,0.0016736477,0.0016875981,0.0026549646,0.0032509454
syn-0084,2,0,4,5,5,0.0054958006,0.0047597047,0.0014973419,0.010310211,0.007099517,0.9438625,0.0060790293,0.007749376,0.002620229,0.0022921097,0.0034207618,0.0048134592
syn-0085,2,0,4,3,1,0.021791976,0.77535355,0.0048222514,0.11246646,0.014833649,0.008873811,0.008943409,0.0025836872,0.0020141436,0.018860534,0.008028571,0.021427948
syn-0086,2,0,4,10,10,0.0019709317,0.0026276868,0.0021477994,0.0018733438,0.0022159778,0.0027760682,0.0054193772,0.0038312036,0.0037483976,0.0026651598,0.9656893,0.005034793
syn-0090,2,0,4,5,5,0.035489727,0.008462542,0.0032073169,0.0038687626,0.038373545,0.83379,0.009778448,0.011958888,0.03961099,0.0050310567,0.0040189503,0.006409732
syn-0094,2,0,4,1,1,0.0062714494,0.84087664,0.015704714,0.018672876,0.0039785975,0.006057756,0.03331239,0.0067711268,0.0033535883,0.005567059,0.009718155,0.049715657
syn-0106,2,0,4,10,10,0.009630312,0.015036374,0.028884474,0.020727234,0.004201013,0.0041561266,0.12979934,0.010392533,0.016289983,0.009238796,0.70581216,0.045831617
syn-0107,2,0,4,10,10,0.0020313943,0.0025981925,0.0019157871,0.0019804651,0.002292897,0.0029491738,0.008293405,0.0024539211,0.0033223277,0.0034036068,0.9623391,0.0064196084
syn-0109,2,0,4,3,3,0.0032199828,0.0067069256,0.0042971424,0.9569125,0.0054072053,0.002185142,0.0045525585,0.0014901372,0.0010659936,0.007934588,0.002762278,0.003465519
syn-0117,2,0,4,6,6,0.0027988863,0.0039528487,0.004637171,0.024607461,0.019657135,0.0053778994,0.91530806,0.000879849,0.0041750404,0.0033531014,0.0073637394,0.007888815
syn-0119,2,0,4,6,6,0.0028415949,0.0032027005,0.006979987,0.007868915,0.0031453588,0.0037516565,0.9320013,0.0022173626,0.0031746752,0.0015924344,0.026438842,0.0067850845
syn-0128,2,0,4,2,2,0.0030736835,0.0023184393,0.96737444,0.0043772594,0.0015212122,0.001057837,0.003930821,0.0052823997,0.0017950536,0.0020731678,0.003229855,0.003965764
syn-0139,2,0,4,1,1,0.0046958677,0.9615843,0.0030057163,0.0049810605,0.002174471,0.0023442856,0.004285564,0.0017268807,0.0020071329,0.0035885992,0.0033027458,0.00630338
syn-0147,2,0,4,0,0,0.95559734,0.0065409583,0.0042588813,0.004569113,0.008129431,0.003116625,0.001982983,0.003016315,0.0020944474,0.004419895,0.0025375125,0.003736492
syn-0156,2,0,4,6,6,0.0034151843,0.0058639296,0.0045155566,0.00860466,0.004528805,0.0067263115,0.9460118,0.0016628035,0.005391893,0.0012272723,0.008085303,0.0039665224
syn-0167,2,0,4,0,0,0.9603447,0.004489277,0.004171716,0.00324418,0.0070419633,0.0038478589,0.0022736667,0.003995284,0.002091534,0.0026633826,0.00252657,0.0033097812
syn-0168,2,0,4,1,1,0.010694046,0.921386,0.0035895526,0.009325378,0.0037691733,0.017028907,0.008233636,0.003097411,0.0043087364,0.008560582,0.002259485,0.00774707
syn-0173,2,0,4,8,8,0.003130363,0.0032757903,0.0025437246,0.00285162,0.0037704117,0.004238153,0.020263571,0.0020063652,0.94539064,0.003912958,0.007132746,0.0014837416
syn-0182,2,0,4,6,6,0.0025117558,0.003378287,0.005302681,0.006560488,0.0026698364,0.0038103843,0.953782,0.0018448321,0.004378237,0.001201628,0.009770625,0.004789221
syn-0183,2,0,4,4,4,0.013111832,0.00464672,0.002549925,0.0097225,0.6933484,0.24243928,0.0100311255,0.0046150633,0.0058768727,0.0028950921,0.0036100447,0.0071531874
syn-0185,2,0,4,7,7,0.019241104,0.0053176847,0.02684766,0.005978834,0.005302128,0.021342203,0.0062139686,0.83439094,0.017050574,0.029457605,0.009147846,0.01970942
syn-0195,2,0,4,4,4,0.00985866,0.004498222,0.0018596373,0.010305336,0.72290087,0.19685961,0.015688844,0.002713695,0.020597437,0.0052384515,0.0040027555,0.005476464
syn-0197,2,0,4,11,11,0.0122839585,0.008702128,0.0048040114,0.0059874533,0.019999772,0.009094738,0.0071381056,0.003113843,0.0033276419,0.0044429847,0.0029366335,0.9181686
syn-0208,2,0,4,8,8,0.0033357814,0.0031123282,0.0024238836,0.0022177738,0.0029152087,0.002669926,0.01789273,0.0026478553,0.9459294,0.00465849,0.010873707,0.0013230006
syn-0210,2,0,4,0,0,0.9294519,0.00496502,0.003144422,0.00401393,0.027416842,0.010945678,0.0025081765,0.00451078,0.002510627,0.0030210095,0.0023677468,0.0051439316
syn-0226,2,0,4,6,6,0.0028871845,0.008793838,0.008342116,0.006903627,0.0024300662,0.002881551,0.9345517,0.0018778098,0.0031187437,0.0018396922,0.017955896,0.008417814
syn-0229,2,0,4,7,7,0.0054184445,0.0020628956,0.006281,0.002342137,0.0023216421,0.022199886,0.001878288,0.93661726,0.00983672,0.0036346647,0.0032612758,0.004145853
syn-0236,2,0,4,11,11,0.049636863,0.12270255,0.016999783,0.020485636,0.05022197,0.034898326,0.048244957,0.013553408,0.18728183,0.089224845,0.046300545,0.32044926
syn-0246,2,0,4,8,8,0.0116780335,0.010513103,0.005150327,0.004800633,0.004591993,0.0040346505,0.021673102,0.004571858,0.91483873,0.003797613,0.011164446,0.0031854436
syn-0250,2,0,4,11,11,0.0032709385,0.0056516747,0.005167626,0.002356544,0.0018788006,0.0030750136,0.0029428073,0.004419565,0.00090587087,0.0028053056,0.00468183,0.962844
syn-0261,2,0,4,5,5,0.004761387,0.0035896988,0.0022573716,0.004625046,0.018292412,0.91962576,0.026889617,0.0049777236,0.005176014,0.0017649236,0.0026301297,0.0054098675
syn-0262,2,0,4,10,10,0.0019212569,0.0024765981,0.002204884,0.0019287765,0.0021059706,0.0026183645,0.0091167055,0.0038475539,0.0045822095,0.0029131626,0.9622634,0.004021142
syn-0263,2,0,4,0,0,0.9402826,0.011491866,0.004358627,0.004015355,0.014187098,0.0052626445,0.0019858046,0.003411117,0.004598011,0.004422944,0.0022811873,0.0037027327
syn-0265,2,0,4,3,3,0.0045641754,0.0058060437,0.0033658224,0.9556139,0.007753505,0.004986218,0.0061869174,0.0013602471,0.00096928095,0.0032093385,0.002251446,0.003933124
syn-0280,2,0,4,0,0,0.96011835,0.004998726,0.0037514209,0.0027796638,0.008379982,0.0037937886,0.0019576487,0.002937344,0.0020626471,0.0027769508,0.002656262,0.0037873106
syn-0281,2,0,4,10,8,0.014075413,0.01487386,0.005355483,0.006384685,0.029634414,0.082797855,0.031808615,0.004726197,0.5243216,0.01221103,0.26727477,0.006536094
syn-0286,2,0,4,8,8,0.006110239,0.011622831,0.004817104,0.003527712,0.0045010103,0.0047493735,0.03792648,0.0037078573,0.89934355,0.013862396,0.007714642,0.0021168035
syn-0296,2,0,4,3,3,0.003528598,0.0060107796,0.0030166968,0.9575867,0.007550719,0.005945468,0.0041183047,0.0016060717,0.001036958,0.0037754804,0.0023992555,0.003425048
syn-0300,2,0,4,10,10,0.0018577408,0.0024194042,0.0027603495,0.0022018172,0.0027942518,0.0018360976,0.0057027196,0.003740848,0.003930678,0.002822362,0.9665719,0.0033618817
syn-0304,2,0,4,1,1,0.0053143967,0.95604247,0.0033207964,0.0045168814,0.002567366,0.004226675,0.0059471214,0.002722292,0.0027449834,0.002459386,0.004135826,0.006001819
syn-0312,2,0,4,11,11,0.0070406003,0.007460906,0.0050810683,0.00247269,0.0045814062,0.007162831,0.008714833,0.0043481905,0.007861551,0.0037374091,0.006251347,0.9352871
syn-0314,2,0,4,8,8,0.0025153493,0.0030444788,0.002241572,0.0014830362,0.003828901,0.0027815206,0.005203547,0.0029754061,0.9635785,0.005247561,0.0060277525,0.0010723716
syn-0321,2,0,4,9,9,0.002620441,0.0045780125,0.0019425978,0.008808745,0.0022282873,0.002033838,0.0017176883,0.001545752,0.004461331,0.9639674,0.003441983,0.0026539206
syn-0323,2,0,4,7,7,0.002155376,0.0018105827,0.0046725636,0.001508373,0.0011770187,0.012903724,0.0013298352,0.96108496,0.004940334,0.0031177318,0.0021765276,0.0031230645
syn-0328,2,0,4,10,10,0.002095773,0.0021215128,0.0020402388,0.0020332772,0.0022135773,0.002306256,0.0048097316,0.0036705707,0.0066864192,0.004912834,0.96417224,0.002937529
syn-0330,2,0,4,0,0,0.902809,0.006093484,0.0026316748,0.005296696,0.03792419,0.023296066,0.0027178659,0.005093783,0.0020737096,0.00463681,0.003182165,0.0042446004
syn-0332,2,0,4,6,6,0.0026551366,0.0043797176,0.005812108,0.010303184,0.0040082764,0.0032531412,0.94437134,0.0017395813,0.003920207,0.0017260439,0.013823891,0.004007298
syn-0339,2,0,4,7,7,0.0032955813,0.0019698043,0.0048539345,0.0018851149,0.0010636678,0.011346516,0.0012943546,0.96419495,0.0025163444,0.0019678816,0.0020323326,0.0035795036
syn-0341,2,0,4,8,8,0.0039135786,0.0028920393,0.0024472617,0.0018124451,0.0041416436,0.0034495073,0.0043851407,0.003875546,0.96301347,0.0055176825,0.003533035,0.0010186773
syn-0350,2,0,4,2,2,0.0028757756,0.0022671632,0.9660513,0.006281271,0.0016684396,0.0011092518,0.004236136,0.0058505023,0.0018022524,0.002022373,0.0022749256,0.0035606585
syn-0353,2,0,4,7,7,0.0060020816,0.004490963,0.0077786567,0.0062320414,0.003959393,0.1077487,0.00217381,0.8278766,0.008386129,0.012134903,0.0056164516,0.00760032
syn-0354,2,0,4,8,8,0.003668716,0.003144154,0.0023003123,0.0016552355,0.0044323443,0.0032670093,0.0045098444,0.0030773242,0.96592283,0.003571502,0.0034565513,0.0009941946
syn-0355,2,0,4,5,5,0.0181551,0.007434485,0.003965815,0.008265468,0.087569945,0.76840186,0.013976187,0.0051572663,0.018093154,0.005787156,0.053950276,0.009243335
syn-0357,2,0,4,3,3,0.003966616,0.00622473,0.010984313,0.9476522,0.0075733988,0.0027302094,0.005941527,0.0018311866,0.0011085037,0.0049728225,0.0030547045,0.003959843
syn-0363,2,0,4,9,9,0.037728637,0.022250028,0.0058827307,0.010915513,0.018631486,0.013439429,0.012314661,0.0048864894,0.200601,0.64628446,0.019133953,0.007931555
syn-0367,2,0,4,4,4,0.0047361497,0.002634295,0.0015486222,0.0053245593,0.9582416,0.008035346,0.0036006542,0.0016630522,0.0066501605,0.0025871298,0.0025644912,0.0024138265
syn-0370,2,0,4,9,9,0.0029579143,0.006175179,0.0037813834,0.0077324207,0.0025387006,0.0038484405,0.0010707626,0.003327297,0.0020619342,0.9509235,0.0066519445,0.008930433
syn-0371,2,0,4,6,6,0.0027750253,0.0073865717,0.008280651,0.008446034,0.0028256157,0.0027682586,0.937227,0.0019429638,0.0030137326,0.0018467611,0.016411848,0.007075471
syn-0374,2,0,4,8,8,0.0038740486,0.0022046736,0.0020792051,0.002148351,0.005941027,0.003488821,0.0066717304,0.0031243062,0.9607631,0.002823954,0.0058505265,0.0010302868
syn-0377,2,0,4,5,5,0.008496251,0.008965071,0.0054336092,0.005855086,0.0060291593,0.5599556,0.0071528144,0.36437005,0.010725857,0.0060645896,0.0037803275,0.013171657
syn-0379,2,0,4,3,3,0.012598087,0.0136767635,0.011364764,0.7961481,0.06875617,0.009699461,0.008732834,0.0049226535,0.00321263,0.025078766,0.037748925,0.0080607915
syn-0393,2,0,4,2,2,0.004520278,0.003457788,0.9540788,0.008376203,0.0017921258,0.0016737106,0.005324239,0.0066285487,0.0019002706,0.0028056765,0.0036754084,0.0057668975
syn-0415,2,0,4,1,1,0.025919404,0.5870494,0.008801426,0.015629066,0.036487855,0.014553673,0.014818994,0.007106761,0.08229129,0.025673782,0.025963737,0.1557046
syn-0418,2,0,4,0,0,0.9502832,0.0045681745,0.00415024,0.00500126,0.013522009,0.0047833165,0.0025971541,0.0031666001,0.0017487628,0.002780903,0.0031465632,0.0042517735
syn-0421,2,0,4,10,10,0.0033650594,0.0054195244,0.0053590015,0.0059101903,0.0025700217,0.0031091336,0.013913774,0.0032967522,0.009200373,0.0062256632,0.9266813,0.014949182
syn-0429,2,0,4,2,2,0.005035985,0.005809133,0.9367713,0.0053034993,0.0023017048,0.0021204299,0.004723945,0.013665851,0.0030284899,0.0067774854,0.0063119153,0.008150297
syn-0440,2,0,4,1,1,0.012965144,0.94398123,0.004029182,0.0045102667,0.0034195222,0.00483881,0.005311799,0.0026722446,0.0076101935,0.003533241,0.0027950238,0.0043332474
syn-0444,2,0,4,5,5,0.007952626,0.010178396,0.0022968964,0.013138901,0.014595014,0.8050737,0.12060206,0.005201472,0.0060870782,0.0030877949,0.004449055,0.007337042
syn-0448,2,0,4,4,5,0.011636433,0.00488406,0.0026066015,0.0086538,0.23740463,0.67762506,0.014480008,0.0037851827,0.01554142,0.007440034,0.00898755,0.006955221
syn-0453,2,0,4,1,1,0.018649094,0.8647733,0.0068656434,0.006205622,0.005725268,0.006226869,0.008712957,0.007894594,0.004372601,0.008502814,0.02186163,0.040209692
syn-0454,2,0,4,11,11,0.003900888,0.0071901735,0.0042240485,0.0033057944,0.0056826905,0.0046961876,0.007588553,0.0042801052,0.0025570157,0.005195668,0.008444218,0.94293475
syn-0457,2,0,4,9,9,0.0030682771,0.0053489613,0.002614205,0.0055454304,0.0021949413,0.002096474,0.0007671184,0.0029177805,0.002609104,0.9663805,0.0030377177,0.0034195697
syn-0459,2,0,4,5,8,0.11403216,0.0586128,0.00909896,0.012944866,0.16366287,0.114926524,0.051928062,0.007183825,0.43245932,0.013447391,0.014561411,0.007141856
syn-0468,2,0,4,6,6,0.002289314,0.0021994626,0.006519261,0.008417006,0.0043105464,0.0025576581,0.95475554,0.0018575673,0.0034190924,0.0015265017,0.008066936,0.0040811435
syn-0484,2,0,4,3,3,0.002609028,0.0040594824,0.004161016,0.9682416,0.0037750877,0.0026488206,0.0042141783,0.0019407594,0.0012451197,0.002645589,0.002042856,0.0024164938
syn-0489,2,0,4,11,11,0.00478922,0.010418565,0.00412655,0.0037922864,0.006976785,0.0058236322,0.013824275,0.0025262071,0.0018809882,0.0049800007,0.014730242,0.92613125
