id,fold_seed,model_seed,fold,gold,pred,prob_0,prob_1,prob_2,prob_3,prob_4,prob_5,prob_6,prob_7,prob_8,prob_9,prob_10,prob_11
syn-0003,0,0,0,2,2,0.0055244565,0.0052176965,0.9411706,0.0058621187,0.005506951,0.0029824045,0.006816799,0.0054707695,0.0053440398,0.005028847,0.0059384643,0.0051368033
syn-0004,0,0,0,10,10,0.0051632905,0.0040349425,0.006045347,0.004098484,0.008487924,0.0049703396,0.0102221565,0.0044142404,0.07680588,0.011205022,0.8603134,0.00423892
syn-0006,0,0,0,7,7,0.01982387,0.016093101,0.026481269,0.009191986,0.008909179,0.022212524,0.010254402,0.5936565,0.047392726,0.14294682,0.058981203,0.044056408
syn-0008,0,0,0,8,8,0.0038866112,0.0046744337,0.004759651,0.0044256644,0.004722611,0.0043273675,0.006388413,0.0066275094,0.9496303,0.0035752729,0.0033999088,0.0035822631
syn-0011,0,0,0,10,10,0.0072419536,0.014412898,0.008508143,0.006200423,0.0123249935,0.014954146,0.01229494,0.0057232645,0.23153585,0.027808728,0.6480913,0.010903357
syn-0015,0,0,0,6,6,0.0064161653,0.009784678,0.0057150214,0.0051304214,0.0037242868,0.010052238,0.9342814,0.004242897,0.006697869,0.00518963,0.004036757,0.004728674
syn-0016,0,0,0,9,9,0.0033023627,0.0069740545,0.0034155196,0.004284021,0.0039331587,0.0038533197,0.0056367414,0.002918597,0.013771714,0.93416935,0.012836648,0.0049044653
syn-0017,0,0,0,3,3,0.0051465775,0.005830413,0.004173935,0.942271,0.0051970836,0.0073335366,0.0054345424,0.0048253285,0.0034333856,0.006803143,0.0053463704,0.0042046183
syn-0020,0,0,0,6,6,0.004208632,0.0036227563,0.004397705,0.0040022014,0.0050852615,0.009791335,0.93583053,0.0040198276,0.013401152,0.0045572864,0.0067368774,0.0043464703
syn-0034,0,0,0,0,0,0.94274276,0.005417388,0.004194417,0.0039789584,0.0062551964,0.0053061256,0.006614067,0.0054625436,0.0030687011,0.0045485524,0.0054015396,0.007009765
syn-0044,0,0,0,2,2,0.005394607,0.0054835742,0.9410731,0.006302317,0.004639102,0.0029115935,0.0058116387,0.006669587,0.0050197407,0.004594019,0.0062677916,0.005832961
syn-0049,0,0,0,8,8,0.0038098642,0.004219195,0.0033720578,0.0033181584,0.0072317272,0.0027629652,0.0053166607,0.0038528917,0.9529535,0.006136644,0.004584367,0.0024418826
syn-0052,0,0,0,4,4,0.019421859,0.011110912,0.0046266313,0.00628998,0.88989747,0.026754742,0.0061924625,0.005138748,0.0051967837,0.0077936817,0.007854807,0.009721915
syn-0053,0,0,0,10,10,0.0038073023,0.005026646,0.004393962,0.004898231,0.0041733445,0.0059740273,0.0057001095,0.004757971,0.0039109346,0.004600339,0.94860005,0.0041570743
syn-0055,0,0,0,3,3,0.0039113984,0.0064393654,0.0050333817,0.9477865,0.0044822507,0.0054971343,0.006081803,0.00298874,0.0035910534,0.0050765765,0.0049905553,0.004121186
syn-0063,0,0,0,1,1,0.0050573824,0.95091176,0.0045234584,0.0046194373,0.0045834887,0.0039589386,0.005708423,0.0037721158,0.0039338884,0.004472942,0.0045433803,0.0039147264
syn-0069,0,0,0,11,11,0.010151678,0.0151236495,0.00724269,0.009670259,0.026260832,0.0052218107,0.016113786,0.0048530237,0.005125814,0.009604379,0.011600659,0.8790315
syn-0072,0,0,0,0,0,0.94762063,0.004913524,0.0052611562,0.0046782265,0.005169483,0.0044814665,0.0054613953,0.005059604,0.0033811373,0.0049750856,0.0042161196,0.0047821575
syn-0073,0,0,0,11,11,0.01022342,0.0136367325,0.006811929,0.0038276815,0.0042244624,0.00748144,0.0057320194,0.0069751716,0.0042389263,0.0046396647,0.010126462,0.9220821
syn-0077,0,0,0,2,2,0.0048113842,0.0051998068,0.94230455,0.0065828077,0.0050435183,0.0025107819,0.007492608,0.0052559655,0.0052214335,0.004493471,0.005973263,0.0051104496
syn-0081,0,0,0,10,10,0.004885713,0.009376164,0.0060433694,0.008289094,0.006290249,0.010258806,0.0057934346,0.0045762756,0.006731997,0.004888099,0.92832834,0.0045384467
syn-0084,0,0,0,5,5,0.0045144022,0.0056533506,0.0029584498,0.007625545,0.003492721,0.94553906,0.004445498,0.0070264814,0.003658553,0.0043224217,0.0062852483,0.0044781775
syn-0090,0,0,0,5,5,0.04384791,0.023362191,0.0071474975,0.004793918,0.044647284,0.7715511,0.013405546,0.016324874,0.04397656,0.010293456,0.0074905124,0.013159104
syn-0093,0,0,0,5,5,0.0053028828,0.006644813,0.0038939056,0.0054154,0.004453499,0.91899425,0.028078344,0.004072815,0.0043270304,0.004508196,0.007806122,0.006502782
syn-0098,0,0,0,10,10,0.005039476,0.014703754,0.0040394585,0.0049831965,0.009224991,0.008841856,0.00468128,0.00598891,0.011781673,0.0063379165,0.9204122,0.003965199
syn-0101,0,0,0,3,3,0.0041316506,0.005674246,0.0044837696,0.9492656,0.005258721,0.0048433784,0.0057061976,0.0039022297,0.0039617456,0.004621584,0.003923245,0.0042275647
syn-0109,0,0,0,3,3,0.0049827667,0.0072711543,0.0038335004,0.93986046,0.005808403,0.0041268268,0.0065210033,0.0034514617,0.003711929,0.008592388,0.00723397,0.0046060565
syn-0120,0,0,0,3,3,0.0042715403,0.006065157,0.00492853,0.9461159,0.0050343336,0.0038930818,0.005374743,0.004170553,0.0052707866,0.006027515,0.00486042,0.00398735
syn-0121,0,0,0,9,9,0.0042182626,0.0054601706,0.004429344,0.005221592,0.0037738485,0.00387657,0.0035176135,0.004637382,0.0056514028,0.94717693,0.005095655,0.0069411695
syn-0139,0,0,0,1,1,0.0046861535,0.9522438,0.004088334,0.0047774133,0.004110351,0.0038275295,0.005026282,0.0042866296,0.0032341382,0.0046045,0.004769256,0.004345638
syn-0148,0,0,0,7,7,0.009038215,0.02059419,0.014883317,0.006230093,0.011314341,0.041265067,0.009225483,0.7755792,0.03217652,0.017092995,0.027928162,0.034672406
syn-0155,0,0,0,4,4,0.0044979253,0.0072369664,0.0047230003,0.004899168,0.93316036,0.00792355,0.0047740093,0.003752656,0.012719891,0.004716087,0.006086702,0.0055096275
syn-0158,0,0,0,1,1,0.005325659,0.94806325,0.0047843913,0.0048054624,0.0041567506,0.004074362,0.006410654,0.004768066,0.0039432268,0.00480781,0.0045652976,0.0042949873
syn-0166,0,0,0,5,5,0.011601245,0.008660076,0.0031476906,0.0043171137,0.007941841,0.9286025,0.0058220904,0.005384553,0.005185865,0.0059543396,0.007882443,0.0055001453
syn-0169,0,0,0,4,4,0.020824695,0.005657131,0.005509918,0.007538523,0.8850563,0.014169606,0.008651404,0.005816792,0.016749462,0.016021514,0.0058853584,0.008119308
syn-0173,0,0,0,8,8,0.0037695016,0.005025578,0.003763984,0.0037990664,0.0046162354,0.0058070445,0.0079255495,0.0034204593,0.9502528,0.0038083526,0.00438767,0.0034238012
syn-0175,0,0,0,11,11,0.013788651,0.07575157,0.007945267,0.0114033185,0.029449161,0.03577377,0.012890145,0.009696792,0.013410176,0.02174031,0.16529512,0.6028557
syn-0196,0,0,0,4,4,0.08397235,0.0058814078,0.006269904,0.008939659,0.8365746,0.009187475,0.014266364,0.006169684,0.0085302815,0.0060948287,0.005295279,0.008818269
syn-0223,0,0,0,6,6,0.0056305053,0.006806625,0.006020039,0.005979026,0.005101662,0.008820263,0.91553426,0.0050867377,0.019300535,0.008659172,0.006262907,0.006798321
syn-0230,0,0,0,9,9,0.005456438,0.0066927164,0.0040459805,0.0033723,0.0041096956,0.004677405,0.0031788293,0.010463774,0.0055099847,0.9432997,0.0031990719,0.0059941877
syn-0233,0,0,0,8,8,0.0033286777,0.004515459,0.003950973,0.0033976464,0.0039144875,0.0031886778,0.006353065,0.0035991587,0.9550415,0.0039471164,0.005689292,0.0030740174
syn-0241,0,0,0,1,1,0.007445109,0.9362737,0.0037688545,0.0077938405,0.013180314,0.006450287,0.005189282,0.0037450069,0.0043890593,0.004523963,0.0033520889,0.003888491
syn-0246,0,0,0,8,8,0.016161874,0.07770872,0.009280983,0.009079279,0.008059522,0.0090350555,0.0155503135,0.01129383,0.8208902,0.0074211555,0.009515003,0.0060039684
syn-0248,0,0,0,6,6,0.0073834634,0.0094297705,0.009095129,0.008661699,0.009128497,0.010723223,0.7646204,0.00826505,0.0065190666,0.005792518,0.15413319,0.0062479326
syn-0249,0,0,0,8,8,0.0040871245,0.004727278,0.0040474054,0.0031752943,0.006229078,0.008065701,0.003475479,0.00727631,0.94133097,0.005378986,0.00867955,0.0035267642
syn-0252,0,0,0,8,8,0.0034656194,0.0047092657,0.0038680662,0.0031095964,0.00357214,0.0030435012,0.007878838,0.0031802312,0.9525116,0.004555471,0.006766329,0.0033393695
syn-0254,0,0,0,7,11,0.02590155,0.05041035,0.047466103,0.01794148,0.03973695,0.083325945,0.039073158,0.21226141,0.12662336,0.048817653,0.073490016,0.23495196
syn-0270,0,0,0,10,10,0.0052568647,0.008274249,0.0032339199,0.004134227,0.0054769614,0.005324028,0.0059018005,0.0036645113,0.0038067694,0.004946815,0.94615453,0.0038254026
syn-0273,0,0,0,0,0,0.92923445,0.011523016,0.0049096225,0.0067090197,0.0066066184,0.00641744,0.0050803325,0.006404917,0.0052801305,0.005477079,0.004481189,0.00787626
syn-0274,0,0,0,9,9,0.004886117,0.0033532602,0.005063421,0.004754322,0.0050142147,0.0055937604,0.0030087798,0.008587448,0.0063076867,0.92343193,0.021600707,0.008398254
syn-0275,0,0,0,0,0,0.93570143,0.005840874,0.0065622632,0.0063759107,0.005700001,0.0050882855,0.0075475886,0.0064463443,0.0037979463,0.0054549365,0.006310866,0.0051734643
syn-0276,0,0,0,6,6,0.0044644843,0.0048131365,0.006332157,0.0059637795,0.005190284,0.005914481,0.9385144,0.0060120216,0.0041878554,0.0040156394,0.0073980736,0.007193691
syn-0284,0,0,0,0,0,0.89293355,0.01106746,0.00562998,0.0053931903,0.0064485036,0.006754675,0.0077935876,0.005096207,0.02929802,0.010754483,0.0078355605,0.010994745
syn-0296,0,0,0,3,3,0.0061613694,0.008002657,0.0046999278,0.91733515,0.011121446,0.018652217,0.006836685,0.003955804,0.0031941363,0.0066376757,0.007412097,0.0059907874
syn-0302,0,0,0,10,10,0.0036420075,0.0046423036,0.0035016292,0.0034406148,0.0028301724,0.0047408044,0.0059507033,0.004806652,0.0046667354,0.004308129,0.9544531,0.0030171196
syn-0304,0,0,0,1,1,0.0054551624,0.94630814,0.00437159,0.004874481,0.0043908437,0.004791884,0.0064860783,0.0052206246,0.0038447513,0.0044621676,0.0054312423,0.00436306
syn-0311,0,0,0,9,9,0.007714844,0.0073292754,0.0061930004,0.009345721,0.006898678,0.0036317992,0.007897796,0.004480296,0.0040753745,0.91241544,0.0108392425,0.019178517
syn-0316,0,0,0,0,0,0.77832156,0.009339832,0.00547989,0.010020177,0.033177312,0.085636236,0.016212814,0.005506713,0.013887883,0.015758177,0.0125252325,0.014134165
syn-0318,0,0,0,11,11,0.006936448,0.006426139,0.006552883,0.006261971,0.0079560755,0.0031967403,0.010836899,0.0039687064,0.0044664964,0.005611824,0.0070646284,0.9307212
syn-0328,0,0,0,10,10,0.0037421572,0.0044985013,0.0030557513,0.003764148,0.0033446348,0.004550417,0.0040531578,0.004453697,0.005485167,0.0051261736,0.9549456,0.0029805957
syn-0332,0,0,0,6,6,0.004876777,0.0047014146,0.004974177,0.005504568,0.004077685,0.0045534316,0.9479104,0.004290103,0.004173366,0.005069808,0.0060319477,0.0038362462
syn-0345,0,0,0,7,7,0.0133833885,0.008551771,0.009643224,0.0073075765,0.011977769,0.05511487,0.011493626,0.8315461,0.010575507,0.014402166,0.008771685,0.0172324
syn-0354,0,0,0,8,8,0.004855072,0.0048586293,0.004611302,0.0041053835,0.0051518194,0.004018123,0.005023885,0.004830243,0.9510929,0.0040654875,0.0034234836,0.0039635613
syn-0356,0,0,0,8,8,0.006388789,0.013611192,0.004419986,0.0033922319,0.005050248,0.0030586463,0.013707902,0.0044027544,0.9296139,0.0055007613,0.0057563107,0.0050973184
syn-0357,0,0,0,3,3,0.0063732285,0.0070373192,0.008767712,0.9289359,0.008930277,0.0052399156,0.007854531,0.0048722285,0.0045016767,0.005696212,0.0065100454,0.005281013
syn-0371,0,0,0,6,6,0.004619326,0.005265143,0.005847222,0.004663519,0.0034386634,0.004202865,0.9478758,0.0042899465,0.0034605602,0.004330988,0.0076345983,0.0043713553
syn-0372,0,0,0,1,1,0.006211337,0.944166,0.0050178287,0.0068151606,0.0044520665,0.005302472,0.0047138142,0.0044477214,0.0037017216,0.0053846585,0.0036407749,0.0061464715
syn-0380,0,0,0,4,5,0.012510153,0.009054279,0.0050259493,0.008532746,0.18315221,0.73578835,0.0061489083,0.0076786405,0.007471522,0.009737567,0.0074971034,0.007402527
syn-0382,0,0,0,0,0,0.94882894,0.005160932,0.0050278585,0.004881503,0.0055571855,0.0037712122,0.00512327,0.004867223,0.002523233,0.0049644313,0.0049366336,0.0043576276
syn-0383,0,0,0,2,2,0.005648075,0.004825161,0.93719095,0.005914798,0.0051640193,0.0036315676,0.0060462,0.0076641343,0.0049275416,0.005789078,0.007060101,0.0061384165
syn-0419,0,0,0,1,1,0.004586044,0.9491219,0.004167493,0.005189062,0.0052515105,0.004501736,0.004617501,0.0043356232,0.0052080993,0.0041492186,0.0051903287,0.0036813926
syn-0421,0,0,0,10,10,0.0038170072,0.0072006504,0.004581763,0.006134656,0.003688748,0.0059321383,0.0050149127,0.0035997806,0.0072063655,0.0069459626,0.9413163,0.004561673
syn-0425,0,0,0,5,5,0.008214243,0.010695098,0.0027203674,0.0050452272,0.015608837,0.9107273,0.0074182325,0.0047813924,0.0061906036,0.0061289463,0.005251332,0.017218456
syn-0448,0,0,0,4,5,0.0057469425,0.0067732064,0.003337463,0.0042686802,0.03662455,0.9021857,0.00585743,0.00433167,0.009543157,0.008814537,0.007080951,0.005435785
syn-0452,0,0,0,10,10,0.003814947,0.0038019298,0.00517889,0.0040590074,0.0041776425,0.005002425,0.016636232,0.003343743,0.010063323,0.005186482,0.93576854,0.0029667346
syn-0454,0,0,0,11,11,0.0034503466,0.0048562745,0.005183379,0.004532075,0.0050645424,0.004859833,0.0067856177,0.0074961097,0.0034859085,0.0051757917,0.004031895,0.94507825
syn-0455,0,0,0,2,2,0.02126841,0.062343683,0.25211343,0.17929973,0.039987646,0.02077573,0.098296136,0.12726676,0.029629365,0.091510296,0.022398204,0.055110537
syn-0457,0,0,0,9,9,0.004889662,0.007029814,0.004880121,0.00588224,0.0042627566,0.0040695374,0.003268369,0.0058535873,0.0038248438,0.9469406,0.0046113897,0.0044870055
syn-0459,0,0,0,5,8,0.085316524,0.2369508,0.014912913,0.013819154,0.062145203,0.093291,0.055727,0.009359645,0.37790748,0.02155034,0.016523218,0.012496763
syn-0480,0,0,0,1,1,0.0066826064,0.8158215,0.010715337,0.029499443,0.023540547,0.012327256,0.030952912,0.00563832,0.0060667824,0.009727884,0.012582672,0.036444742
syn-0487,0,0,0,6,6,0.0055738776,0.0051549943,0.0051966943,0.005206854,0.005571157,0.0085464865,0.9341837,0.003736647,0.0148873655,0.0036110876,0.00491893,0.0034122379
syn-0489,0,0,0,11,11,0.0064271665,0.008728242,0.0059036613,0.0057108602,0.012513318,0.006973217,0.014437946,0.004273062,0.0047344696,0.0062997765,0.007560121,0.9164382
syn-0495,0,0,0,2,2,0.0066781384,0.0063412855,0.9267655,0.009480548,0.0075047673,0.004797182,0.006474254,0.0069103404,0.0059382096,0.0063103973,0.0063738795,0.00642544
syn-0496,0,0,0,8,8,0.0035579216,0.0049832915,0.0040971427,0.0034049533,0.0038847832,0.003509609,0.00708874,0.0035666183,0.9528987,0.004932454,0.0047481298,0.0033277022
syn-0497,0,0,0,5,5,0.008073683,0.011617725,0.0039280797,0.0054349904,0.0064071114,0.89678377,0.013663565,0.01967756,0.014004673,0.006954854,0.0051382133,0.008315745
syn-0498,0,0,0,7,7,0.0055378564,0.009360318,0.006590833,0.0044846926,0.0030330133,0.009835608,0.0051744673,0.92724043,0.012620696,0.004794956,0.004959257,0.0063678115
syn-0013,0,0,1,6,6,0.0049696057,0.004697094,0.005101138,0.004290348,0.004537046,0.004714327,0.9451913,0.0042987354,0.005336818,0.0050540315,0.0070384885,0.0047710626
syn-0018,0,0,1,3,6,0.0059264237,0.005580969,0.0057077412,0.058984373,0.013368451,0.006704051,0.88041866,0.003035802,0.0053960704,0.0062901904,0.0038714914,0.004715738
syn-0031,0,0,1,0,0,0.9436576,0.0066838227,0.0056153038,0.0047901426,0.006446629,0.0038171702,0.0042959535,0.0051882383,0.004410732,0.0054332465,0.0052289306,0.004432322
syn-0032,0,0,1,4,4,0.010945185,0.012366236,0.017610328,0.016824417,0.7691923,0.006418652,0.0756415,0.009607351,0.038053513,0.027382165,0.004538191,0.011420158
syn-0037,0,0,1,8,8,0.0036949604,0.0054607973,0.003731221,0.003967987,0.0086801145,0.007973591,0.007887432,0.0035742905,0.935564,0.006546898,0.009714891,0.0032039734
syn-0041,0,0,1,10,10,0.009663297,0.007481815,0.006169417,0.013668248,0.010928584,0.0044807037,0.011636257,0.0033200355,0.016065862,0.099229604,0.8068514,0.010504785
syn-0042,0,0,1,9,9,0.004959512,0.0047741765,0.005937208,0.009621759,0.005666707,0.003821203,0.0043938844,0.0073449104,0.0040597124,0.9368455,0.004971635,0.0076040085
syn-0045,0,0,1,9,9,0.014481079,0.019358395,0.008206872,0.036655147,0.011744326,0.008319845,0.0094230175,0.005337706,0.0099235745,0.74418974,0.12521967,0.007140706
syn-0046,0,0,1,8,8,0.036090046,0.013745137,0.009876109,0.008681656,0.011699571,0.015129285,0.016426692,0.011136587,0.806699,0.045090575,0.010668197,0.014757182
syn-0057,0,0,1,8,8,0.0063254503,0.005210801,0.0037258107,0.0042883814,0.008669116,0.010527393,0.007910682,0.0040920023,0.9152439,0.007561337,0.013881985,0.012563164
syn-0059,0,0,1,3,3,0.0057327137,0.006385944,0.0053486982,0.93580204,0.0052632038,0.0072751925,0.00538013,0.005604019,0.0048133074,0.00840134,0.0052478067,0.0047456305
syn-0070,0,0,1,2,2,0.005942621,0.004430219,0.93724173,0.005948427,0.0062659406,0.0035251868,0.0074020335,0.006111831,0.0048990194,0.0059324736,0.006205048,0.0060954397
syn-0071,0,0,1,6,6,0.0054835477,0.0035975159,0.0047589582,0.004763608,0.0043959473,0.0048492667,0.9513483,0.0027102488,0.005620443,0.0041185347,0.004750832,0.0036027895
syn-0076,0,0,1,5,5,0.019252261,0.013519229,0.004572813,0.007515404,0.0077049043,0.8990859,0.013707004,0.004200349,0.0074769715,0.010012968,0.0066957716,0.0062564015
syn-0079,0,0,1,1,1,0.0052431473,0.9079768,0.006506114,0.010150942,0.008625516,0.009702665,0.01530735,0.0030762732,0.01174802,0.00730788,0.007836384,0.0065188333
syn-0086,0,0,1,10,10,0.0041505266,0.004651775,0.0038461138,0.0039827614,0.0044724764,0.0058086943,0.003643206,0.0050365264,0.0047169616,0.0047377367,0.9508128,0.0041404055
syn-0087,0,0,1,5,5,0.010308543,0.007623344,0.005983632,0.010861442,0.009933011,0.802286,0.011804385,0.0122357225,0.07974798,0.0065525095,0.031954743,0.010708726
syn-0091,0,0,1,4,4,0.0046759723,0.003281935,0.004092419,0.007664803,0.9504069,0.00406851,0.004445534,0.0035055634,0.004493546,0.0051430794,0.003810831,0.004410939
syn-0111,0,0,1,3,3,0.004678884,0.006983654,0.0074227266,0.94175684,0.0049238224,0.0056617525,0.0053879926,0.00431039,0.0049479227,0.004504035,0.004181855,0.0052401014
syn-0118,0,0,1,5,5,0.0052840756,0.005314479,0.0026417999,0.005099667,0.0074863876,0.946073,0.0047580567,0.00484007,0.006019521,0.0041652764,0.003575821,0.0047418214
syn-0128,0,0,1,2,2,0.005320692,0.004639657,0.9388907,0.006582219,0.00547754,0.003722612,0.006243341,0.0057882606,0.0055937627,0.0054163686,0.0061270697,0.0061977804
syn-0130,0,0,1,6,8,0.0070547503,0.009259719,0.007740564,0.006156267,0.014780855,0.0077179195,0.016709974,0.006679303,0.8990668,0.006153262,0.013334556,0.0053460463
syn-0133,0,0,1,2,2,0.013568102,0.009186803,0.8743074,0.009443776,0.007593847,0.006419688,0.011255907,0.03334242,0.007931129,0.0071059475,0.010334045,0.009510875
syn-0134,0,0,1,5,5,0.00823817,0.0042220517,0.0048571797,0.0064127618,0.004503138,0.8932026,0.0071225837,0.032822113,0.011630453,0.0070001846,0.012880025,0.007108686
syn-0146,0,0,1,10,10,0.0046787886,0.004694808,0.0040461896,0.0043197833,0.0051123663,0.0038968863,0.0033503168,0.0043483526,0.005001259,0.00511986,0.95237345,0.0030579548
syn-0147,0,0,1,0,0,0.9351659,0.009352576,0.0061117085,0.005897696,0.0061132004,0.0032753574,0.004600987,0.0043817256,0.0062018945,0.009178157,0.0054718163,0.0042489883
syn-0151,0,0,1,10,11,0.011489628,0.013684303,0.010809328,0.009595257,0.018088965,0.012153255,0.03802417,0.012260541,0.010114836,0.014029351,0.26901442,0.580736
syn-0167,0,0,1,0,0,0.9490331,0.0046024392,0.005367675,0.004183412,0.0048944885,0.0037720236,0.004284711,0.005474879,0.0046817693,0.0053493595,0.004299381,0.004056683
syn-0181,0,0,1,10,8,0.0072448226,0.01454234,0.009370921,0.008217481,0.017080767,0.0050232452,0.017808951,0.008221494,0.6996636,0.020314887,0.18611799,0.0063935337
syn-0187,0,0,1,3,3,0.0052798446,0.006412393,0.0054156194,0.9371578,0.00750234,0.0070032007,0.005158796,0.0046514897,0.0048486074,0.006811806,0.0050540776,0.004704023
syn-0191,0,0,1,4,4,0.0076617813,0.0074842973,0.0059786676,0.023342092,0.8600132,0.0059728315,0.015725274,0.0047526653,0.0085181715,0.0288166,0.025164984,0.006569488
syn-0202,0,0,1,10,10,0.0054653077,0.0037079563,0.0034009512,0.004022984,0.0062568337,0.003908741,0.0049725757,0.0033092166,0.009017371,0.0126114115,0.93748033,0.005846266
syn-0213,0,0,1,0,0,0.9426813,0.0045040557,0.0049831015,0.0039112815,0.0068896967,0.0038356301,0.0044298987,0.0051187384,0.007428653,0.0045371656,0.0058801356,0.0058002905
syn-0222,0,0,1,8,8,0.0033902177,0.004033854,0.0046520145,0.003800573,0.005993756,0.0035807835,0.0062462296,0.0052637067,0.95016557,0.0049339416,0.004842056,0.0030973968
syn-0232,0,0,1,8,8,0.0061350106,0.0073498203,0.0056573586,0.0052629486,0.0072712903,0.006919705,0.006335941,0.007509435,0.9280214,0.012713311,0.0031045212,0.0037192553
syn-0236,0,0,1,11,11,0.015235394,0.0279675,0.01316905,0.013441905,0.020513982,0.010540375,0.015772836,0.011525576,0.03433349,0.027138485,0.016822923,0.7935386
syn-0237,0,0,1,4,4,0.011733476,0.004598823,0.0059382566,0.008130519,0.92428744,0.0036486425,0.0072845914,0.004177066,0.004232499,0.007988847,0.008833139,0.0091466885
syn-0264,0,0,1,0,0,0.93640184,0.0071094823,0.005326057,0.003896626,0.0076217777,0.0046819043,0.0032860984,0.006134745,0.008707663,0.0067673735,0.0048612836,0.0052052196
syn-0267,0,0,1,4,4,0.0109892795,0.0045648254,0.0041522635,0.0057479823,0.9323573,0.0058185784,0.004364302,0.0036643597,0.0056203166,0.0059217624,0.009460639,0.0073383325
syn-0268,0,0,1,6,6,0.0052055316,0.0044135647,0.0055819936,0.0057944437,0.01888364,0.0048002456,0.9269046,0.0025606193,0.0072927447,0.0064704847,0.0048544584,0.0072377585
syn-0271,0,0,1,2,2,0.007827937,0.007891257,0.90346205,0.013284921,0.004692569,0.0045973146,0.009388275,0.010138763,0.0069047576,0.014629867,0.008544993,0.008637279
syn-0272,0,0,1,3,3,0.14802632,0.078501105,0.0842811,0.21516679,0.050659385,0.016902613,0.078837216,0.033434793,0.034512974,0.029077034,0.19495732,0.035643328
syn-0279,0,0,1,0,0,0.9491927,0.00539749,0.005341124,0.003598138,0.0050420803,0.0041172365,0.0037451272,0.0055174,0.0046110856,0.0052110315,0.0035963815,0.0046302634
syn-0281,0,0,1,10,8,0.011786383,0.022983842,0.0070036897,0.008992916,0.04758191,0.3381164,0.012454982,0.008029769,0.46942812,0.021098886,0.046208132,0.0063149603
syn-0283,0,0,1,7,7,0.005910006,0.0044026794,0.018690474,0.006352907,0.003685768,0.01816858,0.005057565,0.90099734,0.007198787,0.0066969143,0.01361927,0.00921976
syn-0294,0,0,1,1,1,0.004790025,0.94547915,0.0047295988,0.0058374237,0.005012555,0.006282549,0.0049324334,0.0037231965,0.0059221163,0.005434439,0.0035353939,0.0043210923
syn-0295,0,0,1,10,10,0.004860235,0.005244913,0.0039465223,0.004427456,0.0055756886,0.005173693,0.004531343,0.0030675575,0.004822412,0.005408763,0.94885564,0.0040857396
syn-0297,0,0,1,11,11,0.004602646,0.0066301106,0.006067074,0.0036803153,0.0042318823,0.007545643,0.007963344,0.006359015,0.004152057,0.0034522756,0.0029356363,0.94238
syn-0298,0,0,1,7,7,0.006293379,0.003483179,0.0067320573,0.0045629293,0.0036717916,0.022165373,0.0046802685,0.9233639,0.007848506,0.004405301,0.004712372,0.008080859
syn-0308,0,0,1,3,3,0.005661004,0.007040075,0.005421586,0.9333926,0.0065157753,0.0052624843,0.00805672,0.0041528167,0.0064951284,0.0076186433,0.0054348377,0.0049484763
syn-0313,0,0,1,11,10,0.057969104,0.20485087,0.045658216,0.030627295,0.022715861,0.026896836,0.023771169,0.05415433,0.039211176,0.04682663,0.2432664,0.20405221
syn-0314,0,0,1,8,8,0.004140211,0.0046255095,0.005553608,0.004616484,0.0046572373,0.0036931834,0.0057298983,0.0053083543,0.94891286,0.0042799865,0.0051576095,0.0033251287
syn-0325,0,0,1,4,4,0.014495773,0.007919792,0.006894287,0.14899835,0.6889614,0.025400532,0.024981564,0.0053850296,0.010006668,0.0421914,0.014354901,0.010410369
syn-0336,0,0,1,0,0,0.9414472,0.007327125,0.007224103,0.0048281774,0.005010714,0.004762616,0.0045025544,0.0055994163,0.005210318,0.0054683713,0.0045356527,0.0040836395
syn-0343,0,0,1,8,8,0.00794103,0.004969369,0.007202201,0.0044763177,0.011274086,0.004959673,0.004945164,0.012477753,0.90274614,0.020263284,0.010038403,0.008706623
syn-0346,0,0,1,6,6,0.005786328,0.0035578976,0.0059452797,0.005860256,0.0051615667,0.0035112996,0.94825083,0.0030313665,0.0056778756,0.005060497,0.004525139,0.0036316155
syn-0348,0,0,1,9,9,0.011754458,0.013949182,0.0047788895,0.0078330245,0.009209301,0.006008721,0.007401688,0.006303239,0.014948172,0.90184486,0.006496977,0.009471526
syn-0358,0,0,1,2,2,0.0060140854,0.005763955,0.93494815,0.0038283893,0.00422112,0.0034891937,0.0062156064,0.008319463,0.006278136,0.0065665916,0.007557178,0.006798234
syn-0366,0,0,1,9,9,0.010409288,0.0067338804,0.007468299,0.018317996,0.008020143,0.010135936,0.009496293,0.0043647364,0.008250523,0.8906194,0.017957116,0.008226387
syn-0369,0,0,1,6,6,0.009934641,0.03311973,0.008100503,0.008887978,0.011620443,0.39548376,0.47425747,0.008818812,0.015030629,0.017281154,0.008572563,0.008892319
syn-0370,0,0,1,9,9,0.0057972586,0.0067150937,0.0054780245,0.0074948873,0.0053511257,0.008085131,0.0042558867,0.0062165144,0.0042997506,0.92577136,0.009911401,0.0106234895
syn-0373,0,0,1,11,11,0.0047884113,0.0056822156,0.0055357004,0.0040688356,0.0036039085,0.0045758323,0.0048472215,0.0035066993,0.0027794507,0.0044166795,0.0036215486,0.9525736
syn-0374,0,0,1,8,8,0.00594709,0.0055297804,0.0049015074,0.005850602,0.007387734,0.0050818506,0.0066832295,0.005136735,0.94138783,0.0045843488,0.004067462,0.003441912
syn-0381,0,0,1,8,8,0.0044814865,0.0060481923,0.0036863703,0.002546004,0.004224381,0.006557242,0.0047333934,0.009722078,0.93887407,0.008743318,0.0055895685,0.0047938684
syn-0396,0,0,1,3,3,0.006236227,0.005419451,0.007844931,0.9298414,0.0054753073,0.006323617,0.0066709225,0.008300577,0.0060798787,0.006738032,0.0058014607,0.0052681235
syn-0397,0,0,1,1,1,0.005572411,0.94218254,0.0051385616,0.00485086,0.004736177,0.0039649606,0.004395245,0.005309449,0.004365302,0.0064247767,0.0075536217,0.0055061462
syn-0401,0,0,1,11,11,0.009395236,0.013618355,0.010422771,0.004203861,0.005902399,0.0069973036,0.009246188,0.0082086865,0.004459718,0.009400971,0.006810226,0.9113342
syn-0406,0,0,1,4,4,0.18569423,0.008583852,0.007385304,0.022033144,0.64940375,0.007664517,0.018539477,0.008222827,0.0054349564,0.021252695,0.044495612,0.021289695
syn-0415,0,0,1,1,8,0.023246542,0.2032859,0.01885322,0.020454986,0.04829163,0.019272061,0.01626837,0.017182823,0.3677439,0.045931727,0.025681367,0.19378744
syn-0416,0,0,1,2,2,0.005427478,0.0048131775,0.9376062,0.0069232327,0.0060106046,0.003914996,0.0062393676,0.0057493784,0.005291406,0.0057775206,0.0059289876,0.006317541
syn-0426,0,0,1,10,10,0.005403913,0.0046312483,0.0056909723,0.004929938,0.004258181,0.011577762,0.0071433084,0.0062442096,0.015717115,0.007678634,0.91861355,0.008111243
syn-0427,0,0,1,5,5,0.0074052685,0.0073386766,0.003691019,0.007713431,0.06593801,0.86856294,0.0077190828,0.0033837634,0.0099205775,0.0063371547,0.0044827587,0.007507207
syn-0439,0,0,1,6,6,0.0072225817,0.007401988,0.0066068117,0.0051996913,0.005449229,0.0056345738,0.9294884,0.0044107665,0.014611404,0.005406823,0.0035964486,0.00497128
syn-0443,0,0,1,7,7,0.010231403,0.009035798,0.010018824,0.0061378554,0.0071444144,0.08910081,0.007827472,0.8003754,0.018413944,0.016263146,0.004948791,0.020502158
syn-0444,0,0,1,5,5,0.0068489886,0.0100642415,0.0048828158,0.0087386295,0.008913159,0.8459897,0.08384617,0.0048471834,0.0059592267,0.00570859,0.0062543713,0.007946906
syn-0449,0,0,1,11,11,0.0049062385,0.0036952952,0.0053897644,0.006692948,0.0063105104,0.002704856,0.0058050053,0.0043097027,0.0025397362,0.007275832,0.006461737,0.94390833
syn-0453,0,0,1,1,1,0.03614549,0.6780386,0.013955915,0.016966077,0.022785807,0.017275378,0.033673182,0.023138981,0.016760232,0.019366411,0.06852592,0.053368036
syn-0456,0,0,1,11,11,0.0057703257,0.0047790986,0.005879827,0.009858282,0.011245464,0.004044103,0.00792377,0.0037165177,0.0034777338,0.0058056526,0.006076849,0.9314224
syn-0460,0,0,1,8,8,0.006003775,0.008502931,0.0060067074,0.0048572593,0.005282813,0.0040742764,0.0085487235,0.0059483335,0.9365409,0.005107793,0.0040683127,0.0050581554
syn-0465,0,0,1,7,7,0.010410701,0.0035380113,0.013319758,0.0065042223,0.0038573893,0.016491935,0.0065824986,0.9090435,0.005728756,0.006122097,0.010482432,0.007918715
syn-0471,0,0,1,5,5,0.0067685167,0.012209164,0.0040072775,0.006068741,0.014558152,0.8936718,0.0055041085,0.0067950077,0.0069663436,0.00924582,0.007258014,0.026947051
syn-0481,0,0,1,9,9,0.0076123355,0.005520569,0.0070920135,0.005698593,0.005327257,0.0044272467,0.0042080386,0.009340501,0.009022784,0.93114096,0.0046898243,0.0059198155
syn-0482,0,0,1,1,1,0.06895496,0.6337884,0.015036857,0.06304532,0.041267972,0.017164245,0.04389469,0.013257026,0.010385255,0.02459265,0.031755403,0.03685715
syn-0486,0,0,1,1,1,0.005626654,0.9356902,0.005839378,0.006424272,0.004843379,0.0045344085,0.0068838294,0.004094497,0.0065975254,0.0068855104,0.0058080987,0.0067721433
syn-0490,0,0,1,7,7,0.0061902334,0.0049425196,0.006732572,0.0034571802,0.0060262047,0.028028637,0.0068102702,0.8987458,0.007985373,0.014049024,0.0054097734,0.011622551
syn-0009,0,0,2,8,8,0.00442693,0.0060302494,0.00446383,0.004320159,0.0051730787,0.0046484526,0.0069170916,0.0045142435,0.94343054,0.0070509366,0.0044681914,0.0045563187
syn-0010,0,0,2,9,9,0.006186852,0.0062842807,0.0044215443,0.005780877,0.0043381415,0.004856116,0.0038943854,0.003253881,0.010614504,0.93815094,0.0065314285,0.005687086
syn-0022,0,0,2,10,11,0.017280918,0.044921882,0.01237426,0.017029624,0.024239458,0.020213306,0.022505574,0.010771962,0.009249808,0.023539618,0.18452169,0.6133519
syn-0026,0,0,2,10,10,0.0043242974,0.0036951574,0.0040316726,0.0041820537,0.0036897482,0.0039229253,0.010049384,0.003627227,0.004731951,0.0047458345,0.9498837,0.003116196
syn-0038,0,0,2,5,5,0.0054075676,0.007103776,0.003981454,0.010479495,0.0055901296,0.9296164,0.0074838735,0.008049142,0.003082644,0.0050416375,0.0043791817,0.009784671
syn-0039,0,0,2,1,1,0.0051968107,0.94961154,0.0041311383,0.004528315,0.0045128637,0.007321078,0.0043889927,0.0037285297,0.0033210842,0.004143259,0.004051235,0.005065285
syn-0048,0,0,2,11,11,0.0041406965,0.005030121,0.0052548177,0.0032216301,0.00765552,0.0053180577,0.0049678786,0.005337569,0.003943371,0.0045587816,0.003861439,0.9467101
syn-0050,0,0,2,4,4,0.010841512,0.014684436,0.009154019,0.014817685,0.86863875,0.008641496,0.020453379,0.005672769,0.008197599,0.009012098,0.00836745,0.02151885
syn-0085,0,0,2,3,1,0.008481074,0.93979496,0.003419351,0.006893801,0.006410061,0.006107569,0.0044968473,0.003794128,0.0028099362,0.006220433,0.005285661,0.0062860795
syn-0094,0,0,2,1,1,0.0042069852,0.9304534,0.0076104295,0.010580294,0.0042152097,0.0050721155,0.008306548,0.00631235,0.0043681692,0.0049886056,0.0050252774,0.008860643
syn-0097,0,0,2,10,10,0.005367625,0.0044077486,0.0038803394,0.0054176548,0.0041976967,0.0055746376,0.004910001,0.0042244266,0.0075707193,0.005486871,0.94578606,0.0031763327
syn-0103,0,0,2,11,11,0.016735837,0.07001467,0.010447482,0.01049862,0.01881431,0.014044901,0.010008075,0.011164813,0.0051567485,0.021562159,0.039466906,0.7720855
syn-0114,0,0,2,4,4,0.0075022005,0.010043688,0.0068441853,0.02099426,0.88208306,0.0110740075,0.020953296,0.003841115,0.0062043765,0.01066538,0.008296073,0.01149829
syn-0129,0,0,2,11,11,0.0058289943,0.0071996045,0.007155795,0.0052827983,0.00503842,0.0039547016,0.008927165,0.0038857923,0.004705506,0.008940251,0.004826511,0.9342544
syn-0137,0,0,2,8,8,0.0048849317,0.0046840496,0.0049885805,0.004959436,0.0053558866,0.0050857295,0.005859358,0.0046294793,0.9460246,0.0047857724,0.005020347,0.0037217075
syn-0140,0,0,2,11,11,0.00560798,0.0044569033,0.006162169,0.004930934,0.00611123,0.0052643525,0.0044157463,0.0067299223,0.003691296,0.012508853,0.003657209,0.9364634
syn-0141,0,0,2,2,2,0.005538534,0.0048449687,0.9456444,0.005426108,0.0037202118,0.0036589606,0.005616147,0.0046810242,0.0047269617,0.005586063,0.0053498144,0.005206784
syn-0143,0,0,2,1,1,0.018804241,0.6729824,0.01204645,0.012760918,0.0063017085,0.014839107,0.012742238,0.01037962,0.19470486,0.019754848,0.011853898,0.012829643
syn-0144,0,0,2,9,9,0.005454261,0.0056632324,0.006012311,0.0075993463,0.0048772455,0.004231222,0.003915152,0.0043804822,0.005985948,0.94223297,0.004471244,0.005176613
syn-0153,0,0,2,4,4,0.12787388,0.011505686,0.011483237,0.010898685,0.47743466,0.29128048,0.015939001,0.0066785174,0.009231546,0.016826723,0.008895248,0.011952343
syn-0154,0,0,2,1,1,0.0047397027,0.94981515,0.003977611,0.004928511,0.004022534,0.0060518207,0.0045581274,0.0043642875,0.003929352,0.0045581274,0.004573734,0.0044808914
syn-0160,0,0,2,5,5,0.00826861,0.011065677,0.005110336,0.010795495,0.002893357,0.91709083,0.008708906,0.009460211,0.006920498,0.005810596,0.0061823274,0.0076930923
syn-0163,0,0,2,4,4,0.0055804895,0.0041208267,0.0051009804,0.0050625205,0.9398698,0.0045814286,0.004299653,0.0049658148,0.0118052475,0.005436598,0.0034498114,0.0057267915
syn-0164,0,0,2,8,8,0.009389586,0.008437343,0.007309047,0.00657101,0.008157813,0.019545704,0.019742334,0.006406268,0.8797521,0.009105143,0.019713433,0.005870117
syn-0165,0,0,2,8,8,0.0043316623,0.006515308,0.0060330345,0.004449567,0.005219882,0.0047806865,0.007937053,0.0035405823,0.9330977,0.009153354,0.011383191,0.0035579125
syn-0171,0,0,2,6,6,0.00733088,0.012616472,0.006316528,0.0065713576,0.006285761,0.009915483,0.90198284,0.004505411,0.026775992,0.008597911,0.0029851738,0.006116213
syn-0172,0,0,2,10,10,0.0039865584,0.0039075427,0.0032664689,0.004988071,0.004235389,0.010039349,0.0072494107,0.0037854714,0.007882861,0.0055564507,0.9390252,0.0060772914
syn-0178,0,0,2,9,9,0.016504714,0.017187348,0.011749403,0.018367443,0.044848043,0.014214066,0.019145805,0.008043756,0.03885067,0.42483166,0.27056736,0.11568972
syn-0179,0,0,2,1,1,0.005535061,0.9492136,0.004239736,0.004235598,0.003289037,0.0046518943,0.0047972184,0.0040793056,0.005336028,0.004729768,0.00386976,0.0060229385
syn-0183,0,0,2,4,4,0.011107727,0.008333533,0.0070691253,0.00961059,0.6846987,0.22711654,0.00936507,0.0064114183,0.009535801,0.008514511,0.006709273,0.0115276715
syn-0186,0,0,2,3,3,0.0059883413,0.007837011,0.0048082448,0.93801844,0.005708538,0.005492529,0.0055545606,0.004664864,0.0046330844,0.005647544,0.00586965,0.005777239
syn-0188,0,0,2,10,10,0.006882877,0.0045045437,0.0052037193,0.0054547824,0.006093426,0.00343693,0.0064241667,0.005131806,0.005074496,0.00520499,0.9377331,0.008855067
syn-0193,0,0,2,11,11,0.01514381,0.02174553,0.01410869,0.011679395,0.041762386,0.012702649,0.018718379,0.009994795,0.030112462,0.031642456,0.1032368,0.6891527
syn-0197,0,0,2,11,11,0.010735958,0.006334113,0.0068254396,0.007247926,0.02779771,0.009279296,0.0069838893,0.005455017,0.006943088,0.008609227,0.003260522,0.9005278
syn-0210,0,0,2,0,0,0.93470657,0.00490489,0.004038594,0.0042802105,0.010282743,0.011460031,0.005586537,0.0055093328,0.0034577677,0.004558485,0.0041303313,0.0070844935
syn-0218,0,0,2,8,8,0.004488241,0.005501793,0.005574807,0.004532286,0.0043247375,0.007536601,0.011674342,0.0064322473,0.932061,0.0045146164,0.008190895,0.0051684566
syn-0225,0,0,2,7,7,0.009733264,0.007419153,0.011502236,0.006120734,0.014255476,0.042610973,0.004210825,0.7589945,0.015462843,0.075371124,0.020725776,0.033593036
syn-0239,0,0,2,6,6,0.0052959076,0.005096756,0.0055216816,0.0064815567,0.0038472335,0.008379571,0.93955016,0.0042294874,0.0042356877,0.003596537,0.0068341987,0.006931238
syn-0240,0,0,2,6,6,0.007955595,0.00644421,0.0066976473,0.01005436,0.04397372,0.011389258,0.88496256,0.0026667428,0.009793914,0.0071925474,0.0034375673,0.005431871
syn-0242,0,0,2,0,0,0.9466651,0.0051946184,0.0043925,0.004668948,0.006237669,0.0041183205,0.0044966647,0.0042698486,0.005326901,0.0052443147,0.0036379558,0.005747112
syn-0247,0,0,2,3,3,0.005088539,0.008706762,0.005835463,0.9325551,0.0062529,0.00508109,0.0068624397,0.0043482096,0.004241266,0.0065914923,0.008289817,0.006146947
syn-0261,0,0,2,5,5,0.005110075,0.0060402807,0.0047911047,0.00502594,0.00816488,0.9246879,0.020329509,0.0044332114,0.006764793,0.003583119,0.0051050875,0.0059640817
syn-0262,0,0,2,10,10,0.00564946,0.005342276,0.0037113435,0.0043965825,0.0037697887,0.0051791756,0.005924198,0.005472971,0.0044942563,0.0056343083,0.9456961,0.004729529
syn-0263,0,0,2,0,0,0.8620565,0.017852688,0.009178285,0.0077100447,0.024736885,0.009637564,0.007172529,0.0065338514,0.0290832,0.012058738,0.0068977536,0.007082047
syn-0278,0,0,2,9,9,0.0054584816,0.006469459,0.0046609137,0.0075718784,0.0050126542,0.0059847324,0.004495509,0.004260421,0.0050940784,0.9390565,0.0067255306,0.005209791
syn-0280,0,0,2,0,0,0.94911945,0.005549395,0.004301872,0.00407293,0.0044232835,0.0041289977,0.0048331833,0.0039360714,0.0042538303,0.005030626,0.004251754,0.006098539
syn-0282,0,0,2,7,7,0.010226014,0.006479453,0.007331434,0.0044903783,0.0077359797,0.047342367,0.006264787,0.8641121,0.009731562,0.013378307,0.0069548334,0.015952842
syn-0288,0,0,2,9,9,0.0060573933,0.0044111745,0.005217977,0.00570152,0.004081662,0.0038119652,0.0038306236,0.003776764,0.006945684,0.9455973,0.0065905065,0.003977388
syn-0290,0,0,2,0,0,0.6669085,0.009592232,0.0117011145,0.012167234,0.20063375,0.018045777,0.009930607,0.009710043,0.02838306,0.009950022,0.014590743,0.008386945
syn-0291,0,0,2,1,1,0.004169417,0.9509522,0.0037962978,0.0045302818,0.0035802496,0.0039765434,0.0034650178,0.0046061194,0.0031487783,0.0052270684,0.0065778564,0.005970228
syn-0293,0,0,2,0,0,0.36958534,0.03836413,0.022955857,0.019789187,0.121164285,0.03925953,0.023940347,0.018736025,0.28503615,0.022911064,0.013449006,0.024809083
syn-0301,0,0,2,3,3,0.0078092567,0.011603313,0.0059062606,0.90262735,0.013508018,0.01666186,0.012257786,0.003167574,0.004865479,0.00711041,0.006159559,0.008323064
syn-0322,0,0,2,2,2,0.012299894,0.0058642114,0.9273625,0.011020171,0.005722776,0.0038439662,0.006153147,0.007124718,0.004772228,0.0046982416,0.004067975,0.007070136
syn-0323,0,0,2,7,7,0.0039264117,0.0046400176,0.0058498005,0.0040669045,0.0032360924,0.011179846,0.0029164369,0.9394222,0.0073118117,0.0068216003,0.0051160073,0.0055128485
syn-0329,0,0,2,8,8,0.0068182433,0.004971313,0.0061567626,0.0055839415,0.005857638,0.00651237,0.006126774,0.006052438,0.926323,0.009398261,0.0076659573,0.0085332235
syn-0330,0,0,2,0,0,0.9211068,0.0056911143,0.003941157,0.005198291,0.014953875,0.016129566,0.0048666797,0.0061761383,0.0029431554,0.0075579314,0.006523302,0.0049120397
syn-0334,0,0,2,6,6,0.0097505925,0.01384655,0.008525406,0.018391905,0.014983574,0.09337329,0.800345,0.0046715373,0.0069142054,0.00827522,0.005706943,0.015215815
syn-0335,0,0,2,3,11,0.0063385637,0.0050547775,0.0057110563,0.004829194,0.007470477,0.004612551,0.0058407844,0.0033663856,0.0020800552,0.0067547825,0.0035331135,0.9444081
syn-0349,0,0,2,5,5,0.0050760377,0.006545668,0.0040105777,0.0055790218,0.00623069,0.9364165,0.0036392128,0.0071587977,0.0050488473,0.0053823483,0.006300289,0.008611999
syn-0359,0,0,2,4,4,0.0054008598,0.00834258,0.007232251,0.008064221,0.89376676,0.006784126,0.017088635,0.0057351664,0.015986798,0.008279679,0.006860744,0.016458072
syn-0367,0,0,2,4,4,0.004526578,0.0052176965,0.004905164,0.0051393122,0.94048154,0.0048279376,0.0033458478,0.00395587,0.012816556,0.0060956394,0.004764706,0.0039231693
syn-0384,0,0,2,1,1,0.005986947,0.94677186,0.0049127196,0.0044752667,0.0037888482,0.0053758444,0.0048436453,0.004384424,0.0071105435,0.004599326,0.002847432,0.004903134
syn-0388,0,0,2,5,5,0.052194513,0.016540425,0.019243525,0.10918181,0.030886501,0.4154824,0.060887635,0.18874139,0.024976037,0.026322052,0.028937362,0.02660633
syn-0393,0,0,2,2,2,0.008338251,0.0060609626,0.9362735,0.0067945872,0.004210624,0.0041453443,0.006518358,0.005233813,0.004667568,0.0062198606,0.0050394568,0.0064977026
syn-0407,0,0,2,6,6,0.006332946,0.00828054,0.005496789,0.0110470345,0.0051486483,0.008669858,0.93212295,0.0025080258,0.0027979054,0.005416855,0.0052476334,0.0069308016
syn-0409,0,0,2,10,10,0.0048334883,0.008372436,0.0036183484,0.0056275153,0.004144408,0.003745989,0.0047307513,0.0041850787,0.0046369857,0.01875622,0.9324126,0.0049360455
syn-0411,0,0,2,2,2,0.0050876155,0.0057397443,0.93992805,0.0060269604,0.0045504994,0.0035232278,0.004595156,0.006383637,0.00418598,0.007864958,0.0056521376,0.0064620394
syn-0414,0,0,2,5,4,0.0053191106,0.0052699912,0.0049628005,0.008830963,0.88325214,0.054301303,0.005853321,0.0036736615,0.0071944366,0.00805542,0.007034644,0.0062521608
syn-0417,0,0,2,7,4,0.017326761,0.014434699,0.026744643,0.02107427,0.28879836,0.09087443,0.127841,0.08578649,0.054122612,0.021406142,0.10058882,0.15100172
syn-0423,0,0,2,9,9,0.005018035,0.0052614245,0.005547682,0.006210076,0.0045489385,0.004166195,0.0046499968,0.0063248337,0.006803803,0.9405237,0.0063651092,0.004580141
syn-0431,0,0,2,3,3,0.006557174,0.006094078,0.006284456,0.93224066,0.0066377083,0.006528422,0.0058079166,0.0062021483,0.0051492983,0.0066979392,0.005912354,0.005887866
syn-0433,0,0,2,5,5,0.010271455,0.009887613,0.00849872,0.009365977,0.058277063,0.70512325,0.0057364996,0.13898265,0.01530489,0.017456345,0.0062451805,0.014850316
syn-0436,0,0,2,6,6,0.004409511,0.0049565365,0.0042842925,0.00442029,0.0038535632,0.0043923203,0.95311964,0.0023625474,0.005304621,0.004485517,0.0040562856,0.004354948
syn-0440,0,0,2,1,1,0.008239313,0.9364267,0.0049718404,0.0052257315,0.004332283,0.007652745,0.005524865,0.0042630355,0.010459424,0.0054127155,0.003341197,0.004150073
syn-0450,0,0,2,10,10,0.004387264,0.0041224593,0.0045342734,0.0037398217,0.0044001364,0.003400162,0.0037016694,0.0050762864,0.003986855,0.00427936,0.9543496,0.0040220506
syn-0451,0,0,2,8,8,0.008836423,0.0072456105,0.004684976,0.005110385,0.0073489393,0.027748153,0.0055771456,0.028642956,0.87382174,0.015796918,0.007623054,0.007563731
syn-0458,0,0,2,6,6,0.005981851,0.0041561713,0.006128941,0.005088519,0.004016515,0.0055194907,0.94654346,0.005230855,0.004081758,0.0039119944,0.0046297573,0.0047107087
syn-0461,0,0,2,2,2,0.005934297,0.004573929,0.9491602,0.0038450572,0.0040592076,0.002961092,0.0051088193,0.005064114,0.004353831,0.0046915505,0.0054555973,0.0047922665
syn-0463,0,0,2,11,11,0.00489404,0.004343295,0.0057133366,0.0037707572,0.0048122867,0.0042004264,0.0051364284,0.00643545,0.0034805757,0.0043105474,0.0037250076,0.94917786
syn-0472,0,0,2,8,8,0.0045249294,0.0038912215,0.0046776934,0.004520513,0.004443914,0.006183335,0.005538648,0.0047769453,0.9470501,0.005082549,0.0050800685,0.0042300727
syn-0476,0,0,2,7,7,0.005492509,0.0066706752,0.007892666,0.006418259,0.00477897,0.046598524,0.0044631986,0.87496686,0.010799856,0.018172663,0.0074945507,0.006251239
syn-0478,0,0,2,2,2,0.010626119,0.008871953,0.8779781,0.011453165,0.0070182933,0.0069943457,0.010875454,0.023420183,0.0076443683,0.00800341,0.012303963,0.014810646
syn-0488,0,0,2,10,10,0.0041007944,0.0029479282,0.0036651748,0.004193944,0.005724051,0.0044600726,0.0062766722,0.0032345054,0.007700673,0.0054559303,0.94632584,0.0059144096
syn-0492,0,0,2,6,6,0.005654072,0.0053427224,0.0056984173,0.004919544,0.0050534504,0.0052598915,0.94254804,0.0053505544,0.0047880164,0.0052062324,0.005046054,0.005133031
syn-0493,0,0,2,8,8,0.0044132783,0.004059751,0.0051420396,0.0047324453,0.005223015,0.005734959,0.004894604,0.0057983124,0.94651026,0.004785892,0.00467731,0.0040281573
syn-0002,0,0,3,1,1,0.0050278488,0.9504501,0.004116656,0.004257715,0.0040095295,0.0052217576,0.004433813,0.00398027,0.0034345598,0.0058381055,0.0049089817,0.0043205423
syn-0005,0,0,3,11,11,0.003894375,0.007243748,0.0055255718,0.0043529826,0.0059862477,0.007680867,0.0073501896,0.0044172164,0.0026583278,0.006021427,0.008551124,0.9363179
syn-0025,0,0,3,8,8,0.005491422,0.004006835,0.005067588,0.0039235842,0.0048355265,0.0062028784,0.0063236747,0.004587135,0.94703275,0.0050158906,0.004050109,0.0034625512
syn-0027,0,0,3,4,4,0.0056499825,0.0040516853,0.0034859562,0.0048009353,0.94370776,0.008562772,0.0047589247,0.004592282,0.008850776,0.003447026,0.0028230133,0.0052689346
syn-0033,0,0,3,5,5,0.0043289103,0.0067578484,0.0031447543,0.0049220924,0.0044445693,0.9455723,0.0044434844,0.005230593,0.0058629946,0.0055611455,0.004250367,0.005480946
syn-0035,0,0,3,9,9,0.012503037,0.060028486,0.008191689,0.0194219,0.020180793,0.011423121,0.01526677,0.0053408546,0.012436062,0.65585023,0.16631143,0.013045615
syn-0040,0,0,3,4,4,0.00349225,0.0060090753,0.0035663487,0.010431026,0.93576705,0.011450647,0.0062621944,0.0041209087,0.003750298,0.005461983,0.004202186,0.005486038
syn-0051,0,0,3,3,3,0.008475855,0.008377108,0.004726746,0.8911341,0.012692739,0.0076572965,0.00924323,0.0051333406,0.005196387,0.027723491,0.011899732,0.007739996
syn-0054,0,0,3,5,5,0.005066835,0.0038490025,0.0034637274,0.0052609625,0.0042875865,0.944122,0.004926556,0.0059396597,0.0040534637,0.0049049538,0.008691879,0.0054332665
syn-0056,0,0,3,8,8,0.004855567,0.005137273,0.00486506,0.0037926142,0.0045016427,0.0036759279,0.0071979957,0.0041148346,0.9463257,0.006382522,0.005841224,0.0033095926
syn-0058,0,0,3,9,9,0.0044316417,0.0065112785,0.0039032793,0.004536736,0.0046149334,0.004358677,0.0038147224,0.0032549484,0.014467078,0.9393757,0.007073105,0.0036578504
syn-0062,0,0,3,7,7,0.0068885935,0.0052418453,0.007128113,0.0037663532,0.0028555135,0.015138186,0.0026434986,0.93382657,0.0070218868,0.0050805705,0.005353067,0.0050558234
syn-0064,0,0,3,6,6,0.0038142747,0.003454333,0.0066462206,0.0051957066,0.005026025,0.004286411,0.94202125,0.0028331445,0.005038311,0.0034124223,0.012198929,0.006072913
syn-0065,0,0,3,11,11,0.0043716696,0.004277705,0.005188952,0.0031159127,0.0031866904,0.0051035187,0.0051997313,0.00503299,0.0026238612,0.0048721903,0.0053726532,0.9516542
syn-0067,0,0,3,5,5,0.004473415,0.0076713236,0.003830053,0.005228675,0.0044364356,0.9413106,0.0045527443,0.0059939735,0.0046926793,0.005169021,0.007332661,0.0053084223
syn-0068,0,0,3,10,9,0.017155616,0.012680678,0.017717488,0.024040213,0.03424528,0.013051305,0.038625397,0.013051305,0.10607039,0.62608963,0.07959836,0.017674284
syn-0080,0,0,3,3,3,0.004415289,0.006587802,0.005093145,0.9414093,0.006627325,0.0050215335,0.005872201,0.00369452,0.0053349645,0.0070530283,0.0045376853,0.0043532085
syn-0100,0,0,3,2,2,0.005643916,0.0047364375,0.9452296,0.004945599,0.004407307,0.0030752937,0.006675779,0.0051652584,0.004745697,0.0045694667,0.0053487737,0.0054569324
syn-0112,0,0,3,4,4,0.0063628405,0.0049930313,0.005333252,0.0041984,0.93538046,0.0063675023,0.0037689377,0.0056234184,0.014942876,0.005051888,0.0030521788,0.004925232
syn-0117,0,0,3,6,3,0.007767991,0.01169535,0.010386833,0.4375809,0.07157277,0.019824157,0.3742828,0.004166035,0.009466559,0.021440258,0.017154286,0.0146620935
syn-0123,0,0,3,10,10,0.0038485422,0.0040194755,0.0037292242,0.004719363,0.0030060415,0.0028446736,0.006854908,0.0025636817,0.0044269417,0.0038354103,0.9574715,0.002680164
syn-0124,0,0,3,6,6,0.0039100014,0.0042859176,0.005022993,0.019779213,0.012984198,0.0057899044,0.9255004,0.001973767,0.0036946917,0.0049138283,0.007766006,0.0043789935
syn-0125,0,0,3,9,9,0.00895956,0.022803754,0.007185161,0.01599165,0.02350609,0.010870801,0.050070107,0.003200875,0.03728169,0.7257839,0.08247107,0.011875284
syn-0135,0,0,3,0,0,0.9355362,0.0064342003,0.007848781,0.0057958113,0.0044808434,0.0039950865,0.0070304503,0.006390367,0.0044721,0.0056298496,0.0069944975,0.0053917496
syn-0142,0,0,3,4,4,0.0129702,0.0077269184,0.005807009,0.14360599,0.77028525,0.010082723,0.010558867,0.0059884177,0.0083222175,0.011773516,0.0067034364,0.0061754948
syn-0145,0,0,3,2,2,0.030773778,0.039410744,0.38703817,0.3579518,0.028764963,0.032894757,0.014941295,0.02230939,0.013981326,0.023916958,0.01525832,0.032758515
syn-0149,0,0,3,8,8,0.008506596,0.0062792655,0.0058988244,0.0042446163,0.005858638,0.0059045875,0.0064093694,0.004485398,0.9296532,0.0077066775,0.009801198,0.0052516493
syn-0150,0,0,3,3,3,0.006675098,0.3433717,0.0084546115,0.55843693,0.0124737695,0.010323459,0.013840954,0.005615509,0.0076009003,0.016284756,0.0073886598,0.009533665
syn-0152,0,0,3,3,3,0.008494001,0.0074794767,0.005039906,0.8710777,0.062001158,0.006436702,0.0055623474,0.0055109826,0.0055136736,0.010433779,0.005595035,0.00685518
syn-0159,0,0,3,11,11,0.0046726293,0.0041609984,0.00588301,0.00285214,0.0027983407,0.0052382094,0.004992237,0.005332403,0.0027616904,0.005084489,0.006960072,0.9492638
syn-0162,0,0,3,9,9,0.005972601,0.0068059536,0.004365383,0.0041715843,0.0052119396,0.0040551005,0.0047339536,0.0053173313,0.010224432,0.94082093,0.004249709,0.0040709716
syn-0168,0,0,3,1,1,0.00590994,0.9250598,0.0042880625,0.009322644,0.005082264,0.014702428,0.007749527,0.0037146343,0.0057984623,0.009749793,0.0034827671,0.005139662
syn-0170,0,0,3,6,6,0.0036339958,0.0031083217,0.0058576586,0.0055873697,0.005863381,0.0048984406,0.9470209,0.003011218,0.0041582678,0.0041521806,0.008182341,0.0045258948
syn-0174,0,0,3,10,10,0.004434279,0.0058049634,0.0039343126,0.004217811,0.0037349497,0.0037276617,0.0040325318,0.004420228,0.0037734439,0.0040840525,0.95310634,0.0047294945
syn-0177,0,0,3,8,8,0.004759361,0.0052322424,0.005364173,0.0038037682,0.003668781,0.0046924427,0.011133592,0.004720018,0.9417228,0.0053510927,0.0057031666,0.003848606
syn-0182,0,0,3,6,6,0.004039531,0.004550646,0.0050407965,0.004436557,0.0033212057,0.005042643,0.95289767,0.003554445,0.003946919,0.0040722075,0.004353934,0.0047434904
syn-0184,0,0,3,2,2,0.005437532,0.0047974335,0.9476353,0.005283119,0.0044520916,0.0030058243,0.0057818666,0.005016632,0.0043140617,0.0046373615,0.0047299797,0.004908804
syn-0190,0,0,3,3,1,0.009338458,0.786996,0.006554405,0.10734369,0.013140433,0.02983739,0.010387327,0.005661296,0.0058925683,0.013140433,0.0042153434,0.0074926787
syn-0198,0,0,3,0,0,0.67912984,0.03699483,0.012103184,0.05634844,0.028676514,0.06225034,0.04126064,0.008607624,0.005852718,0.030711,0.014344844,0.023720039
syn-0201,0,0,3,0,0,0.94109285,0.0068957414,0.0060021044,0.0053828796,0.0048499843,0.0037059234,0.0059684957,0.0054118694,0.0046733026,0.0049917367,0.005533449,0.005491728
syn-0204,0,0,3,1,1,0.006236777,0.9452597,0.0043582264,0.0043497225,0.0032403406,0.007760848,0.0052673025,0.004807656,0.006442614,0.0051239743,0.0036933646,0.0034594447
syn-0205,0,0,3,2,2,0.005754418,0.006083072,0.94325167,0.006471446,0.004075515,0.0027122288,0.0057882345,0.0052986303,0.004351092,0.0047508217,0.0062425504,0.0052203047
syn-0206,0,0,3,8,10,0.013867292,0.010426771,0.010150482,0.008522558,0.022162572,0.014539895,0.013692354,0.007455317,0.21958512,0.022099085,0.6428804,0.0146182
syn-0215,0,0,3,10,10,0.004612828,0.0049827877,0.004247462,0.00521682,0.0069416016,0.005992807,0.0068498505,0.0030863392,0.006952626,0.011605145,0.9357433,0.0037685588
syn-0221,0,0,3,11,11,0.009182101,0.006247905,0.008188692,0.004720775,0.0039041166,0.007886532,0.012285181,0.0052973526,0.007819429,0.0054521817,0.01254738,0.9164683
syn-0228,0,0,3,6,6,0.0099279,0.008282929,0.013408463,0.14638893,0.06025416,0.010103957,0.7024866,0.0047751023,0.007950072,0.01188214,0.012464543,0.012075151
syn-0244,0,0,3,3,3,0.0042922185,0.0063010408,0.005770174,0.9432976,0.005453762,0.006255823,0.006082626,0.0036856981,0.0043961513,0.0044349595,0.0058453213,0.0041846083
syn-0251,0,0,3,10,10,0.0046825446,0.0041081887,0.0047854027,0.0049036713,0.004026762,0.005358088,0.0070256684,0.004494372,0.005626893,0.005832502,0.94618237,0.0029735009
syn-0257,0,0,3,4,4,0.005470371,0.009971377,0.0046767723,0.0072029657,0.89954174,0.038307108,0.0072985557,0.0054304507,0.0071242647,0.0054384116,0.0043231957,0.0052147694
syn-0258,0,0,3,3,3,0.008329752,0.01097066,0.0063153184,0.850488,0.016861517,0.06047655,0.013864405,0.00474615,0.0045598727,0.007149209,0.008485751,0.0077528176
syn-0292,0,0,3,11,11,0.0048699044,0.004214551,0.006069578,0.0033064242,0.0031735525,0.0053707883,0.005660923,0.0061486256,0.002746481,0.005593606,0.0051148427,0.9477307
syn-0300,0,0,3,10,10,0.0043113646,0.0051436764,0.0043008514,0.004921329,0.004414683,0.0039159697,0.004629938,0.005672719,0.00443088,0.004440626,0.95028526,0.0035326052
syn-0303,0,0,3,7,7,0.020024613,0.006058573,0.0124404915,0.0073509794,0.017122865,0.39744952,0.010758466,0.47475663,0.010811126,0.014403065,0.0153919915,0.01343169
syn-0306,0,0,3,5,5,0.0056348285,0.006103123,0.0041854046,0.004162985,0.009318656,0.92658496,0.0059501124,0.009806484,0.0127417585,0.004295132,0.0079585165,0.0032580053
syn-0310,0,0,3,10,10,0.0049853497,0.00480491,0.003795433,0.004093834,0.0036930575,0.0039970484,0.0042021866,0.0049890024,0.0047943643,0.005632615,0.95073557,0.0042767064
syn-0312,0,0,3,11,11,0.0066291294,0.004854121,0.006943029,0.0032225081,0.0043981993,0.00570282,0.0076772626,0.0052319244,0.0065623038,0.0050131003,0.0055422266,0.9382234
syn-0324,0,0,3,7,7,0.009791195,0.023129359,0.009175548,0.006380592,0.0050870515,0.024504138,0.009402317,0.81235754,0.04637031,0.023866476,0.018248314,0.011687098
syn-0327,0,0,3,1,1,0.007063139,0.9382813,0.0045580794,0.0046253395,0.0044006184,0.006280552,0.005541215,0.0040185647,0.011887881,0.00526171,0.0033023544,0.004779159
syn-0339,0,0,3,7,7,0.005889868,0.0036224464,0.0067283907,0.003533353,0.0024811737,0.010751447,0.0030623446,0.94631857,0.0033534886,0.003755729,0.0051756306,0.0053275516
syn-0340,0,0,3,9,9,0.005957891,0.006318958,0.004928424,0.0061230497,0.0049236133,0.005013373,0.0037713805,0.0040619364,0.0043049487,0.9405681,0.009586573,0.0044416026
syn-0341,0,0,3,8,8,0.0070575364,0.0051495563,0.006374397,0.0046933056,0.0059706736,0.0053573065,0.0062039727,0.0051294803,0.93776596,0.007960226,0.004053792,0.0042837486
syn-0351,0,0,3,11,11,0.0059500956,0.013841143,0.0053912345,0.0047728727,0.0046874178,0.0072893193,0.0043035173,0.005661011,0.002432988,0.0065540746,0.004354246,0.93476206
syn-0355,0,0,3,5,5,0.018005209,0.02567622,0.0098251775,0.01493778,0.039355807,0.52863586,0.024162203,0.007533225,0.009149134,0.020542523,0.28910333,0.013073572
syn-0360,0,0,3,0,0,0.94407314,0.004815709,0.004552748,0.0053946553,0.008857445,0.003994313,0.0042810896,0.005045588,0.0028741877,0.0053448384,0.0052812803,0.005484963
syn-0364,0,0,3,4,4,0.013020217,0.014043883,0.007350189,0.010395839,0.5249383,0.32088834,0.009742173,0.008626874,0.032319896,0.029546384,0.013077561,0.016050369
syn-0375,0,0,3,8,8,0.0034999652,0.0046730665,0.004942978,0.0031053426,0.0047097174,0.0035377652,0.0077621695,0.0039582415,0.9392091,0.013335098,0.007550032,0.0037166083
syn-0376,0,0,3,5,5,0.0040888465,0.005475344,0.0032258693,0.0040254556,0.002954448,0.94795585,0.00872185,0.0064893463,0.003995104,0.0033478283,0.005367475,0.0043525547
syn-0385,0,0,3,5,4,0.010652849,0.01025225,0.0062594297,0.0059932396,0.7119273,0.19692431,0.006831139,0.012751347,0.008163836,0.0116684865,0.0062259003,0.012349981
syn-0392,0,0,3,1,1,0.004685121,0.9490172,0.005043611,0.0046237595,0.0036080277,0.004453145,0.005196095,0.0042099813,0.0036666358,0.006058558,0.005064587,0.004373415
syn-0405,0,0,3,8,8,0.0051245485,0.0051748385,0.004432762,0.0039522173,0.003946432,0.003923376,0.0049258242,0.0046228673,0.94652027,0.007263031,0.006116832,0.0039968533
syn-0410,0,0,3,10,10,0.0043958793,0.0052234232,0.0041843494,0.0051405584,0.004166001,0.0032627548,0.0051669814,0.0037627497,0.003394385,0.0051030456,0.9494774,0.0067224787
syn-0418,0,0,3,0,0,0.94010377,0.0048781196,0.0053340737,0.0063467533,0.007833847,0.0044851657,0.0054699075,0.0055330344,0.003506722,0.005374597,0.006081302,0.005052666
syn-0420,0,0,3,2,2,0.007108083,0.0051681097,0.93382066,0.00565393,0.005031165,0.0036611615,0.007364219,0.007400265,0.00556084,0.006419267,0.0068667214,0.005945554
syn-0422,0,0,3,1,1,0.004905993,0.9473239,0.0055959844,0.0049541374,0.0035875489,0.005064198,0.0055132634,0.0048181545,0.003697817,0.005529439,0.004985685,0.004023754
syn-0428,0,0,3,8,1,0.0079498505,0.926537,0.005077967,0.005110303,0.00470094,0.0075396416,0.0053843935,0.0042490195,0.01888537,0.0048596463,0.0062004263,0.003505403
syn-0429,0,0,3,2,2,0.01335566,0.016476946,0.84381765,0.010170378,0.008200108,0.008276538,0.013158235,0.025425158,0.0105497325,0.018075412,0.015438088,0.017056106
syn-0430,0,0,3,1,1,0.006609389,0.90322495,0.0038458216,0.012251872,0.004430839,0.03691825,0.0066921976,0.003400561,0.003123579,0.0070202155,0.004478692,0.008003647
syn-0435,0,0,3,10,10,0.0041326513,0.0048980694,0.0036301739,0.0046566855,0.0034002562,0.004765952,0.0054916074,0.005555662,0.004387386,0.0050203484,0.9501913,0.0038699645
syn-0445,0,0,3,6,6,0.006392011,0.006069591,0.0057859905,0.005332908,0.0043931613,0.008219536,0.9280414,0.00417768,0.017064199,0.0055453465,0.004421136,0.004557025
syn-0447,0,0,3,7,7,0.0046598236,0.0053555733,0.0050495537,0.0037242163,0.0021261433,0.013145598,0.0037369675,0.93837845,0.00418112,0.0053490396,0.005787928,0.008505587
syn-0464,0,0,3,4,4,0.011939076,0.0053538433,0.003923655,0.0046571814,0.9392212,0.004252853,0.0039007324,0.004142183,0.0043325,0.005665841,0.0049575437,0.0076533617
syn-0469,0,0,3,9,9,0.005021008,0.0056164023,0.0048867683,0.004509602,0.004489828,0.0032992957,0.003515513,0.004995332,0.0036041564,0.947999,0.004481067,0.007581952
syn-0474,0,0,3,0,0,0.9422608,0.006361316,0.004853633,0.0064741243,0.0062749363,0.006149063,0.0043999045,0.0043677967,0.0032474562,0.007050796,0.0036708768,0.004889312
syn-0477,0,0,3,7,7,0.042255048,0.120549895,0.05377522,0.026597926,0.03420248,0.12832469,0.016235186,0.2321392,0.042565674,0.04657267,0.11937838,0.13740367
syn-0485,0,0,3,10,10,0.004954506,0.00434467,0.004289862,0.00484683,0.0044651087,0.004083433,0.01093584,0.0045553986,0.0074465657,0.0050006844,0.94231945,0.002757598
syn-0007,0,0,4,6,6,0.013849795,0.0073439064,0.0054203477,0.0066965055,0.012361192,0.013422043,0.8956788,0.0033853487,0.018265313,0.006586251,0.007781369,0.009209075
syn-0014,0,0,4,0,0,0.92451805,0.012073533,0.0054386472,0.005778114,0.006692918,0.0055081327,0.0065060314,0.0055269916,0.0051441817,0.007866954,0.006692918,0.00825356
syn-0019,0,0,4,0,0,0.92214423,0.0048674056,0.005960759,0.0087131765,0.011796643,0.0038354232,0.0066302535,0.004556902,0.0035368095,0.006435683,0.017180784,0.0043418617
syn-0023,0,0,4,1,1,0.0049689845,0.95062697,0.0039231204,0.0053400607,0.005005512,0.003990742,0.0038303705,0.0052227294,0.0041355556,0.0046316027,0.004208894,0.0041154115
syn-0024,0,0,4,2,2,0.006643287,0.004265211,0.9337078,0.007834875,0.0058028717,0.004131966,0.008449251,0.006211909,0.005560168,0.004959825,0.005941933,0.0064909803
syn-0029,0,0,4,2,2,0.0057269833,0.004343054,0.9378384,0.00526565,0.005191613,0.003952465,0.0075689824,0.0064547597,0.0059391493,0.005056514,0.007527519,0.0051348885
syn-0036,0,0,4,5,5,0.01044961,0.0072227875,0.0046474696,0.006217317,0.025632022,0.8886832,0.011140878,0.0041843127,0.005307577,0.007390461,0.01972004,0.009404204
syn-0043,0,0,4,9,9,0.005654538,0.004410214,0.006457684,0.0061891037,0.0068540596,0.008567583,0.0069653965,0.0074947034,0.008913228,0.8528397,0.07651133,0.009142437
syn-0061,0,0,4,4,4,0.008792696,0.0070785102,0.005819781,0.0055316235,0.92574483,0.0044643604,0.005831159,0.0061619394,0.00683398,0.0045814016,0.010090109,0.009069592
syn-0074,0,0,4,5,5,0.04359652,0.026832819,0.0048038177,0.014397681,0.015691618,0.8070893,0.024551148,0.00900984,0.0107151335,0.021244653,0.01127882,0.010788632
syn-0075,0,0,4,7,7,0.0047088256,0.00494687,0.0048122606,0.004163648,0.0051602824,0.008352481,0.0040080533,0.9404077,0.006005061,0.0055877743,0.005537526,0.006309403
syn-0082,0,0,4,1,6,0.012142804,0.12603763,0.016702933,0.019470584,0.012888134,0.058470014,0.39433685,0.024397744,0.03664324,0.026187746,0.20418009,0.0685422
syn-0083,0,0,4,0,0,0.9439189,0.004960493,0.004949605,0.0057108863,0.006877721,0.0056900103,0.0051656575,0.0037061782,0.0048657362,0.004468322,0.0056319637,0.004054571
syn-0095,0,0,4,11,11,0.005544403,0.005483824,0.0062071634,0.004770248,0.0039954344,0.0040052007,0.0063535864,0.005173002,0.0033123314,0.0048205904,0.007838643,0.9424955
syn-0102,0,0,4,1,1,0.0075325067,0.928376,0.005986408,0.0070917,0.006533181,0.0048384815,0.006276766,0.005850589,0.014683263,0.005337436,0.0034410632,0.0040525845
syn-0105,0,0,4,4,4,0.012841887,0.0061032153,0.0054150755,0.007838597,0.9120106,0.009925257,0.0055489065,0.0041660974,0.0036981737,0.008921413,0.010134848,0.013395897
syn-0106,0,0,4,10,10,0.005749179,0.008457414,0.008312076,0.009890133,0.0027236878,0.0030325647,0.041659348,0.006228498,0.023540564,0.009227624,0.8743416,0.0068373275
syn-0107,0,0,4,10,10,0.0045823357,0.004201909,0.003533183,0.003766567,0.004234865,0.0063301823,0.0057862545,0.004040936,0.0051747495,0.006653844,0.94442666,0.0072684186
syn-0108,0,0,4,8,10,0.008765756,0.01480224,0.010064721,0.0068668956,0.01323952,0.00989901,0.011327126,0.009363046,0.33542016,0.008934283,0.5595331,0.011784101
syn-0113,0,0,4,11,11,0.007745632,0.0064331223,0.0073783128,0.0045896955,0.0039973436,0.007894545,0.008987147,0.004185091,0.0068030315,0.0058588553,0.0064394083,0.92968774
syn-0119,0,0,4,6,6,0.004757089,0.0036447158,0.0048355423,0.0052093556,0.0042569456,0.0053524575,0.94334376,0.0040739235,0.00372205,0.003975667,0.011915604,0.00491289
syn-0122,0,0,4,3,3,0.004762927,0.004887795,0.005470063,0.9382961,0.006103786,0.007321345,0.0064531816,0.00559022,0.0051941467,0.0057465895,0.005247681,0.0049261306
syn-0127,0,0,4,11,11,0.03492665,0.03927628,0.01540806,0.023911126,0.060613617,0.025021963,0.055473007,0.013179212,0.034515526,0.018279664,0.10121176,0.5781832
syn-0136,0,0,4,6,6,0.0043739066,0.008233613,0.0047780643,0.0071012843,0.0067645228,0.00958386,0.9294038,0.002585135,0.0040809126,0.005406331,0.011901128,0.0057874154
syn-0138,0,0,4,4,4,0.00596072,0.008830907,0.009164772,0.01170655,0.89595175,0.007113177,0.008455359,0.008843851,0.0064639845,0.0046992283,0.017817156,0.014992567
syn-0156,0,0,4,6,6,0.0050970227,0.006049171,0.004636362,0.0069255736,0.00426809,0.0056027696,0.94673747,0.0036417886,0.004407876,0.0032122983,0.005252404,0.0041692196
syn-0161,0,0,4,2,2,0.0052207382,0.0041532,0.94171923,0.006557872,0.0059202057,0.0035489528,0.006504456,0.0054819835,0.004905627,0.004840196,0.0057478747,0.005399629
syn-0176,0,0,4,10,10,0.004300456,0.004501341,0.0038614974,0.0042524296,0.005444255,0.003616929,0.005616388,0.0036524234,0.004977667,0.005654913,0.95042986,0.0036918698
syn-0185,0,0,4,7,7,0.027822746,0.007429208,0.021058187,0.009455819,0.011054971,0.014181009,0.013717885,0.77804667,0.01696002,0.05494847,0.014666926,0.03065819
syn-0189,0,0,4,10,10,0.0056053926,0.0055400874,0.0044374797,0.0043389206,0.005628705,0.008147588,0.0044115544,0.0034966494,0.008832525,0.0068135923,0.9369459,0.0058017117
syn-0192,0,0,4,5,5,0.0047651045,0.0069869505,0.00346332,0.0045971232,0.0031890024,0.94308954,0.0054459074,0.005344487,0.004281853,0.004868587,0.005195252,0.008772932
syn-0194,0,0,4,1,1,0.008134663,0.92047894,0.0064744446,0.006296732,0.0069426745,0.0052023623,0.0057500615,0.006778537,0.02030626,0.006034846,0.0035685513,0.004031869
syn-0195,0,0,4,4,4,0.009320905,0.010332426,0.008722043,0.011166562,0.69085073,0.1660257,0.016009035,0.0062945336,0.0471279,0.015129322,0.0075335703,0.011487324
syn-0200,0,0,4,5,5,0.011900601,0.013610837,0.0047158524,0.009533264,0.0064836857,0.86298937,0.013323162,0.053733423,0.0057638944,0.0070724236,0.0039038565,0.0069695776
syn-0203,0,0,4,8,8,0.0037718625,0.00531269,0.004761102,0.004354125,0.0037224623,0.004698745,0.008254108,0.0048408033,0.9471409,0.0043097064,0.0053687566,0.0034646376
syn-0207,0,0,4,0,0,0.93489146,0.005283819,0.0047294516,0.0051463204,0.00498555,0.008902328,0.0065469854,0.004469018,0.010783617,0.0051639406,0.0049178526,0.004179845
syn-0208,0,0,4,8,8,0.005263057,0.005232309,0.0050441623,0.004486371,0.0036101844,0.0040749265,0.009738319,0.0046628104,0.94219476,0.0046764906,0.007429351,0.0035873412
syn-0209,0,0,4,7,7,0.011309156,0.010694231,0.019293966,0.0063083386,0.009652003,0.039986905,0.014299603,0.84334844,0.011498473,0.008119867,0.013608182,0.011880864
syn-0211,0,0,4,0,0,0.9426955,0.0041311984,0.006436127,0.006158662,0.0055686436,0.003831944,0.0052376464,0.005479634,0.0034032124,0.0055550653,0.0052466053,0.0062556467
syn-0217,0,0,4,6,6,0.014419219,0.009395371,0.0070127975,0.008625888,0.0078080767,0.009684152,0.8945936,0.0042659566,0.007877004,0.0066786017,0.017467367,0.01217188
syn-0219,0,0,4,0,0,0.94892824,0.005426371,0.0056068297,0.0058723222,0.0038067605,0.004148372,0.0047934344,0.004836931,0.0030722893,0.0043506417,0.004890364,0.0042675347
syn-0224,0,0,4,8,8,0.007681777,0.006437196,0.004698069,0.0037657998,0.0069551724,0.0069806892,0.009642165,0.0054312595,0.92506725,0.0043513733,0.013821885,0.0051673837
syn-0226,0,0,4,6,6,0.0046077417,0.0051052887,0.0058304225,0.0051907515,0.0037588936,0.0044725235,0.9466536,0.0036379115,0.0035019636,0.0035850103,0.0073223677,0.0063335006
syn-0229,0,0,4,7,7,0.012232229,0.0059245136,0.011255111,0.008428658,0.0051725013,0.023604156,0.0057366304,0.8900749,0.013045999,0.008046611,0.0076369997,0.008841789
syn-0234,0,0,4,4,6,0.0050254622,0.004498202,0.006625227,0.009803112,0.011069465,0.0048164492,0.9277657,0.0028929347,0.010010811,0.0057560974,0.00612883,0.005607677
syn-0243,0,0,4,10,10,0.004633399,0.005099987,0.0045073205,0.004388957,0.003828116,0.005689447,0.0042977664,0.004553776,0.0046469932,0.006745878,0.94590145,0.005706836
syn-0250,0,0,4,11,11,0.005076901,0.0051217186,0.007089568,0.004142635,0.0033827708,0.0049945316,0.0054268097,0.007154336,0.002889202,0.005230392,0.008331149,0.94116
syn-0253,0,0,4,3,3,0.004037512,0.0055105463,0.0054132063,0.9399474,0.0055294135,0.0059991917,0.006698303,0.0059206197,0.0051389034,0.0041171447,0.0063518975,0.0053357915
syn-0255,0,0,4,2,2,0.005184581,0.003966431,0.94345295,0.0053010555,0.0051871133,0.0038935142,0.006427945,0.005065717,0.005393744,0.0048266654,0.0059274863,0.005372716
syn-0259,0,0,4,4,4,0.0047365287,0.0076283156,0.006629213,0.011548318,0.9159419,0.006037441,0.0101267155,0.0051289164,0.00660982,0.004672212,0.0098102065,0.0111303395
syn-0260,0,0,4,11,11,0.015867405,0.032149043,0.013887182,0.015484707,0.02655831,0.021247923,0.031511836,0.013296611,0.010868286,0.025870353,0.08237151,0.7108867
syn-0265,0,0,4,3,3,0.011810119,0.0074383267,0.0074474122,0.90123415,0.011048292,0.012259846,0.015472554,0.0037374874,0.004145109,0.008734586,0.008251588,0.008420502
syn-0269,0,0,4,10,10,0.005975042,0.0050876928,0.005382866,0.004331595,0.008086066,0.0042147576,0.0034907458,0.004857082,0.0051918398,0.006430662,0.94178003,0.005171599
syn-0285,0,0,4,11,11,0.0054889834,0.004326271,0.0060705617,0.003944889,0.0034576352,0.0050665746,0.005929937,0.0049226964,0.0037937625,0.0043901107,0.005071525,0.9475371
syn-0286,0,0,4,8,8,0.0071605695,0.008459901,0.006215138,0.005246463,0.0042862226,0.0052515897,0.028127663,0.0047629853,0.9076643,0.010088164,0.007740531,0.0049964422
syn-0289,0,0,4,8,8,0.10258771,0.10030916,0.020872507,0.016584234,0.019332213,0.08461327,0.04864866,0.19222137,0.28631288,0.035757605,0.029391868,0.06336854
syn-0299,0,0,4,1,1,0.00675603,0.9293707,0.003666918,0.008228296,0.007698694,0.007588595,0.0044971914,0.005327524,0.005424648,0.014981591,0.0026541098,0.0038055512
syn-0305,0,0,4,1,1,0.0044197156,0.95020795,0.0045245267,0.0046818466,0.0044652685,0.004174299,0.0038587113,0.0051194555,0.0033590605,0.004553338,0.005646006,0.0049898876
syn-0307,0,0,4,3,3,0.008505591,0.009877505,0.0067055183,0.9030364,0.008818543,0.006640354,0.016451092,0.0038525362,0.005602671,0.015925493,0.009038695,0.0055455146
syn-0321,0,0,4,9,9,0.0046691047,0.005921064,0.0042264313,0.011029643,0.0050411164,0.0043393527,0.0085930405,0.0024943152,0.008928807,0.9315648,0.007818325,0.005374106
syn-0326,0,0,4,1,1,0.008925252,0.90884596,0.0064270487,0.007654702,0.0059006717,0.0056359614,0.011500893,0.005702397,0.017513234,0.0074883434,0.006515522,0.00788998
syn-0333,0,0,4,5,5,0.017037896,0.0076030935,0.0074925325,0.01396376,0.09764023,0.67643505,0.020467754,0.0064526615,0.11304365,0.013246469,0.017454717,0.009162131
syn-0338,0,0,4,8,8,0.0061713206,0.007241476,0.0058743563,0.0055698818,0.0050788694,0.004314592,0.011949381,0.005456819,0.92624927,0.008624696,0.007023821,0.0064454214
syn-0350,0,0,4,2,2,0.005344669,0.0040284623,0.9419711,0.006554824,0.0049345708,0.0037788511,0.0066458667,0.005868538,0.0054407767,0.004859253,0.004636732,0.005936265
syn-0352,0,0,4,8,8,0.0051404005,0.006824903,0.006391087,0.0057457415,0.005016422,0.0048668333,0.007946072,0.006996993,0.93655574,0.0051128645,0.004965246,0.0044377977
syn-0353,0,0,4,7,7,0.0067092003,0.005831901,0.009470733,0.01050749,0.0053281873,0.0436215,0.0034671174,0.8735981,0.0076062335,0.016937079,0.0091168145,0.0078056436
syn-0363,0,0,4,9,9,0.028118717,0.01733296,0.008658297,0.012783642,0.012808635,0.013266948,0.019256225,0.005767669,0.052625746,0.78858227,0.016030366,0.024768531
syn-0368,0,0,4,9,9,0.005921283,0.0065032565,0.0053052125,0.0070488853,0.0077171545,0.005365128,0.007702097,0.0032716398,0.020154078,0.90890855,0.008776763,0.013325911
syn-0377,0,0,4,5,5,0.011328797,0.014904153,0.007325143,0.010839082,0.01151563,0.74682015,0.012536773,0.13923134,0.011389809,0.008239902,0.0061653773,0.019703861
syn-0378,0,0,4,2,2,0.0058544003,0.0050455765,0.93901396,0.0054475837,0.004874844,0.0039767902,0.007031648,0.0060417145,0.0057932623,0.0054489137,0.0057341624,0.0057369624
syn-0379,0,0,4,3,3,0.011995827,0.013723097,0.01167226,0.7815793,0.025395166,0.010220572,0.008729323,0.008469015,0.004913471,0.024922224,0.08881112,0.009568578
syn-0386,0,0,4,10,10,0.0060393256,0.005317988,0.006076299,0.0064697657,0.005776851,0.005148083,0.006175001,0.005869256,0.005206224,0.0061629526,0.93338674,0.008371606
syn-0391,0,0,4,0,0,0.94624513,0.0053741653,0.0054962398,0.0049533313,0.005121808,0.0039898423,0.0043521314,0.0051355814,0.0053649885,0.0051405993,0.0047496366,0.0040764892
syn-0399,0,0,4,8,8,0.0042188936,0.0040910887,0.0060462374,0.0041494314,0.0050223065,0.00495411,0.0065743546,0.0061745266,0.941784,0.00549442,0.0074233944,0.0040671877
syn-0402,0,0,4,1,1,0.012865802,0.9144902,0.004521286,0.006416637,0.006982219,0.0065623913,0.0079934355,0.0053586834,0.0043058232,0.0051735654,0.012362354,0.012967502
syn-0403,0,0,4,9,9,0.0075525683,0.00807212,0.0039215707,0.0052951174,0.005266753,0.0038967566,0.004330198,0.004089752,0.012937056,0.93369377,0.004330198,0.0066140573
syn-0408,0,0,4,4,4,0.12733462,0.018788483,0.020908961,0.039960157,0.5945674,0.02306514,0.032128494,0.010689686,0.06612488,0.01646782,0.026638709,0.023325631
syn-0413,0,0,4,9,9,0.005374936,0.007143269,0.0051892567,0.005126296,0.006327041,0.0046812403,0.004806313,0.0071537406,0.0064707603,0.9298907,0.0060491078,0.011787328
syn-0432,0,0,4,6,6,0.0052451747,0.0046096784,0.0051840665,0.0059493687,0.0047316845,0.005480146,0.9449728,0.0041553574,0.0033881934,0.0031581433,0.007302455,0.0058229137
syn-0437,0,0,4,3,10,0.014617523,0.010254625,0.010621551,0.0423799,0.034648627,0.029983142,0.045289736,0.007763307,0.0604107,0.029680893,0.70362425,0.010725785
syn-0468,0,0,4,6,6,0.003794096,0.002820221,0.0049671954,0.006588502,0.0036362964,0.003357282,0.9543534,0.0035442656,0.004006386,0.0034723205,0.0057511553,0.0037089214
syn-0473,0,0,4,10,10,0.004386325,0.00480217,0.0042131417,0.0037821718,0.00611663,0.0033721563,0.003977253,0.0041875048,0.005442901,0.0060027186,0.95019346,0.0035236508
syn-0484,0,0,4,3,3,0.0048174956,0.0056404793,0.0054416396,0.94396234,0.005083323,0.0055557443,0.0059706382,0.004862398,0.0046533444,0.003945388,0.005288401,0.0047788387
syn-0491,0,0,4,10,10,0.005033153,0.004140664,0.0033125281,0.0038859972,0.0041194893,0.0039337245,0.0036666342,0.004648659,0.004849207,0.0057165525,0.9531964,0.003497019
syn-0499,0,0,4,11,11,0.0073548425,0.004789686,0.0063966312,0.0041410816,0.0043271207,0.0052399323,0.005845567,0.0059973537,0.0029407712,0.005787346,0.006831657,0.94034797
syn-0005,1,0,0,11,11,0.0037219222,0.0065130675,0.0059811063,0.0047256723,0.006789074,0.008052973,0.0068398155,0.0045982054,0.0026808002,0.00594181,0.0063552074,0.9378004
syn-0007,1,0,0,6,6,0.045731053,0.02127211,0.011237014,0.01605703,0.06720767,0.048799448,0.5521084,0.007944927,0.18821266,0.016558647,0.007753307,0.017117675
syn-0009,1,0,0,8,8,0.004557762,0.005823776,0.004995954,0.0048327977,0.007504395,0.0046340595,0.008540004,0.0048304377,0.9382159,0.005906828,0.005407193,0.004750907
syn-0023,1,0,0,1,1,0.0053817444,0.9450383,0.00454851,0.0055295816,0.005744243,0.005350303,0.004063346,0.005364691,0.0047204737,0.0050372,0.004743579,0.0044779917
syn-0029,1,0,0,2,2,0.005378835,0.004402958,0.94429684,0.005177829,0.0049310788,0.0033676329,0.0071077724,0.0048962897,0.00488435,0.004189041,0.0068102833,0.0045571635
syn-0034,1,0,0,0,0,0.95016265,0.0043541747,0.0036818322,0.0038341123,0.005605906,0.0064185783,0.0044033495,0.005156843,0.002945463,0.0037912943,0.0041904375,0.005455362
syn-0042,1,0,0,9,9,0.004423348,0.004987896,0.0054447977,0.009025851,0.005027016,0.0040949252,0.0036279026,0.0048794937,0.0048747314,0.9440491,0.004608547,0.004956335
syn-0065,1,0,0,11,11,0.0043350044,0.0034832738,0.0053223916,0.0033678722,0.0031346073,0.004363674,0.004860311,0.0046100835,0.0028304989,0.003335143,0.004394679,0.9559625
syn-0071,1,0,0,6,6,0.0056533604,0.003388161,0.004853316,0.0051411637,0.0045459312,0.007350007,0.9495892,0.0025068268,0.0043878187,0.004180757,0.0039476454,0.0044558286
syn-0073,1,0,0,11,11,0.02018857,0.05916573,0.00900275,0.007093996,0.007700459,0.014059957,0.012649503,0.0096726995,0.011805034,0.008473835,0.028201517,0.811986
syn-0082,1,0,0,1,1,0.012027321,0.3528655,0.01621617,0.019627405,0.0107601825,0.13577633,0.14284928,0.016690128,0.044189215,0.02667075,0.19487083,0.027456973
syn-0087,1,0,0,5,5,0.014247569,0.010322444,0.010902675,0.025008311,0.01785301,0.53988266,0.032322448,0.0140884565,0.116986096,0.016584055,0.17391026,0.027891979
syn-0112,1,0,0,4,4,0.0063904026,0.0056024585,0.006084381,0.0058100107,0.9221622,0.009926387,0.004094845,0.004789697,0.021867948,0.0047039418,0.004098846,0.004468851
syn-0117,1,0,0,6,6,0.003203063,0.003608341,0.0058184355,0.014566961,0.014796357,0.0044102515,0.92938,0.0023560312,0.005963691,0.005287409,0.0054846285,0.005124732
syn-0118,1,0,0,5,5,0.0053542755,0.004177557,0.0030803368,0.0053139054,0.005387055,0.9490939,0.004511505,0.0056690658,0.00473726,0.0043376125,0.0030803368,0.0052571283
syn-0123,1,0,0,10,10,0.005142175,0.0052628336,0.0045302054,0.005039025,0.0043972624,0.0049138907,0.00577727,0.003008939,0.008012139,0.0054724813,0.9449191,0.0035246836
syn-0127,1,0,0,11,11,0.047374185,0.10577351,0.013323412,0.034914482,0.08239661,0.029849362,0.06633697,0.012310115,0.07398617,0.021806292,0.19906358,0.31286532
syn-0130,1,0,0,6,8,0.016478451,0.020871438,0.015510336,0.013761539,0.028620305,0.019251155,0.12898171,0.007776271,0.6999976,0.01042332,0.021655226,0.016672691
syn-0133,1,0,0,2,2,0.01579939,0.01187661,0.82331634,0.015403285,0.01154498,0.009683945,0.017345885,0.04510728,0.010547814,0.009962118,0.015197835,0.014214441
syn-0134,1,0,0,5,5,0.0070899935,0.0035175218,0.0057683475,0.0058792466,0.006966454,0.9180115,0.0058506094,0.008944558,0.012126918,0.00758235,0.011927255,0.00633529
syn-0144,1,0,0,9,9,0.005287699,0.0051100207,0.005397258,0.011029932,0.004749129,0.0048121545,0.0051828944,0.0037974452,0.008811021,0.92920417,0.011732705,0.0048855487
syn-0151,1,0,0,10,10,0.016531669,0.025386892,0.011044776,0.015469519,0.015484633,0.0215298,0.04466429,0.01355218,0.0126752695,0.013499344,0.44725522,0.36290643
syn-0152,1,0,0,3,3,0.0114709,0.009296223,0.007506288,0.5439972,0.3616732,0.008703196,0.0095120305,0.007801494,0.011169668,0.012210709,0.009023417,0.007635671
syn-0153,1,0,0,4,5,0.08034999,0.010800106,0.009233311,0.0117463255,0.24129042,0.5879408,0.013427829,0.0057191136,0.0094384365,0.012558967,0.0057023834,0.011792298
syn-0154,1,0,0,1,1,0.0058073844,0.9417627,0.004098994,0.0050591114,0.004860551,0.009395011,0.004843966,0.0042852345,0.005745334,0.0055794558,0.0042581195,0.0043041073
syn-0155,1,0,0,4,4,0.0038366807,0.0053007575,0.003851697,0.005668862,0.9443217,0.0062009967,0.0038743315,0.0031745136,0.010229957,0.003745974,0.0052428404,0.0045517236
syn-0162,1,0,0,9,9,0.006174233,0.0069741523,0.003977635,0.005104891,0.004993946,0.0042945533,0.005099908,0.006337648,0.008798416,0.9401312,0.0041300314,0.0039834655
syn-0164,1,0,0,8,8,0.009383489,0.0108161615,0.0069783255,0.006428735,0.009482515,0.01947587,0.0112086525,0.005793716,0.89805466,0.008417468,0.008934135,0.0050262995
syn-0170,1,0,0,6,6,0.004211073,0.0032988593,0.006733383,0.006614442,0.007294757,0.0050609554,0.94141626,0.0040260893,0.006993496,0.0049873604,0.0055083884,0.0038548748
syn-0173,1,0,0,8,8,0.005709303,0.0057568923,0.00583899,0.006796538,0.006940747,0.0076490194,0.0101314485,0.003993528,0.92789376,0.006428552,0.007305877,0.0055553042
syn-0190,1,0,0,3,1,0.011465228,0.7499322,0.0071677538,0.11647518,0.017746858,0.042061105,0.011939427,0.006551857,0.006331701,0.017217651,0.0039700232,0.009140877
syn-0193,1,0,0,11,11,0.018244917,0.029752111,0.012607067,0.018200427,0.15268824,0.024816373,0.025170276,0.0128808515,0.052517023,0.045797776,0.20109728,0.40622768
syn-0198,1,0,0,0,0,0.7451454,0.01336425,0.012591386,0.05150631,0.045743603,0.033618234,0.03463039,0.008318336,0.006923133,0.019421145,0.015314709,0.0134231085
syn-0201,1,0,0,0,0,0.9476225,0.0045832726,0.004896768,0.004786839,0.0056623495,0.0037682566,0.0051859254,0.004679378,0.0055922843,0.0040704794,0.0048020557,0.0043499623
syn-0204,1,0,0,1,1,0.006774086,0.9430692,0.004440386,0.004731384,0.004519129,0.0059257983,0.0050513092,0.004879191,0.0093294205,0.004606012,0.0032661513,0.003407888
syn-0209,1,0,0,7,7,0.012315043,0.012213242,0.03403615,0.010021842,0.011580216,0.06324727,0.019113537,0.7600469,0.016366644,0.012177513,0.025449924,0.023431797
syn-0222,1,0,0,8,8,0.004115552,0.004269062,0.004981301,0.0046092,0.0061226184,0.004677214,0.00791794,0.0048968946,0.9423406,0.006128601,0.0058694063,0.004071579
syn-0233,1,0,0,8,8,0.0042924746,0.0050800466,0.004641271,0.004567085,0.0049696425,0.0040166858,0.008404641,0.0034948727,0.9447368,0.005290156,0.0073428615,0.003163527
syn-0244,1,0,0,3,3,0.0057090237,0.0059407945,0.0053317985,0.93924403,0.0059118574,0.005444929,0.0057495865,0.004984364,0.005923415,0.004478876,0.0066217743,0.004659569
syn-0248,1,0,0,6,6,0.00810203,0.008470149,0.009607314,0.0073160003,0.009569858,0.008668896,0.78551006,0.006994624,0.0058157607,0.0063873637,0.13623483,0.0073231477
syn-0251,1,0,0,10,10,0.00562736,0.005020988,0.0061338465,0.006667988,0.003881814,0.0067252093,0.007534636,0.005624613,0.007910703,0.0074132956,0.9337537,0.0037058617
syn-0252,1,0,0,8,8,0.004903496,0.00552123,0.005252982,0.0050197784,0.005219744,0.0036421893,0.0115579115,0.0033194914,0.933073,0.0059757056,0.012998082,0.0035163686
syn-0254,1,0,0,7,11,0.024256457,0.030114036,0.05524639,0.027905382,0.046927083,0.060815323,0.036377713,0.16034932,0.16698134,0.04488759,0.094980635,0.25115874
syn-0263,1,0,0,0,0,0.930501,0.011002264,0.0065194215,0.0055087,0.009272473,0.005023081,0.004115765,0.004426365,0.009996603,0.005003498,0.004450203,0.004180579
syn-0267,1,0,0,4,4,0.017302455,0.0040105744,0.003328131,0.0055885594,0.9300361,0.008331505,0.0035705636,0.0037327942,0.005266654,0.004832954,0.007804543,0.006195039
syn-0269,1,0,0,10,10,0.0053778724,0.0060280804,0.0049507017,0.0043850075,0.007220615,0.004851392,0.004735539,0.004021945,0.005768207,0.0067655668,0.9418257,0.004069354
syn-0272,1,0,0,3,3,0.0950377,0.06548505,0.050437186,0.25720647,0.080509886,0.01991126,0.13015507,0.014681642,0.03377111,0.03164766,0.16622722,0.05492979
syn-0278,1,0,0,9,9,0.004821411,0.0057845786,0.0048002694,0.009183768,0.005362937,0.0060474034,0.005243824,0.0045138416,0.004558138,0.9373775,0.006810908,0.0054954793
syn-0283,1,0,0,7,7,0.0056003574,0.0036853794,0.015849115,0.0065891747,0.0041456064,0.018570252,0.006217218,0.90354556,0.0054280525,0.0060910154,0.015633902,0.008644406
syn-0284,1,0,0,0,0,0.89909697,0.006311709,0.0046790265,0.0046996344,0.008221978,0.00790893,0.0055213226,0.0040552965,0.03600355,0.010324007,0.006608158,0.006569552
syn-0303,1,0,0,7,5,0.021902554,0.005730736,0.015585363,0.008602854,0.016367251,0.5385136,0.012008204,0.32983032,0.012380316,0.0125446115,0.011684302,0.014849888
syn-0308,1,0,0,3,3,0.0047038165,0.0056146323,0.0045557576,0.94423604,0.005415382,0.0037110455,0.0068913787,0.004246433,0.005845425,0.0054392316,0.0047268406,0.004613963
syn-0310,1,0,0,10,10,0.0049692155,0.0045812097,0.0036480026,0.0044175535,0.004323657,0.0044326787,0.0051722145,0.0052000694,0.005698624,0.008362092,0.9446556,0.0045389044
syn-0311,1,0,0,9,9,0.008236074,0.010103375,0.007594841,0.01972358,0.008911844,0.0062963436,0.0106556695,0.0039094887,0.004495402,0.89079785,0.011601972,0.017673628
syn-0323,1,0,0,7,7,0.004042775,0.0042243977,0.0064038043,0.0044946526,0.0038651847,0.01494027,0.004316138,0.9311166,0.009155686,0.0065380847,0.0050043636,0.005898021
syn-0325,1,0,0,4,4,0.012283092,0.0134049775,0.008442038,0.058799986,0.73224443,0.0512362,0.032215804,0.009326251,0.013589507,0.037788432,0.013966221,0.01670314
syn-0333,1,0,0,5,5,0.019652925,0.007270619,0.007270619,0.027193943,0.37620363,0.41641945,0.015279579,0.008087234,0.069454886,0.014318835,0.0261873,0.012661032
syn-0353,1,0,0,7,7,0.009006328,0.006725695,0.010994446,0.01265453,0.0075360998,0.12044451,0.0035877214,0.77020586,0.010351045,0.027714364,0.00948012,0.011299224
syn-0363,1,0,0,9,9,0.02579432,0.017126182,0.009536811,0.014541902,0.014018995,0.015442028,0.015404371,0.006029494,0.057795852,0.7959016,0.009931251,0.018477174
syn-0371,1,0,0,6,6,0.004600858,0.0048856456,0.0054663224,0.0048052054,0.0041121175,0.0038856778,0.9494023,0.003445883,0.0033677034,0.0042281733,0.0065599247,0.0052402522
syn-0373,1,0,0,11,11,0.0043329513,0.005767973,0.0052112476,0.0039106747,0.0032595235,0.0052405926,0.005401009,0.0032121243,0.0027207755,0.004562007,0.0036665704,0.95271456
syn-0376,1,0,0,5,5,0.0039626067,0.00477282,0.0040506395,0.0052316887,0.0032691148,0.9411636,0.011847502,0.006281799,0.004978724,0.0037903886,0.006048896,0.0046023186
syn-0377,1,0,0,5,5,0.008290007,0.011197719,0.006497376,0.0082597025,0.0083815865,0.84725684,0.0074093756,0.068871215,0.009196386,0.0083468715,0.0044896267,0.011803349
syn-0382,1,0,0,0,0,0.9520802,0.004704835,0.004388601,0.004655701,0.0061388835,0.004317399,0.0037620266,0.0047002425,0.0032909254,0.004287986,0.004145924,0.0035272012
syn-0384,1,0,0,1,1,0.006415347,0.94402075,0.005410183,0.0052578305,0.0044819154,0.005915869,0.0050490047,0.0044383598,0.007909818,0.0046901316,0.0024957797,0.0039149267
syn-0397,1,0,0,1,1,0.005650092,0.94487876,0.004464138,0.00556929,0.004596858,0.004948594,0.004578937,0.004648774,0.0036275468,0.005196221,0.006046883,0.0057939733
syn-0405,1,0,0,8,8,0.005328524,0.0059255618,0.005111896,0.0044564987,0.0047928123,0.0043895496,0.0053207246,0.006033588,0.93866724,0.010716716,0.004649891,0.004606952
syn-0410,1,0,0,10,10,0.0057889344,0.0056825127,0.005432892,0.005250335,0.007603723,0.003998147,0.0040472513,0.004041327,0.004838017,0.0057523046,0.9403764,0.0071881935
syn-0416,1,0,0,2,2,0.0056743226,0.004642568,0.9394797,0.0065382845,0.005841595,0.0039304886,0.006311646,0.00490832,0.004692708,0.005810304,0.006024086,0.0061459
syn-0421,1,0,0,10,10,0.0049408893,0.007766944,0.0051641194,0.007453003,0.0035570513,0.005782128,0.004991812,0.004068235,0.0074339216,0.007478064,0.937438,0.0039257784
syn-0427,1,0,0,5,5,0.008222361,0.0076491297,0.0046553155,0.009845684,0.049708396,0.87168807,0.008479225,0.003966379,0.013675221,0.007957719,0.0052162525,0.00893619
syn-0437,1,0,0,3,10,0.014178123,0.009100603,0.012174657,0.17768644,0.08344278,0.012947204,0.022240067,0.007618705,0.0392715,0.029986706,0.5814746,0.009878611
syn-0439,1,0,0,6,6,0.011794944,0.010424261,0.008576857,0.0071261046,0.009312362,0.010710616,0.8763595,0.006730408,0.04220646,0.0057315803,0.0036025282,0.0074244635
syn-0448,1,0,0,4,5,0.006425177,0.006197162,0.00391041,0.0060476963,0.034853105,0.9023915,0.0065647117,0.004172785,0.008123176,0.008310738,0.0071189725,0.0058845696
syn-0449,1,0,0,11,11,0.0052502505,0.004269466,0.005745194,0.0058399434,0.005107387,0.0032719148,0.007390946,0.005181488,0.003338077,0.0050936895,0.007542012,0.94196963
syn-0450,1,0,0,10,10,0.004555551,0.004910117,0.004538899,0.003937691,0.0042639007,0.004461989,0.0046442673,0.004517893,0.004500279,0.0045767315,0.95136636,0.0037263113
syn-0451,1,0,0,8,8,0.006878566,0.0071981233,0.0048919446,0.0055976985,0.0060555115,0.020153165,0.005854891,0.02302126,0.8878136,0.018656844,0.006309046,0.0075693973
syn-0455,1,0,0,2,2,0.032365594,0.08370438,0.23349722,0.158843,0.03435221,0.020323215,0.07025422,0.12101852,0.03308462,0.138884,0.020382844,0.053290237
syn-0473,1,0,0,10,10,0.004420232,0.005826621,0.004233289,0.004406225,0.0052722734,0.003924723,0.005305847,0.0040691267,0.0063852463,0.0065251077,0.9459209,0.0037104136
syn-0474,1,0,0,0,0,0.9469663,0.0051182085,0.0043384675,0.006724064,0.0068479013,0.0056681074,0.004493705,0.0037127004,0.0036178527,0.005532752,0.002834144,0.0041458635
syn-0478,1,0,0,2,2,0.012322595,0.011413245,0.8418112,0.018730747,0.011214374,0.009037441,0.014505395,0.024378112,0.011781292,0.009215688,0.016322793,0.019267026
syn-0480,1,0,0,1,1,0.00783965,0.5850482,0.018787986,0.047163855,0.08586265,0.018733025,0.047325335,0.01098036,0.011907435,0.01459642,0.020574203,0.13118087
syn-0482,1,0,0,1,1,0.0141226025,0.8744814,0.006296773,0.028254649,0.011689484,0.0069427183,0.01037149,0.006752154,0.0053024148,0.01067723,0.012822725,0.012286417
syn-0484,1,0,0,3,3,0.005775507,0.0064147916,0.006386663,0.9391118,0.004865839,0.005205012,0.005722173,0.0055434126,0.0060659926,0.0044499096,0.0055787126,0.0048801163
syn-0495,1,0,0,2,2,0.005817018,0.004861487,0.94056535,0.008083033,0.006606044,0.004055979,0.005554704,0.0044221138,0.004432923,0.004965851,0.0047814455,0.00585406
syn-0496,1,0,0,8,8,0.004430113,0.004901294,0.0051289927,0.004484522,0.005066764,0.003852709,0.008567194,0.0034721454,0.94318724,0.006597022,0.0068297377,0.0034823322
syn-0002,1,0,1,1,1,0.0052644643,0.94336754,0.005318723,0.004933447,0.005087567,0.0063579124,0.0048974454,0.005208215,0.0041604694,0.0059175515,0.0040364047,0.005450173
syn-0004,1,0,1,10,10,0.008643735,0.0068277484,0.008320721,0.0069828415,0.008758445,0.008643735,0.018050311,0.007959095,0.13554126,0.017725512,0.7604312,0.012115448
syn-0011,1,0,1,10,8,0.014362414,0.032711767,0.013173259,0.012805422,0.016450519,0.037443615,0.039278913,0.008939627,0.4426757,0.038568,0.31268027,0.030910447
syn-0015,1,0,1,6,6,0.0066504283,0.014185917,0.006507483,0.005445176,0.003981831,0.016224574,0.92066956,0.0046963277,0.005992048,0.006105757,0.0040583834,0.0054825265
syn-0017,1,0,1,3,3,0.0051855673,0.0062534614,0.005090238,0.93195593,0.0061444975,0.008580399,0.0056398846,0.0072461767,0.0052955947,0.0084401565,0.0051126564,0.00505556
syn-0031,1,0,1,0,0,0.9486385,0.005191486,0.0053393086,0.004076834,0.004834274,0.0039072754,0.004947707,0.005618819,0.004112824,0.004173513,0.004647941,0.0045115426
syn-0036,1,0,1,5,5,0.007256783,0.00797537,0.0027394425,0.0046804724,0.0150058195,0.92883056,0.007890636,0.0031178666,0.004409797,0.0053937705,0.0063841846,0.0063152006
syn-0051,1,0,1,3,3,0.0053762426,0.006466015,0.0049516177,0.9380985,0.0058045955,0.0063270335,0.0052248454,0.0057062386,0.005170282,0.006676971,0.004526145,0.005671516
syn-0058,1,0,1,9,9,0.0045658723,0.006427918,0.0034230219,0.0062195137,0.005651882,0.006402858,0.0030504507,0.004139045,0.011930032,0.9380516,0.0054154927,0.004722324
syn-0062,1,0,1,7,7,0.007112244,0.005579058,0.007204871,0.0042859754,0.0029935543,0.012640314,0.0029760655,0.9332275,0.0077751228,0.0058984174,0.005074832,0.0052320915
syn-0063,1,0,1,1,1,0.005372903,0.94764096,0.005141902,0.0047869324,0.0048103635,0.0049148286,0.0050264695,0.004078517,0.0043713395,0.005270268,0.004013326,0.0045721857
syn-0067,1,0,1,5,5,0.004498037,0.0068653887,0.0038025517,0.005008132,0.0034843097,0.9400436,0.0049244734,0.0090984935,0.0048730457,0.004904077,0.0063085,0.006189504
syn-0068,1,0,1,10,9,0.030775629,0.017137583,0.025513893,0.036289122,0.081003845,0.039526336,0.06553488,0.010620204,0.15591045,0.30855462,0.194413,0.03472044
syn-0069,1,0,1,11,11,0.005922014,0.006669687,0.0055334168,0.0038554098,0.007948296,0.0038535278,0.005626046,0.004100057,0.0033907776,0.0053566284,0.0048169144,0.9429271
syn-0086,1,0,1,10,10,0.0043891785,0.004829994,0.0032041438,0.0032025794,0.0041262726,0.0054218974,0.0035884706,0.0056111044,0.004373134,0.0043190215,0.9531358,0.0037985176
syn-0093,1,0,1,5,5,0.0052340613,0.00822203,0.003418364,0.004727426,0.003410029,0.923153,0.025456589,0.004715899,0.0045931786,0.004983414,0.0052302293,0.0068557314
syn-0094,1,0,1,1,1,0.0046290266,0.9186213,0.009041094,0.008844604,0.005066644,0.0068915486,0.012206846,0.0061624805,0.004963796,0.0069388202,0.005570057,0.011063865
syn-0098,1,0,1,10,10,0.005011225,0.01317706,0.0035086633,0.0037222083,0.008653601,0.0108404765,0.0051125586,0.004950425,0.007777661,0.0057707014,0.92649347,0.0049819485
syn-0114,1,0,1,4,3,0.0099932365,0.008767478,0.0063057346,0.5665165,0.33960646,0.0126697,0.012866078,0.006324236,0.008623126,0.010890013,0.008136354,0.009301087
syn-0119,1,0,1,6,6,0.005688006,0.0053695417,0.0059872326,0.0052953367,0.0041391426,0.006864396,0.94128543,0.005017197,0.0039265226,0.005446116,0.005672751,0.0053082807
syn-0122,1,0,1,3,3,0.00425936,0.0049991864,0.0054878513,0.9342499,0.0077414736,0.0096868975,0.006478911,0.005593358,0.0056814407,0.005501266,0.0048312033,0.005489192
syn-0125,1,0,1,9,9,0.00910349,0.017409554,0.005322999,0.010776406,0.0148814125,0.011013123,0.016378487,0.0025815864,0.0148795955,0.86680174,0.01817254,0.012679122
syn-0137,1,0,1,8,8,0.0047941552,0.004541232,0.004980267,0.0041126893,0.0048554065,0.0053508785,0.0056959805,0.004784801,0.9467566,0.004891099,0.0044403686,0.0047964966
syn-0141,1,0,1,2,2,0.004921414,0.003947715,0.9463658,0.0055305935,0.0040829848,0.0030624974,0.0054315734,0.006269279,0.0048121074,0.0051739938,0.0048415675,0.005560379
syn-0148,1,0,1,7,7,0.00931512,0.025091888,0.019782798,0.0074776034,0.01525341,0.07559491,0.012547111,0.69109654,0.027608557,0.024167484,0.03447073,0.057593875
syn-0161,1,0,1,2,2,0.004922548,0.0040059136,0.9482029,0.005454088,0.004728193,0.0024752126,0.00602461,0.00609265,0.0037157347,0.0050466703,0.0045604,0.0047710976
syn-0167,1,0,1,0,0,0.9466848,0.004518769,0.005611356,0.0041224295,0.0042720223,0.004116396,0.005754251,0.0066401022,0.004274109,0.0041689877,0.0048043365,0.0050324434
syn-0184,1,0,1,2,2,0.0048443335,0.0043925475,0.951309,0.0043839766,0.004104312,0.0022151917,0.0055195857,0.0053877775,0.0041213823,0.004752956,0.004431324,0.004537517
syn-0186,1,0,1,3,3,0.006316205,0.008897089,0.004522813,0.9337533,0.0060594226,0.0071484656,0.0060063996,0.005008743,0.005052959,0.006526256,0.00472831,0.0059800623
syn-0207,1,0,1,0,0,0.9423575,0.004533393,0.004695605,0.0045644892,0.0042545716,0.008585557,0.006182813,0.005712586,0.00645112,0.0040716515,0.0043173525,0.00427331
syn-0213,1,0,1,0,0,0.9378491,0.005023349,0.005908845,0.0043793037,0.0058557093,0.004132094,0.0059175068,0.0061758086,0.0073905736,0.0039815656,0.006417123,0.0069691227
syn-0218,1,0,1,8,8,0.003907345,0.0055697504,0.004651429,0.0034280743,0.0048343604,0.007862281,0.011584293,0.0049829506,0.936688,0.0038712628,0.0069792136,0.0056409114
syn-0219,1,0,1,0,0,0.9524663,0.003949951,0.0048443093,0.004089289,0.004303362,0.0045142905,0.0044682384,0.0052809627,0.0029139335,0.0035563074,0.0050164224,0.004596589
syn-0226,1,0,1,6,6,0.0051797354,0.004969157,0.006505573,0.004944952,0.0042420514,0.0050981864,0.94602925,0.0047358177,0.0036461789,0.0044837818,0.004736974,0.005428316
syn-0240,1,0,1,6,6,0.011405226,0.010708988,0.0065000886,0.012646028,0.05628945,0.027974363,0.8352849,0.0026715414,0.009601818,0.013009287,0.0038946695,0.0100136055
syn-0246,1,0,1,8,8,0.032503895,0.14497276,0.01674907,0.016790012,0.008904055,0.021214202,0.036569934,0.0144386,0.6696929,0.013851607,0.014694648,0.009618181
syn-0253,1,0,1,3,3,0.0042174608,0.0056696744,0.00475341,0.9405453,0.005549164,0.006798978,0.0061378675,0.005691865,0.005224424,0.0045180526,0.0052847182,0.005609096
syn-0257,1,0,1,4,4,0.009344996,0.015898313,0.0062616915,0.01122279,0.8257452,0.07756001,0.014446452,0.007074669,0.010845679,0.0089040045,0.0051356587,0.0075604212
syn-0259,1,0,1,4,4,0.0031720835,0.0036796813,0.003922743,0.005861481,0.9459054,0.007402826,0.00676384,0.0031320676,0.005605367,0.003961238,0.004304085,0.006289219
syn-0261,1,0,1,5,5,0.003980297,0.0045036655,0.003567915,0.004096631,0.007212392,0.9343513,0.017113242,0.0050438656,0.0061670626,0.0032629312,0.0037409689,0.0069596786
syn-0268,1,0,1,6,6,0.0049021645,0.0044591147,0.005241309,0.005322548,0.009841186,0.005452761,0.93784344,0.0029386727,0.0052272524,0.0049045584,0.0045072734,0.009359625
syn-0275,1,0,1,0,0,0.944093,0.004727279,0.0054437215,0.0049771797,0.0043720184,0.0063565914,0.0055673765,0.006647029,0.004231302,0.00402376,0.0049203946,0.0046403743
syn-0281,1,0,1,10,5,0.012781363,0.020288512,0.005652343,0.009337357,0.018021312,0.7895975,0.014862883,0.0046449522,0.07258836,0.014440813,0.03014136,0.007643289
syn-0285,1,0,1,11,11,0.005037389,0.004128496,0.005890742,0.0033761684,0.00430135,0.005272698,0.0059871613,0.004552013,0.004402279,0.00540433,0.0035694283,0.948078
syn-0290,1,0,1,0,0,0.93129736,0.0036925054,0.0044583636,0.0057372446,0.01676009,0.011172808,0.003601689,0.0047227866,0.0047204806,0.00326659,0.0050322916,0.005537696
syn-0292,1,0,1,11,11,0.0054383925,0.0045328666,0.006521628,0.0035526801,0.0042561553,0.005826003,0.0056055486,0.0068379454,0.0033244225,0.004996645,0.004095104,0.9450126
syn-0302,1,0,1,10,10,0.0046954677,0.004558787,0.003509024,0.0034077116,0.003406048,0.0043447185,0.0042110453,0.004825041,0.0045632413,0.0040517007,0.95553505,0.0028920874
syn-0304,1,0,1,1,1,0.0052783247,0.94124407,0.0047848956,0.0054591885,0.0044188276,0.007119255,0.0069500944,0.0057533965,0.0048247795,0.0052398066,0.004195936,0.0047314595
syn-0306,1,0,1,5,5,0.005018868,0.0067457976,0.0036123085,0.0034875197,0.007676836,0.9358694,0.004451902,0.009547419,0.008611697,0.003058251,0.0063700527,0.0055499575
syn-0313,1,0,1,11,1,0.03650952,0.22364792,0.06701821,0.043029234,0.03225102,0.05001237,0.055385683,0.04519344,0.030654158,0.03329103,0.18869863,0.19430868
syn-0314,1,0,1,8,8,0.0043088044,0.0055923676,0.0046294495,0.0037307807,0.0047415486,0.004861106,0.005306394,0.004077503,0.9483309,0.005135605,0.005306394,0.0039791595
syn-0322,1,0,1,2,2,0.0154360095,0.006642187,0.90682113,0.014848289,0.0072364784,0.004603156,0.008601927,0.010692212,0.0057455283,0.0052186064,0.004770193,0.009384153
syn-0324,1,0,1,7,7,0.008593088,0.020943478,0.00792019,0.0055943592,0.0049952012,0.033639606,0.012207277,0.8078813,0.050523695,0.022302382,0.013221791,0.012177512
syn-0335,1,0,1,3,11,0.006155438,0.0046822387,0.005128641,0.005971155,0.00892446,0.0049647857,0.0058728424,0.0036572297,0.002024651,0.007470787,0.0031759052,0.94197196
syn-0343,1,0,1,8,8,0.0073415223,0.0066195703,0.0066422345,0.004265577,0.00817807,0.0070982953,0.005063025,0.010424222,0.9068276,0.01674757,0.007938078,0.012854138
syn-0346,1,0,1,6,6,0.0055137887,0.004422888,0.0057882844,0.0066604447,0.0041367,0.0036310698,0.9476455,0.004263847,0.0043246537,0.004913653,0.004377768,0.0043214867
syn-0348,1,0,1,9,9,0.0141707,0.018184435,0.004639466,0.007876598,0.0128397215,0.00965061,0.0059137195,0.005026266,0.017103562,0.8893213,0.0052777794,0.009995923
syn-0349,1,0,1,5,5,0.005052229,0.0053571025,0.003158518,0.005175829,0.0044858726,0.9427805,0.003377033,0.008949583,0.004497936,0.00426064,0.0042336807,0.008671057
syn-0350,1,0,1,2,2,0.005242566,0.004242451,0.94565654,0.00625923,0.0040699765,0.0027931568,0.006397503,0.006864357,0.0044656317,0.004922531,0.0035864841,0.0054995297
syn-0351,1,0,1,11,11,0.0050970763,0.010027827,0.0062374496,0.0050598807,0.008015891,0.009769559,0.005838122,0.007286979,0.002937026,0.005849536,0.0038568797,0.93002367
syn-0354,1,0,1,8,8,0.005779102,0.0055835485,0.005657647,0.0048498865,0.0058215847,0.0059771254,0.0053006136,0.0049190507,0.9438351,0.004156438,0.0035883258,0.0045316415
syn-0356,1,0,1,8,8,0.009157143,0.022307325,0.0068583824,0.0052048597,0.010285603,0.0060643344,0.027525699,0.0046747276,0.8839128,0.007024454,0.0069324537,0.010052244
syn-0357,1,0,1,3,3,0.0048014354,0.0072069285,0.0067860037,0.93760526,0.006662879,0.004829652,0.0067545986,0.0035594234,0.004003922,0.0061968546,0.006199882,0.00539313
syn-0367,1,0,1,4,4,0.004835587,0.004587192,0.003937067,0.0053433673,0.9442742,0.007855882,0.0033708424,0.0030512558,0.010164715,0.0044765566,0.003175904,0.0049273497
syn-0372,1,0,1,1,1,0.005099838,0.9442587,0.004359993,0.006020825,0.0042756633,0.005028132,0.0046684626,0.004265237,0.0037567143,0.0074256565,0.0037861785,0.0070545413
syn-0378,1,0,1,2,2,0.0055869888,0.0051924116,0.94188374,0.0059328163,0.004670384,0.0030036704,0.006491313,0.0060291877,0.0048933253,0.0053768917,0.0053194407,0.0056198207
syn-0380,1,0,1,4,5,0.011916669,0.0067173652,0.0029720925,0.0058819214,0.019762725,0.9211238,0.005050765,0.0062811766,0.0054491926,0.005384393,0.0044139684,0.0050458354
syn-0381,1,0,1,8,8,0.005650255,0.005863871,0.0041989125,0.0030600138,0.0045201993,0.010108543,0.0058581475,0.008886929,0.9327581,0.0077551026,0.005300153,0.00603968
syn-0408,1,0,1,4,4,0.10756335,0.0172112,0.018303344,0.029674826,0.67849475,0.028876161,0.01976649,0.009668762,0.036721885,0.012598134,0.021656306,0.01946479
syn-0415,1,0,1,1,11,0.017282734,0.23169251,0.01688238,0.02006791,0.068387926,0.032517813,0.015507277,0.013446667,0.082652844,0.03407837,0.024792662,0.44269097
syn-0423,1,0,1,9,9,0.004651254,0.0058140736,0.0047360496,0.0056710774,0.003951325,0.0045479476,0.004297508,0.0062467344,0.006776628,0.94353825,0.0047152825,0.005053822
syn-0426,1,0,1,10,10,0.0068544424,0.0054701776,0.006253242,0.0062654675,0.007835668,0.020644234,0.013122275,0.010794087,0.042795803,0.014361069,0.8441866,0.021416878
syn-0428,1,0,1,8,1,0.006640037,0.93165743,0.006532307,0.005459279,0.0057129003,0.005928885,0.0050293235,0.004992622,0.013223034,0.0054300353,0.0045904443,0.004803703
syn-0433,1,0,1,5,5,0.007336837,0.009211446,0.006172205,0.006625044,0.016343188,0.7900585,0.005801082,0.12021652,0.010719432,0.01025606,0.00445219,0.012807573
syn-0435,1,0,1,10,10,0.004440758,0.004902288,0.0031705687,0.0036253256,0.0032236443,0.0047052847,0.003914174,0.0049286895,0.0038761352,0.0043655103,0.95566463,0.0031829777
syn-0443,1,0,1,7,7,0.017756328,0.013624224,0.01532561,0.012064501,0.012477896,0.17676792,0.013551243,0.6396816,0.024661439,0.02377628,0.0066756764,0.043637283
syn-0447,1,0,1,7,7,0.0049460405,0.006615126,0.0049629747,0.004148746,0.002340912,0.017475402,0.00474728,0.92612505,0.0054868106,0.0059268656,0.005231718,0.011993077
syn-0457,1,0,1,9,9,0.0051751607,0.0057144123,0.0050602173,0.00560115,0.004588298,0.004431957,0.0028909785,0.0056963046,0.0039572916,0.94727284,0.004076933,0.005534543
syn-0458,1,0,1,6,6,0.0045245835,0.004011496,0.005746202,0.004623972,0.003716373,0.005282676,0.95114833,0.00510392,0.003671283,0.0036427123,0.004180471,0.004348064
syn-0464,1,0,1,4,4,0.013686695,0.004161995,0.004151846,0.0047161584,0.9409528,0.0054922514,0.0029642945,0.0038062292,0.0051531983,0.0043959427,0.0042752814,0.0062433197
syn-0469,1,0,1,9,9,0.0042485194,0.004638825,0.0054525435,0.0052219415,0.0053785043,0.0038475993,0.0029514977,0.006784972,0.004400538,0.9465469,0.0036109572,0.006917104
syn-0472,1,0,1,8,8,0.0040138555,0.0037614736,0.004568326,0.003743152,0.004460322,0.0043527465,0.005564529,0.004067123,0.95147556,0.004595172,0.0051187812,0.0042789904
syn-0486,1,0,1,1,1,0.0050487225,0.9402879,0.005716764,0.0063170753,0.004003631,0.004867177,0.006092896,0.004459835,0.005852333,0.0057293386,0.0046216715,0.0070026154
syn-0491,1,0,1,10,10,0.005363524,0.00447101,0.0031696467,0.0036127872,0.004468827,0.004700473,0.0038930252,0.0046867225,0.0051813996,0.0045060767,0.95212686,0.0038195923
syn-0499,1,0,1,11,11,0.006462869,0.004402992,0.0063696657,0.0034257066,0.005376251,0.0049600955,0.0050382055,0.0060211155,0.0029173137,0.0058401413,0.004420225,0.9447654
syn-0006,1,0,2,7,7,0.028156372,0.017169677,0.037983473,0.014924558,0.010562446,0.024993932,0.021139696,0.49230665,0.041789312,0.1726472,0.05936016,0.0789665
syn-0013,1,0,2,6,6,0.005109068,0.007367815,0.0053372914,0.0044032168,0.0038631232,0.006106549,0.94204974,0.0036970335,0.004614532,0.0050065815,0.006915404,0.005529617
syn-0016,1,0,2,9,9,0.0051931334,0.009712716,0.004278017,0.008088575,0.005579586,0.005357981,0.0076394347,0.0034425224,0.015450932,0.9099165,0.020730678,0.0046098563
syn-0018,1,0,2,3,6,0.0052294806,0.0038334494,0.00413484,0.0150435995,0.010793254,0.0055086184,0.93527013,0.0026683502,0.0045992536,0.005907,0.0026787939,0.0043332754
syn-0025,1,0,2,8,8,0.0053641885,0.004815476,0.0067085167,0.005039189,0.0042579514,0.0052732946,0.0067413533,0.0071168127,0.94218546,0.0044907094,0.003859909,0.0041471487
syn-0026,1,0,2,10,10,0.0069134417,0.0061182445,0.004695604,0.0055761677,0.00581247,0.006128709,0.008264211,0.0050722025,0.0060484414,0.00665915,0.9341112,0.004600288
syn-0032,1,0,2,4,4,0.010284752,0.007317951,0.014167844,0.015621234,0.5574307,0.008909408,0.31948093,0.00927337,0.018691607,0.019064918,0.005682553,0.0140747605
syn-0033,1,0,2,5,5,0.004572379,0.007084163,0.0031356495,0.004762654,0.0044861315,0.9414547,0.0053261123,0.0069793896,0.006180661,0.0065696496,0.003422046,0.0060264408
syn-0038,1,0,2,5,5,0.005586204,0.006916169,0.0030932908,0.008427447,0.006511829,0.93739307,0.0058793575,0.005781851,0.0029016244,0.004773469,0.0040740035,0.008661593
syn-0040,1,0,2,4,4,0.005988647,0.004684504,0.0049623395,0.013584879,0.92104614,0.010574105,0.0059246602,0.0053813104,0.005326413,0.008406262,0.007800188,0.0063206414
syn-0045,1,0,2,9,9,0.014754508,0.019495316,0.009105537,0.02101459,0.01313896,0.011561172,0.010217654,0.007934239,0.0129605485,0.74194366,0.1286789,0.009194895
syn-0049,1,0,2,8,8,0.005886454,0.0060084187,0.005250882,0.005099279,0.009112668,0.00399466,0.0059674857,0.0055650254,0.9368077,0.0090954425,0.0041416376,0.0030702988
syn-0050,1,0,2,4,4,0.008125888,0.007195623,0.0062930114,0.009733728,0.9123304,0.005456795,0.009717107,0.004968468,0.0066111395,0.0077273194,0.008526258,0.013314175
syn-0053,1,0,2,10,10,0.005637505,0.0072342833,0.0055799945,0.0063663335,0.0058292532,0.0073922914,0.0070228437,0.0051342607,0.0049255304,0.0066751186,0.9322453,0.0059573003
syn-0059,1,0,2,3,3,0.0051513384,0.006743261,0.005845788,0.9344332,0.006132319,0.008658387,0.005631455,0.0055319793,0.004177796,0.0072097783,0.0055184895,0.0049661035
syn-0077,1,0,2,2,2,0.005075131,0.00457717,0.9445143,0.006270777,0.004790981,0.002451179,0.0076789553,0.00434205,0.0047933212,0.0046401783,0.005784673,0.0050813304
syn-0079,1,0,2,1,1,0.0057319263,0.896758,0.0072422964,0.015080431,0.007938586,0.01024074,0.023921141,0.004084439,0.0085210195,0.0062891454,0.006338471,0.007853766
syn-0083,1,0,2,0,0,0.9399482,0.004913166,0.0053149937,0.005240263,0.007318138,0.004566177,0.005456999,0.0047736433,0.0063472525,0.005341009,0.006222966,0.0045572678
syn-0085,1,0,2,3,3,0.017203813,0.31263408,0.006444311,0.5661072,0.018340213,0.014550869,0.010358494,0.006179302,0.006469533,0.01921334,0.009893802,0.012605031
syn-0090,1,0,2,5,5,0.029704984,0.011247247,0.0057473374,0.004566542,0.021764489,0.8567372,0.008473302,0.012022427,0.024020616,0.009503559,0.0049376097,0.01127474
syn-0091,1,0,2,4,4,0.0055869115,0.0037244125,0.00440991,0.0064761858,0.94394255,0.004738079,0.005175886,0.00450348,0.0056513883,0.0059997374,0.0042763194,0.0055150855
syn-0095,1,0,2,11,11,0.004922858,0.0063164467,0.006152076,0.0044203694,0.0038895505,0.0045874882,0.0088799335,0.004791242,0.004062305,0.004833538,0.0069499733,0.9401943
syn-0100,1,0,2,2,2,0.006111555,0.005152731,0.93994915,0.005344928,0.0048134383,0.0029567983,0.007472054,0.0050444403,0.0052364315,0.0054118945,0.006526397,0.0059801918
syn-0101,1,0,2,3,3,0.0047057155,0.005765562,0.006114974,0.94116414,0.0059037297,0.0062937,0.006006957,0.005027585,0.0044487594,0.00518338,0.0043457043,0.005039875
syn-0103,1,0,2,11,11,0.02001651,0.07114684,0.011412027,0.01342697,0.023182033,0.017018927,0.013725262,0.010184819,0.0045128707,0.027526826,0.0318577,0.75598925
syn-0107,1,0,2,10,10,0.0077859634,0.0072910585,0.004501772,0.006486385,0.006373363,0.014567419,0.011712575,0.006585315,0.006489553,0.011880513,0.9016945,0.014631578
syn-0128,1,0,2,2,2,0.0064935526,0.0046794154,0.9391084,0.006147972,0.0047392,0.0031263079,0.006834321,0.005442813,0.0051809046,0.005555586,0.0061916546,0.0064998968
syn-0149,1,0,2,8,8,0.010632697,0.010528081,0.0067100516,0.0059273853,0.0053995815,0.0071393256,0.0066610854,0.006220953,0.92191976,0.0063871634,0.005253937,0.0072199563
syn-0158,1,0,2,1,1,0.0048053334,0.9466501,0.0054932246,0.0052186875,0.003584997,0.00395469,0.006403443,0.004621244,0.004892937,0.005295696,0.004360376,0.004719298
syn-0163,1,0,2,4,4,0.0064864494,0.004668594,0.0054183085,0.0060209944,0.9197124,0.006472213,0.0065038926,0.0059945933,0.02263441,0.006650006,0.0032592039,0.0061788447
syn-0166,1,0,2,5,5,0.016864106,0.0075273784,0.003835234,0.0066169896,0.016659496,0.9082463,0.0073225526,0.005729324,0.0053325,0.0073225526,0.007681467,0.0068621277
syn-0171,1,0,2,6,6,0.0075441464,0.01112743,0.0066204057,0.006140839,0.006530508,0.007846586,0.9104917,0.003677621,0.02293886,0.0084903985,0.003437977,0.00515346
syn-0177,1,0,2,8,8,0.0065935054,0.008958508,0.007751996,0.0060594096,0.0049334867,0.0075872256,0.00941598,0.009542105,0.9237744,0.005264506,0.004271663,0.005847229
syn-0179,1,0,2,1,1,0.00655096,0.94164574,0.0051632924,0.0051936354,0.0034613968,0.0045233388,0.006113624,0.004377752,0.0077709155,0.0048480965,0.0040527144,0.0062984587
syn-0181,1,0,2,10,10,0.013494042,0.01961934,0.01945716,0.019141477,0.018149354,0.0061961487,0.07486056,0.015142155,0.17043962,0.03703153,0.5925734,0.013895222
syn-0191,1,0,2,4,4,0.005351467,0.0043912632,0.0045773527,0.014815608,0.91370475,0.0061595007,0.010295724,0.004497594,0.008011959,0.010366029,0.012784332,0.0050444505
syn-0192,1,0,2,5,5,0.0049979445,0.008867483,0.0039143213,0.0059876004,0.0035832245,0.9365295,0.0048774015,0.0064473255,0.004146477,0.0055674487,0.004811172,0.010270149
syn-0194,1,0,2,1,1,0.006257621,0.93576884,0.0062897857,0.0058455747,0.0045127007,0.0047016405,0.0065005454,0.005811423,0.010531481,0.0060032215,0.0034247101,0.0043525547
syn-0196,1,0,2,4,4,0.029005876,0.0041502244,0.005065137,0.006193827,0.9138749,0.0067611947,0.006997993,0.0045849164,0.0074456884,0.0052540665,0.0043579014,0.0063082837
syn-0197,1,0,2,11,11,0.013420076,0.0069108047,0.008419882,0.008598535,0.030911645,0.0095713055,0.009452871,0.005977883,0.010706277,0.007811872,0.0031856997,0.88503313
syn-0203,1,0,2,8,8,0.0049150805,0.0071287383,0.007283552,0.0053797406,0.0048935283,0.006399527,0.0070870905,0.008009188,0.9348209,0.005499256,0.0039570993,0.004626318
syn-0208,1,0,2,8,8,0.0059258435,0.0074490225,0.0065193977,0.004878037,0.004196926,0.0056008953,0.007866776,0.006119923,0.9373378,0.005089723,0.004591451,0.004424188
syn-0210,1,0,2,0,0,0.875512,0.007641531,0.0070741647,0.006507487,0.028377872,0.01839384,0.009843111,0.0090922825,0.011710406,0.008784618,0.0053922627,0.011670448
syn-0224,1,0,2,8,8,0.013422017,0.0095321685,0.008042583,0.006723112,0.008871952,0.006377759,0.014030997,0.008173225,0.89006394,0.007821828,0.020327942,0.0066124196
syn-0239,1,0,2,6,6,0.005156464,0.0055051316,0.0072487365,0.005893181,0.004471272,0.0052402243,0.9358198,0.004717995,0.004085078,0.0045129466,0.01034917,0.0070000347
syn-0242,1,0,2,0,0,0.94526684,0.004251069,0.0055961157,0.0047193104,0.0070573343,0.0039896113,0.0054305666,0.004520822,0.00539357,0.004978504,0.00410221,0.00469403
syn-0243,1,0,2,10,10,0.0061546024,0.0061681406,0.0053852047,0.0050490606,0.0047780205,0.0053825756,0.005001214,0.0059579676,0.0052450676,0.0064981757,0.93759984,0.0067801685
syn-0250,1,0,2,11,11,0.0041556945,0.0037736546,0.005911843,0.0035850576,0.0034629002,0.003991617,0.004527514,0.0043732435,0.002513796,0.0045264084,0.0050873146,0.95409083
syn-0260,1,0,2,11,11,0.012681722,0.025804527,0.00995886,0.009814041,0.01473262,0.025536604,0.028373612,0.015432117,0.009895844,0.0339795,0.028816912,0.78497356
syn-0262,1,0,2,10,10,0.005530365,0.006044332,0.0040234453,0.0047477265,0.0043313056,0.0063864253,0.005826986,0.0063607506,0.005071232,0.0059702685,0.9407979,0.0049092104
syn-0265,1,0,2,3,3,0.0068875365,0.0061965985,0.0060515776,0.93550867,0.0058055534,0.006890059,0.0065369285,0.0043280357,0.004417711,0.005705788,0.005541051,0.00613039
syn-0271,1,0,2,2,2,0.008742386,0.008847597,0.8884878,0.017903209,0.005355868,0.0043884413,0.010384374,0.009220283,0.008776602,0.017305845,0.0097552175,0.0108323665
syn-0274,1,0,2,9,9,0.006975657,0.005118473,0.008815904,0.008389633,0.007873638,0.008459563,0.0063421107,0.012756018,0.008592782,0.89159536,0.02295061,0.012130345
syn-0279,1,0,2,0,0,0.9417041,0.005223204,0.0056448733,0.0042164763,0.0057155984,0.004872129,0.0045368904,0.0060545867,0.007499268,0.0056448733,0.0033469275,0.0055411
syn-0280,1,0,2,0,0,0.9429079,0.0055306028,0.005430256,0.0044700797,0.006604736,0.004746772,0.0055617457,0.004056166,0.005895926,0.0049382723,0.004201302,0.0056562307
syn-0282,1,0,2,7,7,0.016690774,0.011468591,0.017858563,0.00753231,0.012455117,0.08461802,0.01778894,0.74032736,0.01771526,0.029501356,0.011164695,0.032879017
syn-0286,1,0,2,8,8,0.015963621,0.044346824,0.013128113,0.010746291,0.008308146,0.013961162,0.07058974,0.008472009,0.7716155,0.024608452,0.0073606083,0.010899543
syn-0288,1,0,2,9,9,0.0054064863,0.005254238,0.0051576463,0.005118759,0.0036995267,0.0035525921,0.003972891,0.004822737,0.0063262265,0.9486879,0.00435698,0.0036439497
syn-0295,1,0,2,10,10,0.009927809,0.010784925,0.0045136972,0.0057002786,0.008072114,0.008213256,0.006514692,0.004362027,0.0058640195,0.009621923,0.92011565,0.006309633
syn-0298,1,0,2,7,7,0.0075875926,0.004423103,0.007050863,0.004982751,0.0036722561,0.03010858,0.004948805,0.90960765,0.008360851,0.0048200246,0.005905617,0.008532001
syn-0305,1,0,2,1,1,0.004235568,0.9468923,0.0053333854,0.005570268,0.0035806657,0.0032729933,0.0052455734,0.004577505,0.004528596,0.005394936,0.0063676615,0.005000476
syn-0318,1,0,2,11,11,0.006752711,0.0071952464,0.0068741385,0.00577731,0.005026772,0.004033212,0.009416501,0.004599331,0.0041047353,0.005148492,0.0066985255,0.93437296
syn-0326,1,0,2,1,1,0.0076236255,0.92165774,0.0067245415,0.0070026666,0.004427323,0.0044403123,0.010867148,0.005115762,0.012105157,0.007026643,0.0048719686,0.00813713
syn-0328,1,0,2,10,10,0.0057136933,0.0052675577,0.003850066,0.0048432327,0.0045810053,0.005043548,0.0044770716,0.005212548,0.0066714277,0.006729911,0.94392186,0.003688137
syn-0332,1,0,2,6,6,0.005300097,0.004424074,0.0050586225,0.005636417,0.0048470474,0.0041156444,0.9478996,0.0031679247,0.0040105027,0.005293631,0.0064326697,0.0038137904
syn-0338,1,0,2,8,8,0.0059889075,0.00656149,0.0076393867,0.0069438634,0.00629781,0.0041625984,0.0138432775,0.0067697736,0.9174952,0.010035656,0.007284215,0.0069778515
syn-0355,1,0,2,5,5,0.020397859,0.013485453,0.012290642,0.014070664,0.11984291,0.38459754,0.016931074,0.0100313295,0.02230443,0.016840378,0.35638997,0.012817743
syn-0366,1,0,2,9,9,0.0096005,0.005850071,0.00935752,0.024569664,0.010048963,0.013133546,0.011428744,0.005003831,0.006882979,0.87846196,0.018480618,0.00718167
syn-0369,1,0,2,6,5,0.014225239,0.05538965,0.00841173,0.012889139,0.018417817,0.4610624,0.3640187,0.010336506,0.0138618285,0.021294741,0.009238478,0.010853742
syn-0370,1,0,2,9,9,0.0062478227,0.007996942,0.006352412,0.007880653,0.004491357,0.010473677,0.0043214057,0.007012621,0.0037747223,0.9164562,0.010585664,0.01440654
syn-0391,1,0,2,0,0,0.9435406,0.0061094975,0.005100939,0.0044556395,0.005076092,0.004763893,0.0048224023,0.004576919,0.0073049734,0.005241062,0.00468317,0.0043248846
syn-0392,1,0,2,1,1,0.0045228847,0.9429316,0.005881697,0.006397004,0.0043944456,0.003618304,0.005537497,0.0045605847,0.0045717326,0.0070188763,0.005267173,0.005298126
syn-0396,1,0,2,3,3,0.0061059413,0.005350458,0.009444233,0.92610794,0.0060762,0.00657957,0.0071682576,0.009089778,0.0058334465,0.0061373264,0.006196042,0.0059108613
syn-0407,1,0,2,6,6,0.012972738,0.0117442375,0.0072389487,0.039652724,0.014526116,0.013519185,0.8532113,0.0030000128,0.0056514796,0.023163134,0.008059873,0.007260188
syn-0411,1,0,2,2,2,0.0066597075,0.006970799,0.9210542,0.009217914,0.005582082,0.0035222943,0.006899686,0.0081935795,0.0056838472,0.010073663,0.007700915,0.008441297
syn-0414,1,0,2,5,4,0.0050206585,0.0049840203,0.00451149,0.008715253,0.87541133,0.059805647,0.00670837,0.003494731,0.009023793,0.008825525,0.007278312,0.0062209116
syn-0420,1,0,2,2,2,0.007302296,0.0054186615,0.9287985,0.0061132237,0.005871858,0.0035380626,0.007967309,0.007079355,0.00616418,0.0074100494,0.0079236645,0.0064128633
syn-0430,1,0,2,1,1,0.006249918,0.91229814,0.003922574,0.009967853,0.006524323,0.02391164,0.006643265,0.0035715448,0.00331283,0.007713852,0.0052373237,0.01064673
syn-0431,1,0,2,3,3,0.006630752,0.006141432,0.006364289,0.9310363,0.0061040623,0.0070051798,0.006316304,0.007082565,0.005177921,0.005838774,0.0061564445,0.006145932
syn-0432,1,0,2,6,6,0.005192076,0.0039460673,0.0064215404,0.005730292,0.003961512,0.0053896857,0.94689506,0.0037911918,0.0036709625,0.004025862,0.006047963,0.004927775
syn-0477,1,0,2,7,7,0.057690628,0.09085432,0.052447826,0.021558728,0.05380641,0.12558563,0.016594347,0.19140173,0.058806036,0.05798539,0.12963542,0.14363354
syn-0485,1,0,2,10,10,0.008022173,0.006264476,0.0056484393,0.0063662347,0.008489669,0.0062705968,0.012727402,0.0053374004,0.0110665355,0.008182393,0.917106,0.004518747
syn-0488,1,0,2,10,10,0.007788883,0.0056859613,0.0050448673,0.0067869537,0.008679586,0.008156704,0.011358728,0.0053440756,0.008586848,0.010572323,0.9093293,0.012665777
syn-0489,1,0,2,11,11,0.005319358,0.007903839,0.004965455,0.0043670465,0.0077405646,0.0093828915,0.011801511,0.0038670998,0.0032675741,0.006457228,0.0056211054,0.9293064
syn-0498,1,0,2,7,7,0.0044539315,0.0069397697,0.0064788493,0.0039382647,0.0023401908,0.00979501,0.00402969,0.9385847,0.008766267,0.004061295,0.0048524346,0.0057595954
syn-0003,1,0,3,2,2,0.0063980552,0.0052092075,0.93437773,0.006482963,0.005763252,0.00374473,0.007626219,0.0060398364,0.0059753023,0.005711426,0.0066431863,0.006028051
syn-0010,1,0,3,9,9,0.005048391,0.006518764,0.0045364103,0.0055594826,0.0043775598,0.0042907945,0.0033367826,0.00489068,0.008535608,0.9411447,0.006413001,0.0053478074
syn-0020,1,0,3,6,6,0.0033677618,0.0036789493,0.0044052764,0.0035675017,0.005457749,0.005563356,0.9517395,0.0029302516,0.0056813997,0.0034916739,0.0051647704,0.0049517765
syn-0024,1,0,3,2,2,0.0077310563,0.0047816075,0.9282781,0.0058243205,0.005040529,0.004122003,0.009809424,0.008655466,0.006582119,0.005042991,0.0068795015,0.0072529092
syn-0027,1,0,3,4,4,0.0050348137,0.0029439596,0.004000407,0.004590971,0.9455135,0.0052009816,0.0047878604,0.0037580347,0.01302747,0.0031292415,0.0033868225,0.0046258485
syn-0043,1,0,3,9,9,0.0045557423,0.0042776344,0.0062193647,0.0050798166,0.005114661,0.0062482813,0.0048165247,0.0073586805,0.004702653,0.91562885,0.027035482,0.008962276
syn-0044,1,0,3,2,2,0.0064000553,0.00542503,0.93855715,0.0053592087,0.004287363,0.003317874,0.006509577,0.0072045648,0.0056687505,0.0050628604,0.0060255206,0.00618198
syn-0052,1,0,3,4,4,0.014640697,0.00782704,0.0034344401,0.005640359,0.906009,0.025081618,0.0056707356,0.0040368917,0.0046714577,0.00701954,0.006691554,0.009276704
syn-0056,1,0,3,8,8,0.0046997825,0.005871866,0.004645028,0.0031583675,0.004159712,0.0035406596,0.0061147246,0.00471127,0.9496656,0.0041821147,0.0056084474,0.0036423653
syn-0057,1,0,3,8,8,0.0099929655,0.0062503847,0.0063550174,0.006423652,0.010585642,0.013809652,0.018314052,0.0054251277,0.802805,0.00786274,0.089546,0.022629721
syn-0061,1,0,3,4,4,0.005610385,0.0050070644,0.0042040367,0.0043438454,0.9393844,0.005816811,0.006252727,0.0038296883,0.005863864,0.003654314,0.007754146,0.008278613
syn-0064,1,0,3,6,6,0.0042956895,0.006000486,0.007455885,0.0063812495,0.006189451,0.0047548944,0.9303322,0.00390936,0.0061098784,0.0042622597,0.012153911,0.008154772
syn-0070,1,0,3,2,2,0.0061246543,0.0044232854,0.9376044,0.005949276,0.0054327706,0.0032710957,0.0077224667,0.006317529,0.004886578,0.0054380787,0.0067290803,0.0061007757
syn-0072,1,0,3,0,0,0.94896567,0.0048679244,0.0046427385,0.0041892473,0.005309946,0.0047586425,0.0044053253,0.005027355,0.003611357,0.0052174227,0.004220043,0.0047842707
syn-0074,1,0,3,5,5,0.025550943,0.021138564,0.004702279,0.010858643,0.0089714145,0.8426265,0.021182477,0.00751422,0.008845273,0.025763918,0.0096578775,0.013187867
syn-0075,1,0,3,7,7,0.006006824,0.0054399786,0.004757593,0.003951894,0.004344547,0.011056336,0.0035028942,0.93268,0.00652831,0.0056044464,0.007733185,0.008393972
syn-0081,1,0,3,10,10,0.004672813,0.005574903,0.0043982835,0.0052988706,0.0061138705,0.0064598992,0.008302273,0.0023750144,0.006038218,0.004595877,0.9405349,0.0056351125
syn-0097,1,0,3,10,10,0.0037576589,0.0038168337,0.0045559,0.004397441,0.0036084158,0.0041068792,0.006378548,0.0034097135,0.0059550847,0.0049045025,0.9509748,0.0041340403
syn-0102,1,0,3,1,1,0.005956538,0.94173306,0.004754767,0.0054673613,0.005232299,0.0048061186,0.005019583,0.005201731,0.00882148,0.0052144458,0.0042746505,0.0035179488
syn-0105,1,0,3,4,4,0.022521647,0.0053025503,0.003909855,0.006217498,0.90226346,0.014025037,0.004604686,0.0036515107,0.0047369567,0.009524631,0.011288365,0.011953859
syn-0120,1,0,3,3,3,0.004417764,0.008476959,0.004632038,0.9341505,0.005655927,0.0040937513,0.0067824917,0.0028592949,0.0052206703,0.012814471,0.007323782,0.0035723774
syn-0121,1,0,3,9,9,0.004740587,0.0073182047,0.0048034983,0.0058524143,0.004412245,0.005718239,0.0043374808,0.0046285107,0.006554393,0.9398419,0.00509585,0.0066967336
syn-0135,1,0,3,0,0,0.94340986,0.006600996,0.005867465,0.004164721,0.0045495494,0.003823629,0.005553848,0.005070435,0.0063613034,0.0050089164,0.0049747922,0.00461443
syn-0136,1,0,3,6,6,0.004046329,0.0072566364,0.004094026,0.005814524,0.0076903086,0.009981806,0.93102545,0.0017016513,0.0043199323,0.008648558,0.011552274,0.0038685824
syn-0139,1,0,3,1,1,0.004972288,0.9484761,0.0035884061,0.005285225,0.0047794683,0.0050247614,0.004907165,0.003973943,0.003786413,0.0056660674,0.0046687517,0.0048713554
syn-0147,1,0,3,0,0,0.93994963,0.008296094,0.005214746,0.004975945,0.0061655096,0.0036869913,0.0044997847,0.0038413594,0.0056261094,0.008587173,0.004406291,0.0047503994
syn-0156,1,0,3,6,6,0.0053895134,0.007094767,0.005240301,0.005079074,0.0045020077,0.0076099476,0.9440948,0.0037578966,0.005280112,0.0037177447,0.00377998,0.004453905
syn-0159,1,0,3,11,11,0.003793493,0.0038400844,0.0055777486,0.002932816,0.0030720641,0.0044069793,0.0049259528,0.0048271394,0.0028067234,0.0037383293,0.007971248,0.9521074
syn-0160,1,0,3,5,5,0.007355025,0.00961621,0.0045296405,0.009342847,0.002540898,0.9251709,0.008614129,0.00932661,0.0052416623,0.0052570407,0.0066374154,0.006367575
syn-0168,1,0,3,1,1,0.0069556446,0.91972524,0.004104014,0.008076573,0.005040635,0.017144084,0.006953947,0.00457389,0.006425072,0.011497969,0.0041972375,0.005305805
syn-0169,1,0,3,4,4,0.015978295,0.004151937,0.0043005003,0.0068453876,0.9129138,0.008810062,0.0064432183,0.0045800945,0.00913087,0.015246595,0.005305225,0.0062939613
syn-0172,1,0,3,10,10,0.0041789855,0.003959483,0.0036861415,0.0043528904,0.0047054477,0.0039546527,0.004496551,0.0034780605,0.00429588,0.0041698134,0.95406574,0.004656308
syn-0175,1,0,3,11,10,0.014339607,0.032059412,0.008817138,0.0121520525,0.012803828,0.023060543,0.02436571,0.0128665,0.023244249,0.015324176,0.5200088,0.30095804
syn-0182,1,0,3,6,6,0.004585765,0.0044338373,0.0053221784,0.0045969742,0.0040134694,0.0063376254,0.94813776,0.004005638,0.0047976337,0.003739139,0.005014393,0.005015617
syn-0183,1,0,3,4,5,0.010334452,0.00644979,0.0058582807,0.0090072695,0.1981159,0.72467786,0.009720177,0.006160445,0.006792407,0.0065321936,0.0077269296,0.008624224
syn-0185,1,0,3,7,7,0.018733656,0.005059358,0.010287777,0.0049566585,0.006433212,0.013558978,0.005733004,0.8667879,0.01375402,0.03105292,0.008957836,0.014684708
syn-0188,1,0,3,10,10,0.004827874,0.0035978584,0.004194017,0.0040629967,0.004202217,0.0030669107,0.0052752662,0.004303971,0.0039073457,0.0038930627,0.953299,0.005369471
syn-0189,1,0,3,10,10,0.0066760825,0.0059917117,0.0050136014,0.0072415136,0.007127504,0.007471384,0.014503795,0.00249041,0.009118999,0.008697692,0.91300774,0.012659703
syn-0200,1,0,3,5,5,0.010825895,0.014583402,0.0047530676,0.008120851,0.0042336634,0.86725515,0.0100083435,0.055713143,0.006683291,0.008452599,0.004428184,0.0049424083
syn-0202,1,0,3,10,10,0.0043263636,0.0039778566,0.0040129717,0.0043666875,0.006456698,0.0042489036,0.0049252063,0.0032308174,0.008559478,0.013702242,0.9369754,0.0052173166
syn-0205,1,0,3,2,2,0.0057583074,0.0061709783,0.94135773,0.005260949,0.0039038828,0.0028008989,0.006033181,0.005778022,0.0045574205,0.005623543,0.0072805146,0.0054745297
syn-0221,1,0,3,11,11,0.008339225,0.0071739587,0.0066283513,0.0038007705,0.004192714,0.010574635,0.012347164,0.0035202906,0.008728239,0.0038966066,0.012064087,0.9187341
syn-0241,1,0,3,1,1,0.010055902,0.91107893,0.0037088555,0.012788896,0.023532433,0.009102513,0.0049908105,0.0038153925,0.0045264685,0.007413853,0.0038792628,0.00510667
syn-0247,1,0,3,3,3,0.0053719296,0.008269579,0.0060162763,0.93118745,0.0073085763,0.005872606,0.0074109943,0.0039340276,0.0040787742,0.00802788,0.006724762,0.0057971072
syn-0249,1,0,3,8,8,0.005180181,0.0041421177,0.005114833,0.0040166387,0.01067838,0.008468006,0.003981491,0.0077008014,0.9255488,0.007376916,0.0124706775,0.005321182
syn-0258,1,0,3,3,3,0.019229272,0.024089487,0.010747215,0.42388037,0.06032486,0.34059745,0.045892734,0.009373887,0.0121722445,0.02099584,0.019037753,0.013658919
syn-0273,1,0,3,0,0,0.936902,0.008582184,0.0044764425,0.005572383,0.006976548,0.0057605095,0.004426451,0.0064090774,0.003915878,0.0061066328,0.004302851,0.0065690787
syn-0276,1,0,3,6,6,0.004907315,0.005579755,0.008838399,0.0072048916,0.007101854,0.0059628654,0.92247015,0.005974523,0.00558248,0.0044355546,0.010995539,0.010946657
syn-0289,1,0,3,8,8,0.19723418,0.1005408,0.024965556,0.018096523,0.029676301,0.10439285,0.035569947,0.086165234,0.3007462,0.041282013,0.014944055,0.046386298
syn-0291,1,0,3,1,1,0.0048725484,0.9353692,0.004380539,0.005156498,0.005462327,0.005320183,0.004289523,0.0052198297,0.0044997744,0.0060713915,0.011490577,0.007867522
syn-0293,1,0,3,0,0,0.52740496,0.03258692,0.019666294,0.013729285,0.059826877,0.023161244,0.016471969,0.01774101,0.22772186,0.024751516,0.012379175,0.024558896
syn-0296,1,0,3,3,3,0.0051892004,0.008294596,0.0042291023,0.933976,0.0071799085,0.009819165,0.005755151,0.0036050004,0.003672514,0.0065565617,0.0066289916,0.005093804
syn-0297,1,0,3,11,11,0.0038404507,0.005893278,0.0055065667,0.0033595285,0.0037023532,0.006091494,0.009213887,0.00458969,0.0034831376,0.0029102704,0.004311614,0.94709766
syn-0299,1,0,3,1,1,0.005621662,0.9353166,0.0033666964,0.0072183562,0.0063437936,0.009129592,0.004218662,0.0054540248,0.0047292933,0.010954404,0.0032408838,0.0044060345
syn-0301,1,0,3,3,3,0.0066555846,0.011553551,0.00480321,0.9073202,0.015083051,0.013385699,0.012045457,0.0030650557,0.004552031,0.007919155,0.006836746,0.00678023
syn-0307,1,0,3,3,3,0.04158192,0.04385828,0.013371122,0.5526788,0.03775516,0.030794185,0.053664185,0.0072343424,0.02948462,0.15153727,0.026007386,0.012032707
syn-0312,1,0,3,11,11,0.0079537155,0.005406775,0.008071083,0.003612256,0.0053699403,0.006595472,0.008518521,0.005655196,0.01771948,0.004954273,0.0070431614,0.91910005
syn-0321,1,0,3,9,9,0.00519062,0.0087908255,0.004269687,0.01000232,0.004828749,0.0056508956,0.00792732,0.0026692944,0.0073199477,0.93104374,0.0065471567,0.0057595368
syn-0329,1,0,3,8,8,0.0051031522,0.0034260943,0.0064258385,0.003978222,0.0074268556,0.0058393767,0.005424326,0.007004192,0.92795515,0.008708349,0.009314227,0.009394158
syn-0336,1,0,3,0,0,0.9429745,0.007834065,0.0058361907,0.0045518926,0.0041709375,0.004864429,0.0054759053,0.004950693,0.0051078447,0.00559619,0.0045808787,0.0040564523
syn-0341,1,0,3,8,8,0.005012831,0.004248107,0.0065699653,0.0043234406,0.0052739633,0.004602279,0.004359478,0.0059152166,0.945993,0.005510897,0.0038228827,0.004368001
syn-0352,1,0,3,8,8,0.0039991746,0.005617753,0.0057313507,0.0036324111,0.004199293,0.0041523967,0.0053670453,0.0063579828,0.94938517,0.004560516,0.0035258147,0.003471152
syn-0364,1,0,3,4,4,0.01652682,0.016018344,0.007330152,0.0098349415,0.5029606,0.24704595,0.019031543,0.0055439062,0.0886046,0.021533996,0.039226964,0.026342168
syn-0368,1,0,3,9,9,0.0075862985,0.0067161666,0.006959879,0.00629387,0.006465185,0.0057110805,0.0058408077,0.0066606477,0.016453095,0.9102299,0.0072938907,0.013789093
syn-0379,1,0,3,3,3,0.026449593,0.020483622,0.015882708,0.60096204,0.12870413,0.028028565,0.014653286,0.011512734,0.00827613,0.070869245,0.058896277,0.015281713
syn-0385,1,0,3,5,4,0.006162987,0.0056900987,0.003987876,0.0044012633,0.89282596,0.050173417,0.0044034133,0.0048197014,0.00711958,0.0074557927,0.005259912,0.007699981
syn-0386,1,0,3,10,10,0.007547627,0.0055964384,0.004181318,0.005064609,0.0043798443,0.005306369,0.0038765399,0.006712794,0.0040665483,0.006089726,0.93796486,0.009213462
syn-0388,1,0,3,5,5,0.042146083,0.018577065,0.015066221,0.07775544,0.018540816,0.4275872,0.06333831,0.2548258,0.017298829,0.023420632,0.0250654,0.016378202
syn-0401,1,0,3,11,11,0.010062895,0.03618483,0.010706666,0.004966921,0.0058268006,0.009820193,0.017436007,0.0065865302,0.003727325,0.01445981,0.006535273,0.87368685
syn-0409,1,0,3,10,10,0.005000612,0.007986566,0.0042006695,0.0057979794,0.0043979664,0.0027360981,0.004361611,0.0044606854,0.004389385,0.018381009,0.93406004,0.004227418
syn-0413,1,0,3,9,9,0.006181622,0.011324033,0.004891259,0.0044797137,0.004985296,0.0058583603,0.004497247,0.0047779535,0.0044994433,0.93484384,0.004865058,0.00879605
syn-0417,1,0,3,7,4,0.02441256,0.02471239,0.021926058,0.015839085,0.18812186,0.14925326,0.09759633,0.12778781,0.050576717,0.029075691,0.087292776,0.18340544
syn-0418,1,0,3,0,0,0.9379125,0.0061461423,0.0046825935,0.0055485116,0.008604527,0.0049482198,0.005691196,0.005028597,0.0043860204,0.0059672343,0.005613916,0.005470498
syn-0440,1,0,3,1,1,0.0092634745,0.93706053,0.004572198,0.005270282,0.0054216716,0.0069496767,0.005368983,0.0039203675,0.0089301,0.004719639,0.00403495,0.0044881445
syn-0452,1,0,3,10,10,0.0031441774,0.002927835,0.005042199,0.0038749652,0.003850446,0.0041735014,0.012612803,0.0029972664,0.007101099,0.003768604,0.9472472,0.0032598625
syn-0453,1,0,3,1,1,0.011566098,0.8951176,0.0071587963,0.006057818,0.007257342,0.00752804,0.0075427582,0.00947692,0.006601435,0.008983527,0.019828903,0.012880882
syn-0456,1,0,3,11,11,0.0057222503,0.006063113,0.005222904,0.011064989,0.00931474,0.0052076248,0.009165625,0.0034102444,0.0033085519,0.005077064,0.0064447033,0.929998
syn-0459,1,0,3,5,8,0.046758182,0.06801615,0.014774307,0.010104762,0.0434135,0.030771632,0.027383894,0.0075092213,0.7097835,0.015176455,0.013590805,0.012717606
syn-0460,1,0,3,8,8,0.00482184,0.0073103653,0.0058532865,0.0035105501,0.0048810607,0.0037717917,0.008404427,0.005461193,0.9415898,0.00492415,0.004547429,0.00492415
syn-0461,1,0,3,2,2,0.006396919,0.005190511,0.93809724,0.0047340975,0.0049323062,0.002979932,0.0061159157,0.0076076654,0.0061910306,0.0050739874,0.0070695165,0.0056109102
syn-0468,1,0,3,6,6,0.004231507,0.0034773452,0.0055479705,0.0048419805,0.0047067776,0.0033687132,0.9529385,0.0038005142,0.003858479,0.0039673764,0.0055520353,0.0037088513
syn-0476,1,0,3,7,7,0.0057515,0.006170459,0.006378777,0.0055936314,0.004881235,0.06286957,0.004850349,0.8636603,0.010789249,0.014122599,0.0075436104,0.0073886793
syn-0487,1,0,3,6,6,0.0048161345,0.0052701537,0.004983594,0.0052637244,0.006230259,0.008872296,0.94024605,0.0032803118,0.010581224,0.0031515658,0.0035364865,0.0037682485
syn-0490,1,0,3,7,7,0.0062002847,0.006059613,0.007122559,0.004394514,0.00562616,0.011022549,0.0057455366,0.91885686,0.007413526,0.011998137,0.0063102376,0.009249963
syn-0493,1,0,3,8,8,0.004096952,0.0036190795,0.005470148,0.004249768,0.007632653,0.00578751,0.004624355,0.006031296,0.9449775,0.004631134,0.004985493,0.0038940974
syn-0008,1,0,4,8,8,0.0038601751,0.0052981772,0.0059816753,0.0042895474,0.0046426384,0.0055186558,0.006052186,0.006946493,0.9464003,0.003756053,0.0037633965,0.003490785
syn-0014,1,0,4,0,0,0.91930294,0.012697297,0.006158026,0.006453556,0.0059948503,0.0060625547,0.0072241127,0.0064409636,0.0072029787,0.008945668,0.0060124393,0.0075045554
syn-0019,1,0,4,0,0,0.935311,0.00514863,0.0054579885,0.008655287,0.0063654752,0.003890187,0.0073418375,0.0046152025,0.0034633845,0.006661196,0.007741284,0.005348502
syn-0022,1,0,4,10,11,0.01084177,0.16309679,0.013785821,0.027418053,0.018797038,0.020898059,0.02540868,0.007186998,0.00799422,0.03409942,0.03912382,0.6313494
syn-0035,1,0,4,9,9,0.01400034,0.07831674,0.007724176,0.014297401,0.014501297,0.008899159,0.011510744,0.0049531274,0.01423471,0.64809847,0.1718968,0.011567086
syn-0037,1,0,4,8,8,0.006952783,0.008635995,0.007510413,0.007290012,0.013729707,0.014852605,0.018691411,0.0051066736,0.7505322,0.017165294,0.14352162,0.0060112583
syn-0039,1,0,4,1,1,0.0044872425,0.9511614,0.0046728337,0.0045136125,0.004095668,0.0057392707,0.0055315434,0.004281757,0.0033281292,0.003830653,0.0044133626,0.0039445395
syn-0041,1,0,4,10,10,0.006580357,0.009682494,0.006879339,0.013271608,0.0116139185,0.007814367,0.010851825,0.0026535168,0.016370755,0.08150714,0.8223894,0.010385264
syn-0046,1,0,4,8,8,0.13843252,0.027816983,0.013533765,0.013990672,0.023123102,0.026764393,0.033833362,0.011943505,0.5839621,0.069744326,0.021333225,0.035522044
syn-0048,1,0,4,11,11,0.0051552444,0.0060050595,0.0055795945,0.0039565247,0.009344063,0.0050902106,0.005326687,0.004779476,0.0048476355,0.004693904,0.0055024866,0.9397191
syn-0054,1,0,4,5,5,0.0052162604,0.0035676172,0.0031147718,0.0047984105,0.0043328865,0.941601,0.0054759444,0.0067852475,0.005535085,0.005307467,0.009978795,0.004286591
syn-0055,1,0,4,3,3,0.0041377866,0.0063542,0.0056281355,0.94281673,0.0048814593,0.0068224724,0.0064993296,0.0033771626,0.003921405,0.0066016787,0.0046295775,0.0043300153
syn-0076,1,0,4,5,5,0.016513972,0.01655838,0.0050058304,0.007823534,0.0063589355,0.8943973,0.015360802,0.0057701212,0.005300134,0.01381648,0.0063682576,0.0067262203
syn-0080,1,0,4,3,3,0.004388573,0.0062633622,0.0048340466,0.9448957,0.0055179596,0.00547903,0.0061011175,0.0028950102,0.004523462,0.0063140276,0.0046670525,0.0041206707
syn-0084,1,0,4,5,5,0.005419276,0.005817584,0.0031364365,0.0069220588,0.0039014528,0.942611,0.0046489527,0.0065548737,0.0041591628,0.0045914263,0.007829849,0.004407992
syn-0106,1,0,4,10,10,0.0073481733,0.015989268,0.014108757,0.018332906,0.0046959384,0.0047698887,0.106670514,0.0060120653,0.041085012,0.017030878,0.75430703,0.0096495645
syn-0108,1,0,4,8,8,0.006743841,0.010737234,0.0070709353,0.006545936,0.007977286,0.008405148,0.0078651225,0.0070056394,0.8164913,0.006940946,0.10637071,0.007845945
syn-0109,1,0,4,3,3,0.005198848,0.009423382,0.0052217445,0.92481095,0.0055666664,0.0052549955,0.008209945,0.0034178218,0.004410051,0.017255725,0.0062618284,0.0049680476
syn-0111,1,0,4,3,3,0.004476492,0.008292661,0.00766513,0.9401201,0.0042506927,0.006525991,0.0068141795,0.00334783,0.004409243,0.0048002307,0.004483054,0.004814314
syn-0113,1,0,4,11,11,0.01029059,0.0076440508,0.008115226,0.0043247207,0.0051457733,0.008228948,0.0076086745,0.0036847082,0.019515002,0.006039565,0.007156419,0.91224635
syn-0124,1,0,4,6,6,0.0034626748,0.006599136,0.0052414183,0.013495994,0.006265503,0.0054316157,0.93694746,0.002372897,0.0054117604,0.005715959,0.004315685,0.004739853
syn-0129,1,0,4,11,11,0.006035151,0.0072213667,0.0068320464,0.005626753,0.0069092065,0.003925231,0.0073467367,0.0041055796,0.0047185766,0.0065815537,0.004762556,0.93593514
syn-0138,1,0,4,4,4,0.004053985,0.005925938,0.006772592,0.0069027976,0.93005824,0.004851985,0.0051800646,0.006769286,0.005889879,0.0049889223,0.010868909,0.0077373767
syn-0140,1,0,4,11,11,0.00807983,0.006051512,0.009525016,0.0102638565,0.011475346,0.007295954,0.006999342,0.007140877,0.0047545275,0.07916999,0.0055342317,0.8437095
syn-0142,1,0,4,4,3,0.011009066,0.0072943335,0.006006018,0.68947196,0.21151277,0.019640159,0.013445845,0.005167409,0.007814224,0.015188785,0.006516288,0.006933166
syn-0143,1,0,4,1,1,0.0152976215,0.850137,0.008015162,0.009238918,0.003983322,0.0077685616,0.015447742,0.0061214794,0.051656514,0.01225453,0.012359691,0.007719406
syn-0145,1,0,4,2,2,0.032139268,0.03439685,0.6109187,0.14553165,0.0248793,0.02489145,0.019070964,0.021977356,0.015988944,0.024002248,0.018394178,0.027809128
syn-0146,1,0,4,10,10,0.005535105,0.005213733,0.0049774083,0.0050644386,0.005854091,0.004317063,0.004051547,0.005065675,0.005225201,0.0057149916,0.9455204,0.0034603989
syn-0150,1,0,4,3,3,0.00759463,0.28540415,0.010120375,0.61611736,0.0106892465,0.009010043,0.01518692,0.006201584,0.0072858743,0.017959122,0.006537397,0.007893311
syn-0165,1,0,4,8,8,0.00487147,0.0069780583,0.006104228,0.0053216033,0.007519336,0.0068097585,0.018889766,0.0033842688,0.90594774,0.015351648,0.014485056,0.0043370086
syn-0174,1,0,4,10,10,0.0046096933,0.0056334543,0.00447005,0.0040403255,0.005062757,0.0038931395,0.004074003,0.0044798823,0.004255989,0.0041492875,0.95122546,0.004105956
syn-0176,1,0,4,10,10,0.00430921,0.006024519,0.0038684134,0.0046231076,0.0058213715,0.0046890373,0.007877622,0.0030333889,0.0046718973,0.0074113593,0.94287926,0.0047908686
syn-0178,1,0,4,9,9,0.011145499,0.009802307,0.009864726,0.014522281,0.038731035,0.010702833,0.015248977,0.0052621905,0.039514225,0.72440606,0.047873173,0.07292662
syn-0187,1,0,4,3,3,0.0048392513,0.006777118,0.005108773,0.937178,0.0062395637,0.00794553,0.0056191143,0.004471207,0.0043591093,0.0073430347,0.0054542157,0.0046652383
syn-0195,1,0,4,4,5,0.0074254586,0.009670448,0.00552892,0.009350063,0.154029,0.7319665,0.017313909,0.0045435266,0.03044882,0.012302435,0.0074873515,0.00993367
syn-0206,1,0,4,8,8,0.010003096,0.007580285,0.0108848,0.007874556,0.016262414,0.012265028,0.008729117,0.0065666,0.6466725,0.015368776,0.2478579,0.009934949
syn-0211,1,0,4,0,0,0.94420564,0.0053954124,0.0052039414,0.0053234487,0.0049149785,0.0042214883,0.005056162,0.0048695914,0.0036055448,0.0063620075,0.005108274,0.0057335794
syn-0215,1,0,4,10,10,0.0050379788,0.00635928,0.0055412487,0.0068995636,0.016910633,0.010057204,0.009165017,0.0031419294,0.013077099,0.029419376,0.8883522,0.0060385107
syn-0217,1,0,4,6,6,0.009217945,0.0075000846,0.0051938887,0.005690461,0.006604274,0.008728973,0.92257637,0.0034938292,0.007579236,0.008081855,0.008978618,0.00635437
syn-0223,1,0,4,6,6,0.0043449793,0.0063172784,0.0060782344,0.0061124614,0.0047860276,0.006233019,0.93231744,0.0032909918,0.012350528,0.007890825,0.005320981,0.0049572787
syn-0225,1,0,4,7,7,0.009029879,0.008114117,0.009602874,0.005342195,0.010014705,0.03304606,0.0051677297,0.8148307,0.014922325,0.046420723,0.0141385235,0.02937025
syn-0228,1,0,4,6,6,0.0038923526,0.0054490403,0.0056041973,0.012935062,0.009484888,0.005278813,0.9326385,0.003021024,0.006980498,0.0049348315,0.004321083,0.0054596937
syn-0229,1,0,4,7,7,0.011631996,0.004948791,0.011905274,0.006379244,0.004433903,0.015113653,0.0047014635,0.9056166,0.013212972,0.0074526314,0.007511084,0.007092279
syn-0230,1,0,4,9,9,0.006363246,0.007934671,0.0050325133,0.003890724,0.0054149395,0.005047279,0.0042336644,0.006697994,0.008491901,0.9354401,0.004570982,0.0068819895
syn-0232,1,0,4,8,8,0.0063953996,0.009313206,0.006025549,0.0050100116,0.0056854095,0.007744517,0.0062839626,0.0056687775,0.9213074,0.019699218,0.0034349312,0.0034315784
syn-0234,1,0,4,4,6,0.010509842,0.012456395,0.009602085,0.116749085,0.09869738,0.028937249,0.64610666,0.003357508,0.024893755,0.025960563,0.010907184,0.011822304
syn-0236,1,0,4,11,11,0.02304307,0.07003096,0.015903123,0.014823341,0.021536263,0.016961882,0.031563982,0.0113876695,0.040161427,0.034722894,0.022181956,0.69768345
syn-0237,1,0,4,4,4,0.006559537,0.0037072944,0.0041378057,0.0057912446,0.94789875,0.0036249533,0.003836199,0.0040399805,0.0041968147,0.005881008,0.0040301294,0.0062963204
syn-0255,1,0,4,2,2,0.004875725,0.003984311,0.9504864,0.0047337976,0.0043228175,0.0025251734,0.0062072864,0.0041511278,0.0042000604,0.0043941094,0.0054973373,0.004621882
syn-0264,1,0,4,0,0,0.936088,0.007909693,0.005090388,0.0045452053,0.0058604316,0.005087903,0.004070319,0.0052545397,0.008769137,0.006624546,0.0050335405,0.005666274
syn-0270,1,0,4,10,10,0.0053989347,0.005408169,0.004060433,0.0049097887,0.005749241,0.004437791,0.005393665,0.0036450836,0.004030802,0.005181974,0.94851995,0.0032642426
syn-0294,1,0,4,1,1,0.004823576,0.95094025,0.004375862,0.0055140797,0.0031842997,0.0050047175,0.006143896,0.0042474484,0.003960991,0.0045791515,0.0035749644,0.003650818
syn-0300,1,0,4,10,10,0.004469093,0.0045228773,0.0063701095,0.004967409,0.0054026134,0.0031443997,0.003757845,0.005678502,0.004623357,0.0043623704,0.9496298,0.00307156
syn-0316,1,0,4,0,0,0.781455,0.009904542,0.0082111545,0.012251398,0.023748161,0.08724975,0.01821613,0.006382376,0.0089261895,0.018196128,0.010605289,0.0148539655
syn-0327,1,0,4,1,1,0.011783539,0.8222667,0.008610504,0.008192164,0.007813201,0.00798288,0.008398729,0.0064773723,0.09252644,0.00839463,0.0065569263,0.010996882
syn-0330,1,0,4,0,0,0.93007594,0.0060918145,0.0045581046,0.00575636,0.009955816,0.008060005,0.0058370256,0.0067380867,0.0029631201,0.008513581,0.0066287657,0.004821375
syn-0334,1,0,4,6,6,0.0067197205,0.010688389,0.006433956,0.011019601,0.009441686,0.058533393,0.8651966,0.0042734006,0.0067361463,0.0077722096,0.004870854,0.008313971
syn-0339,1,0,4,7,7,0.006874878,0.0057899347,0.010466316,0.0061348295,0.0028732317,0.0072755143,0.0047117826,0.9341314,0.0043897205,0.0048518647,0.0064104386,0.0060900603
syn-0340,1,0,4,9,9,0.0057054516,0.006202288,0.0053755017,0.0074141105,0.0058865617,0.0054282537,0.004151838,0.0037089842,0.004889672,0.9363676,0.009054621,0.0058151414
syn-0345,1,0,4,7,7,0.02162517,0.01236082,0.018926388,0.012252655,0.02073082,0.09191639,0.02369558,0.70141935,0.016617063,0.02447762,0.016714718,0.039263427
syn-0358,1,0,4,2,2,0.00627945,0.0068848506,0.9296805,0.0035552832,0.0035639738,0.0035849179,0.0072417334,0.010264348,0.0069864457,0.00632098,0.0076459944,0.007991442
syn-0359,1,0,4,4,4,0.005434267,0.01022094,0.006092037,0.006950533,0.9054638,0.0058643785,0.015274304,0.0043389266,0.012520664,0.005813062,0.00608609,0.015941033
syn-0360,1,0,4,0,0,0.93663186,0.0059228265,0.0045456258,0.0054590283,0.009702116,0.005749015,0.0048624775,0.004752158,0.0038634774,0.0065383883,0.005279458,0.006693442
syn-0374,1,0,4,8,8,0.005284536,0.005729311,0.0061481544,0.005617125,0.0058480194,0.005538146,0.0062970277,0.0055165547,0.94051296,0.0048802425,0.005092024,0.0035357638
syn-0375,1,0,4,8,8,0.0031259733,0.0056438474,0.004013829,0.0034081559,0.0039208485,0.0032457397,0.0069947895,0.0038393843,0.9463725,0.009996362,0.005638338,0.0038002166
syn-0383,1,0,4,2,2,0.005099235,0.0038491047,0.9455311,0.005161863,0.0045442204,0.003003546,0.0055949474,0.0059878654,0.0042814245,0.005379295,0.0064444635,0.005122944
syn-0393,1,0,4,2,2,0.006374338,0.0051747146,0.9384444,0.008519368,0.004461972,0.0033337134,0.007021381,0.005006941,0.004630664,0.005386109,0.005615728,0.0060306834
syn-0399,1,0,4,8,8,0.004347113,0.004593709,0.005784353,0.0037805273,0.0059767165,0.007447229,0.00630343,0.0049937335,0.91786563,0.008257431,0.02682505,0.0038250908
syn-0402,1,0,4,1,1,0.0073952074,0.9287504,0.0050480203,0.0060623754,0.005703423,0.005913272,0.008011759,0.005065304,0.0046323244,0.006976048,0.008179755,0.008262044
syn-0403,1,0,4,9,9,0.007232095,0.008401163,0.0047140643,0.005691802,0.0060190842,0.004437111,0.004677379,0.0036802907,0.010629793,0.9359536,0.0036713167,0.0048922864
syn-0406,1,0,4,4,4,0.36416188,0.0081243375,0.0076470296,0.025947053,0.47588518,0.011913553,0.016866557,0.008180065,0.0059322943,0.020374775,0.03175027,0.023217034
syn-0419,1,0,4,1,1,0.0044934344,0.9492238,0.004344566,0.005047173,0.0039001529,0.0047879093,0.0047390657,0.0045308885,0.0036477887,0.004839619,0.005945571,0.004500021
syn-0422,1,0,4,1,1,0.0050995643,0.9419057,0.0071199117,0.005727998,0.004246307,0.004792937,0.005497813,0.0066559585,0.0042629265,0.005806848,0.004564529,0.0043194992
syn-0425,1,0,4,5,5,0.006338397,0.008168896,0.002658413,0.0046000592,0.0103651285,0.9317871,0.006806751,0.0037654748,0.0061885454,0.0050694747,0.0048538884,0.009397895
syn-0429,1,0,4,2,2,0.01742078,0.03300641,0.7400273,0.010922958,0.010566236,0.011525682,0.018238999,0.060537875,0.017886227,0.028984403,0.024756897,0.026126161
syn-0436,1,0,4,6,6,0.0046254015,0.0055467035,0.0048687276,0.0042736214,0.004044208,0.00409188,0.9470392,0.003244856,0.0066685863,0.0055439956,0.00527593,0.00477689
syn-0444,1,0,4,5,5,0.006958641,0.008862293,0.004026369,0.0068809297,0.011098434,0.8779861,0.054294754,0.005109729,0.005625657,0.005921603,0.0057114586,0.007524085
syn-0445,1,0,4,6,6,0.006648878,0.005916523,0.0057822894,0.0045054513,0.0047239787,0.0058561657,0.9247346,0.0040564477,0.023195539,0.005355583,0.0043243957,0.0049001826
syn-0454,1,0,4,11,11,0.0040312386,0.0060081785,0.004939177,0.0042536804,0.0059070927,0.0048804423,0.006510679,0.005449846,0.0034162598,0.0053968844,0.0038204293,0.94538593
syn-0463,1,0,4,11,11,0.0038416637,0.0037950529,0.0049472665,0.0036053862,0.0038136293,0.0035218673,0.004176199,0.0055433814,0.0032286928,0.0036944917,0.004538758,0.9552936
syn-0465,1,0,4,7,7,0.01566725,0.0051824204,0.021533044,0.01703196,0.0053783497,0.022000672,0.014432797,0.85552686,0.00563096,0.009198153,0.014930987,0.013486553
syn-0471,1,0,4,5,5,0.008840517,0.026769297,0.004734299,0.006096795,0.016031576,0.8804381,0.006120658,0.0054014614,0.0052506365,0.009973693,0.0066960203,0.023646902
syn-0481,1,0,4,9,9,0.0057842773,0.0045169136,0.005989785,0.005518048,0.004775473,0.0037814009,0.004992449,0.0051183337,0.007326307,0.93939054,0.0068372097,0.0059693465
syn-0492,1,0,4,6,6,0.0051470017,0.0052331635,0.006780488,0.004981343,0.004926916,0.004821016,0.9400508,0.006634747,0.0055354247,0.0054429574,0.005989606,0.0044565345
syn-0497,1,0,4,5,5,0.010209394,0.017887447,0.0051599927,0.005767642,0.0055115903,0.8698985,0.01854559,0.024034958,0.015275685,0.0113671785,0.00720604,0.009136014
syn-0002,2,0,0,1,1,0.005949736,0.93882227,0.0047400706,0.0049144747,0.0056234784,0.0061341063,0.005308627,0.004691715,0.0048905364,0.0064331987,0.0065201647,0.005971565
syn-0004,2,0,0,10,10,0.006218219,0.0046413406,0.0054051215,0.0066549084,0.0066614104,0.0051500527,0.013071098,0.0053761676,0.026527112,0.012855104,0.9019277,0.0055117276
syn-0011,2,0,0,10,10,0.004759966,0.0074157035,0.0048184274,0.005961596,0.004661067,0.007647369,0.008010462,0.003828477,0.017326424,0.010888691,0.9177815,0.006900394
syn-0013,2,0,0,6,6,0.004355706,0.004954979,0.0048936666,0.0043260325,0.0037944792,0.0056167827,0.948179,0.003968821,0.0045893244,0.004298659,0.006244594,0.004777971
syn-0017,2,0,0,3,3,0.005630497,0.0062232683,0.0053726574,0.93495864,0.005005423,0.0071489615,0.0065811104,0.006064283,0.004846686,0.0077743474,0.005785167,0.0046089604
syn-0018,2,0,0,3,3,0.0065555647,0.00821249,0.0058221053,0.8317867,0.0116275055,0.008448395,0.095910914,0.0047264094,0.0063198353,0.007675467,0.0058506033,0.00706407
syn-0025,2,0,0,8,8,0.003927764,0.00362373,0.0048394953,0.0041546267,0.004598753,0.004345516,0.0057610916,0.0046257777,0.952217,0.0039296825,0.004574119,0.0034025176
syn-0031,2,0,0,0,0,0.9488986,0.0047839326,0.004993973,0.0047305073,0.0064351275,0.0035274504,0.0050429804,0.004581608,0.003751286,0.004448242,0.00469828,0.0041079293
syn-0036,2,0,0,5,5,0.00602417,0.006010948,0.0035805486,0.005489088,0.00870434,0.9340042,0.0075274627,0.003994391,0.0045284485,0.007433411,0.0075629237,0.005140181
syn-0037,2,0,0,8,10,0.010842994,0.015350919,0.01006738,0.012377043,0.01878081,0.015539459,0.049384292,0.004788113,0.2655389,0.02509251,0.5566829,0.0155546395
syn-0039,2,0,0,1,1,0.005478001,0.9403462,0.0052220426,0.0058770375,0.005827032,0.0077516693,0.005801481,0.0041088476,0.0046536615,0.0049296673,0.00485324,0.0051511335
syn-0064,2,0,0,6,6,0.0033945215,0.004980168,0.005479,0.0057587894,0.0057209535,0.005222995,0.9430468,0.0032013385,0.0065647126,0.0038672122,0.006644528,0.006118985
syn-0076,2,0,0,5,5,0.009855434,0.012940104,0.0038857982,0.0078055747,0.005566149,0.91395164,0.013044779,0.004902525,0.006784913,0.011361204,0.0050065466,0.0048953486
syn-0081,2,0,0,10,10,0.007951564,0.008988332,0.008728822,0.010257482,0.008962037,0.0118550295,0.009782978,0.0067864056,0.009495889,0.0080689,0.9001998,0.00892274
syn-0082,2,0,0,1,6,0.011978494,0.18072565,0.016110957,0.024244528,0.008460908,0.1518893,0.30503225,0.023915315,0.051898994,0.028289419,0.1704405,0.027013732
syn-0083,2,0,0,0,0,0.9285964,0.0071490174,0.0057024774,0.0076866476,0.009580796,0.0059267436,0.00671916,0.00472752,0.0062644756,0.0071246237,0.0056470605,0.0048752064
syn-0095,2,0,0,11,11,0.0043094717,0.005670228,0.0050027375,0.0044702142,0.0042447317,0.0045762225,0.006740965,0.0045184935,0.004020794,0.004756196,0.005062944,0.946627
syn-0100,2,0,0,2,2,0.005554349,0.0048115854,0.9471877,0.004331015,0.0042701196,0.002885078,0.006093561,0.004475047,0.004785811,0.0046726656,0.005570646,0.0053624716
syn-0121,2,0,0,9,9,0.004368777,0.006543916,0.004461474,0.005830235,0.0036556006,0.0038123762,0.004373045,0.004758499,0.008195396,0.9433931,0.0055347993,0.0050728214
syn-0123,2,0,0,10,10,0.0037587557,0.004451662,0.0041040676,0.005235744,0.0035535095,0.0030026,0.006213687,0.0031222103,0.0052864794,0.0041070753,0.95357764,0.0035866299
syn-0134,2,0,0,5,5,0.0074489475,0.00416524,0.0047198357,0.006877387,0.0069822795,0.90605336,0.006793945,0.017751694,0.014644989,0.0076966695,0.011648954,0.0052167345
syn-0135,2,0,0,0,0,0.94438845,0.005446755,0.0060866876,0.005120502,0.0047658463,0.003831335,0.006310638,0.0051669655,0.005037425,0.0051130066,0.0045877476,0.0041446844
syn-0138,2,0,0,4,4,0.005934781,0.0075907004,0.007721539,0.008225558,0.909203,0.0063237143,0.0076185493,0.008526124,0.007213097,0.006426435,0.013879869,0.01133659
syn-0144,2,0,0,9,9,0.0048251185,0.004844004,0.0043655215,0.006390683,0.003568258,0.0038132574,0.0036671737,0.0041331924,0.0057132076,0.9482299,0.005540135,0.004909486
syn-0148,2,0,0,7,7,0.0072778487,0.013726892,0.012754326,0.006015898,0.008059779,0.032174155,0.00789232,0.8297824,0.016271269,0.014800697,0.015787024,0.035457384
syn-0150,2,0,0,3,3,0.004919337,0.037889637,0.0044355793,0.9055168,0.006146176,0.0055879653,0.007596929,0.00410224,0.005759719,0.0076136407,0.00487391,0.005558032
syn-0151,2,0,0,10,11,0.011630259,0.015551196,0.015190954,0.010893656,0.02885553,0.032295957,0.03245602,0.011344216,0.018854745,0.06401879,0.12762778,0.6312809
syn-0152,2,0,0,3,4,0.009885692,0.0067037074,0.005697703,0.08471408,0.8489237,0.0052592317,0.0067661894,0.004682228,0.006960549,0.007083984,0.0071290946,0.006193864
syn-0158,2,0,0,1,1,0.006377548,0.9370849,0.0054616686,0.005193778,0.005288464,0.0055449693,0.0061212606,0.005445691,0.0053481907,0.006778927,0.006021947,0.005332545
syn-0160,2,0,0,5,5,0.0064897602,0.008869301,0.0044975216,0.009358206,0.002122405,0.9258154,0.0088244155,0.009520672,0.006580704,0.0057862224,0.005664617,0.006470776
syn-0161,2,0,0,2,2,0.0057916073,0.004204769,0.94645494,0.0048800004,0.0050238566,0.0028423122,0.0064389594,0.004785612,0.0044346205,0.004710268,0.0055459887,0.0048871543
syn-0163,2,0,0,4,4,0.0040682573,0.0039459793,0.003656569,0.0049711647,0.9524382,0.004635898,0.0037506002,0.0037689582,0.007658247,0.0041606682,0.002494781,0.0044506867
syn-0165,2,0,0,8,8,0.009801786,0.011375824,0.012282195,0.011583212,0.015678512,0.007875957,0.04416514,0.005546842,0.62322545,0.025760511,0.22308762,0.009616897
syn-0169,2,0,0,4,4,0.011809589,0.004128007,0.004899737,0.007108221,0.9027902,0.012479171,0.0061576623,0.0063655484,0.010792532,0.019022584,0.006154656,0.008292112
syn-0170,2,0,0,6,6,0.0039180866,0.004174856,0.004848833,0.0054171938,0.006114554,0.00544371,0.9443215,0.0028679334,0.0059220893,0.0055213417,0.0068848548,0.004565077
syn-0174,2,0,0,10,10,0.0046914793,0.0066035395,0.0041381945,0.0042239362,0.0041381945,0.004392199,0.005022175,0.0049058367,0.004342088,0.005006261,0.9461381,0.0063980273
syn-0175,2,0,0,11,11,0.017044218,0.054153185,0.010475033,0.024212891,0.020740744,0.031664487,0.03629465,0.011448535,0.025970303,0.034170665,0.34722435,0.38660094
syn-0176,2,0,0,10,10,0.0037161766,0.0045967144,0.0032270944,0.0046395585,0.005286913,0.0037289,0.008723032,0.0033181724,0.0050043263,0.0068817493,0.9464654,0.0044119917
syn-0186,2,0,0,3,3,0.005526426,0.0075712106,0.0045326157,0.943577,0.0048687262,0.0062944493,0.0059260954,0.0044125095,0.0038561835,0.0046844943,0.0036367273,0.0051136045
syn-0198,2,0,0,0,0,0.6242837,0.03918501,0.013134951,0.049341377,0.070902936,0.079097934,0.04509066,0.009405479,0.0076093543,0.02808643,0.013328775,0.020533424
syn-0203,2,0,0,8,8,0.0038011484,0.0050751986,0.005185416,0.0050826385,0.006325446,0.0056479876,0.0091692675,0.003464366,0.9319287,0.008215767,0.011559248,0.004544938
syn-0206,2,0,0,8,8,0.010088879,0.0071996427,0.010624807,0.008327299,0.015459003,0.011249464,0.009845551,0.006849849,0.77490646,0.015978957,0.11495482,0.014515299
syn-0221,2,0,0,11,11,0.0064491113,0.008704751,0.0063166586,0.006464875,0.0047367373,0.009369951,0.011322687,0.003961559,0.006332099,0.004611223,0.00901457,0.9227157
syn-0234,2,0,0,4,6,0.007450572,0.0062862765,0.0077511533,0.03094214,0.062749475,0.014152516,0.82333976,0.0032676533,0.015844021,0.012926975,0.007954363,0.007335061
syn-0237,2,0,0,4,4,0.0053618513,0.00384694,0.004188066,0.005439644,0.947772,0.00412515,0.0040394403,0.004167666,0.005552351,0.005709752,0.0047329725,0.00506412
syn-0240,2,0,0,6,6,0.006608356,0.007752403,0.0050151134,0.013388311,0.032878764,0.02159403,0.87359095,0.0031475853,0.014477208,0.011129231,0.0043657245,0.0060523357
syn-0241,2,0,0,1,1,0.007862809,0.9301419,0.0042117415,0.008735266,0.010801438,0.008258278,0.0052492814,0.004199421,0.005072894,0.0061821453,0.004066245,0.0052186134
syn-0252,2,0,0,8,8,0.0043735867,0.004532293,0.005015566,0.0042328206,0.004098586,0.003545299,0.0064882487,0.0041509503,0.9472027,0.0050858506,0.007403032,0.003871001
syn-0258,2,0,0,3,3,0.012913116,0.022283284,0.009862229,0.53322667,0.04589288,0.2904771,0.029587295,0.006480453,0.008033612,0.0176976,0.011620546,0.011925198
syn-0268,2,0,0,6,6,0.0041441456,0.0039140307,0.004454712,0.0055062086,0.0095499465,0.005597017,0.93737495,0.0029820027,0.0052335775,0.005455362,0.0077104527,0.008077438
syn-0270,2,0,0,10,10,0.007278259,0.0092636915,0.004497161,0.0068841907,0.013700879,0.0064466055,0.008990742,0.003753851,0.0057463422,0.011155745,0.91585,0.006432456
syn-0271,2,0,0,2,2,0.0071571404,0.008601601,0.9147917,0.011362629,0.0041341526,0.004078015,0.008903943,0.008694499,0.005541422,0.011036924,0.006767977,0.0089300675
syn-0272,2,0,0,3,3,0.03510438,0.041672215,0.041917104,0.6964505,0.036391545,0.012249308,0.058724217,0.005422342,0.011456702,0.013115945,0.028407576,0.019088248
syn-0289,2,0,0,8,8,0.10562636,0.07052572,0.023327997,0.021968193,0.03496821,0.12068803,0.042220924,0.05314633,0.41613173,0.054105308,0.01638927,0.040901948
syn-0290,2,0,0,0,0,0.8703567,0.0059655,0.00649766,0.010031883,0.050119534,0.012068307,0.006856199,0.0057566077,0.00953517,0.0056232563,0.008316723,0.00887258
syn-0298,2,0,0,7,7,0.0057810955,0.0040064035,0.0055271443,0.004837367,0.0026338864,0.012364718,0.0048562996,0.93864465,0.006384265,0.003873671,0.004645241,0.0064453427
syn-0311,2,0,0,9,9,0.0065049436,0.010585668,0.005816775,0.008630283,0.0068571838,0.0046899132,0.007531143,0.00431212,0.0044036144,0.9122571,0.011260478,0.0171508
syn-0316,2,0,0,0,0,0.48494288,0.018493691,0.00962255,0.028762717,0.04827444,0.2952839,0.027925462,0.008882039,0.017162427,0.026539538,0.013878213,0.020232158
syn-0322,2,0,0,2,2,0.01768762,0.0072838385,0.9063164,0.012012686,0.0075132186,0.004952615,0.008251655,0.011195516,0.00574233,0.005241231,0.0049284915,0.008874374
syn-0326,2,0,0,1,1,0.008440573,0.91985154,0.00677061,0.006194885,0.0050734296,0.0053065335,0.010758821,0.0044816597,0.012062369,0.0074324296,0.005337718,0.008289451
syn-0334,2,0,0,6,6,0.005611352,0.0075712055,0.005284263,0.013075485,0.009519632,0.03691363,0.89171904,0.0035114947,0.006312094,0.0062112007,0.0057725394,0.008498
syn-0340,2,0,0,9,9,0.0053160265,0.0053944713,0.0048355726,0.005801569,0.0042966492,0.0052157515,0.0034965642,0.005650597,0.0048426613,0.94381046,0.007680672,0.0036590039
syn-0349,2,0,0,5,5,0.0048776064,0.0052099624,0.0033670913,0.0055297515,0.0038528566,0.943684,0.003951935,0.00656554,0.0053963824,0.00496047,0.0059812777,0.0066230954
syn-0351,2,0,0,11,11,0.0047357925,0.009254704,0.0055124247,0.00551377,0.005026477,0.007756702,0.0064195516,0.0054869126,0.0034160635,0.006721065,0.0053821006,0.93477446
syn-0360,2,0,0,0,0,0.9343509,0.0044338405,0.004056818,0.006641374,0.01238351,0.00622834,0.0063279667,0.0049294294,0.0038578343,0.006698367,0.0047197985,0.005371787
syn-0364,2,0,0,4,5,0.012159549,0.016514968,0.010184518,0.015393643,0.2636902,0.50235456,0.020204943,0.008056617,0.073438965,0.031941816,0.025557036,0.020503093
syn-0380,2,0,0,4,5,0.010923152,0.0066946466,0.0039240667,0.0066979164,0.038374834,0.89237493,0.0060039735,0.008479372,0.006855079,0.008783849,0.005566341,0.005321824
syn-0381,2,0,0,8,8,0.005268098,0.005214355,0.0042144745,0.0033715758,0.003722894,0.0056051235,0.0049682893,0.008229911,0.9407975,0.008269185,0.005869818,0.004468794
syn-0384,2,0,0,1,1,0.006870549,0.9386854,0.0056007374,0.0052871597,0.0046454426,0.0060825124,0.006145203,0.0046613477,0.007920513,0.0055381907,0.0037841015,0.0047788834
syn-0403,2,0,0,9,9,0.0073022023,0.008904489,0.0038592804,0.0060154325,0.0055892323,0.0040821875,0.0037041917,0.0032530148,0.008985804,0.93973494,0.0040306905,0.004538471
syn-0410,2,0,0,10,10,0.018203989,0.013171195,0.011115656,0.013372081,0.025437778,0.009019331,0.012160565,0.010710721,0.009968877,0.019471113,0.8303366,0.027032139
syn-0427,2,0,0,5,5,0.004815355,0.0059389165,0.0030333016,0.0056572766,0.011947252,0.9373438,0.0057379543,0.0039542397,0.006750242,0.005546501,0.0041928557,0.005082305
syn-0439,2,0,0,6,6,0.0064378274,0.0058609936,0.0047976384,0.004162159,0.0045690057,0.0064299735,0.9382371,0.004079663,0.012652443,0.003948357,0.0034674406,0.005357381
syn-0447,2,0,0,7,7,0.0045053284,0.0049084304,0.0054810992,0.004258276,0.0023322036,0.007829778,0.0042832997,0.9445605,0.0052995095,0.0051603424,0.0049060336,0.006475285
syn-0455,2,0,0,2,2,0.026965894,0.06349862,0.35055384,0.15510225,0.03709271,0.021114161,0.079703465,0.10499869,0.028747123,0.052690428,0.020888563,0.05864424
syn-0456,2,0,0,11,11,0.007171347,0.0092736175,0.0068831597,0.027746806,0.016317481,0.009098691,0.013272549,0.005030912,0.005213471,0.008530751,0.005653645,0.8858075
syn-0461,2,0,0,2,2,0.0068443776,0.0053919232,0.93854046,0.004613083,0.005186628,0.0031397108,0.006228835,0.006368768,0.0059668585,0.005103724,0.006761336,0.0058543063
syn-0477,2,0,0,7,7,0.05121538,0.07435439,0.047918975,0.028467402,0.0648293,0.17738977,0.017241077,0.20042092,0.06395095,0.055549674,0.13208261,0.086579606
syn-0481,2,0,0,9,9,0.0054287943,0.004171557,0.0052093617,0.005146157,0.0036101816,0.003516235,0.003684983,0.0061862697,0.006379527,0.9458816,0.006065136,0.0047200737
syn-0486,2,0,0,1,1,0.005212704,0.9318146,0.0054976535,0.006091293,0.0041946652,0.0052741496,0.009116252,0.004426125,0.0075937035,0.0066427784,0.0069395127,0.007196598
syn-0487,2,0,0,6,6,0.004375725,0.004631853,0.0046738833,0.0045135235,0.0037217988,0.006987909,0.94882333,0.0035792189,0.007732314,0.003337828,0.0043026307,0.0033199484
syn-0490,2,0,0,7,7,0.006957179,0.0050602444,0.005979918,0.0040304405,0.005080049,0.023091882,0.0082982415,0.9023554,0.0078011886,0.015077619,0.0056396,0.010628198
syn-0493,2,0,0,8,8,0.0042065517,0.003972972,0.0050815083,0.0047272444,0.0071757035,0.0051842625,0.0056757564,0.0045019668,0.9440862,0.0045594852,0.007242585,0.0035857772
syn-0496,2,0,0,8,8,0.0043336833,0.0046926984,0.005606834,0.004586231,0.0044603464,0.003867655,0.0074578305,0.003947791,0.94453734,0.0057876394,0.006895682,0.00382633
syn-0497,2,0,0,5,5,0.008762866,0.014534201,0.005551011,0.00766179,0.008104326,0.8524885,0.021294791,0.025724076,0.025091397,0.014332468,0.006650181,0.009804366
syn-0499,2,0,0,11,11,0.006589844,0.0043806825,0.0052532405,0.0036961162,0.00557841,0.00511404,0.00508044,0.004988261,0.0031971605,0.0057470626,0.004410731,0.945964
syn-0010,2,0,1,9,9,0.0064239013,0.0073273764,0.0037525217,0.0061222515,0.004629222,0.004884661,0.0042604767,0.0035165718,0.017496113,0.93039715,0.005594825,0.005594825
syn-0015,2,0,1,6,6,0.008115495,0.01221407,0.007555244,0.006639864,0.0065625072,0.016270146,0.90517706,0.004934328,0.014534697,0.007594079,0.0044534425,0.00594903
syn-0024,2,0,1,2,2,0.007808465,0.0050640367,0.9303332,0.006607975,0.0046788966,0.003424826,0.009034098,0.008525557,0.0048581613,0.0053617633,0.0064912485,0.0078118015
syn-0038,2,0,1,5,5,0.0049588787,0.0062297056,0.003030562,0.011139596,0.007741823,0.93512636,0.005932104,0.006048366,0.002647178,0.004868906,0.0041180872,0.0081583625
syn-0042,2,0,1,9,9,0.003825211,0.0051273163,0.0052131484,0.0067718932,0.0044135535,0.0034406371,0.003017139,0.005279753,0.0041583143,0.95073813,0.003764068,0.0042506945
syn-0043,2,0,1,9,9,0.005311719,0.004578988,0.0073172017,0.0058652,0.005986724,0.007915646,0.007281561,0.009450686,0.005231922,0.87430656,0.056551397,0.0102024255
syn-0045,2,0,1,9,9,0.011568845,0.023645187,0.0069656544,0.019748157,0.017409347,0.009116031,0.008690088,0.004978129,0.008526169,0.73021233,0.15127762,0.007862349
syn-0049,2,0,1,8,8,0.0072278474,0.009077934,0.0057583232,0.0057639494,0.01315682,0.00505942,0.00662132,0.005304816,0.92495763,0.007466392,0.005970192,0.0036352773
syn-0051,2,0,1,3,3,0.005794997,0.00603615,0.0045763915,0.9383783,0.0058205193,0.005095373,0.0055621197,0.0045297057,0.0042262753,0.010038557,0.0048289155,0.0051128184
syn-0052,2,0,1,4,4,0.02545294,0.01369317,0.005512654,0.007743779,0.87860477,0.02692307,0.00831801,0.0048934887,0.0045478893,0.008542335,0.0051433784,0.010624621
syn-0055,2,0,1,3,3,0.0042548077,0.0066384184,0.006243834,0.94103026,0.0049392795,0.006239263,0.006118584,0.0037548544,0.00450056,0.0061470326,0.0051624374,0.0049707317
syn-0062,2,0,1,7,7,0.0057786703,0.0046206755,0.007755907,0.004225702,0.002692585,0.010701508,0.0028690423,0.9419231,0.0059701167,0.005289876,0.0038362897,0.0043364856
syn-0063,2,0,1,1,1,0.005343856,0.9487512,0.0056167436,0.004841936,0.0036388584,0.0042108567,0.0057051945,0.0038377745,0.003676363,0.0046929647,0.004882295,0.0048019104
syn-0068,2,0,1,10,8,0.021723079,0.013488166,0.020476814,0.036704943,0.071803406,0.013808028,0.06409757,0.022810098,0.34684676,0.29178917,0.067932315,0.028519612
syn-0075,2,0,1,7,7,0.00529454,0.0051794737,0.005918034,0.0044649853,0.0043551703,0.011847254,0.004264681,0.9340478,0.0054492867,0.005789417,0.005759811,0.0076295785
syn-0079,2,0,1,1,1,0.0046352427,0.89024884,0.0071792034,0.01822786,0.008267249,0.014283652,0.01777955,0.003170235,0.007396254,0.0077512073,0.0078043756,0.013256257
syn-0080,2,0,1,3,3,0.005551705,0.0063433433,0.006054338,0.9400575,0.007037745,0.005067241,0.0056847474,0.0036605054,0.005053651,0.0063650617,0.0044262055,0.0046978877
syn-0087,2,0,1,5,5,0.011756748,0.009045075,0.0064264573,0.021007657,0.014624367,0.78301966,0.02717556,0.00999245,0.058981292,0.012921722,0.03322311,0.011825837
syn-0103,2,0,1,11,11,0.017165188,0.07385561,0.010849763,0.014829866,0.027466752,0.015980195,0.012463634,0.010526225,0.003914204,0.02679448,0.024783868,0.76137024
syn-0105,2,0,1,4,4,0.03197938,0.0065671722,0.0061723003,0.009345235,0.89177704,0.009505156,0.006531994,0.004607066,0.004227681,0.008422129,0.008418018,0.01244672
syn-0108,2,0,1,8,8,0.0052969744,0.008505974,0.005638601,0.0042520845,0.007082757,0.0074662855,0.008859942,0.0051390203,0.90838397,0.0066406517,0.02267442,0.010059257
syn-0114,2,0,1,4,4,0.009258012,0.0068766116,0.0082061505,0.16522783,0.74630755,0.008838371,0.01311179,0.0057428195,0.006974678,0.0092806425,0.010776252,0.009399214
syn-0118,2,0,1,5,5,0.006387151,0.005642364,0.0027748211,0.00470058,0.006185776,0.9472794,0.0044298233,0.0047178254,0.005038679,0.005285004,0.0028545281,0.004704024
syn-0120,2,0,1,3,3,0.0049264473,0.006430791,0.005748362,0.942029,0.0050236126,0.004070232,0.005841737,0.0041101757,0.0054040425,0.006923699,0.0051251967,0.004366722
syn-0124,2,0,1,6,6,0.0047341147,0.006516744,0.0053618364,0.014472155,0.011135536,0.0064818356,0.92355675,0.0032220867,0.004884392,0.00604026,0.0063720034,0.007222189
syn-0129,2,0,1,11,11,0.0052202423,0.0073590265,0.0061509483,0.0065861284,0.0067291576,0.003961667,0.008494002,0.0041761897,0.0043766093,0.008739326,0.0045888876,0.9336179
syn-0130,2,0,1,6,8,0.010996413,0.010900188,0.014436878,0.010953543,0.02680752,0.008406579,0.022122037,0.01053392,0.84750414,0.009210305,0.014714434,0.013414009
syn-0136,2,0,1,6,6,0.004825597,0.007464002,0.004449892,0.00957286,0.009131142,0.009514028,0.9286204,0.0023656287,0.0032972049,0.0075317305,0.00794054,0.005286958
syn-0143,2,0,1,1,1,0.018866135,0.8362389,0.010123424,0.009230994,0.0051503805,0.009917929,0.00692045,0.0057400563,0.066791154,0.011451755,0.010547275,0.0090215625
syn-0145,2,0,1,2,2,0.016862893,0.017476937,0.79853714,0.06769471,0.016635945,0.011257817,0.009210822,0.012853692,0.010111171,0.014269484,0.009634024,0.015455381
syn-0149,2,0,1,8,8,0.011116304,0.013770755,0.006767942,0.005984365,0.008681728,0.0090518445,0.0069284393,0.0055971392,0.9087767,0.0073071793,0.0082277255,0.007789854
syn-0153,2,0,1,4,5,0.08293127,0.009878163,0.007923774,0.0080407,0.077300444,0.7633669,0.012353746,0.0066562165,0.00590861,0.011503719,0.0051838667,0.008952546
syn-0162,2,0,1,9,9,0.0058030207,0.009901443,0.004336722,0.0046822513,0.0050331433,0.0041019185,0.0045537315,0.005139937,0.009028168,0.94013655,0.0034222645,0.0038609295
syn-0166,2,0,1,5,5,0.021577138,0.009023282,0.0052133575,0.008462115,0.03299774,0.8814738,0.0084703835,0.004760744,0.0052312072,0.008129993,0.006282372,0.008377834
syn-0171,2,0,1,6,6,0.0082985535,0.013918685,0.006640457,0.006150421,0.008997005,0.011533361,0.88688207,0.004877277,0.034539603,0.008312748,0.0034450237,0.0064048017
syn-0181,2,0,1,10,10,0.012161828,0.016550357,0.01600204,0.017938944,0.014491976,0.0073334263,0.06593912,0.013821591,0.35611555,0.043159552,0.41715524,0.01933044
syn-0184,2,0,1,2,2,0.005092156,0.0045169108,0.95185643,0.004629674,0.0038465776,0.0023942324,0.0053092437,0.0047440943,0.00391288,0.004249465,0.0048625297,0.0045858016
syn-0190,2,0,1,3,1,0.012168015,0.69725466,0.008880603,0.17220975,0.015180356,0.0382567,0.013111869,0.007290731,0.005460506,0.015978944,0.004315399,0.009892527
syn-0196,2,0,1,4,4,0.2655948,0.00781156,0.011321442,0.011494115,0.6151189,0.015599754,0.01873324,0.010771392,0.013770095,0.008262746,0.0071893223,0.014332623
syn-0201,2,0,1,0,0,0.94055575,0.006118486,0.00622091,0.00524237,0.004921145,0.0045092865,0.0060501564,0.0059027956,0.004604965,0.0052809073,0.0048495834,0.005743577
syn-0204,2,0,1,1,1,0.0062705907,0.9464482,0.0049254494,0.0045154346,0.0034318082,0.006346056,0.005540536,0.0046044933,0.005599007,0.004504424,0.0036317983,0.0041822162
syn-0205,2,0,1,2,2,0.004933886,0.005340016,0.94876415,0.0055935564,0.003834081,0.0023288967,0.005246968,0.004507736,0.003728842,0.004903864,0.005708755,0.005109181
syn-0209,2,0,1,7,7,0.00939181,0.013223573,0.018067863,0.00545151,0.007642947,0.04178401,0.010528605,0.84956187,0.011185773,0.008426989,0.011417536,0.013317529
syn-0213,2,0,1,0,0,0.93646866,0.0055062594,0.006406113,0.005028216,0.0058143497,0.0045514954,0.0060740774,0.0054103155,0.0062044724,0.005243858,0.0059842886,0.007307978
syn-0218,2,0,1,8,8,0.003910147,0.005962262,0.0058042738,0.004422132,0.006719937,0.005554727,0.012856926,0.0072997683,0.9255349,0.004739624,0.011517138,0.005678129
syn-0223,2,0,1,6,6,0.00635422,0.006850451,0.0064795464,0.0068671964,0.005870957,0.0085130455,0.91582227,0.00498505,0.01723465,0.008827348,0.0048151896,0.0073800273
syn-0225,2,0,1,7,7,0.006137069,0.004420365,0.008272455,0.004385966,0.007438953,0.023721885,0.0033892114,0.8708114,0.010369652,0.034802835,0.009025821,0.017224448
syn-0232,2,0,1,8,8,0.0064556734,0.01180011,0.007193039,0.005162013,0.0060114763,0.010207159,0.0066476027,0.0062448448,0.9209527,0.011810918,0.0033606265,0.0041538747
syn-0243,2,0,1,10,10,0.004671482,0.0055488762,0.006606367,0.004938889,0.0038006704,0.0049280487,0.005460182,0.00679116,0.0031833416,0.0061270692,0.9400374,0.007906545
syn-0251,2,0,1,10,10,0.0046782275,0.0042679026,0.0053925,0.005413606,0.0034293556,0.0057444926,0.0068505434,0.005064549,0.0062998557,0.0072170915,0.94162476,0.0040171617
syn-0253,2,0,1,3,3,0.004415636,0.0057929186,0.0062728203,0.93827075,0.005047742,0.0059811845,0.0060369326,0.0060178027,0.005834078,0.004863856,0.005722634,0.005743629
syn-0257,2,0,1,4,4,0.006746552,0.007667275,0.005407788,0.007868284,0.90325433,0.03309438,0.008106167,0.005530626,0.0062517384,0.0069505214,0.003529239,0.005593088
syn-0260,2,0,1,11,11,0.010253122,0.020185754,0.008454604,0.008808585,0.016664822,0.020865723,0.026233453,0.012935869,0.006517281,0.025056591,0.027925363,0.81609875
syn-0273,2,0,1,0,0,0.9341785,0.009291804,0.005923198,0.006602967,0.0062898365,0.00635932,0.0045337193,0.006752954,0.0042382893,0.005757804,0.003400576,0.006671021
syn-0279,2,0,1,0,0,0.9461765,0.005841729,0.005136463,0.0040583196,0.0044987355,0.0050815814,0.0046551586,0.005943872,0.004910829,0.0055160043,0.003196318,0.0049845115
syn-0291,2,0,1,1,1,0.0045003565,0.95022196,0.0044566216,0.0046819155,0.004059782,0.0041682506,0.0042504617,0.004087629,0.0027376127,0.00501561,0.0054817377,0.006338003
syn-0292,2,0,1,11,11,0.0050455066,0.005007464,0.0068085603,0.0044777165,0.0048062354,0.006257809,0.005855749,0.006392928,0.0033667807,0.005910327,0.0033948438,0.942676
syn-0293,2,0,1,0,0,0.5778036,0.03846549,0.029600715,0.0217358,0.07292342,0.03989781,0.023918776,0.015933339,0.116474405,0.021938387,0.01110156,0.030206654
syn-0302,2,0,1,10,10,0.003995681,0.004537659,0.0040556323,0.0035339324,0.0034101857,0.0044206567,0.00579137,0.005393868,0.004021125,0.004500149,0.9525008,0.003838858
syn-0318,2,0,1,11,11,0.0056944955,0.007394907,0.0056048417,0.0060337055,0.0065263803,0.0034295183,0.007651097,0.0035177113,0.0030547483,0.0068881847,0.0052897423,0.93891466
syn-0352,2,0,1,8,8,0.004291653,0.007915752,0.006116072,0.0045885616,0.004515217,0.005446391,0.0065025827,0.0061821262,0.94041425,0.0052814023,0.004279099,0.0044669732
syn-0356,2,0,1,8,8,0.006286059,0.015378765,0.005387263,0.0047057425,0.00996084,0.0059748143,0.012832099,0.004817336,0.9144427,0.0074067875,0.006381933,0.006425709
syn-0358,2,0,1,2,2,0.005542765,0.005674208,0.93465644,0.004160471,0.0036217466,0.0033840907,0.006730068,0.009411313,0.0055780606,0.006225815,0.0075917994,0.007423181
syn-0359,2,0,1,4,4,0.006995554,0.008888665,0.0071404995,0.008317574,0.9046784,0.00768499,0.014443587,0.005612858,0.012591386,0.005234314,0.0041976827,0.014214452
syn-0373,2,0,1,11,11,0.004818179,0.007789474,0.0059671127,0.0046756435,0.004498719,0.005899034,0.0054092947,0.0039836983,0.0026745284,0.0063171624,0.003179184,0.944788
syn-0375,2,0,1,8,8,0.0033463854,0.0063394806,0.0041302172,0.003313865,0.0037938037,0.00471916,0.007857893,0.0051779244,0.9387973,0.011794656,0.005956845,0.0047724573
syn-0376,2,0,1,5,5,0.0042022406,0.006119451,0.0035891056,0.005569783,0.003466811,0.9417382,0.010244399,0.006772581,0.0039805444,0.004239337,0.0055116173,0.0045659463
syn-0378,2,0,1,2,2,0.0057236594,0.005146965,0.9441842,0.006088343,0.0042255167,0.0032732077,0.005912561,0.005746061,0.0046544382,0.004936513,0.0048587928,0.0052497615
syn-0386,2,0,1,10,10,0.005079669,0.0054817144,0.005716805,0.0051609217,0.004035061,0.004750983,0.0063908054,0.006715517,0.003337026,0.004983852,0.9375439,0.0108036585
syn-0388,2,0,1,5,7,0.04556663,0.012261097,0.017892133,0.080658205,0.020393588,0.15246566,0.030616272,0.5615216,0.022828585,0.022700759,0.016636636,0.016458878
syn-0391,2,0,1,0,0,0.94316673,0.006525596,0.0060921847,0.004990539,0.004155523,0.004780643,0.005240265,0.0050382833,0.004543937,0.0056993742,0.0048393584,0.004927583
syn-0397,2,0,1,1,1,0.004833277,0.9502971,0.004620962,0.004814434,0.0037862803,0.0040720147,0.0050838143,0.0039854636,0.0027431818,0.0051136897,0.005222192,0.0054275696
syn-0419,2,0,1,1,1,0.004980988,0.95059973,0.004676921,0.0044933604,0.0038171913,0.004464929,0.0049700555,0.004425858,0.0030897467,0.004519766,0.0046111615,0.0053503476
syn-0423,2,0,1,9,9,0.004197329,0.006535163,0.0038932841,0.005441038,0.0035001563,0.0037204435,0.004098096,0.0056343507,0.0066429405,0.94801486,0.0045874096,0.0037350047
syn-0428,2,0,1,8,1,0.0070990897,0.93184257,0.0065671876,0.0055463524,0.004873176,0.005838127,0.005238376,0.00467506,0.014025468,0.004616084,0.005243494,0.0044349115
syn-0435,2,0,1,10,10,0.0037706406,0.00472252,0.0037303527,0.0040690796,0.0034131499,0.0047805216,0.005229906,0.0058119907,0.00333083,0.0050603435,0.95193326,0.0041473093
syn-0450,2,0,1,10,10,0.004069933,0.0046264986,0.004290318,0.0035952122,0.003467626,0.004150205,0.005070681,0.005530439,0.0032416661,0.004422187,0.9521329,0.005402326
syn-0458,2,0,1,6,6,0.0054704323,0.0038971528,0.005410661,0.0047725607,0.0041404027,0.0058453223,0.9461809,0.005920004,0.003927719,0.003706001,0.0056495965,0.0050791246
syn-0463,2,0,1,11,11,0.0039718915,0.004109996,0.0053265276,0.004494155,0.0044678985,0.0037623476,0.0044689896,0.005630743,0.0026073752,0.0048168176,0.00418186,0.95216143
syn-0474,2,0,1,0,0,0.943806,0.0058072107,0.0049105,0.006696308,0.006509327,0.005746565,0.005112348,0.0045006303,0.003486319,0.0064232894,0.003008331,0.003993183
syn-0476,2,0,1,7,7,0.0057856636,0.007113014,0.009425514,0.006857239,0.004286962,0.097570814,0.0059897583,0.8217513,0.009288451,0.01561039,0.008237151,0.00808375
syn-0480,2,0,1,1,1,0.011470649,0.29381657,0.024919994,0.15347561,0.10233667,0.019646073,0.0651127,0.010014655,0.0113591775,0.023035977,0.03545306,0.24935889
syn-0488,2,0,1,10,10,0.005354949,0.003738357,0.0047004116,0.0046706693,0.011346118,0.007868825,0.008987578,0.004093771,0.010293937,0.010942133,0.91029006,0.0177132
syn-0491,2,0,1,10,10,0.0045448886,0.00489026,0.0034239676,0.0036877585,0.004250806,0.0044406904,0.0047098114,0.0050467243,0.003771526,0.006032402,0.9502989,0.004902213
syn-0498,2,0,1,7,7,0.0049415203,0.0071662106,0.0059824786,0.0042174286,0.0024124235,0.011810758,0.0041601607,0.9368713,0.007991192,0.0040737246,0.004330109,0.0060426625
syn-0003,2,0,2,2,2,0.0062648235,0.0056833355,0.932055,0.008156919,0.006320128,0.0036919022,0.007163392,0.005880948,0.0062160706,0.005795429,0.0063712527,0.0064008757
syn-0007,2,0,2,6,6,0.023461848,0.015414856,0.006987997,0.009016685,0.020017827,0.027362796,0.82928276,0.0044029728,0.03333787,0.010712809,0.008290352,0.011711268
syn-0009,2,0,2,8,8,0.0041823005,0.0048657884,0.0042835725,0.003705313,0.007116939,0.004844452,0.006037856,0.0039558574,0.9478548,0.004713781,0.0044891452,0.003950067
syn-0019,2,0,2,0,0,0.7874067,0.011650695,0.00860748,0.015673898,0.019129194,0.008486455,0.007914109,0.0057929144,0.0066643488,0.012061685,0.10962497,0.0069875885
syn-0022,2,0,2,10,10,0.023731517,0.11005538,0.015099407,0.043372743,0.047181353,0.042627405,0.027921626,0.016422296,0.018464083,0.088044204,0.28713945,0.27994058
syn-0034,2,0,2,0,0,0.9468161,0.0039941994,0.004084928,0.0036492117,0.005515692,0.005776163,0.0043483833,0.0062462837,0.003086478,0.0051764557,0.005829288,0.005476778
syn-0058,2,0,2,9,9,0.0051170923,0.0070233247,0.00357929,0.0060015046,0.005935931,0.0051521924,0.003303843,0.0033427877,0.015955338,0.9332201,0.006163356,0.0052052946
syn-0059,2,0,2,3,3,0.005070701,0.0057753916,0.0043563023,0.93474704,0.0071177413,0.01063295,0.0049411603,0.005033698,0.0038145056,0.008692575,0.0050287847,0.004789137
syn-0061,2,0,2,4,4,0.0053377454,0.0045902035,0.004352288,0.0052319486,0.9448941,0.004462031,0.004475123,0.00419169,0.005078412,0.004955929,0.005622662,0.0068079387
syn-0065,2,0,2,11,11,0.0042882776,0.003675129,0.0052005076,0.0027999894,0.0035970137,0.0047629424,0.0041940566,0.0046276865,0.002729791,0.003978616,0.0052074953,0.9549384
syn-0067,2,0,2,5,5,0.005880741,0.00760096,0.004938799,0.006897138,0.005227886,0.9297495,0.006156948,0.008368555,0.004950871,0.0055677737,0.0077821617,0.0068786405
syn-0069,2,0,2,11,11,0.0061243474,0.007370259,0.0069525135,0.004321659,0.00496207,0.003956107,0.006337294,0.004778971,0.0036480974,0.0051320973,0.005419252,0.9409972
syn-0071,2,0,2,6,6,0.006413274,0.0062311525,0.006706301,0.0068653375,0.005319387,0.007298307,0.9361431,0.0044401763,0.0048244754,0.0046080444,0.0054949466,0.0056555504
syn-0097,2,0,2,10,10,0.0050580264,0.0048880656,0.0047446205,0.005718915,0.0030596203,0.006451964,0.005981677,0.0038096183,0.0063643535,0.0055280966,0.9436319,0.0047631906
syn-0098,2,0,2,10,10,0.004821248,0.007306792,0.004418829,0.004320684,0.008081467,0.0070440494,0.0033913436,0.0047767265,0.0054631904,0.005047693,0.9403256,0.0050023017
syn-0102,2,0,2,1,1,0.0061786855,0.93805695,0.0054221386,0.006118641,0.0052399435,0.004715439,0.0060311374,0.004917667,0.0108056115,0.0053042998,0.0033964028,0.0038130889
syn-0112,2,0,2,4,4,0.00788291,0.005363224,0.006337963,0.0060403487,0.92379576,0.0062733064,0.0036024565,0.005407928,0.020369485,0.006038874,0.0038123915,0.005075319
syn-0125,2,0,2,9,9,0.0082943095,0.02125797,0.006381241,0.015147941,0.01310305,0.009412463,0.022702308,0.0028288946,0.028731707,0.822017,0.038956463,0.011166666
syn-0127,2,0,2,11,11,0.065481775,0.065834425,0.012454772,0.035471685,0.0479543,0.037925713,0.045240045,0.009814125,0.023960361,0.025480775,0.09611649,0.5342655
syn-0137,2,0,2,8,8,0.00531369,0.004784139,0.005376326,0.004507469,0.0074025863,0.005423787,0.005305912,0.0037113654,0.9424748,0.0050407364,0.0063518956,0.0043073613
syn-0142,2,0,2,4,4,0.01348783,0.006974369,0.0059538544,0.27240255,0.63832235,0.013135238,0.010841746,0.005555025,0.0068628904,0.012270319,0.007185227,0.0070085074
syn-0155,2,0,2,4,4,0.0053109564,0.0053853802,0.0048297816,0.0063657006,0.9371728,0.005012379,0.004729432,0.0036297243,0.012780823,0.004706396,0.005081378,0.0049952758
syn-0159,2,0,2,11,11,0.0043534953,0.0037796134,0.0067206393,0.0031044744,0.003463291,0.004909128,0.0058647087,0.0051246644,0.0029652044,0.004323837,0.009080112,0.9463107
syn-0164,2,0,2,8,8,0.01563194,0.0098433085,0.0074628433,0.0071072,0.0186608,0.050086174,0.012970413,0.005037299,0.8372739,0.0095591135,0.020983784,0.0053831637
syn-0172,2,0,2,10,10,0.0042990455,0.005046997,0.003371066,0.0047365874,0.004390263,0.008246264,0.0050126137,0.0039915293,0.005356784,0.005702267,0.94387585,0.00597082
syn-0177,2,0,2,8,8,0.0051494637,0.0061151385,0.0054708794,0.0044739307,0.00508947,0.004679491,0.008540443,0.004832751,0.94187903,0.00533893,0.0043130545,0.0041175555
syn-0179,2,0,2,1,1,0.005994177,0.9419173,0.0047789747,0.004675113,0.0044263084,0.0051597403,0.0057998355,0.004302712,0.008347527,0.0052205613,0.0036803049,0.005697385
syn-0188,2,0,2,10,10,0.006187015,0.0052894508,0.004554229,0.0049641295,0.0060870056,0.0036647902,0.003929827,0.004028917,0.0042491555,0.0047137323,0.94715106,0.0051808157
syn-0193,2,0,2,11,11,0.02508866,0.032522675,0.013991243,0.018772196,0.061672002,0.02313534,0.020228328,0.013415885,0.029217264,0.03834187,0.1304322,0.5931824
syn-0194,2,0,2,1,1,0.0077479035,0.9214851,0.0063005383,0.005867015,0.0062028575,0.0057788766,0.005988577,0.006184712,0.020150572,0.0064625614,0.0035136337,0.004317624
syn-0200,2,0,2,5,5,0.011366326,0.013169887,0.004003861,0.009392582,0.0058312747,0.8916029,0.0076333187,0.036764923,0.0048841224,0.007524155,0.0029307178,0.004896061
syn-0202,2,0,2,10,10,0.0060909307,0.005028645,0.0043583093,0.0046122917,0.00773357,0.0055336836,0.0051756203,0.004064375,0.016444074,0.020025102,0.91351426,0.0074191657
syn-0207,2,0,2,0,0,0.9416126,0.0048621497,0.004941129,0.00472177,0.0042553623,0.008836516,0.005085547,0.0042512086,0.007384087,0.0047844322,0.004999374,0.004265764
syn-0219,2,0,2,0,0,0.9520431,0.0044347434,0.0051683104,0.0046817358,0.004267976,0.0041014673,0.0036124694,0.0045979135,0.0030899087,0.00472768,0.0050461222,0.004228563
syn-0222,2,0,2,8,8,0.0038858044,0.003954713,0.0057316413,0.0038858044,0.006022861,0.0046190154,0.005925144,0.004940984,0.9471181,0.004784291,0.005449178,0.0036826003
syn-0224,2,0,2,8,8,0.0071133696,0.0055738143,0.0046276283,0.003881661,0.008383645,0.0074347546,0.009821235,0.003751229,0.9314402,0.0045226375,0.008767771,0.0046821777
syn-0228,2,0,2,6,6,0.012296246,0.007881119,0.011283671,0.042501032,0.09545075,0.011092473,0.77536744,0.006708243,0.010605205,0.011060022,0.0062101716,0.009543651
syn-0230,2,0,2,9,9,0.005535793,0.0063747703,0.0042527374,0.004560294,0.0058057113,0.004643431,0.0037677165,0.006249944,0.0069248173,0.94057244,0.0038949165,0.0074174646
syn-0239,2,0,2,6,6,0.006643574,0.0074259313,0.008662739,0.00950516,0.0071327365,0.0075779436,0.92332035,0.0058930693,0.0042967508,0.0050234105,0.008077518,0.006440745
syn-0242,2,0,2,0,0,0.94800436,0.0038894406,0.0044647125,0.004309424,0.007401444,0.0041585225,0.004026644,0.0043115295,0.005753837,0.0046437,0.004064175,0.004972242
syn-0244,2,0,2,3,3,0.0048897057,0.0051419125,0.004258634,0.9404979,0.006698954,0.008714714,0.0057910956,0.0039967117,0.0041356795,0.005837941,0.0056280163,0.004408861
syn-0247,2,0,2,3,3,0.0049270773,0.005914241,0.004867298,0.93710274,0.007244511,0.0057631508,0.0054885065,0.006236017,0.004655761,0.0063203173,0.006143835,0.0053365533
syn-0248,2,0,2,6,10,0.012006339,0.017360702,0.0129124075,0.01580517,0.014191896,0.019245889,0.30874172,0.012387462,0.009876145,0.012112329,0.553626,0.01173394
syn-0249,2,0,2,8,8,0.0067239245,0.0051440964,0.005338577,0.004302253,0.010702667,0.010653704,0.003257039,0.007036298,0.9245028,0.007820865,0.010009145,0.004508722
syn-0254,2,0,2,7,8,0.03169594,0.043175388,0.05726796,0.022941476,0.04473119,0.088180155,0.043641686,0.20150174,0.22109035,0.05691949,0.04063882,0.14821576
syn-0255,2,0,2,2,2,0.0064019966,0.005827661,0.92654574,0.008820199,0.0066149,0.0040229294,0.008109694,0.0068215486,0.0065075774,0.006168776,0.007329182,0.0068298806
syn-0259,2,0,2,4,4,0.0035817106,0.0049004015,0.0036523533,0.008852923,0.9411754,0.00609567,0.0059573725,0.0031949857,0.0056444597,0.0059196767,0.0051556765,0.0058693094
syn-0264,2,0,2,0,0,0.93909806,0.005627878,0.004811429,0.0038812233,0.006752976,0.005778243,0.00286883,0.0065157134,0.007677387,0.007960351,0.00430032,0.004727592
syn-0274,2,0,2,9,9,0.006170417,0.0051004915,0.0053114463,0.006995414,0.0077055013,0.006688121,0.003929824,0.008010497,0.008347922,0.9130922,0.019715155,0.008933084
syn-0276,2,0,2,6,6,0.0052453456,0.0062533817,0.008720198,0.008225938,0.009801391,0.006792955,0.92131144,0.005638436,0.005367114,0.004635787,0.007954381,0.010053594
syn-0278,2,0,2,9,9,0.0050767357,0.0064964145,0.0045065316,0.009393493,0.005702356,0.0052944585,0.00458421,0.0055107446,0.0050077997,0.93631655,0.006499588,0.0056112087
syn-0283,2,0,2,7,7,0.005575473,0.0042333207,0.01741858,0.0064267376,0.004785283,0.01437719,0.0046721506,0.91369635,0.0055618784,0.006550295,0.009982369,0.0067203804
syn-0285,2,0,2,11,11,0.0048152464,0.0035108894,0.0054911347,0.0032565685,0.004237009,0.004925828,0.005329992,0.0037446287,0.003914768,0.0056042247,0.0051761055,0.9499936
syn-0288,2,0,2,9,9,0.0058076917,0.00481357,0.0044474793,0.006577764,0.004004253,0.0036051972,0.0039038626,0.004264587,0.00786127,0.94596046,0.005167991,0.0035858855
syn-0294,2,0,2,1,1,0.004618136,0.9441676,0.0047345823,0.0065428955,0.0046316856,0.0058507123,0.0063913297,0.0047577573,0.005391245,0.0050325594,0.0035599172,0.0043214234
syn-0301,2,0,2,3,3,0.005832077,0.0066328547,0.0039596916,0.93589026,0.007984652,0.010510371,0.0063632,0.003957759,0.0039173835,0.0056844736,0.0043658917,0.0049015186
syn-0305,2,0,2,1,1,0.0042383973,0.94659996,0.0053513,0.005085097,0.0044201664,0.0039084093,0.0044657234,0.0049989317,0.004172687,0.005917567,0.0053057685,0.005536015
syn-0308,2,0,2,3,3,0.004985979,0.0054294337,0.0044519785,0.94000727,0.0065651564,0.005517628,0.0073043182,0.0044715856,0.005102972,0.0071919532,0.0043829572,0.004588816
syn-0313,2,0,2,11,10,0.028405607,0.19611779,0.054135166,0.05647061,0.040077887,0.047500804,0.06773926,0.034956556,0.025400532,0.033650234,0.21497297,0.20057261
syn-0324,2,0,2,7,7,0.00853377,0.028756822,0.008973935,0.006397744,0.005751726,0.021508964,0.009222702,0.81374615,0.053150784,0.024777828,0.010006261,0.009173298
syn-0333,2,0,2,5,5,0.012714265,0.004738087,0.0036010284,0.01073757,0.07790095,0.8309966,0.007713239,0.0039781975,0.024789464,0.0074395128,0.008793754,0.006597482
syn-0335,2,0,2,3,11,0.008264703,0.006547502,0.006073217,0.0164926,0.0126468595,0.0075379694,0.00851873,0.0041013258,0.0021318996,0.017530583,0.0052816574,0.904873
syn-0338,2,0,2,8,8,0.005761353,0.008242689,0.0061449185,0.005362311,0.0058807256,0.005551471,0.009324241,0.0055055805,0.92680085,0.009873037,0.005883598,0.0056692627
syn-0383,2,0,2,2,2,0.005238484,0.004368377,0.9405472,0.0062880395,0.0049235043,0.003329783,0.005558667,0.006769179,0.0049043093,0.0058368216,0.006152883,0.0060826847
syn-0385,2,0,2,5,4,0.007621828,0.0061332886,0.0049042306,0.0059243036,0.866036,0.06770082,0.004897053,0.008255257,0.0061004343,0.008307826,0.0047953054,0.009323652
syn-0392,2,0,2,1,1,0.0046177655,0.94317025,0.005330609,0.005841679,0.004934824,0.004748092,0.004797029,0.004337989,0.0042561623,0.0076366775,0.0052275057,0.0051014265
syn-0396,2,0,2,3,3,0.004927459,0.0050888406,0.0074924123,0.9358035,0.006153318,0.0056232153,0.006534201,0.0073960894,0.0050369273,0.0064328974,0.004886727,0.004624401
syn-0402,2,0,2,1,1,0.008091816,0.9207865,0.0058941394,0.0063049905,0.0064608157,0.0066821976,0.0069585717,0.0068943133,0.0060309703,0.007595992,0.007317489,0.010982171
syn-0405,2,0,2,8,8,0.005849414,0.006400841,0.0050277584,0.0040995316,0.005999835,0.0050179483,0.0043109814,0.005240821,0.9409668,0.0067920685,0.0053077787,0.004986197
syn-0406,2,0,2,4,4,0.06408249,0.0073316633,0.006924553,0.016844945,0.7822108,0.008609334,0.012739312,0.008588341,0.006552835,0.013544384,0.0594405,0.0131308725
syn-0409,2,0,2,10,10,0.0050918926,0.008460439,0.004014274,0.0052986094,0.0047023376,0.004262753,0.0036301375,0.005538003,0.0055719074,0.009238252,0.93911195,0.0050794757
syn-0414,2,0,2,5,4,0.0050227647,0.0047322945,0.003940488,0.008619434,0.87577856,0.064063765,0.0047230604,0.004233724,0.007884574,0.007952236,0.007324155,0.005724984
syn-0420,2,0,2,2,2,0.0077422475,0.0062698633,0.9214873,0.008171456,0.0065451437,0.004211443,0.0074438294,0.008898228,0.0068810564,0.007342751,0.007564746,0.0074420115
syn-0426,2,0,2,10,10,0.0058294744,0.004083563,0.0060027866,0.0046909815,0.0040736054,0.015573845,0.006706409,0.00729041,0.012398377,0.007414262,0.91246486,0.013471461
syn-0432,2,0,2,6,6,0.0068323445,0.0055907103,0.0065131052,0.007251274,0.005368664,0.008463899,0.93563324,0.0044464343,0.004013098,0.0047239694,0.0055094124,0.0056538507
syn-0433,2,0,2,5,5,0.011286055,0.010795553,0.008615375,0.010331413,0.09830931,0.5825503,0.007655194,0.21683449,0.013028284,0.0206187,0.0057222876,0.014252984
syn-0443,2,0,2,7,7,0.011680227,0.010700076,0.008786613,0.008178037,0.012115899,0.05125951,0.0068832343,0.8256724,0.01678613,0.02526403,0.0045986758,0.018075235
syn-0452,2,0,2,10,10,0.0043867026,0.0032472115,0.0053237686,0.004677608,0.0034769517,0.0049441587,0.013988643,0.0034197054,0.010489808,0.0054155327,0.9371428,0.0034871532
syn-0460,2,0,2,8,8,0.008786228,0.014921266,0.0074440413,0.005523844,0.0066111763,0.0052606044,0.019645983,0.0054755076,0.9065625,0.008484775,0.005540051,0.0057438896
syn-0464,2,0,2,4,4,0.02265167,0.005106364,0.0050493376,0.006447174,0.92808586,0.0046790037,0.0033276454,0.0040374943,0.0056618974,0.005388131,0.004877287,0.004688151
syn-0465,2,0,2,7,7,0.010287129,0.0038578867,0.008523126,0.0055207736,0.0063995207,0.015213602,0.0061996,0.91897976,0.004451255,0.0073802033,0.007303131,0.005884011
syn-0471,2,0,2,5,5,0.008113354,0.008201981,0.0033546006,0.0055850777,0.02376801,0.90152043,0.003933432,0.004203505,0.005601464,0.007580039,0.0051351753,0.023003023
syn-0473,2,0,2,10,10,0.005020869,0.006721357,0.0042590764,0.004705169,0.0050986917,0.00375312,0.004040296,0.0042012427,0.005101182,0.0055936687,0.9470474,0.0044580284
syn-0478,2,0,2,2,2,0.008919133,0.009561827,0.882647,0.013755329,0.007921229,0.0060143955,0.010476005,0.020636596,0.0090154605,0.0073978323,0.011302401,0.012352795
syn-0495,2,0,2,2,2,0.0064015733,0.005452877,0.9380924,0.008169516,0.006548584,0.00377249,0.005632842,0.0051062717,0.0046880674,0.0051463204,0.0049178526,0.0060712546
syn-0005,2,0,3,11,11,0.0042885942,0.0059730504,0.006798162,0.0061326376,0.00928235,0.0065537095,0.0060052187,0.0045674145,0.002583443,0.006531347,0.007030246,0.9342537
syn-0006,2,0,3,7,7,0.020058285,0.010330163,0.033702202,0.012994943,0.006222876,0.02222419,0.012369624,0.63785756,0.022968885,0.09696266,0.06835513,0.055953514
syn-0008,2,0,3,8,8,0.0036653813,0.0035318544,0.005672897,0.0038808775,0.004908285,0.0054943347,0.0064644325,0.0070475494,0.94915587,0.0028601827,0.0041010254,0.0032173602
syn-0014,2,0,3,0,0,0.9285275,0.0074696345,0.0054435953,0.0058287303,0.009698338,0.005602699,0.007418747,0.004874845,0.0068061627,0.0064960713,0.005526621,0.006306978
syn-0020,2,0,3,6,6,0.0036164967,0.0029301587,0.004314664,0.0034643915,0.005200668,0.0084849065,0.947999,0.003120661,0.0071804198,0.0039084563,0.0057495916,0.0040305555
syn-0029,2,0,3,2,2,0.0053753466,0.0042855996,0.94046444,0.0061764214,0.00546533,0.0028257016,0.007139019,0.0060776966,0.005363548,0.0047344705,0.0069706654,0.0051216837
syn-0032,2,0,3,4,4,0.0079181,0.005759161,0.010433588,0.011991408,0.85682464,0.0051928167,0.05768465,0.0056175156,0.014439699,0.0106263915,0.0038270736,0.009684893
syn-0033,2,0,3,5,5,0.004272027,0.005438055,0.0033466099,0.005679587,0.003895427,0.9434557,0.0055581876,0.0073393965,0.0053296196,0.0052010776,0.0045154663,0.005968891
syn-0041,2,0,3,10,10,0.008985014,0.007226716,0.0059911576,0.017287387,0.011570836,0.00541256,0.009810456,0.004566743,0.016520929,0.1587973,0.74292654,0.010904348
syn-0044,2,0,3,2,2,0.006724562,0.0057224086,0.93480426,0.0069312504,0.0049656495,0.0031119795,0.0064228913,0.007682504,0.0054165456,0.004912594,0.0060573635,0.007247945
syn-0046,2,0,3,8,8,0.054207716,0.014964996,0.012364085,0.010705451,0.014561342,0.023382852,0.017572908,0.016157335,0.65652704,0.12444675,0.018973032,0.03613658
syn-0050,2,0,3,4,4,0.009229184,0.008036093,0.009213425,0.112407036,0.80188906,0.008063606,0.014019671,0.004015233,0.006065961,0.0063695004,0.007923101,0.012768173
syn-0053,2,0,3,10,10,0.0035132067,0.003569403,0.0034385328,0.004321318,0.0035921324,0.0040200525,0.004374392,0.003795901,0.0033687341,0.004179172,0.9585445,0.0032826734
syn-0054,2,0,3,5,5,0.0048428928,0.0031002022,0.0029510201,0.005555115,0.004546146,0.9431645,0.005570054,0.0087693455,0.004537275,0.0045952443,0.007440631,0.0049275714
syn-0057,2,0,3,8,8,0.0078306785,0.005867772,0.0043990524,0.004494585,0.01018574,0.01205018,0.0108241495,0.00519602,0.88370514,0.008311329,0.038337484,0.0087978225
syn-0072,2,0,3,0,0,0.9538485,0.003772696,0.0045507406,0.0041485573,0.0052455487,0.0042854752,0.003971165,0.004730866,0.003561468,0.0042407215,0.0038716039,0.003772696
syn-0073,2,0,3,11,11,0.009684214,0.01774039,0.007335953,0.0045162407,0.0042488347,0.009023376,0.008920428,0.008528573,0.0039564837,0.005193087,0.019346546,0.9015059
syn-0074,2,0,3,5,5,0.032149944,0.01514398,0.0057109385,0.016123634,0.012394908,0.8409825,0.021676866,0.0075879623,0.009365309,0.018844686,0.0063461736,0.013673098
syn-0091,2,0,3,4,4,0.006320025,0.0033028882,0.003755477,0.0062938486,0.9481051,0.004693205,0.0048410017,0.0031779082,0.005005658,0.0050301594,0.0038727974,0.0056019663
syn-0093,2,0,3,5,5,0.0042506577,0.0052111945,0.0028951603,0.004679845,0.0037612799,0.94264054,0.012899404,0.0046695736,0.004123904,0.0037447866,0.0063827457,0.0047407937
syn-0101,2,0,3,3,3,0.003614534,0.004571431,0.005274546,0.9516574,0.005162434,0.0042371824,0.005247573,0.0041837296,0.0035498186,0.004717695,0.0036858243,0.004097804
syn-0111,2,0,3,3,3,0.0036276155,0.0050709927,0.0063013295,0.9518427,0.0044871694,0.0043194843,0.0046864673,0.004154008,0.0036276155,0.004086612,0.0036400359,0.004156037
syn-0113,2,0,3,11,11,0.008553085,0.0069324197,0.0075933547,0.003856589,0.004978628,0.0068132887,0.007962625,0.0034637828,0.014301008,0.0059557287,0.007773425,0.92181605
syn-0122,2,0,3,3,3,0.0038172875,0.0043086903,0.0048907367,0.94691753,0.005690694,0.0055270675,0.005481378,0.0048196167,0.0046349806,0.0055568335,0.004117408,0.0042377496
syn-0133,2,0,3,2,2,0.022443252,0.01325849,0.7754827,0.022112504,0.013245547,0.00966702,0.017474823,0.07405832,0.0114407,0.010601603,0.01460789,0.01560707
syn-0140,2,0,3,11,11,0.010398283,0.006117314,0.012192492,0.026754668,0.01813408,0.006274625,0.008618375,0.0085179685,0.003471952,0.04839916,0.0073501216,0.84377086
syn-0141,2,0,3,2,2,0.005652524,0.004025893,0.93953353,0.0066238153,0.0051756627,0.0035251896,0.0064420025,0.006403586,0.005372648,0.0050017494,0.006082066,0.006161276
syn-0146,2,0,3,10,10,0.0047871703,0.004072253,0.003418314,0.004123274,0.004124281,0.0038583558,0.0037332615,0.0043977834,0.0035946278,0.005313813,0.95570403,0.0028728927
syn-0154,2,0,3,1,1,0.0061974884,0.94528633,0.003782903,0.005651149,0.0054812953,0.006276669,0.0051303776,0.0042016287,0.0049725333,0.0052610245,0.0037552975,0.004003354
syn-0178,2,0,3,9,9,0.012056629,0.008942244,0.0073628747,0.01570179,0.054219063,0.0092486525,0.009500395,0.0061100023,0.026965175,0.75176746,0.045059055,0.053066626
syn-0187,2,0,3,3,3,0.004536964,0.005480645,0.0051877038,0.93896437,0.0062667383,0.0065666838,0.005898565,0.005434013,0.004525901,0.0064814705,0.0059783035,0.004678698
syn-0189,2,0,3,10,10,0.0073525817,0.007314982,0.00396642,0.0061945184,0.009028387,0.011418525,0.007043341,0.003459573,0.010533212,0.009012971,0.91442335,0.010252069
syn-0191,2,0,3,4,4,0.0050767777,0.005284171,0.0048442953,0.01620898,0.9159752,0.005752743,0.010400037,0.004497776,0.0065923324,0.010237863,0.010337384,0.004792535
syn-0192,2,0,3,5,5,0.004111828,0.006985708,0.0039139665,0.0062751486,0.0031174403,0.94102824,0.005377256,0.007020973,0.0041198665,0.0047674756,0.0053341077,0.00794804
syn-0211,2,0,3,0,0,0.9511274,0.0038492656,0.005182283,0.004581171,0.0052025663,0.0036426322,0.004584528,0.0042962637,0.002769816,0.0051924144,0.005043731,0.0045277993
syn-0215,2,0,3,10,10,0.0051961783,0.0046215765,0.004664652,0.008675445,0.009809589,0.007781367,0.010905362,0.0030117256,0.012161379,0.02829677,0.8994037,0.005472203
syn-0217,2,0,3,6,6,0.01130142,0.0069838827,0.0063557937,0.007907982,0.0054603415,0.009527791,0.91158706,0.0032941236,0.0086092185,0.0068270997,0.015761495,0.006383786
syn-0233,2,0,3,8,8,0.0042351885,0.003998066,0.006596525,0.0040789116,0.005879977,0.0043803086,0.0061953487,0.0062454646,0.9444987,0.0033617804,0.006591696,0.0039380034
syn-0267,2,0,3,4,4,0.011061737,0.0029360817,0.0031715625,0.0051655797,0.94575006,0.007431487,0.003126969,0.0029881487,0.004130442,0.0042834617,0.0049110134,0.0050434563
syn-0269,2,0,3,10,10,0.0049415203,0.0042458395,0.0036619303,0.0036565699,0.0054298495,0.0038715485,0.0038981044,0.0038781704,0.0037652808,0.0056769038,0.9533691,0.0036051576
syn-0275,2,0,3,0,0,0.9416263,0.005489478,0.0052496186,0.0058907876,0.00533359,0.0049363784,0.006055565,0.0055596125,0.0046691075,0.004349962,0.006375684,0.0044640037
syn-0282,2,0,3,7,7,0.0106261745,0.0054532187,0.0091569815,0.0050114905,0.0039818753,0.041249685,0.00547189,0.8759487,0.008423458,0.011799494,0.0080554,0.014821575
syn-0284,2,0,3,0,0,0.8917398,0.0067489394,0.006034958,0.0049135787,0.011252787,0.0076214555,0.0058435723,0.005126807,0.03026142,0.014392533,0.007859548,0.008204623
syn-0295,2,0,3,10,10,0.004388769,0.0043439968,0.003142644,0.0036669536,0.004303883,0.0040768245,0.004473145,0.003008999,0.003332285,0.0058247414,0.95560974,0.0038279525
syn-0297,2,0,3,11,11,0.004605717,0.006045239,0.005986491,0.0037848619,0.0042637535,0.006010655,0.005745919,0.005904481,0.0029534162,0.0034596436,0.003615069,0.9476247
syn-0299,2,0,3,1,1,0.008783577,0.89682466,0.0042933337,0.01058726,0.008943708,0.028800242,0.005632469,0.0073353704,0.0067017986,0.014908575,0.0025762152,0.0046128267
syn-0303,2,0,3,7,7,0.016465155,0.0056555807,0.0124437325,0.007848164,0.01025094,0.29149583,0.010301116,0.59811056,0.010960127,0.0117441565,0.012707764,0.012016791
syn-0306,2,0,3,5,5,0.0049467166,0.0043135495,0.0035430354,0.0040344363,0.009098404,0.94014907,0.0047641844,0.009391803,0.007327078,0.0032196757,0.0058030984,0.0034089678
syn-0307,2,0,3,3,3,0.0051481477,0.0046057655,0.0039203307,0.94163835,0.006054164,0.0048433268,0.0068527334,0.0042763078,0.0046012695,0.007358644,0.006554108,0.0041467645
syn-0310,2,0,3,10,10,0.004546581,0.0031240534,0.0028264844,0.004184418,0.0033109554,0.0037026664,0.004978834,0.0061227623,0.0038727897,0.008341033,0.9504207,0.0045688353
syn-0325,2,0,3,4,4,0.015845595,0.0070469067,0.007256414,0.13322534,0.6621933,0.046334628,0.04432088,0.005440112,0.008951728,0.04314647,0.010824239,0.015414422
syn-0327,2,0,3,1,1,0.011642976,0.8732378,0.007369174,0.0074124797,0.009370252,0.0062145633,0.0076030963,0.0059299776,0.051578574,0.0067425515,0.004564467,0.008334074
syn-0329,2,0,3,8,8,0.006043382,0.003601627,0.006605027,0.004107166,0.0071052145,0.0054066824,0.006637357,0.0070036026,0.92810374,0.009435889,0.007920637,0.00802967
syn-0336,2,0,3,0,0,0.93911624,0.0076574134,0.0074213655,0.0058151507,0.0050375103,0.0052050366,0.005574654,0.0061195707,0.005025226,0.0054018213,0.0043766643,0.0032492862
syn-0343,2,0,3,8,8,0.0125980945,0.0085702045,0.011287346,0.0062121945,0.025106348,0.008237862,0.008233841,0.011759928,0.8304951,0.031632967,0.02015813,0.025708003
syn-0345,2,0,3,7,7,0.0093026785,0.0055116545,0.009947478,0.0065644556,0.0063562784,0.03396139,0.0060770605,0.8870662,0.0073698126,0.009107172,0.006664576,0.012071211
syn-0346,2,0,3,6,6,0.0052954014,0.0031876066,0.005168946,0.007806059,0.004967287,0.0032094717,0.95053434,0.0027000082,0.004211567,0.0043878984,0.0050578443,0.0034736567
syn-0348,2,0,3,9,9,0.010569408,0.016811699,0.005261699,0.009602432,0.011561556,0.0061545535,0.0049768137,0.0081018675,0.016026178,0.89531237,0.0061816596,0.009439724
syn-0366,2,0,3,9,9,0.013859582,0.008503276,0.009763345,0.10124085,0.017535131,0.019890534,0.013102781,0.0064092134,0.0088376915,0.7673115,0.024220623,0.009325352
syn-0368,2,0,3,9,9,0.008162885,0.0056102634,0.0066331387,0.009324584,0.009267844,0.0056958306,0.005856584,0.0056322212,0.016872277,0.91001844,0.005740503,0.011185297
syn-0369,2,0,3,6,5,0.008185451,0.021076506,0.004385636,0.00836934,0.0061306185,0.7928233,0.11669746,0.009499926,0.008302182,0.011037609,0.007715846,0.0057760803
syn-0372,2,0,3,1,1,0.0073861056,0.92896706,0.004724791,0.010480808,0.0055780485,0.0058343383,0.005496934,0.005240091,0.00378537,0.009718339,0.004570489,0.008217698
syn-0382,2,0,3,0,0,0.9523218,0.004157114,0.004454491,0.0041723656,0.0064049554,0.0038036224,0.003947424,0.0046557467,0.0031364223,0.00443063,0.004696847,0.0038185094
syn-0399,2,0,3,8,8,0.0039361035,0.0033865126,0.005283691,0.0030326871,0.005191625,0.0052323435,0.0050220774,0.0063936077,0.9477379,0.00484149,0.0069241174,0.0030179152
syn-0401,2,0,3,11,11,0.011234087,0.029421367,0.011300104,0.0062917587,0.011354029,0.00779208,0.008694816,0.0065455893,0.0030469557,0.012829973,0.0043773684,0.8871119
syn-0407,2,0,3,6,3,0.00601561,0.007938318,0.008238439,0.68788075,0.011858782,0.01399824,0.226839,0.0047494536,0.0045898613,0.009615264,0.010267932,0.008008396
syn-0408,2,0,3,4,4,0.08176697,0.011568742,0.017001757,0.026834797,0.73091924,0.01662008,0.018550094,0.008361182,0.035296556,0.013684662,0.024707232,0.014688669
syn-0411,2,0,3,2,2,0.006031662,0.0058732685,0.9297023,0.008810903,0.006311875,0.0033010463,0.0058933776,0.008855652,0.0047100955,0.0071470547,0.005737215,0.0076256664
syn-0413,2,0,3,9,9,0.0061102686,0.007444538,0.006101324,0.0052648094,0.006558563,0.004900159,0.0041344143,0.006886753,0.005193319,0.93334913,0.0048739105,0.009182682
syn-0416,2,0,3,2,2,0.005673604,0.004174271,0.94188684,0.0062160403,0.0055030747,0.0030272384,0.006395378,0.0053559463,0.004695552,0.0050339033,0.0059706154,0.0060676006
syn-0417,2,0,3,7,5,0.024078308,0.017216396,0.024137164,0.022652635,0.15284984,0.20368308,0.08592959,0.10707171,0.045809884,0.028329652,0.09293473,0.19530709
syn-0422,2,0,3,1,1,0.005990144,0.9431237,0.0052733934,0.0059813755,0.004834414,0.0047804248,0.0049757124,0.0056437296,0.0042914273,0.005370841,0.005281124,0.0044536707
syn-0425,2,0,3,5,5,0.013673809,0.012623072,0.0034856724,0.011563803,0.04868543,0.834787,0.014765975,0.0055809785,0.010421551,0.008627122,0.008435509,0.027350085
syn-0430,2,0,3,1,1,0.013898313,0.5297433,0.010703139,0.07368036,0.013898313,0.267937,0.016719606,0.010526917,0.0051029273,0.015950065,0.010687472,0.031152561
syn-0431,2,0,3,3,3,0.0068006297,0.0061950674,0.0069585033,0.9273197,0.0070922836,0.006770809,0.0068439343,0.007988683,0.0050059073,0.006789017,0.006220833,0.006014736
syn-0436,2,0,3,6,6,0.0038833509,0.0033378643,0.004112666,0.00472326,0.005686916,0.0045857704,0.9530125,0.0024987247,0.0053189374,0.0044273534,0.0043438408,0.004068723
syn-0437,2,0,3,3,3,0.006333573,0.005652483,0.004998051,0.8083422,0.027876891,0.012019008,0.014455279,0.004406459,0.010358504,0.011496653,0.08747498,0.006585873
syn-0445,2,0,3,6,6,0.006593435,0.0051626274,0.006097931,0.005316113,0.0057988325,0.0072361706,0.9147874,0.0035154524,0.031517018,0.0048807226,0.004446119,0.004648131
syn-0449,2,0,3,11,11,0.005178697,0.004340718,0.005682134,0.0059883576,0.005973755,0.0028606465,0.0054992517,0.004629704,0.0028606465,0.006226906,0.006995546,0.9437636
syn-0451,2,0,3,8,8,0.011191106,0.009732502,0.0070169074,0.0066890432,0.011941991,0.054177616,0.0063578463,0.10211063,0.73271734,0.033928324,0.012351187,0.011785585
syn-0469,2,0,3,9,9,0.0054135835,0.004847968,0.0069426987,0.0074148625,0.006152392,0.0040903795,0.003424322,0.008121298,0.0045165974,0.93657684,0.0042099324,0.008289061
syn-0472,2,0,3,8,8,0.0041698366,0.003577115,0.0048631458,0.003828326,0.005433184,0.004447446,0.006900964,0.004750491,0.9464154,0.0043064053,0.006907706,0.0043999264
syn-0482,2,0,3,1,1,0.017275276,0.7443117,0.008216237,0.14584976,0.015049381,0.008699289,0.013164816,0.0068414984,0.0050742496,0.014318209,0.00917483,0.012024805
syn-0485,2,0,3,10,10,0.0050739856,0.003824439,0.0038733012,0.004421289,0.004731785,0.0036959297,0.007986399,0.0046244306,0.008555613,0.0056328685,0.9454545,0.0021255051
syn-0492,2,0,3,6,6,0.0046996833,0.003973019,0.006077389,0.005937331,0.005059287,0.0052994993,0.943176,0.005649557,0.004615539,0.0046551474,0.0072383075,0.0036192418
syn-0016,2,0,4,9,9,0.0043670097,0.007297313,0.004427125,0.0072228704,0.005374137,0.005859263,0.005593679,0.0031042432,0.014562128,0.91981834,0.017381843,0.0049921544
syn-0023,2,0,4,1,1,0.0051193205,0.9446317,0.004816206,0.0053284517,0.0057459786,0.0047438536,0.004079486,0.0055474807,0.0049593933,0.005456144,0.005027663,0.004544333
syn-0026,2,0,4,10,10,0.0048082555,0.0052628173,0.004422009,0.004606027,0.0049705845,0.0052231364,0.0068099676,0.004311145,0.0053771087,0.00434708,0.94607025,0.0037915902
syn-0027,2,0,4,4,4,0.0050135283,0.0043899915,0.0041583907,0.005966808,0.93100154,0.007993523,0.0063160686,0.005486156,0.016382635,0.003956356,0.0042300676,0.0051049273
syn-0035,2,0,4,9,9,0.014732333,0.065033846,0.009708991,0.016156618,0.019195827,0.015836384,0.010932113,0.0060402355,0.016085772,0.5416049,0.26654747,0.018125502
syn-0040,2,0,4,4,4,0.0049937204,0.004828277,0.0055845147,0.008675373,0.93095267,0.008800433,0.005425928,0.007742927,0.005132151,0.00780842,0.003983285,0.006072302
syn-0048,2,0,4,11,11,0.005169364,0.0056829825,0.00556219,0.004323385,0.00951343,0.0055027595,0.0070038545,0.0055812337,0.007249152,0.008703679,0.008024079,0.92768395
syn-0056,2,0,4,8,8,0.004082406,0.005779648,0.0048479773,0.0035904176,0.0042284806,0.0037352673,0.007159163,0.004996986,0.94900775,0.0044989972,0.005050954,0.003021959
syn-0070,2,0,4,2,2,0.005472464,0.00469802,0.9359619,0.007286213,0.0063280542,0.0036003385,0.0073955352,0.0068640085,0.0047673453,0.0056200493,0.006602664,0.005403429
syn-0077,2,0,4,2,2,0.0046800026,0.0047109546,0.9470551,0.006286111,0.004641316,0.0027525756,0.006641078,0.004512818,0.0046948795,0.0043219593,0.005065234,0.004637918
syn-0084,2,0,4,5,5,0.005582082,0.0068895863,0.0028664027,0.0071056825,0.00671194,0.9364727,0.004317713,0.005783229,0.0056478814,0.005678299,0.007833295,0.005111163
syn-0085,2,0,4,3,1,0.015898293,0.8763484,0.0050902464,0.016713273,0.019706804,0.010818227,0.0059452923,0.0052058715,0.0044484716,0.016400328,0.01132081,0.012104014
syn-0086,2,0,4,10,10,0.0041522332,0.005126072,0.0038458176,0.0039640237,0.0041705207,0.006235523,0.00462989,0.0060105687,0.004624242,0.0049489895,0.94703287,0.0052591763
syn-0090,2,0,4,5,5,0.027824162,0.01012657,0.0065734163,0.004624976,0.02154288,0.8434713,0.009135202,0.011827603,0.03956542,0.010260958,0.006163104,0.008884456
syn-0094,2,0,4,1,1,0.005265622,0.8838136,0.013064397,0.012696499,0.007054599,0.00749127,0.018629553,0.011489951,0.0065723993,0.008987792,0.006461032,0.018473295
syn-0106,2,0,4,10,10,0.006360705,0.007931502,0.009701285,0.010295496,0.0033649749,0.0030608538,0.06052575,0.005429983,0.021835513,0.011643563,0.85284406,0.007006364
syn-0107,2,0,4,10,10,0.003978582,0.004238282,0.003161179,0.0037393577,0.0036084175,0.0066205095,0.0058606155,0.0043123886,0.004200169,0.006144872,0.94773036,0.006405275
syn-0109,2,0,4,3,3,0.005193474,0.009635997,0.0055122506,0.9135377,0.00853129,0.005560912,0.0075583044,0.0035175132,0.004169,0.024084836,0.0074157338,0.0052829916
syn-0117,2,0,4,6,6,0.004152929,0.0040369667,0.005873752,0.009223523,0.012602828,0.005961882,0.9293249,0.0019974678,0.005901061,0.008222619,0.005808156,0.0068939887
syn-0119,2,0,4,6,6,0.005504727,0.0047314893,0.007216421,0.005894187,0.0048389654,0.0059491238,0.93255806,0.0055141426,0.0044600414,0.004766271,0.012755204,0.0058113122
syn-0128,2,0,4,2,2,0.006116388,0.0048113684,0.9381696,0.0067809774,0.005107939,0.0034773636,0.0067479475,0.0058291783,0.005275232,0.005562241,0.006232457,0.005889258
syn-0139,2,0,4,1,1,0.0047121146,0.9465947,0.0043410026,0.0052605947,0.004840375,0.004279967,0.0054169935,0.0046097054,0.0049551614,0.0053226054,0.005072669,0.0045939772
syn-0147,2,0,4,0,0,0.9466392,0.006003671,0.005471745,0.004961447,0.0062139384,0.003136028,0.0038668097,0.0041606524,0.0049784337,0.006350436,0.0038573805,0.004360326
syn-0156,2,0,4,6,6,0.005124845,0.0071058115,0.004916497,0.0047687236,0.0049683833,0.008710209,0.9426545,0.00360138,0.0060681,0.0033064259,0.004720076,0.0040550753
syn-0167,2,0,4,0,0,0.94875276,0.004622471,0.004933827,0.004460607,0.005604425,0.0039634737,0.0042918194,0.0057471436,0.004740184,0.0044388804,0.004089288,0.0043551507
syn-0168,2,0,4,1,1,0.009779094,0.90889466,0.0057502366,0.00878306,0.006076426,0.017942647,0.00803621,0.005716642,0.008407497,0.012217912,0.0032208688,0.0051746527
syn-0173,2,0,4,8,8,0.004935257,0.0066119935,0.0056915516,0.0052228617,0.0041864538,0.010812541,0.015634514,0.0035443334,0.92862916,0.005736191,0.004732306,0.004262775
syn-0182,2,0,4,6,6,0.004987072,0.005560765,0.006277373,0.0053100074,0.004351926,0.006043527,0.9415917,0.005092888,0.005556694,0.0038274569,0.005481241,0.0059194034
syn-0183,2,0,4,4,4,0.01185523,0.008476689,0.0070652682,0.009442587,0.6542642,0.2522413,0.011674281,0.006689261,0.011490483,0.008179863,0.007594745,0.011026035
syn-0185,2,0,4,7,7,0.021476494,0.005645558,0.028412685,0.009039213,0.009426871,0.015603114,0.011566976,0.8120963,0.01783237,0.034314103,0.012716249,0.021870026
syn-0195,2,0,4,4,4,0.008552182,0.007180592,0.005320552,0.00965311,0.7403506,0.14894965,0.011723742,0.0045066834,0.035482444,0.011853254,0.0071665803,0.009260669
syn-0197,2,0,4,11,11,0.015574563,0.008236386,0.008144406,0.0076360325,0.035429545,0.013295738,0.0112963505,0.0059673088,0.015548444,0.009125757,0.0029425153,0.866803
syn-0208,2,0,4,8,8,0.004713749,0.0055055516,0.0050645275,0.0045132907,0.0033278917,0.0047623315,0.010559249,0.0042856345,0.94277096,0.005510931,0.005815021,0.0031708481
syn-0210,2,0,4,0,0,0.91787046,0.0049670096,0.0049019563,0.004618473,0.021681316,0.009962923,0.004847213,0.008079987,0.0066561587,0.0056808186,0.0037529587,0.0069807055
syn-0226,2,0,4,6,6,0.004430114,0.006438701,0.0075552203,0.005040855,0.004161707,0.0040297275,0.94226694,0.004514183,0.003573629,0.0037069249,0.008438753,0.005843213
syn-0229,2,0,4,7,7,0.007869818,0.0036251238,0.009878045,0.00548196,0.0047791167,0.01235982,0.004111817,0.9196758,0.013250443,0.006274366,0.0061485036,0.006545048
syn-0236,2,0,4,11,11,0.035225675,0.08808296,0.0258978,0.023730371,0.039412376,0.035242878,0.045769412,0.017395454,0.2519071,0.09348952,0.0244717,0.3193747
syn-0246,2,0,4,8,8,0.013025913,0.021329792,0.00872386,0.00997513,0.0063112346,0.00832843,0.019949622,0.0072535533,0.88552344,0.006540253,0.0078852,0.0051535955
syn-0250,2,0,4,11,11,0.0037683316,0.0043130363,0.00506775,0.0032731842,0.0032715863,0.004364942,0.0037162546,0.0046204394,0.0024395606,0.0041691265,0.0038211385,0.95717466
syn-0261,2,0,4,5,5,0.0040223356,0.004534595,0.0034895504,0.0039081112,0.00748199,0.93870336,0.012677289,0.0051233377,0.006921399,0.004026266,0.0037804802,0.005331332
syn-0262,2,0,4,10,10,0.004489864,0.0055700196,0.0040227235,0.0042529944,0.004313646,0.006842883,0.006835369,0.0067466698,0.005787664,0.005296815,0.9410886,0.0047526737
syn-0263,2,0,4,0,0,0.92281234,0.0127504375,0.0061875745,0.00511967,0.010528149,0.0055087195,0.003891038,0.004964578,0.012455074,0.0069755847,0.0037639649,0.0050427583
syn-0265,2,0,4,3,3,0.009614068,0.009227718,0.0058697923,0.8892043,0.022358837,0.016774638,0.01297833,0.0030097305,0.0038721254,0.012180799,0.0068157306,0.008093881
syn-0280,2,0,4,0,0,0.9501895,0.0054349103,0.004712718,0.003698152,0.005950893,0.003998656,0.0036089583,0.004166073,0.0047787596,0.004639655,0.0039617303,0.0048599425
syn-0281,2,0,4,10,8,0.013122704,0.014971969,0.010205013,0.007072258,0.022213742,0.039940108,0.011603387,0.0070378096,0.4479212,0.017291633,0.40073052,0.007889674
syn-0286,2,0,4,8,8,0.0070955767,0.01723677,0.0075864685,0.005873829,0.0045812493,0.0073782327,0.02351677,0.005896819,0.8972328,0.0147992885,0.004963195,0.0038390069
syn-0296,2,0,4,3,3,0.0051498837,0.007995794,0.0049622776,0.9214844,0.013064288,0.014348313,0.0053576473,0.0032910944,0.003316907,0.009015189,0.0063221054,0.0056920573
syn-0300,2,0,4,10,10,0.004541005,0.005957392,0.0052573797,0.005177136,0.006184885,0.0051205694,0.005017852,0.0069665974,0.005535304,0.0053781145,0.940719,0.004144739
syn-0304,2,0,4,1,1,0.005123155,0.9407346,0.004782306,0.0052369707,0.004845772,0.0055340445,0.006155612,0.006530257,0.0053742663,0.004418593,0.0067276875,0.0045366483
syn-0312,2,0,4,11,11,0.011483649,0.00834438,0.010399972,0.005836705,0.009313375,0.01221235,0.014628763,0.009084314,0.046043936,0.011297335,0.0068739615,0.8544812
syn-0314,2,0,4,8,8,0.0039706444,0.005437838,0.006284944,0.0042807306,0.0045059253,0.005503281,0.0053015063,0.005425903,0.9453778,0.0051913555,0.0052499855,0.0034700288
syn-0321,2,0,4,9,9,0.004434802,0.0047578486,0.0044936556,0.008856879,0.0042649074,0.0049184756,0.0052433647,0.0032445705,0.008104247,0.9423434,0.005238247,0.0040995195
syn-0323,2,0,4,7,7,0.0039537316,0.0043085325,0.0071829185,0.004331737,0.003743318,0.012415516,0.0042521036,0.93220294,0.00910809,0.0068766163,0.005670377,0.005954122
syn-0328,2,0,4,10,10,0.0050299806,0.0049230675,0.0041003423,0.004833744,0.004770436,0.006547531,0.0047171614,0.0059907753,0.007864279,0.0076031536,0.9397753,0.0038443995
syn-0330,2,0,4,0,0,0.906102,0.0060400344,0.0040294286,0.0051688384,0.026352264,0.016494853,0.004440613,0.0074438937,0.0039035496,0.008649837,0.0059551094,0.0054195416
syn-0332,2,0,4,6,6,0.0050451523,0.0053014928,0.006701715,0.0063948208,0.005708539,0.004142943,0.9403114,0.005107116,0.004438223,0.004341767,0.008255334,0.0042515574
syn-0339,2,0,4,7,7,0.0065127416,0.0050338856,0.008588312,0.006393014,0.0039318963,0.008967437,0.0045189606,0.9329579,0.0054270052,0.0050535873,0.0060913265,0.006523881
syn-0341,2,0,4,8,8,0.0047391304,0.004797336,0.006361647,0.004911102,0.004741445,0.0052894647,0.005494804,0.006108981,0.9450746,0.005271416,0.0036656943,0.0035442493
syn-0350,2,0,4,2,2,0.0055945483,0.0046709976,0.93650407,0.009328592,0.0053514037,0.00367527,0.0072116577,0.006613751,0.005285186,0.005454287,0.0046165786,0.0056937593
syn-0353,2,0,4,7,7,0.005595465,0.0055302763,0.008399788,0.008050434,0.0053366236,0.057458214,0.0029775389,0.8593155,0.010822468,0.01857669,0.009663378,0.0082736
syn-0354,2,0,4,8,8,0.0044983733,0.0049987338,0.005871284,0.004489596,0.0049116327,0.0053419503,0.005776026,0.0055520376,0.94702476,0.004046122,0.0040639415,0.0034255257
syn-0355,2,0,4,5,10,0.020187773,0.012525695,0.014228167,0.011818626,0.13433553,0.35083,0.012373724,0.011981317,0.04540508,0.018269328,0.35220307,0.015841696
syn-0357,2,0,4,3,3,0.007321605,0.016633974,0.014252998,0.8748327,0.02094917,0.008509815,0.010637279,0.0036386428,0.0039458545,0.02458192,0.0072080945,0.0074879155
syn-0363,2,0,4,9,9,0.040794436,0.025342211,0.013231087,0.014839836,0.022320786,0.02649365,0.0288324,0.007687536,0.18372287,0.59771615,0.023283727,0.015735338
syn-0367,2,0,4,4,4,0.0043623173,0.005838695,0.0045962906,0.0061218883,0.93832576,0.0061428486,0.003964185,0.0037404087,0.012478771,0.005639748,0.004567207,0.004221914
syn-0370,2,0,4,9,9,0.005467681,0.0077050207,0.006804639,0.008686284,0.0052942852,0.010417081,0.0038319961,0.0056743952,0.0045218137,0.91415054,0.013044433,0.014401904
syn-0371,2,0,4,6,6,0.004457935,0.0061111525,0.0072347834,0.0049441317,0.004716572,0.004209368,0.9433355,0.0043663774,0.0037365844,0.0039659375,0.007845439,0.005076228
syn-0374,2,0,4,8,8,0.0058058593,0.004426581,0.0055548875,0.0058186306,0.0071221767,0.006664581,0.0060874606,0.0055413423,0.9410558,0.0040680133,0.0045715575,0.0032831368
syn-0377,2,0,4,5,5,0.010157347,0.014475323,0.009430778,0.009140624,0.008955078,0.49663022,0.012849498,0.37707916,0.019457884,0.014717643,0.0076372763,0.019469168
syn-0379,2,0,4,3,3,0.024037393,0.029827505,0.028027192,0.3948235,0.16506982,0.033234395,0.013261752,0.016424127,0.012654452,0.06486359,0.2000868,0.017689481
syn-0393,2,0,4,2,2,0.008645601,0.006586064,0.9229571,0.00986139,0.004984791,0.004770476,0.008284001,0.0077111754,0.005490784,0.0068819434,0.006310603,0.0075160144
syn-0415,2,0,4,1,8,0.019055283,0.28166088,0.01850512,0.019737108,0.052626166,0.020284243,0.015371276,0.014285691,0.41626775,0.028230721,0.01999904,0.09397676
syn-0418,2,0,4,0,0,0.9405357,0.0045158,0.005085936,0.0052717775,0.01030779,0.0051672882,0.004067751,0.005155947,0.0049717594,0.0054524173,0.0046206326,0.004847113
syn-0421,2,0,4,10,10,0.0046747085,0.0053061987,0.004143585,0.005696892,0.0046747085,0.005915159,0.005809253,0.003044863,0.007982765,0.007537488,0.93999803,0.0052162874
syn-0429,2,0,4,2,2,0.009085703,0.011046753,0.88778824,0.0065665916,0.006474263,0.0058404477,0.0077790054,0.017823718,0.008014191,0.016228681,0.012061604,0.011290788
syn-0440,2,0,4,1,1,0.010087214,0.9275434,0.0058026854,0.0062284134,0.005550496,0.007090531,0.005969369,0.0055073015,0.012594034,0.0053849816,0.0041389004,0.004102683
syn-0444,2,0,4,5,5,0.007264017,0.011528785,0.004621801,0.009670362,0.014001331,0.8322592,0.08485474,0.005278263,0.008552837,0.0076424195,0.0064987172,0.007827475
syn-0448,2,0,4,4,5,0.011022408,0.007838991,0.0064167683,0.008344561,0.18300265,0.70702296,0.011579621,0.0049973847,0.021942092,0.0152900275,0.0127581535,0.009784403
syn-0453,2,0,4,1,1,0.014444863,0.86353743,0.007841084,0.00669048,0.009421278,0.008734558,0.009361665,0.012755332,0.007305126,0.011707809,0.026364638,0.021835718
syn-0454,2,0,4,11,11,0.0051361793,0.00666133,0.00606077,0.0048132283,0.008316513,0.0074475966,0.009861947,0.00681597,0.0066743535,0.009546575,0.006936841,0.9217286
syn-0457,2,0,4,9,9,0.005467748,0.0061701084,0.0058732023,0.006879893,0.0047900584,0.0052377814,0.0029873138,0.0051843487,0.0047319415,0.94225967,0.004875003,0.0055430154
syn-0459,2,0,4,5,8,0.057404086,0.05306418,0.015329867,0.014067477,0.08546139,0.09349504,0.028479591,0.008383683,0.60285574,0.021345854,0.011696565,0.008416496
syn-0468,2,0,4,6,6,0.0043583075,0.003477292,0.0064863334,0.005475224,0.0047587,0.0032874146,0.94967234,0.0042615077,0.0049133543,0.0041173063,0.0055499175,0.0036423914
syn-0484,2,0,4,3,3,0.0038454728,0.0053584976,0.005608807,0.9474105,0.00500077,0.005139396,0.0051695984,0.004395959,0.004463006,0.004865883,0.0046863332,0.0040556835
syn-0489,2,0,4,11,11,0.0062250844,0.009871448,0.0057236264,0.0052292645,0.010942715,0.011131332,0.016368913,0.004752009,0.0049196407,0.010904047,0.01452863,0.89940333
