id,fold_seed,model_seed,fold,gold,pred,prob_0,prob_1,prob_2,prob_3,prob_4,prob_5,prob_6,prob_7,prob_8,prob_9,prob_10,prob_11
syn-0003,0,0,0,2,2,0.00045914392,0.00036091448,0.99501795,0.00060737645,0.00027807723,0.00020969882,0.00071758893,0.0004963317,0.00039969102,0.0003927266,0.00043428442,0.00062619784
syn-0004,0,0,0,10,10,0.00040008104,0.00039891066,0.00045646096,0.00043769,0.0004480695,0.00049985765,0.0028167171,0.0003438825,0.0038858796,0.0010296556,0.9887207,0.0005620051
syn-0006,0,0,0,7,7,0.0054220115,0.0031781115,0.006360677,0.0015218992,0.0011577999,0.0072023147,0.0020161888,0.8491007,0.020342913,0.07790623,0.005802785,0.019988446
syn-0008,0,0,0,8,8,0.00024413191,0.00033960622,0.00040172008,0.0002227192,0.00037756542,0.00035141452,0.00067185186,0.0007613078,0.995684,0.00033483125,0.00040270205,0.000208003
syn-0011,0,0,0,10,10,0.0008185223,0.002832615,0.00092932046,0.00097582355,0.001440766,0.0018391721,0.005294606,0.00081692514,0.08809856,0.0044628615,0.89150345,0.0009873263
syn-0015,0,0,0,6,6,0.0005649839,0.0009697316,0.0005747223,0.0006912194,0.0006037761,0.0018826025,0.99202174,0.00021215242,0.000986326,0.00039946154,0.0006639282,0.0004293975
syn-0016,0,0,0,9,9,0.00037032782,0.0009265822,0.0003052189,0.0005406686,0.00050642533,0.00031367986,0.00034721196,0.00031799788,0.0017232825,0.99246126,0.0017082028,0.0004792398
syn-0017,0,0,0,3,3,0.00045418768,0.00060909084,0.0006585843,0.99393636,0.00067949,0.00054385694,0.00071715907,0.00042833976,0.00025715085,0.0007145375,0.00055458356,0.0004467097
syn-0020,0,0,0,6,6,0.00042393812,0.0002735814,0.00051012007,0.00080961606,0.0020989594,0.0021751248,0.9904703,0.00017802283,0.0009246106,0.00032204302,0.001379559,0.0004342035
syn-0034,0,0,0,0,0,0.9928953,0.0005760717,0.0004658342,0.00042747345,0.000863731,0.0010234547,0.00059088576,0.00088583434,0.00033503663,0.0006069693,0.0005398496,0.00078951404
syn-0044,0,0,0,2,2,0.00044522816,0.00038194115,0.9950029,0.00055544986,0.00026327427,0.0002020566,0.00062511925,0.0005976591,0.00040578094,0.0003817547,0.00042071106,0.0007181039
syn-0049,0,0,0,8,8,0.00030462543,0.0003839561,0.00034687543,0.00021559028,0.000608934,0.00023265384,0.0005706456,0.0004903685,0.9953799,0.00075423135,0.0005415971,0.00017054594
syn-0052,0,0,0,4,4,0.0037274715,0.0009192729,0.00029597714,0.0009255785,0.9842717,0.006085838,0.00051743095,0.0004272929,0.000530219,0.0007801768,0.0005184425,0.0010005448
syn-0053,0,0,0,10,10,0.00038911833,0.00041360795,0.00038987907,0.00041705556,0.0010220665,0.00088461925,0.00056976906,0.0002772768,0.0006417043,0.0006259217,0.9940936,0.00027538784
syn-0055,0,0,0,3,3,0.0003471481,0.00078336155,0.0007058963,0.9942187,0.00065492274,0.0005050975,0.00075593084,0.00025672198,0.00024401082,0.00061494263,0.00044727314,0.0004659998
syn-0063,0,0,0,1,1,0.00075483054,0.99386287,0.00044711307,0.0007155321,0.0004438503,0.00044558744,0.00061352307,0.00033177988,0.00042956474,0.0005780426,0.0007732969,0.00060401123
syn-0069,0,0,0,11,11,0.0012856247,0.0039696824,0.0012818637,0.0014971877,0.0021326134,0.0006229028,0.0016564267,0.0006847934,0.0005481018,0.001300779,0.007485467,0.97753465
syn-0072,0,0,0,0,0,0.9937424,0.0006589382,0.00056046376,0.00046464076,0.00067209866,0.00080400414,0.00042804712,0.0008077423,0.00039050332,0.00056679343,0.0003886012,0.00051581947
syn-0073,0,0,0,11,11,0.00076900923,0.0018286147,0.0007630247,0.00038273737,0.00041343382,0.0006523311,0.00064788695,0.000743895,0.0003876273,0.0004859562,0.0007049937,0.99222046
syn-0077,0,0,0,2,2,0.00040323485,0.00037129602,0.99505603,0.0006411506,0.0002708513,0.00018308827,0.0007726557,0.00047897018,0.00040580262,0.0003684066,0.00043536263,0.0006131359
syn-0081,0,0,0,10,10,0.0003964041,0.00063842017,0.000387789,0.0005455367,0.0006684055,0.0006797607,0.0006979225,0.0002945825,0.0006154634,0.0005474045,0.9940896,0.00043877936
syn-0084,0,0,0,5,5,0.0006185147,0.0007289664,0.00025346637,0.00074670895,0.0006630836,0.9931814,0.00057315093,0.0013322907,0.00046347236,0.0003410763,0.00055905443,0.0005386885
syn-0090,0,0,0,5,5,0.0066140206,0.0017478408,0.00046076332,0.00047261216,0.0058226194,0.9758729,0.0007164373,0.0021119046,0.0036543927,0.0007731419,0.00054717,0.0012062682
syn-0093,0,0,0,5,5,0.00062496966,0.0008167077,0.00026514617,0.00049973116,0.0010851611,0.99137056,0.0023969235,0.00064938975,0.00047129137,0.00035229215,0.00083179976,0.0006360526
syn-0098,0,0,0,10,10,0.0003387129,0.0005271766,0.00032653325,0.0003565314,0.0005948952,0.0004737132,0.0004200967,0.00029127678,0.00083847606,0.00048258482,0.9950063,0.00034354324
syn-0101,0,0,0,3,3,0.0003665649,0.0007172613,0.0005807849,0.99444216,0.0007716726,0.00044781083,0.00073176523,0.0003082267,0.00024960964,0.0004868066,0.00045220536,0.0004451946
syn-0109,0,0,0,3,3,0.00083931076,0.0017709744,0.0006796946,0.9797777,0.0015339607,0.0008000942,0.001691733,0.00042368373,0.00042120845,0.009756666,0.0015573564,0.00074759277
syn-0120,0,0,0,3,3,0.0005029869,0.000956601,0.00063242903,0.99199975,0.0009249087,0.0004033727,0.00089121494,0.00027696314,0.00036406118,0.001831782,0.0008134439,0.00040258563
syn-0121,0,0,0,9,9,0.00042062075,0.0006285043,0.00039959917,0.0006237655,0.00045993587,0.00028979476,0.00029782817,0.00047176343,0.0007331832,0.9943037,0.00071515073,0.0006562592
syn-0139,0,0,0,1,1,0.0005621053,0.9942228,0.0004290913,0.00063975406,0.00047751874,0.00049799774,0.00050707656,0.0003623913,0.0003713476,0.00058506813,0.00061674934,0.0007281292
syn-0148,0,0,0,7,7,0.001106821,0.0015113683,0.0015502342,0.00044133913,0.0011182285,0.009417835,0.00076182134,0.9681797,0.004033784,0.0018717664,0.00087002723,0.009136996
syn-0155,0,0,0,4,4,0.00056051067,0.0005108494,0.0002417799,0.00061590114,0.9928555,0.0016737842,0.00049804186,0.00022470439,0.0012190483,0.00045524712,0.0006192181,0.0005255236
syn-0158,0,0,0,1,1,0.0006500668,0.9941016,0.00045116845,0.0006535678,0.0004132076,0.0004861649,0.0006682505,0.00037604614,0.0004083936,0.000565892,0.00054129784,0.00068443164
syn-0166,0,0,0,5,5,0.001639515,0.0009989176,0.00024111783,0.0004771843,0.0053189737,0.98724,0.00092633226,0.0006067623,0.00067788456,0.0005154557,0.0006229738,0.0007347597
syn-0169,0,0,0,4,4,0.0028571547,0.00044811168,0.00028124385,0.001103146,0.99074686,0.0010841889,0.000503088,0.0002870711,0.0005407898,0.0010221131,0.00049311656,0.0006331742
syn-0173,0,0,0,8,8,0.0002843713,0.0003959688,0.00037838996,0.00025766183,0.0004865746,0.00039790702,0.0010708505,0.00042356979,0.9949393,0.0003725236,0.00077716436,0.0002157054
syn-0175,0,0,0,11,10,0.0035090544,0.008192728,0.0025041373,0.0029926728,0.0030279497,0.002940527,0.003829556,0.002621752,0.003199714,0.0043267612,0.7529501,0.20990504
syn-0196,0,0,0,4,4,0.011689358,0.00054246397,0.00040351888,0.0010798725,0.9807978,0.0014264134,0.00079198275,0.0004905542,0.0007458176,0.0006258984,0.0004699221,0.00093637884
syn-0223,0,0,0,6,6,0.00058198126,0.00053275377,0.0007759095,0.0008287793,0.00068741775,0.0008711016,0.98801184,0.0002707786,0.0035615878,0.0006890981,0.002324369,0.00086432265
syn-0230,0,0,0,9,9,0.0004731198,0.0006885534,0.00038596065,0.00032153877,0.00032564686,0.00030117412,0.00024366016,0.0007896232,0.0007994187,0.99473095,0.0005252324,0.00041508747
syn-0233,0,0,0,8,8,0.00022825967,0.0003798442,0.00036851733,0.00021359413,0.0004067182,0.00028854725,0.0005445004,0.00052594714,0.9958413,0.00044997624,0.00057370466,0.0001789882
syn-0241,0,0,0,1,1,0.002536201,0.95137984,0.0006310022,0.002593811,0.032938167,0.002446197,0.0012518377,0.00045095693,0.0011892741,0.0016796037,0.00095374393,0.0019493261
syn-0246,0,0,0,8,8,0.0019054264,0.00945355,0.0007737246,0.00070036843,0.00065154146,0.00067091186,0.0019274163,0.001252205,0.98043066,0.00068682217,0.0010554926,0.0004918093
syn-0248,0,0,0,6,6,0.0012093708,0.002563991,0.0016417525,0.0025853629,0.00592446,0.0049533956,0.525997,0.000609894,0.0032191072,0.0017768921,0.44815502,0.0013637214
syn-0249,0,0,0,8,8,0.00032624157,0.00033267608,0.0003413977,0.00020777716,0.0010141371,0.00052082364,0.00031221518,0.0008016611,0.994603,0.00058244093,0.0007662587,0.00019141329
syn-0252,0,0,0,8,8,0.0002457744,0.00038892962,0.0003454148,0.00020335657,0.0004463457,0.0002784989,0.0006527673,0.00042032794,0.99555403,0.0005167598,0.0007624639,0.00018533917
syn-0254,0,0,0,7,11,0.009963599,0.022610094,0.01514823,0.0053123385,0.009461024,0.058040753,0.013545674,0.13201594,0.06716428,0.025211068,0.020872664,0.62065434
syn-0270,0,0,0,10,10,0.0005354289,0.0006371583,0.00030307373,0.00040842817,0.0005295786,0.00041995523,0.0008127875,0.00023568858,0.00061657577,0.0005188287,0.9946713,0.00031117126
syn-0273,0,0,0,0,0,0.99229527,0.0010551757,0.0005028911,0.00069853617,0.0009802955,0.0010476034,0.0005065879,0.0006413259,0.0003794168,0.0004946112,0.0005485551,0.00084982614
syn-0274,0,0,0,9,9,0.00039699415,0.0004496337,0.00046368016,0.00043114353,0.00039525336,0.00031604804,0.0002151055,0.0009248436,0.00085565384,0.99411196,0.00077594956,0.0006637049
syn-0275,0,0,0,0,0,0.9933461,0.0006752839,0.0005411506,0.0005569672,0.00072394346,0.0008048616,0.0006144029,0.0007066556,0.0003536843,0.00048793497,0.0006342157,0.0005547958
syn-0276,0,0,0,6,6,0.00043023977,0.00035063745,0.00071264355,0.00069698546,0.001230436,0.00081376504,0.9925126,0.0002187814,0.00043297946,0.00026753353,0.0014364198,0.00089697033
syn-0284,0,0,0,0,0,0.9876488,0.0011697637,0.0005156691,0.00050274073,0.001196335,0.0009828778,0.0004423693,0.0007034608,0.0033873036,0.0015872098,0.001064822,0.0007986839
syn-0296,0,0,0,3,3,0.0005897526,0.00085997256,0.00056550035,0.9905075,0.002493887,0.0016503718,0.00085348845,0.0002981433,0.0002409727,0.0006774766,0.00059495884,0.00066795107
syn-0302,0,0,0,10,10,0.0003439958,0.00035387714,0.00040572212,0.00036671845,0.00041676566,0.00036941422,0.00053828245,0.0003345537,0.00077063066,0.0004999004,0.9953447,0.0002555112
syn-0304,0,0,0,1,1,0.0006124044,0.9939903,0.00040517005,0.0007157985,0.0004839789,0.00062387343,0.00072742585,0.00038342006,0.00039098234,0.0005086936,0.00050424226,0.00065381377
syn-0311,0,0,0,9,9,0.00053536176,0.0009136875,0.00040391498,0.00071532547,0.00063762313,0.00030608434,0.00036740978,0.0004327032,0.0003427982,0.9933334,0.00067149405,0.0013401613
syn-0316,0,0,0,0,0,0.9322768,0.0014146854,0.00066531985,0.0019717833,0.019519595,0.036007367,0.0017139517,0.00095395773,0.0010894539,0.001443292,0.0010456734,0.0018980982
syn-0318,0,0,0,11,11,0.0021773726,0.0074564232,0.0012737764,0.0016751654,0.00840808,0.0009373912,0.0032360684,0.0007643297,0.0008272449,0.0018362192,0.008540488,0.96286744
syn-0328,0,0,0,10,10,0.00034166506,0.00041232808,0.0003511364,0.00036852722,0.00038545963,0.000414144,0.00045707464,0.00033933745,0.0007459464,0.00050853606,0.9953819,0.00029395902
syn-0332,0,0,0,6,6,0.00037106883,0.00040161307,0.00050583074,0.0008014499,0.0006465726,0.00043297696,0.99396175,0.00014201581,0.00052546733,0.00039635313,0.0014958212,0.00031910132
syn-0345,0,0,0,7,7,0.0018175715,0.0007902187,0.00081530295,0.0005042595,0.0011176566,0.018447798,0.0006172286,0.9705236,0.0012633826,0.0010351787,0.0006405639,0.0024272206
syn-0354,0,0,0,8,8,0.00030473896,0.00041918116,0.00039803717,0.00024295907,0.0004423114,0.00034029305,0.00048294594,0.0006170944,0.9957509,0.00036490292,0.0003926323,0.0002441483
syn-0356,0,0,0,8,8,0.00038790956,0.0006253499,0.00033131096,0.00022091632,0.000646462,0.00026157714,0.0013642234,0.0004117196,0.99439853,0.0005219894,0.0005679991,0.00026208855
syn-0357,0,0,0,3,3,0.0004922097,0.00088866934,0.000781572,0.9927954,0.0010387695,0.00041226187,0.0010447145,0.0002755659,0.00025090558,0.0009236188,0.0005668066,0.0005296133
syn-0371,0,0,0,6,6,0.00035646427,0.0004064991,0.000613364,0.00060496136,0.00041068875,0.00038542977,0.994819,0.00018430021,0.0004434104,0.00032298348,0.0010415858,0.00041129076
syn-0372,0,0,0,1,1,0.0006661223,0.9931155,0.0004170523,0.00087838474,0.0007398547,0.00059072825,0.0005117322,0.00026639213,0.0004328196,0.0011488507,0.0003626953,0.0008698485
syn-0380,0,0,0,4,5,0.0023674835,0.0011292257,0.00041786014,0.0010196724,0.032616343,0.95691985,0.00076931337,0.0012162238,0.0008498907,0.000809389,0.00078602036,0.0010987667
syn-0382,0,0,0,0,0,0.99375945,0.0006286206,0.0005085755,0.0005158283,0.00087766774,0.0006855338,0.00046692308,0.00070316275,0.00032311247,0.0005668032,0.000457892,0.0005063455
syn-0383,0,0,0,2,2,0.00043890034,0.0003256856,0.99484926,0.0005813065,0.0002611851,0.00023967691,0.0006347104,0.00067911856,0.00039419686,0.00043825788,0.00046629534,0.0006913305
syn-0419,0,0,0,1,1,0.00060868094,0.9932674,0.00039723836,0.0007088458,0.00075603765,0.00048080145,0.0003984038,0.00031393467,0.00046783267,0.00064007624,0.0009884692,0.00097219466
syn-0421,0,0,0,10,10,0.00031334767,0.00076922594,0.0003524783,0.0005029334,0.00032297883,0.0005430047,0.001070967,0.00023514537,0.0014584874,0.0007193644,0.9933484,0.00036366718
syn-0425,0,0,0,5,5,0.0007885414,0.0010904133,0.00020395307,0.00044678155,0.0025785936,0.9907041,0.00063780125,0.0006421761,0.00055062503,0.00046051393,0.0005541313,0.001342337
syn-0448,0,0,0,4,5,0.00073073275,0.00071102247,0.00024026513,0.00041150817,0.0052949907,0.988564,0.00072522316,0.00067384023,0.0007596563,0.0005475608,0.000775396,0.0005657704
syn-0452,0,0,0,10,10,0.00033877735,0.00042825466,0.000545078,0.00054428016,0.0004245072,0.00059457275,0.0037946925,0.0002656498,0.0017768005,0.0006988696,0.9903481,0.0002404638
syn-0454,0,0,0,11,11,0.00041012274,0.001242833,0.0008020018,0.00048135873,0.0015846852,0.0006493223,0.00063894346,0.00073577854,0.0004302249,0.0006019928,0.0004289663,0.9919938
syn-0455,0,0,0,2,2,0.01703865,0.066815786,0.23938245,0.07602709,0.051732104,0.010095066,0.104272515,0.061134245,0.033564296,0.16908579,0.0045502027,0.16630186
syn-0457,0,0,0,9,9,0.0004888694,0.00077978196,0.00042639943,0.0005577614,0.00038428046,0.0003113518,0.00024509983,0.00059387885,0.000434385,0.9947626,0.0005453732,0.00047014107
syn-0459,0,0,0,5,5,0.055904146,0.09985476,0.0032161013,0.005094344,0.10881555,0.3761126,0.01813613,0.0031910732,0.3075743,0.0052406793,0.014245643,0.0026146718
syn-0480,0,0,0,1,1,0.0008675499,0.9673103,0.0011708412,0.0037846004,0.0021970533,0.0012734208,0.004223573,0.000477705,0.00055360654,0.0011348182,0.0019703875,0.015036144
syn-0487,0,0,0,6,6,0.0004896675,0.0004613497,0.000535175,0.0007038178,0.0009211506,0.0012109036,0.9925021,0.00019175655,0.0016380245,0.00027094875,0.00071298407,0.0003621175
syn-0489,0,0,0,11,11,0.004875821,0.012198108,0.0027111543,0.0032591177,0.054828517,0.004109865,0.0064957873,0.0014611305,0.0018416387,0.0045492053,0.02738169,0.876288
syn-0495,0,0,0,2,2,0.0005080024,0.000389499,0.9945802,0.0008908377,0.00030527374,0.0002851027,0.00059580297,0.0005746592,0.0003712997,0.00042632126,0.00039083255,0.00068217487
syn-0496,0,0,0,8,8,0.00023915316,0.00038913277,0.00036698714,0.0002090009,0.00043010022,0.00029416342,0.00066477124,0.00043858317,0.9955877,0.0005630145,0.000622896,0.00019443013
syn-0497,0,0,0,5,5,0.0012096745,0.0013262179,0.0002677163,0.000435396,0.00095192145,0.98835284,0.0013183894,0.0028225516,0.0012609371,0.00055851386,0.00066714926,0.0008286606
syn-0498,0,0,0,7,7,0.0005733665,0.00043961534,0.0007098304,0.00029514375,0.00017849004,0.0010048164,0.00024254165,0.99404013,0.0011970423,0.00039677168,0.00035601133,0.0005662716
syn-0013,0,0,1,6,6,0.00042729138,0.0004595373,0.00060037477,0.00050101994,0.00043721078,0.0005345061,0.9948984,0.0002102888,0.0004010113,0.00031784622,0.0006595437,0.0005530912
syn-0018,0,0,1,3,6,0.00086384756,0.000702303,0.0011330139,0.018569345,0.003608631,0.00096510415,0.9712106,0.00024306522,0.0007675719,0.0007172046,0.0006485734,0.0005706896
syn-0031,0,0,1,0,0,0.9934784,0.00088917214,0.0006183976,0.0005286853,0.0009967985,0.0005481375,0.00041315026,0.00062967144,0.00040933504,0.00049932866,0.00046770362,0.0005212519
syn-0032,0,0,1,4,4,0.001386468,0.0011488611,0.0011795562,0.0024428507,0.9326126,0.0013431549,0.052820332,0.0006059988,0.0024644157,0.0015864917,0.0006444527,0.0017646819
syn-0037,0,0,1,8,8,0.00053064077,0.0011005634,0.00047150103,0.0005421646,0.0037041183,0.0012301675,0.0020925854,0.00045744097,0.9726282,0.0021157018,0.014739763,0.00038708936
syn-0041,0,0,1,10,10,0.0026029628,0.0020987005,0.0011443916,0.0040681306,0.0072797225,0.0012679636,0.0031783348,0.00078806566,0.005095732,0.21178596,0.7567354,0.003954536
syn-0042,0,0,1,9,9,0.00039793077,0.0006396284,0.0005189995,0.0008928187,0.0004916189,0.00024360677,0.0002528167,0.0006335671,0.00040478978,0.99451303,0.00048328855,0.00052794535
syn-0045,0,0,1,9,10,0.0030348913,0.004820232,0.0013652635,0.009921914,0.0039216923,0.0013867632,0.0028246888,0.00079790794,0.005109234,0.38980412,0.5760931,0.0009201819
syn-0046,0,0,1,8,8,0.011431954,0.0040811673,0.0011138238,0.0007745429,0.002998264,0.00421689,0.002229209,0.0022226875,0.94941497,0.012973091,0.0014512823,0.0070921984
syn-0057,0,0,1,8,8,0.00049151573,0.0005766076,0.0003342041,0.00023537167,0.0014399136,0.0006757704,0.000695182,0.0004216492,0.990428,0.0010533186,0.0022838702,0.001364594
syn-0059,0,0,1,3,3,0.00046654,0.0008180039,0.00053541333,0.9939142,0.00063706207,0.00071417284,0.0006736935,0.00036334168,0.00022188952,0.0007103472,0.0004944515,0.0004508632
syn-0070,0,0,1,2,2,0.0005085791,0.0003903221,0.9942517,0.000628932,0.00032517227,0.00022023752,0.0009023755,0.000667699,0.00039146727,0.00046013642,0.00049752614,0.00075595593
syn-0071,0,0,1,6,6,0.00045509898,0.00032731568,0.00062417635,0.00068347645,0.0004896825,0.0006935197,0.9949586,0.00016314446,0.0003552978,0.00028674715,0.0005837883,0.0003793222
syn-0076,0,0,1,5,5,0.0015712918,0.001143284,0.00026086395,0.0005442184,0.0018478216,0.9907194,0.001032367,0.0004998908,0.0005838611,0.0005639667,0.00056039816,0.0006726766
syn-0079,0,0,1,1,1,0.0005378438,0.98968923,0.00042092346,0.0012188748,0.000989971,0.0017289901,0.0019000836,0.00020494148,0.00069977,0.0006014747,0.0010189054,0.0009890046
syn-0086,0,0,1,10,10,0.00030298842,0.00038696083,0.0003434985,0.00041555398,0.0003195511,0.0003455171,0.0004563968,0.00031306455,0.00050654367,0.00042478586,0.9958489,0.0003363616
syn-0087,0,0,1,5,5,0.0018655045,0.001565552,0.0006106888,0.0014793426,0.005886734,0.9334277,0.0039004043,0.0019022981,0.017264098,0.0012542763,0.028883705,0.0019598107
syn-0091,0,0,1,4,4,0.00078199,0.00038083244,0.00028972205,0.0019616075,0.9921146,0.0007623848,0.00062513334,0.0003054104,0.0004942798,0.000961512,0.00045937166,0.0008632626
syn-0111,0,0,1,3,3,0.00038562773,0.0009887399,0.0009776235,0.993873,0.0005901694,0.00041230652,0.0007158888,0.00031016333,0.00033965128,0.0004135162,0.0005270907,0.0004662929
syn-0118,0,0,1,5,5,0.0007088671,0.00064716645,0.00021330867,0.00038795325,0.0013272512,0.99353975,0.00062359066,0.0007262091,0.0005646065,0.00029070547,0.00035600588,0.00061452267
syn-0128,0,0,1,2,2,0.00049284165,0.0003902508,0.9945556,0.0006207329,0.0002631559,0.00021795095,0.00074929546,0.0006334395,0.00040718596,0.00045358387,0.0004873378,0.00072872854
syn-0130,0,0,1,6,8,0.001455116,0.00503933,0.0014325565,0.0011657982,0.005082575,0.0023207315,0.019450232,0.0010750329,0.9537839,0.0015459405,0.0058815135,0.0017672445
syn-0133,0,0,1,2,2,0.0009257333,0.0006484787,0.9902214,0.00080468383,0.0004077939,0.00036661662,0.0011695225,0.0023906406,0.00063842494,0.0005190358,0.0008187538,0.0010889178
syn-0134,0,0,1,5,5,0.0013564592,0.0004645643,0.00025605614,0.00045380267,0.0016926806,0.9906722,0.0006765974,0.0014742211,0.0011326727,0.000425892,0.0008443036,0.0005506073
syn-0146,0,0,1,10,10,0.00036862347,0.00036664886,0.00033694913,0.00048124534,0.00031223622,0.00042118682,0.0005854027,0.00030679567,0.00048324687,0.00045619046,0.9956418,0.00023963374
syn-0147,0,0,1,0,0,0.9922875,0.0011873707,0.0006197711,0.0007683105,0.0010268315,0.000545346,0.00046577642,0.0005582785,0.00052394223,0.0009705244,0.0005108065,0.0005355821
syn-0151,0,0,1,10,11,0.0010202863,0.0020352833,0.0008920848,0.0007077677,0.0018533727,0.0015049432,0.0023755692,0.00079887913,0.00064317236,0.0011488204,0.009684935,0.97733486
syn-0167,0,0,1,0,0,0.9937255,0.0006525235,0.00058936194,0.00053793186,0.0007159574,0.00068000954,0.0005110474,0.00074193755,0.00044205878,0.0005110474,0.00044989804,0.00044270683
syn-0181,0,0,1,10,8,0.0015234713,0.0022274877,0.0018376572,0.0018269212,0.0040157726,0.0007957879,0.013302922,0.001035878,0.4962721,0.005461508,0.46986097,0.0018394525
syn-0187,0,0,1,3,3,0.00044584458,0.0008852618,0.00046815458,0.99395084,0.00081673695,0.00056996546,0.0006702731,0.00033736374,0.00025615204,0.00066978234,0.00050991686,0.000419856
syn-0191,0,0,1,4,4,0.0013979711,0.00072454993,0.00046507156,0.01298166,0.96972656,0.0008773947,0.0027222668,0.00030619514,0.0015466574,0.002146273,0.0064326664,0.0006727219
syn-0202,0,0,1,10,10,0.00063409365,0.00047375614,0.0003736756,0.0003946801,0.00087649166,0.00060535193,0.00066842954,0.00038067377,0.0020887798,0.0036382822,0.98880005,0.0010656728
syn-0213,0,0,1,0,0,0.9933702,0.0006259245,0.00056492374,0.00048628185,0.00089244614,0.0005874277,0.0004939397,0.00063702435,0.00055426767,0.0004449319,0.0006407679,0.0007018585
syn-0222,0,0,1,8,8,0.00020080832,0.00031345736,0.00031854908,0.00020022088,0.0006255188,0.0002736695,0.0005384415,0.00055417884,0.99563885,0.00053438183,0.0005319087,0.0002699534
syn-0232,0,0,1,8,8,0.00039907277,0.00054840546,0.0003506362,0.00029154052,0.0006442892,0.00044737698,0.00050226314,0.00075860234,0.9934788,0.001990373,0.0003649602,0.00022375026
syn-0236,0,0,1,11,11,0.0029486537,0.009304691,0.0014722159,0.00095798913,0.002380326,0.0024036851,0.0025612095,0.0010247657,0.0103649385,0.004018787,0.0013326365,0.9612302
syn-0237,0,0,1,4,4,0.0013181153,0.000500575,0.00032604864,0.0010191201,0.9920753,0.00052051566,0.0007657121,0.000298907,0.0005266513,0.0011224999,0.00062816835,0.0008982732
syn-0264,0,0,1,0,0,0.9933035,0.00070061296,0.00045456385,0.0004407936,0.0011249192,0.00084623613,0.0003684767,0.0007069704,0.0005477735,0.0005421853,0.0004183551,0.0005456379
syn-0267,0,0,1,4,4,0.00097287534,0.00050067104,0.0002661642,0.0007041658,0.9932352,0.0010871772,0.00042720238,0.0002822257,0.0005807886,0.0005058313,0.00068953517,0.0007481179
syn-0268,0,0,1,6,6,0.00041486946,0.00033254412,0.0006717575,0.0006190032,0.0011502554,0.00056941767,0.99420846,0.00016254456,0.00038878346,0.0003522671,0.0004953229,0.0006347663
syn-0271,0,0,1,2,2,0.00055555796,0.00052342966,0.99325484,0.0009992903,0.00027596278,0.00021158799,0.000863095,0.0007019483,0.00047519393,0.0007244074,0.0006185605,0.0007961888
syn-0272,0,0,1,3,3,0.048884112,0.029864026,0.043701913,0.39458373,0.03681418,0.00396784,0.05757144,0.0043239077,0.012126699,0.013273128,0.3309774,0.023911621
syn-0279,0,0,1,0,0,0.99361753,0.00066939427,0.0005326463,0.0004709777,0.0008205596,0.00078451424,0.0004355832,0.00077518506,0.00048878376,0.0005243884,0.00035620766,0.00052413245
syn-0281,0,0,1,10,5,0.005540037,0.013850508,0.0016707467,0.0050615314,0.03540955,0.5856051,0.010907944,0.0014151776,0.17378205,0.006099413,0.15853971,0.0021182185
syn-0283,0,0,1,7,7,0.00046634726,0.00028065272,0.0011649784,0.00031879853,0.00021184779,0.0014103878,0.00022772384,0.99350363,0.00068560825,0.00044023705,0.0006919141,0.00059792516
syn-0294,0,0,1,1,1,0.0005185319,0.99458766,0.00039007285,0.00075630366,0.0004230068,0.0006784429,0.00052618346,0.00031961425,0.00040501784,0.000507015,0.00038760464,0.000500619
syn-0295,0,0,1,10,10,0.00046032784,0.00079537515,0.0002901834,0.00056483224,0.0013226054,0.0009723454,0.0006674876,0.00020120056,0.0008471894,0.00064474373,0.9927245,0.0005092877
syn-0297,0,0,1,11,11,0.00049891823,0.00084858487,0.0007476861,0.00038328173,0.0005140021,0.00076001685,0.0008763772,0.00066112063,0.00032880012,0.0003780772,0.00037148938,0.99363166
syn-0298,0,0,1,7,7,0.00063571037,0.00028920782,0.0006498333,0.0003299633,0.0002695713,0.0021234506,0.00021387411,0.99325925,0.00081345823,0.00039665363,0.00035382612,0.00066524354
syn-0308,0,0,1,3,3,0.00045128813,0.0007743492,0.0005113765,0.9938798,0.00075853814,0.00035387432,0.0011013785,0.00027238682,0.0003596226,0.0005774882,0.00057608006,0.00038375205
syn-0313,0,0,1,11,11,0.014652757,0.08515867,0.0099206045,0.008301127,0.0037088695,0.0074410816,0.016584506,0.008725029,0.0042647156,0.0071630105,0.24641477,0.58766484
syn-0314,0,0,1,8,8,0.00022805881,0.0003506468,0.00032445363,0.00020403172,0.00047230782,0.00027295068,0.0004741564,0.00048682484,0.9959372,0.00051444065,0.00054521795,0.00018962212
syn-0325,0,0,1,4,3,0.004536192,0.001975436,0.0012422471,0.6632787,0.29318067,0.012607661,0.0054931077,0.0008123022,0.0018942006,0.00985007,0.0027279297,0.002401519
syn-0336,0,0,1,0,0,0.9932115,0.00076211046,0.00065874704,0.00060273183,0.0008002464,0.0010480268,0.0005418705,0.00066358957,0.0003914398,0.00051278225,0.00040111406,0.00040584226
syn-0343,0,0,1,8,8,0.00084569346,0.00064148754,0.00061390764,0.00031818022,0.0017891314,0.0005595154,0.00041296383,0.0018861274,0.9853023,0.0047748317,0.00079251826,0.0020632406
syn-0346,0,0,1,6,6,0.0004277724,0.0003855178,0.0007121118,0.00068274443,0.00044677197,0.00045736693,0.99504626,0.0001698241,0.00042631282,0.00032559104,0.00054075505,0.00037898537
syn-0348,0,0,1,9,9,0.0008622162,0.0012656689,0.00030023768,0.0006205763,0.0007090665,0.00035654104,0.00032053902,0.00046912223,0.0014647109,0.9926069,0.0005037865,0.0005207946
syn-0358,0,0,1,2,2,0.0006756181,0.00052156765,0.9926253,0.00044939996,0.0002845423,0.00028987118,0.0009434,0.0012199564,0.0006825815,0.0006035537,0.00060237607,0.0011017522
syn-0366,0,0,1,9,9,0.0011480623,0.0007734116,0.0006953158,0.003887639,0.001487881,0.00080658036,0.0012996552,0.0004949824,0.0008473552,0.98290944,0.004854811,0.00079485134
syn-0369,0,0,1,6,5,0.002514105,0.008948162,0.0012004051,0.0019051738,0.005852609,0.7391572,0.22987641,0.0013470183,0.0021842923,0.0026168097,0.0026219257,0.0017758171
syn-0370,0,0,1,9,9,0.00040734874,0.0007178928,0.00041639837,0.0005109298,0.00037252877,0.00038229523,0.00020774886,0.00069258537,0.00044325375,0.9944675,0.00047368792,0.000907723
syn-0373,0,0,1,11,11,0.00052586,0.0012443432,0.00076905463,0.00039154993,0.0004654314,0.0006798491,0.0006793514,0.00044694578,0.00026057393,0.00068920787,0.00035685863,0.993491
syn-0374,0,0,1,8,8,0.00028599112,0.00031702736,0.00029478144,0.00025686197,0.0005336499,0.00035315187,0.0006450418,0.00044381767,0.9957327,0.00035626942,0.00059518416,0.00018555355
syn-0381,0,0,1,8,8,0.0002866417,0.00042156558,0.0002677018,0.00015845326,0.00041685769,0.000523112,0.00043835884,0.0008465074,0.99507844,0.00071317883,0.00059406745,0.00025519353
syn-0396,0,0,1,3,3,0.00045432177,0.00068820646,0.0009015986,0.99374443,0.0005985083,0.0004416357,0.00085648673,0.0005662414,0.00028458505,0.0005135586,0.00050092774,0.00044946745
syn-0397,0,0,1,1,1,0.0004928571,0.9945868,0.00040939174,0.00066532,0.00039447792,0.0004880675,0.0004732823,0.00035620714,0.0003134321,0.00057340175,0.0005692173,0.00067761465
syn-0401,0,0,1,11,11,0.000994089,0.004498918,0.0012206624,0.00039600086,0.0006647978,0.0008342505,0.0010693696,0.00064245914,0.00039062364,0.0014286676,0.0005835393,0.9872766
syn-0406,0,0,1,4,4,0.4379524,0.0019695663,0.0012967285,0.008414032,0.5001573,0.004382494,0.00339315,0.0014200114,0.0010972997,0.004643551,0.0319116,0.0033618158
syn-0415,0,0,1,1,1,0.007253154,0.45535842,0.0034835013,0.004100561,0.014042395,0.006267893,0.0035940798,0.0029564092,0.10120808,0.013856788,0.0029276784,0.384951
syn-0416,0,0,1,2,2,0.00045731387,0.00041476564,0.99444515,0.0007102063,0.0002961303,0.00024028248,0.00073033955,0.0006938391,0.00037894142,0.0004546421,0.0004746033,0.0007037338
syn-0426,0,0,1,10,10,0.00038426206,0.00028292232,0.00041285733,0.00032659704,0.0003053151,0.00082006323,0.0008114001,0.000412253,0.002147432,0.0006858579,0.992774,0.000636953
syn-0427,0,0,1,5,5,0.0010205485,0.00092311495,0.00029721417,0.00084132695,0.013558453,0.97878015,0.0008786946,0.0005541857,0.0010262952,0.00058248563,0.0004401128,0.0010972972
syn-0439,0,0,1,6,6,0.0005966773,0.00074475567,0.00075666857,0.0006222666,0.00054301566,0.00078316947,0.99336845,0.00022747059,0.0011947742,0.0003355238,0.0003568146,0.00047040006
syn-0443,0,0,1,7,7,0.0012887919,0.00095354917,0.0010836829,0.0004889314,0.0009143366,0.019227508,0.00047481502,0.9671085,0.0032558814,0.0020415864,0.00032953775,0.0028329054
syn-0444,0,0,1,5,5,0.00094643014,0.0009632137,0.00027268368,0.0005958868,0.0014291093,0.9881847,0.0048570926,0.00063929317,0.0006490436,0.00036266106,0.00039714001,0.0007028123
syn-0449,0,0,1,11,11,0.00047184102,0.00074576144,0.0007341995,0.0005898019,0.001770306,0.0004820879,0.0005302461,0.0005261197,0.0002547878,0.00086975744,0.00049836346,0.99252677
syn-0453,0,0,1,1,4,0.001112745,0.0029453235,0.00079369143,0.0021797132,0.93379027,0.0026408157,0.0040003066,0.00067755557,0.00214592,0.0022489047,0.005709228,0.041755453
syn-0456,0,0,1,11,11,0.005061499,0.0051613282,0.004488621,0.0941147,0.23753038,0.0048250016,0.008406346,0.00216632,0.0032871538,0.005755067,0.00583429,0.6233694
syn-0460,0,0,1,8,8,0.0003650662,0.00074215,0.00040231954,0.00022359678,0.00043458657,0.0002793598,0.00088504446,0.0005456262,0.9947383,0.00051937066,0.00060306914,0.00026141113
syn-0465,0,0,1,7,7,0.0011513283,0.00025549656,0.0007978182,0.00038655393,0.0005646339,0.004279401,0.00035402967,0.9894729,0.00074546615,0.00059346744,0.00055182364,0.0008469954
syn-0471,0,0,1,5,5,0.0017138608,0.0018637876,0.00032966147,0.0007582962,0.017241897,0.97125816,0.00089830323,0.0006404229,0.00063792616,0.0006803965,0.00086854235,0.003108709
syn-0481,0,0,1,9,9,0.00050341524,0.0005390319,0.00048792682,0.00046831905,0.00035680062,0.00021378484,0.00026579984,0.0006272757,0.00062559335,0.9947857,0.0006731329,0.000453246
syn-0482,0,0,1,1,3,0.0065750913,0.005796126,0.0014719446,0.5938248,0.36228952,0.0033561788,0.009837903,0.00059355894,0.0016663037,0.004124141,0.004828678,0.0056356564
syn-0486,0,0,1,1,1,0.0005890815,0.99422306,0.0003989819,0.00074249035,0.00037389487,0.0005115531,0.00054667663,0.0003157748,0.00049897144,0.00060393516,0.0005560995,0.00063944195
syn-0490,0,0,1,7,7,0.00067890907,0.00035854688,0.00062498247,0.00024957382,0.00039803964,0.0027494847,0.00033880302,0.9913908,0.00088211993,0.0010445425,0.00033257456,0.0009514733
syn-0009,0,0,2,8,8,0.00021594646,0.00031883668,0.00027972853,0.00019777696,0.00044700495,0.00029574087,0.0006491985,0.0005186614,0.99605125,0.00038893393,0.0004294608,0.00020747098
syn-0010,0,0,2,9,9,0.0004642515,0.0007538306,0.00034652188,0.0005401212,0.00041130403,0.00026169617,0.00018251507,0.00043997398,0.0008746189,0.99485105,0.000520191,0.0003538744
syn-0022,0,0,2,10,11,0.003064653,0.05173353,0.002611117,0.0055412464,0.004974423,0.004119916,0.005309485,0.0012238058,0.001147416,0.007105554,0.050044023,0.8631248
syn-0026,0,0,2,10,10,0.00034526607,0.00034763437,0.00037150324,0.0003881931,0.000307987,0.00038517217,0.00072610384,0.0003030641,0.00049857155,0.00043401326,0.99561137,0.00028111084
syn-0038,0,0,2,5,5,0.0007414187,0.0006539803,0.00025823707,0.0011320475,0.00087307167,0.9923035,0.0009484626,0.0012929967,0.00029176488,0.0003045749,0.00035434967,0.0008456938
syn-0039,0,0,2,1,1,0.0007060591,0.99396247,0.00038453427,0.00066815695,0.00057164446,0.0009261731,0.00045442148,0.00031049436,0.00036478147,0.00049206696,0.00045110533,0.0007081306
syn-0048,0,0,2,11,11,0.0005839803,0.0014691124,0.0008058428,0.00039785122,0.0012009589,0.0007612821,0.0005811358,0.00062255503,0.0004481907,0.0008582342,0.00038111815,0.9918898
syn-0050,0,0,2,4,1,0.003913528,0.69041353,0.00380425,0.008818194,0.015182632,0.0037894188,0.01988424,0.0011854272,0.002385293,0.0053779664,0.003360519,0.24188504
syn-0085,0,0,2,3,1,0.0027843656,0.939005,0.0007231602,0.032193802,0.008563896,0.0034685847,0.0017715797,0.00037627135,0.0005827804,0.0043867095,0.0014622511,0.004681453
syn-0094,0,0,2,1,1,0.00047941855,0.98992705,0.0006691914,0.001434778,0.00044905455,0.00070542784,0.0012421517,0.0005168586,0.00038147997,0.00066625705,0.00080287503,0.0027253905
syn-0097,0,0,2,10,10,0.0003656055,0.00039550685,0.00037263441,0.00046533882,0.00027355857,0.00040389877,0.0006532757,0.0002667002,0.0007811531,0.0005375667,0.9952354,0.00024932128
syn-0103,0,0,2,11,11,0.0047993963,0.12353653,0.0025340484,0.0031230268,0.008609543,0.0038999768,0.003719567,0.0017655991,0.0006873791,0.008739787,0.010694821,0.82789034
syn-0114,0,0,2,4,1,0.001489858,0.932747,0.001042122,0.014274098,0.017454864,0.004082614,0.0061024143,0.00031782922,0.00083736854,0.009270209,0.0015118428,0.01086977
syn-0129,0,0,2,11,11,0.001604258,0.018512795,0.0015625111,0.0015763046,0.0022403805,0.0010352812,0.0012246338,0.0009289268,0.001546571,0.015498259,0.0019588713,0.95231116
syn-0137,0,0,2,8,8,0.00027431868,0.0003525763,0.0003197728,0.00022942579,0.0004413669,0.00029893554,0.0004886679,0.0004564905,0.99605334,0.00034744927,0.0005451484,0.00019244268
syn-0140,0,0,2,11,11,0.00059838494,0.0009028995,0.00090113777,0.0008143089,0.0009760289,0.00068271003,0.00063387485,0.0010208735,0.0002655317,0.0039364058,0.0003262908,0.9889416
syn-0141,0,0,2,2,2,0.0004804514,0.00039889204,0.9944846,0.0007007614,0.00026780347,0.0002281714,0.0006678554,0.0006727649,0.0004562168,0.0004568856,0.00045002197,0.00073555793
syn-0143,0,0,2,1,1,0.0030283635,0.9026076,0.0012822899,0.0014152132,0.0009841262,0.0018385898,0.0014687174,0.0011675381,0.07964296,0.0028699983,0.0020351335,0.0016594062
syn-0144,0,0,2,9,9,0.00043797225,0.00058078585,0.0005105435,0.000670933,0.0003689897,0.0002284407,0.00022184517,0.0006855035,0.0006159834,0.9946865,0.0004829011,0.0005095473
syn-0153,0,0,2,4,5,0.04468223,0.0024963017,0.0011440068,0.0029528744,0.41573364,0.5194138,0.002728297,0.0014589266,0.0016628954,0.0026624943,0.0018245507,0.0032399325
syn-0154,0,0,2,1,1,0.00059118186,0.9943634,0.00036564207,0.0006847791,0.00047340713,0.000679616,0.00043954363,0.0003375038,0.0004224986,0.0005820164,0.00039981838,0.000660639
syn-0160,0,0,2,5,5,0.0008731762,0.00090685196,0.00030264698,0.00077510363,0.0004581139,0.9927858,0.0009327591,0.00092524604,0.0004581139,0.00027935655,0.0005229271,0.000779849
syn-0163,0,0,2,4,4,0.0007124392,0.00034041627,0.00031452626,0.0006621236,0.99319744,0.00075010123,0.00040742487,0.00042718614,0.0016670189,0.0006012536,0.0003185447,0.00060154725
syn-0164,0,0,2,8,8,0.00088270265,0.0009832846,0.00049879117,0.00049442647,0.001926588,0.0020747043,0.0030405836,0.00040118158,0.9837249,0.0006784459,0.004863586,0.00043082552
syn-0165,0,0,2,8,8,0.0012549076,0.0015817111,0.0012846668,0.0010083466,0.002617368,0.001029239,0.00653045,0.0007552167,0.85782975,0.0030900429,0.1223811,0.00063719956
syn-0171,0,0,2,6,6,0.0007540974,0.0009699365,0.000600632,0.00074713374,0.0006707081,0.0011546436,0.98782015,0.00030231182,0.005363841,0.0006616006,0.0004377186,0.0005172718
syn-0172,0,0,2,10,10,0.00033738292,0.0004233797,0.0003246165,0.00033837283,0.00049257,0.00047555394,0.00061511213,0.000253925,0.00169755,0.00049764675,0.99400735,0.00053664134
syn-0178,0,0,2,9,10,0.0045828293,0.009704219,0.0019614496,0.0067498726,0.019921493,0.003607658,0.0053526415,0.001367976,0.0122815175,0.34603342,0.5540409,0.034396045
syn-0179,0,0,2,1,1,0.0007046982,0.9939861,0.00039481762,0.0005900925,0.00035703648,0.0005926914,0.00057221664,0.0003184865,0.00068118505,0.0004816195,0.0004716128,0.00084940594
syn-0183,0,0,2,4,5,0.0025836637,0.0016454873,0.0007341129,0.002116978,0.19479784,0.78871083,0.0017975335,0.0014807782,0.001783545,0.0010681279,0.0011651171,0.0021159446
syn-0186,0,0,2,3,3,0.0004966429,0.0010685368,0.0004993176,0.99394166,0.00076584273,0.00047901817,0.0006483773,0.00031018475,0.00025046043,0.0005755535,0.00045352525,0.00051090907
syn-0188,0,0,2,10,10,0.00083617825,0.0006572859,0.0005128956,0.00047204035,0.00034857096,0.00035440607,0.000827042,0.0003875321,0.0006545636,0.00055403105,0.99343103,0.0009644419
syn-0193,0,0,2,11,11,0.0053128665,0.015089982,0.0033704739,0.0044088243,0.07178296,0.0053650043,0.0063153496,0.0029340435,0.0061450033,0.0184129,0.15405644,0.70680624
syn-0197,0,0,2,11,11,0.0008236301,0.0011142845,0.0008801812,0.0006774996,0.0023884953,0.00080927875,0.0007208426,0.0006135661,0.0006129672,0.0010133297,0.0002882756,0.99005765
syn-0210,0,0,2,0,0,0.9889176,0.0006231189,0.00045923478,0.00061196246,0.0036262989,0.001999701,0.0006447851,0.0008190744,0.00037554928,0.0005178465,0.00046238484,0.0009425186
syn-0218,0,0,2,8,8,0.00024546162,0.00038297308,0.0003567959,0.0002367507,0.00055019313,0.00053015,0.0015994387,0.00065464794,0.9933164,0.00033780755,0.0015566767,0.00023262542
syn-0225,0,0,2,7,7,0.00061186176,0.00036287025,0.00069842685,0.00031250837,0.0006142565,0.0020368157,0.00018587976,0.98778963,0.0018324885,0.003307693,0.0005973962,0.0016500679
syn-0239,0,0,2,6,6,0.0004216058,0.000347821,0.0005919524,0.0007926791,0.00036522592,0.0008286444,0.9946877,0.00016745772,0.00031285224,0.00019712084,0.000794253,0.0004927868
syn-0240,0,0,2,6,6,0.002896347,0.0015453901,0.0014717443,0.0049307626,0.14593014,0.0057404195,0.82998633,0.00054301304,0.0024695266,0.0017528674,0.0012887025,0.0014446884
syn-0242,0,0,2,0,0,0.9936319,0.0006736666,0.000518793,0.00045560312,0.0011230609,0.0006267011,0.00045984957,0.0005734109,0.0005300595,0.0005584893,0.00039602816,0.00045249928
syn-0247,0,0,2,3,3,0.0003400723,0.0013228671,0.0006154908,0.99316335,0.0009694264,0.0003129835,0.0006821183,0.00032800384,0.0002708646,0.0007522762,0.0005028397,0.00073970977
syn-0261,0,0,2,5,5,0.0006302893,0.00062691304,0.00028464908,0.00046907787,0.0029059025,0.9900928,0.002301004,0.00045154855,0.0006315216,0.00024323561,0.0005212541,0.00084175216
syn-0262,0,0,2,10,10,0.000357994,0.00032278956,0.0003853865,0.00039394814,0.0003205905,0.00036398685,0.0005221514,0.0004140654,0.00049015676,0.00043129636,0.9956791,0.00031856194
syn-0263,0,0,2,0,0,0.98473686,0.0033444955,0.00085017504,0.0006660079,0.0036321888,0.0011440355,0.0006758357,0.00065568247,0.0018546876,0.0009944408,0.00069389265,0.0007517436
syn-0278,0,0,2,9,9,0.00040573106,0.00070018513,0.00034925007,0.0006247372,0.00043337716,0.0002810417,0.00021887546,0.0005253114,0.00048417592,0.99488056,0.0006264172,0.0004701968
syn-0280,0,0,2,0,0,0.99382764,0.0006562653,0.00051561184,0.00044188843,0.0009022797,0.0006351431,0.0005146058,0.0005483302,0.0004836635,0.0005103518,0.0004519259,0.0005123493
syn-0282,0,0,2,7,7,0.0015238863,0.00053684786,0.0006167024,0.00036077475,0.00063908094,0.010269017,0.00046234007,0.9811267,0.0011047722,0.0013458513,0.0005331905,0.0014807472
syn-0288,0,0,2,9,9,0.000495832,0.00052038924,0.00044272817,0.00052961754,0.00035975972,0.00023871733,0.00023662842,0.0005257527,0.00072593667,0.9947444,0.0008796241,0.00030059053
syn-0290,0,0,2,0,4,0.33846852,0.002905538,0.0018325,0.0029948438,0.6225389,0.015358326,0.002245226,0.0016555258,0.0040378817,0.00219965,0.002590556,0.0031724663
syn-0291,0,0,2,1,1,0.00049509626,0.99423873,0.00039472512,0.0006783705,0.000406262,0.0005290899,0.00038520497,0.00036702713,0.00033255425,0.000638516,0.0005544815,0.0009799402
syn-0293,0,0,2,0,0,0.4056489,0.010446931,0.0033685162,0.004997829,0.27988932,0.01705357,0.0074043674,0.0043126075,0.2528589,0.0065887966,0.0028035278,0.0046267523
syn-0301,0,0,2,3,3,0.0009196055,0.0029677982,0.0006283425,0.9812681,0.0049495418,0.0028506217,0.0030042483,0.00026398647,0.0005053807,0.00073317345,0.0009727208,0.00093637046
syn-0322,0,0,2,2,2,0.0010931108,0.00041950698,0.99312466,0.00094283815,0.0003508537,0.00022875119,0.00085324026,0.0008515754,0.00043240108,0.00037275304,0.0003090231,0.0010213039
syn-0323,0,0,2,7,7,0.0005020906,0.00030948015,0.00058829464,0.00030216345,0.00027298194,0.0014289272,0.00017625038,0.99410784,0.0008147373,0.0006099401,0.00037715185,0.0005102465
syn-0329,0,0,2,8,8,0.00035691843,0.0003469522,0.00032945146,0.00021881997,0.00058989745,0.00034391615,0.00040721576,0.00063674204,0.99462837,0.0010123462,0.0006537545,0.00047561878
syn-0330,0,0,2,0,0,0.95111114,0.0027331589,0.0005534478,0.0011924264,0.012304619,0.025445456,0.0011574335,0.0013192515,0.000635151,0.0015066325,0.00093960937,0.0011017377
syn-0334,0,0,2,6,5,0.0035178137,0.0053929137,0.0020319817,0.007150557,0.03135393,0.5921833,0.3460928,0.0013287078,0.0019070068,0.0020740833,0.001640735,0.0053261817
syn-0335,0,0,2,3,11,0.00072034006,0.001431169,0.00083867484,0.0007512328,0.001669126,0.00074720866,0.00070502906,0.00048931414,0.00019866847,0.001262771,0.000368633,0.9908178
syn-0349,0,0,2,5,5,0.0006576519,0.0005886525,0.00025603562,0.0004370224,0.00085000077,0.99349904,0.00048373968,0.001222671,0.0004469494,0.0002955598,0.0004894419,0.0007732026
syn-0359,0,0,2,4,4,0.0005446652,0.0005597638,0.00039868013,0.0007404811,0.9920169,0.00066538545,0.0010353607,0.00035563385,0.0016727789,0.0006771851,0.00048372612,0.00084938045
syn-0367,0,0,2,4,4,0.00053816003,0.00046664925,0.00026189434,0.0007942817,0.99366164,0.0007678733,0.00038686578,0.00027339288,0.0014206349,0.00056785543,0.0004689334,0.00039180848
syn-0384,0,0,2,1,1,0.0007402616,0.99366164,0.0004700796,0.00067040534,0.00038667693,0.00070343696,0.0006056607,0.00037368375,0.00088080106,0.0005528084,0.00035448835,0.00060006784
syn-0388,0,0,2,5,5,0.010332428,0.0028769271,0.0012098686,0.011431371,0.0053787455,0.91455853,0.014978638,0.02653335,0.0029871517,0.0018269011,0.0027411648,0.0051449807
syn-0393,0,0,2,2,2,0.0006242272,0.0004467691,0.9940685,0.00075618573,0.00026277028,0.00023669869,0.00071515614,0.0006830735,0.0004450273,0.0005274518,0.0003642864,0.0008698334
syn-0407,0,0,2,6,6,0.0004807669,0.0006201871,0.0005922203,0.0021588602,0.00054451433,0.0008724713,0.9927112,0.0001635727,0.00030351215,0.00030203376,0.00076135463,0.0004892926
syn-0409,0,0,2,10,10,0.0003525991,0.00058790314,0.00036272756,0.0004977303,0.000287783,0.00028806418,0.00057526666,0.00032340517,0.0007473641,0.0014318163,0.9941742,0.0003711481
syn-0411,0,0,2,2,2,0.0004719737,0.00043992786,0.99426126,0.0006732709,0.00027949866,0.00018819705,0.00061707443,0.0007610556,0.0004208082,0.00063356134,0.00039608552,0.00085727224
syn-0414,0,0,2,5,4,0.0012305119,0.0010397427,0.00046454783,0.0018822714,0.922474,0.06604528,0.00081371603,0.00061123323,0.0015336418,0.001222129,0.0013794545,0.0013034929
syn-0417,0,0,2,7,11,0.011544418,0.006434855,0.009408486,0.0065489677,0.17717874,0.09784739,0.031246714,0.1947829,0.06093308,0.014881343,0.0070811226,0.38211197
syn-0423,0,0,2,9,9,0.00044850333,0.00057927397,0.0005027907,0.000694147,0.0004036093,0.0002684682,0.00030243705,0.0010599022,0.0007569927,0.9940367,0.0006314111,0.00031571562
syn-0431,0,0,2,3,3,0.00044451948,0.00066828093,0.0005356695,0.9943897,0.00077427377,0.0004432191,0.00061640126,0.00043784158,0.00027546988,0.00054663484,0.00041616254,0.00045174017
syn-0433,0,0,2,5,5,0.0022530155,0.0009797146,0.00085452216,0.0009617039,0.006508185,0.9056089,0.0008637511,0.07565516,0.0022464248,0.0015480957,0.00057313906,0.0019474438
syn-0436,0,0,2,6,6,0.0004301052,0.00038068014,0.00056979683,0.0005811769,0.00044138113,0.00047145644,0.9951133,0.00015343363,0.00046031037,0.00029705363,0.00065383373,0.00044745707
syn-0440,0,0,2,1,1,0.0012233322,0.99124944,0.0005045736,0.00072950486,0.0005904826,0.0009678537,0.0007108683,0.0003887636,0.0020300252,0.0006713954,0.00040901534,0.00052467355
syn-0450,0,0,2,10,10,0.00037530367,0.00037898668,0.0003840162,0.00036966556,0.0003425532,0.0003985345,0.00048603493,0.00040382342,0.00045491854,0.00044416345,0.99553573,0.00042631433
syn-0451,0,0,2,8,8,0.00067488494,0.00065093476,0.00037820658,0.00030182724,0.0008610862,0.00371128,0.00058577786,0.008326825,0.98143274,0.0018977358,0.0006284479,0.0005502874
syn-0458,0,0,2,6,6,0.00045910798,0.00029569954,0.0006839645,0.00066417665,0.00034118007,0.00062806264,0.99494004,0.00028913192,0.00038005674,0.00025071204,0.0005803668,0.00048752618
syn-0461,0,0,2,2,2,0.0005185561,0.00038971033,0.99463415,0.0004989341,0.00026472326,0.00018918917,0.00071950455,0.00066300057,0.00046324462,0.0004160616,0.00048618787,0.00075680076
syn-0463,0,0,2,11,11,0.00047336132,0.0008475743,0.00090903696,0.00038203166,0.0004798775,0.0005395407,0.00052833057,0.0009969813,0.00025887447,0.0005070992,0.00029535533,0.99378186
syn-0472,0,0,2,8,8,0.00023505399,0.00026609105,0.00030821923,0.00023368074,0.00037087678,0.00034334007,0.00064860884,0.0005218721,0.99587566,0.00031170016,0.0006847331,0.00020026849
syn-0476,0,0,2,7,7,0.00050897384,0.0003593339,0.000562558,0.0003703785,0.00033921524,0.0037406904,0.00023428016,0.99066037,0.0011362596,0.0010853191,0.00045092584,0.00055167713
syn-0478,0,0,2,2,2,0.0006639079,0.0004924118,0.99174917,0.0007493733,0.00029103295,0.0002570866,0.001087673,0.0016379808,0.00056648575,0.00049049204,0.0006756813,0.0013386775
syn-0488,0,0,2,10,10,0.00034337223,0.00030125462,0.00035809822,0.00032319903,0.0004907785,0.00032941267,0.00050376804,0.00028928966,0.0006781837,0.00049486925,0.9954828,0.00040498667
syn-0492,0,0,2,6,6,0.00039338518,0.0003356597,0.0006182022,0.0005893169,0.00034851997,0.00048802438,0.9952276,0.00023375684,0.0004114597,0.00028445368,0.00065008854,0.00041957502
syn-0493,0,0,2,8,8,0.00022608959,0.00025997352,0.00032687694,0.00021594697,0.0004461338,0.0003326736,0.00041746994,0.00068997405,0.9960536,0.00035000348,0.0005064005,0.00017487921
syn-0002,0,0,3,1,1,0.00054169627,0.99434763,0.0003790893,0.00060667103,0.00038449545,0.0005905954,0.0005136195,0.00031335672,0.000331294,0.0005769143,0.0005641007,0.000850545
syn-0005,0,0,3,11,11,0.00043131702,0.000969973,0.00084385945,0.00047209274,0.00074889685,0.00086008303,0.00068054785,0.0005598034,0.00027658202,0.0006664079,0.0009189126,0.99257153
syn-0025,0,0,3,8,8,0.00030752033,0.00027512157,0.00033495305,0.00020049851,0.0003696746,0.00035274596,0.00047862818,0.0006218151,0.99604625,0.00042820233,0.0003977666,0.00018688515
syn-0027,0,0,3,4,4,0.00096110394,0.00040964843,0.00027691145,0.0007168522,0.9908466,0.002237363,0.000664925,0.0004017251,0.0020114435,0.00047892754,0.0003240586,0.00067046745
syn-0033,0,0,3,5,5,0.0006182389,0.0007282856,0.00025715464,0.00057275547,0.00072615506,0.99298084,0.0006555461,0.0012611327,0.0006944262,0.00043828998,0.00044737113,0.00061975006
syn-0035,0,0,3,9,9,0.0032748252,0.09505243,0.0015125601,0.0044630608,0.00826715,0.0027069834,0.0030674138,0.0011733904,0.003362322,0.71480286,0.156104,0.00621301
syn-0040,0,0,3,4,4,0.0004860291,0.00044687738,0.00024666864,0.0015677726,0.9923693,0.0016856743,0.0006198222,0.0002889487,0.00042933828,0.000642314,0.00060104573,0.0006162011
syn-0051,0,0,3,3,3,0.00062462536,0.000900432,0.00043013762,0.99179256,0.0013654735,0.00057123264,0.0006652349,0.00043862133,0.00032373506,0.0016320649,0.00066979806,0.0005862085
syn-0054,0,0,3,5,5,0.0007236834,0.00044650194,0.0002817428,0.0006083619,0.00074138783,0.9925045,0.00071089994,0.0017368741,0.00051820435,0.0003980978,0.00076585636,0.00056388037
syn-0056,0,0,3,8,8,0.00028870176,0.0004291809,0.00032348852,0.00021423088,0.0003530346,0.0002482696,0.00058290886,0.0005181968,0.9958882,0.0004925391,0.0004830125,0.00017829877
syn-0058,0,0,3,9,9,0.00037334935,0.0007365359,0.0003291581,0.00051380845,0.0005547462,0.00034970324,0.00021439651,0.00056790165,0.002202651,0.9927725,0.0010608707,0.00032437156
syn-0062,0,0,3,7,7,0.00083397614,0.00043186962,0.0008787065,0.00031442352,0.00034297412,0.002150794,0.00019371072,0.99190396,0.001382568,0.0005464678,0.00035076478,0.00066987326
syn-0064,0,0,3,6,6,0.00053535705,0.0003470054,0.0007975094,0.00081721944,0.0011411252,0.00080700865,0.9928398,0.00017844871,0.0004380138,0.00029913732,0.0009833135,0.0008160232
syn-0065,0,0,3,11,11,0.0005173913,0.00073017325,0.000780498,0.0003766878,0.000510615,0.00056963216,0.00061501766,0.0005929025,0.00026322738,0.0006117232,0.0005774736,0.9938547
syn-0067,0,0,3,5,5,0.000584547,0.0007747772,0.00030060532,0.00059375225,0.0007057872,0.9928523,0.000692136,0.00120396,0.0005173744,0.00043887564,0.00073785504,0.000598117
syn-0068,0,0,3,10,9,0.0070412145,0.0038357263,0.0024429024,0.006271766,0.07511109,0.0119453855,0.008883562,0.0021100307,0.11475465,0.7112436,0.0502306,0.006129473
syn-0080,0,0,3,3,3,0.00040437042,0.00083795894,0.00056858547,0.99348277,0.0010630034,0.0004178181,0.00073508604,0.00030463925,0.0003828502,0.00077337876,0.0006168925,0.00041274878
syn-0100,0,0,3,2,2,0.00047639827,0.00039533392,0.9948002,0.0005518227,0.00025512217,0.0001992723,0.00073610584,0.0006239246,0.00040947957,0.00038111824,0.00042850277,0.0007428307
syn-0112,0,0,3,4,4,0.0012353596,0.0005806293,0.00044736295,0.00067354174,0.9871616,0.0013440839,0.0008682296,0.0004491139,0.0054820236,0.00065954746,0.00044474937,0.000653776
syn-0117,0,0,3,6,6,0.0028238317,0.002047881,0.0021398827,0.065601766,0.41705245,0.004919813,0.48758367,0.00075484626,0.003272505,0.0047917864,0.004644359,0.004367234
syn-0123,0,0,3,10,10,0.00035982134,0.00044000216,0.00039731475,0.00044453706,0.00032954634,0.00037178752,0.00095206196,0.00024997225,0.000767043,0.0005437281,0.99491477,0.00022938741
syn-0124,0,0,3,6,6,0.0009662977,0.0011661468,0.0007265561,0.004470297,0.010444628,0.0011084069,0.97764856,0.00018686856,0.0010753544,0.00070282834,0.00097482797,0.000529229
syn-0125,0,0,3,9,9,0.0005830258,0.0026397102,0.00040109892,0.0011426245,0.001824572,0.001029758,0.0012210781,0.00039142504,0.004572438,0.97873163,0.006911126,0.000551459
syn-0135,0,0,3,0,0,0.99405354,0.0006723091,0.0006139405,0.00043006692,0.00066985155,0.000620571,0.0004636529,0.0005953421,0.00046980593,0.00048542977,0.000496214,0.00042922777
syn-0142,0,0,3,4,4,0.0010635472,0.00053075294,0.00034807625,0.0058016535,0.9871891,0.0011132282,0.00056553556,0.00041456358,0.00088624365,0.0009826602,0.00055622426,0.00054840354
syn-0145,0,0,3,2,2,0.005095861,0.0044935145,0.89227366,0.076159924,0.00302898,0.0021573282,0.002731116,0.002658747,0.0012875707,0.0026035055,0.0019633109,0.0055464646
syn-0149,0,0,3,8,8,0.0004071352,0.0005737323,0.00031831823,0.00020512067,0.00033490028,0.00031956407,0.00042521817,0.000512911,0.9954032,0.000562498,0.0006590733,0.0002784567
syn-0150,0,0,3,3,3,0.00085001974,0.043342985,0.001165817,0.9449917,0.0020661517,0.0009030758,0.0016162076,0.00058022945,0.00072777073,0.0019329309,0.00078002195,0.0010429925
syn-0152,0,0,3,3,3,0.0013468014,0.0011931998,0.0007007614,0.9667155,0.02282395,0.0011089308,0.0009629856,0.0005022809,0.0006023268,0.0021317876,0.0011357829,0.0007756721
syn-0159,0,0,3,11,11,0.0005127562,0.00073448935,0.00087735336,0.00033990553,0.00042821467,0.00064032024,0.00062183297,0.00068378414,0.00027959864,0.0006112963,0.0006242668,0.99364614
syn-0162,0,0,3,9,9,0.00043097677,0.00067785615,0.00036168052,0.00044162822,0.00047891494,0.00024317675,0.0002593664,0.00057360606,0.000942816,0.9946984,0.0004857447,0.00040585487
syn-0168,0,0,3,1,1,0.00094493997,0.9917001,0.0003611189,0.0010767868,0.000862902,0.0013132009,0.00066549785,0.00031620628,0.00071887247,0.0010990972,0.0003527536,0.000588448
syn-0170,0,0,3,6,6,0.0005906647,0.00036818747,0.00085836364,0.0009150628,0.0017754949,0.0007435776,0.99252385,0.00018441452,0.00061000977,0.00033720856,0.0005832134,0.0005099312
syn-0174,0,0,3,10,10,0.00037167073,0.0003464352,0.0004028542,0.0003632383,0.0003493229,0.0003145101,0.0004998935,0.0003758683,0.0005906746,0.00052734866,0.995574,0.00028427492
syn-0177,0,0,3,8,8,0.0002484022,0.0005256108,0.00036586204,0.00021019952,0.00026210895,0.00028065318,0.0006272335,0.0008726897,0.9954476,0.0004476074,0.00050584535,0.00020613389
syn-0182,0,0,3,6,6,0.00044422894,0.00047172615,0.00065532676,0.0005701228,0.00037978363,0.0006286081,0.9947107,0.00021841109,0.0005641689,0.00033141495,0.0005224082,0.00050313154
syn-0184,0,0,3,2,2,0.00050527585,0.0004448171,0.9945697,0.000647363,0.0002712482,0.00019328525,0.00073150184,0.00063082494,0.00042569276,0.00041118774,0.0004945361,0.00067454943
syn-0190,0,0,3,3,3,0.0024717553,0.09654097,0.0013690378,0.85710573,0.020878451,0.008635703,0.002825591,0.00084922515,0.0008891117,0.004783664,0.0008676676,0.002783143
syn-0198,0,0,3,0,0,0.8705999,0.028873742,0.0022748564,0.011434819,0.047372874,0.010579029,0.006408091,0.0012489554,0.0030641446,0.011181699,0.0029381388,0.0040238104
syn-0201,0,0,3,0,0,0.993933,0.00055322936,0.00049882586,0.0004243829,0.001022697,0.00066569477,0.00043871027,0.00062750356,0.0005608451,0.00041862024,0.00040042665,0.0004561865
syn-0204,0,0,3,1,1,0.00067289185,0.9939441,0.00041415202,0.00060612883,0.00034000748,0.0007690297,0.0005786546,0.00042939017,0.0007203231,0.0005658024,0.00043318074,0.0005263568
syn-0205,0,0,3,2,2,0.0004793457,0.00043199677,0.9946213,0.00061910896,0.0002472284,0.0001736075,0.0007278876,0.0005864469,0.00042884427,0.00043623618,0.00050727976,0.0007407504
syn-0206,0,0,3,8,8,0.0020492107,0.001687282,0.0017769114,0.0012404842,0.009099118,0.0024669974,0.003363763,0.0012600189,0.49076748,0.0047797044,0.47939885,0.0021101346
syn-0215,0,0,3,10,10,0.00043432764,0.0006288648,0.00033627852,0.00056123897,0.0011490601,0.00056757743,0.0013622126,0.00025408433,0.0018245742,0.0028046486,0.9897864,0.00029074078
syn-0221,0,0,3,11,11,0.0010894466,0.0020715115,0.00088398566,0.0006268397,0.00067250076,0.001272449,0.0015040773,0.0006129172,0.0010415897,0.00071797374,0.0029076913,0.98659897
syn-0228,0,0,3,6,3,0.004051788,0.0023347123,0.003936727,0.53301674,0.2435567,0.0035914383,0.19418031,0.0012100504,0.0024348397,0.0044652545,0.003433674,0.0037877623
syn-0244,0,0,3,3,3,0.00033967913,0.0007758267,0.000603772,0.9939545,0.0008284885,0.00052277633,0.0007622152,0.00032475774,0.0003501196,0.0005202299,0.00062935817,0.00038830473
syn-0251,0,0,3,10,10,0.0003855143,0.00051800685,0.0003904397,0.000584833,0.00053549494,0.00048662233,0.0013551377,0.00028817347,0.00094502856,0.0007459156,0.9935806,0.00018425065
syn-0257,0,0,3,4,4,0.0017560242,0.0016387937,0.00048018756,0.0020088726,0.93326294,0.053584784,0.0015350006,0.00071873807,0.001614963,0.0012620407,0.00070690445,0.0014307777
syn-0258,0,0,3,3,3,0.0037004193,0.0051879403,0.001752227,0.57582825,0.09529538,0.29353043,0.0100944545,0.0017902796,0.0019300912,0.003870439,0.0033251424,0.0036950028
syn-0292,0,0,3,11,11,0.00054420374,0.00082677836,0.00090881466,0.00037843428,0.00046548215,0.00058441586,0.00066045386,0.0007376895,0.00027364286,0.0006362387,0.0003843938,0.9935994
syn-0300,0,0,3,10,10,0.00040720523,0.00029603264,0.00042977955,0.00040050078,0.00032671966,0.0002915854,0.0005416368,0.00042013128,0.00059829437,0.00043622797,0.99557436,0.00027755427
syn-0303,0,0,3,7,7,0.0048582326,0.0009800463,0.0016541415,0.0012376853,0.006262509,0.46224478,0.0018725583,0.50767654,0.0046984255,0.0026888722,0.002897444,0.0029287364
syn-0306,0,0,3,5,5,0.00076895807,0.00064895203,0.00025719168,0.000369852,0.002050817,0.9911861,0.0005762043,0.0016531161,0.00095803576,0.00030482674,0.000650856,0.00057508
syn-0310,0,0,3,10,10,0.0004010512,0.0004024243,0.0003950263,0.00038738578,0.00031432792,0.00029370197,0.00044915604,0.00041438846,0.00054710236,0.00054884155,0.9954833,0.00036320518
syn-0312,0,0,3,11,11,0.0006908255,0.00085534964,0.00077255536,0.00032744015,0.0006280831,0.0007699193,0.0007375375,0.00082037563,0.00089552376,0.0005842955,0.00049298804,0.9924251
syn-0324,0,0,3,7,7,0.0010258864,0.0022965411,0.00078542304,0.00045147116,0.00046398642,0.004190347,0.00054992235,0.96935534,0.014420105,0.002958733,0.0010569021,0.002445327
syn-0327,0,0,3,1,1,0.0006553062,0.99383,0.00037411222,0.0005757699,0.00041694497,0.00060310715,0.0005138537,0.00033666455,0.0010077975,0.00057858817,0.00042934087,0.00067842274
syn-0339,0,0,3,7,7,0.0008603453,0.0003746203,0.0010148488,0.00038182255,0.00023696327,0.0013834138,0.00023420257,0.99323785,0.0006568373,0.00043393107,0.0005143004,0.00067077414
syn-0340,0,0,3,9,9,0.00047417532,0.0006949927,0.00034573037,0.00052898075,0.00058296084,0.00028550313,0.00023692164,0.00040896432,0.0005959118,0.99403363,0.0013892625,0.00042297764
syn-0341,0,0,3,8,8,0.00036349677,0.00033048313,0.00034651248,0.00023411887,0.00043653825,0.00029108126,0.0004583825,0.0005152475,0.9957961,0.0006248543,0.00040353474,0.00019966665
syn-0351,0,0,3,11,11,0.00055492466,0.0010128435,0.0008081995,0.00044829588,0.0007385738,0.00085113157,0.00047650994,0.0006589893,0.00024540612,0.0007487408,0.00036446197,0.9930918
syn-0355,0,0,3,5,5,0.002244342,0.002024626,0.0005166768,0.0012309994,0.021991123,0.9553934,0.0022041586,0.0007350633,0.0012837923,0.0010498493,0.010347372,0.0009785672
syn-0360,0,0,3,0,0,0.99192715,0.00057691673,0.00041900115,0.00054888736,0.002812087,0.0008781908,0.0004133116,0.00056908285,0.00036084902,0.00047898188,0.00044930322,0.0005663109
syn-0364,0,0,3,4,4,0.0011872649,0.0007706842,0.00030461722,0.0010289984,0.9713468,0.018681087,0.0006342571,0.0005017387,0.0019956196,0.0011878448,0.0011158768,0.0012451545
syn-0375,0,0,3,8,8,0.00021830162,0.00040249957,0.0003013111,0.0001977977,0.00038033538,0.00024882183,0.0006230993,0.0005105492,0.9951834,0.0010877153,0.00062112475,0.0002250114
syn-0376,0,0,3,5,5,0.00064735056,0.00066513335,0.00032061824,0.0005280942,0.0005371968,0.99188316,0.0019194654,0.0013667657,0.0005464563,0.00033273973,0.0007082037,0.0005448577
syn-0385,0,0,3,5,4,0.0035537377,0.0020397436,0.0008395652,0.001856301,0.5875199,0.38984674,0.002129299,0.002446026,0.0025484373,0.0022832893,0.0012677431,0.003669232
syn-0392,0,0,3,1,1,0.0004724154,0.9942204,0.0005327093,0.0007302636,0.000426167,0.0004356347,0.0004630519,0.00036702034,0.0003550342,0.0007164888,0.00049532886,0.0007855653
syn-0405,0,0,3,8,8,0.00027004888,0.00038853078,0.0003129564,0.00021656697,0.00034237534,0.00026508438,0.00042859692,0.0005489874,0.99599105,0.00055695244,0.0004746453,0.0002042421
syn-0410,0,0,3,10,10,0.00039846526,0.0003988546,0.00038942494,0.0003839495,0.0002984367,0.00038189278,0.00048940326,0.00037578854,0.00047272735,0.00047318925,0.99536276,0.00057511136
syn-0418,0,0,3,0,0,0.992994,0.0005144252,0.00048704803,0.00054281094,0.0016169774,0.0008994344,0.0006135856,0.0005492095,0.0003630053,0.00042709865,0.0005333528,0.0004588817
syn-0420,0,0,3,2,2,0.00055650773,0.0004305611,0.99422437,0.0005908106,0.0002773133,0.00019664459,0.0008133795,0.00080116023,0.00042471458,0.00046759794,0.00046373258,0.00075307995
syn-0422,0,0,3,1,1,0.0005619436,0.99442214,0.0004557429,0.000647425,0.00037543342,0.0005225118,0.0004906148,0.0003455279,0.00032332793,0.0005513437,0.00053411984,0.0007697754
syn-0428,0,0,3,8,1,0.0010987894,0.98852205,0.00048532832,0.0007106452,0.0006887809,0.00096048927,0.00068108883,0.00046856244,0.004398097,0.00065435737,0.00084887136,0.0004829643
syn-0429,0,0,3,2,2,0.0010539321,0.0010272583,0.9883471,0.0006134039,0.00032993857,0.00033220171,0.0011262959,0.0022952652,0.0008388333,0.0009447387,0.0008142169,0.0022768474
syn-0430,0,0,3,1,1,0.0035635754,0.88268775,0.0008435354,0.014879191,0.06469541,0.018017976,0.0029213154,0.00045151194,0.0009264423,0.0034844268,0.0023019412,0.005226915
syn-0435,0,0,3,10,10,0.00038177066,0.00037056723,0.00037038632,0.00039273707,0.00038457708,0.0003603958,0.00057024445,0.00038949054,0.00049260264,0.00045971698,0.9955304,0.00029717814
syn-0445,0,0,3,6,6,0.0006346024,0.00049664796,0.0006861688,0.0006111858,0.00055839634,0.00093605154,0.9900767,0.00028270524,0.0042445427,0.0004856171,0.00054813095,0.00043914717
syn-0447,0,0,3,7,7,0.00058159546,0.00041646019,0.00079136435,0.0003722204,0.00023441283,0.001245447,0.00025495017,0.99315923,0.0008569233,0.00055496226,0.0005021016,0.0010302457
syn-0464,0,0,3,4,4,0.0053783986,0.0005797557,0.0003530159,0.00085369137,0.9885684,0.0008580795,0.0004818093,0.00037615065,0.00069184694,0.0005903251,0.00057356124,0.00069489394
syn-0469,0,0,3,9,9,0.00041076183,0.0006092938,0.0003800781,0.00048140308,0.00043896504,0.00025269258,0.00019488469,0.0006149728,0.00054951117,0.99499595,0.00049017934,0.00058125023
syn-0474,0,0,3,0,0,0.9927592,0.0006678371,0.00042574853,0.00063974876,0.001628479,0.0009877224,0.00040093137,0.00052036607,0.0004494606,0.0007567585,0.00029911305,0.0004646346
syn-0477,0,0,3,7,5,0.026330872,0.091881335,0.0077890935,0.004926933,0.08631452,0.5035433,0.005615755,0.044020616,0.038129233,0.017179899,0.06705791,0.10721056
syn-0485,0,0,3,10,10,0.00044426954,0.00038485884,0.0004891273,0.0004102807,0.000552093,0.00036580316,0.0013654429,0.00034532236,0.0047903615,0.00068291,0.989956,0.00021357958
syn-0007,0,0,4,6,6,0.0014934825,0.00095349626,0.0006562884,0.000953962,0.0032804345,0.0035236913,0.98084587,0.00020510342,0.0054789605,0.0007257359,0.0011223964,0.00076056476
syn-0014,0,0,4,0,0,0.9909223,0.001569409,0.00057943614,0.0006213408,0.0009887873,0.0009279731,0.00072677573,0.0006326682,0.00041939504,0.00082555786,0.0006150021,0.0011713507
syn-0019,0,0,4,0,0,0.9836543,0.0007946773,0.000639165,0.00092861836,0.0023597595,0.001105997,0.0008364825,0.00058595825,0.00060279,0.0010278868,0.007000363,0.00046398403
syn-0023,0,0,4,1,1,0.00061466073,0.993763,0.0003935742,0.0010526808,0.0008038246,0.00043992215,0.0004466318,0.00033862016,0.00046943937,0.0006905757,0.00037190152,0.00061526126
syn-0024,0,0,4,2,2,0.00060150726,0.00037012572,0.993859,0.000602536,0.00033651,0.00023990644,0.0009845408,0.00083996635,0.00048391495,0.00043377856,0.00048132276,0.00076680793
syn-0029,0,0,4,2,2,0.0005301474,0.00045434563,0.994282,0.00053665857,0.00024618054,0.00018930697,0.0009257925,0.0006490746,0.0004397223,0.00040252792,0.0006254293,0.00071872317
syn-0036,0,0,4,5,5,0.0007900329,0.00062779663,0.00023625726,0.0004211741,0.0031181634,0.99124616,0.00080473034,0.00047008315,0.00035087467,0.00042282254,0.00077882974,0.00073307316
syn-0043,0,0,4,9,9,0.0004312919,0.00052894617,0.00045531266,0.000412749,0.0004355244,0.00042919107,0.00043171324,0.0008958223,0.0007998794,0.99154484,0.0028776643,0.0007571256
syn-0061,0,0,4,4,4,0.0022003339,0.009405041,0.0025177728,0.0031166342,0.5373534,0.003854171,0.0053418498,0.0013384856,0.0029928505,0.0023861085,0.007719867,0.4217735
syn-0074,0,0,4,5,5,0.0036564686,0.0015697505,0.00024737208,0.001083492,0.004344284,0.98264486,0.001889959,0.00070814684,0.00093860034,0.0013053464,0.0007147471,0.00089693157
syn-0075,0,0,4,7,7,0.00080214906,0.00047933598,0.00062243064,0.00038403054,0.0004632293,0.0019200321,0.00031744115,0.9916916,0.0010414213,0.00067696295,0.00041849277,0.0011829335
syn-0082,0,0,4,1,1,0.0036126454,0.45860544,0.003403723,0.008506968,0.004439292,0.11732045,0.22658317,0.0028858827,0.009518052,0.008937017,0.13689387,0.019293414
syn-0083,0,0,4,0,0,0.99301445,0.0007123079,0.0005691506,0.00056970667,0.0012173103,0.00081348117,0.0004988518,0.000522027,0.0005261213,0.0004231634,0.00055678125,0.00057670375
syn-0095,0,0,4,11,11,0.00056478486,0.0014935604,0.0010334861,0.0004650333,0.0014488238,0.0005872833,0.00069063867,0.0005956585,0.0003604042,0.00053603464,0.0015197681,0.99070436
syn-0102,0,0,4,1,1,0.001209036,0.9879518,0.00068469613,0.0010233436,0.0007105822,0.00065846584,0.00084713986,0.00088866235,0.0042686514,0.0007331384,0.0005249747,0.00049946894
syn-0105,0,0,4,4,4,0.0018927369,0.0005737396,0.00029591323,0.001036881,0.9908091,0.0016731916,0.0004994481,0.000244842,0.00034833065,0.00073274993,0.0007639883,0.0011291015
syn-0106,0,0,4,10,10,0.0004717588,0.00071724196,0.00080445036,0.0009354598,0.00041067248,0.0002957963,0.004586543,0.0004653529,0.0066995,0.001553117,0.9827101,0.0003498973
syn-0107,0,0,4,10,10,0.0002605652,0.00032554782,0.0002884194,0.0003340826,0.0004227326,0.00089996436,0.00094638375,0.00024004391,0.0008947065,0.0006204264,0.9944285,0.0003386815
syn-0108,0,0,4,8,8,0.00047730553,0.0007593875,0.00055260374,0.00033582636,0.001256305,0.0009263412,0.0009779338,0.00066396856,0.9778942,0.0008504737,0.014761791,0.0005440364
syn-0113,0,0,4,11,11,0.0006815174,0.0014301472,0.00082106405,0.00036550313,0.00054654607,0.0007844217,0.0008093219,0.0005151904,0.0009802887,0.0006085265,0.00041134772,0.9920461
syn-0119,0,0,4,6,6,0.00042673643,0.00033675312,0.00061561493,0.0006702861,0.00039216943,0.00067389593,0.9936062,0.000187157,0.00043345656,0.00037220612,0.0019218612,0.000363584
syn-0122,0,0,4,3,3,0.00035598365,0.0006891985,0.0006116404,0.9939628,0.0006722478,0.0005518969,0.00071420777,0.0005064491,0.0004434617,0.00061885023,0.0004219162,0.00045132582
syn-0127,0,0,4,11,11,0.009971508,0.01834489,0.0025378664,0.0071699447,0.020187309,0.007554504,0.018434685,0.0013334493,0.01064316,0.0040475857,0.07467607,0.825099
syn-0136,0,0,4,6,6,0.0006786788,0.0025200592,0.0007567513,0.0022039455,0.002326126,0.0013392103,0.9811839,0.00014720521,0.0007934559,0.0020525954,0.0054381955,0.00055990386
syn-0138,0,0,4,4,4,0.0005173317,0.0012942369,0.0006937706,0.0013213754,0.9869703,0.0010813753,0.0017088914,0.00045788314,0.00070504,0.0006526925,0.001973837,0.0026233816
syn-0156,0,0,4,6,6,0.00054474775,0.0007139627,0.0005226013,0.000757786,0.00069998245,0.0009468333,0.99362177,0.00020535433,0.00066499907,0.00031558383,0.00067168905,0.00033462758
syn-0161,0,0,4,2,2,0.00046151405,0.0003766768,0.9947968,0.0006222492,0.00029681416,0.00017758233,0.0007724662,0.0006485393,0.00036795106,0.00038167564,0.00041735056,0.00068049337
syn-0176,0,0,4,10,10,0.0003243596,0.00045209125,0.00030411308,0.00037278913,0.00054960314,0.00031684584,0.00064861926,0.00023305776,0.0006702715,0.00066278613,0.99516255,0.00030307542
syn-0185,0,0,4,7,7,0.0044386797,0.0008737079,0.0034990902,0.00088746677,0.0010799393,0.0042302506,0.0012490866,0.9637676,0.0036504343,0.01033663,0.0010841661,0.004902986
syn-0189,0,0,4,10,10,0.00039904454,0.00056343037,0.00036297954,0.0003867672,0.00046630262,0.0007138094,0.000496619,0.00027439298,0.0005493046,0.0006222917,0.9943791,0.0007860265
syn-0192,0,0,4,5,5,0.00060536957,0.00081560883,0.0002862357,0.0005861715,0.0004446313,0.9926991,0.000840575,0.0013145237,0.0005555184,0.00041181952,0.0005522729,0.0008882577
syn-0194,0,0,4,1,1,0.0013424689,0.98525363,0.00067355414,0.0009424717,0.0007375905,0.00078286405,0.0007782904,0.0009862562,0.0064721503,0.0009037148,0.0005633255,0.0005638758
syn-0195,0,0,4,4,4,0.0018877551,0.001871236,0.00070747215,0.0022715146,0.61194247,0.36540753,0.003010003,0.00096322974,0.00609226,0.002127648,0.0019419811,0.0017768487
syn-0200,0,0,4,5,5,0.0019995847,0.0018711697,0.00040739484,0.0012017931,0.0012390342,0.9739154,0.0015164296,0.014788124,0.00094768405,0.00081536063,0.00040898938,0.0008889636
syn-0203,0,0,4,8,8,0.00018627784,0.0003918549,0.00030458145,0.00022912567,0.00036955436,0.00031609662,0.0007528348,0.0004722059,0.9957223,0.0004354415,0.0006202485,0.00019945702
syn-0207,0,0,4,0,0,0.99277765,0.0005765662,0.00044749802,0.00051961397,0.0008079438,0.0014717742,0.00061886734,0.0006542929,0.0006045313,0.0004815039,0.00053899555,0.00050068484
syn-0208,0,0,4,8,8,0.0002944711,0.0004021014,0.00029533508,0.00022467908,0.00042991986,0.0002985247,0.0006854185,0.0004479199,0.9956564,0.00047056348,0.00063825666,0.00015654523
syn-0209,0,0,4,7,7,0.0013611515,0.0010403239,0.002041772,0.00067860645,0.0009361902,0.013069664,0.0006693917,0.9753475,0.0017707311,0.0008189554,0.0009960828,0.0012696622
syn-0211,0,0,4,0,0,0.993669,0.00059977925,0.0005040793,0.0006092245,0.00093395927,0.0006155035,0.00054132653,0.00055905577,0.0003085892,0.00058331643,0.000501624,0.0005745534
syn-0217,0,0,4,6,6,0.0012782235,0.001271066,0.0008418686,0.001078608,0.0008844273,0.0009400898,0.9880563,0.00018556716,0.001030472,0.00065436854,0.0028217048,0.0009572282
syn-0219,0,0,4,0,0,0.9938658,0.00058030663,0.00054915505,0.0005766347,0.00072662474,0.00069098437,0.0005138722,0.0006123277,0.0003165875,0.00048747563,0.00055049744,0.00052966684
syn-0224,0,0,4,8,8,0.00051718723,0.00046701165,0.00028701592,0.00019707043,0.00068986154,0.00073722797,0.00080534926,0.00042688314,0.99443334,0.0004063415,0.0008126571,0.00022006275
syn-0226,0,0,4,6,6,0.00040295266,0.00053513044,0.0008015872,0.000676138,0.00036173392,0.0004348456,0.9943597,0.00018932176,0.00036492725,0.0003116819,0.0008475108,0.0007144929
syn-0229,0,0,4,7,7,0.0011142871,0.00028369002,0.0007627238,0.00042983852,0.00035202512,0.0030144225,0.00023404173,0.99061906,0.0014329795,0.0006193335,0.00043152086,0.0007060934
syn-0234,0,0,4,4,6,0.00074753334,0.00045340188,0.00080748735,0.0031564666,0.011796616,0.0010857973,0.9782658,0.00019827015,0.0010202612,0.0007457105,0.0009621982,0.00076041836
syn-0243,0,0,4,10,10,0.00037741242,0.00065891165,0.00039206372,0.00035007353,0.00030370394,0.00056435424,0.00050011225,0.00032678276,0.00049791933,0.0005618797,0.99479467,0.00067223574
syn-0250,0,0,4,11,11,0.000502369,0.0007343411,0.00079478783,0.00039086348,0.00045451793,0.0005231469,0.00047749502,0.0006791545,0.00024978598,0.00048857986,0.00053138525,0.99417347
syn-0253,0,0,4,3,3,0.00030755313,0.0007409405,0.00071840716,0.9942088,0.0005731838,0.000418532,0.00074793777,0.0005038609,0.00033417193,0.00039279065,0.0005208715,0.0005329633
syn-0255,0,0,4,2,2,0.00047268337,0.0003962939,0.9947843,0.0005354897,0.00025888268,0.00018884853,0.0007825047,0.0006118471,0.00039901223,0.00038598132,0.00046558236,0.0007184721
syn-0259,0,0,4,4,4,0.0003950421,0.0005633904,0.00036392987,0.0012904402,0.991642,0.00106016,0.0014266012,0.00024337841,0.00062483555,0.00057394156,0.0006674113,0.0011488978
syn-0260,0,0,4,11,11,0.0019631023,0.0026262093,0.0011574341,0.0012417455,0.0059719575,0.0038628518,0.002161316,0.0018595355,0.0023029568,0.0051271394,0.00987257,0.96185315
syn-0265,0,0,4,3,3,0.00059454556,0.0009869636,0.0005620804,0.9922389,0.00106508,0.000913684,0.0010700973,0.0003133035,0.00022654727,0.00085227116,0.00055852387,0.00061792776
syn-0269,0,0,4,10,10,0.00040693802,0.00034909384,0.00035929694,0.000307023,0.00040043346,0.000331647,0.0005401593,0.0003052293,0.0006739851,0.0005948443,0.9954071,0.00032428093
syn-0285,0,0,4,11,11,0.00065190694,0.00068855094,0.0007553028,0.00032477235,0.000536244,0.00060557073,0.00085107767,0.00057082885,0.0006257095,0.00076197035,0.0005991004,0.99302894
syn-0286,0,0,4,8,8,0.00045538822,0.0008369739,0.000370228,0.00028525307,0.00045317004,0.00041993317,0.0023387705,0.00038497619,0.9921937,0.0012339086,0.0007689885,0.00025871332
syn-0289,0,0,4,8,8,0.07185672,0.019467883,0.0065544425,0.004109684,0.020698173,0.23745707,0.011358288,0.16920647,0.41109112,0.013835163,0.005852458,0.0285125
syn-0299,0,0,4,1,1,0.00073766604,0.99114496,0.0003723735,0.0016395829,0.0010085161,0.0010486908,0.00043577407,0.0004899539,0.00057141745,0.0017948042,0.00030096882,0.0004553513
syn-0305,0,0,4,1,1,0.0005044667,0.993947,0.00060229533,0.0008778334,0.0003433451,0.0004103288,0.00045753137,0.00042834436,0.000386788,0.0006569855,0.000609395,0.0007756315
syn-0307,0,0,4,3,3,0.00055362104,0.0013628021,0.0004273876,0.99124277,0.0010921721,0.00049096026,0.0012819249,0.00032768943,0.00038348208,0.0017220075,0.0006988181,0.0004162659
syn-0321,0,0,4,9,9,0.00043061058,0.000781641,0.0003615497,0.0010398921,0.00047804095,0.00031106718,0.00045950306,0.00034499314,0.0008042901,0.9938532,0.0007603719,0.0003748524
syn-0326,0,0,4,1,1,0.0010365152,0.98852694,0.0006183274,0.0010080646,0.00070408627,0.0006429587,0.0008430925,0.00063237274,0.0037637476,0.00077973306,0.00065564,0.0007885392
syn-0333,0,0,4,5,5,0.0028952593,0.0011786774,0.00051191775,0.0014148311,0.08821903,0.8892422,0.0022847538,0.0009415609,0.008507563,0.0011192235,0.0026973612,0.0009877114
syn-0338,0,0,4,8,8,0.0003156699,0.00047387666,0.00036227092,0.00022915179,0.0004901142,0.00024226897,0.0007523694,0.000501982,0.9948638,0.00085724215,0.00058359024,0.0003276043
syn-0350,0,0,4,2,2,0.0005069661,0.00041967444,0.9944918,0.00071006623,0.00026313902,0.00019027373,0.0008532163,0.0006758978,0.0003981166,0.00038305199,0.00035704373,0.0007507122
syn-0352,0,0,4,8,8,0.00025255405,0.00044825207,0.0004016144,0.00025453485,0.0003323004,0.0002915408,0.000545868,0.0009903717,0.99542207,0.00043086935,0.00041700163,0.00021308761
syn-0353,0,0,4,7,7,0.00089198234,0.00049986836,0.0009189498,0.0007711929,0.0005122224,0.00683341,0.00018569588,0.98488706,0.001165781,0.0015469089,0.00054819434,0.0012388484
syn-0363,0,0,4,9,9,0.0069382656,0.002920683,0.0013628942,0.001406157,0.0027223758,0.0020419543,0.0026619104,0.0016439642,0.029685695,0.94078994,0.003125795,0.0047004
syn-0368,0,0,4,9,9,0.00050276564,0.0008562779,0.00033985625,0.00049545465,0.00064461894,0.00031462274,0.00031647165,0.00043659718,0.0011550292,0.9935021,0.000547081,0.0008890848
syn-0377,0,0,4,5,5,0.0030755585,0.0027866876,0.0013781638,0.001665633,0.0023731284,0.65575755,0.0020597973,0.31959072,0.0034554114,0.0022055279,0.0011962008,0.004455561
syn-0378,0,0,4,2,2,0.000521477,0.00045152122,0.9943931,0.00061265257,0.00026055594,0.00017890251,0.00079331547,0.0006616273,0.0004458252,0.00044452102,0.0005106422,0.0007258575
syn-0379,0,0,4,3,3,0.0008439436,0.0012009508,0.00075872574,0.987112,0.0034691326,0.0006207676,0.00078395783,0.00042229446,0.0003156668,0.0027984362,0.0012443784,0.00042978322
syn-0386,0,0,4,10,10,0.00036437396,0.00035645504,0.00032902378,0.00030134007,0.00045480125,0.00052822306,0.00047802602,0.0003069835,0.0007218411,0.0005344496,0.9952791,0.00034548808
syn-0391,0,0,4,0,0,0.9936806,0.0007843725,0.00052544696,0.0005147809,0.00071052706,0.0006071528,0.0005063053,0.000582185,0.0005244217,0.0005008956,0.0005759646,0.0004873848
syn-0399,0,0,4,8,8,0.00022731183,0.00027553248,0.00034593284,0.00020197798,0.0003803041,0.00034779587,0.0005292906,0.000675652,0.9955876,0.0004269615,0.0008234798,0.00017824495
syn-0402,0,0,4,1,1,0.0046915095,0.5909267,0.002660121,0.0056562787,0.19754946,0.007795659,0.005339591,0.0009401956,0.002879087,0.0038704537,0.008717945,0.16897298
syn-0403,0,0,4,9,9,0.0007867967,0.00089920836,0.00037438853,0.000511229,0.0005339352,0.0003217989,0.00023612386,0.00051978696,0.0013543279,0.99359316,0.00050700293,0.00036216178
syn-0408,0,0,4,4,4,0.012976717,0.001475269,0.001297478,0.002698241,0.9608749,0.0026209773,0.0018786239,0.0008500762,0.010927491,0.0012811102,0.001894283,0.0012248339
syn-0413,0,0,4,9,9,0.00058566104,0.0009357696,0.00046194074,0.00041651435,0.00055747904,0.00039782908,0.00029650886,0.0006407152,0.00057461386,0.9937736,0.0005777085,0.0007815784
syn-0432,0,0,4,6,6,0.00040973982,0.00037618203,0.00068643637,0.0009738381,0.00047950243,0.0006194627,0.9944608,0.00019765408,0.00031538797,0.00025280344,0.00066849194,0.0005597746
syn-0437,0,0,4,3,3,0.0015249858,0.0024345415,0.0018376884,0.853319,0.041907363,0.0063262936,0.008509842,0.0007981363,0.0064652585,0.004037468,0.0714262,0.0014131386
syn-0468,0,0,4,6,6,0.00037469467,0.00041474917,0.0006298746,0.00075490866,0.00039019197,0.00040533944,0.9948914,0.00019524517,0.00045196808,0.00036494416,0.00072039384,0.00040633025
syn-0473,0,0,4,10,10,0.00031419078,0.0003676851,0.00034692942,0.00030437546,0.0003664305,0.00031913852,0.00053937203,0.00029544326,0.00080290204,0.00055846706,0.9955349,0.00025012804
syn-0484,0,0,4,3,3,0.00039612135,0.00084943266,0.0006814352,0.99435115,0.0005509007,0.00039169766,0.0006839353,0.00041859192,0.0003274355,0.00048747563,0.00045950885,0.0004023594
syn-0491,0,0,4,10,10,0.00032059677,0.0003666697,0.0003874695,0.0003781244,0.00032755907,0.0003083149,0.0005634209,0.0003117969,0.0006133071,0.0004670353,0.99569845,0.00025722964
syn-0499,0,0,4,11,11,0.0007402153,0.00064783776,0.0007814415,0.00037302234,0.00058598747,0.00046947674,0.0005529088,0.00059754506,0.00025239956,0.00059087196,0.00056602067,0.9938421
syn-0005,1,0,0,11,11,0.0004172682,0.0010106739,0.00079396524,0.00050135923,0.0007285835,0.0009463162,0.000598001,0.00064596214,0.00022400287,0.0008217725,0.00065230124,0.99265975
syn-0007,1,0,0,6,6,0.0014550532,0.0011651787,0.0006668227,0.00079303246,0.0028156657,0.0018536728,0.9801815,0.00021564164,0.008155359,0.0006900086,0.0009440513,0.00106402
syn-0009,1,0,0,8,8,0.00023387352,0.00039013746,0.00027315895,0.00020720044,0.0005132018,0.00023002288,0.0007442926,0.00041590794,0.9957243,0.00038747958,0.00065551425,0.00022491394
syn-0023,1,0,0,1,1,0.0006007855,0.9943644,0.00036173564,0.00061563356,0.0006703883,0.00051312684,0.00046086314,0.00032236334,0.00042747927,0.00055185036,0.0004002094,0.00071118964
syn-0029,1,0,0,2,2,0.00046552462,0.00037607405,0.9946609,0.00050519884,0.00022467374,0.00024080447,0.00085753825,0.00065409514,0.00042718937,0.00036898023,0.0005287979,0.00069010357
syn-0034,1,0,0,0,0,0.9929254,0.0005885999,0.0004801668,0.00041090898,0.00070687383,0.001182852,0.000549708,0.0010427488,0.00029423754,0.0005961201,0.00050419423,0.00071818085
syn-0042,1,0,0,9,9,0.0003932808,0.00060838216,0.00045155964,0.0007264512,0.00044260954,0.00022761346,0.0002020486,0.00054882286,0.00046771715,0.9949635,0.00049208174,0.0004760114
syn-0065,1,0,0,11,11,0.000505496,0.00072781154,0.00078868296,0.00035392845,0.00045891295,0.0005137072,0.00064072525,0.00061889325,0.00027322775,0.00057420216,0.0005124546,0.99403185
syn-0071,1,0,0,6,6,0.0004649641,0.0003132309,0.00061110914,0.00062920083,0.00048514153,0.0007408821,0.9949196,0.00019563243,0.0003438489,0.000251197,0.0006192191,0.0004260505
syn-0073,1,0,0,11,11,0.0013637178,0.0037365,0.00091031916,0.00046290676,0.0005716135,0.00096055004,0.0007580048,0.0008296648,0.00050101057,0.00058574066,0.0012178117,0.9881021
syn-0082,1,0,0,1,5,0.0047147176,0.2891368,0.003104089,0.005776593,0.007147086,0.29197425,0.1359133,0.0030115258,0.017566552,0.0100054545,0.21782604,0.013823536
syn-0087,1,0,0,5,5,0.0033584062,0.0018921923,0.0011957238,0.0023297102,0.011377997,0.8383922,0.0069374233,0.002780141,0.027887145,0.0022143582,0.09819495,0.0034397275
syn-0112,1,0,0,4,4,0.00092128594,0.00050865824,0.00034535376,0.00066568685,0.9890798,0.0017547078,0.00071382907,0.00029597423,0.004227864,0.00047389013,0.0005222485,0.00049084664
syn-0117,1,0,0,6,6,0.0005140174,0.00041302468,0.0006927001,0.0026270188,0.008328292,0.0007330675,0.98352456,0.00017729307,0.0006369,0.00061700336,0.00096902513,0.00076712365
syn-0118,1,0,0,5,5,0.0007931694,0.0005750769,0.0002244349,0.00039044872,0.0010375232,0.9936035,0.0005868489,0.0009403037,0.00051574735,0.00032927276,0.0003623424,0.0006412314
syn-0123,1,0,0,10,10,0.0003571682,0.00043868134,0.0004023601,0.00042064156,0.0003334054,0.00038412222,0.00075737725,0.00023230031,0.0011518277,0.0004955159,0.99483854,0.00018812253
syn-0127,1,0,0,11,11,0.014365074,0.032930184,0.0040380294,0.013233726,0.05097837,0.011661627,0.05945442,0.0024659887,0.018758472,0.008180977,0.34247088,0.44146237
syn-0130,1,0,0,6,8,0.0025860935,0.0033894114,0.0026838647,0.0023500705,0.0065732594,0.0022889157,0.05518523,0.0014749514,0.9082109,0.0013534914,0.010933144,0.0029707674
syn-0133,1,0,0,2,2,0.0010047519,0.0005741701,0.9901011,0.0009061678,0.0004045713,0.0003705311,0.0012845875,0.0021642516,0.00063091045,0.0005166971,0.0008856087,0.0011566036
syn-0134,1,0,0,5,5,0.0015220378,0.00046480485,0.00034710436,0.00048473862,0.003691851,0.9863572,0.0007362564,0.00225128,0.0014337108,0.0006839249,0.0015442071,0.0004828488
syn-0144,1,0,0,9,9,0.00043161344,0.00067209615,0.00040113102,0.0006632937,0.0003416011,0.0002479758,0.00025861058,0.000417314,0.0008147704,0.9947096,0.0006106074,0.00043140273
syn-0151,1,0,0,10,11,0.0021968377,0.00427294,0.0017781848,0.0017083946,0.0036272823,0.0025683634,0.0059204525,0.0016493773,0.0014232412,0.002071815,0.07299835,0.8997848
syn-0152,1,0,0,3,3,0.00072190986,0.00081364915,0.0004771533,0.98814034,0.0055467244,0.0005212432,0.00078095193,0.00032762226,0.00039751022,0.0009949586,0.00063243415,0.0006455379
syn-0153,1,0,0,4,5,0.039487854,0.0024840238,0.0010699315,0.002564127,0.36241502,0.5791375,0.0026753987,0.0011467484,0.0018307103,0.0028202706,0.0018378755,0.0025305443
syn-0154,1,0,0,1,1,0.0005976182,0.99444914,0.00034318326,0.00054122275,0.0003950015,0.0006893674,0.00044781395,0.00037397988,0.00048633487,0.0005843447,0.00046542552,0.0006266043
syn-0155,1,0,0,4,4,0.0005729697,0.0005148621,0.00024848527,0.00065451174,0.99286735,0.0009241368,0.0006256076,0.00021483618,0.0016026235,0.00036759625,0.0009610089,0.0004460114
syn-0162,1,0,0,9,9,0.00049776095,0.000634009,0.00033565267,0.0004060623,0.0003690025,0.00025435555,0.00027990108,0.00081120693,0.0008031275,0.99472094,0.0005523178,0.00033565267
syn-0164,1,0,0,8,8,0.0011060307,0.0009182758,0.0006033973,0.0005330165,0.0035382041,0.0028033953,0.0018409819,0.00051712204,0.982724,0.00078009197,0.004213021,0.00042247507
syn-0170,1,0,0,6,6,0.00042554596,0.0005476137,0.0006332301,0.0006715239,0.0005921116,0.0005341452,0.99471235,0.00018846641,0.00046920002,0.00030486737,0.00056499685,0.0003559043
syn-0173,1,0,0,8,8,0.00024900676,0.00032619634,0.00033246764,0.00024181746,0.00046725472,0.0002689777,0.0005877882,0.00040635455,0.99592304,0.00033737358,0.00065428595,0.00020542831
syn-0190,1,0,0,3,1,0.005374239,0.7456335,0.0017739674,0.13238555,0.03172191,0.062047858,0.0055583892,0.0012579313,0.0014822053,0.007396101,0.0012073803,0.004161009
syn-0193,1,0,0,11,10,0.006695955,0.011603517,0.003467037,0.0052454597,0.102116354,0.0060848403,0.007982765,0.0032221803,0.015152325,0.026360454,0.49195072,0.32011843
syn-0198,1,0,0,0,0,0.7612242,0.021510081,0.0055242456,0.037677705,0.10566974,0.017631723,0.015963485,0.0019968452,0.00466553,0.0107160695,0.0052507212,0.012169608
syn-0201,1,0,0,0,0,0.9937761,0.0005763012,0.0005643273,0.0004766055,0.00076534133,0.0006468464,0.0004715131,0.00072037725,0.0004766055,0.0004747474,0.00050759164,0.0005437693
syn-0204,1,0,0,1,1,0.0007645886,0.99401134,0.0003741805,0.000541513,0.00037381524,0.0006966759,0.00055979483,0.00045024726,0.0007640288,0.00055570976,0.00039137265,0.0005167154
syn-0209,1,0,0,7,7,0.0023999123,0.0017349338,0.004833774,0.0009924045,0.001236274,0.021239277,0.001236274,0.9557465,0.0036407153,0.0014702639,0.0026884305,0.0027812296
syn-0222,1,0,0,8,8,0.00019732273,0.00033549342,0.000309071,0.0001996487,0.0005048663,0.0002516413,0.00063969276,0.0004888556,0.9957065,0.0004031046,0.00074637186,0.00021756483
syn-0233,1,0,0,8,8,0.00022868678,0.00035854723,0.0002991389,0.00020260525,0.00046286316,0.00024013023,0.00059884315,0.00038996025,0.995758,0.00045413227,0.00084270217,0.0001643955
syn-0244,1,0,0,3,3,0.00040091577,0.00059789163,0.00049603276,0.9936905,0.0010435841,0.0005762516,0.0008978157,0.0002644721,0.00031932595,0.00049943523,0.0008057306,0.00040802543
syn-0248,1,0,0,6,6,0.0009877766,0.0015986292,0.0013734022,0.0014705705,0.0012120232,0.002421603,0.8653134,0.0004439233,0.0016119543,0.0010774696,0.121297725,0.0011914859
syn-0251,1,0,0,10,10,0.00042061467,0.0004789518,0.00036632962,0.00039822995,0.00042912003,0.0003529845,0.0007526466,0.00024993712,0.00090159767,0.00068022934,0.99477494,0.00019446123
syn-0252,1,0,0,8,8,0.00027077043,0.0003816611,0.0003389595,0.00021005409,0.0005283339,0.00023433226,0.00076329784,0.00034971925,0.9947589,0.0005607632,0.0014218563,0.00018143194
syn-0254,1,0,0,7,11,0.011728362,0.025269246,0.015605985,0.004973381,0.011948009,0.033538688,0.012837133,0.12541634,0.114304446,0.028958958,0.022327268,0.5930922
syn-0263,1,0,0,0,0,0.99087924,0.0017100662,0.00069992756,0.00052243273,0.0012700378,0.0008052184,0.00038184688,0.00072426436,0.0010509723,0.000741802,0.0004994835,0.00071477867
syn-0267,1,0,0,4,4,0.0026592088,0.0004106002,0.00025001628,0.0007546563,0.9912107,0.0012148395,0.00043857808,0.00029401638,0.00053604675,0.00048097872,0.0009587615,0.0007916458
syn-0269,1,0,0,10,10,0.00038844606,0.00034532242,0.00034905193,0.00033388182,0.00030653682,0.00030608813,0.00054326846,0.00028923296,0.00059104554,0.0005122259,0.99577385,0.00026104515
syn-0272,1,0,0,3,3,0.025080534,0.022858394,0.040176544,0.3711744,0.04048177,0.0047367155,0.14578044,0.006070195,0.008875312,0.0100276265,0.27854028,0.046197783
syn-0278,1,0,0,9,9,0.0004177887,0.00066453463,0.00036923768,0.00069117546,0.0003752355,0.00028518547,0.0002504494,0.00046539475,0.00042333308,0.994869,0.0006965964,0.000492035
syn-0283,1,0,0,7,7,0.00059902546,0.00035077598,0.0015686185,0.00044711848,0.00023435276,0.0023233674,0.00038076373,0.99096733,0.0007160649,0.0005523872,0.0010402163,0.0008199709
syn-0284,1,0,0,0,0,0.9914535,0.00092394813,0.00051312585,0.00043251744,0.0007916464,0.00066468294,0.00043083122,0.0006407819,0.001537531,0.0010350255,0.0008933375,0.0006831086
syn-0303,1,0,0,7,5,0.0054656314,0.000949089,0.0017644949,0.0009868965,0.003443766,0.75627977,0.001984844,0.22008994,0.0026013956,0.002073001,0.0019926121,0.0023685975
syn-0308,1,0,0,3,3,0.0003948041,0.0006305872,0.00048609186,0.9944377,0.0007138515,0.00031064282,0.0008994304,0.00032019083,0.00037142786,0.0005780945,0.0004752955,0.00038191062
syn-0310,1,0,0,10,10,0.00040468076,0.00043373532,0.00035940364,0.00032964634,0.00031593608,0.00029462864,0.000481745,0.00035279652,0.0005150734,0.000516837,0.9957027,0.00029276437
syn-0311,1,0,0,9,9,0.0005854476,0.00087757455,0.00045041513,0.0010733579,0.0006171493,0.0003028377,0.00038695725,0.0003620955,0.00032521485,0.99341136,0.00083738746,0.00077030825
syn-0323,1,0,0,7,7,0.00052012864,0.00036685073,0.0006286215,0.00032884287,0.00026865597,0.0022297453,0.00022077467,0.99279094,0.001013959,0.00071388844,0.00042244885,0.0004951
syn-0325,1,0,0,4,4,0.0015178262,0.0007058547,0.00034467864,0.009225456,0.9689989,0.010639194,0.0019281036,0.00035354227,0.000903684,0.0034964625,0.00075284735,0.0011334736
syn-0333,1,0,0,5,5,0.003503834,0.0014400785,0.000538118,0.0026268142,0.2333614,0.7445236,0.001769598,0.0010597754,0.0043530795,0.0016438182,0.0038163979,0.0013634389
syn-0353,1,0,0,7,7,0.0022837273,0.0011792991,0.0017428908,0.0016024935,0.0013002759,0.08171205,0.00051721395,0.89932,0.0023810866,0.0039659673,0.001245588,0.0027493257
syn-0363,1,0,0,9,9,0.0038170693,0.0031486636,0.0008953055,0.00095025974,0.0020334264,0.0019699023,0.0014949684,0.0009699486,0.026732875,0.95347464,0.0017206981,0.0027922865
syn-0371,1,0,0,6,6,0.00033819067,0.00044324287,0.000641225,0.0005874881,0.00038042373,0.00041760976,0.9949287,0.00016914203,0.00040259308,0.00031909999,0.0009547521,0.00041760976
syn-0373,1,0,0,11,11,0.00053446146,0.0014930904,0.0008076279,0.0004284047,0.00049526244,0.0006312888,0.00062729436,0.0004807285,0.0002561871,0.0007810617,0.00034778073,0.9931166
syn-0376,1,0,0,5,5,0.0006137122,0.00067189505,0.00032364056,0.00046791462,0.0005034719,0.9924717,0.0017998413,0.0011329307,0.0004713543,0.00031583483,0.00069610646,0.0005315127
syn-0377,1,0,0,5,5,0.0018718858,0.0018156233,0.00076094054,0.0008715711,0.0014964109,0.9354781,0.0011552081,0.051152315,0.0015311494,0.0011334176,0.00073393644,0.0019994345
syn-0382,1,0,0,0,0,0.9937856,0.00063171407,0.0005036464,0.00050168287,0.00093715265,0.0006691807,0.0004733631,0.0006885711,0.00035418652,0.00055803044,0.00043459455,0.0004621719
syn-0384,1,0,0,1,1,0.0007590036,0.9940043,0.000434478,0.00056694285,0.00036873666,0.00060675776,0.0004964318,0.00039405443,0.0008556656,0.0005786896,0.00038081332,0.00055408006
syn-0397,1,0,0,1,1,0.00054626644,0.9944477,0.0003948081,0.0005964512,0.00038061134,0.00046815994,0.00051141885,0.0003758099,0.0003211335,0.0006211203,0.0006217272,0.00071490515
syn-0405,1,0,0,8,8,0.00026891317,0.00042347313,0.00028625655,0.00020457833,0.00035834557,0.00027102226,0.00037885818,0.00070006674,0.99568415,0.0007631222,0.000434151,0.00022711196
syn-0410,1,0,0,10,10,0.0004400202,0.0004003496,0.0003391093,0.00036168573,0.0003709867,0.00035677446,0.00043905442,0.00029519928,0.00048056158,0.0004419581,0.9956846,0.0003897411
syn-0416,1,0,0,2,2,0.0004173671,0.00037412543,0.9948362,0.00061352446,0.00027132084,0.00025142133,0.000709359,0.00055712217,0.00037632402,0.00041533413,0.00044276903,0.0007352793
syn-0421,1,0,0,10,10,0.00033634406,0.0006582082,0.000315966,0.00052720925,0.00045860684,0.0003231432,0.00075348886,0.00019342928,0.0010966545,0.0007382389,0.9943394,0.00025927278
syn-0427,1,0,0,5,5,0.001194662,0.0010077269,0.00031524277,0.0007496107,0.022779506,0.9686092,0.000981024,0.000518227,0.0012939469,0.0006855343,0.0008742467,0.000991135
syn-0437,1,0,0,3,3,0.003277984,0.0024622998,0.002007709,0.45970637,0.3629481,0.0068252366,0.010110469,0.0011044396,0.0066997646,0.007519885,0.13562378,0.0017139337
syn-0439,1,0,0,6,6,0.00073374796,0.0008044885,0.00071047875,0.0006333029,0.00051186356,0.0008855012,0.99191636,0.00029365162,0.0021964575,0.00039902923,0.00035248612,0.0005627214
syn-0448,1,0,0,4,5,0.0010702024,0.0008229602,0.0002922915,0.0005552137,0.018895835,0.9729647,0.0009127148,0.00064468844,0.0010518114,0.000857835,0.0011537796,0.0007780226
syn-0449,1,0,0,11,11,0.00046481102,0.0009678038,0.00085512706,0.0005405082,0.0014217914,0.00041726467,0.0006203012,0.00057116925,0.00022400099,0.00047490522,0.00079086324,0.9926514
syn-0450,1,0,0,10,10,0.00042126773,0.0004016822,0.00041140863,0.0003614748,0.00029330354,0.00036218154,0.00051001017,0.00034040422,0.00044473022,0.00047122192,0.9955901,0.0003923772
syn-0451,1,0,0,8,8,0.000373862,0.00051703234,0.00025370988,0.00021406282,0.00056840375,0.0013031556,0.0003771624,0.0021222134,0.99219584,0.0012589823,0.00047677793,0.0003387471
syn-0455,1,0,0,2,9,0.013141048,0.08315544,0.081169665,0.1308538,0.049141828,0.012912072,0.049332656,0.10341283,0.04946079,0.37149584,0.0041511985,0.051772807
syn-0473,1,0,0,10,10,0.00033467013,0.00035660257,0.0003820187,0.00033729497,0.00027935443,0.00028542112,0.0005929475,0.0003068108,0.0007218094,0.00048718002,0.995691,0.00022490641
syn-0474,1,0,0,0,0,0.9926926,0.0007618983,0.00046347053,0.00081480737,0.001312591,0.0009435791,0.0004636969,0.0005899004,0.000384043,0.00077200937,0.0003058869,0.0004955347
syn-0478,1,0,0,2,2,0.0010287275,0.00071292685,0.9863837,0.001463724,0.00043495308,0.00060564437,0.0017672862,0.0026807224,0.00089990476,0.0005584908,0.0010598293,0.002404158
syn-0480,1,0,0,1,1,0.0016114208,0.813809,0.0042248485,0.014036585,0.0072157187,0.003471874,0.018595453,0.0012235123,0.0015211996,0.002682856,0.004592753,0.12701483
syn-0482,1,0,0,1,1,0.0010269994,0.9871336,0.000488925,0.0018297631,0.0019451592,0.0005572804,0.0015931741,0.00023117746,0.0005010086,0.00095214095,0.0011814921,0.0025592833
syn-0484,1,0,0,3,3,0.00035284177,0.00063766725,0.00063782296,0.9948584,0.00053357193,0.0003915149,0.0006810342,0.00033569903,0.00028854408,0.0004181924,0.0004575039,0.00040730994
syn-0495,1,0,0,2,2,0.00048079726,0.00039917926,0.9947148,0.0007693912,0.00027880815,0.0002843071,0.0006491193,0.00055746234,0.00036936073,0.00040054598,0.00036900022,0.00072724547
syn-0496,1,0,0,8,8,0.0002518691,0.00037351286,0.00033188495,0.00019866198,0.00045808466,0.00024364356,0.0005837575,0.000391056,0.995635,0.00061672134,0.00074818823,0.00016761721
syn-0002,1,0,1,1,1,0.0005976827,0.99407107,0.00041765746,0.0007200635,0.00040878006,0.00062392413,0.0005142294,0.00035325182,0.0003842009,0.00060798484,0.00051397836,0.00078717514
syn-0004,1,0,1,10,10,0.0009329791,0.00073876826,0.0008637077,0.0008145539,0.0018365221,0.0011588456,0.004272649,0.0011036207,0.06624254,0.005035025,0.91623783,0.0007629641
syn-0011,1,0,1,10,10,0.0015053813,0.004899935,0.0013720043,0.0015899995,0.001323315,0.0030528556,0.0077350736,0.0012143421,0.2345982,0.004097049,0.73686564,0.0017462728
syn-0015,1,0,1,6,6,0.00060845865,0.0012675177,0.0006090532,0.00068077625,0.0005361769,0.001894426,0.9919355,0.00020222209,0.00088486995,0.00036581943,0.00058916275,0.00042601887
syn-0017,1,0,1,3,3,0.00041778912,0.00065327506,0.0007234628,0.99341387,0.000713639,0.00079962815,0.00062824856,0.0005591852,0.00027926045,0.0008199909,0.0006241209,0.00036743956
syn-0031,1,0,1,0,0,0.9936888,0.0007495568,0.0005670397,0.00047331702,0.0009215206,0.00063505437,0.00039450682,0.0006770028,0.00037332924,0.0005125279,0.000519837,0.00048738884
syn-0036,1,0,1,5,5,0.0011265115,0.0009437668,0.00024019975,0.00061307213,0.0036918859,0.98926055,0.0011927234,0.00043156077,0.00041543346,0.00052285433,0.00086986326,0.00069165556
syn-0051,1,0,1,3,3,0.00050038804,0.00096417003,0.0004885579,0.9931585,0.0009116329,0.0005251709,0.0005890257,0.00034711676,0.00029144651,0.0012815347,0.00050529855,0.00043708598
syn-0058,1,0,1,9,9,0.00046435976,0.0007016968,0.0003202422,0.0005706147,0.00045316014,0.00046777332,0.00020296284,0.00056950137,0.0013598403,0.9936265,0.00090330915,0.00036005795
syn-0062,1,0,1,7,7,0.0006591509,0.00034913354,0.0008454888,0.00027071318,0.000265218,0.0013832118,0.00017393421,0.99357784,0.0011234456,0.00046479076,0.0003025928,0.00058440317
syn-0063,1,0,1,1,1,0.0007327431,0.9939494,0.0004535288,0.00072332285,0.0004327602,0.0004927818,0.00058490725,0.0003295483,0.0004395752,0.00058433635,0.0006417679,0.0006352209
syn-0067,1,0,1,5,5,0.00056593696,0.0007821849,0.00027008497,0.00052622496,0.00064774195,0.99321014,0.0006624555,0.0012229125,0.0004902561,0.00035311823,0.0006358341,0.0006330461
syn-0068,1,0,1,10,9,0.01001007,0.0065519554,0.0046324404,0.013897607,0.049876437,0.00989345,0.020751026,0.0033858577,0.14652345,0.61089176,0.11168708,0.011898867
syn-0069,1,0,1,11,11,0.00048630664,0.0010759593,0.0009821266,0.00044647805,0.0006611418,0.00037268223,0.000627793,0.0006099652,0.00030866286,0.00072665425,0.0007661893,0.99293596
syn-0086,1,0,1,10,10,0.0003362512,0.000395814,0.0003870227,0.0003923504,0.0003612737,0.00035084304,0.0005026821,0.00041097897,0.0005366723,0.0004661552,0.995522,0.00033789704
syn-0093,1,0,1,5,5,0.0006694309,0.0009638445,0.0002506371,0.0004909633,0.00084016717,0.990765,0.0031688227,0.00065344485,0.00048052773,0.00040208452,0.000645044,0.00067008496
syn-0094,1,0,1,1,1,0.0004680415,0.99032015,0.0008376399,0.0014729779,0.00036558058,0.00059863424,0.0013526708,0.00051858096,0.00035606723,0.00063506846,0.0009826532,0.0020919908
syn-0098,1,0,1,10,10,0.00033241336,0.00069187925,0.00031921084,0.00038185884,0.0004822437,0.0004952491,0.00047499905,0.00032328916,0.0007074227,0.0004969447,0.9947885,0.0005060043
syn-0114,1,0,1,4,3,0.0038556864,0.39909422,0.0027340911,0.4813995,0.05857173,0.005793726,0.0119870445,0.00060827355,0.002106561,0.010220572,0.003927896,0.019700669
syn-0119,1,0,1,6,6,0.00042767913,0.00036243527,0.00067111116,0.00064477127,0.00037048708,0.00048297035,0.99482924,0.00021843713,0.00036940322,0.00028102717,0.00090916234,0.0004333548
syn-0122,1,0,1,3,3,0.00034907306,0.00064204365,0.0006121938,0.993891,0.00087324175,0.0006921839,0.000660164,0.00042126814,0.0003507817,0.0006418869,0.00045661288,0.00040950504
syn-0125,1,0,1,9,9,0.0006459783,0.0018340539,0.00038347772,0.0010157705,0.00092894287,0.0010429097,0.0009330341,0.00029836126,0.0018925618,0.98640335,0.0039532343,0.0006684393
syn-0137,1,0,1,8,8,0.00026974498,0.00036386878,0.00032680758,0.00021276162,0.00042916113,0.00035822755,0.0005080265,0.0005917721,0.9958423,0.00045063632,0.00046154813,0.00018521187
syn-0141,1,0,1,2,2,0.00048789618,0.0003876575,0.99423766,0.00074186706,0.00027489034,0.0002261186,0.0007478682,0.0007288514,0.00044099276,0.00042700762,0.0004850458,0.0008141353
syn-0148,1,0,1,7,7,0.0009959352,0.001555392,0.0015668259,0.00044802722,0.0014182767,0.0135353105,0.00066149497,0.9619608,0.0041310606,0.0024472738,0.0011023997,0.010177155
syn-0161,1,0,1,2,2,0.00047677444,0.00035761102,0.9946138,0.0006749088,0.00030767845,0.00018698124,0.00081998925,0.00068378204,0.00035500134,0.00039275884,0.00042219253,0.0007084217
syn-0167,1,0,1,0,0,0.99376786,0.0006134644,0.0005963345,0.00048033954,0.0007109365,0.0006883907,0.0005118184,0.0007112837,0.00042431234,0.00053821754,0.00048245507,0.00047451167
syn-0184,1,0,1,2,2,0.0004767887,0.00042447896,0.99464357,0.00063784095,0.00029245293,0.00018372867,0.00073549594,0.00068631116,0.0003977887,0.00039104832,0.0004551771,0.0006754235
syn-0186,1,0,1,3,3,0.0004193206,0.0010296265,0.00053841836,0.9941386,0.00069898006,0.00045184663,0.00068345526,0.000296039,0.0002395057,0.0005493058,0.0004854713,0.0004693876
syn-0207,1,0,1,0,0,0.99306536,0.00066122797,0.000480469,0.0004613862,0.00077267643,0.0015054583,0.000515468,0.0006589718,0.00049717515,0.0004828208,0.0004334322,0.00046545922
syn-0213,1,0,1,0,0,0.99329185,0.0006351107,0.0006207014,0.0004494822,0.00092441915,0.00053143274,0.00056240225,0.00064953737,0.0005075921,0.0004791727,0.00064953737,0.0006987258
syn-0218,1,0,1,8,8,0.00027755118,0.00050430105,0.00034172737,0.00024685913,0.0005672778,0.0006551683,0.0018902463,0.0006053401,0.9931357,0.00044222805,0.0010884211,0.0002451774
syn-0219,1,0,1,0,0,0.99386746,0.00065966503,0.0005724277,0.0004860504,0.00069487654,0.0007506073,0.00049636344,0.00060549047,0.00030297672,0.0005430232,0.00046492624,0.00055617216
syn-0226,1,0,1,6,6,0.00037454834,0.00036802198,0.00073149725,0.0005404597,0.0003866265,0.0004302613,0.9949885,0.00020087323,0.0003798897,0.00025442397,0.0007773926,0.0005675042
syn-0240,1,0,1,6,6,0.0013697856,0.00077270693,0.0007188366,0.0019666834,0.016847054,0.0030658299,0.9715214,0.00019922425,0.001296254,0.00085031166,0.0007848753,0.0006070972
syn-0246,1,0,1,8,8,0.00094287185,0.0018541837,0.00047677546,0.00035155215,0.00037605708,0.00071677385,0.0008650166,0.00085264596,0.99219066,0.00042905143,0.0006769731,0.00026744677
syn-0253,1,0,1,3,3,0.0002787208,0.00062443735,0.0007378358,0.9944031,0.0005846031,0.00043359245,0.00076778996,0.0004764407,0.0003001941,0.0004310593,0.0005007705,0.00046133145
syn-0257,1,0,1,4,4,0.003289236,0.0028265135,0.00062302855,0.0025622852,0.77875495,0.20000081,0.0019445308,0.0021128303,0.0027142528,0.001860928,0.0010660354,0.0022447077
syn-0259,1,0,1,4,4,0.00043663508,0.00041400373,0.0002682161,0.0012571379,0.99310327,0.0008549943,0.0009807345,0.00022652328,0.0007436485,0.00059245416,0.00041684354,0.00070544874
syn-0261,1,0,1,5,5,0.00064494374,0.00067358895,0.00033557406,0.00054389326,0.0026087437,0.98867804,0.0037956997,0.00054071564,0.00061241206,0.00025256362,0.00046340283,0.0008504575
syn-0268,1,0,1,6,6,0.0003693237,0.00034813536,0.00062701496,0.00072186603,0.0015948965,0.0006878011,0.9931591,0.00013175074,0.00048475625,0.00037513967,0.0007583582,0.00074196747
syn-0275,1,0,1,0,0,0.99336547,0.0007097817,0.00051764183,0.00055156526,0.00072927953,0.00093424413,0.0005548066,0.00069249375,0.00038580742,0.00051136146,0.0005627186,0.000484857
syn-0281,1,0,1,10,8,0.0073299264,0.04134477,0.0017632536,0.0038701512,0.0069296765,0.20904538,0.015813854,0.0027150258,0.42977187,0.012064371,0.2673731,0.001978611
syn-0285,1,0,1,11,11,0.00052805146,0.00061374804,0.00096338306,0.00033238807,0.00047011758,0.00051405915,0.00071404903,0.0006074868,0.0004156884,0.00068301585,0.00041609455,0.9937419
syn-0290,1,0,1,0,0,0.988356,0.00049433444,0.0005321592,0.0007167982,0.0043887775,0.002027562,0.00043667483,0.0007036208,0.00050457683,0.00044182225,0.00063349947,0.0007641463
syn-0292,1,0,1,11,11,0.0005443205,0.00072942965,0.00092067954,0.00034734537,0.0004956095,0.0005782956,0.0006278872,0.0007629441,0.00026528066,0.0005949072,0.00032061513,0.99381256
syn-0302,1,0,1,10,10,0.00031970922,0.00033195835,0.0004139365,0.0003674444,0.00036690655,0.0003413272,0.00057518523,0.00040692248,0.0007690988,0.0004982068,0.995369,0.00024027095
syn-0304,1,0,1,1,1,0.0006141078,0.9938392,0.00042268846,0.0008025135,0.00040293843,0.0007156897,0.0006977467,0.00042538007,0.0004850882,0.0005116053,0.0004857993,0.00059725164
syn-0306,1,0,1,5,5,0.0008045001,0.00068393815,0.00025013686,0.0003520612,0.0013090245,0.9926575,0.00052234915,0.0012812008,0.00080146146,0.00024649943,0.0005290229,0.00056231755
syn-0313,1,0,1,11,11,0.0106184,0.023990352,0.013004773,0.0059251986,0.002226009,0.004150618,0.011503673,0.008008342,0.0028002325,0.00516805,0.1346595,0.77794486
syn-0314,1,0,1,8,8,0.00030405214,0.00046249366,0.0002924041,0.00020573197,0.00053180725,0.0003300455,0.0004835073,0.00038099458,0.995449,0.0005941436,0.0007698652,0.00019592777
syn-0322,1,0,1,2,2,0.0013043903,0.00051682774,0.9918032,0.001374519,0.00043056248,0.00024152365,0.0009326609,0.0010862395,0.0004124536,0.00039050324,0.00034936183,0.0011577789
syn-0324,1,0,1,7,7,0.00073684874,0.0012546466,0.0006572897,0.00036530127,0.00031276405,0.0034490002,0.000403957,0.98378235,0.0053055235,0.0018633235,0.00076882483,0.0011002157
syn-0335,1,0,1,3,11,0.000783944,0.0011152977,0.00081736484,0.00096332625,0.0016642753,0.0006559698,0.00067745376,0.0004766483,0.00018885841,0.0012315115,0.00046742908,0.99095786
syn-0343,1,0,1,8,8,0.00046076614,0.00042489238,0.0003709598,0.00022876501,0.0008380143,0.00048029216,0.00044571847,0.0009862175,0.9931846,0.0012684556,0.00069000525,0.00062124076
syn-0346,1,0,1,6,6,0.0005345021,0.0004140408,0.00073218485,0.0006687811,0.00051152194,0.00036628294,0.99464816,0.00019846507,0.000581189,0.00037223278,0.000584319,0.00038838605
syn-0348,1,0,1,9,9,0.0013765395,0.0024206252,0.00032711646,0.00068110373,0.0010219588,0.0004764167,0.0003656382,0.0004929819,0.0029098683,0.9885437,0.00066240865,0.00072149973
syn-0349,1,0,1,5,5,0.00064329285,0.00057904224,0.00022112518,0.00044799573,0.0009405957,0.9933965,0.00048534584,0.0012348436,0.00047642345,0.0003127514,0.00041513832,0.0008469355
syn-0350,1,0,1,2,2,0.00048432543,0.0003951019,0.9942163,0.0009688564,0.00028639336,0.00018151017,0.0008951984,0.00071021623,0.00039471625,0.00036523113,0.0003471473,0.0007550068
syn-0351,1,0,1,11,11,0.00058293674,0.0009060719,0.000881417,0.0003975283,0.00076345494,0.00094493,0.00052356266,0.0008279135,0.00022850434,0.0006870351,0.00023438051,0.99302226
syn-0354,1,0,1,8,8,0.00030357068,0.00040611246,0.00034466313,0.00024583904,0.00051000126,0.00038374925,0.0004922629,0.0005418342,0.9958158,0.00036707122,0.00035909365,0.00023004401
syn-0356,1,0,1,8,8,0.0003609625,0.0006981557,0.00033026884,0.00022632618,0.0006922154,0.00031948293,0.0012637337,0.00035780386,0.994179,0.000522129,0.00075802585,0.000291746
syn-0357,1,0,1,3,3,0.00044398714,0.0009004988,0.0012200655,0.9931988,0.00079420255,0.00034008446,0.00084418675,0.00028610026,0.0002547115,0.0006876607,0.0005246796,0.0005050724
syn-0367,1,0,1,4,4,0.00074504,0.00044455798,0.0002666268,0.0008545054,0.9930201,0.0009947588,0.00043383593,0.00023946998,0.0015354556,0.0005516428,0.00044390725,0.00047000556
syn-0372,1,0,1,1,1,0.00059471914,0.99252856,0.00043723552,0.0010491296,0.0005473461,0.00049135706,0.00051594456,0.00022973288,0.0004131585,0.0013262646,0.0006100127,0.0012565829
syn-0378,1,0,1,2,2,0.00048711183,0.00038066198,0.99458003,0.00060194364,0.0002817811,0.00019366514,0.00076877064,0.00068870105,0.0004195068,0.00042757197,0.00047443595,0.0006957993
syn-0380,1,0,1,4,5,0.0020148235,0.0007934592,0.00030936056,0.00073382974,0.013518998,0.9778399,0.00064823515,0.0013508733,0.00090306683,0.00054773776,0.0005345271,0.0008051676
syn-0381,1,0,1,8,8,0.00030185675,0.00037456784,0.00031143872,0.00018470162,0.00038551554,0.0006183123,0.00038401256,0.0017618379,0.9940691,0.0008148423,0.000531589,0.0002622577
syn-0408,1,0,1,4,4,0.0104524465,0.0012798442,0.0010080007,0.0026814623,0.97076654,0.0024004222,0.0016115672,0.00076759566,0.005139085,0.000917795,0.0019250298,0.001050204
syn-0415,1,0,1,1,11,0.0028068721,0.072037585,0.001906658,0.002268639,0.01597205,0.0056700376,0.0024031906,0.0016244932,0.018546006,0.007237055,0.0021542062,0.8673731
syn-0423,1,0,1,9,9,0.00052945426,0.0007122847,0.00040298427,0.0007532415,0.0004423756,0.0002668771,0.00035772225,0.0007769622,0.0009207527,0.9939522,0.0005510832,0.0003340857
syn-0426,1,0,1,10,10,0.00039080103,0.00037036446,0.00039348166,0.00034860545,0.00036928098,0.0010776541,0.0013102541,0.00049740745,0.0031040537,0.000946914,0.9906228,0.00056833454
syn-0428,1,0,1,8,1,0.0010375801,0.991235,0.0004286382,0.0007352158,0.0006472435,0.00082380476,0.0005609637,0.00037023163,0.0024036276,0.0005653633,0.00062427425,0.00056785333
syn-0433,1,0,1,5,5,0.0013914092,0.00079473894,0.00054888916,0.00069589674,0.0036240506,0.94512117,0.0007717934,0.042262126,0.001924484,0.0009479325,0.00048015424,0.0014373307
syn-0435,1,0,1,10,10,0.0003707225,0.0003838001,0.0003707225,0.00039850475,0.00034336487,0.0003671198,0.00059676776,0.000397339,0.00055692816,0.00049389305,0.9954614,0.000259312
syn-0443,1,0,1,7,7,0.0007994795,0.0005849117,0.0008272778,0.00040219983,0.0006502896,0.008383816,0.0003494373,0.98237693,0.0022345448,0.0011438044,0.00027723867,0.0019700543
syn-0447,1,0,1,7,7,0.00048281415,0.00039137682,0.00068404275,0.00030480456,0.00019186274,0.0011822084,0.0002123727,0.99402195,0.00076147646,0.0005181104,0.0004256661,0.00082330214
syn-0457,1,0,1,9,9,0.0005588262,0.0006767112,0.00047728966,0.0006347809,0.00043585227,0.00037554468,0.0002136657,0.0009165811,0.00045365744,0.99423134,0.00050856866,0.00051708217
syn-0458,1,0,1,6,6,0.000403564,0.00035199476,0.0007378411,0.0006836839,0.00036816753,0.0005765283,0.9948961,0.0002514365,0.00036870726,0.00022983155,0.0006387042,0.0004933716
syn-0464,1,0,1,4,4,0.0041382485,0.00054814696,0.00035356486,0.00087337405,0.9901057,0.0007517934,0.00036764928,0.00032413268,0.00075528875,0.00060084707,0.00054814696,0.0006330735
syn-0469,1,0,1,9,9,0.0005506546,0.00055551575,0.00043094938,0.00048382021,0.000423027,0.0002616394,0.00020476234,0.0007875257,0.0005587803,0.99463516,0.0004950519,0.00061310106
syn-0472,1,0,1,8,8,0.00024609224,0.0003208081,0.00030927226,0.00022848889,0.00042604053,0.00033784963,0.00060789566,0.00048619736,0.99586844,0.0004091194,0.0005664827,0.00019334872
syn-0486,1,0,1,1,1,0.00067321636,0.9934528,0.00041354322,0.0008427549,0.00038283865,0.0005134079,0.0005508063,0.00032049906,0.00060082116,0.0006442723,0.0007430027,0.00086210866
syn-0491,1,0,1,10,10,0.00038194537,0.00039871476,0.00042298145,0.00048176444,0.000296734,0.00033607957,0.00051459146,0.0004150028,0.00049839396,0.00043280076,0.9954998,0.00032115946
syn-0499,1,0,1,11,11,0.0006371946,0.00063781714,0.0008558705,0.00031046808,0.0006508735,0.0004754922,0.0005398566,0.0006700605,0.00022825508,0.00068444497,0.00043146333,0.9938783
syn-0006,1,0,2,7,7,0.0034635677,0.0020074977,0.0030491347,0.0010099262,0.000975038,0.0046318145,0.0008454747,0.91996026,0.007464224,0.04430632,0.0030357644,0.009250903
syn-0013,1,0,2,6,6,0.00039624324,0.00041505668,0.0005807687,0.0005604321,0.00032435323,0.00071518664,0.9946571,0.0002160658,0.00037736024,0.00028180296,0.0009455619,0.00052995916
syn-0016,1,0,2,9,9,0.00041566236,0.0011625566,0.00031529422,0.00078360614,0.0006065596,0.0003439238,0.00038255236,0.00032562055,0.0019033252,0.9917408,0.0016597044,0.00036042905
syn-0018,1,0,2,3,6,0.00042099474,0.00041144327,0.00070813857,0.0034686027,0.0010572023,0.00059311825,0.9913079,0.00019435203,0.00048979523,0.00039452355,0.0004992118,0.0004547595
syn-0025,1,0,2,8,8,0.00028386308,0.00028553122,0.00036129795,0.00021406195,0.00034374438,0.00032260275,0.0005127563,0.0006163165,0.9960751,0.0003197798,0.00047514917,0.00018964837
syn-0026,1,0,2,10,10,0.00035372988,0.000333762,0.00036053048,0.0004517652,0.0003946142,0.0004372249,0.0011080747,0.00027561968,0.0006489432,0.00045397645,0.99493045,0.00025119973
syn-0032,1,0,2,4,4,0.0021449346,0.0015715682,0.0015547764,0.0032238613,0.8374774,0.0021106498,0.14077899,0.00096444035,0.0039538164,0.0026216207,0.000801895,0.0027961566
syn-0033,1,0,2,5,5,0.0006198472,0.00072573713,0.00023246973,0.0004709796,0.0008419212,0.9936215,0.00055712165,0.0009655031,0.0006192422,0.00036662022,0.00032976145,0.00064927724
syn-0038,1,0,2,5,5,0.0007803208,0.00074504194,0.00022609055,0.00063223165,0.000901886,0.9931439,0.0006867838,0.0011193964,0.00030128146,0.00028776567,0.00034023172,0.0008350187
syn-0040,1,0,2,4,4,0.00042456764,0.00053071004,0.00025902656,0.0015790013,0.9914568,0.0018307795,0.00075816823,0.00030580457,0.00055536523,0.00079339044,0.00095935084,0.0005470221
syn-0045,1,0,2,9,9,0.002804848,0.008887713,0.0011749578,0.0052050822,0.002739874,0.0019258604,0.0029094687,0.0007630678,0.0045117773,0.7298747,0.23788303,0.0013197511
syn-0049,1,0,2,8,8,0.00029521345,0.00035522706,0.00030727335,0.00021629938,0.0005445737,0.00024342952,0.00058896834,0.00042040323,0.99573237,0.00056405936,0.0005718241,0.00016026982
syn-0050,1,0,2,4,11,0.0062379465,0.13079351,0.0040353946,0.016733393,0.32308537,0.012198405,0.017376088,0.0025600477,0.0026542412,0.0047040526,0.0076953173,0.4719263
syn-0053,1,0,2,10,10,0.00033913195,0.00036029972,0.0003964854,0.0004459983,0.00040927104,0.00058977085,0.0005968686,0.00032709693,0.0005257711,0.00043545407,0.995265,0.00030878317
syn-0059,1,0,2,3,3,0.000439987,0.0009644575,0.0005278827,0.9934243,0.0008532893,0.00079934375,0.0006304062,0.0003685215,0.0002457281,0.000753577,0.00051489956,0.00047760137
syn-0077,1,0,2,2,2,0.00044097553,0.00040604736,0.9946844,0.0006658728,0.00027340712,0.00019368545,0.0008703988,0.000565257,0.00040406955,0.00040112084,0.00044508564,0.0006497337
syn-0079,1,0,2,1,1,0.0005632007,0.9850354,0.0005058368,0.0021065122,0.0012534873,0.0019932191,0.0043062195,0.00023569586,0.0009622561,0.0007992979,0.0010787286,0.0011601357
syn-0083,1,0,2,0,0,0.9933495,0.00060017226,0.00056078954,0.0005408883,0.0011007655,0.0007258928,0.00052016723,0.0005083657,0.0003617195,0.00043482825,0.0007997716,0.0004970747
syn-0085,1,0,2,3,3,0.001713808,0.023577666,0.00069617026,0.9436478,0.013407936,0.0018092584,0.0025865862,0.00040806012,0.0006155692,0.0029822346,0.0041137217,0.00444128
syn-0090,1,0,2,5,5,0.0031720467,0.00097476924,0.00033449457,0.00032642705,0.0019300596,0.9883889,0.0006964661,0.0011144449,0.0014275735,0.00038688534,0.0004470452,0.00080084504
syn-0091,1,0,2,4,4,0.0005013733,0.00052774884,0.00024315967,0.0016200343,0.9926877,0.0010219611,0.000603297,0.00029045617,0.00045472593,0.00060684234,0.00048146024,0.0009613043
syn-0095,1,0,2,11,11,0.00053690316,0.0026660596,0.00095410045,0.0005623951,0.0014752166,0.000720017,0.0009254235,0.00067080196,0.0003053213,0.0005623951,0.0016976529,0.9889237
syn-0100,1,0,2,2,2,0.00047459768,0.00039557426,0.994919,0.0004977385,0.00024561764,0.00020462085,0.0007069542,0.0006107359,0.00041153302,0.00043487782,0.00044780684,0.00065083965
syn-0101,1,0,2,3,3,0.0003784985,0.0008692255,0.00062419096,0.99425334,0.0007511737,0.00041045525,0.0006252586,0.0003801655,0.0002743583,0.00051911746,0.00043714073,0.00047706725
syn-0103,1,0,2,11,11,0.0020909235,0.0029607578,0.001082376,0.001189338,0.003967876,0.001599648,0.0013274506,0.000771653,0.00033058994,0.0020534873,0.0048201787,0.97780573
syn-0107,1,0,2,10,10,0.0003306032,0.0003724338,0.00035364777,0.00055854366,0.0009610797,0.002352705,0.0021621282,0.00030043023,0.0011760491,0.0006194602,0.99033797,0.00047495659
syn-0128,1,0,2,2,2,0.00047966672,0.00036384366,0.9948015,0.0005785885,0.0002475148,0.00021843103,0.0007019266,0.0006196749,0.00039552752,0.0004418897,0.00044253745,0.0007088149
syn-0149,1,0,2,8,8,0.0005024733,0.00053907523,0.00031551634,0.00022199348,0.00039190028,0.00035044053,0.0003951669,0.0005118836,0.99535143,0.00050790014,0.0006336369,0.00027844222
syn-0158,1,0,2,1,1,0.00064379285,0.99416876,0.0004758635,0.00065457006,0.00036307998,0.00053607364,0.00061701704,0.0003838636,0.00049264997,0.0005790681,0.00044247197,0.0006428505
syn-0163,1,0,2,4,4,0.00091547676,0.0004074322,0.00029808376,0.0007122781,0.99127734,0.0013777368,0.0004852573,0.0005450569,0.0023722483,0.0007008929,0.00025847435,0.0006498045
syn-0166,1,0,2,5,5,0.0016990969,0.00088601076,0.00023534334,0.00048430997,0.0037430162,0.9893421,0.0009266065,0.0005188282,0.00049506937,0.00037571052,0.00047610354,0.0008178271
syn-0171,1,0,2,6,6,0.00074792723,0.0012052937,0.00067933486,0.0007388528,0.0009114708,0.0013124929,0.98597634,0.0002790709,0.0064264946,0.0007965532,0.00046918492,0.0004569755
syn-0177,1,0,2,8,8,0.0002673328,0.0005044678,0.00035071667,0.00022097833,0.00031561084,0.0002862466,0.0007165997,0.0006089502,0.9956495,0.00035537098,0.00050066423,0.00022358315
syn-0179,1,0,2,1,1,0.00072316,0.99396825,0.00041476922,0.0006346129,0.00035046652,0.0005232944,0.0005238056,0.00034875947,0.00068584515,0.00061328855,0.00044238273,0.0007713048
syn-0181,1,0,2,10,10,0.0013696416,0.003815086,0.0024250161,0.0026659614,0.004109009,0.0008364279,0.021804739,0.0009477969,0.24495451,0.00868074,0.7060361,0.0023550014
syn-0191,1,0,2,4,4,0.0005542766,0.0004376133,0.00025426238,0.0021529568,0.99048,0.0007335804,0.00088594767,0.00027225146,0.0009556019,0.0009493235,0.0019398177,0.00038431125
syn-0192,1,0,2,5,5,0.0006052892,0.00084015564,0.00028696732,0.0004883863,0.000614071,0.9932944,0.0006544736,0.0009976486,0.0004479497,0.0003421159,0.00047405413,0.0009544137
syn-0194,1,0,2,1,1,0.0010047802,0.9913384,0.00054856157,0.0007140631,0.000550171,0.0006810312,0.0005896712,0.0005931365,0.0022837382,0.00078424497,0.00038803986,0.0005242084
syn-0196,1,0,2,4,4,0.00363635,0.00045603234,0.00031929597,0.0007364283,0.9906906,0.0009582584,0.0005326355,0.00044984,0.0007241265,0.00050453545,0.00044049358,0.0005514246
syn-0197,1,0,2,11,11,0.0015410787,0.001416938,0.00080793846,0.00094457576,0.0055672787,0.001350732,0.001035895,0.0007954125,0.0008908198,0.0012373849,0.00032819467,0.98408383
syn-0203,1,0,2,8,8,0.0001983565,0.0004176714,0.00033675745,0.00021176893,0.00033939866,0.0002638082,0.0005364316,0.00059733796,0.9960477,0.0004107946,0.0004485338,0.00019150421
syn-0208,1,0,2,8,8,0.00029760323,0.00048970734,0.00030451195,0.00022115992,0.00038325126,0.00030885456,0.0008639073,0.00039042873,0.9954951,0.0004513599,0.00060677825,0.00018732976
syn-0210,1,0,2,0,0,0.98385215,0.00078865164,0.0005268966,0.00067952834,0.0074460716,0.0021406393,0.00067687914,0.00094573776,0.0007358224,0.0006519025,0.00046634892,0.0010893351
syn-0224,1,0,2,8,8,0.0006805449,0.0005953234,0.00036641007,0.00029298468,0.0010068857,0.00048802875,0.0017777412,0.00039579705,0.99159837,0.00053809246,0.0019716271,0.00028816084
syn-0239,1,0,2,6,6,0.00039831884,0.00031432783,0.0006305569,0.00064095604,0.00033037923,0.0006905475,0.994997,0.00019872864,0.00035932433,0.00024277513,0.00068046426,0.0005165968
syn-0242,1,0,2,0,0,0.9936133,0.0005753634,0.0005134909,0.00044525813,0.0013037435,0.0006446911,0.00046845284,0.0005614865,0.000498909,0.0005080044,0.0004211504,0.0004461286
syn-0243,1,0,2,10,10,0.00040681404,0.0006418861,0.0004636897,0.00042884285,0.00030350176,0.00045828757,0.00057693024,0.0003817934,0.0005035762,0.0004935951,0.994618,0.00072301464
syn-0250,1,0,2,11,11,0.00043712565,0.00075399573,0.00089413597,0.0004074459,0.00038388302,0.00049412047,0.00049147353,0.00072157866,0.00023999336,0.0005469415,0.00041024067,0.99421906
syn-0260,1,0,2,11,11,0.0011954107,0.0026789785,0.00080609537,0.00090631744,0.00254183,0.002888457,0.0013819691,0.0015606326,0.0010330274,0.0056173108,0.00281046,0.9765795
syn-0262,1,0,2,10,10,0.0004075206,0.00035596685,0.00041051634,0.00046381514,0.00031002535,0.00045185577,0.0005402727,0.00042416842,0.00054451,0.00040415186,0.99537295,0.00031429308
syn-0265,1,0,2,3,3,0.00054578594,0.0007993658,0.0006097608,0.99308795,0.000972019,0.0007570091,0.00090879045,0.00033707087,0.00024349538,0.0005570944,0.00060886826,0.0005728173
syn-0271,1,0,2,2,2,0.0005864277,0.00056396204,0.9931329,0.00097327994,0.00028440994,0.00021322131,0.00087454834,0.00069861393,0.00045693346,0.00071745453,0.0005953718,0.0009028604
syn-0274,1,0,2,9,9,0.00044406843,0.0004701762,0.00046948795,0.00045482122,0.0005304432,0.00037761277,0.0002428546,0.0011619229,0.0007793644,0.99338067,0.0008920198,0.0007964841
syn-0279,1,0,2,0,0,0.9937126,0.00061074045,0.0005303615,0.00039664097,0.00082707446,0.0006783426,0.00045231514,0.0007300689,0.0006523558,0.0005345212,0.00035243543,0.000522394
syn-0280,1,0,2,0,0,0.9938962,0.0006204728,0.00054997695,0.00042665255,0.0009940576,0.0006198672,0.0004617722,0.00052351196,0.000437838,0.00049832056,0.00048535294,0.00048606447
syn-0282,1,0,2,7,7,0.0016406686,0.00062223367,0.00073460385,0.00033962668,0.0008040515,0.013712858,0.00048506953,0.9764845,0.001529178,0.0012532695,0.00041652584,0.0019774546
syn-0286,1,0,2,8,8,0.00041105217,0.0008475526,0.00043799027,0.0003022042,0.0005601981,0.00046013185,0.0022881913,0.0003823951,0.9923018,0.0010922052,0.00060041813,0.00031578078
syn-0288,1,0,2,9,9,0.0004705642,0.0006083609,0.00044682837,0.00055473094,0.00037608354,0.00025860444,0.0002848547,0.0005142963,0.0008058489,0.994686,0.00069544883,0.0002982338
syn-0295,1,0,2,10,10,0.00056881306,0.0010783803,0.0002715901,0.00056191173,0.0013481207,0.00090232753,0.0009692386,0.00022670055,0.0009325629,0.00076169334,0.9919411,0.00043740368
syn-0298,1,0,2,7,7,0.0007892718,0.00035497182,0.0006401087,0.0003716442,0.00036731438,0.0033286419,0.00025245125,0.9911377,0.0010567628,0.00046523672,0.00037492497,0.0008610451
syn-0305,1,0,2,1,1,0.0005064506,0.9939658,0.0005854884,0.00074556743,0.00036692637,0.00046112854,0.0004508866,0.0003909727,0.00035080808,0.00061809714,0.0006293653,0.00092855346
syn-0318,1,0,2,11,11,0.00094912574,0.0068239756,0.0010464905,0.0010645285,0.0042745066,0.0007769267,0.0016973782,0.00070052524,0.0004684768,0.0008031561,0.004567998,0.97682685
syn-0326,1,0,2,1,1,0.00082048937,0.99280506,0.00048081236,0.00074907305,0.0004124672,0.0005153329,0.0007571631,0.00036578276,0.0010987112,0.00068004354,0.0006185823,0.00069651037
syn-0328,1,0,2,10,10,0.0003582506,0.00042439575,0.0003327869,0.000410937,0.00040575294,0.0003785729,0.00048597858,0.00034134477,0.0007264216,0.00044792308,0.9954203,0.00026740177
syn-0332,1,0,2,6,6,0.00035374623,0.0004206999,0.0005643196,0.000985708,0.00051394437,0.00046385682,0.99449074,0.0001751171,0.00040359655,0.0003542648,0.00091760396,0.0003565207
syn-0338,1,0,2,8,8,0.00027523746,0.00038101152,0.0003535845,0.0002927028,0.00064088445,0.00025881434,0.0010253188,0.00053731236,0.9945216,0.0008110444,0.0005914203,0.00031097257
syn-0355,1,0,2,5,5,0.003019201,0.0016305271,0.00063821184,0.0013650199,0.029717479,0.94087803,0.0022037774,0.00091063225,0.0012301856,0.0010040483,0.016283836,0.0011190034
syn-0366,1,0,2,9,9,0.00089378835,0.0008197859,0.0006587165,0.0017800616,0.000968305,0.0007359286,0.0008122156,0.0003908487,0.0004979542,0.98881054,0.0026827296,0.0009491127
syn-0369,1,0,2,6,5,0.0013140454,0.0036521908,0.00045478763,0.00090092706,0.0025036256,0.954788,0.030992804,0.0010989987,0.0012520355,0.0010803767,0.0010344321,0.0009277119
syn-0370,1,0,2,9,9,0.00047166628,0.0007820251,0.00042486843,0.0005394494,0.0003680522,0.0005402402,0.00019642782,0.0007317805,0.00045204925,0.9940989,0.00049793563,0.000896651
syn-0391,1,0,2,0,0,0.9940293,0.0006607396,0.0005394116,0.00043491338,0.00076404255,0.000681381,0.00045091542,0.00056447106,0.00046341526,0.0004916197,0.00050524797,0.00041459218
syn-0392,1,0,2,1,1,0.0005575699,0.99393564,0.00054731977,0.0008425473,0.00042771245,0.0004773808,0.0004711285,0.00035011297,0.00034133528,0.0008479124,0.00044780129,0.0007535967
syn-0396,1,0,2,3,3,0.00043297908,0.0007175311,0.00095470255,0.9934814,0.0006934206,0.00044585165,0.0008408268,0.00055895024,0.00029354106,0.000560864,0.0005364883,0.00048349498
syn-0407,1,0,2,6,6,0.00080976356,0.0015616224,0.001520985,0.078508414,0.0024412314,0.0019953959,0.9072984,0.00041887086,0.00066479365,0.0011622005,0.002373934,0.0012444261
syn-0411,1,0,2,2,2,0.00045746687,0.0004494957,0.99429226,0.0007314763,0.00025549042,0.00021409654,0.00061468786,0.0007873022,0.000399985,0.00061393797,0.0003874895,0.0007963396
syn-0414,1,0,2,5,4,0.001007152,0.0009188151,0.0003978881,0.0016272033,0.9511887,0.039183643,0.00095634995,0.00051742577,0.0011706008,0.0010852751,0.000921961,0.0010250123
syn-0420,1,0,2,2,2,0.00059495005,0.0004157479,0.99436957,0.00045839685,0.0002717238,0.00020430823,0.0007445058,0.0008131507,0.0004515105,0.0005133801,0.00049953256,0.0006632288
syn-0430,1,0,2,1,1,0.0023805345,0.90086937,0.0008943315,0.0072737243,0.009828573,0.06374703,0.0031215234,0.0007165133,0.0006999153,0.0018621275,0.0022005597,0.0064057326
syn-0431,1,0,2,3,3,0.00052241975,0.0007392523,0.00059910346,0.9937616,0.0008750487,0.0005267743,0.0007005939,0.0004585642,0.00028017783,0.0005450905,0.0004970381,0.0004943756
syn-0432,1,0,2,6,6,0.00041060406,0.0003551747,0.0007125413,0.00091285736,0.00034983904,0.00062870036,0.9946138,0.0002152141,0.00031946664,0.0002560727,0.0006930256,0.00053265993
syn-0477,1,0,2,7,5,0.019869924,0.027382001,0.0057824776,0.0031778323,0.04683492,0.6943097,0.003604474,0.060431577,0.05191752,0.013333524,0.030857898,0.04249817
syn-0485,1,0,2,10,10,0.00042542146,0.0003410022,0.000392108,0.00042396985,0.0006238393,0.00036799186,0.0010502326,0.00030270184,0.0023223755,0.0005666271,0.9929657,0.00021802794
syn-0488,1,0,2,10,10,0.00036856986,0.00036929047,0.00035985623,0.0003626786,0.00060338184,0.0003588035,0.000575189,0.00033493192,0.0010521391,0.00070585555,0.99404,0.00086935726
syn-0489,1,0,2,11,11,0.0021086403,0.009032935,0.0017687306,0.0018142149,0.013663058,0.0068664444,0.010797819,0.001480719,0.0010993029,0.0020497604,0.020480657,0.92883766
syn-0498,1,0,2,7,7,0.00063210423,0.00047192402,0.0007797827,0.00030203076,0.00021733227,0.0010923115,0.00022621061,0.9936713,0.0011835238,0.00040287036,0.00039778813,0.0006229124
syn-0003,1,0,3,2,2,0.00047617912,0.00039092998,0.99482816,0.0006000394,0.00030135066,0.00018574743,0.00078538625,0.00053121615,0.00040294573,0.00041920185,0.0004348381,0.0006439055
syn-0010,1,0,3,9,9,0.00046217977,0.000838331,0.00033257066,0.00053666177,0.0003728254,0.00030045258,0.00023930786,0.0004224665,0.0012130823,0.9942879,0.0005931609,0.00040096097
syn-0020,1,0,3,6,6,0.00034047908,0.00030460794,0.00067037944,0.00054688065,0.00046379177,0.0007480335,0.9948369,0.00017968287,0.0004848644,0.0002604178,0.0006481696,0.0005158835
syn-0024,1,0,3,2,2,0.00055189856,0.00042387907,0.99420846,0.0006482348,0.0002995497,0.00019895937,0.0010286936,0.00061209034,0.0004673622,0.00042305203,0.00047681283,0.0006610201
syn-0027,1,0,3,4,4,0.000773807,0.00039783577,0.00030953236,0.0007158292,0.9928202,0.0010973372,0.0004910218,0.00038184837,0.0016542253,0.00044490275,0.00026346746,0.0006500219
syn-0043,1,0,3,9,9,0.00040817892,0.0005498014,0.0004231973,0.00041908462,0.0003962005,0.0004387682,0.00034038085,0.0006214875,0.0006029549,0.9930941,0.0019152511,0.0007906366
syn-0044,1,0,3,2,2,0.00050931994,0.00043906126,0.99472827,0.00060468476,0.00026604417,0.00017498796,0.00069429085,0.0006529428,0.00040606526,0.00039821124,0.00039646513,0.0007297453
syn-0052,1,0,3,4,4,0.003794141,0.001730101,0.00030526912,0.0010998533,0.9724754,0.01527969,0.00087645144,0.0005062614,0.00069130195,0.001062377,0.00076445454,0.0014146552
syn-0056,1,0,3,8,8,0.0002868076,0.00051769585,0.00033926463,0.00022621978,0.0004173026,0.00027394114,0.00060732,0.00053100876,0.99565434,0.00039336176,0.0005710817,0.00018159526
syn-0057,1,0,3,8,8,0.0013150107,0.0016639534,0.0006755886,0.00076106976,0.003244765,0.0020198917,0.0047228346,0.000619955,0.9475909,0.0015128291,0.032172445,0.0037008915
syn-0061,1,0,3,4,4,0.0019621293,0.0031639256,0.0010652298,0.0021309117,0.9062219,0.0031817418,0.0034647272,0.0006360777,0.0019630878,0.0016955959,0.003533925,0.07098079
syn-0064,1,0,3,6,6,0.00040006798,0.00033329142,0.00077459484,0.0006272477,0.0004830456,0.0006596006,0.994013,0.00018613976,0.0004795206,0.00025072313,0.00093331374,0.00085952366
syn-0070,1,0,3,2,2,0.00047533572,0.00035531534,0.99452186,0.0006377629,0.0003307055,0.00018714662,0.00091255014,0.0005998546,0.00039541634,0.00044392783,0.00044262913,0.00069762964
syn-0072,1,0,3,0,0,0.99413764,0.00057174516,0.00050653814,0.0004576191,0.0007620765,0.0007232832,0.00045628042,0.00068295427,0.0003817954,0.0005137619,0.00037919436,0.00042717322
syn-0074,1,0,3,5,5,0.0057728635,0.0036838173,0.0002994475,0.0012291137,0.0053625405,0.97464615,0.002543581,0.0006096449,0.0010513165,0.002823791,0.00080371427,0.0011739744
syn-0075,1,0,3,7,7,0.00065638724,0.00038146778,0.00067606685,0.00035279998,0.00033961597,0.0015102084,0.0002665676,0.99279964,0.00088342733,0.00056542695,0.00042826793,0.0011401041
syn-0081,1,0,3,10,10,0.0013491549,0.0020597284,0.0004761485,0.0031453145,0.004860866,0.0024111916,0.002595173,0.0003184247,0.0012786023,0.0013498137,0.9793418,0.0008139204
syn-0097,1,0,3,10,10,0.00034764077,0.0004770283,0.00033204525,0.00043540093,0.00027662257,0.00060671207,0.00070491614,0.00027153722,0.00097426877,0.0006415201,0.9946577,0.000274738
syn-0102,1,0,3,1,1,0.00073182676,0.9934337,0.00048678808,0.0007815019,0.00047112055,0.0005586505,0.00063025823,0.0004997941,0.000951109,0.00063334324,0.00040474554,0.00041718595
syn-0105,1,0,3,4,4,0.0024299962,0.0005416761,0.00027652606,0.0009435034,0.9904343,0.0013355977,0.00043802065,0.00031796886,0.00037833556,0.0008231393,0.00081633485,0.0012645281
syn-0120,1,0,3,3,3,0.0004990265,0.00090130675,0.00052144536,0.9928772,0.0009311668,0.00036795906,0.0008078275,0.00028267555,0.00037375354,0.001167161,0.00091026287,0.000360138
syn-0121,1,0,3,9,9,0.00045779388,0.00073657045,0.00040164136,0.0006082577,0.00043364218,0.00037163895,0.00031819026,0.00047719385,0.0008530819,0.9940317,0.0006625181,0.00064764504
syn-0135,1,0,3,0,0,0.9939247,0.00069237634,0.0005868952,0.00048679087,0.0007091417,0.0005871819,0.00054865156,0.00059847074,0.0005537653,0.0004521908,0.0004528537,0.00040692766
syn-0136,1,0,3,6,6,0.00047184588,0.0010110426,0.0005892322,0.0008291268,0.00096321385,0.0008158739,0.99060035,9.823047e-05,0.0004184407,0.0006386693,0.0030454337,0.0005184744
syn-0139,1,0,3,1,1,0.00055420725,0.99423236,0.00041205302,0.00071597286,0.00040784944,0.0005768474,0.0005432226,0.00037280458,0.0003474921,0.0006316896,0.0004538795,0.00075161655
syn-0147,1,0,3,0,0,0.99252784,0.0009999865,0.00059529976,0.00062417344,0.0010792651,0.0006327657,0.00041477528,0.00058865163,0.0004515553,0.0011573174,0.00043680845,0.00049159676
syn-0156,1,0,3,6,6,0.0006079832,0.00072146935,0.0005985573,0.00079150894,0.00074901985,0.00082379294,0.9938258,0.00018232697,0.00055316964,0.00031441802,0.00046083852,0.0003711993
syn-0159,1,0,3,11,11,0.00044571367,0.00070549897,0.0008145062,0.0003226069,0.00041545084,0.00052211084,0.0006218411,0.00067863736,0.0002727255,0.00052236585,0.00053423137,0.9941444
syn-0160,1,0,3,5,5,0.00092726864,0.00093200646,0.00027127072,0.00071243837,0.0004880997,0.99271154,0.0010406489,0.00093149464,0.00044139219,0.00032435163,0.00049481867,0.0007247185
syn-0168,1,0,3,1,1,0.000919942,0.9902928,0.00031514146,0.0015508137,0.001050094,0.0015806168,0.00065905997,0.00035501577,0.0006988306,0.001624086,0.00044312055,0.000510527
syn-0169,1,0,3,4,4,0.002595431,0.00041407978,0.0002887921,0.0010266103,0.9908635,0.0009896947,0.00049293385,0.00031904,0.000817287,0.0011257229,0.0005128205,0.0005539499
syn-0172,1,0,3,10,10,0.00029829037,0.00039152135,0.0003116911,0.00030092362,0.00042519998,0.00051051547,0.00060847634,0.00030328377,0.0019441479,0.0006059561,0.9939036,0.00039632994
syn-0175,1,0,3,11,10,0.0030515129,0.00823786,0.0015815588,0.0024687783,0.0028554553,0.0047285836,0.005064368,0.0021957771,0.0044486052,0.0038106719,0.8354264,0.12613052
syn-0182,1,0,3,6,6,0.00040297006,0.00042499817,0.000667067,0.00060257135,0.00036263381,0.00062718726,0.99488825,0.00019773903,0.0004145454,0.0002996082,0.00056193257,0.00055039144
syn-0183,1,0,3,4,5,0.0016705418,0.00083905325,0.0003860269,0.00096197927,0.02406995,0.96712095,0.0011045315,0.0009246749,0.0006794861,0.0004417184,0.00055893,0.0012421614
syn-0185,1,0,3,7,7,0.005497791,0.00089246425,0.0030365393,0.00097065466,0.0012934653,0.0044181384,0.0009056336,0.9569682,0.0031195723,0.015927818,0.0011459467,0.0058238613
syn-0188,1,0,3,10,10,0.0006440788,0.0005235045,0.00040138484,0.00044581367,0.00028227165,0.00037449735,0.000644236,0.00038263027,0.0006790383,0.0004874836,0.9943674,0.0007676218
syn-0189,1,0,3,10,10,0.00071507465,0.0011007901,0.00033189173,0.0010964983,0.0015865108,0.0011080703,0.0010813453,0.00023812067,0.0014596902,0.0011643704,0.98935527,0.0007623089
syn-0200,1,0,3,5,5,0.0018267209,0.001922349,0.00037026108,0.0007804057,0.0008425846,0.9797648,0.0010343746,0.010905484,0.0007731991,0.000646979,0.00046169828,0.00067111134
syn-0202,1,0,3,10,10,0.0005949442,0.00065087096,0.00038002056,0.00041982366,0.0009751665,0.0008191701,0.0006955602,0.0003633271,0.005154613,0.0033070093,0.9861399,0.0004995276
syn-0205,1,0,3,2,2,0.00048598772,0.00041285544,0.9947103,0.0005561005,0.0002655203,0.00017413247,0.00075533584,0.0005644442,0.00039587767,0.00048598772,0.0004751937,0.000718331
syn-0221,1,0,3,11,11,0.0010695081,0.0033023697,0.0008539363,0.0007828511,0.00088535564,0.0018384944,0.0020682106,0.00056939997,0.0008506071,0.0007462726,0.0056367544,0.98139626
syn-0241,1,0,3,1,1,0.002640164,0.95803475,0.0006354161,0.004151027,0.0250859,0.0018252198,0.0013282063,0.00039070463,0.0012452998,0.00186668,0.0007327892,0.0020637056
syn-0247,1,0,3,3,3,0.00047472666,0.0009367596,0.0005403049,0.99276274,0.0015993279,0.000342936,0.00070006057,0.00043076868,0.00030382446,0.00066588575,0.00058506534,0.00065748557
syn-0249,1,0,3,8,8,0.0002835997,0.00034578113,0.0003054489,0.00022108346,0.0012223142,0.0006167225,0.0003387621,0.0006361441,0.9941796,0.0005295754,0.0011015089,0.00021936298
syn-0258,1,0,3,3,3,0.0067754453,0.0073331604,0.0015928919,0.35350403,0.27692705,0.31936428,0.016317062,0.0016579637,0.0024937643,0.004454307,0.005207612,0.0043724207
syn-0273,1,0,3,0,0,0.9923259,0.0013020543,0.0005701462,0.00072390656,0.00085903093,0.000879617,0.0005163432,0.00076366495,0.00031058912,0.0005249868,0.00046149304,0.0007621749
syn-0276,1,0,3,6,6,0.00039789066,0.00031769113,0.0009144851,0.00068934215,0.00067074836,0.000697468,0.9934422,0.00025853343,0.00037196302,0.00024669428,0.0011657599,0.0008272533
syn-0289,1,0,3,8,8,0.06177409,0.066793725,0.0056182668,0.004074443,0.036886998,0.19384111,0.009199851,0.11907268,0.44675025,0.019619254,0.0031918269,0.033177488
syn-0291,1,0,3,1,1,0.0004943357,0.9941666,0.00039604784,0.0007037944,0.00040802162,0.0005060585,0.00043859915,0.00038725146,0.00039334974,0.00064568035,0.00067683245,0.0007834161
syn-0293,1,0,3,0,0,0.69902515,0.008629232,0.0035518203,0.0034865248,0.1511748,0.011351222,0.004719203,0.003740495,0.10209039,0.006297887,0.0017807427,0.0041524987
syn-0296,1,0,3,3,3,0.00062574836,0.0009432664,0.00051297026,0.990669,0.0023987386,0.0013915921,0.000816329,0.00036535237,0.00026392555,0.0007073368,0.0007409207,0.0005647647
syn-0297,1,0,3,11,11,0.0004038428,0.0010202301,0.0008376832,0.00038818223,0.00055468956,0.0005264532,0.0008504595,0.0006230455,0.00033235428,0.00046482027,0.0003572612,0.99364096
syn-0299,1,0,3,1,1,0.0008210061,0.9902823,0.0003341549,0.002018659,0.001218266,0.00091948314,0.0005185611,0.00044354884,0.00050803483,0.0020469471,0.00034041292,0.00054851256
syn-0301,1,0,3,3,3,0.00071262306,0.0011266697,0.00044856875,0.99078935,0.0028600688,0.00081622886,0.0009023808,0.0003098055,0.00033302256,0.0007094983,0.0004580865,0.00053372997
syn-0307,1,0,3,3,3,0.0014102821,0.0019763527,0.0004971145,0.982335,0.003952338,0.00077295955,0.0021820224,0.00028911608,0.0005874626,0.0030474267,0.0023301346,0.0006198785
syn-0312,1,0,3,11,11,0.0007609293,0.0011328475,0.00085386646,0.00034719007,0.00074148993,0.0009214483,0.0010362652,0.0007793547,0.0018679778,0.000556436,0.00053984317,0.99046236
syn-0321,1,0,3,9,9,0.00047630683,0.0009663448,0.00033890852,0.00090155745,0.0004902281,0.00034660686,0.00052184507,0.00026967417,0.00084973086,0.99363834,0.000783191,0.0004172719
syn-0329,1,0,3,8,8,0.000299299,0.0003258392,0.00037467259,0.00024499747,0.000547279,0.0003835577,0.00046063017,0.00085168733,0.99434704,0.001131682,0.0005229828,0.0005103693
syn-0336,1,0,3,0,0,0.9935448,0.00077778223,0.00057927007,0.00052383816,0.0008241132,0.00093681115,0.00049354427,0.0006178353,0.00040321267,0.0005344309,0.0003892835,0.0003751022
syn-0341,1,0,3,8,8,0.0002512413,0.00030722664,0.0003491548,0.00023441146,0.00039218215,0.0003185306,0.0004394377,0.00059132796,0.99606735,0.000467779,0.00039506512,0.0001863424
syn-0352,1,0,3,8,8,0.0002586064,0.00053871894,0.0003970325,0.00023136096,0.00028044058,0.00027798658,0.00047171806,0.0008485331,0.9956655,0.00045143714,0.00038256892,0.00019597038
syn-0364,1,0,3,4,4,0.0021695006,0.0017020293,0.0005853404,0.0012772533,0.9052294,0.064937346,0.0017347515,0.0005957206,0.010683872,0.0021705602,0.006720162,0.0021940025
syn-0368,1,0,3,9,9,0.0005632471,0.00075001665,0.00036330472,0.0005777314,0.0005607774,0.00039629385,0.0003116627,0.00044884055,0.0018938461,0.99284303,0.00048840273,0.00080288434
syn-0379,1,0,3,3,3,0.0044267033,0.00330091,0.0019605048,0.71873945,0.24263577,0.0033154476,0.0016300844,0.0011029702,0.0012719928,0.010539045,0.009167665,0.0019094874
syn-0385,1,0,3,5,5,0.003933339,0.0024046956,0.00080862467,0.0015375,0.3300679,0.64624155,0.0020328823,0.003170187,0.0019162545,0.0028570413,0.0011788422,0.0038511453
syn-0386,1,0,3,10,10,0.00039395347,0.000316396,0.00038671118,0.0003307716,0.0004835075,0.00046851713,0.00047230703,0.00037135216,0.00071932556,0.0005167055,0.9952064,0.00033401762
syn-0388,1,0,3,5,5,0.021983046,0.0028126275,0.0019635307,0.015603544,0.007217452,0.83994627,0.031443164,0.06144261,0.00377189,0.0026707556,0.004945966,0.006199089
syn-0401,1,0,3,11,11,0.0017834074,0.027491516,0.0020248163,0.0008133202,0.0010082471,0.0014777749,0.002647152,0.00092251296,0.00042071062,0.0026993623,0.0008923856,0.9578188
syn-0409,1,0,3,10,10,0.000358035,0.0007301254,0.00039650218,0.0005011034,0.00032679146,0.00031504047,0.00055657,0.00035559584,0.0006196872,0.00074543525,0.9948212,0.00027397936
syn-0413,1,0,3,9,9,0.00047434733,0.0008152083,0.0004663097,0.0004526254,0.00045706722,0.00033949764,0.00023700757,0.0005545682,0.0004942075,0.9943942,0.0005575549,0.0007574499
syn-0417,1,0,3,7,11,0.010895252,0.009036892,0.010290263,0.005961367,0.22722137,0.10934188,0.015492838,0.07170815,0.041460983,0.011580958,0.011586614,0.47542349
syn-0418,1,0,3,0,0,0.99277765,0.0006823531,0.00058194005,0.0006714462,0.0013476117,0.00071405317,0.0006914085,0.00052062987,0.00032564285,0.00048197436,0.00066654634,0.00053873245
syn-0440,1,0,3,1,1,0.0011652488,0.9914321,0.0005106154,0.0007793562,0.0006320671,0.00079861766,0.0006931738,0.00046902485,0.0019101797,0.0007109993,0.00041472216,0.00048391332
syn-0452,1,0,3,10,10,0.00034981917,0.0003247961,0.00045093475,0.00046411448,0.0003745689,0.000690116,0.0030725647,0.00027999174,0.0018374018,0.000745647,0.99116385,0.000246369
syn-0453,1,0,3,1,11,0.0017568741,0.015628293,0.0016666269,0.0016747847,0.040814765,0.0032219326,0.0075644446,0.0008799677,0.0068835653,0.0021843307,0.025243664,0.8924807
syn-0456,1,0,3,11,11,0.0021808464,0.00502073,0.0019264707,0.024285255,0.062684335,0.002537249,0.0035502494,0.0013741002,0.0010352014,0.0025772047,0.0017712851,0.8910571
syn-0459,1,0,3,5,8,0.01993813,0.028854411,0.002483394,0.0029376056,0.150965,0.024813404,0.012715286,0.00151215,0.7430758,0.003585198,0.0066167656,0.0025028714
syn-0460,1,0,3,8,8,0.0004256945,0.00133481,0.00044243623,0.0002566883,0.00044590625,0.0003347847,0.001593663,0.0005008565,0.99311805,0.0005778915,0.0006746346,0.00029458216
syn-0461,1,0,3,2,2,0.00049145555,0.00039258858,0.9946682,0.0005394949,0.0002868035,0.00018391274,0.000750937,0.00065529876,0.00043860622,0.00045010503,0.00045741646,0.00068507256
syn-0468,1,0,3,6,6,0.0004311421,0.00039660532,0.0006896784,0.00060033787,0.00040999494,0.00045872436,0.99508,0.00017937609,0.00039699284,0.00031145115,0.0005800235,0.00046560707
syn-0476,1,0,3,7,7,0.00061314675,0.000454985,0.0006578104,0.00044336155,0.0003908833,0.0074769547,0.00029591986,0.9860051,0.0012109606,0.0012114411,0.00054321793,0.00069614465
syn-0487,1,0,3,6,6,0.00042478053,0.00037984233,0.0006328632,0.0006512808,0.00060521066,0.00081242656,0.99437875,0.0001708743,0.00079021114,0.00022747969,0.00053710403,0.00038922994
syn-0490,1,0,3,7,7,0.00065783353,0.0003750053,0.00059546495,0.00028907505,0.00032469854,0.0016150889,0.00032756495,0.9928033,0.0008306664,0.0009744576,0.00032756495,0.0008792884
syn-0493,1,0,3,8,8,0.00023030707,0.00031525388,0.00032257236,0.00021299922,0.00047777971,0.0003758385,0.00038682338,0.0005909883,0.99598134,0.00039832373,0.00052756444,0.00018024127
syn-0008,1,0,4,8,8,0.00023340335,0.00034092902,0.00038200888,0.00026344956,0.00036044465,0.00034310002,0.0006094061,0.00088495057,0.9956654,0.00034360297,0.00037116074,0.00020219112
syn-0014,1,0,4,0,0,0.99265516,0.00074168143,0.0005303147,0.00053787744,0.0011703593,0.00083756755,0.000791639,0.00055495155,0.00048050508,0.0005352575,0.0005190428,0.00064564374
syn-0019,1,0,4,0,0,0.98656684,0.00055100943,0.000513096,0.0017718811,0.0022136036,0.00093867263,0.00088137086,0.00047453624,0.00046581254,0.00096846925,0.0039926907,0.00066205306
syn-0022,1,0,4,10,11,0.001507097,0.018576626,0.0013856938,0.00260403,0.0032861817,0.001955096,0.0020439266,0.00068196055,0.00057990395,0.008848119,0.005732334,0.9527991
syn-0035,1,0,4,9,9,0.0023444882,0.039326213,0.0010378234,0.0024654148,0.0016343207,0.0015701767,0.0016359173,0.0009016766,0.0025736594,0.8863622,0.05733117,0.0028169672
syn-0037,1,0,4,8,8,0.0007550522,0.0010868562,0.0007325368,0.000705162,0.0033100636,0.001874255,0.0032910265,0.00047157766,0.94747186,0.0031020767,0.036665786,0.0005338459
syn-0039,1,0,4,1,1,0.0005931797,0.99431944,0.00036634074,0.0006675815,0.0005507487,0.00073105,0.0004848489,0.0003148816,0.00034046816,0.00046151792,0.00056051544,0.00060932565
syn-0041,1,0,4,10,10,0.0014264547,0.0021030228,0.00092549645,0.0026455207,0.0038760859,0.0012429615,0.0029041176,0.00042124765,0.007817494,0.08331053,0.89043987,0.0028871512
syn-0046,1,0,4,8,8,0.017441878,0.0051892735,0.0009216814,0.0008466088,0.002070965,0.0031164861,0.0028155104,0.0019684243,0.9393632,0.021516822,0.0014542628,0.0032948814
syn-0048,1,0,4,11,11,0.0016318233,0.005026369,0.0014246921,0.0014177525,0.051463347,0.0030951446,0.0010321976,0.0016591401,0.0017817367,0.0029332873,0.0019597234,0.9265748
syn-0054,1,0,4,5,5,0.00073244417,0.00045025532,0.00024684006,0.00052846206,0.00075063773,0.9930589,0.0006194963,0.0015017776,0.0004751002,0.0003656977,0.0007062789,0.00056405773
syn-0055,1,0,4,3,3,0.0003540249,0.00084008503,0.00060590357,0.99430275,0.00066936546,0.0005679444,0.00067593425,0.0002638609,0.00026854005,0.0005956367,0.0004052974,0.00045081927
syn-0076,1,0,4,5,5,0.0018623945,0.0016147221,0.00027001186,0.0006192717,0.0012268798,0.9900366,0.0013906187,0.00055701216,0.0004920418,0.0006508953,0.0005551116,0.0007243556
syn-0080,1,0,4,3,3,0.000344273,0.0007498532,0.0004905067,0.99420303,0.0008799909,0.0004714854,0.0006851703,0.0002751493,0.00035260935,0.00060584286,0.00054480036,0.00039722442
syn-0084,1,0,4,5,5,0.00064060604,0.00065659854,0.00021573174,0.00081207865,0.00097056746,0.99311924,0.00071569526,0.0009489744,0.00043197672,0.0003210178,0.00058929005,0.00057817437
syn-0106,1,0,4,10,10,0.0008131081,0.0018319201,0.0010867025,0.0019095516,0.0008479793,0.00052140554,0.01748718,0.00041045662,0.009242133,0.0025626915,0.9622561,0.0010308806
syn-0108,1,0,4,8,8,0.00063915615,0.0009133164,0.0004895797,0.0003857795,0.0010006359,0.00089608866,0.00101689,0.0005911228,0.9817214,0.0006335632,0.010831641,0.00088090484
syn-0109,1,0,4,3,3,0.0005386407,0.001702627,0.000610062,0.9877737,0.00091693003,0.00044242523,0.0010009229,0.00028149734,0.00039082032,0.004917102,0.0008798676,0.00054525625
syn-0111,1,0,4,3,3,0.0003852095,0.0011337148,0.0007581728,0.993765,0.0006716219,0.00054642477,0.0007599333,0.0002518875,0.00029679603,0.00043246872,0.0005061012,0.0004926904
syn-0113,1,0,4,11,11,0.00086773693,0.0012519602,0.0008726232,0.00040196188,0.00056354544,0.00070788054,0.00069656566,0.00046902412,0.001399329,0.00070857216,0.000630217,0.9914306
syn-0124,1,0,4,6,6,0.0004754162,0.0015164126,0.00062187883,0.0024922194,0.0010131124,0.0006482324,0.99081236,0.00013694257,0.0004330828,0.0005122935,0.0007506787,0.0005873473
syn-0129,1,0,4,11,11,0.0030762076,0.014870526,0.0023864128,0.0043254574,0.21481802,0.0019515413,0.0020392148,0.0025452897,0.00588915,0.008237385,0.0074409484,0.7324198
syn-0138,1,0,4,4,4,0.0004962174,0.00078275887,0.00046229968,0.001052289,0.99163634,0.0009446485,0.00073371985,0.0004582543,0.0005576398,0.00055249035,0.0010285404,0.001294782
syn-0140,1,0,4,11,11,0.0012610947,0.0015595268,0.0013836897,0.001920125,0.002262184,0.0013629028,0.0010069063,0.0014852072,0.0005233973,0.03474022,0.0006089329,0.9518857
syn-0142,1,0,4,4,3,0.0024098128,0.0019812903,0.0013617196,0.70953345,0.2693085,0.0034058562,0.0021464739,0.0009395582,0.0014270698,0.0037460846,0.0019900163,0.0017501907
syn-0143,1,0,4,1,1,0.0013509927,0.98764384,0.0005646921,0.00081324024,0.00034518933,0.00085143663,0.001011106,0.00043508367,0.0039620735,0.001030545,0.0011412664,0.0008506055
syn-0145,1,0,4,2,2,0.0049793464,0.004447684,0.9442735,0.017515935,0.002856607,0.0021753153,0.0019961817,0.0041099223,0.0014086099,0.0038562042,0.0023809643,0.009999791
syn-0146,1,0,4,10,10,0.0003746445,0.0004257734,0.00033305306,0.0003901397,0.00051483617,0.00045367624,0.00052371016,0.00032788957,0.0005447054,0.0006089251,0.99524397,0.0002587495
syn-0150,1,0,4,3,1,0.0017462367,0.59555525,0.0020158032,0.38152704,0.0033577515,0.0020595798,0.003349564,0.001239477,0.0013168418,0.00419412,0.0015350404,0.0021032803
syn-0165,1,0,4,8,8,0.00066508655,0.0007276068,0.00076550985,0.00061630696,0.0027598215,0.00072618714,0.003727712,0.00044174705,0.9681286,0.0042561414,0.016657572,0.0005276704
syn-0174,1,0,4,10,10,0.00035742746,0.0003551658,0.00047792782,0.00037825666,0.00030557465,0.0003364285,0.00055623625,0.00035795142,0.0005131174,0.00048914214,0.99556065,0.00031205837
syn-0176,1,0,4,10,10,0.00030768363,0.0004418138,0.00031605858,0.00040741562,0.0006249616,0.0004056291,0.00066856534,0.00026202176,0.00056924246,0.0005928586,0.9951165,0.0002872131
syn-0178,1,0,4,9,9,0.0018829976,0.0026972694,0.0013184011,0.002715771,0.008515586,0.0016391751,0.0019182621,0.0009740285,0.0054267296,0.9003529,0.024514658,0.048044264
syn-0187,1,0,4,3,3,0.00038290586,0.00088340853,0.00050776347,0.99411243,0.00082207145,0.0005711727,0.0005514412,0.00031790545,0.0002869233,0.0006428141,0.00045426813,0.00046686095
syn-0195,1,0,4,4,5,0.0014962548,0.001267377,0.00035073704,0.0013953439,0.04298604,0.9445599,0.0017677601,0.00075641606,0.002078105,0.0011021922,0.0008921467,0.0013477991
syn-0206,1,0,4,8,8,0.0009643689,0.0006845081,0.0008280969,0.0006312145,0.0026509513,0.0011002688,0.0013434778,0.00073724426,0.94984305,0.0018876818,0.03859689,0.00073222164
syn-0211,1,0,4,0,0,0.9938042,0.00052040536,0.00053118786,0.00052167743,0.00087652943,0.0007009661,0.00049973634,0.00062711595,0.00029220615,0.00054564653,0.00046831413,0.00061199086
syn-0215,1,0,4,10,10,0.0005097934,0.00082465296,0.00044291624,0.0007284647,0.001934774,0.00076193485,0.001300215,0.00023226357,0.0019947288,0.006464265,0.98405325,0.0007526904
syn-0217,1,0,4,6,6,0.0009859713,0.00090544095,0.00057933957,0.00068899133,0.00060359563,0.0009457717,0.9917252,0.00019067315,0.0010201294,0.00046939266,0.0013236955,0.00056178943
syn-0223,1,0,4,6,6,0.0004227744,0.00038194485,0.00059679,0.0007052536,0.0007045652,0.0006087092,0.993071,0.00013996186,0.0010358285,0.00046387364,0.0011923768,0.0006769124
syn-0225,1,0,4,7,7,0.0006468111,0.00038906772,0.00062905723,0.00027589034,0.00070588803,0.002616297,0.00016980521,0.98719287,0.002022705,0.0031604827,0.00052662456,0.0016644412
syn-0228,1,0,4,6,6,0.0018948946,0.001962697,0.0035548524,0.4091833,0.009313346,0.002238189,0.5636738,0.0007822332,0.0013944814,0.002229463,0.0017169173,0.0020558843
syn-0229,1,0,4,7,7,0.0011951263,0.00023660173,0.0008568334,0.0003736836,0.00037808847,0.002933514,0.00025632762,0.9907545,0.0012640011,0.00059539784,0.00047076854,0.0006852987
syn-0230,1,0,4,9,9,0.00045814842,0.00063545525,0.00037852238,0.0003561101,0.00038806678,0.00027612277,0.00024154516,0.0008299541,0.0007762036,0.99480164,0.00044666216,0.00041168544
syn-0232,1,0,4,8,8,0.00046589266,0.00056665804,0.00039811013,0.00035374085,0.0006909022,0.0004783403,0.0005829354,0.0007551115,0.99156636,0.0035104041,0.00042752712,0.00020413057
syn-0234,1,0,4,4,6,0.0032119718,0.0028428715,0.0029074477,0.1733246,0.20145312,0.006083357,0.5874959,0.0005581569,0.0046962663,0.0067221653,0.0071139024,0.0035902183
syn-0236,1,0,4,11,11,0.013707735,0.14336191,0.004671799,0.0051009906,0.024476983,0.010199166,0.016381994,0.0029007858,0.067126796,0.02424059,0.006556201,0.681275
syn-0237,1,0,4,4,4,0.000950409,0.00039304627,0.0002933736,0.0008971694,0.99388474,0.0005929204,0.00042643942,0.0002974121,0.0005406515,0.0006305444,0.00047064456,0.0006225901
syn-0255,1,0,4,2,2,0.0004887673,0.0003802808,0.9945549,0.00059549697,0.00031820228,0.00022399261,0.00079986284,0.0006022224,0.0004234061,0.0004137999,0.00046752507,0.0007316695
syn-0264,1,0,4,0,0,0.9932104,0.0007379409,0.0004481305,0.00042283372,0.001061383,0.00077448913,0.00044529492,0.0006597119,0.0007305912,0.00053739053,0.0004106257,0.0005612588
syn-0270,1,0,4,10,10,0.00047553188,0.0003684507,0.00030530727,0.00036433598,0.0004915861,0.00039528994,0.00079520035,0.0002454411,0.0005469331,0.000516311,0.99517524,0.00032027188
syn-0294,1,0,4,1,1,0.0005335478,0.9943276,0.00039727418,0.0007839257,0.00039882906,0.00072448194,0.0006001768,0.00034080364,0.00036741854,0.00050416717,0.00040039007,0.0006213486
syn-0300,1,0,4,10,10,0.00040913167,0.00029772372,0.0005052102,0.00043044443,0.00032794493,0.00035598082,0.0006161318,0.00039906913,0.0004833713,0.00045686532,0.99541205,0.00030612637
syn-0316,1,0,4,0,0,0.98171794,0.00079002086,0.00043036666,0.0008299586,0.005866081,0.0054093674,0.000982237,0.00051457866,0.0005526017,0.0010050393,0.00072567223,0.001176158
syn-0327,1,0,4,1,1,0.00079960097,0.99168396,0.00040720153,0.0006178838,0.0005503628,0.000692335,0.00060327584,0.00032055387,0.001850976,0.00056396483,0.00058757706,0.0013223889
syn-0330,1,0,4,0,0,0.99118584,0.00068325776,0.00044352017,0.00054394314,0.0021969844,0.0014974817,0.000574238,0.0006930016,0.00024565373,0.000688953,0.0006148654,0.0006322187
syn-0334,1,0,4,6,6,0.0009644269,0.0018031067,0.00086324126,0.0016963453,0.0063289,0.012068928,0.9719517,0.000251463,0.0007521975,0.0006795538,0.0010785259,0.0015616022
syn-0339,1,0,4,7,7,0.0007539388,0.00037901168,0.000783231,0.00035500692,0.00023787533,0.0012412155,0.0002068716,0.994144,0.00044855176,0.00042343792,0.0004328449,0.00059408945
syn-0340,1,0,4,9,9,0.0004628443,0.0006924408,0.00035280173,0.00048529354,0.00048222282,0.00026039386,0.00021841873,0.0004416491,0.00052910123,0.9947455,0.0007942749,0.0005350767
syn-0345,1,0,4,7,7,0.003596899,0.0014612837,0.0014555866,0.0009772346,0.0035028707,0.105386615,0.0017463674,0.87040937,0.0025434322,0.002140739,0.00165666,0.005122844
syn-0358,1,0,4,2,2,0.0007056653,0.0005613706,0.991954,0.00043400543,0.00031814593,0.00029166215,0.00094046316,0.0016058472,0.0007173031,0.0006250322,0.00059090235,0.0012556064
syn-0359,1,0,4,4,4,0.0005632146,0.00075974065,0.00039976917,0.0007403316,0.9918167,0.0008210746,0.0009717231,0.00031810187,0.0016810378,0.0005293496,0.00054508727,0.00085399084
syn-0360,1,0,4,0,0,0.9919459,0.00075135415,0.00042560755,0.0005978628,0.002285138,0.00090852135,0.00045129057,0.00054197334,0.00028076052,0.00056549266,0.0005414443,0.00070462667
syn-0374,1,0,4,8,8,0.0003662401,0.00032669643,0.00031510266,0.00031188814,0.0005574959,0.00039349427,0.0006278816,0.00040817156,0.9955036,0.00038120153,0.00064749643,0.00016070312
syn-0375,1,0,4,8,8,0.00023670463,0.00036482955,0.00031023216,0.00022258068,0.00035085317,0.00023601217,0.0007490387,0.0005241275,0.9950648,0.0010419703,0.00060948473,0.00028945072
syn-0383,1,0,4,2,2,0.0004544215,0.0003544226,0.99444807,0.00060230476,0.00031400105,0.00025453424,0.000684169,0.00081009394,0.000395387,0.00045843306,0.00047996474,0.0007442011
syn-0393,1,0,4,2,2,0.0006110885,0.00042588005,0.9940361,0.0008112424,0.00029833012,0.00026585907,0.0007221507,0.0007152202,0.00040341206,0.00045824313,0.00040282152,0.0008497598
syn-0399,1,0,4,8,8,0.00026014002,0.00029020713,0.00034699345,0.000216931,0.0005432383,0.0004416496,0.00056681246,0.0004726655,0.9937757,0.000750538,0.0021142063,0.00022077795
syn-0402,1,0,4,1,4,0.003324035,0.10632616,0.0010162515,0.0040370543,0.86118406,0.006004189,0.0036311822,0.00051803765,0.002730274,0.0027156489,0.002637243,0.0058758515
syn-0403,1,0,4,9,9,0.0006913247,0.0009036407,0.0003554293,0.00051993167,0.0005186639,0.00027331666,0.00023083098,0.00047386574,0.0017490572,0.99338466,0.0005486213,0.000350603
syn-0406,1,0,4,4,4,0.11670718,0.002246723,0.00132984,0.0057316083,0.6983571,0.006235288,0.0033727312,0.0016214177,0.0018974814,0.0057288106,0.15103032,0.005741412
syn-0419,1,0,4,1,1,0.0004988461,0.9939733,0.00036478546,0.00072741346,0.0006217341,0.00050546625,0.00044346636,0.0003334409,0.00034301906,0.00053153775,0.00079695927,0.000860037
syn-0422,1,0,4,1,1,0.00059188047,0.9940812,0.000630669,0.00069723534,0.0003360926,0.00050404225,0.0004955014,0.0005028132,0.0003487991,0.0005590147,0.0004967127,0.00075610314
syn-0425,1,0,4,5,5,0.00080276746,0.0010893787,0.00018694036,0.00042127664,0.004573597,0.98858696,0.0007435269,0.00051314343,0.00061806303,0.00044408857,0.0006935511,0.0013267751
syn-0429,1,0,4,2,2,0.001431787,0.0014223801,0.9835317,0.00066454354,0.0005557895,0.00046710842,0.0012324709,0.004561332,0.001015289,0.0015545696,0.0010343032,0.0025285573
syn-0436,1,0,4,6,6,0.00035479607,0.00036605852,0.0005428517,0.0005558608,0.00039310718,0.00043449303,0.99501,0.00015613834,0.00047603363,0.0003227302,0.0008958857,0.00049198465
syn-0444,1,0,4,5,5,0.0008387214,0.0008617612,0.00023256359,0.0006670565,0.0022011215,0.9882153,0.0041142446,0.0006145212,0.00060322403,0.00039406167,0.00049378164,0.0007636645
syn-0445,1,0,4,6,6,0.00058438734,0.00047626492,0.00068005617,0.00060796354,0.0004704865,0.00072586274,0.9916123,0.00022224207,0.0031223628,0.00042629617,0.0005614513,0.00051020976
syn-0454,1,0,4,11,11,0.0006634757,0.0046665524,0.0010003815,0.0008721224,0.007119118,0.0013814524,0.0011961313,0.001160463,0.00073296775,0.0013468179,0.00078176544,0.97907865
syn-0463,1,0,4,11,11,0.00050640706,0.00065951253,0.0009513043,0.0004958853,0.00052299263,0.0005732743,0.00050963176,0.0012297275,0.0002776237,0.0005161429,0.00036244333,0.99339515
syn-0465,1,0,4,7,7,0.0019945253,0.00042733707,0.0014857379,0.0009439314,0.00066902087,0.0089952145,0.0010057915,0.9805356,0.0006825493,0.0007372914,0.0009256742,0.0015971778
syn-0471,1,0,4,5,5,0.0012593874,0.0071943873,0.00039686475,0.0007634842,0.008754696,0.97313976,0.000785799,0.0005980963,0.00060043717,0.0008659862,0.0008672557,0.004773811
syn-0481,1,0,4,9,9,0.00043674972,0.0005141146,0.0004886591,0.0004953858,0.00033339928,0.00022580964,0.00025438095,0.00073222216,0.00055345293,0.99482024,0.0006974131,0.00044819986
syn-0492,1,0,4,6,6,0.00037277894,0.0003163734,0.000654567,0.00062864623,0.00038068858,0.0004697435,0.99513537,0.00022522038,0.00045141717,0.0002972053,0.00064963166,0.00041830883
syn-0497,1,0,4,5,5,0.0012144895,0.001501068,0.0002680938,0.0003885534,0.0009481574,0.9858878,0.0020508403,0.0033158644,0.0014543523,0.0007478601,0.000783368,0.0014396035
syn-0002,2,0,0,1,1,0.00059844065,0.99436015,0.00038057784,0.0006037236,0.0004453753,0.00058457785,0.0004961248,0.0003207918,0.00035612594,0.0005755148,0.00049082376,0.00078778854
syn-0004,2,0,0,10,10,0.0004011069,0.00037423804,0.00040901804,0.00042489628,0.0006095281,0.00055281795,0.0019159112,0.00032261334,0.005975361,0.0010412815,0.9873913,0.0005818998
syn-0011,2,0,0,10,10,0.00086151145,0.004211105,0.00089320954,0.0010607125,0.001830958,0.0030246412,0.004998064,0.00071701343,0.050315633,0.0132544255,0.91658944,0.0022433365
syn-0013,2,0,0,6,6,0.00041865805,0.00043194764,0.0005924239,0.0004737073,0.0003147876,0.00056446734,0.994994,0.00019205036,0.0004378938,0.0003025805,0.0008315345,0.00044609458
syn-0017,2,0,0,3,3,0.00041433747,0.00069830334,0.00075689156,0.9939038,0.0005281375,0.00058659643,0.000616702,0.0005207117,0.00027722388,0.0006518444,0.00056882645,0.00047666676
syn-0018,2,0,0,3,3,0.0016130451,0.0024752626,0.002912303,0.6041998,0.009761213,0.0020813288,0.36933997,0.0006134398,0.0016098977,0.0019976888,0.0017137273,0.0016822228
syn-0025,2,0,0,8,8,0.00027667,0.00028601056,0.000372482,0.00023780673,0.0003876984,0.0003271131,0.00053121627,0.000681679,0.9958003,0.00039207703,0.00048226296,0.00022471158
syn-0031,2,0,0,0,0,0.9939097,0.0007293229,0.0005409292,0.00042895615,0.00094346836,0.000596711,0.00042645013,0.0006537608,0.00041232177,0.0004506411,0.00045108137,0.0004566215
syn-0036,2,0,0,5,5,0.00081929535,0.00079041324,0.00031525013,0.000578985,0.0059078103,0.9877364,0.00083974877,0.00046296147,0.00050920906,0.0004661371,0.00096348213,0.0006103368
syn-0037,2,0,0,8,8,0.00059304485,0.0013299376,0.00058442104,0.00065069663,0.0026543573,0.0020091862,0.003241782,0.0004700543,0.9677519,0.0019559464,0.018395115,0.0003635847
syn-0039,2,0,0,1,1,0.00066331273,0.99400985,0.00035254084,0.0006992308,0.00076421426,0.00075604883,0.00045222955,0.00027725345,0.00035774297,0.00054257084,0.00047625226,0.0006487385
syn-0064,2,0,0,6,6,0.00042051278,0.0003251058,0.00071009627,0.0006317269,0.0006158889,0.000580555,0.9940485,0.0001520767,0.0005089719,0.00032733582,0.00097295915,0.0007062926
syn-0076,2,0,0,5,5,0.0016484219,0.0022587709,0.00032405904,0.0007399697,0.0023027586,0.98794925,0.0015516712,0.0006152564,0.00073780504,0.0008174736,0.0005239491,0.00053064316
syn-0081,2,0,0,10,10,0.00045344635,0.0014931591,0.00038975163,0.00070162595,0.0012159691,0.00076983316,0.0008746811,0.00025238088,0.0009259925,0.00069923187,0.9918296,0.0003943459
syn-0082,2,0,0,1,1,0.0021939913,0.597733,0.002946577,0.005356445,0.003739401,0.04063654,0.22292072,0.0027092176,0.011147448,0.006473738,0.09853481,0.0056080264
syn-0083,2,0,0,0,0,0.9931403,0.0006026886,0.0005790342,0.0006221237,0.0014009508,0.00076298666,0.00055224856,0.00050454965,0.00035326587,0.00043177494,0.0005689448,0.00048120963
syn-0095,2,0,0,11,11,0.00046724713,0.0015018617,0.00088559743,0.00045508813,0.001649271,0.00063213584,0.00074592995,0.0005338735,0.00033588876,0.00056941644,0.00068383565,0.9915399
syn-0100,2,0,0,2,2,0.0004604155,0.00037651483,0.9948547,0.0005193046,0.000248012,0.00022101766,0.00077279407,0.0005852971,0.00041534187,0.00036671697,0.00047852268,0.00070136454
syn-0121,2,0,0,9,9,0.0004314351,0.00066870934,0.00040608813,0.00064908544,0.0004324897,0.00023399522,0.00034380215,0.00054485275,0.00074764015,0.9942986,0.0006383986,0.0006048664
syn-0123,2,0,0,10,10,0.0003357448,0.0004133766,0.00041378048,0.0005072221,0.00036355882,0.0004051833,0.0010790451,0.00022180541,0.001060761,0.0005152096,0.9945082,0.00017614927
syn-0134,2,0,0,5,5,0.0014693881,0.0005035478,0.00040421708,0.0006251472,0.004431455,0.9844157,0.0007678187,0.001919956,0.0030605993,0.0006936664,0.0012432537,0.00046525095
syn-0135,2,0,0,0,0,0.9938962,0.00058975106,0.00063549716,0.0004711098,0.0007005178,0.00059495727,0.0005591836,0.0006923565,0.00047712878,0.00049468403,0.0004761978,0.00041251752
syn-0138,2,0,0,4,4,0.00058911287,0.0011228635,0.00048459106,0.0011800593,0.98991627,0.00068807055,0.00072816806,0.00058538525,0.00066106505,0.00080090854,0.0010995335,0.0021438657
syn-0144,2,0,0,9,9,0.00045023375,0.00063866255,0.00036890825,0.00060158136,0.00035825724,0.00021931926,0.0002404051,0.0004949681,0.0006018752,0.9949527,0.0006173528,0.00045576345
syn-0148,2,0,0,7,7,0.0006728065,0.0005275764,0.0008662238,0.0002566185,0.0004318587,0.002624868,0.00025737143,0.98801184,0.0016216809,0.0012933115,0.0004352458,0.0030006224
syn-0150,2,0,0,3,3,0.00061066705,0.023162596,0.0009370855,0.96773726,0.0014205369,0.0005426084,0.0014549341,0.00040798547,0.0005490044,0.001537092,0.00087345974,0.0007666964
syn-0151,2,0,0,10,11,0.0015323068,0.004764992,0.0014895202,0.0012445407,0.0033583245,0.002978218,0.004211255,0.001220469,0.0021046668,0.007859981,0.04395734,0.92527837
syn-0152,2,0,0,3,3,0.00086679036,0.0010719122,0.00070297724,0.98360217,0.009237329,0.0006036417,0.00079657754,0.0003757258,0.00045012427,0.00090264063,0.0007095293,0.0006806838
syn-0158,2,0,0,1,1,0.0006189818,0.99441695,0.00041780277,0.00064426806,0.00043529551,0.00047366382,0.0006819796,0.0003316408,0.00041112455,0.0005354226,0.00042396798,0.0006087906
syn-0160,2,0,0,5,5,0.00073875656,0.00080968335,0.00036251082,0.00080800476,0.0004604997,0.9926103,0.0010116806,0.0011444879,0.00055709836,0.00028537284,0.0005210507,0.00069061713
syn-0161,2,0,0,2,2,0.00049290154,0.00036026252,0.9946765,0.000610289,0.0003023363,0.00022777011,0.0007968419,0.0006126776,0.00039916387,0.00039163453,0.0004503286,0.0006793322
syn-0163,2,0,0,4,4,0.00075722346,0.00040899034,0.00032735177,0.00080272165,0.99312663,0.0008993349,0.00033218227,0.0003830869,0.0012937535,0.0006510168,0.00030423282,0.0007134327
syn-0165,2,0,0,8,8,0.0018077971,0.0020706265,0.00200692,0.0018524759,0.0070128604,0.0021052891,0.014026343,0.0010627491,0.55159396,0.008638215,0.4067199,0.001102928
syn-0169,2,0,0,4,4,0.0023107156,0.000378136,0.00026090597,0.0012784762,0.990879,0.001447775,0.00043480707,0.00033435627,0.00050389266,0.0009658399,0.00055531267,0.0006508132
syn-0170,2,0,0,6,6,0.00047747625,0.00062289846,0.00076458993,0.0006972726,0.00065952004,0.00056041114,0.99413437,0.00016205697,0.0005160229,0.00041707265,0.0005030856,0.00048523227
syn-0174,2,0,0,10,10,0.00033009646,0.00032609142,0.0004548381,0.00037059415,0.0003145192,0.00034458938,0.00050481374,0.00037845745,0.00056515756,0.0005400677,0.9956027,0.00026810454
syn-0175,2,0,0,11,11,0.003613396,0.013720301,0.0022185529,0.0036399586,0.0031655408,0.005585617,0.0057996213,0.0025213256,0.0036081069,0.005870851,0.3254264,0.6248303
syn-0176,2,0,0,10,10,0.00028683405,0.00042184838,0.0003144109,0.0004427414,0.00066414697,0.00036436698,0.0009564701,0.0002479919,0.0005976676,0.0006433205,0.99477416,0.0002861346
syn-0186,2,0,0,3,3,0.0004421384,0.0010552753,0.00056440016,0.9939044,0.0007127723,0.00046813273,0.00079787744,0.00028435304,0.0002556403,0.0005010084,0.0004327406,0.00058132183
syn-0198,2,0,0,0,0,0.7721645,0.0115204025,0.0020514228,0.013561102,0.1505706,0.02924651,0.0072676004,0.0011954163,0.0011700075,0.0037383013,0.0021879976,0.0053261844
syn-0203,2,0,0,8,8,0.00022437375,0.00043716273,0.00032297373,0.0002421325,0.00053929695,0.00031641775,0.00073731155,0.00038939054,0.9952748,0.0005156068,0.00078692666,0.00021368118
syn-0206,2,0,0,8,8,0.0004712436,0.0005802059,0.00049724657,0.0003801369,0.001640741,0.0008098743,0.0007626662,0.0005324268,0.9854789,0.0011609413,0.0071796644,0.0005060645
syn-0221,2,0,0,11,11,0.00082504185,0.00160994,0.0007046627,0.00058276136,0.0006252117,0.0014051578,0.0013729425,0.00045164436,0.0008834136,0.00054745364,0.0021384289,0.98885334
syn-0234,2,0,0,4,4,0.0023191364,0.0009824637,0.001430873,0.015241277,0.8236564,0.0053590154,0.1376468,0.00047928237,0.004481179,0.003503605,0.0032418878,0.0016582214
syn-0237,2,0,0,4,4,0.0012010112,0.00038560398,0.00029899183,0.0009561281,0.99332654,0.0005361429,0.0004425291,0.00030668062,0.00053955696,0.0007167191,0.0005679412,0.00072216394
syn-0240,2,0,0,6,6,0.003113694,0.0023908522,0.0016129988,0.0060311803,0.42426607,0.019497428,0.5300742,0.0007574753,0.004712019,0.003221959,0.0024308749,0.0018913196
syn-0241,2,0,0,1,1,0.0019620669,0.9775583,0.0003909558,0.0019625458,0.011117222,0.0019180198,0.0009036889,0.00027831423,0.0008374095,0.0011694604,0.00053541793,0.0013665702
syn-0252,2,0,0,8,8,0.0002477399,0.00036954836,0.0003663146,0.0002242519,0.00040985245,0.000262177,0.0005771386,0.00049329136,0.99570614,0.00043162412,0.00070954603,0.00020239694
syn-0258,2,0,0,3,3,0.004158558,0.0040306123,0.0017625644,0.47645783,0.07137458,0.41801605,0.009177687,0.0022433735,0.001887266,0.0035431352,0.0039142407,0.0034341244
syn-0268,2,0,0,6,6,0.0004270555,0.0004922584,0.0006251662,0.0007333958,0.0015129347,0.0006072647,0.99289364,0.000144238,0.00054942217,0.0005372192,0.00073000166,0.0007474956
syn-0270,2,0,0,10,10,0.0041128853,0.002091445,0.00054279604,0.0012364204,0.010221826,0.0017797595,0.0025525019,0.00041092606,0.0011104869,0.0038655852,0.9709122,0.0011632121
syn-0271,2,0,0,2,2,0.0005603979,0.00050331955,0.99362564,0.0010227708,0.00029559748,0.000208589,0.0008779781,0.0005917537,0.0004012813,0.0005047962,0.0005423612,0.0008656334
syn-0272,2,0,0,3,3,0.0024828454,0.0032744133,0.0054469174,0.9597575,0.0062969746,0.0012622448,0.011272259,0.00037862465,0.00064784713,0.0012947042,0.005850827,0.0020348674
syn-0289,2,0,0,8,8,0.033992093,0.009644254,0.0027739394,0.0024768494,0.02129249,0.2489716,0.004107632,0.049554896,0.6066572,0.009882607,0.001744384,0.008902074
syn-0290,2,0,0,0,0,0.98303646,0.0005983074,0.00066518266,0.000909641,0.00852156,0.0022779217,0.0005983074,0.0007659945,0.0006635607,0.0005737034,0.00053736777,0.0008520287
syn-0298,2,0,0,7,7,0.00072341406,0.0002740078,0.0006389564,0.00034267735,0.0002601865,0.0020787534,0.00022938965,0.9929832,0.0009423587,0.00040913103,0.00031972252,0.00079816027
syn-0311,2,0,0,9,9,0.00055804214,0.0008989623,0.0003822277,0.0006818937,0.00060132856,0.0002405976,0.0003726449,0.0004633114,0.00037556756,0.9938065,0.0006249775,0.0009939679
syn-0316,2,0,0,0,0,0.61817485,0.0032629468,0.0013183497,0.006606639,0.09045896,0.26277617,0.0041550724,0.001594899,0.0024248164,0.0036650489,0.0019256951,0.003636527
syn-0322,2,0,0,2,2,0.0010435407,0.00043871874,0.99298203,0.0012083874,0.00037746123,0.00026402558,0.00089947844,0.0007084692,0.00041233937,0.0003477336,0.0003363773,0.0009813632
syn-0326,2,0,0,1,1,0.0006514885,0.99384624,0.00039746985,0.0006692215,0.000375216,0.00048556557,0.00060844125,0.00034431755,0.0007612953,0.00070305256,0.0005136113,0.0006442128
syn-0334,2,0,0,6,6,0.0012851174,0.0023033076,0.0010711375,0.0026141345,0.01303639,0.026722826,0.94754785,0.0004097466,0.0011902817,0.0009993855,0.0011181661,0.0017016729
syn-0340,2,0,0,9,9,0.0005519395,0.0006176904,0.00041177194,0.00051647774,0.0004047946,0.00024963042,0.00020334485,0.00078830397,0.0005719679,0.99452496,0.00088027585,0.00027875492
syn-0349,2,0,0,5,5,0.00060872524,0.00057100743,0.00028122365,0.00043302303,0.00083487754,0.9935822,0.0004925998,0.0010805437,0.00053055084,0.00032116746,0.00050477416,0.0007593299
syn-0351,2,0,0,11,11,0.0005942496,0.00082442985,0.0008531998,0.00044572484,0.0004220038,0.0006866541,0.0005555267,0.0007558009,0.00030380953,0.0005068017,0.00036789855,0.99368393
syn-0360,2,0,0,0,0,0.9883956,0.0005790886,0.0004211951,0.00066328025,0.0052940887,0.0013816357,0.0005366164,0.00059776264,0.00041710184,0.0005922427,0.0005110439,0.00061044603
syn-0364,2,0,0,4,4,0.0011456008,0.0009837195,0.000420005,0.0009779723,0.95621234,0.031466313,0.0007214638,0.00043249183,0.003000989,0.0013805095,0.0020817716,0.0011767833
syn-0380,2,0,0,4,5,0.0033734418,0.0014081493,0.000670707,0.0015933065,0.09934751,0.88547474,0.0011232228,0.0015510871,0.0017844186,0.001277136,0.0009970658,0.0013992392
syn-0381,2,0,0,8,8,0.00032503446,0.00041088206,0.0002962364,0.00019070506,0.0003419664,0.00045613936,0.00040058084,0.0010928864,0.9948014,0.0009101848,0.0005304243,0.00024343957
syn-0384,2,0,0,1,1,0.0007413105,0.9940983,0.00044287293,0.0006596572,0.0004050163,0.00057005003,0.00053316425,0.0003539521,0.000724138,0.0005636839,0.00034139113,0.000566443
syn-0403,2,0,0,9,9,0.0008393791,0.0010816063,0.0003125065,0.0004904429,0.0006178625,0.00026290002,0.00024054486,0.00047814703,0.0021376812,0.99261874,0.000493807,0.0004263123
syn-0410,2,0,0,10,10,0.010597489,0.004133163,0.0012112729,0.0015356849,0.00850701,0.002043412,0.0022431535,0.0008580827,0.0011913299,0.0044044983,0.9595615,0.003713263
syn-0427,2,0,0,5,5,0.00060661056,0.000614961,0.0002612824,0.000559655,0.0050223665,0.9894056,0.0006941254,0.000614961,0.00068219705,0.00036275468,0.0005413778,0.00063417223
syn-0439,2,0,0,6,6,0.0006491176,0.0007099634,0.00068309857,0.0005950823,0.00046960096,0.00091105484,0.9921653,0.00024710008,0.0021937927,0.0003797378,0.000423835,0.0005722851
syn-0447,2,0,0,7,7,0.00048126755,0.0003379533,0.00059457636,0.00028681723,0.00018718312,0.0008935459,0.00018754907,0.99471587,0.0007637425,0.0005144373,0.00036541463,0.0006716083
syn-0455,2,0,0,2,9,0.017074266,0.04937287,0.06567645,0.09056153,0.09109371,0.01704095,0.053024523,0.09145026,0.040869135,0.33762893,0.004428067,0.1417793
syn-0456,2,0,0,11,4,0.0029208807,0.007682355,0.0025154985,0.13169372,0.58447456,0.011336127,0.0069218157,0.0013716655,0.0021079443,0.0057777483,0.002390948,0.24080668
syn-0461,2,0,0,2,2,0.0005162253,0.00038720158,0.99452424,0.00050525274,0.00027496956,0.00022574243,0.0007235645,0.0007212717,0.00047279062,0.00040996607,0.0005200201,0.0007188983
syn-0477,2,0,0,7,5,0.01904776,0.028120711,0.00477272,0.0041913944,0.07672749,0.5953135,0.0041709784,0.07487695,0.03690424,0.017750131,0.033352416,0.10477167
syn-0481,2,0,0,9,9,0.0005262088,0.00052262394,0.0004798209,0.00053816166,0.00033958006,0.00020516274,0.00025433372,0.00091487134,0.00055524474,0.9946355,0.00066779373,0.00036059966
syn-0486,2,0,0,1,1,0.0005838031,0.99401265,0.0003841783,0.0006951477,0.0003477547,0.0004600258,0.000720197,0.0003027252,0.00051194447,0.0006306255,0.0006961668,0.000654787
syn-0487,2,0,0,6,6,0.000406396,0.00042423897,0.000596814,0.000620134,0.0005483362,0.00096955284,0.9940812,0.00019319031,0.00096101,0.00027404304,0.0005442019,0.0003808428
syn-0490,2,0,0,7,7,0.00070314924,0.0003422695,0.0005701231,0.00023662053,0.00041265425,0.0027492805,0.00033109167,0.9908332,0.0011673202,0.0011792076,0.000278535,0.0011966082
syn-0493,2,0,0,8,8,0.00026679362,0.00031374634,0.00034491956,0.00024079267,0.0005103807,0.0004372985,0.00044353478,0.0007022214,0.99558395,0.00044810612,0.00047029956,0.00023798736
syn-0496,2,0,0,8,8,0.0002697738,0.000380442,0.00043469065,0.0002441968,0.000438528,0.0002594389,0.00081598444,0.00042753364,0.9949765,0.0006077962,0.0009344751,0.00021071648
syn-0497,2,0,0,5,5,0.0019823264,0.0034790905,0.0005137231,0.00062819856,0.003207119,0.9696139,0.004636132,0.004082392,0.0070159556,0.0019406651,0.0010540915,0.0018463784
syn-0499,2,0,0,11,11,0.00066826656,0.0006962458,0.0006991415,0.00037004426,0.00077067385,0.0005198116,0.0005579488,0.00056756596,0.0002481935,0.0008777767,0.00038403439,0.99364024
syn-0010,2,0,1,9,9,0.0005083859,0.00078289874,0.00031705422,0.0005406457,0.0004272685,0.0002638759,0.00022351163,0.0004092981,0.0011066279,0.99435943,0.0006697306,0.00039131855
syn-0015,2,0,1,6,6,0.0006436909,0.0015913037,0.0006875514,0.0007488853,0.0006340209,0.002704752,0.9891695,0.00025566772,0.0016379136,0.0005663934,0.0007711498,0.0005892436
syn-0024,2,0,1,2,2,0.0006119561,0.00038974345,0.99374783,0.0006667092,0.00030117042,0.0002135618,0.0010522793,0.0007338475,0.000518347,0.00042951503,0.0005776935,0.00075723475
syn-0038,2,0,1,5,5,0.000699639,0.00079453865,0.00023515205,0.00073285744,0.00088221603,0.9933767,0.00069385546,0.00095451454,0.00029696993,0.0002861515,0.00037577192,0.0006716873
syn-0042,2,0,1,9,9,0.0004454591,0.0005985532,0.0005152299,0.0008203254,0.00046729323,0.00025455962,0.00020675348,0.00064105744,0.00054154044,0.99454725,0.00060560886,0.0003563669
syn-0043,2,0,1,9,9,0.0004682698,0.00044032861,0.0004698731,0.0004900242,0.0005316566,0.0003943227,0.00040092375,0.0007760148,0.0007611912,0.99080324,0.0038262124,0.0006378651
syn-0045,2,0,1,9,9,0.0026619679,0.0080016805,0.0013024171,0.003634927,0.00334375,0.0014976098,0.0021578334,0.00094176753,0.007356212,0.6313217,0.33660474,0.0011754873
syn-0049,2,0,1,8,8,0.00026499762,0.00038107726,0.00036380402,0.00022911247,0.00051117054,0.0001864491,0.0004840847,0.0005076881,0.995665,0.0006865968,0.0005404312,0.00017948155
syn-0051,2,0,1,3,3,0.0004866521,0.00082883425,0.00045806114,0.99412656,0.0007046257,0.00037568854,0.00062502624,0.00038422234,0.00031237054,0.0008027456,0.00044266926,0.00045250356
syn-0052,2,0,1,4,4,0.005465902,0.0010022426,0.00034636576,0.0011298818,0.97659886,0.011237229,0.00062902755,0.00047994292,0.0004985746,0.0008707634,0.0005159103,0.001225278
syn-0055,2,0,1,3,3,0.0003463436,0.0008367383,0.0005642336,0.99433917,0.00062226667,0.0005106145,0.00070813956,0.00030223376,0.00025625213,0.00063469476,0.00046085147,0.00041838252
syn-0062,2,0,1,7,7,0.000799392,0.0003990262,0.00090511126,0.00033765845,0.00029537507,0.0014084678,0.00022958947,0.992878,0.0012446385,0.0005685169,0.0003175107,0.0006166675
syn-0063,2,0,1,1,1,0.000652896,0.99429286,0.0004363051,0.0006714866,0.00041938567,0.0005234652,0.00055369997,0.00031951952,0.00041591882,0.0005701616,0.0006090119,0.00053535576
syn-0068,2,0,1,10,9,0.0068282722,0.0036692156,0.0046337955,0.01027049,0.03853398,0.002473036,0.017399395,0.0045530535,0.28306627,0.5542168,0.0647216,0.00963411
syn-0075,2,0,1,7,7,0.0009698662,0.00048329387,0.0006912732,0.00040677557,0.00047696417,0.0028153218,0.00039119224,0.9896797,0.0011825168,0.00072021567,0.00046409888,0.0017188722
syn-0079,2,0,1,1,1,0.0005072612,0.9897404,0.0004372865,0.001491925,0.0007697134,0.0013624819,0.002090766,0.00020535274,0.00061486877,0.00066515635,0.0012278983,0.00088680035
syn-0080,2,0,1,3,3,0.0003764439,0.0006995225,0.0004838358,0.9941817,0.0009335683,0.00037479325,0.0006930628,0.00031854917,0.0003948953,0.00052443007,0.00058590155,0.0004332843
syn-0087,2,0,1,5,5,0.0009106491,0.00070026744,0.00035005945,0.0005342984,0.0011245015,0.98604995,0.0014275893,0.0012661644,0.0028394472,0.00047382465,0.0035579882,0.00076534715
syn-0103,2,0,1,11,11,0.0034722234,0.012208341,0.0015796408,0.0021771097,0.0045105647,0.0023945926,0.0022949995,0.0010349426,0.00048412138,0.0039576665,0.012024938,0.9538608
syn-0105,2,0,1,4,4,0.0014375892,0.0005030422,0.00026703326,0.00089874223,0.99259335,0.0009873766,0.0004913892,0.00031036962,0.00042236477,0.0005412689,0.0006541714,0.00089327345
syn-0108,2,0,1,8,8,0.00031052818,0.0007945118,0.00040421484,0.00023371325,0.0007269521,0.00043281307,0.00088288647,0.00042986445,0.9921312,0.0006641637,0.0023882443,0.0006009015
syn-0114,2,0,1,4,3,0.0021337268,0.2897455,0.0030954725,0.6353394,0.039947167,0.0024060525,0.006467288,0.00094038516,0.00210681,0.004681014,0.0035698328,0.009567372
syn-0118,2,0,1,5,5,0.0007861459,0.0005983969,0.0002260195,0.0003504079,0.0010231396,0.993802,0.00060633814,0.00076704484,0.00056627416,0.00030354905,0.0003744672,0.0005962095
syn-0120,2,0,1,3,3,0.00039783918,0.00079526444,0.00052885583,0.9942841,0.0006486007,0.00032709382,0.000640106,0.00034921113,0.00038654145,0.00076051586,0.0005437817,0.00033813663
syn-0124,2,0,1,6,6,0.0004001569,0.00059182686,0.0005180944,0.0013197743,0.00082629704,0.0006358683,0.99374855,0.00015609275,0.00042347622,0.0003038293,0.0006654088,0.00041064766
syn-0129,2,0,1,11,11,0.0017200941,0.056298073,0.0023407808,0.002301117,0.0046200994,0.0006567108,0.0017816417,0.00094529917,0.0021116235,0.0073469356,0.0041464884,0.91573113
syn-0130,2,0,1,6,8,0.0006984049,0.0010801272,0.0009715349,0.00076704775,0.0016645819,0.00038194758,0.0016401758,0.001070153,0.9882409,0.00080621755,0.002016943,0.00066188246
syn-0136,2,0,1,6,6,0.0004560158,0.0009756927,0.00058668066,0.0010894608,0.00088761956,0.000721982,0.99065465,0.000115750125,0.0004560158,0.00069466245,0.0028792957,0.0004821193
syn-0143,2,0,1,1,1,0.0015768658,0.9800152,0.00074014557,0.0009606298,0.00059646857,0.0010669607,0.0007048738,0.0006263157,0.010368164,0.001181018,0.0013566909,0.0008065649
syn-0145,2,0,1,2,2,0.0015997383,0.0013350006,0.9816881,0.0062381257,0.0010666967,0.00067572005,0.0010128912,0.0013553619,0.00068770297,0.0012325656,0.00093311904,0.00217509
syn-0149,2,0,1,8,8,0.0004149236,0.0006026795,0.00038731826,0.00024332621,0.00037466924,0.00033981024,0.0003932256,0.00057817786,0.99530977,0.000494421,0.0006000368,0.0002615613
syn-0153,2,0,1,4,5,0.03629267,0.0020206762,0.0008602161,0.0018024995,0.1019843,0.847259,0.0019719405,0.0012738024,0.0010386326,0.0017393819,0.0013206701,0.002436211
syn-0162,2,0,1,9,9,0.00053958833,0.0007123993,0.0004077006,0.00043590646,0.00045304972,0.00024049541,0.0002932259,0.0006599886,0.0010335342,0.99435496,0.00054275926,0.00032647885
syn-0166,2,0,1,5,5,0.0014140065,0.0006720185,0.00021748112,0.00036102528,0.0015371395,0.9924117,0.00070668064,0.00065277546,0.0005327798,0.0003578661,0.0005036874,0.00063284615
syn-0171,2,0,1,6,6,0.0008257596,0.0012921434,0.0007380408,0.0008027019,0.0011253776,0.0015245627,0.98105305,0.00036039553,0.010440138,0.00072164845,0.00053523714,0.0005809944
syn-0181,2,0,1,10,8,0.0017274292,0.0042525255,0.0024599717,0.0028508317,0.0059634424,0.0011676961,0.024435775,0.0013558746,0.7127246,0.017643452,0.22295853,0.0024599717
syn-0184,2,0,1,2,2,0.0005082686,0.0004292608,0.9946156,0.00061955914,0.00027020316,0.0002077798,0.000766362,0.000616993,0.00045605417,0.00039719528,0.0004890359,0.0006235044
syn-0190,2,0,1,3,1,0.004542685,0.59876305,0.002054559,0.32809508,0.023813594,0.02427142,0.005152566,0.001206634,0.0011626772,0.0056259255,0.0012970603,0.0040147826
syn-0196,2,0,1,4,4,0.08374779,0.0009759551,0.00098939,0.0019286372,0.9003736,0.002780577,0.0016813661,0.0012642138,0.0020460184,0.0011443548,0.0015130658,0.0015550095
syn-0201,2,0,1,0,0,0.9939102,0.0005572835,0.00049493264,0.00048299562,0.0007763605,0.000685303,0.0004951743,0.00068313145,0.0004340128,0.00043848602,0.0005093983,0.0005328032
syn-0204,2,0,1,1,1,0.00076614553,0.99384934,0.00038224418,0.00060963264,0.000355943,0.000920208,0.0005138637,0.00044819992,0.0006201407,0.00056879525,0.0004280932,0.00053747377
syn-0205,2,0,1,2,2,0.00051143277,0.00043553347,0.9944748,0.00060526916,0.00026083196,0.00019554497,0.00077235757,0.00058966235,0.0004313009,0.00043787906,0.00052317773,0.0007622884
syn-0209,2,0,1,7,7,0.0015506921,0.0010549015,0.0023394017,0.0006607855,0.0009192034,0.017982246,0.0006725036,0.9675204,0.0028673445,0.0011965281,0.0013545206,0.0018814838
syn-0213,2,0,1,0,0,0.9935215,0.0005758724,0.00054896483,0.0005062242,0.00073099846,0.00058895326,0.0005647339,0.0006634726,0.0004865934,0.00046635565,0.00068838807,0.000657988
syn-0218,2,0,1,8,8,0.0002572403,0.0003865407,0.00040272452,0.0002797776,0.0008356695,0.0006549644,0.0017570601,0.00070404797,0.992342,0.00043651342,0.0016967758,0.00024666183
syn-0223,2,0,1,6,6,0.00043403546,0.00038434638,0.0006005424,0.0006810023,0.0008518774,0.0007651109,0.99250716,0.00018155237,0.0016601761,0.00044216408,0.00095405744,0.0005380599
syn-0225,2,0,1,7,7,0.0007367224,0.00039260995,0.00091239985,0.00040349347,0.0008107131,0.0033718175,0.00025126987,0.9816944,0.0027553588,0.005131376,0.0008483764,0.0026915309
syn-0232,2,0,1,8,8,0.0003026926,0.00052582263,0.00037268203,0.0002810406,0.00046358388,0.00041616306,0.00043826993,0.00076637603,0.9948767,0.0010215613,0.00034366624,0.00019146595
syn-0243,2,0,1,10,10,0.00036463945,0.0004951285,0.00042423018,0.00041908308,0.00029371222,0.00046184863,0.0006127469,0.00038664337,0.00048001215,0.0005089782,0.99503195,0.00052104826
syn-0251,2,0,1,10,10,0.00037839476,0.00038454132,0.00039868997,0.000472071,0.0003520145,0.00043744783,0.001012266,0.0003058355,0.00093842426,0.0006266151,0.99446625,0.0002274997
syn-0253,2,0,1,3,3,0.0003265455,0.0005791534,0.0006484627,0.994558,0.0005668433,0.00039989658,0.000720856,0.00048996357,0.00031991696,0.00038778238,0.00051573885,0.00048686328
syn-0257,2,0,1,4,4,0.0020023347,0.0015143965,0.0004602889,0.0017670541,0.924791,0.061235312,0.0012348079,0.0014296073,0.0014923747,0.0015540989,0.0007150011,0.0018036668
syn-0260,2,0,1,11,11,0.0016995317,0.0025166553,0.0011720691,0.00092537375,0.0025807426,0.0022998478,0.0015764214,0.0016336257,0.0021950658,0.008251796,0.004930982,0.9702178
syn-0273,2,0,1,0,0,0.9916436,0.0017005566,0.0005829808,0.00074164965,0.00058898935,0.0011402372,0.00055303425,0.00078352937,0.0003732892,0.00058554835,0.0004967058,0.00080978405
syn-0279,2,0,1,0,0,0.99380857,0.00062193465,0.0004958496,0.00045037523,0.00075589574,0.0006825615,0.0004528008,0.0007715575,0.0005063705,0.00053797686,0.00035767056,0.0005585886
syn-0291,2,0,1,1,1,0.0005268318,0.99435556,0.0004117018,0.00062258093,0.00039496433,0.00048250475,0.00042146503,0.00035438963,0.00031520065,0.0006443856,0.00062410266,0.0008463055
syn-0292,2,0,1,11,11,0.0004807275,0.0006957076,0.0008709101,0.00036057606,0.0003872196,0.0004959874,0.0006955378,0.00072785036,0.0002940063,0.0005498128,0.0003567234,0.9940849
syn-0293,2,0,1,0,0,0.6191707,0.008648492,0.004079278,0.0038171874,0.18920557,0.01548031,0.0055866134,0.0039925724,0.1378861,0.004537451,0.0022440087,0.0053516473
syn-0302,2,0,1,10,10,0.00030719893,0.0002887276,0.00038531376,0.0003438785,0.00040936403,0.0003347664,0.0005815395,0.00033378706,0.00080699363,0.00047510254,0.9954912,0.00024218515
syn-0318,2,0,1,11,11,0.0014658764,0.013433952,0.0016377004,0.0017881537,0.0034179841,0.00073385687,0.0020361615,0.00072672515,0.0005517845,0.0016497393,0.008431418,0.9641267
syn-0352,2,0,1,8,8,0.00023801732,0.00048790313,0.00041327006,0.00023964998,0.0002979581,0.00025937657,0.0005110685,0.0007750647,0.9957093,0.0004307833,0.0004072604,0.0002304691
syn-0356,2,0,1,8,8,0.00027451792,0.0005138696,0.00034787142,0.00023920505,0.0007199111,0.00023116724,0.000992931,0.0003972816,0.9948318,0.0005278568,0.00066743646,0.0002561288
syn-0358,2,0,1,2,2,0.0006674888,0.00051756133,0.9917571,0.00044616574,0.00029131965,0.00031622447,0.0011050125,0.0014302543,0.00091703853,0.0006325831,0.0006233843,0.001295681
syn-0359,2,0,1,4,4,0.0006347616,0.0006344517,0.00038954066,0.0007796272,0.99129266,0.00078306085,0.0009201966,0.00038387606,0.0015628252,0.00066946045,0.00048290117,0.0014665263
syn-0373,2,0,1,11,11,0.00050464727,0.0009814398,0.0008302979,0.00039862446,0.0004363095,0.0005429959,0.0006149947,0.00050023134,0.00025437286,0.00072658947,0.00039206134,0.9938175
syn-0375,2,0,1,8,8,0.00022150503,0.00039218526,0.00029258803,0.00019585967,0.00033381986,0.000242564,0.00062244077,0.00060343754,0.995103,0.0010330185,0.0006852048,0.0002743247
syn-0376,2,0,1,5,5,0.0006082955,0.0006057761,0.00029029997,0.0004616384,0.0004835567,0.99312323,0.0013614761,0.0011379726,0.0004269457,0.0002945837,0.000668898,0.00053734344
syn-0378,2,0,1,2,2,0.00049525604,0.00038158463,0.9945596,0.00061425305,0.00028122554,0.00022707712,0.0008029972,0.00062484073,0.00045714324,0.00041765877,0.00046230608,0.0006761089
syn-0386,2,0,1,10,10,0.00037441868,0.00025922564,0.0004275996,0.00035674984,0.0005863172,0.00044812053,0.00048182067,0.00038404713,0.00074824237,0.00045629,0.99512994,0.00034712715
syn-0388,2,0,1,5,5,0.034868047,0.005102323,0.0062028468,0.06846862,0.008764518,0.4186028,0.04102446,0.37013784,0.016306458,0.00740935,0.013344732,0.009767983
syn-0391,2,0,1,0,0,0.99392253,0.00071330747,0.0005141526,0.0004908474,0.0006061157,0.00069237483,0.00046449815,0.00058775436,0.00043720868,0.0004891726,0.00052199437,0.0005600182
syn-0397,2,0,1,1,1,0.00055584003,0.9942444,0.00041025114,0.000665091,0.00039299656,0.00044619406,0.0004967942,0.00033061323,0.00032075445,0.00063789636,0.0007679485,0.00073117326
syn-0419,2,0,1,1,1,0.00055340497,0.9942485,0.00040114092,0.000647312,0.0005009372,0.0004451079,0.00043078186,0.0002903452,0.0003391166,0.0005690237,0.0006361882,0.0009381615
syn-0423,2,0,1,9,9,0.0005076425,0.00069132884,0.000456383,0.0007276972,0.00041574435,0.00028685498,0.00031198686,0.0010320435,0.0008273112,0.9938757,0.0005914692,0.00027586575
syn-0428,2,0,1,8,1,0.00087876513,0.99160695,0.00047556518,0.00071845396,0.0007290556,0.000728344,0.000533649,0.00037327537,0.0022577434,0.0005904073,0.00064182054,0.00046591173
syn-0435,2,0,1,10,10,0.00036499675,0.0003669625,0.0003633963,0.0003736524,0.00034981628,0.0004517023,0.00053943024,0.00040204666,0.00050972577,0.00049440516,0.99552083,0.0002631542
syn-0450,2,0,1,10,10,0.00038306936,0.00035255554,0.00040243453,0.00039330413,0.00032383925,0.00042985604,0.00048851984,0.00043153847,0.0004466523,0.00046728837,0.99550855,0.00037255476
syn-0458,2,0,1,6,6,0.00041332052,0.00034450012,0.00069057813,0.00068679504,0.00035456906,0.0006092843,0.994859,0.00030745385,0.0003724935,0.00027884854,0.0006104009,0.00047271885
syn-0463,2,0,1,11,11,0.00047703294,0.000684654,0.0009721695,0.0004534134,0.00046963722,0.00047913392,0.0005231513,0.0011390466,0.00024293181,0.00048194954,0.00038032382,0.9936965
syn-0474,2,0,1,0,0,0.9934738,0.00073382433,0.00042356589,0.00066995143,0.000954637,0.0008395897,0.0004500038,0.00059470447,0.0003558085,0.0006566727,0.0003230196,0.0005243126
syn-0476,2,0,1,7,7,0.0007232686,0.00055971794,0.0007939674,0.00053513073,0.00044018656,0.015869582,0.00038884277,0.9760803,0.0016367396,0.0014603741,0.00069828297,0.0008135899
syn-0480,2,0,1,1,1,0.0011427661,0.9459613,0.0013230452,0.005001051,0.002336803,0.0018395591,0.004612811,0.0005272999,0.0007040378,0.0017121477,0.0020885686,0.03275057
syn-0488,2,0,1,10,10,0.000361386,0.00029538703,0.00035474243,0.00032505346,0.00047122117,0.00034890175,0.0005105076,0.00030431754,0.00072250643,0.00052748504,0.9953454,0.00043315647
syn-0491,2,0,1,10,10,0.0003834467,0.0003734684,0.00039426872,0.0004484041,0.00028746892,0.0003834467,0.00061072985,0.00036570878,0.0004824788,0.0004643353,0.9955166,0.00028972354
syn-0498,2,0,1,7,7,0.0007400592,0.0005417033,0.0006609598,0.0003419818,0.0002295957,0.0019046292,0.0003086532,0.99193585,0.00158556,0.00045660557,0.00042353012,0.00087083265
syn-0003,2,0,2,2,2,0.0005500545,0.0003736422,0.99452186,0.00059795374,0.00028121486,0.00021667028,0.00083638146,0.0006094497,0.00038569115,0.00041621784,0.000480704,0.0007300394
syn-0007,2,0,2,6,6,0.0014441116,0.0011595266,0.0005388351,0.0007272094,0.002446342,0.003021567,0.9837975,0.00014502552,0.00424448,0.00053621054,0.0011777866,0.000761365
syn-0009,2,0,2,8,8,0.0002530993,0.00038536545,0.0002688971,0.00021023692,0.0006028702,0.00035745045,0.00070940144,0.00048076737,0.9956247,0.00040484668,0.0004666588,0.00023591449
syn-0019,2,0,2,0,0,0.9866701,0.0007557983,0.00056303455,0.0013615753,0.002066294,0.0011080345,0.00056689663,0.0005191985,0.0004963913,0.0012878553,0.0041826996,0.00042210543
syn-0022,2,0,2,10,11,0.004151814,0.13183527,0.0034622021,0.007979421,0.008460933,0.0061210217,0.0062326114,0.0019345478,0.0015620614,0.01712288,0.17228177,0.63885546
syn-0034,2,0,2,0,0,0.99361163,0.00052720937,0.0004902149,0.00045160713,0.00077461294,0.0008490859,0.00056949287,0.0007211378,0.00028123197,0.0005303076,0.0005612115,0.00063222065
syn-0058,2,0,2,9,9,0.00044437038,0.0006904422,0.00031495193,0.00055437966,0.0005334021,0.00036428185,0.00019555812,0.0005644863,0.0014025852,0.9935709,0.001015933,0.00034862006
syn-0059,2,0,2,3,3,0.0004301296,0.0008603368,0.00069493824,0.9937131,0.0006341403,0.0007265131,0.0006760283,0.0004232544,0.00022511822,0.0006986809,0.00047171352,0.00044595564
syn-0061,2,0,2,4,4,0.0032022684,0.009658741,0.0020019724,0.0026913185,0.6198543,0.003433855,0.0044961204,0.0012237811,0.004103771,0.0036588912,0.009979951,0.33569503
syn-0065,2,0,2,11,11,0.00047355602,0.00070863916,0.00077733834,0.00031607307,0.00043925273,0.00057766883,0.00057205494,0.0006170306,0.00028084678,0.0005651143,0.0004817186,0.9941907
syn-0067,2,0,2,5,5,0.0006179835,0.0007434312,0.00032732834,0.00052103,0.00057419867,0.9930555,0.00072249596,0.0012320111,0.0004823447,0.00032509837,0.0007894487,0.0006091457
syn-0069,2,0,2,11,11,0.0006379056,0.0025539524,0.0011667181,0.00053559896,0.0005802527,0.00039166125,0.0007808153,0.0005453632,0.0004263916,0.000631398,0.0008837004,0.99086624
syn-0071,2,0,2,6,6,0.00044711045,0.00042414325,0.0006435124,0.0007069759,0.00047780943,0.00076290546,0.99482805,0.0001908965,0.00033421686,0.00021379394,0.0005332953,0.0004373934
syn-0097,2,0,2,10,10,0.00035832077,0.00046031768,0.00039392288,0.0004373122,0.00023180156,0.0004646081,0.00078340917,0.00026680197,0.00095762935,0.0007153077,0.99464333,0.00028735702
syn-0098,2,0,2,10,10,0.00030686104,0.000461779,0.00033358278,0.00034788897,0.00036780292,0.00046494653,0.00038904685,0.00030033864,0.0007110171,0.00047042713,0.9953679,0.00047841898
syn-0102,2,0,2,1,1,0.00089020614,0.9928141,0.0004740563,0.00073999143,0.0004936632,0.0005972185,0.0006591268,0.0005004588,0.0014236746,0.00061167974,0.00037446045,0.0004214286
syn-0112,2,0,2,4,4,0.0008838313,0.00047655846,0.00035867284,0.0007309352,0.989804,0.0009944463,0.00063442765,0.00039315643,0.0041531795,0.0006523331,0.00045874954,0.00045964643
syn-0125,2,0,2,9,9,0.0006535635,0.0018387908,0.00044179155,0.0011079555,0.0011243048,0.00075740693,0.0011364474,0.00039409037,0.0028141083,0.9815545,0.007597425,0.00057959085
syn-0127,2,0,2,11,11,0.014042334,0.04557333,0.0041957363,0.011032723,0.019095078,0.011333026,0.035963565,0.0022722888,0.0035643543,0.007331457,0.2741722,0.5714239
syn-0137,2,0,2,8,8,0.00027451944,0.0003918892,0.0003074472,0.0002234008,0.000423113,0.00030047187,0.0005224749,0.00049406575,0.99580944,0.00045326955,0.0006364873,0.0001634435
syn-0142,2,0,2,4,4,0.00089532865,0.0004590789,0.00028269223,0.002948599,0.9909984,0.0010656979,0.00044257104,0.00031567411,0.0007641343,0.0009214969,0.0004586308,0.00044778793
syn-0155,2,0,2,4,4,0.00046418773,0.00052419887,0.0002635837,0.0007161451,0.99228877,0.0010102963,0.0006536514,0.00030072822,0.002063148,0.0005585519,0.0006313789,0.0005252237
syn-0159,2,0,2,11,11,0.00042856962,0.0006073384,0.00082689663,0.00031141215,0.00039097999,0.0006132984,0.0006670307,0.0007045248,0.00027482025,0.0005192304,0.00067160605,0.9939843
syn-0164,2,0,2,8,8,0.0033097835,0.0024428654,0.0010614923,0.0013484199,0.015118599,0.060736854,0.004231211,0.001218196,0.8942665,0.0019638562,0.01349939,0.0008028229
syn-0172,2,0,2,10,10,0.00031050082,0.0005442811,0.00029584827,0.0003202008,0.00044891742,0.0006949575,0.0005062123,0.00024719047,0.0011181565,0.0006208302,0.9944687,0.00042419712
syn-0177,2,0,2,8,8,0.00028839422,0.00054847985,0.00036958294,0.00021244101,0.00029037244,0.00031828944,0.00067976705,0.00075981754,0.99531317,0.00053642876,0.0004787432,0.00020450212
syn-0179,2,0,2,1,1,0.0006542644,0.99418986,0.00039760728,0.00059107866,0.00037497934,0.00050755515,0.00057233387,0.0003630877,0.0006655418,0.00054479315,0.0004318094,0.0007070832
syn-0188,2,0,2,10,10,0.00043702553,0.00032445282,0.0004327785,0.00040675636,0.00025354925,0.0003511599,0.00050857005,0.00034319283,0.0005685295,0.0004577753,0.9954485,0.00046771672
syn-0193,2,0,2,11,10,0.006367347,0.011611697,0.0032904577,0.00369595,0.035688043,0.0043976298,0.0053045545,0.0027093012,0.014456284,0.018836144,0.61073273,0.28290984
syn-0194,2,0,2,1,1,0.001239988,0.98808205,0.00058458594,0.0007624438,0.00067879417,0.0007542973,0.00071345724,0.0006588743,0.004762653,0.0007820506,0.00043231132,0.0005486316
syn-0200,2,0,2,5,5,0.0015981444,0.0017256873,0.0003567248,0.00079685735,0.0009904951,0.9863528,0.00082375965,0.005231804,0.00062119943,0.00051549554,0.00040938664,0.00057760964
syn-0202,2,0,2,10,10,0.00043703002,0.00045134337,0.00036801616,0.00034069183,0.00053992355,0.0004555501,0.00048233295,0.00031141756,0.0016469196,0.001542612,0.99303126,0.00039290055
syn-0207,2,0,2,0,0,0.99062634,0.0007481595,0.00048969756,0.00052229944,0.0011391371,0.003262576,0.00053494656,0.0006696641,0.00057279406,0.00048755034,0.00047278078,0.0004741679
syn-0219,2,0,2,0,0,0.9941636,0.00060937885,0.0005793479,0.00050655135,0.00065026607,0.00066422566,0.00041912647,0.0006281089,0.00031885458,0.00050630415,0.00048076556,0.00047354313
syn-0222,2,0,2,8,8,0.00021567849,0.00035403448,0.00031999973,0.00019676142,0.00046605174,0.00029624053,0.00056134287,0.00061261345,0.9957872,0.00048615772,0.0005087431,0.00019523024
syn-0224,2,0,2,8,8,0.0005536337,0.0005700934,0.00029604955,0.00024233753,0.0011172282,0.0012396629,0.0009268226,0.0003891498,0.9932035,0.00047796176,0.00072614057,0.0002574636
syn-0228,2,0,2,6,6,0.0044515934,0.0020904988,0.003996232,0.3505394,0.18292613,0.004644773,0.4371062,0.0014452208,0.0025068913,0.0049058585,0.0020006204,0.0033865934
syn-0230,2,0,2,9,9,0.00052231376,0.0006907718,0.00035169368,0.00041056974,0.0004461047,0.00027229913,0.00019158638,0.0007831292,0.0007791245,0.99453074,0.0005025495,0.0005192623
syn-0239,2,0,2,6,6,0.00038064562,0.00027390115,0.000664597,0.0006997835,0.00041826165,0.0007032087,0.99502313,0.00018779031,0.00037584378,0.00019815247,0.0006252845,0.00044949676
syn-0242,2,0,2,0,0,0.9936713,0.0006475683,0.0005267264,0.0004861918,0.0011917875,0.0005560624,0.00043179494,0.00054583995,0.0004854801,0.00052518555,0.00042282348,0.0005092759
syn-0244,2,0,2,3,3,0.00038761256,0.00077614724,0.00055171613,0.99412245,0.00070686266,0.0006682645,0.0007669176,0.00030246313,0.00026432882,0.0005180363,0.0005471554,0.00038799128
syn-0247,2,0,2,3,3,0.00038092595,0.0009251298,0.00057688565,0.99332774,0.0012379275,0.00040708063,0.0007146232,0.0003179649,0.00024981736,0.0008364996,0.00045413128,0.0005712794
syn-0248,2,0,2,6,6,0.0012491844,0.002166845,0.0016850702,0.0018104665,0.0013219812,0.0031953603,0.5113935,0.00058834674,0.0029570293,0.0013375642,0.47111776,0.0011769431
syn-0249,2,0,2,8,8,0.0003232197,0.00036145904,0.00031851957,0.00021912895,0.0006708576,0.00038684328,0.00036216568,0.000616516,0.9950605,0.00062485016,0.00082698406,0.00022897338
syn-0254,2,0,2,7,11,0.01019374,0.017289411,0.018252341,0.0039997306,0.013858556,0.032366984,0.01628955,0.175643,0.12762773,0.040238358,0.032514494,0.5117261
syn-0255,2,0,2,2,2,0.0005365339,0.00036731636,0.9945365,0.0005592707,0.00027150413,0.00022008558,0.000834558,0.000653056,0.00038967206,0.00041077263,0.00048118076,0.00073955796
syn-0259,2,0,2,4,4,0.0003768779,0.0004082988,0.00024073073,0.0010897671,0.99338573,0.00097062055,0.00080499204,0.0002587713,0.0010219855,0.0005860045,0.00038922118,0.00046697544
syn-0264,2,0,2,0,0,0.99306387,0.0008716102,0.00044915965,0.0004164202,0.0011441725,0.00087203586,0.0003068991,0.00068773516,0.0007202126,0.0006196506,0.00042153458,0.0004267118
syn-0274,2,0,2,9,9,0.0005001579,0.00048429647,0.00043390866,0.00046825167,0.0005751163,0.0002911703,0.00020208205,0.0010278873,0.00082120555,0.9931866,0.0013455361,0.00066389696
syn-0276,2,0,2,6,6,0.0005678507,0.00026941506,0.00095550914,0.0007480676,0.002543688,0.0012923871,0.98977953,0.0003100948,0.00052929507,0.00027205894,0.0011641632,0.0015678862
syn-0278,2,0,2,9,9,0.00042109613,0.0006054053,0.00036265323,0.00068954035,0.00046885008,0.00027307752,0.00023540753,0.00066393445,0.00049351464,0.9944559,0.0008996596,0.00043087167
syn-0283,2,0,2,7,7,0.0005400442,0.0003131647,0.0015482395,0.0003486788,0.00024105147,0.0013262207,0.0002491895,0.9927684,0.0007017759,0.00054110005,0.00075667317,0.00066556444
syn-0285,2,0,2,11,11,0.00048487767,0.000630088,0.00084529247,0.0003330885,0.00047295212,0.00047272127,0.00071154704,0.000520706,0.0003767023,0.00076524453,0.0004937172,0.993893
syn-0288,2,0,2,9,9,0.00049865345,0.00054526224,0.00044961684,0.0006497319,0.0003297508,0.00023960727,0.00025086114,0.0006124564,0.000711156,0.9945602,0.0008570852,0.00029558668
syn-0294,2,0,2,1,1,0.00054458645,0.99429816,0.00040273106,0.0007778021,0.000376488,0.0005723962,0.00061529205,0.00039110344,0.0004960938,0.00050538464,0.00042102934,0.00059898803
syn-0301,2,0,2,3,3,0.00048559593,0.0010945078,0.0005470376,0.99196905,0.0017199068,0.0011141722,0.0010125014,0.0002622153,0.00031815073,0.00053567166,0.0004443043,0.00049686886
syn-0305,2,0,2,1,1,0.00046120203,0.99412423,0.0005016088,0.00076430215,0.0003641289,0.00043474263,0.00045873152,0.00039525822,0.00038685693,0.00063409295,0.0006418808,0.0008328892
syn-0308,2,0,2,3,3,0.00043377755,0.0008331734,0.0005232356,0.9938566,0.00078835146,0.00037945755,0.0009920786,0.00028102676,0.0003083462,0.000703575,0.0005146208,0.0003856214
syn-0313,2,0,2,11,11,0.0072194315,0.19360863,0.00975283,0.0077604624,0.0035878657,0.004378807,0.028055876,0.0036909278,0.0021697846,0.0047951094,0.04991742,0.6850629
syn-0324,2,0,2,7,7,0.0008834428,0.0022581546,0.0007356254,0.0003414301,0.0004905109,0.0032244069,0.00050509395,0.97879785,0.007236217,0.0031930718,0.00082587526,0.0015083003
syn-0333,2,0,2,5,5,0.0023077652,0.0009413418,0.0003463003,0.0013075621,0.036874484,0.9491499,0.0015573242,0.00069681864,0.0034881295,0.0007996871,0.0018003637,0.0007302597
syn-0335,2,0,2,3,11,0.0007569616,0.0008723218,0.0008742406,0.0006080873,0.0013136728,0.0005472193,0.00065174565,0.0004960641,0.00020749829,0.000961573,0.00041185447,0.99229866
syn-0338,2,0,2,8,8,0.00031496846,0.0004664033,0.00035516755,0.00024649836,0.0005077614,0.0002601,0.00093591335,0.00059595663,0.9945938,0.00090198376,0.00048238473,0.00033890325
syn-0383,2,0,2,2,2,0.0005171354,0.0003463417,0.99433374,0.000542218,0.0002703905,0.00023653073,0.00074411556,0.0008476569,0.00038524176,0.0004780386,0.0004956273,0.0008030109
syn-0385,2,0,2,5,5,0.003153079,0.002047744,0.0010256561,0.0019828044,0.4141835,0.5595262,0.0021313974,0.006059939,0.0025459714,0.002501609,0.0011701927,0.0036719511
syn-0392,2,0,2,1,1,0.0005044747,0.9939628,0.0005174476,0.0007664201,0.00042336076,0.00044044055,0.00043318892,0.0003723397,0.00032858865,0.0008196432,0.0005699724,0.0008612887
syn-0396,2,0,2,3,3,0.0004110038,0.0006926848,0.00090436917,0.9936395,0.0006274714,0.00043922363,0.0009161473,0.00058102503,0.0003110003,0.0006047608,0.00045316608,0.0004197245
syn-0402,2,0,2,1,1,0.0022316743,0.95232314,0.0008633328,0.0019210074,0.016938813,0.0025079139,0.001936074,0.00039142137,0.0013125743,0.0016706308,0.0015338059,0.016369632
syn-0405,2,0,2,8,8,0.00031056826,0.00042636605,0.00029852474,0.00021147913,0.00037007168,0.0002953351,0.00046690163,0.00062111666,0.9956565,0.00061854406,0.00050830387,0.00021628289
syn-0406,2,0,2,4,4,0.14643441,0.0015890561,0.0009866673,0.003938717,0.81038964,0.0037046017,0.0020048355,0.0011512802,0.0011924747,0.0036596542,0.022390751,0.002557971
syn-0409,2,0,2,10,10,0.00034691373,0.00061407743,0.0003823147,0.00044197956,0.00025742705,0.00031509832,0.00047568223,0.0003544476,0.00056144927,0.00088879984,0.9950039,0.00035810075
syn-0414,2,0,2,5,4,0.0013417911,0.0011578264,0.0005244277,0.0020751646,0.89509964,0.091618955,0.0012373236,0.00070914876,0.0020196836,0.0013326501,0.0016764218,0.0012068918
syn-0420,2,0,2,2,2,0.0006898797,0.00043616522,0.9934889,0.00054734095,0.0002955568,0.00024406993,0.00095450575,0.0009545641,0.00048373477,0.0005312787,0.00053911837,0.0008350029
syn-0426,2,0,2,10,10,0.00031990942,0.00031067303,0.00042360422,0.0003211615,0.00025580233,0.0009245311,0.0010230192,0.00039891206,0.0012308374,0.0007037112,0.9935638,0.00052410405
syn-0432,2,0,2,6,6,0.0003964195,0.0003103945,0.00060350914,0.001092147,0.00050038774,0.000724425,0.9946137,0.00014238678,0.0003866696,0.0002162675,0.00061099586,0.0004026622
syn-0433,2,0,2,5,5,0.003511234,0.001854813,0.0016561616,0.0016658942,0.017140029,0.62460524,0.0012295535,0.33694923,0.004621631,0.0030209667,0.0010253257,0.0027199031
syn-0443,2,0,2,7,7,0.0010692973,0.00074448774,0.0008081338,0.00038210835,0.0008477444,0.004756125,0.0002409927,0.9857647,0.0019362473,0.0014872419,0.0002850702,0.0016778315
syn-0452,2,0,2,10,10,0.0004033425,0.00032441146,0.00058058946,0.0005237511,0.00033080988,0.0006492776,0.0048375377,0.00029537998,0.0018833393,0.00088691566,0.9890237,0.0002609266
syn-0460,2,0,2,8,8,0.0003966273,0.00081006007,0.00039779104,0.00022566062,0.00043988475,0.0002974956,0.0011540009,0.0005785,0.9941638,0.000620943,0.00070602965,0.00020911
syn-0464,2,0,2,4,4,0.0077936957,0.0006678337,0.00042824834,0.0011043021,0.9855097,0.0007309691,0.00052726915,0.00044141116,0.0008186466,0.0007395856,0.00067077496,0.0005676139
syn-0465,2,0,2,7,7,0.001060226,0.00027888664,0.0008375968,0.0003504861,0.00058210175,0.0019491358,0.00032383023,0.99208415,0.0007781571,0.0006717967,0.00048093268,0.00060263585
syn-0471,2,0,2,5,5,0.0012581705,0.0018307946,0.000344553,0.00066284736,0.013457434,0.97528994,0.00074344204,0.00056090555,0.0006380769,0.0006716439,0.0007427164,0.0037995523
syn-0473,2,0,2,10,10,0.00033458258,0.00030153315,0.00041598832,0.00035252795,0.00024217041,0.00032413026,0.00072142243,0.00034385757,0.00078882923,0.0005063309,0.9954306,0.0002379507
syn-0478,2,0,2,2,2,0.00074483466,0.00052997516,0.9905675,0.00084524543,0.0003246007,0.00034587324,0.001343463,0.0018978271,0.00062782643,0.00047832532,0.0007805799,0.0015140034
syn-0495,2,0,2,2,2,0.0006129182,0.00036385196,0.9943386,0.0008031618,0.00031519527,0.0002770744,0.0007277695,0.00062745315,0.00036527604,0.00040928953,0.00038449196,0.00077480124
syn-0005,2,0,3,11,11,0.00047821907,0.0010585174,0.00090219855,0.00064382836,0.0007641919,0.0010840163,0.0006552458,0.00065941823,0.00022087745,0.0010353862,0.0011830258,0.99131507
syn-0006,2,0,3,7,7,0.0029425265,0.0014232603,0.0031777485,0.0009868268,0.0009234239,0.0034960434,0.00070594245,0.9383858,0.0072579733,0.027464965,0.0023000496,0.010935483
syn-0008,2,0,3,8,8,0.00023156012,0.00035085285,0.0003467653,0.00021987996,0.00035759815,0.00038458462,0.00059536553,0.0010286993,0.9955499,0.00032401088,0.00040205842,0.00020878896
syn-0014,2,0,3,0,0,0.99193865,0.0009742182,0.00062563317,0.0005911818,0.0010446733,0.000806473,0.0008909424,0.0005245259,0.0005123752,0.0006585456,0.00061713776,0.0008155812
syn-0020,2,0,3,6,6,0.00034778522,0.0002723141,0.0005807268,0.0005587523,0.0005092468,0.0007399103,0.99458534,0.00015791142,0.00058828987,0.0002924358,0.000978369,0.00038893084
syn-0029,2,0,3,2,2,0.00048638458,0.00037584885,0.99455076,0.0005480597,0.00026315462,0.0002162538,0.00087020226,0.00062804687,0.00039158502,0.00040126286,0.00054618967,0.0007221719
syn-0032,2,0,3,4,4,0.0010108037,0.0008217776,0.0007757673,0.00189721,0.9763222,0.00078491186,0.012135043,0.00053057953,0.0023991766,0.001218072,0.00038628944,0.0017181762
syn-0033,2,0,3,5,5,0.00057721295,0.00070017227,0.00025241205,0.00046154446,0.0007458757,0.9929212,0.0006638816,0.0013907602,0.000727531,0.0004065168,0.00043890608,0.00071398204
syn-0041,2,0,3,10,10,0.0017385978,0.0028185803,0.0008945166,0.0036023792,0.0032616374,0.0009193135,0.002042576,0.0005042344,0.0050032404,0.116133355,0.8614744,0.0016071552
syn-0044,2,0,3,2,2,0.0005775088,0.00046711037,0.994158,0.000617764,0.00025998606,0.00020910878,0.0007425324,0.0007703228,0.00042697342,0.00040385572,0.00051729655,0.0008495528
syn-0046,2,0,3,8,8,0.041014776,0.016014628,0.0018250869,0.0013898095,0.0032408847,0.0077271718,0.004550339,0.0042351745,0.8549489,0.05220317,0.002482447,0.010367627
syn-0050,2,0,3,4,11,0.0020009226,0.009853696,0.0021508734,0.0030618627,0.0066934396,0.0010820553,0.0036317266,0.0006692441,0.00074805535,0.0019289722,0.0015797716,0.9665994
syn-0053,2,0,3,10,10,0.000325701,0.0003770826,0.00037178065,0.00035371774,0.00043127307,0.0004791272,0.00056586077,0.00029815125,0.0005816889,0.00055187603,0.99538225,0.00028145817
syn-0054,2,0,3,5,5,0.0007635171,0.0004419977,0.00029128802,0.00053917227,0.00069961714,0.9926184,0.00077459466,0.0015624337,0.0005519584,0.00038233039,0.0008366169,0.0005381202
syn-0057,2,0,3,8,8,0.0003471312,0.000638472,0.00031575805,0.00024068568,0.0011296177,0.00052059704,0.00076789124,0.00036450158,0.99029434,0.00081065885,0.00416336,0.0004070282
syn-0072,2,0,3,0,0,0.9936779,0.00058703613,0.0005474451,0.00047772328,0.0008194083,0.0008449033,0.000503346,0.00070019293,0.00044834145,0.00055960706,0.00038592875,0.00044812262
syn-0073,2,0,3,11,11,0.0012431897,0.0045175212,0.001004556,0.0005760235,0.0005501825,0.00078771537,0.00112835,0.0009693797,0.00060780824,0.0006042572,0.0019623884,0.9860487
syn-0074,2,0,3,5,5,0.010701035,0.0030668336,0.0003867518,0.0018450897,0.009153079,0.96327645,0.0034096523,0.0008203544,0.0012600864,0.0032816085,0.00076465437,0.002034366
syn-0091,2,0,3,4,4,0.0008933152,0.0005426173,0.0003486336,0.0017513763,0.98876977,0.0009133839,0.000845361,0.00025308086,0.00063686684,0.0010788599,0.00072767993,0.0032390177
syn-0093,2,0,3,5,5,0.0006231169,0.0009200082,0.00026773763,0.00045968202,0.0010649995,0.9913317,0.0024333855,0.00058679504,0.00050486194,0.0003606324,0.0007529081,0.0006941196
syn-0101,2,0,3,3,3,0.0003645518,0.0007580311,0.0006530649,0.9943072,0.0006490911,0.00042309405,0.0007367746,0.00040038186,0.0002703833,0.0005270635,0.0004064884,0.00050391076
syn-0111,2,0,3,3,3,0.0003519616,0.0008301067,0.0007155094,0.99431676,0.0005660145,0.00039668832,0.00074628607,0.0003391399,0.00028838697,0.00044884882,0.00050687685,0.0004934456
syn-0113,2,0,3,11,11,0.0008969791,0.0015721349,0.0011976243,0.00045970065,0.0011402728,0.00072250474,0.001084608,0.00050389726,0.0038509064,0.00097604166,0.0005704331,0.9870249
syn-0122,2,0,3,3,3,0.00041191833,0.00064582727,0.000576096,0.9939074,0.00069813535,0.0005583714,0.0007765479,0.00048702018,0.0003528489,0.00067418243,0.00046676464,0.0004449552
syn-0133,2,0,3,2,2,0.0010129642,0.00063793344,0.9899422,0.0009957999,0.000425994,0.00033996388,0.0011230299,0.002427603,0.00059259037,0.0005710028,0.00077326107,0.001157689
syn-0140,2,0,3,11,11,0.0008341253,0.00087117305,0.0010239898,0.0011240838,0.0018360184,0.00074953283,0.00069932395,0.0009852422,0.00029872643,0.0064308634,0.00042540595,0.9847215
syn-0141,2,0,3,2,2,0.0005137365,0.00040107642,0.99408865,0.0007001404,0.00027458082,0.00027164703,0.0007541729,0.000735714,0.0004430849,0.00051953853,0.00051524385,0.00078249455
syn-0146,2,0,3,10,10,0.00038314363,0.0004390619,0.00033255602,0.00034885624,0.00044337063,0.00039530592,0.0005409791,0.0003387841,0.00067206874,0.0006308494,0.99521554,0.00025950125
syn-0154,2,0,3,1,1,0.0005727542,0.9944343,0.00033686927,0.0006758587,0.0004956774,0.00058234215,0.00045308587,0.0003696174,0.00046883992,0.00063522055,0.00042876365,0.00054679275
syn-0178,2,0,3,9,9,0.0019324897,0.00392476,0.0012538164,0.0035892734,0.011872667,0.0017288926,0.0019268364,0.0010568508,0.009713875,0.86718684,0.07941041,0.016403275
syn-0187,2,0,3,3,3,0.00040614672,0.0007823906,0.000536221,0.99395657,0.00071176636,0.0005721996,0.0007277564,0.00041093424,0.00028912837,0.0006553897,0.0004966504,0.00045486275
syn-0189,2,0,3,10,10,0.00035664396,0.000453047,0.0003293589,0.00038468378,0.00057298475,0.00066906976,0.00050838053,0.00028839632,0.0010706072,0.00065693026,0.99434894,0.00036084797
syn-0191,2,0,3,4,4,0.00054720166,0.00039645072,0.00026332054,0.0016280683,0.9922666,0.0005563619,0.0006587633,0.00027167922,0.00091986475,0.0011254951,0.00081167865,0.00055446354
syn-0192,2,0,3,5,5,0.00054902054,0.0009638552,0.0003034942,0.0005213273,0.000636875,0.9926524,0.00078912824,0.0010471892,0.00055332656,0.0003725758,0.0006012172,0.0010095106
syn-0211,2,0,3,0,0,0.99364716,0.00061159546,0.0006000591,0.0005544222,0.0007996207,0.00063070154,0.00052440405,0.00065486593,0.0003097902,0.0006233537,0.0004935951,0.00055037637
syn-0215,2,0,3,10,10,0.0006024982,0.0010491884,0.00060367613,0.0009173553,0.0019304595,0.0007267516,0.00165747,0.00030001096,0.0037580337,0.013252017,0.9745748,0.0006277239
syn-0217,2,0,3,6,6,0.0012620764,0.0010820178,0.0007225411,0.00088527595,0.0006329872,0.000894837,0.9885216,0.00020570162,0.0012278841,0.0005131095,0.003064374,0.0009875966
syn-0233,2,0,3,8,8,0.000254662,0.00036728868,0.00034672464,0.00021402848,0.0004298235,0.0003161592,0.00048860215,0.0006305254,0.9959194,0.00036962752,0.00047218407,0.00019110592
syn-0267,2,0,3,4,4,0.003172225,0.00042764022,0.00024176585,0.0007203712,0.9908606,0.001580365,0.00034800873,0.00029219544,0.00047567152,0.00056542584,0.0006492142,0.0006665599
syn-0269,2,0,3,10,10,0.00042411953,0.00038185265,0.00036135432,0.00034029075,0.0003748328,0.00034329476,0.0005770903,0.00031257345,0.00069701776,0.00064994977,0.99525815,0.00027936936
syn-0275,2,0,3,0,0,0.9929792,0.00075287157,0.0005564897,0.00064239494,0.00080456433,0.0010071807,0.00066408253,0.00064711727,0.00045641683,0.00046838252,0.0005250761,0.00049616204
syn-0282,2,0,3,7,7,0.0012216982,0.00044257782,0.00072365557,0.00029917085,0.00041454713,0.005261662,0.0002905332,0.98714995,0.0012389317,0.0010736795,0.0004451787,0.0014384583
syn-0284,2,0,3,0,0,0.97809315,0.0014892911,0.00070970156,0.000611801,0.002271591,0.0010601988,0.0006818471,0.000841147,0.0092757335,0.0026716099,0.0013421815,0.0009517493
syn-0295,2,0,3,10,10,0.00035939473,0.0005819328,0.0003095152,0.0003668412,0.00055406534,0.00043905145,0.00057305064,0.0002621696,0.00084214594,0.00064689876,0.9947061,0.00035886865
syn-0297,2,0,3,11,11,0.00046341747,0.0009580947,0.00077854533,0.00040144622,0.0005846715,0.0006223796,0.0008048294,0.0007100861,0.0003415358,0.00046228748,0.0003239918,0.9935488
syn-0299,2,0,3,1,1,0.00077355193,0.9917663,0.00030470744,0.0009397114,0.0009463883,0.0014949787,0.0004309671,0.0005070601,0.0006475904,0.001400636,0.00028624616,0.00050188723
syn-0303,2,0,3,7,5,0.005513876,0.00096062745,0.0013787255,0.0010853492,0.0044504446,0.741923,0.0017091621,0.23254628,0.00318924,0.0023452912,0.0020286895,0.0028693045
syn-0306,2,0,3,5,5,0.0007122895,0.00061658566,0.00030197072,0.00036567182,0.0020858822,0.9915352,0.00059819926,0.0012583745,0.0009290006,0.00027818847,0.00062263646,0.0006959592
syn-0307,2,0,3,3,3,0.0012547676,0.0016375246,0.00059198716,0.98507905,0.0018850669,0.0006539915,0.0017261959,0.0003122601,0.00062404305,0.0032585952,0.0023445007,0.000632016
syn-0310,2,0,3,10,10,0.00038470744,0.00043934968,0.00038924225,0.0003509649,0.0003568401,0.00031521797,0.0004511983,0.00038041116,0.0006096788,0.000630185,0.99538165,0.00031063418
syn-0325,2,0,3,4,4,0.0030764455,0.0014064377,0.0012053419,0.22328365,0.7364212,0.010003893,0.0072496464,0.00070927624,0.0015674632,0.009022331,0.0029155659,0.0031386553
syn-0327,2,0,3,1,1,0.0008639968,0.9912629,0.00043924418,0.0006927172,0.0005765304,0.00061521353,0.0005740024,0.00040822284,0.0027842538,0.00064285216,0.00048288668,0.00065713364
syn-0329,2,0,3,8,8,0.00034542294,0.00036483933,0.00039371563,0.00024374844,0.00051879446,0.00035257993,0.000581874,0.0007669158,0.99412006,0.0011811712,0.0005316163,0.00059917325
syn-0336,2,0,3,0,0,0.9930051,0.00092607207,0.000644926,0.00050893443,0.0009179684,0.0010094226,0.00052483345,0.0006079263,0.00043937206,0.00056141685,0.00040575792,0.0004482567
syn-0343,2,0,3,8,8,0.00085929467,0.0008312318,0.0004995119,0.00034398038,0.002461086,0.001000212,0.000930481,0.0008361166,0.98610884,0.002783334,0.001577401,0.001768547
syn-0345,2,0,3,7,7,0.0017767575,0.0008358046,0.0009480162,0.00053648336,0.0011815546,0.016478969,0.00072829024,0.9699847,0.0019568726,0.001444141,0.0005688571,0.0035594793
syn-0346,2,0,3,6,6,0.00050771487,0.00036613998,0.0007105076,0.00070283026,0.00047013303,0.000389754,0.9947456,0.0001635881,0.00053351145,0.00034547155,0.00064416643,0.00042060224
syn-0348,2,0,3,9,9,0.00088566326,0.0030537625,0.00033191915,0.0006249701,0.0010835488,0.0003179591,0.00037282245,0.0005186247,0.0028912441,0.98847127,0.00061258295,0.00083566795
syn-0366,2,0,3,9,9,0.00095419993,0.00073447387,0.0006440696,0.0022294407,0.00093483063,0.0008924573,0.00082780974,0.0004105967,0.00044482882,0.98926824,0.0017568643,0.00090209587
syn-0368,2,0,3,9,9,0.00065645535,0.0008488944,0.00039179603,0.0005759353,0.00080352084,0.00032960332,0.00029459017,0.000508013,0.0019041597,0.99217564,0.0004571622,0.001054276
syn-0369,2,0,3,6,6,0.0021951105,0.011023198,0.0010734744,0.0028924716,0.0033981944,0.16421455,0.80514115,0.0010547696,0.0021812208,0.0023665372,0.002643933,0.0018153732
syn-0372,2,0,3,1,1,0.0010406411,0.9902834,0.00044354936,0.001549309,0.00078341045,0.0006107167,0.0005910605,0.00022876599,0.00039219618,0.0019723808,0.00044615587,0.0016583785
syn-0382,2,0,3,0,0,0.99357784,0.0006482983,0.0005139743,0.00052796426,0.00108058,0.0007241124,0.00046638213,0.0006511535,0.00037879584,0.00055114465,0.00041724648,0.00046252678
syn-0399,2,0,3,8,8,0.00022865817,0.00031917013,0.0003315605,0.00016909663,0.0003999383,0.00031870295,0.00044225922,0.0006989637,0.9956334,0.00051378174,0.00077245553,0.00017192734
syn-0401,2,0,3,11,11,0.0011709888,0.005620676,0.0012286848,0.00066153234,0.00072019343,0.00088067766,0.001170703,0.0006275507,0.00024052887,0.0013101652,0.0005775625,0.98579085
syn-0407,2,0,3,6,6,0.00084330654,0.0011679602,0.001604618,0.037781566,0.0011909961,0.0013961601,0.95182747,0.00030438323,0.00051827915,0.000774996,0.0016995796,0.0008907093
syn-0408,2,0,3,4,4,0.023699483,0.0017773461,0.0013253336,0.0033959455,0.9522358,0.0025484182,0.002708806,0.00083261874,0.0064365105,0.0011593682,0.0022325595,0.0016477945
syn-0411,2,0,3,2,2,0.0005084703,0.0004691115,0.99403906,0.0007269289,0.00027136834,0.00020745664,0.00070113176,0.0008107498,0.0003849396,0.000575891,0.00044241425,0.0008625647
syn-0413,2,0,3,9,9,0.0006555725,0.0012449315,0.00045677036,0.00046851658,0.00070195436,0.00040113498,0.00033713042,0.0005992418,0.0006391367,0.99229383,0.0005558341,0.0016458976
syn-0416,2,0,3,2,2,0.00048448006,0.00037676116,0.9945338,0.0006520984,0.00029042852,0.0002349666,0.00072392484,0.0006556103,0.00037823574,0.00046297177,0.00047279516,0.0007339798
syn-0417,2,0,3,7,11,0.011371115,0.007876541,0.012092674,0.00894274,0.11563195,0.08715581,0.020721547,0.074730545,0.11825854,0.014381458,0.015145411,0.5136917
syn-0422,2,0,3,1,1,0.0005785515,0.99425226,0.00051331957,0.00075697206,0.0003857749,0.0005093249,0.00047173907,0.00046715463,0.00034783853,0.0005954611,0.00046533337,0.0006562253
syn-0425,2,0,3,5,5,0.001716587,0.002039991,0.0003176142,0.0011004928,0.043510575,0.9412632,0.0017149114,0.0006883345,0.0014830455,0.000986957,0.0017440451,0.0034343216
syn-0430,2,0,3,1,1,0.008173347,0.8076592,0.0019517953,0.0132343015,0.02425855,0.08973623,0.0053445306,0.00080258114,0.00087631325,0.0056119706,0.004650216,0.03770102
syn-0431,2,0,3,3,3,0.0005260922,0.00067617564,0.0005755466,0.9939296,0.0006648804,0.0005051973,0.000740642,0.0005330738,0.0002863108,0.0005655179,0.00049229106,0.0005047042
syn-0436,2,0,3,6,6,0.00038463046,0.00036185657,0.0005866346,0.000596892,0.00051934895,0.00044465676,0.99469674,0.00014005415,0.0005245736,0.00035607256,0.0009683784,0.00042017107
syn-0437,2,0,3,3,3,0.00059222867,0.00088947476,0.00078534207,0.97876716,0.0062256423,0.0016200957,0.001602394,0.00042823583,0.000910568,0.0014451706,0.0061351103,0.00059862476
syn-0445,2,0,3,6,6,0.0005849407,0.0005674979,0.000755677,0.0007124974,0.00058351434,0.0007156353,0.9896477,0.00023795853,0.0046551498,0.00046250032,0.00058579823,0.0004911285
syn-0449,2,0,3,11,11,0.00047399552,0.0008665063,0.00085276004,0.0005974336,0.0007480701,0.00036253876,0.000601238,0.0005198202,0.0001951934,0.0005025985,0.0006230554,0.9936567
syn-0451,2,0,3,8,8,0.0007973484,0.00082870637,0.00039703565,0.00029823842,0.0009312848,0.0040040486,0.00046463526,0.010041632,0.97736925,0.0034958052,0.00070572196,0.0006662095
syn-0469,2,0,3,9,9,0.00051241426,0.0006355338,0.00043829114,0.00051921443,0.0005886344,0.0002567789,0.00020472198,0.0006780104,0.0005570358,0.9944391,0.0004460636,0.0007242094
syn-0472,2,0,3,8,8,0.00023275558,0.0003283983,0.00029813533,0.0002210151,0.0004363335,0.0003260018,0.00062395167,0.00048652754,0.9958152,0.0003934253,0.00059990195,0.00023827521
syn-0482,2,0,3,1,1,0.048504632,0.2914511,0.00755741,0.20727614,0.1061769,0.0081237685,0.08081457,0.0007439131,0.0034803671,0.018957624,0.02424125,0.2026724
syn-0485,2,0,3,10,10,0.000358263,0.00037803178,0.00037144477,0.00034052416,0.0004310939,0.00030733767,0.0008127968,0.00030227748,0.0014605097,0.0005301251,0.99448293,0.00022463355
syn-0492,2,0,3,6,6,0.00038586181,0.00038360752,0.0006757222,0.0005970511,0.00041034684,0.0005274106,0.994962,0.00021298912,0.00046931778,0.00031631827,0.00065285707,0.00040655752
syn-0016,2,0,4,9,9,0.00046190986,0.000961059,0.0003281835,0.0007281069,0.00056511536,0.0003747973,0.00042304525,0.000311934,0.0017313538,0.99176824,0.0019480396,0.0003981912
syn-0023,2,0,4,1,1,0.00063742034,0.9939877,0.00040556488,0.00088345946,0.0007033242,0.00053180504,0.00046475543,0.00034335913,0.0004684006,0.0006138998,0.0003745372,0.00058578723
syn-0026,2,0,4,10,10,0.0003569079,0.00034592702,0.0004239421,0.00042105396,0.0002683579,0.0003740363,0.00067741616,0.00034575813,0.00052954024,0.0004176753,0.99557084,0.0002686201
syn-0027,2,0,4,4,4,0.0006756698,0.0003920036,0.000239627,0.0007183694,0.9927013,0.0014808517,0.00066714623,0.0003171443,0.0015504044,0.00038254907,0.0003146763,0.00056015
syn-0035,2,0,4,9,9,0.0031057645,0.037762128,0.0009270716,0.003001404,0.0036168508,0.0022282768,0.0018009926,0.00059973256,0.004458588,0.87984365,0.058716036,0.0039394964
syn-0040,2,0,4,4,4,0.0004749836,0.00041307608,0.00025686075,0.0010258735,0.99378514,0.0012175116,0.00040017164,0.00032029336,0.0005526072,0.00053482124,0.0004910192,0.00052755896
syn-0048,2,0,4,11,11,0.0026457708,0.005202982,0.0015357473,0.0012645056,0.079775184,0.005136092,0.002480622,0.0029805358,0.0114199845,0.0074770763,0.0037917427,0.8762898
syn-0056,2,0,4,8,8,0.00030062496,0.0004460338,0.00029901456,0.00022318742,0.0003928554,0.00023458466,0.000638602,0.0005282577,0.99583036,0.000401191,0.0005115051,0.0001939086
syn-0070,2,0,4,2,2,0.00049042783,0.00037437523,0.9945287,0.00059388427,0.00033006252,0.00021965442,0.00083117094,0.0006289536,0.00037878825,0.0004887544,0.00043407088,0.0007010491
syn-0077,2,0,4,2,2,0.00041368822,0.00042453376,0.994772,0.00065337017,0.0002807367,0.00018573695,0.0009170236,0.00052053074,0.0003788809,0.00038185253,0.00041938297,0.0006521749
syn-0084,2,0,4,5,5,0.0007811904,0.0007612334,0.00023355588,0.00065056124,0.0006150374,0.99340147,0.0007633737,0.0009363188,0.0004354885,0.0003719478,0.0005039436,0.00054595823
syn-0085,2,0,4,3,3,0.0016871005,0.005946347,0.00063443783,0.9519006,0.030598797,0.0013287544,0.0016953585,0.0002823561,0.0005670427,0.0022624957,0.0014381297,0.0016585133
syn-0086,2,0,4,10,10,0.00030451594,0.00045914587,0.00038645085,0.0003936882,0.00036857394,0.00036003592,0.00041826122,0.00037842145,0.00054153457,0.0004904316,0.9955081,0.00039100615
syn-0090,2,0,4,5,5,0.002421591,0.0007962198,0.00033615445,0.0003280469,0.00251069,0.9874906,0.000789638,0.0012084715,0.0024609268,0.00055503746,0.00039415743,0.0007085185
syn-0094,2,0,4,1,1,0.00052415003,0.98639977,0.0012390864,0.0016093797,0.0005324042,0.0005444978,0.0027699175,0.000700858,0.00036591568,0.000694386,0.00089684885,0.0037227843
syn-0106,2,0,4,10,10,0.0005234726,0.0006840718,0.0006751125,0.0008594859,0.0003411295,0.0002738377,0.005187161,0.00035854953,0.0028464962,0.001108327,0.98656917,0.0005732404
syn-0107,2,0,4,10,10,0.00028062853,0.00033619656,0.00032969395,0.00040831216,0.00045728794,0.00092194456,0.00095155864,0.00026647333,0.0008103485,0.0005406616,0.99438876,0.00030821018
syn-0109,2,0,4,3,3,0.00066178665,0.0016639346,0.00055105676,0.9890632,0.0010815539,0.0004177914,0.00093852397,0.00031108322,0.00031846034,0.0036410282,0.00083821226,0.00051339064
syn-0117,2,0,4,6,6,0.0005014319,0.00046921524,0.00070471957,0.0022676538,0.007959458,0.0009774511,0.984116,0.00016184004,0.00074797554,0.0005651531,0.0007796726,0.0007494378
syn-0119,2,0,4,6,6,0.00039875065,0.00033594572,0.0006784633,0.0006579907,0.0003254508,0.00049395656,0.99461764,0.00021584635,0.00034324138,0.00028069314,0.0011417737,0.00051025895
syn-0128,2,0,4,2,2,0.00054452167,0.00040564328,0.9946654,0.00058862456,0.00025409312,0.00021188849,0.00071427645,0.00057611323,0.00035588752,0.0005009026,0.00042573368,0.00075687066
syn-0139,2,0,4,1,1,0.00056360295,0.99444085,0.00037986605,0.00068433105,0.0004915832,0.0005199765,0.00046519446,0.00032842578,0.0003886845,0.0005462627,0.0005141696,0.0006770192
syn-0147,2,0,4,0,0,0.9924104,0.0010547829,0.0005685267,0.0006442251,0.0010230797,0.00062868744,0.00042002488,0.00053122046,0.00056575745,0.0012665775,0.0003968956,0.00048986136
syn-0156,2,0,4,6,6,0.000516817,0.0005460008,0.00054453645,0.0006262988,0.0007007367,0.00081157987,0.9942068,0.00019876484,0.00068483845,0.00027221045,0.0005703907,0.0003210557
syn-0167,2,0,4,0,0,0.99395716,0.00056443014,0.0005780974,0.00043234118,0.00080378534,0.0007220934,0.00045642038,0.00066166016,0.00043276357,0.0005149242,0.00042460044,0.00045176418
syn-0168,2,0,4,1,1,0.0008214393,0.9929843,0.00035046166,0.0010980379,0.000503486,0.0009997139,0.00060999487,0.00034234324,0.0005194684,0.0007983073,0.00042439206,0.00054813246
syn-0173,2,0,4,8,8,0.00030228298,0.0004821043,0.00035099703,0.00030824498,0.00060204277,0.000611225,0.0018070474,0.00028203402,0.99353033,0.0005104483,0.0009665936,0.00024671617
syn-0182,2,0,4,6,6,0.00040218624,0.00039095597,0.000619279,0.00059164193,0.00034033254,0.0006003724,0.9948944,0.0002366641,0.0004876228,0.00028463625,0.0006034583,0.00054851687
syn-0183,2,0,4,4,5,0.0028488953,0.0013434044,0.00060729636,0.0015798288,0.1048603,0.88142085,0.0017215997,0.0011208134,0.001183237,0.0008316986,0.0008481024,0.0016339622
syn-0185,2,0,4,7,7,0.0017898356,0.00041805994,0.0013978018,0.00047650785,0.00072517,0.0026936757,0.0004632023,0.98391694,0.002528004,0.0026648946,0.0006112509,0.0023147354
syn-0195,2,0,4,4,4,0.0026983537,0.0016976806,0.00058555795,0.002366221,0.64465547,0.33444285,0.0030651095,0.00084041286,0.004196545,0.0020348362,0.0016026295,0.0018142445
syn-0197,2,0,4,11,11,0.0019236034,0.002020107,0.00076124363,0.0010527618,0.008711972,0.0016971597,0.0012459197,0.0007509069,0.0011534132,0.0014396575,0.00039377267,0.9788495
syn-0208,2,0,4,8,8,0.00037613994,0.00053096056,0.00030849915,0.00026672316,0.00049129804,0.00028061747,0.0011902739,0.0003325913,0.99434954,0.0006368744,0.0010629247,0.00017356007
syn-0210,2,0,4,0,0,0.98929465,0.00062671356,0.0004726065,0.000556323,0.004307978,0.001194094,0.0005342274,0.00075117755,0.0004847599,0.0005038245,0.00047491977,0.0007988438
syn-0226,2,0,4,6,6,0.000343625,0.00049197976,0.0007610215,0.0005921383,0.0003016236,0.000419172,0.9947573,0.00017931791,0.00038578242,0.00025786637,0.00093395554,0.0005763071
syn-0229,2,0,4,7,7,0.0008655617,0.00020440652,0.0007343013,0.00032409877,0.00034348856,0.0016093529,0.00019183474,0.9929068,0.0012573495,0.00051790837,0.00040334745,0.00064156443
syn-0236,2,0,4,11,8,0.018543024,0.13964963,0.004258437,0.0038321784,0.01913398,0.011615265,0.03145047,0.002412209,0.572088,0.018421195,0.008160397,0.17043523
syn-0246,2,0,4,8,8,0.0009184161,0.0015169872,0.00043034783,0.000411042,0.0003933698,0.0004501207,0.0016302734,0.0006095606,0.99227726,0.0003827593,0.000722106,0.00025772638
syn-0250,2,0,4,11,11,0.00041758048,0.00078348326,0.000807269,0.00039151512,0.0004561657,0.00048298476,0.00046425516,0.00067664264,0.00023196504,0.0005019795,0.00041291706,0.9943732
syn-0261,2,0,4,5,5,0.0007284215,0.00060373516,0.00034822285,0.0004570603,0.003247864,0.9885698,0.0031897135,0.0005677108,0.0006801248,0.00033553733,0.0005017375,0.0007701181
syn-0262,2,0,4,10,10,0.00035484508,0.00035174002,0.00039974303,0.00042594,0.00030634398,0.00038236985,0.0005146605,0.00037534052,0.00051340554,0.0004386033,0.9956334,0.0003036633
syn-0263,2,0,4,0,0,0.99183685,0.0015488652,0.0006708099,0.00046693083,0.0012078045,0.0007732293,0.00040806053,0.00060661836,0.0008095463,0.0006562312,0.000401342,0.000613769
syn-0265,2,0,4,3,3,0.0006471634,0.00095481245,0.00048187128,0.9911124,0.0019268915,0.0011385835,0.0010938962,0.00032989378,0.00027509875,0.0007787246,0.00064306846,0.0006175277
syn-0280,2,0,4,0,0,0.9938678,0.00080744986,0.00057945837,0.00043697123,0.00082882086,0.00062318775,0.00044450315,0.00051638857,0.00040079156,0.00053122186,0.0004631138,0.00050025666
syn-0281,2,0,4,10,10,0.0030277509,0.006201744,0.0009945537,0.0010670003,0.0045352164,0.016512359,0.0030351519,0.0007821603,0.09548717,0.003050008,0.8644703,0.00083668076
syn-0286,2,0,4,8,8,0.00061886164,0.0015459734,0.0006234109,0.0003827618,0.000533492,0.00042409264,0.0059698867,0.00044705707,0.9864867,0.0016080977,0.0010787364,0.00028085615
syn-0296,2,0,4,3,3,0.0006548067,0.0011838216,0.0006166375,0.9887178,0.0028778785,0.0023557479,0.000819709,0.0003682111,0.0002701794,0.000746718,0.0006660934,0.00072233175
syn-0300,2,0,4,10,10,0.0003868371,0.00031991725,0.00046878416,0.00039717255,0.000411384,0.00030841344,0.00043557023,0.0003997017,0.00061545335,0.00041847493,0.99553055,0.00030781166
syn-0304,2,0,4,1,1,0.0006390466,0.9940937,0.00041542965,0.00073124096,0.00042403716,0.0006009153,0.0005936245,0.00043282303,0.00048521243,0.00048190684,0.000536295,0.0005656113
syn-0312,2,0,4,11,11,0.0010484987,0.0012865306,0.000874344,0.00043304308,0.0009621565,0.001225819,0.0015488241,0.00097492506,0.003490329,0.00064124743,0.00065517327,0.9868591
syn-0314,2,0,4,8,8,0.00026044785,0.0003680084,0.00029183022,0.0002080531,0.00038623487,0.00027914703,0.0005229178,0.00045866528,0.9959239,0.00054004404,0.0006105324,0.0001502947
syn-0321,2,0,4,9,9,0.00047068152,0.00082315266,0.0003894473,0.0010382824,0.00044847,0.00033605256,0.00039790483,0.0003311658,0.00081864325,0.9939628,0.0006262979,0.0003570281
syn-0323,2,0,4,7,7,0.0004880543,0.00030511845,0.00060355006,0.0002751137,0.00027835666,0.0021272695,0.00019206032,0.99310404,0.0009912065,0.00069629494,0.00041218876,0.0005266829
syn-0328,2,0,4,10,10,0.00033574153,0.00040399408,0.00035844362,0.0003892769,0.00038681368,0.00041317084,0.00047070536,0.00032036682,0.00070820993,0.0005079608,0.9954703,0.00023495831
syn-0330,2,0,4,0,0,0.9704943,0.0012256718,0.00052741234,0.00090773404,0.012790516,0.009357741,0.00054203277,0.0009620408,0.00048968574,0.0011769916,0.0007215915,0.0008042078
syn-0332,2,0,4,6,6,0.00037066382,0.00034130484,0.00058349216,0.00076994085,0.00046197482,0.00040908722,0.99481803,0.00019314478,0.0003805672,0.0002705222,0.0010515497,0.00034974003
syn-0339,2,0,4,7,7,0.0006778795,0.00033087656,0.0007517882,0.00032542885,0.00022663196,0.0010489594,0.00019961176,0.9945505,0.0004893621,0.00042072518,0.00037128862,0.0006068689
syn-0341,2,0,4,8,8,0.00030110462,0.00033102185,0.0003230381,0.00024396105,0.00039850947,0.00031111814,0.0005625375,0.00043682303,0.99595934,0.0005284551,0.0004349076,0.00016915199
syn-0350,2,0,4,2,2,0.00053777994,0.00045418477,0.99393,0.0009966431,0.00028968585,0.00023436575,0.0010077144,0.0006466308,0.00038264872,0.0004408563,0.00032316791,0.0007564496
syn-0353,2,0,4,7,7,0.0023412555,0.0012340562,0.0015193981,0.0014654779,0.0016300762,0.099577025,0.0004995785,0.8806136,0.0029524073,0.0040364475,0.0014776932,0.0026529902
syn-0354,2,0,4,8,8,0.0003061573,0.0003979419,0.0003072055,0.00023948566,0.00044960814,0.0003535914,0.0005289924,0.00046342748,0.99599886,0.0003765799,0.00037786926,0.00020029327
syn-0355,2,0,4,5,5,0.0048053833,0.0031353314,0.0010835415,0.001971644,0.1399889,0.7977517,0.00345022,0.0011613357,0.0040832576,0.002082471,0.03875979,0.0017264292
syn-0357,2,0,4,3,3,0.00046352402,0.0010256148,0.0008709594,0.99280715,0.0011036956,0.0003751899,0.0009000338,0.00031043647,0.00030892433,0.00088197936,0.00043714477,0.000515334
syn-0363,2,0,4,9,9,0.013820507,0.005397014,0.0016637732,0.0019000886,0.0066644223,0.004686718,0.005492722,0.0026225997,0.32457787,0.6256402,0.004370635,0.0031634592
syn-0367,2,0,4,4,4,0.0005501816,0.0004770734,0.00022077908,0.000799533,0.9937808,0.0009173967,0.00047382328,0.00023318919,0.0011958538,0.0004936615,0.00045014283,0.0004076642
syn-0370,2,0,4,9,9,0.0004314619,0.0008219754,0.00052606326,0.00056742295,0.00033898922,0.00056603935,0.00020480575,0.0006385941,0.00041737125,0.99387497,0.0007485999,0.0008636339
syn-0371,2,0,4,6,6,0.0003393102,0.00046537002,0.00072130724,0.0006073275,0.0003301579,0.00045815512,0.9948161,0.00019811126,0.0003741179,0.00028994412,0.0008792447,0.00052080804
syn-0374,2,0,4,8,8,0.00032419365,0.00036610608,0.0002683726,0.0002686348,0.00061641424,0.00037278043,0.00061566225,0.00041162412,0.99562526,0.00038895744,0.00058933656,0.00015261573
syn-0377,2,0,4,5,5,0.0022282598,0.0018527122,0.00079451053,0.00093069294,0.0016534784,0.91310054,0.0012915083,0.07124074,0.002199076,0.0013741323,0.00085405185,0.0024803474
syn-0379,2,0,4,3,3,0.0020687834,0.0023465294,0.0018436112,0.9301624,0.04586001,0.0020809409,0.0011447243,0.0006290975,0.0006775647,0.007410068,0.004823589,0.0009527242
syn-0393,2,0,4,2,2,0.0007675358,0.0005345197,0.9932249,0.00095901085,0.00028527086,0.00028948035,0.0007859292,0.00074210716,0.00037792246,0.00062278466,0.00036593748,0.0010444968
syn-0415,2,0,4,1,1,0.006088711,0.8328832,0.0017745134,0.0027862543,0.008119578,0.0033477615,0.0022829748,0.0011158974,0.101435654,0.0060931714,0.0020604827,0.032011792
syn-0418,2,0,4,0,0,0.99302447,0.00055461616,0.0006070482,0.000577837,0.00160366,0.00067903235,0.0005039984,0.00058151654,0.0003250882,0.00046544004,0.000572501,0.00050473725
syn-0421,2,0,4,10,10,0.00038753852,0.0005635899,0.0003521693,0.0006866582,0.00047066715,0.00047901372,0.0009785327,0.00019035251,0.0019140623,0.0007567286,0.9929623,0.00025840852
syn-0429,2,0,4,2,2,0.00065218686,0.00051554455,0.9932128,0.00048054036,0.0003173077,0.00027167288,0.00076733914,0.0009000719,0.0005001711,0.000769027,0.0005021287,0.0011111692
syn-0440,2,0,4,1,1,0.0012275617,0.9924327,0.00051188003,0.00077218417,0.0005179139,0.00069218146,0.0006141377,0.00041962432,0.001288674,0.0006461298,0.0004139263,0.00046312297
syn-0444,2,0,4,5,5,0.0010222906,0.0010776471,0.00028547834,0.000771477,0.0016181349,0.9842882,0.0080076335,0.0006798295,0.00067684846,0.00048183594,0.000432337,0.00065827015
syn-0448,2,0,4,4,5,0.0012637732,0.0010115114,0.0003483762,0.00075869757,0.034644432,0.9548395,0.0014606438,0.0006345349,0.0016246991,0.0012225009,0.0013302561,0.0008609772
syn-0453,2,0,4,1,1,0.0054174964,0.50069696,0.0036620835,0.005049662,0.1186939,0.007967542,0.05579393,0.0017502367,0.009983782,0.0077224066,0.10681295,0.17644906
syn-0454,2,0,4,11,11,0.0014999523,0.007241992,0.001244719,0.0012338271,0.044222,0.0050640926,0.0024863216,0.001800475,0.002764228,0.0035191397,0.0017029917,0.9272202
syn-0457,2,0,4,9,9,0.00053972146,0.00074531516,0.0004124068,0.00056534715,0.00039718914,0.00038478101,0.00020316175,0.00072662934,0.0005060321,0.9946003,0.00044744482,0.0004716738
syn-0459,2,0,4,5,5,0.021133622,0.04307848,0.0018131303,0.0030364217,0.072850846,0.7257766,0.015072209,0.0014597393,0.10394718,0.0040700226,0.0060979053,0.0016638219
syn-0468,2,0,4,6,6,0.00037261107,0.0003731573,0.0006607735,0.0007030893,0.00034765105,0.0004362651,0.99517304,0.00021936784,0.0003571139,0.00027852828,0.00062667794,0.00045176502
syn-0484,2,0,4,3,3,0.00037142084,0.00081846927,0.0006671595,0.994419,0.0006434834,0.00038414772,0.00067272043,0.00034367587,0.00028201073,0.0004894169,0.00047435914,0.00043423494
syn-0489,2,0,4,11,11,0.005106967,0.016822958,0.0019612354,0.0023154179,0.16747601,0.02736642,0.013083353,0.0019940666,0.0023290245,0.0063837157,0.016221987,0.7389388
