id,fold_seed,model_seed,fold,gold,pred,prob_0,prob_1,prob_2,prob_3,prob_4,prob_5,prob_6,prob_7,prob_8,prob_9,prob_10,prob_11
syn-0003,0,0,0,2,2,0.0013371755,0.0009900721,0.9856909,0.0017647789,0.00085307885,0.0004906001,0.0018884841,0.0020753287,0.0010575347,0.0009790153,0.0012831268,0.0015898749
syn-0004,0,0,0,10,10,0.0015322879,0.0013004357,0.0021842096,0.0010749452,0.0028640886,0.0013535604,0.008022735,0.0019181694,0.07183833,0.006659206,0.89943063,0.0018214147
syn-0006,0,0,0,7,7,0.008065741,0.0068687424,0.013122389,0.0026455512,0.0024804163,0.009086286,0.0026045358,0.7793236,0.027526924,0.099273585,0.028193472,0.020808872
syn-0008,0,0,0,8,8,0.0006473245,0.0008455079,0.0009142119,0.0005403319,0.0010662159,0.00072073354,0.0015889965,0.002040187,0.9894246,0.00084840273,0.00091242814,0.00045102352
syn-0011,0,0,0,10,10,0.0024373683,0.0063638636,0.0024231286,0.0016621405,0.005055168,0.0046117813,0.008487542,0.0025098317,0.46086553,0.020881591,0.48109996,0.0036021965
syn-0015,0,0,0,6,6,0.0013660497,0.0027256832,0.0014344067,0.0018319485,0.0010463643,0.0028074034,0.98244876,0.0005380964,0.002081198,0.0008936927,0.0015069199,0.0013195031
syn-0016,0,0,0,9,9,0.00091780233,0.0028171262,0.00074835727,0.0014467286,0.0010698807,0.00074180873,0.0012624755,0.0008422227,0.0062781684,0.97743315,0.0051140934,0.0013282412
syn-0017,0,0,0,3,3,0.0012614646,0.0018149227,0.0015857114,0.9833497,0.002073213,0.0020540678,0.0019310323,0.0010853284,0.0005412262,0.0020468095,0.0011615482,0.0010949096
syn-0020,0,0,0,6,6,0.0008956007,0.0008438075,0.0013005487,0.0013783565,0.0017479446,0.0025028982,0.980229,0.0005971816,0.005865771,0.00082345615,0.0026461703,0.0011692249
syn-0034,0,0,0,0,0,0.98134834,0.002002402,0.0012874932,0.0011648582,0.0027764987,0.0021645841,0.0014775604,0.0018465015,0.0007874132,0.0013638536,0.0012925323,0.002487926
syn-0044,0,0,0,2,2,0.0013177679,0.0010975474,0.9852374,0.0019123155,0.0007107089,0.00046791852,0.0016027808,0.0024921515,0.001030547,0.00091837934,0.0014381271,0.0017743331
syn-0049,0,0,0,8,8,0.0007119949,0.00085297885,0.0006610648,0.00048982457,0.0017536742,0.00045434278,0.0014652049,0.0010625864,0.9889498,0.0017476372,0.0014922807,0.0003587134
syn-0052,0,0,0,4,4,0.009899482,0.0024581673,0.0006903176,0.0020923403,0.9644751,0.010936347,0.0014635448,0.0010629384,0.0015925461,0.0017202721,0.0014380432,0.0021709143
syn-0053,0,0,0,10,10,0.0006513298,0.00089856,0.0009421426,0.00092663075,0.0009270833,0.0010681088,0.0020165495,0.00082496763,0.0010814912,0.001002416,0.9887644,0.0008963688
syn-0055,0,0,0,3,3,0.0009296147,0.0020654006,0.0019677537,0.9847097,0.001792973,0.0012944288,0.0023777694,0.00058315997,0.0005252999,0.0015813278,0.0010889544,0.0010836502
syn-0063,0,0,0,1,1,0.0019160812,0.985552,0.0010914835,0.0015853875,0.0010278602,0.0010651586,0.0015947043,0.00074578234,0.0011032717,0.0012974353,0.0014473937,0.0015734341
syn-0069,0,0,0,11,11,0.0028254236,0.0054508024,0.0022443898,0.0029165358,0.0066127535,0.0012626825,0.0060283346,0.0010970376,0.00094293896,0.0026770174,0.0040939404,0.9638481
syn-0072,0,0,0,0,0,0.98486125,0.0017121751,0.0014386314,0.0012627869,0.0020454563,0.0016668057,0.001043315,0.0015639088,0.0008169105,0.0013285689,0.0008338365,0.0014263907
syn-0073,0,0,0,11,11,0.0030400562,0.006013121,0.0022480367,0.0009816149,0.0011476242,0.0019761508,0.002192211,0.0020279589,0.00091496576,0.001399933,0.0036460294,0.97441226
syn-0077,0,0,0,2,2,0.0012392391,0.0010941589,0.98459655,0.002252686,0.0008059946,0.0004594662,0.0022615027,0.0020732777,0.0011097625,0.0009817559,0.0014308896,0.0016946662
syn-0081,0,0,0,10,10,0.0012918123,0.003384001,0.0011422491,0.00223942,0.0027281812,0.002483052,0.0027255183,0.0008076064,0.002262501,0.0013511659,0.97841007,0.0011744868
syn-0084,0,0,0,5,5,0.0015170565,0.0018544303,0.00063689647,0.001739526,0.0014394795,0.983039,0.0014472319,0.0038729934,0.0009869264,0.00081222004,0.0012151262,0.0014391282
syn-0090,0,0,0,5,5,0.026895765,0.010192916,0.0017774361,0.0015777999,0.03608633,0.88287157,0.0042018443,0.006816937,0.020381447,0.0027341922,0.0022578875,0.0042059496
syn-0093,0,0,0,5,5,0.001760702,0.0025290258,0.0007667563,0.0015610384,0.0025247075,0.97160083,0.011400219,0.0015941607,0.0015056407,0.0008545435,0.0017598425,0.0021425604
syn-0098,0,0,0,10,10,0.0008187009,0.0024513607,0.00064764573,0.000787337,0.0017363664,0.0012729918,0.0015124535,0.0009923757,0.0035389522,0.0013288829,0.9841324,0.00078044744
syn-0101,0,0,0,3,3,0.0009375951,0.001745042,0.0016403162,0.98591554,0.0019713063,0.0010744332,0.0022084997,0.00071887905,0.00058387406,0.0013329167,0.0008262136,0.0010454523
syn-0109,0,0,0,3,3,0.0012521824,0.0027507963,0.0013258009,0.97945595,0.002432575,0.00097329763,0.0031269214,0.0006210871,0.00070999673,0.0039158193,0.0020817078,0.0013539318
syn-0120,0,0,0,3,3,0.0009522392,0.0020209413,0.0017507946,0.9848282,0.0018480794,0.0007809992,0.002011834,0.0007562315,0.0008432254,0.0020608008,0.001117092,0.001029616
syn-0121,0,0,0,9,9,0.0010588163,0.0020317247,0.0009773342,0.0016629074,0.00103783,0.0007754034,0.0006690926,0.0012457643,0.0020877912,0.9844789,0.0017792546,0.0021952095
syn-0139,0,0,0,1,1,0.0015919341,0.9860042,0.00095244567,0.0016642645,0.000946419,0.0011277484,0.0013139728,0.0008218617,0.00089561415,0.0014654846,0.001306934,0.0019090206
syn-0148,0,0,0,7,7,0.001875883,0.0028814066,0.003335154,0.0008095695,0.0015928186,0.009559137,0.0010114689,0.9543333,0.009891513,0.004071379,0.0049519553,0.0056864615
syn-0155,0,0,0,4,4,0.0014659301,0.001418056,0.00066592876,0.0014243014,0.9817394,0.0027130966,0.0016254123,0.0006063351,0.0047413325,0.0010420411,0.001482486,0.001075644
syn-0158,0,0,0,1,1,0.0018061153,0.9855306,0.0011043256,0.0015343277,0.0008525238,0.0010941278,0.0016732407,0.000891694,0.001083495,0.0014014621,0.0012961407,0.0017318429
syn-0166,0,0,0,5,5,0.003992449,0.0027960388,0.00054842624,0.001037179,0.0041101417,0.97811335,0.0015388505,0.002085463,0.0015784232,0.0010437835,0.0015024693,0.0016533657
syn-0169,0,0,0,4,4,0.014688224,0.0015211521,0.0010332915,0.0027463925,0.9626244,0.0038377375,0.001910749,0.0011800559,0.0038607614,0.0038965081,0.0010332915,0.0016673987
syn-0173,0,0,0,8,8,0.0006672235,0.0010079992,0.0007133838,0.0005278172,0.0013211139,0.00093042786,0.0026447247,0.00097127864,0.98846275,0.0009079874,0.0013919718,0.00045323296
syn-0175,0,0,0,11,11,0.0065486715,0.06601018,0.0029316084,0.0054769656,0.020796396,0.020662285,0.008752166,0.002966165,0.005695143,0.011293011,0.14333718,0.7055303
syn-0196,0,0,0,4,4,0.089192204,0.001781949,0.001622483,0.0038968886,0.8851132,0.0046739387,0.0034549814,0.001795925,0.0025376119,0.0018439082,0.0015256709,0.0025612633
syn-0223,0,0,0,6,6,0.0011487531,0.0013548845,0.0016113237,0.0018627902,0.0016624725,0.0017127343,0.97537076,0.00067399937,0.0088522285,0.0015330379,0.0026071486,0.0016097509
syn-0230,0,0,0,9,9,0.0014351481,0.0022349763,0.00088244386,0.0009425728,0.0009999399,0.00091446546,0.00042485082,0.0031369484,0.00196665,0.9843975,0.0010331938,0.0016314054
syn-0233,0,0,0,8,8,0.00057530496,0.00088023883,0.00075364375,0.00047323294,0.0010008562,0.00052025256,0.0019206243,0.0010106781,0.98963904,0.0010734999,0.001745789,0.00040675886
syn-0241,0,0,0,1,1,0.004138952,0.9706463,0.0009759132,0.004766231,0.0079819355,0.002828038,0.0019116787,0.0007660031,0.0014185595,0.0018456387,0.00094219984,0.0017784035
syn-0246,0,0,0,8,8,0.003098699,0.016078237,0.0016201924,0.0012904691,0.0019391163,0.001391248,0.0043572155,0.0024156272,0.96223974,0.0017638622,0.0029690969,0.00083645055
syn-0248,0,0,0,6,6,0.0012490755,0.0016531411,0.002175667,0.0024223963,0.0020851796,0.0023988553,0.9336512,0.00088789227,0.0019450249,0.000917868,0.049096633,0.0015170076
syn-0249,0,0,0,8,8,0.0007879705,0.0008700771,0.00060830207,0.00039121817,0.0017932545,0.001223416,0.0007704693,0.0020591158,0.98781407,0.0013788858,0.0018891762,0.00041401657
syn-0252,0,0,0,8,8,0.0006361691,0.0009843562,0.00079754525,0.000452435,0.0009667321,0.0005012892,0.002850416,0.00089495454,0.9876865,0.0013008803,0.0024722556,0.00045642897
syn-0254,0,0,0,7,7,0.016959226,0.043101218,0.03591145,0.007794889,0.018517248,0.07959527,0.031276673,0.27747586,0.14311157,0.039210588,0.058561053,0.24848497
syn-0270,0,0,0,10,10,0.0016368487,0.0021350486,0.00064998167,0.0009930413,0.002307552,0.0012651675,0.0038647759,0.00052585744,0.0013636375,0.0013925711,0.98287106,0.000994497
syn-0273,0,0,0,0,0,0.9788206,0.0035752805,0.0013288284,0.0018048004,0.0030434825,0.0025133756,0.0011010997,0.001724677,0.0011726868,0.0014853133,0.001024335,0.0024056097
syn-0274,0,0,0,9,9,0.0014046442,0.0012609606,0.0013634235,0.0014239802,0.0013292411,0.0011985261,0.0005956357,0.003997065,0.0029667427,0.97483134,0.0071055614,0.0025227643
syn-0275,0,0,0,0,0,0.98330164,0.001809525,0.001565631,0.0015629577,0.0021662468,0.0018126201,0.0014554147,0.001627204,0.0008220137,0.0012285779,0.00120835,0.001439864
syn-0276,0,0,0,6,6,0.00096705474,0.00088655314,0.0023023176,0.002147077,0.0017708866,0.0015010984,0.9817645,0.0008655935,0.0011947365,0.00065947406,0.0036097502,0.0023310564
syn-0284,0,0,0,0,0,0.9695123,0.0037230277,0.001381379,0.0013467465,0.0034766037,0.0020960914,0.0014406212,0.0014849006,0.007984296,0.0032703553,0.0017590633,0.0025246681
syn-0296,0,0,0,3,3,0.0017725461,0.0027984958,0.0015087542,0.9712359,0.0062261904,0.006798182,0.0027950818,0.00082149793,0.00055422715,0.0021168038,0.0016619039,0.0017104774
syn-0302,0,0,0,10,10,0.0006691266,0.0008616964,0.000850826,0.00069306896,0.00069239247,0.0007652868,0.0020350546,0.0008925292,0.0015397068,0.0009988534,0.98934793,0.0006536263
syn-0304,0,0,0,1,1,0.0018124426,0.9853681,0.0009994607,0.0015351988,0.0009261572,0.0012499372,0.0016302256,0.00095789233,0.0009994607,0.0012389997,0.0016282368,0.0016538778
syn-0311,0,0,0,9,9,0.001656657,0.0024690898,0.0012505103,0.0025913771,0.0015449283,0.0006647899,0.001237149,0.0010117056,0.0011570978,0.9781481,0.002642165,0.0056263334
syn-0316,0,0,0,0,0,0.91619116,0.0033628985,0.0014087263,0.0033043013,0.0227135,0.034398,0.0037060666,0.0017176003,0.0028332274,0.0037114993,0.0025446538,0.0041082557
syn-0318,0,0,0,11,11,0.0020867512,0.0024780782,0.002379656,0.0018902923,0.0023977347,0.0009640535,0.004954789,0.0010192384,0.0009927151,0.0020903202,0.002891867,0.97585446
syn-0328,0,0,0,10,10,0.0006708155,0.00076572143,0.0006773986,0.00072603323,0.0007755045,0.0007649741,0.0015642572,0.0009899499,0.0021596116,0.0012762516,0.9889437,0.00068571826
syn-0332,0,0,0,6,6,0.0009260624,0.001031585,0.0012750821,0.0021217195,0.0011368536,0.0010779292,0.9862299,0.00044606865,0.0012086981,0.00083867274,0.0026953975,0.0010121266
syn-0345,0,0,0,7,7,0.0038003367,0.002178623,0.0024459064,0.001338938,0.0028989185,0.029078577,0.001642104,0.94340336,0.0037841348,0.0030343342,0.0017833576,0.004611442
syn-0354,0,0,0,8,8,0.000826701,0.00091731135,0.00083399896,0.0005458826,0.0013223551,0.0006457243,0.0012888876,0.0012766739,0.9898747,0.0010173563,0.0009340344,0.0005163268
syn-0356,0,0,0,8,8,0.0011935283,0.003006763,0.00086260954,0.0005429795,0.0011687302,0.0005542298,0.004053457,0.0011146658,0.98364925,0.0015080245,0.0015830996,0.0007627385
syn-0357,0,0,0,3,3,0.0012454365,0.0018835951,0.00287635,0.9827792,0.0023083927,0.0009054153,0.0026494944,0.0007605769,0.0006231944,0.0015319131,0.0012000661,0.001236348
syn-0371,0,0,0,6,6,0.00086941407,0.0012284673,0.0016430245,0.0017812018,0.000900523,0.00097464886,0.98561645,0.00047084937,0.0009483593,0.00070579397,0.0035184247,0.0013429632
syn-0372,0,0,0,1,1,0.0019803394,0.9841362,0.001155686,0.0020995855,0.0010646677,0.0014552282,0.0012630902,0.00086641446,0.0009460108,0.0017519154,0.00092139316,0.0023594748
syn-0380,0,0,0,4,5,0.005016987,0.0025434168,0.00085841015,0.0021443875,0.0502816,0.9267666,0.0016313641,0.003456972,0.0022882686,0.0017374262,0.0012344284,0.0020402032
syn-0382,0,0,0,0,0,0.98389685,0.001869008,0.0014670013,0.0015232069,0.0024245882,0.0015014233,0.0011258877,0.0015723262,0.00064496644,0.0014698692,0.0010933813,0.0014114903
syn-0383,0,0,0,2,2,0.0013246873,0.00090424094,0.98486495,0.0016749705,0.00076293584,0.0005849632,0.0016282002,0.002792748,0.000968216,0.0011182253,0.0015685031,0.0018073204
syn-0419,0,0,0,1,1,0.0014081723,0.9859071,0.0009523519,0.0016148717,0.001106367,0.0011708409,0.0012585848,0.00085284945,0.001576693,0.0012156998,0.0015207398,0.001415756
syn-0421,0,0,0,10,10,0.00075519184,0.0017804792,0.0008687962,0.001268419,0.0008687962,0.0009311724,0.002556965,0.0005606631,0.0033093623,0.0024922506,0.9834743,0.0011336772
syn-0425,0,0,0,5,5,0.0028466703,0.0035044577,0.00053966115,0.0013002814,0.009118767,0.96908295,0.002166426,0.0018471704,0.001920753,0.001214365,0.0010742929,0.005384256
syn-0448,0,0,0,4,5,0.0021733935,0.0020769064,0.0005775816,0.0010843462,0.01445183,0.9686459,0.0018018065,0.001893817,0.0028316132,0.0015730989,0.0013357238,0.0015540128
syn-0452,0,0,0,10,10,0.0008239796,0.000922363,0.0013151094,0.0009442361,0.000915632,0.00096710015,0.0069092102,0.0007037555,0.003992891,0.0013115823,0.9803734,0.00082076725
syn-0454,0,0,0,11,11,0.0009904185,0.0017192463,0.0018653133,0.0011946728,0.0013817906,0.0014035506,0.0024274134,0.0023672779,0.00077058584,0.0014305345,0.001298072,0.9831512
syn-0455,0,0,0,2,2,0.015671616,0.08679257,0.17013916,0.13243984,0.04099791,0.015779112,0.11895039,0.11523439,0.04131946,0.16474357,0.015174623,0.082757406
syn-0457,0,0,0,9,9,0.0011542819,0.0021580213,0.0009677407,0.0016194741,0.00096726837,0.00074964,0.00043470657,0.0016611201,0.0012096772,0.9867878,0.0012144117,0.001075909
syn-0459,0,0,0,5,8,0.09221123,0.154274,0.0048159505,0.00687835,0.13937496,0.13221554,0.03489918,0.0039460487,0.40725252,0.010125911,0.008737609,0.0052686664
syn-0480,0,0,0,1,1,0.0023201383,0.9188033,0.00284547,0.012305962,0.006997189,0.0038084877,0.015173592,0.001012604,0.0015546278,0.0033478756,0.0054847873,0.026345942
syn-0487,0,0,0,6,6,0.0011009916,0.0011956989,0.001447933,0.0017198828,0.0018701083,0.0021649986,0.9815962,0.0005165285,0.0048935134,0.000609214,0.0019358419,0.0009491141
syn-0489,0,0,0,11,11,0.0019664322,0.0030408406,0.0019568542,0.0015616644,0.003388785,0.0018635998,0.005512303,0.0011160711,0.0010261668,0.0018791335,0.0027975945,0.97389066
syn-0495,0,0,0,2,2,0.0017209304,0.0013146597,0.98123527,0.0029913401,0.0011528421,0.00080520654,0.0018859237,0.0028228248,0.0012930146,0.0012810744,0.0014049254,0.002091864
syn-0496,0,0,0,8,8,0.00060980837,0.0009990422,0.00078876544,0.00044701755,0.0009932056,0.0005595916,0.0021818427,0.0009975799,0.98929346,0.0013014071,0.0013833129,0.00044484017
syn-0497,0,0,0,5,5,0.003003442,0.0038575556,0.000701292,0.0010819478,0.0031738163,0.9646175,0.0030392166,0.01045748,0.005096569,0.0015355069,0.0011630299,0.0022726587
syn-0498,0,0,0,7,7,0.001311252,0.0015960241,0.0019403903,0.000595954,0.00050037546,0.0031563,0.0005522449,0.9830021,0.0038521027,0.00099172,0.0009941441,0.0015074005
syn-0013,0,0,1,6,6,0.00096322916,0.001033394,0.0013956854,0.0014608813,0.0010517198,0.0014891492,0.9865131,0.0005046206,0.001165854,0.0006744152,0.0023476272,0.001400464
syn-0018,0,0,1,3,6,0.001356872,0.0013010736,0.0017286997,0.017519025,0.0037767491,0.002289596,0.96683675,0.0004213668,0.0011074466,0.00091229606,0.0012192653,0.0015307955
syn-0031,0,0,1,0,0,0.9825308,0.0027424318,0.0015960379,0.0013775512,0.0030287479,0.0015632582,0.00094909046,0.0016093415,0.0010484976,0.0012192515,0.0010639696,0.00127092
syn-0032,0,0,1,4,4,0.0030975512,0.00312337,0.0025817899,0.0054850318,0.93456805,0.0025830506,0.030694047,0.0013644994,0.008644981,0.0035949768,0.0012100606,0.0030525073
syn-0037,0,0,1,8,8,0.00085473637,0.0019393906,0.0006559894,0.000853902,0.0037731156,0.0026573122,0.003841433,0.000988611,0.97371995,0.0025774422,0.0075478326,0.00059032656
syn-0041,0,0,1,10,10,0.0021280835,0.002888929,0.0015342988,0.0045035034,0.002332682,0.0008949485,0.004919186,0.00083990576,0.0040300214,0.03850275,0.93283623,0.004589525
syn-0042,0,0,1,9,9,0.0010361697,0.0013487831,0.0012238906,0.0022963888,0.0009993983,0.0005852254,0.0005672199,0.0018032815,0.00094574934,0.9862692,0.0012757557,0.0016489364
syn-0045,0,0,1,9,9,0.0036255224,0.008045537,0.0015032468,0.017153421,0.0022910587,0.0013435597,0.0026088168,0.0010869858,0.0025496283,0.92202526,0.035890725,0.00187631
syn-0046,0,0,1,8,8,0.01815369,0.0070986813,0.0025659557,0.001961631,0.005306293,0.0066637117,0.0058677974,0.004466166,0.9135434,0.025203904,0.0043819207,0.0047868188
syn-0057,0,0,1,8,8,0.0016605966,0.001997202,0.0007332959,0.00091886136,0.004017258,0.0047759293,0.004052228,0.0015149462,0.9596339,0.0029719197,0.013621768,0.0041019963
syn-0059,0,0,1,3,3,0.0012283917,0.0022523615,0.0013478074,0.98459363,0.0017645367,0.00160017,0.001810134,0.00079621334,0.000576298,0.0019240571,0.0010035635,0.0011027373
syn-0070,0,0,1,2,2,0.001237,0.0008862049,0.98618245,0.0016117773,0.0008581009,0.00051641423,0.0020510776,0.001819929,0.00093373656,0.0009614968,0.001200699,0.0017410457
syn-0071,0,0,1,6,6,0.0011309426,0.00084869296,0.0015520549,0.0019829895,0.0012360474,0.0016374968,0.9863858,0.0003515492,0.001246959,0.0005841526,0.0017813958,0.0012619657
syn-0076,0,0,1,5,5,0.006322993,0.005173291,0.0007787653,0.002007182,0.004028471,0.9705705,0.0035799365,0.0014253916,0.0016041766,0.0015180625,0.001104689,0.0018864939
syn-0079,0,0,1,1,1,0.0016662503,0.9704533,0.0013116921,0.0040879217,0.0024541556,0.004473838,0.0060770605,0.00056802144,0.0031488913,0.0015806584,0.0019642815,0.0022138995
syn-0086,0,0,1,10,10,0.00072822766,0.00096994056,0.00074186584,0.00072965136,0.00080765045,0.0011386916,0.0012879462,0.0011913009,0.0013317529,0.00096852076,0.9890309,0.0010736263
syn-0087,0,0,1,5,5,0.0033847766,0.0029972824,0.0011957346,0.0025649634,0.0067109214,0.92802393,0.0050780517,0.004347201,0.03024193,0.0014650446,0.010436034,0.0035541505
syn-0091,0,0,1,4,4,0.0017502479,0.00086074293,0.00071917765,0.003737984,0.9834396,0.0022874258,0.0015589847,0.0006956908,0.0012572752,0.0014836038,0.0008980955,0.0013111952
syn-0111,0,0,1,3,3,0.0011277231,0.003013526,0.0027151925,0.98309773,0.0017569163,0.0011934418,0.0023134083,0.000663602,0.00077280466,0.0010547525,0.0009923008,0.0012986355
syn-0118,0,0,1,5,5,0.0018980496,0.0021619839,0.00054493,0.0013278048,0.0035577305,0.9823743,0.0015538778,0.0021433188,0.0014346482,0.0007347171,0.0006755324,0.0015930588
syn-0128,0,0,1,2,2,0.0011896287,0.0009406143,0.98619694,0.0017495934,0.00075285824,0.0005529587,0.0017730284,0.0018676688,0.0010335672,0.000938779,0.0012494626,0.001754941
syn-0130,0,0,1,6,8,0.002742675,0.0064512915,0.002579022,0.0020783825,0.008657879,0.0043999357,0.020888677,0.0023005598,0.93356615,0.0023050574,0.012214039,0.0018163414
syn-0133,0,0,1,2,2,0.0028502827,0.001920141,0.97066814,0.0022880312,0.0010760502,0.0010358385,0.0027632632,0.009846975,0.0016796907,0.0011980784,0.0020005344,0.0026730208
syn-0134,0,0,1,5,5,0.0025097087,0.0011269418,0.00070041773,0.0011514154,0.0029459903,0.9728693,0.0016950474,0.009226194,0.0031559598,0.0010514514,0.0017737941,0.0017938269
syn-0146,0,0,1,10,10,0.0008484399,0.00096847577,0.0008135497,0.0008513448,0.00085844094,0.0006572261,0.0012608197,0.00094235275,0.0014443904,0.0011261976,0.9894679,0.000760908
syn-0147,0,0,1,0,0,0.97919923,0.004050913,0.0017295615,0.002011231,0.0026693312,0.0013132136,0.0011112496,0.0013132136,0.0014642806,0.0025048512,0.0013119318,0.0013209309
syn-0151,0,0,1,10,11,0.0048743966,0.010531619,0.0048011695,0.004492698,0.0063978946,0.00664302,0.028436348,0.0055153295,0.0040548523,0.0047754515,0.33790535,0.5815719
syn-0167,0,0,1,0,0,0.98421335,0.0018773851,0.0014237133,0.0012411787,0.0023117613,0.0016620532,0.0010395786,0.0015972105,0.0012059321,0.0012496924,0.0009885881,0.0011895569
syn-0181,0,0,1,10,10,0.0023693657,0.0076409406,0.0032385387,0.0031388993,0.006625611,0.001809573,0.02070947,0.003163518,0.44192398,0.009216734,0.49783987,0.0023235378
syn-0187,0,0,1,3,3,0.001157621,0.0021627208,0.0013794157,0.9838606,0.002796378,0.0016561926,0.001862562,0.00067589415,0.00060409517,0.0016614575,0.0011019162,0.0010811309
syn-0191,0,0,1,4,4,0.0026637826,0.0022040443,0.0011071813,0.01102491,0.95487744,0.002024521,0.006518502,0.0007874126,0.0025281832,0.006042627,0.008121324,0.002100035
syn-0202,0,0,1,10,10,0.0012178889,0.0011815717,0.00081765186,0.00089757657,0.0013428244,0.0009015297,0.0019497477,0.00093927525,0.0034508577,0.0042095394,0.9809536,0.0021379835
syn-0213,0,0,1,0,0,0.9817409,0.0017579214,0.0013690706,0.0011433429,0.0037755135,0.0016202641,0.0010223868,0.0015881497,0.0017000962,0.0010984689,0.0014882907,0.0016955367
syn-0222,0,0,1,8,8,0.0005234125,0.00082666625,0.0007119353,0.0004979826,0.0016414154,0.00078381924,0.0016459296,0.0014255642,0.988867,0.001117846,0.001570653,0.0003878292
syn-0232,0,0,1,8,8,0.00094083766,0.0015798436,0.00078227033,0.00063350174,0.0015652548,0.0013575947,0.0012635652,0.0021281189,0.9854682,0.002989246,0.00088168,0.0004098191
syn-0236,0,0,1,11,11,0.0044145696,0.01688151,0.0030863842,0.0036313261,0.0069603696,0.003911092,0.0056850505,0.0031564918,0.007297077,0.007622108,0.0057003386,0.9316537
syn-0237,0,0,1,4,4,0.003721293,0.001323794,0.0010125131,0.0032688312,0.97892874,0.0015386302,0.0019828884,0.00076877634,0.0012924972,0.0019645775,0.0016490979,0.0025482557
syn-0264,0,0,1,0,0,0.9796212,0.0027934352,0.0012257736,0.0011036156,0.0044152588,0.0022190479,0.00075076526,0.0016737987,0.0021356007,0.0014149962,0.0011106434,0.001535964
syn-0267,0,0,1,4,4,0.0045833183,0.0011799707,0.0006157581,0.0019466305,0.98058164,0.0035399846,0.0010728029,0.00067167083,0.0014952688,0.001178819,0.001511787,0.0016223066
syn-0268,0,0,1,6,6,0.0012292353,0.0011700842,0.0015516244,0.0023492528,0.0068160687,0.0018300466,0.9766483,0.00035080878,0.0020321163,0.0010250604,0.0022337511,0.0027637072
syn-0271,0,0,1,2,2,0.0017201328,0.0019203529,0.97719544,0.003998452,0.0008354653,0.0007118253,0.002664519,0.0026844337,0.0013667301,0.0023747953,0.0018463344,0.0026814863
syn-0272,0,0,1,3,3,0.1502708,0.1072365,0.075082794,0.33306494,0.031994503,0.0065382747,0.09636115,0.007902084,0.01175863,0.014239129,0.14283037,0.022720756
syn-0279,0,0,1,0,0,0.9837667,0.0021797412,0.0014405451,0.0011406784,0.0024062828,0.0018042036,0.00089096767,0.0017065182,0.0011417929,0.0012787473,0.0008353535,0.0014085497
syn-0281,0,0,1,10,5,0.0056540235,0.016844805,0.0014923264,0.003304411,0.040453,0.713554,0.0073061404,0.0036079825,0.17316459,0.006853437,0.02517924,0.0025860742
syn-0283,0,0,1,7,7,0.0013350336,0.000923848,0.005170453,0.00087042124,0.00069125486,0.0064002643,0.00072584517,0.9752622,0.0020847213,0.001420442,0.002689486,0.0024260064
syn-0294,0,0,1,1,1,0.0015432253,0.98473305,0.0009939513,0.0020756228,0.00109913,0.002391653,0.0013975957,0.0007847461,0.001400328,0.0012731468,0.0008669399,0.0014405528
syn-0295,0,0,1,10,10,0.00082961505,0.0011771074,0.00068475923,0.00091115397,0.001030458,0.00093504135,0.0017205918,0.0005729765,0.0013760101,0.0011289772,0.98852545,0.001107952
syn-0297,0,0,1,11,11,0.0012146932,0.002671332,0.0020700493,0.00091243227,0.0011790468,0.0031449103,0.0026810511,0.002255812,0.00076236576,0.00092589634,0.00093224744,0.9812501
syn-0298,0,0,1,7,7,0.0018839531,0.0010012931,0.002471276,0.0009828856,0.0010555127,0.012597757,0.00083172397,0.9709212,0.0028921145,0.0012497854,0.0013369017,0.0027754793
syn-0308,0,0,1,3,3,0.001157236,0.002240455,0.0012973092,0.98353344,0.0021656994,0.0010358213,0.0031835514,0.00053137576,0.000807881,0.0018123836,0.0011365167,0.0010983272
syn-0313,0,0,1,11,1,0.029370712,0.2862116,0.022292295,0.014594682,0.009576101,0.01735702,0.019841706,0.01981266,0.01421489,0.015475389,0.28343016,0.2678227
syn-0314,0,0,1,8,8,0.00064458215,0.001046771,0.0008576935,0.00057610933,0.0011878858,0.00069695944,0.0014134072,0.0014279746,0.9890891,0.0010810543,0.0015727327,0.00040573959
syn-0325,0,0,1,4,4,0.0067298575,0.0034330816,0.0015733149,0.10742765,0.8270236,0.019185625,0.010530195,0.0011818158,0.0030594154,0.011801179,0.0038149478,0.00423929
syn-0336,0,0,1,0,0,0.9820223,0.0027824782,0.0018672695,0.0015359741,0.0023512475,0.0021827929,0.001104162,0.0016824133,0.0011275901,0.0012432624,0.0009663646,0.0011342164
syn-0343,0,0,1,8,8,0.0017636791,0.0012427223,0.0013958664,0.00071085314,0.0040808115,0.0012809191,0.0013306448,0.0039543076,0.9701596,0.007126971,0.0049851546,0.0019684872
syn-0346,0,0,1,6,6,0.0011803055,0.0008501421,0.0018505452,0.0024426125,0.0012496983,0.0011569111,0.9861422,0.00038713848,0.0012396703,0.0007236232,0.001609156,0.0011679793
syn-0348,0,0,1,9,9,0.0023038595,0.0039328947,0.0006995564,0.0014346959,0.0016814295,0.0009487392,0.0008663713,0.0014396079,0.003726318,0.9792939,0.0018359001,0.0018367969
syn-0358,0,0,1,2,2,0.001541623,0.0012940632,0.9825106,0.0011662378,0.00069300033,0.0006181757,0.0020940714,0.0031332297,0.0014514064,0.0012915381,0.0018343017,0.0023717172
syn-0366,0,0,1,9,9,0.0031872687,0.0027248845,0.0015617164,0.007770058,0.0023193646,0.0019521473,0.0024968346,0.0010403274,0.0022348717,0.9625765,0.009413758,0.0027222247
syn-0369,0,0,1,6,5,0.00400804,0.016331363,0.0022494046,0.0042086015,0.007847361,0.6224806,0.32357004,0.0028186315,0.0052968427,0.0033850102,0.0031908106,0.0046132253
syn-0370,0,0,1,9,9,0.0011211402,0.0018624905,0.0010839966,0.0016565333,0.00088993146,0.0011533451,0.0005490746,0.0016646417,0.00080046075,0.984063,0.0021655436,0.0029897245
syn-0373,0,0,1,11,11,0.0012141688,0.0025987905,0.0017601476,0.0010958395,0.0009880768,0.001577401,0.0016750401,0.0011049737,0.00050293823,0.0012600723,0.0010762194,0.98514634
syn-0374,0,0,1,8,8,0.000949981,0.0010571962,0.0006541882,0.0008086039,0.002415077,0.0010785741,0.0019790847,0.0010639284,0.9873018,0.0009941143,0.0013089736,0.00038835147
syn-0381,0,0,1,8,8,0.00078433333,0.0013934545,0.00069014693,0.0003774314,0.0011495873,0.0016865818,0.0012681354,0.0032454203,0.9842151,0.0022768974,0.002231496,0.00068144064
syn-0396,0,0,1,3,3,0.0012247199,0.0015985061,0.0022221524,0.9840502,0.001685476,0.0012537633,0.0024544497,0.0011304705,0.0007338175,0.0014110211,0.001156714,0.0010787025
syn-0397,0,0,1,1,1,0.0015269315,0.9860619,0.0010394987,0.0015430457,0.00083975913,0.0012111504,0.0011756081,0.0008817805,0.0008749184,0.0013057349,0.0016778252,0.00186195
syn-0401,0,0,1,11,11,0.0019525399,0.004644047,0.0026969705,0.0009238922,0.0013182551,0.0019760383,0.0021481134,0.001965933,0.0006312715,0.0020998903,0.0014727755,0.97817034
syn-0406,0,0,1,4,4,0.22770813,0.003937112,0.0021806592,0.012103497,0.70139045,0.004880713,0.007080621,0.0023740283,0.0017867681,0.0074859336,0.020023618,0.009048517
syn-0415,0,0,1,1,1,0.013095257,0.42360973,0.0054589156,0.0089739,0.03452247,0.016773641,0.00809933,0.007958204,0.149721,0.02345336,0.017759802,0.29057434
syn-0416,0,0,1,2,2,0.0012092935,0.0010074467,0.98551196,0.0019570151,0.00086129416,0.0006062921,0.0017979421,0.0019277332,0.0010173331,0.0010486024,0.0012373667,0.0018178038
syn-0426,0,0,1,10,10,0.0009873329,0.0011128016,0.0011650678,0.0008777234,0.0007670606,0.0025610442,0.0027987785,0.0015351962,0.004483641,0.0016374028,0.9796098,0.0024641163
syn-0427,0,0,1,5,5,0.0029107763,0.002795851,0.00069204543,0.0026003,0.03334462,0.9463377,0.0024031235,0.0016027808,0.0027478056,0.0012288946,0.0008868701,0.0024493248
syn-0439,0,0,1,6,6,0.0015907371,0.0018269086,0.001749217,0.0017793677,0.0015141907,0.0022060948,0.9809426,0.0005952864,0.0043282965,0.0008065401,0.0012334351,0.0014273208
syn-0443,0,0,1,7,7,0.0030742998,0.0023450933,0.0031796421,0.0011169771,0.0022030112,0.048907116,0.0012509549,0.91921186,0.006102046,0.00417905,0.0011445828,0.007285384
syn-0444,0,0,1,5,5,0.0021298598,0.0032229407,0.00077724434,0.0020764621,0.003716182,0.9639568,0.016618218,0.0016270508,0.0014253891,0.0008177331,0.0010939515,0.002538241
syn-0449,0,0,1,11,11,0.0013605026,0.0014188497,0.0019421802,0.0021516355,0.0017337486,0.00089573156,0.002083147,0.0013341882,0.00045393466,0.0021817868,0.0021553156,0.98228896
syn-0453,0,0,1,1,1,0.011850485,0.8668355,0.0030868587,0.006402228,0.0072901845,0.007114357,0.01766849,0.003925086,0.004252327,0.0044433638,0.04261277,0.024518294
syn-0456,0,0,1,11,11,0.00172903,0.0020907063,0.0020567859,0.0043393592,0.0043948,0.001571228,0.0035164799,0.0011411462,0.0006332855,0.0016989026,0.0022222875,0.974606
syn-0460,0,0,1,8,8,0.00092538004,0.0018369713,0.0009299095,0.0006237023,0.0013503704,0.000914599,0.002380121,0.0015860831,0.986466,0.0011233292,0.0012507191,0.0006128346
syn-0465,0,0,1,7,7,0.003126303,0.0010529163,0.0035967059,0.0011197296,0.0012214043,0.014663374,0.0012620232,0.9656997,0.0019140473,0.0013579258,0.0023314392,0.0026544735
syn-0471,0,0,1,5,5,0.0023880964,0.0035954753,0.00064479065,0.0012295869,0.0089708725,0.96837896,0.0014630251,0.0021828967,0.0014933384,0.0013012415,0.0011715626,0.0071801953
syn-0481,0,0,1,9,9,0.0013087192,0.0014105787,0.0012318315,0.0011210478,0.00088509143,0.00064407795,0.0004890326,0.0021299734,0.001915365,0.98638713,0.0011150427,0.0013621822
syn-0482,0,0,1,1,1,0.03846773,0.7173766,0.0048148013,0.12248919,0.025264734,0.009449965,0.038580593,0.002140732,0.0023101666,0.0077733295,0.013769775,0.017562432
syn-0486,0,0,1,1,1,0.0016494802,0.98346806,0.00113367,0.0019378769,0.0009965599,0.0014692286,0.0018495866,0.00073195243,0.0016034218,0.0015777922,0.0014793066,0.0021030318
syn-0490,0,0,1,7,7,0.0017856545,0.001194158,0.0020229178,0.0006601209,0.0014832537,0.016245125,0.0010507578,0.9646614,0.0027351237,0.0031376535,0.001305775,0.0037179908
syn-0009,0,0,2,8,8,0.00058691704,0.00095312577,0.00057164393,0.00046022685,0.0009591951,0.00064397306,0.0017991358,0.0010032664,0.9900865,0.0014505074,0.0010622507,0.00042315357
syn-0010,0,0,2,9,9,0.0011989161,0.0017367636,0.0008593407,0.0012976041,0.0008935729,0.0005663278,0.0005196917,0.0008341226,0.0027645207,0.9866433,0.0015345606,0.0011512988
syn-0022,0,0,2,10,11,0.0044159824,0.037906885,0.0038422968,0.0064346357,0.005684094,0.0064851036,0.008825218,0.0023904005,0.0018435541,0.00883384,0.057295304,0.8560427
syn-0026,0,0,2,10,10,0.00070496864,0.0007456868,0.0007607655,0.0007153713,0.00074787455,0.0007125824,0.00332079,0.00074532273,0.0015517039,0.00091945234,0.98831695,0.00075853994
syn-0038,0,0,2,5,5,0.0017985174,0.0021242218,0.00070516986,0.0026318838,0.0023912715,0.9804269,0.0023840033,0.0026397672,0.00068147463,0.00076321536,0.00089447026,0.002559175
syn-0039,0,0,2,1,1,0.001835518,0.98580605,0.0009719846,0.0015517107,0.0010438061,0.0019325503,0.0011627453,0.0008153021,0.00086703734,0.0010706482,0.0010271218,0.0019154055
syn-0048,0,0,2,11,11,0.0011758433,0.0018251876,0.001686375,0.00072159176,0.0017651498,0.0016044428,0.001669579,0.0016071872,0.00069870806,0.0012179168,0.0012125763,0.9848155
syn-0050,0,0,2,4,4,0.004727944,0.0068130977,0.0033904777,0.04179136,0.9058389,0.0049066907,0.014570205,0.0011625994,0.0020384337,0.0032845596,0.0032241775,0.008251588
syn-0085,0,0,2,3,1,0.0028679678,0.9787795,0.0009463906,0.004774591,0.0016384133,0.0020015533,0.0015212152,0.00074573787,0.0006116327,0.0025370046,0.0012337236,0.0023423394
syn-0094,0,0,2,1,1,0.0013670416,0.97646415,0.0025174455,0.004255742,0.0009904294,0.0013044402,0.003026627,0.0015422686,0.0011059834,0.0016084107,0.0014516598,0.0043657143
syn-0097,0,0,2,10,10,0.0009058458,0.00096332654,0.0007179839,0.00084930286,0.00070858037,0.0008052825,0.0023865856,0.00081636786,0.003030214,0.0013775454,0.9866129,0.000825991
syn-0103,0,0,2,11,11,0.0065825433,0.06546661,0.003964347,0.0037809594,0.006540892,0.004605464,0.0043752952,0.0033010338,0.0012541553,0.00825636,0.024451144,0.86742127
syn-0114,0,0,2,4,3,0.0010112637,0.0020191325,0.0013387257,0.9839467,0.0038407715,0.0009970448,0.0021202343,0.0006759533,0.00059304154,0.001290272,0.0012009052,0.00096589717
syn-0129,0,0,2,11,11,0.0014612316,0.002584813,0.0021619343,0.0013079223,0.0012203087,0.0009795885,0.0028677706,0.00096158014,0.00070695055,0.0031226408,0.0016405019,0.9809848
syn-0137,0,0,2,8,8,0.0006932763,0.0007308169,0.0006321605,0.00053155335,0.001030617,0.00071319076,0.0013816087,0.0011198173,0.9906108,0.0010440393,0.0011449743,0.00036711912
syn-0140,0,0,2,11,11,0.0013765837,0.001504517,0.0018285812,0.0010900312,0.0013819715,0.0012906574,0.0012000914,0.001695295,0.0005128869,0.0038522505,0.0009871683,0.98327994
syn-0141,0,0,2,2,2,0.0012917772,0.0010331684,0.98581636,0.0017338258,0.0006525663,0.00053888734,0.0018488049,0.0018684298,0.0009653729,0.0012335255,0.0012323216,0.001784937
syn-0143,0,0,2,1,1,0.0062214946,0.83826184,0.0027392872,0.0030708534,0.0017548532,0.0042885123,0.0048713996,0.0028456275,0.12123573,0.0066665467,0.0036342856,0.0044095474
syn-0144,0,0,2,9,9,0.0010521208,0.0014909904,0.0012530901,0.0018247938,0.00094865717,0.00046550992,0.0005172892,0.0011771691,0.0018884734,0.98688924,0.0012928674,0.0011998008
syn-0153,0,0,2,4,5,0.078574695,0.0050010863,0.0024624555,0.004485134,0.40611154,0.47945184,0.0063420623,0.00263153,0.0031804363,0.004441547,0.002646994,0.004670638
syn-0154,0,0,2,1,1,0.0015776218,0.98624694,0.0009360801,0.0016284959,0.0007610278,0.0014176279,0.0011508362,0.0009862868,0.0010933203,0.0012534979,0.0012184965,0.00172972
syn-0160,0,0,2,5,5,0.0024978332,0.0032269168,0.0010127949,0.0028907363,0.0011276497,0.9777679,0.002846267,0.0031394933,0.0013588775,0.00084251113,0.0012270443,0.0020619482
syn-0163,0,0,2,4,4,0.0020519206,0.00091958203,0.00080285734,0.0016921961,0.98220176,0.0019349094,0.00115004,0.0011190197,0.0044779787,0.0015306392,0.0008878146,0.0012314053
syn-0164,0,0,2,8,8,0.001799113,0.0016835211,0.0009090789,0.0008022593,0.0023033489,0.004419274,0.006450446,0.0012820066,0.9719321,0.0017335727,0.0060537183,0.00063154806
syn-0165,0,0,2,8,8,0.0006861381,0.0011301463,0.00084644044,0.0005627506,0.0013212748,0.0006894966,0.0029702783,0.0008268326,0.9832877,0.0024577174,0.0047883918,0.0004327419
syn-0171,0,0,2,6,6,0.0017453553,0.003606737,0.0015576662,0.002215512,0.0018291166,0.003843631,0.9638378,0.0006952721,0.016406553,0.0016268501,0.0011034725,0.0015320199
syn-0172,0,0,2,10,10,0.00071059813,0.00085255346,0.0005972161,0.00080521323,0.0010394824,0.0018722911,0.0035320113,0.00072603015,0.0026557078,0.001288928,0.9841224,0.0017974903
syn-0178,0,0,2,9,9,0.005281217,0.008948629,0.00315048,0.0067944736,0.02374401,0.0041493247,0.0067120376,0.0025240765,0.01611941,0.7227778,0.12173564,0.078062974
syn-0179,0,0,2,1,1,0.0019702397,0.984871,0.0010241452,0.0013971091,0.00068122917,0.0012486968,0.0014323372,0.00091312017,0.0017222536,0.0013971091,0.0010859466,0.002256686
syn-0183,0,0,2,4,4,0.0066711977,0.0029498646,0.0015882277,0.0045822444,0.5048884,0.45970613,0.004008431,0.0030823878,0.0039772377,0.002374917,0.0021330237,0.0040378976
syn-0186,0,0,2,3,3,0.0011339192,0.00269041,0.0012994102,0.9856074,0.0014724247,0.00106314,0.0018375019,0.00077553454,0.00057632825,0.0012886686,0.0010189231,0.0012362787
syn-0188,0,0,2,10,10,0.0018286421,0.0015027318,0.0012531294,0.0011674749,0.0017182698,0.00078918197,0.0037908016,0.0012672818,0.0017517318,0.0015353663,0.9778066,0.005588781
syn-0193,0,0,2,11,11,0.003788616,0.01064751,0.0034127168,0.0034970604,0.016929729,0.004547684,0.0074195615,0.0026630226,0.006264699,0.010943673,0.044430003,0.88545567
syn-0197,0,0,2,11,11,0.0033660335,0.0029362652,0.0022568158,0.0021149125,0.009846334,0.0032477698,0.002259021,0.0016738507,0.0012524325,0.0028217111,0.0009316381,0.96729326
syn-0210,0,0,2,0,0,0.97172683,0.002083004,0.0011344468,0.0013334454,0.00834166,0.0066505517,0.0014919305,0.0018234941,0.0008689615,0.0011411135,0.0010522701,0.002352299
syn-0218,0,0,2,8,8,0.0007019846,0.0010060377,0.00081990217,0.0005283357,0.0009084357,0.001301274,0.004575281,0.0015287901,0.9846144,0.00090356945,0.002553375,0.0005585789
syn-0225,0,0,2,7,7,0.0023721806,0.0014564714,0.002810165,0.0009523829,0.0028530252,0.010595101,0.0005358059,0.9407898,0.006371575,0.017605372,0.0049895206,0.008668606
syn-0239,0,0,2,6,6,0.0010519613,0.0012676689,0.0016907017,0.0019750628,0.0010301045,0.0023694742,0.98337287,0.00049812597,0.0010270909,0.00050449016,0.0030417223,0.0021707714
syn-0240,0,0,2,6,6,0.0026682015,0.0020363133,0.002127795,0.005311537,0.029574787,0.00448568,0.9446263,0.00046741453,0.0035603424,0.0015355896,0.0015905353,0.0020155397
syn-0242,0,0,2,0,0,0.9849068,0.0017713576,0.0011892333,0.001169082,0.0027478896,0.0012530177,0.00089069456,0.0012517946,0.0012542419,0.0012432667,0.00095045706,0.001372145
syn-0247,0,0,2,3,3,0.00094429386,0.0026903714,0.001607475,0.98427063,0.0016047301,0.0009776046,0.0022162495,0.0008581117,0.0006290353,0.0014968689,0.0014976,0.0012071807
syn-0261,0,0,2,5,5,0.0016769617,0.0015904311,0.0008393268,0.001238629,0.0036735677,0.9778847,0.0069865407,0.0014966272,0.0014263495,0.0005216591,0.00097221107,0.001693005
syn-0262,0,0,2,10,10,0.00076149026,0.00078912266,0.0007164025,0.00065101916,0.0007633516,0.00089027226,0.0016855261,0.0012508959,0.0012866709,0.0010441424,0.98925847,0.00090252754
syn-0263,0,0,2,0,0,0.96028256,0.0067330115,0.0020710742,0.0017654392,0.010446128,0.0028239202,0.0013575807,0.0018161517,0.006756064,0.0025649387,0.0017551251,0.0016279878
syn-0278,0,0,2,9,9,0.0008992818,0.0015700259,0.0008260336,0.0015530611,0.00085726305,0.0006502635,0.00060848444,0.00089271925,0.0012759547,0.9881102,0.0016876849,0.0010689669
syn-0280,0,0,2,0,0,0.9852734,0.0019765864,0.0012280399,0.0010632989,0.0019139033,0.0012901204,0.0010473252,0.0011672352,0.0011285646,0.0011908382,0.0011758158,0.0015448262
syn-0282,0,0,2,7,7,0.0027499036,0.0012438742,0.001672182,0.0006896212,0.0014026286,0.014687266,0.00079142704,0.966329,0.0026355328,0.0024365769,0.0015151228,0.0038468677
syn-0288,0,0,2,9,9,0.0012530752,0.0012445385,0.0010908189,0.0012790381,0.0008846671,0.0005077736,0.00052748556,0.0011221529,0.0022915727,0.9868775,0.0019381965,0.0009830699
syn-0290,0,0,2,0,0,0.6859753,0.0044754865,0.0029350955,0.004853353,0.2649841,0.013601599,0.0027572673,0.0030849788,0.0072662053,0.0029494623,0.00415332,0.002963899
syn-0291,0,0,2,1,1,0.0014711705,0.98573005,0.0010350978,0.0015376385,0.0007194461,0.0010121076,0.0009742853,0.00101905,0.00081047637,0.0015546248,0.0016209009,0.0025151784
syn-0293,0,0,2,0,0,0.43390802,0.020403443,0.006764577,0.006268442,0.1302828,0.021200689,0.011152903,0.008369468,0.33858854,0.009600329,0.0060459888,0.0074149375
syn-0301,0,0,2,3,3,0.0013087522,0.0032163402,0.0011852493,0.97969204,0.0030537315,0.0026817408,0.0036091725,0.0005318911,0.0006206304,0.0015218903,0.0011063933,0.0014721884
syn-0322,0,0,2,2,2,0.0025642412,0.001164859,0.9827877,0.002962252,0.000925086,0.0005247868,0.0018541826,0.002384162,0.00094425335,0.0009516592,0.0008390166,0.0020978607
syn-0323,0,0,2,7,7,0.0010573885,0.00084632303,0.0015676863,0.00063077913,0.00066105084,0.0036387565,0.00040291014,0.9850734,0.0021448666,0.0014149044,0.0012061022,0.0013557262
syn-0329,0,0,2,8,8,0.00084922614,0.00073566206,0.00073207874,0.00051861483,0.0011005913,0.0007888649,0.0012930197,0.0014361427,0.9874877,0.0022942496,0.001930655,0.0008332074
syn-0330,0,0,2,0,0,0.94046277,0.003603108,0.0012058592,0.002256144,0.013297592,0.027850218,0.0015184061,0.0026897236,0.0010840966,0.0024875877,0.0016603303,0.0018841587
syn-0334,0,0,2,6,6,0.0048904633,0.007339663,0.0037514798,0.016755598,0.018555814,0.18369257,0.7466581,0.0015433675,0.0028386873,0.0026771373,0.0024471015,0.008850082
syn-0335,0,0,2,3,11,0.0017785738,0.002087247,0.0020277267,0.0015669058,0.0018666618,0.0012779349,0.0020750528,0.0009418301,0.00033125983,0.0022253916,0.0011596028,0.9826617
syn-0349,0,0,2,5,5,0.0015285512,0.0016313109,0.000632854,0.0010469722,0.0023732537,0.98349965,0.0010546687,0.0030066727,0.0011674118,0.00082741486,0.0011364777,0.0020947442
syn-0359,0,0,2,4,4,0.0016996702,0.0018004767,0.0012146996,0.0023591826,0.9726688,0.0022638238,0.004226799,0.0010543191,0.005627695,0.0018813635,0.0019184701,0.0032846096
syn-0367,0,0,2,4,4,0.0016984241,0.0011297383,0.00074162433,0.0017327685,0.9819733,0.0018540035,0.0010321604,0.0008653549,0.005068083,0.0016505958,0.0013514597,0.00090246677
syn-0384,0,0,2,1,1,0.0020937345,0.9843933,0.0011503571,0.001475646,0.000811752,0.0016183077,0.001470611,0.0009878036,0.0021104135,0.0013221148,0.00076630304,0.0017996319
syn-0388,0,0,2,5,5,0.022042742,0.0058179745,0.003273163,0.01527322,0.0126133505,0.722156,0.015013047,0.17525211,0.008273047,0.0050007347,0.0060734134,0.009211243
syn-0393,0,0,2,2,2,0.0018586298,0.001267785,0.9839431,0.002074211,0.0006852558,0.00057143543,0.0021184154,0.0019494925,0.00091448985,0.0013377408,0.0011447892,0.0021345743
syn-0407,0,0,2,6,6,0.0011828233,0.00258589,0.0019707265,0.013030834,0.0016017983,0.0029762504,0.9705522,0.0003372339,0.00073085434,0.0010009125,0.0020076344,0.0020228864
syn-0409,0,0,2,10,10,0.0008769775,0.0019251059,0.0007803809,0.0010000737,0.00077809795,0.0005620872,0.0019001245,0.00096411235,0.0018235438,0.0058428016,0.9821285,0.0014182717
syn-0411,0,0,2,2,2,0.0010866221,0.0011216629,0.985965,0.0016964003,0.00064885174,0.00045697024,0.0014384866,0.0021770247,0.00082989404,0.0015267816,0.0011299084,0.0019223909
syn-0414,0,0,2,5,4,0.002322925,0.0015779214,0.00089381996,0.0036741553,0.9199069,0.059037846,0.0021358032,0.0011875932,0.0028026665,0.0023149988,0.00219501,0.0019503767
syn-0417,0,0,2,7,4,0.011634884,0.007996531,0.014409318,0.009826301,0.2401711,0.17281991,0.13250563,0.15325955,0.053753212,0.0109834615,0.08084101,0.11179906
syn-0423,0,0,2,9,9,0.001010901,0.0014089901,0.0010604502,0.0015710747,0.00094410544,0.0005577276,0.00064508273,0.0018821675,0.0022792825,0.98599815,0.0016699523,0.00097217405
syn-0431,0,0,2,3,3,0.0012136451,0.001926422,0.0014444094,0.9852024,0.001799353,0.0011202481,0.0017587441,0.0010264928,0.0006192642,0.0016535997,0.0010841924,0.0011513025
syn-0433,0,0,2,5,5,0.004791137,0.0028854697,0.0021028244,0.0023027447,0.021614397,0.77393246,0.0015459897,0.17336355,0.0065435143,0.0041778837,0.0018960368,0.004844065
syn-0436,0,0,2,6,6,0.0008044171,0.0011836385,0.0012523097,0.0015111272,0.0010512088,0.0013056978,0.9874794,0.00027195737,0.0015867437,0.00065654615,0.0017344732,0.0011624465
syn-0440,0,0,2,1,1,0.0030857602,0.98023283,0.0011595639,0.0016304634,0.0010542496,0.0021228942,0.0018242501,0.0009740697,0.0040760324,0.0015710669,0.00086466514,0.0014041755
syn-0450,0,0,2,10,10,0.000800746,0.00080466544,0.00094928563,0.0006322062,0.0008478237,0.00067495456,0.0013823833,0.0012916726,0.0012322216,0.00093024323,0.9892322,0.0012215882
syn-0451,0,0,2,8,8,0.0019074775,0.0016101833,0.00076731114,0.0006398615,0.0020255481,0.009668069,0.0013559103,0.013221137,0.9609762,0.0045048594,0.0022508525,0.0010726133
syn-0458,0,0,2,6,6,0.0009552335,0.00085334416,0.0017067379,0.0015735688,0.0008650911,0.0015369294,0.9874428,0.0005403038,0.0010054852,0.0004987243,0.0017545022,0.001267334
syn-0461,0,0,2,2,2,0.0013582937,0.0009561457,0.98693895,0.0011522062,0.00064759265,0.00043861126,0.0017785368,0.0018449324,0.0009240172,0.0010532017,0.001295144,0.0016124231
syn-0463,0,0,2,11,11,0.0012078483,0.0013454797,0.0019998094,0.0008378785,0.0009901588,0.0011542265,0.0015246283,0.0019484826,0.00053232803,0.001163279,0.0010371709,0.9862586
syn-0472,0,0,2,8,8,0.000584519,0.00057658186,0.0006280166,0.0004530065,0.0008702133,0.0008139052,0.0013065045,0.0011658655,0.9908675,0.0010898943,0.0012218164,0.00042224847
syn-0476,0,0,2,7,7,0.0011763687,0.0009582508,0.0016854816,0.0008560394,0.00090151286,0.0102369785,0.00048918766,0.9752044,0.0026495317,0.0028832455,0.0016284483,0.0013303993
syn-0478,0,0,2,2,2,0.0020765092,0.0015956169,0.9724884,0.0024955922,0.0009777653,0.0009221205,0.003041656,0.006937816,0.0014095028,0.0014471617,0.002464712,0.004143265
syn-0488,0,0,2,10,10,0.0007008367,0.0006018036,0.00069064536,0.00070220686,0.0012799416,0.00080429827,0.0027698337,0.00069776364,0.002897804,0.0013351595,0.9858883,0.0016314846
syn-0492,0,0,2,6,6,0.000885777,0.0011159064,0.0015005169,0.0014133957,0.0009341975,0.001421181,0.98763335,0.00046268717,0.0010943229,0.00063056836,0.0016221483,0.0012859693
syn-0493,0,0,2,8,8,0.0005890722,0.0005631955,0.00066490384,0.0004747215,0.001149412,0.00074393017,0.0010768767,0.0014053695,0.990815,0.0010313329,0.0011197745,0.00036647829
syn-0002,0,0,3,1,1,0.0017453508,0.9845263,0.0010978266,0.0015710292,0.0010399091,0.0014708096,0.0013783287,0.0008659118,0.00097262044,0.0017620485,0.0016970295,0.0018729452
syn-0005,0,0,3,11,11,0.001004003,0.0031347356,0.001847095,0.001344453,0.0019015452,0.00269194,0.0025630293,0.0012835126,0.0004888344,0.0017487945,0.0027218438,0.9792701
syn-0025,0,0,3,8,8,0.0009081819,0.00071772974,0.0007093679,0.0004966716,0.0011661286,0.0012857544,0.0016782709,0.0013550465,0.9891573,0.001112456,0.0010949416,0.00031817975
syn-0027,0,0,3,4,4,0.0024926586,0.0010118077,0.0007015435,0.0019252372,0.97729194,0.00696528,0.0019718553,0.0011600433,0.0032554083,0.0009449523,0.00080197066,0.001477212
syn-0033,0,0,3,5,5,0.0015401781,0.0021311592,0.0006646903,0.0012862388,0.0016375108,0.9818294,0.0015308062,0.0037336864,0.00172576,0.0011843602,0.0010406112,0.0016956894
syn-0035,0,0,3,9,9,0.0029036882,0.030227592,0.0015756275,0.006426405,0.0047200606,0.0024885118,0.0036013676,0.0012488608,0.0046378155,0.8920488,0.04564365,0.0044776
syn-0040,0,0,3,4,4,0.0016541694,0.0016477202,0.0007640195,0.0061011342,0.97097325,0.009547017,0.002571741,0.000972436,0.0012364981,0.00158692,0.001199626,0.0017454455
syn-0051,0,0,3,3,3,0.0019392432,0.0033003746,0.0012082261,0.96748513,0.0046090437,0.0019401903,0.00273878,0.0011174263,0.0011439254,0.009686142,0.0027962087,0.0020352884
syn-0054,0,0,3,5,5,0.001848423,0.0011649322,0.0007212069,0.0014217403,0.0018206546,0.9814107,0.0018153284,0.0038609183,0.0013539869,0.0010180584,0.0019284013,0.0016356142
syn-0056,0,0,3,8,8,0.0007299529,0.0009675028,0.0008091686,0.00048317664,0.0009836988,0.00059373735,0.0018503976,0.0011958737,0.98895663,0.0012320287,0.0018707815,0.0003269337
syn-0058,0,0,3,9,9,0.0009417043,0.0020057932,0.0007822266,0.0014095302,0.0013417033,0.0009289171,0.00058815366,0.0013708409,0.0071302773,0.9796562,0.0030532472,0.0007914473
syn-0062,0,0,3,7,7,0.0022128543,0.001238423,0.0026667588,0.00088506105,0.00083877775,0.007309899,0.00048782345,0.97629106,0.0034052334,0.0015862893,0.0013647986,0.0017130951
syn-0064,0,0,3,6,6,0.001065161,0.0010094595,0.0024564012,0.002281248,0.0025788466,0.0013458325,0.97407216,0.00056130043,0.0023831516,0.0007977687,0.009264705,0.0021839684
syn-0065,0,0,3,11,11,0.0012166695,0.0017229147,0.0020868755,0.0009709612,0.0009619948,0.0017040898,0.0019721994,0.0017300805,0.00047831936,0.0014568737,0.0018922515,0.98380685
syn-0067,0,0,3,5,5,0.0014958587,0.0021484806,0.00078442256,0.0014121076,0.0015849642,0.9814476,0.001613465,0.0038328874,0.0013421893,0.0010695641,0.0015539288,0.0017145919
syn-0068,0,0,3,10,9,0.006362659,0.0057989266,0.0057090227,0.011058293,0.028964508,0.0064628557,0.020243332,0.0074970447,0.15191147,0.6702648,0.078887634,0.0068394816
syn-0080,0,0,3,3,3,0.0012063953,0.0026145037,0.0015673018,0.9821905,0.0024944344,0.0012892274,0.002207823,0.0007549429,0.000991385,0.0022907339,0.0011958387,0.001197007
syn-0100,0,0,3,2,2,0.0012848902,0.0010641715,0.98560077,0.0017654796,0.0007054382,0.00049925456,0.0020373943,0.0018135346,0.0010055716,0.0009770157,0.0013247065,0.0019216808
syn-0112,0,0,3,4,4,0.002744555,0.0011759598,0.0010629101,0.0015114377,0.97581804,0.0033131929,0.0013958052,0.0015106999,0.008024464,0.0013849429,0.0008889623,0.0011690896
syn-0117,0,0,3,6,6,0.002710507,0.00437602,0.0042351754,0.26981097,0.056999024,0.010304544,0.6236643,0.0009922828,0.004021548,0.0072236494,0.00921666,0.0064452705
syn-0123,0,0,3,10,10,0.0007504757,0.0010935364,0.0009835958,0.001107778,0.00068264885,0.0004950663,0.003416364,0.0006310388,0.0019451606,0.0012449003,0.9869235,0.00072596665
syn-0124,0,0,3,6,6,0.0011772892,0.001373705,0.0020134219,0.012781263,0.007729549,0.0025383777,0.96412635,0.00039782366,0.0013379577,0.0012568949,0.0036022612,0.001665115
syn-0125,0,0,3,9,9,0.0022744476,0.009061189,0.0017592743,0.006270759,0.0087135285,0.0033581348,0.015493777,0.0011776654,0.024572307,0.8772705,0.047133654,0.0029147503
syn-0135,0,0,3,0,0,0.9836595,0.0019292841,0.0018110677,0.0013282443,0.0015325368,0.0014502683,0.0013570895,0.0017795106,0.0010667532,0.0012278255,0.0015711796,0.0012867501
syn-0142,0,0,3,4,4,0.0039134594,0.0017980661,0.00095868326,0.03392702,0.9405618,0.005520209,0.0044405563,0.0010086236,0.0022663192,0.0029199747,0.001303982,0.0013813204
syn-0145,0,0,3,2,3,0.012852334,0.018783541,0.40325552,0.49119243,0.011367095,0.009779928,0.0076988754,0.0104974555,0.0040234854,0.009089228,0.0054406924,0.016019413
syn-0149,0,0,3,8,8,0.001216014,0.001314183,0.00073754985,0.00048749067,0.0010492939,0.0008627043,0.0015602498,0.0011895865,0.98712546,0.0014109454,0.002663812,0.00038263583
syn-0150,0,0,3,3,3,0.0030453128,0.3706883,0.0037093966,0.5843146,0.006111283,0.004357951,0.0077461614,0.0017556206,0.002671778,0.008564281,0.002643231,0.004392131
syn-0152,0,0,3,3,3,0.002926628,0.0028770373,0.00164892,0.9362826,0.04097701,0.0025303133,0.0025389767,0.00140627,0.0014159161,0.003542274,0.0016781611,0.0021759477
syn-0159,0,0,3,11,11,0.0013325182,0.0016314399,0.0024437434,0.00088074076,0.0008578216,0.0016250797,0.0018146787,0.0019452029,0.0005336748,0.001555971,0.0024018036,0.9829774
syn-0162,0,0,3,9,9,0.001244902,0.0018606248,0.0008423429,0.0011039998,0.0012497745,0.0007325552,0.000580065,0.0017094908,0.004311321,0.984278,0.0012388383,0.0008481207
syn-0168,0,0,3,1,1,0.0024759686,0.9707483,0.001058421,0.003538877,0.0016954864,0.008280531,0.002854697,0.0010308782,0.0022037853,0.0031614047,0.0010228558,0.0019287571
syn-0170,0,0,3,6,6,0.0009383398,0.0008248536,0.001979929,0.0021946605,0.0028776166,0.0014958064,0.97997665,0.0004891871,0.0016059418,0.000871219,0.005170141,0.0015756493
syn-0174,0,0,3,10,10,0.0008364316,0.0011663847,0.000842169,0.0008170556,0.0007656811,0.0006457133,0.0014011012,0.001083745,0.0013035809,0.0011349233,0.9888916,0.0011116143
syn-0177,0,0,3,8,8,0.0006742703,0.0010443304,0.00091043644,0.000513459,0.0008819945,0.0008440743,0.0037939772,0.001416668,0.9863012,0.001239265,0.0020229297,0.0003574035
syn-0182,0,0,3,6,6,0.00079773023,0.0010384062,0.0015455692,0.0014120748,0.0008795643,0.0013576475,0.98743325,0.0004671331,0.001232837,0.0006529987,0.0019369222,0.0012458474
syn-0184,0,0,3,2,2,0.0012692797,0.0011095208,0.98582506,0.0019149748,0.00074671785,0.0005042687,0.0018159412,0.001844313,0.0010023685,0.001006783,0.0012138194,0.0017470132
syn-0190,0,0,3,3,1,0.0045904526,0.85160536,0.0021758005,0.096862756,0.0066432916,0.018289056,0.0053432505,0.0017880178,0.0018866797,0.0055317385,0.0014536481,0.0038298527
syn-0198,0,0,3,0,0,0.63668525,0.031444333,0.0052664345,0.07663761,0.044789717,0.10807635,0.04574007,0.0033214986,0.0026172781,0.022029532,0.009055261,0.014336639
syn-0201,0,0,3,0,0,0.9844716,0.0019648783,0.0014352562,0.00131001,0.0017740364,0.0014240869,0.0011640097,0.00162755,0.0010287408,0.0011532608,0.0013061777,0.0013404214
syn-0204,0,0,3,1,1,0.0024071287,0.98219234,0.0011032752,0.0015696023,0.0009340543,0.0025802662,0.0018278968,0.0011266845,0.002146964,0.001561957,0.0012930123,0.0012569075
syn-0205,0,0,3,2,2,0.0014026894,0.0012953767,0.9844689,0.0022808232,0.0007122381,0.00044094498,0.0019602012,0.0017371721,0.001020234,0.00107653,0.0016775702,0.0019273392
syn-0206,0,0,3,8,8,0.0036912055,0.003621579,0.0025012558,0.0022619043,0.00913192,0.004044111,0.0078076087,0.003040754,0.62532866,0.008385548,0.32759985,0.0025856995
syn-0215,0,0,3,10,10,0.00091442023,0.0015201905,0.0008759609,0.0013501062,0.0019160791,0.001102463,0.0032609522,0.00062297174,0.003409948,0.004571813,0.97955406,0.00090112304
syn-0221,0,0,3,11,11,0.0029218912,0.004502921,0.0026051363,0.0013681262,0.0012677837,0.003360204,0.0062600872,0.0014337839,0.0021830592,0.0015099476,0.005789634,0.9667974
syn-0228,0,0,3,6,6,0.0025912789,0.0019256747,0.0037592584,0.037671704,0.035527803,0.0035246059,0.9011881,0.0007585366,0.002484718,0.0021970428,0.004599198,0.0037721295
syn-0244,0,0,3,3,3,0.0012089477,0.002362386,0.0016220579,0.98043126,0.0025436138,0.0023009107,0.0032487675,0.00067485496,0.0009342024,0.0016000323,0.001961358,0.0011115617
syn-0251,0,0,3,10,10,0.000889239,0.0010710569,0.0009752083,0.0011754646,0.0009192602,0.0008914126,0.003001654,0.0008745981,0.002207345,0.0015786742,0.98570085,0.00071522174
syn-0257,0,0,3,4,4,0.00540777,0.0048215273,0.0014991193,0.0049467236,0.78112656,0.18159026,0.0043590786,0.0043526976,0.0045604743,0.0026490837,0.0019628727,0.0027238487
syn-0258,0,0,3,3,3,0.005388059,0.008891002,0.003348791,0.74828136,0.023064319,0.17497692,0.017953742,0.0030135855,0.0020793115,0.004335774,0.0037946773,0.004872462
syn-0292,0,0,3,11,11,0.0013558817,0.0015705479,0.00245088,0.0009997645,0.0009600568,0.001656401,0.0019221628,0.0020735385,0.0005019773,0.0015948911,0.0016499434,0.983264
syn-0300,0,0,3,10,10,0.0007325054,0.00091876753,0.00090939476,0.00090939476,0.0007881693,0.00066338107,0.0013978783,0.0013859845,0.0013285024,0.0011364671,0.9890286,0.00080097216
syn-0303,0,0,3,7,7,0.008592224,0.0017773312,0.0042180405,0.00246758,0.007401989,0.39405093,0.0030381405,0.55896646,0.0051844805,0.004228351,0.0049265753,0.0051479028
syn-0306,0,0,3,5,5,0.0020502368,0.0015736991,0.0007790375,0.001092734,0.0030152944,0.9766154,0.001735135,0.0068827257,0.0028069634,0.00082363153,0.0015275173,0.0010975467
syn-0310,0,0,3,10,10,0.00083281123,0.00096796657,0.0007935108,0.0008207007,0.0006688559,0.0006267998,0.0013524462,0.0012667888,0.0015991247,0.0015989295,0.98846495,0.0010070176
syn-0312,0,0,3,11,11,0.0017202282,0.001914841,0.0024185185,0.000872195,0.0013721554,0.0019736963,0.0027945074,0.0019421483,0.0014521183,0.0013279918,0.0020948425,0.9801168
syn-0324,0,0,3,7,7,0.0025178755,0.00556675,0.0027277952,0.0012629802,0.0013030714,0.0090429,0.0016296364,0.93532676,0.023438325,0.008076372,0.005616921,0.0034906068
syn-0327,0,0,3,1,1,0.0023954844,0.98114693,0.0011572499,0.0015542115,0.0012145655,0.0017086351,0.0017279321,0.0009150132,0.0037829143,0.0015910686,0.0012157521,0.0015902919
syn-0339,0,0,3,7,7,0.0020233898,0.0009096783,0.0026111198,0.0009262623,0.00074609194,0.0049805036,0.00055716233,0.9811586,0.0015383746,0.001228297,0.0014661364,0.0018542752
syn-0340,0,0,3,9,9,0.0011381705,0.0016874543,0.00094958505,0.001711101,0.0010999255,0.0009016869,0.00046346925,0.00146537,0.0016066461,0.98544574,0.0026487496,0.00088209054
syn-0341,0,0,3,8,8,0.0010552809,0.00085209246,0.0007739473,0.000553926,0.0012910647,0.0008995497,0.0014976612,0.001244032,0.98888737,0.001584938,0.0010158452,0.0003442765
syn-0351,0,0,3,11,11,0.0017382228,0.0048773475,0.0017785749,0.0013676817,0.001642505,0.0025802406,0.0013885413,0.0017071014,0.00044815973,0.001781182,0.0013811034,0.9793093
syn-0355,0,0,3,5,5,0.008375858,0.009899338,0.002123962,0.00539204,0.044058125,0.7909265,0.012268617,0.003060314,0.005767892,0.0064032064,0.107249536,0.004474526
syn-0360,0,0,3,0,0,0.9818589,0.0015319738,0.0011131803,0.0015898927,0.004544689,0.002046952,0.0010022431,0.0015394726,0.0007075805,0.0013193549,0.0012688113,0.0014768862
syn-0364,0,0,3,4,4,0.00658433,0.004403276,0.0014025694,0.0043117884,0.48115835,0.46272546,0.0043968307,0.0036701036,0.013329969,0.008350851,0.00448574,0.005180733
syn-0375,0,0,3,8,8,0.0005689135,0.0010107375,0.00083344226,0.00053392316,0.0011226148,0.0006187571,0.0028597072,0.001182249,0.9843956,0.003008677,0.0034368564,0.00042860053
syn-0376,0,0,3,5,5,0.0016099442,0.0019139575,0.0008224797,0.001250463,0.0013963553,0.9800234,0.0036609864,0.004080139,0.001376722,0.0007629012,0.0015253812,0.001577264
syn-0385,0,0,3,5,5,0.0066169924,0.003759219,0.0018160652,0.0031271724,0.44394273,0.5119739,0.0039051538,0.008855899,0.004350137,0.0040547736,0.002266761,0.0053312005
syn-0392,0,0,3,1,1,0.0015077718,0.98444515,0.0013196046,0.0018098612,0.00093345804,0.0011515417,0.0015322637,0.00082377385,0.0010433836,0.0019041416,0.0017006223,0.0018285147
syn-0405,0,0,3,8,8,0.00068129436,0.0009284948,0.0006763226,0.00046778924,0.0008086621,0.0006258017,0.0011893038,0.0013384767,0.9897864,0.0015293349,0.0016288133,0.00033924714
syn-0410,0,0,3,10,10,0.0009057518,0.001506515,0.0010625566,0.0011528312,0.0009308601,0.00072212826,0.0022449063,0.0011444186,0.0012440757,0.0016720444,0.9845857,0.0028283172
syn-0418,0,0,3,0,0,0.982672,0.0015452679,0.0014319331,0.0017995579,0.003017005,0.0017742555,0.0013425519,0.0015596705,0.0007762511,0.0011399656,0.0015407474,0.0014008129
syn-0420,0,0,3,2,2,0.0016684674,0.00114616,0.9827192,0.0018966311,0.0008199239,0.0005757629,0.0022169806,0.002597535,0.0012612714,0.0013347726,0.0017172326,0.0020459967
syn-0422,0,0,3,1,1,0.0017085888,0.98375875,0.0015297006,0.0018600973,0.0008918309,0.0013348802,0.0017085888,0.0010214911,0.0010710363,0.0016669735,0.0017006815,0.0017473996
syn-0428,0,0,3,8,1,0.0034938545,0.97088,0.001417516,0.0018569317,0.0016188539,0.0023600236,0.0021021254,0.0011648787,0.009639778,0.00168252,0.0025375052,0.0012460764
syn-0429,0,0,3,2,2,0.0037098047,0.004456345,0.9513236,0.004012235,0.0015555647,0.0014499457,0.004481439,0.009812289,0.0028569333,0.004614673,0.0045509003,0.007176195
syn-0430,0,0,3,1,1,0.0032613578,0.9497662,0.0011620215,0.0065066023,0.0017927575,0.024699964,0.002905673,0.0011131484,0.0011088088,0.0028190268,0.0014002975,0.0034640774
syn-0435,0,0,3,10,10,0.0006997473,0.0009615922,0.00076291384,0.0008586052,0.00065414986,0.00079253054,0.0017388818,0.001292385,0.0013784263,0.0012820145,0.9886911,0.00088759203
syn-0445,0,0,3,6,6,0.0012149834,0.001248664,0.0016025336,0.001491175,0.0010336635,0.0020329766,0.981964,0.00059882307,0.0052238074,0.00081769517,0.0017934385,0.0009781753
syn-0447,0,0,3,7,7,0.001383821,0.001125588,0.0019874414,0.0008166904,0.0005765809,0.004167797,0.00053848315,0.9821951,0.0018767396,0.0015302552,0.0015532152,0.0022484607
syn-0464,0,0,3,4,4,0.012296767,0.0013702599,0.00082142197,0.002071619,0.97304475,0.0023037347,0.0012421651,0.000935349,0.0014276304,0.0015219324,0.0011680463,0.001796342
syn-0469,0,0,3,9,9,0.0010388687,0.0016920236,0.0009869487,0.0013017613,0.0010967284,0.0006513784,0.00043053483,0.0016244247,0.0013470242,0.98690873,0.0012772065,0.0016443756
syn-0474,0,0,3,0,0,0.9821905,0.0021735937,0.0011399634,0.0019467326,0.0028864066,0.0025397157,0.00092768925,0.0014056065,0.00083646213,0.0017829367,0.00087746116,0.0012930098
syn-0477,0,0,3,7,7,0.034068745,0.103463635,0.026403526,0.011400461,0.03305282,0.19301257,0.009115908,0.22809166,0.04072023,0.031065416,0.122566506,0.16703846
syn-0485,0,0,3,10,10,0.00085837836,0.0008860587,0.00092496135,0.0009547888,0.0009807775,0.00062861654,0.0038923316,0.0009155253,0.0025941182,0.0012458876,0.98553836,0.00058024086
syn-0007,0,0,4,6,6,0.0036041604,0.0022163964,0.0015832139,0.0028689306,0.0047514793,0.005559791,0.9616366,0.00055630336,0.008028454,0.0018320819,0.0040458404,0.0033166623
syn-0014,0,0,4,0,0,0.9725724,0.0059798276,0.0014451683,0.0019782064,0.0033250267,0.0028433518,0.001835806,0.0016617549,0.001255584,0.002524611,0.0018802588,0.002697953
syn-0019,0,0,4,0,0,0.97469795,0.0019699852,0.0013712482,0.002814649,0.0063560857,0.001471853,0.0016998927,0.0010260149,0.00090192497,0.0021472925,0.0042662323,0.0012768962
syn-0023,0,0,4,1,1,0.0018920725,0.98515576,0.00089922344,0.0021234227,0.0013141247,0.0010219433,0.0010060995,0.0010159728,0.0010144857,0.0018957716,0.0012100375,0.0014510566
syn-0024,0,0,4,2,2,0.0015228356,0.0009009295,0.983657,0.002181461,0.00089917163,0.0006152812,0.0024173486,0.0022080515,0.0011483746,0.0009727112,0.0012786047,0.0021982854
syn-0029,0,0,4,2,2,0.0013740042,0.0009222375,0.9845573,0.0015985491,0.0008238676,0.0005899428,0.0022055916,0.0023635118,0.0011618396,0.0010379126,0.0015287015,0.0018365528
syn-0036,0,0,4,5,5,0.0025849598,0.0017569892,0.0006164601,0.0014152315,0.008643982,0.9740598,0.002640694,0.0012955226,0.00095106976,0.0012016778,0.0026228642,0.0022107635
syn-0043,0,0,4,9,9,0.0012797867,0.0013425153,0.0015880609,0.0014221391,0.0014360953,0.0016602153,0.0012885652,0.0038572312,0.0033077837,0.9580093,0.022354888,0.002453639
syn-0061,0,0,4,4,4,0.0027756486,0.0016244657,0.0010716112,0.0017099231,0.9790141,0.001816652,0.0018025148,0.0011390544,0.0020976006,0.0013329906,0.0026226435,0.0029927318
syn-0074,0,0,4,5,5,0.009491334,0.0059134807,0.00062602136,0.0028749728,0.0054205568,0.95873386,0.004622276,0.0025124983,0.0021733248,0.0034755073,0.00167532,0.002480803
syn-0075,0,0,4,7,7,0.0014486271,0.0011085336,0.0020682344,0.00089160213,0.0011754275,0.0034920853,0.0006587114,0.98158723,0.0022148322,0.0015980126,0.0015074373,0.002249299
syn-0082,0,0,4,1,6,0.0036695625,0.09898757,0.007121785,0.010520178,0.004526882,0.035020437,0.5679677,0.0076929694,0.015095234,0.011138683,0.19136336,0.04689561
syn-0083,0,0,4,0,0,0.98063236,0.0020831907,0.0013267455,0.0020928765,0.0039042851,0.002554093,0.0014373586,0.0009878811,0.001038328,0.0013157779,0.0013177068,0.001309369
syn-0095,0,0,4,11,11,0.0013084807,0.0020192068,0.002211852,0.0011654929,0.0010150729,0.0010669086,0.0019828123,0.001564518,0.0005967306,0.0014554455,0.0022908556,0.9833225
syn-0102,0,0,4,1,1,0.0030966767,0.97687405,0.0013503629,0.002141081,0.0018331531,0.0013088165,0.0018466286,0.0014297538,0.0059784795,0.0018775414,0.0010434795,0.0012199512
syn-0105,0,0,4,4,4,0.0043818946,0.0015449643,0.0009820389,0.0030389572,0.9729311,0.004834946,0.0014563289,0.0008734436,0.0009965303,0.0025690743,0.0023632778,0.004027439
syn-0106,0,0,4,10,10,0.0016510814,0.0031685873,0.0038229795,0.0030234873,0.00091092376,0.00093526166,0.037286,0.0022196043,0.021038463,0.0052519315,0.91758287,0.003108819
syn-0107,0,0,4,10,10,0.0006642436,0.00085165724,0.00072349835,0.0006313546,0.0007189203,0.0011680629,0.0020532703,0.0008142458,0.0014187905,0.0014821682,0.9878997,0.0015742007
syn-0108,0,0,4,8,10,0.0020143352,0.004506248,0.0027640457,0.0014565497,0.003811354,0.0026711677,0.0069981827,0.0031443324,0.2781119,0.004061129,0.6869905,0.0034702772
syn-0113,0,0,4,11,11,0.0015425248,0.0023334804,0.0020891665,0.00097333326,0.00089405355,0.001801194,0.00263365,0.0012113329,0.0010800153,0.0014892376,0.0015864467,0.98236555
syn-0119,0,0,4,6,6,0.00082168216,0.00080933823,0.0015094611,0.0019660587,0.0009224898,0.0013841452,0.98338497,0.00046978335,0.0010597075,0.00074341614,0.0056509348,0.0012779391
syn-0122,0,0,4,3,3,0.0010758135,0.0017355923,0.0019099017,0.9823736,0.0020701438,0.0016867172,0.0025009979,0.0011803968,0.0009447777,0.0018987436,0.0012202475,0.0014031254
syn-0127,0,0,4,11,11,0.019259581,0.039086316,0.0057056453,0.013137101,0.036379125,0.012901892,0.041586854,0.0037455093,0.014183802,0.009767433,0.0960336,0.7082131
syn-0136,0,0,4,6,6,0.001028453,0.0029965688,0.001468164,0.003569553,0.0022343146,0.002670047,0.97606033,0.00031612048,0.0012600869,0.0015874639,0.0048245136,0.0019843318
syn-0138,0,0,4,4,4,0.0018648959,0.00220814,0.0019477258,0.004359631,0.9693476,0.0031124568,0.0029844642,0.0016289756,0.0016155099,0.0012453251,0.0050384663,0.004646755
syn-0156,0,0,4,6,6,0.0009953281,0.0015236343,0.0014274832,0.003177853,0.0010662682,0.0017197728,0.98465353,0.00048769664,0.0011802512,0.0006274391,0.002004736,0.0011361456
syn-0161,0,0,4,2,2,0.0013599078,0.00092173356,0.9844998,0.001987975,0.0009692758,0.00060095603,0.0020281747,0.0022075167,0.00107132,0.0010541958,0.0012803253,0.0020187884
syn-0176,0,0,4,10,10,0.00062986027,0.0009580803,0.00075384404,0.000771721,0.00091599394,0.0006737646,0.0026286058,0.0007140738,0.0018668072,0.0016390267,0.98748827,0.00095995335
syn-0185,0,0,4,7,7,0.0066213696,0.0018154928,0.0073390356,0.0017978495,0.0021984733,0.0053100386,0.0020957503,0.9404485,0.00586084,0.014321853,0.0030226156,0.009168206
syn-0189,0,0,4,10,10,0.0011501742,0.0017361267,0.0009944212,0.0008913935,0.0010264886,0.0015875296,0.0016911547,0.0007041181,0.0022258998,0.0016355256,0.98471755,0.0016395235
syn-0192,0,0,4,5,5,0.0015087832,0.0019776975,0.0007677942,0.0011576718,0.0015295527,0.9824636,0.0016461869,0.0027686483,0.0012079098,0.0010291521,0.0011787768,0.002764258
syn-0194,0,0,4,1,1,0.00359292,0.97076684,0.0015912377,0.0019344531,0.0021845428,0.0014752516,0.0017239018,0.0017908247,0.010180449,0.0023028352,0.001175025,0.0012817208
syn-0195,0,0,4,4,4,0.004525173,0.0037223056,0.0013740483,0.004991819,0.6563582,0.28955558,0.00816358,0.0020129418,0.018295014,0.0047562546,0.0025100443,0.0037350503
syn-0200,0,0,4,5,5,0.004321148,0.003941902,0.0010749626,0.002197081,0.002884485,0.95186067,0.0029568563,0.024418298,0.0014858936,0.0016961154,0.00092216185,0.0022404143
syn-0203,0,0,4,8,8,0.00046209028,0.0007784032,0.00071955385,0.00041624252,0.0006371782,0.00061667035,0.0019857823,0.0013220089,0.9902198,0.001101214,0.0013832566,0.0003577738
syn-0207,0,0,4,0,0,0.9800131,0.0019466897,0.001204897,0.0014936724,0.0024268385,0.0036784185,0.00168925,0.0013706709,0.0025811498,0.0013220287,0.0011497206,0.0011236359
syn-0208,0,0,4,8,8,0.0006708426,0.00089700543,0.0007989827,0.00045435835,0.00061080913,0.0005464575,0.002842338,0.0011218055,0.9880183,0.0015158326,0.0021502287,0.0003730157
syn-0209,0,0,4,7,7,0.003624145,0.002554266,0.007403655,0.001398939,0.0027984718,0.031011157,0.0026965255,0.9323117,0.004249486,0.0024516205,0.004525764,0.004974221
syn-0211,0,0,4,0,0,0.9839819,0.0015759211,0.0015125914,0.0015322906,0.0023816018,0.0014289494,0.0011309442,0.001400627,0.0007301924,0.001440157,0.0011172226,0.0017675351
syn-0217,0,0,4,6,6,0.0030334773,0.0024111294,0.0019218507,0.0029376359,0.0019886747,0.0026799769,0.9705841,0.0005132338,0.002251264,0.0013157179,0.0072106156,0.0031523928
syn-0219,0,0,4,0,0,0.9843829,0.002100881,0.0015502275,0.0016984402,0.0018177171,0.0015224719,0.0011402788,0.0013422653,0.00068022695,0.001180503,0.0011944185,0.0013896149
syn-0224,0,0,4,8,8,0.0011545819,0.0012588063,0.0008267556,0.00046649325,0.0012930704,0.0009794026,0.003074771,0.0012905473,0.983196,0.0011848512,0.0046953387,0.00057942735
syn-0226,0,0,4,6,6,0.0007946312,0.0012271483,0.0019773531,0.0021577913,0.0007679298,0.0011075541,0.9850391,0.00044727387,0.00091416837,0.0006753834,0.003049109,0.0018426178
syn-0229,0,0,4,7,7,0.0030185836,0.0010298775,0.0030784365,0.0011790319,0.00094784144,0.007763702,0.0007295796,0.9726513,0.003664628,0.0018377488,0.0017238781,0.0023753224
syn-0234,0,0,4,4,6,0.0009486549,0.0010500653,0.0017249365,0.0044414946,0.0041836184,0.0015886981,0.9772963,0.0003565696,0.003345666,0.0013615423,0.0021997732,0.0015026809
syn-0243,0,0,4,10,10,0.00088175136,0.001388884,0.0010803443,0.00086132565,0.0007345756,0.0012075675,0.0016763367,0.0010604837,0.0013686873,0.0016896906,0.9860293,0.0020210918
syn-0250,0,0,4,11,11,0.0010653237,0.0018494985,0.0023889772,0.00089054607,0.0007676986,0.0013116508,0.0014409184,0.0026778965,0.00050692254,0.0014338999,0.0023655805,0.98330116
syn-0253,0,0,4,3,3,0.0008882299,0.001826761,0.0017280655,0.98458225,0.0016594317,0.0011813189,0.00242761,0.0010609976,0.00078080414,0.0012176284,0.0012301779,0.0014166177
syn-0255,0,0,4,2,2,0.0013554851,0.00090074586,0.98489815,0.0016850762,0.00086750876,0.00061786507,0.0020045002,0.0020919016,0.0011425482,0.0010423356,0.0013644496,0.0020294287
syn-0259,0,0,4,4,4,0.0012821631,0.0015686397,0.0010982999,0.004669393,0.9772857,0.002507903,0.0032270977,0.0007910758,0.0015793995,0.0012746725,0.0020664735,0.002649197
syn-0260,0,0,4,11,11,0.0058342996,0.019164992,0.005257997,0.005061507,0.011028391,0.012250607,0.017651306,0.0065885694,0.004406111,0.01652428,0.061481398,0.83475065
syn-0265,0,0,4,3,3,0.0029673614,0.0026244477,0.0021175733,0.96993005,0.004724497,0.0035401047,0.0062360624,0.0007183605,0.0006439341,0.0022568987,0.0019093355,0.0023313845
syn-0269,0,0,4,10,10,0.00085236615,0.00093158125,0.001020647,0.00070732675,0.0011363922,0.0006641476,0.0013496641,0.00078677165,0.0014351322,0.0015793624,0.9882394,0.0012971673
syn-0285,0,0,4,11,11,0.0012299989,0.0016616224,0.0021405437,0.0010157294,0.00081895594,0.001217451,0.0017968616,0.0014800441,0.0006465833,0.0013482536,0.001243283,0.98540074
syn-0286,0,0,4,8,8,0.001096386,0.0016274899,0.0010846715,0.0007433022,0.000871558,0.000819553,0.009126295,0.0011756764,0.97749,0.0029182527,0.002440767,0.0006060734
syn-0289,0,0,4,8,8,0.09280255,0.08066762,0.010927843,0.0058951285,0.013533675,0.11956881,0.021924458,0.27369574,0.28459853,0.031962268,0.019076224,0.045347203
syn-0299,0,0,4,1,1,0.002687905,0.9722677,0.0008435184,0.003937464,0.0027010615,0.0027806857,0.0012849566,0.0013466228,0.0017324785,0.008224934,0.0007717917,0.001420929
syn-0305,0,0,4,1,1,0.0015412308,0.98514265,0.0012296768,0.0017730799,0.0009929094,0.0009534739,0.0010899652,0.0010070691,0.0008243575,0.0016709493,0.0017370883,0.0020375664
syn-0307,0,0,4,3,3,0.0023328254,0.0050972253,0.0017058983,0.96627384,0.0030351586,0.0015692468,0.0059833145,0.0006297136,0.0010211284,0.008537288,0.002116814,0.001697589
syn-0321,0,0,4,9,9,0.0009711991,0.0021083858,0.0008343692,0.003041953,0.0010935492,0.00072491256,0.0012488724,0.00071228127,0.0025016316,0.9835676,0.001991312,0.0012039647
syn-0326,0,0,4,1,1,0.003006458,0.9714976,0.001474921,0.0021628288,0.0013324801,0.0014548934,0.00351834,0.0015351737,0.00625377,0.00283813,0.0020983336,0.0028270653
syn-0333,0,0,4,5,5,0.005977911,0.00233442,0.0011310588,0.0035630434,0.05881083,0.8692975,0.008222365,0.001990894,0.039023723,0.0029959916,0.0045350045,0.002117227
syn-0338,0,0,4,8,8,0.0007202975,0.0010956442,0.000808272,0.00054958113,0.0008433476,0.0005188108,0.0026847369,0.001154973,0.9868966,0.0022441405,0.001866258,0.0006173076
syn-0350,0,0,4,2,2,0.0013712898,0.0009110261,0.9845333,0.0020495234,0.0008218387,0.0006134285,0.0020728598,0.0022748548,0.0011505206,0.0010025225,0.0010882277,0.002110617
syn-0352,0,0,4,8,8,0.000607188,0.00092359347,0.00090661447,0.00048361992,0.000715093,0.00054694386,0.0015061104,0.0018211567,0.98986393,0.0011424364,0.0010803175,0.00040289748
syn-0353,0,0,4,7,7,0.0020978244,0.0013771311,0.0030796377,0.001996877,0.001382521,0.021499922,0.00056738546,0.9562038,0.0026280512,0.0044584763,0.0022244162,0.0024839402
syn-0363,0,0,4,9,9,0.010946738,0.008104199,0.0026419908,0.003836573,0.0048004068,0.004040375,0.007533685,0.0027986858,0.045256805,0.8931682,0.008211749,0.00866064
syn-0368,0,0,4,9,9,0.0011370741,0.0020619933,0.00096832635,0.0018077472,0.0014536299,0.0008722507,0.0010614233,0.0009542453,0.004380186,0.98113716,0.0017963086,0.0023695766
syn-0377,0,0,4,5,5,0.004410632,0.004818183,0.0025941432,0.0027627998,0.0043902197,0.7868991,0.0029295192,0.17455514,0.0035061755,0.002798098,0.001839523,0.0084965285
syn-0378,0,0,4,2,2,0.0013140274,0.00095016276,0.98508275,0.001635134,0.0007698411,0.0005687549,0.0020195523,0.0022551056,0.0011081441,0.0010766754,0.0012520183,0.0019677787
syn-0379,0,0,4,3,3,0.0019284644,0.0035778643,0.0023216333,0.9687072,0.004901118,0.0016089338,0.002165057,0.0011014919,0.0006356297,0.0056833145,0.005488322,0.0018810341
syn-0386,0,0,4,10,10,0.0009990726,0.0011835349,0.0015798408,0.0011998272,0.0010069084,0.0011118281,0.002658361,0.0012784572,0.001316466,0.0015652518,0.9830634,0.0030370555
syn-0391,0,0,4,0,0,0.98427445,0.002017464,0.0013679202,0.0012951208,0.0022451559,0.0014733082,0.001015064,0.0013983098,0.0013193757,0.0013123082,0.0011164639,0.0011649138
syn-0399,0,0,4,8,8,0.0005312072,0.0005760571,0.0008406174,0.00035144956,0.000772902,0.000664983,0.0014872636,0.0016235992,0.9889994,0.0014459111,0.0023114057,0.00039514535
syn-0402,0,0,4,1,1,0.0052116774,0.9700447,0.0010859121,0.0022412406,0.0023327987,0.0020546708,0.002104423,0.001257222,0.0011559473,0.0020717971,0.0044651357,0.005974488
syn-0403,0,0,4,9,9,0.0014813372,0.0023421634,0.0008057824,0.0013350132,0.0011632828,0.00064936397,0.00054044864,0.0014449039,0.004984455,0.9828964,0.0011879653,0.0011689767
syn-0408,0,0,4,4,4,0.0740517,0.0071273767,0.005660286,0.014701393,0.7976873,0.011087716,0.0121152,0.0030864733,0.051394396,0.0069520795,0.00920102,0.006935127
syn-0413,0,0,4,9,9,0.0011708345,0.0023635635,0.0010418704,0.0012390655,0.0012032914,0.000786445,0.0006431326,0.001792297,0.0016584133,0.983978,0.0015136936,0.0026093167
syn-0432,0,0,4,6,6,0.00086954655,0.0010581326,0.0014484158,0.0026764306,0.0011051297,0.0016442782,0.98528546,0.0004456415,0.0008281081,0.00052817975,0.002598523,0.0015121936
syn-0437,0,0,4,3,10,0.005452896,0.006532638,0.0040601706,0.055395935,0.028418085,0.017578544,0.086471826,0.0023338376,0.04395036,0.019720709,0.72472715,0.0053578815
syn-0468,0,0,4,6,6,0.0007039529,0.00072700845,0.0017146603,0.0027504077,0.00089031446,0.00095656817,0.9864113,0.0004540625,0.0012430397,0.00069881586,0.0022932878,0.0011566619
syn-0473,0,0,4,10,10,0.0006591986,0.000969487,0.0008183855,0.00069150917,0.0009737567,0.0005987436,0.0016896531,0.0007447847,0.0018026378,0.0015779608,0.9885684,0.0009054279
syn-0484,0,0,4,3,3,0.0011542515,0.0019500717,0.0018587284,0.9848364,0.0015280154,0.0010971007,0.002286275,0.000922499,0.00071320013,0.0012462167,0.0011302694,0.0012770162
syn-0491,0,0,4,10,10,0.00079013227,0.0008758788,0.0007055087,0.00067517627,0.0006496278,0.00082724326,0.0017601684,0.0011376298,0.001958224,0.0019020344,0.9876264,0.0010921798
syn-0499,0,0,4,11,11,0.001624104,0.0017876528,0.0020410654,0.00095080707,0.0010180767,0.0012425106,0.0015911363,0.0017535047,0.00046474594,0.0016055746,0.0016130396,0.9843078
syn-0003,0,1,0,2,2,0.001729252,0.0011795353,0.9835759,0.0016987057,0.0009932683,0.0016650368,0.0012283206,0.0021192734,0.0013513538,0.0010074333,0.0022850218,0.0011669324
syn-0004,0,1,0,10,10,0.00094122905,0.0006994621,0.0015578981,0.001600303,0.0009579204,0.0014818461,0.003086925,0.0008549091,0.0015273927,0.0016879888,0.98395455,0.0016494904
syn-0006,0,1,0,7,7,0.011921555,0.01541258,0.015518299,0.006112766,0.0036323199,0.03319084,0.0057705194,0.61685693,0.011292614,0.18449196,0.06642819,0.029371371
syn-0008,0,1,0,8,8,0.00075226364,0.0012159871,0.0010403427,0.000654536,0.000866273,0.0013080718,0.0013505833,0.0010773047,0.9892748,0.0014746597,0.00040383908,0.00058130425
syn-0011,0,1,0,10,10,0.0015331805,0.0027452274,0.0033194707,0.0023885912,0.0019947686,0.005999056,0.0052264854,0.0012501241,0.0122852465,0.04079642,0.91770464,0.004756664
syn-0015,0,1,0,6,6,0.0007688319,0.002006407,0.0010130807,0.0015119293,0.0021904653,0.0014747437,0.9818718,0.001007654,0.0030898058,0.0017199459,0.000670587,0.002674889
syn-0016,0,1,0,9,9,0.0006530529,0.0022544735,0.0011261725,0.0013624089,0.0010777541,0.0017717179,0.002033269,0.0009832247,0.0035174652,0.97601026,0.0067784367,0.0024317228
syn-0017,0,1,0,3,3,0.0017521253,0.0007882038,0.0014921007,0.98233366,0.0016982179,0.0023855343,0.0019163629,0.0024130654,0.0008707597,0.001273771,0.001768456,0.0013078036
syn-0020,0,1,0,6,6,0.0007895956,0.0008995476,0.0009482578,0.0013249089,0.0016752509,0.0010834732,0.9869556,0.0014969265,0.0018184676,0.0011443759,0.00071823323,0.0011454939
syn-0034,0,1,0,0,0,0.9854211,0.0009931901,0.0012500045,0.0010908057,0.003252572,0.0013745383,0.00097588415,0.001311914,0.00052928523,0.0007761455,0.001566709,0.0014578399
syn-0044,0,1,0,2,2,0.0015635992,0.0013157185,0.98298496,0.0019850375,0.00095931574,0.0015348545,0.0011526443,0.0025182215,0.0013125102,0.001022184,0.0024482037,0.001202664
syn-0049,0,1,0,8,8,0.0014524934,0.0020577107,0.0008985769,0.0006558099,0.0014105572,0.001296614,0.0012174615,0.000843311,0.9849282,0.004056746,0.00050578173,0.00067662756
syn-0052,0,1,0,4,4,0.014579093,0.0025561433,0.0010448217,0.0013182013,0.9639069,0.008372068,0.0012066999,0.0015366251,0.00092295284,0.0015646386,0.0017991302,0.0011926414
syn-0053,0,1,0,10,10,0.000725483,0.000588088,0.0014871868,0.0012200084,0.0007651411,0.0013655942,0.0010323786,0.0007507084,0.00040955053,0.0015464767,0.9886768,0.001432698
syn-0055,0,1,0,3,3,0.001438894,0.001062529,0.0018180443,0.98552203,0.0012698193,0.0014987721,0.0016448739,0.0012550254,0.0009845999,0.0009966926,0.0014283935,0.0010803159
syn-0063,0,1,0,1,1,0.0013512113,0.98810506,0.0007756039,0.00079866283,0.0020310099,0.0006358175,0.0013135616,0.0010860602,0.001228716,0.0010480299,0.00062230305,0.0010039512
syn-0069,0,1,0,11,11,0.0028051785,0.025947534,0.0017778637,0.003089925,0.007032446,0.0017282203,0.010737609,0.0013792035,0.0026714974,0.0031126393,0.007905826,0.9318121
syn-0072,0,1,0,0,0,0.98726,0.0014375654,0.0013747519,0.0009606692,0.0019162411,0.0011436115,0.0006722945,0.0014114825,0.0006929584,0.00068088394,0.001071704,0.0013777759
syn-0073,0,1,0,11,11,0.0019531202,0.0063139917,0.0016018931,0.000981132,0.0012947213,0.000981132,0.0019223706,0.0014902151,0.0013641637,0.0045767576,0.0026362436,0.9748844
syn-0077,0,1,0,2,2,0.0015583378,0.0011320608,0.98399204,0.0016663513,0.0009922341,0.0014757649,0.0012859287,0.002066038,0.001448635,0.0009664136,0.0022285404,0.0011875487
syn-0081,0,1,0,10,10,0.0025400175,0.001841156,0.0026309034,0.0202835,0.009953196,0.008091891,0.010809369,0.000499427,0.0024260697,0.0073785507,0.9298312,0.0037147002
syn-0084,0,1,0,5,5,0.0011777339,0.0005965551,0.0012604429,0.0010252334,0.0009854761,0.9878449,0.0008015776,0.0011101667,0.0015159367,0.0018459498,0.0011454071,0.00069066574
syn-0090,0,1,0,5,5,0.042465515,0.023739714,0.00389247,0.0021538285,0.019446878,0.86047226,0.0051365807,0.013385631,0.01586433,0.0071943905,0.0035096921,0.0027386947
syn-0093,0,1,0,5,5,0.0018834226,0.000962898,0.0014518473,0.00086651446,0.0018308318,0.98041254,0.0053158253,0.0009866956,0.0019351606,0.0021253582,0.0014140665,0.00081481034
syn-0098,0,1,0,10,10,0.0009966685,0.001315866,0.0011969403,0.0010537202,0.00093582645,0.0019414034,0.0010583613,0.000920868,0.0007953899,0.0021311736,0.9859796,0.0016742584
syn-0101,0,1,0,3,3,0.0014913671,0.0011768917,0.0019584515,0.9856936,0.0015237548,0.0010027242,0.0016911784,0.0012900406,0.00085224846,0.00088923244,0.0014272477,0.0010032139
syn-0109,0,1,0,3,3,0.0019166777,0.0024052262,0.0039356486,0.95389557,0.0024925058,0.0020522827,0.0043707476,0.0015582478,0.0014753193,0.012025376,0.011230797,0.0026416243
syn-0120,0,1,0,3,3,0.0013779969,0.0009001892,0.0018904086,0.98525107,0.0013612779,0.00087933626,0.0015845166,0.0011050912,0.001060682,0.0011879075,0.0021663064,0.0012352283
syn-0121,0,1,0,9,9,0.00061641994,0.00250496,0.0012967039,0.0011754853,0.0007792278,0.0015459007,0.001991286,0.0025207575,0.002984534,0.9787638,0.0015064079,0.004314468
syn-0139,0,1,0,1,1,0.00094955997,0.9885522,0.0008939912,0.0009451655,0.0014921133,0.0006293086,0.0011869512,0.0013125528,0.0011479075,0.001118309,0.0005996115,0.0011722639
syn-0148,0,1,0,7,7,0.009448462,0.015562676,0.012839068,0.0071320734,0.01742937,0.07895664,0.011402587,0.7225352,0.033809923,0.03006016,0.03329388,0.027530087
syn-0155,0,1,0,4,4,0.0023103168,0.00269527,0.00086177554,0.0010615559,0.98269826,0.003305944,0.0014882878,0.0011906291,0.001683777,0.0009040155,0.0011819405,0.0006182937
syn-0158,0,1,0,1,1,0.0012261225,0.98867095,0.0009564216,0.0009026524,0.0011940699,0.0004631733,0.0012616509,0.001257653,0.0011719754,0.0009197817,0.0005691568,0.0014064427
syn-0166,0,1,0,5,5,0.002995521,0.0016622291,0.0010452878,0.0007617675,0.0064849723,0.9766575,0.0012964429,0.0015753044,0.0014784171,0.0031207006,0.002073734,0.0008481549
syn-0169,0,1,0,4,4,0.013894619,0.0019236159,0.00093270134,0.0016473657,0.9702904,0.0033739915,0.0018494719,0.00084509776,0.0010154082,0.0011300076,0.0012563132,0.0018409127
syn-0173,0,1,0,8,8,0.00075559923,0.0014685956,0.0010073807,0.00066421437,0.000898173,0.0015445331,0.0029099751,0.0008474715,0.9868919,0.0019191253,0.0004016878,0.00069134845
syn-0175,0,1,0,11,11,0.0029899278,0.030553157,0.0031549104,0.0035350577,0.004145027,0.0062605175,0.0069179293,0.0039186883,0.0037759333,0.011209733,0.07651117,0.84702784
syn-0196,0,1,0,4,4,0.03322804,0.0018627361,0.0014728263,0.0019511777,0.95042545,0.001691905,0.0024005757,0.0013761807,0.00148946,0.0008976868,0.0012168494,0.001987234
syn-0223,0,1,0,6,6,0.0005880816,0.0015814912,0.0007707572,0.0013200955,0.00153059,0.0012732482,0.9814511,0.0010265865,0.0034132174,0.0034873413,0.0012102053,0.0023471564
syn-0230,0,1,0,9,9,0.00054781104,0.0016915014,0.001136175,0.0012278984,0.0010061038,0.0017085181,0.0013644793,0.0016418627,0.0029712154,0.98275775,0.0017541661,0.0021924418
syn-0233,0,1,0,8,8,0.000821311,0.0012496011,0.0010357028,0.0007340647,0.0008058188,0.0012889529,0.0014666496,0.0005789942,0.9882345,0.0023975219,0.0007525742,0.0006343502
syn-0241,0,1,0,1,1,0.0039830427,0.9530879,0.0016244925,0.005434214,0.022502206,0.0027633547,0.002408476,0.001321348,0.0019671812,0.0015463218,0.001487083,0.0018743499
syn-0246,0,1,0,8,8,0.0028843256,0.015753224,0.0040182006,0.0036319145,0.0030168493,0.0028815104,0.15610082,0.0027148705,0.788114,0.0061886623,0.0024719178,0.012223776
syn-0248,0,1,0,6,6,0.000721907,0.0010091435,0.0009690633,0.0015197197,0.0014307848,0.0010305557,0.98428404,0.0018913216,0.0013388578,0.0010900793,0.0031813176,0.0015331353
syn-0249,0,1,0,8,8,0.0009827847,0.0014186422,0.0010080577,0.0005427452,0.0009943695,0.001418469,0.00084804115,0.000898338,0.9880376,0.002650049,0.00059725443,0.0006037049
syn-0252,0,1,0,8,8,0.00081915077,0.0014860089,0.00097276556,0.0006031197,0.00086985517,0.0012912245,0.0013510459,0.00061201956,0.98804444,0.0026813054,0.00071937684,0.00054968335
syn-0254,0,1,0,7,8,0.016042832,0.041556098,0.019897502,0.009091965,0.012561457,0.038377438,0.018893847,0.30732286,0.4385034,0.020995436,0.017542345,0.05921473
syn-0270,0,1,0,10,10,0.009418233,0.016663225,0.0034185613,0.0051193545,0.077276036,0.041768793,0.028400518,0.0029933925,0.007518042,0.017335476,0.783515,0.006573382
syn-0273,0,1,0,0,0,0.98654747,0.0015912564,0.0012296278,0.00090093364,0.002475743,0.0013747661,0.0006770784,0.0011912142,0.0007342443,0.0007443517,0.0012429077,0.0012905279
syn-0274,0,1,0,9,9,0.0008851865,0.0010440237,0.0017204635,0.001103786,0.0010666965,0.0035493905,0.0013301205,0.0024321731,0.004409476,0.9726226,0.0069829584,0.00285306
syn-0275,0,1,0,0,0,0.9869228,0.0012397434,0.0013595986,0.00095240254,0.001983282,0.0015625978,0.0007295196,0.0012258982,0.0006246008,0.00071610836,0.0015148915,0.0011686186
syn-0276,0,1,0,6,6,0.0007086349,0.0013473819,0.0012107376,0.0015395099,0.001323258,0.0013251979,0.98236233,0.0026329786,0.0012583532,0.0017775979,0.0025661055,0.0019480243
syn-0284,0,1,0,0,0,0.98142046,0.0015245753,0.0016508753,0.0009800235,0.0026286084,0.0015141888,0.0007990911,0.0010210556,0.0037678366,0.0013500394,0.0020706616,0.0012725869
syn-0296,0,1,0,3,3,0.0020285824,0.0012394423,0.002085835,0.9723351,0.0036976133,0.0080428105,0.0014258928,0.001491407,0.0010591163,0.0022410545,0.00265159,0.0017015778
syn-0302,0,1,0,10,10,0.00092217844,0.0006839676,0.0015055935,0.0011308424,0.00070499023,0.0010585742,0.0010539325,0.000682633,0.00052621163,0.0018935734,0.98883003,0.0010073895
syn-0304,0,1,0,1,1,0.0012808267,0.98681086,0.0009569557,0.0010276667,0.0015374466,0.0006819047,0.0019413806,0.001490872,0.0010623613,0.00084822986,0.0007394781,0.0016218863
syn-0311,0,1,0,9,9,0.0011268148,0.001256439,0.0013638516,0.0017014898,0.0014898742,0.0019346419,0.002911696,0.0013860059,0.0033195196,0.97086155,0.005228178,0.007419862
syn-0316,0,1,0,0,0,0.8125054,0.0028153413,0.002818092,0.0030057079,0.029682338,0.12830618,0.0023916836,0.001397784,0.002941821,0.004534188,0.0067668566,0.0028346528
syn-0318,0,1,0,11,11,0.0012497439,0.0043070074,0.0009638429,0.0021041986,0.002100093,0.0011434744,0.0041158,0.001106131,0.0013519552,0.0022197654,0.0046490333,0.9746889
syn-0328,0,1,0,10,10,0.0010946661,0.00082811504,0.0012760506,0.0010612459,0.0009333506,0.0015930702,0.0009310747,0.00085107115,0.0007072875,0.0020849328,0.9877021,0.0009370036
syn-0332,0,1,0,6,6,0.0006524452,0.0009102643,0.0011076812,0.0021981357,0.0021654938,0.00091070886,0.9856333,0.0010778033,0.0009982664,0.0012177384,0.0020737196,0.0010543795
syn-0345,0,1,0,7,7,0.0025875054,0.0038616124,0.001973282,0.0014664187,0.0031180806,0.007646058,0.0033175594,0.9649545,0.0020043568,0.00438273,0.0016730682,0.0030147783
syn-0354,0,1,0,8,8,0.0013705767,0.0018329502,0.0011951465,0.0007708913,0.0012056968,0.0014405664,0.0011620581,0.0009070024,0.9873905,0.0017486131,0.00038725015,0.0005887586
syn-0356,0,1,0,8,8,0.002003369,0.005968556,0.0011758524,0.00069124793,0.0015429895,0.0015989806,0.0018997639,0.00092926784,0.9800261,0.0022674832,0.0006647666,0.0012316812
syn-0357,0,1,0,3,3,0.0014324113,0.0011117565,0.0030858133,0.9820405,0.00197323,0.0012121153,0.0021560863,0.0011571734,0.0011063413,0.0008544969,0.0025295054,0.0013403796
syn-0371,0,1,0,6,6,0.0005178298,0.0011113363,0.0010258126,0.001512725,0.001595028,0.0007705522,0.9869561,0.0008778525,0.0010263135,0.0012973818,0.0017407108,0.0015683835
syn-0372,0,1,0,1,1,0.0015075207,0.9864464,0.00082142773,0.0011285295,0.0016510456,0.000780375,0.0012476445,0.0011617976,0.0011852905,0.0015112056,0.00088514463,0.0016736713
syn-0380,0,1,0,4,5,0.009172719,0.003234898,0.0023690145,0.0017230822,0.16175887,0.8024498,0.0022168069,0.0053943386,0.0038396614,0.0037106406,0.0025193412,0.0016108014
syn-0382,0,1,0,0,0,0.98638386,0.0011566298,0.0012690695,0.0010572453,0.0026820323,0.0011679804,0.0007559481,0.0011668403,0.00054289616,0.00081418816,0.0016394935,0.0013638416
syn-0383,0,1,0,2,2,0.0017426463,0.0013327124,0.9831207,0.0016225413,0.0009385965,0.0016233338,0.0011934696,0.0026032794,0.0012416182,0.0011338231,0.0021868274,0.0012605551
syn-0419,0,1,0,1,1,0.0010658993,0.98720086,0.001248294,0.0010550255,0.0016826877,0.00043066224,0.0010210689,0.001862054,0.0010989293,0.0008853891,0.0007599064,0.0016893251
syn-0421,0,1,0,10,10,0.00087853195,0.0013821248,0.001691349,0.0030195755,0.0012683091,0.0016802364,0.0026221718,0.0005225502,0.0010742996,0.0090567,0.9747839,0.0020203297
syn-0425,0,1,0,5,5,0.0014448105,0.00071978755,0.0010879408,0.0010695062,0.0018594813,0.98523533,0.0011541555,0.0007882194,0.0019437306,0.0022269345,0.0014733069,0.0009968892
syn-0448,0,1,0,4,5,0.0030118078,0.0006080327,0.0010892411,0.0013924805,0.007225171,0.9777811,0.0009537713,0.0015189218,0.0021175845,0.0025757425,0.0009927342,0.0007334274
syn-0452,0,1,0,10,10,0.00073547475,0.00070523,0.0017155183,0.0018429696,0.00081888033,0.0013573766,0.002443532,0.0005849417,0.0009786369,0.001692585,0.9857911,0.0013337249
syn-0454,0,1,0,11,11,0.0014657837,0.0022416108,0.0010656046,0.0014206863,0.0015474203,0.001052162,0.0023580946,0.0027231106,0.000996167,0.003075723,0.0018493088,0.9802044
syn-0455,0,1,0,2,2,0.014181448,0.085150056,0.42179218,0.041536834,0.030073477,0.0069724987,0.025679285,0.25458378,0.031153353,0.027745599,0.019872501,0.041258898
syn-0457,0,1,0,9,9,0.00080252136,0.003143572,0.0011895297,0.0011529317,0.0011125597,0.0018311688,0.0017080876,0.0018828497,0.0023555763,0.97987515,0.0015689607,0.003377092
syn-0459,0,1,0,5,5,0.15200032,0.27469996,0.010104138,0.011010866,0.13732085,0.28341988,0.009908707,0.010724334,0.07335913,0.023775557,0.0062983576,0.0073779216
syn-0480,0,1,0,1,1,0.005080242,0.8966797,0.0025210497,0.0033235794,0.013914441,0.0052916515,0.016755361,0.0047329944,0.0021881878,0.007287779,0.0029045453,0.039320484
syn-0487,0,1,0,6,6,0.0007125974,0.0012433409,0.0009565664,0.0015828975,0.0017814385,0.0012098039,0.9840042,0.001488811,0.0034447282,0.0011499022,0.00074606674,0.0016796464
syn-0489,0,1,0,11,11,0.0032255412,0.00941825,0.0019755885,0.0044282093,0.02050585,0.00497391,0.018798858,0.0020303538,0.0070935553,0.0049763387,0.028220428,0.89435315
syn-0495,0,1,0,2,2,0.0016691145,0.0012694853,0.9828604,0.002017765,0.0012376582,0.00166139,0.0011735089,0.00218649,0.0014162132,0.0009891591,0.0022103067,0.0013085047
syn-0496,0,1,0,8,8,0.00088230625,0.0016040503,0.0010528932,0.0006177563,0.00078091706,0.0012853161,0.0012297553,0.00077295053,0.9885788,0.0022159526,0.0004389112,0.0005403974
syn-0497,0,1,0,5,5,0.0032109476,0.005787544,0.0020172242,0.0010526719,0.0031921887,0.9523655,0.004783276,0.00484498,0.013096276,0.0049853697,0.00270125,0.001962813
syn-0498,0,1,0,7,7,0.0030967821,0.0056612818,0.0039987382,0.0023651284,0.0025041795,0.0054055783,0.001999433,0.962584,0.004328948,0.0023002096,0.0027142824,0.0030413368
syn-0013,0,1,1,6,6,0.0005443736,0.0012750109,0.00083088165,0.0012546309,0.0008280465,0.0008489257,0.9852122,0.0010927067,0.0028708272,0.001480845,0.0013806365,0.0023809436
syn-0018,0,1,1,3,6,0.0019158389,0.002378486,0.0016307218,0.036862206,0.00899386,0.001876033,0.93777955,0.0012130336,0.0025121819,0.0020403957,0.001220162,0.0015774658
syn-0031,0,1,1,0,0,0.9882109,0.0011787456,0.0014021894,0.0009964883,0.0022089176,0.00092792255,0.0005985271,0.0011489127,0.0008073749,0.00052665314,0.00091845635,0.0010748334
syn-0032,0,1,1,4,4,0.0029010405,0.0033889697,0.0016052389,0.0019025488,0.9468639,0.0012501613,0.031773232,0.0016473229,0.0034457017,0.0019334535,0.0008467279,0.0024417283
syn-0037,0,1,1,8,8,0.00086689705,0.0018971789,0.0008874549,0.0009871313,0.0017970902,0.0017413744,0.00189996,0.0006360962,0.98084545,0.004254534,0.0026434744,0.0015435257
syn-0041,0,1,1,10,9,0.0014483967,0.0022786479,0.0026718255,0.0046914895,0.0031620448,0.0056321397,0.004807438,0.0018060828,0.009754063,0.85518396,0.09803268,0.010531218
syn-0042,0,1,1,9,9,0.0006115881,0.001013274,0.0015590785,0.0018352502,0.0009481718,0.0015390348,0.001272172,0.0021726398,0.002177818,0.9825387,0.0018728183,0.0024594266
syn-0045,0,1,1,9,9,0.0036562614,0.0032598954,0.0041960203,0.009341151,0.0039688344,0.005753511,0.0069782874,0.0019276553,0.007038172,0.73700416,0.2099216,0.0069544767
syn-0046,0,1,1,8,8,0.0023060641,0.002570717,0.0011801249,0.00081665075,0.0014672556,0.004256672,0.0020945752,0.003380381,0.9617411,0.016874043,0.0014881801,0.0018242468
syn-0057,0,1,1,8,8,0.002513007,0.0028924535,0.0016130402,0.000981708,0.0029308388,0.0046063564,0.002386248,0.0012729083,0.9650343,0.0044810134,0.00717639,0.0041118837
syn-0059,0,1,1,3,3,0.0012173541,0.0009238559,0.0016529935,0.98532224,0.001167293,0.0014566262,0.0013383081,0.0016700304,0.0007700283,0.0014759572,0.0018276878,0.0011775978
syn-0070,0,1,1,2,2,0.0015345452,0.0010632079,0.9847082,0.001562521,0.0010841779,0.0014717998,0.0012700104,0.002138778,0.0011395421,0.0010710236,0.0018634842,0.0010926811
syn-0071,0,1,1,6,6,0.0007852228,0.0009517956,0.0008573602,0.0013133965,0.0016572514,0.0007879113,0.9882222,0.00074307114,0.0011089649,0.0010659605,0.0011100484,0.0013967386
syn-0076,0,1,1,5,5,0.004968316,0.0012903794,0.0015271349,0.0013857277,0.0017279376,0.98115003,0.0012815886,0.0013229164,0.0018747427,0.0012678952,0.0015756113,0.0006276536
syn-0079,0,1,1,1,1,0.0015713959,0.96948886,0.0016411897,0.002205768,0.0051173074,0.003263696,0.002875108,0.0010938019,0.007555508,0.0014921328,0.0016508341,0.002044489
syn-0086,0,1,1,10,10,0.00078255736,0.0005174914,0.001338658,0.0011756185,0.0006003006,0.001025643,0.000844083,0.0007856203,0.00045290944,0.0012297087,0.98968834,0.0015591534
syn-0087,0,1,1,5,5,0.0076674824,0.009123161,0.007841649,0.0061911517,0.014642979,0.48942846,0.03105979,0.0062580165,0.11289311,0.008043303,0.29976654,0.0070843403
syn-0091,0,1,1,4,4,0.002764966,0.0012839464,0.0008950271,0.0019880082,0.9843961,0.0018209617,0.0017743333,0.0017387407,0.0009950678,0.00090956566,0.00083181646,0.00060147984
syn-0111,0,1,1,3,3,0.0011717428,0.0014175386,0.0026350894,0.9852223,0.0011002132,0.0011797803,0.001508962,0.00122558,0.0008962157,0.00081085035,0.0018420606,0.0009896015
syn-0118,0,1,1,5,5,0.0013588514,0.0006054944,0.0011356402,0.00079009944,0.0012315224,0.9880676,0.0007624327,0.0010492703,0.001483325,0.0014757396,0.0013090299,0.0007310793
syn-0128,0,1,1,2,2,0.0018218751,0.0012610521,0.98446923,0.0015416822,0.0011194145,0.0015081766,0.0010918827,0.0018580353,0.0012174885,0.0011004464,0.0018917929,0.001118868
syn-0130,0,1,1,6,8,0.00081186305,0.0022939441,0.0019112885,0.0008847182,0.0012440028,0.0025189435,0.0025137982,0.001603583,0.98164785,0.0015572845,0.0021774375,0.00083518395
syn-0133,0,1,1,2,2,0.001681844,0.0015653563,0.98169005,0.0022200726,0.0010813826,0.0017548288,0.0013583461,0.0029763316,0.0012010797,0.0014480714,0.0017925004,0.0012301629
syn-0134,0,1,1,5,5,0.0056475764,0.0005188063,0.0017431423,0.0010207454,0.0044534435,0.96969193,0.00192196,0.0035365366,0.004913892,0.0023262643,0.0030968837,0.0011287592
syn-0146,0,1,1,10,10,0.0009081583,0.0005588175,0.0013458084,0.0012422147,0.0006146406,0.0010346202,0.00093105744,0.0007274133,0.0004466172,0.0016085266,0.98937315,0.0012090032
syn-0147,0,1,1,0,0,0.98785293,0.0009941837,0.0011797579,0.0013391274,0.0022896414,0.0012684795,0.00075855415,0.0009025664,0.00054636603,0.00083514524,0.0010951007,0.0009380624
syn-0151,0,1,1,10,10,0.0018887408,0.0020452098,0.00252673,0.0030034978,0.0012314299,0.0033465563,0.005513162,0.002330007,0.0020542168,0.004701863,0.930857,0.040501542
syn-0167,0,1,1,0,0,0.9887737,0.0009616725,0.0013995668,0.00093847845,0.0017074744,0.0009371047,0.00061667245,0.0011679552,0.0007898923,0.000496964,0.0010382938,0.0011722402
syn-0181,0,1,1,10,10,0.0029694545,0.006716321,0.0057419688,0.0066559236,0.003434551,0.0059940717,0.018831788,0.0017490654,0.1100223,0.00740621,0.8257632,0.0047151498
syn-0187,0,1,1,3,3,0.0012336284,0.001014755,0.0016219697,0.9854173,0.0019756688,0.001485499,0.0013423642,0.0011622867,0.00072344433,0.0010639734,0.0019722953,0.0009869018
syn-0191,0,1,1,4,4,0.002457759,0.0023541015,0.0014595554,0.006135963,0.97365934,0.0012070633,0.00407647,0.0010299385,0.0014369271,0.0014201864,0.0035943997,0.0011682134
syn-0202,0,1,1,10,10,0.0018463472,0.0015121042,0.0022206046,0.002177654,0.0017790862,0.0031591994,0.002165989,0.0016844049,0.0038657736,0.020691294,0.94945204,0.009445452
syn-0213,0,1,1,0,0,0.9872699,0.0011520298,0.0016755798,0.0010367146,0.0019301114,0.00095180754,0.0007362184,0.00093066733,0.0014073673,0.0005530199,0.001243818,0.0011127756
syn-0222,0,1,1,8,8,0.000658387,0.0011142269,0.00090166775,0.0005282545,0.0009593518,0.0013743758,0.0010531273,0.0009574799,0.98928165,0.0019095298,0.0005313588,0.00073054945
syn-0232,0,1,1,8,8,0.0010203575,0.0024393585,0.0010001336,0.0007501635,0.0010253519,0.0016489414,0.0011048869,0.0011146406,0.9845881,0.0041820337,0.00039108464,0.0007349359
syn-0236,0,1,1,11,11,0.0039762324,0.014357468,0.0023119664,0.0013485579,0.0026159664,0.0018253472,0.004224418,0.002127804,0.016111039,0.014190198,0.0023737373,0.93453723
syn-0237,0,1,1,4,4,0.0031802687,0.0015416365,0.0010736113,0.001156325,0.9846805,0.0012884,0.0014233461,0.0011006825,0.0010130065,0.0011625524,0.0011860607,0.0011936134
syn-0264,0,1,1,0,0,0.9884597,0.0009660728,0.0012646191,0.0009827247,0.0017754161,0.0013304965,0.0005569402,0.001077732,0.00065240206,0.0005596663,0.0010662167,0.0013079518
syn-0267,0,1,1,4,4,0.0035173735,0.0016311447,0.0009587834,0.0011781726,0.98484105,0.0016160818,0.0013201352,0.0009781711,0.0009606579,0.00071844633,0.0011752998,0.0011046312
syn-0268,0,1,1,6,6,0.00067088444,0.00080884615,0.0007271723,0.0013277143,0.0015522552,0.00075798784,0.98807997,0.0009581864,0.001302988,0.0009789951,0.0013668538,0.0014682114
syn-0271,0,1,1,2,2,0.0015774353,0.0015514637,0.9810875,0.0025107537,0.000771978,0.0015548763,0.0012840123,0.0019263547,0.0012306093,0.0021522855,0.0028563663,0.0014964056
syn-0272,0,1,1,3,3,0.030237246,0.030694673,0.032035485,0.387365,0.027230514,0.0091099525,0.108411044,0.014220433,0.019332912,0.006704151,0.32555756,0.009101059
syn-0279,0,1,1,0,0,0.98813826,0.0009260439,0.0012986187,0.00095964764,0.0019927055,0.0011530431,0.0005343852,0.0014048275,0.00076025666,0.0006534649,0.0008096842,0.0013689384
syn-0281,0,1,1,10,5,0.021175262,0.007219928,0.005476563,0.010912739,0.046576805,0.64675146,0.014149742,0.0019527285,0.1465823,0.014781813,0.08055613,0.0038645484
syn-0283,0,1,1,7,7,0.0018325961,0.0020898269,0.00471525,0.0020294897,0.001504511,0.0027389894,0.0019853828,0.9746718,0.001878805,0.0019186697,0.002776016,0.0018587305
syn-0294,0,1,1,1,1,0.00082635955,0.98946583,0.000849267,0.00095789187,0.0014322998,0.0006578668,0.00084183546,0.0011442095,0.0011446286,0.00083896297,0.0005888448,0.0012520747
syn-0295,0,1,1,10,10,0.0008828939,0.0007008179,0.0011749391,0.001269947,0.0006929914,0.0012473619,0.0012825662,0.0004711966,0.00059739593,0.0016964299,0.98827165,0.0017118235
syn-0297,0,1,1,11,11,0.002001281,0.002844828,0.0013741165,0.0017695772,0.0011673368,0.001073827,0.0015578384,0.0027009193,0.0014225898,0.0018617591,0.0011874579,0.9810385
syn-0298,0,1,1,7,7,0.0029514038,0.003184224,0.0027834391,0.0014030222,0.002590653,0.005657815,0.0027523546,0.9694361,0.003025085,0.0022094203,0.0016808384,0.0023256503
syn-0308,0,1,1,3,3,0.0014618037,0.0010653089,0.0013225654,0.985691,0.0016604895,0.0010155328,0.0021304197,0.00090942904,0.00090147095,0.0011552532,0.0016082232,0.0010783928
syn-0313,0,1,1,11,11,0.005762768,0.060225602,0.013932584,0.013905399,0.0035158354,0.007545483,0.028612247,0.025393954,0.02264797,0.008740101,0.38550064,0.42421734
syn-0314,0,1,1,8,8,0.0006716629,0.0014074048,0.0009607044,0.00071498146,0.00080074125,0.001065742,0.0010494755,0.0007825741,0.98970956,0.0015465812,0.0005653208,0.00072517776
syn-0325,0,1,1,4,4,0.015709776,0.0070705866,0.004979639,0.15905096,0.6541176,0.1054347,0.010993999,0.0045829806,0.007663814,0.017153013,0.009542429,0.0037005537
syn-0336,0,1,1,0,0,0.9883327,0.00091142114,0.0014102588,0.0009008028,0.0018311752,0.0016659562,0.00062671595,0.0013582208,0.00075522583,0.0005035804,0.0008705339,0.00083351333
syn-0343,0,1,1,8,8,0.0017580233,0.004006021,0.001958346,0.00095862517,0.0041686553,0.00423146,0.0015199574,0.0028072565,0.94418573,0.030529158,0.0016227334,0.0022540425
syn-0346,0,1,1,6,6,0.00071573904,0.0008696926,0.0008916219,0.0017423045,0.0015435964,0.0007380985,0.9878598,0.0005058032,0.0013132355,0.0011123538,0.0015017772,0.0012059755
syn-0348,0,1,1,9,9,0.0021990289,0.0030679929,0.0012323392,0.001388265,0.0015010724,0.0025961546,0.0021137528,0.0033209377,0.008533271,0.96959937,0.0022369327,0.0022108715
syn-0358,0,1,1,2,2,0.0016491804,0.0014234189,0.98256946,0.0013125961,0.0010844673,0.0014483075,0.0013456933,0.0032606255,0.0013867164,0.0013261246,0.0019663554,0.0012270638
syn-0366,0,1,1,9,9,0.0017895391,0.0021272067,0.0027866194,0.003123915,0.0014435629,0.005056398,0.007646351,0.0023465687,0.0077924053,0.93884784,0.0211923,0.0058472943
syn-0369,0,1,1,6,6,0.00227435,0.0050243544,0.0017729962,0.0020768952,0.0060963286,0.040709436,0.92744786,0.0024627638,0.0041193217,0.0033909443,0.0019133254,0.0027114286
syn-0370,0,1,1,9,9,0.00050748815,0.0009955561,0.0011414107,0.0018658561,0.0009216385,0.001826197,0.0014742131,0.003294326,0.0019454007,0.98056054,0.0017493896,0.0037179529
syn-0373,0,1,1,11,11,0.001886257,0.0016504525,0.0013088068,0.0015748729,0.0009884217,0.0010834507,0.0012753708,0.0016532755,0.0010343408,0.0019816125,0.0019956923,0.9835675
syn-0374,0,1,1,8,8,0.0009526536,0.0012559136,0.0008128609,0.0008037831,0.0008966849,0.0013910185,0.0012403729,0.0005263622,0.9886302,0.0018218588,0.0008366189,0.00083173113
syn-0381,0,1,1,8,8,0.000838411,0.0019822384,0.0010014887,0.0006991517,0.0013093802,0.0016837422,0.0013863617,0.0018250095,0.9815989,0.0046808496,0.0020700272,0.0009244183
syn-0396,0,1,1,3,3,0.0012681587,0.0010820685,0.0017831585,0.98567593,0.0012171966,0.0012059564,0.0015579588,0.0014736061,0.0007068713,0.0011356605,0.0017567994,0.00113677
syn-0397,0,1,1,1,1,0.000776357,0.9895475,0.00086397695,0.00089795527,0.0014264146,0.0004484442,0.000930767,0.0012366081,0.0009600782,0.0008312843,0.00069320877,0.0013873256
syn-0401,0,1,1,11,11,0.003935166,0.007665281,0.0018968922,0.0016504644,0.0015042332,0.0018126805,0.002678968,0.010926527,0.0024356577,0.0049717845,0.0020752063,0.9584472
syn-0406,0,1,1,4,4,0.0825339,0.0033244197,0.0023310406,0.0062078014,0.8838638,0.0016929803,0.0037854998,0.0014940499,0.0016013171,0.0016360924,0.008256189,0.0032728794
syn-0415,0,1,1,1,11,0.007987217,0.12928535,0.0036747134,0.002749547,0.012819748,0.0060290676,0.009242741,0.0030883811,0.055931706,0.030813104,0.005926907,0.73245144
syn-0416,0,1,1,2,2,0.0016931391,0.0012231002,0.9849107,0.0016185655,0.0010024172,0.001481115,0.0010696759,0.0019239134,0.0012156579,0.0010587635,0.0016997658,0.0011030923
syn-0426,0,1,1,10,10,0.0008248284,0.00073792867,0.0022757566,0.0014307536,0.00055052835,0.0023082108,0.0019238798,0.0025731104,0.003765854,0.0029004512,0.9761262,0.0045825876
syn-0427,0,1,1,5,5,0.002111164,0.0012002649,0.0014260458,0.0009634985,0.014881522,0.970542,0.0011938354,0.0011548471,0.0028500864,0.0016206626,0.0013640687,0.0006919517
syn-0439,0,1,1,6,6,0.0006415769,0.0011085453,0.00091811933,0.001290338,0.0012530835,0.0008574545,0.9873661,0.0010217387,0.0021736082,0.0011714292,0.0007738894,0.0014240957
syn-0443,0,1,1,7,7,0.004025659,0.005360218,0.0029567627,0.0019193107,0.0037928529,0.0058254795,0.0022792378,0.9608193,0.003737698,0.0043474655,0.0010465728,0.0038894387
syn-0444,0,1,1,5,5,0.0022950124,0.0019054211,0.0013478512,0.0014236147,0.007621198,0.9646389,0.0117924195,0.0011361135,0.0027689894,0.0024651962,0.0013153431,0.001289902
syn-0449,0,1,1,11,11,0.0016995858,0.001543717,0.0012337669,0.0022945928,0.0015795537,0.00095804775,0.0017004157,0.0013307672,0.0010470843,0.0020406041,0.004323124,0.98024875
syn-0453,0,1,1,1,1,0.002248209,0.97282314,0.0017659324,0.0031031645,0.0023687915,0.0011290914,0.0032502282,0.0015186169,0.0021130284,0.0011937233,0.00546608,0.0030200381
syn-0456,0,1,1,11,11,0.002135623,0.0019945113,0.0012009044,0.0039568874,0.0025981597,0.0014170854,0.0018311606,0.0009801496,0.0010181995,0.0017808982,0.0033665295,0.97772
syn-0460,0,1,1,8,8,0.00083399104,0.0019139245,0.0009413513,0.0007178928,0.001044528,0.0010218272,0.0014041939,0.00075492106,0.9874516,0.0022239888,0.00093539484,0.00075639697
syn-0465,0,1,1,7,7,0.002014342,0.0022144832,0.0035120528,0.00219725,0.0024464268,0.0024392698,0.003869497,0.97355723,0.0011969596,0.002162129,0.0024644108,0.0019258561
syn-0471,0,1,1,5,5,0.0042571714,0.0018978339,0.0018885897,0.0010035123,0.0069183013,0.9711745,0.0011539082,0.0024595798,0.0023038022,0.0015710565,0.0020123576,0.0033593858
syn-0481,0,1,1,9,9,0.0005917033,0.0009765069,0.0010646567,0.0011472405,0.00077248056,0.0016437473,0.0013121102,0.0017998023,0.0039344896,0.98268545,0.0017222118,0.0023496065
syn-0482,0,1,1,1,1,0.004419214,0.950477,0.0030712993,0.014559636,0.0055512306,0.0016511885,0.00649718,0.0013450312,0.0019762137,0.0014888138,0.0066334186,0.002329686
syn-0486,0,1,1,1,1,0.0009939021,0.98228306,0.0012029796,0.0011039161,0.001549945,0.00045704568,0.0014411847,0.0012189441,0.0041115712,0.0019495917,0.0008183603,0.0028696386
syn-0490,0,1,1,7,7,0.0027060013,0.0029981965,0.0022433535,0.0018707347,0.0038610555,0.006823678,0.003060318,0.9643444,0.0026048783,0.004710496,0.0016332781,0.0031436174
syn-0009,0,1,2,8,8,0.0007784319,0.0013453381,0.00088812946,0.0006267105,0.0010373149,0.0019458415,0.0026443535,0.0009145337,0.9863956,0.001764963,0.0006645289,0.0009941723
syn-0010,0,1,2,9,9,0.0007658471,0.0011362786,0.00152903,0.0017946135,0.0011396124,0.002527723,0.0026509722,0.0012479579,0.010613571,0.96572167,0.0040600523,0.006812602
syn-0022,0,1,2,10,10,0.005356267,0.008393739,0.0043418757,0.008087962,0.012852156,0.031369794,0.017433831,0.00304893,0.008930728,0.049231276,0.52851135,0.3224421
syn-0026,0,1,2,10,10,0.00083184463,0.0005546694,0.0015862903,0.0013830805,0.0007984162,0.0013944387,0.0019609602,0.0010512933,0.00071047293,0.001093706,0.98731774,0.0013170086
syn-0038,0,1,2,5,5,0.0029419404,0.00074916985,0.0014811978,0.0047942232,0.0021222362,0.9784945,0.0013394583,0.0019527103,0.0019912242,0.0017892848,0.0017106853,0.00063333346
syn-0039,0,1,2,1,1,0.0017199917,0.9847788,0.0009920582,0.0010462884,0.002522509,0.0020516617,0.0011502458,0.0012166826,0.0010869058,0.0010627651,0.0007110721,0.0016609791
syn-0048,0,1,2,11,11,0.0015999703,0.0025764832,0.0012944307,0.0013039461,0.0016792123,0.0011050248,0.0020990176,0.0014002968,0.0015613814,0.0027865656,0.0017215537,0.98087204
syn-0050,0,1,2,4,4,0.0016404388,0.0052362643,0.0011121464,0.002533638,0.97616893,0.0016711607,0.0029366058,0.0025090156,0.0018126996,0.0016468592,0.0011368537,0.0015954116
syn-0085,0,1,2,3,1,0.0032560397,0.92489624,0.0043601384,0.04267058,0.0054155267,0.0024499993,0.00434314,0.0016320515,0.002969729,0.0036129171,0.001826027,0.0025675774
syn-0094,0,1,2,1,1,0.0025388482,0.9307656,0.002163126,0.004308196,0.0020440102,0.0011737765,0.012284898,0.0034080637,0.0078049456,0.0044049816,0.004056078,0.025047477
syn-0097,0,1,2,10,10,0.00081105373,0.00069610623,0.0015359189,0.0015786887,0.00073058245,0.0016969971,0.0024703222,0.0006750188,0.0009683373,0.001518025,0.9854694,0.0018495366
syn-0103,0,1,2,11,11,0.0036599948,0.0049070586,0.0020560806,0.0011010781,0.004532543,0.0021089544,0.002294844,0.0020997066,0.0014629714,0.005545513,0.008484849,0.9617464
syn-0114,0,1,2,4,4,0.0037356238,0.0048623686,0.0018866626,0.043701723,0.9271126,0.0029594535,0.005233782,0.001768897,0.002936423,0.0021736568,0.0023411205,0.0012878492
syn-0129,0,1,2,11,11,0.0013606157,0.0032807244,0.0017149477,0.0026367798,0.002068622,0.0019206504,0.005234749,0.0018443677,0.0031867814,0.034077607,0.0025394836,0.94013476
syn-0137,0,1,2,8,8,0.00090728747,0.0016707954,0.0009771871,0.0007322367,0.00088540505,0.0017358683,0.0016596154,0.0009319833,0.9872186,0.0017424496,0.00054070895,0.000997921
syn-0140,0,1,2,11,11,0.001675781,0.0018243802,0.0018540149,0.0016708786,0.0011022285,0.0013076509,0.0012905246,0.0020677983,0.0012152992,0.007905422,0.0020819819,0.9760041
syn-0141,0,1,2,2,2,0.0021273254,0.0017807045,0.98024255,0.0018798806,0.0011641139,0.001840822,0.0015050049,0.0024956106,0.0015131101,0.001418662,0.0026246523,0.0014076218
syn-0143,0,1,2,1,1,0.0056010075,0.7843388,0.0028287673,0.0027605416,0.0038139643,0.0034896517,0.00669862,0.0036553382,0.17095555,0.0072429352,0.001877019,0.0067379847
syn-0144,0,1,2,9,9,0.00077036367,0.00093014387,0.0016867421,0.0020405685,0.001103495,0.0014733592,0.0017522221,0.001536546,0.005391956,0.97617185,0.0033239156,0.0038188049
syn-0153,0,1,2,4,4,0.11448862,0.0032892865,0.0035031373,0.0032005638,0.75683653,0.09869536,0.00281073,0.003051018,0.0034337037,0.0025717253,0.0034488263,0.004670456
syn-0154,0,1,2,1,1,0.0011575788,0.9869522,0.0008752809,0.0008791358,0.0017060982,0.001172082,0.0010485976,0.0014567224,0.0013536771,0.0012256354,0.00057993946,0.0015930757
syn-0160,0,1,2,5,5,0.002167041,0.0010415361,0.0028256644,0.0049458947,0.0009455551,0.97696084,0.0013630701,0.002050211,0.002879637,0.0018395928,0.0021029336,0.00087791815
syn-0163,0,1,2,4,4,0.0022729833,0.002131234,0.0011350722,0.0013982094,0.9818039,0.0014703277,0.0015659201,0.0021299336,0.002597017,0.0010852108,0.000909388,0.0015007922
syn-0164,0,1,2,8,8,0.0018079003,0.0013343644,0.0010890765,0.00076963584,0.0017947069,0.0046824724,0.0020778344,0.0010648875,0.9809807,0.0025772604,0.00076663535,0.0010545388
syn-0165,0,1,2,8,8,0.0009858274,0.0017463074,0.0011469352,0.0010230982,0.0010488956,0.0020208124,0.0053189346,0.0008958548,0.97668445,0.0027340287,0.004972338,0.0014225134
syn-0171,0,1,2,6,6,0.00091282843,0.0022814432,0.001066163,0.0017012296,0.0020500715,0.0016272927,0.9721361,0.0009390496,0.011540956,0.0021172145,0.0007143913,0.0029133838
syn-0172,0,1,2,10,10,0.0015238873,0.000637737,0.0017158642,0.0016679519,0.0016130862,0.0025820348,0.003268084,0.00095642224,0.0026566496,0.0016489221,0.9776303,0.0040990957
syn-0178,0,1,2,9,9,0.0022532286,0.0033791955,0.0021479474,0.002793256,0.0056646164,0.0073961746,0.011458215,0.0020021072,0.015211202,0.85227656,0.026945317,0.06847212
syn-0179,0,1,2,1,1,0.0014087878,0.9817733,0.0010974329,0.0011044212,0.0012849099,0.00066790567,0.0016014404,0.0013166658,0.0033238642,0.001816886,0.0008736691,0.00373074
syn-0183,0,1,2,4,5,0.010824294,0.002746851,0.0029642587,0.0029729558,0.2225132,0.73819286,0.0029977364,0.0036194932,0.004944845,0.003184847,0.0031508182,0.001887881
syn-0186,0,1,2,3,3,0.0013572208,0.0013173919,0.0018386432,0.9856779,0.00107365,0.0010554573,0.0016455357,0.0013033159,0.0010498037,0.001058554,0.0012831099,0.001339445
syn-0188,0,1,2,10,10,0.0013664904,0.0006975943,0.0016007125,0.001615632,0.0009558291,0.0014153856,0.002398485,0.0010492603,0.0014411889,0.0016539455,0.9813271,0.0044783624
syn-0193,0,1,2,11,11,0.004987276,0.009733373,0.0026551967,0.0016680829,0.010587748,0.004072484,0.009105232,0.004442278,0.013098085,0.014540796,0.015120036,0.9099893
syn-0197,0,1,2,11,11,0.0037065924,0.0066198255,0.001323402,0.0014506367,0.003399285,0.002049725,0.0036202874,0.001094998,0.0060156593,0.006606909,0.001116595,0.9629962
syn-0210,0,1,2,0,0,0.9754778,0.0018154009,0.0017104151,0.0014473639,0.007268234,0.0046425844,0.00088173687,0.0018867968,0.0008446521,0.0007683139,0.0010409711,0.002215604
syn-0218,0,1,2,8,8,0.0009134359,0.0010720944,0.00083494803,0.0006120552,0.0011007385,0.0021032912,0.002340955,0.0014409008,0.9852115,0.0025021448,0.0010396171,0.0008284504
syn-0225,0,1,2,7,7,0.0047304574,0.009153883,0.011133727,0.0065611796,0.013775194,0.03681936,0.028605135,0.6791342,0.022711458,0.10173601,0.022315722,0.063323736
syn-0239,0,1,2,6,6,0.0008485679,0.0009166251,0.0010386723,0.002203168,0.0020094386,0.0020336215,0.97713315,0.0008041929,0.0020415809,0.0018069749,0.005402539,0.003761465
syn-0240,0,1,2,6,4,0.00962302,0.0064468035,0.0031805097,0.0048119575,0.61504155,0.022855904,0.31536198,0.002211697,0.01000819,0.0055277217,0.001838941,0.0030917001
syn-0242,0,1,2,0,0,0.9836684,0.0018631077,0.0014149575,0.000864735,0.004550842,0.0013452263,0.000845116,0.0008702414,0.001628606,0.00085842464,0.00078389765,0.0013063871
syn-0247,0,1,2,3,3,0.0011389029,0.0011871664,0.0017704391,0.9860799,0.001288028,0.00093318365,0.0016897772,0.0010761876,0.00095391506,0.000982755,0.0016963908,0.0012035087
syn-0261,0,1,2,5,5,0.0029182166,0.00067613093,0.0013704983,0.0011445353,0.0040656626,0.9775004,0.0050945063,0.0010431294,0.0020816133,0.0016767118,0.0014724855,0.0009562951
syn-0262,0,1,2,10,10,0.00093351846,0.0006353621,0.0013836988,0.0012811187,0.0006584178,0.0013838676,0.0012858191,0.0011502114,0.00063816045,0.0018237289,0.9873975,0.0014286682
syn-0263,0,1,2,0,0,0.8884359,0.01954204,0.0047493945,0.002547138,0.030579254,0.00784861,0.004179065,0.0025546113,0.032838807,0.0021533002,0.0014358085,0.0031360942
syn-0278,0,1,2,9,9,0.00050084887,0.0010296843,0.0015502744,0.0020442752,0.0010448785,0.0025218788,0.0018558885,0.0020881605,0.0029654286,0.977229,0.00284826,0.0043213954
syn-0280,0,1,2,0,0,0.98611474,0.001276179,0.001602251,0.0009794362,0.002803127,0.001415363,0.0007064957,0.00092776463,0.0011877884,0.0006630434,0.0009842305,0.0013397116
syn-0282,0,1,2,7,7,0.0022072913,0.0036749216,0.0031710756,0.0020275037,0.003924369,0.008766315,0.0031912688,0.95909,0.0045846933,0.0048058904,0.0016323299,0.0029241862
syn-0288,0,1,2,9,9,0.0006284574,0.0009993804,0.0015179322,0.0014712302,0.0009333461,0.0020396109,0.0018502984,0.0016843047,0.003635112,0.97953254,0.0027843316,0.0029233915
syn-0290,0,1,2,0,0,0.6730625,0.006151954,0.005335784,0.0027345826,0.26306075,0.018843248,0.004724935,0.0034771506,0.015906392,0.0013603427,0.0025538944,0.0027885174
syn-0291,0,1,2,1,1,0.0009839578,0.98776895,0.000929321,0.0008911047,0.0016901426,0.0006739561,0.0011909433,0.0010036096,0.0010402818,0.0013336304,0.0006882562,0.001805693
syn-0293,0,1,2,0,0,0.3865242,0.007390262,0.007909261,0.007820933,0.13528582,0.036822915,0.010225353,0.012340155,0.38426602,0.0055893688,0.0021132145,0.00371243
syn-0301,0,1,2,3,3,0.0030599996,0.0028279652,0.0025561014,0.9616581,0.0065720063,0.00815905,0.0051245354,0.00091720966,0.0020220426,0.0015972259,0.0045101205,0.0009956217
syn-0322,0,1,2,2,2,0.0034834796,0.0020762754,0.97689986,0.0028272127,0.0017889875,0.0018038993,0.0019039024,0.002457825,0.0013576712,0.0013405441,0.0019768472,0.0020833842
syn-0323,0,1,2,7,7,0.001219669,0.002577001,0.003733529,0.0022730853,0.0024279712,0.007424102,0.0014259375,0.9690477,0.0020636132,0.003614687,0.001970075,0.0022225985
syn-0329,0,1,2,8,8,0.0010407978,0.0011514955,0.0008457494,0.0006723177,0.0015631854,0.0017644154,0.0014742243,0.0017051274,0.981526,0.005887889,0.0010407978,0.0013279545
syn-0330,0,1,2,0,0,0.92504686,0.0021020863,0.002784812,0.0016890737,0.0050115767,0.051781446,0.0011317778,0.0021031129,0.0017240706,0.0022453205,0.002645634,0.0017342023
syn-0334,0,1,2,6,5,0.014359162,0.008009657,0.004393218,0.014582615,0.02805217,0.6713959,0.22977333,0.0018894996,0.008005748,0.0068811965,0.006174291,0.0064832517
syn-0335,0,1,2,3,11,0.0017583602,0.0025602735,0.0014513398,0.0031033957,0.0021739372,0.0020952537,0.001998329,0.00079721253,0.0014225737,0.0037002496,0.0036429937,0.975296
syn-0349,0,1,2,5,5,0.0019022219,0.0005131022,0.0014992807,0.0009703746,0.0014574162,0.9846539,0.0007054491,0.0019430576,0.0017494167,0.0018599724,0.0014285296,0.0013173089
syn-0359,0,1,2,4,4,0.0018282953,0.0029934484,0.0011255554,0.0013431727,0.98120797,0.0014431264,0.0021887172,0.0014903907,0.0022504893,0.0013005767,0.0008991255,0.0019291799
syn-0367,0,1,2,4,4,0.0023330813,0.0022977868,0.00094665727,0.0014042017,0.9828872,0.0018514299,0.0013547003,0.001467644,0.002362601,0.0011302377,0.0011530925,0.0008113019
syn-0384,0,1,2,1,1,0.0017020403,0.98262364,0.0011911201,0.0011075388,0.001605961,0.00075527583,0.0017445314,0.0012229444,0.0036814702,0.0013586425,0.00045143644,0.002555377
syn-0388,0,1,2,5,5,0.016539877,0.0031865018,0.010960251,0.056592513,0.0107903285,0.71970797,0.0055543846,0.14395064,0.014076678,0.008644909,0.005872332,0.0041236393
syn-0393,0,1,2,2,2,0.0026401288,0.0017598056,0.9792006,0.0024223118,0.0013450142,0.002027998,0.0014736069,0.00225165,0.0014199247,0.0012360637,0.0028486988,0.0013742237
syn-0407,0,1,2,6,6,0.0012439822,0.0026444634,0.0016593131,0.0210815,0.002874044,0.0023884904,0.9588922,0.0010093771,0.002684141,0.001628809,0.0019976082,0.0018959204
syn-0409,0,1,2,10,10,0.0010621607,0.000950257,0.0012712401,0.0013247882,0.00069556246,0.0015909926,0.0016693824,0.0007955217,0.0010678811,0.0053416775,0.98133963,0.0028907792
syn-0411,0,1,2,2,2,0.0017263185,0.0019937837,0.9804701,0.0023036718,0.0009944927,0.0017573613,0.0014024595,0.0026960613,0.0014093244,0.0016154037,0.0021518504,0.0014791242
syn-0414,0,1,2,5,4,0.0028952952,0.0029358675,0.0018430594,0.002130691,0.93352336,0.041337848,0.002310586,0.0033659888,0.0031451157,0.0030790172,0.0020874403,0.00134578
syn-0417,0,1,2,7,8,0.06497455,0.01584514,0.02420819,0.014148118,0.22523849,0.013553067,0.0531668,0.16270918,0.37426803,0.011018565,0.011683474,0.029186394
syn-0423,0,1,2,9,9,0.0005845716,0.0010370356,0.0019125297,0.0023041368,0.0012345206,0.0018769122,0.0016499116,0.0036002207,0.0032977047,0.97654665,0.0035813728,0.0023743778
syn-0431,0,1,2,3,3,0.0016377624,0.00091915025,0.0015688803,0.98558295,0.001470233,0.0010693612,0.0016534308,0.0014090848,0.0008651498,0.0010925843,0.0015920312,0.0011394413
syn-0433,0,1,2,5,5,0.0034244175,0.0059720115,0.005571965,0.0056184097,0.057637513,0.7925593,0.0025423272,0.10873777,0.0054535316,0.0070642903,0.0027489113,0.002669545
syn-0436,0,1,2,6,6,0.0005213825,0.0009817105,0.0008059573,0.0013736599,0.0015182772,0.0014041768,0.9859942,0.0008380631,0.002058524,0.0017750459,0.0010813614,0.001647672
syn-0440,0,1,2,1,1,0.0023972378,0.9824646,0.001004822,0.0011319604,0.0021513144,0.0010992787,0.001810414,0.0010281485,0.0032610737,0.001174756,0.00051648094,0.0019600347
syn-0450,0,1,2,10,10,0.0009478107,0.00055637356,0.0015852512,0.0012310583,0.0007512458,0.00122118,0.0011931827,0.0013798985,0.00056845625,0.0015447056,0.98745406,0.0015668301
syn-0451,0,1,2,8,8,0.0015074442,0.0014140399,0.0012625954,0.00069659087,0.0018505701,0.0062879696,0.0021414643,0.00605299,0.9722898,0.004633064,0.0008848836,0.0009785208
syn-0458,0,1,2,6,6,0.00054648676,0.0007404226,0.0008892038,0.0016865886,0.0009241743,0.0011580428,0.9861433,0.0012448275,0.0012638135,0.0013456509,0.0019861956,0.0020711867
syn-0461,0,1,2,2,2,0.0018949875,0.0014388175,0.9806697,0.0018488319,0.0011010271,0.001855615,0.0014844905,0.002613644,0.0013836973,0.0014479797,0.0027717012,0.001489573
syn-0463,0,1,2,11,11,0.0018930219,0.0016034519,0.0017900906,0.001561726,0.0010613706,0.0010897282,0.0013080606,0.001909733,0.0010702175,0.0022294358,0.0024360348,0.9820471
syn-0472,0,1,2,8,8,0.00093004736,0.0010066035,0.0009544301,0.00076279807,0.0010436401,0.002115816,0.001960905,0.0008497171,0.9870941,0.0016977212,0.0006914901,0.0008926726
syn-0476,0,1,2,7,7,0.0035045762,0.0055458727,0.006927272,0.0035806848,0.0033310526,0.06548388,0.003734247,0.87445503,0.012629711,0.013889662,0.0032380396,0.003679945
syn-0478,0,1,2,2,2,0.0022877518,0.0016250337,0.9750622,0.002645752,0.0013102219,0.0023477292,0.00174511,0.0043583815,0.0014125434,0.0019954126,0.0034682364,0.001741705
syn-0488,0,1,2,10,10,0.0009663446,0.000590138,0.0017704505,0.0015025617,0.0014872334,0.002761695,0.003463836,0.0013581145,0.0037489587,0.0045765303,0.97150964,0.0062645446
syn-0492,0,1,2,6,6,0.00053502177,0.0011731688,0.0008933717,0.0013119634,0.0011817929,0.0011476722,0.9873849,0.0010358234,0.0016603002,0.0010951165,0.0010578015,0.0015230193
syn-0493,0,1,2,8,8,0.0008570151,0.0010897351,0.0009854555,0.00069776975,0.0013741952,0.0022770325,0.0018722931,0.0011020423,0.98637843,0.0020702903,0.00061278016,0.0006829385
syn-0002,0,1,3,1,1,0.0011964726,0.98848605,0.001048434,0.001021151,0.0016240445,0.0008155251,0.00096893305,0.0010420543,0.0009560094,0.0007653671,0.0007732555,0.0013027282
syn-0005,0,1,3,11,11,0.001356214,0.002769554,0.0012585875,0.0015352918,0.0010562205,0.0014997268,0.001213923,0.0013017134,0.0009158698,0.002668498,0.0033175559,0.9811069
syn-0025,0,1,3,8,8,0.00095325196,0.0019452312,0.0010048702,0.0006977546,0.0008717684,0.0015208769,0.0018354586,0.0011207401,0.98780304,0.0012836806,0.00043388084,0.00052952935
syn-0027,0,1,3,4,4,0.0030412315,0.0019171443,0.00094604783,0.0012612906,0.98321414,0.0018369601,0.0016976665,0.0016705309,0.001924178,0.0007866024,0.00060783915,0.0010963635
syn-0033,0,1,3,5,5,0.0010890663,0.00091529626,0.0011787119,0.001063838,0.0011452393,0.985773,0.00093608734,0.00208582,0.0021613769,0.0017335381,0.0010816468,0.00083624007
syn-0035,0,1,3,9,9,0.003623932,0.0131783495,0.0028695671,0.00588797,0.008239756,0.006907302,0.009471175,0.0014974604,0.01490025,0.8436645,0.07229273,0.017467001
syn-0040,0,1,3,4,4,0.0022984368,0.0021152233,0.001006567,0.002211127,0.98177105,0.003485924,0.0015750696,0.0012011788,0.001062109,0.0010036224,0.0011727809,0.0010968946
syn-0051,0,1,3,3,3,0.0010902844,0.0011370428,0.0016722551,0.98446935,0.0014013208,0.0010624311,0.001735901,0.0014345521,0.00096924574,0.0019268696,0.0017688426,0.0013319367
syn-0054,0,1,3,5,5,0.0013882052,0.00042430992,0.0010682788,0.0011517057,0.00081708055,0.98602873,0.0010491522,0.0020080265,0.0016868045,0.0016134945,0.0019090681,0.0008550397
syn-0056,0,1,3,8,8,0.000884193,0.0017648253,0.0010665404,0.0006792597,0.00075223914,0.0012643853,0.0013617966,0.0009955822,0.988277,0.0015251399,0.00068158534,0.00074747927
syn-0058,0,1,3,9,9,0.0006649034,0.0012104687,0.0016797489,0.002053053,0.0015911311,0.0032019352,0.0018969101,0.0017759019,0.009497857,0.9716502,0.0032956204,0.0014823732
syn-0062,0,1,3,7,7,0.0033562945,0.0036263627,0.0040228474,0.0027399966,0.0027146945,0.0057301954,0.0021995,0.9674424,0.0025840627,0.002155905,0.0013451842,0.0020824447
syn-0064,0,1,3,6,6,0.00069715903,0.00102732,0.0007754619,0.0017263279,0.0027305216,0.0011037693,0.9845532,0.000870599,0.0014972986,0.0012004726,0.0020153276,0.0018025627
syn-0065,0,1,3,11,11,0.0015366928,0.0019683412,0.0010971528,0.0016705095,0.0012450594,0.0013092787,0.0014094602,0.0011297715,0.0010418112,0.0015232459,0.0040664775,0.98200214
syn-0067,0,1,3,5,5,0.0010580306,0.00084973645,0.0012077191,0.0010894862,0.001110432,0.9861531,0.00090453983,0.0017692742,0.0020829341,0.0015805557,0.0014465096,0.0007476961
syn-0068,0,1,3,10,10,0.0084577575,0.010367722,0.0064721345,0.009980282,0.03185696,0.16465199,0.041610222,0.0023167427,0.020605782,0.07523608,0.61896753,0.009476865
syn-0080,0,1,3,3,3,0.0011875875,0.0014815892,0.0018852907,0.98402417,0.0019422892,0.0010138154,0.0021163283,0.0008920715,0.0011708895,0.0014165062,0.0017867014,0.0010828958
syn-0100,0,1,3,2,2,0.0021830006,0.0012704994,0.98316526,0.0016700401,0.0010430451,0.0014534376,0.0011250506,0.0021679963,0.0013723966,0.001085655,0.0022470786,0.0012164698
syn-0112,0,1,3,4,4,0.003925531,0.0019387769,0.0010826543,0.0012976672,0.98140585,0.0023960436,0.0012812971,0.0013323381,0.0027006117,0.0009103519,0.0006102868,0.001118659
syn-0117,0,1,3,6,6,0.0020754677,0.0054902015,0.0017375087,0.024698665,0.041972835,0.008390997,0.90181136,0.0010979754,0.0045210808,0.0030989568,0.002818878,0.0022861434
syn-0123,0,1,3,10,10,0.000847722,0.0011775204,0.0014070725,0.0018494491,0.0008518714,0.0017218782,0.0019408104,0.0003903962,0.0010519208,0.0016316351,0.98573864,0.0013911892
syn-0124,0,1,3,6,6,0.0011648322,0.0026947951,0.00081477367,0.004877857,0.01048392,0.0019478713,0.9708412,0.0009780176,0.002411768,0.0010921234,0.001501528,0.0011912914
syn-0125,0,1,3,9,9,0.00081593875,0.0021750524,0.0017273423,0.0032811223,0.0031285768,0.005001893,0.0070228693,0.0014362186,0.0060881823,0.9562222,0.009700428,0.003400186
syn-0135,0,1,3,0,0,0.9882549,0.0010971522,0.0015320095,0.00090868335,0.0020502508,0.00121503,0.0005756235,0.0008751533,0.00092977815,0.00051800505,0.0010827828,0.00096069864
syn-0142,0,1,3,4,4,0.0059910347,0.0057798377,0.0047265883,0.40126014,0.54952985,0.009081591,0.0069991015,0.0028556443,0.0033451135,0.0035940434,0.004377788,0.0024593163
syn-0145,0,1,3,2,2,0.0079976255,0.014250783,0.75668675,0.15645641,0.01175067,0.013324604,0.0052117826,0.0060575935,0.004490644,0.008009349,0.0077857035,0.007978125
syn-0149,0,1,3,8,8,0.001080024,0.0026105256,0.000954515,0.0006758618,0.0009192938,0.001467235,0.0012700962,0.0006202056,0.98670006,0.0019672834,0.00069731596,0.0010376351
syn-0150,0,1,3,3,3,0.0014758322,0.011540501,0.0023838438,0.9692541,0.0030898226,0.0012391398,0.0031250997,0.0012834781,0.0012772265,0.0017212154,0.0018268643,0.0017828031
syn-0152,0,1,3,3,3,0.0028151805,0.0029524455,0.0030588354,0.9374204,0.03899543,0.0019739685,0.0027973675,0.0020747706,0.0016884246,0.0020727452,0.0025408212,0.0016095334
syn-0159,0,1,3,11,11,0.0016230753,0.0017891395,0.0011512138,0.0013564613,0.0011223517,0.0010169352,0.0013102414,0.0011416973,0.0008818046,0.0018585948,0.003544257,0.98320425
syn-0162,0,1,3,9,9,0.00058092,0.001541019,0.0013427886,0.00122621,0.0011552975,0.0015565216,0.0014600763,0.0017385462,0.0037366368,0.98188585,0.0016731686,0.0021029832
syn-0168,0,1,3,1,1,0.006620782,0.95075315,0.0022269075,0.0025794765,0.0032141313,0.020418352,0.002389123,0.0020315864,0.0032109942,0.0029631662,0.0021615566,0.0014307961
syn-0170,0,1,3,6,6,0.00078031607,0.0015026303,0.00104135,0.001700211,0.002653182,0.00097539596,0.98396677,0.0008520026,0.001870967,0.001779632,0.00084868097,0.002028933
syn-0174,0,1,3,10,10,0.0008450248,0.0010037369,0.0014732309,0.0012066065,0.0008458504,0.0013945716,0.0011606655,0.0008731268,0.00055148144,0.0010361046,0.98741186,0.0021977217
syn-0177,0,1,3,8,8,0.0007112542,0.0017157132,0.0009879608,0.00071928697,0.0008916771,0.0012385758,0.0021761577,0.0012894882,0.98743874,0.0016376446,0.00038052106,0.0008130714
syn-0182,0,1,3,6,6,0.00047885274,0.0011375448,0.000873038,0.0014376403,0.0011453476,0.0009692002,0.9877936,0.00090648705,0.0016518884,0.0011364344,0.0008161484,0.001653906
syn-0184,0,1,3,2,2,0.0018231014,0.0014462468,0.9833296,0.0019506566,0.0009723875,0.0013369067,0.0012142992,0.002209705,0.001446953,0.0011040135,0.0019746143,0.001191394
syn-0190,0,1,3,3,3,0.006599292,0.090944864,0.004497031,0.83631337,0.014530778,0.022538701,0.0047707306,0.00286128,0.00273559,0.005193773,0.0034750365,0.0055395514
syn-0198,0,1,3,0,0,0.68491256,0.022474023,0.005566638,0.019558271,0.0330991,0.17867014,0.017240899,0.0054270765,0.012431804,0.012262994,0.004980165,0.0033763363
syn-0201,0,1,3,0,0,0.9877708,0.0015396938,0.0013035348,0.0008876322,0.002419323,0.0010377472,0.0006654554,0.00092886895,0.0010759296,0.00043940987,0.0008790062,0.0010525464
syn-0204,0,1,3,1,1,0.0018888935,0.9867474,0.0009959845,0.0009863056,0.0014766491,0.0008858471,0.0009748147,0.0014380473,0.0020583994,0.0007128416,0.0005736239,0.0012611961
syn-0205,0,1,3,2,2,0.0019702606,0.0015106513,0.98295975,0.0018438977,0.0010156899,0.0013794993,0.0011391863,0.0022057458,0.0015306988,0.0010907409,0.0021785516,0.001175348
syn-0206,0,1,3,8,8,0.0019854056,0.004832578,0.0016347457,0.0011960055,0.0022885376,0.004148815,0.0022224633,0.0011637452,0.9595719,0.005912873,0.010540836,0.0045022587
syn-0215,0,1,3,10,10,0.00380262,0.0048116585,0.005279415,0.0050697317,0.0054683206,0.018580563,0.010451098,0.0013077491,0.013525965,0.32950923,0.5908657,0.011327954
syn-0221,0,1,3,11,11,0.0040470385,0.011168778,0.0020812035,0.0038055556,0.0026880223,0.004536897,0.009003992,0.0015617969,0.020794826,0.002597699,0.014673915,0.92304033
syn-0228,0,1,3,6,3,0.0066419803,0.005991746,0.0045516076,0.7364978,0.08882533,0.0053709666,0.13360332,0.0031481916,0.0050677774,0.003160513,0.004450514,0.0026901625
syn-0244,0,1,3,3,3,0.0013687805,0.0011248292,0.0017704689,0.98393214,0.0018365073,0.0015866506,0.0015959748,0.0010186825,0.0011079311,0.0012420363,0.0024533689,0.00096258736
syn-0251,0,1,3,10,10,0.00070212653,0.00070453045,0.0015520417,0.0017910289,0.00070384284,0.0015961372,0.0016891012,0.00064399303,0.00068888254,0.0018954597,0.986257,0.0017758169
syn-0257,0,1,3,4,4,0.0030133664,0.0024730605,0.0012223126,0.0013055998,0.9739974,0.00925495,0.0015027361,0.0023102164,0.0015078812,0.0010222781,0.0010755314,0.0013145554
syn-0258,0,1,3,3,5,0.0025800667,0.0042165876,0.0033258374,0.10356485,0.011152709,0.84705067,0.0075962087,0.002527694,0.004388841,0.0046152137,0.007035643,0.0019456354
syn-0292,0,1,3,11,11,0.001770902,0.0017055563,0.0010947565,0.0014702814,0.0014278317,0.0010174401,0.0014674126,0.0011422642,0.0009182834,0.0026246822,0.0026284896,0.9827322
syn-0300,0,1,3,10,10,0.0006057734,0.000677441,0.0017261094,0.0015826141,0.0005963819,0.0010691523,0.0012085541,0.00075943925,0.00046355638,0.0012855572,0.9885229,0.00150251
syn-0303,0,1,3,7,5,0.027813023,0.0036625536,0.008050694,0.0043920726,0.015653199,0.62870896,0.008019307,0.27953333,0.009462905,0.00618173,0.0042444896,0.0042777793
syn-0306,0,1,3,5,5,0.0016019592,0.0008458236,0.0012015708,0.0013352232,0.0019641996,0.9787404,0.0014786792,0.0050440035,0.0035501993,0.0011205341,0.0025850455,0.0005324133
syn-0310,0,1,3,10,10,0.0008290079,0.0006687337,0.0014082115,0.0013600623,0.00058929157,0.0012611577,0.00092708576,0.0008863608,0.0005678241,0.0012696533,0.98828435,0.0019483183
syn-0312,0,1,3,11,11,0.001451959,0.0034294873,0.0010784775,0.0015539262,0.0011056714,0.0009179775,0.0019982057,0.0013847926,0.0026705612,0.0025005052,0.0014204036,0.980488
syn-0324,0,1,3,7,7,0.0019044706,0.007824736,0.004389279,0.0020572136,0.0017171886,0.0039828476,0.0023175094,0.9487464,0.008753667,0.009700076,0.0039886856,0.0046179285
syn-0327,0,1,3,1,1,0.0015291122,0.984221,0.0011246101,0.001168268,0.0017444901,0.0005903174,0.0013745412,0.0012255308,0.0038063652,0.0007691676,0.00054064876,0.0019059532
syn-0339,0,1,3,7,7,0.0024186068,0.004511938,0.003950785,0.0024795916,0.0027594394,0.0037150453,0.0032198166,0.96719736,0.0021375418,0.0027446582,0.0015253962,0.0033399155
syn-0340,0,1,3,9,9,0.000711021,0.0012393794,0.0018646214,0.0026385407,0.0012675319,0.0021645834,0.001621198,0.0025393188,0.0023680616,0.9760912,0.00490663,0.0025878225
syn-0341,0,1,3,8,8,0.0010978121,0.0024302567,0.0010713345,0.0007604322,0.00090435933,0.001727417,0.0016357852,0.0008458417,0.9869197,0.001650024,0.00040802493,0.00054905756
syn-0351,0,1,3,11,11,0.002155462,0.002789922,0.001626631,0.0011860081,0.0015742772,0.0010910025,0.0019592196,0.001166481,0.000926374,0.0030173226,0.0017092788,0.98079795
syn-0355,0,1,3,5,5,0.002091612,0.0012323001,0.001555493,0.0011932203,0.0019610538,0.97860533,0.0015306297,0.0008906314,0.0020481541,0.001603303,0.0064694136,0.00081888714
syn-0360,0,1,3,0,0,0.9864525,0.001466151,0.0013523314,0.0009344484,0.0036172597,0.0011618048,0.0005339948,0.0009584785,0.00092672394,0.0006372385,0.0009159272,0.0010429617
syn-0364,0,1,3,4,5,0.0103902295,0.006369277,0.0038972648,0.004565272,0.33771053,0.57897055,0.014649889,0.0017842979,0.0116159255,0.010348458,0.013952597,0.005745739
syn-0375,0,1,3,8,8,0.00070753956,0.0027691496,0.0009647338,0.00067513896,0.0007583382,0.0013674857,0.0020215372,0.00077936007,0.9856448,0.0026552745,0.0008505435,0.0008060653
syn-0376,0,1,3,5,5,0.00095545984,0.0006875202,0.0011960769,0.0010779304,0.00088668143,0.986231,0.002003174,0.0013632973,0.0020795418,0.0013265248,0.0014189901,0.0007737551
syn-0385,0,1,3,5,4,0.0072359242,0.0038901693,0.0018201724,0.0020625254,0.89793986,0.06632947,0.0029443507,0.008807392,0.0029776033,0.0025431511,0.0013969382,0.0020524792
syn-0392,0,1,3,1,1,0.0010075372,0.9882509,0.0013820239,0.0011234402,0.0013627583,0.0005215562,0.0010793473,0.0010688581,0.0010587294,0.0010809297,0.0006525828,0.0014113478
syn-0405,0,1,3,8,8,0.00081559154,0.0017051381,0.0011454046,0.00073180586,0.0006965913,0.0013628609,0.0010549385,0.00096147106,0.988084,0.0019287578,0.0007190545,0.00079436775
syn-0410,0,1,3,10,10,0.0008585811,0.0005076999,0.0012904572,0.0017761344,0.00055434153,0.0010220825,0.0014934886,0.0010290934,0.00059472176,0.0015419318,0.9857712,0.0035604576
syn-0418,0,1,3,0,0,0.98757744,0.0012186518,0.0014553339,0.00096521043,0.0023338643,0.0016795837,0.000628688,0.0009036374,0.0007725447,0.00041797938,0.0009963358,0.0010508001
syn-0420,0,1,3,2,2,0.0019884647,0.0012252071,0.982521,0.001709358,0.001031728,0.0015901879,0.0011182908,0.0028069247,0.0013042262,0.0012240113,0.0022410022,0.0012396496
syn-0422,0,1,3,1,1,0.00094043143,0.98793286,0.0010622715,0.001011896,0.0014000847,0.0007903775,0.0009717064,0.0017425929,0.0009408908,0.0009884553,0.00065364817,0.0015649132
syn-0428,0,1,3,8,1,0.0016592924,0.98492026,0.0012299996,0.0010567078,0.0017686537,0.00065070105,0.00096449535,0.0011512539,0.003742698,0.00068159594,0.00082256325,0.00135188
syn-0429,0,1,3,2,2,0.0031905584,0.0044499757,0.9628646,0.0031680488,0.002079687,0.0024136575,0.0023612012,0.008387552,0.0027243693,0.0029014924,0.0035346453,0.0019243357
syn-0430,0,1,3,1,1,0.0024395236,0.97568107,0.001421052,0.001964284,0.0030535047,0.0069165495,0.0016126233,0.0012856956,0.0013827216,0.0015357734,0.0011435212,0.0015637716
syn-0435,0,1,3,10,10,0.0008044173,0.000639149,0.0015900402,0.0013386211,0.000561848,0.0013231874,0.00087020727,0.0010354171,0.0004948616,0.0013185116,0.9884444,0.0015793523
syn-0445,0,1,3,6,6,0.00079395896,0.0012393524,0.0009567624,0.0014674618,0.0014811393,0.0012644136,0.98276514,0.001186068,0.0058608805,0.0009924496,0.00067119714,0.0013212176
syn-0447,0,1,3,7,7,0.0018151046,0.002234798,0.002689108,0.0018938723,0.0016518647,0.0028409574,0.0016246674,0.9762715,0.0018177652,0.0028520764,0.0015011053,0.002807174
syn-0464,0,1,3,4,4,0.015860261,0.0024750798,0.0012550752,0.0013737271,0.9707553,0.0018088187,0.0012152733,0.001001122,0.001173291,0.00069345685,0.0009039968,0.0014846281
syn-0469,0,1,3,9,9,0.00074492063,0.0010186831,0.0012896238,0.0022004289,0.0015322141,0.0024289722,0.0021915825,0.0013667778,0.0027465126,0.98057544,0.0018360601,0.0020688788
syn-0474,0,1,3,0,0,0.9856737,0.0016042737,0.0012357582,0.0014895176,0.0027943589,0.0019217057,0.0007583605,0.00091119105,0.0007839631,0.00093599304,0.0006986344,0.0011924861
syn-0477,0,1,3,7,7,0.04104752,0.06654135,0.020131124,0.015210616,0.28062877,0.11371694,0.00950927,0.34115782,0.035292428,0.015344893,0.033483613,0.027935652
syn-0485,0,1,3,10,10,0.0021593198,0.0019028037,0.002904973,0.002555506,0.002040414,0.003041414,0.0075367657,0.00097613723,0.017438151,0.0056834966,0.9493056,0.0044554495
syn-0007,0,1,4,6,6,0.0048538754,0.0015819903,0.0018531498,0.0020754293,0.0076194573,0.00458771,0.9395513,0.0013610998,0.028427461,0.0020998938,0.0016514478,0.004337198
syn-0014,0,1,4,0,0,0.9836377,0.001496637,0.0013262706,0.0011449927,0.0038725147,0.0026212344,0.00092227646,0.00070955494,0.001057395,0.0007815801,0.001447053,0.0009827174
syn-0019,0,1,4,0,0,0.9847233,0.0010503243,0.001457519,0.0015748,0.002604024,0.0010616679,0.000943806,0.0010452083,0.0007451552,0.000980924,0.002463936,0.0013493018
syn-0023,0,1,4,1,1,0.0010089037,0.9886254,0.0008993114,0.0011457525,0.0014182305,0.00058978284,0.0010653547,0.001569455,0.0013382946,0.000721207,0.0006070208,0.0010113699
syn-0024,0,1,4,2,2,0.0023936015,0.0016741678,0.978642,0.0037599222,0.0009416485,0.0015877816,0.0014073836,0.0023303179,0.0011226118,0.0019515749,0.002785028,0.0014039517
syn-0029,0,1,4,2,2,0.0020059529,0.0011720633,0.98117036,0.0019451856,0.0010760709,0.001766793,0.0012440048,0.0026521084,0.0013477198,0.0014360419,0.0027781983,0.0014055185
syn-0036,0,1,4,5,5,0.005314705,0.00086379744,0.0011354403,0.0011760682,0.0058541875,0.97352815,0.0023127708,0.00068666466,0.002587652,0.002108374,0.0034703973,0.00096175534
syn-0043,0,1,4,9,9,0.0006085922,0.0008854964,0.0015601771,0.0012091487,0.000991709,0.0022767044,0.0015480357,0.0027970632,0.0019703235,0.9786808,0.0051582647,0.002313687
syn-0061,0,1,4,4,4,0.002367459,0.0019193927,0.001037839,0.0012666296,0.98304635,0.0015204047,0.0023962432,0.0010812916,0.0009542365,0.0013267684,0.0016507867,0.0014324787
syn-0074,0,1,4,5,5,0.007494691,0.0022674103,0.0012944571,0.0019854107,0.002249765,0.96710044,0.0044619204,0.0034481152,0.004713662,0.0024708838,0.0012995235,0.0012136572
syn-0075,0,1,4,7,7,0.0107784355,0.0056164055,0.005993247,0.0019104193,0.009065003,0.0064345263,0.0029967192,0.93695503,0.005790447,0.003313828,0.0042988947,0.0068470095
syn-0082,0,1,4,1,1,0.002621551,0.39829928,0.0048881457,0.0076676356,0.0069542434,0.028951488,0.34537318,0.01548905,0.033144455,0.014550615,0.08639099,0.055669375
syn-0083,0,1,4,0,0,0.9861166,0.00082235684,0.0015624653,0.0011631115,0.0024494163,0.0017698568,0.0008300216,0.0010953131,0.0013608115,0.00060253113,0.0011450791,0.0010825522
syn-0095,0,1,4,11,11,0.0012287502,0.001892469,0.0013508367,0.0017908791,0.0014330517,0.001111168,0.0021251645,0.0014821556,0.0011610874,0.0030203294,0.0023627025,0.9810415
syn-0102,0,1,4,1,1,0.0021511498,0.9805698,0.0012263617,0.001032196,0.0021985369,0.0005164926,0.0013419713,0.001720183,0.006810103,0.0008019149,0.0005812756,0.0010499875
syn-0105,0,1,4,4,4,0.0125189815,0.0017471882,0.000997464,0.0014669759,0.97336745,0.002997938,0.0012553838,0.0007636628,0.00090333645,0.0011089548,0.0017087992,0.0011638782
syn-0106,0,1,4,10,10,0.0008406806,0.0010071459,0.0017675961,0.0026045367,0.0006049284,0.0011677394,0.00488049,0.0011384629,0.0013174199,0.0020765176,0.98041886,0.0021756405
syn-0107,0,1,4,10,10,0.0008108504,0.00051793066,0.0014455854,0.001320324,0.0006355122,0.0013514695,0.0011309885,0.0011870033,0.0005010161,0.001627996,0.988113,0.0013583334
syn-0108,0,1,4,8,8,0.001495042,0.0024667135,0.0018733725,0.000875036,0.0010721164,0.0025825703,0.0026580526,0.0013820129,0.9690104,0.0023838268,0.012353886,0.0018470321
syn-0113,0,1,4,11,11,0.0025124534,0.0026530318,0.001674881,0.0015974024,0.0017062481,0.0012661199,0.0024500617,0.0011801535,0.007793887,0.005067248,0.0018439933,0.9702546
syn-0119,0,1,4,6,6,0.00073578564,0.0007809484,0.001170055,0.0022897378,0.0013493579,0.0018104477,0.9799675,0.0017676452,0.0009540388,0.0019131476,0.005399722,0.0018615437
syn-0122,0,1,4,3,3,0.001272541,0.00080769224,0.0017419071,0.9852261,0.0011479622,0.0011340341,0.0016492045,0.0014426821,0.00088577793,0.001461471,0.0019079797,0.0013225873
syn-0127,0,1,4,11,11,0.009289737,0.017421314,0.0028568252,0.006954294,0.01492035,0.006717334,0.07113323,0.0016214238,0.04588224,0.015766967,0.03063887,0.7767975
syn-0136,0,1,4,6,6,0.00087703275,0.0020581682,0.001690525,0.0029902337,0.0041257003,0.0028063226,0.95803356,0.0006917604,0.0022254107,0.010534219,0.011323662,0.0026433854
syn-0138,0,1,4,4,4,0.0031071214,0.002968095,0.0013127503,0.0015021391,0.9693412,0.0021611915,0.004291751,0.003113196,0.001228407,0.0026479468,0.0051403167,0.0031858566
syn-0156,0,1,4,6,6,0.0009274376,0.0014399547,0.0012226707,0.0013428408,0.0014197085,0.0019324742,0.9828835,0.0031068013,0.0019136942,0.0010468274,0.0012964519,0.0014676385
syn-0161,0,1,4,2,2,0.0019623537,0.0010845086,0.9826068,0.0018883293,0.0011260599,0.0016368083,0.0012703979,0.0025312728,0.0012635929,0.0012598963,0.0021886963,0.0011812537
syn-0176,0,1,4,10,10,0.00065342255,0.0006972649,0.0011428792,0.0014083418,0.0006821113,0.0017895711,0.0017484359,0.00090320944,0.0007436857,0.0022856854,0.9866279,0.0013175352
syn-0185,0,1,4,7,7,0.005617986,0.004448535,0.016804999,0.004401004,0.0055200956,0.005175532,0.007918763,0.90594727,0.008014063,0.025964625,0.003768056,0.006419075
syn-0189,0,1,4,10,10,0.0015818315,0.001118405,0.0014515701,0.0020298725,0.0009769204,0.0017642297,0.002335086,0.0006743839,0.0018157939,0.0022120296,0.9807042,0.0033356817
syn-0192,0,1,4,5,5,0.00087301666,0.0008133438,0.0010142016,0.0007867816,0.00074128155,0.9872873,0.0014985269,0.0015236125,0.0018461471,0.0014243297,0.0013805077,0.00081096444
syn-0194,0,1,4,1,1,0.0018235444,0.9793753,0.0013651049,0.0010199232,0.0022925483,0.0005255245,0.0017406757,0.0016104514,0.007463032,0.0009058107,0.0005732436,0.0013048204
syn-0195,0,1,4,4,4,0.0029711358,0.0016100631,0.0011733549,0.0016972474,0.9646653,0.014406503,0.004502324,0.00077176274,0.002779903,0.0016823956,0.002534222,0.0012058817
syn-0200,0,1,4,5,5,0.0065529854,0.010685674,0.0028606914,0.006457694,0.004146054,0.891808,0.009103474,0.05531131,0.0043238634,0.0039833295,0.0025693206,0.0021976563
syn-0203,0,1,4,8,8,0.00076371897,0.00096873665,0.0010393027,0.00058129046,0.00064911,0.0011645323,0.0015265503,0.00088032376,0.9892513,0.0016430558,0.0007312408,0.0008007615
syn-0207,0,1,4,0,0,0.9834901,0.00086923444,0.0014642483,0.0010870746,0.0028668588,0.003917575,0.00083511864,0.0010923957,0.0012463374,0.0007678462,0.0012840182,0.0010791419
syn-0208,0,1,4,8,8,0.0011046941,0.0009770335,0.0009837353,0.00062347105,0.0009548667,0.0012088341,0.0013743107,0.0008385624,0.98899335,0.0015301629,0.00074111356,0.00066986727
syn-0209,0,1,4,7,7,0.0098565845,0.009836151,0.010951944,0.00430182,0.007962642,0.015975397,0.006827457,0.9149793,0.007904534,0.002486058,0.004680996,0.004237195
syn-0211,0,1,4,0,0,0.98535514,0.001035715,0.0017442631,0.0012889681,0.0024647648,0.0012067418,0.0008181186,0.0013554519,0.0005784359,0.00087386457,0.0017155447,0.0015631657
syn-0217,0,1,4,6,6,0.0016689381,0.0012258001,0.0030279646,0.0030191068,0.0035253875,0.0026410378,0.95508176,0.0017835286,0.0070025166,0.0030309232,0.014361219,0.0036319708
syn-0219,0,1,4,0,0,0.9867178,0.0011318757,0.001482384,0.0011592833,0.002057019,0.0012926428,0.0007208706,0.0012713601,0.0006455536,0.00069869176,0.0014494596,0.001372991
syn-0224,0,1,4,8,8,0.00223587,0.0011349526,0.0010824506,0.00062311854,0.0011032613,0.0028571042,0.0021162333,0.00092270994,0.9845807,0.0012816816,0.0011958258,0.0008659597
syn-0226,0,1,4,6,6,0.0005919912,0.0010599864,0.0009967379,0.0018305982,0.0012052344,0.00087661674,0.98412424,0.0012717387,0.00088695006,0.0017150757,0.0023078162,0.0031330164
syn-0229,0,1,4,7,7,0.005610442,0.0032304695,0.008223655,0.0039426233,0.0024100773,0.008635692,0.0029156373,0.94884425,0.003081031,0.0035427834,0.007017769,0.0025455488
syn-0234,0,1,4,4,6,0.0010056681,0.0009219521,0.00089971605,0.0022194912,0.005658683,0.001316772,0.9818525,0.0007725799,0.0018510618,0.0012219846,0.0012768825,0.001002726
syn-0243,0,1,4,10,10,0.000740397,0.0009972865,0.0012805412,0.0014670729,0.00047154503,0.0018846788,0.0018603357,0.0011941786,0.0012064867,0.001878936,0.9841852,0.0028333855
syn-0250,0,1,4,11,11,0.001486562,0.0013561761,0.0014115779,0.0014507084,0.0010608427,0.0009649655,0.0013048588,0.0018847038,0.0010332369,0.002982844,0.0025458392,0.98251766
syn-0253,0,1,4,3,3,0.0010471188,0.0008529659,0.0016501668,0.9860417,0.0010882997,0.0011179226,0.0017989085,0.0015302589,0.0007579031,0.0009812785,0.0017903647,0.0013432149
syn-0255,0,1,4,2,2,0.0020552492,0.0011693315,0.98271483,0.0017583771,0.00096846366,0.0016984622,0.0011217931,0.0024701925,0.0013108688,0.0012230579,0.0022517026,0.0012575762
syn-0259,0,1,4,4,4,0.0031565567,0.001508628,0.0010393984,0.0019005772,0.9797278,0.002158637,0.0032711003,0.0009408539,0.0013378761,0.0012464289,0.0024681012,0.0012439969
syn-0260,0,1,4,11,11,0.008487374,0.0141271865,0.004450746,0.008198176,0.005469167,0.013652481,0.022476189,0.0087482445,0.007302297,0.043060362,0.15812474,0.7059031
syn-0265,0,1,4,3,3,0.001804291,0.0008648633,0.001927234,0.9814154,0.0016126246,0.0032635613,0.0018309155,0.0012424942,0.00083743606,0.0013467405,0.0026197857,0.0012346322
syn-0269,0,1,4,10,10,0.0010666401,0.00073291134,0.0013742823,0.0010348331,0.00068248174,0.0012944904,0.0013896334,0.000982395,0.0006745305,0.001885888,0.98716366,0.0017182477
syn-0285,0,1,4,11,11,0.0019078826,0.0018138596,0.0013090281,0.0014043823,0.0011439868,0.0009102862,0.0019945682,0.0011614348,0.0035866536,0.003460638,0.0023651412,0.97894216
syn-0286,0,1,4,8,8,0.0012250862,0.0018149859,0.0015892547,0.0008481782,0.0010296131,0.0016281349,0.0041001313,0.00084322295,0.98242396,0.002943856,0.00072336296,0.00083015003
syn-0289,0,1,4,8,8,0.2165967,0.06709853,0.012088988,0.0052864472,0.019046525,0.065320544,0.016363109,0.16835652,0.39335668,0.005088894,0.007261085,0.02413592
syn-0299,0,1,4,1,1,0.0012147226,0.988246,0.0008233282,0.00089940545,0.0013519817,0.0007518484,0.0011286581,0.0016563813,0.0013695892,0.0011206951,0.0004374799,0.0009999356
syn-0305,0,1,4,1,1,0.00088028365,0.98775834,0.0010628622,0.00094394555,0.0011799331,0.00046546513,0.0015184892,0.00088892225,0.0013049513,0.0011127827,0.0010594942,0.0018246182
syn-0307,0,1,4,3,3,0.0054336693,0.004273274,0.0042524594,0.9295536,0.0037326794,0.0026754527,0.008159892,0.0020694495,0.004281628,0.028179951,0.0049209106,0.0024671506
syn-0321,0,1,4,9,9,0.0005383257,0.0010275659,0.0012750854,0.0013226459,0.000989166,0.0017483752,0.0024054036,0.0011099792,0.003176738,0.9819079,0.0022175852,0.0022812337
syn-0326,0,1,4,1,1,0.004896288,0.9496718,0.0016749519,0.0012260196,0.0030507697,0.00089697505,0.0030078746,0.0032594418,0.022685852,0.0021173377,0.0016393503,0.005873338
syn-0333,0,1,4,5,5,0.01380163,0.0009723443,0.0016172768,0.002717702,0.019644827,0.91831505,0.006016251,0.0013658793,0.026280563,0.0026886642,0.005598871,0.0009809278
syn-0338,0,1,4,8,8,0.0012239825,0.0010618578,0.0009994734,0.0005761956,0.0010828011,0.0011927136,0.0017687515,0.000863706,0.98634326,0.0031856392,0.000787566,0.0009140388
syn-0350,0,1,4,2,2,0.002377005,0.0012174455,0.98203397,0.0023064662,0.001180565,0.001624313,0.0012852511,0.0022687337,0.0013469314,0.0012257965,0.0019986709,0.001134784
syn-0352,0,1,4,8,8,0.0008833475,0.0012062144,0.0012162686,0.000670704,0.00084867777,0.0012076877,0.0013775401,0.0012219236,0.9887793,0.0013502365,0.00049745245,0.00074059144
syn-0353,0,1,4,7,7,0.00472622,0.010005408,0.008178147,0.0073955585,0.008019967,0.04920027,0.004536293,0.86530894,0.0073022633,0.01499425,0.0099057555,0.010426863
syn-0363,0,1,4,9,9,0.012551011,0.013127681,0.0054271943,0.0070096077,0.004678534,0.012520406,0.027470877,0.0069891014,0.17049192,0.6795973,0.01713427,0.04300199
syn-0368,0,1,4,9,9,0.00078943436,0.0013700277,0.001270786,0.0011100242,0.0011548061,0.0016337145,0.002048137,0.0012371127,0.003152529,0.98098916,0.0015707446,0.0036735518
syn-0377,0,1,4,5,5,0.0074669886,0.0040855836,0.0039367485,0.0063093635,0.0052948883,0.83528835,0.00618129,0.11326499,0.0057785003,0.005210254,0.0023877586,0.004795226
syn-0378,0,1,4,2,2,0.0019825094,0.0013816515,0.9806552,0.0018020134,0.0010162818,0.0019365848,0.0010791883,0.0026415102,0.0013209586,0.0016788411,0.0034171166,0.0010881837
syn-0379,0,1,4,3,3,0.01130772,0.0031148435,0.017507326,0.5741989,0.037688047,0.007494045,0.0135393515,0.002584819,0.0038463185,0.028462328,0.2944199,0.005836368
syn-0386,0,1,4,10,10,0.0009363431,0.00057997095,0.0017021343,0.0018119126,0.0009093091,0.0015592993,0.0020663398,0.0013861925,0.00064009137,0.0017037974,0.9821982,0.004506477
syn-0391,0,1,4,0,0,0.98736095,0.001099376,0.0014725256,0.0010603616,0.0021843694,0.0011270968,0.0006535888,0.0009463341,0.0012133385,0.00060861715,0.0012103799,0.0010629535
syn-0399,0,1,4,8,8,0.00073005195,0.0009197231,0.00088665116,0.00058204815,0.00075359415,0.0014536551,0.0014541876,0.0009396966,0.988608,0.0018077508,0.0011615042,0.0007031133
syn-0402,0,1,4,1,1,0.0017566516,0.9803135,0.0013308551,0.0017268858,0.0024891736,0.0007958548,0.0025607534,0.0009684586,0.0018324354,0.0009885246,0.0022333928,0.0030035246
syn-0403,0,1,4,9,9,0.0015671753,0.0014983327,0.0015926323,0.00097545993,0.0018313192,0.0027454467,0.002124886,0.001911257,0.006398177,0.97589684,0.001516735,0.0019418291
syn-0408,0,1,4,4,4,0.14909361,0.011385136,0.009438611,0.008272799,0.5458946,0.02515313,0.028818563,0.0035789954,0.18464619,0.0087378165,0.016731925,0.008248596
syn-0413,0,1,4,9,9,0.00089717866,0.0012596769,0.001465538,0.001064906,0.0011369124,0.0031799981,0.0016622946,0.0021183356,0.0014966337,0.9800401,0.0023242654,0.0033542404
syn-0432,0,1,4,6,6,0.0008076265,0.00078048854,0.0011223737,0.0018423675,0.0013785227,0.0016498755,0.98418427,0.0016869408,0.0009789518,0.001257613,0.002516518,0.0017944243
syn-0437,0,1,4,3,3,0.0045094052,0.0025258444,0.0044962135,0.7176554,0.013027707,0.017434662,0.019013137,0.0016260371,0.0048520803,0.0060237865,0.2052105,0.0036251785
syn-0468,0,1,4,6,6,0.0005449054,0.0008232087,0.00082602724,0.0018741353,0.001416486,0.00092601054,0.98713815,0.0011290454,0.0016111743,0.0012775033,0.0012053887,0.0012279633
syn-0473,0,1,4,10,10,0.0008285302,0.000616012,0.0015199988,0.0011086663,0.00073907204,0.0014229476,0.0011051531,0.00093518745,0.00068620517,0.0021627287,0.9877149,0.0011607382
syn-0484,0,1,4,3,3,0.0012271134,0.0009048167,0.0015748757,0.98645496,0.0009816897,0.001187618,0.0015323961,0.001458657,0.0007769598,0.0009937467,0.0017166211,0.0011905212
syn-0491,0,1,4,10,10,0.0010685269,0.0006118083,0.0014505533,0.0012031381,0.0005832217,0.0019717724,0.0013111057,0.0019993654,0.0008598441,0.0037023092,0.98385274,0.0013854799
syn-0499,0,1,4,11,11,0.0015940635,0.0018293886,0.0012696576,0.0015314994,0.0011639661,0.0008768934,0.0018401389,0.001404697,0.0015077558,0.0060631162,0.0022354021,0.9786835
syn-0003,0,2,0,2,2,0.0022327085,0.0010505453,0.98348874,0.0024401322,0.0014975066,0.0009931803,0.0009551322,0.0024912418,0.0010053783,0.0011605787,0.0011719678,0.001512941
syn-0004,0,2,0,10,10,0.0026443733,0.0014363175,0.0013193268,0.0022952287,0.0010799624,0.0009410406,0.007004516,0.0018317037,0.009815448,0.006349719,0.96378815,0.0014942633
syn-0006,0,2,0,7,7,0.0089337295,0.044775017,0.017169837,0.008150157,0.005847451,0.011697383,0.012115935,0.5388533,0.024308123,0.15928473,0.15288374,0.015980622
syn-0008,0,2,0,8,8,0.0013843311,0.0009208135,0.0006697457,0.00034492393,0.0007431531,0.0018301388,0.001654882,0.0020524126,0.98784876,0.0009995336,0.00082783366,0.00072346104
syn-0011,0,2,0,10,10,0.00214091,0.0024993133,0.0015894362,0.0021874036,0.0009528102,0.0016511389,0.0027875048,0.0020072744,0.0061979536,0.015317628,0.96071345,0.00195504
syn-0015,0,2,0,6,6,0.0012989821,0.0070703994,0.0009891791,0.0018444239,0.003017276,0.0043514296,0.97142935,0.0014072806,0.0041411533,0.0009301556,0.0021892383,0.0013310859
syn-0016,0,2,0,9,9,0.0019410034,0.0028714198,0.00092405616,0.0037168004,0.0012980475,0.0014998912,0.0021453497,0.0014537442,0.0043141968,0.9584846,0.01818341,0.0031675268
syn-0017,0,2,0,3,3,0.001118743,0.0010231133,0.0022974738,0.9795645,0.0030682792,0.0020569297,0.002543809,0.0021757355,0.0005840921,0.0029352873,0.0017561667,0.00087597023
syn-0020,0,2,0,6,6,0.0013416641,0.0016350357,0.0010891686,0.001615987,0.001860898,0.006218957,0.9758084,0.0020358288,0.004103461,0.00094075775,0.0021687162,0.0011811274
syn-0034,0,2,0,0,0,0.9782673,0.0012004037,0.002689019,0.0017801558,0.0032481577,0.0013203183,0.0017052849,0.0022241108,0.0014220388,0.0014034142,0.0034756043,0.00126417
syn-0044,0,2,0,2,2,0.002173336,0.0011269614,0.98147476,0.003122294,0.0014484611,0.0008871575,0.0010890932,0.0035113469,0.0009261084,0.001375399,0.0013909325,0.0014741474
syn-0049,0,2,0,8,8,0.003127439,0.0026277874,0.0007250045,0.00050960644,0.0020537807,0.0014821746,0.0018636077,0.0018924933,0.9808146,0.002712361,0.0012774025,0.0009138104
syn-0052,0,2,0,4,4,0.026991857,0.0019889863,0.0021887447,0.002505735,0.9385755,0.015409564,0.0016052341,0.0038488766,0.0014788109,0.0017458717,0.0017776999,0.0018831342
syn-0053,0,2,0,10,10,0.0016541765,0.0012675273,0.0010817939,0.0012402829,0.0011560707,0.00087137055,0.0014931476,0.0015894473,0.0007887567,0.0009579484,0.98687035,0.0010292351
syn-0055,0,2,0,3,3,0.0010245036,0.001091644,0.0030451913,0.9808957,0.0023070995,0.0019563078,0.0021976572,0.0015211581,0.00048252556,0.003141089,0.0015122711,0.00082482124
syn-0063,0,2,0,1,1,0.0013855047,0.9829101,0.0011712784,0.001117096,0.0020964576,0.0011770115,0.0029865862,0.001323996,0.0014059497,0.0017951665,0.0011978841,0.0014329797
syn-0069,0,2,0,11,11,0.0026298596,0.018068617,0.0030077968,0.0026337148,0.015728978,0.001700454,0.0037836912,0.0021038859,0.0016178379,0.0064066844,0.006480523,0.93583786
syn-0072,0,2,0,0,0,0.981261,0.0012649465,0.0028635927,0.0016226382,0.0029258032,0.0014104611,0.0009789079,0.0016139463,0.0017987296,0.0019142703,0.0013838558,0.0009618509
syn-0073,0,2,0,11,11,0.001430378,0.0133020645,0.0016739151,0.0017397467,0.0037026526,0.0018820333,0.0015763415,0.0017525357,0.001256769,0.0020459227,0.0056077503,0.96402985
syn-0077,0,2,0,2,2,0.0021860932,0.0011901554,0.9823072,0.0033395034,0.0015319252,0.0009992793,0.0012171898,0.0025158706,0.00091968075,0.0011339918,0.0012177842,0.00144122
syn-0081,0,2,0,10,10,0.0030183222,0.0027228354,0.0013974953,0.002644222,0.0041994867,0.0024973946,0.0046795793,0.001082012,0.0065365285,0.0037157733,0.9627924,0.0047139795
syn-0084,0,2,0,5,5,0.0016817322,0.0014462088,0.00125833,0.003297499,0.0027522433,0.97899216,0.0013612435,0.0029542355,0.0014237874,0.00124367,0.001932357,0.0016564681
syn-0090,0,2,0,5,5,0.014706462,0.006108156,0.0014736613,0.002229578,0.017265106,0.9029965,0.009352276,0.015758483,0.018888082,0.002467918,0.002707832,0.006045843
syn-0093,0,2,0,5,5,0.0017330267,0.0029372019,0.0009807218,0.0022230784,0.0036773367,0.9612445,0.01684887,0.0024190273,0.0020064237,0.0009759448,0.0027653151,0.0021886127
syn-0098,0,2,0,10,10,0.001623579,0.0011747138,0.0009916263,0.0012838865,0.0011874009,0.00069328153,0.0010519789,0.0013737151,0.0010530067,0.00081290625,0.98723817,0.0015157455
syn-0101,0,2,0,3,3,0.0011669007,0.0010500969,0.0028705327,0.9801932,0.004488503,0.0016560727,0.0020342707,0.0014034333,0.0005087865,0.0025850928,0.0010999549,0.00094314106
syn-0109,0,2,0,3,3,0.0018865371,0.0014678027,0.0038491306,0.9541465,0.00402712,0.0015995206,0.003300887,0.0022403186,0.0008777498,0.02183411,0.003883169,0.0008872296
syn-0120,0,2,0,3,3,0.0011424513,0.001126938,0.0024708668,0.9785832,0.003121086,0.0010711395,0.0025758233,0.0014726778,0.000667037,0.0048642214,0.0020992383,0.00080538634
syn-0121,0,2,0,9,9,0.0022052894,0.003886738,0.0014801999,0.0027748456,0.0014131066,0.00090350356,0.0012531661,0.0012778826,0.0033172064,0.97449875,0.0033068964,0.003682361
syn-0139,0,2,0,1,1,0.0011900098,0.98458797,0.0010893515,0.001294901,0.0012854516,0.0011261286,0.001848531,0.00153099,0.0011658539,0.0015120457,0.0018203164,0.0015482808
syn-0148,0,2,0,7,7,0.0069093187,0.00891952,0.010561205,0.011100522,0.02390778,0.034611955,0.0076255454,0.7778268,0.02421619,0.012447178,0.06536202,0.016511992
syn-0155,0,2,0,4,4,0.0033532279,0.0016274144,0.0015566855,0.0017717247,0.9764906,0.0035048348,0.0024664109,0.0025699893,0.002023373,0.0010481756,0.001677435,0.0019100868
syn-0158,0,2,0,1,1,0.0012990207,0.98386973,0.0010890885,0.0012078679,0.0010473662,0.0009772064,0.0026378236,0.001637712,0.001513527,0.0014951638,0.0016005557,0.0016249671
syn-0166,0,2,0,5,5,0.008752898,0.00356771,0.0015066119,0.0029962556,0.018372225,0.9478529,0.003707115,0.0035624877,0.0024718838,0.0014002086,0.003527006,0.0022827724
syn-0169,0,2,0,4,4,0.0058538886,0.0015360521,0.0018884541,0.003533053,0.97347844,0.0018223264,0.0016624911,0.002878494,0.0009961176,0.002156682,0.0013496173,0.0028442643
syn-0173,0,2,0,8,8,0.0017656992,0.0010974187,0.00069960847,0.0004451327,0.0011372413,0.0023226684,0.004670205,0.0014495907,0.98319983,0.0016033758,0.0010026323,0.0006066443
syn-0175,0,2,0,11,11,0.005821637,0.009588887,0.0041321917,0.0053058397,0.007413337,0.0052825734,0.0075632436,0.0031713569,0.004209579,0.007988378,0.31109458,0.62842834
syn-0196,0,2,0,4,4,0.018837476,0.001733437,0.0025977537,0.002727079,0.9605335,0.0015185893,0.001759016,0.0038126681,0.0014819633,0.001386748,0.001388103,0.0022236046
syn-0223,0,2,0,6,6,0.0016689642,0.0022901315,0.0010526024,0.0020289442,0.00275973,0.0039276374,0.9607093,0.0018893381,0.01606835,0.0025337073,0.0037928815,0.0012783901
syn-0230,0,2,0,9,9,0.0020967533,0.0017943241,0.0014552182,0.0018190243,0.0010099708,0.00093315856,0.0012495858,0.002671007,0.0040932344,0.97742486,0.00320161,0.0022511363
syn-0233,0,2,0,8,8,0.0017752214,0.0014075767,0.00064098346,0.0005910786,0.00085124094,0.0011732066,0.002955207,0.00091235666,0.9806898,0.002041896,0.0061172205,0.00084420416
syn-0241,0,2,0,1,1,0.0058218525,0.8962681,0.004060341,0.007273326,0.05992905,0.003851769,0.0038217944,0.0032277158,0.0023419268,0.006592193,0.0023327963,0.0044790525
syn-0246,0,2,0,8,8,0.0026586575,0.008616894,0.0010463691,0.00064970535,0.0012359378,0.0023465436,0.008458484,0.0016729096,0.96911263,0.0014407308,0.0015449239,0.0012161825
syn-0248,0,2,0,6,6,0.0034415429,0.0037066871,0.0017296715,0.0042674127,0.0037084976,0.0039093113,0.91010183,0.004331441,0.0030774565,0.0014939851,0.05795404,0.0022780553
syn-0249,0,2,0,8,8,0.0034584021,0.0014636648,0.0008307197,0.0004921852,0.0015283006,0.0022998587,0.00096553576,0.0051261834,0.97830963,0.0024890986,0.002248366,0.00078804727
syn-0252,0,2,0,8,8,0.0019008686,0.0014627937,0.0008105972,0.0007237818,0.00094214757,0.0013131619,0.0037840218,0.0010770175,0.9753432,0.002120831,0.00961812,0.00090340385
syn-0254,0,2,0,7,8,0.014771091,0.03272313,0.018938692,0.008350818,0.026577746,0.045916624,0.13107601,0.14903712,0.2717225,0.032145094,0.08089171,0.18784943
syn-0270,0,2,0,10,10,0.0015839495,0.002158537,0.0009214317,0.0010425906,0.0010990464,0.0005602427,0.0021905226,0.0006286687,0.0011825642,0.0017622843,0.98562014,0.0012499518
syn-0273,0,2,0,0,0,0.97687984,0.0016553173,0.0022160816,0.0019957188,0.0045161266,0.0022372827,0.0011260756,0.001473708,0.0020212166,0.0014283668,0.0028660728,0.0015841488
syn-0274,0,2,0,9,9,0.001739743,0.0016359342,0.0015481152,0.001974759,0.0014685915,0.0009431148,0.0009087578,0.0020791518,0.0027115596,0.97729844,0.005353555,0.002338224
syn-0275,0,2,0,0,0,0.9774315,0.0010899154,0.0025680726,0.0020268064,0.003932609,0.0011534307,0.0017691073,0.0015780932,0.0016481843,0.001789961,0.003994539,0.0010178989
syn-0276,0,2,0,6,6,0.0011554483,0.0023035002,0.0012554527,0.0027421608,0.0030094695,0.0027629933,0.9715215,0.0039056416,0.0018071554,0.0013416529,0.006397544,0.001797475
syn-0284,0,2,0,0,0,0.9766541,0.0011280163,0.0020247002,0.0012066446,0.003645729,0.0014190008,0.0012547119,0.0010997358,0.0044526863,0.0021213496,0.0032632144,0.0017301274
syn-0296,0,2,0,3,3,0.0013200014,0.0010265135,0.0027270871,0.976601,0.0055087833,0.0026440911,0.0016427684,0.0015096988,0.0006420621,0.004092781,0.0013129306,0.0009723581
syn-0302,0,2,0,10,10,0.0019441693,0.0012752314,0.0011932986,0.0012987967,0.0010266805,0.00055547757,0.0015886016,0.0015573049,0.0010226778,0.0009555706,0.986827,0.0007551808
syn-0304,0,2,0,1,1,0.0012267706,0.9813757,0.0011307058,0.0012160356,0.0011728811,0.0013539386,0.0034372043,0.0020479436,0.0017998186,0.0014223838,0.0019965996,0.0018201452
syn-0311,0,2,0,9,9,0.0050043142,0.003600075,0.0023085477,0.005285609,0.004638415,0.000717253,0.003225511,0.003413479,0.0027805644,0.9450777,0.006211077,0.017737502
syn-0316,0,2,0,0,0,0.92982894,0.0019849357,0.0027064697,0.0041258666,0.020422583,0.021153335,0.0012740836,0.0020359799,0.00374474,0.0025227072,0.007598826,0.0026015162
syn-0318,0,2,0,11,11,0.002285899,0.0026503948,0.0017204394,0.0032743996,0.00955843,0.0021748391,0.004853113,0.0013165327,0.0014459284,0.0047387024,0.005172936,0.96080846
syn-0328,0,2,0,10,10,0.0016268706,0.0011448562,0.0009060981,0.0011651585,0.0008454015,0.00068429275,0.0015241117,0.0012252564,0.0013861959,0.00096453645,0.987852,0.0006753305
syn-0332,0,2,0,6,6,0.0010452624,0.0016662516,0.0011700669,0.0032603717,0.0022220237,0.0013278031,0.982373,0.0015992919,0.0014921604,0.00097334065,0.0018412232,0.0010290572
syn-0345,0,2,0,7,7,0.004664598,0.0025661492,0.0024993715,0.002118084,0.0064371396,0.012052613,0.0019023503,0.9560562,0.0043396647,0.0038663798,0.0019032792,0.0015941366
syn-0354,0,2,0,8,8,0.0027850505,0.0014972957,0.0006566802,0.00039404098,0.0015167957,0.0025065804,0.0013891743,0.0013881571,0.9843109,0.0015105136,0.0008345922,0.001210181
syn-0356,0,2,0,8,8,0.0042548026,0.016434988,0.0012860312,0.0005819284,0.002925128,0.00205708,0.0046447646,0.0024356968,0.9589306,0.0025290165,0.0020661398,0.0018538854
syn-0357,0,2,0,3,3,0.0013106236,0.0011398022,0.003548755,0.97822285,0.0031218415,0.0018691496,0.002781882,0.0013971969,0.00072947197,0.0033374114,0.0016620504,0.0008790522
syn-0371,0,2,0,6,6,0.0009834347,0.002641141,0.0011236662,0.002502414,0.0016901204,0.0011531251,0.98195547,0.001447756,0.0012401466,0.0008806847,0.003121155,0.0012609067
syn-0372,0,2,0,1,1,0.0017235063,0.97720146,0.0012627926,0.0019189588,0.002947932,0.0017721488,0.003191368,0.001722665,0.0015639159,0.0022369267,0.0013547788,0.0031035808
syn-0380,0,2,0,4,4,0.012535415,0.003600235,0.0032005524,0.004077609,0.82434815,0.12840867,0.0024962467,0.007992897,0.0039948383,0.0025529491,0.002572972,0.0042193905
syn-0382,0,2,0,0,0,0.98123634,0.0009646487,0.0027097207,0.0015467819,0.0029330829,0.0010258608,0.0012624466,0.0015146441,0.0014730697,0.0016162714,0.0025306756,0.0011865381
syn-0383,0,2,0,2,2,0.002175783,0.001133891,0.9817406,0.0031140035,0.0013179082,0.0008961062,0.0008882648,0.0034986048,0.0009200483,0.0013597431,0.0013172649,0.0016377626
syn-0419,0,2,0,1,1,0.001218522,0.9838626,0.0010774441,0.0011570582,0.0011508602,0.0011908762,0.002380659,0.0016634902,0.0010885489,0.0012529121,0.002184882,0.0017720733
syn-0421,0,2,0,10,10,0.0014572969,0.0030514589,0.0010553043,0.0033697549,0.0009331236,0.0012993148,0.0026905413,0.0012624174,0.0024656663,0.0074843457,0.9735778,0.0013530542
syn-0425,0,2,0,5,5,0.003145818,0.0027640013,0.0017381341,0.0038112928,0.009368776,0.9565749,0.002939392,0.0021171647,0.0026999733,0.0017432339,0.0027775306,0.010319778
syn-0448,0,2,0,4,5,0.0029468508,0.0017860468,0.001785175,0.0031491837,0.013642744,0.9629907,0.0021765884,0.0025999518,0.0032069867,0.0014197951,0.0015336659,0.002762234
syn-0452,0,2,0,10,10,0.0019862885,0.0012637953,0.0017358586,0.0030805573,0.0013558546,0.0012588683,0.012701711,0.0019101949,0.004713947,0.0023848328,0.9665836,0.0010244526
syn-0454,0,2,0,11,11,0.0013615408,0.0018737707,0.0015717217,0.002175736,0.0039133863,0.002351383,0.0019569946,0.0017363428,0.0011465321,0.0025183582,0.0020990362,0.9772953
syn-0455,0,2,0,2,2,0.009874166,0.022560844,0.6788435,0.0974154,0.026273469,0.0029302214,0.02006113,0.043887123,0.0065969112,0.079353,0.0041687535,0.008035484
syn-0457,0,2,0,9,9,0.0014697602,0.0025522597,0.0013895041,0.0024114214,0.0012825737,0.0007729979,0.0011989977,0.002270858,0.0017789392,0.9795099,0.003170818,0.0021918751
syn-0459,0,2,0,5,8,0.072645806,0.10022051,0.006975011,0.009561681,0.20745449,0.14147168,0.042622935,0.017785242,0.37528488,0.0123375375,0.0047103195,0.0089298915
syn-0480,0,2,0,1,1,0.012539794,0.49700227,0.005061589,0.018072395,0.07255016,0.005196824,0.022876346,0.0036350607,0.010538961,0.080266505,0.039319843,0.23294027
syn-0487,0,2,0,6,6,0.0013273614,0.0022278018,0.001236633,0.001668954,0.0021471689,0.0022267145,0.97869545,0.0025265883,0.0047036083,0.00073987094,0.0010433854,0.0014563984
syn-0489,0,2,0,11,11,0.0053706793,0.020708906,0.0029342806,0.0053916993,0.03857615,0.0053445194,0.021117354,0.0030661034,0.0041057966,0.0073354742,0.018288935,0.8677602
syn-0495,0,2,0,2,2,0.0022735815,0.0013013119,0.98080426,0.003383597,0.001718915,0.0014299096,0.0009919213,0.0027845877,0.0010144529,0.0014912332,0.0012141413,0.0015920668
syn-0496,0,2,0,8,8,0.0014405663,0.0014037644,0.00070853316,0.00046444059,0.00063481496,0.0012084966,0.00178746,0.0010777495,0.98751104,0.0014132207,0.001764534,0.0005853903
syn-0497,0,2,0,5,5,0.0049252706,0.025356906,0.001533246,0.001614693,0.003124584,0.8938617,0.008803049,0.027497793,0.01568308,0.003739637,0.00625202,0.0076079494
syn-0498,0,2,0,7,7,0.0027115867,0.0016402495,0.0037771512,0.0022817133,0.0034970804,0.0047277156,0.002176163,0.97035396,0.003833648,0.0017324488,0.0019374106,0.0013309114
syn-0013,0,2,1,6,6,0.0008534529,0.003035186,0.0007264412,0.0014688852,0.0010694248,0.002295418,0.9827582,0.0014320588,0.002247451,0.0009842387,0.0016964651,0.0014327582
syn-0018,0,2,1,3,6,0.0033356035,0.00283089,0.0025080296,0.05803806,0.023935359,0.0098194545,0.8859716,0.0029580686,0.0019801434,0.0045525557,0.001368929,0.0027012543
syn-0031,0,2,1,0,0,0.9789482,0.0012824642,0.0033678794,0.001942202,0.0031060937,0.0012793371,0.0013565379,0.001492778,0.0014279007,0.0017892405,0.0022806649,0.0017265871
syn-0032,0,2,1,4,4,0.002959589,0.0023973335,0.0013810489,0.0022383824,0.97117573,0.0020772533,0.0087114675,0.0021652817,0.002265874,0.0017229446,0.000786898,0.0021182233
syn-0037,0,2,1,8,8,0.0016330967,0.0020551246,0.00056204555,0.0007496968,0.001351573,0.001890729,0.0015560308,0.00077728083,0.97727215,0.00261622,0.008521374,0.0010147558
syn-0041,0,2,1,10,9,0.0043779993,0.003009687,0.0018219054,0.0074823103,0.0017182204,0.0017249455,0.0026664345,0.0024325629,0.005830431,0.8175632,0.14572464,0.005647599
syn-0042,0,2,1,9,9,0.0015125269,0.001579706,0.0014153479,0.0049376385,0.0013096222,0.0009675428,0.0012937329,0.00208156,0.00093503116,0.9803432,0.0016163782,0.00200769
syn-0045,0,2,1,9,9,0.005380792,0.00431094,0.0021009843,0.013324093,0.0025516544,0.0017434788,0.0047857757,0.0017248505,0.005630768,0.76798725,0.18492402,0.005535356
syn-0046,0,2,1,8,8,0.029147567,0.0059180744,0.0021912688,0.00042025806,0.0024493164,0.0041827345,0.004495094,0.00375121,0.92554176,0.010841245,0.003320144,0.0077412706
syn-0057,0,2,1,8,8,0.0035134042,0.0034387258,0.0008867026,0.0007272479,0.0019151077,0.0032993294,0.002590938,0.0014748311,0.9480087,0.0028469784,0.026788093,0.0045099235
syn-0059,0,2,1,3,3,0.0011061869,0.0008093037,0.0031228955,0.98238313,0.0015729766,0.0016300558,0.0019459265,0.0011502524,0.0005476022,0.00365728,0.0012682496,0.0008061485
syn-0070,0,2,1,2,2,0.002184688,0.0011885196,0.982875,0.0030099023,0.0013527006,0.00082891056,0.0010863948,0.0026315402,0.0009050615,0.0010986645,0.0011132446,0.0017254902
syn-0071,0,2,1,6,6,0.0011767349,0.0015966686,0.0011596231,0.0026602428,0.001211128,0.0020627147,0.98363924,0.0012618359,0.0014417658,0.001110851,0.0013912797,0.0012879806
syn-0076,0,2,1,5,5,0.0061953953,0.0035987748,0.0010604248,0.0025160324,0.0024279293,0.97068846,0.0030098266,0.0017045123,0.0031898948,0.0017551879,0.0015988972,0.0022548067
syn-0079,0,2,1,1,5,0.0039567533,0.36249185,0.002456804,0.007724284,0.009925445,0.54843265,0.015770078,0.0035502764,0.016067378,0.006261428,0.011719326,0.01164375
syn-0086,0,2,1,10,10,0.0014779229,0.001375727,0.00088153896,0.0008867194,0.00059764524,0.0009757746,0.001011677,0.0012961677,0.0009583042,0.00085067033,0.98771906,0.0019688345
syn-0087,0,2,1,5,5,0.0021979457,0.0036035085,0.0007802653,0.001233538,0.0029410978,0.95736367,0.0041407836,0.0037585087,0.013510149,0.0016301875,0.005321092,0.0035191742
syn-0091,0,2,1,4,4,0.0022440758,0.0008976032,0.0015396017,0.004060273,0.98146194,0.0017578511,0.0013882001,0.0018265375,0.00074924354,0.0014066228,0.00096722896,0.0017008584
syn-0111,0,2,1,3,3,0.0011576705,0.0012008515,0.0033629416,0.9829422,0.0016218508,0.0018977566,0.0014821297,0.0011828113,0.0005279538,0.002640892,0.0011736067,0.0008093689
syn-0118,0,2,1,5,5,0.0017394673,0.0014367977,0.0011488758,0.0022667553,0.001942886,0.98024976,0.0023128742,0.0030528603,0.0018074355,0.0010001122,0.0010010892,0.0020411045
syn-0128,0,2,1,2,2,0.0023500186,0.0011974183,0.9834879,0.0028602108,0.0011950819,0.000842489,0.0009975537,0.0022106045,0.00092168583,0.0010676092,0.0012062207,0.0016632627
syn-0130,0,2,1,6,8,0.0012283609,0.0016204749,0.0007302715,0.00036954187,0.0010506727,0.0017830326,0.0016363773,0.001123361,0.98649395,0.0007464951,0.0024506527,0.0007668142
syn-0133,0,2,1,2,2,0.0025023462,0.0013868276,0.9771459,0.0038403883,0.0014231855,0.0009383744,0.0011274829,0.0051728566,0.0011418877,0.0018327681,0.001601694,0.0018863353
syn-0134,0,2,1,5,5,0.0049524135,0.0018685141,0.0011958467,0.0016513751,0.0023140765,0.9613202,0.0022308654,0.011356963,0.0060700458,0.002622192,0.0020183735,0.0023992197
syn-0146,0,2,1,10,10,0.0015778024,0.00092255254,0.0008145473,0.0010001996,0.0006130539,0.00044961614,0.0012290656,0.0006340604,0.001171066,0.0011366998,0.98923117,0.0012202455
syn-0147,0,2,1,0,0,0.97904426,0.0012190848,0.0028570364,0.0020691815,0.0025991392,0.0013245968,0.0013310804,0.0013713232,0.0018408174,0.0024357117,0.0023763857,0.0015313162
syn-0151,0,2,1,10,10,0.027258653,0.022681473,0.0059508597,0.0071361708,0.0070461477,0.009426233,0.06027789,0.0032544394,0.023384325,0.05839482,0.44322723,0.33196184
syn-0167,0,2,1,0,0,0.98122346,0.0011405105,0.002966079,0.0015444974,0.002011456,0.0012999625,0.001138841,0.0015257584,0.0018368249,0.0017071005,0.0022210497,0.0013844788
syn-0181,0,2,1,10,10,0.004995726,0.010698006,0.0020643051,0.003201945,0.0029627613,0.0021888742,0.009517326,0.001486863,0.21429889,0.0066498443,0.73781997,0.004115396
syn-0187,0,2,1,3,3,0.0011898112,0.0009602507,0.003105787,0.9825027,0.002561621,0.00155067,0.0017534967,0.0008620249,0.00044874378,0.0031639517,0.0010812215,0.00081974326
syn-0191,0,2,1,4,4,0.003225757,0.0018989887,0.001292471,0.0053128595,0.9712911,0.001422277,0.003767956,0.0013013365,0.0012248826,0.004372907,0.0025255978,0.0023639067
syn-0202,0,2,1,10,10,0.0033558449,0.0021256963,0.0012123687,0.0016538781,0.00067346817,0.0011579806,0.0015990849,0.002129852,0.004923124,0.014885514,0.96324754,0.0030356415
syn-0213,0,2,1,0,0,0.9805028,0.0013162465,0.0027476503,0.0014770082,0.002564533,0.0012383119,0.0012161409,0.00132657,0.0021882125,0.0017833527,0.0021892812,0.0014498555
syn-0222,0,2,1,8,8,0.0013857519,0.0010230375,0.0005802115,0.00028222072,0.00082384184,0.001341642,0.0014048278,0.0012334163,0.98837984,0.001000071,0.0016959944,0.0008491638
syn-0232,0,2,1,8,8,0.0014985849,0.0029148096,0.0005748014,0.0004338829,0.0008946275,0.0024263642,0.0013795503,0.0011869262,0.98203677,0.0045946045,0.00090076413,0.0011582994
syn-0236,0,2,1,11,11,0.0080314,0.0075552277,0.0021444235,0.0019890866,0.0057640504,0.0052868077,0.0029976594,0.0021612425,0.019262947,0.0108610755,0.0030822621,0.93086386
syn-0237,0,2,1,4,4,0.0035658316,0.0013240227,0.0013073201,0.0017163435,0.98197055,0.0016064615,0.0014400228,0.0017134126,0.00088760565,0.0019193996,0.00088673923,0.0016623192
syn-0264,0,2,1,0,0,0.9799519,0.0012534283,0.0022230507,0.0014884829,0.002473643,0.0016212648,0.0012528165,0.0014384667,0.002416636,0.0014092674,0.0025239713,0.0019470436
syn-0267,0,2,1,4,4,0.046548627,0.0019832477,0.0025033904,0.0034317682,0.92949194,0.0050718244,0.0015080388,0.0023152577,0.0014832097,0.0014263889,0.0015896986,0.0026466905
syn-0268,0,2,1,6,6,0.0010530294,0.0016729054,0.0010438149,0.0021251016,0.0029462727,0.0017247454,0.9829305,0.0012425908,0.0014393206,0.0011724471,0.0009329324,0.0017163443
syn-0271,0,2,1,2,2,0.003378463,0.0014083099,0.97451615,0.0048570316,0.0011354833,0.0011923027,0.0013683174,0.0032437851,0.0012075359,0.0031630392,0.0022521217,0.0022775568
syn-0272,0,2,1,3,3,0.051119324,0.008402242,0.016874865,0.7980805,0.041075528,0.0033848812,0.012991425,0.008385847,0.004291445,0.028900245,0.018600557,0.007893175
syn-0279,0,2,1,0,0,0.9796356,0.0014226377,0.0030314573,0.0014627888,0.0019814156,0.0015092227,0.0010859913,0.0019454649,0.0024389685,0.0017896228,0.0022375768,0.0014592219
syn-0281,0,2,1,10,5,0.026976941,0.020119881,0.0026635898,0.011729378,0.014245379,0.37794662,0.011632419,0.0029397001,0.14742899,0.013030872,0.35713443,0.0141517855
syn-0283,0,2,1,7,7,0.0017859095,0.0018927546,0.006786183,0.002940157,0.0034344557,0.004133021,0.0021668773,0.96810246,0.0015845476,0.0023874147,0.0029552695,0.0018309412
syn-0294,0,2,1,1,1,0.0009725698,0.98543674,0.0008429228,0.0009811554,0.0013702045,0.0021103309,0.001756802,0.0010702471,0.0012276437,0.0013254563,0.001043415,0.0018625876
syn-0295,0,2,1,10,10,0.0020909342,0.0018740724,0.00085665233,0.0014859558,0.0008803997,0.00090879016,0.002092466,0.0004366815,0.0014370766,0.0023772332,0.9825967,0.0029631227
syn-0297,0,2,1,11,11,0.0016456987,0.0026033085,0.0017154389,0.001418681,0.0026630932,0.002683161,0.0011146234,0.0016489162,0.00090884115,0.0019043889,0.0014382103,0.9802557
syn-0298,0,2,1,7,7,0.0016372268,0.0012504113,0.0029471794,0.0017676728,0.0024326954,0.004994005,0.0016532935,0.9761622,0.0029357343,0.0013226336,0.0016268671,0.0012701023
syn-0308,0,2,1,3,3,0.001212626,0.000957862,0.0024869323,0.9829342,0.0022677663,0.0011903336,0.0024702915,0.00089108344,0.0005162234,0.00300788,0.0011810703,0.0008837174
syn-0313,0,2,1,11,11,0.009281945,0.051367648,0.006432555,0.0033453228,0.004768613,0.015639497,0.013881221,0.0078047398,0.017468097,0.009727393,0.09728846,0.7629944
syn-0314,0,2,1,8,8,0.0012047752,0.0010606177,0.00075872993,0.0003460176,0.00073323504,0.0013633572,0.0011381547,0.0011012537,0.98904735,0.0012148174,0.0011498852,0.0008818629
syn-0325,0,2,1,4,4,0.009720707,0.0065453216,0.0028875005,0.29713312,0.53594095,0.06338697,0.0054741646,0.008722099,0.0060239476,0.047289565,0.006472226,0.010403367
syn-0336,0,2,1,0,0,0.97975004,0.0010015565,0.0029410445,0.0016464568,0.0026064164,0.0024995385,0.0010839988,0.0014809273,0.0018439443,0.0015934648,0.0020889526,0.0014636742
syn-0343,0,2,1,8,8,0.007034062,0.0025780702,0.0016539949,0.001098575,0.0030660222,0.0033216418,0.0026573108,0.003877708,0.9023039,0.053765867,0.009646752,0.008996152
syn-0346,0,2,1,6,6,0.001207999,0.0016105294,0.0009995123,0.003178771,0.001787051,0.0012721686,0.98349607,0.0010702277,0.0012928336,0.0011414788,0.0017787806,0.001164561
syn-0348,0,2,1,9,9,0.0021022954,0.0020844082,0.0012901373,0.002218299,0.0009906325,0.0008399183,0.0015410791,0.0021679704,0.0034635614,0.9795299,0.0016253215,0.002146378
syn-0358,0,2,1,2,2,0.002534205,0.0017795569,0.9793717,0.0024691627,0.001102796,0.0010179296,0.0011411408,0.0040605385,0.0014015726,0.001809347,0.001020916,0.002291141
syn-0366,0,2,1,9,9,0.00355907,0.0018023284,0.0023074653,0.00831356,0.0014861786,0.0025855007,0.0021719008,0.0015110576,0.0017366708,0.9693997,0.002730833,0.002395872
syn-0369,0,2,1,6,5,0.0038279577,0.032843225,0.0012973193,0.004651341,0.0057661193,0.7780451,0.14791359,0.0065338705,0.006262121,0.004530301,0.003652663,0.0046763914
syn-0370,0,2,1,9,9,0.0014039077,0.0014149188,0.0011441588,0.0021749458,0.00092702056,0.0008498516,0.000941619,0.0017786094,0.0010832677,0.9824415,0.0015788412,0.004261457
syn-0373,0,2,1,11,11,0.0015835734,0.001969827,0.0014894467,0.0013521892,0.0021578928,0.0017286324,0.0010675826,0.0008129676,0.00067463226,0.0029689965,0.0012109115,0.98298335
syn-0374,0,2,1,8,8,0.0015554209,0.001001073,0.0006750486,0.00049171055,0.0010079398,0.0015908497,0.0015049916,0.00083970156,0.9879219,0.0011005378,0.0014852805,0.00082547305
syn-0381,0,2,1,8,8,0.0018151883,0.001112858,0.0008478588,0.0005329132,0.0010127741,0.0011605844,0.0022142294,0.0015196118,0.9767934,0.0016195942,0.010344175,0.0010267157
syn-0396,0,2,1,3,3,0.0013809672,0.000812622,0.0033739856,0.9796911,0.0026109563,0.0026010948,0.0024624977,0.0016961324,0.0005667478,0.0024101753,0.0014268925,0.00096689916
syn-0397,0,2,1,1,1,0.0011081763,0.9851114,0.001260643,0.0011017021,0.00081393233,0.0011727557,0.0020457262,0.0013412925,0.0009133431,0.0014850379,0.0015835185,0.0020625263
syn-0401,0,2,1,11,11,0.0014315336,0.003268025,0.0019034318,0.0017250738,0.0026650059,0.002132263,0.0010235707,0.0012620909,0.00095500494,0.003066561,0.001521629,0.97904575
syn-0406,0,2,1,4,0,0.63752335,0.0034448756,0.00579166,0.008768923,0.30828616,0.002952319,0.004824957,0.0031182703,0.0025080484,0.00609634,0.00961668,0.007068426
syn-0415,0,2,1,1,11,0.0032730887,0.0316049,0.0021091416,0.0022168464,0.008136651,0.00639121,0.006384971,0.002024384,0.01414149,0.01924437,0.003998541,0.9004743
syn-0416,0,2,1,2,2,0.00218459,0.0011017711,0.98373103,0.002507781,0.0012712305,0.00085179845,0.0009530379,0.0024645913,0.00094608316,0.0009699387,0.0012855876,0.0017324832
syn-0426,0,2,1,10,10,0.001561184,0.0018648467,0.0014403383,0.0010957518,0.0005737669,0.0015109367,0.0021375353,0.0021128904,0.005059288,0.0013710292,0.97835654,0.0029157856
syn-0427,0,2,1,5,5,0.0033650247,0.0034238624,0.0011864372,0.0039892425,0.039327793,0.93439585,0.0026399489,0.0018073348,0.0031742954,0.001777578,0.0013184063,0.0035943144
syn-0439,0,2,1,6,6,0.0011604225,0.002851854,0.0011497067,0.0014669115,0.001223259,0.0017964201,0.9823966,0.0014441691,0.0031483928,0.0009781285,0.0009809983,0.0014031583
syn-0443,0,2,1,7,7,0.0038846137,0.0026861988,0.004108985,0.0027552764,0.0035000443,0.01177707,0.0027099121,0.9489106,0.0054176664,0.0066047255,0.0024493972,0.0051955115
syn-0444,0,2,1,5,5,0.0019557723,0.0037104976,0.0011868153,0.0037565283,0.007298579,0.95406,0.018205836,0.0029045923,0.0016884527,0.0012256851,0.00080775854,0.00319943
syn-0449,0,2,1,11,11,0.0015256188,0.0023542873,0.0014394984,0.003002004,0.0035826908,0.0013516234,0.0014227277,0.0010152892,0.0008094592,0.01117424,0.0021456971,0.97017676
syn-0453,0,2,1,1,1,0.0069832094,0.86552197,0.003091224,0.004099208,0.0059381593,0.0047784396,0.017676206,0.0028813377,0.0036034347,0.0039325566,0.07373239,0.0077618565
syn-0456,0,2,1,11,11,0.0021505968,0.0026810388,0.0016107226,0.0054703313,0.0123577155,0.003178764,0.0015942908,0.0009957349,0.0008676478,0.002709333,0.0027359207,0.9636478
syn-0460,0,2,1,8,8,0.0014343099,0.001460458,0.00062218285,0.0003689913,0.0008860289,0.0012440223,0.0017035644,0.0010932987,0.98791426,0.0010708442,0.0012571507,0.0009450168
syn-0465,0,2,1,7,7,0.0017985892,0.0020966122,0.0038635635,0.0020074511,0.0043701157,0.005994606,0.003185266,0.9669163,0.0031061664,0.0030423715,0.0017322219,0.0018867468
syn-0471,0,2,1,5,5,0.0040374314,0.004697046,0.0014083037,0.0017053874,0.0047499305,0.9533328,0.002506898,0.0033990277,0.0034248505,0.0014221241,0.0010173393,0.018298866
syn-0481,0,2,1,9,9,0.0019157274,0.0013711157,0.001143933,0.0024501032,0.0011168884,0.0008091921,0.0011060344,0.0021969285,0.001969795,0.98224765,0.0011152535,0.0025573634
syn-0482,0,2,1,1,1,0.012480087,0.76929325,0.006514223,0.07368278,0.038170166,0.009745639,0.027073309,0.0034126989,0.002313662,0.010288421,0.036493436,0.010532404
syn-0486,0,2,1,1,1,0.00094442174,0.9820035,0.0010691255,0.00094119925,0.0010870227,0.0010987627,0.0026155622,0.0009257029,0.0016199063,0.0024691578,0.0016762314,0.0035494482
syn-0490,0,2,1,7,7,0.0023461052,0.0024810075,0.0025479167,0.0019204532,0.0040130257,0.0072018546,0.001734138,0.967041,0.0025441875,0.0036155777,0.0014299498,0.0031248229
syn-0009,0,2,2,8,8,0.001098051,0.0015998502,0.00047573753,0.00032158592,0.00068212836,0.0012809339,0.0014444623,0.00096148555,0.9890644,0.0012105453,0.0010190082,0.00084190484
syn-0010,0,2,2,9,9,0.0018419864,0.003216255,0.00083024835,0.003078728,0.0014887756,0.0018276521,0.0016616601,0.0016279304,0.005082164,0.9673075,0.0064307344,0.0056062476
syn-0022,0,2,2,10,10,0.009010153,0.06468592,0.0043762145,0.01137323,0.010046646,0.015023004,0.011682801,0.0033195093,0.005356617,0.02284591,0.5063159,0.3359641
syn-0026,0,2,2,10,10,0.001520397,0.001303325,0.00071739615,0.0011784625,0.00075920264,0.0005354715,0.0019009621,0.0010628343,0.0012078825,0.0006318645,0.98821485,0.0009672493
syn-0038,0,2,2,5,5,0.0038645596,0.0020144135,0.0014977162,0.007870496,0.0063225767,0.9646012,0.0017146264,0.0041654715,0.0019034869,0.001804827,0.0012923733,0.002948178
syn-0039,0,2,2,1,1,0.0011879845,0.98339236,0.00088111253,0.0010376974,0.0014937087,0.0024461183,0.002711534,0.0012670753,0.0010954919,0.000965353,0.0011598984,0.002361652
syn-0048,0,2,2,11,11,0.0013196031,0.0017060263,0.001202099,0.0012192419,0.0034631365,0.0024458591,0.0014067693,0.0013897012,0.0010088149,0.0022686867,0.0014851191,0.98108494
syn-0050,0,2,2,4,4,0.0020281482,0.004500605,0.0028034581,0.011797237,0.9603324,0.0020620998,0.002359596,0.003393194,0.0011288346,0.0047015045,0.0007638077,0.0041291052
syn-0085,0,2,2,3,1,0.0018756266,0.97065026,0.0012433508,0.0071689775,0.0027896482,0.0026206316,0.002279069,0.0011817883,0.0007872407,0.004098996,0.0029500546,0.0023542866
syn-0094,0,2,2,1,1,0.0015619033,0.93672484,0.001955243,0.0021432245,0.0016513106,0.002506907,0.005632532,0.0018331971,0.005626347,0.003915138,0.01522229,0.021227133
syn-0097,0,2,2,10,10,0.00159705,0.0017874107,0.00075679115,0.0016080047,0.0005163388,0.00089958974,0.0022486302,0.0009670058,0.0014772101,0.0010636048,0.9860384,0.0010399816
syn-0103,0,2,2,11,11,0.0027845483,0.070977785,0.0022374475,0.0018530985,0.0062904153,0.0038603034,0.0038546529,0.002540317,0.0016273881,0.010015311,0.005302236,0.8886564
syn-0114,0,2,2,4,3,0.001560275,0.0026716704,0.0035706332,0.91139764,0.06550764,0.0016287795,0.0025945343,0.0024896627,0.00085663167,0.003771801,0.0019551131,0.0019956224
syn-0129,0,2,2,11,11,0.0026839592,0.0033118203,0.0016600109,0.0024762035,0.0046652867,0.002794967,0.0018673119,0.0012204346,0.0019906573,0.017986773,0.004719704,0.95462286
syn-0137,0,2,2,8,8,0.0010700087,0.0010664879,0.0004907835,0.00028823517,0.00052988675,0.001722018,0.0011518821,0.0010228807,0.9899187,0.0008538146,0.0011006105,0.0007846529
syn-0140,0,2,2,11,11,0.0021078063,0.0022311842,0.0018779282,0.0017495671,0.004504916,0.0021368216,0.0009568131,0.001603143,0.0012130738,0.0079878615,0.0013148517,0.972316
syn-0141,0,2,2,2,2,0.0020718693,0.0011039942,0.98379266,0.0027705329,0.0013167995,0.0009059065,0.0009973757,0.002163892,0.0010632572,0.0010695055,0.0011434968,0.001600821
syn-0143,0,2,2,1,1,0.0073443917,0.5126239,0.0017779836,0.0021446575,0.0023166644,0.012529504,0.014879607,0.0025468438,0.4094984,0.005697518,0.017072054,0.0115684625
syn-0144,0,2,2,9,9,0.0013294424,0.00208437,0.0007320401,0.006084568,0.001624895,0.0008475244,0.0009372083,0.001592689,0.0022931483,0.9768851,0.0032445334,0.0023443787
syn-0153,0,2,2,4,4,0.10441883,0.009294891,0.0038784726,0.0054402244,0.7419988,0.10879068,0.0023182044,0.006188709,0.0040725507,0.0040844996,0.0032248003,0.006289237
syn-0154,0,2,2,1,1,0.001129744,0.9838981,0.0010097335,0.0011073521,0.0010960554,0.0019030835,0.0021282327,0.0013633971,0.00135477,0.0016489932,0.0014372244,0.0019234023
syn-0160,0,2,2,5,5,0.0016192235,0.0035864892,0.0013196372,0.00406874,0.0014779236,0.97300017,0.0027329575,0.004670532,0.0026482265,0.00093530613,0.0021693492,0.0017714361
syn-0163,0,2,2,4,4,0.0030416623,0.0017809668,0.0017202822,0.0013601909,0.97252005,0.0028651485,0.0013293312,0.0045290217,0.006958398,0.0015579445,0.0005878743,0.00174908
syn-0164,0,2,2,8,8,0.0015512621,0.0014427619,0.0005342726,0.0004412007,0.0005501567,0.004057206,0.0021812306,0.0009052852,0.9821583,0.0011113471,0.003972909,0.0010941172
syn-0165,0,2,2,8,8,0.0011696937,0.0016067545,0.0004897484,0.00040482788,0.00051526073,0.001403362,0.00212037,0.0006306944,0.9868666,0.001219262,0.0026579169,0.00091541733
syn-0171,0,2,2,6,6,0.0010404978,0.0024189346,0.0009436906,0.0016497715,0.0017908098,0.0028275896,0.97885054,0.0014559183,0.00594686,0.0009918809,0.00082713045,0.0012563062
syn-0172,0,2,2,10,10,0.001617403,0.0013619899,0.000566654,0.0012504426,0.00081248744,0.00096485275,0.0026137924,0.0005508313,0.001904749,0.0008358263,0.9852852,0.0022356953
syn-0178,0,2,2,9,9,0.01453034,0.009894326,0.0033729565,0.011629938,0.0076644323,0.0077585652,0.0105016455,0.0027341722,0.04393381,0.4571307,0.2939951,0.13685401
syn-0179,0,2,2,1,1,0.0011150951,0.98402816,0.000904797,0.0008859979,0.00097212836,0.0013789772,0.002117629,0.0010378615,0.002183117,0.0013139031,0.001489211,0.0025731258
syn-0183,0,2,2,4,4,0.0076279,0.0040556,0.0029642442,0.0061329324,0.6013169,0.35349596,0.0037161803,0.0070667206,0.0040794336,0.0021225915,0.0024646549,0.0049569085
syn-0186,0,2,2,3,3,0.0009290724,0.0009996736,0.002810507,0.9850969,0.0016409562,0.0011483722,0.0017176092,0.0010979266,0.0005583072,0.001998277,0.0012158876,0.0007865708
syn-0188,0,2,2,10,10,0.0015677369,0.0018032703,0.0007348731,0.0012240885,0.0006593796,0.00063660106,0.0025612046,0.0005756831,0.0011740372,0.0010005365,0.9864287,0.0016339737
syn-0193,0,2,2,11,11,0.0045204014,0.01800996,0.0040009446,0.00475356,0.053427596,0.0074274517,0.011512994,0.004854421,0.007723328,0.0151751675,0.005473986,0.8631202
syn-0197,0,2,2,11,11,0.0033895525,0.00477792,0.0020508543,0.0018746327,0.0072833467,0.0048523843,0.0020092241,0.0015678447,0.0027129636,0.005196444,0.0016985586,0.9625862
syn-0210,0,2,2,0,0,0.9635744,0.0028754137,0.0019830072,0.0022624552,0.014803572,0.0042417473,0.0011482371,0.0021078105,0.0018866635,0.001431798,0.0011731732,0.0025116568
syn-0218,0,2,2,8,8,0.0015905853,0.0012522807,0.00035512424,0.00033004384,0.000744492,0.003052117,0.0023176805,0.00165961,0.98384684,0.000972424,0.0029223221,0.0009564135
syn-0225,0,2,2,7,7,0.0041446313,0.003356425,0.0053218124,0.004009276,0.0049871895,0.012437187,0.002657745,0.90465724,0.021484287,0.015973562,0.0081386035,0.012831986
syn-0239,0,2,2,6,6,0.0009949728,0.0030771024,0.00078555243,0.0017428242,0.0031457508,0.0023009889,0.9761653,0.0011374047,0.0016420354,0.0011078065,0.00599167,0.0019085184
syn-0240,0,2,2,6,6,0.0041409656,0.011174852,0.002551175,0.0070958007,0.15829869,0.01057094,0.7852846,0.0031843036,0.0055886274,0.0059345565,0.0014578805,0.0047175996
syn-0242,0,2,2,0,0,0.9817363,0.0017921475,0.002100354,0.001114673,0.0033318636,0.0011929534,0.0010830188,0.0011261614,0.0021691436,0.0018910372,0.0014904654,0.0009717604
syn-0247,0,2,2,3,3,0.0010117659,0.00085282477,0.0024542117,0.9849163,0.0023435412,0.0011543451,0.0013512147,0.0011047156,0.0006017977,0.0019747245,0.0014164067,0.00081815367
syn-0261,0,2,2,5,5,0.0016065267,0.00200767,0.0009994651,0.0016238772,0.0048646005,0.97674996,0.0050067813,0.0014981788,0.0021379364,0.0005939009,0.0007018395,0.0022093048
syn-0262,0,2,2,10,10,0.0012791917,0.0012465124,0.000643375,0.0008293433,0.0005699987,0.00062510476,0.0013042623,0.0010033139,0.0012046268,0.0009473709,0.989167,0.0011798862
syn-0263,0,2,2,0,0,0.9423819,0.0036481179,0.002628924,0.0014251401,0.0226219,0.0034522826,0.002859249,0.0017073358,0.008822172,0.0045802356,0.0015929667,0.0042796843
syn-0278,0,2,2,9,9,0.0014429023,0.0025743328,0.0006835786,0.0019712506,0.0010727977,0.00090206385,0.0007507641,0.0012487278,0.0016155794,0.98153484,0.0031887381,0.0030146176
syn-0280,0,2,2,0,0,0.98277366,0.001373861,0.0023256326,0.0012509146,0.0025712573,0.0011163957,0.0011699727,0.0011654114,0.0018851948,0.0015529923,0.0017232076,0.0010915999
syn-0282,0,2,2,7,7,0.0029238448,0.0051878784,0.0027954066,0.0021919983,0.0092512155,0.016031565,0.0036184087,0.9464183,0.0046021002,0.0033066857,0.0015982282,0.0020743292
syn-0288,0,2,2,9,9,0.0011737902,0.0025704135,0.0007838241,0.0017832739,0.00083437655,0.00067175104,0.0011635189,0.0013905114,0.0025294987,0.9816569,0.0038141,0.0016280556
syn-0290,0,2,2,0,0,0.6382936,0.004760539,0.0050874017,0.004614073,0.29452413,0.015320382,0.003969818,0.0037002773,0.014301101,0.0048449603,0.0035481118,0.0070356205
syn-0291,0,2,2,1,1,0.00086275715,0.9838176,0.000979065,0.0009671863,0.0011401805,0.0013265131,0.0024569791,0.0011914035,0.0010270539,0.0015880159,0.0017204116,0.0029229484
syn-0293,0,2,2,0,8,0.26937,0.009408314,0.006422181,0.003264152,0.047500223,0.048793145,0.007712661,0.01031285,0.57472885,0.012166347,0.0025746028,0.007746629
syn-0301,0,2,2,3,3,0.0014630706,0.0026580247,0.002311306,0.9712504,0.008665469,0.003437221,0.0022173412,0.0010620754,0.00080247986,0.003098266,0.0017348962,0.0012993772
syn-0322,0,2,2,2,2,0.0027235858,0.0012945653,0.98241204,0.0032537421,0.0014371574,0.0010954691,0.0010200929,0.0023408665,0.00094712415,0.0010949343,0.00083257555,0.0015478792
syn-0323,0,2,2,7,7,0.001403506,0.0016320752,0.002584596,0.0017288727,0.0019395571,0.0027846538,0.0015966053,0.9783313,0.002529042,0.0018052199,0.0026847674,0.0009798051
syn-0329,0,2,2,8,8,0.0013315952,0.0011213155,0.0005702007,0.0003502628,0.00095118367,0.001600339,0.0015672798,0.001455703,0.98662275,0.0014420843,0.001549966,0.0014373391
syn-0330,0,2,2,0,0,0.9584722,0.0027586864,0.0019419261,0.002656892,0.006761461,0.016379073,0.0012110799,0.0018127278,0.0018932403,0.0022242563,0.002351578,0.0015369403
syn-0334,0,2,2,6,6,0.0061341007,0.01518946,0.00256959,0.0115161035,0.0938223,0.2644191,0.57417023,0.0045362725,0.006590577,0.004694001,0.0052724564,0.011085749
syn-0335,0,2,2,3,11,0.0015889234,0.003263046,0.0014702316,0.0019832486,0.0052404953,0.0023416928,0.0008538181,0.00076760317,0.000688075,0.004474779,0.0018004859,0.97552764
syn-0349,0,2,2,5,5,0.0013224506,0.0021037466,0.0009992134,0.0014673976,0.0023897572,0.9817629,0.0013906615,0.0021561345,0.0017055388,0.00067577156,0.0010016559,0.0030249031
syn-0359,0,2,2,4,4,0.0020956085,0.0035489025,0.0016205471,0.0016728055,0.975223,0.0016581676,0.0017074652,0.0030077808,0.0037499897,0.0027964679,0.0005820715,0.0023372492
syn-0367,0,2,2,4,4,0.0025957257,0.0011610928,0.0012505462,0.0018718004,0.9829641,0.0015,0.0016076944,0.0021414503,0.0015792955,0.0013707764,0.0006487749,0.0013086429
syn-0384,0,2,2,1,1,0.001370164,0.9830048,0.0010464455,0.0009060654,0.0012890368,0.0015450367,0.0021537293,0.0011910005,0.002771019,0.0015375109,0.0011265159,0.0020586182
syn-0388,0,2,2,5,5,0.010288885,0.009630181,0.007121684,0.03486638,0.0057364213,0.7958835,0.0168783,0.081066765,0.017638175,0.0051420955,0.0076816,0.0080659855
syn-0393,0,2,2,2,2,0.0022268156,0.0015152233,0.9825706,0.0028963492,0.0015211537,0.0009995473,0.001061418,0.0021300365,0.0010419054,0.0012771926,0.0011309775,0.0016287754
syn-0407,0,2,2,6,6,0.0008630916,0.0077643516,0.0010533592,0.005608861,0.0018943929,0.004578937,0.97083473,0.0013109269,0.0021020274,0.0013237915,0.0012088624,0.001456743
syn-0409,0,2,2,10,10,0.0016262085,0.002581285,0.00072153757,0.0009201609,0.0004963896,0.00041272878,0.0013516346,0.000776368,0.0015428618,0.0023396953,0.98570365,0.0015274952
syn-0411,0,2,2,2,2,0.0019564023,0.0014471463,0.9810628,0.0032086754,0.0013338248,0.0010572051,0.0009844615,0.0028183628,0.0011264884,0.0027084148,0.0008233521,0.0014728092
syn-0414,0,2,2,5,4,0.0028091562,0.0048963367,0.0022135621,0.0034167338,0.9182182,0.049526762,0.0018413906,0.0064255153,0.0028884392,0.0031476426,0.0015325411,0.0030837485
syn-0417,0,2,2,7,11,0.014253399,0.01770403,0.01320801,0.009077725,0.12063116,0.023248794,0.07526822,0.09986035,0.20580257,0.015351514,0.0805541,0.3250401
syn-0423,0,2,2,9,9,0.0012132302,0.0017315195,0.0010561334,0.0028433162,0.0011187721,0.000595337,0.0011481027,0.002849918,0.0019358987,0.98198444,0.0023165427,0.0012067313
syn-0431,0,2,2,3,3,0.0012110216,0.00095940125,0.0017832315,0.9849946,0.0020789637,0.0013062336,0.0017873722,0.0011527472,0.00060656585,0.0019665519,0.0015012649,0.00065202237
syn-0433,0,2,2,5,7,0.006199385,0.0124712335,0.00887154,0.012810692,0.21420436,0.19465475,0.0050622616,0.5209231,0.007948515,0.007187902,0.0041926657,0.00547361
syn-0436,0,2,2,6,6,0.0008730543,0.002980669,0.0009551243,0.0018415,0.0014793255,0.0017822303,0.983961,0.0012032705,0.0015901874,0.0010982683,0.0012536496,0.0009816014
syn-0440,0,2,2,1,1,0.0017122374,0.97890407,0.0008874299,0.0009890333,0.002122088,0.0027830123,0.002522812,0.0009746512,0.004289876,0.0015835606,0.0008064376,0.0024246841
syn-0450,0,2,2,10,10,0.0014637205,0.0010331296,0.00078481325,0.0008556586,0.00063556107,0.00053363043,0.0011032568,0.0010581461,0.0011813124,0.00094666536,0.98867166,0.0017323857
syn-0451,0,2,2,8,8,0.003252646,0.0013309781,0.0007404393,0.0006433047,0.0014632216,0.016254267,0.0033555885,0.007871572,0.9576931,0.0023274003,0.0036880935,0.0013792759
syn-0458,0,2,2,6,6,0.0008548224,0.0016360884,0.0010225889,0.0021727632,0.0011821764,0.0018808289,0.9843352,0.0019353285,0.0015463723,0.00080146437,0.0016971144,0.0009351784
syn-0461,0,2,2,2,2,0.0018488585,0.0011488235,0.98404145,0.0022873594,0.0013932086,0.00075710466,0.00093993434,0.0024695294,0.0011194745,0.0012133993,0.0009721415,0.0018086771
syn-0463,0,2,2,11,11,0.0010178812,0.0018635058,0.0016884767,0.0011848056,0.0024218438,0.0017634705,0.001048143,0.0015919964,0.0008442653,0.0015947195,0.0013425605,0.9836384
syn-0472,0,2,2,8,8,0.0011830556,0.0009735114,0.0005343526,0.0002597877,0.0005091366,0.0020053338,0.0011689871,0.001123518,0.9895265,0.0008013754,0.0009898082,0.0009246321
syn-0476,0,2,2,7,7,0.0026024256,0.0013895815,0.0028008707,0.0020758482,0.0025652084,0.01148805,0.0017877462,0.96108717,0.0073955436,0.0026628398,0.0028519323,0.0012927051
syn-0478,0,2,2,2,2,0.002759135,0.0014942674,0.9727738,0.0035662027,0.0025012053,0.00094981416,0.0011257312,0.0065512983,0.001520766,0.0028859065,0.0014775798,0.0023942536
syn-0488,0,2,2,10,10,0.0021226932,0.0013755419,0.0007122293,0.0021123537,0.002186602,0.00077462906,0.005335147,0.0006882969,0.00321624,0.0012928331,0.97775,0.0024333827
syn-0492,0,2,2,6,6,0.00069347216,0.0023751974,0.0008052277,0.0017691145,0.0011585153,0.0012842395,0.9860641,0.0012930485,0.0013590789,0.00077513646,0.0013076519,0.0011152219
syn-0493,0,2,2,8,8,0.001167286,0.0008434372,0.0005718139,0.00033516865,0.0006837036,0.0017232425,0.0013790976,0.0014183013,0.9894141,0.0009662975,0.0008150959,0.0006823696
syn-0002,0,2,3,1,1,0.0012208612,0.98575133,0.0010503946,0.00094941584,0.0009766879,0.0013155615,0.002215354,0.001161546,0.000897135,0.0014200322,0.0013847685,0.0016569464
syn-0005,0,2,3,11,11,0.0012752011,0.0037824956,0.0014749316,0.0013048042,0.002709505,0.004127469,0.0014060158,0.0011503617,0.000888063,0.0032671897,0.0018772774,0.97673666
syn-0025,0,2,3,8,8,0.0020306366,0.0009656666,0.0008551154,0.00036260945,0.0006614276,0.0020956078,0.0012702749,0.0021727125,0.9870797,0.0012278905,0.0006398267,0.0006385783
syn-0027,0,2,3,4,4,0.0038696523,0.0017875141,0.001667774,0.0017418485,0.97134084,0.0064528203,0.0020826848,0.004166254,0.0030001074,0.0013052213,0.0006844532,0.0019009416
syn-0033,0,2,3,5,5,0.0015252583,0.0033003031,0.001105598,0.0019413325,0.0021757826,0.9785099,0.0021546378,0.002903234,0.002426668,0.0012285752,0.00093419454,0.0017945628
syn-0035,0,2,3,9,9,0.0019592086,0.008533301,0.0014861271,0.0031338655,0.001887836,0.00158043,0.0025980657,0.0019045016,0.0033506749,0.9422983,0.025732016,0.0055356356
syn-0040,0,2,3,4,4,0.0022590137,0.0016195766,0.0013170278,0.0021190408,0.9815639,0.002324472,0.0015735844,0.0023794498,0.0008743361,0.0014289224,0.001033747,0.0015070336
syn-0051,0,2,3,3,3,0.0011630298,0.0010793095,0.0024292942,0.97694165,0.0035762668,0.0016631186,0.002152498,0.0011455578,0.0007242604,0.0065665296,0.0015850229,0.0009736476
syn-0054,0,2,3,5,5,0.0019512924,0.0015728916,0.0007632048,0.0012669433,0.0013840112,0.9804134,0.002161466,0.0034590764,0.0025949224,0.0012006898,0.0014899112,0.0017423079
syn-0056,0,2,3,8,8,0.0015949596,0.001212826,0.0007686638,0.00033959685,0.00045519593,0.0010442459,0.0013840767,0.0013872907,0.9888735,0.00090438157,0.0013107373,0.0007245652
syn-0058,0,2,3,9,9,0.0019026566,0.0016167361,0.0012927562,0.0025156923,0.0010833073,0.001339013,0.0010469059,0.0030626352,0.0048991023,0.9772145,0.0027384358,0.0012883452
syn-0062,0,2,3,7,7,0.002224248,0.0017238085,0.0067515387,0.002046074,0.0023538668,0.004536644,0.0017137376,0.96929336,0.0029643278,0.0028657692,0.0020252008,0.0015013317
syn-0064,0,2,3,6,6,0.0011766022,0.0049127312,0.0011482245,0.0024438824,0.003775353,0.0020112647,0.96828014,0.001339791,0.0021295114,0.0016714726,0.009604582,0.0015063676
syn-0065,0,2,3,11,11,0.0013073758,0.002626504,0.0014570594,0.0015693149,0.0025234187,0.0017134858,0.0012777142,0.0009140333,0.0006987635,0.0015457394,0.0033125207,0.9810539
syn-0067,0,2,3,5,5,0.0012105202,0.0028743944,0.00128545,0.0019118692,0.0026737167,0.97931266,0.0021116014,0.0023222568,0.0018932896,0.0009285913,0.0014008038,0.0020748079
syn-0068,0,2,3,10,10,0.011783473,0.007053433,0.005077917,0.011029085,0.014123645,0.006167151,0.015172819,0.010002946,0.022835564,0.07461944,0.81248415,0.009650319
syn-0080,0,2,3,3,3,0.0012747895,0.00089999737,0.0029301583,0.9826392,0.00246729,0.0012152254,0.0016448742,0.0008279028,0.0007769835,0.0032896432,0.0012910765,0.00074285234
syn-0100,0,2,3,2,2,0.0021782734,0.0012361533,0.9835844,0.0025049883,0.001385102,0.0008541704,0.0010692792,0.0023567132,0.0011899584,0.0009707417,0.0012440247,0.0014262815
syn-0112,0,2,3,4,4,0.0054753097,0.0021196995,0.0017945787,0.0014863058,0.9680635,0.0037209827,0.0021742089,0.0037911318,0.0060591362,0.0025493656,0.0007411835,0.0020246075
syn-0117,0,2,3,6,6,0.003041598,0.01005369,0.0024897635,0.018668475,0.0785972,0.012180847,0.8474788,0.0017724166,0.0033931476,0.005958068,0.012573262,0.0037927304
syn-0123,0,2,3,10,10,0.0018919776,0.0014353943,0.001153935,0.0012334663,0.00057333504,0.0005276654,0.0012504457,0.0010316065,0.001761905,0.0017075926,0.9862504,0.0011821653
syn-0124,0,2,3,6,6,0.002587141,0.004922733,0.001772047,0.0067240624,0.036543474,0.0032197488,0.9287635,0.001884493,0.0034324294,0.0022887248,0.005595237,0.0022664827
syn-0125,0,2,3,9,9,0.0013062581,0.0028260935,0.0012525413,0.0030520076,0.00087955344,0.0018153319,0.0021327264,0.0021972056,0.002500115,0.9749646,0.005642355,0.0014311458
syn-0135,0,2,3,0,0,0.9807027,0.0009947285,0.0026510062,0.0012128305,0.0022310088,0.0011021399,0.0010908965,0.0013203777,0.0037121421,0.0012954717,0.0027559795,0.0009308179
syn-0142,0,2,3,4,4,0.0040171207,0.0014903161,0.0019695337,0.009553412,0.9706754,0.0026406092,0.0017313312,0.0020350323,0.001437428,0.0021710456,0.00085123215,0.0014276354
syn-0145,0,2,3,2,2,0.011716535,0.0074675097,0.50914335,0.40671805,0.010312074,0.0138071375,0.00408188,0.0072095417,0.002435023,0.017274747,0.0031696719,0.006664481
syn-0149,0,2,3,8,8,0.0024700912,0.001820553,0.0005829857,0.00042652147,0.000676936,0.0016648314,0.0010142185,0.0010993122,0.9844155,0.0023777843,0.002320436,0.0011308901
syn-0150,0,2,3,3,3,0.0031644343,0.102464184,0.0063627497,0.8364132,0.007724758,0.011449947,0.010412577,0.002641403,0.0016822604,0.010043057,0.003940126,0.0037014054
syn-0152,0,2,3,3,4,0.0031137534,0.0012822375,0.0023003914,0.015244102,0.9664278,0.0018117798,0.0015152779,0.0027434789,0.0008024037,0.0022503969,0.0009812074,0.0015271624
syn-0159,0,2,3,11,11,0.001290311,0.0025347236,0.0013234923,0.0013151178,0.0024967215,0.0016255403,0.0013267273,0.0009025433,0.0007887513,0.0016722342,0.0036258413,0.98109794
syn-0162,0,2,3,9,9,0.0019584666,0.0023591917,0.0012006991,0.002338833,0.0010320393,0.0008631437,0.0009019206,0.002591856,0.002837663,0.98042107,0.0017279189,0.0017671685
syn-0168,0,2,3,1,1,0.001977701,0.94748396,0.0013685762,0.0025618356,0.0011809393,0.01800986,0.007921894,0.00127068,0.0036957338,0.005044999,0.006965492,0.0025184262
syn-0170,0,2,3,6,6,0.0013330291,0.002284228,0.0014505264,0.0027850624,0.004506828,0.002418523,0.97474945,0.0020356064,0.0022987735,0.0017183425,0.0026432897,0.0017763546
syn-0174,0,2,3,10,10,0.001979299,0.0018379271,0.0011253982,0.001111744,0.00084206165,0.0005560255,0.0011822901,0.0013495587,0.001170229,0.00096119515,0.9868363,0.0010479627
syn-0177,0,2,3,8,8,0.0012047652,0.0010012267,0.0006392214,0.0003982605,0.0005897416,0.0014144576,0.0016461157,0.0015483896,0.98903906,0.0009094044,0.0010039193,0.00060549827
syn-0182,0,2,3,6,6,0.0009249559,0.0021775316,0.0011853495,0.0019452664,0.0010223341,0.0016352815,0.9840899,0.0016569832,0.001890487,0.0008860535,0.0015857433,0.0010001158
syn-0184,0,2,3,2,2,0.002400907,0.0012303116,0.9818086,0.0023330117,0.0012768254,0.0008618366,0.001177991,0.003456818,0.0012315137,0.0012594876,0.0014202347,0.0015424031
syn-0190,0,2,3,3,1,0.0042474917,0.88206536,0.0034430844,0.032826975,0.0172986,0.031785935,0.005448564,0.002854417,0.001910759,0.010440068,0.002264655,0.005414088
syn-0198,0,2,3,0,0,0.8028041,0.00557007,0.010611506,0.034539882,0.015659833,0.05770237,0.018524012,0.0035095701,0.015871529,0.020965088,0.007620822,0.0066210846
syn-0201,0,2,3,0,0,0.98161894,0.0012916266,0.0024376493,0.0011870008,0.0027975093,0.0010650601,0.0012062822,0.0011766138,0.0028117173,0.0014750839,0.0020364837,0.0008959951
syn-0204,0,2,3,1,1,0.0014972133,0.98233634,0.0008862037,0.0008957748,0.0010932473,0.0022062648,0.0028523318,0.0012601645,0.0029180134,0.0013466884,0.0013833444,0.0013245159
syn-0205,0,2,3,2,2,0.002226762,0.0012052137,0.9817077,0.0038668045,0.0010465968,0.0010134061,0.0010537757,0.0025169456,0.0011000419,0.0014817145,0.0013603618,0.0014207824
syn-0206,0,2,3,8,8,0.0064051747,0.0027427517,0.0011305804,0.0009987087,0.001194131,0.0024110335,0.0021835114,0.0018504095,0.91956717,0.006816609,0.05157534,0.003124683
syn-0215,0,2,3,10,10,0.003094462,0.0035586618,0.0017520147,0.0021081797,0.00089048286,0.0011739519,0.0023199092,0.001436952,0.0040412694,0.026928581,0.9501927,0.0025029145
syn-0221,0,2,3,11,11,0.0047715395,0.007693208,0.0019170812,0.0033253836,0.004827785,0.010882238,0.007051017,0.0012377605,0.019286348,0.0029605469,0.010401666,0.9256454
syn-0228,0,2,3,6,6,0.009026316,0.0052470383,0.004320313,0.044104867,0.38437137,0.025044447,0.49547425,0.004749572,0.0051055085,0.009874819,0.0049532633,0.007728161
syn-0244,0,2,3,3,3,0.0012934079,0.001032202,0.0024923477,0.9815337,0.0033450304,0.0021409455,0.0017532648,0.00089986325,0.0007678169,0.0024472764,0.0016132129,0.00068091275
syn-0251,0,2,3,10,10,0.0018133451,0.0023173227,0.0017404744,0.0018253379,0.0005905785,0.000831224,0.0027168007,0.0011756531,0.002867281,0.003926052,0.97890353,0.0012924637
syn-0257,0,2,3,4,4,0.0053695925,0.0037465214,0.0020389387,0.001972351,0.9426168,0.022189882,0.0020230715,0.012490013,0.0024343394,0.0018090475,0.0011945403,0.002114991
syn-0258,0,2,3,3,3,0.00564958,0.010578021,0.007357656,0.5272707,0.032195143,0.37389088,0.011531498,0.0060937568,0.0031536906,0.014508166,0.003605147,0.0041657393
syn-0292,0,2,3,11,11,0.0017412585,0.0019410923,0.001346855,0.0014527463,0.0026092464,0.0017549156,0.0010448423,0.001039753,0.0007434409,0.001976962,0.0018910414,0.9824578
syn-0300,0,2,3,10,10,0.0018528841,0.0014341155,0.0012191999,0.0011467312,0.0007006405,0.0005746451,0.0014992753,0.0014767522,0.0013751407,0.0009958108,0.9865753,0.0011495342
syn-0303,0,2,3,7,7,0.0072530727,0.004510137,0.0042721974,0.0033451095,0.00917434,0.11620443,0.008961817,0.8209228,0.009817433,0.007308175,0.0034177545,0.004812751
syn-0306,0,2,3,5,5,0.003838459,0.0034382534,0.0012541006,0.001579151,0.0037158234,0.9323859,0.0044909013,0.0073555983,0.036294024,0.0014863755,0.0021690086,0.0019923388
syn-0310,0,2,3,10,10,0.0018654993,0.0011473383,0.001384292,0.0012303133,0.0008660563,0.0005206932,0.0012029875,0.0014115948,0.0016259261,0.001981092,0.9846906,0.0020735073
syn-0312,0,2,3,11,11,0.0022685996,0.0018398612,0.0013002051,0.0016110362,0.0021228436,0.0034952806,0.0014168834,0.0015230658,0.0026907423,0.0019338151,0.0026943577,0.97710335
syn-0324,0,2,3,7,7,0.004450467,0.0055671646,0.0029279655,0.001987944,0.0028713336,0.011372992,0.0019399978,0.9422151,0.012558058,0.0072715953,0.003966066,0.0028713336
syn-0327,0,2,3,1,1,0.0016689097,0.9758065,0.0010806904,0.0008054573,0.0016770787,0.002331237,0.0031009952,0.0011303441,0.0067637977,0.0019449705,0.0012640723,0.002425879
syn-0339,0,2,3,7,7,0.0016988562,0.0016289945,0.0031063247,0.0014015409,0.0025499738,0.0036562374,0.0018040132,0.97743875,0.0023609325,0.0020317761,0.0013321458,0.0009904503
syn-0340,0,2,3,9,9,0.001965539,0.0018985656,0.001617598,0.0032854362,0.001118291,0.0009602687,0.001268428,0.0030128623,0.0023894878,0.96634454,0.013824607,0.0023142754
syn-0341,0,2,3,8,8,0.0024201411,0.0012787543,0.00085516804,0.00038320254,0.0005746936,0.00200698,0.0013933375,0.0015553292,0.9866585,0.00163985,0.00058090035,0.0006531238
syn-0351,0,2,3,11,11,0.0013578617,0.0030325176,0.001647519,0.0014334876,0.0032140906,0.00278063,0.001647519,0.0014789914,0.00070376176,0.0018650613,0.0014133322,0.97942513
syn-0355,0,2,3,5,5,0.01680861,0.006422193,0.0054371543,0.0056814197,0.009840609,0.48895928,0.013227446,0.00277974,0.020152219,0.01162909,0.3975211,0.021541145
syn-0360,0,2,3,0,0,0.9773974,0.0011946606,0.0023344678,0.002032186,0.005911994,0.0011795899,0.0011795899,0.0012648974,0.0021775577,0.0019457645,0.0019880205,0.0013939744
syn-0364,0,2,3,4,4,0.014938542,0.0059085074,0.005416659,0.00913342,0.8125858,0.047021836,0.010085123,0.0037999467,0.024352953,0.006394862,0.025058614,0.03530381
syn-0375,0,2,3,8,8,0.0015687724,0.00194237,0.0007412166,0.00034825038,0.0005736074,0.0013304251,0.0015866834,0.0016506956,0.98575574,0.0018977948,0.0016229231,0.000981473
syn-0376,0,2,3,5,5,0.0012205826,0.0018616206,0.00092902384,0.0017608268,0.0013669878,0.9797688,0.0039904285,0.0036439865,0.0021432356,0.0007627031,0.0012164179,0.0013353215
syn-0385,0,2,3,5,4,0.005125118,0.0022862263,0.0020274632,0.0019989563,0.94512445,0.023271164,0.0021656128,0.0111983875,0.0021330793,0.0021825978,0.0006898097,0.0017971101
syn-0392,0,2,3,1,1,0.0010535175,0.9848275,0.0012167428,0.0010432793,0.0010201074,0.0011374565,0.002238069,0.0011943746,0.0009130798,0.0017777132,0.0014995451,0.0020786112
syn-0405,0,2,3,8,8,0.0018215125,0.0012290414,0.0007599685,0.00037584445,0.00042092582,0.0013761251,0.0011545776,0.0017418959,0.9877637,0.00146452,0.0009620984,0.0009297699
syn-0410,0,2,3,10,10,0.0024525367,0.0015142877,0.0009882568,0.0012185479,0.00062359014,0.00083708606,0.0009583192,0.0023212354,0.0017871006,0.0017497559,0.98340327,0.0021459404
syn-0418,0,2,3,0,0,0.979107,0.0013389884,0.0028142964,0.0017176168,0.003634198,0.001364731,0.0012468561,0.0014170186,0.0021834977,0.0013188731,0.0025484087,0.0013086096
syn-0420,0,2,3,2,2,0.0020041624,0.001033419,0.9831708,0.002714897,0.001360395,0.0007579136,0.001043051,0.0031276895,0.0011130361,0.0010662233,0.001178474,0.0014298646
syn-0422,0,2,3,1,1,0.0011127107,0.9843242,0.0011908534,0.0011514003,0.000901981,0.0011208903,0.002322913,0.001729723,0.000913059,0.0017386138,0.0019698672,0.0015238686
syn-0428,0,2,3,8,1,0.0018358126,0.97447735,0.001135438,0.00089820544,0.0015278988,0.0021426177,0.002758237,0.001007909,0.007538965,0.0017689354,0.0028308944,0.0020777103
syn-0429,0,2,3,2,2,0.0037783175,0.004747178,0.9557363,0.010340981,0.0019297757,0.0017130292,0.0019430128,0.0070416145,0.0023655656,0.005620493,0.0019525235,0.0028312113
syn-0430,0,2,3,1,1,0.002012196,0.9435197,0.0020750563,0.0034615176,0.0053672167,0.02504592,0.003908075,0.0019877823,0.0008790633,0.002300245,0.0029550157,0.0064883153
syn-0435,0,2,3,10,10,0.0014691966,0.0013131268,0.0010456387,0.001245978,0.000661088,0.00064200116,0.0012949797,0.0014050009,0.0010574479,0.0015158339,0.9870547,0.0012949797
syn-0445,0,2,3,6,6,0.0013320108,0.0027421317,0.001098897,0.0017483324,0.0017111712,0.0030864507,0.97590905,0.0016953695,0.007755548,0.00081982714,0.001058865,0.0010424488
syn-0447,0,2,3,7,7,0.001546907,0.0018450881,0.0029754692,0.001517728,0.0015944532,0.0028038237,0.0015341196,0.97796726,0.0024873877,0.00236394,0.0018805607,0.0014832938
syn-0464,0,2,3,4,4,0.008816586,0.0020035994,0.0016582061,0.002075798,0.97429377,0.0015448636,0.0020834138,0.0018390552,0.0012119854,0.0017259461,0.00091843517,0.001828311
syn-0469,0,2,3,9,9,0.0021916858,0.002462074,0.0009965909,0.0018072386,0.0012709303,0.0010977524,0.001167981,0.0022739908,0.002003852,0.97966444,0.0029587462,0.0021046384
syn-0474,0,2,3,0,0,0.9788846,0.0012699185,0.0021081036,0.0021702477,0.0027717263,0.0025335632,0.0011906503,0.0014397091,0.0023847152,0.0028243244,0.0014160048,0.0010065523
syn-0477,0,2,3,7,5,0.018765071,0.04288295,0.021885097,0.022701409,0.038696617,0.4043617,0.02514044,0.20937076,0.08934847,0.03378064,0.019427028,0.073639736
syn-0485,0,2,3,10,10,0.0024090142,0.0012844253,0.0009669347,0.0011167455,0.000846263,0.0005001716,0.0019261803,0.00097071927,0.0036066594,0.00095894164,0.9845227,0.00089121715
syn-0007,0,2,4,6,6,0.008343719,0.0030717314,0.0019411043,0.0031987778,0.008247014,0.02064586,0.9335909,0.002366706,0.011663565,0.0018522145,0.0013458773,0.0037324529
syn-0014,0,2,4,0,0,0.97451574,0.0014381909,0.0022384166,0.0017187694,0.0045361,0.0031868732,0.0013550193,0.0012544123,0.0032016907,0.0028622795,0.0020833795,0.0016091253
syn-0019,0,2,4,0,0,0.9766028,0.0010411544,0.0021212383,0.002194459,0.0041233785,0.000981902,0.0012382137,0.0009314636,0.0015016147,0.0026354159,0.0053262864,0.0013020799
syn-0023,0,2,4,1,1,0.0010117614,0.98587406,0.0009339004,0.001074388,0.0014710262,0.0013472555,0.0015847443,0.0012877592,0.0009644871,0.0017961891,0.0010812297,0.0015731798
syn-0024,0,2,4,2,2,0.002792111,0.0012930742,0.97650087,0.0032675974,0.0015124952,0.0013393423,0.0014623861,0.0030644757,0.0012064553,0.00435045,0.0013089556,0.0019017314
syn-0029,0,2,4,2,2,0.002618678,0.0013316249,0.9799232,0.0028325026,0.0016808677,0.0012663099,0.001297606,0.0030028785,0.0010905617,0.0020127178,0.0010852497,0.0018578275
syn-0036,0,2,4,5,5,0.0030666543,0.0015377812,0.0009506433,0.001654639,0.0045065684,0.97743374,0.0017622142,0.0019250463,0.001581182,0.0011327821,0.0014531013,0.0029956156
syn-0043,0,2,4,9,9,0.002191021,0.0022583648,0.001743426,0.00213609,0.0016749997,0.0014825191,0.0014481766,0.00664419,0.004323984,0.94738317,0.025569467,0.0031446286
syn-0061,0,2,4,4,4,0.0023249737,0.0016927017,0.0012554547,0.0021091744,0.9791428,0.0027476521,0.002142389,0.0016294457,0.00085031317,0.0014074164,0.001735807,0.0029617317
syn-0074,0,2,4,5,5,0.010439506,0.010988694,0.001337644,0.002277632,0.0037625218,0.9471049,0.0038292448,0.003721412,0.0084583,0.0034763676,0.0022075565,0.0023962802
syn-0075,0,2,4,7,7,0.0026854607,0.0015875907,0.003220359,0.0016323971,0.005678185,0.0048316773,0.0015798575,0.96618015,0.002972534,0.002300925,0.0031205174,0.0042102784
syn-0082,0,2,4,1,1,0.004506199,0.57203716,0.003401457,0.005022121,0.0022438392,0.102160774,0.100576915,0.0122850565,0.036658503,0.011317525,0.13547325,0.014317174
syn-0083,0,2,4,0,0,0.97571397,0.0011105431,0.0024578397,0.0018498473,0.0038809108,0.0044576405,0.0011949345,0.0012232715,0.003145928,0.0018131824,0.0013807443,0.0017711801
syn-0095,0,2,4,11,11,0.00094359124,0.0026982324,0.0018046655,0.0012512766,0.0021651813,0.0024648793,0.0015286113,0.0014600361,0.0014983135,0.005459236,0.003794218,0.9749317
syn-0102,0,2,4,1,1,0.0017267895,0.9776299,0.0012322746,0.00087253435,0.0017938245,0.0017565538,0.002518298,0.0017420334,0.0063379603,0.0016453024,0.00094712706,0.0017973315
syn-0105,0,2,4,4,4,0.021781705,0.0017465333,0.0016081965,0.002989142,0.95745,0.0035874837,0.0009645273,0.0017002535,0.0009330278,0.002952875,0.001504871,0.002781429
syn-0106,0,2,4,10,10,0.001862549,0.0024729043,0.0010290997,0.0019904329,0.0006703022,0.0011844863,0.013675396,0.0015623089,0.00641266,0.0022798153,0.9652955,0.001564599
syn-0107,0,2,4,10,10,0.0014134865,0.0011100002,0.00082407694,0.00092337315,0.0007521647,0.0007466758,0.0013175143,0.0011635543,0.0013623269,0.0015900019,0.9872147,0.0015822571
syn-0108,0,2,4,8,10,0.007081917,0.009323789,0.0018703465,0.0017725388,0.0015997922,0.006116183,0.006697662,0.0032905843,0.46214992,0.0035928858,0.49003807,0.0064662886
syn-0113,0,2,4,11,11,0.002070797,0.0037419552,0.0012440996,0.0011005978,0.002390466,0.0020855102,0.0009884982,0.000842211,0.004106224,0.002744365,0.0031730437,0.9755123
syn-0119,0,2,4,6,6,0.0011728968,0.002158341,0.0010763106,0.0023054082,0.0011524596,0.003413834,0.979474,0.001612581,0.0012136791,0.0009733156,0.0039403467,0.0015067649
syn-0122,0,2,4,3,3,0.0011069305,0.00082019443,0.0023840552,0.98448455,0.0016911672,0.0016461537,0.0016309523,0.0011320745,0.0005980196,0.0023336664,0.0013463425,0.0008258205
syn-0127,0,2,4,11,11,0.010249166,0.107478835,0.0042620692,0.0062805037,0.022008251,0.008340653,0.035808053,0.002303709,0.020852897,0.016817762,0.011489735,0.75410837
syn-0136,0,2,4,6,6,0.004759011,0.040871397,0.0024834513,0.010542872,0.0069006938,0.026292097,0.7879344,0.002960714,0.005847969,0.08909715,0.017273985,0.005036344
syn-0138,0,2,4,4,4,0.004199939,0.0032363618,0.001746739,0.0029409914,0.9664877,0.0033147282,0.0030225187,0.0030313868,0.0009986694,0.00188499,0.0031161804,0.0060198074
syn-0156,0,2,4,6,6,0.0012634759,0.005320731,0.0009234764,0.002007233,0.0017957613,0.0077624363,0.97201806,0.001848247,0.002726868,0.00086161576,0.0016762873,0.0017957613
syn-0161,0,2,4,2,2,0.0023042988,0.0010398974,0.9821146,0.0028845984,0.0014465771,0.00093306875,0.0010562735,0.003134644,0.0010267791,0.0014075582,0.000997621,0.0016540609
syn-0176,0,2,4,10,10,0.0011596363,0.0011092374,0.0008779076,0.0011228608,0.0007224998,0.0007092177,0.0021270474,0.000815906,0.0016487791,0.0023922336,0.9860547,0.0012600031
syn-0185,0,2,4,7,7,0.009739802,0.005576736,0.029305734,0.005790399,0.010881462,0.0059277145,0.004290471,0.8602111,0.0095888,0.047036685,0.004625534,0.0070256004
syn-0189,0,2,4,10,10,0.0027485345,0.0043261643,0.0012412836,0.0018807554,0.0013252164,0.0018973585,0.0018318131,0.00055894424,0.0026607215,0.0034232177,0.9662017,0.011904165
syn-0192,0,2,4,5,5,0.0014327153,0.002228262,0.0013697795,0.002036299,0.0017631307,0.9746052,0.0026743785,0.005519042,0.0025151076,0.0014919722,0.00123327,0.0031308667
syn-0194,0,2,4,1,1,0.0015235551,0.9778946,0.0013804557,0.00084097625,0.0017725402,0.001789061,0.0027291582,0.0015392577,0.00606711,0.0018772101,0.00091198017,0.0016741151
syn-0195,0,2,4,4,4,0.0046906075,0.005286683,0.0015753817,0.0034917255,0.8627817,0.102043174,0.0039672838,0.0024269288,0.0046643424,0.003221444,0.0019095744,0.003941218
syn-0200,0,2,4,5,5,0.0039250394,0.0064005894,0.0025968277,0.006190048,0.006402934,0.8609199,0.0041234614,0.09546719,0.0049957493,0.0039040146,0.0015781348,0.0034961202
syn-0203,0,2,4,8,8,0.0016238437,0.0015706205,0.0006716509,0.00040460157,0.00066059246,0.00208264,0.002155712,0.00092343293,0.9863149,0.0013710906,0.0011750488,0.0010458758
syn-0207,0,2,4,0,0,0.9719273,0.0010261001,0.0019691868,0.0012474206,0.003759738,0.0064315433,0.0011116478,0.0012720238,0.004900033,0.0017403489,0.0028172892,0.0017973479
syn-0208,0,2,4,8,8,0.0013140095,0.0010111824,0.0005310375,0.00041967523,0.0006474716,0.0018372837,0.0027034231,0.00082893786,0.98675436,0.00083707256,0.0024068234,0.000708682
syn-0209,0,2,4,7,7,0.003566775,0.0036998156,0.008083113,0.002242956,0.0113268895,0.014597372,0.003012338,0.9335968,0.007453788,0.0033425048,0.0029903555,0.0060873185
syn-0211,0,2,4,0,0,0.9825104,0.0009763329,0.002520849,0.001415018,0.0027876815,0.0011509634,0.0009839905,0.0010907748,0.0016779157,0.0016914887,0.0018495908,0.0013449555
syn-0217,0,2,4,6,6,0.005662063,0.00874392,0.004756309,0.007453552,0.0025149803,0.015331079,0.9068348,0.0035501563,0.0076601724,0.0036807784,0.02710468,0.006707471
syn-0219,0,2,4,0,0,0.98264873,0.0010333747,0.002232436,0.0015072266,0.0021500604,0.001659411,0.0011178902,0.0013783897,0.0018831154,0.0017772481,0.0013980466,0.0012140509
syn-0224,0,2,4,8,8,0.0024104547,0.0030167517,0.00067230716,0.00045136563,0.0009994445,0.0023793567,0.0041567655,0.0009705886,0.9805525,0.0007362249,0.0024783337,0.0011759095
syn-0226,0,2,4,6,6,0.00085729576,0.0036733563,0.0010534626,0.0019542417,0.0008784834,0.0019164433,0.981416,0.0018543089,0.0013780054,0.0010816087,0.0018747932,0.002062076
syn-0229,0,2,4,7,7,0.0045786886,0.0014923462,0.0038784188,0.0022777792,0.0030921453,0.008659442,0.0026454977,0.96302176,0.00452797,0.0019237101,0.0023952653,0.0015069912
syn-0234,0,2,4,4,6,0.0011175519,0.00210321,0.0009728442,0.004682723,0.007848789,0.004025196,0.97043276,0.0015852625,0.0034595742,0.0012675896,0.0011643422,0.0013401494
syn-0243,0,2,4,10,10,0.0025027862,0.0031524457,0.0010803841,0.0013597449,0.00087492174,0.0016353673,0.0013744303,0.002807782,0.0043930626,0.0037381419,0.9707781,0.0063027656
syn-0250,0,2,4,11,11,0.0011144668,0.0019027273,0.0014931032,0.0009970524,0.0019631262,0.0018178127,0.00089287956,0.0014310039,0.0011436845,0.0035599733,0.0035660628,0.98011804
syn-0253,0,2,4,3,3,0.0010379021,0.00079929194,0.0028268262,0.9840666,0.001662617,0.0016408414,0.0020591521,0.0014961933,0.0006603752,0.0016081231,0.0013451141,0.0007969537
syn-0255,0,2,4,2,2,0.0025658058,0.0013013191,0.9812888,0.0026022375,0.0015766037,0.0011495323,0.001158548,0.0029007473,0.0010441088,0.0017592581,0.00095906423,0.0016939285
syn-0259,0,2,4,4,4,0.0028587535,0.0013073159,0.0010696083,0.0023084576,0.98053,0.002066007,0.0017751489,0.0015608369,0.0009868138,0.0013991252,0.0016405423,0.002497257
syn-0260,0,2,4,11,11,0.0071230307,0.030895747,0.003790409,0.0052164122,0.009390518,0.020055221,0.044931103,0.0066588745,0.0072352025,0.018334195,0.1591391,0.6872301
syn-0265,0,2,4,3,3,0.0012898735,0.00078120263,0.0020127269,0.98028654,0.0027319961,0.00269605,0.0021740196,0.00115793,0.0006539953,0.0037033272,0.0014959141,0.0010163959
syn-0269,0,2,4,10,10,0.0014844683,0.0010805064,0.0009296373,0.000776741,0.00081362016,0.0007495421,0.0016180769,0.0007620895,0.0022589893,0.0028060435,0.98473364,0.001986749
syn-0285,0,2,4,11,11,0.0011384231,0.0018045971,0.001454644,0.0013873534,0.0019950701,0.0021794182,0.0011023204,0.0010462072,0.0017503571,0.002157185,0.0016833019,0.9823011
syn-0286,0,2,4,8,8,0.0018746787,0.0020613207,0.0009824745,0.0004940192,0.00074596883,0.0026340568,0.0023156258,0.0014534218,0.9829146,0.0029152792,0.0008419979,0.00076664786
syn-0289,0,2,4,8,8,0.07491293,0.05076293,0.005816289,0.002901854,0.010823895,0.34741017,0.012427847,0.05325107,0.4117548,0.007826672,0.00728814,0.014823434
syn-0299,0,2,4,1,1,0.0016282737,0.9817885,0.0009813489,0.001388662,0.0015628402,0.0033389623,0.0019031803,0.001327013,0.0014460969,0.0021273019,0.00095487875,0.0015529513
syn-0305,0,2,4,1,1,0.0009103264,0.9857005,0.0011547004,0.0007539504,0.0009516875,0.00093373604,0.0017148895,0.0012315752,0.000992502,0.001902385,0.0017574867,0.0019962396
syn-0307,0,2,4,3,3,0.0115507515,0.011382785,0.0047323243,0.6382394,0.023804987,0.005248447,0.012503069,0.004406706,0.009406758,0.2650205,0.0068019517,0.006902322
syn-0321,0,2,4,9,9,0.001244333,0.0023976367,0.001238272,0.0024173264,0.0011575829,0.0009944937,0.0011208726,0.0015024187,0.0016205407,0.98286784,0.0015722165,0.0018665974
syn-0326,0,2,4,1,1,0.0026959146,0.9467789,0.0017958663,0.0012115891,0.00462413,0.0030984364,0.004607227,0.0038636052,0.011484018,0.004853151,0.003022231,0.011964834
syn-0333,0,2,4,5,5,0.0056539075,0.0011497834,0.0014520437,0.0019434716,0.008591764,0.9601721,0.0026203396,0.001787789,0.009956891,0.0013587507,0.0022043935,0.003108693
syn-0338,0,2,4,8,8,0.0025886903,0.002513432,0.0008943749,0.0005607797,0.0009058017,0.0019454034,0.002228511,0.0015124948,0.97984385,0.0043192287,0.0016458108,0.0010415537
syn-0350,0,2,4,2,2,0.0027717166,0.0014257128,0.9803161,0.0028190617,0.0015014478,0.0011092626,0.0012830028,0.0028891745,0.0011947227,0.0019171018,0.00086727564,0.0019054363
syn-0352,0,2,4,8,8,0.0015449731,0.0017230688,0.00079956703,0.00035394056,0.000621185,0.0014861488,0.001420172,0.0016471266,0.9872936,0.0012563609,0.00094166026,0.00091224286
syn-0353,0,2,4,7,7,0.0044031614,0.007332618,0.005150331,0.005246786,0.008315032,0.056878444,0.0024103783,0.8674222,0.008812493,0.02145202,0.0063971835,0.006179207
syn-0363,0,2,4,9,9,0.023801534,0.024876896,0.002207411,0.0097920075,0.004835575,0.0055602803,0.009936501,0.0033659,0.020626191,0.7197686,0.15265013,0.022578897
syn-0368,0,2,4,9,9,0.0024781683,0.0019781815,0.0014416261,0.0020690714,0.0023537413,0.0010328022,0.0010614324,0.0011852704,0.0028026535,0.9735103,0.0047849654,0.0053016483
syn-0377,0,2,4,5,5,0.003145956,0.005509206,0.0038263774,0.004117148,0.0035422782,0.8680375,0.0055105514,0.0897209,0.0044713053,0.003651155,0.0026543397,0.005813202
syn-0378,0,2,4,2,2,0.0022219033,0.0011475136,0.9810017,0.002987344,0.001167293,0.0012143856,0.0011100384,0.0032637788,0.00093657343,0.002216756,0.0011380279,0.0015947216
syn-0379,0,2,4,3,3,0.0036019252,0.0027536128,0.008735487,0.8952415,0.019739868,0.0030301649,0.0045956993,0.0020989338,0.002369131,0.04986893,0.0045244494,0.0034403391
syn-0386,0,2,4,10,10,0.0020503327,0.0014716703,0.0010941867,0.00078389136,0.0010698843,0.00076274737,0.0010814391,0.0018201565,0.0014018798,0.0016843972,0.98462164,0.0021577654
syn-0391,0,2,4,0,0,0.9816128,0.000953776,0.0024039473,0.0012324711,0.0028479595,0.0019436886,0.00088988553,0.0010993987,0.0024978793,0.0016503929,0.0017094465,0.0011583649
syn-0399,0,2,4,8,8,0.0012198472,0.0007914477,0.0006218214,0.00038496818,0.0006181885,0.0018842693,0.0015426904,0.0011364677,0.988305,0.0010264624,0.0016875025,0.0007814635
syn-0402,0,2,4,1,1,0.0015206888,0.9770085,0.0011066,0.0010621303,0.0023888773,0.0017426272,0.003425043,0.0015348623,0.0010642068,0.0015874552,0.0033965232,0.004162523
syn-0403,0,2,4,9,9,0.0042363005,0.0024487916,0.001426625,0.0016436396,0.0017990256,0.0018597613,0.0010346079,0.001879847,0.004114493,0.9761652,0.0011943202,0.0021972272
syn-0408,0,2,4,4,4,0.08713891,0.027030647,0.0065959035,0.007372648,0.395519,0.031289663,0.03762466,0.005336312,0.34430468,0.013311086,0.01795581,0.026520772
syn-0413,0,2,4,9,9,0.002053594,0.003954301,0.0022193806,0.0016859443,0.0018417289,0.0020060225,0.0013271954,0.0020425934,0.0014308423,0.97714055,0.001009677,0.0032882502
syn-0432,0,2,4,6,6,0.0012289886,0.001769926,0.0009372508,0.002852779,0.0015430033,0.0036219123,0.9807529,0.001816771,0.0014389396,0.00085504487,0.0013262607,0.0018562255
syn-0437,0,2,4,3,10,0.006197059,0.003931405,0.001369313,0.021831464,0.009502017,0.009862139,0.006038744,0.001358657,0.01217331,0.019464768,0.89317095,0.015100077
syn-0468,0,2,4,6,6,0.0007404896,0.0014144956,0.00077602646,0.0022551555,0.000994979,0.0014878173,0.9862325,0.0013008694,0.0015657041,0.0009108177,0.0013599751,0.00096107624
syn-0473,0,2,4,10,10,0.00121875,0.0010205437,0.0008108721,0.00097143516,0.0008556156,0.00053726375,0.0011407245,0.00086359045,0.0017825888,0.0017577269,0.98765707,0.0013837246
syn-0484,0,2,4,3,3,0.0011607448,0.0007747344,0.002552067,0.98507154,0.0015718992,0.0013458302,0.0016188298,0.0011772981,0.00061978697,0.0019867523,0.0013053792,0.00081509247
syn-0491,0,2,4,10,10,0.0016948516,0.0012401313,0.0008841207,0.0009979343,0.0006634704,0.0006667179,0.0015283696,0.0013905776,0.0016119172,0.0029829205,0.98482436,0.001514626
syn-0499,0,2,4,11,11,0.0014021434,0.003104342,0.0012847956,0.001222971,0.002259019,0.001537699,0.0009736104,0.0008890832,0.0010084476,0.0040522865,0.001537699,0.9807278
syn-0005,1,0,0,11,11,0.00097555737,0.0023607556,0.0019798428,0.0011562426,0.0017463521,0.0020419417,0.0019800842,0.0013386477,0.00048152314,0.0016341499,0.0016159004,0.982689
syn-0007,1,0,0,6,6,0.01385442,0.0059662173,0.0030338836,0.005316838,0.04863083,0.023562307,0.7202297,0.0015300084,0.1619654,0.005056051,0.0045588487,0.00629543
syn-0009,1,0,0,8,8,0.0005780168,0.0007985879,0.0005825502,0.00043801765,0.0013848986,0.0006087214,0.0014734073,0.0008961246,0.9904275,0.0010615794,0.0013390166,0.00041147944
syn-0023,1,0,0,1,1,0.0014118404,0.9872694,0.0009229736,0.001455946,0.0010607811,0.0011816546,0.00091445044,0.0008928311,0.00089108903,0.0013092502,0.0011565383,0.0015332868
syn-0029,1,0,0,2,2,0.0011485122,0.0008840415,0.9876253,0.0014321412,0.0006499444,0.0005017478,0.0019630084,0.0014470784,0.0008694862,0.0007936114,0.0013434027,0.0013417639
syn-0034,1,0,0,0,0,0.98361754,0.0016201937,0.0011612974,0.0009850994,0.0023456127,0.002688258,0.0009913723,0.0017505646,0.0007292096,0.0011135419,0.0011092005,0.001888196
syn-0042,1,0,0,9,9,0.0009108776,0.0015612264,0.0010623271,0.0023721734,0.000992618,0.00062177144,0.0004991197,0.0012317195,0.0013814825,0.98726106,0.0010520032,0.0010535454
syn-0065,1,0,0,11,11,0.0012214306,0.0015504545,0.0019665489,0.0008341644,0.00091436267,0.0013986686,0.0016246642,0.0014339362,0.0005660798,0.0010150766,0.0012635917,0.9862111
syn-0071,1,0,0,6,6,0.0011129685,0.0008343894,0.0014604714,0.0021179812,0.0014360748,0.0019908738,0.9859956,0.00029794683,0.0010054833,0.00061915786,0.001634453,0.0014945583
syn-0073,1,0,0,11,11,0.0064067333,0.024894562,0.00282188,0.001566783,0.0029486534,0.004971937,0.005173784,0.0031572706,0.0047838003,0.00318048,0.012296652,0.92779744
syn-0082,1,0,0,1,6,0.005448274,0.28053686,0.006197866,0.010455773,0.006623416,0.11513208,0.33055317,0.004455445,0.027543508,0.0117041925,0.17936797,0.021981392
syn-0087,1,0,0,5,5,0.0065010753,0.005311208,0.002985142,0.007287973,0.016473899,0.6309098,0.031564903,0.006233733,0.093776375,0.007140035,0.17553985,0.01627601
syn-0112,1,0,0,4,4,0.002371602,0.0013081252,0.0008591471,0.0015848494,0.97397727,0.003799073,0.001292254,0.00096596486,0.010374965,0.0012151465,0.0011875773,0.0010640178
syn-0117,1,0,0,6,6,0.0009854698,0.0012579757,0.002097475,0.01800477,0.009885088,0.0017593652,0.95557797,0.0003479653,0.0017861989,0.002148264,0.00339914,0.0027503562
syn-0118,1,0,0,5,5,0.0020780324,0.0014514644,0.0005657711,0.0010974967,0.0027638262,0.9837499,0.0014088697,0.0023361985,0.0014185337,0.00086311926,0.000641729,0.0016249678
syn-0123,1,0,0,10,10,0.0007836394,0.00101708,0.00081128295,0.0008845178,0.0007909432,0.00054653443,0.0023844931,0.0005230369,0.0020013372,0.0013057973,0.98815745,0.000794039
syn-0127,1,0,0,11,11,0.024774337,0.06987259,0.0056053656,0.01790975,0.114136614,0.014753756,0.06759069,0.003490662,0.03465495,0.010836325,0.18274637,0.45362866
syn-0130,1,0,0,6,8,0.007357015,0.012014722,0.0061650514,0.0054247226,0.018253297,0.009962987,0.23682797,0.0026232246,0.66810364,0.0039843456,0.020537768,0.008745207
syn-0133,1,0,0,2,2,0.0033641837,0.0024249062,0.95935535,0.0035007608,0.0015174674,0.001495401,0.0042224657,0.013263443,0.0020479667,0.0018949847,0.0029057777,0.0040072775
syn-0134,1,0,0,5,5,0.0033411619,0.0012200263,0.0010163881,0.0013438681,0.009666793,0.96272784,0.0021018493,0.0032316518,0.008369997,0.0021559002,0.0030536968,0.001770799
syn-0144,1,0,0,9,9,0.0010225244,0.0015660304,0.0009785623,0.0023343046,0.00089447846,0.0006512267,0.00074809487,0.0008627353,0.0026306233,0.98475385,0.002440066,0.0011175532
syn-0151,1,0,0,10,10,0.006146432,0.01032858,0.0039145476,0.005123013,0.0080951275,0.006403773,0.023015877,0.004295093,0.0056073307,0.0070194458,0.7139083,0.20614238
syn-0152,1,0,0,3,3,0.0025335774,0.0023431762,0.0012438439,0.92747366,0.05294127,0.0020688556,0.0027880308,0.0011358558,0.0014025947,0.002935416,0.0015003623,0.0016334063
syn-0153,1,0,0,4,5,0.050381023,0.004502242,0.0021080985,0.0042918758,0.23895021,0.67805195,0.004764612,0.0024622113,0.0033035749,0.0041863183,0.0017290018,0.005268797
syn-0154,1,0,0,1,1,0.0015284672,0.9860902,0.00080524903,0.0012429385,0.00091872556,0.0022453882,0.0010872909,0.00074911007,0.0011831281,0.0014641819,0.0011602443,0.0015251123
syn-0155,1,0,0,4,4,0.0012671715,0.0011347765,0.0005601118,0.0016274778,0.984428,0.0022551718,0.0013029348,0.00055196683,0.003190339,0.0009421418,0.0015582672,0.0011817107
syn-0162,1,0,0,9,9,0.0012717398,0.0017849228,0.0007472524,0.001141094,0.0009943085,0.00066267565,0.00066591933,0.0014730846,0.0027780742,0.9865307,0.0011124857,0.00083770056
syn-0164,1,0,0,8,8,0.0011317985,0.0013725621,0.000701721,0.00050198735,0.0020900988,0.002495116,0.0016862205,0.0010768103,0.9852062,0.0013401121,0.0019766928,0.00042065672
syn-0170,1,0,0,6,6,0.00084687327,0.00078093854,0.0018246238,0.00201758,0.002127026,0.0014210185,0.98379046,0.00048679352,0.0018228429,0.00087889057,0.0026286913,0.0013742754
syn-0173,1,0,0,8,8,0.0005950118,0.0007599178,0.0006169044,0.00050498,0.0011839003,0.00083460636,0.0016385743,0.00078136486,0.9901121,0.0010171033,0.0015282517,0.00042731717
syn-0190,1,0,0,3,1,0.0059179673,0.628309,0.0029903066,0.29970473,0.010853628,0.022443496,0.0070967274,0.0023220403,0.0019958678,0.010432101,0.0019288025,0.006005295
syn-0193,1,0,0,11,11,0.010196323,0.017755842,0.0055436445,0.009311096,0.17212123,0.012299113,0.019673131,0.0060825595,0.033958938,0.037870064,0.20822698,0.46696106
syn-0198,1,0,0,0,0,0.7468478,0.010873942,0.009419806,0.07365965,0.05697538,0.02084843,0.038158186,0.0031986742,0.003186204,0.013049402,0.013222578,0.01055999
syn-0201,1,0,0,0,0,0.9852878,0.0013800684,0.0013284954,0.0010954617,0.0022812057,0.0013915716,0.0010326145,0.0014385518,0.0011838983,0.0010096795,0.0012179059,0.0013527146
syn-0204,1,0,0,1,1,0.0020299251,0.9852895,0.0009578159,0.0012720017,0.0009545477,0.0016036483,0.0013666591,0.00091172574,0.00230597,0.0012553423,0.00091261655,0.0011402149
syn-0209,1,0,0,7,7,0.0040280246,0.0031973394,0.00897373,0.00203732,0.003523613,0.050382465,0.0038737126,0.8974218,0.0063053346,0.0036248292,0.007540052,0.009091709
syn-0222,1,0,0,8,8,0.0005408783,0.0007148001,0.0006258999,0.00042206,0.0011543017,0.00073425646,0.0014318249,0.0011237151,0.99042517,0.0010942059,0.0013452391,0.0003876824
syn-0233,1,0,0,8,8,0.0005749316,0.00076277717,0.0006470446,0.00047062227,0.0010339742,0.0005148623,0.0018370812,0.0008622322,0.98899686,0.001386617,0.0025485116,0.0003643797
syn-0244,1,0,0,3,3,0.001042354,0.0015662876,0.00096684834,0.9863593,0.0019809853,0.0011776866,0.0020547037,0.00054447545,0.0006396721,0.0011370028,0.0016430591,0.00088766316
syn-0248,1,0,0,6,6,0.0013559514,0.0015977011,0.002401363,0.0021993148,0.0017954669,0.0022802355,0.9323483,0.00069458416,0.0013779771,0.0009596374,0.050881702,0.0021078438
syn-0251,1,0,0,10,10,0.00080735266,0.00089496793,0.0010067311,0.0010468346,0.0007149257,0.00086110266,0.002961115,0.0007928977,0.0025069376,0.001475913,0.9862555,0.00067555724
syn-0252,1,0,0,8,8,0.0006927833,0.0009571493,0.0008621827,0.00057827705,0.0011710072,0.00050833815,0.0032633904,0.00083728996,0.9831625,0.0018719496,0.005619393,0.00047567775
syn-0254,1,0,0,7,11,0.015655952,0.030968795,0.029724285,0.00929398,0.020609528,0.057155352,0.023330858,0.16186921,0.20622674,0.039464902,0.052145462,0.35355484
syn-0263,1,0,0,0,0,0.97687453,0.0037669013,0.0018484339,0.0014551091,0.004563762,0.0017364429,0.000987947,0.001376997,0.0030855467,0.0015429166,0.0013911893,0.00137029
syn-0267,1,0,0,4,4,0.01094911,0.00093456,0.0005403539,0.0017176606,0.9741247,0.0038201113,0.0009628148,0.0007335445,0.0013491949,0.0012076403,0.0019712313,0.0016889678
syn-0269,1,0,0,10,10,0.00073010556,0.0008763857,0.0007655178,0.00067721837,0.0010819278,0.00058895245,0.0015715077,0.00064715365,0.0014174877,0.0015179369,0.9891635,0.0009622865
syn-0272,1,0,0,3,3,0.013972315,0.01080257,0.008577935,0.8561664,0.021819128,0.0046172924,0.040121723,0.001279674,0.0033979348,0.0067708115,0.022682765,0.009791528
syn-0278,1,0,0,9,9,0.0009718743,0.0017794949,0.0008610329,0.0024074682,0.0010310247,0.0009309986,0.0007782583,0.0009939505,0.0012843848,0.9861756,0.0015107908,0.0012750119
syn-0283,1,0,0,7,7,0.0013930775,0.00072909915,0.003491099,0.0008540697,0.00078450417,0.0063540563,0.0008205491,0.9777229,0.0017261108,0.0012934286,0.0027100896,0.0021210802
syn-0284,1,0,0,0,0,0.9677383,0.0024785567,0.0011828543,0.0010843886,0.0041971677,0.0027677317,0.0012542328,0.0013442822,0.010455515,0.003249264,0.0022435673,0.0020042588
syn-0303,1,0,0,7,5,0.009193622,0.0017918631,0.003714559,0.0019526619,0.007622536,0.6790916,0.0032748866,0.27707037,0.0052064923,0.0034186714,0.002689905,0.0049729235
syn-0308,1,0,0,3,3,0.00092908146,0.001673746,0.0010466366,0.98655057,0.0017489394,0.0007454452,0.0024528888,0.0005740699,0.00072180503,0.0015809997,0.0010233902,0.00095250824
syn-0310,1,0,0,10,10,0.0007542801,0.00075060606,0.0006666256,0.0007207942,0.0007672814,0.0006225782,0.0017207789,0.0011182973,0.0016303937,0.0023593574,0.9875771,0.0013118983
syn-0311,1,0,0,9,9,0.0014574736,0.0028236217,0.00128936,0.0037859404,0.0015207215,0.00089050084,0.0012780773,0.00075428357,0.0009479331,0.97846186,0.0024686763,0.0043215686
syn-0323,1,0,0,7,7,0.0011024053,0.00084359414,0.0015057061,0.0006534725,0.0007843988,0.0061457213,0.0005545949,0.98141783,0.0029966482,0.0014668818,0.0010325843,0.0014961787
syn-0325,1,0,0,4,4,0.003978032,0.0036061574,0.0012468633,0.021705478,0.91263336,0.02357258,0.009925368,0.0015187637,0.0036273492,0.009470853,0.0034142414,0.0053010066
syn-0333,1,0,0,5,5,0.008407115,0.0027471064,0.0012700594,0.0066254563,0.33998704,0.5978624,0.004654767,0.0026264319,0.021894418,0.004283987,0.0053864582,0.0042548017
syn-0353,1,0,0,7,7,0.004272846,0.002285415,0.0034526614,0.0029647762,0.0032785048,0.11836976,0.00094160344,0.84277827,0.005169158,0.009335033,0.0028276285,0.0043242685
syn-0363,1,0,0,9,9,0.009119839,0.007924421,0.0022107637,0.0034577,0.005090227,0.0043284656,0.0044899164,0.002044622,0.058482558,0.8918857,0.0043284656,0.006637287
syn-0371,1,0,0,6,6,0.0008018243,0.0010884975,0.0015767138,0.0016737485,0.0008884059,0.0010260498,0.9867026,0.00037801598,0.0008309205,0.0006336761,0.002874819,0.0015247561
syn-0373,1,0,0,11,11,0.0011913677,0.0024274294,0.0018375838,0.001033563,0.0009891263,0.0015561141,0.0017891098,0.0010012747,0.0005010201,0.0013332916,0.0011099346,0.98523027
syn-0376,1,0,0,5,5,0.0013943604,0.0013584071,0.0007006151,0.0010724916,0.0015306578,0.9836535,0.0032594448,0.0027893127,0.001150054,0.0006951629,0.0010238786,0.0013720727
syn-0377,1,0,0,5,5,0.0031367764,0.0033106704,0.0014403345,0.0016806358,0.0036029231,0.9177331,0.0018666636,0.056863666,0.002824172,0.0021569256,0.0009164268,0.004467741
syn-0382,1,0,0,0,0,0.98542005,0.0016422961,0.0012115446,0.0011782899,0.00260237,0.0015625056,0.00081339263,0.0013863326,0.0008086406,0.0011945099,0.0010860215,0.0010940051
syn-0384,1,0,0,1,1,0.0019407845,0.9851841,0.001153532,0.0013989188,0.000937357,0.0016287278,0.0013732015,0.0008555596,0.0020646937,0.0013846478,0.0007317989,0.0013466416
syn-0397,1,0,0,1,1,0.0014326519,0.98677224,0.0009545848,0.0015154001,0.0008383148,0.0011576503,0.0010795757,0.00076965673,0.000709041,0.0013865412,0.0014045988,0.0019798349
syn-0405,1,0,0,8,8,0.00065270235,0.0008651125,0.000641956,0.00042306574,0.0008651125,0.0005681863,0.0009177652,0.0014164394,0.989881,0.0021265869,0.001183335,0.00045878522
syn-0410,1,0,0,10,10,0.0009193792,0.0009839447,0.0010072783,0.00096774456,0.0012398812,0.00057843124,0.0014133984,0.0008034645,0.0011813712,0.0015340422,0.9872736,0.0020975552
syn-0416,1,0,0,2,2,0.0011306928,0.0008673556,0.98761356,0.0015719208,0.0006969399,0.00055105565,0.001557215,0.0014559203,0.0007901221,0.000991035,0.0011218936,0.0016521922
syn-0421,1,0,0,10,10,0.00073462893,0.0016565225,0.00086180883,0.0013998788,0.0006701949,0.0007997718,0.0022791722,0.0005783086,0.0024550648,0.0017399456,0.98610085,0.00072394614
syn-0427,1,0,0,5,5,0.0038598005,0.002737677,0.0009881377,0.002948594,0.066554934,0.9045184,0.0035584203,0.00163554,0.005818701,0.0022762727,0.0016070415,0.0034964164
syn-0437,1,0,0,3,3,0.0038758516,0.0036695828,0.0022918852,0.8064614,0.043669086,0.0039561572,0.012881797,0.0012558495,0.0067758113,0.01656278,0.0948248,0.0037749917
syn-0439,1,0,0,6,6,0.0020538773,0.0021831407,0.0018586972,0.0017460844,0.002056386,0.0032167395,0.96943337,0.00079319463,0.012677106,0.000869454,0.001334853,0.0017770487
syn-0448,1,0,0,4,5,0.0026864705,0.0018304489,0.00071054156,0.0014494191,0.024111437,0.9575011,0.0019801538,0.0015818028,0.0027277772,0.0018322374,0.0016400029,0.0019485028
syn-0449,1,0,0,11,11,0.0013310742,0.0015399321,0.0018656933,0.0014203846,0.0013646372,0.0008858211,0.0022479845,0.0012161063,0.00056526595,0.0016711723,0.0020600986,0.9838319
syn-0450,1,0,0,10,10,0.0006923781,0.00079149305,0.00083720894,0.00064789323,0.0006450523,0.00066067174,0.001495906,0.00087653095,0.0011495089,0.0009833472,0.990294,0.00092602725
syn-0451,1,0,0,8,8,0.001239311,0.0013920346,0.00065498706,0.0005171264,0.0016418203,0.005174562,0.0009058142,0.008971453,0.9722321,0.004843282,0.0014595522,0.0009680081
syn-0455,1,0,0,2,9,0.0213419,0.08772846,0.13208243,0.14584541,0.02812197,0.013374997,0.047546,0.09602211,0.034810882,0.32882822,0.011417918,0.052879773
syn-0473,1,0,0,10,10,0.0006159748,0.0009287601,0.00071280083,0.0007279251,0.0008944892,0.00051997066,0.0017586086,0.00065923296,0.0017205988,0.0015310562,0.98910284,0.0008276713
syn-0474,1,0,0,0,0,0.98310596,0.0019043387,0.0011443737,0.001945695,0.0031137697,0.002188405,0.00095289754,0.0011338061,0.0008331636,0.0016597778,0.00070709677,0.0013107504
syn-0478,1,0,0,2,2,0.0022016068,0.0018101085,0.9697887,0.003681938,0.0013379528,0.0011818928,0.0032505884,0.005807547,0.0017803059,0.0014795332,0.0029814516,0.0046985047
syn-0480,1,0,0,1,1,0.0037376857,0.6652129,0.008056933,0.044241264,0.05292402,0.009694818,0.048234947,0.0024801283,0.003845051,0.00760955,0.01205362,0.14190891
syn-0482,1,0,0,1,1,0.005658219,0.95034724,0.0016655374,0.015856283,0.0037901797,0.0021532618,0.0039047687,0.0012413537,0.0010371899,0.004329578,0.0042499844,0.005766297
syn-0484,1,0,0,3,3,0.00094780803,0.0016850675,0.001266417,0.9879336,0.0012480011,0.0009769402,0.0017133281,0.00066817,0.0005890824,0.0010475923,0.001033367,0.0008908181
syn-0495,1,0,0,2,2,0.0012600723,0.00094675063,0.9868314,0.0023480982,0.000854066,0.00057087844,0.0015909375,0.0013446187,0.0007879558,0.00089069374,0.0009593149,0.0016152023
syn-0496,1,0,0,8,8,0.0005871317,0.00079316436,0.00078699185,0.00045681233,0.0010390374,0.00048817738,0.0019567604,0.0008891698,0.988516,0.001753547,0.0023386502,0.0003945667
syn-0002,1,0,1,1,1,0.0015458899,0.9859518,0.0010353306,0.001664176,0.0009012694,0.0015163599,0.0011332084,0.00082826364,0.0008082872,0.0015564936,0.0012258887,0.0018331024
syn-0004,1,0,1,10,10,0.0012175991,0.0011151516,0.0018969368,0.0011893935,0.001262399,0.0009821977,0.008045111,0.0017933549,0.015066985,0.0029084159,0.96269107,0.0018314063
syn-0011,1,0,1,10,10,0.0032781432,0.010198972,0.00378419,0.0030229178,0.004892326,0.008330258,0.024400447,0.004618411,0.41654885,0.016013928,0.49757093,0.0073406664
syn-0015,1,0,1,6,6,0.0013387123,0.0041762074,0.0016037943,0.0021857142,0.0010420813,0.006196191,0.9769951,0.0006524363,0.0017093155,0.00090140593,0.0017114034,0.0014876191
syn-0017,1,0,1,3,3,0.0010001332,0.0018820006,0.0015146316,0.9850686,0.0017004533,0.0011795963,0.0016131045,0.0010973593,0.0007396157,0.002187227,0.0010496671,0.0009674709
syn-0031,1,0,1,0,0,0.9840328,0.0021702405,0.001578313,0.0011533096,0.0019881239,0.001490309,0.0009510056,0.0019201464,0.0010409115,0.0011686151,0.001248853,0.0012574194
syn-0036,1,0,1,5,5,0.002385631,0.0022419137,0.0005197215,0.0013686154,0.008282066,0.9761573,0.0025832634,0.0011746468,0.001194894,0.0009761968,0.0012725792,0.0018430226
syn-0051,1,0,1,3,3,0.0010903156,0.002159964,0.0016319695,0.9849783,0.001663751,0.000973067,0.0014964831,0.0010202636,0.0007409937,0.0021697746,0.0008990615,0.0011760377
syn-0058,1,0,1,9,9,0.0011123078,0.0022835615,0.0007795552,0.0016697717,0.0012252155,0.0010833626,0.0004765325,0.0013688301,0.0034504926,0.98396784,0.0016081578,0.00097444496
syn-0062,1,0,1,7,7,0.0016725967,0.0010184518,0.0027351838,0.0007710233,0.0006404504,0.0035861265,0.00046039902,0.9827491,0.002665308,0.0013367699,0.0010289486,0.0013354651
syn-0063,1,0,1,1,1,0.0019136174,0.9854871,0.0011404435,0.0016821777,0.00094453804,0.0012139957,0.0013635999,0.000710889,0.0009764261,0.0014276457,0.0015249242,0.0016145778
syn-0067,1,0,1,5,5,0.0014259553,0.0019438225,0.00064257154,0.0011934682,0.00176039,0.98311955,0.0015309477,0.0035353098,0.0012605537,0.0008210594,0.0010761048,0.0016902662
syn-0068,1,0,1,10,9,0.0120003885,0.007943399,0.011883767,0.021878948,0.040696025,0.009018648,0.043162335,0.0068342774,0.13713615,0.45495245,0.24115196,0.013341721
syn-0069,1,0,1,11,11,0.0014432216,0.0029050855,0.0019847269,0.0010228978,0.002001759,0.001120694,0.001675802,0.001122885,0.0006155907,0.0016815397,0.0021942125,0.98223156
syn-0086,1,0,1,10,10,0.00076451513,0.0009778297,0.00078801357,0.00071017497,0.00081501517,0.0008808113,0.0013863028,0.0012354893,0.0012231839,0.00092398416,0.9893161,0.0009785461
syn-0093,1,0,1,5,5,0.0015048895,0.0025970435,0.00062901824,0.0012237652,0.0018533067,0.97753865,0.007581134,0.0018156865,0.0014092331,0.0007737057,0.0010689517,0.0020046362
syn-0094,1,0,1,1,1,0.0013576224,0.97353154,0.0025788317,0.004130152,0.0010118595,0.0015965488,0.0047932537,0.0012778617,0.001098363,0.0020281053,0.0025129507,0.004082844
syn-0098,1,0,1,10,10,0.0007420663,0.0024859821,0.0006998352,0.0007241689,0.001292863,0.0013378166,0.0018768612,0.0009878901,0.0020085764,0.001188137,0.9854414,0.0012145324
syn-0114,1,0,1,4,3,0.0011745344,0.0018276125,0.0011518169,0.9808415,0.0064810314,0.0010767613,0.0017722481,0.00074149336,0.0008111962,0.0018187104,0.0012279,0.0010751853
syn-0119,1,0,1,6,6,0.00091912673,0.0010139092,0.0015745962,0.0017213522,0.0007819595,0.0014131829,0.98652077,0.00056130247,0.0009703175,0.0006511223,0.002653744,0.0012185372
syn-0122,1,0,1,3,3,0.00081976346,0.0015015308,0.0015522233,0.98492855,0.00213212,0.0015210862,0.0020264587,0.00094584824,0.00084578554,0.0016251282,0.0010955973,0.0010058675
syn-0125,1,0,1,9,9,0.002414406,0.0079204,0.001473017,0.0038875213,0.0038516223,0.0023060935,0.004251923,0.0007664333,0.005752226,0.95426893,0.00983306,0.0032744203
syn-0137,1,0,1,8,8,0.0007018397,0.00082495273,0.0007562803,0.00048401847,0.0008273731,0.00084616704,0.0014476604,0.0015483804,0.9897126,0.0012323688,0.0011744999,0.00044372672
syn-0141,1,0,1,2,2,0.0010913641,0.00088251993,0.9859255,0.0019133589,0.000761895,0.0004719178,0.0017346529,0.002197362,0.00096547976,0.001062964,0.001307468,0.0016855987
syn-0148,1,0,1,7,7,0.0026424634,0.0060471827,0.0065051257,0.0014895431,0.003649045,0.03244428,0.0025888241,0.8977006,0.010834358,0.007049191,0.009628634,0.019420719
syn-0161,1,0,1,2,2,0.001066992,0.00087554345,0.98676634,0.0017793115,0.0008117247,0.00038927962,0.0018646596,0.002020351,0.00078828866,0.0009819996,0.0012120157,0.0014435272
syn-0167,1,0,1,0,0,0.9842116,0.0018063422,0.001577444,0.0010980119,0.0016628619,0.0015435383,0.0011411943,0.0020760437,0.0010846897,0.0011659773,0.0013026485,0.0013296388
syn-0184,1,0,1,2,2,0.0010889566,0.0010095822,0.98711884,0.0016113395,0.000742604,0.0003612101,0.0016537855,0.0019100126,0.000914311,0.0009924751,0.0011855196,0.0014112807
syn-0186,1,0,1,3,3,0.0012893146,0.0029275888,0.0013354482,0.984658,0.0016120384,0.0011568634,0.0016278581,0.00081993855,0.0006784265,0.0017307319,0.000941902,0.0012218913
syn-0207,1,0,1,0,0,0.98116,0.0016228673,0.0011674814,0.0012452072,0.0021525759,0.004738534,0.0011691928,0.0020078914,0.0016336003,0.0010212831,0.0009893783,0.0010919382
syn-0213,1,0,1,0,0,0.9827513,0.0017468892,0.0015835863,0.0010720314,0.0023942813,0.0013805542,0.0010436246,0.0019828705,0.0016559416,0.0010746518,0.0016927297,0.0016215357
syn-0218,1,0,1,8,8,0.0007194,0.0011174976,0.0008686099,0.0005403865,0.0012824691,0.0019771347,0.004711738,0.0016219848,0.98278344,0.0009944084,0.0025669704,0.00081598345
syn-0219,1,0,1,0,0,0.9847258,0.0015879304,0.0014568112,0.001300151,0.0018801976,0.0016961305,0.0009929739,0.0018006793,0.00076506607,0.0010879092,0.0014387846,0.0012675548
syn-0226,1,0,1,6,6,0.00086984504,0.0010626386,0.0019116062,0.001837238,0.0008115769,0.0011226442,0.9865867,0.0005361577,0.0008685718,0.0005894294,0.0023278259,0.001475868
syn-0240,1,0,1,6,6,0.004090288,0.0034418462,0.0018119554,0.007118468,0.037991986,0.009114668,0.92406416,0.0005335247,0.004683246,0.0026531676,0.0017188786,0.0027777816
syn-0246,1,0,1,8,8,0.009202644,0.050182078,0.0043380097,0.004783019,0.0023539332,0.0046087774,0.022268161,0.004019847,0.88171494,0.0039190655,0.01101362,0.0015958648
syn-0253,1,0,1,3,3,0.0007739456,0.0017035028,0.0014918192,0.9864739,0.001545576,0.001136025,0.0019403623,0.00089998706,0.0006897072,0.0011755251,0.0010750417,0.0010946405
syn-0257,1,0,1,4,4,0.006332837,0.007277493,0.0013816622,0.005309399,0.68427885,0.26901627,0.005448594,0.0043059858,0.00668228,0.0035663035,0.0023274466,0.0040728464
syn-0259,1,0,1,4,4,0.0011428742,0.0008749893,0.000731081,0.0025081025,0.98229724,0.003242261,0.0022549136,0.0006663071,0.001914655,0.0011518378,0.0014313869,0.001784437
syn-0261,1,0,1,5,5,0.0015029483,0.0014222682,0.00067825936,0.0010865047,0.0037098564,0.9796203,0.004931588,0.002094037,0.0015971484,0.0005606517,0.000734807,0.002061572
syn-0268,1,0,1,6,6,0.0009688661,0.0010782126,0.0015309533,0.0018766792,0.003241028,0.0014798712,0.981684,0.00039375768,0.001529459,0.00076868484,0.0025899732,0.0028584518
syn-0275,1,0,1,0,0,0.983558,0.0018651739,0.0013716046,0.0013235755,0.0017191182,0.002424049,0.0012016038,0.0019637737,0.0010908721,0.00101929,0.0013107129,0.0011521905
syn-0281,1,0,1,10,5,0.004558524,0.010319925,0.0011452824,0.0028848683,0.01646404,0.86658263,0.010207168,0.002354561,0.062897764,0.0044529256,0.015825583,0.0023067659
syn-0285,1,0,1,11,11,0.0013124432,0.0017708344,0.00231737,0.000911325,0.0010581884,0.0014810332,0.002021616,0.0013896046,0.0007848444,0.0016349577,0.0014225582,0.9838951
syn-0290,1,0,1,0,0,0.9721763,0.0015665459,0.0013425573,0.001814565,0.0091389455,0.005668961,0.00085338135,0.0019007195,0.0014673285,0.0009372561,0.0013960387,0.0017373983
syn-0292,1,0,1,11,11,0.0012983932,0.0017888306,0.0022841601,0.00085902406,0.0010062642,0.0015869456,0.0016892948,0.0018653191,0.00056226243,0.001348139,0.0013560615,0.98435533
syn-0302,1,0,1,10,10,0.00072746986,0.0009414159,0.00088007073,0.00074435776,0.00066172227,0.00068506517,0.0018208397,0.0010730329,0.0013469531,0.00089918304,0.98945004,0.0007698634
syn-0304,1,0,1,1,1,0.001626054,0.9852491,0.0009681208,0.0019033719,0.00078439096,0.0017300806,0.0018069224,0.0009480059,0.0010275443,0.0013155333,0.0012669907,0.001373963
syn-0306,1,0,1,5,5,0.0017439679,0.0015499814,0.0006467597,0.00085056486,0.003476772,0.97991097,0.0013979005,0.0048352764,0.0022494018,0.00063425023,0.0012527641,0.0014514588
syn-0313,1,0,1,11,10,0.01447417,0.12564978,0.043053932,0.024501465,0.013127503,0.020773826,0.05524187,0.016839596,0.0112505015,0.01407688,0.45425323,0.20675726
syn-0314,1,0,1,8,8,0.0006331449,0.00091852545,0.00074166857,0.00046367128,0.0008306293,0.00073338585,0.0013648034,0.0013302617,0.989734,0.0014740841,0.0013907028,0.00038514848
syn-0322,1,0,1,2,2,0.0023342483,0.0012421337,0.98017293,0.0047755553,0.0011304234,0.00052852684,0.0021604085,0.0025381367,0.0010152861,0.0009607843,0.0010172711,0.0021243198
syn-0324,1,0,1,7,7,0.0020323584,0.004652115,0.0022650468,0.0009982609,0.0011311778,0.011214468,0.0018962171,0.94648165,0.01752264,0.005785411,0.0031065515,0.0029140634
syn-0335,1,0,1,3,11,0.0026325637,0.0031247209,0.002441867,0.005476029,0.0050379843,0.0021713115,0.002623581,0.0012049815,0.00038702035,0.0055949506,0.0015870148,0.96771795
syn-0343,1,0,1,8,8,0.0012510864,0.0010111837,0.0010628207,0.0005481628,0.0017886017,0.0013317746,0.0011019256,0.003830636,0.97955483,0.004681377,0.002535298,0.0013021951
syn-0346,1,0,1,6,6,0.0010354144,0.0011027313,0.0026109875,0.0042603556,0.00092768646,0.00081748207,0.9831472,0.0006007168,0.0011533975,0.0007720892,0.0023266585,0.0012452946
syn-0348,1,0,1,9,9,0.0031021652,0.006436332,0.0008148986,0.0020208363,0.0026241103,0.0017234564,0.000871701,0.0012683175,0.0064899805,0.97099,0.0017412194,0.0019170301
syn-0349,1,0,1,5,5,0.0016547908,0.0016921728,0.0005759437,0.0012121496,0.0024880804,0.98206836,0.0010660683,0.004009572,0.0012796602,0.00078645337,0.00079805846,0.0023686427
syn-0350,1,0,1,2,2,0.001079224,0.00093764614,0.9864508,0.0021385783,0.000697821,0.0004003337,0.0018775802,0.0020968304,0.0008821283,0.000941316,0.00095427386,0.001543466
syn-0351,1,0,1,11,11,0.0013795863,0.0042764843,0.0023296298,0.0014578452,0.0023086804,0.0028140177,0.0017397078,0.0021466797,0.0005407816,0.0018682576,0.0013822834,0.977756
syn-0354,1,0,1,8,8,0.00077440357,0.00091113476,0.0008472001,0.00058455043,0.0009400573,0.0008908979,0.0013176264,0.0014330662,0.98995364,0.000973694,0.00094051636,0.00043313022
syn-0356,1,0,1,8,8,0.0012935809,0.0036412473,0.00095615827,0.0007196347,0.0015361652,0.00098651,0.006874537,0.0010666715,0.9783155,0.0015467023,0.0020365794,0.0010268103
syn-0357,1,0,1,3,3,0.0010513023,0.0025065974,0.0030368501,0.98323697,0.0016156177,0.0008406306,0.0021905007,0.0006508589,0.00055616576,0.0018129434,0.0013039027,0.0011976975
syn-0367,1,0,1,4,4,0.0021641222,0.0011653207,0.0006685342,0.0019832454,0.97886604,0.004118329,0.0010693584,0.0007724898,0.005497349,0.0013926649,0.0011043815,0.0011982097
syn-0372,1,0,1,1,1,0.0017426941,0.9832677,0.000955384,0.0023036273,0.0011301234,0.0015499841,0.0012436241,0.0007998138,0.0009169911,0.002459393,0.0012106706,0.0024200818
syn-0378,1,0,1,2,2,0.001043449,0.0009505352,0.9869135,0.0017265631,0.00071750156,0.00037994748,0.0018091188,0.001908683,0.00086083607,0.0009807084,0.0012309853,0.0014781603
syn-0380,1,0,1,4,5,0.003687802,0.0017689948,0.00056844973,0.0013457803,0.0065055625,0.97689223,0.001203408,0.0032816012,0.0015049963,0.0009947418,0.0007552831,0.0014910984
syn-0381,1,0,1,8,8,0.00088408863,0.0010917039,0.0007350857,0.0004115411,0.00083540514,0.0022097488,0.0014259374,0.004372937,0.9838275,0.002064117,0.0014336169,0.00070830714
syn-0408,1,0,1,4,4,0.06200893,0.005471452,0.004589462,0.011909974,0.8526696,0.01163621,0.008318561,0.002584531,0.019550122,0.0039447895,0.012511291,0.00480502
syn-0415,1,0,1,1,11,0.006617045,0.17402172,0.005421812,0.00750542,0.036861885,0.015528486,0.007175723,0.0047013606,0.035053838,0.022150727,0.0224132,0.6625488
syn-0423,1,0,1,9,9,0.0011264286,0.0018301606,0.0010649201,0.00185196,0.0008666198,0.0007485335,0.00065288256,0.0020056264,0.0020344767,0.9853313,0.0014101012,0.0010769471
syn-0426,1,0,1,10,10,0.0010902758,0.0010423823,0.0012463506,0.0009612257,0.0011605925,0.0027389461,0.004446834,0.002350766,0.00960431,0.0024159313,0.96919876,0.0037436956
syn-0428,1,0,1,8,1,0.0024860937,0.97972816,0.0012828595,0.0017203859,0.0011881903,0.0016106383,0.0014276434,0.0010262866,0.004707422,0.0015557577,0.0017819438,0.0014845143
syn-0433,1,0,1,5,5,0.0034570126,0.0028492203,0.001847697,0.0019213007,0.007849683,0.8146895,0.001670886,0.15188438,0.005171883,0.0028856227,0.0012661872,0.004506593
syn-0435,1,0,1,10,10,0.0007301013,0.0010064939,0.0007401517,0.0007401517,0.0006566993,0.00074087485,0.0015916732,0.001110828,0.0011881131,0.0009655755,0.9896408,0.0008884446
syn-0443,1,0,1,7,7,0.0041770004,0.0028954435,0.0038734826,0.0017725439,0.003073167,0.068224676,0.0017725439,0.88995034,0.0075755827,0.004805351,0.0013146724,0.010565268
syn-0447,1,0,1,7,7,0.0012022865,0.001165296,0.0018946972,0.0007838722,0.0005536816,0.0047690864,0.00063541933,0.9817171,0.001934663,0.0013960393,0.0012575268,0.0026902792
syn-0457,1,0,1,9,9,0.0012633008,0.0019026999,0.001055012,0.0015279296,0.00094570674,0.00079093955,0.00036656598,0.0015818286,0.0011018706,0.98718834,0.0010447593,0.0012310273
syn-0458,1,0,1,6,6,0.000863983,0.00083007326,0.001906213,0.0017870502,0.00085935486,0.0013068453,0.9871415,0.00070070045,0.0009657271,0.0004922827,0.0019625258,0.0011838112
syn-0464,1,0,1,4,4,0.008702258,0.0011886995,0.0009012293,0.0019839047,0.97680366,0.0024700642,0.0007671074,0.0009398797,0.0018582537,0.0013742106,0.0013055311,0.0017052296
syn-0469,1,0,1,9,9,0.0010327374,0.0015288977,0.0011309221,0.001321859,0.0010029203,0.0006322252,0.00038122365,0.0017778875,0.0012616346,0.98733157,0.001013752,0.0015843774
syn-0472,1,0,1,8,8,0.0005907124,0.00067034614,0.0007991714,0.00050084176,0.00087472325,0.00072093436,0.0017070415,0.0012877171,0.9897003,0.0011391842,0.0015338758,0.00047511453
syn-0486,1,0,1,1,1,0.0016423132,0.98302746,0.0012653688,0.0021493142,0.00076449284,0.0012282353,0.0017774992,0.0008314716,0.0015465817,0.0017840205,0.0016367097,0.0023464826
syn-0491,1,0,1,10,10,0.0008091733,0.00090402126,0.0007154889,0.0007389223,0.0007627505,0.0006874074,0.0015456257,0.0010146828,0.0014463863,0.0010038413,0.98944527,0.00092636375
syn-0499,1,0,1,11,11,0.001571298,0.0017966706,0.002246663,0.0008276116,0.001227918,0.0013400707,0.0014254533,0.0016718216,0.00047572172,0.001628714,0.0015739856,0.98421407
syn-0006,1,0,2,7,7,0.0098346295,0.0067856903,0.013292227,0.00299354,0.0026008326,0.013009696,0.0047325515,0.755747,0.027127778,0.101681694,0.021431042,0.040763408
syn-0013,1,0,2,6,6,0.0010047479,0.0018220305,0.0017522296,0.0015142086,0.0008858215,0.0019044667,0.9843128,0.00052920653,0.0011908397,0.0007610203,0.0024325813,0.001889992
syn-0016,1,0,2,9,9,0.00085888145,0.0024437406,0.0007296354,0.0019416721,0.0008896136,0.0006928317,0.0010668096,0.0008179513,0.0040835133,0.98227155,0.003073005,0.0011306334
syn-0018,1,0,2,3,6,0.0011017041,0.0011433555,0.0013940451,0.008100901,0.002607839,0.001944676,0.97840196,0.0003955192,0.0013147097,0.0010214003,0.0010819789,0.0014919451
syn-0025,1,0,2,8,8,0.0007106159,0.0007360428,0.0009779591,0.0004898316,0.0007505599,0.0007218064,0.0015327346,0.0017320787,0.9899303,0.0009191563,0.0010471499,0.0004516949
syn-0026,1,0,2,10,10,0.0009154821,0.0009874585,0.00086422544,0.0009399418,0.0007608165,0.00072775077,0.00272646,0.00083355594,0.0015653877,0.0009132498,0.98790073,0.0008650698
syn-0032,1,0,2,4,4,0.0039823665,0.002459462,0.003750232,0.008308074,0.71606493,0.005076145,0.2333821,0.0019266871,0.010747511,0.00660601,0.002290233,0.0054061674
syn-0033,1,0,2,5,5,0.0015503744,0.0022966955,0.0006598442,0.0012369719,0.0018415647,0.9803987,0.0018218881,0.0043961657,0.001650365,0.0012424198,0.0008690445,0.0020359396
syn-0038,1,0,2,5,5,0.0020509323,0.002518543,0.0006898334,0.002554433,0.002505475,0.9789762,0.0023981486,0.0029543678,0.0007110364,0.0008518305,0.00088489905,0.0029043069
syn-0040,1,0,2,4,4,0.0019796141,0.0012719091,0.00071977475,0.005209225,0.9727893,0.0066806176,0.0027558128,0.0008801658,0.0016588824,0.0019834843,0.0025384636,0.0015327177
syn-0045,1,0,2,9,9,0.002337531,0.005911808,0.0013822389,0.005848998,0.0018874527,0.0015314937,0.0024105548,0.0014026356,0.003367213,0.94118726,0.030700857,0.002031874
syn-0049,1,0,2,8,8,0.0008304527,0.0010284809,0.0006993113,0.0005999076,0.0016763324,0.000573555,0.0016333079,0.0012088919,0.98759276,0.0025078864,0.0012579696,0.00039113054
syn-0050,1,0,2,4,4,0.0035221686,0.0028579151,0.0016670073,0.0067692962,0.9633386,0.0027084637,0.004980411,0.0011191757,0.0019047117,0.002600891,0.0029414452,0.005590065
syn-0053,1,0,2,10,10,0.00082319515,0.001099378,0.001097233,0.0011265487,0.0008677708,0.0010249832,0.00221945,0.00086227997,0.0011971572,0.0009886088,0.9876039,0.0010894918
syn-0059,1,0,2,3,3,0.0010951344,0.0026134169,0.0018770389,0.9825915,0.001997122,0.0019990734,0.0018144093,0.0010839623,0.00060155103,0.0019038072,0.0011129236,0.0013100645
syn-0077,1,0,2,2,2,0.0011314405,0.001086503,0.9853756,0.0021987518,0.0007685674,0.00042361498,0.0024149301,0.001548763,0.0010717496,0.0009621185,0.0013416522,0.0016762482
syn-0079,1,0,2,1,1,0.0017721863,0.96207166,0.0018518021,0.0068870015,0.0017756509,0.0034410895,0.012319445,0.00070149335,0.0019454156,0.0015870269,0.002105551,0.0035416647
syn-0083,1,0,2,0,0,0.9840316,0.0014722255,0.0012175418,0.0012847251,0.0028126135,0.0016423863,0.0013463803,0.0011145547,0.001085551,0.0010844914,0.0016300031,0.0012778433
syn-0085,1,0,2,3,3,0.0053923707,0.38323832,0.002897625,0.5708318,0.006192958,0.005541853,0.006243054,0.0014799619,0.0015359141,0.0073579117,0.0031269663,0.006161289
syn-0090,1,0,2,5,5,0.008318773,0.002993796,0.00092698203,0.0010607163,0.008221856,0.9605809,0.0024746836,0.0043176,0.005179766,0.0016189795,0.0010679922,0.0032378556
syn-0091,1,0,2,4,4,0.0018927482,0.00089910545,0.0007102098,0.0025674172,0.9835845,0.0020615929,0.0019022448,0.00074793666,0.0015171573,0.0015795209,0.0009759697,0.0015615002
syn-0095,1,0,2,11,11,0.0013084748,0.0026835871,0.0022190083,0.001106699,0.0009964077,0.0014245033,0.00340513,0.001377982,0.0008053411,0.0014812489,0.0027503201,0.98044133
syn-0100,1,0,2,2,2,0.0012489617,0.0010766721,0.9860423,0.0016641257,0.0006954913,0.00044164972,0.002013208,0.0016521834,0.0010253632,0.0010001446,0.0013567285,0.0017831683
syn-0101,1,0,2,3,3,0.0009570715,0.002054127,0.0019046423,0.98548555,0.001683613,0.0012181505,0.0019823287,0.00087526144,0.0005678773,0.0011777929,0.00090304523,0.0011905133
syn-0103,1,0,2,11,11,0.005806519,0.034906827,0.0032835098,0.0034901616,0.0044227624,0.0042429576,0.004272062,0.0023477646,0.0008193281,0.0073014777,0.011091712,0.918015
syn-0107,1,0,2,10,10,0.00090725784,0.0010401763,0.0007422924,0.00083989615,0.00070107455,0.001198698,0.0023850598,0.0010295649,0.001272896,0.0013145851,0.9867046,0.0018639598
syn-0128,1,0,2,2,2,0.0013585886,0.0010042092,0.98570824,0.0018026958,0.0006851456,0.00047644394,0.0018525553,0.0018360083,0.0010360862,0.0010300331,0.0013116555,0.0018983404
syn-0149,1,0,2,8,8,0.001318056,0.0016066576,0.0007870472,0.0005196986,0.0009895914,0.00082764245,0.0013450371,0.0013161268,0.98762053,0.0014216832,0.0015215243,0.0007264794
syn-0158,1,0,2,1,1,0.0015961553,0.9850049,0.0013339631,0.0017161914,0.00070363603,0.0012223218,0.0016508482,0.0009864888,0.0011646402,0.0013877798,0.001330061,0.0019029
syn-0163,1,0,2,4,4,0.0024719734,0.001229105,0.0009214566,0.0019008885,0.9717882,0.0028038495,0.0020770414,0.001473922,0.011105698,0.0018860957,0.0008292212,0.0015125634
syn-0166,1,0,2,5,5,0.0043686014,0.0022802758,0.00059965736,0.0014141282,0.0049165497,0.97663295,0.0020991506,0.0021348118,0.0012328224,0.0010462828,0.0012863217,0.0019884063
syn-0171,1,0,2,6,6,0.0017400546,0.0030349377,0.0017324247,0.00186863,0.0021948072,0.0029158222,0.968447,0.00064609665,0.012751076,0.0017944134,0.0013057885,0.001568941
syn-0177,1,0,2,8,8,0.000745018,0.001354995,0.00096506707,0.0005604502,0.00082425727,0.000953358,0.0020347093,0.0020481816,0.98791295,0.0010353657,0.0009947297,0.0005709463
syn-0179,1,0,2,1,1,0.0022046578,0.98353994,0.0011789164,0.0015338475,0.00076788507,0.0012878506,0.0015338475,0.0009163495,0.002097033,0.0013171042,0.0013241976,0.0022983656
syn-0181,1,0,2,10,10,0.002190403,0.0047889543,0.004571884,0.004144495,0.0026241303,0.0010346731,0.040728867,0.002790646,0.0694854,0.008930577,0.85481274,0.0038971964
syn-0191,1,0,2,4,4,0.0018115977,0.0013748303,0.0009033984,0.0093632005,0.96397424,0.0023964639,0.005515103,0.00081615243,0.003074117,0.003196186,0.0060808626,0.0014938222
syn-0192,1,0,2,5,5,0.001732092,0.0029227454,0.00087073795,0.0017503715,0.001682494,0.97943556,0.0019403248,0.0030343551,0.0010421369,0.0009934433,0.0010539066,0.0035418954
syn-0194,1,0,2,1,1,0.002348646,0.98117524,0.0013823842,0.0016650328,0.001052176,0.0013803608,0.0016090842,0.0012897828,0.003908831,0.0016772728,0.0010604283,0.0014508499
syn-0196,1,0,2,4,4,0.018738572,0.0012287223,0.0009606751,0.0022097707,0.9639253,0.0033586673,0.0020427064,0.0011111426,0.0023254515,0.0013259731,0.00093567575,0.0018373393
syn-0197,1,0,2,11,11,0.0032618928,0.0031117601,0.0022732802,0.0023158537,0.008028056,0.003102657,0.0032818625,0.0015165509,0.001772162,0.0024128146,0.0007383864,0.9681847
syn-0203,1,0,2,8,8,0.00054902816,0.0010362915,0.0008671232,0.0005038166,0.0008078531,0.00077161205,0.0015560376,0.0016621661,0.98976237,0.0010897425,0.0009325614,0.000461426
syn-0208,1,0,2,8,8,0.0007288468,0.0012102033,0.00079308957,0.0004881314,0.000728491,0.00069208286,0.0019621965,0.0012202907,0.9893885,0.0011718243,0.0011480375,0.0004680581
syn-0210,1,0,2,0,0,0.9656733,0.0025300665,0.0011608967,0.0013759091,0.01231134,0.0068222466,0.0017641161,0.0017182091,0.0018201153,0.0015037799,0.0009228401,0.0023971735
syn-0224,1,0,2,8,8,0.0017486485,0.0015774599,0.0010694495,0.000695904,0.0015628929,0.0009833006,0.0040936177,0.0014689191,0.9789493,0.001461764,0.0055599073,0.00082883117
syn-0239,1,0,2,6,6,0.0011572257,0.0013608845,0.0020801735,0.0018190164,0.0009961306,0.0015992132,0.98208493,0.0005896118,0.0010222459,0.0007280734,0.0044730753,0.0020894622
syn-0242,1,0,2,0,0,0.9848083,0.0014762682,0.0012522808,0.0011280319,0.0032009352,0.0013820936,0.0011576051,0.0011683946,0.0010727028,0.0011735404,0.0010136329,0.0011661148
syn-0243,1,0,2,10,10,0.001070536,0.0015526849,0.0011575255,0.00094520615,0.00071313075,0.0010215126,0.0016860409,0.0012778275,0.0014248238,0.0011769027,0.9857027,0.0022710327
syn-0250,1,0,2,11,11,0.0010834347,0.0017174311,0.002151185,0.000955661,0.0009074564,0.001331997,0.0017315352,0.0014910375,0.0004945815,0.0014405837,0.0017003258,0.9849947
syn-0260,1,0,2,11,11,0.0037120727,0.015162374,0.0028226173,0.0025104878,0.0044645155,0.009696796,0.010998645,0.0051086047,0.0027251085,0.014302971,0.014397566,0.9140982
syn-0262,1,0,2,10,10,0.00085492467,0.0009403274,0.000897705,0.00081140496,0.0006603121,0.0009840123,0.0022343523,0.0013122259,0.0013740264,0.0009912457,0.9878236,0.0011158489
syn-0265,1,0,2,3,3,0.0013603511,0.0023110714,0.0018552985,0.98409975,0.0016281272,0.0014004528,0.0020556345,0.0008067689,0.00058622356,0.0013025004,0.0010501719,0.0015437396
syn-0271,1,0,2,2,2,0.0016436953,0.001973499,0.97524536,0.0051151197,0.00080656796,0.0006023243,0.0027429445,0.0026173356,0.0015838166,0.002693834,0.0019141826,0.0030612831
syn-0274,1,0,2,9,9,0.0012669207,0.0012112677,0.0014617812,0.0014391184,0.001217791,0.001069462,0.0007517261,0.0039503193,0.002436991,0.9789609,0.0032336162,0.0030002557
syn-0279,1,0,2,0,0,0.9839892,0.0017748995,0.0012610528,0.0009825886,0.0024784203,0.0017102413,0.0010118012,0.001616459,0.0016572181,0.0013430393,0.0008379939,0.0013371502
syn-0280,1,0,2,0,0,0.9846949,0.0017346039,0.0011895581,0.0010229626,0.0028414354,0.0015617369,0.0012059333,0.0010621557,0.0012478642,0.0010846927,0.001050807,0.0013032882
syn-0282,1,0,2,7,7,0.004316224,0.0024064493,0.0035322723,0.0010041374,0.0022125994,0.041101433,0.0020087012,0.9236634,0.0042317067,0.004886148,0.0020343647,0.008602718
syn-0286,1,0,2,8,8,0.0023028154,0.008591581,0.0018877806,0.0014745188,0.0017925589,0.0020411778,0.019709585,0.0015927787,0.95151764,0.0054896837,0.0020561826,0.0015437742
syn-0288,1,0,2,9,9,0.0010246997,0.0014883834,0.0009325441,0.0012902917,0.000731605,0.0005870006,0.00055684755,0.0011731042,0.0018755881,0.9882953,0.0010520774,0.0009926881
syn-0295,1,0,2,10,10,0.0012490675,0.0019228804,0.00070134795,0.0010647385,0.00097182527,0.0010846789,0.0026281858,0.0006057817,0.0013016817,0.0015188507,0.98564446,0.0013064572
syn-0298,1,0,2,7,7,0.002223879,0.0010944683,0.0022255084,0.0009668085,0.0009620992,0.0135698,0.0008269552,0.9700795,0.0028851517,0.0011319707,0.001472768,0.0025612318
syn-0305,1,0,2,1,1,0.0013991086,0.9838755,0.0014907985,0.0019615323,0.0007125042,0.0010077402,0.0013821333,0.0010326459,0.0011633049,0.0015486719,0.002165395,0.0022607434
syn-0318,1,0,2,11,11,0.0017113403,0.0033043374,0.0022462215,0.0015243288,0.0013070146,0.001208791,0.003766768,0.0010851416,0.00077931164,0.0017239207,0.0024736258,0.97886914
syn-0326,1,0,2,1,1,0.0021921867,0.9774989,0.0016386682,0.0020623878,0.00097325206,0.0013020025,0.0030483834,0.0011356267,0.0033023306,0.0020363703,0.001713122,0.0030967665
syn-0328,1,0,2,10,10,0.0008126891,0.00083521765,0.0007549248,0.00085544185,0.0006523766,0.0007428579,0.0016618398,0.0011499993,0.0021110452,0.0011928941,0.9884212,0.00080952066
syn-0332,1,0,2,6,6,0.0009238846,0.0010407822,0.0015637348,0.0024350032,0.0012699114,0.0012203678,0.9858342,0.00040164933,0.0010665046,0.00084326277,0.0022498118,0.0011509164
syn-0338,1,0,2,8,8,0.00076967984,0.0012505343,0.001081719,0.0007772331,0.0010443506,0.0005570932,0.0040200553,0.0012517562,0.9839152,0.0022652545,0.002214266,0.00085279037
syn-0355,1,0,2,5,5,0.009916538,0.006958444,0.0033863103,0.0075754803,0.079131275,0.50750506,0.016760327,0.003788786,0.008873949,0.006072227,0.3433951,0.006636552
syn-0366,1,0,2,9,9,0.0020996109,0.0020741369,0.0019946778,0.011092874,0.0022691125,0.002098586,0.0028225777,0.0012500673,0.0017423392,0.96264213,0.007162097,0.0027518128
syn-0369,1,0,2,6,6,0.004764087,0.03189576,0.0024691636,0.0067843706,0.008717687,0.44246256,0.47935143,0.003401416,0.006320642,0.0047571133,0.004082906,0.00499272
syn-0370,1,0,2,9,9,0.0011346587,0.002361082,0.0010927903,0.0016806055,0.0007882611,0.0014183248,0.0005649976,0.0018256167,0.0009019825,0.9824051,0.0016404723,0.0041860263
syn-0391,1,0,2,0,0,0.9853925,0.001801019,0.0011364431,0.000994617,0.0020530655,0.0016132408,0.0010859913,0.0011679465,0.0013917196,0.0010701992,0.0011594235,0.001133672
syn-0392,1,0,2,1,1,0.0013973761,0.9845783,0.0013750402,0.0022812157,0.0008295366,0.0010253417,0.0013210723,0.0008600581,0.00095385866,0.0019909265,0.0014021604,0.0019851024
syn-0396,1,0,2,3,3,0.0011414717,0.0018469205,0.003361531,0.981571,0.0017774673,0.0013345157,0.002356343,0.0017362924,0.0007906744,0.0014844047,0.0012068123,0.001392428
syn-0407,1,0,2,6,6,0.0025849747,0.004316881,0.0024024127,0.05047082,0.0052727954,0.005247672,0.91762245,0.0004531667,0.0013189873,0.004571796,0.0028641017,0.002873908
syn-0411,1,0,2,2,2,0.0013116505,0.0014251744,0.9823412,0.0025819177,0.00074190216,0.0004918061,0.0018834453,0.0025467414,0.0011268553,0.0017359587,0.0014603969,0.0023530158
syn-0414,1,0,2,5,4,0.0023884333,0.0019032955,0.000935324,0.004048999,0.89028007,0.084772706,0.0033493706,0.0011789014,0.0037392306,0.0026476304,0.0023733205,0.0023826093
syn-0420,1,0,2,2,2,0.0014671561,0.001060889,0.98448133,0.001616478,0.00078531203,0.00047771336,0.002066876,0.0022497603,0.0011881392,0.0012348662,0.0016042901,0.0017671376
syn-0430,1,0,2,1,1,0.0018868176,0.9740607,0.00090309745,0.0040454264,0.0016465153,0.007343227,0.0019783338,0.0007754835,0.0007263682,0.0019495653,0.0011195414,0.0035648502
syn-0431,1,0,2,3,3,0.001235472,0.0021871286,0.001665353,0.98448354,0.0016423385,0.0013443703,0.0018557956,0.0011260092,0.0005945252,0.0013802891,0.0010865799,0.0013986068
syn-0432,1,0,2,6,6,0.000917506,0.00090416387,0.0019691885,0.0025669343,0.0010948984,0.0018086012,0.9852621,0.00046428878,0.00083825894,0.00058462785,0.0020586909,0.0015307297
syn-0477,1,0,2,7,7,0.04502842,0.08858479,0.028633164,0.009209985,0.03959339,0.17209086,0.008443308,0.21479891,0.04187259,0.036613435,0.10795495,0.20717616
syn-0485,1,0,2,10,10,0.0010772808,0.0009876036,0.0008597224,0.0009958356,0.0010921104,0.0007955016,0.0051469537,0.00083735015,0.0033239345,0.0013400431,0.9827533,0.00079046795
syn-0488,1,0,2,10,10,0.00095659663,0.0008047488,0.00079692825,0.00087312015,0.0010123426,0.0009012759,0.0035025037,0.00082142284,0.0020380106,0.0014812441,0.9845158,0.002296157
syn-0489,1,0,2,11,11,0.0014927591,0.003483078,0.0016718111,0.0011654039,0.0017883446,0.0029059604,0.0046476815,0.0011843345,0.0006562909,0.001731631,0.002246923,0.97702575
syn-0498,1,0,2,7,7,0.0012395465,0.0014135345,0.0023075943,0.0006706471,0.0005441683,0.00354496,0.0006005774,0.9829191,0.0029467782,0.00092656596,0.0011770224,0.0017096332
syn-0003,1,0,3,2,2,0.0014401575,0.00095258345,0.98566544,0.0015736151,0.0008349249,0.0004839258,0.0020180428,0.002036984,0.001106636,0.0010831142,0.0012390709,0.0015655679
syn-0010,1,0,3,9,9,0.0012580733,0.0018327216,0.0009258351,0.0015946305,0.0009788321,0.00076679507,0.0005239311,0.0012879076,0.0028354581,0.98502535,0.0019027074,0.0010677129
syn-0020,1,0,3,6,6,0.00081216294,0.0008696235,0.0014602618,0.0013253702,0.0016719516,0.0018350473,0.98489165,0.00044983492,0.0021238902,0.0006726495,0.0024175774,0.0014699192
syn-0024,1,0,3,2,2,0.001804328,0.001030085,0.9823944,0.0016871649,0.0008464977,0.00058292627,0.0028299568,0.0028584264,0.0014224706,0.0011318795,0.0014360794,0.0019756283
syn-0027,1,0,3,4,4,0.0023479257,0.0008558818,0.0008753232,0.0017446172,0.9797973,0.00250531,0.0017903552,0.0010333991,0.0057413667,0.0010218584,0.0009942956,0.0012923811
syn-0043,1,0,3,9,9,0.0011957781,0.0011969466,0.0014430883,0.0013320344,0.0011533428,0.0011086174,0.00084380346,0.0023415058,0.0016879651,0.97449774,0.01124595,0.0019532992
syn-0044,1,0,3,2,2,0.0014903838,0.0010376651,0.98528415,0.0014925685,0.0006762114,0.0004571009,0.0018745014,0.002488014,0.0011536492,0.0010706042,0.0012286529,0.0017464813
syn-0052,1,0,3,4,4,0.011139095,0.0031319696,0.00083090307,0.0024976337,0.94841945,0.02030865,0.0026704269,0.0011706173,0.0019671272,0.0023189744,0.0020766864,0.0034684674
syn-0056,1,0,3,8,8,0.0008816952,0.001499448,0.00084090873,0.0004900189,0.0009792891,0.0006176299,0.0017524974,0.0013823683,0.98837656,0.0011183833,0.001636401,0.00042490513
syn-0057,1,0,3,8,8,0.0031828482,0.0027370963,0.0015903099,0.0014479934,0.004747788,0.0052489107,0.013170013,0.0020539982,0.8433367,0.003792667,0.11258341,0.006108199
syn-0061,1,0,3,4,4,0.002254557,0.0013096248,0.0009080369,0.0017726491,0.9784323,0.0030071987,0.0030256093,0.0007766852,0.0022939784,0.0011383776,0.002420559,0.0026604116
syn-0064,1,0,3,6,6,0.0010282203,0.001308069,0.0025378894,0.0021903361,0.0020725033,0.0013170417,0.9782249,0.00056534726,0.0021185456,0.0007460435,0.005280706,0.0026103924
syn-0070,1,0,3,2,2,0.0014737915,0.00084446964,0.9853188,0.0015317524,0.0008325961,0.0004684144,0.002094664,0.0022844647,0.001033656,0.0011165576,0.0012754601,0.001725352
syn-0072,1,0,3,0,0,0.9848718,0.0018164011,0.0012572632,0.0010753941,0.0020537346,0.0017193144,0.0009724869,0.0016057102,0.00098251,0.0013561108,0.0008820073,0.0014073806
syn-0074,1,0,3,5,5,0.0107045695,0.0074076015,0.00074645854,0.0032203784,0.0062523093,0.9477295,0.008582485,0.002048997,0.0022394215,0.0057206578,0.0017355682,0.0036119395
syn-0075,1,0,3,7,7,0.0022505291,0.0012212042,0.0018785521,0.000868504,0.001172129,0.005154029,0.0007151099,0.97692275,0.002961336,0.0017587149,0.0024024115,0.002694764
syn-0081,1,0,3,10,10,0.0013375948,0.0024974314,0.0008065525,0.0014462847,0.0021022782,0.0023789965,0.0055577285,0.00043467776,0.0025624365,0.0018421648,0.9771333,0.0019006414
syn-0097,1,0,3,10,10,0.0007447669,0.0010294726,0.00092687743,0.0008801246,0.00074440334,0.0010199659,0.002667642,0.00077632815,0.0024786363,0.0015789829,0.98613435,0.001018473
syn-0102,1,0,3,1,1,0.0021748322,0.98335016,0.0011587165,0.0018480108,0.001222654,0.0012888602,0.0014776854,0.0011346417,0.0025185416,0.0016245056,0.0010800426,0.0011214225
syn-0105,1,0,3,4,4,0.012856854,0.0018513013,0.0010031007,0.0030426078,0.95759404,0.0077185235,0.0018288398,0.0010050617,0.0017864746,0.0034280021,0.003351455,0.004533749
syn-0120,1,0,3,3,3,0.0009529725,0.0024877908,0.0014063405,0.98270345,0.0017063393,0.00087791943,0.0023207166,0.00067972986,0.00092545844,0.0033132334,0.0016385684,0.0009875534
syn-0121,1,0,3,9,9,0.0011697109,0.0022124173,0.0009532927,0.0015248458,0.001041379,0.0009912676,0.0006991487,0.00122465,0.0022354927,0.98447466,0.0019484039,0.0015248458
syn-0135,1,0,3,0,0,0.98327893,0.002587776,0.0015636849,0.0011235336,0.0018447216,0.0014126716,0.001194828,0.0016172653,0.0016487603,0.0013632044,0.0010498083,0.0013148272
syn-0136,1,0,3,6,6,0.0009839016,0.0026833513,0.0012863864,0.0022188807,0.00197255,0.0024601282,0.97668207,0.0002632664,0.001758711,0.0018238653,0.00656158,0.0013053686
syn-0139,1,0,3,1,1,0.0016671657,0.9853145,0.00083830353,0.0021826376,0.0010944222,0.0014059521,0.0014045798,0.0007276198,0.00084901386,0.0017656131,0.0009776863,0.0017725235
syn-0147,1,0,3,0,0,0.98064375,0.0034271022,0.0014866274,0.0015450931,0.0023299595,0.0014359722,0.0009956406,0.0013870429,0.001344368,0.0028533326,0.00104037,0.0015107759
syn-0156,1,0,3,6,6,0.00120552,0.0016178536,0.0017576648,0.0023463606,0.0013583838,0.0017822954,0.9848381,0.00048683624,0.001424965,0.00066477683,0.001326917,0.0011903121
syn-0159,1,0,3,11,11,0.0012006812,0.0014394851,0.002166007,0.0007602239,0.0007729501,0.0014950015,0.0018954038,0.0015988201,0.00059206295,0.0011373372,0.00269852,0.9842435
syn-0160,1,0,3,5,5,0.0025873815,0.0031123227,0.0008959507,0.0024120728,0.0012451196,0.9777434,0.0030103133,0.0034847856,0.0014060913,0.0010418615,0.0012548852,0.0018058977
syn-0168,1,0,3,1,1,0.0018024447,0.9808899,0.0008248164,0.002859454,0.0011597748,0.0029114059,0.001956535,0.0008660901,0.0015334542,0.0026745927,0.0009775825,0.0015439725
syn-0169,1,0,3,4,4,0.007859256,0.0013295447,0.00083444885,0.0026512258,0.96841127,0.004415375,0.0025199545,0.00081591535,0.0033917974,0.004407836,0.0015804161,0.0017829933
syn-0172,1,0,3,10,10,0.0006078997,0.0007480946,0.00075322605,0.00071001303,0.00089360494,0.0007809399,0.0023020443,0.0006305743,0.001572816,0.0009742711,0.9886077,0.0014189411
syn-0175,1,0,3,11,11,0.0053791013,0.027144477,0.003668228,0.004368909,0.0048596123,0.010972717,0.017092658,0.0039663003,0.009203929,0.008027811,0.42440376,0.48091245
syn-0182,1,0,3,6,6,0.00091260474,0.001030588,0.0016189693,0.0015643776,0.0010081902,0.0016527154,0.9862394,0.000490394,0.0014374824,0.00067094393,0.0019082526,0.0014661922
syn-0183,1,0,3,4,5,0.0061551104,0.0024637743,0.001300856,0.00375314,0.16971427,0.80022866,0.004435796,0.0026966934,0.0025148224,0.0018131285,0.001909443,0.0030142607
syn-0185,1,0,3,7,7,0.0073973928,0.001494821,0.0058946568,0.0013217541,0.0018458575,0.0056914566,0.0013308203,0.94411564,0.0076676966,0.015852617,0.0027001707,0.0046871686
syn-0188,1,0,3,10,10,0.00078088295,0.00078816107,0.0008870191,0.00067877414,0.00071833003,0.0005693567,0.0020023475,0.000812783,0.0014723889,0.0010127603,0.9890183,0.0012590167
syn-0189,1,0,3,10,10,0.0023218484,0.0040385732,0.0011818378,0.0021684319,0.0023480707,0.0030520123,0.009866459,0.00056099315,0.004348321,0.0041982983,0.9603194,0.0055957213
syn-0200,1,0,3,5,5,0.0044455044,0.0047786552,0.0010367418,0.0020708877,0.0020081536,0.9499367,0.002926844,0.026323391,0.0021692123,0.001911521,0.0009167101,0.0014756672
syn-0202,1,0,3,10,10,0.0009583986,0.0012032756,0.0008474373,0.0009073935,0.00153601,0.0010372885,0.0017844146,0.0008950722,0.0048458083,0.0068403604,0.97773904,0.0014053987
syn-0205,1,0,3,2,2,0.0014034056,0.0011546918,0.9852121,0.0016371461,0.00066763203,0.0004340124,0.0018769972,0.0021171703,0.0010391101,0.001228563,0.0014928237,0.0017363627
syn-0221,1,0,3,11,11,0.002114439,0.003404741,0.001827662,0.0009912595,0.0011015187,0.003225561,0.0049753836,0.00092666637,0.0012790326,0.001129845,0.0046003535,0.9744236
syn-0241,1,0,3,1,1,0.004348027,0.95731384,0.0009882245,0.013829812,0.009043279,0.0035866452,0.0024977762,0.0007481397,0.0012370928,0.0032465986,0.00093563227,0.0022248249
syn-0247,1,0,3,3,3,0.0011804675,0.00223904,0.0019457868,0.98195297,0.00234893,0.0010633438,0.0028302392,0.0008240991,0.0006251075,0.0024161085,0.0011741441,0.001399788
syn-0249,1,0,3,8,8,0.0010231396,0.0008598888,0.00072906585,0.0004952414,0.0029125195,0.0017899757,0.0009388856,0.0023825762,0.98150474,0.0023533097,0.0044835494,0.0005271817
syn-0258,1,0,3,3,3,0.009423479,0.009789304,0.0032352705,0.6410933,0.07985139,0.20331115,0.028499708,0.0032574625,0.0033055304,0.0084203845,0.004357786,0.005455223
syn-0273,1,0,3,0,0,0.9796499,0.0034584932,0.0012671936,0.001554115,0.0027891304,0.0025161193,0.0012884066,0.0017571778,0.0008565891,0.0015655394,0.0010749282,0.0022223657
syn-0276,1,0,3,6,6,0.0011419068,0.0011209145,0.0031148426,0.0023617058,0.0023953859,0.0017133686,0.97620845,0.0009042053,0.0015791999,0.00071528525,0.0048476807,0.0038971233
syn-0289,1,0,3,8,8,0.25562447,0.12122104,0.010286361,0.008971924,0.030716898,0.08524802,0.024104085,0.039791886,0.35282603,0.03483656,0.007964224,0.028408488
syn-0291,1,0,3,1,1,0.001420406,0.98432726,0.0008897359,0.0015127528,0.0010361512,0.0012863667,0.0011920206,0.0008776543,0.0009592195,0.0016577875,0.002331016,0.002509607
syn-0293,1,0,3,0,0,0.58717626,0.023048412,0.007420388,0.0054129898,0.0603658,0.012671908,0.0073626423,0.009458437,0.2615777,0.013403823,0.004702887,0.0073986803
syn-0296,1,0,3,3,3,0.001242107,0.0024281826,0.0012396835,0.9825478,0.0025623639,0.0022975893,0.002002159,0.0007384437,0.0005711826,0.0018469538,0.0011974425,0.0013260955
syn-0297,1,0,3,11,11,0.0012594748,0.0022715842,0.0021845612,0.0008801142,0.0010274516,0.0017670613,0.0030730257,0.0013724979,0.0007375205,0.0009138344,0.0012749435,0.98323786
syn-0299,1,0,3,1,1,0.0017923171,0.9818293,0.0007710542,0.0030774388,0.0016323217,0.0019950857,0.0012527673,0.0009871569,0.0012375677,0.003252209,0.0007793817,0.0013934745
syn-0301,1,0,3,3,3,0.0014149582,0.003077189,0.0012597195,0.9762523,0.0044335015,0.0028687804,0.004346689,0.0006281905,0.00071811705,0.0020447264,0.0013311787,0.0016246355
syn-0307,1,0,3,3,3,0.009746499,0.015612933,0.0027038634,0.86290675,0.016680855,0.0062529943,0.023667794,0.001156123,0.0060576517,0.0439804,0.007502148,0.003732011
syn-0312,1,0,3,11,11,0.0024297943,0.00261061,0.002458436,0.0008436187,0.001559247,0.0022123528,0.0033182984,0.0017225615,0.0042374386,0.0014441818,0.0019272943,0.9752362
syn-0321,1,0,3,9,9,0.0014089872,0.0033387719,0.00087657035,0.0032293398,0.0011882253,0.0011399187,0.0015279482,0.0006813417,0.0026675933,0.9802356,0.0023988166,0.0013069233
syn-0329,1,0,3,8,8,0.00089001586,0.0008559199,0.00096893765,0.00049974147,0.0014510008,0.0009414221,0.0013019395,0.002076434,0.984637,0.002923598,0.0025057276,0.00094834255
syn-0336,1,0,3,0,0,0.9818693,0.0033798364,0.0017053072,0.0013238861,0.0017351249,0.0019437219,0.0013129422,0.0016276129,0.0012787762,0.0015667893,0.0010330593,0.0012237969
syn-0341,1,0,3,8,8,0.000850276,0.00084654766,0.0009499418,0.0005339109,0.0012550934,0.0007329837,0.0011008763,0.0016052888,0.98919123,0.0015207849,0.0010004033,0.00041257436
syn-0352,1,0,3,8,8,0.00074416,0.0015498273,0.0010732719,0.0005562626,0.0009352106,0.0007434337,0.0013321261,0.00214582,0.9882217,0.0012984114,0.000981529,0.00041825208
syn-0364,1,0,3,4,4,0.008958923,0.008011145,0.0018290246,0.0044480003,0.5515691,0.30164522,0.017723804,0.0022148595,0.05262324,0.0099797705,0.029663447,0.011333438
syn-0368,1,0,3,9,9,0.0017674157,0.0022001215,0.0011545806,0.0014875868,0.0014015585,0.0009675186,0.0008991883,0.0014781739,0.0057388153,0.97840595,0.00203329,0.0024658246
syn-0379,1,0,3,3,3,0.006312167,0.005469397,0.0046690954,0.8781187,0.04497479,0.0069630914,0.0055338694,0.0023812498,0.001630227,0.023207627,0.016777152,0.00396261
syn-0385,1,0,3,5,4,0.0050199614,0.002646626,0.0011472274,0.0022648848,0.84134716,0.12927702,0.0026975085,0.0025790127,0.004155603,0.003161416,0.0022059467,0.0034976602
syn-0386,1,0,3,10,10,0.0010260456,0.0010900887,0.0010315714,0.0008510371,0.0007180462,0.0009130296,0.0016532829,0.001283498,0.0010981021,0.0013248873,0.9866985,0.002311947
syn-0388,1,0,3,5,5,0.038993515,0.007529767,0.0071709347,0.05983663,0.026837472,0.6436186,0.052986436,0.12355862,0.010655031,0.010078132,0.008841961,0.00989286
syn-0401,1,0,3,11,11,0.004051329,0.025021207,0.0037850223,0.0016878148,0.0015144256,0.0037528179,0.0067081116,0.0018902628,0.0008121983,0.0043778582,0.0019674827,0.9444314
syn-0409,1,0,3,10,10,0.0008376717,0.002053861,0.00094320014,0.0010834985,0.0007238833,0.00049751723,0.0020406162,0.0009413598,0.0017809437,0.0058402023,0.98217106,0.001086147
syn-0413,1,0,3,9,9,0.0017587685,0.0042355787,0.0010129389,0.0011761779,0.0011653164,0.0012593925,0.0007498176,0.0013557569,0.0017777634,0.9812552,0.0019063306,0.0023471175
syn-0417,1,0,3,7,4,0.016433865,0.012873919,0.012404932,0.007808426,0.21859807,0.1773722,0.118328564,0.085813485,0.054300558,0.014602315,0.090239674,0.19122402
syn-0418,1,0,3,0,0,0.9811887,0.0026187012,0.0013018219,0.0014860017,0.0033369225,0.001890444,0.0013871362,0.0013871362,0.0011026862,0.0015361698,0.001126633,0.0016376413
syn-0440,1,0,3,1,1,0.003522836,0.9812065,0.0010962639,0.0017552497,0.0013340202,0.0017221407,0.0017364952,0.000886915,0.0029648507,0.0014374979,0.00093768426,0.001399407
syn-0452,1,0,3,10,10,0.0006914232,0.00070231146,0.0012782586,0.00087874796,0.00095667056,0.0011173694,0.0066373684,0.0007927206,0.0034316718,0.0013009267,0.9812323,0.0009803142
syn-0453,1,0,3,1,1,0.0031722952,0.9731416,0.0014166615,0.0016996664,0.0012898849,0.0017708285,0.002198458,0.001571167,0.0015355205,0.0023311225,0.0052609667,0.00461172
syn-0456,1,0,3,11,11,0.0018603673,0.0027091324,0.0017315147,0.0057191537,0.0037436225,0.0020194098,0.0040097074,0.0009308949,0.00057575235,0.0018075374,0.0017416901,0.9731513
syn-0459,1,0,3,5,8,0.016327374,0.031272694,0.0030114248,0.002469884,0.02451029,0.011662952,0.012028538,0.0023475916,0.8853713,0.004424596,0.004280098,0.0022932098
syn-0460,1,0,3,8,8,0.0008653899,0.0020036357,0.0009546308,0.00047488965,0.0009844532,0.0007004719,0.0025879962,0.0015521691,0.98633796,0.0014527979,0.0015058836,0.00057957857
syn-0461,1,0,3,2,2,0.0015747807,0.000992717,0.9849517,0.0012427164,0.0007323411,0.0004433206,0.0017929759,0.0027004615,0.001327394,0.0011150523,0.0014199198,0.0017066977
syn-0468,1,0,3,6,6,0.00090598786,0.00090864603,0.0017933241,0.001728522,0.0011553862,0.0011402541,0.986286,0.00048612576,0.0013405986,0.0007666525,0.0023042203,0.0011842301
syn-0476,1,0,3,7,7,0.001808695,0.0012280145,0.0018871845,0.0010858376,0.0011683516,0.025547894,0.00076398224,0.9549401,0.0043208636,0.0036060323,0.0019197135,0.0017233427
syn-0487,1,0,3,6,6,0.0011425992,0.0012622742,0.0016192102,0.0018028349,0.0020276005,0.0024257575,0.98254055,0.00047630622,0.0035757497,0.0006169882,0.0013568702,0.0011532488
syn-0490,1,0,3,7,7,0.0017693365,0.0011050621,0.0018506307,0.0007138302,0.0010736809,0.0044873785,0.0007885962,0.97899115,0.0025638633,0.002991246,0.0013914832,0.0022738152
syn-0493,1,0,3,8,8,0.0007328507,0.00070477556,0.0008685836,0.00051061396,0.0018406443,0.0009400804,0.0010174623,0.001881794,0.9885289,0.0013064475,0.0012811784,0.0003865625
syn-0008,1,0,4,8,8,0.0005942432,0.0007287933,0.0010010181,0.00048123277,0.0008408863,0.0009176893,0.001417706,0.002010053,0.98979914,0.0008371992,0.0010108416,0.0003611313
syn-0014,1,0,4,0,0,0.9785136,0.004102298,0.0014272667,0.0015867981,0.0024630874,0.00232575,0.0013867358,0.0016236351,0.0016874891,0.0017368103,0.0012976389,0.001848825
syn-0019,1,0,4,0,0,0.98167276,0.0016904592,0.0013477516,0.0023224603,0.002746316,0.0014515856,0.0015527683,0.0011010777,0.0007709313,0.0015249673,0.002309456,0.0015094102
syn-0022,1,0,4,10,11,0.004765537,0.10888764,0.005264676,0.013857036,0.009495932,0.010225024,0.015760168,0.0025483186,0.0024174165,0.024065882,0.034229577,0.76848274
syn-0035,1,0,4,9,9,0.0032719707,0.024461763,0.0016859117,0.0044158357,0.003515458,0.0020920131,0.0031297677,0.0012238406,0.0055063404,0.84893805,0.09712681,0.0046322774
syn-0037,1,0,4,8,8,0.0017088705,0.0022506597,0.0017374774,0.0015943988,0.004159859,0.004081392,0.010143555,0.001627434,0.8554717,0.0063542644,0.10961404,0.001256356
syn-0039,1,0,4,1,1,0.0016183418,0.9848948,0.0009421285,0.0015723848,0.0012511684,0.0028503507,0.0014506722,0.000840405,0.0008867782,0.0011111833,0.0010372549,0.0015446097
syn-0041,1,0,4,10,10,0.0017990452,0.0038123003,0.0017066319,0.004409408,0.003052817,0.0019300939,0.0061239125,0.00072688,0.007876949,0.07531137,0.8892524,0.0039981836
syn-0046,1,0,4,8,8,0.08709765,0.014591059,0.003373846,0.0033085903,0.012920651,0.0091353115,0.011016598,0.005179789,0.802501,0.033123173,0.009434505,0.008317795
syn-0048,1,0,4,11,11,0.0013524732,0.0019988257,0.0016651958,0.0009890075,0.0028076998,0.0016482084,0.0017987485,0.0014509918,0.0009464865,0.0015385512,0.0020532326,0.98175055
syn-0054,1,0,4,5,5,0.0017516314,0.0012562737,0.000515322,0.0012648911,0.0019057929,0.98313624,0.0016675461,0.0029531913,0.0014644363,0.0008908315,0.0017608498,0.0014329595
syn-0055,1,0,4,3,3,0.0008645568,0.0022295248,0.0015352304,0.98586977,0.0015397349,0.0013439645,0.0019932794,0.0005410258,0.0005592911,0.0014524627,0.0010014354,0.0010696724
syn-0076,1,0,4,5,5,0.0033686117,0.003821333,0.0006585588,0.0017482528,0.0020494112,0.9775339,0.0029438096,0.0020761017,0.0012675471,0.001640328,0.001207142,0.0016849765
syn-0080,1,0,4,3,3,0.00091673917,0.002156871,0.0012758775,0.9858818,0.0017718129,0.0011409003,0.001972322,0.0005290158,0.00069878186,0.0014450528,0.0011811466,0.0010297114
syn-0084,1,0,4,5,5,0.0018481321,0.0021687448,0.00056813855,0.0021576544,0.0016315684,0.9820952,0.0017418911,0.0027669345,0.0012039247,0.0008282529,0.0015553337,0.0014342405
syn-0106,1,0,4,10,10,0.0027911086,0.0074730427,0.0063889115,0.0067168055,0.0014881484,0.0016912406,0.13356696,0.0019108203,0.037490785,0.008962641,0.78685224,0.0046673855
syn-0108,1,0,4,8,8,0.0023957586,0.0029324794,0.0024477867,0.0017425342,0.0034807054,0.0028729534,0.0049097803,0.0034790065,0.7857736,0.003184731,0.18446319,0.002317518
syn-0109,1,0,4,3,3,0.0011958157,0.0037249709,0.0013346804,0.9773876,0.0018341168,0.001074018,0.0025540458,0.0005971976,0.0007043582,0.006689294,0.0016265248,0.0012772976
syn-0111,1,0,4,3,3,0.00096908037,0.0029574132,0.0023227881,0.9843014,0.0012976883,0.0013596336,0.0022026456,0.0006389611,0.0006775189,0.0011007962,0.0009667174,0.0012054513
syn-0113,1,0,4,11,11,0.0024262567,0.0027149576,0.0021759446,0.00092135294,0.0012816727,0.0021526956,0.002390975,0.0010740195,0.0027249185,0.0014319052,0.002361389,0.97834396
syn-0124,1,0,4,6,6,0.00080727873,0.0017892779,0.0015203953,0.0056008897,0.0018940112,0.0018299215,0.97992516,0.00030402394,0.0015394442,0.0011120734,0.0020526696,0.0016247868
syn-0129,1,0,4,11,11,0.0015941955,0.0026777713,0.0020216582,0.001465776,0.0019917735,0.0011172837,0.0025534325,0.0010064289,0.00079848664,0.0023981424,0.0016970123,0.980678
syn-0138,1,0,4,4,4,0.0013171445,0.0014501363,0.001205144,0.002329507,0.9811717,0.0019038429,0.0014360439,0.0012415793,0.0017016013,0.0012904081,0.0026067754,0.0023460586
syn-0140,1,0,4,11,11,0.0024881412,0.0026693859,0.003114739,0.0033596233,0.003993062,0.0022249166,0.0020506904,0.002361483,0.0009247701,0.035145096,0.0019142557,0.93975383
syn-0142,1,0,4,4,3,0.0036421723,0.0028337578,0.0017811306,0.8812575,0.08776907,0.0062861997,0.0046368507,0.0011578725,0.001687988,0.004621029,0.0020945896,0.0022318575
syn-0143,1,0,4,1,1,0.0044860328,0.94766027,0.0019455008,0.002450952,0.0010242063,0.0023941756,0.004476187,0.0015832264,0.023724211,0.0035056875,0.004224539,0.002525052
syn-0145,1,0,4,2,2,0.008661899,0.008816581,0.8631759,0.072675854,0.0060300264,0.0046824506,0.00623056,0.0077068745,0.0030588543,0.005563264,0.004066198,0.0093315095
syn-0146,1,0,4,10,10,0.0008597176,0.0009089299,0.0008551123,0.00086773065,0.0009129331,0.00070065394,0.0014021186,0.0008758183,0.0014266348,0.001283049,0.9890058,0.0009014163
syn-0150,1,0,4,3,3,0.0022609986,0.15169339,0.0031994362,0.81684965,0.0039372956,0.0027087051,0.0055429954,0.001297115,0.0015539601,0.0064953174,0.0017471643,0.0027140006
syn-0165,1,0,4,8,8,0.0010027192,0.0013962224,0.0012613817,0.0009568014,0.0017241044,0.0012154304,0.010058112,0.0008601876,0.9694597,0.0040332046,0.0073694596,0.0006627569
syn-0174,1,0,4,10,10,0.00075695215,0.0010711285,0.0008061649,0.00069665635,0.00085857726,0.00078288943,0.0015955749,0.0008432051,0.0012435929,0.001025327,0.9891418,0.0011781289
syn-0176,1,0,4,10,10,0.00071964524,0.0013216926,0.00070814235,0.0009427281,0.0009865244,0.00096933474,0.0039400696,0.0005332305,0.0014784198,0.0018750103,0.98504055,0.0014845686
syn-0178,1,0,4,9,9,0.0032773148,0.005247373,0.0025799414,0.0055504553,0.014044412,0.0032549878,0.005335215,0.0015078086,0.015738599,0.87731683,0.026337897,0.03980907
syn-0187,1,0,4,3,3,0.00089793897,0.0021051085,0.0013329124,0.9861531,0.0017140025,0.0012659876,0.0015809415,0.0006847858,0.0006007907,0.001579013,0.0010836502,0.0010017232
syn-0195,1,0,4,4,5,0.003101762,0.003405787,0.0008251018,0.0027252927,0.05040328,0.918186,0.0065624234,0.0016716418,0.006140792,0.002168553,0.0018612125,0.0029481833
syn-0206,1,0,4,8,8,0.0033013371,0.002314855,0.0030517476,0.0021640128,0.0068671526,0.0040468583,0.0049125273,0.0026256375,0.5560134,0.0068462277,0.4052022,0.0026539946
syn-0211,1,0,4,0,0,0.98475385,0.0017603056,0.0013381894,0.0013645829,0.0020617775,0.0015511903,0.0009728453,0.0013579361,0.0007763778,0.0013519817,0.001141823,0.001569092
syn-0215,1,0,4,10,10,0.0010157046,0.0016951812,0.0009892734,0.0015284804,0.0030943125,0.0020487767,0.0039203013,0.00056920253,0.0038983498,0.0089649,0.97057366,0.001701816
syn-0217,1,0,4,6,6,0.0019079023,0.0022915578,0.0014150661,0.001805043,0.0013910882,0.0028030525,0.9787133,0.00043922404,0.0024838212,0.001457848,0.003534534,0.0017576419
syn-0223,1,0,4,6,6,0.0008815349,0.0013841429,0.0015411102,0.0016202037,0.0012055037,0.0018079091,0.98194396,0.0004849318,0.0036307403,0.0013514194,0.0026958326,0.0014526958
syn-0225,1,0,4,7,7,0.0017274618,0.0011837927,0.002091872,0.0007286017,0.0014675102,0.008440816,0.000507158,0.9647302,0.004223119,0.0072233384,0.0026945553,0.004981521
syn-0228,1,0,4,6,6,0.0011519003,0.0015364876,0.001820175,0.009504492,0.0052309693,0.0019527626,0.97043186,0.00042791903,0.0026002876,0.0014106489,0.0019019466,0.002030552
syn-0229,1,0,4,7,7,0.0025016696,0.0007084333,0.0022664242,0.0007570749,0.00068262557,0.005816911,0.00050580024,0.9792098,0.003372328,0.0012139443,0.0015813503,0.0013836628
syn-0230,1,0,4,9,9,0.0011174333,0.001757755,0.0008263611,0.0008095869,0.0008891572,0.0007590525,0.0004900811,0.0017776064,0.0027666872,0.9865732,0.0012111869,0.0010219157
syn-0232,1,0,4,8,8,0.0011020843,0.0013762622,0.0009344138,0.00064914854,0.0012378972,0.0012421355,0.0014054637,0.0018006901,0.9844913,0.0044145174,0.00096219423,0.00038385735
syn-0234,1,0,4,4,6,0.004625958,0.005974753,0.0035991832,0.12824585,0.08559717,0.017782966,0.7152979,0.00078066165,0.012727543,0.011943292,0.007571258,0.0058534723
syn-0236,1,0,4,11,11,0.01341854,0.08076625,0.0067736735,0.007690584,0.016221453,0.010104147,0.020992117,0.00529082,0.029843103,0.024074193,0.020777967,0.76404715
syn-0237,1,0,4,4,4,0.0030597686,0.0009132303,0.0008847011,0.002201852,0.983548,0.0014729397,0.000929879,0.00092580164,0.0012998647,0.0017241442,0.001064551,0.0019752937
syn-0255,1,0,4,2,2,0.0011561814,0.0008772175,0.987688,0.0013723292,0.000698355,0.00040516484,0.0018035746,0.0015455903,0.00093288167,0.0008866915,0.0011896834,0.0014443465
syn-0264,1,0,4,0,0,0.98280644,0.0022665723,0.0011983428,0.0011039651,0.0026279062,0.0017723334,0.0007816826,0.0015522859,0.0020322385,0.0012931892,0.001203033,0.0013618844
syn-0270,1,0,4,10,10,0.0010579731,0.0011087463,0.00071989145,0.0009384571,0.0011869003,0.0008807384,0.0024852143,0.0005441992,0.0010597827,0.0012314722,0.9877862,0.0010004467
syn-0294,1,0,4,1,1,0.0014910647,0.98597497,0.0010866332,0.0018773045,0.0007690349,0.001631628,0.001770683,0.0009119146,0.00095241744,0.0012568291,0.00089777674,0.0013796829
syn-0300,1,0,4,10,10,0.00077004835,0.00083547155,0.0012514385,0.00090336014,0.0010605275,0.0006726326,0.0013409595,0.001176479,0.0013994931,0.0010213943,0.9887216,0.000846559
syn-0316,1,0,4,0,0,0.7895509,0.004799141,0.0022970382,0.0063998764,0.028675256,0.14266893,0.0058814664,0.0024764247,0.0031581295,0.004799141,0.0029667881,0.0063268607
syn-0327,1,0,4,1,1,0.0035645154,0.9562976,0.0017410275,0.0019271416,0.0019046899,0.0019394135,0.0022974946,0.0013935007,0.02203344,0.0020796712,0.0018815807,0.0029399756
syn-0330,1,0,4,0,0,0.9759917,0.0025012218,0.001140539,0.0018199084,0.0057358467,0.004043562,0.0012729847,0.00172811,0.00064417295,0.0020223393,0.0015490678,0.0015505813
syn-0334,1,0,4,6,6,0.0033448203,0.005866044,0.0027460058,0.009416346,0.008485439,0.1357124,0.8184505,0.0014204413,0.0034509962,0.0025695765,0.0026771605,0.0058603184
syn-0339,1,0,4,7,7,0.001536111,0.0009323811,0.002408396,0.0007847603,0.00047112547,0.0027012292,0.0004633686,0.9861944,0.0012418566,0.0008866485,0.0011393133,0.0012403416
syn-0340,1,0,4,9,9,0.001021485,0.0015690286,0.0009694867,0.0016231883,0.0011384365,0.000788572,0.0006274776,0.0008737225,0.001443341,0.98567605,0.0030998844,0.001169424
syn-0345,1,0,4,7,7,0.005860456,0.0028225384,0.0032950512,0.0018664951,0.0050662328,0.09406484,0.0032423825,0.86163175,0.0049476656,0.0036830818,0.0035419855,0.009977493
syn-0358,1,0,4,2,2,0.0016703188,0.0014650816,0.98069215,0.001024291,0.00062308676,0.0006224785,0.0022621101,0.004043245,0.0017806515,0.0013268263,0.0018775312,0.0026121093
syn-0359,1,0,4,4,4,0.0018807127,0.0027619256,0.001153593,0.0023189709,0.9709091,0.0031766295,0.0044362308,0.0009242262,0.004769268,0.0016284161,0.0015829458,0.004457945
syn-0360,1,0,4,0,0,0.98102635,0.00173152,0.001125347,0.0015329187,0.004948322,0.0022906736,0.00094394275,0.0012627929,0.0008185115,0.0013298733,0.0012395782,0.0017502205
syn-0374,1,0,4,8,8,0.0007475098,0.0007056577,0.0009343883,0.00059364334,0.0009307454,0.0007618811,0.0015929443,0.001323179,0.9897662,0.0009208006,0.0013668486,0.0003562157
syn-0375,1,0,4,8,8,0.0005807892,0.00093492103,0.0007961738,0.00049629045,0.00079812,0.00057570694,0.0022215059,0.001219367,0.9874335,0.0023804205,0.0020649289,0.00049823284
syn-0383,1,0,4,2,2,0.0011515734,0.00083595264,0.9868787,0.0014140408,0.00069948845,0.00045873574,0.0015929571,0.00209774,0.0009038803,0.0010557116,0.0013816219,0.0015296893
syn-0393,1,0,4,2,2,0.0014645112,0.0011375035,0.98534924,0.0023460027,0.0007011379,0.00048188458,0.0019292982,0.0016940996,0.0009370565,0.0010281507,0.0011264491,0.0018046809
syn-0399,1,0,4,8,8,0.00075152796,0.00079454726,0.0010112914,0.00051853876,0.0012420889,0.0013106267,0.0019436127,0.0015085222,0.9777476,0.0022256444,0.010445686,0.0005001369
syn-0402,1,0,4,1,1,0.0028300437,0.9787139,0.0010495366,0.0020423892,0.0015995711,0.002089292,0.002104137,0.0009537494,0.0011493184,0.0018303388,0.0025442778,0.0030934326
syn-0403,1,0,4,9,9,0.0016152292,0.0025420042,0.00087284116,0.0014334614,0.0013019989,0.0007605625,0.0006518154,0.0009890586,0.0048351507,0.98276055,0.0012880873,0.0009493124
syn-0406,1,0,4,4,4,0.3602459,0.0037595036,0.0024296895,0.013154031,0.5590506,0.007795409,0.0063888887,0.0028740787,0.0021589012,0.009368686,0.019317389,0.013456932
syn-0419,1,0,4,1,1,0.0013734662,0.98585516,0.0010377596,0.0016470373,0.00091761,0.0014087858,0.0012646787,0.00094905234,0.0008620149,0.0013748081,0.0015881999,0.0017214512
syn-0422,1,0,4,1,1,0.0014628883,0.9854595,0.0015887258,0.0016706709,0.0008078836,0.0013319749,0.001275331,0.0013755991,0.0008650414,0.0015115379,0.0010713176,0.001579444
syn-0425,1,0,4,5,5,0.0021164552,0.0026025695,0.0004510596,0.001194784,0.006818671,0.9760675,0.0021239608,0.0013102925,0.0019186047,0.00097372686,0.0011506968,0.003271634
syn-0429,1,0,4,2,2,0.0041617854,0.0064663896,0.93632233,0.002732032,0.0016265985,0.0017484971,0.0045485627,0.019394832,0.0038716414,0.005792191,0.0051908186,0.008144402
syn-0436,1,0,4,6,6,0.0007443485,0.0011707387,0.0011828053,0.00119938,0.0008159118,0.001235038,0.9875072,0.00038278382,0.0016613168,0.0009022505,0.0019492831,0.0012489862
syn-0444,1,0,4,5,5,0.0024315596,0.002931231,0.0006920764,0.002096647,0.0039870027,0.9631626,0.016172433,0.0017951095,0.0018629764,0.0010719089,0.0013517158,0.0024446547
syn-0445,1,0,4,6,6,0.001374982,0.0014048422,0.0016456379,0.0013830621,0.0012181666,0.0020410414,0.976398,0.00053845067,0.010110331,0.0009884299,0.0015985153,0.0012986324
syn-0454,1,0,4,11,11,0.0010961423,0.0022308182,0.0016791888,0.0011515553,0.0017520583,0.0015755274,0.0022912598,0.0018415286,0.0006829406,0.0016973241,0.0014656876,0.98253596
syn-0463,1,0,4,11,11,0.0010651732,0.0014417705,0.0019112016,0.0009928506,0.001004554,0.0011630293,0.0014246254,0.001995966,0.0006039611,0.0011987765,0.0016325439,0.9855655
syn-0465,1,0,4,7,7,0.0027753313,0.0008892857,0.0029543713,0.0013104344,0.0008661442,0.010918689,0.0012419064,0.97236735,0.0014590428,0.0011902547,0.0020470577,0.0019802053
syn-0471,1,0,4,5,5,0.0030956387,0.008182847,0.0007283998,0.0016454867,0.012587498,0.9588282,0.0016689529,0.0016128724,0.0014178057,0.0017688009,0.0015255463,0.0069379127
syn-0481,1,0,4,9,9,0.0010808243,0.0011709345,0.0011167681,0.001247062,0.0008886279,0.00052188744,0.00060658355,0.0012866481,0.0020239344,0.98694915,0.001931016,0.001176666
syn-0492,1,0,4,6,6,0.00075450866,0.00093671144,0.0015712837,0.0013599157,0.00082021195,0.0012318853,0.9878763,0.0005615251,0.0012240906,0.0007366707,0.0018870191,0.0010398871
syn-0497,1,0,4,5,5,0.002839185,0.00453147,0.000681732,0.0012200754,0.0022044221,0.96653485,0.003940856,0.008936318,0.0034163604,0.0016329964,0.001646608,0.0024151804
syn-0005,1,1,0,11,11,0.0015980162,0.0031232308,0.0012127423,0.0015458283,0.0010977633,0.0021508909,0.0013509314,0.0019181864,0.0012427146,0.0032897913,0.0027520393,0.9787179
syn-0007,1,1,0,6,6,0.0038248592,0.0031454754,0.0014205485,0.001829372,0.009186568,0.0028278586,0.9421019,0.0016430445,0.027735766,0.0017354009,0.0009926717,0.0035564671
syn-0009,1,1,0,8,8,0.00072080997,0.0015677772,0.0008848814,0.0005242749,0.0007793814,0.0011007151,0.0013451715,0.0008451847,0.98952955,0.0013082488,0.0006871303,0.0007068682
syn-0023,1,1,0,1,1,0.0010321633,0.98774683,0.0009508734,0.0011681675,0.0017334082,0.00074162654,0.00081850425,0.0019002937,0.001399992,0.0007380141,0.0006136303,0.0011565326
syn-0029,1,1,0,2,2,0.0016466232,0.001031941,0.98416454,0.0015983016,0.0009259298,0.0015739063,0.0010294247,0.0022607176,0.0013876117,0.0008996356,0.0023774684,0.0011038724
syn-0034,1,1,0,0,0,0.9861877,0.0011307154,0.0013219403,0.0009968788,0.002292628,0.0014801415,0.0006755108,0.0017368096,0.00050346984,0.0006676408,0.0015557262,0.0014508044
syn-0042,1,1,0,9,9,0.00068934925,0.00096410216,0.0013417951,0.001590312,0.0012623477,0.0020718805,0.0012784757,0.002221447,0.0020622918,0.9830776,0.001611417,0.0018290976
syn-0065,1,1,0,11,11,0.0014426057,0.001839274,0.001250912,0.0015789864,0.00089704734,0.001017978,0.0013961748,0.0021177668,0.0009958541,0.0015066792,0.0022248256,0.98373187
syn-0071,1,1,0,6,6,0.0007240134,0.0012364085,0.0010953972,0.0015690841,0.001641578,0.0009442914,0.9871559,0.0012255892,0.0011279637,0.0011368104,0.00095216243,0.0011907854
syn-0073,1,1,0,11,11,0.002594934,0.009324206,0.0017502565,0.00095719006,0.0016538762,0.0014174009,0.0018199787,0.0023437554,0.0024670523,0.0045731924,0.0031369734,0.9679612
syn-0082,1,1,0,1,1,0.003178056,0.44136116,0.0060191234,0.0051183505,0.011716021,0.14987257,0.0658914,0.03155143,0.07368685,0.030651236,0.1468303,0.034123555
syn-0087,1,1,0,5,5,0.0038540612,0.00532477,0.003277294,0.002248054,0.007981727,0.8105883,0.009100965,0.004689925,0.042792123,0.008442742,0.09718987,0.0045102565
syn-0112,1,1,0,4,4,0.0030575523,0.0017214239,0.00090381084,0.0011003652,0.9819962,0.0031855672,0.001240198,0.0012933855,0.0030545678,0.0008811514,0.00066156505,0.0009042522
syn-0117,1,1,0,6,6,0.00056433433,0.0012447159,0.0008563158,0.0021995918,0.0021454971,0.001008494,0.98605484,0.0010238753,0.0011825081,0.0013984471,0.0010308984,0.0012905134
syn-0118,1,1,0,5,5,0.0013915743,0.0005932714,0.001140772,0.0009292542,0.0009781391,0.9881805,0.00076214754,0.0010483658,0.0014900282,0.0015938905,0.0011984411,0.0006936045
syn-0123,1,1,0,10,10,0.00079077046,0.00088303,0.001260874,0.0013354111,0.0007869186,0.0011391047,0.0010930618,0.0005103105,0.00066850166,0.0015235522,0.98890674,0.0011016349
syn-0127,1,1,0,11,11,0.006903551,0.10487185,0.0036807985,0.0076080277,0.044731963,0.005397534,0.06562712,0.0029117514,0.03739321,0.010818468,0.030864127,0.6791915
syn-0130,1,1,0,6,8,0.00081878353,0.0021781109,0.0015929566,0.0007943676,0.0010585504,0.002168031,0.0037019271,0.0010985705,0.98231125,0.0012849864,0.0019916839,0.0010007484
syn-0133,1,1,0,2,2,0.0020931815,0.0021973876,0.97671324,0.0033917679,0.0013117999,0.0021101139,0.0015623715,0.0039818706,0.001594743,0.0017344615,0.0019429789,0.0013660556
syn-0134,1,1,0,5,5,0.0056223595,0.00090514106,0.001799209,0.0011475625,0.0048136106,0.96206826,0.0018527,0.008409308,0.006367858,0.0032160622,0.0028057843,0.0009921631
syn-0144,1,1,0,9,9,0.0006192204,0.0008783723,0.0009837303,0.001291827,0.0010553886,0.0014810868,0.0014631172,0.0011687792,0.00449134,0.98225063,0.00201873,0.0022978715
syn-0151,1,1,0,10,10,0.0015361591,0.0022252975,0.002118216,0.0026387384,0.0017637969,0.0040137838,0.0059843548,0.0012525527,0.0018171221,0.005675564,0.94960207,0.021372344
syn-0152,1,1,0,3,3,0.005934055,0.0044216737,0.0050571123,0.69278353,0.2665707,0.0039907503,0.0059195855,0.0035338828,0.0027819145,0.0029584423,0.003979076,0.0020693634
syn-0153,1,1,0,4,5,0.119054504,0.005912921,0.0037020182,0.0033971632,0.365284,0.47828478,0.0038570159,0.0031572408,0.0040897653,0.004355659,0.004779086,0.004125869
syn-0154,1,1,0,1,1,0.0009436359,0.98839915,0.00084793736,0.0008299143,0.0015119116,0.00079773116,0.00090394774,0.0015593306,0.0012505723,0.000930368,0.00064350374,0.0013819782
syn-0155,1,1,0,4,4,0.0022329632,0.0021760506,0.0008432031,0.0010596813,0.9848022,0.002138656,0.0013204054,0.0014995065,0.001823938,0.0006208289,0.000907279,0.0005752953
syn-0162,1,1,0,9,9,0.0006375056,0.0014047323,0.0012216449,0.0011337054,0.0014240696,0.0017896756,0.0015511055,0.002106309,0.002793985,0.98301864,0.0012647398,0.0016539674
syn-0164,1,1,0,8,8,0.0020237707,0.0016606493,0.0011949532,0.0008661733,0.0020839379,0.004102126,0.0022105013,0.00092474185,0.98002654,0.0025838648,0.0014806223,0.0008419871
syn-0170,1,1,0,6,6,0.00065040163,0.0010444262,0.000865437,0.0015248341,0.0014564283,0.0007312662,0.9873554,0.0011645728,0.0012734246,0.0014685682,0.0009869133,0.0014782805
syn-0173,1,1,0,8,8,0.00067379046,0.0012114693,0.0010374902,0.00058883947,0.0006874154,0.0012049798,0.0012516049,0.0008800767,0.9899401,0.001411863,0.00045081804,0.0006614039
syn-0190,1,1,0,3,3,0.0044878735,0.021447068,0.0026479643,0.93906516,0.0069501065,0.0108159045,0.0030627062,0.002447771,0.0015325241,0.0026883506,0.0020521916,0.0028022756
syn-0193,1,1,0,11,11,0.011259218,0.03173957,0.005037893,0.0041970033,0.079423994,0.0074455235,0.029591756,0.008330452,0.029714828,0.049872432,0.029239861,0.7141475
syn-0198,1,1,0,0,0,0.55653757,0.014705033,0.0048908186,0.014611986,0.16196166,0.16564064,0.017390331,0.004653199,0.04196239,0.0065300995,0.0051355544,0.0059806635
syn-0201,1,1,0,0,0,0.9868974,0.0014003256,0.0013843493,0.00096360437,0.0028425814,0.0009348698,0.0008008088,0.0010728807,0.0009917681,0.00053632655,0.0010358175,0.0011392907
syn-0204,1,1,0,1,1,0.0016789001,0.98672277,0.00088107993,0.00095780514,0.0016520628,0.0006686558,0.0008539719,0.0017181879,0.0023787073,0.0006275309,0.00071073853,0.0011494255
syn-0209,1,1,0,7,7,0.008458995,0.012428547,0.0093341535,0.0031732668,0.0055992506,0.01843109,0.0040428475,0.9184894,0.0075677997,0.0032453479,0.0042224103,0.005006897
syn-0222,1,1,0,8,8,0.0010349477,0.0011670372,0.0010502198,0.00054751366,0.0011333426,0.0014165067,0.0011656134,0.0009191542,0.98896176,0.0014736532,0.00047106537,0.00065913895
syn-0233,1,1,0,8,8,0.00081739074,0.0013890712,0.0010469912,0.00076003413,0.00086586963,0.0012613717,0.001719362,0.00048760985,0.9873668,0.0018305025,0.0017153787,0.00073953345
syn-0244,1,1,0,3,3,0.0014923923,0.0008534592,0.0014681792,0.985649,0.0014376745,0.0017964367,0.0015110903,0.0011774133,0.00085554546,0.0010304741,0.0018698237,0.00085847464
syn-0248,1,1,0,6,6,0.0006285497,0.0010557112,0.0009012357,0.0017346343,0.00123004,0.0008709522,0.98351085,0.0017740367,0.0011123342,0.0010132865,0.004519115,0.0016491492
syn-0251,1,1,0,10,10,0.0008339017,0.00079960935,0.0015287331,0.0017660669,0.00080195535,0.0012106567,0.0015166512,0.0008011726,0.00067564397,0.0017842998,0.98686385,0.0014174761
syn-0252,1,1,0,8,8,0.000767558,0.0013451343,0.0010193347,0.00067439734,0.00087572314,0.0012271531,0.00190879,0.00053401344,0.98745084,0.0018310564,0.0016613234,0.00070469483
syn-0254,1,1,0,7,8,0.014040877,0.03458751,0.01499029,0.009417398,0.009763896,0.028764324,0.012543215,0.27094984,0.5243136,0.014909989,0.01429685,0.051422127
syn-0263,1,1,0,0,0,0.97367483,0.0072689834,0.0018504936,0.0014475131,0.0045090094,0.0015214315,0.0009544148,0.0015613183,0.0030561667,0.0007513267,0.00093321665,0.0024713364
syn-0267,1,1,0,4,4,0.002303956,0.0018936218,0.0007668455,0.001093105,0.98605263,0.001441251,0.0014284649,0.00119178,0.0008475781,0.00081829814,0.0011245045,0.0010379674
syn-0269,1,1,0,10,10,0.00071932725,0.00070369407,0.0012803841,0.0011447207,0.00073818554,0.00096465775,0.0011366447,0.0006941387,0.00047521418,0.0016735069,0.9889416,0.0015280296
syn-0272,1,1,0,3,10,0.012139396,0.016086012,0.016792273,0.07962398,0.055396833,0.010855149,0.092999004,0.007945675,0.009477279,0.0034441955,0.68449575,0.010744411
syn-0278,1,1,0,9,9,0.0004977635,0.0010006122,0.0010819195,0.0017492825,0.0011726936,0.0030517774,0.0015302277,0.0017885807,0.0021041213,0.98073983,0.0024199083,0.0028632074
syn-0283,1,1,0,7,7,0.0017572774,0.0021031857,0.0058170143,0.0025165693,0.0015721398,0.0031357466,0.0016315769,0.9742197,0.001552307,0.0018917383,0.0021657138,0.0016371631
syn-0284,1,1,0,0,0,0.9818472,0.0012607677,0.0016833458,0.0010385996,0.003238798,0.0011180696,0.00072223257,0.001082084,0.0038853346,0.0010254974,0.0017533967,0.0013447041
syn-0303,1,1,0,7,5,0.01862417,0.002986607,0.0073631043,0.003941186,0.007043097,0.7251115,0.005272461,0.20896876,0.00643477,0.0068564685,0.003577993,0.0038199285
syn-0308,1,1,0,3,3,0.0013618853,0.0009859714,0.0014300339,0.9859315,0.0015736556,0.0010993936,0.0020000006,0.0011426305,0.0008570452,0.0011499065,0.0014451257,0.0010227481
syn-0310,1,1,0,10,10,0.0007765007,0.00059711054,0.0013247475,0.0012724432,0.0006190804,0.0010569547,0.0008090116,0.0011436779,0.00056976685,0.0016607947,0.98876464,0.0014052461
syn-0311,1,1,0,9,9,0.001172883,0.0015545762,0.0012982631,0.0020389666,0.0019191769,0.0017032047,0.0026886915,0.0018219264,0.0037337898,0.9761203,0.0027114335,0.0032368032
syn-0323,1,1,0,7,7,0.0014277739,0.0023563013,0.0034990052,0.0021059958,0.0019072593,0.0058290544,0.0012392607,0.97219265,0.0019344585,0.0034934573,0.002042198,0.0019726122
syn-0325,1,1,0,4,4,0.016707815,0.009213425,0.004494652,0.16800304,0.6026435,0.13712007,0.014583493,0.00552312,0.008020412,0.02072321,0.008890802,0.0040764725
syn-0333,1,1,0,5,5,0.004645187,0.0008054407,0.0010231561,0.0013747917,0.008916746,0.97293174,0.0014302554,0.0009955581,0.0039279074,0.0015106509,0.0018239729,0.0006145447
syn-0353,1,1,0,7,7,0.0046239425,0.013038008,0.009204793,0.0065080808,0.009909112,0.1629996,0.003171785,0.74492157,0.009909112,0.020677589,0.007147728,0.007888668
syn-0363,1,1,0,9,9,0.009015638,0.026680196,0.0039889617,0.0047047376,0.00751815,0.015726658,0.026017651,0.003496264,0.061972763,0.7842917,0.005310382,0.05127698
syn-0371,1,1,0,6,6,0.0005226457,0.0011969323,0.00088041037,0.0015066132,0.0014970802,0.0006770146,0.9883831,0.00095334614,0.0010118628,0.0010084104,0.0011398921,0.0012226272
syn-0373,1,1,0,11,11,0.0013407792,0.0022344457,0.0010895138,0.0013565839,0.0011367939,0.0010477751,0.0016267926,0.0012613919,0.0010431807,0.003093523,0.0014761573,0.98329306
syn-0376,1,1,0,5,5,0.0010110015,0.0006764384,0.0011808269,0.0009386832,0.0008626469,0.98754185,0.001667267,0.0011762233,0.001713276,0.0013295857,0.0012224817,0.00067974936
syn-0377,1,1,0,5,5,0.002995116,0.0020615286,0.0019215561,0.0023520417,0.0020206682,0.95959777,0.0025382012,0.016787184,0.0034999358,0.0030200812,0.0010986183,0.002107327
syn-0382,1,1,0,0,0,0.986956,0.001196956,0.0013168476,0.0010829449,0.0026503815,0.0011162306,0.00066296133,0.0012016408,0.00060955697,0.0006995433,0.0011663776,0.0013405272
syn-0384,1,1,0,1,1,0.0012183236,0.9877936,0.0009402989,0.00087945577,0.0015860745,0.0006899558,0.0009453629,0.0011339401,0.0019223153,0.00089767773,0.00054473494,0.0014482968
syn-0397,1,1,0,1,1,0.0008196291,0.9886214,0.00087976316,0.001013838,0.0016586295,0.0006195954,0.0011806757,0.0012885135,0.00095264515,0.0008767613,0.00081166386,0.0012769265
syn-0405,1,1,0,8,8,0.00068083045,0.0013441122,0.0009915703,0.00057527964,0.0006696209,0.0010059566,0.00093103945,0.0008073226,0.9895955,0.001991811,0.0006471202,0.0007598922
syn-0410,1,1,0,10,10,0.0010889593,0.0005526667,0.0011042194,0.0012210663,0.0012737443,0.0010585523,0.0011679977,0.0010539107,0.00054729584,0.0015270798,0.9866393,0.0027651843
syn-0416,1,1,0,2,2,0.0016515222,0.0011833193,0.9848059,0.0016207657,0.0008919088,0.0014860277,0.00093791273,0.002118656,0.0013777106,0.00095128815,0.0019220654,0.0010529798
syn-0421,1,1,0,10,10,0.00070363836,0.00091637403,0.0015064254,0.0021929068,0.0007519507,0.0011524815,0.0017261769,0.00060894823,0.0007679056,0.0022578267,0.98597044,0.0014450062
syn-0427,1,1,0,5,5,0.001799441,0.0009056998,0.00122412,0.0009199625,0.0051036533,0.9821285,0.001027295,0.00094040023,0.00257365,0.0015481883,0.0013516733,0.00047750337
syn-0437,1,1,0,3,3,0.0066865585,0.0027515374,0.0036845636,0.86197835,0.048392624,0.019542841,0.007392316,0.0015254907,0.0033222307,0.005416262,0.036528666,0.0027785397
syn-0439,1,1,0,6,6,0.0008344464,0.0014966688,0.0009827382,0.0014319717,0.0016827498,0.000847587,0.9836586,0.0016848053,0.0041354625,0.0010941846,0.00055640424,0.0015943629
syn-0448,1,1,0,4,5,0.0021346044,0.0004934877,0.0010991355,0.0011843938,0.0029367749,0.98473793,0.0008112436,0.0011637561,0.0019180069,0.00183846,0.0010240069,0.0006582494
syn-0449,1,1,0,11,11,0.001135898,0.0018383511,0.0012733885,0.0019569146,0.0017388168,0.00084001623,0.002521639,0.0015832108,0.00091629213,0.002912148,0.0017240222,0.9815593
syn-0450,1,1,0,10,10,0.00077795825,0.00059415586,0.0013871411,0.0010835215,0.0006465266,0.0009703144,0.0008481849,0.0009745879,0.00046818354,0.0014281358,0.98965377,0.0011675686
syn-0451,1,1,0,8,8,0.001160229,0.0018989351,0.0011947231,0.0005648986,0.0012575731,0.002767829,0.0012668178,0.005320497,0.9793594,0.0034960886,0.0009178167,0.0007950802
syn-0455,1,1,0,2,7,0.014469225,0.08023137,0.22990106,0.05248872,0.052591328,0.0070862537,0.027849337,0.37719646,0.051681258,0.070527904,0.013135839,0.022841223
syn-0473,1,1,0,10,10,0.00071477226,0.00064605835,0.0012480494,0.0011156076,0.00075531873,0.0010543038,0.0008469501,0.0007690886,0.0004348033,0.0014556485,0.9899032,0.001056236
syn-0474,1,1,0,0,0,0.9849215,0.0013495734,0.001386985,0.0014571007,0.0031640073,0.0014706816,0.0009744373,0.00114425,0.00068727817,0.0010913181,0.00091272127,0.001440125
syn-0478,1,1,0,2,2,0.0017973072,0.0013034316,0.980485,0.00214952,0.0011329941,0.0018932435,0.0013053424,0.0031252434,0.0013699924,0.00140797,0.0027886552,0.0012413162
syn-0480,1,1,0,1,1,0.0046880525,0.83516926,0.0031535628,0.005184136,0.032193836,0.005194271,0.02734925,0.004836867,0.0035630013,0.0070084524,0.0045616003,0.067097716
syn-0482,1,1,0,1,1,0.0023619654,0.97762764,0.001445604,0.003682478,0.004849989,0.0010986842,0.0019686837,0.0013956651,0.001476998,0.0010331267,0.0017946963,0.0012645776
syn-0484,1,1,0,3,3,0.00126027,0.0009733859,0.0015054026,0.98626363,0.0010311167,0.0014487924,0.0014042177,0.0015131406,0.00083911105,0.0010494022,0.0015830501,0.001128596
syn-0495,1,1,0,2,2,0.0017264934,0.0011860211,0.9841669,0.0018071423,0.0011087367,0.0016252598,0.0009350186,0.0018581452,0.0014912401,0.00095719204,0.001989366,0.0011484091
syn-0496,1,1,0,8,8,0.0006988997,0.0013929853,0.0009989302,0.00060543825,0.0007605028,0.0010816845,0.0013863695,0.00064072036,0.98942405,0.001882722,0.00057405763,0.0005536856
syn-0002,1,1,1,1,1,0.0012962791,0.98804516,0.0009586206,0.0010686355,0.0018990121,0.00069929013,0.0008597216,0.0011571643,0.00091875077,0.000943989,0.00080842286,0.0013449584
syn-0004,1,1,1,10,10,0.0010341117,0.0008077299,0.0017517975,0.0019183448,0.0011258111,0.0019903847,0.0034533797,0.0019619202,0.003171321,0.0023204712,0.97760457,0.002860114
syn-0011,1,1,1,10,10,0.002409974,0.0035133471,0.004674928,0.004026106,0.0023749294,0.020297047,0.008077552,0.0041356944,0.038292006,0.047888424,0.852165,0.012145098
syn-0015,1,1,1,6,6,0.0008617725,0.0030486826,0.0011906247,0.0019439316,0.0025156345,0.0015036217,0.97886354,0.00093544525,0.003348578,0.001561993,0.0009585643,0.003267616
syn-0017,1,1,1,3,3,0.0012287801,0.0009999671,0.001711833,0.9844243,0.0012426577,0.0012579196,0.001781329,0.0020373238,0.0007852665,0.0011892312,0.0019504458,0.0013910311
syn-0031,1,1,1,0,0,0.98575413,0.0014925514,0.0016400476,0.0011363053,0.0030865364,0.0013168505,0.00058720907,0.0012322438,0.00077036576,0.0007201666,0.0010468134,0.0012166989
syn-0036,1,1,1,5,5,0.006037378,0.0023944778,0.0011981543,0.0017898817,0.009410419,0.9660013,0.0022340792,0.0010563354,0.0029727092,0.0032256637,0.002560759,0.001118986
syn-0051,1,1,1,3,3,0.0011724586,0.0010939194,0.002271451,0.98342025,0.0014032492,0.0008540278,0.0018731261,0.0018106272,0.0008457282,0.0016369638,0.002014483,0.0016037351
syn-0058,1,1,1,9,9,0.00078062457,0.0010181264,0.0014128385,0.001798246,0.001326591,0.003086865,0.0014534225,0.0024209865,0.005445132,0.9766956,0.0027629973,0.0017986852
syn-0062,1,1,1,7,7,0.0024909447,0.0025775565,0.00444581,0.0027105047,0.0021368696,0.0042759506,0.0020221595,0.97257507,0.002047995,0.0015130494,0.0013081569,0.0018959366
syn-0063,1,1,1,1,1,0.0013582428,0.98762506,0.00086440623,0.0010150442,0.002404247,0.00083332334,0.0009759201,0.0010961854,0.0011431968,0.0009296394,0.0007000175,0.001054706
syn-0067,1,1,1,5,5,0.0012948302,0.00080791366,0.0014027825,0.0015309065,0.0013405065,0.98357326,0.0008150458,0.0024872585,0.0023618704,0.001876164,0.001718725,0.0007907413
syn-0068,1,1,1,10,10,0.0023333435,0.0031846343,0.002851901,0.00599854,0.0044106455,0.009854972,0.011440343,0.0022134844,0.0037615886,0.015906628,0.93219,0.005853865
syn-0069,1,1,1,11,11,0.0017483607,0.0060548894,0.0013307321,0.0015512323,0.002809776,0.0008890596,0.0025429183,0.0010692733,0.001261143,0.0025541177,0.002263652,0.97592485
syn-0086,1,1,1,10,10,0.0007005421,0.000672062,0.0013804133,0.0014789912,0.0007182063,0.001077366,0.0010365987,0.0010049513,0.00042490027,0.0011973492,0.9883653,0.001943252
syn-0093,1,1,1,5,5,0.002085505,0.0011819198,0.0013940025,0.0012767126,0.0018305932,0.979328,0.005230175,0.0013872124,0.0024537286,0.0017673546,0.0013230412,0.00074179657
syn-0094,1,1,1,1,1,0.0014220512,0.9616994,0.002245957,0.003844947,0.0020751432,0.0007284438,0.0072323587,0.0033384077,0.0029364403,0.002030044,0.003255108,0.009191796
syn-0098,1,1,1,10,10,0.0008015241,0.00132731,0.0012233723,0.0013998665,0.00082939357,0.0022022994,0.0013795103,0.0010211682,0.0008078106,0.0016254603,0.98440856,0.002973664
syn-0114,1,1,1,4,4,0.0059328014,0.006443141,0.003933808,0.39581066,0.5538387,0.0057097003,0.010634621,0.0033288128,0.002883662,0.0035022197,0.005464219,0.002517632
syn-0119,1,1,1,6,6,0.00070501986,0.00100008,0.0013075387,0.002167906,0.0013470696,0.001678913,0.9821347,0.001539905,0.00100008,0.0015934483,0.0035716558,0.001953764
syn-0122,1,1,1,3,3,0.0012390461,0.0010207056,0.001960748,0.9839625,0.0014478844,0.0011962425,0.0015898017,0.0014953048,0.0008671079,0.001445765,0.0022500677,0.0015247971
syn-0125,1,1,1,9,9,0.0009060499,0.0019124965,0.0018001366,0.0036425958,0.0025324093,0.0055339923,0.0054428778,0.0020318695,0.0043927366,0.95274466,0.014200715,0.004859498
syn-0137,1,1,1,8,8,0.00060004264,0.0017333955,0.00093528227,0.00064975186,0.000675965,0.0014322413,0.0013805714,0.0009951168,0.98878014,0.0015763732,0.0005062744,0.0007348287
syn-0141,1,1,1,2,2,0.0019279826,0.001407704,0.98365617,0.0017908363,0.00091914675,0.0012873741,0.0011894644,0.002132638,0.0012779795,0.0011092441,0.0020855053,0.0012158891
syn-0148,1,1,1,7,7,0.0055190353,0.007867145,0.011208801,0.0059733307,0.009786041,0.058415312,0.010959846,0.7962258,0.018238151,0.022542426,0.03256863,0.020695563
syn-0161,1,1,1,2,2,0.0017885532,0.0011944913,0.983482,0.0019927195,0.00097158883,0.0013042276,0.0013849578,0.0023538803,0.0011753985,0.0010681242,0.0020401,0.0012438953
syn-0167,1,1,1,0,0,0.986894,0.0013665473,0.0016200439,0.0009854893,0.0021300924,0.0012050907,0.0006131005,0.0013735713,0.00084623287,0.0006356587,0.001047001,0.0012831256
syn-0184,1,1,1,2,2,0.0017877988,0.0013916595,0.9836675,0.0019139352,0.0009164684,0.0011947165,0.0012417022,0.0022033968,0.0014053165,0.0010620841,0.0019280048,0.0012873888
syn-0186,1,1,1,3,3,0.001217703,0.001249627,0.0022331465,0.98464257,0.0012539054,0.0010683408,0.0016049446,0.0013243881,0.0008559247,0.0012046921,0.0018137629,0.0015310749
syn-0207,1,1,1,0,0,0.98202974,0.000976332,0.0015847433,0.0011997367,0.0034210708,0.00486945,0.00071604573,0.0012009088,0.0008911333,0.00084701023,0.001220416,0.0010433677
syn-0213,1,1,1,0,0,0.9844333,0.0014344996,0.0019050485,0.0012032604,0.0029344335,0.0012814896,0.000714302,0.0011869216,0.0017520164,0.00069435645,0.0013535228,0.0011068729
syn-0218,1,1,1,8,8,0.00086214044,0.0011505467,0.0011698069,0.000805961,0.0010313434,0.0026949306,0.0025940633,0.0017833072,0.98311436,0.0019852987,0.0019816668,0.0008266869
syn-0219,1,1,1,0,0,0.9867801,0.0012529514,0.0013680585,0.0011781891,0.0021357373,0.001403239,0.0006047055,0.0014644911,0.0006190457,0.00073441747,0.0010499517,0.0014090751
syn-0226,1,1,1,6,6,0.0006725479,0.001392161,0.0012219965,0.0019255237,0.0015549647,0.00095821987,0.9837817,0.001163762,0.0009709363,0.0016649786,0.0021001105,0.002593132
syn-0240,1,1,1,6,6,0.0056652324,0.005680467,0.0019407196,0.0038108933,0.07268287,0.012188113,0.8837309,0.0016136336,0.005075803,0.0037426625,0.0011036311,0.0027650613
syn-0246,1,1,1,8,8,0.002750324,0.050891075,0.005572108,0.0046420507,0.0042019426,0.004092597,0.11717539,0.005066036,0.7852606,0.003878579,0.0038483955,0.0126207145
syn-0253,1,1,1,3,3,0.0010472926,0.0010411742,0.0019738728,0.98428106,0.0012775431,0.0011384918,0.0017342983,0.0016788889,0.00083988125,0.0011401607,0.0022837308,0.0015637508
syn-0257,1,1,1,4,4,0.0023464945,0.0026161065,0.0011116576,0.0012820116,0.97573984,0.0068064043,0.0019856184,0.002830888,0.0012395383,0.0012683136,0.001396375,0.0013767414
syn-0259,1,1,1,4,4,0.003792295,0.0016693174,0.0009200859,0.0029037518,0.977953,0.005134333,0.002287822,0.0008865677,0.0014510363,0.0010793721,0.0010730663,0.0008492799
syn-0261,1,1,1,5,5,0.0050711464,0.002186938,0.0024042283,0.0035101087,0.01664796,0.8961676,0.059456017,0.0024136382,0.0037916277,0.003398793,0.003408765,0.0015432177
syn-0268,1,1,1,6,6,0.00086827367,0.001187949,0.0009911157,0.001738613,0.0031923382,0.0010452943,0.9833629,0.0011413242,0.00217672,0.0009762264,0.0013970148,0.0019221213
syn-0275,1,1,1,0,0,0.9866964,0.0013569657,0.0013586233,0.0010057068,0.0022396492,0.0016494495,0.00067651964,0.0012639051,0.0006785045,0.0007020965,0.0011230432,0.0012491801
syn-0281,1,1,1,10,5,0.0037689875,0.0029968398,0.0018399997,0.0043753055,0.0056599933,0.9582766,0.0026929164,0.0009796051,0.0118007595,0.002647286,0.0043645035,0.00059706887
syn-0285,1,1,1,11,11,0.0014874232,0.0017393986,0.0014715306,0.0015346392,0.0009898704,0.0006697798,0.0015748723,0.001804278,0.0014487167,0.00255588,0.0021166368,0.98260707
syn-0290,1,1,1,0,0,0.98080504,0.0015762114,0.0015139785,0.0010798804,0.0054600383,0.0036071031,0.0007509389,0.0016151668,0.0010430847,0.000522196,0.0009895035,0.0010369907
syn-0292,1,1,1,11,11,0.0015197524,0.0016589649,0.0014593923,0.0015324199,0.001279135,0.000704339,0.0012891676,0.0019395265,0.0009923076,0.0033389514,0.0021411022,0.98214483
syn-0302,1,1,1,10,10,0.00078052405,0.00067912514,0.0014803383,0.001450311,0.0006948907,0.00102173,0.0010320087,0.0009325698,0.00054356485,0.0014573211,0.9885638,0.0013639388
syn-0304,1,1,1,1,1,0.0009428298,0.98851985,0.0010226829,0.0011020107,0.001280854,0.000713425,0.001144512,0.0015228633,0.0009490654,0.00067446847,0.0008597148,0.0012677874
syn-0306,1,1,1,5,5,0.00244104,0.0011080805,0.0011795455,0.0011354663,0.0027891167,0.97450155,0.0016122477,0.004556012,0.0054902355,0.0016336436,0.0023804216,0.0011726543
syn-0313,1,1,1,11,11,0.005472731,0.05091952,0.010174604,0.015442619,0.007816392,0.017503053,0.08057841,0.01733719,0.011060619,0.010461762,0.2405627,0.5326703
syn-0314,1,1,1,8,8,0.0006418993,0.001918464,0.0010516165,0.0008098535,0.0007652578,0.0016294715,0.0015014146,0.00086969486,0.98786235,0.0014412547,0.00076041557,0.000748261
syn-0322,1,1,1,2,2,0.0027751103,0.0016647986,0.9810372,0.0024972144,0.0013620905,0.0013435947,0.0014734901,0.0020469874,0.0011588167,0.0011713322,0.0018459162,0.0016234568
syn-0324,1,1,1,7,7,0.0014754008,0.0047042933,0.004310583,0.0018024107,0.0013712017,0.0045958795,0.002117546,0.96236944,0.0055545904,0.005870511,0.0027591048,0.0030689994
syn-0335,1,1,1,3,11,0.0016410889,0.002438434,0.0015590715,0.0073980712,0.002635932,0.0014782631,0.0019092818,0.0012136134,0.0012195538,0.004604233,0.004946259,0.9689562
syn-0343,1,1,1,8,8,0.0011556062,0.0019981714,0.0013510404,0.0008612932,0.001753506,0.003055041,0.0017087094,0.0017424107,0.97736424,0.006385933,0.0014276801,0.0011963714
syn-0346,1,1,1,6,6,0.00060245243,0.0012403846,0.0010040037,0.0025902374,0.001495459,0.0008392862,0.98502547,0.00093949697,0.0016476614,0.0012181766,0.0019838235,0.0014134544
syn-0348,1,1,1,9,9,0.004097932,0.0052183527,0.0018029739,0.0025813803,0.0034753233,0.0058044624,0.0039016914,0.0036510103,0.032844402,0.92850727,0.0049261833,0.003189136
syn-0349,1,1,1,5,5,0.0022138224,0.00069882465,0.0014758044,0.0017237058,0.0020868143,0.9811397,0.0006642234,0.0027492673,0.0019229328,0.0021939147,0.0016311753,0.001499777
syn-0350,1,1,1,2,2,0.0022412734,0.0013191055,0.9826325,0.0023439655,0.0010640797,0.0012747808,0.0013307503,0.0021541624,0.0012816462,0.0010703328,0.0020311347,0.0012562434
syn-0351,1,1,1,11,11,0.0018782676,0.0020052718,0.001894386,0.0013244333,0.0017597369,0.0009268635,0.0018169272,0.0023013016,0.00089309854,0.0039463122,0.0018518586,0.97940147
syn-0354,1,1,1,8,8,0.0010034651,0.0017079938,0.0011287772,0.00086124794,0.0012098192,0.002120579,0.0012678795,0.00085246185,0.98690367,0.0017821135,0.00046870986,0.00069338514
syn-0356,1,1,1,8,8,0.0011631926,0.0033233496,0.001029023,0.000753217,0.0011878733,0.0016536335,0.0025211824,0.0009498338,0.9837805,0.0016023655,0.0007145258,0.0013212918
syn-0357,1,1,1,3,3,0.0011864678,0.0015664512,0.0033906763,0.98117816,0.001799017,0.0010242985,0.0021091772,0.0013973182,0.0009114748,0.00087228714,0.0029844185,0.0015802794
syn-0367,1,1,1,4,4,0.004439424,0.0025230316,0.0009942036,0.0022941637,0.9735075,0.006585115,0.0014493859,0.0011432044,0.0041017886,0.0010187748,0.0010029804,0.00094037433
syn-0372,1,1,1,1,1,0.0019379216,0.9863762,0.0008387972,0.0011439834,0.0021367208,0.0008730632,0.00085034384,0.0010770367,0.0011442627,0.0012925109,0.0010854842,0.0012436026
syn-0378,1,1,1,2,2,0.0018406452,0.001405255,0.98290426,0.0018196453,0.00090288144,0.0015294917,0.0011357897,0.0022565136,0.0012119971,0.0011149097,0.0026768155,0.0012019783
syn-0380,1,1,1,4,5,0.008557645,0.0012550147,0.0018065248,0.002021237,0.04024238,0.9285206,0.0015542832,0.007436826,0.0040305196,0.0016937618,0.0017854783,0.0010957128
syn-0381,1,1,1,8,8,0.0006750188,0.0013959117,0.0010069114,0.0007891769,0.000986472,0.0022376317,0.0013476893,0.0023498,0.98450744,0.0027220747,0.0011864315,0.00079536653
syn-0408,1,1,1,4,4,0.08234922,0.01602954,0.007323198,0.0061908867,0.78130764,0.023467064,0.016776273,0.0034155953,0.040133804,0.0069878446,0.010836205,0.0051827924
syn-0415,1,1,1,1,11,0.006633005,0.098620266,0.0031454728,0.0028333848,0.015711984,0.0064038653,0.011639866,0.0027921826,0.043126095,0.030283792,0.009889484,0.76892054
syn-0423,1,1,1,9,9,0.00064885366,0.0010128462,0.0015123177,0.0026678427,0.0011410001,0.002049005,0.0018273235,0.0028927363,0.003090788,0.9773401,0.0035407953,0.0022763629
syn-0426,1,1,1,10,10,0.00064352446,0.0007612249,0.0023109235,0.0019543245,0.00065302046,0.0023313237,0.0034797098,0.0032227265,0.002598241,0.002517072,0.97405756,0.0054703443
syn-0428,1,1,1,8,1,0.0011784682,0.98701394,0.0010737936,0.0010683024,0.0016011447,0.00051937945,0.0008869521,0.0012377406,0.0023203213,0.00071968,0.0009423134,0.0014379091
syn-0433,1,1,1,5,5,0.0032725139,0.004608229,0.004946323,0.008700163,0.046883594,0.78068197,0.0026631344,0.13329834,0.004831741,0.0047521894,0.0031967063,0.0021651129
syn-0435,1,1,1,10,10,0.00094560254,0.00074040215,0.0016616874,0.0016088432,0.0006572424,0.00128055,0.00082275807,0.0012931167,0.00047016886,0.0016205958,0.98707956,0.0018194733
syn-0443,1,1,1,7,7,0.0050079194,0.0052533816,0.0037599264,0.0023876217,0.0037397856,0.010366293,0.002589209,0.9529435,0.0035598266,0.0037599264,0.0014201557,0.0052124998
syn-0447,1,1,1,7,7,0.0017420904,0.0019002774,0.0029880963,0.0019358655,0.0014734481,0.0031154843,0.0017790542,0.9762308,0.0017184349,0.002306768,0.0015815512,0.003228143
syn-0457,1,1,1,9,9,0.0008606825,0.0015425958,0.0012498421,0.0011781381,0.0010437724,0.0016469024,0.0013278541,0.0019641188,0.0019367388,0.9814518,0.00182162,0.0039758706
syn-0458,1,1,1,6,6,0.0005652594,0.000994486,0.0011660833,0.0024393357,0.001267627,0.0011468843,0.98382056,0.0016822054,0.0012825695,0.0012220448,0.0025828881,0.0018300334
syn-0464,1,1,1,4,4,0.012718127,0.00292074,0.0010414219,0.0015508146,0.9735206,0.0018264141,0.0011075058,0.0010039738,0.0012193304,0.0008194195,0.0009533321,0.0013184104
syn-0469,1,1,1,9,9,0.0008417229,0.0008616837,0.0013346019,0.0016268264,0.001301142,0.0020422419,0.0017107365,0.001553466,0.0021042419,0.98163444,0.0027720581,0.0022168325
syn-0472,1,1,1,8,8,0.00077239354,0.0011479516,0.0009754439,0.00075192656,0.0007860908,0.0017359474,0.0016011831,0.001000528,0.98834884,0.0013907924,0.0007080963,0.00078073546
syn-0486,1,1,1,1,1,0.0010686702,0.9758507,0.0015886737,0.0016726566,0.0017966905,0.0005120031,0.00278889,0.0016661356,0.0059460294,0.0021590367,0.0012809058,0.0036695085
syn-0491,1,1,1,10,10,0.0008386935,0.00065253756,0.0012757365,0.0013661616,0.00065990724,0.0016234467,0.0011217181,0.001349751,0.0006554115,0.0024244713,0.98625433,0.0017777372
syn-0499,1,1,1,11,11,0.0014936228,0.0020365622,0.0015260596,0.001517885,0.0011850196,0.0006608522,0.0014148244,0.0018529532,0.001036625,0.0043114023,0.0020261474,0.980938
syn-0006,1,1,2,7,7,0.015414025,0.008526994,0.010726626,0.005061953,0.004043631,0.033291344,0.006582718,0.70712364,0.010959574,0.13377596,0.039495856,0.024997681
syn-0013,1,1,2,6,6,0.0005689691,0.0012740785,0.00090832263,0.0014075247,0.0010671346,0.0010083714,0.9825708,0.0013931658,0.002115784,0.0015526718,0.0020614804,0.0040718135
syn-0016,1,1,2,9,9,0.0008091273,0.001710415,0.0014270134,0.0016838976,0.0014298033,0.002028195,0.0034660108,0.0013537104,0.004068161,0.96883225,0.010041792,0.0031495849
syn-0018,1,1,2,3,6,0.0014630529,0.0019543858,0.001053283,0.0038858114,0.009278438,0.0011506084,0.9755161,0.0012422831,0.001483193,0.0012483639,0.0005828153,0.0011416543
syn-0025,1,1,2,8,8,0.0009439264,0.0016145174,0.0010743195,0.0007322646,0.00094300514,0.0014368582,0.0017148728,0.0017702808,0.9867743,0.0018357517,0.00042256247,0.0007372875
syn-0026,1,1,2,10,10,0.0010090539,0.000566581,0.0013242732,0.001440735,0.0008340879,0.0013150909,0.0018654739,0.0009228004,0.00049708487,0.0011047171,0.9880486,0.001071513
syn-0032,1,1,2,4,4,0.0031932609,0.005555645,0.0017395399,0.0024905596,0.89934576,0.0015715434,0.0738228,0.0026524817,0.0030100616,0.0027621877,0.0012359301,0.0026202996
syn-0033,1,1,2,5,5,0.0012247288,0.0008126646,0.001168074,0.00095708546,0.0011096966,0.9864629,0.0009631801,0.0019707764,0.0019516238,0.0016674795,0.00095288875,0.00075896765
syn-0038,1,1,2,5,5,0.002854737,0.000718834,0.0009230012,0.002902116,0.0028611477,0.9810517,0.0012323683,0.0019799245,0.0016550968,0.0015389582,0.0015018409,0.00078028697
syn-0040,1,1,2,4,4,0.0018968058,0.0029466297,0.00093509787,0.0025273177,0.9765909,0.005595476,0.0025500953,0.0014391437,0.0011496285,0.001539459,0.0019107495,0.0009188043
syn-0045,1,1,2,9,9,0.0017505987,0.00256583,0.002197888,0.0035190815,0.0022292319,0.0035683955,0.005299358,0.0012462189,0.005808362,0.9229139,0.04453547,0.0043656896
syn-0049,1,1,2,8,8,0.001624805,0.0016435564,0.00089555176,0.0006984788,0.001740185,0.0014034079,0.0020369673,0.00086461456,0.98353136,0.004031261,0.00061520265,0.0009145536
syn-0050,1,1,2,4,4,0.0019183496,0.0041503543,0.0011029611,0.0032382233,0.97569954,0.0016801732,0.0038628927,0.0024680255,0.0014058951,0.00163965,0.0014647576,0.0013693102
syn-0053,1,1,2,10,10,0.00081690995,0.0006509794,0.001702119,0.00152061,0.0008318027,0.0015394737,0.0014591465,0.0010732836,0.0004158131,0.0012520415,0.98726803,0.0014697831
syn-0059,1,1,2,3,3,0.0011470239,0.00090427446,0.0015666478,0.98586386,0.0012978457,0.0012444748,0.0013344748,0.0016394295,0.0007764942,0.0011944645,0.0017545624,0.0012764774
syn-0077,1,1,2,2,2,0.0018875378,0.0012526221,0.98315454,0.0017604528,0.0010030759,0.0013481393,0.0014015008,0.0020932069,0.0014111142,0.0010491633,0.0022578808,0.0013807836
syn-0079,1,1,2,1,1,0.0037473745,0.9120405,0.0026559893,0.0038175548,0.009971121,0.018221432,0.014937397,0.001807693,0.022654802,0.004020346,0.0017232293,0.004402569
syn-0083,1,1,2,0,0,0.9871416,0.000818802,0.0015286035,0.0010235035,0.0018393515,0.00232743,0.0007535794,0.0009647845,0.0008514193,0.0005800508,0.001198936,0.0009718767
syn-0085,1,1,2,3,1,0.002425237,0.95621234,0.0025132427,0.017893981,0.006696294,0.0009191687,0.004438424,0.001362429,0.0021686673,0.0013981473,0.0018128743,0.002159158
syn-0090,1,1,2,5,5,0.009058768,0.0036721563,0.0017012611,0.0010263397,0.0024167995,0.9683641,0.0016954562,0.0039305217,0.0036059693,0.0017137674,0.0015757158,0.0012392115
syn-0091,1,1,2,4,4,0.002595068,0.0017441612,0.0007443167,0.0023895213,0.98265505,0.0025069497,0.0022186465,0.0015562205,0.00090265257,0.0010651436,0.0010128993,0.0006092759
syn-0095,1,1,2,11,11,0.0015679281,0.0023623742,0.0014171968,0.0018474706,0.0014339023,0.0015226591,0.0026554402,0.00135362,0.0014614697,0.0023560384,0.007085538,0.97493637
syn-0100,1,1,2,2,2,0.0020582643,0.0012528276,0.9828358,0.0015810181,0.00096811005,0.0013652542,0.0012394415,0.002377449,0.0014279824,0.0011412696,0.002276727,0.0014758314
syn-0101,1,1,2,3,3,0.0015021744,0.0015332988,0.0019976029,0.9853507,0.0016115978,0.00081174844,0.0017695619,0.0014637985,0.00072339544,0.0008902262,0.0012677403,0.0010780205
syn-0103,1,1,2,11,11,0.0032125385,0.005306288,0.0020000746,0.0012089674,0.0031251227,0.0014272967,0.0024964362,0.001759037,0.0011335036,0.0060859174,0.005111112,0.96713376
syn-0107,1,1,2,10,10,0.00088168634,0.0004516426,0.0012758186,0.001303048,0.0006264316,0.0013092663,0.0012368677,0.0011629229,0.0004700928,0.0015892604,0.9878842,0.0018086613
syn-0128,1,1,2,2,2,0.0020928942,0.0014810076,0.9829177,0.0016111549,0.0011003227,0.0013468277,0.0013079422,0.0020742007,0.0013022071,0.0012078782,0.0021204099,0.0014375461
syn-0149,1,1,2,8,8,0.0015880959,0.002273489,0.001013901,0.0005819501,0.0013076083,0.0013172207,0.0014676733,0.00086259004,0.98458797,0.0025439733,0.0011618759,0.0012936371
syn-0158,1,1,2,1,1,0.0011212361,0.98848164,0.00091960555,0.0009863519,0.0013451421,0.0004685433,0.0014326831,0.001205704,0.0009808289,0.0009004987,0.0005472478,0.0016104649
syn-0163,1,1,2,4,4,0.0021224206,0.0022818947,0.00091787,0.0012799487,0.98133105,0.0024172598,0.0023550484,0.0018645889,0.0025183612,0.0009794559,0.0007303619,0.0012018136
syn-0166,1,1,2,5,5,0.0030710967,0.0012597988,0.0010717907,0.00081061176,0.010740465,0.97440875,0.0013708413,0.0015019034,0.001619194,0.0017507662,0.0016919366,0.00070289755
syn-0171,1,1,2,6,6,0.0007434227,0.0019919325,0.0010296234,0.0013620328,0.0021100726,0.001094424,0.9795598,0.0011949674,0.006365994,0.001841337,0.00057897816,0.002127401
syn-0177,1,1,2,8,8,0.00081346504,0.0015238397,0.0009855478,0.0007450209,0.0009137106,0.0010609585,0.0018221352,0.0011510974,0.98791677,0.0017257885,0.0004084372,0.0009330978
syn-0179,1,1,2,1,1,0.001337039,0.98486865,0.000878137,0.0009597471,0.0013389991,0.00056918693,0.0017070747,0.001052533,0.0024985275,0.0012123458,0.0006208708,0.002956951
syn-0181,1,1,2,10,8,0.004972219,0.011529751,0.0057453886,0.0070428345,0.009334798,0.015441287,0.054351263,0.0022697884,0.5752719,0.015923245,0.2915336,0.006583905
syn-0191,1,1,2,4,4,0.002203196,0.0032868625,0.001513494,0.02065981,0.95451,0.001990422,0.0051100934,0.0014155614,0.0015127549,0.0024410982,0.0040602824,0.0012964576
syn-0192,1,1,2,5,5,0.0014073538,0.0016341541,0.0011341585,0.00074017624,0.0010271312,0.984853,0.0011616212,0.0016226249,0.0019995207,0.001917061,0.0012864255,0.0012167743
syn-0194,1,1,2,1,1,0.0013262538,0.9855482,0.0010074837,0.0009952601,0.001891325,0.0005226757,0.0014827976,0.001366017,0.0029152508,0.00092361664,0.0004345847,0.0015864462
syn-0196,1,1,2,4,4,0.04684383,0.0018630407,0.001993877,0.0023793774,0.93356144,0.002490524,0.0027027782,0.001557389,0.00172219,0.00090178783,0.001575747,0.0024080127
syn-0197,1,1,2,11,11,0.0034368404,0.0051801335,0.0012086557,0.002028074,0.0044527627,0.0016232502,0.0037797026,0.0013081451,0.0035230701,0.00357244,0.0011123788,0.9687746
syn-0203,1,1,2,8,8,0.000698155,0.0013612597,0.0010823801,0.00068264856,0.0007288077,0.0012270963,0.0015529004,0.0011942891,0.9878874,0.0022586293,0.0004592046,0.00086717255
syn-0208,1,1,2,8,8,0.0010753054,0.0013339985,0.000874217,0.0007684861,0.0008594038,0.0011609804,0.001833711,0.0007874789,0.9881622,0.0014141526,0.00071491016,0.0010151003
syn-0210,1,1,2,0,0,0.9812568,0.0013006415,0.0011636126,0.00094232213,0.0068482314,0.0019149632,0.0008621938,0.0019723773,0.00063450134,0.00061497977,0.0009048959,0.0015846561
syn-0224,1,1,2,8,8,0.0027495797,0.002463504,0.0011915636,0.0007416671,0.001171945,0.0029235648,0.004074543,0.00084783806,0.9801138,0.0014122557,0.001119917,0.0011898194
syn-0239,1,1,2,6,6,0.0006517701,0.0010724904,0.00085589936,0.0013501396,0.0015600834,0.0008579915,0.9875022,0.0013727412,0.0008969749,0.0012314188,0.0012782865,0.0013700627
syn-0242,1,1,2,0,0,0.9864028,0.0012439397,0.0015962756,0.0010009989,0.0033583427,0.00085619977,0.00082662195,0.0010222382,0.0008612313,0.0006580758,0.0010132929,0.0011600456
syn-0243,1,1,2,10,10,0.00093168655,0.00097592245,0.0013928345,0.0013589095,0.0008008144,0.0012033394,0.0019841227,0.0008731044,0.0009985782,0.00152005,0.98497874,0.0029819314
syn-0250,1,1,2,11,11,0.001696966,0.0017675838,0.001375252,0.0015001288,0.0010345525,0.001105046,0.0011763154,0.0017516888,0.0009939483,0.0021554031,0.0016743321,0.98376876
syn-0260,1,1,2,11,11,0.0040312186,0.01682355,0.002724997,0.004939153,0.0024331482,0.0073568462,0.009000053,0.0071514198,0.0025623986,0.02211414,0.035789788,0.88507324
syn-0262,1,1,2,10,10,0.0008928717,0.0006362399,0.0012596122,0.0013639621,0.0006561159,0.0011229236,0.0013667954,0.0009520827,0.00044765073,0.0014881032,0.9887616,0.00105206
syn-0265,1,1,2,3,3,0.0017490431,0.00090143,0.0016394675,0.98372287,0.0016997894,0.0022069528,0.0013518857,0.001236931,0.0007583392,0.0010569703,0.0022856419,0.0013907189
syn-0271,1,1,2,2,2,0.0018879763,0.0016287297,0.979908,0.0025020784,0.0008167803,0.0014140289,0.0014496837,0.0019167714,0.00141127,0.0019303907,0.003340305,0.001794058
syn-0274,1,1,2,9,9,0.0012148168,0.0009089676,0.0025692566,0.0012718743,0.0011290212,0.0040171677,0.0016355129,0.005239694,0.0030810093,0.96707946,0.008993898,0.0028592236
syn-0279,1,1,2,0,0,0.9870827,0.000880541,0.0012975483,0.0009264108,0.0025886858,0.0011971097,0.0006702074,0.0015803085,0.00090982416,0.0006534046,0.0008656205,0.0013475906
syn-0280,1,1,2,0,0,0.98730344,0.0010934232,0.0017292493,0.00096118066,0.0026019386,0.0010525624,0.0006644913,0.0009513752,0.00070321484,0.0005562887,0.001253616,0.0011292344
syn-0282,1,1,2,7,7,0.0036019445,0.007234502,0.0033069444,0.0017787439,0.0042920597,0.014784557,0.004734667,0.9423421,0.006388324,0.006375859,0.0013558426,0.0038044113
syn-0286,1,1,2,8,8,0.001671193,0.0053841514,0.0027694944,0.0017041544,0.0015684082,0.0030091947,0.013938176,0.0013415306,0.9601153,0.00516211,0.000997915,0.0023384194
syn-0288,1,1,2,9,9,0.0007269716,0.0010838789,0.0012591648,0.001425428,0.0009298109,0.0016812056,0.0018814822,0.0019571485,0.0027402155,0.98251593,0.00180103,0.0019977
syn-0295,1,1,2,10,10,0.0010149359,0.000765366,0.0011944278,0.0014986969,0.0008643141,0.0013786433,0.0019801261,0.00050810404,0.00047965595,0.0020622753,0.98655593,0.0016974364
syn-0298,1,1,2,7,7,0.003895911,0.0047751185,0.003134276,0.0016532611,0.0026509494,0.008288015,0.0037111568,0.96100944,0.0039092503,0.0024927696,0.0016908152,0.0027890445
syn-0305,1,1,2,1,1,0.0008789811,0.9858153,0.001355092,0.0012209404,0.0014609176,0.00046048444,0.0016595338,0.0010221283,0.0014937378,0.001163608,0.0012055382,0.0022638184
syn-0318,1,1,2,11,11,0.0013939654,0.0032369152,0.001203435,0.002431599,0.0021411688,0.0011664092,0.0053370968,0.0012271706,0.0015950709,0.0022053644,0.005906186,0.9721556
syn-0326,1,1,2,1,1,0.0025944796,0.9763351,0.0009874015,0.0010147734,0.0032729306,0.00079884165,0.0028657862,0.0027402893,0.0028478266,0.001959851,0.0008462205,0.0037364352
syn-0328,1,1,2,10,10,0.0010906606,0.00066980725,0.0012423845,0.0011556292,0.0007367178,0.0014068614,0.0010829659,0.0008210658,0.00059254776,0.0016391252,0.988422,0.0011402153
syn-0332,1,1,2,6,6,0.000677235,0.0011990771,0.0011143931,0.0016361455,0.002041754,0.0009639561,0.9867757,0.0011576543,0.00075772696,0.0013022217,0.0013282298,0.0010458536
syn-0338,1,1,2,8,8,0.0010470215,0.001597687,0.0010697596,0.0008367989,0.0014794238,0.0018015982,0.0039168415,0.00066455326,0.9806687,0.0045770155,0.0012264855,0.0011140045
syn-0355,1,1,2,5,5,0.009496416,0.004102346,0.005776766,0.0022282295,0.010445699,0.79718775,0.009205366,0.0044530546,0.01615789,0.0042346353,0.13322344,0.0034884221
syn-0366,1,1,2,9,9,0.0016507014,0.0014869218,0.0026352385,0.0023958995,0.0014369579,0.0058159237,0.0058808895,0.0018094033,0.0050504953,0.9539156,0.014176574,0.003745429
syn-0369,1,1,2,6,6,0.0063719703,0.023239512,0.0038837118,0.002679681,0.015085826,0.43764183,0.46495828,0.009756503,0.017482249,0.010515867,0.0034847385,0.0048998925
syn-0370,1,1,2,9,9,0.00053660315,0.0009083466,0.0014075619,0.0019319105,0.0008633713,0.0020766896,0.0018376004,0.0042279297,0.002092977,0.978766,0.0025344933,0.0028165374
syn-0391,1,1,2,0,0,0.98804575,0.001176249,0.0014546028,0.00094099826,0.002085022,0.0011713771,0.0005931905,0.00092958135,0.0009355007,0.00055616355,0.0011066035,0.001005117
syn-0392,1,1,2,1,1,0.0010577284,0.9849091,0.0017332879,0.0014692277,0.0016945837,0.00046231304,0.0018631108,0.0012576178,0.0011063269,0.0014084652,0.000916282,0.0021218548
syn-0396,1,1,2,3,3,0.0015062175,0.0012111666,0.0019229572,0.98463154,0.0014070373,0.0010878051,0.0016807173,0.0017751912,0.00072357384,0.0010909968,0.0016389801,0.0013237268
syn-0407,1,1,2,6,6,0.00083209376,0.0013989487,0.0011569413,0.0031006741,0.0021548646,0.0015074629,0.9837631,0.0008353505,0.0009838028,0.0015196571,0.0013799528,0.0013672096
syn-0411,1,1,2,2,2,0.001954225,0.0021290735,0.9804495,0.002142108,0.0010432157,0.0016126115,0.0015097392,0.0024117467,0.001519353,0.0014914218,0.0021150853,0.001622088
syn-0414,1,1,2,5,4,0.003390808,0.0035744188,0.0017604169,0.0019899495,0.87955654,0.09180367,0.004043431,0.002725256,0.004072161,0.0036699201,0.0022069796,0.0012063762
syn-0420,1,1,2,2,2,0.0019972913,0.0012788883,0.98195535,0.001552078,0.000980079,0.001453422,0.0012419643,0.0029793174,0.0014059563,0.001400475,0.0021954705,0.0015596751
syn-0430,1,1,2,1,1,0.0020962637,0.98407966,0.0008735861,0.0011140651,0.0027258787,0.002114898,0.0013790494,0.001422825,0.00094226847,0.0011618431,0.0007942449,0.001295497
syn-0431,1,1,2,3,3,0.0016153749,0.0009695425,0.001535767,0.9847707,0.0016114359,0.0012869462,0.0018162148,0.0014231291,0.0007473775,0.0010022747,0.0019896147,0.0012316157
syn-0432,1,1,2,6,6,0.00084764004,0.0009241568,0.001005124,0.0013545249,0.0014112366,0.0015567666,0.9866063,0.0015689763,0.0008719886,0.0012724585,0.0011860617,0.0013947953
syn-0477,1,1,2,7,7,0.021618746,0.029016722,0.012847832,0.0069546155,0.025781639,0.039835833,0.008877734,0.792155,0.01765979,0.01142152,0.015822407,0.018008098
syn-0485,1,1,2,10,10,0.0012483192,0.0009191056,0.0013458063,0.0011601575,0.0013114251,0.001700013,0.0031939268,0.00086005364,0.0017789905,0.0024302562,0.9821723,0.0018796766
syn-0488,1,1,2,10,10,0.00139016,0.0008435864,0.0016157666,0.0022041819,0.002009872,0.0035608562,0.0046242913,0.0013766502,0.0024374253,0.008704946,0.96195686,0.0092754215
syn-0489,1,1,2,11,11,0.0039228015,0.006919486,0.0014473521,0.0024644346,0.007638865,0.0068537057,0.006571461,0.0022004922,0.003938155,0.0039094165,0.016491437,0.93764234
syn-0498,1,1,2,7,7,0.0034989982,0.0055242185,0.0037056173,0.0023583106,0.0030593406,0.0058737737,0.002717051,0.960747,0.0043780254,0.0024379285,0.0024095257,0.0032902164
syn-0003,1,1,3,2,2,0.0022680988,0.0016399442,0.9811302,0.001971641,0.0012960363,0.0018506034,0.0012992043,0.0021034176,0.0013702246,0.0013017443,0.002365622,0.0014034036
syn-0010,1,1,3,9,9,0.00070227124,0.001381036,0.001329427,0.001485257,0.00082184037,0.0020450293,0.0019442473,0.0011053673,0.005597097,0.9792615,0.0016114443,0.0027155145
syn-0020,1,1,3,6,6,0.00079846766,0.00092217716,0.0008881492,0.0016003968,0.0019372931,0.001215142,0.98641753,0.0012903579,0.0016891182,0.00122109,0.0007185431,0.0013017489
syn-0024,1,1,3,2,2,0.0018740362,0.001649597,0.9811395,0.0026959265,0.0010348147,0.0014812185,0.0012678816,0.0021194175,0.0011806419,0.0014356461,0.002692309,0.001429002
syn-0027,1,1,3,4,4,0.0024852415,0.0026858344,0.0009521269,0.0012071326,0.98039424,0.0013512643,0.0023350606,0.002738306,0.0030140567,0.0010411215,0.00067482947,0.0011207847
syn-0043,1,1,3,9,9,0.0005355851,0.0008693405,0.001533957,0.0011054074,0.0006658958,0.0018709736,0.0014813273,0.0021584781,0.0024364148,0.9816908,0.003255325,0.0023963007
syn-0044,1,1,3,2,2,0.0018547463,0.0018371701,0.97973204,0.0023167375,0.001189356,0.0017547528,0.0012791117,0.0027856636,0.0014852453,0.0014220832,0.0027616248,0.0015814214
syn-0052,1,1,3,4,4,0.015296334,0.0023320646,0.0011893584,0.0014430709,0.9621927,0.009350462,0.0013622751,0.0013365789,0.001083452,0.0013477197,0.0016707251,0.0013952617
syn-0056,1,1,3,8,8,0.00086408306,0.0025291624,0.0009166731,0.0006029327,0.0008212993,0.0014296842,0.0015775015,0.0007760733,0.987738,0.0015424645,0.0005223046,0.0006798844
syn-0057,1,1,3,8,8,0.0015238855,0.003798683,0.0012926734,0.0007925138,0.002360816,0.006526384,0.00295571,0.00081767095,0.9695477,0.0045606024,0.003413545,0.0024097313
syn-0061,1,1,3,4,4,0.0026731226,0.0019585653,0.0008746424,0.0013284709,0.97903526,0.0060712215,0.0018295993,0.00086529716,0.0014863646,0.0011890904,0.0016396418,0.0010488564
syn-0064,1,1,3,6,6,0.00057579426,0.00097136234,0.0007801305,0.0015960411,0.0015579275,0.0009910046,0.9866192,0.0014258004,0.0012793279,0.0013173627,0.0015567868,0.0013293165
syn-0070,1,1,3,2,2,0.0018416734,0.0013796863,0.98213357,0.0016368189,0.0011789565,0.001598902,0.0013696182,0.0025001196,0.0012853814,0.0013743076,0.002318477,0.0013823839
syn-0072,1,1,3,0,0,0.9874069,0.0013164846,0.0013385228,0.0009976241,0.0019812593,0.0013307029,0.0006128204,0.0012866163,0.0008158289,0.0006466355,0.00088427763,0.0013823614
syn-0074,1,1,3,5,5,0.005546659,0.0025587382,0.0014740305,0.0017325974,0.0015930291,0.9718597,0.0023497504,0.0026580694,0.0044546905,0.0036538315,0.0009028184,0.0012160619
syn-0075,1,1,3,7,7,0.01241455,0.008028165,0.006188559,0.002157589,0.009460069,0.011004053,0.00338113,0.9220583,0.0058907643,0.004895553,0.004191479,0.010329784
syn-0081,1,1,3,10,3,0.013776713,0.0165208,0.0078153135,0.27362242,0.0688456,0.19345975,0.1211823,0.0015195127,0.08476427,0.06653224,0.13852975,0.013431316
syn-0097,1,1,3,10,10,0.0007856906,0.0008023615,0.0015308146,0.002081453,0.00076861517,0.001849109,0.0026820756,0.00069167884,0.0009874034,0.0014757686,0.9844751,0.001869878
syn-0102,1,1,3,1,1,0.0012126433,0.9867953,0.0010998197,0.0010266475,0.0018141818,0.00058268546,0.0010189068,0.0014654973,0.0025440806,0.0008789961,0.0005072357,0.0010540773
syn-0105,1,1,3,4,4,0.028304676,0.0039080814,0.0013552209,0.0015037595,0.95208275,0.004880338,0.0012321365,0.0010411153,0.0013257678,0.0012231449,0.0015304266,0.001612511
syn-0120,1,1,3,3,3,0.0013352953,0.0011338037,0.0020615922,0.98166496,0.0015331678,0.0012075175,0.0019826137,0.0012092874,0.0011310391,0.0019357413,0.0033952587,0.0014096644
syn-0121,1,1,3,9,9,0.0007109072,0.0029477081,0.0014487494,0.0012367631,0.0009669619,0.001852074,0.0029340659,0.001824251,0.0064706896,0.97213024,0.0016146192,0.005862932
syn-0135,1,1,3,0,0,0.98706114,0.0010154557,0.0015221481,0.0009803763,0.0022940983,0.0014905222,0.0006432605,0.0010798918,0.0012533083,0.000650843,0.0009694278,0.0010395364
syn-0136,1,1,3,6,6,0.00075411325,0.0025667506,0.0012635189,0.0024720386,0.0045379032,0.0024265936,0.97062826,0.0004845205,0.002269024,0.0045645707,0.005687638,0.0023450549
syn-0139,1,1,3,1,1,0.0008754575,0.9893227,0.0008625163,0.0009067827,0.0013022403,0.000601252,0.0009735487,0.001202906,0.001211453,0.0009596259,0.00052008627,0.0012614044
syn-0147,1,1,3,0,0,0.9860763,0.0010878065,0.0012767523,0.0013771323,0.0027224217,0.0019743373,0.0007071584,0.0009404992,0.0006559334,0.0011185077,0.00091691996,0.0011461511
syn-0156,1,1,3,6,6,0.000812954,0.0023309223,0.0011319863,0.0015639522,0.0020125718,0.0016939279,0.9829669,0.00189387,0.0019283964,0.0012097093,0.0006766003,0.0017782577
syn-0159,1,1,3,11,11,0.001587235,0.0017049344,0.0011244195,0.0012735123,0.0008400978,0.0011432425,0.0015818191,0.0012235293,0.0010143414,0.0024141218,0.0025189223,0.9835738
syn-0160,1,1,3,5,5,0.0013520354,0.00091304793,0.0018358718,0.002942502,0.00070623815,0.98287153,0.0011781153,0.0019566622,0.0022452422,0.0015962017,0.001680993,0.00072157534
syn-0168,1,1,3,1,1,0.0027077333,0.9794102,0.0014496548,0.0011711037,0.0016816291,0.0035487278,0.00136116,0.0018714183,0.0026573471,0.0021458536,0.0009742031,0.0010209561
syn-0169,1,1,3,4,4,0.010242521,0.0013902413,0.0011684163,0.0016021125,0.9747799,0.0035138892,0.0016917549,0.000849008,0.0011352361,0.0010680188,0.0008674458,0.0016913421
syn-0172,1,1,3,10,10,0.000864061,0.0006184217,0.0013369776,0.0015304218,0.00096487143,0.0013653456,0.0016054352,0.00064117566,0.00096487143,0.0015074306,0.9867487,0.0018523048
syn-0175,1,1,3,11,11,0.002864163,0.03031526,0.003930169,0.0056297076,0.0033682238,0.012147035,0.013957492,0.003112057,0.006158918,0.013427705,0.403244,0.50184524
syn-0182,1,1,3,6,6,0.00047959876,0.0008838417,0.0008769636,0.0015019979,0.0012549661,0.0010242736,0.98740214,0.0010765789,0.0015572618,0.0011376493,0.0012349067,0.0015698586
syn-0183,1,1,3,4,5,0.006415381,0.0018416309,0.0021657376,0.0022268607,0.06212859,0.9129729,0.001952763,0.0015937989,0.003253539,0.002133202,0.0019980955,0.0013174402
syn-0185,1,1,3,7,7,0.010385978,0.010396127,0.02730335,0.009475029,0.011925037,0.009900696,0.02007088,0.7600813,0.019112065,0.10156815,0.0053724116,0.014408944
syn-0188,1,1,3,10,10,0.0009129926,0.0006748441,0.0013745854,0.0014461913,0.0006582464,0.0012607747,0.0013162901,0.0007044733,0.0007967152,0.001726275,0.9871405,0.001988083
syn-0189,1,1,3,10,10,0.005017062,0.017057661,0.0050195125,0.014165485,0.01052818,0.007916105,0.03678286,0.0016051161,0.03520143,0.017709035,0.83635694,0.012640637
syn-0200,1,1,3,5,5,0.003692624,0.0068601007,0.0025980857,0.0031879074,0.0023289088,0.93041825,0.004902693,0.035000447,0.0041863346,0.0031338893,0.0017239507,0.0019668918
syn-0202,1,1,3,10,10,0.0017031351,0.001525935,0.0024720044,0.0026794078,0.0014181671,0.0030697067,0.0032193821,0.0015244457,0.004706526,0.01777309,0.9544011,0.005507191
syn-0205,1,1,3,2,2,0.0020072667,0.0016067922,0.9812139,0.0017382051,0.0011652674,0.0016900816,0.0012307678,0.0023499932,0.001634488,0.0014466627,0.0025061779,0.0014103935
syn-0221,1,1,3,11,11,0.0053484687,0.009644713,0.003337195,0.007360635,0.00211298,0.011864648,0.016896034,0.0034735242,0.014013718,0.0071831075,0.29632556,0.6224394
syn-0241,1,1,3,1,1,0.0030305875,0.97690684,0.0014940359,0.0029571336,0.006952343,0.0010724418,0.0019464506,0.0008198642,0.001539957,0.0010173526,0.00078999717,0.0014730291
syn-0247,1,1,3,3,3,0.0011453992,0.0013695253,0.0019172464,0.983987,0.0018174297,0.0013628545,0.0022205184,0.0011986111,0.0008911672,0.001011305,0.001937007,0.0011420485
syn-0249,1,1,3,8,8,0.0012798589,0.0015109904,0.0010592286,0.00059795694,0.0015578131,0.0021313585,0.0010525262,0.00099069,0.98630595,0.0023127208,0.0005756114,0.0006254308
syn-0258,1,1,3,3,5,0.0040455577,0.003649507,0.0035062707,0.061306212,0.020020176,0.8851906,0.0056304303,0.0021018842,0.0048846416,0.0042625414,0.0033768907,0.0020253141
syn-0273,1,1,3,0,0,0.9861624,0.0016371259,0.0014119799,0.00097376126,0.0022734096,0.001874913,0.00058231177,0.0009498118,0.0007759712,0.00085390377,0.0010350462,0.0014693026
syn-0276,1,1,3,6,6,0.00057643716,0.0012456018,0.0009006848,0.0015562437,0.0013291773,0.00088240183,0.9838701,0.0026636294,0.0012664534,0.0015017492,0.0020918557,0.0021157386
syn-0289,1,1,3,8,0,0.3186306,0.124777526,0.011238055,0.0078072124,0.039455175,0.17943512,0.012684738,0.070096456,0.21101369,0.008786461,0.0021978286,0.013877147
syn-0291,1,1,3,1,1,0.0009659361,0.9883199,0.0009912597,0.0008466282,0.0016168487,0.00059306534,0.0009821058,0.0009047584,0.0010373106,0.0011631518,0.00075891265,0.0018200924
syn-0293,1,1,3,0,0,0.7764789,0.006438457,0.005358559,0.007214252,0.050518904,0.021126358,0.0065847076,0.0064762933,0.11208109,0.0030517248,0.0013125305,0.0033582167
syn-0296,1,1,3,3,3,0.00173256,0.0012663307,0.0017771139,0.97993934,0.0023808822,0.003960064,0.0013996485,0.0014913739,0.0009512205,0.0016101992,0.001973339,0.0015178211
syn-0297,1,1,3,11,11,0.0016398127,0.0032717236,0.0011932862,0.0018213219,0.00094812445,0.001223375,0.0022001544,0.0016869166,0.001437973,0.002518182,0.0014865197,0.9805727
syn-0299,1,1,3,1,1,0.0012322146,0.98741686,0.000904815,0.0009500917,0.0016077976,0.0008250511,0.0009399403,0.0017531482,0.0013490345,0.0013005252,0.00042532245,0.0012951387
syn-0301,1,1,3,3,3,0.0045914236,0.0042577917,0.0027409948,0.9230255,0.023130069,0.014361786,0.013295459,0.0010796968,0.003657922,0.0025424436,0.005758232,0.0015587244
syn-0307,1,1,3,3,3,0.002282709,0.0017075845,0.002331144,0.97624403,0.0024930274,0.0014225664,0.003167294,0.0009940817,0.0018855146,0.0033940722,0.002672017,0.0014059931
syn-0312,1,1,3,11,11,0.0016502228,0.004958633,0.0012889656,0.0017489503,0.0010499704,0.001489397,0.0037794732,0.0016753918,0.0063927104,0.0047136894,0.0016494172,0.9696032
syn-0321,1,1,3,9,9,0.0004962369,0.0012947045,0.0011020254,0.0014171028,0.00086668064,0.0018459958,0.0026788677,0.0009537234,0.0040231757,0.9796435,0.0023083421,0.0033697058
syn-0329,1,1,3,8,8,0.00095955736,0.001383255,0.000927767,0.00063144765,0.0016470733,0.0017434828,0.0014019542,0.0013128408,0.9822728,0.0058010165,0.00088874635,0.0010299576
syn-0336,1,1,3,0,0,0.98711604,0.0012509325,0.0015252089,0.00097327627,0.0021403474,0.0016172467,0.00060491136,0.0013151334,0.0010370594,0.0006271682,0.0008822923,0.0009102992
syn-0341,1,1,3,8,8,0.0011799394,0.0019040123,0.0010928651,0.000652261,0.001028659,0.0017927253,0.0013923465,0.0008330334,0.9872815,0.0018662951,0.00034844896,0.0006278862
syn-0352,1,1,3,8,8,0.0010054334,0.0021649266,0.0012712973,0.00065392855,0.0010020027,0.0013155008,0.0012351954,0.0009764046,0.9878742,0.0015353501,0.00035902383,0.00060655957
syn-0364,1,1,3,4,5,0.016443372,0.00836571,0.0067946357,0.006768146,0.19077493,0.5706622,0.051926274,0.0013288282,0.082131445,0.018077156,0.034708787,0.012018486
syn-0368,1,1,3,9,9,0.0008989166,0.0020546285,0.0011056862,0.0011885474,0.0010928047,0.0021286658,0.0028904253,0.0009283574,0.006182098,0.97239596,0.0020496186,0.0070843496
syn-0379,1,1,3,3,4,0.021674378,0.004932797,0.03316263,0.32233575,0.36811897,0.01080583,0.024602294,0.002813369,0.009260786,0.009301573,0.18691832,0.006073372
syn-0385,1,1,3,5,4,0.005401795,0.0032006528,0.0011608282,0.00102643,0.96373206,0.014072898,0.0017778472,0.00356487,0.001664434,0.0019204349,0.0010016741,0.0014760477
syn-0386,1,1,3,10,10,0.0007670719,0.0006328274,0.0013561497,0.0018319853,0.00080742495,0.0010699255,0.0016610823,0.001017198,0.000556291,0.0014219267,0.98538107,0.003497034
syn-0388,1,1,3,5,5,0.020981988,0.004215402,0.010082643,0.07671615,0.013600841,0.67053837,0.005661376,0.16240808,0.013754448,0.009578737,0.0065865787,0.0058754124
syn-0401,1,1,3,11,11,0.0064093545,0.0199019,0.0034281684,0.0029094487,0.002582668,0.0046583754,0.013231656,0.0076438854,0.004775837,0.01565172,0.002898106,0.9159088
syn-0409,1,1,3,10,10,0.00091892807,0.0010004136,0.0013870728,0.0014008558,0.0007412693,0.0013485061,0.0011865711,0.0006169391,0.0006427693,0.0034025817,0.9853447,0.0020093296
syn-0413,1,1,3,9,9,0.0009673698,0.0017871016,0.001550388,0.0013339103,0.0008603966,0.0029768003,0.0016763692,0.002451042,0.0014571663,0.97349054,0.004198986,0.007249886
syn-0417,1,1,3,7,4,0.13960053,0.020528061,0.021231463,0.019350355,0.3603325,0.014974715,0.06618456,0.13418698,0.14558749,0.014930908,0.009261763,0.053830653
syn-0418,1,1,3,0,0,0.9867792,0.0011944065,0.0014842871,0.0010499507,0.0028680319,0.0015284154,0.00070010126,0.0009882657,0.00080267014,0.00056973443,0.0009261259,0.001108969
syn-0440,1,1,3,1,1,0.0019361418,0.9842981,0.001009158,0.0010938272,0.0017382494,0.0007805788,0.0014155176,0.0011890788,0.0032863596,0.0008931918,0.0005005461,0.0018593004
syn-0452,1,1,3,10,10,0.0006612449,0.00067824934,0.0019667766,0.0022020133,0.0006478224,0.00153594,0.0030308103,0.00085571455,0.0011892029,0.0018226382,0.9834399,0.0019697198
syn-0453,1,1,3,1,1,0.0019775925,0.9708474,0.0016338879,0.002494729,0.0021398542,0.0009780237,0.0032448154,0.001706457,0.001559828,0.0020413648,0.0063124555,0.00506354
syn-0456,1,1,3,11,11,0.003206821,0.003982194,0.0016734536,0.018947031,0.0045924378,0.0038193674,0.0034877767,0.0009982893,0.0014230182,0.0040439162,0.0036125744,0.95021313
syn-0459,1,1,3,5,1,0.12542468,0.40133297,0.012614292,0.012750527,0.092031896,0.17396498,0.011056235,0.006417632,0.13016656,0.018033884,0.005860465,0.01034588
syn-0460,1,1,3,8,8,0.00081598584,0.002417716,0.00095398404,0.0006715394,0.0009718502,0.0012436224,0.0017505804,0.00062411244,0.98711467,0.0019496977,0.0007699238,0.0007162476
syn-0461,1,1,3,2,2,0.00181505,0.0013443923,0.98257864,0.0017211841,0.0011493583,0.0016047116,0.001287849,0.0021318095,0.0012740886,0.001290997,0.0024161728,0.0013857142
syn-0468,1,1,3,6,6,0.00067367987,0.0012157144,0.0009293937,0.0017559459,0.0020036402,0.0009136455,0.98640037,0.0009176693,0.0017276675,0.0010860409,0.00094726164,0.0014289686
syn-0476,1,1,3,7,7,0.004092688,0.0052731084,0.0050537954,0.0022013811,0.003065282,0.03948037,0.00311964,0.9082737,0.010219546,0.013373621,0.002583748,0.0032629757
syn-0487,1,1,3,6,6,0.00071630394,0.0013820612,0.0008581413,0.001702456,0.0015891899,0.0014336117,0.98334366,0.0011570128,0.003977704,0.0011809856,0.0006611802,0.001997675
syn-0490,1,1,3,7,7,0.003098808,0.002681795,0.00237826,0.0023969128,0.004287589,0.005349197,0.0034569704,0.96415484,0.0022494935,0.004815961,0.0017416722,0.0033884514
syn-0493,1,1,3,8,8,0.0008312614,0.0013698493,0.0009623986,0.0006323903,0.0013148008,0.001789253,0.0017877112,0.0008231831,0.98758954,0.001963057,0.00042831476,0.00050813996
syn-0008,1,1,4,8,8,0.0006865169,0.0013639692,0.001070069,0.0006919013,0.0008589854,0.0015465233,0.0015123587,0.0017316011,0.98768115,0.0016599875,0.0005042323,0.00069257733
syn-0014,1,1,4,0,0,0.9850176,0.0012673116,0.0013132992,0.0012704094,0.0033495354,0.0020750824,0.00077810395,0.0008437994,0.0013589631,0.0007895859,0.0009440881,0.0009922987
syn-0019,1,1,4,0,0,0.9807679,0.0012760949,0.0017268428,0.0037451615,0.0028607128,0.0013465092,0.0009698543,0.001054825,0.0007831143,0.0014125084,0.0025447977,0.0015117051
syn-0022,1,1,4,10,11,0.005827951,0.021994457,0.0026051484,0.0072494615,0.017894467,0.013538819,0.009976806,0.0036275024,0.004216203,0.04978357,0.08072783,0.7825578
syn-0035,1,1,4,9,9,0.0038807672,0.011670999,0.0024885419,0.0036724429,0.006676777,0.0044471496,0.0060238712,0.0018950325,0.010299622,0.89380354,0.044413026,0.01072823
syn-0037,1,1,4,8,8,0.0011472519,0.0016667984,0.0009427825,0.0010496976,0.0023881611,0.0025196313,0.0033818542,0.0008239172,0.9750479,0.006302729,0.0031160803,0.0016131515
syn-0039,1,1,4,1,1,0.0012167877,0.98775345,0.0007906199,0.001007768,0.0017331555,0.0010618194,0.0010883275,0.0013501536,0.0009569348,0.00076405343,0.0005770194,0.0016998536
syn-0041,1,1,4,10,9,0.0016410976,0.004213259,0.0029427651,0.004818746,0.00442193,0.008980102,0.005568051,0.0018505492,0.01199367,0.81594723,0.124398515,0.013224024
syn-0046,1,1,4,8,8,0.006887585,0.0066805673,0.0018103838,0.0012712786,0.0029877347,0.0037981179,0.0023211762,0.0044643637,0.930504,0.03558964,0.0011295951,0.0025555447
syn-0048,1,1,4,11,11,0.0015269303,0.002275189,0.0009724734,0.0014163229,0.0020677934,0.0008649357,0.0023214794,0.0013201582,0.0013848655,0.0032346821,0.003032681,0.97958255
syn-0054,1,1,4,5,5,0.0016169876,0.00040933784,0.0010146061,0.0009667268,0.0010057278,0.9852727,0.0010795153,0.002240653,0.0016557376,0.0021518578,0.0017767809,0.00080930965
syn-0055,1,1,4,3,3,0.0013003311,0.0013580854,0.0016449769,0.98582447,0.0011932509,0.0013694057,0.001650609,0.0012275273,0.000985383,0.0011447399,0.001371413,0.0009297586
syn-0076,1,1,4,5,5,0.0046068244,0.0014299176,0.0013108853,0.0017214444,0.0014036306,0.980331,0.001688973,0.0017130594,0.0019335828,0.0016807462,0.0015850947,0.00059491524
syn-0080,1,1,4,3,3,0.0011520371,0.00130862,0.0017251954,0.9843879,0.001748944,0.0011430718,0.0020039508,0.000913564,0.0011402845,0.0018758851,0.0015423077,0.0010582014
syn-0084,1,1,4,5,5,0.0015363877,0.0006619223,0.0011210305,0.0017265639,0.0013802384,0.98637205,0.0007929914,0.0010227056,0.0014671056,0.0018923284,0.001472488,0.0005541381
syn-0106,1,1,4,10,10,0.0008614917,0.0017547666,0.0018277897,0.0025611303,0.00083661877,0.0016549027,0.005910269,0.0009935093,0.0019825941,0.0018197749,0.9766352,0.0031619947
syn-0108,1,1,4,8,8,0.0009244318,0.0018097288,0.0011611969,0.00076675514,0.0009883865,0.0015096872,0.0016168923,0.0012580078,0.98497415,0.0016645567,0.0021696002,0.0011566699
syn-0109,1,1,4,3,3,0.0033126953,0.018330706,0.006757499,0.47281286,0.0056571397,0.009899545,0.0115850475,0.0046625338,0.010308987,0.42217436,0.026837584,0.007660989
syn-0111,1,1,4,3,3,0.0013862175,0.0017917103,0.0020569658,0.98437655,0.0013647262,0.0015990362,0.0018436275,0.0011127698,0.0010428015,0.0009288465,0.0016501979,0.0008465506
syn-0113,1,1,4,11,11,0.0022718012,0.0038609277,0.0015059746,0.00132513,0.0015790185,0.00096053316,0.0024552038,0.0015341782,0.00647492,0.003612369,0.0011791706,0.97324085
syn-0124,1,1,4,6,6,0.0006380647,0.0021949476,0.00070489524,0.002488796,0.0022651753,0.0013311403,0.98292047,0.0010463557,0.0022442578,0.0016029201,0.0011341459,0.0014288027
syn-0129,1,1,4,11,11,0.001655829,0.00270281,0.0010607638,0.0022368822,0.0026955614,0.0015509569,0.0031399105,0.0010372036,0.0021585538,0.010404021,0.0060316846,0.96532595
syn-0138,1,1,4,4,4,0.0025987711,0.003093,0.0010358671,0.0016896082,0.9754463,0.0020325906,0.002488255,0.0016601676,0.0009655343,0.0022389137,0.003741702,0.0030092958
syn-0140,1,1,4,11,11,0.0017377178,0.0026646238,0.0017074388,0.0020787606,0.0018069407,0.0010847844,0.0019748695,0.0020167723,0.0014972751,0.013125349,0.0012682414,0.9690373
syn-0142,1,1,4,4,3,0.004343384,0.0042864983,0.0035345962,0.8128831,0.14517373,0.00947872,0.0057386165,0.0024092086,0.0026929206,0.0040882085,0.0035345962,0.0018364125
syn-0143,1,1,4,1,1,0.0036956612,0.9390598,0.0017553227,0.0016979973,0.0028813474,0.0017639144,0.0030462828,0.0031086414,0.035291046,0.0033546842,0.0013912892,0.0029540006
syn-0145,1,1,4,2,2,0.024188086,0.06853634,0.37177247,0.35963115,0.024330229,0.02370288,0.012548613,0.020714438,0.01083873,0.040162764,0.007945287,0.03562896
syn-0146,1,1,4,10,10,0.00096357317,0.0006075696,0.0013365647,0.0011929082,0.0007243307,0.0012619632,0.0008775576,0.00094286195,0.0004475565,0.0016308107,0.9885535,0.0014607456
syn-0150,1,1,4,3,3,0.0023685435,0.04532847,0.003336921,0.9211787,0.0055719432,0.0025077953,0.0053552156,0.0020749788,0.002343236,0.0048221154,0.0019818933,0.0031301589
syn-0165,1,1,4,8,8,0.0014023883,0.003372378,0.0019093646,0.0015752086,0.0013901166,0.0034973132,0.008649596,0.0013020735,0.95770895,0.005568262,0.0112317335,0.002392542
syn-0174,1,1,4,10,10,0.00090277084,0.0009854665,0.0013451655,0.0010378152,0.0010781037,0.0012516913,0.0010862942,0.0008728619,0.0005502383,0.001165139,0.9880767,0.0016478295
syn-0176,1,1,4,10,10,0.0006876605,0.0008658953,0.0011004892,0.0013692466,0.00090082834,0.0018813877,0.0015262002,0.0007231294,0.0007105293,0.0017454771,0.986914,0.0015752718
syn-0178,1,1,4,9,9,0.0020932937,0.009678406,0.0016350419,0.0030073025,0.005542089,0.0051006284,0.014751953,0.0021014865,0.016773386,0.8502876,0.006949641,0.08207915
syn-0187,1,1,4,3,3,0.0011395024,0.0011245783,0.0016112773,0.9856359,0.00187643,0.0014088163,0.0014418735,0.0011267768,0.0008048781,0.0011665251,0.0016734194,0.000990017
syn-0195,1,1,4,4,4,0.0072120037,0.0047656796,0.002192567,0.0039935573,0.7128369,0.23877047,0.009151393,0.0017395521,0.0067626564,0.0047749965,0.0047680074,0.00303221
syn-0206,1,1,4,8,8,0.0022166446,0.0018135948,0.0018100562,0.0012081147,0.0031443397,0.003501775,0.003432368,0.0019343359,0.9533284,0.008328847,0.01525937,0.004022163
syn-0211,1,1,4,0,0,0.9868593,0.0009047457,0.0014150491,0.0011009657,0.0026462425,0.0014292845,0.00068260444,0.0011777084,0.00056534656,0.00081338827,0.0011566224,0.0012487764
syn-0215,1,1,4,10,10,0.0029462094,0.002962076,0.0034293637,0.0029304272,0.003889775,0.010023021,0.005489481,0.0013707837,0.0077184085,0.100318626,0.8448936,0.014028152
syn-0217,1,1,4,6,6,0.0008935339,0.001435553,0.0016370531,0.0013968314,0.0027534543,0.00203337,0.9779669,0.0010799147,0.004018252,0.0022556866,0.002171922,0.0023575993
syn-0223,1,1,4,6,6,0.0007047184,0.0022544023,0.0008417918,0.0016626979,0.0019377307,0.0014466945,0.97788745,0.0010989761,0.005457103,0.00355404,0.00089171797,0.002262673
syn-0225,1,1,4,7,7,0.007163835,0.007551753,0.008624373,0.0075961323,0.02359276,0.0348846,0.029483784,0.4389036,0.033140406,0.15634313,0.019387932,0.23332772
syn-0228,1,1,4,6,6,0.0026860663,0.00328622,0.002027549,0.042222816,0.016869044,0.0030630939,0.91697997,0.0020295302,0.0041047717,0.0026599632,0.0019460705,0.0021248534
syn-0229,1,1,4,7,7,0.0045555513,0.0033102066,0.0064715836,0.0032209193,0.0024731848,0.011094876,0.0022518605,0.9502058,0.0037126902,0.0044110822,0.0060115964,0.0022806309
syn-0230,1,1,4,9,9,0.0006308688,0.0014870057,0.001276258,0.0012018642,0.0011700172,0.0018977347,0.0014016953,0.0021095946,0.0033946612,0.98137236,0.0016536181,0.002404312
syn-0232,1,1,4,8,8,0.0012710425,0.0027539348,0.0012033988,0.0007953981,0.0010687583,0.0017364608,0.0012543956,0.0013424883,0.9845465,0.0027593188,0.00046667803,0.00080163643
syn-0234,1,1,4,4,6,0.003484537,0.005551985,0.0027484316,0.059109394,0.08303262,0.009264968,0.80963,0.0018524317,0.00944655,0.0064467075,0.0057590734,0.0036732233
syn-0236,1,1,4,11,11,0.0124597605,0.076624006,0.0054539074,0.0030803503,0.008147406,0.0040808013,0.017406162,0.0053641116,0.09582689,0.03680052,0.0049223853,0.7298337
syn-0237,1,1,4,4,4,0.004610949,0.0015439092,0.00097551587,0.0012553425,0.98408777,0.0012262625,0.0009802908,0.0012419296,0.0008024375,0.0010682604,0.0009702904,0.0012370877
syn-0255,1,1,4,2,2,0.0021176452,0.0013401548,0.98187584,0.0016858625,0.0011849947,0.0016351911,0.0013388466,0.0028346844,0.0014983392,0.0011099429,0.0021831335,0.0011954556
syn-0264,1,1,4,0,0,0.98741233,0.00085833244,0.001152759,0.001034841,0.0024317666,0.0015012802,0.0006658638,0.00111893,0.0009417735,0.0007277463,0.00085415156,0.0013002018
syn-0270,1,1,4,10,10,0.0010292009,0.00087946287,0.0013077193,0.0011450772,0.0010236878,0.0024574983,0.0019606045,0.0008872266,0.00058556255,0.0014642185,0.9858742,0.0013856177
syn-0294,1,1,4,1,1,0.0009774767,0.98847616,0.00071583595,0.00095180783,0.0013978651,0.0008792045,0.0012773625,0.0012011434,0.0011506248,0.0009952968,0.00048058954,0.0014967642
syn-0300,1,1,4,10,10,0.00065956503,0.0005658112,0.001479745,0.0012928247,0.0007045072,0.0010373883,0.0009750121,0.00091482163,0.00043467063,0.0011048334,0.9896011,0.0012297503
syn-0316,1,1,4,0,0,0.9383038,0.0013278048,0.0017521974,0.0021594532,0.011476085,0.03345126,0.0014683112,0.001078444,0.0017216663,0.002329232,0.003001766,0.0019300587
syn-0327,1,1,4,1,1,0.00457615,0.90912616,0.0023662632,0.0027208938,0.004481617,0.0017826641,0.004524492,0.0024413764,0.05633037,0.0030398262,0.0015129272,0.0070972024
syn-0330,1,1,4,0,0,0.9751158,0.0013387493,0.0014383739,0.0013846223,0.004335274,0.009356505,0.0007357265,0.001494942,0.0006738232,0.0013778778,0.001652328,0.0010958613
syn-0334,1,1,4,6,6,0.0048270305,0.0069567338,0.002680096,0.010436922,0.010672695,0.082403995,0.86371535,0.0019703975,0.0055315164,0.004399356,0.0023013798,0.004104657
syn-0339,1,1,4,7,7,0.0017719007,0.0036241834,0.0031472081,0.0016907594,0.0023008608,0.0037962575,0.0024456684,0.9723054,0.0021954966,0.0022257192,0.0013638808,0.0031326427
syn-0340,1,1,4,9,9,0.000730847,0.0014323272,0.0013561,0.0017600728,0.0014025674,0.002219786,0.0013634034,0.0024648898,0.002317812,0.9791102,0.0029685101,0.0028734056
syn-0345,1,1,4,7,7,0.0060598417,0.00697143,0.0026190626,0.0027022008,0.009037132,0.054594103,0.0069374735,0.8785266,0.008648593,0.010349748,0.0037224388,0.0098312935
syn-0358,1,1,4,2,2,0.0021293638,0.002021463,0.97224,0.0018120275,0.0015378478,0.0016187488,0.00203682,0.008113017,0.0021309243,0.0018102587,0.0029021583,0.0016474549
syn-0359,1,1,4,4,4,0.003473198,0.0046420004,0.0015897579,0.0020623284,0.95622736,0.0038322974,0.00538235,0.0022727796,0.009969388,0.0018952729,0.0013505282,0.0073026684
syn-0360,1,1,4,0,0,0.98524123,0.0011832645,0.0013962702,0.0010674256,0.0043834997,0.0012424749,0.00061747694,0.0011429461,0.00096480973,0.0007798022,0.0008361972,0.0011446215
syn-0374,1,1,4,8,8,0.0012222787,0.0017604774,0.0010552146,0.00079612905,0.00086672534,0.0015659924,0.0012887792,0.0009542384,0.98689586,0.002101044,0.00062948244,0.000863768
syn-0375,1,1,4,8,8,0.00066698785,0.0023304336,0.0011137269,0.0006376886,0.000853924,0.0011329239,0.0019071592,0.0013682361,0.9852232,0.0029819435,0.00092151045,0.000862304
syn-0383,1,1,4,2,2,0.0020319961,0.0014650217,0.9813706,0.0018804364,0.0012030365,0.0015675236,0.0013745817,0.0030999372,0.00138131,0.0012925616,0.002115006,0.0012178118
syn-0393,1,1,4,2,2,0.0026754092,0.001766962,0.9795887,0.002230652,0.0014915683,0.00174382,0.001399831,0.002651108,0.0014225695,0.0012215506,0.0026016366,0.0012061407
syn-0399,1,1,4,8,8,0.000874653,0.0011955088,0.0010116469,0.0007987171,0.0012358698,0.0022594186,0.0018349893,0.0010612328,0.9828789,0.003531857,0.002332777,0.0009843595
syn-0402,1,1,4,1,1,0.0018360517,0.9838082,0.0011153903,0.0013369044,0.001997887,0.0007863093,0.0013686081,0.0014283486,0.0019457781,0.0009959314,0.0012364344,0.0021440415
syn-0403,1,1,4,9,9,0.0024058467,0.0035751963,0.0015244035,0.0010080612,0.0020264208,0.0030970976,0.0019969533,0.0023312576,0.017471448,0.9604519,0.0015333617,0.002577948
syn-0406,1,1,4,4,4,0.23775963,0.0041715656,0.0026724054,0.008460293,0.71120685,0.0042642406,0.005815733,0.0020996444,0.0019976338,0.0036154815,0.00981471,0.008121795
syn-0419,1,1,4,1,1,0.00091021747,0.9884743,0.00092749036,0.001131402,0.0013630664,0.0005646152,0.000982979,0.00153006,0.0010248852,0.0009124424,0.00065528497,0.0015232521
syn-0422,1,1,4,1,1,0.0008752253,0.98785377,0.00097257784,0.0009403561,0.0014386056,0.0008008024,0.0008846778,0.001983457,0.0009763844,0.0012042029,0.0005821723,0.0014877184
syn-0425,1,1,4,5,5,0.0047286972,0.001324542,0.0010684648,0.0015364956,0.010078088,0.9666536,0.0022476278,0.0008152302,0.003994986,0.0029537298,0.0024685361,0.0021300903
syn-0429,1,1,4,2,2,0.010048274,0.015063544,0.8868864,0.0056577674,0.005972876,0.004785301,0.004792316,0.041805565,0.0078091417,0.007897336,0.0050666397,0.0042147734
syn-0436,1,1,4,6,6,0.0005621556,0.00103649,0.0007943164,0.0014850658,0.0013045006,0.0015800725,0.9860924,0.00093273993,0.0019896117,0.0018347069,0.0009604705,0.0014274766
syn-0444,1,1,4,5,5,0.002248961,0.002094216,0.0012287239,0.00217764,0.008170314,0.9611068,0.013709451,0.0013814915,0.0024175,0.0030754665,0.0013041435,0.0010854044
syn-0445,1,1,4,6,6,0.0013218853,0.0015636577,0.0012650526,0.0020255004,0.0024059287,0.0016940224,0.9647147,0.0015192536,0.019198654,0.0016572061,0.0007908769,0.0018433387
syn-0454,1,1,4,11,11,0.0017980773,0.0019898042,0.0009605635,0.0015545873,0.0025107467,0.0012775204,0.0021811083,0.0020499623,0.0015156124,0.0026756139,0.0034506868,0.97803557
syn-0463,1,1,4,11,11,0.0016069681,0.0015103442,0.0014229999,0.0017545982,0.0012576339,0.0007924055,0.001509607,0.002002836,0.0010130074,0.0021552967,0.0022142327,0.98275995
syn-0465,1,1,4,7,7,0.0044297595,0.0025129335,0.013714756,0.0065021594,0.004204264,0.0110821705,0.0067381063,0.9293977,0.002628393,0.0026309611,0.013964784,0.002193961
syn-0471,1,1,4,5,5,0.00273706,0.0013022408,0.0013774567,0.001064416,0.0035711064,0.979111,0.0012150079,0.0017921615,0.0015381653,0.0018599168,0.0016526296,0.002778805
syn-0481,1,1,4,9,9,0.00077738386,0.002135449,0.0010952168,0.0009865515,0.0010667164,0.0022395712,0.0019500535,0.0017540014,0.0051239273,0.97835666,0.0014969838,0.0030175378
syn-0492,1,1,4,6,6,0.0005192253,0.0012879217,0.00093561586,0.0013868076,0.0011867788,0.00094157376,0.98768497,0.0010716419,0.0015156913,0.0011920056,0.0008888562,0.0013888406
syn-0497,1,1,4,5,5,0.0037349416,0.010022252,0.0025001855,0.0016476873,0.0031915463,0.9085707,0.010865616,0.011765753,0.029320266,0.0087457,0.003522385,0.00611294
syn-0005,1,2,0,11,11,0.0011270015,0.004139545,0.0015187692,0.0011014321,0.0023949076,0.003736117,0.0010891317,0.0011297562,0.0007662999,0.0046530794,0.0016151435,0.9767287
syn-0007,1,2,0,6,6,0.004267262,0.006606038,0.0014391582,0.0026926429,0.011610954,0.009534602,0.93598306,0.0025932852,0.017549666,0.0024101364,0.0015215392,0.0037916766
syn-0009,1,2,0,8,8,0.0013435683,0.00133295,0.0004693396,0.0003504908,0.00084903464,0.0007405412,0.001442847,0.0009663196,0.987265,0.0010420383,0.0032404112,0.00095739606
syn-0023,1,2,0,1,1,0.00093808473,0.98691225,0.00096880837,0.0009271558,0.0009807071,0.0011680357,0.001703428,0.0013880929,0.0010217677,0.0011939845,0.0013258215,0.0014718564
syn-0029,1,2,0,2,2,0.001995284,0.0012307605,0.98264647,0.0027099736,0.0017004185,0.0010364042,0.0010203363,0.002531066,0.000997674,0.0012923476,0.0011681089,0.0016711975
syn-0034,1,2,0,0,0,0.98138404,0.0013672372,0.0022679935,0.0015969018,0.001916381,0.0012837735,0.0012461,0.001954178,0.0016363685,0.00132065,0.0027862764,0.0012400303
syn-0042,1,2,0,9,9,0.0015871243,0.0015564264,0.0016239687,0.0057043014,0.0016985837,0.0014786401,0.0014366505,0.0022679067,0.0010388305,0.97823685,0.0013701923,0.0020004439
syn-0065,1,2,0,11,11,0.0010965052,0.002780779,0.0014169062,0.0012744551,0.0021324877,0.0012394736,0.000989643,0.00091975025,0.00060200994,0.001968861,0.003197728,0.9823814
syn-0071,1,2,0,6,6,0.00065886806,0.0015107438,0.00077406527,0.0022087437,0.001910925,0.0017883676,0.9856634,0.0011642813,0.0010380645,0.00091118156,0.0013122365,0.0010590554
syn-0073,1,2,0,11,11,0.0017391742,0.01946172,0.0014673948,0.0014919592,0.0028800422,0.0041385847,0.0032476194,0.0022861015,0.002674029,0.0025095656,0.0056185797,0.95248514
syn-0082,1,2,0,1,10,0.0064259074,0.23031303,0.003555661,0.005665309,0.0020318986,0.121011406,0.043528847,0.010094574,0.048988614,0.013534079,0.50501883,0.009831887
syn-0087,1,2,0,5,5,0.003779273,0.004727557,0.000960227,0.0013930349,0.003914501,0.9157707,0.007104921,0.005310147,0.032330662,0.0028597182,0.015212383,0.0066368803
syn-0112,1,2,0,4,4,0.0058516366,0.0026240512,0.0018220701,0.0016728422,0.95544803,0.0090168435,0.002087994,0.0035001484,0.011331767,0.0026189312,0.0008627889,0.0031628925
syn-0117,1,2,0,6,6,0.002827441,0.008094056,0.003163493,0.0743589,0.07207111,0.004776873,0.79166454,0.0024709594,0.0033708108,0.013773287,0.019506907,0.0039216815
syn-0118,1,2,0,5,5,0.0017921868,0.0012921249,0.0010271581,0.0018526919,0.0013869246,0.9824771,0.0018472719,0.0028730102,0.0018445678,0.0010618354,0.00084739615,0.001697637
syn-0123,1,2,0,10,10,0.0015495917,0.0014406802,0.0009107355,0.0012481755,0.0006105439,0.0004237382,0.0009900433,0.0010526099,0.0015434561,0.0013045684,0.9875892,0.0013368102
syn-0127,1,2,0,11,1,0.0077151195,0.45191514,0.004571057,0.008109098,0.0239711,0.012951977,0.08752223,0.0033770753,0.017798593,0.019855766,0.019754225,0.34245858
syn-0130,1,2,0,6,8,0.0018187236,0.0024898485,0.000902314,0.0005652053,0.0018424098,0.0022965574,0.0041115857,0.0010868051,0.9741665,0.001266887,0.008168884,0.0012843267
syn-0133,1,2,0,2,2,0.0032462482,0.001992888,0.9683756,0.0041642445,0.0020712642,0.0013243125,0.001271094,0.008510026,0.0015880933,0.00319631,0.0019514813,0.0023084066
syn-0134,1,2,0,5,5,0.0032594255,0.0018294883,0.00083108246,0.0011800535,0.0017758003,0.96827936,0.002397782,0.0073174853,0.0066985283,0.0023104325,0.001953194,0.0021672733
syn-0144,1,2,0,9,9,0.0011871286,0.0016505809,0.001109772,0.003255437,0.0011784657,0.0012040581,0.0010856532,0.0014145768,0.0014063126,0.9812454,0.0026470553,0.0026155775
syn-0151,1,2,0,10,10,0.0077861925,0.014422754,0.0022307816,0.0038846754,0.0027278776,0.0042332797,0.024254022,0.0015302007,0.008436371,0.015207452,0.8842801,0.031006223
syn-0152,1,2,0,3,3,0.005172089,0.002486447,0.004978809,0.5204037,0.439939,0.0035966232,0.0039869347,0.004586694,0.0018387702,0.007852392,0.0024961787,0.0026623632
syn-0153,1,2,0,4,4,0.11772686,0.0066125714,0.004125936,0.0047350307,0.7426048,0.09817254,0.0031220326,0.005431391,0.004452496,0.004732719,0.0035067694,0.0047768303
syn-0154,1,2,0,1,1,0.00092254265,0.9868085,0.00092524936,0.00079450523,0.0007097598,0.0014556216,0.0017132581,0.0012245598,0.0010659959,0.0013121582,0.0013263295,0.001741513
syn-0155,1,2,0,4,4,0.0027767234,0.0011365088,0.0013588952,0.0013332627,0.98256654,0.0019798374,0.001057792,0.0018424853,0.00167392,0.00088295556,0.0015890973,0.0018020025
syn-0162,1,2,0,9,9,0.0015439842,0.0025036875,0.001067921,0.0020660239,0.0011110045,0.0009188092,0.0011384626,0.0017555535,0.002269637,0.98233515,0.0012843902,0.0020053945
syn-0164,1,2,0,8,8,0.0019079043,0.0013064889,0.0005606805,0.00043199287,0.0006074254,0.0024947634,0.0014457983,0.001153254,0.9787143,0.0017420508,0.008360719,0.0012746671
syn-0170,1,2,0,6,6,0.0007291219,0.0021185589,0.0009289254,0.0018469378,0.001767531,0.0015300441,0.9815802,0.0010913396,0.0015077948,0.0023318997,0.0028457039,0.0017219555
syn-0173,1,2,0,8,8,0.0013480643,0.0008134859,0.00054401933,0.0002988267,0.00077207567,0.0012428429,0.001085616,0.001085881,0.9898735,0.0011961061,0.0011305168,0.00060897536
syn-0190,1,2,0,3,1,0.008001925,0.5160409,0.0066630463,0.3451028,0.033870798,0.037491556,0.0105595,0.008328815,0.0026348925,0.018580068,0.004331494,0.008394139
syn-0193,1,2,0,11,11,0.006618623,0.029431773,0.004353334,0.0063526486,0.0867586,0.009135364,0.022458946,0.0057000406,0.012732837,0.025897468,0.012745276,0.77781516
syn-0198,1,2,0,0,0,0.51376563,0.0092009455,0.0145459715,0.086110756,0.09681693,0.14308614,0.02187878,0.007923969,0.02564141,0.044215236,0.014482188,0.022332098
syn-0201,1,2,0,0,0,0.9817822,0.0013263567,0.0025296116,0.0013192517,0.0028321445,0.0010314556,0.0010777939,0.0012088415,0.0019521092,0.0014681431,0.0023670858,0.0011049707
syn-0204,1,2,0,1,1,0.0012374179,0.9855527,0.00070954923,0.0007560491,0.00090354786,0.0018426784,0.0021894039,0.0011993465,0.0020099992,0.0010904189,0.0012289878,0.0012798185
syn-0209,1,2,0,7,7,0.006974543,0.005394774,0.014623404,0.0048690154,0.021181045,0.024702767,0.004271787,0.88365227,0.012184798,0.005714735,0.005864557,0.010566325
syn-0222,1,2,0,8,8,0.0012564029,0.0010128812,0.00048788777,0.00027234716,0.00070057524,0.001080578,0.0014160649,0.0012443451,0.9888947,0.0011908461,0.001633466,0.0008099085
syn-0233,1,2,0,8,8,0.0017682827,0.0013544661,0.00057086285,0.0005581836,0.0010048349,0.0008841696,0.0018470465,0.0008141376,0.9781692,0.001700956,0.01045019,0.00087771745
syn-0244,1,2,0,3,3,0.001203024,0.00082682545,0.0020003503,0.9832791,0.002571167,0.0016860067,0.0018417969,0.0010926948,0.00060550944,0.0027289863,0.0014949961,0.0006695837
syn-0248,1,2,0,6,6,0.0013120818,0.002180224,0.0011135493,0.0022770588,0.0018359326,0.0019457705,0.9679019,0.0019372385,0.0019100002,0.0011124626,0.014161419,0.0023123526
syn-0251,1,2,0,10,10,0.0013851499,0.001962097,0.0011371699,0.0015646067,0.00062892545,0.00061917485,0.0015707304,0.0010223433,0.0024185816,0.002617985,0.98409873,0.0009745746
syn-0252,1,2,0,8,8,0.0016648459,0.0011508142,0.0006180955,0.0005286851,0.00091214885,0.0008784908,0.0018300383,0.0008888462,0.97950935,0.0014816484,0.009678086,0.000858979
syn-0254,1,2,0,7,8,0.022537164,0.02853141,0.012967308,0.0070227166,0.0169043,0.06144211,0.027231509,0.13995734,0.33771318,0.038562298,0.1356513,0.1714793
syn-0263,1,2,0,0,0,0.9738841,0.002530486,0.002408131,0.0011707675,0.0051960247,0.0016350017,0.0012114757,0.0012770767,0.0034534908,0.0030654178,0.0016615604,0.0025065064
syn-0267,1,2,0,4,4,0.016832825,0.0015795182,0.0018403429,0.002067638,0.96597266,0.0025432387,0.0012904248,0.0016863218,0.0012507226,0.0012229433,0.0015649324,0.0021484296
syn-0269,1,2,0,10,10,0.0013913406,0.0013400007,0.0009541546,0.00077420863,0.0007423711,0.00041017646,0.0015679586,0.0006217905,0.0017721271,0.0021137858,0.9863275,0.0019846277
syn-0272,1,2,0,3,3,0.007236549,0.0021586623,0.006018748,0.8941342,0.05561829,0.0030591025,0.0060011414,0.004399112,0.0022468467,0.007732708,0.008057755,0.0033368776
syn-0278,1,2,0,9,9,0.001499259,0.001982804,0.0010931386,0.00342556,0.00092411786,0.0012302496,0.0010564069,0.0015117559,0.001001163,0.98032206,0.002743667,0.0032097772
syn-0283,1,2,0,7,7,0.0018564278,0.0019809876,0.005449688,0.0030952995,0.0048949183,0.006021955,0.002593807,0.96400404,0.0018374894,0.0024798668,0.0033689507,0.0024165139
syn-0284,1,2,0,0,0,0.980357,0.001160844,0.0022419598,0.0011180091,0.0024380845,0.0012502781,0.0011936064,0.0010002216,0.0029570905,0.0019013335,0.0030117354,0.0013698135
syn-0303,1,2,0,7,5,0.010991908,0.008222515,0.004866923,0.006074755,0.012089945,0.46002927,0.011672293,0.4520135,0.011595605,0.008471107,0.004554227,0.009417958
syn-0308,1,2,0,3,3,0.0014167366,0.0011082151,0.0023043675,0.9808261,0.0027826533,0.0013744899,0.0024856157,0.0012338909,0.0006034093,0.0036864167,0.0013825671,0.0007954937
syn-0310,1,2,0,10,10,0.0016489088,0.0010491343,0.0012265623,0.0010898621,0.0008934372,0.00038936205,0.0010114089,0.0010903944,0.0015474944,0.0022259026,0.984088,0.0037395356
syn-0311,1,2,0,9,9,0.0019670199,0.0030030108,0.0014454406,0.009292931,0.0022828975,0.0009761257,0.001818308,0.0027309367,0.0011093406,0.96801746,0.0022464073,0.0051101646
syn-0323,1,2,0,7,7,0.0013684103,0.0014688071,0.002993447,0.0019175573,0.0022385698,0.004410817,0.0017717194,0.97458243,0.0029705144,0.002152286,0.0028474897,0.0012779924
syn-0325,1,2,0,4,4,0.01205793,0.0058651,0.0040389006,0.34154266,0.52079034,0.043784212,0.00668835,0.012111036,0.0060749617,0.03065599,0.007923244,0.008467259
syn-0333,1,2,0,5,5,0.011428162,0.0021525368,0.0022252076,0.006589131,0.028548604,0.90829474,0.003026683,0.003626005,0.019573305,0.0028156743,0.0074097156,0.0043101944
syn-0353,1,2,0,7,7,0.0057126484,0.009137706,0.005723817,0.006527236,0.0070541794,0.22073871,0.0038166093,0.6974077,0.012169202,0.016285744,0.008498584,0.00692788
syn-0363,1,2,0,9,9,0.024953317,0.044377994,0.0031280192,0.013634017,0.0064371102,0.012287274,0.01227528,0.007833182,0.023006145,0.5353807,0.27078834,0.04589862
syn-0371,1,2,0,6,6,0.00066734856,0.002701677,0.00073724624,0.0021369415,0.0013323756,0.0012190798,0.9847937,0.0010949124,0.0008840932,0.0010690268,0.0021870835,0.0011763916
syn-0373,1,2,0,11,11,0.0015602034,0.0024080977,0.001512201,0.0012144946,0.0023700404,0.0017914042,0.00092033664,0.0009532677,0.0007395112,0.0043110163,0.0011298244,0.98108965
syn-0376,1,2,0,5,5,0.0011892309,0.0015151195,0.0008019282,0.001486903,0.001244479,0.9829831,0.0031965636,0.0026223694,0.0016274714,0.0007202492,0.00097584934,0.0016366357
syn-0377,1,2,0,5,5,0.0026296484,0.0046067336,0.0017923889,0.0027264024,0.0020529784,0.937592,0.0029150222,0.032302704,0.0035637207,0.0028363946,0.0019937048,0.004988368
syn-0382,1,2,0,0,0,0.98277724,0.0011301113,0.002186872,0.0014768245,0.0022929418,0.0010841672,0.0011334269,0.0013039296,0.0015937123,0.0015484546,0.0024018094,0.0010704905
syn-0384,1,2,0,1,1,0.0011510592,0.98643804,0.0009083424,0.0006809817,0.0010010346,0.0013242142,0.0016988725,0.0011606537,0.0016939027,0.0014027526,0.00093580445,0.0016043423
syn-0397,1,2,0,1,1,0.0009581516,0.9870797,0.00104108,0.0008430923,0.00077404286,0.000994376,0.001762956,0.0011699462,0.0009111551,0.0014112247,0.0012740017,0.0017802569
syn-0405,1,2,0,8,8,0.0013479586,0.0013884576,0.00053304835,0.00027627195,0.00042999283,0.0011044778,0.0009878743,0.0010569921,0.9885583,0.0019467185,0.0013660139,0.0010039213
syn-0410,1,2,0,10,10,0.0024065545,0.0016319382,0.001009836,0.00095376204,0.000901682,0.00062732765,0.0009702018,0.0011651551,0.0019349016,0.0014938988,0.9796832,0.007221575
syn-0416,1,2,0,2,2,0.0019960334,0.0011170794,0.9838558,0.002131261,0.001381431,0.0008763776,0.0008687088,0.0025192986,0.0010954731,0.001104065,0.0013226839,0.0017318568
syn-0421,1,2,0,10,10,0.0021326651,0.0037743156,0.0011210951,0.004079327,0.0010388705,0.0008226172,0.0022068191,0.0013959069,0.0023274533,0.022408117,0.95654655,0.0021462457
syn-0427,1,2,0,5,5,0.0027524184,0.0026755624,0.0010019839,0.0023205997,0.01198226,0.964972,0.0025736918,0.0017984818,0.004055044,0.0015933666,0.0018170181,0.0024576331
syn-0437,1,2,0,3,10,0.013308536,0.0057519474,0.0042996034,0.3500013,0.06732283,0.0069789453,0.0077514374,0.0052731317,0.01071985,0.0634295,0.4494106,0.015752275
syn-0439,1,2,0,6,6,0.0012941806,0.0034435934,0.0009258129,0.0012941806,0.0020005552,0.002689742,0.9763825,0.001730491,0.0070995134,0.0009788087,0.0008364023,0.0013242245
syn-0448,1,2,0,4,5,0.0031904562,0.0027912706,0.001631317,0.0021823521,0.010330398,0.96601236,0.0017289133,0.0016209946,0.0043150326,0.0016417048,0.0014947894,0.0030603765
syn-0449,1,2,0,11,11,0.0010770691,0.0023611663,0.0012690976,0.0020771192,0.0041057086,0.0015174284,0.0014130182,0.0012457671,0.00071120437,0.0051635606,0.0017619674,0.9772968
syn-0450,1,2,0,10,10,0.0015467259,0.0011604256,0.001026074,0.0008436135,0.00071108795,0.0004816162,0.0010081952,0.0010659068,0.0012835336,0.0012907613,0.98769,0.0018920832
syn-0451,1,2,0,8,8,0.0034591316,0.001581822,0.0008166412,0.00048763875,0.0013431307,0.008271983,0.0018215553,0.0102145355,0.96266955,0.0038536442,0.00410945,0.0013709597
syn-0455,1,2,0,2,2,0.009926074,0.018310407,0.43207642,0.2751814,0.026210845,0.004408972,0.024914576,0.07934284,0.009564473,0.10755233,0.005417835,0.0070938445
syn-0473,1,2,0,10,10,0.0012071927,0.0010718659,0.0008855761,0.0009981137,0.0007220806,0.00041995375,0.00089776673,0.0007541519,0.0018834812,0.0013444211,0.988374,0.0014413854
syn-0474,1,2,0,0,0,0.97759706,0.0014448531,0.002029626,0.002982068,0.003186625,0.0021647494,0.001142415,0.0014690403,0.0014611711,0.0036900123,0.001652493,0.0011798309
syn-0478,1,2,0,2,2,0.0037009856,0.0018070221,0.9629491,0.005318919,0.004180222,0.001527621,0.00130792,0.009025724,0.001863473,0.0029038733,0.00214694,0.0032681026
syn-0480,1,2,0,1,1,0.008350967,0.45907485,0.0050750202,0.0261502,0.06810225,0.017068269,0.02427964,0.0041705226,0.008803168,0.057769418,0.03387394,0.28728172
syn-0482,1,2,0,1,1,0.0022130103,0.9606363,0.0021147646,0.009303483,0.0063910633,0.0027784489,0.0055519743,0.0023442626,0.0009984566,0.0027008664,0.0025273373,0.0024400293
syn-0484,1,2,0,3,3,0.0011249487,0.00073380745,0.002532018,0.98403674,0.002255325,0.0019401812,0.0012688345,0.0012027757,0.0004907343,0.0024166587,0.0011795119,0.0008186213
syn-0495,1,2,0,2,2,0.0021979068,0.0013448661,0.98148614,0.0029813496,0.0017323317,0.0014449458,0.000842418,0.002345665,0.0010453392,0.0016269777,0.0010397396,0.0019123737
syn-0496,1,2,0,8,8,0.0012312516,0.0010425289,0.0005339036,0.0003662302,0.0005898243,0.0009578469,0.0013331707,0.0008228981,0.9891777,0.0013696258,0.0019846612,0.00059040054
syn-0002,1,2,1,1,1,0.0011963984,0.986978,0.0010877386,0.0009376892,0.0010930628,0.0010771678,0.0015392093,0.0010771678,0.0007098817,0.0013268813,0.0011801526,0.0017966644
syn-0004,1,2,1,10,10,0.0035686078,0.0017030648,0.0011033461,0.0018058353,0.00079471036,0.0012924642,0.004894409,0.0027294748,0.012977165,0.0091127595,0.9571618,0.0028562779
syn-0011,1,2,1,10,10,0.002591067,0.0024116049,0.001235341,0.0015299182,0.0006762503,0.0017956562,0.0025803354,0.0012079034,0.0053713196,0.008804072,0.9672268,0.004569723
syn-0015,1,2,1,6,6,0.0011028243,0.004040864,0.0009187486,0.0015636072,0.0014439836,0.0029437102,0.9813116,0.0010793835,0.0015499248,0.00092595443,0.0014146722,0.001704755
syn-0017,1,2,1,3,3,0.0009380713,0.0011476666,0.0024013042,0.98161143,0.0021172042,0.002087308,0.0019515315,0.0017241137,0.0005185583,0.0032124296,0.0014133782,0.0008769439
syn-0031,1,2,1,0,0,0.98067266,0.0015864215,0.002473952,0.0014693509,0.0028900488,0.0013326433,0.001476543,0.0012187295,0.0017389434,0.0017767079,0.0019898184,0.0013742748
syn-0036,1,2,1,5,5,0.0054469504,0.0045447308,0.0011151583,0.0026182653,0.009183376,0.96081847,0.0034975503,0.0015317015,0.002358486,0.0015849594,0.0021307145,0.0051696757
syn-0051,1,2,1,3,3,0.0010816966,0.0010306514,0.0030612214,0.9800591,0.0022855536,0.0011747442,0.0017125843,0.0012305203,0.0006011736,0.005339919,0.0013475085,0.0010753772
syn-0058,1,2,1,9,9,0.0016692939,0.0014524335,0.0010522964,0.0019026736,0.0012618962,0.0014581183,0.0011602449,0.0018920195,0.003381134,0.98128754,0.0017286016,0.0017536812
syn-0062,1,2,1,7,7,0.0024242064,0.0018254248,0.00854852,0.002952126,0.00278548,0.003855237,0.0020725213,0.96660066,0.0022376499,0.0027977477,0.0023313363,0.0015690111
syn-0063,1,2,1,1,1,0.0011003881,0.9858602,0.0011193553,0.0008976723,0.0011956271,0.0012896289,0.0024642227,0.0010347291,0.0009921782,0.0013771668,0.0009975216,0.0016713502
syn-0067,1,2,1,5,5,0.001162534,0.0029113935,0.0013839179,0.0013818921,0.0026504495,0.97939026,0.0020958467,0.0019199731,0.0021555237,0.00092957227,0.001237511,0.0027811355
syn-0068,1,2,1,10,10,0.023567012,0.019131798,0.004702205,0.017250415,0.030473791,0.034164455,0.057762068,0.005074375,0.04623218,0.06522966,0.6594399,0.03697216
syn-0069,1,2,1,11,11,0.0017435192,0.008653435,0.0027389256,0.0014589003,0.006018989,0.0021000071,0.0018006221,0.001504476,0.0009699408,0.004684733,0.0017341797,0.9665922
syn-0086,1,2,1,10,10,0.0015014007,0.0012807719,0.000949468,0.0010623158,0.00076180225,0.0006229804,0.0011138412,0.0011405336,0.0008954336,0.0011165638,0.98725057,0.0023042222
syn-0093,1,2,1,5,5,0.0019329404,0.0063409633,0.0011525219,0.0023510058,0.0048695807,0.9337588,0.037574574,0.0018689017,0.0031267663,0.0011390947,0.001997222,0.0038875255
syn-0094,1,2,1,1,1,0.0008356757,0.95947254,0.001808428,0.0013617444,0.001528063,0.0021402333,0.005701055,0.0016490062,0.002609496,0.0030381742,0.0068216035,0.0130339265
syn-0098,1,2,1,10,10,0.002237356,0.0015424109,0.0010657915,0.001729106,0.001558308,0.0013745307,0.0021722289,0.0009488607,0.00168411,0.0013001092,0.9775083,0.0068789353
syn-0114,1,2,1,4,3,0.00094893965,0.0010752894,0.0024073548,0.97997916,0.0061908863,0.0014089625,0.0016962169,0.0010938239,0.0005273913,0.0022332785,0.0012856969,0.0011530541
syn-0119,1,2,1,6,6,0.0010583729,0.0023312524,0.0011010712,0.0020099105,0.0010625152,0.00211358,0.9831062,0.0013366028,0.0010010693,0.0011646678,0.0021801398,0.0015346692
syn-0122,1,2,1,3,3,0.0010548125,0.00091822864,0.0023299423,0.98315364,0.0025793258,0.0020364956,0.0017188308,0.0011327543,0.00063201383,0.0021811102,0.0013943325,0.0008685129
syn-0125,1,2,1,9,9,0.0012736517,0.0022827575,0.0012111802,0.0022883376,0.0010804064,0.0017189144,0.0021256874,0.0014036222,0.0017511059,0.9793682,0.0032965515,0.0021995986
syn-0137,1,2,1,8,8,0.0017409908,0.0016280399,0.0006574664,0.00043753957,0.0006033251,0.0019567315,0.0013068899,0.0013161756,0.98645234,0.0017396099,0.0012148883,0.00094592496
syn-0141,1,2,1,2,2,0.0028090712,0.0011509422,0.98153347,0.0030105682,0.0012984696,0.0009984922,0.0011486965,0.002780181,0.0010854419,0.0012646802,0.0011805396,0.0017396203
syn-0148,1,2,1,7,7,0.008304037,0.00872809,0.012805149,0.0119882785,0.022004107,0.055379122,0.011953208,0.6953923,0.031584904,0.014916011,0.0963429,0.03060193
syn-0161,1,2,1,2,2,0.0024192124,0.0010853118,0.98189515,0.003067331,0.0014335985,0.00092922343,0.0011735018,0.0031836848,0.000970969,0.0011105068,0.0010794981,0.0016520771
syn-0167,1,2,1,0,0,0.98135924,0.0013506146,0.0025919622,0.0014106024,0.002147239,0.0013219069,0.001178027,0.0014009924,0.0020594413,0.0017822979,0.0022480905,0.0011496148
syn-0184,1,2,1,2,2,0.002737396,0.0013133368,0.979291,0.0022587406,0.0014494786,0.0009636769,0.0014124489,0.0045239585,0.0013262251,0.0015642019,0.0012476997,0.001911827
syn-0186,1,2,1,3,3,0.001128234,0.0010197723,0.003826096,0.9816238,0.001866512,0.0014607562,0.0018319751,0.0011578124,0.00064725784,0.0032710356,0.0011651852,0.0010015141
syn-0207,1,2,1,0,0,0.95889026,0.0012722368,0.0020904068,0.0015421222,0.0053321794,0.013717966,0.0017363962,0.0015618247,0.0076202997,0.0018268496,0.0023803355,0.0020290618
syn-0213,1,2,1,0,0,0.98044455,0.0012894517,0.0024532299,0.0013084791,0.0028100684,0.0011457425,0.0013091181,0.0011609476,0.0025422513,0.002075685,0.0021678766,0.0012926036
syn-0218,1,2,1,8,8,0.001967108,0.0012868367,0.00048486382,0.0004224929,0.0006718532,0.0023584908,0.0030960178,0.0019115969,0.9818063,0.0013131787,0.003635553,0.0010456801
syn-0219,1,2,1,0,0,0.98137015,0.0013813094,0.0024207246,0.0015297168,0.0020589614,0.0016196523,0.0013077974,0.0015282235,0.0019470071,0.0020039137,0.0016323553,0.0012001023
syn-0226,1,2,1,6,6,0.0008886752,0.0039157574,0.0012612133,0.0021580036,0.0012212166,0.0016724686,0.9802777,0.0017188312,0.0010501875,0.0012218131,0.0018422368,0.0027719466
syn-0240,1,2,1,6,6,0.0026271523,0.003958292,0.001746646,0.003694942,0.019488152,0.0039083576,0.95377874,0.0017637865,0.002597813,0.0026529338,0.0008722854,0.0029108336
syn-0246,1,2,1,8,8,0.0026704632,0.004593283,0.0010359691,0.00049779203,0.0007970246,0.0041063502,0.0032207512,0.0018150777,0.97697234,0.0017583747,0.0009075678,0.0016250402
syn-0253,1,2,1,3,3,0.0009791355,0.00084159843,0.0026145515,0.9843689,0.001954328,0.001703815,0.0017969533,0.0012640058,0.0006459063,0.0017734183,0.0012917714,0.0007655361
syn-0257,1,2,1,4,4,0.003523458,0.005322369,0.0017779889,0.0017693286,0.9516504,0.01906857,0.0020285451,0.0074527897,0.0021083234,0.0016891296,0.0012107083,0.002398394
syn-0259,1,2,1,4,4,0.0035300134,0.0011713447,0.0011610946,0.0024806447,0.97865546,0.00252988,0.0020357955,0.0015608985,0.0012481081,0.0019269821,0.0011892098,0.0025104985
syn-0261,1,2,1,5,5,0.0022795997,0.003597275,0.0013486411,0.0018861671,0.010917927,0.9586286,0.01059753,0.0021805263,0.003463691,0.0010209945,0.00082279916,0.0032562208
syn-0268,1,2,1,6,6,0.0009863686,0.0019105814,0.0010048411,0.0022049798,0.0029445281,0.0019373551,0.98200375,0.0013835515,0.0012523782,0.0011100876,0.001098763,0.0021628593
syn-0275,1,2,1,0,0,0.9805927,0.0011985662,0.002124711,0.001721904,0.002421466,0.0014721035,0.0016414486,0.001496016,0.0019322111,0.0016446576,0.0026734562,0.0010807015
syn-0281,1,2,1,10,8,0.012558478,0.013520235,0.001887502,0.003397857,0.0044970354,0.044236545,0.028366681,0.0022634608,0.5636723,0.0098152375,0.30886695,0.006917694
syn-0285,1,2,1,11,11,0.0013404236,0.0017478153,0.0015813343,0.0013235142,0.002320289,0.0018650875,0.0011359376,0.0009472595,0.0011448469,0.002601596,0.0014394696,0.9825524
syn-0290,1,2,1,0,0,0.97750604,0.0017443661,0.0021503267,0.001536394,0.005111979,0.002151902,0.0013225157,0.0011762697,0.0024527542,0.0015229498,0.001604633,0.0017198396
syn-0292,1,2,1,11,11,0.0016468455,0.002208511,0.0015554,0.0013181184,0.0029726021,0.0017950685,0.0010265517,0.0011024053,0.00073651486,0.0024468384,0.0012938869,0.9818972
syn-0302,1,2,1,10,10,0.0016740127,0.0013897549,0.00096242013,0.0011916261,0.0008530734,0.00046904606,0.0014430011,0.0013193318,0.0010204967,0.0009876515,0.9876116,0.0010778593
syn-0304,1,2,1,1,1,0.0010782562,0.9855661,0.0009991735,0.0009913979,0.0009689052,0.0013006253,0.002392873,0.0012563078,0.0010819478,0.0011377538,0.0014795696,0.0017471941
syn-0306,1,2,1,5,5,0.0029317266,0.004561859,0.0016574479,0.0013330982,0.0052208686,0.9356267,0.004930138,0.0041238125,0.032456104,0.0015239334,0.0018292606,0.0038050674
syn-0313,1,2,1,11,11,0.004060465,0.032000467,0.0049531707,0.0030263343,0.006974865,0.011100825,0.012687023,0.00381818,0.0042678155,0.0094477795,0.015297867,0.8923652
syn-0314,1,2,1,8,8,0.0017778571,0.0032707779,0.00084887014,0.00045905047,0.0005191574,0.0021128368,0.0014074311,0.00092957413,0.98370564,0.0019404758,0.0018416964,0.0011866235
syn-0322,1,2,1,2,2,0.004093378,0.0014875991,0.97793645,0.0034769743,0.0019147841,0.0012918176,0.0011405818,0.0035537845,0.0010746211,0.0012736542,0.0009363863,0.0018199765
syn-0324,1,2,1,7,7,0.00509914,0.005952772,0.0039077383,0.0033019118,0.0034367999,0.0122142965,0.0047274614,0.9173185,0.017607585,0.007019219,0.015141674,0.0042729913
syn-0335,1,2,1,3,11,0.0017292891,0.0025451381,0.0017360573,0.0030688988,0.0073771984,0.002250468,0.0009862819,0.00083541335,0.000696652,0.004233267,0.0021663683,0.9723751
syn-0343,1,2,1,8,8,0.0034556517,0.001537372,0.0009877671,0.00070523634,0.0012389376,0.0041685025,0.0029655334,0.0035023661,0.9596781,0.013850436,0.003948888,0.003961078
syn-0346,1,2,1,6,6,0.0010128723,0.0014374747,0.000909708,0.0025556714,0.0013203898,0.0014558401,0.9850309,0.0016075388,0.0013262051,0.0009312811,0.0013024603,0.0011097101
syn-0348,1,2,1,9,9,0.0033788192,0.0036475817,0.0011974243,0.0020882473,0.0012871602,0.0014450748,0.002289016,0.0023444428,0.0048411167,0.9729845,0.0022131805,0.0022834344
syn-0349,1,2,1,5,5,0.0019140787,0.0030958771,0.0014314803,0.0016850495,0.006288292,0.9709163,0.0016300193,0.0022942103,0.0021295822,0.001365928,0.0010794832,0.006169677
syn-0350,1,2,1,2,2,0.002794388,0.0014037777,0.9809126,0.0031590243,0.0015736925,0.0009596333,0.0011977868,0.0028620877,0.0011434944,0.0012938522,0.00091033883,0.0017893328
syn-0351,1,2,1,11,11,0.0014876403,0.003569317,0.0019886864,0.0014993079,0.0036264106,0.0025472974,0.0017970672,0.001585132,0.0007339225,0.0024134996,0.00126563,0.97748613
syn-0354,1,2,1,8,8,0.0038888347,0.0028820543,0.00081933395,0.00048307478,0.001816441,0.0049970215,0.0021402906,0.001297835,0.976275,0.002152868,0.00090426696,0.0023429147
syn-0356,1,2,1,8,8,0.004060414,0.041889075,0.0016823327,0.00075165136,0.0028367024,0.0034000655,0.006902782,0.001913794,0.9249611,0.004494468,0.003383504,0.0037242263
syn-0357,1,2,1,3,3,0.0013084377,0.0011007395,0.002300623,0.9828099,0.0019620408,0.0018914883,0.001882275,0.0010653115,0.0007110379,0.0025749644,0.0014859154,0.0009072138
syn-0367,1,2,1,4,4,0.003933527,0.002057697,0.0012572309,0.0020277745,0.9771823,0.0026932599,0.0026955623,0.0018726398,0.0019184527,0.0016198434,0.0008362704,0.001905383
syn-0372,1,2,1,1,1,0.0013261633,0.9835581,0.0011222076,0.001039394,0.0015572705,0.0012654338,0.0019753142,0.0012654338,0.0011183785,0.0020039731,0.0011881848,0.0025799638
syn-0378,1,2,1,2,2,0.0024303566,0.0011651019,0.98059547,0.003033687,0.0012009128,0.0011560349,0.0010966517,0.0033283979,0.00096496055,0.0016968695,0.0014606518,0.0018709406
syn-0380,1,2,1,4,4,0.018290695,0.006613139,0.004048457,0.003593746,0.5059616,0.41863847,0.0038517632,0.01253824,0.01013814,0.004334885,0.0036717907,0.008319071
syn-0381,1,2,1,8,8,0.0019796616,0.001108255,0.0007744426,0.0005083881,0.000692175,0.0019487316,0.001793175,0.0014098866,0.98421973,0.0020315617,0.0024708062,0.0010631995
syn-0408,1,2,1,4,4,0.06564342,0.031843994,0.0059876936,0.0063676448,0.7396022,0.015906963,0.020337868,0.004372142,0.066807516,0.016248444,0.013867528,0.013014621
syn-0415,1,2,1,1,11,0.0030379414,0.21781391,0.0033594125,0.00428837,0.0139814345,0.017363045,0.00906519,0.0040050144,0.011936349,0.020363988,0.007961036,0.6868243
syn-0423,1,2,1,9,9,0.0015728939,0.001573662,0.0015992243,0.0040942444,0.0018317302,0.0011995195,0.0017598382,0.0030229632,0.0016355509,0.9780241,0.002015203,0.0016710699
syn-0426,1,2,1,10,10,0.0017118275,0.002692754,0.0016167735,0.0013748206,0.0006680739,0.0020527947,0.0033312268,0.001940702,0.0035186643,0.0024725187,0.971528,0.0070918635
syn-0428,1,2,1,8,1,0.0014267234,0.981011,0.0010043154,0.0008065963,0.0015047145,0.00162619,0.0017459255,0.000903345,0.003931623,0.0015396458,0.0021065024,0.0023933987
syn-0433,1,2,1,5,7,0.0056885416,0.009019523,0.010155787,0.011485561,0.078183554,0.29506168,0.0070107053,0.55992866,0.008382525,0.0058633867,0.004217057,0.005002991
syn-0435,1,2,1,10,10,0.0012840554,0.0011843722,0.00091364916,0.0012796739,0.0008051123,0.0005986009,0.0015606333,0.001176878,0.00083759316,0.0012875084,0.98736805,0.0017037987
syn-0443,1,2,1,7,7,0.007649208,0.0046735844,0.0057150223,0.0040723938,0.007951976,0.026724443,0.0057261954,0.90332866,0.01349543,0.008564615,0.003987781,0.008110794
syn-0447,1,2,1,7,7,0.0019397226,0.0021776962,0.0031136994,0.001876375,0.0018186453,0.0045659384,0.0018745437,0.97293603,0.0030834402,0.0026428849,0.0021692063,0.0018018509
syn-0457,1,2,1,9,9,0.0018872627,0.002601719,0.0015822658,0.0028487223,0.0017250978,0.0011236394,0.0014204131,0.002279254,0.0014011256,0.97762626,0.0022064336,0.0032979264
syn-0458,1,2,1,6,6,0.0008345803,0.0012559157,0.0010260502,0.002316336,0.0011083419,0.0020853675,0.98477757,0.0018224458,0.001228621,0.00089537393,0.0016731871,0.00097619963
syn-0464,1,2,1,4,4,0.010825403,0.0023508943,0.0018099899,0.0023757042,0.971621,0.0019070687,0.0015595471,0.0017959044,0.0010000595,0.0018592565,0.0008170222,0.0020782056
syn-0469,1,2,1,9,9,0.0020986428,0.0014969059,0.0010892933,0.0019173783,0.0015241953,0.0010604291,0.0010562948,0.0015145509,0.001373638,0.9826142,0.0019724553,0.0022819517
syn-0472,1,2,1,8,8,0.0016389781,0.0012410227,0.0006750618,0.00037026478,0.0005303798,0.001971683,0.0014375042,0.001146638,0.98745894,0.0013101412,0.0011091911,0.0011102749
syn-0486,1,2,1,1,1,0.0011856715,0.9757437,0.0014142209,0.00092701596,0.0014197561,0.0011570749,0.003479144,0.001107328,0.00279984,0.003647893,0.0019529337,0.0051654335
syn-0491,1,2,1,10,10,0.0016652818,0.0010563232,0.00095804344,0.00123557,0.0006292213,0.0005723533,0.001865141,0.001043507,0.001274169,0.0023694444,0.9855236,0.0018073153
syn-0499,1,2,1,11,11,0.0015027642,0.0025122056,0.0015787329,0.0011686407,0.002888885,0.001613018,0.0011321326,0.0011151248,0.0008067317,0.003182517,0.001323597,0.9811756
syn-0006,1,2,2,7,7,0.00809328,0.026751501,0.013356598,0.007492373,0.004813877,0.014669355,0.014712395,0.41754544,0.03142876,0.14528964,0.27544218,0.04040462
syn-0013,1,2,2,6,6,0.0007832094,0.0025268425,0.0008805861,0.0014689547,0.001592979,0.00282346,0.9828047,0.0014497158,0.0016907564,0.0007510017,0.0016800583,0.0015477422
syn-0016,1,2,2,9,9,0.003040191,0.0065602204,0.0012045897,0.005679131,0.002124469,0.0024026413,0.0030925937,0.0017004035,0.008244951,0.8842783,0.07445259,0.0072199604
syn-0018,1,2,2,3,6,0.001789948,0.0029699176,0.001593568,0.009452214,0.016078757,0.007329113,0.95291936,0.002040196,0.0014090682,0.0015734652,0.0007303014,0.0021142294
syn-0025,1,2,2,8,8,0.001555165,0.0007645245,0.0006469454,0.000271007,0.0007053454,0.0020157294,0.0016702826,0.0011334857,0.98884517,0.00084956357,0.0008663197,0.0006763396
syn-0026,1,2,2,10,10,0.0017089968,0.0013369931,0.0009079738,0.0013573846,0.0010430323,0.0006642878,0.0044192933,0.0011113869,0.001185957,0.00073673716,0.9841137,0.0014142162
syn-0032,1,2,2,4,4,0.0028840513,0.0030903607,0.001453382,0.0020839076,0.96576124,0.0019943125,0.012252491,0.002653671,0.0017024976,0.0020060325,0.0011978566,0.0029201854
syn-0033,1,2,2,5,5,0.0012814157,0.0020789276,0.0010545785,0.0013754297,0.0018279406,0.9810176,0.0018703755,0.0030222381,0.0024399508,0.0009122161,0.0009649047,0.0021543663
syn-0038,1,2,2,5,5,0.0032037965,0.001232613,0.0012302079,0.004982166,0.003976496,0.97171074,0.0016076304,0.0044269054,0.0015958988,0.0014594821,0.0013269284,0.0032471062
syn-0040,1,2,2,4,4,0.0019225235,0.0016092723,0.001209416,0.001935002,0.9822488,0.0019573332,0.0016108447,0.00215181,0.00078123907,0.0011750716,0.0014334146,0.0019652338
syn-0045,1,2,2,9,9,0.008025623,0.0056653726,0.0027963582,0.008428252,0.0042618555,0.0019867916,0.005577539,0.0018518934,0.0075883097,0.6278997,0.31882617,0.007092104
syn-0049,1,2,2,8,8,0.002136138,0.001990826,0.00052670407,0.000384593,0.0014804275,0.0013725184,0.0025995,0.0009262017,0.9844535,0.0020413988,0.001222831,0.00086542516
syn-0050,1,2,2,4,4,0.0017775777,0.0029932573,0.0015610659,0.0038977829,0.975897,0.0017111502,0.0025058687,0.0030351446,0.00091278745,0.0014643391,0.001060922,0.0031830254
syn-0053,1,2,2,10,10,0.0016979672,0.0011048884,0.0009875182,0.0011897212,0.00088650314,0.00090974435,0.0020654635,0.0014615967,0.0010349102,0.0008067764,0.9865144,0.0013405817
syn-0059,1,2,2,3,3,0.0011726232,0.00095519976,0.003393926,0.98163915,0.0016264371,0.0021602756,0.0016200962,0.0015215679,0.000585901,0.0032258811,0.0013011482,0.0007977096
syn-0077,1,2,2,2,2,0.0021912293,0.0011791971,0.98281384,0.0027271537,0.0014653865,0.0010472644,0.0013206381,0.0023211897,0.0009978439,0.001085797,0.0011671674,0.0016833585
syn-0079,1,2,2,1,1,0.0018444693,0.9081507,0.0011154545,0.0025483188,0.0046358635,0.040292926,0.015071079,0.0017091904,0.007967146,0.0033497019,0.005263391,0.008051718
syn-0083,1,2,2,0,0,0.96985203,0.0013604393,0.0020592841,0.0019939784,0.005067619,0.0083867675,0.0014008854,0.0012290544,0.0030478858,0.0018450292,0.0015206467,0.0022364233
syn-0085,1,2,2,3,1,0.007089984,0.60131127,0.0059354845,0.31686878,0.017920211,0.007347261,0.00914828,0.002892724,0.0018713345,0.017288482,0.0061089643,0.006217298
syn-0090,1,2,2,5,5,0.006375887,0.0034186037,0.0009922022,0.0015397574,0.006418838,0.9508972,0.008512925,0.0050038416,0.009209163,0.0011588696,0.0014074519,0.0050652693
syn-0091,1,2,2,4,4,0.0015813336,0.0012439332,0.0014689357,0.0026322817,0.9820724,0.0017114999,0.0017376036,0.0026293914,0.0006387605,0.0011074581,0.0010044209,0.0021720063
syn-0095,1,2,2,11,11,0.0013418013,0.003196105,0.0024909528,0.0019164187,0.0036340612,0.0022869431,0.0037977856,0.0016854629,0.0012217239,0.004032371,0.009386997,0.96500945
syn-0100,1,2,2,2,2,0.0022876668,0.001239993,0.98327315,0.0022535748,0.0015817216,0.0009516645,0.0012094956,0.0022097172,0.0010836555,0.0011546724,0.0010498022,0.0017048296
syn-0101,1,2,2,3,3,0.0012403195,0.0011443108,0.0032132186,0.98257196,0.0026781983,0.001766727,0.0014437218,0.0011668802,0.0005140213,0.0021862488,0.0011674502,0.0009069941
syn-0103,1,2,2,11,11,0.0026094797,0.053760633,0.0020562208,0.0018199323,0.004782024,0.0033408364,0.0031476333,0.0020926846,0.0014326724,0.009942289,0.0057233325,0.9092922
syn-0107,1,2,2,10,10,0.0014833494,0.0008794994,0.0009123046,0.0014088716,0.0011668555,0.000585301,0.003389623,0.0010760077,0.0011892888,0.0009239605,0.9854338,0.0015511248
syn-0128,1,2,2,2,2,0.0023230128,0.0012432673,0.98298556,0.0028498652,0.0013234513,0.0010525743,0.0011921407,0.0019988988,0.000907819,0.0012684079,0.0011420009,0.0017130913
syn-0149,1,2,2,8,8,0.0017507409,0.0018113041,0.00061159296,0.00033284223,0.0008549372,0.0017437025,0.0012555204,0.0007592839,0.98639214,0.0016305259,0.0014598108,0.0013975599
syn-0158,1,2,2,1,1,0.00096669694,0.9866866,0.0008914331,0.0009610493,0.00083171885,0.0010452487,0.0023054373,0.0010529323,0.0010386348,0.0011307353,0.001345078,0.0017444893
syn-0163,1,2,2,4,4,0.0029756157,0.0019046229,0.001608559,0.0011251505,0.97417283,0.0024999147,0.0018424218,0.003769805,0.005915552,0.0013505799,0.00075834687,0.0020765539
syn-0166,1,2,2,5,5,0.0059598577,0.0024584932,0.0012087511,0.002578996,0.019037746,0.9538306,0.003053674,0.0028435588,0.0023072863,0.0010835173,0.0018988487,0.0037387006
syn-0171,1,2,2,6,6,0.0016060355,0.0030667526,0.0010968265,0.0014802718,0.0027780307,0.003601298,0.9740703,0.0012748286,0.0075690052,0.001120646,0.00085504394,0.0014809949
syn-0177,1,2,2,8,8,0.0012365105,0.0012204647,0.00059025025,0.0003078669,0.0007494324,0.0013582067,0.0018723798,0.00087531994,0.98940885,0.0007679543,0.00093496346,0.0006777172
syn-0179,1,2,2,1,1,0.0011385052,0.9847733,0.00077563524,0.00073077966,0.0010627591,0.0015230756,0.001975101,0.00074664986,0.002170217,0.0014827171,0.0010690045,0.0025523847
syn-0181,1,2,2,10,10,0.0053747706,0.008768957,0.0022068787,0.0040650214,0.0033454283,0.0031091603,0.04119583,0.0017103471,0.31807345,0.004072969,0.60359734,0.004479838
syn-0191,1,2,2,4,4,0.002219159,0.0017156708,0.0013283594,0.0026920543,0.9794312,0.0012207581,0.0025261738,0.0016507502,0.0008252,0.0020609223,0.0017975686,0.0025321944
syn-0192,1,2,2,5,5,0.00130092,0.0015463901,0.0012125908,0.0021209016,0.0015577578,0.97907364,0.0020336844,0.0036458492,0.0018494315,0.000920241,0.0012757579,0.0034627935
syn-0194,1,2,2,1,1,0.0012062128,0.9830015,0.0010955912,0.0008273996,0.0013234726,0.0016636581,0.0027449182,0.001085474,0.0031981843,0.0014699664,0.0007864322,0.0015971925
syn-0196,1,2,2,4,4,0.014494764,0.0014302789,0.0019857455,0.0020739427,0.9696279,0.0014713639,0.0015040515,0.0021628863,0.0013240841,0.0010960975,0.00084452075,0.0019842917
syn-0197,1,2,2,11,11,0.0047973795,0.004385294,0.001688052,0.0016321264,0.00881458,0.0036978617,0.0015242833,0.0012011065,0.0026608703,0.0046565956,0.001277323,0.9636644
syn-0203,1,2,2,8,8,0.0012825303,0.0010618281,0.00058797415,0.00033241042,0.0007382053,0.0017609466,0.0015727322,0.00091022765,0.9889681,0.00095088757,0.0009462559,0.0008878407
syn-0208,1,2,2,8,8,0.0012546252,0.0010397399,0.0004596953,0.00034801426,0.00072214357,0.001439928,0.0025809312,0.0006823777,0.9879776,0.00091332087,0.001831048,0.0007505439
syn-0210,1,2,2,0,0,0.9333003,0.004435348,0.0028413902,0.002680995,0.035976563,0.004612595,0.001517178,0.0023648147,0.0029618007,0.0018211519,0.0013599895,0.0061278753
syn-0224,1,2,2,8,8,0.0052098064,0.0041297944,0.00088144676,0.000750269,0.002979713,0.003623294,0.022688454,0.0011340128,0.94978076,0.0010959075,0.0055019804,0.00222463
syn-0239,1,2,2,6,6,0.0008114309,0.002240159,0.0010024728,0.0015856047,0.0017040152,0.0015848307,0.9830435,0.0013782701,0.0009826034,0.0010988528,0.0032562308,0.0013119476
syn-0242,1,2,2,0,0,0.9816668,0.0015595974,0.0022526416,0.0012301339,0.0036729497,0.0013398696,0.0010583726,0.0008718698,0.002086916,0.0017950856,0.0013662961,0.0010994592
syn-0243,1,2,2,10,10,0.0019569814,0.0017766391,0.0009570221,0.0014130062,0.0007719985,0.001231243,0.0020601829,0.0010019714,0.0029615408,0.0016890839,0.98015594,0.0040242975
syn-0250,1,2,2,11,11,0.0014464982,0.0022510714,0.0018045965,0.0010972186,0.002269558,0.00188705,0.0010999006,0.0014240724,0.00097303157,0.0025565652,0.0030456472,0.98014474
syn-0260,1,2,2,11,11,0.006166378,0.030619921,0.0038101417,0.0049693617,0.00874709,0.014726611,0.039605778,0.005018128,0.0041237706,0.008109511,0.08748396,0.78661937
syn-0262,1,2,2,10,10,0.001436583,0.0010695345,0.00087335485,0.0009337759,0.00074229314,0.00061238516,0.0019134127,0.0010575901,0.0011335211,0.0010898304,0.98766977,0.0014679601
syn-0265,1,2,2,3,3,0.0024036618,0.0010596105,0.0025264067,0.9605171,0.010147008,0.009109052,0.0024367499,0.0016637488,0.00076919486,0.0046490426,0.002864192,0.0018542343
syn-0271,1,2,2,2,2,0.0038112963,0.0015378366,0.96655285,0.0062417183,0.0015393391,0.0016418216,0.0016458348,0.0028257535,0.0013478904,0.007318718,0.0027867027,0.002750205
syn-0274,1,2,2,9,9,0.0018505292,0.0015088838,0.002380772,0.0031906047,0.0016314923,0.0011191193,0.0010370397,0.0027779734,0.0019064767,0.9736936,0.005460296,0.0034433447
syn-0279,1,2,2,0,0,0.9820649,0.0011392614,0.0022737265,0.0010929452,0.0022346533,0.0012809059,0.0008747824,0.0013608568,0.002717145,0.0015092761,0.0018806185,0.0015709321
syn-0280,1,2,2,0,0,0.9824979,0.0010479506,0.0025333103,0.001286486,0.0029223252,0.001125935,0.0013131417,0.0009621232,0.0018759436,0.001475684,0.0016939467,0.0012653049
syn-0282,1,2,2,7,7,0.0025099837,0.0044386247,0.0037716134,0.002389203,0.011594719,0.02050897,0.0033693162,0.9355875,0.006520742,0.003935285,0.0020666735,0.0033073763
syn-0286,1,2,2,8,8,0.0016620734,0.0027695533,0.0008879079,0.00053174957,0.0009268918,0.0024530517,0.0055058976,0.00096428563,0.97943133,0.0028241777,0.0011301199,0.00091296725
syn-0288,1,2,2,9,9,0.0012807847,0.0018463222,0.0010659636,0.002107022,0.001037211,0.0008653538,0.0014156242,0.0015924064,0.002712911,0.9810135,0.0034158623,0.0016469709
syn-0295,1,2,2,10,10,0.002066509,0.0016089078,0.0008338757,0.0015326092,0.0009677852,0.00068760413,0.0033762532,0.00051801803,0.001095039,0.0016430457,0.9834659,0.0022043658
syn-0298,1,2,2,7,7,0.0020759748,0.0012079529,0.0030091174,0.0021066088,0.0031581507,0.007660636,0.0024937324,0.9691574,0.0039849733,0.001455647,0.0019416467,0.0017481463
syn-0305,1,2,2,1,1,0.00078809116,0.98651916,0.0009240752,0.0008533789,0.000851298,0.0010079839,0.0019240583,0.001056358,0.00094645104,0.0014781108,0.0015761319,0.0020749106
syn-0318,1,2,2,11,11,0.002754947,0.003948206,0.001637041,0.002385372,0.0053889877,0.0019055025,0.0040329644,0.0007785876,0.0013153993,0.00767755,0.010067341,0.95810807
syn-0326,1,2,2,1,1,0.0019504672,0.959403,0.0011200593,0.00094595173,0.0035378812,0.0037076678,0.0049359417,0.002248265,0.0076691797,0.003373398,0.0034089987,0.007699196
syn-0328,1,2,2,10,10,0.0019268187,0.0010631166,0.0008513235,0.001168746,0.0007447161,0.00070302037,0.001614838,0.0009345395,0.0015021658,0.0009656184,0.9875125,0.0010124536
syn-0332,1,2,2,6,6,0.0007898905,0.0018063124,0.00085909426,0.0019831196,0.0016374544,0.0019008721,0.9853976,0.0010618763,0.0011811431,0.00069435826,0.0015921204,0.0010961189
syn-0338,1,2,2,8,8,0.003160939,0.0030419682,0.000777674,0.0006009399,0.001202722,0.002168828,0.007881121,0.00096877664,0.97110534,0.0037565588,0.003831118,0.0015041382
syn-0355,1,2,2,5,5,0.0062689553,0.0021436065,0.0016982182,0.0019205784,0.006647252,0.9474728,0.0037842551,0.001791925,0.006926407,0.0014986722,0.0127582885,0.0070889313
syn-0366,1,2,2,9,9,0.004327042,0.0015863982,0.0058565307,0.007958649,0.0021577876,0.002781498,0.003638401,0.0022514262,0.0017645779,0.9551389,0.007661235,0.0048775114
syn-0369,1,2,2,6,5,0.0028826075,0.04535655,0.0011795587,0.00361207,0.0058686966,0.7709029,0.14484836,0.0057495693,0.0085482905,0.0027291977,0.003679717,0.004642522
syn-0370,1,2,2,9,9,0.002540697,0.0019561218,0.001640798,0.0023838524,0.0013503428,0.0013972949,0.0012611186,0.0020540059,0.0023446032,0.9654787,0.009120408,0.00847215
syn-0391,1,2,2,0,0,0.9827237,0.00081116694,0.001966424,0.0012435432,0.0029325574,0.001971712,0.0009614051,0.0009774991,0.002041266,0.0012943437,0.0018182009,0.0012582015
syn-0392,1,2,2,1,1,0.0010145548,0.985704,0.0010037145,0.0009489068,0.0012065799,0.0009591551,0.0019955155,0.0008535068,0.00095169083,0.0020479565,0.0012279766,0.0020864378
syn-0396,1,2,2,3,3,0.0014946612,0.0008110476,0.0033831054,0.9797046,0.0029464778,0.00275902,0.0019690166,0.0017040421,0.000614007,0.0018443089,0.001756418,0.0010133155
syn-0407,1,2,2,6,6,0.00121467,0.0059555057,0.0011946709,0.0061056735,0.0025002635,0.0034207944,0.97169566,0.0009168809,0.0016321245,0.0018621252,0.0015718996,0.0019296969
syn-0411,1,2,2,2,2,0.002682652,0.001338098,0.9779783,0.0043004933,0.0014985986,0.0014334683,0.001262563,0.002728226,0.00090939,0.0033234677,0.0009076156,0.0016370722
syn-0414,1,2,2,5,4,0.002697099,0.0037054461,0.0019228297,0.0032836453,0.8945994,0.07517461,0.0022491135,0.0060628154,0.0027949698,0.002735562,0.0015181154,0.003256501
syn-0420,1,2,2,2,2,0.0019391916,0.0010453495,0.98245484,0.0027346984,0.0015823357,0.0008457235,0.001283293,0.0031533875,0.0009578625,0.0012870581,0.0009911677,0.0017251738
syn-0430,1,2,2,1,1,0.002887419,0.8931353,0.0021859328,0.007093631,0.007266951,0.0610165,0.0070360657,0.0021944887,0.0014307727,0.0020960416,0.004657089,0.008999813
syn-0431,1,2,2,3,3,0.0016497337,0.0009290388,0.0022981302,0.9826592,0.0024016674,0.0017870568,0.0019426753,0.0011075789,0.00057685334,0.0024372558,0.0015190641,0.0006917528
syn-0432,1,2,2,6,6,0.0011729044,0.0015534667,0.0011126547,0.0018996332,0.0012309953,0.002293354,0.98475534,0.0013467128,0.0012894421,0.0007180331,0.0012812831,0.0013460555
syn-0477,1,2,2,7,5,0.016733443,0.04691865,0.022179037,0.021298151,0.02493656,0.39409384,0.02330025,0.24952468,0.08156447,0.018878331,0.014926701,0.085645944
syn-0485,1,2,2,10,10,0.00199636,0.0012212445,0.00094832375,0.0011664582,0.0010159137,0.0005408665,0.0028820822,0.0008978549,0.0019371392,0.00075422606,0.9855795,0.0010599999
syn-0488,1,2,2,10,10,0.0020703296,0.0010778819,0.0008665255,0.0018011505,0.0018871288,0.0005572897,0.004467696,0.0007691999,0.0027637468,0.0012607871,0.98042506,0.0020532156
syn-0489,1,2,2,11,11,0.002208566,0.012276361,0.0017166769,0.0029287336,0.008626961,0.0072394,0.013384554,0.0013793886,0.0019150915,0.0034745622,0.018357154,0.9264925
syn-0498,1,2,2,7,7,0.0027543623,0.00164591,0.0046764715,0.0023959544,0.003223322,0.0053737233,0.0027162982,0.96565354,0.0051792264,0.002122698,0.002230006,0.0020284618
syn-0003,1,2,3,2,2,0.0023490055,0.0009440576,0.9830639,0.0023826498,0.0016544475,0.0011031764,0.00096455956,0.0023764044,0.001251284,0.0010999491,0.0011227396,0.0016879024
syn-0010,1,2,3,9,9,0.002274868,0.004209739,0.0011127498,0.0024681406,0.0010161428,0.0019924275,0.0014705593,0.001000389,0.006447356,0.9728907,0.0022412406,0.002875703
syn-0020,1,2,3,6,6,0.001081668,0.001174713,0.0011604603,0.001571514,0.0011165488,0.0042655645,0.98194903,0.0012676892,0.0031846368,0.00086956914,0.001213779,0.0011447027
syn-0024,1,2,3,2,2,0.0028051764,0.0010991936,0.9771262,0.003529772,0.0017642423,0.0012084076,0.0013867996,0.0030520607,0.0012932706,0.0031084602,0.0016095013,0.0020167965
syn-0027,1,2,3,4,4,0.0035314588,0.0014125869,0.002234825,0.0018111424,0.96986896,0.00679193,0.0020553018,0.0039136317,0.0042172056,0.001104969,0.00079899427,0.0022589616
syn-0043,1,2,3,9,9,0.0022006945,0.0017294547,0.0012839672,0.0023063081,0.001239612,0.0009042664,0.0010306896,0.0028451306,0.003063952,0.9658432,0.015086825,0.0024658646
syn-0044,1,2,3,2,2,0.0023571409,0.0010924321,0.9806456,0.0031926623,0.0016208289,0.0010660843,0.0010791777,0.003540648,0.0011085522,0.0013113059,0.0013222361,0.0016633216
syn-0052,1,2,3,4,4,0.044919908,0.0020968327,0.0033165468,0.00330523,0.9022405,0.02679672,0.0017726211,0.0066175153,0.0024466624,0.0022849988,0.0014355122,0.002767022
syn-0056,1,2,3,8,8,0.0013348403,0.001093195,0.0007298268,0.00029201104,0.0006577358,0.0011395216,0.0015905894,0.0010390673,0.9892687,0.00082579156,0.0012863702,0.00074240664
syn-0057,1,2,3,8,8,0.001798773,0.0022488802,0.0006530648,0.000438447,0.0008770801,0.0032074426,0.0025496765,0.0011472844,0.9769818,0.0013276278,0.0070900097,0.0016799186
syn-0061,1,2,3,4,4,0.0023243157,0.0010762989,0.0016580749,0.0021704712,0.9785073,0.0038102258,0.0020544592,0.0021499032,0.0011323662,0.0010032209,0.0013779523,0.0027353722
syn-0064,1,2,3,6,6,0.00094508525,0.0017851565,0.0010349366,0.0017197047,0.0018053177,0.001644162,0.98221374,0.0009904408,0.0017834142,0.0009952888,0.0036557564,0.0014270784
syn-0070,1,2,3,2,2,0.0021405178,0.0009407332,0.98247623,0.0029984154,0.0017105325,0.0009162529,0.0010241523,0.0027873348,0.0011100795,0.0011979401,0.0010628719,0.0016349931
syn-0072,1,2,3,0,0,0.9801082,0.0011199106,0.003308015,0.0015533243,0.002808933,0.0017817649,0.0010216838,0.0019237272,0.0018948276,0.001994995,0.0013189331,0.0011656606
syn-0074,1,2,3,5,5,0.031066269,0.046864267,0.0026361663,0.0055535813,0.0044320268,0.8274504,0.013599211,0.0040275324,0.034826566,0.0152146,0.0077632717,0.0065661217
syn-0075,1,2,3,7,7,0.0027984416,0.001288749,0.0031544485,0.0019308667,0.0041917376,0.0048352736,0.0012700085,0.9703875,0.0021123744,0.0019318095,0.0029898547,0.003108957
syn-0081,1,2,3,10,10,0.032527167,0.007861927,0.0070336345,0.021235706,0.035837665,0.014695186,0.061058737,0.0020913563,0.26188123,0.04031797,0.47792485,0.03753463
syn-0097,1,2,3,10,10,0.0020272196,0.0014047283,0.001012282,0.0020426207,0.00078337756,0.001075466,0.0036099413,0.0009375803,0.003199793,0.001688232,0.9810977,0.0011210412
syn-0102,1,2,3,1,1,0.0012786159,0.9817462,0.0013432533,0.0010746017,0.0014716779,0.0018066627,0.0022558507,0.0016733392,0.0031808713,0.0015528844,0.000908447,0.0017075931
syn-0105,1,2,3,4,4,0.015967837,0.0012349199,0.0017672146,0.0029907601,0.9612483,0.0050012497,0.0014437677,0.0022361511,0.0014780057,0.001781075,0.001433932,0.0034168067
syn-0120,1,2,3,3,3,0.0019187478,0.0020544995,0.0028440454,0.9535281,0.005879936,0.0011966247,0.0042113154,0.0015410046,0.0009210749,0.015762439,0.008976783,0.0011654854
syn-0121,1,2,3,9,9,0.0020307838,0.003976567,0.0016753783,0.002173931,0.0010072764,0.0012671143,0.0010453579,0.0011380545,0.00333321,0.9786325,0.001238971,0.0024808892
syn-0135,1,2,3,0,0,0.97896224,0.0009633534,0.0028606355,0.0013420628,0.0033933588,0.0014935286,0.0010214862,0.001487706,0.0033714755,0.0014898868,0.002456108,0.0011580609
syn-0136,1,2,3,6,6,0.0038137988,0.008399537,0.0023588096,0.0059069274,0.0048376005,0.0094375145,0.9071479,0.0021645653,0.0036178918,0.041364163,0.007679674,0.0032716861
syn-0139,1,2,3,1,1,0.001108439,0.98486394,0.0011297491,0.0011100639,0.0010965957,0.0014449712,0.0020342567,0.0014821297,0.0012764285,0.0014944838,0.0012492978,0.0017096734
syn-0147,1,2,3,0,0,0.97773254,0.0009012058,0.0026705437,0.0016097139,0.0037244665,0.0016120737,0.0011303653,0.0016820306,0.0025597862,0.0033222777,0.0017456224,0.0013093273
syn-0156,1,2,3,6,6,0.0013097055,0.0014106083,0.0011535558,0.0018907805,0.0011323493,0.002896142,0.9823223,0.00137323,0.0029593133,0.0008682023,0.001433522,0.0012503401
syn-0159,1,2,3,11,11,0.0013220748,0.0021826618,0.0015061751,0.0011920645,0.00232088,0.0025200606,0.0013363534,0.00084612623,0.0009220561,0.0014190719,0.0015098569,0.9829227
syn-0160,1,2,3,5,5,0.0026797247,0.0025149111,0.0017811635,0.004743423,0.001499158,0.9674174,0.002940947,0.0069050104,0.0037287269,0.0012081414,0.0030040815,0.0015772531
syn-0168,1,2,3,1,1,0.002383678,0.9467353,0.0017035377,0.0039156545,0.001049519,0.008325948,0.010589422,0.0016869826,0.0043660956,0.0047387737,0.011970128,0.002534935
syn-0169,1,2,3,4,4,0.007440186,0.0014729499,0.001791526,0.0028260453,0.9706731,0.0029303832,0.0022263264,0.0019061388,0.0012458109,0.0021285291,0.0012617277,0.0040973416
syn-0172,1,2,3,10,10,0.0019692525,0.0010286424,0.00076516904,0.001394365,0.0010256332,0.0008097596,0.002918193,0.00049403025,0.001482483,0.0010402597,0.9848583,0.0022140902
syn-0175,1,2,3,11,11,0.008572109,0.00966144,0.004841501,0.008883169,0.007993986,0.01699988,0.024569167,0.0028684943,0.0049466426,0.008381718,0.36201218,0.54026973
syn-0182,1,2,3,6,6,0.0009793222,0.0011963806,0.0012747848,0.002169541,0.001127193,0.0016908784,0.9845567,0.0014911024,0.0022109817,0.000876146,0.0013451268,0.0010818959
syn-0183,1,2,3,4,4,0.012647433,0.0034711482,0.004655003,0.0085843615,0.6241433,0.32002887,0.0035953512,0.007898155,0.0040661176,0.002336115,0.0025013955,0.006072751
syn-0185,1,2,3,7,7,0.01982206,0.0070613055,0.08510516,0.012606591,0.019773724,0.0068909973,0.005802801,0.7181656,0.017889168,0.0915724,0.005135979,0.010174293
syn-0188,1,2,3,10,10,0.0023715324,0.0013164165,0.0010464684,0.0017589343,0.00097636884,0.0009542171,0.0052141603,0.00059888576,0.0011697023,0.0013286861,0.97919387,0.0040707183
syn-0189,1,2,3,10,10,0.041666623,0.0062166713,0.008784052,0.085358806,0.12732793,0.1472709,0.0632477,0.0032346293,0.12857747,0.019679518,0.312382,0.056253675
syn-0200,1,2,3,5,5,0.0030411256,0.0033498227,0.0021090992,0.0048223278,0.0025727912,0.94136894,0.0026687558,0.03046782,0.003487519,0.0020774144,0.0016676203,0.002366697
syn-0202,1,2,3,10,10,0.0061323196,0.0024516569,0.0014841036,0.0025012323,0.0014272485,0.0012388045,0.0034071144,0.0019112178,0.028499572,0.023673167,0.923716,0.0035575728
syn-0205,1,2,3,2,2,0.0022404117,0.0011904549,0.98159546,0.0027976134,0.0013365053,0.0012180909,0.0010536553,0.0025285133,0.0011835,0.0020186151,0.0010833923,0.0017538032
syn-0221,1,2,3,11,11,0.0047733434,0.006027446,0.0019342637,0.003317719,0.0059506833,0.016330386,0.009506843,0.0010313003,0.0056726392,0.0023699093,0.007317679,0.93576777
syn-0241,1,2,3,1,1,0.00180839,0.97933185,0.0015235608,0.001736566,0.0035229796,0.0016170776,0.0025009126,0.0016281697,0.0013327722,0.0018199056,0.0010060292,0.0021717697
syn-0247,1,2,3,3,3,0.0056362976,0.0013325424,0.0068319505,0.89066786,0.06364366,0.0071020722,0.0057890066,0.003119506,0.0018284982,0.005473567,0.0045024334,0.0040725777
syn-0249,1,2,3,8,8,0.002043362,0.00095181883,0.0007514815,0.00033559132,0.0010838313,0.002791411,0.0010753967,0.0022536651,0.9848742,0.0017072927,0.001366083,0.00076592906
syn-0258,1,2,3,3,5,0.007901951,0.010582735,0.005285726,0.07851206,0.026388284,0.8293764,0.010651425,0.007417761,0.0044859373,0.0111544235,0.0030801275,0.0051632826
syn-0273,1,2,3,0,0,0.9760996,0.0017684229,0.0023565472,0.0020554168,0.003317792,0.002869733,0.0013052272,0.0018889215,0.0022398664,0.0016907398,0.0024618146,0.0019460297
syn-0276,1,2,3,6,6,0.0012227787,0.0021502387,0.001396457,0.0026038345,0.0026467766,0.0031739702,0.9734177,0.0020963303,0.0019530407,0.0012347782,0.0051217633,0.002982397
syn-0289,1,2,3,8,8,0.066393435,0.05968931,0.007921825,0.002917124,0.013422943,0.3411482,0.011447664,0.03212929,0.44147855,0.00880298,0.004933205,0.009715507
syn-0291,1,2,3,1,1,0.0008370513,0.98384273,0.0010180926,0.0009935377,0.0009383689,0.001359332,0.0029708669,0.001412102,0.0009002201,0.001691303,0.0018466808,0.0021897778
syn-0293,1,2,3,0,0,0.48317957,0.005619748,0.008755186,0.0042378674,0.023395794,0.033660527,0.011250118,0.009033105,0.39900824,0.010341346,0.003631927,0.007886512
syn-0296,1,2,3,3,3,0.0014918298,0.0011343701,0.0028349725,0.9745121,0.0052580964,0.003975808,0.0017820024,0.0014881919,0.0007071032,0.0043793824,0.0013139662,0.0011222498
syn-0297,1,2,3,11,11,0.0018921518,0.0037118958,0.0018116855,0.0014303648,0.0038781802,0.0030031425,0.0012463686,0.0012809192,0.0011058402,0.0016870282,0.0016608734,0.9772915
syn-0299,1,2,3,1,1,0.0013776363,0.9830714,0.0010257739,0.0013444099,0.0013372082,0.0025500741,0.0020088581,0.0014123735,0.0014664864,0.00192766,0.0010629967,0.0014151346
syn-0301,1,2,3,3,3,0.0014364354,0.0014936565,0.0033013055,0.9747531,0.0075116972,0.002105365,0.002760786,0.0010463105,0.0006963127,0.0025284193,0.0014951159,0.00087166764
syn-0307,1,2,3,3,9,0.035428982,0.010479582,0.0064311125,0.15550756,0.11421706,0.023035266,0.04579992,0.0048829853,0.07356425,0.4701913,0.026191747,0.03427012
syn-0312,1,2,3,11,11,0.0026334089,0.0024666218,0.0014436938,0.0017177805,0.0025818439,0.0048881285,0.0024390756,0.0012145253,0.0062665287,0.0022121454,0.0033983297,0.96873784
syn-0321,1,2,3,9,9,0.0015405362,0.0024879014,0.0012139132,0.0027474554,0.00088336057,0.0008688164,0.0013260813,0.0013170472,0.0022308212,0.9820577,0.0014486138,0.0018778519
syn-0329,1,2,3,8,8,0.0021369767,0.0012153852,0.0010554295,0.00046447245,0.0017589022,0.0016366778,0.002135412,0.0018343352,0.9808508,0.0023899428,0.0023759804,0.0021456026
syn-0336,1,2,3,0,0,0.9750302,0.0009137596,0.00314008,0.0015257827,0.0034487555,0.0046871374,0.0010104524,0.0021781253,0.0030306792,0.0019278283,0.0017587395,0.0013484724
syn-0341,1,2,3,8,8,0.0014234978,0.00087048544,0.00076259475,0.00031129178,0.0007258986,0.001789612,0.0014956419,0.0012067802,0.98876035,0.001263152,0.00067397405,0.00071674143
syn-0352,1,2,3,8,8,0.0013299516,0.0012184969,0.0007864327,0.00029458676,0.00070495374,0.0012513581,0.0013499062,0.001325899,0.98926175,0.000971352,0.000844956,0.00066030544
syn-0364,1,2,3,4,4,0.022347115,0.01045217,0.007236472,0.012466925,0.44989607,0.27075222,0.039484616,0.0036996393,0.07474592,0.007778779,0.038626492,0.062513575
syn-0368,1,2,3,9,9,0.0051419092,0.0019357516,0.00189091,0.0035988446,0.0059614433,0.0017505146,0.002362486,0.0013659674,0.007096261,0.95589125,0.0036608768,0.009343813
syn-0379,1,2,3,3,4,0.014254322,0.0033137347,0.037628558,0.40178913,0.42354584,0.0072768405,0.011512542,0.004524917,0.0056533907,0.07942662,0.0035516482,0.0075225104
syn-0385,1,2,3,5,4,0.0060621356,0.0022301353,0.002584477,0.002173162,0.9498095,0.023159249,0.0019546794,0.0049890126,0.0020355245,0.0016244474,0.0008763236,0.0025012942
syn-0386,1,2,3,10,10,0.0024305817,0.0010267261,0.0012246374,0.0009560799,0.001332906,0.00081937725,0.0011927692,0.0023547944,0.001389391,0.0012827825,0.983984,0.0020059426
syn-0388,1,2,3,5,5,0.00837239,0.0054201577,0.0068517216,0.028302694,0.00848557,0.8821923,0.010667353,0.025160648,0.0070485384,0.0051116957,0.0065860194,0.005800801
syn-0401,1,2,3,11,11,0.0020947757,0.0042217597,0.0026858079,0.0022440765,0.0042191837,0.0047337776,0.0026701165,0.00095905806,0.002274968,0.0070796167,0.0016906128,0.9651262
syn-0409,1,2,3,10,10,0.001562887,0.0015125845,0.00088627666,0.0012670556,0.00062235683,0.0003971424,0.0015844014,0.00097624044,0.0009877481,0.0026183017,0.9862623,0.0013226861
syn-0413,1,2,3,9,9,0.0021551808,0.0034806333,0.0019961386,0.0016532416,0.0016572828,0.0013407985,0.0013996665,0.002203598,0.0024763625,0.9775624,0.0010700221,0.0030046168
syn-0417,1,2,3,7,11,0.019484008,0.01981985,0.016160702,0.008106295,0.082351804,0.012240502,0.049270645,0.049693465,0.122184426,0.017740393,0.15688792,0.44606
syn-0418,1,2,3,0,0,0.9750275,0.0011917638,0.0031444824,0.0019353685,0.006256604,0.0014694778,0.0014594669,0.0014781134,0.00226378,0.0015198301,0.002385198,0.0018685103
syn-0440,1,2,3,1,1,0.0016500185,0.9766099,0.0011942809,0.0010721158,0.0022613727,0.0031743727,0.0026063214,0.0015163617,0.004762844,0.0017598694,0.0008148266,0.0025778443
syn-0452,1,2,3,10,10,0.0024300963,0.0011725386,0.0017696685,0.0043682246,0.0014678232,0.0011210315,0.014076725,0.001835677,0.006961682,0.0025579354,0.9611741,0.0010644853
syn-0453,1,2,3,1,1,0.0020601454,0.9528861,0.0018004039,0.0017986465,0.002718609,0.0023944827,0.007862716,0.0029352147,0.0024085543,0.0022837159,0.014582292,0.0062690866
syn-0456,1,2,3,11,11,0.0017099152,0.00283159,0.0017199637,0.003410758,0.008658263,0.007101258,0.0017867335,0.0011995562,0.000898426,0.0014965209,0.002055514,0.96713144
syn-0459,1,2,3,5,8,0.010653648,0.019660348,0.0031107184,0.0024108295,0.03018408,0.0374914,0.011386872,0.0033145782,0.8692809,0.00556716,0.0024179032,0.0045216507
syn-0460,1,2,3,8,8,0.0013409086,0.0014119663,0.00062190805,0.00037720628,0.000817882,0.0013018763,0.0024608953,0.0011885595,0.9874779,0.0013600313,0.0009381642,0.00070265256
syn-0461,1,2,3,2,2,0.0022436734,0.0010926786,0.9823048,0.0027305703,0.0017119049,0.000863958,0.0010457003,0.0027285293,0.001191897,0.0011803141,0.0010689314,0.0018370544
syn-0468,1,2,3,6,6,0.0010922161,0.0011126711,0.0012316145,0.002215243,0.0014413102,0.0015342665,0.98332834,0.0013874486,0.002788731,0.0010012955,0.0016436183,0.001223224
syn-0476,1,2,3,7,7,0.004210279,0.0015142888,0.004506231,0.0023741818,0.0033917376,0.019089254,0.0018937873,0.9415835,0.013391677,0.0033661646,0.0034501997,0.0012287059
syn-0487,1,2,3,6,6,0.0013191778,0.0016594742,0.0013153186,0.0014460064,0.0012905081,0.0026439133,0.9812478,0.0016938577,0.0043338733,0.0007549552,0.00080679107,0.0014882695
syn-0490,1,2,3,7,7,0.0036117346,0.004880781,0.0032186238,0.0027557246,0.005739919,0.0060974453,0.0019445831,0.959315,0.0028238308,0.0046822126,0.0016295271,0.003300587
syn-0493,1,2,3,8,8,0.0015185409,0.00071678276,0.0008134119,0.00037368215,0.00095004664,0.0017062997,0.0019987663,0.0014949982,0.9878522,0.0010632228,0.00093989563,0.0005720274
syn-0008,1,2,4,8,8,0.0012032429,0.0009970365,0.00065499084,0.00035715714,0.0006724908,0.002140827,0.002242472,0.0018615727,0.98754823,0.00078353874,0.0008805262,0.00065787556
syn-0014,1,2,4,0,0,0.9759922,0.0012046499,0.0020753592,0.0018216874,0.004271376,0.0018234671,0.0017847089,0.0013031733,0.0033472232,0.0023163613,0.0027081007,0.0013517814
syn-0019,1,2,4,0,0,0.9716736,0.0010887983,0.0027152745,0.002999304,0.0048999507,0.00085377344,0.0021876516,0.0013314206,0.0015384537,0.0031191637,0.0058946167,0.0016979312
syn-0022,1,2,4,10,11,0.0067409202,0.10340622,0.0043268385,0.0076946146,0.011894397,0.0066428958,0.012084658,0.0036506862,0.003369745,0.04419305,0.046699964,0.7492959
syn-0035,1,2,4,9,9,0.0050943973,0.013738564,0.0032492827,0.006064534,0.0043638563,0.0018084983,0.0059997365,0.002510851,0.007523518,0.8211131,0.108976215,0.019557446
syn-0037,1,2,4,8,8,0.0019978397,0.003940334,0.00057631684,0.00073424674,0.0011602197,0.0015574391,0.0030550929,0.0007962393,0.9693606,0.002547956,0.013142556,0.0011311318
syn-0039,1,2,4,1,1,0.0015051509,0.9784248,0.0010920889,0.0012411297,0.0015029478,0.0030349,0.0045287935,0.0016725711,0.001084649,0.0011439408,0.0012987888,0.003470228
syn-0041,1,2,4,10,9,0.002439824,0.0021270136,0.0013421457,0.004351614,0.0013592935,0.0010422064,0.002140558,0.0017937506,0.0036617157,0.9521502,0.024117593,0.0034740444
syn-0046,1,2,4,8,8,0.06850133,0.008413245,0.0019893155,0.0010421713,0.0026405675,0.007888091,0.009071936,0.004933229,0.8660673,0.014552764,0.005778805,0.009121351
syn-0048,1,2,4,11,11,0.0016588464,0.001982473,0.0012315467,0.0017257697,0.0056323935,0.0031780533,0.0033269143,0.0018121271,0.0011290277,0.002341634,0.0041624564,0.97181875
syn-0054,1,2,4,5,5,0.001759158,0.0013392773,0.0008475637,0.0011299894,0.0016127183,0.9807539,0.0020918588,0.0037314182,0.0023002636,0.00084508414,0.0012955393,0.0022932545
syn-0055,1,2,4,3,3,0.0010859865,0.0013741568,0.0034436826,0.9801097,0.0021671362,0.0017618694,0.0030914224,0.0019232605,0.00051273324,0.0020676435,0.0015510531,0.0009113719
syn-0076,1,2,4,5,5,0.008197033,0.0058125667,0.0011262674,0.0024623976,0.002962976,0.96283835,0.0042817346,0.0030630075,0.0037355071,0.0017140019,0.0016907277,0.0021154766
syn-0080,1,2,4,3,3,0.0014725684,0.0010560004,0.0037147116,0.9789884,0.002715368,0.0012118934,0.002538011,0.00192905,0.0010315382,0.0025576823,0.0017090436,0.0010757771
syn-0084,1,2,4,5,5,0.0023870175,0.0024269763,0.0011647603,0.0034156987,0.0051668407,0.9707813,0.0019620694,0.0015362907,0.0018031354,0.0016676276,0.0044237506,0.0032644586
syn-0106,1,2,4,10,10,0.00300328,0.0063424404,0.0031290224,0.0070290165,0.0024202834,0.0021275657,0.050009105,0.004708701,0.025667174,0.0037743214,0.8864325,0.00535654
syn-0108,1,2,4,8,8,0.0050039454,0.0031783723,0.0015834277,0.0015153503,0.001628912,0.0039324393,0.00548872,0.0033439423,0.87143284,0.0017171169,0.09588098,0.005293937
syn-0109,1,2,4,3,3,0.0017095943,0.001420768,0.0037418543,0.9712086,0.002203216,0.0013366445,0.002733258,0.0022593217,0.0008166755,0.009891019,0.0019591027,0.00072001014
syn-0111,1,2,4,3,3,0.0012598771,0.0020942446,0.0036384622,0.97971743,0.0019791636,0.0023348732,0.0020127865,0.0019323726,0.000609832,0.0019224908,0.0015794685,0.0009190493
syn-0113,1,2,4,11,11,0.0019415729,0.0031240974,0.001342264,0.0009960259,0.0026577867,0.0013370311,0.0011967525,0.0010326732,0.0025535517,0.0022197831,0.0015329137,0.98006564
syn-0124,1,2,4,6,6,0.0009883699,0.0035701352,0.0011945324,0.0032134606,0.0033291036,0.0016903285,0.97824746,0.0013235188,0.0013042727,0.0012396936,0.0023502288,0.0015488621
syn-0129,1,2,4,11,11,0.0021967334,0.0023304315,0.0017868037,0.0020626325,0.0037720583,0.002274225,0.003140535,0.0015358151,0.0016703708,0.006480246,0.007467828,0.96528226
syn-0138,1,2,4,4,4,0.0038923686,0.0017278608,0.0017800995,0.0029399078,0.96401113,0.0038956963,0.0041121645,0.003984674,0.0013522462,0.0016747002,0.0029270167,0.007702254
syn-0140,1,2,4,11,11,0.002738556,0.0028434794,0.0029265874,0.003404861,0.006118174,0.0025352247,0.0015175524,0.002396789,0.0018775905,0.036695186,0.0015903811,0.93535566
syn-0142,1,2,4,4,4,0.005531907,0.002689462,0.0065950137,0.26433885,0.68967205,0.004214622,0.0064375233,0.004653786,0.0027291484,0.007886456,0.0019447285,0.00330648
syn-0143,1,2,4,1,1,0.0057309126,0.86774194,0.0017015158,0.0019280697,0.0019280697,0.0049645375,0.010048862,0.0023279684,0.07108961,0.0048637628,0.014159925,0.013514795
syn-0145,1,2,4,2,2,0.00932214,0.005715229,0.77684724,0.15118815,0.008340007,0.009209037,0.0039859787,0.010237118,0.0017601518,0.01681851,0.001826697,0.0047496725
syn-0146,1,2,4,10,10,0.001440771,0.0009745175,0.00084049685,0.0011893486,0.0008094828,0.00051579636,0.0017374243,0.0009110152,0.0012488636,0.0011457419,0.9878925,0.0012941817
syn-0150,1,2,4,3,3,0.0014232246,0.0138504235,0.003613981,0.9596773,0.0040976927,0.0019405738,0.0053974846,0.002124031,0.00076254155,0.0037671318,0.0017083746,0.0016373219
syn-0165,1,2,4,8,8,0.0020836636,0.0033613353,0.00066956563,0.0009071793,0.000784332,0.0024850063,0.0070834463,0.0007484147,0.96895444,0.0021550613,0.009099767,0.0016677434
syn-0174,1,2,4,10,10,0.0015997965,0.0014263664,0.00085589127,0.0011168378,0.0009110915,0.0006104844,0.0016670824,0.0010263704,0.0011489192,0.0009996615,0.9874929,0.00114444
syn-0176,1,2,4,10,10,0.0012286555,0.0011525255,0.001017597,0.0015783954,0.00092472474,0.0006315319,0.0027112896,0.000672919,0.0014093484,0.001985136,0.98528624,0.0014014569
syn-0178,1,2,4,9,9,0.018984342,0.0110518625,0.0047348156,0.013991343,0.011291874,0.014080438,0.02822278,0.0052103437,0.044096835,0.36741984,0.14572197,0.3351936
syn-0187,1,2,4,3,3,0.001174003,0.0011240769,0.0036956181,0.9818349,0.0021649306,0.0011044905,0.0023004985,0.0015705642,0.00062442233,0.0021792485,0.001397571,0.00082965224
syn-0195,1,2,4,4,4,0.0052243224,0.006127267,0.0019158304,0.006900013,0.77214676,0.18161863,0.008093318,0.002443216,0.003868195,0.0029730974,0.0022507962,0.0064385887
syn-0206,1,2,4,8,8,0.005553309,0.0034939942,0.0015748666,0.0014103234,0.0020965715,0.0022133398,0.004731045,0.0017724001,0.8221995,0.007839311,0.14204213,0.0050731925
syn-0211,1,2,4,0,0,0.9808819,0.0011677206,0.0026142097,0.0016141107,0.003010935,0.001018504,0.0011563725,0.0013839968,0.0016259762,0.0018930852,0.002159861,0.0014732569
syn-0215,1,2,4,10,10,0.0030954108,0.0048430874,0.001870142,0.0028922928,0.0011578004,0.0015595132,0.003866434,0.0015338365,0.005125946,0.054706953,0.91451794,0.004830688
syn-0217,1,2,4,6,6,0.0017847405,0.00565323,0.0021339697,0.0036140876,0.0013031963,0.0041908803,0.96605265,0.002053221,0.0039601033,0.001180794,0.005150625,0.0029224933
syn-0223,1,2,4,6,6,0.0010544524,0.0028523372,0.0010668819,0.0022317306,0.0015961147,0.0022192341,0.98042136,0.001469692,0.002574357,0.0012089355,0.0019868817,0.0013180667
syn-0225,1,2,4,7,7,0.0048797806,0.0038564564,0.0063056615,0.004260379,0.007725858,0.019451277,0.004387041,0.8541778,0.030765958,0.016498012,0.0088189,0.03887283
syn-0228,1,2,4,6,6,0.0011381451,0.0023336122,0.0014296464,0.0041464246,0.003926954,0.0032683013,0.9758472,0.0020378989,0.0018214168,0.001216291,0.0010557005,0.0017783551
syn-0229,1,2,4,7,7,0.003498831,0.001325577,0.003678624,0.0024038285,0.0034928566,0.0067581837,0.0027139375,0.9664647,0.004043879,0.0016036425,0.0025713872,0.001444532
syn-0230,1,2,4,9,9,0.0019827802,0.0025227377,0.001324045,0.001750652,0.0008863213,0.00078985165,0.0011046616,0.002307095,0.0024966972,0.98054963,0.0016025712,0.0026829827
syn-0232,1,2,4,8,8,0.0016014596,0.0030763615,0.0006150106,0.00039476086,0.0006948596,0.0019663754,0.0015406728,0.0012514882,0.9851466,0.001939556,0.0008580371,0.0009147146
syn-0234,1,2,4,4,6,0.0022619802,0.005323855,0.0028846534,0.02395325,0.08138968,0.009221846,0.8514193,0.0046891184,0.0069030495,0.003842126,0.0036931327,0.0044179433
syn-0236,1,2,4,11,11,0.02533671,0.06583887,0.0039771674,0.005708167,0.016892316,0.01862974,0.01867072,0.005702595,0.086459085,0.026172914,0.009733654,0.71687806
syn-0237,1,2,4,4,4,0.0045625926,0.0014106674,0.0015320128,0.0014740418,0.9804466,0.0020083918,0.0010565411,0.0022190202,0.00077449315,0.0017020052,0.00086654455,0.0019470754
syn-0255,1,2,4,2,2,0.0022227536,0.0013058921,0.9828157,0.0024427078,0.0015698317,0.0009447414,0.0012315735,0.0026077386,0.0009867022,0.0011609175,0.0010996715,0.0016117744
syn-0264,1,2,4,0,0,0.9796269,0.001163951,0.0020820713,0.0015047943,0.00285769,0.0015533199,0.0016144086,0.0017143385,0.002437161,0.0012915257,0.002304643,0.0018491219
syn-0270,1,2,4,10,10,0.0017554096,0.0013274811,0.0008452416,0.00123042,0.0010305672,0.0005475975,0.0025102147,0.00067950244,0.0013313759,0.0015915044,0.98525685,0.0018938844
syn-0294,1,2,4,1,1,0.0011458048,0.9833745,0.0010275943,0.0010200955,0.0013311051,0.0022441982,0.002947064,0.001200793,0.0011752698,0.001120903,0.0011775676,0.0022351763
syn-0300,1,2,4,10,10,0.0012543659,0.0010118561,0.00092130544,0.0011754943,0.0008303005,0.0005125334,0.002458929,0.001195756,0.0011460234,0.00082303496,0.98741174,0.0012586606
syn-0316,1,2,4,0,0,0.9578359,0.0021065415,0.001868116,0.0026707312,0.010460295,0.010824005,0.0012020308,0.0012535815,0.0029103977,0.0020962807,0.003867435,0.002904719
syn-0327,1,2,4,1,1,0.0026460811,0.95643854,0.0013324838,0.0012395879,0.0029504762,0.002953359,0.005944866,0.0015040153,0.01321021,0.0020637913,0.0017159629,0.008000669
syn-0330,1,2,4,0,0,0.974036,0.0015749163,0.0018091806,0.0025463752,0.0052632308,0.0045688683,0.001656958,0.0017466815,0.0017500963,0.0020232203,0.0017535179,0.0012710543
syn-0334,1,2,4,6,6,0.0008128662,0.0038260105,0.00080732856,0.0026927558,0.0031232703,0.004247692,0.97521216,0.0011689344,0.0013284625,0.0010664075,0.0025908628,0.0031232703
syn-0339,1,2,4,7,7,0.0015359335,0.0019007967,0.0030386697,0.001769576,0.002840575,0.0036331508,0.0022001234,0.97673607,0.002312474,0.00182664,0.0012852018,0.00092073745
syn-0340,1,2,4,9,9,0.0018407538,0.0018733968,0.0013213212,0.0034766528,0.001409289,0.0006686329,0.0012719438,0.0017902282,0.0019613865,0.97329086,0.008269852,0.0028257223
syn-0345,1,2,4,7,7,0.0044761295,0.0035774047,0.0028010902,0.002296252,0.0065601803,0.026955001,0.0036981795,0.9336398,0.005520539,0.004726581,0.0024962118,0.003252496
syn-0358,1,2,4,2,2,0.0025792967,0.0026794265,0.97418267,0.0025711234,0.0013257646,0.0013611864,0.0016759236,0.0057056798,0.0019252123,0.0024865486,0.0010948126,0.0024124004
syn-0359,1,2,4,4,4,0.002378982,0.0035066917,0.0018622762,0.0019430909,0.97082597,0.0027182095,0.0033845184,0.0028258003,0.0028759122,0.0018943758,0.000800564,0.00498371
syn-0360,1,2,4,0,0,0.9777698,0.0012672342,0.0025226586,0.0019781247,0.004756874,0.0011504545,0.0012991875,0.0013456745,0.0019790907,0.0019608152,0.0019191375,0.002050907
syn-0374,1,2,4,8,8,0.0017944383,0.0012161803,0.0007621819,0.0005052495,0.000721267,0.0014956534,0.0017768914,0.0008117346,0.98774254,0.0009320226,0.001541248,0.00070044264
syn-0375,1,2,4,8,8,0.0014493676,0.0026456953,0.00050321687,0.00031861707,0.0006244315,0.0010210031,0.001971762,0.0011603425,0.98569214,0.001409585,0.0022175882,0.0009862134
syn-0383,1,2,4,2,2,0.0022832952,0.0012488536,0.9821132,0.0024719974,0.0014758267,0.0008372135,0.0011443351,0.0031646285,0.0010449861,0.0012494636,0.0012790939,0.0016870936
syn-0393,1,2,4,2,2,0.0028511519,0.001807111,0.98007375,0.003105303,0.0017523674,0.0010675456,0.0013627475,0.0023152833,0.001098211,0.001268361,0.0014053193,0.0018929114
syn-0399,1,2,4,8,8,0.0015813397,0.001248197,0.0006179024,0.0005254322,0.0007084285,0.0013545745,0.0023669275,0.0011962836,0.97824746,0.0015215023,0.009712929,0.00091901567
syn-0402,1,2,4,1,1,0.001616622,0.97714555,0.0012167206,0.0010529838,0.002155314,0.0020040749,0.004674426,0.0015456072,0.0010811172,0.0011746883,0.0019320108,0.004400876
syn-0403,1,2,4,9,9,0.0077514867,0.008529986,0.0017546844,0.002631522,0.0020614748,0.0014044315,0.0032622141,0.0019271437,0.028709004,0.9323232,0.0057442654,0.003900548
syn-0406,1,2,4,4,4,0.32953653,0.0032496476,0.005731225,0.010013285,0.60848266,0.0027660318,0.006142706,0.004217695,0.0026009853,0.005050386,0.009715879,0.012492959
syn-0419,1,2,4,1,1,0.001185526,0.9827959,0.0011665764,0.0011301327,0.00091386965,0.0010831296,0.003511784,0.001647146,0.0009228379,0.0010778537,0.002082696,0.002482545
syn-0422,1,2,4,1,1,0.0010550534,0.9838585,0.0011446908,0.0011508554,0.0008444542,0.0010316202,0.0023725985,0.0022365497,0.00080342666,0.0017750971,0.0017492843,0.0019778481
syn-0425,1,2,4,5,5,0.0021555969,0.002710333,0.0012579625,0.0021232138,0.0060131364,0.9649454,0.0026065018,0.00220995,0.002769869,0.001295362,0.0026039577,0.009308782
syn-0429,1,2,4,2,2,0.0030891423,0.003288375,0.969159,0.006870315,0.0018062853,0.0012896338,0.0016191436,0.0050288844,0.0013086641,0.0033085071,0.0010796362,0.002152361
syn-0436,1,2,4,6,6,0.00072820747,0.0023162172,0.0010585015,0.0021094547,0.0013393784,0.0017064128,0.98418623,0.0013102699,0.001514014,0.0010867823,0.0015401106,0.0011044359
syn-0444,1,2,4,5,5,0.0028955438,0.008551612,0.0019534915,0.0057290285,0.018211262,0.86978936,0.07644798,0.0044130217,0.0028618097,0.0015438306,0.0014446405,0.0061583673
syn-0445,1,2,4,6,6,0.0012662893,0.002970564,0.0013103187,0.0021498273,0.0019374712,0.0029683888,0.9713325,0.0016759231,0.01093907,0.000833703,0.0012393738,0.0013765589
syn-0454,1,2,4,11,11,0.0013415095,0.0021828073,0.0012888577,0.0017191713,0.0039007864,0.003485988,0.0028062037,0.0022853296,0.0013626352,0.0022449607,0.0031141571,0.97426766
syn-0463,1,2,4,11,11,0.0011190181,0.0017113052,0.0020931547,0.001438954,0.0030323528,0.0021188625,0.0014333441,0.002465436,0.0009478453,0.0017067156,0.0016489635,0.9802839
syn-0465,1,2,4,7,7,0.0019939386,0.002486348,0.0038051368,0.0028729693,0.004779999,0.00594699,0.0063135596,0.9599388,0.0037488886,0.0036853652,0.0017682575,0.0026596584
syn-0471,1,2,4,5,5,0.0022555161,0.003333233,0.0012770225,0.0014527197,0.0038784363,0.96909934,0.0030148195,0.003184284,0.0026628433,0.0009379463,0.0008366743,0.008067091
syn-0481,1,2,4,9,9,0.0040397686,0.0032137155,0.0014510127,0.0030079708,0.0015370713,0.0012557468,0.0031049696,0.0022179387,0.0057025533,0.96136624,0.0051003215,0.008002719
syn-0492,1,2,4,6,6,0.0006978907,0.0020759008,0.0010777522,0.0022052038,0.0011283722,0.0012624833,0.9846245,0.0018882842,0.0012668059,0.0007709873,0.0017442468,0.0012575614
syn-0497,1,2,4,5,5,0.006596667,0.020304289,0.0022318356,0.0022537375,0.0043825423,0.87353736,0.010038477,0.046295784,0.013225162,0.0039747935,0.005083838,0.012075502
syn-0002,2,0,0,1,1,0.0017990302,0.9859881,0.000929459,0.0013326893,0.0010308287,0.001367628,0.0010619939,0.00077507674,0.00083153596,0.0015204934,0.0013018176,0.0020613398
syn-0004,2,0,0,10,10,0.0013575357,0.0012555153,0.0013615187,0.0012180761,0.0018037193,0.0011748493,0.0074252766,0.0015670984,0.027373554,0.0059547354,0.9481372,0.0013708579
syn-0011,2,0,0,10,10,0.0011534881,0.0029211857,0.0011557431,0.0012135764,0.0016069427,0.002255114,0.0039828084,0.000960956,0.021156987,0.0066492194,0.9548368,0.0021071355
syn-0013,2,0,0,6,6,0.0010582879,0.0011662813,0.0016549916,0.0014578531,0.0009444834,0.0018384053,0.98591137,0.0005664607,0.0010536474,0.00066875864,0.0020824233,0.0015970393
syn-0017,2,0,0,3,3,0.001410446,0.002328699,0.0017331848,0.98172975,0.0016445561,0.002254987,0.0021635762,0.0013858696,0.0006843823,0.002180279,0.0012612325,0.0012230256
syn-0018,2,0,0,3,3,0.0021982659,0.0040235356,0.002702593,0.84623224,0.0060603525,0.0035533593,0.12504634,0.0009678834,0.0015286539,0.0025788327,0.0021119884,0.0029958833
syn-0025,2,0,0,8,8,0.0008062668,0.00082016416,0.00081140094,0.00053005514,0.0010676085,0.000991725,0.0013007369,0.0014581794,0.98974997,0.0010307275,0.0009878587,0.00044548028
syn-0031,2,0,0,0,0,0.98456675,0.0018318683,0.00155279,0.0011830319,0.0027850943,0.0013210569,0.0009501289,0.001559248,0.0008592086,0.0010708699,0.0010288402,0.001291085
syn-0036,2,0,0,5,5,0.0018438293,0.0015063599,0.00065791927,0.0012430369,0.004445852,0.9823235,0.0018850216,0.0015353205,0.0009794895,0.0010663453,0.0010653044,0.0014479451
syn-0037,2,0,0,8,10,0.0032852537,0.006958279,0.0025361693,0.0034127887,0.007352996,0.0065590786,0.039749924,0.0015732062,0.43281192,0.010487776,0.48095414,0.0043183845
syn-0039,2,0,0,1,1,0.0019155048,0.9858571,0.0010660089,0.0016418216,0.001181694,0.0016334256,0.0012378001,0.00069536077,0.0008371286,0.0011736435,0.0010157039,0.0017447257
syn-0064,2,0,0,6,6,0.00094180764,0.0012860419,0.0021624083,0.002134608,0.001652117,0.0014325834,0.9821586,0.00047845158,0.002032635,0.00073026435,0.0026988916,0.0022916384
syn-0076,2,0,0,5,5,0.0030157173,0.0037189168,0.00070424424,0.0019368997,0.0030287218,0.9772295,0.0031031016,0.0018791419,0.0014184507,0.0018320299,0.00083549443,0.0012978357
syn-0081,2,0,0,10,10,0.0011482643,0.0017745629,0.0010614524,0.0016838181,0.0025542302,0.0024993292,0.0034289209,0.00068465626,0.0021314058,0.0014686523,0.9802064,0.0013582814
syn-0082,2,0,0,1,6,0.0040597213,0.1727924,0.005792611,0.011225683,0.003593203,0.081144504,0.5469923,0.005162127,0.017207207,0.009090835,0.12678854,0.016150868
syn-0083,2,0,0,0,0,0.9798238,0.0024148459,0.0014263892,0.0018928909,0.0046224617,0.0024077815,0.0011234189,0.001314693,0.0012029009,0.0015073031,0.0010085024,0.0012551016
syn-0095,2,0,0,11,11,0.0009903221,0.0019102945,0.0019351734,0.0009449719,0.0009816563,0.0012592411,0.002028168,0.0012715989,0.0005974432,0.0012015764,0.0014209973,0.9854585
syn-0100,2,0,0,2,2,0.0012408813,0.00092079473,0.9878286,0.0013512456,0.00063626067,0.00043389207,0.0016645986,0.001430863,0.00089159375,0.00083430944,0.0011301108,0.001636792
syn-0121,2,0,0,9,9,0.001219535,0.0024461853,0.0009827991,0.0016430682,0.0008199573,0.00083694654,0.000682429,0.0014278711,0.001965535,0.9846806,0.0016620304,0.0016330702
syn-0123,2,0,0,10,10,0.00066561176,0.0010043377,0.00079858024,0.00092772726,0.00067017734,0.0005698842,0.0030493361,0.0005138429,0.0018157368,0.0012064447,0.9880029,0.0007755237
syn-0134,2,0,0,5,5,0.002698688,0.001027939,0.00090981455,0.0014517515,0.0047508217,0.97082067,0.0016791344,0.008144803,0.0039884024,0.0013981824,0.0018405701,0.0012893243
syn-0135,2,0,0,0,0,0.9843359,0.001960056,0.0017724931,0.0012486279,0.0020621608,0.001398397,0.0011418959,0.0016765249,0.0010483743,0.0011873838,0.0009526931,0.0012155419
syn-0138,2,0,0,4,4,0.0016120127,0.0012864644,0.0012263547,0.0022886163,0.9805642,0.002136613,0.0016286272,0.0012120672,0.0014281642,0.0011622236,0.00286121,0.0025935795
syn-0144,2,0,0,9,9,0.0011761176,0.0017642691,0.00082871516,0.0015456002,0.00075381726,0.0006704589,0.000509063,0.0010537504,0.0016352712,0.98745316,0.0013504022,0.001259328
syn-0148,2,0,0,7,7,0.0020838617,0.002616302,0.0041630147,0.00095173507,0.0017233697,0.011617174,0.0011558862,0.951232,0.0053771576,0.004367064,0.004093473,0.010618959
syn-0150,2,0,0,3,3,0.0014928255,0.027062027,0.0014632369,0.9549014,0.0026167938,0.0016086214,0.0032455404,0.0007506397,0.0010421601,0.0027944176,0.0012607733,0.0017615567
syn-0151,2,0,0,10,11,0.0045767566,0.011173766,0.006329424,0.003968596,0.010455859,0.014169864,0.015432022,0.004585704,0.00828339,0.04631397,0.12651065,0.74819994
syn-0152,2,0,0,3,3,0.005833259,0.0042210734,0.0024097974,0.6450878,0.31996593,0.00416579,0.0046780095,0.0017682181,0.0024286977,0.0032857708,0.0030034378,0.0031521895
syn-0158,2,0,0,1,1,0.001949211,0.98596513,0.0010547345,0.0014213808,0.00090436736,0.0011680546,0.0012685307,0.0008274663,0.00093764224,0.001522687,0.0011940041,0.0017867326
syn-0160,2,0,0,5,5,0.0019603244,0.0025642293,0.0009414929,0.0021310311,0.0010416289,0.9794362,0.00242504,0.0042463476,0.0014496935,0.00089750194,0.0010041733,0.0019023323
syn-0161,2,0,0,2,2,0.0012785873,0.0007927308,0.98797566,0.0014185534,0.000729585,0.00041937476,0.0017181399,0.0014575212,0.0008307747,0.0008155021,0.0010732666,0.001490265
syn-0163,2,0,0,4,4,0.0019755666,0.0010738347,0.00086116686,0.0019392488,0.983924,0.002334685,0.0010337058,0.0009060274,0.0027996323,0.0011845708,0.00070906867,0.0012585088
syn-0165,2,0,0,8,8,0.00274486,0.004240956,0.0029941015,0.0027609905,0.005810869,0.0025286835,0.02710638,0.001508472,0.78217137,0.011692515,0.15431978,0.0021210634
syn-0169,2,0,0,4,4,0.0052721472,0.0009631813,0.0008633903,0.0024571691,0.9749716,0.0049189827,0.0012592961,0.0010343525,0.0020505372,0.003230797,0.0010394154,0.0019390411
syn-0170,2,0,0,6,6,0.0010805717,0.0011126974,0.0017398669,0.002172315,0.0018661491,0.0016740309,0.98287165,0.0004489123,0.0017629565,0.000980036,0.0026801599,0.0016106861
syn-0174,2,0,0,10,10,0.00075151375,0.0010791251,0.0007581479,0.00067628914,0.0007937567,0.0007090911,0.0017454032,0.00083510566,0.0010757055,0.0010746556,0.98925424,0.0012469267
syn-0175,2,0,0,11,11,0.006170148,0.046604425,0.004090184,0.008760989,0.008000375,0.016013917,0.021848386,0.0031544822,0.0056399712,0.012725397,0.19045392,0.6765379
syn-0176,2,0,0,10,10,0.000676169,0.0010310346,0.00068815984,0.00096384954,0.0013460364,0.0006774909,0.0048142406,0.0005507962,0.0017148949,0.0021039564,0.98426074,0.0011726016
syn-0186,2,0,0,3,3,0.0012752124,0.0030278687,0.0012758352,0.98488694,0.0015540536,0.0014467702,0.0018681502,0.00074965874,0.00055818824,0.0012132565,0.00076593895,0.0013781603
syn-0198,2,0,0,0,0,0.7084349,0.0318646,0.0053355196,0.033969413,0.10407266,0.065381914,0.019641997,0.0028923857,0.002198263,0.011909838,0.0042913994,0.010007078
syn-0203,2,0,0,8,8,0.0005940264,0.0011923733,0.00074289634,0.00059344654,0.0013432426,0.0011483752,0.0023298564,0.00089741766,0.9865436,0.0017529881,0.002352577,0.00050909107
syn-0206,2,0,0,8,8,0.0011042847,0.0012241236,0.000953814,0.0006261377,0.0022914351,0.0017586207,0.001632027,0.0014494302,0.9721122,0.0031253367,0.012551773,0.0011709222
syn-0221,2,0,0,11,11,0.0015568248,0.0041449736,0.0019728215,0.0014426425,0.0011229826,0.0030060827,0.0036601597,0.0010416363,0.0008559904,0.0011218864,0.002064473,0.9780096
syn-0234,2,0,0,4,6,0.0031690563,0.0023515953,0.0027654502,0.027821166,0.051875364,0.009512006,0.88515085,0.0006796911,0.006269426,0.00359452,0.0035491749,0.00326168
syn-0237,2,0,0,4,4,0.0027160896,0.00089272414,0.00080808584,0.001907279,0.984744,0.0017444586,0.0009610324,0.00076732505,0.0014360038,0.0015409834,0.0010959269,0.0013860582
syn-0240,2,0,0,6,6,0.0020673173,0.0022961465,0.0016498194,0.006905419,0.012589869,0.007855491,0.9562033,0.0005445843,0.0044291806,0.0019871492,0.0012786221,0.0021931387
syn-0241,2,0,0,1,1,0.0029602079,0.9776838,0.0008717308,0.0053243767,0.0035112596,0.0024730447,0.0014843128,0.00065930333,0.00090380484,0.0016794847,0.00072764745,0.0017209924
syn-0252,2,0,0,8,8,0.0007320559,0.0010213339,0.00079154124,0.0005001948,0.0008804449,0.00077926955,0.0014145242,0.0011701077,0.9893875,0.0013053495,0.001556018,0.00046170191
syn-0258,2,0,0,3,3,0.005321391,0.008636943,0.002853904,0.79907393,0.03500615,0.121351086,0.012463558,0.00216056,0.001666294,0.0046278215,0.0026575346,0.004180888
syn-0268,2,0,0,6,6,0.0011836807,0.0011653295,0.0017451008,0.002139709,0.002738818,0.0016922359,0.98078704,0.00044534315,0.0015325447,0.0009474061,0.002562225,0.0030605053
syn-0270,2,0,0,10,10,0.002925055,0.0035326001,0.0012367335,0.0024667545,0.011278776,0.002632265,0.0076316027,0.0008150397,0.0023388998,0.0053017656,0.9570358,0.002804769
syn-0271,2,0,0,2,2,0.0018650381,0.0020503448,0.9772633,0.00390753,0.0008730593,0.00070702506,0.00267644,0.002599166,0.0012985145,0.002104612,0.0016470962,0.0030080318
syn-0272,2,0,0,3,3,0.013447756,0.022375522,0.014868964,0.86586523,0.023403589,0.004671879,0.03680104,0.00092852185,0.0017723795,0.0038674541,0.005769,0.006228646
syn-0289,2,0,0,8,8,0.0873218,0.043555826,0.0062886146,0.007674933,0.04434988,0.20542252,0.014728951,0.020554231,0.52867895,0.024189262,0.0046550822,0.012579899
syn-0290,2,0,0,0,0,0.9467763,0.0019266779,0.0019380001,0.0030698157,0.029097172,0.0066124317,0.0015648489,0.0018829656,0.0019210415,0.0012403176,0.0017355164,0.0022349854
syn-0298,2,0,0,7,7,0.0019969302,0.0008046688,0.0019492431,0.00089679676,0.00075370504,0.007815531,0.0006923144,0.97866666,0.0024415434,0.0010276806,0.0010644526,0.0018904246
syn-0311,2,0,0,9,9,0.0017936999,0.0039072935,0.0011457257,0.0021207312,0.0013303637,0.0010022518,0.0010596232,0.0010868721,0.0010534325,0.9785171,0.002718755,0.0042641684
syn-0316,2,0,0,0,0,0.47771433,0.0077992124,0.0023826936,0.010110194,0.051143624,0.42075878,0.006921537,0.0040729376,0.0036473935,0.0058086314,0.0026920473,0.0069486275
syn-0322,2,0,0,2,2,0.0037793147,0.0013112081,0.9796153,0.0035295954,0.0011543155,0.00069910294,0.0020363003,0.0026836183,0.0010019079,0.0008854767,0.00090294116,0.0024009594
syn-0326,2,0,0,1,1,0.0024976186,0.9804326,0.0015111882,0.0017419169,0.001001276,0.0012485442,0.0023618129,0.0008888156,0.0022908247,0.001868804,0.0012651137,0.002891282
syn-0334,2,0,0,6,6,0.002193447,0.002712516,0.0021187074,0.0076148724,0.0058843167,0.036328524,0.9332722,0.0008088965,0.0017928636,0.0012964054,0.0018219864,0.004155324
syn-0340,2,0,0,9,9,0.0013676902,0.0017956016,0.00095807074,0.0015105722,0.00093862286,0.0009981835,0.0005153284,0.0015869358,0.0014933381,0.9860329,0.0019128085,0.000889973
syn-0349,2,0,0,5,5,0.0015411736,0.0014393401,0.00066463294,0.0012290307,0.0019501293,0.98366404,0.0011322361,0.0033893224,0.0012176813,0.0008463511,0.0009817844,0.0019443056
syn-0351,2,0,0,11,11,0.0013409989,0.004010331,0.0019350129,0.0013292644,0.0012487284,0.0022744427,0.001834719,0.0015173265,0.00050330156,0.0015307211,0.0014191461,0.98105603
syn-0360,2,0,0,0,0,0.97704995,0.0015371775,0.0011142377,0.0019790828,0.008241209,0.0025738166,0.0013135342,0.0014002997,0.0007054914,0.0015059744,0.0010155163,0.0015636735
syn-0364,2,0,0,4,5,0.0056109405,0.005005116,0.0020341338,0.005268418,0.38387015,0.5298373,0.008933483,0.002480133,0.032526094,0.008933483,0.009401147,0.0060995473
syn-0380,2,0,0,4,5,0.005222356,0.0024509577,0.0010367878,0.0026001285,0.056056585,0.9207511,0.0019445557,0.0027806913,0.0021820567,0.0017739997,0.0011409149,0.0020598862
syn-0381,2,0,0,8,8,0.0009244282,0.0010681747,0.0007907054,0.00041891646,0.00078531855,0.0011657372,0.0011282174,0.0025986433,0.986896,0.0020464945,0.0016086177,0.00056869007
syn-0384,2,0,0,1,1,0.0024803178,0.9849378,0.0011194006,0.0015495872,0.001011788,0.0015211005,0.0013615097,0.0007765228,0.001550344,0.0013931165,0.0007826131,0.0015159101
syn-0403,2,0,0,9,9,0.002077436,0.0035265118,0.00069119775,0.001596524,0.0013599235,0.0008345582,0.00053568324,0.0008610499,0.0034330662,0.98283005,0.0011110216,0.0011429358
syn-0410,2,0,0,10,10,0.007220939,0.0054719844,0.004341396,0.004532006,0.010373867,0.0032199565,0.008564355,0.0033810826,0.0036558225,0.01110646,0.9113032,0.026829043
syn-0427,2,0,0,5,5,0.0015913979,0.001647536,0.0005881646,0.0015033983,0.0070956782,0.9796744,0.0016184333,0.0016829042,0.0015413064,0.00088812824,0.0007157249,0.0014528809
syn-0439,2,0,0,6,6,0.00201383,0.0017479381,0.0017453795,0.0015463206,0.0014841802,0.0024896334,0.9804647,0.00067818136,0.003789062,0.0007282933,0.0012639201,0.0020485418
syn-0447,2,0,0,7,7,0.0012422537,0.00088931713,0.0020150847,0.00065350387,0.00047671498,0.002982195,0.00049473793,0.98530626,0.0018816864,0.0013379597,0.0010721976,0.0016481312
syn-0455,2,0,0,2,2,0.01676836,0.08794578,0.32739702,0.1964546,0.02806801,0.015462831,0.063098006,0.097489804,0.01897323,0.063275404,0.009714265,0.07535267
syn-0456,2,0,0,11,11,0.0041458397,0.009021143,0.004484911,0.10424197,0.0145803355,0.0073296623,0.01062302,0.0027833849,0.0012375343,0.005880929,0.0028327443,0.8328385
syn-0461,2,0,0,2,2,0.0013810624,0.0008862552,0.9876841,0.0012092986,0.00065572094,0.00041275108,0.0015218079,0.0017337741,0.0009512773,0.0008026219,0.0012010601,0.0015603707
syn-0477,2,0,0,7,5,0.04002444,0.058032967,0.019706197,0.011607324,0.07782543,0.3791623,0.008319719,0.15652235,0.04800249,0.030004378,0.09080961,0.07998283
syn-0481,2,0,0,9,9,0.0014425827,0.001485471,0.0011254061,0.0013118841,0.00076858536,0.0007220191,0.0005225964,0.0020779134,0.0014931065,0.9863615,0.0014869224,0.0012020903
syn-0486,2,0,0,1,1,0.0018125918,0.98328626,0.001168299,0.0017680113,0.0008140127,0.0012279591,0.0019271399,0.0007580026,0.001526728,0.0017329686,0.0014625159,0.0025154597
syn-0487,2,0,0,6,6,0.0011256175,0.0012612474,0.0016745569,0.0016337703,0.0011267172,0.0027293786,0.98462176,0.00053092575,0.0021029382,0.0005558623,0.001449562,0.0011877286
syn-0490,2,0,0,7,7,0.0025790792,0.0012758019,0.0021096135,0.00081970746,0.0016033427,0.017976815,0.0014492068,0.9587644,0.003081859,0.004785529,0.0013977777,0.004156978
syn-0493,2,0,0,8,8,0.00070798263,0.00076252734,0.0007651382,0.00054071285,0.0016585134,0.0010669675,0.0011363358,0.0012741903,0.9891558,0.0010748111,0.0014660469,0.00039098517
syn-0496,2,0,0,8,8,0.0007413525,0.0010232527,0.00088684965,0.00054717314,0.00095657486,0.0008290601,0.0014754357,0.0011348518,0.98931223,0.0013918083,0.0012315694,0.00046985375
syn-0497,2,0,0,5,5,0.002615834,0.0042798393,0.0010134302,0.0014788585,0.0042955414,0.9608641,0.004357913,0.008518558,0.006556968,0.0024657622,0.0011327734,0.0024204326
syn-0499,2,0,0,11,11,0.0015921099,0.0017638115,0.0017515817,0.0008557394,0.00119681,0.0014247212,0.0014699468,0.001431695,0.00044830842,0.001672187,0.0010019273,0.98539114
syn-0010,2,0,1,9,9,0.0014170202,0.0024372092,0.00078484893,0.0015555327,0.0012902117,0.0007055982,0.00064749335,0.00086790056,0.0061944514,0.9810224,0.0019180146,0.0011593653
syn-0015,2,0,1,6,6,0.0017871619,0.004165687,0.0018729296,0.0022658128,0.0021160988,0.008227518,0.9673633,0.0007435463,0.0061998516,0.0015338744,0.002051995,0.0016723379
syn-0024,2,0,1,2,2,0.0018518262,0.0012053004,0.9812991,0.001993035,0.00090272835,0.00055236596,0.002740499,0.0027480365,0.0013153874,0.0012141608,0.0017358114,0.0024416195
syn-0038,2,0,1,5,5,0.0017220805,0.0023701787,0.00059035956,0.0022087672,0.003196132,0.98045385,0.0018493277,0.002652923,0.00072403037,0.0008539498,0.00091526017,0.0024631557
syn-0042,2,0,1,9,9,0.0009323736,0.0018556049,0.0011977761,0.002014363,0.001089523,0.00057245867,0.00049060717,0.0012418465,0.0015829261,0.9866681,0.0012989045,0.0010554865
syn-0043,2,0,1,9,9,0.0009412684,0.0012592153,0.0012840511,0.0011482092,0.0011498925,0.00094034965,0.00094218814,0.0024100768,0.002014678,0.97729206,0.008480041,0.0021378177
syn-0045,2,0,1,9,9,0.0021225202,0.0071071424,0.0011245132,0.0052407985,0.0030642156,0.0012854892,0.0017812427,0.0008243199,0.0033653828,0.95106715,0.021301053,0.0017163533
syn-0049,2,0,1,8,8,0.0007963476,0.0011598109,0.0007311265,0.00061386917,0.0026191038,0.00066569826,0.0013355862,0.0011257752,0.9871668,0.0018341294,0.0016208874,0.00033083433
syn-0051,2,0,1,3,3,0.0012781619,0.0023787124,0.0011798,0.9828363,0.0022898628,0.00106482,0.001738106,0.0007786587,0.0007201416,0.0033749156,0.0011235763,0.0012370236
syn-0052,2,0,1,4,4,0.012874249,0.003643337,0.00086083787,0.0026541583,0.95328754,0.016595563,0.0017440423,0.0010903286,0.0014262288,0.0019878726,0.0011129198,0.0027230761
syn-0055,2,0,1,3,3,0.000855731,0.0022501517,0.0016248834,0.9853815,0.0016856972,0.0012702583,0.0020320362,0.0005428744,0.0005985644,0.0016061491,0.0010608224,0.0010912947
syn-0062,2,0,1,7,7,0.001889144,0.0011021971,0.0033090818,0.0008417891,0.0007263766,0.0041616797,0.0005657027,0.9807535,0.0026582726,0.0014991866,0.0010404864,0.0014527068
syn-0063,2,0,1,1,1,0.0018950575,0.9847846,0.0012364535,0.0016573435,0.0010954371,0.0013104264,0.0015876377,0.0006647407,0.00095219706,0.0015046137,0.001581448,0.0017301093
syn-0068,2,0,1,10,9,0.00664992,0.005301778,0.0050986703,0.012576271,0.037619215,0.0037964177,0.021434946,0.006445323,0.31482807,0.53137296,0.046182133,0.00869433
syn-0075,2,0,1,7,7,0.0019466196,0.0013447675,0.0027259723,0.001036622,0.0012437068,0.005492853,0.00096341135,0.9761571,0.0025243459,0.0017521955,0.0018652024,0.0029472092
syn-0079,2,0,1,1,1,0.0015027957,0.95659673,0.001721282,0.0068956227,0.003503501,0.0081141265,0.008145884,0.00064571353,0.002123425,0.0024049813,0.0028268504,0.005518955
syn-0080,2,0,1,3,3,0.001167235,0.002339102,0.001439233,0.9843114,0.0024770764,0.000981951,0.0017878775,0.00057220785,0.000801445,0.0019894154,0.0010165903,0.0011165058
syn-0087,2,0,1,5,5,0.0024672213,0.002823164,0.00083330413,0.0026033614,0.0055342377,0.9530197,0.0067361407,0.002514655,0.011656069,0.0017316742,0.0072268234,0.0028536546
syn-0103,2,0,1,11,11,0.008531538,0.08423112,0.004339435,0.00621899,0.0115346955,0.0061495383,0.005219045,0.0028430934,0.001156593,0.013474524,0.016328948,0.8399725
syn-0105,2,0,1,4,4,0.008285371,0.0015393896,0.0009214583,0.0029496455,0.9727395,0.0034443827,0.0013315802,0.0008447524,0.0010878659,0.001975168,0.001971314,0.0029095039
syn-0108,2,0,1,8,8,0.00073918386,0.0016479781,0.0007686296,0.00046347376,0.0016961445,0.0013622252,0.0022560966,0.0012175184,0.97969806,0.0021186303,0.006965402,0.0010666155
syn-0114,2,0,1,4,4,0.003643674,0.0028627466,0.0022657248,0.15500861,0.8106023,0.004189749,0.006765031,0.0012500308,0.002440282,0.0041026976,0.0037465086,0.0031226925
syn-0118,2,0,1,5,5,0.0019908466,0.0019445468,0.00051885913,0.0009928289,0.0025752021,0.98410124,0.0013422088,0.0021641743,0.00137807,0.0008921414,0.0006773811,0.001422509
syn-0120,2,0,1,3,3,0.0009566007,0.002239693,0.0014238094,0.985482,0.0016268356,0.0007656536,0.0017603175,0.000677008,0.00085874845,0.0020937487,0.0011096763,0.0010059414
syn-0124,2,0,1,6,6,0.0010895451,0.0014196475,0.0017368426,0.007652091,0.003776056,0.0017880427,0.97424096,0.00041394867,0.0014293854,0.0010868883,0.0032629215,0.0021037452
syn-0129,2,0,1,11,11,0.0014284477,0.0034394495,0.002133909,0.0016594573,0.0016586474,0.001022362,0.0033076864,0.00096795295,0.00089783664,0.0026330967,0.0020060907,0.9788452
syn-0130,2,0,1,6,8,0.0017855676,0.0026222002,0.0023666483,0.0017188415,0.007497359,0.0015726835,0.005514726,0.0024477423,0.96555704,0.0022070361,0.005076355,0.0016337357
syn-0136,2,0,1,6,6,0.0012356009,0.002578359,0.0013716985,0.004978418,0.0034850547,0.0030090762,0.9735908,0.00028710274,0.0010198576,0.0018657569,0.0047042747,0.0018739741
syn-0143,2,0,1,1,1,0.0077080983,0.86849236,0.003029979,0.0029424978,0.0024997054,0.0050396905,0.0030686907,0.0025514981,0.089243464,0.0058804993,0.005783679,0.0037598382
syn-0145,2,0,1,2,2,0.0052068215,0.005420851,0.91231495,0.04582246,0.004737394,0.0022880593,0.0034854684,0.004934536,0.0025351255,0.004707418,0.0026490162,0.0058979415
syn-0149,2,0,1,8,8,0.0011682893,0.0017215686,0.000775593,0.0005446331,0.0016379267,0.0011109856,0.0013065067,0.0011345586,0.9866448,0.0015155744,0.001804629,0.0006348778
syn-0153,2,0,1,4,5,0.033114333,0.0039646104,0.0012168376,0.0022109523,0.041413173,0.9046819,0.0030279215,0.0024176084,0.0015578795,0.0021231396,0.0012347935,0.0030368052
syn-0162,2,0,1,9,9,0.0014292184,0.0028364481,0.0009525298,0.0012177095,0.0012129621,0.0006572258,0.0006921381,0.0013498573,0.00322276,0.98416716,0.0012539123,0.0010080389
syn-0166,2,0,1,5,5,0.0041392585,0.0025289657,0.00055936776,0.001093052,0.0052350685,0.9783317,0.0014494734,0.0016912995,0.0012760366,0.0009510521,0.0009942637,0.0017505342
syn-0171,2,0,1,6,6,0.0019906375,0.0036626838,0.0017852676,0.0019819087,0.0029948743,0.004760159,0.95321614,0.0009490748,0.023631392,0.0018500502,0.0014800387,0.0016977015
syn-0181,2,0,1,10,10,0.0025691665,0.007138868,0.0041015088,0.0052050855,0.007226546,0.0019129749,0.037350237,0.0030990064,0.3478546,0.023556499,0.55478543,0.005200005
syn-0184,2,0,1,2,2,0.0014169606,0.001195825,0.985061,0.0017133587,0.000799709,0.00046328828,0.0018877381,0.0019542105,0.0011744149,0.0011043384,0.0014882283,0.0017409775
syn-0190,2,0,1,3,1,0.0061489106,0.7155925,0.0033235734,0.20988259,0.012065465,0.026308399,0.0066778394,0.0024292048,0.0017772441,0.008566146,0.0015745512,0.005653589
syn-0196,2,0,1,4,4,0.2080297,0.0028788978,0.0026034084,0.0043492573,0.75501937,0.00694098,0.0043962295,0.002771314,0.004269303,0.0023268533,0.002209484,0.004205166
syn-0201,2,0,1,0,0,0.9846087,0.0019946368,0.0014445968,0.0012332181,0.0019510492,0.0014445968,0.0012052391,0.0014319557,0.0009986905,0.0011261523,0.0011534214,0.0014076919
syn-0204,2,0,1,1,1,0.0022624608,0.9836617,0.0010904544,0.0013858874,0.0009446317,0.0024007452,0.0015036322,0.000991901,0.0017080032,0.0014354766,0.0010840837,0.0015310443
syn-0205,2,0,1,2,2,0.001326877,0.001264879,0.98504895,0.0019173252,0.0007403235,0.00041487848,0.0018536907,0.001669771,0.0010379241,0.0011646923,0.0016541496,0.0019064727
syn-0209,2,0,1,7,7,0.0030202367,0.0030483871,0.006921835,0.0012701364,0.002115684,0.02387228,0.0022096524,0.9424655,0.0047081965,0.002370611,0.0034057065,0.0045918385
syn-0213,2,0,1,0,0,0.9835903,0.0019282066,0.001484556,0.0011981279,0.0024458268,0.0013451196,0.0011957901,0.001296118,0.0012973842,0.0011629676,0.001423507,0.0016320589
syn-0218,2,0,1,8,8,0.0005838052,0.0009998981,0.0009073111,0.0005581599,0.0016822998,0.0012652245,0.0033892246,0.0019701717,0.9829154,0.0011781679,0.003893362,0.00065703114
syn-0223,2,0,1,6,6,0.0010682466,0.0011899708,0.0017116438,0.0017595218,0.0016083332,0.0017754879,0.9811963,0.00058051205,0.0043890136,0.0010614872,0.002110504,0.0015489862
syn-0225,2,0,1,7,7,0.0018282147,0.0011407207,0.0031511693,0.00092830544,0.0019300369,0.007622271,0.000614772,0.95820206,0.0051820986,0.011464754,0.0029544735,0.004981143
syn-0232,2,0,1,8,8,0.00086205016,0.0016093426,0.0008850823,0.00059654185,0.0012342271,0.001492401,0.0012174677,0.001655167,0.98589545,0.0033199403,0.0008141825,0.00041808328
syn-0243,2,0,1,10,10,0.00089056976,0.0016955837,0.0013431194,0.0011104988,0.00087036466,0.0010371223,0.0016575191,0.0012352268,0.0011855881,0.0016209026,0.9852498,0.002103702
syn-0251,2,0,1,10,10,0.00088088436,0.001264893,0.001066708,0.0012974206,0.000898697,0.0010419978,0.0026585618,0.0009222578,0.0029259245,0.0020177185,0.98409826,0.000926772
syn-0253,2,0,1,3,3,0.000794412,0.0016939263,0.0016310227,0.986211,0.001557283,0.0010591266,0.0018975704,0.00086064346,0.00078899995,0.0011468675,0.0010906146,0.0012685372
syn-0257,2,0,1,4,4,0.0036386962,0.0028805546,0.0011132674,0.0032197733,0.9224432,0.05224437,0.0025284633,0.0024209372,0.0034207432,0.0025783328,0.0012262723,0.0022853918
syn-0260,2,0,1,11,11,0.0038428856,0.01261111,0.003215558,0.0029363888,0.006857378,0.00950195,0.014595251,0.0048318403,0.002516537,0.0116747655,0.027081758,0.90033466
syn-0273,2,0,1,0,0,0.98077065,0.0035458575,0.0014340557,0.0017463503,0.0027033407,0.002193625,0.0010656998,0.0015021439,0.0008575691,0.001351783,0.0009281593,0.001900743
syn-0279,2,0,1,0,0,0.9846228,0.0022912263,0.0012754931,0.0010283964,0.0018864376,0.0017125964,0.0009928701,0.0015521202,0.0011744658,0.0013334457,0.000832008,0.0012981121
syn-0291,2,0,1,1,1,0.0015680532,0.9845824,0.0011266723,0.0016134896,0.001079286,0.0012848168,0.0011952441,0.00076645025,0.00071510824,0.0017348294,0.0018485205,0.0024850285
syn-0292,2,0,1,11,11,0.0011772689,0.0019076333,0.002183911,0.00096556207,0.0011522459,0.0014629903,0.0016529354,0.0015838017,0.000555831,0.0016638674,0.0011277547,0.9845663
syn-0293,2,0,1,0,0,0.57015,0.025415642,0.009233633,0.008196539,0.12068274,0.03198555,0.012196792,0.0075142253,0.18655236,0.011346477,0.005401733,0.011324338
syn-0302,2,0,1,10,10,0.0007307915,0.0009850694,0.00093835476,0.0007455689,0.0007194616,0.0007159571,0.0021032877,0.0010153468,0.0014505165,0.0010203167,0.98864347,0.00093196216
syn-0318,2,0,1,11,11,0.0017289721,0.0036957022,0.0021121835,0.001757057,0.0018472335,0.0010450963,0.0032728119,0.0008869617,0.0006584906,0.002215712,0.0023922492,0.9783876
syn-0352,2,0,1,8,8,0.0005881447,0.001243887,0.0009082715,0.000510989,0.0008574185,0.0008201543,0.0013761852,0.0016026511,0.98925495,0.0012444945,0.0011009471,0.00049189344
syn-0356,2,0,1,8,8,0.0007879008,0.0023198717,0.00076365966,0.0005741932,0.002177589,0.0009611233,0.0033530123,0.0009839156,0.9838758,0.0016851773,0.0017982469,0.00071949663
syn-0358,2,0,1,2,2,0.0017149404,0.0014582964,0.9785364,0.0014238197,0.0007744954,0.000654104,0.002563924,0.003941864,0.0018322421,0.0016662402,0.0024667555,0.002966861
syn-0359,2,0,1,4,4,0.0022456117,0.00258027,0.0013422262,0.0026876456,0.97098786,0.0031567852,0.0040737307,0.0010743043,0.005235245,0.0014684001,0.0011903085,0.003957563
syn-0373,2,0,1,11,11,0.0012768869,0.0037438276,0.0019332838,0.0011867078,0.0012875302,0.0016327645,0.0016645616,0.0010721011,0.0005149023,0.0021132121,0.0012388105,0.9823354
syn-0375,2,0,1,8,8,0.00050848845,0.001129233,0.0006415353,0.00044307855,0.00087047595,0.00081733725,0.0018719316,0.0015593867,0.98633856,0.0032827365,0.001922767,0.0006145532
syn-0376,2,0,1,5,5,0.0013819196,0.001961229,0.00066678587,0.0011215743,0.0014401299,0.9830031,0.0029744974,0.0029854106,0.0010939894,0.0007174558,0.0012050376,0.0014489467
syn-0378,2,0,1,2,2,0.0013635801,0.0011332108,0.9849917,0.001963518,0.00076080183,0.0005068033,0.0019456234,0.0019713233,0.0011806566,0.0011183692,0.0012941675,0.0017702132
syn-0386,2,0,1,10,10,0.0012022036,0.0016244698,0.0018295643,0.0012710204,0.0009074708,0.0010202968,0.0029973548,0.0015934388,0.0010562887,0.0013158568,0.9806912,0.0044907834
syn-0388,2,0,1,5,7,0.021795439,0.0046325927,0.0055120955,0.022383228,0.008977647,0.24087754,0.010325642,0.65477294,0.010287898,0.0074137147,0.0059745642,0.0070466353
syn-0391,2,0,1,0,0,0.98478705,0.0022870672,0.0013963081,0.001173515,0.001660993,0.0015573141,0.001059665,0.001275083,0.0010758268,0.0012633085,0.0012238427,0.0012400843
syn-0397,2,0,1,1,1,0.0016367325,0.98472273,0.0011001924,0.0017338062,0.0010446975,0.0012663138,0.0013880598,0.00071103167,0.00069659855,0.0018130253,0.0017056763,0.0021810606
syn-0419,2,0,1,1,1,0.0017178344,0.9849855,0.0011629125,0.0015534504,0.001046508,0.0013749374,0.0013443992,0.0008429483,0.000808284,0.0015421141,0.0015012509,0.002119948
syn-0423,2,0,1,9,9,0.0010542405,0.0020189967,0.0009340053,0.0015500988,0.00089690933,0.000648548,0.0006594048,0.0017732963,0.0024253624,0.98550344,0.0016432371,0.00089254056
syn-0428,2,0,1,8,1,0.0028895668,0.97234446,0.0015775643,0.0017343081,0.0018488676,0.0022686007,0.0016900019,0.001144071,0.008994423,0.0017419463,0.00226528,0.0015009185
syn-0435,2,0,1,10,10,0.0007439785,0.0010997974,0.0008267322,0.0008267322,0.00073710823,0.0008813419,0.0018708183,0.0011366495,0.0011970291,0.0011610505,0.9884631,0.001055601
syn-0450,2,0,1,10,10,0.00079753523,0.0010417068,0.0010954371,0.0007741308,0.00071072933,0.00073759945,0.0018080559,0.0011943227,0.001099993,0.0010032683,0.98815644,0.0015808692
syn-0458,2,0,1,6,6,0.0010266484,0.00078447274,0.0016759008,0.0015018095,0.00094856776,0.0014524088,0.98679626,0.00072128006,0.001092328,0.00054898893,0.0021760694,0.0012751917
syn-0463,2,0,1,11,11,0.0010720277,0.0016318558,0.0021349767,0.0011136443,0.0010652444,0.0010219376,0.0013998956,0.0018830756,0.000508372,0.0014153601,0.0016034215,0.98515016
syn-0474,2,0,1,0,0,0.9821063,0.0022905373,0.0011465644,0.002047718,0.0037429545,0.0021209884,0.0011145486,0.0010521465,0.0008059213,0.001666206,0.0007690155,0.0011370863
syn-0476,2,0,1,7,7,0.0017247736,0.0015087881,0.002968523,0.0012587943,0.001168751,0.033495273,0.0010840892,0.9450597,0.0037302712,0.003583783,0.0021771265,0.002240212
syn-0480,2,0,1,1,1,0.005476797,0.4906041,0.010444005,0.15803635,0.05075869,0.009792091,0.051886335,0.0024661762,0.0039912886,0.0144083155,0.02634934,0.17578654
syn-0488,2,0,1,10,10,0.0010140665,0.00087760144,0.0009406099,0.0009161327,0.0030605134,0.0012894333,0.0036233754,0.0008325208,0.0044297082,0.0027244042,0.9756551,0.0046366313
syn-0491,2,0,1,10,10,0.00082231156,0.0011022273,0.00076237286,0.0007900374,0.0008626172,0.0007057686,0.0016686219,0.0009817783,0.0013453763,0.0013313263,0.98847264,0.0011548422
syn-0498,2,0,1,7,7,0.0014969511,0.0014647754,0.0024392272,0.0007971627,0.0005958823,0.0044267206,0.0007408637,0.9809661,0.0030648028,0.0010417289,0.0011587327,0.0018069908
syn-0003,2,0,2,2,2,0.0012143373,0.0011390945,0.985283,0.001993629,0.00083541643,0.00049909356,0.0020155292,0.0018810319,0.0010695579,0.00095035596,0.0012885592,0.0018302943
syn-0007,2,0,2,6,6,0.0043981206,0.003992332,0.0013699789,0.0026744418,0.00882069,0.013688461,0.9401556,0.00061389036,0.016902993,0.0017763507,0.0026941022,0.0029130187
syn-0009,2,0,2,8,8,0.0006322223,0.0009504693,0.000616974,0.00045715488,0.0018232092,0.0010137473,0.0019994725,0.0010221972,0.9882917,0.0013634801,0.0014071052,0.00042238648
syn-0019,2,0,2,0,0,0.9779904,0.0023330345,0.0011412018,0.002352194,0.0038596937,0.0018815236,0.001396183,0.001026469,0.000769541,0.001969895,0.003752377,0.0015274289
syn-0022,2,0,2,10,11,0.0120479,0.09522792,0.0073575443,0.026427701,0.027520744,0.020161662,0.022902,0.006232083,0.007293162,0.06792353,0.30441213,0.40249366
syn-0034,2,0,2,0,0,0.9824974,0.0016836382,0.0011386506,0.000996549,0.0024558734,0.002746191,0.0011369837,0.0020600685,0.00070596935,0.0013502017,0.0015011191,0.0017273559
syn-0058,2,0,2,9,9,0.001103883,0.0023122332,0.00064263283,0.001474597,0.0015483856,0.0009196306,0.0005556096,0.0010229207,0.005747335,0.9812949,0.0021774517,0.0012005962
syn-0059,2,0,2,3,3,0.001269705,0.0027087375,0.001293484,0.97967625,0.0028130983,0.0033718755,0.0020112281,0.0010167556,0.00059393764,0.0026698979,0.0012168969,0.0013582098
syn-0061,2,0,2,4,4,0.0019310204,0.001192575,0.0007901708,0.0017937672,0.9828636,0.0020222103,0.0014683256,0.00094709685,0.001867501,0.0013265217,0.0016464554,0.0021507929
syn-0065,2,0,2,11,11,0.0011085514,0.001648363,0.0021052663,0.00074134464,0.0009845227,0.001528586,0.0015107774,0.0016105718,0.0005095182,0.0012336628,0.0015740312,0.98544484
syn-0067,2,0,2,5,5,0.0015581663,0.001923609,0.0007170474,0.0015562654,0.001881803,0.9824436,0.0018730941,0.0028397879,0.0011225791,0.00086830946,0.0014347493,0.0017810029
syn-0069,2,0,2,11,11,0.0015347714,0.0036495079,0.002585836,0.0012465423,0.0016013739,0.0011727349,0.0023829108,0.0013373446,0.000647962,0.0018044335,0.0022194912,0.979817
syn-0071,2,0,2,6,6,0.00095359515,0.000991582,0.0016970645,0.0019396468,0.0011410253,0.0016782146,0.9867122,0.00043637457,0.0010018019,0.0005156834,0.0016991373,0.0012337426
syn-0097,2,0,2,10,10,0.0008752306,0.0012109911,0.00093304383,0.0010541843,0.0006704075,0.0010961782,0.0030045582,0.0006606587,0.0022547094,0.0015636993,0.98545086,0.001225565
syn-0098,2,0,2,10,10,0.00079057843,0.00146998,0.0006953024,0.0006959817,0.0014136661,0.0012522857,0.001213757,0.0009471229,0.0018896818,0.0011744049,0.98721945,0.0012376962
syn-0102,2,0,2,1,1,0.0023566925,0.98117733,0.0012904154,0.0020217001,0.0014473152,0.0014780244,0.0017732877,0.001217572,0.0034178928,0.0016320345,0.0009570842,0.001230722
syn-0112,2,0,2,4,4,0.0023107152,0.0014594861,0.0010070151,0.0017408159,0.9726628,0.003163528,0.0011999544,0.001489726,0.010837011,0.0017399662,0.0010952416,0.0012936646
syn-0125,2,0,2,9,9,0.001931334,0.008581991,0.0011898604,0.0044219475,0.003882399,0.0019032493,0.005155915,0.0007352026,0.012587733,0.94075954,0.015982466,0.002868298
syn-0127,2,0,2,11,11,0.030695932,0.07056453,0.005250814,0.016883755,0.035300624,0.020465378,0.03444082,0.0033539573,0.0077374987,0.013194101,0.06967435,0.69243824
syn-0137,2,0,2,8,8,0.0007512238,0.00090969546,0.00067503867,0.0005115402,0.0016472456,0.0009769143,0.0015837539,0.0009367409,0.98838985,0.0014512069,0.0017906894,0.0003760827
syn-0142,2,0,2,4,4,0.0052455678,0.003619333,0.0017899509,0.27168658,0.68837696,0.007873809,0.0065473686,0.0014723735,0.0023413855,0.0054558595,0.0025490068,0.0030418371
syn-0155,2,0,2,4,4,0.0013826977,0.0013473742,0.0006979853,0.0018761321,0.9809187,0.0025414247,0.0016435984,0.0007817064,0.0049068793,0.001265123,0.0013336289,0.0013046451
syn-0159,2,0,2,11,11,0.0010662765,0.0015258797,0.002711886,0.00077101606,0.0009084789,0.0014821865,0.0021851882,0.0017375115,0.0005657424,0.0012761658,0.0030297623,0.9827399
syn-0164,2,0,2,8,8,0.0038868177,0.0030108418,0.0011361102,0.0012624812,0.008059397,0.019709997,0.005351704,0.001717202,0.9441325,0.0032602684,0.0076398044,0.000832821
syn-0172,2,0,2,10,10,0.00076039194,0.0011077151,0.00062182714,0.000769731,0.0008334977,0.0013824498,0.0019972613,0.0007185199,0.0016924177,0.0012399765,0.98734945,0.0015266874
syn-0177,2,0,2,8,8,0.0006826867,0.0010661794,0.0007777516,0.00052241277,0.0010506753,0.00086934085,0.0030077458,0.001210206,0.9879425,0.0012483172,0.0012271649,0.00039510877
syn-0179,2,0,2,1,1,0.0020539348,0.9837662,0.0010549545,0.0015515275,0.0010694768,0.0014993927,0.0016323507,0.000923749,0.002011751,0.0014899053,0.0010679113,0.0018788241
syn-0188,2,0,2,10,10,0.0014166059,0.0014597906,0.001107031,0.0010163649,0.0011859324,0.00072778336,0.0020258839,0.0009097301,0.0012961477,0.001267669,0.9855359,0.0020509844
syn-0193,2,0,2,11,11,0.009406695,0.024922898,0.0049016224,0.0077113346,0.040860824,0.012801049,0.013021698,0.0056307246,0.010210871,0.021427915,0.09560922,0.7534951
syn-0194,2,0,2,1,1,0.0028982593,0.97598404,0.0014509461,0.0018530717,0.00174676,0.0018119139,0.0018594161,0.0015482994,0.0065154014,0.001973548,0.0010006339,0.0013577236
syn-0200,2,0,2,5,5,0.004105407,0.0043298267,0.00078698155,0.0022006873,0.0026979845,0.9656043,0.002195321,0.012863511,0.0014803599,0.0013940689,0.0007393006,0.0016022149
syn-0202,2,0,2,10,10,0.0011297246,0.001344204,0.0008602888,0.00083463517,0.0018364121,0.001173008,0.0022662827,0.00095132354,0.006944096,0.0064631347,0.9743197,0.0018772095
syn-0207,2,0,2,0,0,0.98199964,0.0018640382,0.0010880806,0.001181677,0.0022536803,0.0043329606,0.0011369628,0.0013422887,0.0014053333,0.0011397419,0.0010623563,0.0011932733
syn-0219,2,0,2,0,0,0.98527366,0.0017575836,0.0013343272,0.0012298403,0.0019428572,0.0016987324,0.0009242615,0.0013891755,0.0006637731,0.001273224,0.0012256439,0.0012869749
syn-0222,2,0,2,8,8,0.0005281346,0.00068546215,0.0008167935,0.000433584,0.0012831156,0.00085223874,0.0018225345,0.0014718177,0.9890571,0.0011826388,0.0015050665,0.00036156608
syn-0224,2,0,2,8,8,0.0012632929,0.0011435212,0.0007215621,0.0005906496,0.0026622373,0.0019647637,0.0036850283,0.0010810794,0.98189396,0.0012388586,0.0031689468,0.0005860531
syn-0228,2,0,2,6,6,0.003781487,0.003081842,0.0032471367,0.05084339,0.066571824,0.005459214,0.8532586,0.0009570439,0.00302371,0.0034112884,0.0026867182,0.0036776918
syn-0230,2,0,2,9,9,0.0011919315,0.002057965,0.0007594897,0.0010715752,0.0013290466,0.0007858975,0.0004971136,0.0017295989,0.0024397953,0.9852153,0.0011240984,0.0017980592
syn-0239,2,0,2,6,6,0.0010360942,0.0012101344,0.002028326,0.002419896,0.0015656479,0.0018416342,0.9833122,0.000571069,0.0009076774,0.00056939846,0.002971803,0.0015660302
syn-0242,2,0,2,0,0,0.9827376,0.0017362353,0.0011212714,0.0012129756,0.0039684647,0.0017935373,0.0009885527,0.0013282959,0.0013263517,0.0013511913,0.0010144692,0.0014208846
syn-0244,2,0,2,3,3,0.0011639479,0.0023700423,0.0011759443,0.98201895,0.0024662125,0.0023960043,0.0025403185,0.0006987681,0.0006674207,0.0019106109,0.0014386881,0.0011531996
syn-0247,2,0,2,3,3,0.0010961472,0.0023955943,0.0015427992,0.9825403,0.0022866596,0.0013681798,0.0023012208,0.0010495322,0.0006723555,0.0020672122,0.0013017071,0.0013782375
syn-0248,2,0,2,6,6,0.0025121176,0.0038155883,0.003955977,0.0046932534,0.0032748196,0.0057594273,0.62865776,0.0019167255,0.0034319814,0.0021320067,0.33649626,0.003354117
syn-0249,2,0,2,8,8,0.0011531772,0.0009682318,0.00071323244,0.0005213027,0.0031731601,0.002370792,0.00091670343,0.0023133296,0.9810414,0.002511862,0.0038247593,0.0004921156
syn-0254,2,0,2,7,8,0.019807193,0.032040548,0.035189655,0.008962743,0.03321943,0.10557114,0.035405092,0.23989128,0.29449555,0.036306698,0.031206768,0.12790395
syn-0255,2,0,2,2,2,0.0011974457,0.0011309542,0.98447126,0.0020800799,0.00085327233,0.00052568584,0.0022213652,0.0020589225,0.0011009861,0.0009975765,0.0014535929,0.0019088468
syn-0259,2,0,2,4,4,0.0010275447,0.0013008423,0.00060880004,0.0032531961,0.98092914,0.0032314279,0.002267496,0.0007014092,0.0018830353,0.0016900037,0.0013239109,0.0017832574
syn-0264,2,0,2,0,0,0.98187006,0.0020127816,0.0009959127,0.0009401528,0.0033641977,0.0024549982,0.0006932252,0.0018940674,0.001719523,0.0017994068,0.001030541,0.0012249936
syn-0274,2,0,2,9,9,0.0014083646,0.001772533,0.0009764987,0.0016289522,0.0020865155,0.0012810788,0.00069719105,0.002497842,0.0036688845,0.9731275,0.008341456,0.0025131344
syn-0276,2,0,2,6,6,0.0009254207,0.0010573799,0.0025675187,0.002171457,0.0023752914,0.0018845231,0.9797887,0.00066395686,0.0012170366,0.0005656983,0.0039028309,0.002880227
syn-0278,2,0,2,9,9,0.0009512623,0.0019991265,0.00077905593,0.0023324238,0.0012424988,0.00081167376,0.00069426134,0.0012388639,0.0014622352,0.9852601,0.0018376395,0.0013908532
syn-0283,2,0,2,7,7,0.0011285839,0.0007749064,0.004120133,0.00079405785,0.0007569557,0.003918044,0.0005964667,0.9819282,0.0016328848,0.0011891155,0.0017127115,0.0014480692
syn-0285,2,0,2,11,11,0.0011626508,0.0015938178,0.0020086353,0.0008962362,0.0011908037,0.0014304342,0.0018302232,0.0011643552,0.00067321927,0.0018617702,0.001424162,0.9847638
syn-0288,2,0,2,9,9,0.0011332878,0.00158073,0.00081190414,0.0016687686,0.0009651021,0.000600417,0.000587655,0.0010845637,0.0026977893,0.98650265,0.0015227733,0.0008442467
syn-0294,2,0,2,1,1,0.0015672303,0.98406583,0.001107,0.0024017314,0.0011749483,0.0017271593,0.0018175753,0.000978834,0.0012954787,0.0014395766,0.000838878,0.0015857044
syn-0301,2,0,2,3,3,0.0015118953,0.0031680309,0.0011395679,0.9775444,0.0036660188,0.003745633,0.003206744,0.0007332499,0.00065535813,0.0019088832,0.0011626114,0.0015576046
syn-0305,2,0,2,1,1,0.0013167257,0.9846987,0.0015274287,0.0020274704,0.0010031806,0.0009671076,0.0013289985,0.0009866637,0.0009595815,0.0017550577,0.0012868522,0.0021422198
syn-0308,2,0,2,3,3,0.0011311127,0.002283795,0.0012404659,0.982688,0.0024384432,0.0014319564,0.0029363912,0.0007605064,0.0007501796,0.0021633098,0.00100997,0.001165879
syn-0313,2,0,2,11,10,0.013346812,0.2639217,0.027973784,0.03378816,0.019183883,0.023174101,0.08961963,0.01148322,0.01066181,0.015235096,0.28425488,0.20735693
syn-0324,2,0,2,7,7,0.0019510863,0.0057513868,0.0021776573,0.0009020386,0.0011833938,0.007907411,0.001320171,0.95316935,0.015710415,0.005470622,0.0022434946,0.0022130306
syn-0333,2,0,2,5,5,0.004487632,0.0018645107,0.00065963814,0.0031569612,0.0349752,0.9361246,0.0037261718,0.0014894237,0.00754179,0.0016631957,0.0021980035,0.0021127674
syn-0335,2,0,2,3,11,0.0031265945,0.0047384775,0.0028287836,0.011616708,0.006453056,0.003465052,0.0038740477,0.0016133671,0.0004599859,0.011707819,0.0021678447,0.9479482
syn-0338,2,0,2,8,8,0.0008256259,0.0014815714,0.0008957709,0.0006075904,0.0014593141,0.00082724006,0.0026718306,0.0012969907,0.9847333,0.002854061,0.0016710707,0.00067583326
syn-0383,2,0,2,2,2,0.0011339363,0.00097085483,0.98514116,0.0016891995,0.00071831443,0.0005353722,0.0017396321,0.0026019511,0.00097608333,0.0010969043,0.0014323804,0.0019641754
syn-0385,2,0,2,5,4,0.0058365148,0.0037335388,0.001527013,0.0036169034,0.6544927,0.30318075,0.0034563325,0.0073672463,0.0042700856,0.004212103,0.0023999838,0.0059067556
syn-0392,2,0,2,1,1,0.0014302848,0.9844206,0.001250566,0.0021636877,0.0011046989,0.001148705,0.0012628383,0.00085824245,0.0009462841,0.0022714036,0.0012777243,0.0018649877
syn-0396,2,0,2,3,3,0.000986611,0.0018051551,0.0022086871,0.983685,0.0018324635,0.001281141,0.0023983852,0.0013498549,0.0006857453,0.0017113831,0.0010095148,0.0010461474
syn-0402,2,0,2,1,1,0.0028813784,0.97779024,0.0012859608,0.0019408524,0.0014199577,0.0018646774,0.0017732165,0.0012330785,0.0012403247,0.0022580335,0.0020720882,0.004240246
syn-0405,2,0,2,8,8,0.00079137395,0.0010832655,0.0006405613,0.00042795777,0.0011897344,0.0008073766,0.0011525673,0.0012489636,0.9886955,0.0020275158,0.0014813717,0.00045378265
syn-0406,2,0,2,4,4,0.15385002,0.0041706343,0.0023179096,0.009985919,0.7707055,0.006387466,0.0075207637,0.0032149577,0.0025531948,0.0071466397,0.022131754,0.010015218
syn-0409,2,0,2,10,10,0.0007920427,0.0016357147,0.00077710254,0.00097280316,0.00072327896,0.00060846744,0.0014061207,0.0010559678,0.0015083632,0.0030155254,0.9861546,0.0013499442
syn-0414,2,0,2,5,4,0.0032308656,0.0025063907,0.0010561033,0.004633654,0.7890241,0.17952745,0.0028735911,0.0024044951,0.004826479,0.0034695994,0.0033793112,0.0030678967
syn-0420,2,0,2,2,2,0.0015290193,0.0013222871,0.98212093,0.002040263,0.00089908356,0.00058848294,0.002184345,0.0030382208,0.0012766081,0.0012349167,0.0015783261,0.002187547
syn-0426,2,0,2,10,10,0.0010242827,0.0009683518,0.0012010213,0.0008106701,0.00088169443,0.0034897241,0.0031404116,0.0016059245,0.004436265,0.00174364,0.97733784,0.003360134
syn-0432,2,0,2,6,6,0.0009120425,0.00097039033,0.0013452813,0.0021115215,0.0011860478,0.0020721983,0.9865948,0.0003918817,0.0008870085,0.0005217001,0.0017222434,0.0012849306
syn-0433,2,0,2,5,5,0.0053403853,0.0038259309,0.0023872023,0.0032406896,0.03737861,0.68091834,0.0021884816,0.24517152,0.0063900445,0.005881038,0.0018160876,0.005461693
syn-0443,2,0,2,7,7,0.0025184716,0.001975806,0.0018733976,0.0010411766,0.0022986997,0.01745607,0.0007282794,0.9586698,0.0046810634,0.0042439853,0.000872488,0.003640779
syn-0452,2,0,2,10,10,0.0008480607,0.0008247829,0.0013585098,0.0009973098,0.00081001583,0.0011229493,0.008687255,0.0007553865,0.004223506,0.0013631609,0.9779806,0.0010284656
syn-0460,2,0,2,8,8,0.0013297714,0.0035901638,0.0013408554,0.0008845221,0.0017488052,0.0011729463,0.011425937,0.0014210745,0.9718926,0.0023469632,0.002102264,0.0007441152
syn-0464,2,0,2,4,4,0.02072789,0.001750323,0.0010370321,0.002541736,0.96234274,0.002593133,0.00117053,0.0010996112,0.0019775736,0.0018041215,0.0014390737,0.0015162582
syn-0465,2,0,2,7,7,0.002180715,0.0009932985,0.0017246665,0.0007009232,0.0016249277,0.0077143367,0.0007512469,0.9783368,0.0018743944,0.00156688,0.0012325635,0.0012993063
syn-0471,2,0,2,5,5,0.0029603236,0.0029098066,0.0006119422,0.001528688,0.012718558,0.9650344,0.0013918864,0.0017750417,0.0014473328,0.0014765995,0.0013576531,0.0067878384
syn-0473,2,0,2,10,10,0.00072381925,0.0010516092,0.00074497465,0.0007337832,0.00085245114,0.0006194178,0.0014705232,0.0007663743,0.0016124436,0.0011957092,0.9893036,0.000925327
syn-0478,2,0,2,2,2,0.0017689611,0.0018556667,0.97211534,0.0031546692,0.0011438015,0.00092990394,0.0029660708,0.0068510114,0.0017204061,0.0013326764,0.0025234248,0.0036379895
syn-0495,2,0,2,2,2,0.0013650906,0.0012209736,0.9853608,0.0024013717,0.00092163915,0.00053758733,0.0017919699,0.0017330246,0.0008662228,0.00087771827,0.0010241544,0.0018995254
syn-0005,2,0,3,11,11,0.0012603513,0.0024439655,0.0026945118,0.0017298606,0.0020937542,0.0017952605,0.0016943326,0.0014351556,0.0004616242,0.0019925162,0.0018338002,0.9805648
syn-0006,2,0,3,7,7,0.0077081798,0.0035024537,0.013204414,0.0028474745,0.0017338403,0.010375023,0.0025875964,0.8553499,0.012127595,0.039154924,0.029239893,0.022168638
syn-0008,2,0,3,8,8,0.0006037435,0.00076022785,0.0009871763,0.00049711106,0.00092917937,0.00095867465,0.0015629359,0.0022624289,0.98906624,0.00077522197,0.0012139512,0.0003830139
syn-0014,2,0,3,0,0,0.9741633,0.0028724433,0.0015446567,0.0017223478,0.006287793,0.0029255236,0.0019120588,0.0016587938,0.0022811831,0.0016857389,0.0013218601,0.0016243285
syn-0020,2,0,3,6,6,0.0009144031,0.00079251,0.0014368029,0.0013220302,0.0019583707,0.0031451692,0.9819301,0.00054521573,0.0034796859,0.00079561176,0.0023791757,0.0013008986
syn-0029,2,0,3,2,2,0.0012594075,0.0009200534,0.98510736,0.0019020528,0.00089044106,0.00047661873,0.002056484,0.0020850156,0.0010830297,0.00096326653,0.0016359733,0.0016202726
syn-0032,2,0,3,4,4,0.0032661909,0.0015522849,0.0023773762,0.005126692,0.9364271,0.0023623335,0.03296321,0.0010472558,0.0072269267,0.0029891867,0.0015104146,0.00315105
syn-0033,2,0,3,5,5,0.0015737221,0.0018148841,0.0007932515,0.0013928795,0.0015794957,0.97997355,0.0016937244,0.005342061,0.0016086836,0.0011666393,0.0012013238,0.0018597381
syn-0041,2,0,3,10,10,0.0017938304,0.0023282,0.0015722652,0.004423004,0.0024032781,0.0009144112,0.0038413655,0.0010638479,0.0065200403,0.045813903,0.92560446,0.0037213613
syn-0044,2,0,3,2,2,0.0014991646,0.0011647035,0.9845776,0.001891193,0.00072920887,0.00048244852,0.0016445016,0.0026141482,0.001001589,0.00093678,0.0013915873,0.0020672043
syn-0046,2,0,3,8,8,0.020469546,0.006401835,0.003448476,0.002222159,0.004376344,0.0069729188,0.0055457396,0.009629082,0.83561397,0.08653843,0.009107732,0.009673852
syn-0050,2,0,3,4,4,0.0072298874,0.0060157776,0.006501431,0.46750638,0.4767271,0.006555623,0.009562857,0.0020140493,0.0023870762,0.0045320867,0.003297984,0.0076699145
syn-0053,2,0,3,10,10,0.00076776487,0.00084240176,0.0009117434,0.00092881836,0.0007387129,0.0008949822,0.0017121162,0.0009923495,0.0011955416,0.00095130905,0.9891649,0.00089936296
syn-0054,2,0,3,5,5,0.0018620082,0.0010306864,0.0007191838,0.0013754752,0.0021955895,0.9805711,0.0017468478,0.0049171294,0.0014659741,0.0009970263,0.0016697048,0.0014492486
syn-0057,2,0,3,8,8,0.0011845324,0.0012789102,0.000666412,0.0005230728,0.0023887355,0.0022610573,0.0025913657,0.001450611,0.9738548,0.00184272,0.010924717,0.0010331676
syn-0072,2,0,3,0,0,0.9824346,0.0014842603,0.0016521779,0.0014878885,0.0028830739,0.001991934,0.0011430341,0.002085746,0.0011463877,0.0013922927,0.0011203784,0.0011781666
syn-0073,2,0,3,11,11,0.0033552644,0.008671081,0.0027850093,0.0012577563,0.0011452001,0.003179028,0.0033234686,0.0031558294,0.0009365124,0.0015760399,0.008649938,0.9619648
syn-0074,2,0,3,5,5,0.0066290516,0.0032130433,0.0008523076,0.0027358767,0.0032800166,0.96811265,0.0040544844,0.0030722765,0.0018688971,0.0024114575,0.0010732173,0.002696751
syn-0091,2,0,3,4,4,0.002675502,0.0008191507,0.00089702924,0.0032696014,0.9817925,0.0023499802,0.0017515875,0.00071099575,0.0016239135,0.0015311225,0.0010115162,0.0015670493
syn-0093,2,0,3,5,5,0.0015579233,0.0017844244,0.00069640623,0.0011628493,0.0019320154,0.98157114,0.0032668696,0.0028210348,0.0014016369,0.0007945447,0.0014807852,0.0015304035
syn-0101,2,0,3,3,3,0.00095417816,0.0017351911,0.0018775637,0.98538905,0.0017016295,0.0011921417,0.0019473587,0.0009481405,0.00063159777,0.0015378572,0.00092980184,0.0011554633
syn-0111,2,0,3,3,3,0.00094130327,0.0020971857,0.0023906801,0.98499346,0.0015141463,0.00130687,0.0017510883,0.00092039636,0.00061973784,0.0013342735,0.00093854946,0.001192245
syn-0113,2,0,3,11,11,0.0024983187,0.0031778933,0.0025482157,0.0009726399,0.0013197395,0.0020732025,0.0029809847,0.0011173172,0.0028622393,0.0017322255,0.0027867355,0.9759305
syn-0122,2,0,3,3,3,0.00096188684,0.0015003846,0.0016848699,0.98417675,0.0019530521,0.0015232684,0.0019918156,0.001111458,0.00088267686,0.0018802966,0.0011619577,0.001171643
syn-0133,2,0,3,2,2,0.005613115,0.003128367,0.9333249,0.006029349,0.002233561,0.0019405512,0.004624556,0.0298264,0.0026227979,0.0024009456,0.0035501006,0.0047054165
syn-0140,2,0,3,11,11,0.0052490076,0.0041220053,0.0066963946,0.021273306,0.01043635,0.0030423459,0.004277844,0.0033824013,0.00089318893,0.03838954,0.003397298,0.8988403
syn-0141,2,0,3,2,2,0.0012640298,0.00083302864,0.98534936,0.0018840311,0.00080385857,0.00057899766,0.0017115603,0.0022688333,0.0010211464,0.0010097426,0.0014232702,0.001852107
syn-0146,2,0,3,10,10,0.0009472982,0.00085832365,0.00088773435,0.00093809224,0.0008266517,0.00071470917,0.0013950687,0.001135984,0.0014529458,0.0012485486,0.9888496,0.0007449966
syn-0154,2,0,3,1,1,0.002004175,0.9843779,0.00088371994,0.0018526543,0.0011764691,0.002192039,0.0012870611,0.0010236325,0.001364062,0.0015091418,0.00091892335,0.0014101133
syn-0178,2,0,3,9,9,0.0033891213,0.0039526224,0.0020495926,0.0056315414,0.017619533,0.002657555,0.0027285593,0.0017058222,0.010416316,0.8993078,0.022767995,0.027773611
syn-0187,2,0,3,3,3,0.0010133525,0.0017795751,0.0015745003,0.984536,0.001759057,0.0015060713,0.0018722779,0.001036371,0.0006790053,0.0018527254,0.0013011704,0.001089826
syn-0189,2,0,3,10,10,0.0015271917,0.002195091,0.0008550053,0.002047049,0.0029675514,0.0035226566,0.0033346754,0.00078153814,0.0040635956,0.0022106876,0.9740263,0.0024686097
syn-0191,2,0,3,4,4,0.0020802615,0.0014227773,0.0011992692,0.0085678855,0.9678448,0.0022636221,0.0049309456,0.0008612743,0.002812313,0.0028426861,0.0036692913,0.0015049551
syn-0192,2,0,3,5,5,0.0015544505,0.0020378067,0.0009537027,0.0015967615,0.0015697051,0.9805793,0.0017185207,0.004272112,0.0012646853,0.0009912096,0.0012628341,0.0021989606
syn-0211,2,0,3,0,0,0.98297924,0.001477128,0.0016636205,0.0016049739,0.002824047,0.0016334357,0.0012061856,0.0015555941,0.00077877194,0.0015465058,0.0013299206,0.0014005669
syn-0215,2,0,3,10,10,0.0009401017,0.0012112474,0.0010600858,0.0020254883,0.001781823,0.0012675183,0.0042111864,0.00066273723,0.0044598607,0.0068421084,0.9741761,0.0013618422
syn-0217,2,0,3,6,6,0.0028664593,0.0022719891,0.002189222,0.003052075,0.0016508986,0.003059909,0.9676349,0.00061900786,0.0038208212,0.0015038943,0.009029875,0.0023010164
syn-0233,2,0,3,8,8,0.0006460215,0.0008166477,0.0009986253,0.00047914567,0.0010557892,0.00066717964,0.0013392121,0.001817322,0.98936355,0.00091952767,0.0015059004,0.0003910673
syn-0267,2,0,3,4,4,0.0056508784,0.000891048,0.00068720506,0.002145617,0.9781075,0.0057848846,0.0010560809,0.00079328887,0.0013720195,0.0011598781,0.0009969524,0.0013547112
syn-0269,2,0,3,10,10,0.0009031428,0.0008267494,0.00088653975,0.0007133989,0.00089480274,0.0007009683,0.0014639783,0.0009789171,0.0014584488,0.0012819022,0.9889665,0.0009245602
syn-0275,2,0,3,0,0,0.98017037,0.00206651,0.00169945,0.0018108224,0.0026489205,0.0022558067,0.0016439493,0.0020852617,0.0014750664,0.0012318626,0.0016576522,0.00125432
syn-0282,2,0,3,7,7,0.003841108,0.0015263959,0.0026697675,0.001002992,0.0010760532,0.027806034,0.0010010349,0.9491117,0.002941487,0.0028994204,0.0021982365,0.0039258124
syn-0284,2,0,3,0,0,0.96344537,0.0023904755,0.0014973829,0.0012450163,0.0053811045,0.0026088112,0.0014428345,0.0018617043,0.01273487,0.003711038,0.0020718167,0.001609598
syn-0295,2,0,3,10,10,0.0008565601,0.000967298,0.0007301548,0.00085530634,0.0007937374,0.0007776253,0.0016700408,0.00076669164,0.0012475054,0.0015104838,0.9887473,0.0010772562
syn-0297,2,0,3,11,11,0.0013084529,0.0025853096,0.0022066808,0.00093510916,0.001176331,0.0019257588,0.002014486,0.0018802304,0.0005806224,0.00096809596,0.0011175409,0.9833015
syn-0299,2,0,3,1,1,0.0044694548,0.9333862,0.0012180089,0.0048919865,0.0030635698,0.03619131,0.001875468,0.0031301004,0.0026525934,0.0061652064,0.00072235154,0.0022337078
syn-0303,2,0,3,7,7,0.007898687,0.0017062313,0.004085049,0.002129669,0.003909418,0.35329193,0.0029452257,0.60805386,0.0046097953,0.0032236602,0.0041010375,0.0040453505
syn-0306,2,0,3,5,5,0.0021613715,0.0013364677,0.0008330797,0.0011052691,0.0043078563,0.97821873,0.0015074078,0.0050957613,0.0021711558,0.00079260464,0.0013681613,0.0011020356
syn-0307,2,0,3,3,3,0.0013620651,0.0018026818,0.0014288266,0.9824571,0.0018827482,0.0012413862,0.0025767318,0.000974375,0.00085402495,0.0024127793,0.0017609228,0.0012462446
syn-0310,2,0,3,10,10,0.0008672343,0.00069922826,0.00074033753,0.0007747314,0.0005847979,0.0007378114,0.0016251592,0.0017154629,0.0014837035,0.0019897288,0.98747545,0.0013063303
syn-0325,2,0,3,4,4,0.008789858,0.003632981,0.0029277473,0.3602266,0.53030485,0.032475412,0.0266354,0.0018107925,0.00389762,0.017285502,0.0050242306,0.0069890907
syn-0327,2,0,3,1,1,0.004428064,0.95351464,0.0018051136,0.001991261,0.0021667767,0.0017410541,0.0021880404,0.0017875712,0.024508549,0.0020345047,0.001537976,0.002296408
syn-0329,2,0,3,8,8,0.00089571904,0.0007109981,0.0009656699,0.0004537067,0.0012333026,0.0007978369,0.0015129199,0.0021269277,0.9856383,0.0025691688,0.002277269,0.0008183538
syn-0336,2,0,3,0,0,0.9797594,0.0026397416,0.0021161784,0.0018927664,0.002757491,0.0024518152,0.0013385727,0.0021817544,0.0014508801,0.001483837,0.0010506577,0.00087700057
syn-0343,2,0,3,8,8,0.0026506276,0.001811105,0.0022396944,0.0008655898,0.0052158753,0.0017434245,0.0019035904,0.0043706796,0.9576141,0.010607012,0.0072210026,0.0037571976
syn-0345,2,0,3,7,7,0.0033953206,0.0016732313,0.0029038172,0.00135106,0.0020561004,0.034844298,0.0012361755,0.9417732,0.0029187433,0.0023355624,0.001826057,0.0036864856
syn-0346,2,0,3,6,6,0.0012303187,0.00087285275,0.0020374488,0.0036125781,0.0014043823,0.00091563555,0.98325354,0.00039903616,0.0015207252,0.0008406448,0.0025579517,0.0013548746
syn-0348,2,0,3,9,9,0.0023222947,0.0050773136,0.0009421943,0.0019646606,0.001816127,0.0009835615,0.0006035923,0.0018746922,0.004604924,0.9763446,0.0017448475,0.0017211544
syn-0366,2,0,3,9,9,0.0049382052,0.0037992168,0.0035935151,0.07777639,0.006016536,0.0048097004,0.003887414,0.0021073674,0.0029689635,0.874594,0.011748213,0.0037604591
syn-0368,2,0,3,9,9,0.0017829686,0.0015935673,0.0012386498,0.0022167745,0.0014326556,0.0009272529,0.0007831162,0.0012930331,0.004195417,0.98077035,0.0015742328,0.002192018
syn-0369,2,0,3,6,5,0.0025064433,0.006952688,0.0009824963,0.002047698,0.0024820853,0.9489804,0.022914166,0.00441933,0.0027193904,0.002102408,0.0020708241,0.0018221498
syn-0372,2,0,3,1,1,0.0034368522,0.97500664,0.0011870922,0.0060862266,0.001568041,0.001963885,0.0014207632,0.0012636529,0.00094643235,0.0032103495,0.0010968092,0.0028131355
syn-0382,2,0,3,0,0,0.9826633,0.0015573737,0.0015558536,0.0014270344,0.003288118,0.0016785866,0.0010724588,0.001890052,0.0010011069,0.0014180049,0.0012829386,0.0011652805
syn-0399,2,0,3,8,8,0.0006232019,0.00069931755,0.0009023367,0.0003660039,0.0009314346,0.0008451871,0.0012003735,0.0021943904,0.98856646,0.0013466541,0.001974376,0.000350268
syn-0401,2,0,3,11,11,0.0053773,0.018654417,0.005402631,0.002585732,0.0038825916,0.0027917505,0.003073633,0.0023925793,0.0007632221,0.006362359,0.002147838,0.946566
syn-0407,2,0,3,6,3,0.0016873531,0.003211428,0.0031950055,0.8991783,0.0039146026,0.004179299,0.07409793,0.0008996538,0.0010518018,0.0028646835,0.003256431,0.00246349
syn-0408,2,0,3,4,4,0.059403654,0.0046211556,0.0056619584,0.013099625,0.8535421,0.007876218,0.009280453,0.002775634,0.023583036,0.0047631934,0.010452142,0.00494086
syn-0411,2,0,3,2,2,0.0012757224,0.0011729575,0.9833583,0.0024415217,0.00089583144,0.00049135473,0.0016658881,0.0028234127,0.00090771995,0.0014266501,0.0013395594,0.002201024
syn-0413,2,0,3,9,9,0.0014786446,0.0019464906,0.0013938139,0.001315776,0.001176578,0.0008667074,0.00055415026,0.001812558,0.0014136909,0.984469,0.001371535,0.0022010903
syn-0416,2,0,3,2,2,0.0013029815,0.00091363385,0.98542506,0.0018810735,0.0008837964,0.0005226104,0.0017822693,0.0019615064,0.00092666305,0.0010398424,0.0014957003,0.0018648406
syn-0417,2,0,3,7,5,0.016927935,0.010490285,0.014521712,0.012433215,0.122901976,0.32191184,0.09308892,0.08542319,0.043833416,0.01262901,0.0989959,0.16684265
syn-0422,2,0,3,1,1,0.0018939358,0.9849229,0.0013648171,0.0019374299,0.000917638,0.0011177451,0.0011414615,0.0012567146,0.0009635566,0.0014663815,0.0013150978,0.0017022785
syn-0425,2,0,3,5,5,0.00277807,0.0025091642,0.00053351506,0.0017154934,0.010622167,0.96933943,0.0022368792,0.002076872,0.0018004571,0.0011416496,0.001144999,0.004101213
syn-0430,2,0,3,1,1,0.010926473,0.45908055,0.00458048,0.090752125,0.012560951,0.3761571,0.00970635,0.005190364,0.0020049755,0.007344648,0.0037021479,0.01799383
syn-0431,2,0,3,3,3,0.001303898,0.0017713725,0.0017550151,0.9841941,0.0017240138,0.0013393891,0.001796634,0.0012956476,0.00065981614,0.0017189704,0.0011762495,0.0012650162
syn-0436,2,0,3,6,6,0.00092432357,0.0008473791,0.0014225617,0.0018603596,0.0018696937,0.0014988609,0.9848588,0.00039081034,0.00219988,0.00077456713,0.0020114058,0.001341276
syn-0437,2,0,3,3,3,0.0014628943,0.0019342386,0.001436001,0.960757,0.007873655,0.0029508022,0.0052990434,0.0008692792,0.0016609172,0.0026821482,0.01133923,0.0017346871
syn-0445,2,0,3,6,6,0.0018410487,0.0017558833,0.00223487,0.0020872005,0.0021884355,0.0030294536,0.95136136,0.00084908976,0.029582733,0.0012402537,0.0023467026,0.0014829404
syn-0449,2,0,3,11,11,0.0015797723,0.0017576367,0.0023296275,0.0018231964,0.0016188156,0.0008779886,0.0020309454,0.0013982345,0.0005690907,0.002334752,0.0028168396,0.9808632
syn-0451,2,0,3,8,8,0.0044382187,0.0040037273,0.0020439054,0.0014047544,0.0044621206,0.038415316,0.0017568022,0.11115839,0.8054692,0.018887404,0.0055234525,0.0024366977
syn-0469,2,0,3,9,9,0.0012699933,0.0012925146,0.0015196118,0.0018325542,0.0010590485,0.0006751473,0.00044493968,0.0022952084,0.0012868472,0.985657,0.0011050067,0.0015621182
syn-0472,2,0,3,8,8,0.00063757866,0.0007338485,0.0008083396,0.00045078836,0.00095525134,0.00073672074,0.0016013081,0.0014548074,0.9889087,0.0010973422,0.0021154408,0.0004999527
syn-0482,2,0,3,1,3,0.0062481053,0.15641196,0.003776737,0.80368865,0.005032766,0.0027793574,0.005248603,0.0016612516,0.001276216,0.00613474,0.0033476378,0.004393946
syn-0485,2,0,3,10,10,0.0010771255,0.0008462716,0.0009052608,0.0008986547,0.0009358229,0.0007664115,0.0031681675,0.0012107491,0.0038243395,0.0013265053,0.98453265,0.0005080533
syn-0492,2,0,3,6,6,0.0009382128,0.0009350115,0.0019023113,0.0019537332,0.0011534581,0.001705325,0.98415947,0.0007288992,0.0014857777,0.00080406485,0.0030920939,0.0011416911
syn-0016,2,0,4,9,9,0.0010025101,0.0026580815,0.0008533156,0.0020425047,0.001212214,0.0011635001,0.0011085944,0.0007739237,0.005526409,0.9749535,0.007476646,0.001228901
syn-0023,2,0,4,1,1,0.0016025123,0.98555356,0.0011162785,0.00172766,0.0011505889,0.0012754527,0.0010589374,0.0009308657,0.0009860747,0.0016651291,0.0012501725,0.0016827019
syn-0026,2,0,4,10,10,0.000788891,0.00088610826,0.0007958552,0.0007927524,0.0007646194,0.0007713693,0.0019678378,0.0007109658,0.0013497525,0.00088610826,0.989451,0.000834864
syn-0027,2,0,4,4,4,0.0017508819,0.00085352,0.00071733346,0.001863349,0.9809178,0.0037991514,0.0018362527,0.00097617926,0.0040709223,0.0010012825,0.0010096285,0.0012036561
syn-0035,2,0,4,9,9,0.004422705,0.035961702,0.0022065695,0.0052188593,0.0046326923,0.004347764,0.003179339,0.0015076915,0.007654819,0.83625954,0.08626764,0.008340732
syn-0040,2,0,4,4,4,0.0016503124,0.001017473,0.0008788314,0.0035730714,0.98084635,0.0039967685,0.0015363839,0.001121849,0.0012743289,0.0017081117,0.0008719922,0.0015244274
syn-0048,2,0,4,11,11,0.0013638318,0.00222401,0.001713136,0.0010799337,0.0031876923,0.00196412,0.0022968496,0.0016322928,0.0015037387,0.0024575512,0.0035472398,0.97702956
syn-0056,2,0,4,8,8,0.00073880766,0.0010739096,0.0008122143,0.00048832205,0.0010172537,0.00069676206,0.0019304674,0.001327073,0.98880893,0.0011674266,0.0015562475,0.00038254051
syn-0070,2,0,4,2,2,0.0012605048,0.0009473068,0.9850034,0.0017992092,0.0009168172,0.0005363438,0.0020908804,0.0022591255,0.0009754705,0.001125504,0.0014780032,0.0016074938
syn-0077,2,0,4,2,2,0.0011167228,0.0009883959,0.9869091,0.0017364896,0.0006833059,0.00042551907,0.0020158389,0.0016649787,0.00094636297,0.00088902574,0.001182666,0.0014416227
syn-0084,2,0,4,5,5,0.0018798386,0.0018421296,0.00052367174,0.0025087653,0.0024366297,0.9816576,0.0016464437,0.002548817,0.0012313244,0.0011145836,0.0011299266,0.0014801926
syn-0085,2,0,4,3,1,0.006503981,0.9195004,0.0015331832,0.031896695,0.009682923,0.006320055,0.0025501067,0.0009957148,0.0010840093,0.010608678,0.0032001128,0.0061241123
syn-0086,2,0,4,10,10,0.0006756199,0.0008751714,0.0007489394,0.0006852549,0.0007025336,0.0009791888,0.0014306367,0.001120455,0.0012035411,0.0010476988,0.98924094,0.0012899507
syn-0090,2,0,4,5,5,0.010102411,0.0025894514,0.0010679103,0.0012030313,0.013442464,0.945616,0.002835636,0.0041729314,0.012946442,0.0022851827,0.001356573,0.0023820226
syn-0094,2,0,4,1,1,0.0012905437,0.96700555,0.0029998715,0.0037425265,0.0012830041,0.0019026494,0.006449163,0.0017222608,0.0012123536,0.0021319066,0.0018980098,0.008362154
syn-0106,2,0,4,10,10,0.0015268415,0.00227867,0.0035404922,0.0030350047,0.00085397495,0.00075363024,0.02814202,0.0014455846,0.0083594825,0.0035761094,0.9438423,0.002645886
syn-0107,2,0,4,10,10,0.0007192668,0.0007735469,0.00067965937,0.00071123434,0.0006886791,0.0011468624,0.0020638108,0.00086548587,0.0011482632,0.0012685315,0.9883759,0.001558845
syn-0109,2,0,4,3,3,0.0015890051,0.005024023,0.0016539181,0.96609706,0.0037638247,0.001726534,0.0028237312,0.0006800937,0.00089309365,0.011949461,0.0019251476,0.0018741348
syn-0117,2,0,4,6,6,0.0010632622,0.0013901453,0.0018184107,0.006567561,0.009311625,0.0027151355,0.96665514,0.00030822062,0.0021420883,0.0019356882,0.0028681045,0.0032246967
syn-0119,2,0,4,6,6,0.00088406086,0.0008682324,0.0018652845,0.0017628928,0.0009828759,0.0015071462,0.98187685,0.000532557,0.0010447345,0.00067585,0.0063748243,0.0016246479
syn-0128,2,0,4,2,2,0.0014556356,0.0009694258,0.9856141,0.001600265,0.00068910606,0.0004978007,0.0019002457,0.0020059268,0.0010149577,0.0011333734,0.001420528,0.0016986972
syn-0139,2,0,4,1,1,0.0015422924,0.9850994,0.0009712879,0.0017519182,0.0010667511,0.0012254271,0.0014382768,0.00072604156,0.001120131,0.0018503944,0.0013353947,0.0018726634
syn-0147,2,0,4,0,0,0.98102355,0.002826784,0.0016976102,0.0016317788,0.0031816354,0.001330519,0.00090423925,0.0013073354,0.0017344769,0.002141793,0.0009825014,0.0012377604
syn-0156,2,0,4,6,6,0.001051487,0.0015517223,0.0012061246,0.001778407,0.0016080303,0.003844302,0.98292947,0.0005192546,0.0019247951,0.0006082569,0.001752974,0.0012251183
syn-0167,2,0,4,0,0,0.9846169,0.001643363,0.0013657261,0.0011545578,0.002512223,0.0014759812,0.0009784262,0.0015869797,0.0013858792,0.0011234157,0.0010099779,0.0011466923
syn-0168,2,0,4,1,1,0.0032647357,0.96926516,0.001192847,0.00286219,0.0017698135,0.00850953,0.0022416278,0.0013190723,0.0023173064,0.004446867,0.00078765413,0.002023165
syn-0173,2,0,4,8,8,0.0008464857,0.0012461474,0.0008349915,0.00074848154,0.0012682462,0.0019923106,0.0057733934,0.0009256062,0.9823805,0.001679743,0.0017754622,0.00052868365
syn-0182,2,0,4,6,6,0.0008207375,0.0011300617,0.0014887056,0.0014939851,0.00095300237,0.00180308,0.9860989,0.0005475305,0.001427486,0.00053694024,0.0019820496,0.0017176782
syn-0183,2,0,4,4,4,0.0067526097,0.0029179426,0.0015818168,0.005254125,0.6006589,0.3621896,0.004886634,0.0025952717,0.003882671,0.0026490449,0.0021536583,0.0044776634
syn-0185,2,0,4,7,7,0.005630575,0.0014216353,0.0072082113,0.001636292,0.0018433293,0.008119263,0.0019205067,0.9474374,0.0064169886,0.008982817,0.0026559643,0.0067269984
syn-0195,2,0,4,4,4,0.0040243897,0.0022863199,0.0010305252,0.0046992484,0.8013666,0.1602834,0.0054866057,0.0014209953,0.009984807,0.004063883,0.00203151,0.0033217066
syn-0197,2,0,4,11,11,0.0051569343,0.003956614,0.002548353,0.0023533914,0.02001501,0.005021205,0.0037625453,0.0018508094,0.0028750002,0.003024767,0.0009361145,0.94849914
syn-0208,2,0,4,8,8,0.0008288249,0.0009866598,0.0007793696,0.00060578936,0.00086690614,0.00082519057,0.003231186,0.001031993,0.98661983,0.0016810304,0.0021602649,0.00038281348
syn-0210,2,0,4,0,0,0.9556008,0.001846546,0.0013235387,0.0016536175,0.023186965,0.0053340346,0.0013722364,0.0022991858,0.0024148263,0.0015957131,0.0010449623,0.002327424
syn-0226,2,0,4,6,6,0.000814188,0.00146426,0.0021031604,0.0015657528,0.00091362995,0.001122139,0.98397845,0.00045917774,0.00094401353,0.0006154823,0.0041026105,0.0019172297
syn-0229,2,0,4,7,7,0.0021958586,0.0006456964,0.002209572,0.00088515173,0.00084875186,0.005685204,0.0006400462,0.9783,0.0038703526,0.0014430708,0.0015622374,0.0017141075
syn-0236,2,0,4,11,11,0.02403992,0.08018252,0.010626061,0.0104409065,0.04268008,0.02560286,0.028513283,0.008068107,0.321023,0.104526676,0.022017226,0.3222794
syn-0246,2,0,4,8,8,0.0023785126,0.0038022283,0.0014415847,0.0014664327,0.0016722674,0.0013522612,0.0070784255,0.0015070838,0.9744334,0.0014130118,0.002781442,0.0006733517
syn-0250,2,0,4,11,11,0.0011250079,0.0018446635,0.0020315389,0.00092089875,0.0009841283,0.0014580026,0.0012587192,0.0017966606,0.00047265127,0.0011715379,0.0014052317,0.9855311
syn-0261,2,0,4,5,5,0.0016827332,0.0012404667,0.000694142,0.0013069991,0.0038839206,0.9793356,0.0049013523,0.001988319,0.001555514,0.00083975174,0.0006914358,0.0018797468
syn-0262,2,0,4,10,10,0.0006891409,0.00082600286,0.00075650384,0.00069658377,0.00066598435,0.0010078482,0.0022601578,0.0011453923,0.001384308,0.0010720632,0.98855597,0.0009401061
syn-0263,2,0,4,0,0,0.96493226,0.007414263,0.0018554954,0.0018536842,0.00781956,0.0024200222,0.0011600059,0.0015158907,0.005775644,0.0023894934,0.0011725341,0.0016910984
syn-0265,2,0,4,3,3,0.0020934178,0.0030254314,0.0014775855,0.97467935,0.0055033155,0.0033164038,0.003199676,0.00060138706,0.00060021365,0.0021593426,0.0013672108,0.0019766924
syn-0280,2,0,4,0,0,0.98382217,0.0017999054,0.0013304113,0.0010285643,0.0034298263,0.001536537,0.0008280904,0.0012394743,0.0013659571,0.0012340394,0.0010789792,0.0013059535
syn-0281,2,0,4,10,8,0.0054662433,0.0073126606,0.002296541,0.0021136077,0.025436604,0.082472,0.008953099,0.0031145716,0.72934455,0.008961847,0.12260198,0.001926342
syn-0286,2,0,4,8,8,0.001391251,0.0038329358,0.0013255976,0.0009222587,0.0012667484,0.0013268929,0.007684364,0.0012361964,0.97453564,0.00409961,0.0017898942,0.0005885177
syn-0296,2,0,4,3,3,0.0014039808,0.0028606977,0.0013855929,0.977707,0.0045067277,0.0036340998,0.0017944041,0.0007227074,0.0006044346,0.0022677856,0.0013998736,0.0017126505
syn-0300,2,0,4,10,10,0.00063394796,0.0007695566,0.00091030827,0.0007665565,0.0009941797,0.0007058401,0.001414654,0.0010849838,0.0013317864,0.0010132933,0.9895387,0.000836162
syn-0304,2,0,4,1,1,0.0017336872,0.983694,0.0010441158,0.001653892,0.001064709,0.0018595207,0.0017700404,0.0010436061,0.0013179539,0.0012496429,0.001886039,0.0016828104
syn-0312,2,0,4,11,11,0.0030908913,0.003057866,0.0028197905,0.001123828,0.0026015206,0.003814878,0.004853166,0.0031029885,0.010169341,0.0030031176,0.0025474685,0.95981514
syn-0314,2,0,4,8,8,0.0006432711,0.00090627227,0.00084021356,0.000487467,0.0010585053,0.00081277394,0.0013121954,0.0013531881,0.98900723,0.0016158022,0.0015944453,0.00036867874
syn-0321,2,0,4,9,9,0.0011199553,0.001975686,0.0009825828,0.0028208995,0.0010222235,0.0010393356,0.0008671263,0.0008266101,0.002502384,0.9839834,0.0017299685,0.0011298419
syn-0323,2,0,4,7,7,0.0010389654,0.0007479734,0.001765399,0.0006652613,0.000621911,0.004482314,0.0005382192,0.98363286,0.002463913,0.0014857079,0.0012063985,0.0013511023
syn-0328,2,0,4,10,10,0.0007156884,0.0006889433,0.00072909176,0.0007614745,0.0007972394,0.0008350919,0.0012923109,0.0009866247,0.002124687,0.001577055,0.9887551,0.00073660625
syn-0330,2,0,4,0,0,0.936283,0.002870724,0.0011310743,0.0022232032,0.028522888,0.016932292,0.0013885304,0.0025340235,0.0014103965,0.003001157,0.0016233566,0.0020793483
syn-0332,2,0,4,6,6,0.00084214756,0.0011107721,0.0015866468,0.0020844624,0.0014402563,0.0011660703,0.9850113,0.0004507691,0.001063016,0.000641298,0.0034130763,0.0011902308
syn-0339,2,0,4,7,7,0.001538364,0.000824332,0.0022347572,0.0009340906,0.0005922963,0.0026133338,0.00053196895,0.9855934,0.0014326881,0.0010410362,0.0011405665,0.001523228
syn-0341,2,0,4,8,8,0.0008388968,0.0008388968,0.00084094744,0.00054561405,0.0010661761,0.0008541904,0.0012885681,0.0014382037,0.98938775,0.0014967738,0.0010328689,0.000370988
syn-0350,2,0,4,2,2,0.0013178414,0.0009665101,0.9850519,0.0023953498,0.00077434076,0.0005270242,0.0020668118,0.002173217,0.0010318633,0.0010962695,0.001010424,0.0015884562
syn-0353,2,0,4,7,7,0.002487468,0.001552822,0.0027080432,0.0021770366,0.0016005501,0.043133188,0.00072424806,0.92946136,0.004403913,0.005954756,0.0028310847,0.002965503
syn-0354,2,0,4,8,8,0.00075903896,0.00089392986,0.0008736485,0.0005553248,0.0010915285,0.0009005013,0.001424317,0.0014316381,0.98945016,0.0010851516,0.0011386182,0.00039609833
syn-0355,2,0,4,5,5,0.010412893,0.0052295434,0.0027236699,0.0046557966,0.14455499,0.7199118,0.0063018766,0.003690239,0.017678365,0.0057631945,0.0736874,0.0053902804
syn-0357,2,0,4,3,3,0.0016188951,0.004657061,0.003040783,0.9709047,0.005178864,0.0017402166,0.0027237448,0.0006217064,0.00066895055,0.005784497,0.0012756588,0.0017849675
syn-0363,2,0,4,9,9,0.019029396,0.011621081,0.0035772636,0.00461578,0.0130436225,0.010575949,0.009998451,0.0034978103,0.382029,0.5252403,0.01231934,0.004451976
syn-0367,2,0,4,4,4,0.0016415223,0.0012653772,0.00071853003,0.0021085285,0.982554,0.0026425088,0.0011892923,0.0006723649,0.0036047238,0.001450762,0.0010950926,0.0010572622
syn-0370,2,0,4,9,9,0.0011457452,0.0025561044,0.0013349411,0.0020495048,0.0010731793,0.0019159535,0.00049931847,0.0014892345,0.0010810683,0.9809256,0.0025473826,0.0033819508
syn-0371,2,0,4,6,6,0.0008158402,0.0014845268,0.0020080956,0.0016022198,0.0010692645,0.0011829901,0.98453194,0.00046033427,0.0009556785,0.00066717115,0.0034770016,0.0017449347
syn-0374,2,0,4,8,8,0.00086578465,0.00069330377,0.0007633065,0.0006660929,0.0015798365,0.0010166627,0.0016988527,0.0012176776,0.9887171,0.0010058,0.001447794,0.0003278135
syn-0377,2,0,4,5,5,0.0041169105,0.004363212,0.0026181454,0.0026028499,0.0030134672,0.6307069,0.0033947562,0.32848707,0.0065651657,0.0045436732,0.0019342735,0.00765358
syn-0379,2,0,4,3,3,0.0074629383,0.008506313,0.007322166,0.80206954,0.10398291,0.009114808,0.004083367,0.0031553814,0.0024839537,0.02720515,0.019094538,0.0055189705
syn-0393,2,0,4,2,2,0.0023080949,0.0014726766,0.98001695,0.0028985355,0.00078327913,0.00074741023,0.0024595049,0.0026465263,0.0011138079,0.0016040487,0.0014633582,0.002485764
syn-0415,2,0,4,1,8,0.013226883,0.31998894,0.0064999997,0.007963966,0.045052893,0.012529078,0.007237125,0.0064242724,0.46105662,0.035877667,0.016477205,0.06766544
syn-0418,2,0,4,0,0,0.9787958,0.0015981434,0.0014629628,0.0016618063,0.006280785,0.0019889215,0.0011572988,0.0012847716,0.0013776859,0.0014255885,0.0013603062,0.0016059659
syn-0421,2,0,4,10,10,0.0007476665,0.0010741251,0.00083083054,0.0012260906,0.0008758196,0.00089921965,0.0022374394,0.00054540427,0.0032177244,0.0020528766,0.9851516,0.0011411691
syn-0429,2,0,4,2,2,0.0021505484,0.0019850514,0.9735579,0.0019071419,0.0009913465,0.000875715,0.0022548563,0.0050913314,0.0016962471,0.0033904193,0.0026977214,0.0034016122
syn-0440,2,0,4,1,1,0.0039735986,0.9783796,0.0013204699,0.0017995882,0.0014630549,0.0020223437,0.0017433693,0.00107721,0.0039979257,0.0016889065,0.0012017145,0.0013321267
syn-0444,2,0,4,5,5,0.0025267666,0.003089064,0.000777613,0.0032321783,0.005850576,0.9503897,0.02503196,0.001752378,0.0022479014,0.0014879502,0.0012221629,0.0023917104
syn-0448,2,0,4,4,5,0.0036180413,0.002007852,0.00097568636,0.0024337869,0.06476066,0.90807176,0.0036975162,0.0017376513,0.005114299,0.0030422364,0.002146761,0.0023937158
syn-0453,2,0,4,1,1,0.0044161654,0.9529281,0.0022200455,0.0022550062,0.002012511,0.0026043828,0.0028146345,0.0024418174,0.001782986,0.0034233967,0.012473444,0.010627508
syn-0454,2,0,4,11,11,0.0011900195,0.0023706844,0.0017280898,0.0010798279,0.0025168124,0.0021401667,0.0025399604,0.0019250015,0.0011859591,0.0021914544,0.0022882295,0.9788438
syn-0457,2,0,4,9,9,0.0013044013,0.0023515369,0.0011940673,0.0019118444,0.0010872105,0.0011070311,0.00040765185,0.0014701628,0.0014228448,0.98505485,0.0012760528,0.0014124616
syn-0459,2,0,4,5,8,0.05454586,0.032234613,0.0043481262,0.0066365786,0.17267057,0.17642042,0.022692347,0.0038635284,0.50454205,0.011704569,0.0067542684,0.0035871647
syn-0468,2,0,4,6,6,0.00081291754,0.000713206,0.0018800515,0.0019963328,0.0011653038,0.00095785095,0.9862882,0.00052562845,0.0012879857,0.0006459029,0.0025353346,0.0011911921
syn-0484,2,0,4,3,3,0.0009491599,0.00204089,0.0016573088,0.98500454,0.0019323939,0.0012891388,0.0018142083,0.0008608507,0.00074755494,0.0015417676,0.0010088966,0.0011533217
syn-0489,2,0,4,11,11,0.00152971,0.0031792505,0.0017762283,0.0013394587,0.003356728,0.0030867057,0.005282164,0.0013174051,0.0008406711,0.0025165295,0.005842542,0.96993256
syn-0002,2,1,0,1,1,0.0013455114,0.9879688,0.0010129214,0.0008127139,0.0017920034,0.0006649391,0.0008095454,0.0012254012,0.00090399553,0.0011396926,0.0006975311,0.0016269389
syn-0004,2,1,0,10,10,0.0021100335,0.0012581144,0.0021548045,0.0017004341,0.0019438539,0.003470798,0.0048470437,0.003669923,0.00741888,0.005639854,0.96317875,0.0026074527
syn-0011,2,1,0,10,10,0.0031875805,0.0050245724,0.0055346037,0.0037266589,0.003077464,0.015465439,0.008714598,0.0036225994,0.021761896,0.16064292,0.7589367,0.010304956
syn-0013,2,1,0,6,6,0.000465812,0.0012188904,0.0009027117,0.001174487,0.001073568,0.0011976516,0.9846407,0.0012773861,0.0027138162,0.0016623689,0.0013419613,0.002330682
syn-0017,2,1,0,3,3,0.0012760857,0.0009580803,0.0013623717,0.9860428,0.001090961,0.0012260019,0.001627364,0.0019834493,0.00073962443,0.0009880104,0.001696327,0.001008974
syn-0018,2,1,0,3,6,0.0025084037,0.004458632,0.0031647324,0.121453255,0.012289657,0.0029412254,0.8381274,0.0022419407,0.004256534,0.0042606927,0.0019979218,0.002299594
syn-0025,2,1,0,8,8,0.0009212626,0.0015877238,0.0010781175,0.000696085,0.00076524675,0.0013264309,0.0012694028,0.0015937435,0.9883306,0.0013748993,0.00041870683,0.0006378285
syn-0031,2,1,0,0,0,0.98620147,0.0015323763,0.0016300117,0.0010396459,0.002930031,0.00090326,0.0007141887,0.0013675902,0.0008627389,0.00047808094,0.0011474168,0.0011931246
syn-0036,2,1,0,5,5,0.0039099464,0.0015015419,0.0013007459,0.0011883975,0.0048352177,0.9765555,0.0017148148,0.00072680775,0.0024378384,0.002667003,0.0021201,0.0010421211
syn-0037,2,1,0,8,8,0.00090384635,0.0023950196,0.0008994438,0.0010510429,0.0025164015,0.0017076781,0.003697273,0.00060209143,0.97772866,0.0048909215,0.0021884234,0.0014191753
syn-0039,2,1,0,1,1,0.0014512036,0.9873023,0.00092978944,0.00087773165,0.0018959636,0.00091136055,0.0009481278,0.0015727688,0.0010063243,0.00084493106,0.00050207385,0.0017574173
syn-0064,2,1,0,6,6,0.0008602535,0.0011463478,0.0010072124,0.0017616814,0.0017233946,0.00093425234,0.9857641,0.0013990591,0.0011564676,0.0012577879,0.001794674,0.001194927
syn-0076,2,1,0,5,5,0.0034415761,0.0022158187,0.0014081164,0.0017345516,0.0019828556,0.97962976,0.0019284297,0.0013170026,0.0022120352,0.001793111,0.0016342413,0.0007025353
syn-0081,2,1,0,10,10,0.0039410987,0.007493512,0.0043094703,0.029478658,0.025461873,0.025888106,0.021714984,0.00094435655,0.009469219,0.011396576,0.8552059,0.004696194
syn-0082,2,1,0,1,1,0.002628013,0.63556176,0.006978197,0.0044442834,0.00814242,0.033128954,0.07993926,0.03787142,0.0736435,0.01702005,0.06317543,0.037466776
syn-0083,2,1,0,0,0,0.9865398,0.0008328142,0.0015385259,0.0012698899,0.001833524,0.002413213,0.0007954532,0.001139434,0.0009860981,0.00060396816,0.001023379,0.0010238789
syn-0095,2,1,0,11,11,0.0014850186,0.0018947363,0.0012215431,0.0017425324,0.0012138137,0.001052008,0.0016753679,0.0012996909,0.0010402596,0.002416905,0.0044183196,0.9805397
syn-0100,2,1,0,2,2,0.001744474,0.0011339043,0.98415184,0.0013246979,0.00089436816,0.0015604947,0.0011894825,0.0023092192,0.0014243197,0.00094371894,0.0021846576,0.0011388983
syn-0121,2,1,0,9,9,0.0006976959,0.0030201273,0.0013252876,0.0011160041,0.0009994032,0.0018891401,0.0025771102,0.0028897517,0.008114408,0.971932,0.0018096853,0.0036294311
syn-0123,2,1,0,10,10,0.0010062702,0.0009110891,0.0013191698,0.0014300675,0.0006870549,0.0011283457,0.0012673949,0.0005002116,0.00057997246,0.0015998898,0.98845506,0.0011154724
syn-0134,2,1,0,5,5,0.0020778617,0.00039271294,0.0012609023,0.0010321379,0.0017012921,0.98291135,0.0011497475,0.0030188453,0.0026787552,0.0015997777,0.0014893377,0.0006872164
syn-0135,2,1,0,0,0,0.98644316,0.0011069685,0.0017508849,0.0009289803,0.002432347,0.0012264997,0.0007574716,0.0012519121,0.0012703857,0.0005807736,0.0012574259,0.0009932497
syn-0138,2,1,0,4,4,0.0024255207,0.003195885,0.0011838372,0.0014231078,0.97613883,0.0010975468,0.002862741,0.0024667263,0.0009282975,0.0021021904,0.004066944,0.002108358
syn-0144,2,1,0,9,9,0.0007972992,0.0011227262,0.0012500479,0.0011634671,0.0010078805,0.0013536053,0.0013391424,0.0015488879,0.005199044,0.98113406,0.0017136259,0.0023702926
syn-0148,2,1,0,7,7,0.0034633514,0.004813085,0.0066205994,0.0036224788,0.0080801025,0.029197194,0.005602392,0.8846618,0.013425913,0.01703057,0.009412066,0.014070557
syn-0150,2,1,0,3,3,0.0014511844,0.012115072,0.0021552092,0.96902096,0.002782587,0.0012364244,0.0033620787,0.0014272913,0.0013632616,0.0019413732,0.0015899278,0.0015546145
syn-0151,2,1,0,10,10,0.002965846,0.0038437168,0.0032669022,0.0037546773,0.0027943293,0.008292576,0.016393408,0.0038045049,0.0043768203,0.02440003,0.82798773,0.09811947
syn-0152,2,1,0,3,4,0.0041966997,0.0054383758,0.0025348845,0.07020624,0.89984125,0.0019115633,0.004672051,0.0024377743,0.0022923148,0.00230466,0.0025622614,0.0016018572
syn-0158,2,1,0,1,1,0.0012439378,0.98881245,0.0010449465,0.00092328835,0.0013869508,0.00047237615,0.0009337157,0.0012312479,0.00100222,0.0008658681,0.0006041783,0.0014788139
syn-0160,2,1,0,5,5,0.001318793,0.0009531433,0.0019778104,0.0038714197,0.0008502304,0.9809616,0.0013646481,0.0027413964,0.0021983415,0.0014555004,0.0015501288,0.0007569494
syn-0161,2,1,0,2,2,0.0017164715,0.0011516814,0.98408395,0.0014473562,0.001005005,0.0015657295,0.001409348,0.0021882434,0.0012507489,0.0009422726,0.002177186,0.0010620152
syn-0163,2,1,0,4,4,0.0024978027,0.002424521,0.0009757089,0.0012620449,0.9818824,0.0014134231,0.001669898,0.002165762,0.002446204,0.0010488294,0.00077638513,0.001437084
syn-0165,2,1,0,8,8,0.003810687,0.0065714293,0.0048007225,0.004791355,0.0038293388,0.007963511,0.029508682,0.0019463084,0.78519684,0.01171341,0.13564959,0.004218046
syn-0169,2,1,0,4,4,0.013051407,0.0021446745,0.0009811845,0.0015618157,0.9720846,0.0020700803,0.0018917446,0.0009109991,0.0010924548,0.0011315444,0.0011904897,0.0018889755
syn-0170,2,1,0,6,6,0.00069650635,0.0009774469,0.0010957583,0.0013743888,0.0014687554,0.0009851132,0.98651737,0.0010840504,0.0011929242,0.0017209263,0.0013405859,0.0015460216
syn-0174,2,1,0,10,10,0.0010518741,0.00082623045,0.001530608,0.0011751706,0.0010310254,0.0011875726,0.0009321364,0.00076563214,0.00039934387,0.0015273418,0.9878632,0.0017100719
syn-0175,2,1,0,11,11,0.0024429208,0.010232485,0.002550178,0.0031892823,0.0018859003,0.0038715063,0.0047203633,0.003130652,0.0023840014,0.009440426,0.09989622,0.856256
syn-0176,2,1,0,10,10,0.0007927632,0.0007947011,0.0010833144,0.0013857493,0.00086855696,0.0015289307,0.0015850888,0.00065690296,0.0006630256,0.0021470764,0.9870517,0.001442183
syn-0186,2,1,0,3,3,0.0012248119,0.0013818081,0.0016963364,0.9865298,0.00096512865,0.0010293826,0.0015834774,0.0011941047,0.0009286084,0.0010364435,0.0012248119,0.0012052344
syn-0198,2,1,0,0,0,0.73709095,0.015928606,0.005817755,0.015141772,0.07883521,0.1011276,0.015241914,0.0059848707,0.0072403126,0.0078938985,0.0058291284,0.0038678984
syn-0203,2,1,0,8,8,0.0007536923,0.0012646647,0.0009334163,0.0006805719,0.00074382115,0.001090209,0.0012952875,0.0008105703,0.9892196,0.0018472781,0.0006145452,0.00074636785
syn-0206,2,1,0,8,8,0.0016010214,0.0035427108,0.0013660869,0.0008532073,0.002310216,0.0025722033,0.0024520177,0.0010764506,0.96818864,0.0061854776,0.0060925554,0.0037593895
syn-0221,2,1,0,11,11,0.0025407255,0.0031945736,0.0017521922,0.0027045882,0.0011960588,0.002175321,0.0042466125,0.0021073644,0.0032330195,0.0020385422,0.027302042,0.947509
syn-0234,2,1,0,4,6,0.0010653583,0.0019178444,0.0013053042,0.00433408,0.024629286,0.002163673,0.95447624,0.001091688,0.0027613058,0.0024350598,0.002313362,0.001506804
syn-0237,2,1,0,4,4,0.0034553998,0.002118037,0.0010479365,0.0011633632,0.9834446,0.00094212027,0.0013488661,0.0014666847,0.0009691828,0.0013737923,0.0013594455,0.0013105617
syn-0240,2,1,0,6,6,0.0021255533,0.0029216467,0.001429819,0.0023095205,0.018077303,0.004943568,0.95849115,0.0012075609,0.0029698303,0.0025402305,0.0006584658,0.0023253625
syn-0241,2,1,0,1,1,0.0021461945,0.98297954,0.0010849199,0.002062212,0.004442309,0.00075924763,0.00119097,0.0010191881,0.001304835,0.000949524,0.0006865933,0.0013744843
syn-0252,2,1,0,8,8,0.00074293464,0.0013535168,0.0010164633,0.0006351554,0.0007465711,0.0012828925,0.0010392986,0.0010791176,0.989489,0.0015013189,0.00047454945,0.00063920004
syn-0258,2,1,0,3,3,0.00477582,0.00679444,0.0073501295,0.4986992,0.018220637,0.424897,0.009905179,0.005529238,0.006627332,0.0075354627,0.006370331,0.0032952162
syn-0268,2,1,0,6,6,0.000704678,0.0008825705,0.0010373865,0.0014722652,0.0017937563,0.00089734484,0.98646355,0.0009927854,0.001475864,0.0011663649,0.0014690338,0.0016444367
syn-0270,2,1,0,10,10,0.005465458,0.027499577,0.003584335,0.0048587066,0.01607172,0.010955866,0.033643864,0.0031324246,0.0038043428,0.017920548,0.86346036,0.009602723
syn-0271,2,1,0,2,2,0.0015302186,0.0018260743,0.9809734,0.0026090338,0.0007658813,0.0015642137,0.0014505514,0.0019097421,0.0014669338,0.0015672718,0.00292662,0.0014100478
syn-0272,2,1,0,3,10,0.015167615,0.07239599,0.034411002,0.09808768,0.031673826,0.011376672,0.17865762,0.029058443,0.01883957,0.009477757,0.48659116,0.0142625775
syn-0289,2,1,0,8,8,0.025451055,0.04034432,0.007247479,0.0029454546,0.012888524,0.05796012,0.0091572,0.15390228,0.66786844,0.012137243,0.0024803213,0.007617578
syn-0290,2,1,0,0,0,0.9790867,0.0013814637,0.0020228173,0.001172433,0.006577735,0.0017125567,0.0008772547,0.0026376073,0.0019443748,0.00046409006,0.0009960032,0.0011269675
syn-0298,2,1,0,7,7,0.002562472,0.003334758,0.0025939438,0.0015398654,0.0024546976,0.0038500142,0.0021264392,0.9735155,0.002509231,0.001870173,0.0014089262,0.0022339367
syn-0311,2,1,0,9,9,0.0010406525,0.0016000321,0.0013759505,0.0019168584,0.0018642441,0.0017590084,0.0036726391,0.001659713,0.0035772447,0.969482,0.0064341854,0.0056174793
syn-0316,2,1,0,0,0,0.9508221,0.0013627101,0.0017133993,0.0018000164,0.008756769,0.02599015,0.0011374756,0.0010116918,0.0013130675,0.0017463403,0.0025125341,0.0018337268
syn-0322,2,1,0,2,2,0.002542847,0.0016206785,0.98127306,0.002036512,0.0014745642,0.0015570702,0.0016306005,0.002340794,0.0012767522,0.0009515854,0.001783447,0.0015121144
syn-0326,2,1,0,1,1,0.0026139254,0.97462887,0.0013109193,0.0009808749,0.0032960528,0.0007232517,0.002000866,0.002607074,0.0037766374,0.002292045,0.0008365323,0.0049328846
syn-0334,2,1,0,6,6,0.0006850702,0.0014316485,0.0009027089,0.0017319644,0.0015434526,0.001705529,0.98559976,0.0008702487,0.0013798315,0.0012581925,0.00097035867,0.0019213269
syn-0340,2,1,0,9,9,0.0007075217,0.0013224701,0.0013452651,0.0016314386,0.0010564264,0.0018805269,0.0011011949,0.00351672,0.0023278173,0.98081905,0.0022277357,0.0020638427
syn-0349,2,1,0,5,5,0.0015880357,0.00059123646,0.0013194237,0.00076064677,0.0015981479,0.9867163,0.000554873,0.001359646,0.0015112502,0.001572987,0.0012095895,0.0012178865
syn-0351,2,1,0,11,11,0.0020308376,0.0027694798,0.001776525,0.0012896189,0.001397819,0.001001907,0.0018365014,0.0019939903,0.00077572744,0.0042336625,0.0017575433,0.9791364
syn-0360,2,1,0,0,0,0.9837764,0.0011890287,0.0013722441,0.001141804,0.0055249254,0.0010110886,0.0007145228,0.0014419669,0.0008485167,0.00070001866,0.0010472668,0.0012321756
syn-0364,2,1,0,4,4,0.01043549,0.009191318,0.008024643,0.007278035,0.30289206,0.23913983,0.12503716,0.0024907785,0.09568224,0.047216054,0.131294,0.021318346
syn-0380,2,1,0,4,4,0.008703532,0.0038546326,0.0017729847,0.0016639393,0.863627,0.10274342,0.002007094,0.005553785,0.004423676,0.0024990886,0.0015677125,0.0015830972
syn-0381,2,1,0,8,8,0.0008021124,0.0016952759,0.00093868066,0.00061380095,0.0009713191,0.0016155716,0.00080132944,0.0017269194,0.98705703,0.0025484855,0.0005760498,0.00065338763
syn-0384,2,1,0,1,1,0.0017831814,0.9855758,0.0011619062,0.000903569,0.001676384,0.0005701521,0.0010319081,0.0012323216,0.002878555,0.0010258794,0.00043459685,0.001725644
syn-0403,2,1,0,9,9,0.0040873787,0.0058828397,0.0024490417,0.0015990781,0.0041446565,0.00416291,0.0027374446,0.003080799,0.110043146,0.8571449,0.001796137,0.0028716205
syn-0410,2,1,0,10,10,0.0016851032,0.0012577774,0.0018697984,0.002300453,0.0017259066,0.0018561536,0.0061338274,0.001156458,0.001338897,0.0043315203,0.96668965,0.009654579
syn-0427,2,1,0,5,5,0.001647899,0.0010533668,0.0012411694,0.00082881807,0.0064369193,0.9808477,0.0012047461,0.001013013,0.0023930736,0.0015311437,0.0013032772,0.00049879146
syn-0439,2,1,0,6,6,0.0007754506,0.0012810014,0.0012519382,0.0014165554,0.0016126306,0.0011222301,0.98357785,0.0014297583,0.00402555,0.0012556114,0.00062920677,0.0016221073
syn-0447,2,1,0,7,7,0.0016724908,0.0020916364,0.0026081733,0.0018639773,0.0017630556,0.0031715063,0.0017247392,0.9759923,0.001775149,0.0027940655,0.0013960544,0.0031468254
syn-0455,2,1,0,2,2,0.006928232,0.01903861,0.80196863,0.019521048,0.013716344,0.0066271247,0.010699264,0.08543977,0.008107838,0.007900707,0.013694593,0.0063577034
syn-0456,2,1,0,11,11,0.001996607,0.0032054035,0.0013877447,0.007235844,0.0032148082,0.0021810979,0.001875639,0.0011986495,0.001504912,0.003609656,0.0042999033,0.9682898
syn-0461,2,1,0,2,2,0.0016103568,0.0012005197,0.9836309,0.0013491218,0.0009684203,0.0015611926,0.0013997856,0.002318445,0.0013557253,0.0010537799,0.0023806798,0.0011709932
syn-0477,2,1,0,7,7,0.010459247,0.026650002,0.008486715,0.005595698,0.05324628,0.013118834,0.0046073934,0.83535564,0.008322568,0.006703718,0.010836141,0.016617704
syn-0481,2,1,0,9,9,0.0008083579,0.0011641552,0.0010968314,0.0009972145,0.00096842303,0.0018983962,0.0013563912,0.0023895663,0.0067189066,0.9793205,0.0015619593,0.0017192502
syn-0486,2,1,0,1,1,0.0011511717,0.98125,0.0013282294,0.0010915053,0.0020476815,0.00054112636,0.0017890743,0.0013760915,0.003723293,0.0022044303,0.00065208593,0.0028453544
syn-0487,2,1,0,6,6,0.0006309147,0.0012559495,0.0009974266,0.0016009028,0.0014350399,0.001269514,0.9843233,0.0013847896,0.0037872936,0.0010669519,0.0007730128,0.0014748208
syn-0490,2,1,0,7,7,0.0024085313,0.0028172333,0.0020183073,0.0017811501,0.004198306,0.0063658063,0.0031168708,0.9641092,0.002566373,0.0052784053,0.001271688,0.004068144
syn-0493,2,1,0,8,8,0.0008127023,0.0012550557,0.00091732206,0.0006385206,0.0009991528,0.0015446873,0.0013824531,0.0011830524,0.98843724,0.0018590455,0.00044185857,0.00052883546
syn-0496,2,1,0,8,8,0.0008175303,0.0016415078,0.0010796197,0.00066237955,0.00069078663,0.0013083247,0.0010878217,0.0010819945,0.9889831,0.0014899648,0.00044470062,0.0007123666
syn-0497,2,1,0,5,5,0.003459867,0.015441297,0.004356631,0.0021587957,0.007472651,0.82941645,0.027791392,0.013097311,0.06657049,0.01496833,0.009137819,0.0061288523
syn-0499,2,1,0,11,11,0.0015280499,0.0021810958,0.0013275929,0.0014347694,0.0009952926,0.00083200424,0.0014159782,0.001366395,0.0010594834,0.004546349,0.0015750165,0.9817379
syn-0010,2,1,1,9,9,0.0008306487,0.0018491843,0.0013403989,0.0015762942,0.0013555371,0.0032109392,0.0031882855,0.0011611519,0.023163473,0.956499,0.0031884802,0.0026365756
syn-0015,2,1,1,6,6,0.00090474315,0.001911604,0.0010945305,0.0015397714,0.0026095854,0.0023613805,0.97869873,0.000617584,0.005779909,0.001601109,0.00076187006,0.0021190543
syn-0024,2,1,1,2,2,0.0022767407,0.0015929175,0.9803704,0.0023103368,0.00093141163,0.0015724387,0.0013745223,0.0019826598,0.0014209268,0.0015913626,0.0030081023,0.0015682216
syn-0038,2,1,1,5,5,0.0019202247,0.0009204346,0.0012110705,0.0025060505,0.0022161086,0.9831124,0.0012904375,0.0011443811,0.0017920324,0.0015950345,0.0015227358,0.0007690519
syn-0042,2,1,1,9,9,0.0006490357,0.00090727775,0.0015197754,0.0014245632,0.0011379812,0.0022710331,0.0014987725,0.0017078953,0.0024355708,0.98239946,0.0021156732,0.001932938
syn-0043,2,1,1,9,9,0.00053406047,0.000753146,0.0016458255,0.0010678261,0.00082959596,0.0023641647,0.0015295902,0.002196929,0.0024688677,0.9769862,0.0067984806,0.0028252203
syn-0045,2,1,1,9,9,0.001404175,0.002121339,0.002002568,0.0026336114,0.002210156,0.0036235275,0.004481018,0.001133809,0.0065709786,0.92309403,0.047509715,0.0032149733
syn-0049,2,1,1,8,8,0.00089928013,0.001874032,0.00087331625,0.0007535812,0.0020727825,0.0013907936,0.0017123768,0.00060227595,0.985699,0.002630257,0.0006569643,0.0008353612
syn-0051,2,1,1,3,3,0.0012172157,0.0009842884,0.001504529,0.98569137,0.0014095838,0.0009657219,0.0015633174,0.0014335304,0.0008627138,0.0014906358,0.0017563981,0.0011208041
syn-0052,2,1,1,4,4,0.03819557,0.0028463565,0.001281701,0.0016473448,0.92720306,0.01854246,0.001792547,0.0015811449,0.001427051,0.0016036934,0.0020134475,0.0018657749
syn-0055,2,1,1,3,3,0.0012202159,0.0013323155,0.0016641768,0.9857115,0.0012844072,0.0013789776,0.0019070565,0.0010810513,0.0009968842,0.00085143215,0.0016633644,0.0009085603
syn-0062,2,1,1,7,7,0.002731158,0.00361643,0.0040606055,0.0028109832,0.0029502034,0.004876771,0.002029624,0.96904176,0.0024964807,0.0022096,0.0010606956,0.002115634
syn-0063,2,1,1,1,1,0.0011527432,0.988605,0.0007565414,0.0009605699,0.0016818445,0.0007635927,0.0012356566,0.00081761694,0.0010439624,0.0008510178,0.0007576503,0.0013738549
syn-0068,2,1,1,10,10,0.0039320914,0.0055968207,0.0048602284,0.0047430075,0.009309058,0.01029413,0.01854041,0.0032471095,0.03822866,0.06689711,0.82297134,0.0113799665
syn-0075,2,1,1,7,7,0.0090637375,0.0074638226,0.0055466415,0.0024078158,0.0091672195,0.009846854,0.0037917271,0.927805,0.008456586,0.0038570839,0.0035170629,0.00907647
syn-0079,2,1,1,1,1,0.0021736708,0.9584184,0.0017758317,0.0023908098,0.0066513875,0.011796744,0.0034498519,0.00078956113,0.005580555,0.0024703182,0.002006394,0.002496388
syn-0080,2,1,1,3,3,0.0012349108,0.0012139858,0.0015957543,0.9849978,0.0020512412,0.0008226281,0.0019267276,0.00091413007,0.0011337714,0.0010485671,0.0020301917,0.0010302963
syn-0087,2,1,1,5,5,0.0046392553,0.0043859296,0.0033333818,0.00242214,0.009090985,0.83255166,0.009900145,0.0022865275,0.075056806,0.008501706,0.04185708,0.0059743994
syn-0103,2,1,1,11,11,0.0025517703,0.004946967,0.0017198827,0.0012357644,0.0044141877,0.0019102544,0.0028964803,0.0014790164,0.0016620909,0.005835359,0.008502843,0.9628453
syn-0105,2,1,1,4,4,0.051125105,0.0031442628,0.0013611082,0.0020815316,0.92770445,0.005073206,0.0015612803,0.0009755941,0.001378498,0.0011428149,0.002598108,0.0018540664
syn-0108,2,1,1,8,8,0.000906812,0.004244555,0.0015744999,0.00088753755,0.0012431015,0.0023406346,0.0018825902,0.000902395,0.9771124,0.0019758297,0.0048427028,0.0020868923
syn-0114,2,1,1,4,4,0.0022051183,0.0031891,0.0008985941,0.010904439,0.97109824,0.0017346245,0.0032405073,0.0012021262,0.002096959,0.0014338474,0.0011031328,0.0008933443
syn-0118,2,1,1,5,5,0.001883694,0.0006932262,0.0012220081,0.00086315523,0.0014109939,0.9866774,0.0010653341,0.0007665824,0.0016658076,0.0016544589,0.0013148698,0.0007824657
syn-0120,2,1,1,3,3,0.0011341936,0.0011639283,0.0016076908,0.98584586,0.0012341649,0.00093707116,0.0015525315,0.0010864909,0.0009786913,0.0011347475,0.0022290626,0.0010955472
syn-0124,2,1,1,6,6,0.0006451394,0.001353148,0.00070785545,0.0018832522,0.0035312863,0.0011779339,0.9841607,0.00071900245,0.0022489675,0.001182544,0.0011108973,0.0012792596
syn-0129,2,1,1,11,11,0.0012538744,0.0036455202,0.0013038232,0.002085539,0.0022760232,0.0016385578,0.0053791865,0.0007831236,0.002744068,0.0078668995,0.0054492424,0.96557397
syn-0130,2,1,1,6,8,0.00077667175,0.0019098846,0.0018645038,0.00092367263,0.0013459058,0.0017786877,0.0019956867,0.001411186,0.9841652,0.0011450476,0.0014934236,0.0011900798
syn-0136,2,1,1,6,6,0.0009993766,0.003964692,0.0016589958,0.0025846025,0.00832692,0.003566966,0.95497113,0.0005059651,0.0023123024,0.011788799,0.0062502935,0.003070041
syn-0143,2,1,1,1,1,0.0024975257,0.956517,0.0014324586,0.0013890645,0.0025331427,0.0015625302,0.002215388,0.002099024,0.023852577,0.0012928554,0.0014033812,0.0032051252
syn-0145,2,1,1,2,2,0.0051443465,0.011100976,0.8791993,0.046961315,0.008559602,0.01033415,0.0038699072,0.0061931587,0.0047670444,0.011533679,0.005633431,0.0067029437
syn-0149,2,1,1,8,8,0.000918656,0.0022354412,0.0009855741,0.000674075,0.0012398139,0.0012125728,0.0012322697,0.0005681827,0.9869789,0.00191399,0.0008982522,0.0011421698
syn-0153,2,1,1,4,5,0.40705675,0.005964398,0.0045596845,0.0029540332,0.14040056,0.41589674,0.004314915,0.0022473098,0.0036907424,0.003672765,0.0049229776,0.0043191304
syn-0162,2,1,1,9,9,0.00063727,0.001998227,0.0012898376,0.0011545105,0.0016428947,0.0019557546,0.0019850987,0.0015764884,0.0035301917,0.980738,0.0016634783,0.0018283123
syn-0166,2,1,1,5,5,0.002755925,0.0009662995,0.0010753563,0.00066445157,0.0031120265,0.9833956,0.0012639898,0.0008640731,0.001775562,0.0018323715,0.0015198314,0.0007745501
syn-0171,2,1,1,6,6,0.0009411507,0.002486877,0.0012468221,0.0018589505,0.0027249728,0.001882701,0.9705128,0.0009824722,0.012903674,0.0019095502,0.0006608902,0.0018891471
syn-0181,2,1,1,10,8,0.0030377654,0.014232894,0.0072411103,0.0064184014,0.005112201,0.010569246,0.025885947,0.002192298,0.63579243,0.00925926,0.27238485,0.007873595
syn-0184,2,1,1,2,2,0.0018842363,0.0014843801,0.982274,0.0018102837,0.00095675135,0.0015659052,0.0012705878,0.0021050987,0.0018858472,0.0012345063,0.0020917787,0.0014366045
syn-0190,2,1,1,3,3,0.0073720207,0.12606569,0.004643803,0.7890167,0.021683449,0.022382682,0.00713649,0.0042096903,0.0033925057,0.0047123283,0.003700555,0.0056841522
syn-0196,2,1,1,4,4,0.27585542,0.0025805482,0.002749663,0.0030540202,0.6989396,0.003771212,0.0029184383,0.0017291176,0.0025517293,0.001129562,0.00170231,0.00301844
syn-0201,2,1,1,0,0,0.98627913,0.0016990136,0.001438945,0.0009686598,0.0025777526,0.0013220629,0.0008101363,0.0008998094,0.0010136609,0.00064969267,0.0010954937,0.0012456072
syn-0204,2,1,1,1,1,0.0011911603,0.9881902,0.0008329863,0.00092428556,0.0013213945,0.00067820575,0.000856914,0.0013972049,0.0019081216,0.00065126945,0.0006599123,0.0013882794
syn-0205,2,1,1,2,2,0.0019894785,0.0015480841,0.9818226,0.0017469435,0.0009992742,0.0016661314,0.0012083012,0.0018838303,0.0018969837,0.0014433253,0.0023282089,0.0014667705
syn-0209,2,1,1,7,7,0.017975695,0.024177134,0.0106919315,0.0043062414,0.016981304,0.038212817,0.006996549,0.844197,0.019016271,0.004049292,0.004789906,0.008605903
syn-0213,2,1,1,0,0,0.98467535,0.0015495528,0.0018133807,0.0011557546,0.0026775503,0.001310281,0.00078240456,0.00090406684,0.0016861351,0.0007635342,0.0013492361,0.001332866
syn-0218,2,1,1,8,8,0.000754742,0.001241325,0.0011966886,0.0008002865,0.001268902,0.0015714822,0.001646899,0.0011214437,0.9857723,0.0017868193,0.0018831152,0.00095594855
syn-0223,2,1,1,6,6,0.0005001037,0.0013767913,0.0008157218,0.001461656,0.0017009405,0.0013240472,0.9834282,0.00068824954,0.0037233678,0.002135542,0.001059754,0.0017856193
syn-0225,2,1,1,7,7,0.005305943,0.006059577,0.009980802,0.0059714606,0.013945211,0.027251786,0.024098106,0.67950636,0.03489601,0.097320266,0.028940404,0.06672407
syn-0232,2,1,1,8,8,0.00088502397,0.0026975973,0.0012943214,0.00079994305,0.001207324,0.0020092165,0.0012829953,0.00091267197,0.98534936,0.0023826563,0.00041298353,0.00076592446
syn-0243,2,1,1,10,10,0.00075710873,0.0013030665,0.001749192,0.0016276421,0.00084132294,0.0013884624,0.0020779779,0.0008825604,0.0019842729,0.0023364758,0.98021036,0.0048414795
syn-0251,2,1,1,10,10,0.0008960514,0.0009308366,0.0016946048,0.0016316761,0.0007819316,0.0016296856,0.0020316455,0.0006113524,0.0020726016,0.003318685,0.98216003,0.0022408625
syn-0253,2,1,1,3,3,0.0011279926,0.000976673,0.0014903398,0.9857363,0.00130085,0.0013362581,0.0016432244,0.0013002148,0.00086528435,0.0008419448,0.0021244148,0.0012565248
syn-0257,2,1,1,4,4,0.0030590154,0.0028701953,0.0010905924,0.0010943264,0.97517747,0.007273095,0.0020883603,0.0020186796,0.0019201338,0.0011384753,0.0010376063,0.0012321878
syn-0260,2,1,1,11,11,0.003980324,0.02291637,0.0028362875,0.0038957212,0.0038578624,0.008690643,0.010096101,0.0036919983,0.0064041684,0.020967724,0.05315223,0.8595106
syn-0273,2,1,1,0,0,0.9862242,0.0017296801,0.0014062199,0.000869101,0.0017345431,0.0019677756,0.00068550423,0.0009638879,0.00077374966,0.0008875416,0.0012268263,0.0015309158
syn-0279,2,1,1,0,0,0.9868798,0.0012300421,0.0013602033,0.00096641434,0.0022339895,0.0014349085,0.00064188737,0.0014331578,0.0008799303,0.00071328547,0.0008453947,0.001380949
syn-0291,2,1,1,1,1,0.00089684274,0.9883215,0.00096311193,0.0008812157,0.0016271473,0.00065678527,0.0011510067,0.0007972791,0.00090123253,0.0011994903,0.0008367661,0.0017675458
syn-0292,2,1,1,11,11,0.0015646535,0.0015456697,0.0013627174,0.0013895945,0.0015106018,0.0010933714,0.0017310679,0.0013977606,0.0016158981,0.0031253893,0.0021744284,0.98148876
syn-0293,2,1,1,0,0,0.6096927,0.008894348,0.008173876,0.007652446,0.106155835,0.019885313,0.00971146,0.010009954,0.21029302,0.0033792118,0.002277575,0.0038742854
syn-0302,2,1,1,10,10,0.00084584724,0.00063165696,0.0014227661,0.0011460192,0.00070880534,0.0010526739,0.001331842,0.00088471064,0.0008697195,0.0015504309,0.98837286,0.0011826865
syn-0318,2,1,1,11,11,0.0012303251,0.004470775,0.0011268068,0.002189012,0.0022951853,0.0013180141,0.0042754267,0.0007828063,0.0017709858,0.0028703858,0.004917383,0.9727528
syn-0352,2,1,1,8,8,0.00079069735,0.0019729456,0.0013020493,0.00082581624,0.00098116,0.0014244461,0.0012564557,0.00085871306,0.98785025,0.0014363194,0.00047007663,0.00083107495
syn-0356,2,1,1,8,8,0.0010186977,0.0027442065,0.0010500089,0.0006946915,0.001923263,0.0015472727,0.0018956426,0.000743115,0.98490834,0.0018087242,0.00051675533,0.0011492742
syn-0358,2,1,1,2,2,0.0019645172,0.0018699846,0.9788987,0.0014292237,0.0011158013,0.0017260785,0.0015597625,0.0037535704,0.0019905884,0.0018713545,0.0022545308,0.0015658675
syn-0359,2,1,1,4,4,0.0019110272,0.00282811,0.0010530532,0.001521745,0.9791204,0.0014471045,0.0027779837,0.0013285865,0.003565043,0.0010696363,0.00084615196,0.002531159
syn-0373,2,1,1,11,11,0.0014649378,0.001916245,0.0013410246,0.0015563755,0.0013195894,0.0013093202,0.002008698,0.0010639502,0.0014974826,0.0028470613,0.0026004002,0.98107487
syn-0375,2,1,1,8,8,0.0005644026,0.002037087,0.00092285033,0.00058574066,0.00081123743,0.0014990313,0.001420988,0.0007418932,0.98713756,0.0026021367,0.00079827046,0.0008788717
syn-0376,2,1,1,5,5,0.0012339863,0.0008543401,0.0014113224,0.0009549484,0.0015038127,0.98377985,0.0030429813,0.0008543401,0.002342266,0.0016772149,0.001453991,0.0008909796
syn-0378,2,1,1,2,2,0.0019566217,0.001514731,0.98033476,0.0017532621,0.0010334613,0.0022408145,0.0011900876,0.0021849019,0.0016104557,0.0014941627,0.0033968722,0.001289937
syn-0386,2,1,1,10,10,0.00071959966,0.0006998479,0.001313086,0.0016888167,0.0007210065,0.0011232792,0.0015604233,0.00081144145,0.00053685403,0.0013924935,0.9869038,0.0025294952
syn-0388,2,1,1,5,5,0.02012678,0.004842789,0.011128641,0.15990198,0.020829141,0.539359,0.008683938,0.19553372,0.015594594,0.00923498,0.009298327,0.005466204
syn-0391,2,1,1,0,0,0.98738396,0.001331647,0.001456115,0.0010034634,0.0017638225,0.0016720955,0.0006428428,0.0008347488,0.0009307749,0.0006548819,0.0011812148,0.0011443137
syn-0397,2,1,1,1,1,0.0008908181,0.9884161,0.000825886,0.0009235945,0.0015427816,0.0006600632,0.0012588645,0.00096155936,0.00093699445,0.0009894217,0.000865521,0.001728453
syn-0419,2,1,1,1,1,0.001062603,0.9884824,0.0008804989,0.0010543339,0.0014102142,0.0005531587,0.00101816,0.0011562642,0.0010203995,0.00084099884,0.0007264037,0.0017945773
syn-0423,2,1,1,9,9,0.0004973896,0.0010805792,0.0013059757,0.0018318553,0.0011024299,0.0016513111,0.001774195,0.0019183625,0.0028992025,0.9809607,0.0033170616,0.0016610152
syn-0428,2,1,1,8,1,0.0012403777,0.9867049,0.00092154543,0.0009969148,0.0017047861,0.0005641552,0.00088149426,0.00089232065,0.0029243785,0.0007419303,0.0008849443,0.0015422624
syn-0435,2,1,1,10,10,0.0010393632,0.00066292146,0.001723901,0.00141735,0.0006950751,0.0012448665,0.0010621941,0.00092217466,0.00051351823,0.0018576214,0.98737866,0.0014824718
syn-0450,2,1,1,10,10,0.0010220921,0.0008000977,0.0014628287,0.001376383,0.0006672022,0.0010486318,0.0010563404,0.0011263919,0.0004931666,0.0014998971,0.9879488,0.0014982503
syn-0458,2,1,1,6,6,0.0005341393,0.00080027344,0.0008236635,0.0017024714,0.0011094433,0.0011121553,0.9876835,0.0011769665,0.0010529675,0.0012391851,0.0015260855,0.0012391851
syn-0463,2,1,1,11,11,0.0017889604,0.0016336462,0.0016225168,0.0020605896,0.0011070006,0.0011393556,0.0015942452,0.0018743569,0.0011343596,0.002097131,0.0027602466,0.9811875
syn-0474,2,1,1,0,0,0.98538697,0.0016470593,0.0014167376,0.0013410125,0.0026003772,0.0018775597,0.00094259926,0.00087945757,0.0007191957,0.0010251822,0.0008641334,0.001299754
syn-0476,2,1,1,7,7,0.0075411503,0.010500568,0.0095050195,0.0033365756,0.005295509,0.24826962,0.006425141,0.62536997,0.040946618,0.031241938,0.0038441273,0.0077237543
syn-0480,2,1,1,1,1,0.0022433267,0.9596357,0.0016999794,0.004026103,0.0068277624,0.0017083006,0.0060122544,0.0013213621,0.0021104997,0.0024892061,0.0040611485,0.007864465
syn-0488,2,1,1,10,10,0.0010204787,0.0006013749,0.0013711941,0.0014761132,0.0019598338,0.002336184,0.0025393888,0.0010046577,0.0025952489,0.0040568174,0.97751915,0.0035194645
syn-0491,2,1,1,10,10,0.0010275531,0.00067751505,0.0013454272,0.0012954653,0.0006814966,0.001384751,0.0014172434,0.001336914,0.0007124607,0.003372509,0.98525757,0.0014910714
syn-0498,2,1,1,7,7,0.0044631413,0.007839694,0.0053586615,0.0033005697,0.003836213,0.00800622,0.0029701914,0.9460526,0.0071757436,0.0032589328,0.0031555826,0.0045823874
syn-0003,2,1,2,2,2,0.002005637,0.0016315669,0.98089623,0.0017971832,0.0011936799,0.0017384909,0.0014293455,0.0026429659,0.0014732784,0.0013219287,0.0025619045,0.0013078043
syn-0007,2,1,2,6,6,0.0016064707,0.0012020167,0.0010654478,0.0013279148,0.0035432884,0.0020129988,0.9805387,0.00073909597,0.0023260158,0.0015900823,0.0010131884,0.003034715
syn-0009,2,1,2,8,8,0.00076893007,0.0016131867,0.0007941136,0.0006112511,0.0009805993,0.00158682,0.0028856625,0.0006449796,0.9868038,0.0016314056,0.00077307114,0.00090602104
syn-0019,2,1,2,0,0,0.98515,0.0010647242,0.0014721006,0.0017303288,0.0023789776,0.0010110183,0.000946523,0.000992432,0.0005054018,0.0009972897,0.0022679416,0.0014832843
syn-0022,2,1,2,10,10,0.005348524,0.01827027,0.004239302,0.0068475497,0.01727368,0.02071241,0.019395258,0.0069826054,0.0047570756,0.03575617,0.6009431,0.259474
syn-0034,2,1,2,0,0,0.986153,0.00085098203,0.0013322615,0.0011919013,0.0027517024,0.0013506011,0.0008033366,0.0014366548,0.0004281096,0.0007491578,0.0013565494,0.0015956768
syn-0058,2,1,2,9,9,0.00088864623,0.0011113513,0.0014572816,0.0013556855,0.001561909,0.0028759479,0.001629689,0.0015997294,0.0056411526,0.97833306,0.0019357759,0.0016099163
syn-0059,2,1,2,3,3,0.0011641968,0.00087621104,0.0014432177,0.9855919,0.0012218562,0.0018324333,0.0013852209,0.0015351725,0.0009354584,0.0013730994,0.0015374229,0.0011038552
syn-0061,2,1,2,4,4,0.0020920378,0.0026209622,0.0009558776,0.001201283,0.98281544,0.0014921037,0.0023206268,0.001355925,0.000984296,0.0012963621,0.0015451162,0.0013199956
syn-0065,2,1,2,11,11,0.0015131582,0.0020738037,0.001259977,0.001463027,0.0010646397,0.0010729897,0.0014382366,0.0018937598,0.0012452978,0.0018395324,0.0024658614,0.98266983
syn-0067,2,1,2,5,5,0.0012507453,0.0008067537,0.0011573153,0.0009855637,0.0015391945,0.9860051,0.0010273291,0.0018072054,0.0019833737,0.0013663168,0.0014773406,0.00059370213
syn-0069,2,1,2,11,11,0.0020408363,0.014008009,0.001488013,0.0020628774,0.0028815558,0.00085951545,0.0056652767,0.0013964946,0.0017687858,0.0026217652,0.0021639895,0.96304286
syn-0071,2,1,2,6,6,0.0008695465,0.0017083185,0.0012627142,0.0016016854,0.0017968706,0.0014127924,0.9848045,0.0015317007,0.0010018197,0.0014329401,0.0010864035,0.0014907495
syn-0097,2,1,2,10,10,0.00094331463,0.00090895046,0.0015741722,0.0016122898,0.00072503235,0.0016859566,0.0019046469,0.0007733019,0.0006689102,0.0014517895,0.9861348,0.0016168228
syn-0098,2,1,2,10,10,0.0009989397,0.0011444516,0.0011452901,0.001133053,0.00080896606,0.0019786423,0.0011633257,0.00094531546,0.00060234783,0.0013580748,0.98677987,0.0019416751
syn-0102,2,1,2,1,1,0.001100651,0.9880235,0.0010181844,0.0010339658,0.0016222446,0.0004268324,0.0009416665,0.0013528325,0.0019746171,0.0007789555,0.0005014602,0.0012250203
syn-0112,2,1,2,4,4,0.0028615678,0.0022561003,0.0010813,0.0012330759,0.9801782,0.0012531057,0.0018108368,0.0026994566,0.0030340622,0.0014416118,0.0007556066,0.0013952127
syn-0125,2,1,2,9,9,0.00078978186,0.0014371102,0.0011746546,0.0015985222,0.0020054858,0.0038178407,0.0041432157,0.0013291097,0.0035636183,0.9737835,0.0036336824,0.0027234964
syn-0127,2,1,2,11,11,0.007931754,0.23718095,0.0031969037,0.0079472605,0.026767345,0.0054116277,0.13514164,0.0028075157,0.012978652,0.014029843,0.037582487,0.509024
syn-0137,2,1,2,8,8,0.0010234306,0.0027589758,0.0010616044,0.00072077685,0.0008373415,0.0015009448,0.0018255761,0.00060695497,0.98658943,0.0016187534,0.00057129614,0.00088484073
syn-0142,2,1,2,4,4,0.0021266702,0.0025340526,0.0008283296,0.0022709037,0.98218614,0.0020631903,0.0025878204,0.0014319242,0.0010404811,0.0014911483,0.0007645848,0.0006747438
syn-0155,2,1,2,4,4,0.0013927256,0.0035270497,0.00091203465,0.0013302463,0.9803437,0.0016124375,0.0026822556,0.0030197934,0.0015066308,0.0011994325,0.0013089835,0.0011648027
syn-0159,2,1,2,11,11,0.001500453,0.0017329239,0.0011945145,0.0013728652,0.001041874,0.00093484233,0.0014692779,0.0017173406,0.0011645667,0.0018787762,0.0029716482,0.9830209
syn-0164,2,1,2,8,8,0.0075324774,0.002654983,0.0024614602,0.0012983656,0.0049179574,0.028418599,0.0072492203,0.0018327781,0.9283157,0.008382084,0.0042748824,0.0026614731
syn-0172,2,1,2,10,10,0.000900396,0.0008218238,0.0011471342,0.0015423193,0.0008306996,0.0020560012,0.0018783625,0.00071227184,0.0007977066,0.0013145538,0.9849963,0.0030024392
syn-0177,2,1,2,8,8,0.0007255982,0.002026562,0.0009285075,0.0007363053,0.00080827845,0.0010202641,0.0022464881,0.00082221045,0.9878686,0.0014010194,0.00048029417,0.00093578984
syn-0179,2,1,2,1,1,0.0012163263,0.9861742,0.0009818897,0.0009920096,0.0011901823,0.0003955587,0.0010380954,0.001227663,0.002118365,0.0010180168,0.0007048155,0.0029428543
syn-0188,2,1,2,10,10,0.0016092556,0.0012532894,0.0014049889,0.00158508,0.0007689313,0.0012511495,0.001488318,0.0007730724,0.00054498774,0.0014400642,0.9853609,0.0025199975
syn-0193,2,1,2,11,11,0.008517021,0.027681869,0.0032106738,0.0026617418,0.027858144,0.0045945887,0.026311245,0.003431121,0.01837718,0.026908904,0.03032845,0.820119
syn-0194,2,1,2,1,1,0.0011843123,0.98587286,0.0010681099,0.0009994847,0.0017781889,0.00040009915,0.0011639602,0.001444158,0.0030591493,0.00083143887,0.0005003687,0.0016978667
syn-0200,2,1,2,5,5,0.0068786563,0.023213452,0.0046091,0.008506458,0.0076886974,0.80600923,0.010131307,0.11431642,0.0067720124,0.005121777,0.0036036202,0.0031492782
syn-0202,2,1,2,10,10,0.0014954899,0.0014381986,0.0016529333,0.0016521264,0.0013703299,0.0031344197,0.0014537312,0.0014297961,0.0015810954,0.010385827,0.9674094,0.0069965874
syn-0207,2,1,2,0,0,0.98446566,0.00078529946,0.0013668505,0.001097759,0.0027661743,0.0039128535,0.0008015706,0.0009936815,0.00067039166,0.00084250345,0.0012312342,0.0010660647
syn-0219,2,1,2,0,0,0.987359,0.00091185805,0.0013558893,0.0012494088,0.002224323,0.0011986148,0.00074460026,0.0011927765,0.00051250606,0.0007129352,0.0011834942,0.0013545658
syn-0222,2,1,2,8,8,0.00091228035,0.0010744042,0.001001944,0.00059363217,0.0009888214,0.0017812591,0.0018902762,0.0010029229,0.9878163,0.001535635,0.0005884375,0.00081417704
syn-0224,2,1,2,8,8,0.005182921,0.0057250774,0.0014661993,0.00093015446,0.0019576328,0.0065646353,0.00643295,0.0010768926,0.9638684,0.0027139257,0.0023179455,0.0017633999
syn-0228,2,1,2,6,6,0.001594569,0.0015148766,0.0012267843,0.0076146964,0.011347595,0.0018954475,0.9671158,0.002423131,0.0014819537,0.0017082186,0.0011580982,0.000918819
syn-0230,2,1,2,9,9,0.0006780924,0.0012254708,0.0014418439,0.0014043234,0.0013940753,0.0021355944,0.0016030048,0.0017913398,0.0025917895,0.9793792,0.0022528856,0.00410242
syn-0239,2,1,2,6,6,0.00065651804,0.0012961142,0.001018823,0.0016237082,0.0016150104,0.0012010531,0.9859918,0.0012470696,0.00092267984,0.0014961952,0.0013242617,0.0016067515
syn-0242,2,1,2,0,0,0.9857802,0.0013537213,0.0015235167,0.0011363353,0.0034517883,0.0008640563,0.00092158135,0.0009306253,0.0006785368,0.0008152807,0.0010949394,0.0014494971
syn-0244,2,1,2,3,3,0.0020230862,0.00092623633,0.001723691,0.976829,0.0022453743,0.0052693104,0.0021373266,0.0011789039,0.001197469,0.001591043,0.003917253,0.0009612541
syn-0247,2,1,2,3,3,0.0025096505,0.005228646,0.0032303322,0.94741505,0.0075475103,0.0061410465,0.009283597,0.0012171483,0.0017047607,0.0023656706,0.0120785665,0.0012780543
syn-0248,2,1,2,6,6,0.0007708632,0.0010029435,0.0009038746,0.0015948926,0.0012709385,0.001426863,0.9835051,0.0023420409,0.0009257613,0.0012384701,0.003083632,0.0019346409
syn-0249,2,1,2,8,8,0.0020748086,0.0012920578,0.0012108162,0.000642432,0.0026647574,0.0033058356,0.0015830623,0.0013053747,0.9800306,0.0034577257,0.0015962577,0.0008362544
syn-0254,2,1,2,7,7,0.011764445,0.026654365,0.020728055,0.010271157,0.010785124,0.0348552,0.022544079,0.42247763,0.3361713,0.017781664,0.02215126,0.063815735
syn-0255,2,1,2,2,2,0.0019685384,0.0015612391,0.9815013,0.0015819581,0.0010848764,0.0015897014,0.0012640214,0.0029317713,0.0014727484,0.0012820475,0.0023350592,0.0014267397
syn-0259,2,1,2,4,4,0.0024279705,0.0022980194,0.00092369353,0.0016093025,0.98178756,0.0015393607,0.0030989836,0.0017370996,0.0010139836,0.0012761748,0.0013981861,0.00088960945
syn-0264,2,1,2,0,0,0.9858965,0.000859949,0.0013293162,0.0012696817,0.0027932853,0.0015836203,0.0007615007,0.0011009661,0.00058158656,0.00090518803,0.0013611723,0.0015571665
syn-0274,2,1,2,9,9,0.0013620977,0.00094257656,0.0022705276,0.0010618392,0.0015314475,0.003945211,0.001290238,0.0033197685,0.0025885967,0.97198313,0.007039971,0.00266458
syn-0276,2,1,2,6,6,0.00080801325,0.0017769691,0.0012625232,0.0021857093,0.0016466407,0.0017562668,0.97318405,0.0059341253,0.0024466836,0.0022816735,0.0034638809,0.0032536176
syn-0278,2,1,2,9,9,0.0006348255,0.0012147287,0.0011495205,0.0013926933,0.0012035114,0.002654487,0.0018722444,0.0017051141,0.001958267,0.9798425,0.00248517,0.0038868794
syn-0283,2,1,2,7,7,0.0018325497,0.0021868586,0.006092901,0.0023347288,0.0019346135,0.003591025,0.0021320316,0.9708473,0.0016491163,0.002310911,0.002471993,0.0026160493
syn-0285,2,1,2,11,11,0.0015401605,0.001994576,0.0012189623,0.0015266831,0.0009934317,0.0008052915,0.0021036083,0.0012975786,0.0017048022,0.0022351828,0.0022820523,0.98229766
syn-0288,2,1,2,9,9,0.0008555685,0.0013348715,0.001229141,0.0011901614,0.0010616573,0.0020461485,0.0020730493,0.0017035796,0.0028321394,0.9813535,0.0018884549,0.0024318642
syn-0294,2,1,2,1,1,0.00081954355,0.98900104,0.00067348016,0.0009173972,0.0015046138,0.000720425,0.0011786805,0.0012831994,0.0009574419,0.0008609737,0.0005427442,0.0015403416
syn-0301,2,1,2,3,5,0.0100758765,0.014264876,0.007827966,0.2711371,0.11127442,0.32010213,0.16574277,0.0028020712,0.012047472,0.013982138,0.06628297,0.0044602402
syn-0305,2,1,2,1,1,0.00073869777,0.9881792,0.0011795715,0.0009550129,0.0013920823,0.00045354568,0.0010946604,0.001102169,0.0011341058,0.0009836458,0.000967923,0.0018193892
syn-0308,2,1,2,3,3,0.0015665824,0.0010594853,0.001333442,0.9851009,0.0016345654,0.00121946,0.0020290415,0.0009798636,0.00093134725,0.0012410854,0.0019147365,0.0009894796
syn-0313,2,1,2,11,10,0.0071108732,0.08773495,0.011121617,0.013679822,0.010447793,0.024895245,0.110907376,0.01285728,0.014448771,0.011024296,0.4247364,0.27103555
syn-0324,2,1,2,7,7,0.0014676012,0.006739065,0.0048777256,0.0016793299,0.00177893,0.0036742678,0.0021270222,0.95915353,0.0054298844,0.006199231,0.0026730997,0.0042002453
syn-0333,2,1,2,5,5,0.004132665,0.0007358983,0.0010117646,0.0012671797,0.0087317815,0.97154105,0.0027335265,0.00077196833,0.00417424,0.0018231454,0.002513636,0.0005631319
syn-0335,2,1,2,3,11,0.001499574,0.0019339717,0.0011531368,0.0017489048,0.001736566,0.0010463605,0.0018594282,0.0011236776,0.0011559555,0.0025137677,0.0022632508,0.9819655
syn-0338,2,1,2,8,8,0.0015427028,0.0018763656,0.0010918055,0.0007184751,0.0014393622,0.0022214497,0.0027096767,0.0008854672,0.9805619,0.0049750446,0.0007708112,0.0012067496
syn-0383,2,1,2,2,2,0.0020863907,0.0017210434,0.980342,0.0018031978,0.0012082476,0.0016061483,0.0014112057,0.0030379049,0.001515482,0.0015548333,0.002212833,0.0015007544
syn-0385,2,1,2,5,4,0.0027452041,0.0029247527,0.0011854633,0.0012780417,0.96892613,0.008836783,0.002645521,0.005849318,0.0014796616,0.001894365,0.00094605726,0.0012886947
syn-0392,2,1,2,1,1,0.0010278338,0.9874534,0.001197267,0.0011443942,0.0015724815,0.00039645878,0.001274484,0.001243442,0.00092359644,0.0011244536,0.00088995043,0.0017522501
syn-0396,2,1,2,3,3,0.0012652331,0.0010535347,0.0016590623,0.9853248,0.0012609161,0.001582702,0.0017340195,0.0014676963,0.0008391314,0.0010976447,0.001676571,0.0010387218
syn-0402,2,1,2,1,1,0.001587329,0.9859161,0.0010307534,0.0013222217,0.001882614,0.00074569363,0.0010500574,0.0013436995,0.001461959,0.0008782129,0.0011251726,0.0016561111
syn-0405,2,1,2,8,8,0.0007899058,0.0014347064,0.0010332541,0.0006491246,0.00068060897,0.0013332185,0.0011498675,0.0008110104,0.988308,0.0020619067,0.00069572934,0.0010526048
syn-0406,2,1,2,4,4,0.17373791,0.0029573862,0.002517265,0.004268443,0.7909011,0.0022987204,0.0054854746,0.0025946365,0.0012473541,0.002721812,0.0062010786,0.0050689015
syn-0409,2,1,2,10,10,0.0008454303,0.00093352405,0.0012300939,0.0013670855,0.00073308934,0.0012252979,0.0013569437,0.000679986,0.00044247534,0.0027965303,0.98595804,0.0024314479
syn-0414,2,1,2,5,4,0.0017229244,0.0047973846,0.0014758556,0.001738134,0.9551746,0.01799717,0.0034867816,0.005241312,0.0025031709,0.0025166515,0.0020074295,0.001338543
syn-0420,2,1,2,2,2,0.0018962455,0.0013698217,0.98036283,0.0017550252,0.0011174701,0.0017524564,0.0012333081,0.00372538,0.00143907,0.0014876536,0.0023910878,0.0014696042
syn-0426,2,1,2,10,10,0.0008152524,0.0006634431,0.002340939,0.00152607,0.00062263885,0.004324081,0.0024876615,0.00328397,0.0025203675,0.0024291454,0.9733108,0.0056755766
syn-0432,2,1,2,6,6,0.00094958406,0.0010876408,0.0010967067,0.0016399331,0.0014366749,0.0016319453,0.9854447,0.0016007713,0.0009763841,0.0014642957,0.0011063882,0.0015648353
syn-0433,2,1,2,5,4,0.00486434,0.018426305,0.007667642,0.01080783,0.36764815,0.22386263,0.007864822,0.3340943,0.007175001,0.0077353306,0.0049845604,0.0048690927
syn-0443,2,1,2,7,7,0.0038804305,0.004834582,0.0040419106,0.0021964759,0.0042441674,0.0058908695,0.0025405027,0.9609371,0.002491365,0.004049813,0.0013466183,0.0035461346
syn-0452,2,1,2,10,10,0.0007515701,0.0008138323,0.0017566493,0.0016617415,0.0007600581,0.001776597,0.0024275791,0.00078802335,0.00097212923,0.001685028,0.9849903,0.0016165242
syn-0460,2,1,2,8,8,0.0011445446,0.0033681125,0.0011671187,0.00089880207,0.0013020148,0.0013077493,0.002579271,0.00072716165,0.9837329,0.0019125444,0.00096051453,0.000899241
syn-0464,2,1,2,4,4,0.017681304,0.0029537606,0.001222176,0.0016061278,0.9681989,0.0010316911,0.0015344499,0.0012665256,0.0010960866,0.0009782173,0.0011073835,0.0013234246
syn-0465,2,1,2,7,7,0.002087129,0.0023124984,0.004476201,0.0026422457,0.0036234448,0.0034587816,0.0026191247,0.9719886,0.0009965376,0.0019368879,0.0018454859,0.0020130614
syn-0471,2,1,2,5,5,0.0070649935,0.0032783158,0.0020645815,0.00088623277,0.011851875,0.95121485,0.0026393507,0.0027485136,0.002844081,0.0036146177,0.0043921126,0.007400435
syn-0473,2,1,2,10,10,0.0008625834,0.0006803635,0.0013918463,0.0011637121,0.00073852757,0.0012029996,0.00090574694,0.000897602,0.00045521584,0.0012994831,0.98891675,0.0014851437
syn-0478,2,1,2,2,2,0.0020473525,0.001490943,0.9772675,0.002209936,0.0012978861,0.0020363855,0.0016624553,0.0043173474,0.0013055133,0.0019289528,0.0028547684,0.0015809131
syn-0495,2,1,2,2,2,0.0023185366,0.0018521125,0.97953576,0.0020925787,0.0016650939,0.0018666387,0.0012763601,0.0023714916,0.0017066625,0.0013942983,0.0023148602,0.0016056113
syn-0005,2,1,3,11,11,0.001500777,0.0031661112,0.0012861922,0.001535617,0.0010889155,0.0019940399,0.0010921103,0.002031384,0.0013551773,0.0029865648,0.0025632123,0.97939986
syn-0006,2,1,3,7,7,0.011566184,0.008924571,0.010495196,0.005072668,0.0033495564,0.020522276,0.0035482163,0.83332974,0.011840468,0.046601858,0.02365418,0.02109504
syn-0008,2,1,3,8,8,0.00072113506,0.0011860515,0.0010234392,0.00074986176,0.00084515306,0.0015626554,0.001457978,0.0019699032,0.9880441,0.001237219,0.00047850664,0.00072395743
syn-0014,2,1,3,0,0,0.98267174,0.0015993877,0.001257521,0.0013379707,0.004484499,0.0028658726,0.0009124167,0.0008917159,0.0012661469,0.00070128427,0.0010481362,0.00096323376
syn-0020,2,1,3,6,6,0.0008954337,0.0009815226,0.0010649126,0.0017450607,0.002061965,0.0013105045,0.9848433,0.0017344421,0.0020090428,0.0011275212,0.00089893834,0.001327248
syn-0029,2,1,3,2,2,0.0019115343,0.0013182751,0.9810554,0.0020991534,0.0011122694,0.0015601488,0.0013661119,0.00286046,0.0014379785,0.0013292634,0.002659253,0.001290255
syn-0032,2,1,3,4,4,0.0036973092,0.0043756813,0.0016777342,0.0024351364,0.9246875,0.0015105348,0.049778387,0.0019029792,0.0037213073,0.0019585988,0.0008665804,0.0033882887
syn-0033,2,1,3,5,5,0.0010514945,0.0008350561,0.0012203506,0.00090379314,0.0010864628,0.9863018,0.0007844626,0.0023877996,0.002111281,0.0016009905,0.00093979615,0.0007768391
syn-0041,2,1,3,10,10,0.0016901754,0.0042304685,0.0035537253,0.0061598057,0.0039201933,0.007835353,0.0055121863,0.0024187013,0.0123101985,0.28313565,0.65064055,0.018592933
syn-0044,2,1,3,2,2,0.001715609,0.0017592976,0.979157,0.0026896172,0.0010387927,0.0016587706,0.0014450405,0.00327119,0.0015166093,0.0014901832,0.0028408451,0.0014170909
syn-0046,2,1,3,8,8,0.009017926,0.007412512,0.0017358708,0.0011814515,0.0024253647,0.0052723237,0.0021815267,0.0048832498,0.9405183,0.021543281,0.001540903,0.0022873366
syn-0050,2,1,3,4,4,0.0020683443,0.0046999375,0.0010274103,0.0021628486,0.97602355,0.0021894125,0.0026202234,0.0028049625,0.001623462,0.001592839,0.0010435896,0.002143399
syn-0053,2,1,3,10,10,0.0006692488,0.0006025529,0.0016967744,0.0012653687,0.00057777425,0.0016439178,0.0010204826,0.001495891,0.0005301955,0.0013251241,0.9871158,0.002056907
syn-0054,2,1,3,5,5,0.001293931,0.00043787964,0.0011530961,0.0010008493,0.0009411295,0.98529273,0.0008053839,0.002660327,0.0018354584,0.0018507576,0.0018123039,0.00091619143
syn-0057,2,1,3,8,8,0.001469427,0.002866132,0.0010708645,0.0006947863,0.0025651103,0.0061323834,0.0020905174,0.0014816752,0.9726164,0.0034148656,0.0032923603,0.0023055335
syn-0072,2,1,3,0,0,0.9869385,0.0014693823,0.0013126516,0.0010506329,0.002480355,0.0009792977,0.00064318057,0.0015918871,0.0009580145,0.00057373504,0.00077886035,0.0012235257
syn-0073,2,1,3,11,11,0.0017301564,0.0065231686,0.0014059206,0.00096958235,0.0017099994,0.00095828646,0.0021616418,0.0023602291,0.0018835772,0.0027329049,0.0027997638,0.97476476
syn-0074,2,1,3,5,5,0.0061325254,0.004546193,0.0015157366,0.0015946955,0.0020396465,0.9601345,0.00300265,0.0026955039,0.007820674,0.00792833,0.0011655653,0.0014239028
syn-0091,2,1,3,4,4,0.00290177,0.0016753206,0.0008714822,0.0015366102,0.9831487,0.0018932956,0.0021760298,0.0017129574,0.0010517215,0.0010258546,0.0009783994,0.0010278601
syn-0093,2,1,3,5,5,0.001412683,0.0009319046,0.0012540148,0.00084437575,0.0012762528,0.98376715,0.0033403866,0.0012225752,0.0019781475,0.0017414521,0.001412683,0.00081839703
syn-0101,2,1,3,3,3,0.0013091211,0.0013881192,0.0021589028,0.9847648,0.0013284389,0.00076959265,0.0020437588,0.0018250938,0.0008411151,0.0009410848,0.0013739584,0.0012558996
syn-0111,2,1,3,3,3,0.0013109671,0.0014768416,0.0022083584,0.9847099,0.0012975933,0.001040103,0.0017563637,0.0017546493,0.0009756561,0.00081122055,0.001524838,0.0011334401
syn-0113,2,1,3,11,11,0.0017844508,0.003917155,0.0014880552,0.0015315475,0.0015285591,0.000971137,0.0025511202,0.0012915828,0.005654383,0.0033778548,0.0014815304,0.9744226
syn-0122,2,1,3,3,3,0.0013061248,0.0009025202,0.0017778667,0.9849126,0.0014415191,0.0011074118,0.0016607994,0.001532617,0.0009926775,0.0013924008,0.0016454627,0.0013279895
syn-0133,2,1,3,2,2,0.0020379184,0.0019200642,0.97728705,0.0034704264,0.0011498865,0.0018659943,0.0015390528,0.0037823182,0.0013849976,0.0019627197,0.0021351988,0.0014642783
syn-0140,2,1,3,11,11,0.0017470341,0.0022641441,0.0013546256,0.0019652024,0.0015417521,0.0009526328,0.001345397,0.0017945874,0.0010503575,0.006029651,0.0014314685,0.97852325
syn-0141,2,1,3,2,2,0.001873883,0.0017445202,0.9809395,0.0021486797,0.001032585,0.0016035999,0.0013546591,0.002604886,0.0014697508,0.001425227,0.0025584039,0.0012443196
syn-0146,2,1,3,10,10,0.00095814734,0.00056491833,0.0015077455,0.0013550033,0.00073463714,0.0014205516,0.0009847083,0.0012174376,0.0006090355,0.001960718,0.98707527,0.0016118586
syn-0154,2,1,3,1,1,0.0009700835,0.9882112,0.00079641194,0.00076590193,0.0014684512,0.00074088917,0.0009870456,0.0016238408,0.0011862522,0.0010318925,0.0005195019,0.0016985018
syn-0178,2,1,3,9,9,0.0016841162,0.004747499,0.0014703474,0.0024889626,0.0040085455,0.004097598,0.009075397,0.0023982914,0.009031191,0.8775205,0.012563081,0.07091453
syn-0187,2,1,3,3,3,0.0014087321,0.0010191405,0.0017510566,0.9843746,0.001904935,0.0016598922,0.0015280447,0.0015623729,0.0009252234,0.001021133,0.0018000371,0.0010448381
syn-0189,2,1,3,10,10,0.0016648135,0.0019558913,0.0015800667,0.003418009,0.0019915483,0.0023420386,0.0042114784,0.0007548,0.0033846374,0.0022446313,0.97246134,0.003990756
syn-0191,2,1,3,4,4,0.0019190735,0.0020195364,0.0010780807,0.0031355647,0.97964877,0.0013951402,0.003018758,0.0014663843,0.00118,0.001704777,0.0019516755,0.0014822213
syn-0192,2,1,3,5,5,0.0009227961,0.000974191,0.0012260929,0.0009124906,0.0007078778,0.98611605,0.0009291258,0.0021274392,0.0019612052,0.0015556131,0.0015004078,0.0010668095
syn-0211,2,1,3,0,0,0.9861481,0.0011608793,0.001536414,0.0011164068,0.0029127554,0.0010528717,0.0007010214,0.0014967978,0.0006296201,0.00071904866,0.0011120542,0.0014140293
syn-0215,2,1,3,10,10,0.0016617477,0.0025901545,0.0027924317,0.0027078397,0.0019070646,0.007023601,0.0044612037,0.0012778443,0.010605636,0.048848774,0.9074189,0.0087048095
syn-0217,2,1,3,6,6,0.0008439378,0.001336155,0.0017486413,0.0017874889,0.002083164,0.0021330854,0.97655827,0.0012893673,0.0043928646,0.0015364039,0.003725219,0.0025654654
syn-0233,2,1,3,8,8,0.00088899885,0.0014133514,0.0011699944,0.0007992315,0.0008524408,0.0015724788,0.0012604411,0.0013631947,0.9878435,0.0014607101,0.0005389418,0.00083676993
syn-0267,2,1,3,4,4,0.003916058,0.0018601179,0.0008341842,0.0012422103,0.98334944,0.0018485736,0.001368638,0.0010965144,0.0008585654,0.00071004004,0.0012923253,0.0016233152
syn-0269,2,1,3,10,10,0.0008462438,0.0006466237,0.0013633991,0.0011751801,0.0006823041,0.0011199965,0.0015128341,0.0010503428,0.0006984845,0.0017531518,0.98642504,0.0027263782
syn-0275,2,1,3,0,0,0.98677003,0.0012102461,0.0013105063,0.0010052908,0.0023727305,0.0014509525,0.00078598555,0.0013926448,0.0010186319,0.0005619929,0.0009979546,0.001123127
syn-0282,2,1,3,7,7,0.0030771643,0.0056020333,0.004852893,0.0027422372,0.0036631557,0.025192533,0.006711306,0.9243462,0.009824377,0.0064984723,0.0024581258,0.005031448
syn-0284,2,1,3,0,0,0.9668583,0.0018011178,0.0020519253,0.0013119478,0.004909112,0.0021546034,0.0010307658,0.0013802908,0.011602267,0.0020985352,0.0026840672,0.0021170606
syn-0295,2,1,3,10,10,0.00089443364,0.0006774656,0.0012515377,0.0013970437,0.00078166416,0.0014382269,0.0013711936,0.0006608034,0.0006111432,0.0021898241,0.9856667,0.0030600028
syn-0297,2,1,3,11,11,0.0016701788,0.0031386414,0.0011563343,0.0016338809,0.0013154268,0.0009837671,0.0016808143,0.0022324326,0.0016054112,0.0018329897,0.0014216212,0.9813285
syn-0299,2,1,3,1,1,0.0012530882,0.9868879,0.0008890066,0.00095143926,0.0016214187,0.0012384894,0.0010068847,0.0019311318,0.0012475937,0.0013391263,0.0003923811,0.0012415167
syn-0303,2,1,3,7,5,0.023909891,0.0034395044,0.007915505,0.0039627133,0.01912556,0.62972826,0.0073421244,0.28218248,0.008869275,0.005839378,0.004181374,0.003503919
syn-0306,2,1,3,5,5,0.0022243068,0.0008163811,0.0010031858,0.0009424058,0.0033313448,0.9823026,0.00079203676,0.0019214555,0.0028654954,0.0011356488,0.001956485,0.00070859183
syn-0307,2,1,3,3,3,0.0023512153,0.002046765,0.0017151537,0.9777029,0.0020358013,0.0010546137,0.0026063735,0.0017218668,0.0017353715,0.00344252,0.0020507665,0.0015367034
syn-0310,2,1,3,10,10,0.00093155616,0.00060973736,0.0014039048,0.0013340669,0.0007311868,0.0013392882,0.00090157357,0.0016097813,0.00085026486,0.002698181,0.9853219,0.0022684932
syn-0325,2,1,3,4,4,0.013456949,0.00866939,0.004131281,0.16135816,0.68200207,0.08169252,0.011705881,0.004844127,0.006695915,0.01483198,0.0057863486,0.004825242
syn-0327,2,1,3,1,1,0.0020496615,0.97396064,0.0011951191,0.0012985572,0.0020743283,0.0006316313,0.0020235577,0.0014227084,0.010174122,0.0010297542,0.00081182306,0.0033281476
syn-0329,2,1,3,8,8,0.0009791948,0.0013628004,0.00086836616,0.000644685,0.0016382419,0.0014243722,0.0012959561,0.0023890533,0.98250765,0.0045233313,0.0010201922,0.0013462658
syn-0336,2,1,3,0,0,0.98549217,0.0014765721,0.0015264219,0.00094823976,0.0033356403,0.0015126956,0.00069918815,0.0018412162,0.0010624968,0.0005461259,0.00078228937,0.0007769599
syn-0343,2,1,3,8,8,0.0011987374,0.0020874774,0.0013127041,0.0008496172,0.0028734505,0.0023410053,0.001765574,0.0020188119,0.9773865,0.0059350664,0.0010766421,0.0011545044
syn-0345,2,1,3,7,7,0.0031850047,0.005866708,0.002708363,0.0024684018,0.0069076098,0.042200755,0.007195063,0.9093687,0.005300129,0.006317151,0.0026096993,0.0058724396
syn-0346,2,1,3,6,6,0.00073729426,0.0009853789,0.00091489323,0.001921991,0.0015445519,0.0008416055,0.9867834,0.00094163336,0.0016562532,0.0010816986,0.0011264374,0.0014648535
syn-0348,2,1,3,9,9,0.005116488,0.0135593675,0.0018234495,0.0020105054,0.0040179384,0.0049530203,0.0029887957,0.0052237744,0.022763174,0.9299259,0.0038003947,0.0038171327
syn-0366,2,1,3,9,9,0.0012966688,0.0018330658,0.0030515005,0.0015918177,0.0011232696,0.0023223094,0.002791,0.0014975665,0.002628311,0.9725443,0.0029064354,0.006413667
syn-0368,2,1,3,9,9,0.0012294287,0.003831546,0.0013489454,0.0011403719,0.0016738786,0.0022240349,0.002221864,0.0013529032,0.004767272,0.9635382,0.0017085604,0.014962889
syn-0369,2,1,3,6,5,0.005448669,0.012440198,0.0032361206,0.0036849543,0.0115102185,0.48310533,0.449425,0.0058000786,0.011793968,0.0066889003,0.0029783442,0.0038882885
syn-0372,2,1,3,1,1,0.0021516914,0.9845954,0.00077549514,0.0014864359,0.002224062,0.0011043557,0.0011911815,0.0013448515,0.0014658938,0.0013537457,0.00076235464,0.0015445171
syn-0382,2,1,3,0,0,0.98539793,0.0011133807,0.0014310058,0.0012311972,0.0038596063,0.0010459244,0.00071570056,0.001545776,0.0006434321,0.0006465815,0.0010780722,0.0012915442
syn-0399,2,1,3,8,8,0.0006070289,0.0013027702,0.0008256686,0.0006281355,0.0007729973,0.0015378516,0.0012364531,0.0012816335,0.9886386,0.0016885358,0.0007733748,0.0007069218
syn-0401,2,1,3,11,11,0.0027066628,0.008814343,0.0014516044,0.0018260618,0.0019343646,0.0016954411,0.003294484,0.005746115,0.0023016057,0.0047663143,0.0018242794,0.9636386
syn-0407,2,1,3,6,6,0.0010462322,0.002116545,0.0013712231,0.0077118175,0.0027416893,0.0012718948,0.9765856,0.0011137082,0.0017598257,0.0015636936,0.0010310182,0.0016866331
syn-0408,2,1,3,4,4,0.07769962,0.015684554,0.006641765,0.004252797,0.7924394,0.0103752455,0.015187501,0.0037347996,0.05596494,0.0064752493,0.00538655,0.006157643
syn-0411,2,1,3,2,2,0.0017369862,0.00190957,0.9802864,0.0024282562,0.00094646023,0.0015834756,0.0013249828,0.002869755,0.0014270627,0.0019382209,0.0022538719,0.0012949217
syn-0413,2,1,3,9,9,0.0009745564,0.0023190798,0.0018296229,0.0012379847,0.0009613229,0.0035804787,0.0014530156,0.0026905078,0.0019581125,0.97309047,0.002568868,0.0073359124
syn-0416,2,1,3,2,2,0.00186158,0.0015119765,0.9814231,0.0022615867,0.0010612144,0.0015915164,0.0012894787,0.0027324937,0.0014231475,0.0012831978,0.0023297125,0.0012310302
syn-0417,2,1,3,7,8,0.11948388,0.020834275,0.0222539,0.020803778,0.20685324,0.01884979,0.07951573,0.14870007,0.2609768,0.013418818,0.013044123,0.07526561
syn-0422,2,1,3,1,1,0.0009325421,0.9873284,0.0009844799,0.0009216777,0.0013358048,0.00085909804,0.0008553309,0.002500491,0.00091005064,0.0010926503,0.0006882852,0.0015911559
syn-0425,2,1,3,5,5,0.0032815195,0.0012007371,0.000995446,0.001295773,0.0077234693,0.9699762,0.0018982709,0.00092785765,0.004727606,0.0024794412,0.0029436906,0.0025500408
syn-0430,2,1,3,1,1,0.003085807,0.9748127,0.0011915013,0.0020860508,0.0031445571,0.0065842913,0.0013801424,0.001614338,0.0014372249,0.001781247,0.0010004095,0.0018818312
syn-0431,2,1,3,3,3,0.0015778654,0.0009219351,0.0017165244,0.98471504,0.0014862535,0.0011246253,0.001883393,0.0016894996,0.00085849914,0.0012012563,0.0015394341,0.0012856174
syn-0436,2,1,3,6,6,0.00060620374,0.00089941756,0.000908244,0.0016997254,0.001585479,0.0013060913,0.9863311,0.0011799553,0.0020209395,0.001157698,0.0010453825,0.001259741
syn-0437,2,1,3,3,3,0.005469423,0.0023431985,0.003323858,0.8189001,0.0189416,0.0235732,0.0066833044,0.0018409945,0.0039664996,0.006321449,0.103099704,0.005536597
syn-0445,2,1,3,6,6,0.0010039945,0.0011703547,0.0011382304,0.0018268976,0.002042036,0.0010919562,0.9783059,0.0017586269,0.008332782,0.0010217987,0.00076230837,0.0015451774
syn-0449,2,1,3,11,11,0.0013518626,0.0017983756,0.0011267692,0.002090741,0.0016370398,0.000875389,0.0019092268,0.0011750922,0.0011361613,0.0022518167,0.0038192638,0.98082834
syn-0451,2,1,3,8,8,0.0013356495,0.0017694478,0.0012298571,0.0007614018,0.0018381388,0.0043794257,0.0017711767,0.0084911715,0.9723829,0.00397876,0.001103514,0.0009587496
syn-0469,2,1,3,9,9,0.0008499675,0.0012784468,0.001072363,0.0012439628,0.001569448,0.0021018928,0.0018569528,0.0012537193,0.0022474446,0.9825754,0.0014130402,0.0025372244
syn-0472,2,1,3,8,8,0.0008451479,0.0011344976,0.0009837452,0.00064484094,0.0008736805,0.0015434979,0.0013963078,0.0011822857,0.98852056,0.0014746151,0.0005602476,0.00084062066
syn-0482,2,1,3,1,1,0.002909115,0.97259474,0.001669927,0.00670215,0.0039007491,0.00090173824,0.0027564391,0.0018466366,0.0014494417,0.0015436761,0.0017750261,0.0019504371
syn-0485,2,1,3,10,10,0.00091868907,0.0007657217,0.0014131998,0.0011190253,0.0009423138,0.0013240179,0.0017814434,0.00085589435,0.002232522,0.0022249045,0.984127,0.0022952503
syn-0492,2,1,3,6,6,0.00073344004,0.0017007256,0.0012294811,0.0017732305,0.001631982,0.00094544154,0.98450506,0.0018112973,0.0015515558,0.0012574088,0.0011172709,0.0017431838
syn-0016,2,1,4,9,9,0.0007515168,0.0010484847,0.0013443105,0.001616015,0.0013761898,0.0020563449,0.0023173792,0.0013067732,0.0032463586,0.97202086,0.009538668,0.0033771216
syn-0023,2,1,4,1,1,0.00088958413,0.98849386,0.0008865487,0.0010595069,0.0017252163,0.00065051595,0.0009414251,0.0016328038,0.0011921084,0.0007440016,0.0005682219,0.0012162143
syn-0026,2,1,4,10,10,0.0008560278,0.00055948127,0.0012888204,0.0013978065,0.00089754775,0.0015397882,0.0013521569,0.0008049495,0.0005235349,0.0013533127,0.9881329,0.0012937068
syn-0027,2,1,4,4,4,0.0026366098,0.0024060695,0.0010269727,0.0012363483,0.9779925,0.002377603,0.0026529438,0.0025212318,0.0045091445,0.0009997598,0.00077482115,0.0008660654
syn-0035,2,1,4,9,9,0.0014311409,0.0027092062,0.0017994408,0.0018376214,0.0035891149,0.00334624,0.0028538175,0.0011922651,0.0054182387,0.9500541,0.018468918,0.0072999434
syn-0040,2,1,4,4,4,0.002258104,0.0018306785,0.0010503723,0.0014273012,0.98236704,0.002961707,0.0017049225,0.0012054343,0.0009700136,0.0012334181,0.001958525,0.0010325742
syn-0048,2,1,4,11,11,0.0013719688,0.0017694012,0.0009833785,0.0014371088,0.0016118451,0.0013053118,0.003579747,0.0015523684,0.001848892,0.0038421492,0.0045349016,0.9761629
syn-0056,2,1,4,8,8,0.00083113956,0.001729444,0.0009399668,0.0005807958,0.00078154623,0.001107822,0.001496572,0.0010193284,0.9884095,0.0017887792,0.00052317034,0.000791918
syn-0070,2,1,4,2,2,0.0016668063,0.0012468572,0.98198056,0.0017353215,0.0011386073,0.0016393631,0.0014806796,0.0028339487,0.0013092499,0.0013285694,0.0023858414,0.0012541844
syn-0077,2,1,4,2,2,0.0015168227,0.0012726238,0.9833677,0.0017248807,0.001023581,0.0015235032,0.0013868269,0.0019560973,0.0014197144,0.0011480369,0.0024570923,0.0012031322
syn-0084,2,1,4,5,5,0.0012916849,0.0005716444,0.0011078077,0.0009886781,0.0009629501,0.9881555,0.0007121181,0.0009342351,0.0015354125,0.0016801566,0.001422106,0.0006377155
syn-0085,2,1,4,3,1,0.0035893668,0.8890762,0.004181056,0.070872754,0.010421738,0.0016880624,0.007275546,0.0017621771,0.002777714,0.0020124696,0.0033817913,0.0029611953
syn-0086,2,1,4,10,10,0.0007687959,0.00051363104,0.0012692333,0.0012512347,0.00070652104,0.0012273332,0.0008443572,0.0011991948,0.00047642484,0.001429522,0.9885606,0.0017531447
syn-0090,2,1,4,5,5,0.018328728,0.0028204254,0.0016767682,0.0012255524,0.007758978,0.94284266,0.0037200728,0.004073748,0.011782028,0.0025667727,0.0020806668,0.0011235323
syn-0094,2,1,4,1,1,0.00260197,0.9501876,0.0019988997,0.003581741,0.0023483895,0.00090273615,0.00920229,0.003085393,0.0031562482,0.0026558817,0.004136168,0.016142638
syn-0106,2,1,4,10,10,0.0008019132,0.0007898663,0.0016018185,0.0025363711,0.00073984003,0.001155438,0.0029454762,0.0009315993,0.00066383625,0.0013717816,0.9844057,0.0020563367
syn-0107,2,1,4,10,10,0.0009014629,0.00047573398,0.0013206179,0.0013814636,0.0007805322,0.0014375474,0.0008975102,0.0010791733,0.00051943905,0.0016287061,0.9880916,0.0014860571
syn-0109,2,1,4,3,3,0.0017437964,0.0017807964,0.002916035,0.9705296,0.0017083992,0.0016166903,0.003079571,0.0012167718,0.0011408211,0.0059295096,0.0061476775,0.0021904171
syn-0117,2,1,4,6,6,0.0006460896,0.00086517376,0.0007264181,0.0023185776,0.0024180128,0.0013721198,0.9856103,0.0007371373,0.0011964919,0.0015217673,0.0013179447,0.0012699331
syn-0119,2,1,4,6,6,0.00077876524,0.0007902569,0.0013449289,0.0025823112,0.0013176281,0.001589363,0.977228,0.0017489863,0.00083467766,0.0020422777,0.007453945,0.0022889182
syn-0128,2,1,4,2,2,0.0016838727,0.0013820758,0.9831141,0.0015969855,0.0011438247,0.0016079398,0.0012495161,0.002074615,0.0013197521,0.0013699818,0.002249706,0.0012075298
syn-0139,2,1,4,1,1,0.0007578974,0.98892736,0.00086175074,0.00091553887,0.0016057424,0.00054111617,0.0011940879,0.0010326403,0.0009473727,0.0010625625,0.00069311267,0.0014608409
syn-0147,2,1,4,0,0,0.9864726,0.0010273145,0.0011640998,0.0010734667,0.0028489986,0.0015508657,0.00072989915,0.0011075423,0.0007122952,0.0014238494,0.0008118794,0.001077142
syn-0156,2,1,4,6,6,0.0007789389,0.0011311378,0.0010080218,0.0014456881,0.0015430655,0.0011624942,0.9860745,0.0019639977,0.0015161783,0.0009914251,0.0011305857,0.0012538909
syn-0167,2,1,4,0,0,0.9883614,0.0009932393,0.0013388357,0.0008938187,0.0019375746,0.001223795,0.0006242908,0.0011893325,0.0008078923,0.00061701756,0.0009271581,0.0010855466
syn-0168,2,1,4,1,1,0.0026819627,0.9789064,0.0014029603,0.0010446298,0.0024018593,0.0028860765,0.0014278397,0.0019068817,0.0021035236,0.0025830783,0.001512524,0.0011422706
syn-0173,2,1,4,8,8,0.0007305281,0.0015270184,0.0009792004,0.00068693806,0.0008700688,0.0017248554,0.0035782703,0.00071430265,0.98539597,0.0024671247,0.0005154987,0.00081020175
syn-0182,2,1,4,6,6,0.0005572953,0.0007677067,0.0010858164,0.0018538125,0.0011838336,0.001108314,0.98523384,0.0016367827,0.0012806545,0.001096472,0.0025627906,0.0016327915
syn-0183,2,1,4,4,5,0.007104594,0.001887362,0.0019058833,0.0023192286,0.109585315,0.86195534,0.0028485244,0.0019133429,0.00387167,0.0024116165,0.002882102,0.00131502
syn-0185,2,1,4,7,7,0.004050442,0.003604297,0.011263091,0.0037187096,0.003777271,0.0048382855,0.0060081277,0.9287918,0.008256364,0.016415732,0.0032530327,0.0060228133
syn-0195,2,1,4,4,4,0.0034519904,0.0021971,0.0011126208,0.0015798096,0.9633244,0.01713449,0.0022907662,0.00096195325,0.0019776586,0.0019498521,0.0029335134,0.0010857861
syn-0197,2,1,4,11,11,0.00421156,0.004754733,0.0014551209,0.0016456507,0.0034949174,0.0016813889,0.004042068,0.0016797478,0.006982788,0.00409696,0.0009249311,0.9650301
syn-0208,2,1,4,8,8,0.0010305055,0.0011603269,0.00093280425,0.00062503316,0.00080138375,0.0011895846,0.0015537852,0.00081519695,0.98760605,0.002586267,0.0009553914,0.00074369635
syn-0210,2,1,4,0,0,0.97600687,0.0013269508,0.0012058449,0.0011114189,0.011230417,0.0016510139,0.0009784321,0.0024796,0.00067180954,0.00069043285,0.0008534037,0.0017939095
syn-0226,2,1,4,6,6,0.00064851204,0.0011304202,0.0010429185,0.0017111064,0.0013516152,0.00089031487,0.983526,0.0013365208,0.0006619489,0.0017278981,0.0026648114,0.0033079206
syn-0229,2,1,4,7,7,0.004560081,0.0029006875,0.0056917625,0.003007414,0.0022612647,0.006627289,0.0025774064,0.95790863,0.0035679063,0.003918579,0.0046933605,0.0022856866
syn-0236,2,1,4,11,11,0.016228184,0.06311154,0.0073918095,0.0032418813,0.010802386,0.00760414,0.040135734,0.0042530573,0.2595544,0.05547861,0.007883924,0.5243143
syn-0246,2,1,4,8,8,0.0029842465,0.025293672,0.004506211,0.003938071,0.0032807558,0.0036958645,0.21690948,0.004035399,0.7196024,0.0051161884,0.0030580007,0.0075797196
syn-0250,2,1,4,11,11,0.0014734496,0.0015246822,0.0013754193,0.001344214,0.0009466967,0.0010785252,0.001126428,0.0017501918,0.0009104293,0.0030307123,0.0025110538,0.9829281
syn-0261,2,1,4,5,5,0.0033468076,0.0008299396,0.0012679809,0.0013790712,0.007134662,0.9631781,0.0129318265,0.0011888336,0.002662126,0.002768173,0.0022384536,0.0010740217
syn-0262,2,1,4,10,10,0.0007911378,0.0005695571,0.0012685632,0.0012201143,0.0006763657,0.0015037232,0.00095896545,0.0009688492,0.0005170705,0.0017880875,0.9884006,0.0013370105
syn-0263,2,1,4,0,0,0.9843187,0.002268536,0.0015305713,0.001211373,0.0022055956,0.0012932833,0.0008108982,0.0011536448,0.0017629678,0.0008556432,0.00085647916,0.0017322488
syn-0265,2,1,4,3,3,0.0015829866,0.0008366227,0.0016557187,0.98333895,0.0016106652,0.0030405037,0.0014266219,0.001021554,0.00077450555,0.0013369194,0.0020638478,0.001311061
syn-0280,2,1,4,0,0,0.9877927,0.0009849428,0.0014756894,0.0010347344,0.00210443,0.0010712355,0.00071673957,0.001055658,0.0007308759,0.0007258968,0.0011392112,0.0011679365
syn-0281,2,1,4,10,10,0.017583616,0.0066220504,0.0063870484,0.006570517,0.034376655,0.0967418,0.018518517,0.0022398764,0.29740432,0.014996066,0.4941826,0.004376908
syn-0286,2,1,4,8,8,0.0011010447,0.0036933194,0.0018349215,0.0013203542,0.0013404922,0.001861089,0.010405694,0.0011482646,0.97020704,0.0046107406,0.0009408542,0.0015361317
syn-0296,2,1,4,3,3,0.0018529401,0.0012277124,0.0019024467,0.9778227,0.0024469686,0.0052489787,0.0012979896,0.0013457474,0.0009057005,0.0023297889,0.0020955591,0.0015234431
syn-0300,2,1,4,10,10,0.00077500555,0.0005870078,0.001746715,0.0013644176,0.0006707113,0.001135084,0.0009280132,0.0011265256,0.00049551844,0.0018312121,0.9878249,0.0015149232
syn-0304,2,1,4,1,1,0.0010114523,0.98605436,0.0011661658,0.0012404681,0.0014641287,0.0008171018,0.00206173,0.0015109739,0.0011245065,0.000807188,0.00088999234,0.0018519057
syn-0312,2,1,4,11,11,0.0020694057,0.005415014,0.0015944346,0.001729053,0.0012417469,0.0012861785,0.003608058,0.0033869748,0.013297992,0.004335181,0.0020583204,0.9599775
syn-0314,2,1,4,8,8,0.0008146268,0.0014147839,0.0010687173,0.00068699016,0.0007259606,0.0012184294,0.0011875923,0.0010475349,0.9888447,0.0018313694,0.0004888168,0.000670421
syn-0321,2,1,4,9,9,0.0005169285,0.000982396,0.0012455084,0.0014761919,0.0009752269,0.0020690968,0.0020894017,0.001213097,0.003131208,0.9813974,0.0023912315,0.0025123134
syn-0323,2,1,4,7,7,0.0015190548,0.0021110591,0.0033570311,0.0017365101,0.0023631197,0.006901647,0.0012993163,0.9707308,0.002047108,0.003290493,0.002271481,0.0023723692
syn-0328,2,1,4,10,10,0.0010531654,0.00060522516,0.0013313259,0.0012127782,0.00095075904,0.0016876983,0.0008720397,0.0013132481,0.0007477183,0.002505528,0.98666406,0.0010565132
syn-0330,2,1,4,0,0,0.9648901,0.0012990882,0.0016786844,0.001162223,0.0047576716,0.017811187,0.00079179363,0.001362763,0.0008919779,0.0018873954,0.002234781,0.0012323566
syn-0332,2,1,4,6,6,0.00069031905,0.00092801906,0.0012506167,0.002328061,0.001980992,0.001003918,0.98349965,0.0012877978,0.00078299816,0.0016386955,0.0033013779,0.0013074393
syn-0339,2,1,4,7,7,0.0015309388,0.0027593423,0.00295962,0.0015687752,0.001748387,0.002115145,0.0023682716,0.9778476,0.0018511787,0.001748387,0.0012187843,0.0022836693
syn-0341,2,1,4,8,8,0.0010017711,0.0017136134,0.000982395,0.00062566914,0.00071593357,0.0015708214,0.0012193315,0.0010884746,0.9876459,0.0024243381,0.0003926825,0.000618984
syn-0350,2,1,4,2,2,0.0019781825,0.0013952275,0.98210484,0.0020179376,0.0012623308,0.0016395706,0.0014654021,0.0021808457,0.0013345896,0.001230082,0.0022114064,0.0011794978
syn-0353,2,1,4,7,7,0.0053800326,0.012994555,0.011837455,0.010549035,0.013927515,0.18653016,0.0050294553,0.6756683,0.013711588,0.034648117,0.0153225465,0.01440123
syn-0354,2,1,4,8,8,0.0011053211,0.0015871695,0.0010567666,0.0007122564,0.0010388602,0.0015106102,0.0012433529,0.001150475,0.9873827,0.0022030286,0.00041424012,0.0005951125
syn-0355,2,1,4,5,5,0.005512936,0.001759206,0.0022788057,0.0012770465,0.00561511,0.9365531,0.002651217,0.003096561,0.0072526457,0.0023351256,0.030430593,0.001237756
syn-0357,2,1,4,3,3,0.0012972045,0.0015091987,0.0033873587,0.9805772,0.0017294601,0.0014528002,0.0023523774,0.0013202087,0.001011251,0.00082778063,0.0032480613,0.0012871098
syn-0363,2,1,4,9,9,0.008533601,0.014927654,0.0045699375,0.0043014525,0.0045699375,0.009976789,0.024886457,0.005458827,0.2332514,0.6644713,0.004556569,0.020496046
syn-0367,2,1,4,4,4,0.0033403838,0.0024868357,0.00095098023,0.0016232106,0.9782577,0.0037556945,0.0018152485,0.00086123915,0.0037768427,0.0010776018,0.0012592291,0.0007949618
syn-0370,2,1,4,9,9,0.00067683746,0.00094061386,0.0017191066,0.0022897117,0.0010371056,0.0024163518,0.0015969161,0.0027965875,0.0017136591,0.97852176,0.0026692757,0.003622064
syn-0371,2,1,4,6,6,0.0005930463,0.001041337,0.001047968,0.0016482827,0.0015487964,0.00087561016,0.9858782,0.001053612,0.0007895043,0.0013270217,0.002376091,0.0018204782
syn-0374,2,1,4,8,8,0.0012890163,0.0012746209,0.0009938884,0.00084309035,0.0010115135,0.0016106819,0.0013150817,0.00069860526,0.9875595,0.0021460843,0.00060933427,0.000648633
syn-0377,2,1,4,5,5,0.002914395,0.0015335301,0.0019884151,0.0025407395,0.0019825983,0.94797695,0.0026137226,0.027342213,0.00420742,0.0031992742,0.0013612886,0.0023394963
syn-0379,2,1,4,3,3,0.014552799,0.0066327318,0.014859766,0.46955356,0.31771585,0.009114694,0.010348494,0.0031178195,0.0062736147,0.018887399,0.12333057,0.0056126593
syn-0393,2,1,4,2,2,0.0019322776,0.0015585152,0.98242366,0.0017853202,0.0012346944,0.0016602465,0.0011955387,0.001894904,0.0012996473,0.0013047339,0.0025260171,0.0011844985
syn-0415,2,1,4,1,8,0.012873016,0.2014662,0.006083752,0.0034664173,0.023809701,0.011140667,0.029373253,0.0031012134,0.32893363,0.058515605,0.0061374577,0.3150991
syn-0418,2,1,4,0,0,0.98717576,0.0011296398,0.0013161765,0.000864013,0.0027471685,0.0013523321,0.00074337237,0.0011609547,0.00080731726,0.00063770567,0.00089667836,0.0011689181
syn-0421,2,1,4,10,10,0.0008157523,0.00076820154,0.0015073741,0.0025370424,0.000917175,0.0012079608,0.0015913273,0.00069435127,0.00064154307,0.0037189648,0.98346496,0.0021354912
syn-0429,2,1,4,2,2,0.00266475,0.003689942,0.9664842,0.0020926076,0.0017907765,0.0025827645,0.002180222,0.0074153165,0.0025508052,0.003327283,0.0032351653,0.001986084
syn-0440,2,1,4,1,1,0.002053462,0.98365974,0.0010600036,0.001001633,0.0020609957,0.0006685359,0.0019809292,0.001351469,0.0034553125,0.00085090543,0.00045456816,0.0014025633
syn-0444,2,1,4,5,5,0.0026656585,0.0016267019,0.0012484542,0.0016282913,0.0064683803,0.9585875,0.017938428,0.0013631481,0.0029362426,0.002525644,0.0017979593,0.0012135935
syn-0448,2,1,4,4,5,0.0044208053,0.00068402075,0.0012655001,0.0012729368,0.020048667,0.9594179,0.0014998863,0.001513866,0.0039187684,0.0030794458,0.0018602693,0.0010178514
syn-0453,2,1,4,1,1,0.0010970515,0.97999555,0.0013706464,0.0015683876,0.0021217328,0.00068853155,0.0023552547,0.002029892,0.0013181377,0.0009757379,0.0025361287,0.0039429255
syn-0454,2,1,4,11,11,0.0016816756,0.002166707,0.001013039,0.0014440431,0.002178908,0.0015674941,0.003661031,0.0019488737,0.0018843071,0.002703102,0.003178818,0.976572
syn-0457,2,1,4,9,9,0.0008755547,0.0018013527,0.001371401,0.0010992647,0.0011286347,0.001977433,0.0017399737,0.0023557248,0.0020007426,0.98005646,0.0015261777,0.0040673474
syn-0459,2,1,4,5,1,0.10709949,0.265592,0.015264288,0.013682819,0.1143413,0.17848426,0.028171448,0.010178142,0.2238694,0.03066205,0.005316571,0.007338204
syn-0468,2,1,4,6,6,0.00059518707,0.0007436213,0.0008779131,0.0018101779,0.0015453062,0.00083281647,0.9875064,0.0011388811,0.0012087862,0.0011261624,0.0014752616,0.0011394373
syn-0484,2,1,4,3,3,0.0011927887,0.00092849147,0.0015285828,0.9868873,0.0009927269,0.0012092084,0.0014635777,0.0013077854,0.00074752246,0.0010242395,0.0016784099,0.0010393533
syn-0489,2,1,4,11,11,0.003952913,0.005246997,0.0018883118,0.0034782286,0.010150958,0.0060466332,0.00704855,0.002249005,0.0043393066,0.0049750395,0.06432855,0.8862955
syn-0002,2,2,0,1,1,0.0011625319,0.98706996,0.0008643423,0.0010234291,0.0010234291,0.0009760862,0.0017076562,0.00096095336,0.0008021229,0.0012576107,0.0010985153,0.0020533933
syn-0004,2,2,0,10,10,0.002573092,0.0014222113,0.0010667485,0.0020056393,0.0007168807,0.00085631985,0.0031783143,0.0010867264,0.008464697,0.0077638514,0.9688779,0.0019876035
syn-0011,2,2,0,10,10,0.0025802404,0.0021775598,0.0011330176,0.0020748004,0.00047694703,0.0018390692,0.00208038,0.0019595916,0.0051364345,0.010167746,0.9686091,0.0017651645
syn-0013,2,2,0,6,6,0.0007456883,0.0021783633,0.0007255746,0.0013965346,0.0011834885,0.002942063,0.98350495,0.0012252372,0.002163523,0.00095281884,0.0017606502,0.0012210564
syn-0017,2,2,0,3,3,0.0011750294,0.0010364536,0.0021935028,0.9822136,0.0017801515,0.002278334,0.0018792968,0.0023378592,0.00046968219,0.0024170447,0.0014893708,0.0007295924
syn-0018,2,2,0,3,6,0.002678377,0.0034407838,0.003246553,0.11311162,0.01212441,0.0064463033,0.84564006,0.0033349223,0.0032307394,0.0030483655,0.0017074748,0.0019904005
syn-0025,2,2,0,8,8,0.0014006478,0.0007142683,0.0007018225,0.00028135523,0.0006124394,0.001712186,0.0014328134,0.0015022173,0.98920524,0.0010558779,0.00079410506,0.0005869676
syn-0031,2,2,0,0,0,0.97928625,0.0014658415,0.0027956353,0.0015520216,0.004635744,0.0010079491,0.0011766871,0.0012325555,0.0017889845,0.0017179312,0.001883097,0.0014572776
syn-0036,2,2,0,5,5,0.0038783876,0.0026543315,0.0010661813,0.003154791,0.007718157,0.96741766,0.002934493,0.0012860602,0.0020431117,0.001377049,0.0022948903,0.00417483
syn-0037,2,2,0,8,8,0.0018813695,0.0030496665,0.0005595365,0.0006452817,0.0011920817,0.0017340455,0.0023103138,0.00069635443,0.9767173,0.0033934389,0.006727273,0.0010933818
syn-0039,2,2,0,1,1,0.0010784446,0.9857384,0.00084813585,0.0010330867,0.0013401816,0.0014903429,0.0021487395,0.001055522,0.0008585525,0.0011197635,0.000949867,0.0023390641
syn-0064,2,2,0,6,6,0.00082433387,0.0020258517,0.0010016459,0.0015250919,0.0014285002,0.0014839552,0.98319227,0.001020903,0.0014810596,0.0014875826,0.0033027644,0.0012260443
syn-0076,2,2,0,5,5,0.0060724863,0.007331973,0.0010898006,0.0033872824,0.002280229,0.9631165,0.0039345957,0.0025926847,0.0040998315,0.0025863627,0.0015702411,0.0019380422
syn-0081,2,2,0,10,10,0.0040489086,0.0047703437,0.0010839115,0.007623685,0.0020528892,0.004638415,0.005746236,0.0008466279,0.007806382,0.0033264784,0.9551098,0.002946377
syn-0082,2,2,0,1,10,0.005300658,0.18685462,0.0026862423,0.005352675,0.0010255743,0.019696737,0.057043117,0.0056867753,0.044468626,0.0108047845,0.65473926,0.006340959
syn-0083,2,2,0,0,0,0.97686857,0.0014508434,0.0022886351,0.0022652878,0.0037821985,0.00288042,0.0014529704,0.0011905212,0.0022735985,0.0021726633,0.0015012901,0.0018729527
syn-0095,2,2,0,11,11,0.00088096777,0.0022201666,0.0014313489,0.001030962,0.0017375307,0.0015940586,0.0014927343,0.000994861,0.0008974665,0.0026595846,0.0027893055,0.9822711
syn-0100,2,2,0,2,2,0.0021662493,0.0008947973,0.984624,0.0021265554,0.0014159863,0.0009613847,0.0010709321,0.0020909046,0.0011206844,0.0009832226,0.0009793893,0.001565824
syn-0121,2,2,0,9,9,0.0018920604,0.004296741,0.0011414452,0.0025798336,0.0009334418,0.00081019674,0.0014807507,0.0011962245,0.0038723163,0.9758138,0.002643593,0.0033395847
syn-0123,2,2,0,10,10,0.00170062,0.0016985972,0.0008673204,0.0012225207,0.00037430704,0.00055049534,0.0010502826,0.0011185661,0.0021865736,0.0016877463,0.9866094,0.0009336848
syn-0134,2,2,0,5,5,0.0056626406,0.0020313757,0.0012551663,0.0016322563,0.002370285,0.9331781,0.0031370525,0.022226635,0.019254345,0.003276385,0.0030316405,0.0029441111
syn-0135,2,2,0,0,0,0.9805722,0.0012008843,0.002755739,0.0013601158,0.003006381,0.00094166474,0.0011063064,0.0012365868,0.002707391,0.0015793036,0.0022950696,0.0012383997
syn-0138,2,2,0,4,4,0.0035959606,0.0013042798,0.0015293314,0.0016886877,0.9777753,0.0021704365,0.0019191483,0.0026124595,0.0009821214,0.0013151513,0.0014451166,0.003661964
syn-0144,2,2,0,9,9,0.001784255,0.0017877433,0.0007251407,0.0019123579,0.0009653575,0.0008034418,0.0010806212,0.0011810494,0.004327488,0.97908473,0.0035575228,0.0027902129
syn-0148,2,2,0,7,7,0.0029806003,0.00311907,0.004790976,0.0036128885,0.0050294874,0.015925251,0.0020505362,0.9310057,0.008210636,0.0064804964,0.009649726,0.0071447445
syn-0150,2,2,0,3,3,0.0014123826,0.011529252,0.0023343174,0.96359265,0.0038792086,0.0024013708,0.004640078,0.0013450752,0.0008995202,0.0041748537,0.0023774535,0.0014137626
syn-0151,2,2,0,10,10,0.020754436,0.020713938,0.0054832897,0.008694083,0.0048295446,0.00930919,0.13388988,0.0030340801,0.026615899,0.12602381,0.5295448,0.111107066
syn-0152,2,2,0,3,4,0.0056108744,0.0029541973,0.0064215222,0.25913474,0.70302683,0.0025653983,0.0032860045,0.004877788,0.0017787357,0.00502158,0.0021061217,0.0032161598
syn-0158,2,2,0,1,1,0.0011744517,0.9870178,0.0008736311,0.001140543,0.0008295641,0.0007888746,0.0019511731,0.0010476437,0.0009841701,0.0012392574,0.0013057248,0.0016471692
syn-0160,2,2,0,5,5,0.0014623938,0.0027016003,0.001351833,0.0040191123,0.0012805148,0.97269905,0.002709196,0.0049183117,0.0033157314,0.0012711703,0.0026782865,0.0015928486
syn-0161,2,2,0,2,2,0.0021240974,0.00080214266,0.98420656,0.0026541525,0.0013115772,0.00091921206,0.0010767687,0.0025088398,0.0009442324,0.0009405513,0.0010120247,0.0014996976
syn-0163,2,2,0,4,4,0.0028257547,0.0015455534,0.0018534014,0.0012013296,0.97997826,0.0024134582,0.0010606872,0.0035707809,0.002377927,0.0011318556,0.000601124,0.0014399108
syn-0165,2,2,0,8,8,0.00205899,0.0016375673,0.0007622835,0.0006344287,0.00057709,0.001665387,0.0040589594,0.0007210111,0.97636527,0.0017598581,0.008513467,0.0012457954
syn-0169,2,2,0,4,4,0.0123016555,0.0016844727,0.0015956055,0.0028347685,0.9677445,0.0030744842,0.0014606395,0.0019877034,0.00085448317,0.0020388186,0.0011264924,0.0032963268
syn-0170,2,2,0,6,6,0.00080365647,0.0017438143,0.0010662326,0.0015811849,0.001502895,0.0014933853,0.98317945,0.0010070272,0.0017790765,0.0017197155,0.0027240294,0.0013994848
syn-0174,2,2,0,10,10,0.0017509506,0.0014086898,0.0008336029,0.0010968209,0.0006219056,0.0004354339,0.0009736291,0.0008190777,0.0012016847,0.0013194703,0.9884389,0.0010997704
syn-0175,2,2,0,11,10,0.005818528,0.008404129,0.0037880375,0.006166632,0.0022908396,0.012347179,0.012961075,0.0019066059,0.0055928924,0.009501063,0.70998687,0.22123618
syn-0176,2,2,0,10,10,0.0011541272,0.0015130028,0.0008585125,0.0015519107,0.0008029614,0.00076843915,0.0036517256,0.00069967174,0.0016580613,0.0028901633,0.9832888,0.0011626112
syn-0186,2,2,0,3,3,0.0014506434,0.0010693764,0.0029075758,0.9827137,0.0020522384,0.0012836311,0.0018574408,0.0010415484,0.00057632214,0.00284508,0.0011506394,0.0010517695
syn-0198,2,2,0,0,0,0.7586054,0.011082946,0.01175748,0.04235065,0.032234408,0.048377767,0.0328421,0.0033456255,0.015736667,0.023652392,0.007000173,0.013014344
syn-0203,2,2,0,8,8,0.0014404773,0.0011533658,0.0006179554,0.0003374562,0.00054828066,0.0013448048,0.0018176028,0.00080912025,0.98841476,0.001288087,0.001394966,0.0008331756
syn-0206,2,2,0,8,8,0.0032450831,0.0011816208,0.0007017984,0.00043405773,0.0006782165,0.0020283675,0.0011684248,0.0009791199,0.97764707,0.0025963807,0.0077542006,0.0015857802
syn-0221,2,2,0,11,11,0.0026059654,0.005782999,0.0012537184,0.0022558258,0.002339968,0.0057226066,0.0037884188,0.0005231382,0.003173467,0.001836662,0.0062057674,0.96451133
syn-0234,2,2,0,4,6,0.0023644185,0.0036141207,0.0019563471,0.028973788,0.042611904,0.0068316567,0.8943337,0.0026376995,0.0059137503,0.005079336,0.0034469345,0.0022364014
syn-0237,2,2,0,4,4,0.0047551626,0.0014180319,0.0015157651,0.0014042513,0.98124355,0.0017412307,0.0008638678,0.0023611889,0.00079660985,0.0017881893,0.00088911655,0.001223017
syn-0240,2,2,0,6,6,0.0014143825,0.0028781341,0.001485158,0.0032526066,0.012943067,0.0026899306,0.96589994,0.0014352535,0.0024130049,0.0027597775,0.0009778024,0.0018510185
syn-0241,2,2,0,1,1,0.0016776369,0.9833069,0.0009973701,0.001806004,0.0026045274,0.0011252126,0.001979637,0.00097189035,0.0010884656,0.0015910715,0.00089665985,0.0019546638
syn-0252,2,2,0,8,8,0.0013510358,0.00089396175,0.00064958073,0.00028405804,0.00044081785,0.0012224978,0.0012583819,0.0011407456,0.9899687,0.0010979823,0.0010448921,0.0006473643
syn-0258,2,2,0,3,3,0.0038677081,0.004369866,0.0050003007,0.85666996,0.022918833,0.082856916,0.007122493,0.004192212,0.0016313059,0.0066616237,0.002441716,0.0022670568
syn-0268,2,2,0,6,6,0.0008059207,0.0019375561,0.0010424298,0.001530863,0.0027922632,0.0016343765,0.9830651,0.0012506747,0.0016479995,0.0013024025,0.0009932375,0.0019971093
syn-0270,2,2,0,10,10,0.0039492855,0.0060751014,0.00095607166,0.001632698,0.0012827714,0.00069947704,0.004512429,0.0006245627,0.0030250666,0.0063017025,0.9677749,0.0031659885
syn-0271,2,2,0,2,2,0.0054524783,0.0015354976,0.95570403,0.009852659,0.0024109634,0.0018539734,0.0018557847,0.004798286,0.0017484633,0.008801729,0.003104821,0.0028813216
syn-0272,2,2,0,3,3,0.0344582,0.020018488,0.023438292,0.42801413,0.14936931,0.0125150215,0.18698554,0.014167535,0.024194114,0.02733532,0.05240796,0.02709612
syn-0289,2,2,0,8,8,0.057570346,0.021186706,0.005733734,0.0025995837,0.011520418,0.3211016,0.01040783,0.038312685,0.5031943,0.011822443,0.0044829133,0.0120674
syn-0290,2,2,0,0,0,0.97327596,0.0014134021,0.0024824156,0.0017590075,0.008906844,0.0017598666,0.0013908101,0.0013833599,0.002517817,0.0016347788,0.0016768182,0.0017989634
syn-0298,2,2,0,7,7,0.0020876674,0.0014057058,0.0024193728,0.0016179573,0.0025047183,0.008081383,0.0023472274,0.9703423,0.0044271513,0.0015720114,0.001579706,0.0016148003
syn-0311,2,2,0,9,9,0.0033372021,0.0062039667,0.0018583399,0.0070990045,0.0025612216,0.0011437725,0.003921639,0.0025301466,0.0038486053,0.94310325,0.006396167,0.017996753
syn-0316,2,2,0,0,0,0.96550727,0.0015973671,0.0022592582,0.0028889296,0.008618436,0.007172899,0.0008392909,0.001266092,0.0023378136,0.0017560787,0.00378886,0.0019676753
syn-0322,2,2,0,2,2,0.0038383952,0.00092334684,0.97950417,0.0036702307,0.0017275676,0.0013278099,0.0010524376,0.0030259674,0.001148002,0.0010320817,0.0008871073,0.0018629364
syn-0326,2,2,0,1,1,0.0019049037,0.9592111,0.0011275166,0.0011486325,0.0045235613,0.0025100696,0.004353454,0.0020677536,0.006067088,0.004313779,0.002569594,0.010202719
syn-0334,2,2,0,6,6,0.00071206293,0.0028885975,0.00069760875,0.0020284785,0.0021201258,0.0029718676,0.98134744,0.0008555632,0.0015015601,0.00111532,0.0020033782,0.0017580752
syn-0340,2,2,0,9,9,0.0019216372,0.0015061024,0.0013820773,0.0023100276,0.0009925608,0.0007543634,0.0011029646,0.0019495173,0.0024368989,0.9757027,0.007757695,0.0021833559
syn-0349,2,2,0,5,5,0.0013872167,0.001525048,0.0011294525,0.0016413389,0.0028664328,0.9798093,0.0015109652,0.0020223346,0.002001215,0.0010060284,0.0010173903,0.0040832334
syn-0351,2,2,0,11,11,0.0012827071,0.0028421646,0.001244457,0.0010796203,0.0018441341,0.00206508,0.0013964506,0.0010014151,0.000746372,0.00159324,0.001458474,0.9834458
syn-0360,2,2,0,0,0,0.97587365,0.0011183437,0.0025159232,0.0024636495,0.007130546,0.00092804537,0.0013326129,0.0011096407,0.001589487,0.0019656315,0.0022327967,0.0017397533
syn-0364,2,2,0,4,4,0.018550687,0.021299643,0.007300111,0.013900608,0.48643744,0.109818295,0.053065777,0.0036138173,0.06269491,0.01354549,0.06848804,0.14128515
syn-0380,2,2,0,4,4,0.008546622,0.0024588322,0.002676868,0.0027110681,0.89397925,0.06988524,0.0015244889,0.0066071395,0.0037346543,0.0022662885,0.001503788,0.0041057225
syn-0381,2,2,0,8,8,0.0018283476,0.0007958991,0.00081238966,0.00035335054,0.00061712886,0.001765126,0.0010846825,0.0021229277,0.9866108,0.0018841417,0.0012579466,0.0008673216
syn-0384,2,2,0,1,1,0.0012580667,0.9859826,0.0009079231,0.0008067353,0.001155595,0.0011211353,0.0018835169,0.00094686047,0.0019033942,0.00128853,0.0009874679,0.0017582044
syn-0403,2,2,0,9,9,0.012636157,0.006935886,0.002749491,0.0034051295,0.003804265,0.0022375043,0.0037179543,0.0030642846,0.17567617,0.7751196,0.004875242,0.005778196
syn-0410,2,2,0,10,10,0.0034800307,0.003207716,0.00096436625,0.0014010909,0.0009292351,0.0010185738,0.0013895088,0.0010874473,0.0023584461,0.0035004811,0.9742663,0.00639685
syn-0427,2,2,0,5,5,0.002185861,0.0030473897,0.0011061191,0.002878878,0.01907758,0.9576952,0.0034175005,0.001488446,0.0035004662,0.0011728673,0.0018059596,0.0026238093
syn-0439,2,2,0,6,6,0.0011797711,0.0021119167,0.0011262953,0.001275014,0.0013303441,0.0018148167,0.9832923,0.0014561117,0.0033884554,0.00097330054,0.00077978114,0.001271905
syn-0447,2,2,0,7,7,0.001614977,0.002027119,0.0023326303,0.0014321883,0.0015791075,0.003835543,0.0013323415,0.977105,0.0027764991,0.0025615804,0.0016197154,0.0017832576
syn-0455,2,2,0,2,2,0.012171587,0.016172044,0.5135215,0.16237763,0.022480084,0.0035908942,0.030959118,0.12090472,0.022294253,0.0771525,0.0064453706,0.011930341
syn-0456,2,2,0,11,11,0.0011445578,0.002525556,0.0011417668,0.0022311092,0.0038587775,0.002651287,0.0014037116,0.0009600567,0.00079049263,0.0012159981,0.0016890706,0.98038757
syn-0461,2,2,0,2,2,0.0021663443,0.0009505739,0.9835861,0.0023002978,0.0013824018,0.0008960389,0.0010698031,0.0026423798,0.0011249826,0.0009898895,0.0011162279,0.0017750389
syn-0477,2,2,0,7,5,0.021801954,0.025557611,0.012425412,0.015853591,0.044332426,0.56186813,0.010371687,0.12897098,0.069608614,0.024632579,0.007640138,0.07693692
syn-0481,2,2,0,9,9,0.0020907097,0.0015408401,0.001089955,0.002013072,0.00084637455,0.00081953366,0.0013070557,0.0025665988,0.0030938315,0.98129267,0.0018832734,0.0014559916
syn-0486,2,2,0,1,1,0.0012556481,0.97642875,0.000975039,0.0011573221,0.0009386019,0.00093311846,0.0057693194,0.000760103,0.0026058382,0.0030349337,0.0029900707,0.0031511644
syn-0487,2,2,0,6,6,0.0010162945,0.0017538572,0.0010609152,0.0012574096,0.0013049479,0.0018537997,0.9845057,0.0014199702,0.0027774528,0.0007853315,0.0010000499,0.0012641815
syn-0490,2,2,0,7,7,0.0055405507,0.004939311,0.0029761605,0.00223449,0.008282904,0.017336966,0.0024517116,0.9346253,0.00663603,0.007082041,0.0014469279,0.0064475825
syn-0493,2,2,0,8,8,0.0016413827,0.0008040333,0.0006289396,0.0003417816,0.00072213984,0.0014539625,0.0017338042,0.001372557,0.98845506,0.0012512539,0.0010082375,0.0005868089
syn-0496,2,2,0,8,8,0.00139898,0.0010446586,0.000731429,0.00029842413,0.0004423363,0.0013562689,0.0013566001,0.0011202081,0.98950595,0.0011577441,0.0009330029,0.00065436936
syn-0497,2,2,0,5,5,0.004431716,0.01915673,0.0015686458,0.001577864,0.003730057,0.88722914,0.006902627,0.029482784,0.024157327,0.0057434742,0.0045456807,0.011473969
syn-0499,2,2,0,11,11,0.0012994489,0.0024826836,0.0013439748,0.0010451566,0.001956427,0.0013199121,0.0009286742,0.00093321985,0.00084144884,0.0024498312,0.0012053198,0.984194
syn-0010,2,2,1,9,9,0.00152047,0.0018157702,0.0010293039,0.0024078551,0.0010946188,0.0011975167,0.0010713525,0.0019787143,0.00243386,0.982129,0.0015138029,0.0018078083
syn-0015,2,2,1,6,6,0.0017316071,0.0075548855,0.0009765746,0.0019573832,0.002552909,0.003948235,0.9675175,0.00136514,0.007247746,0.0017692121,0.0019440486,0.0014348519
syn-0024,2,2,1,2,2,0.0030003083,0.0012251768,0.9734238,0.0041614496,0.0017774069,0.0011554518,0.0016151897,0.004542093,0.0013917009,0.003886125,0.0017413275,0.0020800293
syn-0038,2,2,1,5,5,0.004465224,0.0016717943,0.0011334042,0.005064705,0.00741965,0.9679938,0.0016022631,0.003003304,0.0013565072,0.0025336703,0.0011614158,0.002594388
syn-0042,2,2,1,9,9,0.0015767612,0.0018931351,0.0015477746,0.003753018,0.0013401416,0.0014928475,0.0012663448,0.0024709227,0.0012231956,0.9804288,0.001321944,0.001685023
syn-0043,2,2,1,9,9,0.0020977678,0.001834178,0.0015811602,0.001940118,0.0016554242,0.0009464618,0.0012974555,0.0036505938,0.0046791662,0.9571122,0.020375052,0.002830446
syn-0045,2,2,1,9,9,0.0022275231,0.0026227417,0.0011864995,0.0041085607,0.0016505121,0.00090440596,0.0019136927,0.0015131166,0.002822736,0.9650494,0.014582125,0.001418668
syn-0049,2,2,1,8,8,0.0016485711,0.0026654624,0.000643544,0.00040114947,0.0020687813,0.0011900333,0.0019290226,0.0011261507,0.9836463,0.0025100913,0.0013723978,0.00079856045
syn-0051,2,2,1,3,3,0.0010350662,0.0012172261,0.0029007893,0.9794629,0.0027433967,0.00084562175,0.0016544348,0.0011563924,0.0004898865,0.006638352,0.0011169895,0.0007390064
syn-0052,2,2,1,4,4,0.18220866,0.0040274793,0.002829538,0.003555974,0.76712704,0.021508187,0.0021400228,0.004926145,0.0027264599,0.003277517,0.0022230996,0.0034499357
syn-0055,2,2,1,3,3,0.0008901529,0.0012259381,0.0023993913,0.9843078,0.0018888293,0.0014583275,0.0018094982,0.001035625,0.00040774074,0.0028559638,0.0010684993,0.00065220444
syn-0062,2,2,1,7,7,0.0019971984,0.0019113317,0.0064438884,0.0023021314,0.0030756253,0.0036024703,0.0018069634,0.97047013,0.002381596,0.0027626995,0.0018193581,0.0014266366
syn-0063,2,2,1,1,1,0.0013594591,0.9839347,0.0011403162,0.0010107575,0.0012808406,0.0013455906,0.0032334249,0.0010833262,0.0011765137,0.0015909215,0.0013029181,0.0015412214
syn-0068,2,2,1,10,10,0.016693082,0.012069161,0.0038868417,0.009201932,0.020709045,0.0049086325,0.016248764,0.005184549,0.08557505,0.07929872,0.7292174,0.017006747
syn-0075,2,2,1,7,7,0.0039390298,0.0020966048,0.004706352,0.0021673872,0.007567695,0.007902851,0.0024922125,0.95099306,0.0044233673,0.0031137478,0.00412706,0.006470623
syn-0079,2,2,1,1,1,0.0019029969,0.9378831,0.0010077173,0.0017999626,0.0032768645,0.024606243,0.007362027,0.0019123117,0.0053208238,0.0037771766,0.006070548,0.0050802655
syn-0080,2,2,1,3,3,0.0012388988,0.0010933244,0.0025670019,0.97953165,0.005303275,0.0008854011,0.0016610265,0.0011148883,0.00086573587,0.003549168,0.0013188011,0.00087082334
syn-0087,2,2,1,5,5,0.004348059,0.007319505,0.0011085252,0.0013164062,0.0034801427,0.87902355,0.0095972605,0.004959582,0.06268904,0.004274383,0.016170785,0.0057126265
syn-0103,2,2,1,11,11,0.0028891005,0.025080182,0.0027167106,0.0018617037,0.0030455443,0.002418653,0.0025646053,0.0023718723,0.001350133,0.012884982,0.0035259998,0.9392906
syn-0105,2,2,1,4,4,0.046799205,0.001915666,0.001799602,0.0029728424,0.9308523,0.0030233464,0.0016218404,0.0018199261,0.001510246,0.002704162,0.001704661,0.0032762075
syn-0108,2,2,1,8,8,0.0016583757,0.002804169,0.00070512097,0.00036509815,0.00080842513,0.0023952413,0.001695218,0.0008883149,0.978446,0.001159713,0.006782094,0.002292121
syn-0114,2,2,1,4,4,0.0031043445,0.0034869015,0.0042566247,0.13752672,0.8293923,0.00233073,0.0030711757,0.0037427265,0.0013762001,0.007852101,0.0013004177,0.0025598062
syn-0118,2,2,1,5,5,0.0021988626,0.0013937635,0.0010859941,0.0019004034,0.0016910792,0.98155344,0.0021679455,0.0025078102,0.0019092392,0.0010515542,0.0009435281,0.0015963978
syn-0120,2,2,1,3,3,0.001246135,0.00154857,0.0023696611,0.97329897,0.0029711325,0.0008858021,0.0020415292,0.0010622388,0.00057640235,0.011243092,0.0019884033,0.0007680965
syn-0124,2,2,1,6,6,0.0018427223,0.0036673755,0.00092477095,0.0022325367,0.004495557,0.0016301718,0.9771903,0.001039748,0.0021266637,0.0015723204,0.002116822,0.001161056
syn-0129,2,2,1,11,11,0.006324834,0.004039001,0.004155022,0.004403604,0.0060484745,0.0042390423,0.003863463,0.002742282,0.004740553,0.12869218,0.011012701,0.8197388
syn-0130,2,2,1,6,8,0.0013366401,0.0010558215,0.0008156765,0.00032161456,0.0012556572,0.0016043445,0.0016196931,0.0014224986,0.9872225,0.0009499047,0.0017525222,0.0006430516
syn-0136,2,2,1,6,6,0.0054958197,0.02144647,0.0028138515,0.010426688,0.013466809,0.0103936475,0.8469024,0.0029836516,0.0029749235,0.06897699,0.009626645,0.0044921325
syn-0143,2,2,1,1,8,0.0075417696,0.4283787,0.00257223,0.0017018012,0.0041386066,0.008190512,0.0054374402,0.00325796,0.5047535,0.011495264,0.011936187,0.010596075
syn-0145,2,2,1,2,2,0.010768459,0.0061989212,0.69039637,0.21894673,0.012297966,0.01294492,0.0043572285,0.010172995,0.0021506746,0.023937577,0.002494826,0.005333377
syn-0149,2,2,1,8,8,0.0013881328,0.0018513089,0.00063166633,0.00032547166,0.0009641172,0.0015117782,0.0011465958,0.00086507335,0.98645884,0.0023147739,0.0014281813,0.0011140353
syn-0153,2,2,1,4,0,0.68055934,0.006432054,0.0042223656,0.0044228407,0.2200839,0.059524715,0.002319321,0.0045967815,0.0041711363,0.0049147992,0.0038090057,0.004943682
syn-0162,2,2,1,9,9,0.0017477958,0.003030133,0.0012564338,0.0021268553,0.0013812708,0.0011768574,0.0012207541,0.0029890214,0.0022640259,0.979428,0.0008195755,0.0025592216
syn-0166,2,2,1,5,5,0.011429193,0.0025477086,0.0015581435,0.0021318106,0.013914733,0.9529007,0.0025045385,0.0032641424,0.0028131797,0.0016013369,0.0023516475,0.0029829394
syn-0171,2,2,1,6,6,0.0015004766,0.0033556253,0.0010252366,0.001788834,0.002253582,0.003047742,0.9758626,0.0014213165,0.0063079954,0.0012163103,0.0008968509,0.0013235194
syn-0181,2,2,1,10,8,0.0048908126,0.018251605,0.0018590644,0.0020003368,0.0025360815,0.0023386306,0.009294737,0.0021565524,0.78753,0.01991863,0.1456784,0.0035451523
syn-0184,2,2,1,2,2,0.002170017,0.0009916887,0.98153234,0.0022285394,0.0014967185,0.00085488916,0.0012162296,0.003729824,0.0012858496,0.0016526767,0.0011805382,0.0016607661
syn-0190,2,2,1,3,1,0.0065171123,0.4753171,0.007773347,0.40656027,0.03519679,0.022636158,0.008973318,0.0068700113,0.0022249275,0.017679702,0.0036862406,0.0065650204
syn-0196,2,2,1,4,4,0.27619997,0.0036704869,0.0053314078,0.004900743,0.686277,0.0037028894,0.003221842,0.004245383,0.0037538623,0.0023617581,0.0024654518,0.0038692423
syn-0201,2,2,1,0,0,0.9828058,0.0012273589,0.0022696161,0.001223171,0.002572911,0.001048279,0.0012768747,0.0010789176,0.001662109,0.001406487,0.0023076101,0.0011208018
syn-0204,2,2,1,1,1,0.0013554925,0.983462,0.0008624453,0.0009127047,0.0007791544,0.0020767427,0.0026292575,0.0015370998,0.00224385,0.0013022921,0.0016947811,0.0011442294
syn-0205,2,2,1,2,2,0.0020715727,0.0010921753,0.98089397,0.0029303594,0.001185545,0.0009842921,0.0011099165,0.003253675,0.0012148452,0.0024257605,0.0011734507,0.0016645554
syn-0209,2,2,1,7,7,0.0037220782,0.0042321077,0.0085804565,0.0025819875,0.008512645,0.013112414,0.0030721803,0.9355528,0.009567519,0.0033956158,0.003172799,0.0044973628
syn-0213,2,2,1,0,0,0.98175204,0.0011344582,0.002343724,0.0012551178,0.0029876227,0.000959517,0.0013544578,0.0010688517,0.0020759176,0.0016345861,0.0022813415,0.0011523234
syn-0218,2,2,1,8,8,0.0015670509,0.0012082653,0.00048308514,0.00034897408,0.00091628695,0.001568965,0.0022847822,0.0021021436,0.9829927,0.0012768058,0.0044467086,0.0008042889
syn-0223,2,2,1,6,6,0.0019595283,0.003972878,0.0011013447,0.0027918587,0.0029908433,0.0039055594,0.95916504,0.0015745251,0.0076935287,0.00975883,0.00320714,0.0018789471
syn-0225,2,2,1,7,7,0.009004768,0.006783893,0.010798367,0.0045411666,0.010952361,0.023293952,0.0054033115,0.7049352,0.11440519,0.05970142,0.015896734,0.034283645
syn-0232,2,2,1,8,8,0.001274287,0.0029671495,0.000754069,0.00033136425,0.0009916892,0.0022320796,0.0011122673,0.0013548166,0.98489326,0.0025132736,0.0007014982,0.00087430835
syn-0243,2,2,1,10,10,0.0023741724,0.0022829403,0.0011306895,0.0011390012,0.0006579171,0.00085892406,0.0014398325,0.0018687486,0.0026672569,0.003122315,0.97944665,0.0030115107
syn-0251,2,2,1,10,10,0.002220184,0.003529324,0.0014865636,0.0017687891,0.0007493183,0.0010786025,0.0022012936,0.0015754998,0.006685126,0.016529694,0.9606964,0.0014793226
syn-0253,2,2,1,3,3,0.0009833415,0.0008896772,0.0026769175,0.9847431,0.0022802055,0.0012697453,0.001564103,0.001234893,0.0005641343,0.0019458447,0.0011922331,0.0006556866
syn-0257,2,2,1,4,4,0.009613525,0.006906634,0.0024533346,0.002526273,0.84905833,0.09867031,0.0025887087,0.01533988,0.0045278226,0.0025988405,0.0020638984,0.0036524471
syn-0260,2,2,1,11,11,0.010842387,0.027673487,0.0051794224,0.0063088858,0.012048399,0.011547296,0.030872008,0.007268578,0.006728904,0.031550147,0.16159986,0.68838066
syn-0273,2,2,1,0,0,0.98111075,0.0017688436,0.0019023309,0.0014757608,0.002045892,0.002090322,0.0011398229,0.0014975375,0.0021874323,0.0015770876,0.001900474,0.0013036268
syn-0279,2,2,1,0,0,0.98256665,0.0012463836,0.0024007084,0.0012086267,0.0017278995,0.0011183429,0.0009888635,0.0015107846,0.002556633,0.0016319532,0.0019182219,0.0011249147
syn-0291,2,2,1,1,1,0.00089332403,0.985887,0.0009371102,0.0009588649,0.00086288503,0.0011487323,0.0020854245,0.0011248648,0.0008011616,0.0016354703,0.0019781797,0.0016869738
syn-0292,2,2,1,11,11,0.0016903651,0.003123894,0.0014206528,0.0014283038,0.0023545872,0.0015413513,0.0010687058,0.00090390415,0.0007731502,0.0038863258,0.0011487957,0.98066
syn-0293,2,2,1,0,0,0.70187616,0.007827657,0.0072570955,0.00458818,0.07699928,0.026897632,0.011523426,0.0072394,0.13059703,0.01317624,0.0036118706,0.008406056
syn-0302,2,2,1,10,10,0.0021689842,0.0011994363,0.0009313892,0.0010304507,0.0007789652,0.0004766371,0.0015230932,0.0014397491,0.0012849238,0.0012573054,0.98707134,0.0008377505
syn-0318,2,2,1,11,11,0.0027763455,0.005621395,0.00190629,0.0032617645,0.00453183,0.0020652204,0.0027054187,0.0010548115,0.0017855549,0.03271823,0.0057299933,0.9358433
syn-0352,2,2,1,8,8,0.0011852067,0.0018172901,0.0008137848,0.00029258252,0.0006974279,0.0012644212,0.0010966724,0.0014484278,0.9883051,0.0013246168,0.0009936678,0.0007607564
syn-0356,2,2,1,8,8,0.0017512444,0.007111362,0.0009709143,0.000477363,0.002956684,0.0021577517,0.0029098704,0.0011913329,0.97515094,0.0026167626,0.0013559025,0.001349957
syn-0358,2,2,1,2,2,0.002437195,0.0022131398,0.97201693,0.0026623965,0.0013876553,0.0014164067,0.0016128552,0.006995668,0.002297933,0.003252494,0.0011651044,0.0025423379
syn-0359,2,2,1,4,4,0.0023695813,0.0032406133,0.0019697347,0.0016092213,0.9745739,0.0019620552,0.0025285718,0.002918195,0.0028215144,0.0017408329,0.00080443994,0.003461373
syn-0373,2,2,1,11,11,0.0016750487,0.0032334744,0.0015789503,0.0012843045,0.0021550101,0.0018289334,0.0009741891,0.00086561596,0.0009488381,0.006579813,0.0013907,0.977485
syn-0375,2,2,1,8,8,0.0012787827,0.0033217727,0.00060023204,0.0002780456,0.0009643337,0.0012571142,0.0013084692,0.0013052785,0.98427445,0.0021908723,0.0021062985,0.0011142856
syn-0376,2,2,1,5,5,0.0013355043,0.0019559986,0.0009789862,0.0015844026,0.0015074249,0.98086035,0.0042629163,0.0022810786,0.0017870545,0.00084352674,0.0009689989,0.001633899
syn-0378,2,2,1,2,2,0.0021260295,0.0010432514,0.97856975,0.004334726,0.0012970798,0.0012857298,0.0011798519,0.0037988578,0.00096015,0.0022548737,0.0015290801,0.00162056
syn-0386,2,2,1,10,10,0.0022841094,0.0013837345,0.0011271675,0.0008769821,0.0010288063,0.00057795405,0.0015641531,0.0017950626,0.0011975224,0.0018720463,0.9835734,0.0027191602
syn-0388,2,2,1,5,5,0.01655805,0.011455433,0.00906642,0.039229196,0.0134254955,0.7035507,0.018381866,0.13480054,0.01675732,0.016393134,0.01147783,0.008904093
syn-0391,2,2,1,0,0,0.98367417,0.00095298275,0.0023144467,0.001230845,0.0020991121,0.0013724366,0.0010979482,0.0010915337,0.0016294109,0.0015765826,0.0019128971,0.0010476696
syn-0397,2,2,1,1,1,0.0011827502,0.9848129,0.0011931913,0.0010524734,0.0007673787,0.0009011079,0.0023463184,0.0012970956,0.0008875707,0.0018847302,0.0018620905,0.0018123062
syn-0419,2,2,1,1,1,0.0011445114,0.98562765,0.0010279391,0.0010021678,0.0008227522,0.0010657607,0.002000727,0.0013231263,0.00078699464,0.0014577894,0.0019392896,0.0018012286
syn-0423,2,2,1,9,9,0.0014195347,0.001816499,0.0016701722,0.003159001,0.0013083753,0.0009871314,0.001528899,0.0032608705,0.0013975268,0.9808456,0.0012730841,0.0013335294
syn-0428,2,2,1,8,1,0.0014164977,0.98066074,0.0010951193,0.00085329625,0.0011510424,0.0015338445,0.0019719012,0.0013177448,0.0047616293,0.0015056469,0.0019868815,0.0017457284
syn-0435,2,2,1,10,10,0.0015829812,0.0011289605,0.00090714527,0.001084651,0.0007193651,0.0005098572,0.0016059481,0.0012956243,0.0009689572,0.0019414339,0.9870639,0.0011912561
syn-0450,2,2,1,10,10,0.0017501628,0.0011194185,0.0010347875,0.00080668076,0.00077011605,0.00041544644,0.0012675386,0.0011337206,0.0010876297,0.0021439516,0.98639745,0.0020730486
syn-0458,2,2,1,6,6,0.0008886772,0.0016667657,0.0008965223,0.0019569898,0.000914651,0.0015343722,0.9850781,0.0016728806,0.001291125,0.0011590535,0.002231,0.0007099004
syn-0463,2,2,1,11,11,0.001221993,0.0019556016,0.0022203196,0.0012793876,0.0021749835,0.0015583806,0.0011648956,0.0013480075,0.00072684046,0.0027414777,0.0012694313,0.9823387
syn-0474,2,2,1,0,0,0.98079085,0.0012905371,0.0018441014,0.0019382717,0.002946933,0.0014036035,0.0011070935,0.0013677457,0.0015627774,0.0032511496,0.0014745593,0.0010223953
syn-0476,2,2,1,7,7,0.0054028016,0.0020026797,0.0057688314,0.002584078,0.0036034377,0.04938092,0.0027682532,0.8925615,0.024089854,0.005907077,0.0037051376,0.0022254405
syn-0480,2,2,1,1,1,0.006745863,0.75131124,0.003349242,0.010281191,0.027885836,0.005786971,0.0127110835,0.00224638,0.010623101,0.07556136,0.017788718,0.07570908
syn-0488,2,2,1,10,10,0.004123042,0.0023847779,0.0012481282,0.0020538003,0.0035808494,0.0007083895,0.004395926,0.0008833285,0.0052753827,0.011266574,0.9555337,0.008546084
syn-0491,2,2,1,10,10,0.0019357989,0.0014303339,0.0009711259,0.001184631,0.00068494264,0.000524139,0.0022812071,0.001863686,0.0014760977,0.005563939,0.98061633,0.0014678326
syn-0498,2,2,1,7,7,0.00441508,0.0019363548,0.005482596,0.0027845562,0.00423197,0.0056919577,0.0031862801,0.9599315,0.0056787715,0.0023805944,0.0022341786,0.002046197
syn-0003,2,2,2,2,2,0.0026765254,0.0009708832,0.98180836,0.0023868799,0.0016608277,0.0010395732,0.00087284745,0.002889425,0.0013751949,0.0011671126,0.001291876,0.0018604927
syn-0007,2,2,2,6,6,0.003381519,0.002857274,0.0011499423,0.0022209052,0.0029725458,0.0079433005,0.96878225,0.0013496807,0.004559784,0.0013248686,0.0010388863,0.002419024
syn-0009,2,2,2,8,8,0.001160093,0.0019683323,0.0005117806,0.0003288209,0.00061162456,0.0012772273,0.0018322256,0.0009721379,0.9878891,0.0011205641,0.0014319991,0.00089601276
syn-0019,2,2,2,0,0,0.9738809,0.0011106237,0.0025678182,0.002464628,0.0033724504,0.0010827794,0.0013842199,0.0008742963,0.0014365524,0.0029540982,0.007381411,0.0014901356
syn-0022,2,2,2,10,11,0.012089199,0.09126768,0.007065353,0.011907586,0.01691996,0.008665109,0.011546864,0.0056329905,0.0045975125,0.12997113,0.25546712,0.44486955
syn-0034,2,2,2,0,0,0.9813843,0.0010381099,0.0021891105,0.0015016164,0.0026946252,0.001756425,0.0012800182,0.0016670148,0.0014293586,0.0012424547,0.002448398,0.0013685733
syn-0058,2,2,2,9,9,0.0021768045,0.0022273378,0.0010327783,0.0015671281,0.0011668674,0.0016969534,0.0011725791,0.0019484188,0.0061139488,0.976344,0.0022890822,0.0022640713
syn-0059,2,2,2,3,3,0.0010756025,0.00093040196,0.0028276155,0.9826606,0.0015946907,0.0019737529,0.0017742349,0.001527993,0.00062190334,0.0028833852,0.0012798068,0.0008500411
syn-0061,2,2,2,4,4,0.0022535159,0.0015422142,0.001369666,0.002203464,0.9788165,0.0030493268,0.0018327666,0.0019667516,0.00090750674,0.0011091892,0.0014242273,0.0035249959
syn-0065,2,2,2,11,11,0.0011403715,0.0025042146,0.001573615,0.0011117812,0.0018379467,0.0015315433,0.0009574799,0.0010634622,0.0007153706,0.0016742868,0.0019076659,0.9839824
syn-0067,2,2,2,5,5,0.0013602137,0.0021789283,0.0016519852,0.001774053,0.0017538127,0.9796855,0.0023112607,0.0023983486,0.0018811071,0.00086587184,0.001592582,0.002546337
syn-0069,2,2,2,11,11,0.0014619736,0.007872541,0.0017799132,0.0011497596,0.003933995,0.0021188657,0.0016166776,0.0010336618,0.001185099,0.0027493902,0.0017285238,0.9733696
syn-0071,2,2,2,6,6,0.0010594681,0.0025291527,0.0010553377,0.0025888137,0.0011964383,0.002852468,0.98124456,0.0013703845,0.001871265,0.000950629,0.0018247961,0.0014566313
syn-0097,2,2,2,10,10,0.0018303723,0.0022302489,0.0010166437,0.0012695655,0.0004748655,0.0010649135,0.002073261,0.00081093493,0.0023780935,0.0021691315,0.9834025,0.0012795228
syn-0098,2,2,2,10,10,0.0019490242,0.0012476776,0.00077925326,0.0010666741,0.000876994,0.00077507895,0.0012382703,0.0008380602,0.0011652369,0.00091460504,0.9869543,0.002194827
syn-0102,2,2,2,1,1,0.0015011805,0.9796632,0.0010823162,0.0009038676,0.0015107398,0.0018348,0.0022963034,0.0013728603,0.005155884,0.0015972183,0.0009907673,0.002090808
syn-0112,2,2,2,4,4,0.00479264,0.0025385255,0.0017252171,0.0016199002,0.9696119,0.0032971485,0.0016389953,0.0029714617,0.005314043,0.0026956568,0.00075923203,0.0030352517
syn-0125,2,2,2,9,9,0.0014588308,0.0029472788,0.0010947499,0.0019402009,0.0008017187,0.001729024,0.0019978837,0.0015445988,0.0028154044,0.9750786,0.0059268377,0.0026649209
syn-0127,2,2,2,11,11,0.011641227,0.31036714,0.004549875,0.008190625,0.02216748,0.016991729,0.033734385,0.0028977303,0.018114114,0.017746419,0.013126983,0.5404723
syn-0137,2,2,2,8,8,0.0013173935,0.0012517063,0.00058067805,0.0003202115,0.000588959,0.0017135969,0.0011038182,0.0013433766,0.9886918,0.0010771957,0.0012754595,0.00073584024
syn-0142,2,2,2,4,4,0.0035252732,0.0023469052,0.0019733997,0.014119137,0.96595484,0.002146293,0.0015331375,0.0022252626,0.0012568214,0.0026438553,0.0007366858,0.0015383867
syn-0155,2,2,2,4,4,0.002587745,0.0018886181,0.001384106,0.001363313,0.9823973,0.0014484074,0.0012001857,0.0019066865,0.0015558123,0.0011474642,0.0011263695,0.001994048
syn-0159,2,2,2,11,11,0.0012536878,0.0021468294,0.0014750428,0.0010212335,0.0019565008,0.0016977638,0.0011026004,0.0010009921,0.00082985166,0.0015375509,0.0019870687,0.9839909
syn-0164,2,2,2,8,8,0.0026271478,0.0013419795,0.0007335511,0.00050072715,0.0007480191,0.0035799432,0.002070143,0.0012368934,0.97890145,0.0012272677,0.0057585677,0.0012742886
syn-0172,2,2,2,10,10,0.0017564937,0.0016828233,0.0007224493,0.0011124141,0.000642246,0.0006850039,0.0020536748,0.0005998094,0.0014182908,0.0009367466,0.9864673,0.0019228125
syn-0177,2,2,2,8,8,0.0013177823,0.0014302646,0.0006263637,0.00037256064,0.00078640354,0.001317139,0.0024706721,0.00096776534,0.9877771,0.00091447396,0.0012742796,0.0007452795
syn-0179,2,2,2,1,1,0.0012693427,0.98179066,0.00092459883,0.0008223552,0.001087849,0.0018856096,0.0020864152,0.0009345846,0.0030580324,0.0015785659,0.0014446885,0.0031172049
syn-0188,2,2,2,10,10,0.0025610595,0.002654804,0.0009933606,0.0012520523,0.0008393576,0.00060811936,0.002910753,0.00047592202,0.0012374654,0.0014781621,0.9827072,0.002281641
syn-0193,2,2,2,11,11,0.006752448,0.013717704,0.004081592,0.0043278933,0.031994663,0.0071809273,0.011767306,0.0043110205,0.009053198,0.019596186,0.014403971,0.87281317
syn-0194,2,2,2,1,1,0.001621983,0.97561055,0.0012339395,0.0008896417,0.001625154,0.002544583,0.0027389517,0.0015089043,0.0070421332,0.0019422073,0.0009054182,0.0023364662
syn-0200,2,2,2,5,5,0.0031567868,0.004287514,0.0017634627,0.0048493543,0.0034797722,0.95034975,0.0026189855,0.021243455,0.0022676503,0.0025520788,0.0011402462,0.002291022
syn-0202,2,2,2,10,10,0.0041319025,0.0030537483,0.0013587367,0.0013574105,0.0007014697,0.0009033477,0.0015577993,0.0013111581,0.007119271,0.010247801,0.9648619,0.003395493
syn-0207,2,2,2,0,0,0.96009463,0.0010047383,0.0025136087,0.0019729538,0.0044632494,0.015762866,0.0011723661,0.001479118,0.0038995738,0.0017411257,0.004058382,0.0018372003
syn-0219,2,2,2,0,0,0.9832882,0.0008414958,0.002233344,0.0014300353,0.001961798,0.0015775037,0.0010996631,0.0013161243,0.0017418796,0.001437035,0.0018815827,0.0011913439
syn-0222,2,2,2,8,8,0.0015031715,0.00122416,0.00063106726,0.00030338136,0.00071195734,0.001514776,0.0015079498,0.0013659826,0.9874501,0.0012337612,0.0015262839,0.0010273288
syn-0224,2,2,2,8,8,0.003915002,0.0072973464,0.0007232412,0.00061560766,0.0016972593,0.0047253445,0.009202217,0.0010595277,0.95856804,0.0013432984,0.008729517,0.002123649
syn-0228,2,2,2,6,6,0.002094478,0.0023263134,0.0014416225,0.008121615,0.017105535,0.0071550617,0.95049244,0.0018765617,0.0029164266,0.0026232186,0.0009908117,0.0028558315
syn-0230,2,2,2,9,9,0.0024428596,0.0029974415,0.0010268234,0.0015942629,0.0008929913,0.0011544888,0.0009159552,0.0023851057,0.0045327707,0.975466,0.0037969924,0.002794264
syn-0239,2,2,2,6,6,0.00091207155,0.0029476646,0.0007893322,0.0019322704,0.0025664128,0.0024926197,0.9799048,0.0013705194,0.0013805942,0.001229726,0.0031630096,0.0013109553
syn-0242,2,2,2,0,0,0.9813473,0.0012521523,0.002665408,0.0012849796,0.0029760648,0.0014098965,0.0010720692,0.0009713754,0.0020745553,0.002008275,0.0017563589,0.0011814688
syn-0244,2,2,2,3,3,0.0012302365,0.0010405256,0.0023118912,0.98318785,0.0022844686,0.0019415863,0.0018533532,0.0010693701,0.0006345096,0.0023536074,0.0013594226,0.00073317444
syn-0247,2,2,2,3,3,0.0014745488,0.0011422283,0.0027267165,0.97982645,0.003224251,0.0019939346,0.0020332616,0.001076698,0.0007414497,0.0029006265,0.001810629,0.0010491916
syn-0248,2,2,2,6,6,0.0042460444,0.0039212015,0.001650641,0.004475966,0.0024205048,0.005229104,0.8891146,0.0028828543,0.0031661962,0.0019260295,0.07723608,0.0037306903
syn-0249,2,2,2,8,8,0.0039374256,0.002021871,0.0010466307,0.00045545647,0.0016668041,0.0046123173,0.0009290761,0.0047367043,0.97124994,0.004267779,0.0034574189,0.0016186803
syn-0254,2,2,2,7,8,0.018125167,0.03454701,0.020269511,0.00793378,0.012777581,0.08672404,0.03828676,0.090531684,0.25514516,0.055286895,0.1321093,0.24826306
syn-0255,2,2,2,2,2,0.0024320686,0.0010402895,0.98200524,0.0025111092,0.0014872382,0.0010087754,0.0010048427,0.0031922143,0.0011464463,0.0011926977,0.0011582623,0.0018208681
syn-0259,2,2,2,4,4,0.0027075438,0.001320196,0.0011036036,0.002461488,0.9829646,0.0017332478,0.0012097065,0.0014609669,0.00097107765,0.0014236437,0.00093250925,0.0017113828
syn-0264,2,2,2,0,0,0.9818641,0.0009410656,0.0019399192,0.0013303593,0.0028854473,0.0018015938,0.001162061,0.0012756512,0.0017495783,0.0012255844,0.0023280228,0.0014964936
syn-0274,2,2,2,9,9,0.0024698582,0.002368869,0.0014374935,0.0017129104,0.0013012061,0.0014417111,0.0010054942,0.0031168621,0.004455171,0.96646315,0.008707376,0.005519901
syn-0276,2,2,2,6,6,0.0009054733,0.0019719498,0.0010565401,0.0021109502,0.0019709873,0.0038182396,0.9766233,0.002214959,0.0018273211,0.0011040053,0.0036252001,0.0027710681
syn-0278,2,2,2,9,9,0.001727145,0.002753744,0.0009244741,0.0024214352,0.0009048242,0.0011151286,0.00096506346,0.0016577381,0.0014374576,0.97878647,0.0037623139,0.0035443038
syn-0283,2,2,2,7,7,0.0015747398,0.0017371306,0.0052871094,0.0024611366,0.0036424478,0.0039242534,0.0017202488,0.9710777,0.0017593246,0.0022239944,0.0023593516,0.0022326992
syn-0285,2,2,2,11,11,0.0012790853,0.0016204721,0.0014957674,0.0011875905,0.0023172556,0.0017810444,0.0009645619,0.0009565885,0.0014262263,0.0019924848,0.0014325076,0.9835464
syn-0288,2,2,2,9,9,0.0015327398,0.0024045773,0.0010959348,0.0018538089,0.0008644195,0.00093374803,0.0011235687,0.0018299761,0.002069336,0.98282963,0.0017007355,0.0017615904
syn-0294,2,2,2,1,1,0.0009951204,0.9830071,0.0008503409,0.0011123075,0.0013971912,0.0032908749,0.0025206232,0.0011243204,0.0012597942,0.0013469502,0.0012579501,0.0018374705
syn-0301,2,2,2,3,3,0.0014028837,0.0024654455,0.0022276165,0.97551286,0.0043306905,0.0044344724,0.0027285,0.0011119419,0.00068471313,0.0025356468,0.001383834,0.0011813465
syn-0305,2,2,2,1,1,0.0009358856,0.9855606,0.0009972183,0.0009977054,0.00085005566,0.0011551003,0.0019856282,0.0012212212,0.0011704295,0.0018285764,0.0014882563,0.0018092595
syn-0308,2,2,2,3,3,0.001191676,0.0014220771,0.0025525156,0.98164314,0.0022427782,0.001785863,0.002486472,0.0012494756,0.00062125945,0.0024522594,0.001376979,0.00097547116
syn-0313,2,2,2,11,11,0.006056821,0.05575191,0.0066261827,0.004501047,0.005429299,0.022897301,0.030849323,0.0045319214,0.010000649,0.010153176,0.046810474,0.79639184
syn-0324,2,2,2,7,7,0.0060799527,0.011169103,0.00386371,0.0024751856,0.00394569,0.012533257,0.0022757985,0.9181226,0.018971473,0.0076306253,0.008371145,0.0045614634
syn-0333,2,2,2,5,5,0.0063385996,0.0013420089,0.0014963882,0.002714244,0.0080068745,0.9661018,0.001995016,0.0016498934,0.0047462326,0.0011356163,0.0021236835,0.0023495557
syn-0335,2,2,2,3,11,0.0017086174,0.0037596845,0.0017801546,0.0040148245,0.007246429,0.0017186584,0.00094913325,0.0008499671,0.0007853238,0.0075535127,0.0022919104,0.96734166
syn-0338,2,2,2,8,8,0.0020168251,0.0031946753,0.0008311458,0.0004440122,0.00079541176,0.0023766907,0.0016304859,0.001738612,0.97976774,0.0041332077,0.0016724151,0.0013987204
syn-0383,2,2,2,2,2,0.0025433316,0.0010895422,0.98092103,0.002744757,0.0014120393,0.000890997,0.0009228783,0.0036509451,0.001124128,0.0014518911,0.0012238096,0.0020246292
syn-0385,2,2,2,5,4,0.00551422,0.002970027,0.002295059,0.0025466084,0.9254409,0.040979944,0.0021665615,0.009447948,0.0021081222,0.0024997925,0.00077288866,0.0032579573
syn-0392,2,2,2,1,1,0.0011222365,0.98454446,0.0010228063,0.0010288169,0.0011426955,0.0011870556,0.00203062,0.0010313318,0.001038406,0.0020658732,0.0015009452,0.0022847601
syn-0396,2,2,2,3,3,0.0012013393,0.0008669839,0.0032528474,0.9814228,0.0018729762,0.0024355263,0.0024529062,0.0015791305,0.00061990804,0.0019857574,0.0014017674,0.0009081477
syn-0402,2,2,2,1,1,0.0015957889,0.9783086,0.0009285456,0.0010866405,0.002128058,0.0030718418,0.0037202977,0.0014200171,0.001123326,0.0012301231,0.002177992,0.0032086635
syn-0405,2,2,2,8,8,0.0018212113,0.0018876727,0.00076512486,0.00033902514,0.000500069,0.001655956,0.00094803795,0.0014786024,0.98624504,0.0018867224,0.0012202804,0.001252272
syn-0406,2,2,2,4,4,0.2405472,0.0034581332,0.004914998,0.0063109826,0.7111623,0.0028196909,0.0038315444,0.0035074493,0.0024593782,0.005646089,0.0077787666,0.007563406
syn-0409,2,2,2,10,10,0.0019354224,0.0024453714,0.000865984,0.0010486643,0.0005978028,0.00038975818,0.0013633821,0.0007119913,0.0012823435,0.002414523,0.98508924,0.0018555778
syn-0414,2,2,2,5,4,0.003008454,0.003986527,0.0018435263,0.0031752342,0.93284845,0.038054675,0.0018516458,0.0064016343,0.0020445872,0.0025532418,0.0015783923,0.0026536551
syn-0420,2,2,2,2,2,0.0023772412,0.00093390036,0.9810719,0.0023272806,0.0016318591,0.0008461841,0.0009815907,0.004065602,0.0013876484,0.0013035751,0.0011498394,0.0019232696
syn-0426,2,2,2,10,10,0.0015509009,0.0025075462,0.0015691824,0.001209023,0.0005625225,0.0023848445,0.0026811888,0.0019230722,0.0042602764,0.0016245367,0.9761929,0.0035340495
syn-0432,2,2,2,6,6,0.0012135406,0.002002745,0.0009013865,0.002376287,0.0011602322,0.003253952,0.9827153,0.0014439324,0.0014173877,0.0008969959,0.0011994023,0.0014187725
syn-0433,2,2,2,5,7,0.00581241,0.0088650305,0.008409652,0.010257288,0.11766102,0.105264865,0.0039290343,0.72217023,0.0048517096,0.0053913724,0.0030213336,0.0043660663
syn-0443,2,2,2,7,7,0.0038944574,0.004151705,0.0037525853,0.0024550045,0.004498938,0.0083601,0.002340295,0.9529423,0.005387154,0.0053907717,0.0023899516,0.004436765
syn-0452,2,2,2,10,10,0.0016359951,0.0013986577,0.0014192966,0.0020484938,0.0007305913,0.0008735498,0.0053852163,0.0010776371,0.0046879044,0.0016674479,0.97781223,0.001262965
syn-0460,2,2,2,8,8,0.0019605546,0.0024103462,0.00077823806,0.0005491654,0.001038577,0.0010658049,0.0028190124,0.0011959785,0.9832651,0.0018921334,0.0020380323,0.0009871534
syn-0464,2,2,2,4,4,0.008039649,0.0021173323,0.0017497677,0.0020794228,0.97671026,0.0012851678,0.0011938207,0.0018708213,0.0010885795,0.0014605586,0.0006625174,0.0017420952
syn-0465,2,2,2,7,7,0.0018915455,0.0029261087,0.003116348,0.002608897,0.0042919023,0.0048384927,0.0022660955,0.96842927,0.0019496846,0.0039571454,0.0019045203,0.0018199701
syn-0471,2,2,2,5,5,0.0028948558,0.0033642459,0.0013318488,0.001504033,0.0038657293,0.9681967,0.002849975,0.002747494,0.0024187425,0.0012162202,0.0007929567,0.008817204
syn-0473,2,2,2,10,10,0.0014888393,0.0012728501,0.0008359792,0.0010317925,0.0007479047,0.0005442477,0.0012342911,0.0007305794,0.0016721344,0.0011351407,0.9878742,0.0014319776
syn-0478,2,2,2,2,2,0.006419062,0.0015715233,0.946183,0.006481264,0.0059566237,0.0022118788,0.001727667,0.016994756,0.0026472723,0.0033727123,0.0026011448,0.0038329966
syn-0495,2,2,2,2,2,0.0030349134,0.0012988627,0.97848046,0.0034628082,0.002378499,0.0014475718,0.0009442555,0.0030025782,0.0012625947,0.0015416847,0.0010595835,0.0020862457
syn-0005,2,2,3,11,11,0.0013197019,0.0032955299,0.0014290296,0.00096929335,0.0029284228,0.0033404874,0.0009874462,0.0012367221,0.0008202221,0.00285914,0.0015702485,0.97924393
syn-0006,2,2,3,7,7,0.010133298,0.03135979,0.0134835625,0.006116219,0.006491634,0.011265937,0.012803435,0.45023608,0.025917375,0.1066276,0.28786927,0.037695754
syn-0008,2,2,3,8,8,0.0015882096,0.0010936935,0.00080821296,0.00037438862,0.0009100303,0.001484174,0.0012511737,0.0019284164,0.9877886,0.0011869033,0.00086878106,0.0007174369
syn-0014,2,2,3,0,0,0.97610664,0.0012095066,0.0022040799,0.0013180457,0.0053627146,0.002113442,0.0012249596,0.0012285536,0.003372842,0.0024498408,0.0018147981,0.0015945311
syn-0020,2,2,3,6,6,0.0006468589,0.0014492027,0.00080424314,0.0013137282,0.0015039919,0.0017340451,0.98678386,0.0012627832,0.001639758,0.0007726781,0.0011973317,0.00089152093
syn-0029,2,2,3,2,2,0.00197421,0.0011439805,0.98276824,0.0028016395,0.0014383806,0.0010461936,0.0010360266,0.0027534948,0.00093368976,0.0012399616,0.0011367421,0.0017274102
syn-0032,2,2,3,4,4,0.0032747576,0.0023335174,0.0015567364,0.0017640134,0.9750931,0.0014738883,0.005647233,0.002487354,0.0016947794,0.0016742167,0.0009595459,0.0020408032
syn-0033,2,2,3,5,5,0.0017796528,0.0024026905,0.0009898007,0.0014909543,0.002706699,0.97870743,0.002514466,0.0019674927,0.0027339286,0.0011696921,0.00085660117,0.0026807222
syn-0041,2,2,3,10,10,0.007333841,0.0038571218,0.002771406,0.0049574813,0.0042403587,0.0016181264,0.0033989155,0.0030736644,0.020219745,0.37014177,0.5643988,0.01398872
syn-0044,2,2,3,2,2,0.002351459,0.0012444374,0.98007476,0.0030762549,0.0014400526,0.0010367248,0.0010038472,0.004330807,0.0010515093,0.0014648744,0.0012702215,0.0016550643
syn-0046,2,2,3,8,8,0.15402159,0.01745885,0.0031966162,0.0012372289,0.0053926776,0.010695857,0.008508764,0.0044903765,0.7522211,0.02233021,0.008055936,0.012390762
syn-0050,2,2,3,4,4,0.0026733156,0.0054889717,0.0022843762,0.0054045324,0.9448209,0.0037351656,0.012051377,0.0050060083,0.0014555872,0.0028526857,0.0021344777,0.01209264
syn-0053,2,2,3,10,10,0.0018432935,0.0011784822,0.0010324174,0.0011190381,0.0009268097,0.0009354479,0.001742747,0.0014893773,0.0009914128,0.0010920486,0.9860622,0.0015865956
syn-0054,2,2,3,5,5,0.0019948927,0.0013285605,0.0008561095,0.0012407756,0.0023254429,0.98005795,0.0022511468,0.0025852884,0.0021287429,0.0010494394,0.0013787888,0.0028028802
syn-0057,2,2,3,8,8,0.0030339495,0.0025681306,0.0007450913,0.0005668356,0.0021220495,0.0020174722,0.0020120614,0.001458818,0.9712686,0.002742786,0.009475601,0.00198862
syn-0072,2,2,3,0,0,0.98263675,0.0012667201,0.0026549376,0.0014395933,0.0022166595,0.001501332,0.0009464161,0.0014809459,0.0019216401,0.0015911522,0.0012992946,0.0010445225
syn-0073,2,2,3,11,11,0.0015899906,0.0075595384,0.0014929288,0.0014273477,0.004033138,0.001774629,0.0019662546,0.0017885475,0.0012958129,0.0021552944,0.005857267,0.9690592
syn-0074,2,2,3,5,5,0.06413809,0.08766637,0.0032088775,0.0046370816,0.0071400944,0.7086645,0.011555613,0.00754881,0.056712322,0.026463978,0.011200083,0.011064195
syn-0091,2,2,3,4,4,0.0022892035,0.0011890737,0.0016793208,0.002439225,0.97854346,0.00177112,0.0023719831,0.0025984442,0.001057584,0.0017141157,0.0012831866,0.0030633043
syn-0093,2,2,3,5,5,0.0018891037,0.0053182095,0.001206665,0.002682337,0.005297476,0.8823483,0.0838535,0.0024126638,0.0042106463,0.0013553657,0.004462556,0.004963171
syn-0101,2,2,3,3,3,0.0011508282,0.0011718086,0.002980652,0.9819156,0.00238532,0.0022308559,0.0018913825,0.0012876085,0.00049448194,0.0023581777,0.0010685079,0.001064862
syn-0111,2,2,3,3,3,0.0012242772,0.0014897966,0.0033483042,0.98129576,0.0016906353,0.0024983685,0.0017425992,0.001607711,0.0006426335,0.0021598493,0.0013571377,0.0009428199
syn-0113,2,2,3,11,11,0.002945699,0.00342302,0.0016004739,0.0010399239,0.003678758,0.0016114522,0.0008194403,0.0011601188,0.003341915,0.0029474976,0.001983088,0.97544855
syn-0122,2,2,3,3,3,0.0012544858,0.0010040778,0.002875405,0.97934306,0.0033124,0.0023257332,0.0016445679,0.0012278213,0.0006734479,0.00372787,0.0014716639,0.0011394372
syn-0133,2,2,3,2,2,0.002513812,0.0016721085,0.9724397,0.004713649,0.001742117,0.001265259,0.0011656112,0.006954427,0.0012037867,0.002907542,0.0014843021,0.0019377866
syn-0140,2,2,3,11,11,0.002234509,0.0021939664,0.0019820833,0.0017338762,0.004198632,0.0020782198,0.00082867953,0.0019409013,0.0011493845,0.010194454,0.0012598889,0.9702055
syn-0141,2,2,3,2,2,0.0023335887,0.0011063535,0.982531,0.00317759,0.001280263,0.0009917287,0.0009744483,0.0025619976,0.0009975568,0.001227615,0.0011731157,0.0016446931
syn-0146,2,2,3,10,10,0.0018193251,0.0011148326,0.0010091363,0.00097475114,0.00083130976,0.0004660949,0.0012107304,0.000959639,0.0012214185,0.0016427957,0.98716486,0.0015852704
syn-0154,2,2,3,1,1,0.0011693613,0.98610455,0.0010652356,0.0010487207,0.0010538538,0.0011311723,0.0016112565,0.0013704636,0.0010487207,0.0015262521,0.0012123862,0.0016579448
syn-0178,2,2,3,9,9,0.008833969,0.0046347617,0.0022226975,0.005213548,0.009360191,0.0057708714,0.0030919432,0.0034124567,0.012551962,0.78517693,0.03029632,0.12943447
syn-0187,2,2,3,3,3,0.001736377,0.0012184173,0.0043080794,0.9756457,0.0035398384,0.002811331,0.0020454526,0.0013480067,0.0006445737,0.0045725107,0.0011186285,0.0010110902
syn-0189,2,2,3,10,10,0.0035026516,0.003942466,0.0018076383,0.0018209264,0.0018514091,0.0011614142,0.002295133,0.0007253763,0.00628468,0.0030748963,0.95952207,0.014011421
syn-0191,2,2,3,4,4,0.002757444,0.0018321511,0.0015625374,0.0021794548,0.974911,0.0013951889,0.0043280185,0.001981995,0.0012586031,0.002848102,0.0021336507,0.00281183
syn-0192,2,2,3,5,5,0.0013187125,0.0029383972,0.0010826268,0.002141527,0.002679854,0.97564733,0.0025822287,0.0028594884,0.0017555613,0.0012065786,0.0012107097,0.0045769857
syn-0211,2,2,3,0,0,0.9828728,0.001098662,0.0026070746,0.0013686427,0.002219358,0.0010816287,0.000887554,0.0013949556,0.0015923115,0.0016987352,0.0019495125,0.001228642
syn-0215,2,2,3,10,10,0.0032840366,0.003427386,0.0018220495,0.0020415953,0.0013533712,0.0011564698,0.0019367225,0.0014562154,0.012003711,0.022935292,0.9452286,0.0033545364
syn-0217,2,2,3,6,6,0.0025272784,0.0056848917,0.003267349,0.0048311874,0.0021893142,0.0045185797,0.9494226,0.0022743046,0.008825378,0.002054663,0.009542507,0.0048619513
syn-0233,2,2,3,8,8,0.0019796335,0.001154992,0.0006347403,0.0003716898,0.0008019952,0.0011524571,0.0009523928,0.001338343,0.9883596,0.0013914867,0.0011586637,0.00070396706
syn-0267,2,2,3,4,4,0.0071299993,0.0017051398,0.0016926966,0.0020170093,0.97579885,0.0018920314,0.0018971193,0.0016918704,0.0013092924,0.0013554791,0.0011979595,0.0023125126
syn-0269,2,2,3,10,10,0.0017431661,0.0013216864,0.0010074518,0.0008483595,0.0007899862,0.00048812432,0.0016402538,0.00085835974,0.0013050133,0.001857517,0.98647994,0.0016601966
syn-0275,2,2,3,0,0,0.98071104,0.00090483436,0.0020981606,0.0015565582,0.003310555,0.0014515803,0.0010840029,0.0014601108,0.0023438125,0.0014034893,0.002470126,0.001205755
syn-0282,2,2,3,7,7,0.0025083246,0.0030553085,0.002737424,0.0021277482,0.004261598,0.01710784,0.0038107568,0.9534096,0.0037691195,0.0034410513,0.0018685848,0.0019026503
syn-0284,2,2,3,0,0,0.97829205,0.0012181482,0.0021233517,0.0011091364,0.0033897941,0.0010552492,0.00093034527,0.0011354388,0.003807528,0.0023664578,0.0029058226,0.001666638
syn-0295,2,2,3,10,10,0.0021164687,0.0021075339,0.0009985103,0.0010536076,0.00094306533,0.00047397157,0.0018864159,0.0007066683,0.0010088016,0.0019953728,0.9844311,0.0022785093
syn-0297,2,2,3,11,11,0.0019272689,0.002927277,0.0017898455,0.00134841,0.0037285374,0.0025124056,0.001043498,0.0015346783,0.0011488599,0.0016075438,0.0016304689,0.9788012
syn-0299,2,2,3,1,1,0.0012436578,0.98569775,0.0008853369,0.0011055921,0.0014044403,0.0014192618,0.0016031382,0.0011826573,0.0012875289,0.0016747506,0.00094890076,0.0015470015
syn-0303,2,2,3,7,7,0.0061604423,0.00408774,0.0039697196,0.0033805924,0.01071011,0.07930683,0.006764271,0.86267936,0.008455346,0.006331216,0.0034171029,0.0047372333
syn-0306,2,2,3,5,5,0.005303369,0.007349529,0.0018503295,0.0015566128,0.012583116,0.8659275,0.008969177,0.00677153,0.07776139,0.0016847441,0.002933808,0.007308821
syn-0307,2,2,3,3,9,0.03773773,0.0060148705,0.006359176,0.17942236,0.0644453,0.021549612,0.012055816,0.0075517083,0.03262741,0.5964017,0.020676048,0.015158344
syn-0310,2,2,3,10,10,0.0017830875,0.0009513936,0.0013545159,0.0010838762,0.0010712486,0.0005122369,0.0012156633,0.0011347837,0.0014345011,0.0024422545,0.98299325,0.0040231575
syn-0325,2,2,3,4,4,0.008531308,0.0041649393,0.001906848,0.018729871,0.8949956,0.023321087,0.0043605585,0.005588142,0.0046804813,0.021515887,0.003960652,0.008244637
syn-0327,2,2,3,1,1,0.006368694,0.7971033,0.0024374323,0.0013084913,0.007307093,0.0044136196,0.0051273936,0.0026124308,0.15573747,0.005881457,0.0027700765,0.008932643
syn-0329,2,2,3,8,8,0.003265624,0.0015408779,0.00088788127,0.0005454075,0.0017550181,0.0013367783,0.0012521133,0.001867751,0.97653675,0.00480453,0.0040695956,0.0021377306
syn-0336,2,2,3,0,0,0.98216945,0.0009665094,0.0025377243,0.0012235733,0.002684382,0.0015527954,0.00089039013,0.0013088625,0.0022031988,0.0015422169,0.0016871903,0.0012337724
syn-0343,2,2,3,8,8,0.005938683,0.0019751757,0.001396512,0.0010317365,0.0034614673,0.0034699284,0.0021545275,0.0035993564,0.941665,0.019165626,0.010430351,0.005711699
syn-0345,2,2,3,7,7,0.004622342,0.0036485477,0.0026446846,0.001849897,0.0069622896,0.022558378,0.0027554133,0.93607205,0.0069381096,0.0057445276,0.003457751,0.0027460116
syn-0346,2,2,3,6,6,0.000886446,0.0019480296,0.0009271748,0.002111213,0.0030356392,0.0010247867,0.9835649,0.0012605091,0.0016524642,0.0011777957,0.0012941873,0.0011167491
syn-0348,2,2,3,9,9,0.0044921027,0.0048941704,0.0013152799,0.0021962353,0.0028117725,0.0011801611,0.0015512926,0.0032339608,0.009419665,0.9608319,0.0034349775,0.0046385177
syn-0366,2,2,3,9,9,0.002886816,0.001913667,0.0037194365,0.0072751944,0.0022970794,0.0032807887,0.0017681252,0.002570096,0.0018493637,0.9645654,0.0026336145,0.005240446
syn-0368,2,2,3,9,9,0.00600223,0.0029973667,0.002184371,0.0034583807,0.011495694,0.0019015248,0.0013171476,0.0024824787,0.0054908376,0.93168235,0.0045061763,0.026481465
syn-0369,2,2,3,6,6,0.0020637745,0.028628977,0.0009375118,0.004122382,0.007225297,0.06955478,0.869141,0.00314074,0.005925257,0.002248974,0.0033465668,0.0036647327
syn-0372,2,2,3,1,1,0.002314978,0.9782712,0.0010247604,0.0014779703,0.0015686887,0.0016169044,0.0026486332,0.0015286136,0.001363566,0.003176681,0.0018366714,0.0031712567
syn-0382,2,2,3,0,0,0.9827618,0.000935509,0.0023429864,0.0013982075,0.0027198691,0.0010799235,0.0009446896,0.001420226,0.0016677252,0.0013758583,0.00217247,0.0011808632
syn-0399,2,2,3,8,8,0.0013718851,0.0009273578,0.000671876,0.0003695986,0.00065984664,0.0011389998,0.0011788913,0.0011126151,0.9885744,0.0011651567,0.0020725576,0.00075688737
syn-0401,2,2,3,11,11,0.0016435962,0.00357333,0.0019314357,0.0017376797,0.0035520203,0.0023417312,0.0010778966,0.0012900735,0.00094476005,0.0033709998,0.0014434034,0.9770931
syn-0407,2,2,3,6,6,0.0011030498,0.008545819,0.0011950129,0.0038326725,0.002300076,0.0038873297,0.9681845,0.001190354,0.0025471959,0.0028821258,0.0017983121,0.002533551
syn-0408,2,2,3,4,4,0.039682504,0.014295064,0.0045890994,0.00539673,0.7590611,0.00812522,0.029096203,0.0045712083,0.10153094,0.010417718,0.013278999,0.009955229
syn-0411,2,2,3,2,2,0.0024846531,0.0014254237,0.9772499,0.0049606627,0.0015344921,0.0011543431,0.0010749159,0.0032322034,0.00093208085,0.0033562449,0.0008773208,0.0017177108
syn-0413,2,2,3,9,9,0.0032913703,0.0065026656,0.0019861083,0.0017544468,0.0036843605,0.0015927687,0.0012489583,0.00401009,0.0028118237,0.9655525,0.0016938386,0.0058710845
syn-0416,2,2,3,2,2,0.0020102286,0.001069581,0.9838621,0.0023304832,0.0013533981,0.0009184418,0.0009292681,0.0025701018,0.0010126589,0.0010970861,0.0011502979,0.0016962987
syn-0417,2,2,3,7,11,0.015357576,0.016039686,0.016540762,0.008232368,0.035663873,0.008789022,0.119098246,0.061621647,0.16844824,0.025172433,0.19069053,0.33434564
syn-0422,2,2,3,1,1,0.0011364191,0.98489064,0.0010092725,0.0011571366,0.0010201728,0.0008628552,0.001857243,0.0017400391,0.00082979974,0.0017345253,0.0018611011,0.0019008219
syn-0425,2,2,3,5,5,0.027694259,0.008921041,0.0061403234,0.009589591,0.1251516,0.6798748,0.008162458,0.004261593,0.017362386,0.0084462715,0.016854927,0.087540716
syn-0430,2,2,3,1,1,0.0047070035,0.8745075,0.0023877237,0.006915858,0.00933475,0.0615201,0.008578604,0.0025442021,0.0015812746,0.0046817893,0.005144451,0.01809673
syn-0431,2,2,3,3,3,0.0015865848,0.0010690906,0.0030388713,0.981013,0.0019866251,0.0020208682,0.0025604703,0.001278285,0.00065448,0.0027845432,0.0012043609,0.00080266915
syn-0436,2,2,3,6,6,0.0005720751,0.001750538,0.00084135396,0.0015726237,0.0015335709,0.0013281674,0.9869703,0.0010188386,0.0013171881,0.0009340263,0.0012568698,0.0009044057
syn-0437,2,2,3,3,10,0.006262891,0.0016101409,0.0018174156,0.0043427562,0.0070705335,0.0019650946,0.0030779717,0.0011339824,0.0055575217,0.015955104,0.9332064,0.018000223
syn-0445,2,2,3,6,6,0.0012189511,0.003027632,0.0012023991,0.0019027557,0.002497464,0.0022088524,0.9732178,0.0014638884,0.009587794,0.0009977978,0.0012454229,0.0014292795
syn-0449,2,2,3,11,11,0.0013810178,0.0018241993,0.0012986137,0.0014472944,0.0033968387,0.0014444704,0.0012654383,0.001216366,0.00075821485,0.0033433593,0.0019399545,0.9806842
syn-0451,2,2,3,8,8,0.0036314982,0.0011259473,0.0008649816,0.0005084964,0.0016247013,0.0044261105,0.0021366726,0.0064195455,0.97201085,0.0027552887,0.002969012,0.001527011
syn-0469,2,2,3,9,9,0.0036544355,0.0026997975,0.0011685626,0.0019493446,0.0042538634,0.0010192384,0.00087265257,0.0021810315,0.0024474147,0.9701533,0.003050694,0.0065496215
syn-0472,2,2,3,8,8,0.001883493,0.0011215318,0.00059855665,0.00029775733,0.0006567442,0.0012786426,0.0010441074,0.0012618961,0.9882597,0.0014101546,0.0013126449,0.0008747303
syn-0482,2,2,3,1,1,0.002645194,0.9702266,0.0016838524,0.0032110312,0.0020350846,0.0024404393,0.004732869,0.0023446567,0.0011963645,0.0027013202,0.003099348,0.0036832634
syn-0485,2,2,3,10,10,0.0021574604,0.0011743519,0.0011194806,0.0011477084,0.0010703043,0.00043349908,0.0020003926,0.00082143256,0.0028034018,0.0009908368,0.98500824,0.001272881
syn-0492,2,2,3,6,6,0.0006608084,0.001983192,0.000907196,0.0019476846,0.0014050927,0.0013671926,0.9856742,0.001464279,0.0011942347,0.0006972716,0.0014504031,0.0012484954
syn-0016,2,2,4,9,9,0.0023236072,0.0040129954,0.0009998591,0.0041291197,0.0015201429,0.0012107807,0.0013936001,0.0011643964,0.003803024,0.9591716,0.017127397,0.0031435944
syn-0023,2,2,4,1,1,0.0010783378,0.9846786,0.001040578,0.0011322977,0.0020884695,0.0010699462,0.0018036729,0.0012363204,0.0011478846,0.0017177186,0.0011688112,0.001837452
syn-0026,2,2,4,10,10,0.0019109704,0.0017014167,0.0009501074,0.0012259334,0.0010594039,0.00066979096,0.0021892006,0.00094871665,0.0013884865,0.0008899322,0.9855064,0.0015595936
syn-0027,2,2,4,4,4,0.004049609,0.003563095,0.0017439488,0.0020954027,0.95837015,0.013340708,0.003478857,0.00431095,0.0043213153,0.0013965208,0.00081299397,0.0025164555
syn-0035,2,2,4,9,9,0.0024324332,0.017075121,0.0019092388,0.0037821718,0.0029055611,0.0013406961,0.0026780353,0.001550685,0.0050931973,0.91916203,0.032641083,0.009429778
syn-0040,2,2,4,4,4,0.0024595277,0.0016607498,0.0019444592,0.002340889,0.9800859,0.0018782039,0.0015692982,0.0025088028,0.0010654757,0.0016143764,0.0010722606,0.0018000881
syn-0048,2,2,4,11,11,0.0034804477,0.0026054624,0.0015573129,0.0027305014,0.00662047,0.004163517,0.005261894,0.0018803132,0.0028783567,0.0043943305,0.011104132,0.9533232
syn-0056,2,2,4,8,8,0.0018068398,0.001997915,0.0008051149,0.00044986777,0.00080354395,0.000954232,0.0020657438,0.0011221663,0.985926,0.0009163327,0.0022910405,0.00086123537
syn-0070,2,2,4,2,2,0.0020622378,0.001186414,0.98209226,0.0030889907,0.0016792502,0.0008859836,0.0010157852,0.0028483183,0.00095891266,0.0013986201,0.0011376254,0.0016455648
syn-0077,2,2,4,2,2,0.0026094543,0.0014561081,0.97993463,0.0034900382,0.0018715065,0.0011323581,0.0014064928,0.0027248545,0.0010467488,0.0013745825,0.0012731444,0.0016800667
syn-0084,2,2,4,5,5,0.0027880282,0.0026053982,0.0012181479,0.004219697,0.0040575475,0.97352684,0.001718703,0.0016552835,0.0020152628,0.0015512031,0.0021838117,0.0024601258
syn-0085,2,2,4,3,1,0.0033923397,0.9341938,0.0023775038,0.019926045,0.011163862,0.0032815528,0.0033121384,0.0018807602,0.001336266,0.010264564,0.0036323478,0.005238788
syn-0086,2,2,4,10,10,0.0017942876,0.0014955278,0.0009646428,0.001030876,0.0007335033,0.00082429737,0.0012452966,0.0013034676,0.0012826326,0.0009976965,0.98651487,0.0018128915
syn-0090,2,2,4,5,5,0.008432865,0.0023167015,0.0011110228,0.0020434835,0.012150507,0.9424144,0.0073768552,0.0054887095,0.01134766,0.0019941982,0.0016957627,0.0036278157
syn-0094,2,2,4,1,1,0.0014743021,0.9348005,0.0028183002,0.0020014036,0.003223318,0.0019060264,0.009079833,0.0020588944,0.0041672117,0.0035228787,0.009320151,0.02562718
syn-0106,2,2,4,10,10,0.0017902916,0.0023659677,0.0017360576,0.0021079346,0.0011018901,0.000694275,0.007269923,0.001158159,0.006112928,0.0015024327,0.9709519,0.0032082384
syn-0107,2,2,4,10,10,0.0017839436,0.0011974638,0.0009087611,0.0010666077,0.0008790828,0.00061730517,0.0014352775,0.0011459804,0.0013652116,0.0011774608,0.98689276,0.0015302715
syn-0109,2,2,4,3,3,0.003549625,0.0022717554,0.0035159877,0.94327843,0.0059278365,0.002691198,0.0018209558,0.0018888772,0.0011768462,0.029880708,0.0028626681,0.0011350823
syn-0117,2,2,4,6,6,0.0010552692,0.0026737538,0.0010994517,0.0027724688,0.004738635,0.0014852644,0.9783106,0.00090881094,0.0016504724,0.0017915709,0.0022825205,0.0012313274
syn-0119,2,2,4,6,6,0.0010375899,0.0024130577,0.0013116364,0.0023511245,0.0012485204,0.0016307647,0.98089266,0.0013792897,0.0012059783,0.0010295153,0.0041399747,0.0013598963
syn-0128,2,2,4,2,2,0.002775302,0.0014391927,0.98140436,0.0027878438,0.0016016203,0.0009828828,0.0010478069,0.002461634,0.0009378734,0.0016372018,0.0012083764,0.0017157727
syn-0139,2,2,4,1,1,0.0010768477,0.98524034,0.0010549887,0.001204835,0.0014476426,0.001160377,0.0018633534,0.0011809546,0.0011362677,0.0015887602,0.0013440906,0.0017015804
syn-0147,2,2,4,0,0,0.96969473,0.0014895377,0.004266337,0.002571178,0.0065465258,0.0012421268,0.0015686627,0.0014130229,0.002516527,0.004749948,0.0024343424,0.0015070956
syn-0156,2,2,4,6,6,0.0009569227,0.0018772264,0.0010433046,0.002042691,0.0016269856,0.0016135363,0.98389006,0.001433708,0.0020327412,0.00074598024,0.0014135496,0.001323376
syn-0167,2,2,4,0,0,0.9785761,0.0013382623,0.0031581428,0.0015760887,0.003695512,0.0011879527,0.0011413278,0.0013963372,0.002251588,0.0019141663,0.0024256478,0.0013389159
syn-0168,2,2,4,1,1,0.002202118,0.966704,0.0014477145,0.0024614432,0.002583352,0.0028861617,0.0074952776,0.001199026,0.0026901986,0.004255849,0.00389515,0.0021796534
syn-0173,2,2,4,8,8,0.0017469843,0.0015191037,0.0007074845,0.00054086023,0.0011738724,0.001906488,0.0036566174,0.0010501993,0.984606,0.0014125076,0.0009860893,0.00069380045
syn-0182,2,2,4,6,6,0.00081833894,0.0018351726,0.0011819873,0.0023409263,0.00132118,0.0015066264,0.98369735,0.0017769742,0.0019549625,0.0007583195,0.0018663494,0.0009419024
syn-0183,2,2,4,4,4,0.011049031,0.0033508951,0.003030239,0.0063713132,0.8191366,0.1385051,0.0031943251,0.004850591,0.0032732717,0.001966046,0.001870526,0.0034020024
syn-0185,2,2,4,7,7,0.013463325,0.0072744535,0.10235136,0.010885644,0.0113857975,0.0040468667,0.0058025327,0.76669073,0.008327994,0.05278897,0.0065239626,0.010458403
syn-0195,2,2,4,4,4,0.0043450906,0.003298618,0.0013801133,0.003211995,0.9508172,0.023048375,0.0033768425,0.0015291389,0.003221419,0.0021606472,0.0015336252,0.0020768596
syn-0197,2,2,4,11,11,0.0050082314,0.0059937024,0.00244186,0.0026184546,0.012431101,0.0026844789,0.0019920152,0.0018084444,0.0036433607,0.0055636056,0.0014731294,0.95434165
syn-0208,2,2,4,8,8,0.0023800896,0.0018740923,0.00077591557,0.0007827652,0.0012588205,0.0011433742,0.0048067393,0.00081713276,0.9765088,0.0019688327,0.0066832793,0.0010001948
syn-0210,2,2,4,0,0,0.96162546,0.0025078012,0.0031554862,0.0022359367,0.016416922,0.0022088082,0.0011742354,0.0019013245,0.002433019,0.0018773393,0.0013985303,0.0030651295
syn-0226,2,2,4,6,6,0.0008432803,0.0054348144,0.001219202,0.0023243958,0.0012566757,0.0011515025,0.9786605,0.0017404672,0.0012896217,0.0010691339,0.002647101,0.0023633065
syn-0229,2,2,4,7,7,0.0045153876,0.0016060361,0.0031691282,0.0025551848,0.003470424,0.0066714776,0.002271519,0.96366304,0.0057680467,0.0020895582,0.002807692,0.0014124858
syn-0236,2,2,4,11,8,0.039188858,0.025737178,0.003159223,0.0054800124,0.02029124,0.011584205,0.021189893,0.0043562655,0.66770184,0.032098442,0.03356095,0.13565186
syn-0246,2,2,4,8,8,0.0032567212,0.012774106,0.0014881263,0.0014751045,0.0031121406,0.0038514338,0.042110253,0.002115054,0.9217083,0.0018108692,0.0041735535,0.002124369
syn-0250,2,2,4,11,11,0.0012563957,0.0022496318,0.001776133,0.0011114756,0.0020101669,0.0013591512,0.00092686055,0.0012466183,0.0010159708,0.0025145523,0.0022611953,0.9822719
syn-0261,2,2,4,5,5,0.0029040917,0.0025735109,0.001406729,0.0025460138,0.013743473,0.95040876,0.016052065,0.0022788914,0.0034812626,0.0012233815,0.00094998325,0.0024317969
syn-0262,2,2,4,10,10,0.0015457129,0.0013967762,0.0008902325,0.00089459,0.0007114901,0.00070320105,0.001785087,0.0013855681,0.0016033679,0.00134655,0.98632044,0.0014170414
syn-0263,2,2,4,0,0,0.95163065,0.0048708804,0.0042692525,0.0018880048,0.010670195,0.0012000891,0.002915645,0.0016596629,0.0071723796,0.006589584,0.0025343937,0.0045992886
syn-0265,2,2,4,3,3,0.0013589717,0.00090704014,0.0020694037,0.98022586,0.003988393,0.0030842493,0.0014287174,0.0010645879,0.00058448646,0.0031305256,0.0011922817,0.00096553913
syn-0280,2,2,4,0,0,0.9758828,0.0015786731,0.0037360725,0.0017019593,0.004642245,0.001024257,0.0017011284,0.001275954,0.002252529,0.0023177988,0.002512264,0.0013742566
syn-0281,2,2,4,10,10,0.027865332,0.014378904,0.0029191126,0.007043739,0.014924342,0.025708375,0.021354659,0.0018792073,0.35741475,0.007850189,0.511973,0.006688444
syn-0286,2,2,4,8,8,0.0027349573,0.0041044047,0.0012730383,0.0008215341,0.001559759,0.0016579246,0.0048243776,0.0013845717,0.97603285,0.0033068506,0.0014313154,0.00086856075
syn-0296,2,2,4,3,3,0.0015067551,0.0013052619,0.0025112787,0.9770792,0.004323899,0.0032974898,0.0012101206,0.0010821,0.00067254767,0.004783784,0.0011418099,0.001085805
syn-0300,2,2,4,10,10,0.0014193709,0.0013653289,0.001083762,0.0010391948,0.00076103397,0.00057727034,0.0017324811,0.0013827727,0.0018710876,0.0011067573,0.98625493,0.0014059204
syn-0304,2,2,4,1,1,0.0010255248,0.9823528,0.0011110244,0.0010565296,0.0012243995,0.0014120304,0.003417187,0.0015988685,0.0021465283,0.0011252193,0.0015409992,0.0019888524
syn-0312,2,2,4,11,11,0.004475654,0.0035691739,0.0016063979,0.0026718825,0.003915189,0.004937194,0.003272061,0.0021785987,0.023814233,0.0031024667,0.0072011333,0.939256
syn-0314,2,2,4,8,8,0.0018188967,0.0016137662,0.000893603,0.0004755168,0.0008296822,0.0013290693,0.0015639251,0.0013062297,0.98667645,0.0014051485,0.0011524623,0.0009351171
syn-0321,2,2,4,9,9,0.0015828107,0.0031041512,0.0014174373,0.003004082,0.0018049804,0.0010395542,0.0012799229,0.0014091565,0.0022321206,0.9798748,0.0015066456,0.0017443293
syn-0323,2,2,4,7,7,0.0017505869,0.001785986,0.0032351871,0.0014555455,0.0023625835,0.0055403113,0.0019491101,0.9705104,0.0043063797,0.0024984335,0.0032233614,0.0013821261
syn-0328,2,2,4,10,10,0.0020227844,0.0011916767,0.00088277267,0.0012626625,0.00077638595,0.00071874115,0.0013277895,0.0010230347,0.0021164983,0.00113461,0.9866895,0.0008535263
syn-0330,2,2,4,0,0,0.9675006,0.0015468792,0.0024998232,0.0024622693,0.010586497,0.0044149947,0.0012612938,0.0012637597,0.002170824,0.0029033874,0.0020165262,0.0013731384
syn-0332,2,2,4,6,6,0.0008137514,0.0020790019,0.0011364211,0.0025398722,0.0014763942,0.001222779,0.9839311,0.0014067232,0.0014295736,0.00093388214,0.0019012898,0.0011292304
syn-0339,2,2,4,7,7,0.0017849933,0.0019816044,0.0032587487,0.0016094606,0.0031660998,0.002966672,0.0018300018,0.9766244,0.0028644493,0.0016711245,0.0012113305,0.0010310591
syn-0341,2,2,4,8,8,0.0018496275,0.0015576851,0.00074647367,0.00048716483,0.00085291604,0.0018982055,0.0018100371,0.0011544687,0.98646563,0.0013304085,0.0010460357,0.0008012405
syn-0350,2,2,4,2,2,0.002846909,0.0015524029,0.9804837,0.0031039484,0.0018588902,0.0009964508,0.0011469078,0.0026142653,0.0010331138,0.0016253161,0.0009781326,0.0017599618
syn-0353,2,2,4,7,7,0.005815639,0.013636139,0.0055493214,0.0056312084,0.007825798,0.31382388,0.004338731,0.5851562,0.018602025,0.021019759,0.009393734,0.009207547
syn-0354,2,2,4,8,8,0.0022487682,0.0013528371,0.00070030213,0.00043909467,0.0011768009,0.0018993826,0.0017089985,0.0012668456,0.9860989,0.0011799654,0.0009770322,0.00095114287
syn-0355,2,2,4,5,10,0.030374642,0.010176716,0.0048165387,0.004476374,0.018290943,0.27000022,0.02951568,0.0034590736,0.12654655,0.009950686,0.47017744,0.022215106
syn-0357,2,2,4,3,3,0.0014563928,0.0010886594,0.0028320525,0.9820425,0.0028100135,0.0014796889,0.0013714988,0.0010881281,0.0005770545,0.0032279948,0.001006354,0.0010197092
syn-0363,2,2,4,9,9,0.05655847,0.05014474,0.0035665652,0.018792696,0.011541156,0.017098416,0.030736467,0.0040731453,0.047302533,0.5450622,0.18818459,0.026939018
syn-0367,2,2,4,4,4,0.0037768628,0.0029328188,0.0016516013,0.002528248,0.97421116,0.002228993,0.0035833449,0.0018050937,0.002351414,0.0018578521,0.0010852641,0.0019873534
syn-0370,2,2,4,9,9,0.0020125443,0.0030917,0.001298128,0.0021189346,0.0012861406,0.0014257148,0.0010214029,0.0016218694,0.0019175725,0.9760188,0.0038542636,0.0043329364
syn-0371,2,2,4,6,6,0.0008523786,0.0033217943,0.001150366,0.0022844274,0.0013016275,0.0011639262,0.9824802,0.001469187,0.0012603492,0.0010092634,0.002242979,0.0014634592
syn-0374,2,2,4,8,8,0.0026086902,0.0016563635,0.0008814079,0.0007162297,0.0013651514,0.0017135378,0.0026954443,0.0008292199,0.9832418,0.0012805638,0.0020599943,0.00095163414
syn-0377,2,2,4,5,5,0.0021756052,0.0027935323,0.0022867043,0.002775856,0.0019171543,0.95459884,0.0035477746,0.01912765,0.003371289,0.001854544,0.0020180093,0.0035330805
syn-0379,2,2,4,3,3,0.011665164,0.0061246394,0.01708705,0.6327119,0.22648335,0.0049020993,0.005653313,0.0036750901,0.005336791,0.07512518,0.005924621,0.0053107957
syn-0393,2,2,4,2,2,0.0038993377,0.0021288504,0.9767631,0.0032990398,0.0022816935,0.0010806941,0.0014136264,0.0027059424,0.0011788243,0.0017835043,0.0014699388,0.0019954804
syn-0415,2,2,4,1,1,0.006224767,0.6557388,0.0030754704,0.0041062916,0.022345213,0.007122805,0.013126456,0.0043201996,0.08822613,0.019286456,0.011277101,0.16515036
syn-0418,2,2,4,0,0,0.9682912,0.0030504193,0.004137992,0.0020063831,0.009053664,0.0011260286,0.0013986309,0.0014671847,0.0027720188,0.0018152732,0.0027031815,0.0021779083
syn-0421,2,2,4,10,10,0.0022640382,0.0045174416,0.0011580526,0.005092133,0.0012756037,0.000901012,0.0025567373,0.0010492828,0.004161408,0.017084062,0.9576795,0.002260724
syn-0429,2,2,4,2,2,0.0025586947,0.0019415687,0.978629,0.003216221,0.0014598594,0.0010817016,0.0013514683,0.0033219259,0.0011391623,0.0023910876,0.001056644,0.001852658
syn-0440,2,2,4,1,1,0.0016841711,0.9794549,0.0010150378,0.0010391087,0.002218129,0.0018103842,0.0030539238,0.0011334628,0.004084747,0.0014928216,0.00090103183,0.002112424
syn-0444,2,2,4,5,5,0.003555169,0.009275598,0.0017625164,0.006975569,0.017984252,0.8979739,0.048671905,0.0035603808,0.0028748496,0.001952834,0.0011247084,0.004288353
syn-0448,2,2,4,4,5,0.0057878657,0.0031189863,0.0027578769,0.004075878,0.028361356,0.9346244,0.003711129,0.0019719284,0.0059660194,0.0019075293,0.0027005759,0.005016476
syn-0453,2,2,4,1,1,0.0013167926,0.97995204,0.0012819002,0.0010345723,0.0020399864,0.0014476267,0.0032531312,0.0015297454,0.0011274129,0.0014928504,0.0031377801,0.0023861502
syn-0454,2,2,4,11,11,0.0022048294,0.0024429085,0.0014473753,0.0019899532,0.004468581,0.003486513,0.0032276479,0.0018767045,0.0024488796,0.002879152,0.0032672891,0.97026014
syn-0457,2,2,4,9,9,0.0014202711,0.0030077694,0.0013492897,0.0025066896,0.0014797355,0.00089400593,0.0010320136,0.0017325223,0.0013598722,0.9803965,0.0023273823,0.0024938707
syn-0459,2,2,4,5,8,0.052396275,0.10651738,0.007136219,0.009100663,0.16806702,0.05948883,0.07292285,0.0060269306,0.48917592,0.016869964,0.004452668,0.007845262
syn-0468,2,2,4,6,6,0.00082277687,0.0016311022,0.0009054103,0.002468532,0.0020131592,0.0008357338,0.98421454,0.0014447238,0.001955513,0.0009737378,0.0016426916,0.0010921333
syn-0484,2,2,4,3,3,0.0010824574,0.00087702886,0.0021883596,0.98458683,0.0023350485,0.0018016343,0.0013018731,0.00096936146,0.0005236979,0.002182091,0.0012633599,0.000888234
syn-0489,2,2,4,11,11,0.0042209313,0.029256184,0.0027749208,0.0042271186,0.01792766,0.0072895554,0.022105303,0.0021069292,0.003589261,0.003622715,0.009477751,0.8934016
