id,fold_seed,model_seed,fold,gold,pred,prob_0,prob_1,prob_2,prob_3,prob_4,prob_5,prob_6,prob_7,prob_8,prob_9,prob_10,prob_11
syn-0003,0,0,0,2,2,0.0008180664,0.00069496233,0.9910823,0.0010956003,0.0005750198,0.00038192517,0.0011634167,0.0010929288,0.0006805229,0.0005941426,0.00068452203,0.0011366048
syn-0004,0,0,0,10,10,0.0005878438,0.00049068243,0.00094581523,0.0004485201,0.00072024134,0.0005759112,0.0021809076,0.000688939,0.010440151,0.0022550868,0.98009676,0.00056920166
syn-0006,0,0,0,7,7,0.0062729125,0.0057143415,0.008939582,0.0021135102,0.0019019532,0.0071568987,0.0015922483,0.73935044,0.024461016,0.16400759,0.025423013,0.013066493
syn-0008,0,0,0,8,8,0.000395405,0.0005650105,0.0006064638,0.00036533293,0.00067622896,0.0005412469,0.0009319997,0.0012767825,0.99255294,0.00084508077,0.00096581964,0.00027765936
syn-0011,0,0,0,10,10,0.00089302886,0.0017238815,0.0010450765,0.000655911,0.0013419049,0.0014999297,0.0019601015,0.0009331484,0.0675613,0.006712379,0.91461587,0.0010573956
syn-0015,0,0,0,6,6,0.00090750156,0.0013968853,0.0010333675,0.0012478492,0.00069938216,0.0017955531,0.9896237,0.0003326308,0.0009088319,0.0005096841,0.00073008874,0.00081447285
syn-0016,0,0,0,9,9,0.00060213904,0.0016566841,0.0005016342,0.0008174195,0.0005728843,0.0005498624,0.0006658565,0.0005768138,0.0050073015,0.98163295,0.0067710415,0.00064537034
syn-0017,0,0,0,3,3,0.00078557985,0.001326241,0.001175845,0.98867154,0.0011285928,0.0014369872,0.0012819892,0.00079019635,0.00041599778,0.0013646703,0.0007836643,0.00083869894
syn-0020,0,0,0,6,6,0.0005271684,0.00044696534,0.00084261846,0.0008413851,0.0008976199,0.0016052673,0.9901444,0.00030599686,0.0016643305,0.00042984236,0.0015375641,0.00075697975
syn-0034,0,0,0,0,0,0.98855084,0.0012074086,0.00080254214,0.0007162397,0.0014955077,0.0015964354,0.00097136514,0.0011540881,0.00045772153,0.0008402361,0.0008349194,0.0013726901
syn-0044,0,0,0,2,2,0.0008211275,0.0007364134,0.99091244,0.0011602391,0.00049127615,0.00036118465,0.0010196667,0.0012904751,0.0006714949,0.00055262644,0.0007403794,0.0012426295
syn-0049,0,0,0,8,8,0.00043500622,0.0005651431,0.00045321925,0.00031210168,0.0010057564,0.00033353083,0.0007698234,0.0007374456,0.9913328,0.0021302262,0.0017100138,0.00021492351
syn-0052,0,0,0,4,4,0.005692458,0.0018476195,0.00050721184,0.0014463238,0.9762058,0.008462348,0.0008313654,0.00068186194,0.0008811033,0.0010711491,0.00090685574,0.0014658757
syn-0053,0,0,0,10,10,0.00045117905,0.0006071278,0.0006539023,0.00056895305,0.0005913288,0.00085368275,0.0011314637,0.0005670117,0.0011486856,0.0011012467,0.9917008,0.0006245676
syn-0055,0,0,0,3,3,0.00059913436,0.0014594366,0.0013908203,0.98969674,0.0009801184,0.00092456536,0.0015298265,0.00044807408,0.00040519668,0.0010249008,0.00069943373,0.0008416209
syn-0063,0,0,0,1,1,0.0011156673,0.9905606,0.00079054735,0.0011151227,0.00063429284,0.000721561,0.0009255984,0.0005981951,0.0006189947,0.0008427669,0.0010903551,0.000986257
syn-0069,0,0,0,11,11,0.0014773605,0.0026006543,0.0015250015,0.0016095432,0.0027516626,0.000696494,0.0028597051,0.0007179017,0.00044488552,0.0015977977,0.0020242482,0.9816949
syn-0072,0,0,0,0,0,0.99027365,0.0011090988,0.0009421995,0.0008355581,0.0011723001,0.0012083323,0.0007270096,0.0010252479,0.0005329315,0.00082380977,0.00054824,0.00080158905
syn-0073,0,0,0,11,11,0.0019241158,0.0032499398,0.001547959,0.0006565682,0.0006131853,0.0013237162,0.0013697426,0.0014344269,0.0005411341,0.000838125,0.0023580517,0.984143
syn-0077,0,0,0,2,2,0.0006854868,0.0006732137,0.9915104,0.001162925,0.00047878062,0.00031924827,0.0012562567,0.0009886498,0.0006436409,0.0005240434,0.0006828143,0.0010746112
syn-0081,0,0,0,10,10,0.0009196855,0.0022110299,0.0008136035,0.0014468684,0.001847864,0.0021481928,0.0019032661,0.0005294219,0.001986223,0.0014931613,0.98375225,0.00094841624
syn-0084,0,0,0,5,5,0.001074022,0.0012940954,0.0004715021,0.0011857903,0.00095875957,0.98891246,0.0009425137,0.002260973,0.0006222036,0.00054535194,0.000734927,0.000997439
syn-0090,0,0,0,5,5,0.012894465,0.005390983,0.00087533967,0.0008183001,0.014504717,0.9468918,0.001997811,0.003257844,0.008152315,0.001551345,0.0015332714,0.002131857
syn-0093,0,0,0,5,5,0.0011781695,0.0016592557,0.0005736334,0.001088565,0.001566356,0.9809988,0.008043467,0.00091532187,0.0008034417,0.000558706,0.0011335878,0.0014806446
syn-0098,0,0,0,10,10,0.00050948,0.0012377938,0.00045982757,0.00050158123,0.0010281734,0.00082575716,0.0006703531,0.0006919702,0.003063569,0.0013254486,0.98922753,0.00045848236
syn-0101,0,0,0,3,3,0.0006044973,0.0012699171,0.0012340051,0.99030125,0.0010588557,0.0007611771,0.0014304883,0.0005667646,0.0004694058,0.00087782234,0.0005779431,0.00084791146
syn-0109,0,0,0,3,3,0.0007853795,0.0018737351,0.0010755851,0.98745453,0.0012531957,0.0007026359,0.0016836852,0.00052676414,0.00052830967,0.0020157224,0.0010903913,0.0010099255
syn-0120,0,0,0,3,3,0.00067826774,0.0015648428,0.0013279838,0.9887631,0.0011614029,0.000597693,0.0013659635,0.0005543975,0.00063904305,0.0016983746,0.00085908704,0.00078988384
syn-0121,0,0,0,9,9,0.00065213244,0.0013570056,0.00063206843,0.00092190213,0.0005537279,0.00051061646,0.00036958346,0.00076952623,0.0017185597,0.9894996,0.001805107,0.0012100437
syn-0139,0,0,0,1,1,0.0009742117,0.9909638,0.0006695652,0.0010966735,0.00062349427,0.00082117005,0.000748049,0.0006348609,0.0005550891,0.0009549023,0.00090364204,0.0010546606
syn-0148,0,0,0,7,7,0.0010818347,0.0016415658,0.0018935868,0.0005152821,0.00096549804,0.0053301803,0.00048690735,0.9744577,0.004932018,0.002764417,0.0027291274,0.0032018905
syn-0155,0,0,0,4,4,0.00086999947,0.0010146522,0.0004718571,0.000993328,0.988691,0.0021994945,0.00084364426,0.00040163487,0.0021952025,0.00066933554,0.0009002498,0.00074962026
syn-0158,0,0,0,1,1,0.0010768847,0.9908223,0.00072175165,0.0010406991,0.0005676169,0.00080990384,0.00092268386,0.0006632875,0.00061734696,0.0008869032,0.0009026311,0.0009679092
syn-0166,0,0,0,5,5,0.0033380147,0.0020508508,0.0004031715,0.0007598728,0.00348117,0.98378897,0.0010265226,0.0011357022,0.0010295344,0.0007986763,0.0010879361,0.001099686
syn-0169,0,0,0,4,4,0.0053359233,0.00080757315,0.00056103076,0.0013872092,0.982199,0.0024707047,0.0009115326,0.0005925667,0.0020769893,0.0018852428,0.00085588766,0.00091644167
syn-0173,0,0,0,8,8,0.00041138107,0.0006706782,0.00046343243,0.0003351043,0.0007791408,0.0007584952,0.0016020143,0.0006118534,0.99115807,0.0010132184,0.0019204051,0.00027618816
syn-0175,0,0,0,11,11,0.0058943466,0.05452193,0.0027870124,0.00462201,0.01247833,0.02091769,0.006299057,0.003069915,0.008033047,0.014635022,0.41687346,0.44986817
syn-0196,0,0,0,4,4,0.03141623,0.0010267785,0.0008629471,0.0021979709,0.95469046,0.0028049327,0.0016544638,0.00095333153,0.0013145529,0.0009114538,0.00068598875,0.0014808809
syn-0223,0,0,0,6,6,0.00066487864,0.0006879968,0.0010302871,0.0010868725,0.0009145683,0.0011858532,0.9869147,0.0003449345,0.003212484,0.0007739134,0.0022440448,0.0009394622
syn-0230,0,0,0,9,9,0.00087321026,0.0014476988,0.0005507268,0.000546441,0.00054537476,0.0005726652,0.0002681408,0.0015532016,0.0018626299,0.98992,0.0009455494,0.0009142232
syn-0233,0,0,0,8,8,0.0003444412,0.0005712247,0.0005006698,0.00030160276,0.00058964523,0.00041425994,0.0009392646,0.0007334671,0.9922632,0.0010751645,0.0020246734,0.00024234466
syn-0241,0,0,0,1,1,0.0019055691,0.9848224,0.0006130096,0.0026618175,0.0035692095,0.0016699983,0.00094344025,0.00049886026,0.0007251289,0.0010210988,0.00066997996,0.0008993583
syn-0246,0,0,0,8,8,0.0031922224,0.027928919,0.0015649075,0.0013359246,0.0016690922,0.0017003509,0.0037030429,0.0021993432,0.9486627,0.0025215594,0.004806887,0.0007150689
syn-0248,0,0,0,6,6,0.00077233266,0.0008803106,0.0012991102,0.0014581349,0.0011759428,0.001559774,0.9724743,0.00047931817,0.0009758433,0.000549541,0.017535346,0.0008399982
syn-0249,0,0,0,8,8,0.00048534412,0.00056687085,0.00043633612,0.00026490982,0.001015999,0.00085097406,0.00042999105,0.001550538,0.9904869,0.0015407269,0.0021102985,0.00026105758
syn-0252,0,0,0,8,8,0.0003843776,0.0006073741,0.0005149686,0.0002771273,0.0005554561,0.00040086216,0.001224386,0.0006528913,0.990651,0.001348125,0.0031208596,0.00026263524
syn-0254,0,0,0,7,11,0.014250629,0.042935807,0.037417293,0.007993879,0.015681852,0.090728834,0.022452248,0.20859504,0.11615732,0.054798555,0.09596922,0.2930193
syn-0270,0,0,0,10,10,0.00079759216,0.0010458586,0.0004522407,0.0005505908,0.0010847367,0.0007481717,0.0015821403,0.00033476652,0.0012941458,0.0014507021,0.990159,0.0005000962
syn-0273,0,0,0,0,0,0.9862251,0.0024193735,0.0008691018,0.0012467558,0.0018597596,0.0018960348,0.00076697965,0.0010622492,0.00069088134,0.0009006393,0.00065924355,0.00140382
syn-0274,0,0,0,9,9,0.00081832684,0.000771379,0.0007939245,0.00079121557,0.0006308121,0.00068742,0.0003190562,0.0024101927,0.0022347854,0.9851247,0.004180229,0.0012377867
syn-0275,0,0,0,0,0,0.9893321,0.0011384822,0.0009735579,0.0010025019,0.0012922761,0.0013870869,0.0009981061,0.0010039714,0.00054028135,0.00075488293,0.00078533747,0.0007914969
syn-0276,0,0,0,6,6,0.00064401655,0.0006032277,0.0014990065,0.001291298,0.0010664801,0.0011492054,0.9887039,0.00048779362,0.0006522447,0.00038549985,0.002001711,0.0015155484
syn-0284,0,0,0,0,0,0.9799227,0.0022818206,0.0008585028,0.0008136083,0.0019257125,0.0015813431,0.00089532085,0.00094380206,0.00539684,0.00256599,0.0014689445,0.0013453489
syn-0296,0,0,0,3,3,0.0011388181,0.0019263475,0.0011629816,0.9802459,0.0036324344,0.0052478737,0.0018675358,0.00060718897,0.0004222336,0.0014000863,0.0011404876,0.0012081291
syn-0302,0,0,0,10,10,0.0004510721,0.000532792,0.0005738395,0.00043570236,0.00047572973,0.0005817389,0.0009963592,0.00067269057,0.0017818484,0.0011475724,0.99195004,0.0004006046
syn-0304,0,0,0,1,1,0.0011000704,0.99064153,0.00068121735,0.0010540603,0.00062542554,0.0008811305,0.00089413265,0.0007038719,0.00058724603,0.0008050253,0.0010814301,0.00094485347
syn-0311,0,0,0,9,9,0.0008969592,0.0015454614,0.0008218912,0.0013002973,0.00073207676,0.00046352216,0.00060513744,0.0007267344,0.00085504894,0.987485,0.0018814425,0.0026863376
syn-0316,0,0,0,0,0,0.95609134,0.0016650017,0.00085164624,0.0019898291,0.010194393,0.01970786,0.0019399422,0.0010212798,0.0013242181,0.0018520098,0.0013843848,0.0019782041
syn-0318,0,0,0,11,11,0.0013323735,0.0015313077,0.0015290662,0.0011219709,0.0015421879,0.0006436648,0.0024822226,0.0006791819,0.00046679447,0.0013969974,0.001519762,0.9857544
syn-0328,0,0,0,10,10,0.0005094138,0.0005171833,0.0005156703,0.0005099115,0.00052251376,0.00061868515,0.0007870716,0.0008214276,0.0025270884,0.0016866949,0.9905489,0.00043551202
syn-0332,0,0,0,6,6,0.00063198473,0.0005850614,0.0009208803,0.0013105934,0.000661022,0.0007971501,0.991787,0.00030086984,0.00058107555,0.00047379718,0.0012977779,0.00065268314
syn-0345,0,0,0,7,7,0.0023175862,0.0012239685,0.0013882931,0.00085697474,0.0018364973,0.019561881,0.0008747308,0.964896,0.0018984986,0.0015800707,0.0008981018,0.0026673623
syn-0354,0,0,0,8,8,0.0005284961,0.0006819241,0.00056976883,0.00037293448,0.00081337144,0.00049793284,0.0007223686,0.00090428523,0.9926381,0.0010324741,0.0009156151,0.0003227479
syn-0356,0,0,0,8,8,0.0008078814,0.0024346656,0.0005686932,0.00037223037,0.00084500056,0.0004403112,0.0027699736,0.0007291477,0.98690146,0.0015259946,0.0021173407,0.00048738005
syn-0357,0,0,0,3,3,0.00083022536,0.0014762477,0.0021764324,0.9873224,0.001427165,0.0007269697,0.0018006954,0.00066191336,0.0005508932,0.001160277,0.00084660016,0.0010201979
syn-0371,0,0,0,6,6,0.000564117,0.00076225953,0.0010794289,0.0010940209,0.00056000036,0.00077634543,0.99146736,0.0002975592,0.0005039458,0.00044843755,0.0016062353,0.00084024976
syn-0372,0,0,0,1,1,0.0010029644,0.990272,0.00077314104,0.0013547533,0.00069745234,0.0009589065,0.0007125988,0.0005997754,0.00057905586,0.0011499044,0.00069609145,0.0012033256
syn-0380,0,0,0,4,5,0.0024746521,0.001310913,0.00050899293,0.0010728132,0.010904026,0.9777224,0.0008205487,0.0019080658,0.0008494943,0.0007391354,0.0006291365,0.0010597969
syn-0382,0,0,0,0,0,0.99001956,0.0012009647,0.00093371514,0.0009098616,0.0013458376,0.0010408718,0.00074514997,0.0010056507,0.000424781,0.00086989335,0.00068646425,0.00081718917
syn-0383,0,0,0,2,2,0.0008182952,0.0006530392,0.99039185,0.0011272493,0.0005483054,0.00046443284,0.0010387242,0.0014912676,0.00065335823,0.0006727826,0.0008263255,0.0013144336
syn-0419,0,0,0,1,1,0.0008842824,0.99079293,0.00067272654,0.0011589669,0.0006981601,0.0008294905,0.0006998666,0.00061974477,0.00082585326,0.0008071164,0.0011612327,0.0008495761
syn-0421,0,0,0,10,10,0.00048730327,0.0009441297,0.00060705125,0.0007875029,0.0005341536,0.000664116,0.0013766383,0.00038661962,0.0027086851,0.0021898143,0.988675,0.0006389861
syn-0425,0,0,0,5,5,0.0016746451,0.0019947686,0.00038999825,0.000798663,0.003653522,0.9837726,0.001164604,0.0010642743,0.0008610344,0.0007141712,0.00063674967,0.0032749958
syn-0448,0,0,0,4,5,0.0012405099,0.0012392991,0.00041541734,0.00071847806,0.005130485,0.9853655,0.0010266628,0.001179088,0.001120981,0.00081972673,0.0007742093,0.0009696546
syn-0452,0,0,0,10,10,0.0005509222,0.0006331793,0.00093715015,0.0006227544,0.00055905175,0.0007976826,0.0044231233,0.0004885669,0.002854389,0.001139563,0.98641056,0.0005830274
syn-0454,0,0,0,11,11,0.0006747752,0.0011361217,0.0013020932,0.00074327004,0.00083079876,0.0009160251,0.0012764409,0.0016346991,0.00044231242,0.0008681225,0.00072286854,0.9894525
syn-0455,0,0,0,2,9,0.014730548,0.08737393,0.1354596,0.09339588,0.040831536,0.018969893,0.11197144,0.1252185,0.05398745,0.21731104,0.013716979,0.08703329
syn-0457,0,0,0,9,9,0.0007649638,0.0014982292,0.0006790454,0.0010466032,0.0005701407,0.00056404894,0.0002975233,0.0012371201,0.00119818,0.99038017,0.0011220193,0.00064196606
syn-0459,0,0,0,5,8,0.080474176,0.19801186,0.004670456,0.0065799695,0.10765718,0.1478702,0.032451063,0.0030510183,0.39340925,0.0109549975,0.010473768,0.004396065
syn-0480,0,0,0,1,1,0.0013540133,0.95402527,0.002212856,0.006979418,0.004226003,0.0021573775,0.006704671,0.0008108905,0.0009260659,0.0022920354,0.004167601,0.014143632
syn-0487,0,0,0,6,6,0.0006574055,0.0006769503,0.00093893503,0.0010120139,0.0010261956,0.0015225546,0.98973805,0.00030112918,0.0020912716,0.00037003367,0.0010657727,0.0005997448
syn-0489,0,0,0,11,11,0.0010907461,0.0015591829,0.001211184,0.00085530087,0.0015423353,0.0009509013,0.002247374,0.0007174276,0.00046592817,0.001122078,0.0014257305,0.9868117
syn-0495,0,0,0,2,2,0.00079499505,0.00067305827,0.9912815,0.0013879976,0.00055040815,0.00042036732,0.0009942302,0.0010519124,0.0006246084,0.0005485301,0.00057205453,0.0011002438
syn-0496,0,0,0,8,8,0.0003767076,0.000633645,0.0005497145,0.00028602485,0.00054864184,0.00042106933,0.0011663054,0.0007120784,0.99196774,0.0013292824,0.0017359349,0.0002726604
syn-0497,0,0,0,5,5,0.001773,0.0029018507,0.00043438625,0.0007381947,0.0019634906,0.9812577,0.0021587114,0.00317231,0.0022486467,0.0009909272,0.0008596723,0.0015010564
syn-0498,0,0,0,7,7,0.00082371745,0.0009037936,0.0012529755,0.00040193816,0.00034852856,0.0016607082,0.00029435154,0.99040437,0.0018653619,0.0005865324,0.0005618636,0.00089588494
syn-0013,0,0,1,6,6,0.00063906895,0.0006191045,0.00093713263,0.000915424,0.0007094603,0.000901892,0.99170434,0.00028041817,0.0006251801,0.00043901082,0.0012456358,0.0009833061
syn-0018,0,0,1,3,6,0.0011076406,0.0009632751,0.0014894021,0.02277514,0.00321918,0.001763965,0.9646481,0.00031672514,0.00071514654,0.00078850886,0.0008630527,0.0013498401
syn-0031,0,0,1,0,0,0.9893798,0.0014160678,0.001030342,0.00095151574,0.0016532539,0.0009683895,0.0007002347,0.0010280806,0.0005272761,0.000851269,0.00064666325,0.0008471225
syn-0032,0,0,1,4,4,0.001980383,0.0017708751,0.0017383201,0.0039067394,0.94645536,0.0015243551,0.032512672,0.000773638,0.0039203544,0.0021308744,0.0009665764,0.0023198286
syn-0037,0,0,1,8,8,0.00046041314,0.0007321544,0.00044191105,0.00045504913,0.0018649489,0.000881854,0.0019127906,0.00057918177,0.98182,0.00232735,0.008225026,0.00029930408
syn-0041,0,0,1,10,10,0.0011369484,0.001365408,0.0008725802,0.002078951,0.0015113688,0.0004656922,0.0024397548,0.0004885181,0.0052906726,0.03325896,0.9494538,0.0016373742
syn-0042,0,0,1,9,9,0.000699292,0.00092234917,0.0006989506,0.0013540224,0.00080330967,0.0003296776,0.00038056992,0.00088831474,0.000999491,0.99046296,0.0013785387,0.0010825559
syn-0045,0,0,1,9,9,0.001861172,0.0040178127,0.0010776898,0.0065311138,0.001730573,0.0008376681,0.0018512023,0.0006863606,0.0036716817,0.92041045,0.056145396,0.0011789963
syn-0046,0,0,1,8,8,0.0179495,0.004591841,0.0023452828,0.0016024705,0.0041402876,0.003914208,0.004659599,0.0032977033,0.8759049,0.06995931,0.007635633,0.003999212
syn-0057,0,0,1,8,8,0.0010861648,0.0010015996,0.0006176705,0.00061346253,0.0028224604,0.0017179798,0.002604302,0.0008934549,0.9693234,0.0035795944,0.013103605,0.0026362876
syn-0059,0,0,1,3,3,0.00076288055,0.0014403776,0.0009872408,0.98961395,0.0013040556,0.00095943967,0.0012447941,0.0005586807,0.0004241925,0.0012131417,0.0006959686,0.0007952094
syn-0070,0,0,1,2,2,0.0010150394,0.00061715744,0.99003464,0.0010470046,0.00061565253,0.0003687015,0.0015159162,0.0012586192,0.00064772356,0.0007451613,0.0008597719,0.0012746997
syn-0071,0,0,1,6,6,0.0007702065,0.0005310374,0.0010340251,0.0012051015,0.0007230123,0.0009675896,0.99158406,0.00021603024,0.0006380561,0.00040676308,0.0010667834,0.0008573415
syn-0076,0,0,1,5,5,0.0046949415,0.0036155907,0.0005698392,0.0014998609,0.0033235273,0.97832423,0.0030468635,0.0006457125,0.0010158482,0.0011859086,0.0008146643,0.0012630096
syn-0079,0,0,1,1,1,0.0010060463,0.9817423,0.0008393527,0.002568167,0.0016417687,0.0028137018,0.0038051305,0.0003130312,0.001260633,0.001167604,0.0011900518,0.0016522234
syn-0086,0,0,1,10,10,0.00043590972,0.00057355233,0.00047572385,0.0004796891,0.00055971916,0.0006013713,0.0008225794,0.0006629002,0.0013505868,0.0010094459,0.99242216,0.0006063839
syn-0087,0,0,1,5,5,0.0028164443,0.0023774812,0.0008883998,0.002246562,0.0066385735,0.92691505,0.005532451,0.0021562816,0.03196605,0.0021094193,0.013849494,0.0025037746
syn-0091,0,0,1,4,4,0.0013204558,0.0005330567,0.00049734896,0.00273699,0.9885737,0.0011555244,0.001073654,0.0004939607,0.0009255477,0.0011069245,0.0006962562,0.0008866203
syn-0111,0,0,1,3,3,0.00066791393,0.0018640868,0.0018287016,0.9890027,0.001207076,0.00079433015,0.0015865142,0.00042063146,0.00046468808,0.00077517214,0.0005868474,0.00080134236
syn-0118,0,0,1,5,5,0.0012677207,0.0012949354,0.00036928823,0.00079138484,0.0024615587,0.98870915,0.0011707338,0.0010662255,0.0008085713,0.00053547777,0.0004854202,0.0010394942
syn-0128,0,0,1,2,2,0.0009067354,0.00060801074,0.99072134,0.0010681346,0.0005208215,0.00037257798,0.0012279905,0.0012106507,0.0006567746,0.00066809525,0.0008261969,0.0012125734
syn-0130,0,0,1,6,8,0.0010558228,0.0022466658,0.0011239175,0.00088045164,0.0039545903,0.0011449661,0.0066958526,0.0011316268,0.97310525,0.0018449014,0.006147461,0.0006685054
syn-0133,0,0,1,2,2,0.0020023938,0.0012472669,0.98038644,0.0016327108,0.0007935857,0.00062900526,0.0020119494,0.006088513,0.0009823429,0.00093233696,0.001369186,0.0019242733
syn-0134,0,0,1,5,5,0.0019984138,0.00070522807,0.00042069986,0.00081488944,0.003678928,0.9833846,0.0014298265,0.0022699828,0.002305308,0.00078328897,0.0011775797,0.0010311232
syn-0146,0,0,1,10,10,0.00053004833,0.00057902595,0.0005308254,0.00055467285,0.00062699406,0.00034406802,0.0007843176,0.00054500793,0.0016171924,0.001312363,0.9921566,0.00041889356
syn-0147,0,0,1,0,0,0.9872541,0.0021529633,0.0011008683,0.0013399501,0.001593563,0.000854849,0.00082049624,0.00082290353,0.0007913786,0.0015536108,0.0008054125,0.00090998213
syn-0151,0,0,1,10,11,0.0038891248,0.0072569773,0.0039081606,0.0035549477,0.008076003,0.0055087004,0.024128154,0.0041318736,0.00396196,0.007445413,0.25068563,0.6774531
syn-0167,0,0,1,0,0,0.9894019,0.0011491746,0.0010188582,0.00094275,0.0013814394,0.00108722,0.00082751736,0.0010527413,0.00066720543,0.00094736455,0.0006698168,0.00085420255
syn-0181,0,0,1,10,10,0.0014410801,0.0027346895,0.0022124574,0.0019716474,0.0029396294,0.0006482783,0.011170143,0.0016505937,0.25398314,0.009067969,0.71092343,0.0012569324
syn-0187,0,0,1,3,3,0.0007040264,0.0013560528,0.0010198607,0.9894086,0.0017522939,0.00087403855,0.0013114465,0.00048198336,0.00042618037,0.0011127386,0.0007919447,0.00076086243
syn-0191,0,0,1,4,4,0.0014242515,0.0014889631,0.0006803669,0.0054864376,0.97406536,0.0010203547,0.0035553065,0.00044445592,0.0018979147,0.0033601439,0.005406656,0.0011698424
syn-0202,0,0,1,10,10,0.0007311875,0.0006011648,0.0005798308,0.0005889618,0.0010303847,0.00047324412,0.0011203851,0.0005719574,0.0041953847,0.0044074724,0.9848418,0.0008581906
syn-0213,0,0,1,0,0,0.9883152,0.001132325,0.0009773176,0.00087691774,0.002126595,0.0010000055,0.00075153395,0.0010192312,0.0009565445,0.00087777455,0.0008794907,0.001087087
syn-0222,0,0,1,8,8,0.00032567675,0.00048414757,0.0004905726,0.0003147333,0.0010691573,0.00037229792,0.0010011976,0.0008497054,0.991912,0.0013142634,0.0016256993,0.00024060845
syn-0232,0,0,1,8,8,0.000573665,0.00094258646,0.00049356517,0.0004205228,0.0009755988,0.00064561906,0.0008994223,0.000970136,0.9897133,0.0031133415,0.001000687,0.00025159656
syn-0236,0,0,1,11,11,0.0040029543,0.017843897,0.0031373557,0.003635844,0.00912532,0.0037311635,0.005378679,0.0028426806,0.009484923,0.009552316,0.0052592154,0.9260056
syn-0237,0,0,1,4,4,0.0023932485,0.00088506046,0.0006746348,0.002255671,0.98587114,0.00087006344,0.0013247463,0.0005197923,0.00086202886,0.0013728179,0.0012174377,0.0017532908
syn-0264,0,0,1,0,0,0.9875601,0.0016725977,0.0008111885,0.0008324552,0.0024719392,0.0012625431,0.0005531825,0.0010299545,0.0012006162,0.0010219394,0.0006448439,0.00093870057
syn-0267,0,0,1,4,4,0.004266583,0.0008575473,0.00045633034,0.0014347197,0.98554623,0.0018823027,0.0007846275,0.0004805709,0.0009684128,0.00092995015,0.0011380088,0.0012547501
syn-0268,0,0,1,6,6,0.0007644719,0.00066224165,0.0010309721,0.0013032709,0.0030000154,0.0010751867,0.98732984,0.00022063493,0.0010083198,0.0006230304,0.001268427,0.0017136141
syn-0271,0,0,1,2,2,0.0011889362,0.0011207261,0.9841801,0.0027251588,0.0005676792,0.00048272495,0.0019026998,0.0019717438,0.00094282493,0.0018423597,0.0012441706,0.0018307022
syn-0272,0,0,1,3,3,0.19088933,0.10054251,0.03627212,0.3416289,0.04389295,0.004071607,0.09403679,0.0043004737,0.008928013,0.036219023,0.11864168,0.020576607
syn-0279,0,0,1,0,0,0.98947996,0.0013096214,0.00096801476,0.0008567764,0.0014611665,0.0011353215,0.00070925284,0.001063935,0.00064989435,0.0009124791,0.00053983467,0.0009138168
syn-0281,0,0,1,10,5,0.0050656577,0.013390291,0.0015815754,0.0034175683,0.055698037,0.5331133,0.009937466,0.0026720222,0.29155198,0.0143665625,0.06698812,0.0022173484
syn-0283,0,0,1,7,7,0.0007529015,0.00047115367,0.0028055757,0.00052663754,0.00041579167,0.0018930251,0.00038983798,0.98818165,0.0011463573,0.00084279804,0.001283389,0.0012907734
syn-0294,0,0,1,1,1,0.0008982189,0.99080515,0.0007063984,0.0013913586,0.0007147252,0.0011249698,0.0009381134,0.00045033154,0.0006197524,0.0008178376,0.0005512192,0.000981935
syn-0295,0,0,1,10,10,0.0005555495,0.00079462316,0.0004701095,0.00062370684,0.00088408875,0.0005193484,0.0010849946,0.00031117885,0.0015171615,0.001334892,0.9913017,0.0006027489
syn-0297,0,0,1,11,11,0.00076778437,0.001503983,0.0014331851,0.0005889682,0.0008073861,0.0015816537,0.0017113109,0.0012621593,0.0004454457,0.00065929117,0.0005315691,0.9887072
syn-0298,0,0,1,7,7,0.001033887,0.0005060954,0.0011897061,0.00051256147,0.00059516256,0.003813324,0.00038841597,0.9874658,0.0015787041,0.0007623405,0.0006870378,0.0014669853
syn-0308,0,0,1,3,3,0.0007398097,0.0014333504,0.0009796101,0.9887007,0.001569335,0.00062267814,0.0021199067,0.00038662963,0.0005901158,0.0012704983,0.0008121254,0.00077531394
syn-0313,0,0,1,11,11,0.020466633,0.25006616,0.017825184,0.013620408,0.009667752,0.013253022,0.021728186,0.013494632,0.012203295,0.016135195,0.22724357,0.384296
syn-0314,0,0,1,8,8,0.0003992042,0.0005774453,0.0005534289,0.00036029893,0.00079740904,0.00032076958,0.00089808455,0.00073892454,0.99235135,0.0011062822,0.00165607,0.00024071502
syn-0325,0,0,1,4,4,0.0046842922,0.0022322363,0.0010964376,0.08475143,0.864359,0.009375149,0.008595772,0.0008037391,0.0024805309,0.014281442,0.0040777395,0.003262189
syn-0336,0,0,1,0,0,0.98922336,0.0013732885,0.0012194912,0.0010605475,0.00126838,0.001233264,0.00087686686,0.000996049,0.000520034,0.0008338572,0.00063189195,0.00076295185
syn-0343,0,0,1,8,8,0.0011019905,0.0006805762,0.00089024304,0.00051674485,0.002671436,0.0005549279,0.000817731,0.0020224222,0.97436506,0.008587784,0.0068134284,0.0009777406
syn-0346,0,0,1,6,6,0.0008107712,0.00051674346,0.0012171861,0.0015833488,0.0007795207,0.0007038945,0.9911573,0.00023577512,0.00069061713,0.0005065013,0.0009670551,0.0008314178
syn-0348,0,0,1,9,9,0.0015709399,0.0026176954,0.00045627757,0.0010103207,0.0012896986,0.0005313628,0.0006769738,0.0006273224,0.004630796,0.9835095,0.0020746894,0.0010044182
syn-0358,0,0,1,2,2,0.0011528078,0.0008512732,0.98793656,0.0007938615,0.0004850409,0.00040054528,0.0014482413,0.0021064072,0.0009290248,0.00092404836,0.0012574862,0.0017147455
syn-0366,0,0,1,9,9,0.001560463,0.0012146966,0.0009972325,0.0031099878,0.0013504683,0.000972231,0.0014474266,0.00061257987,0.0021834804,0.97647333,0.008793268,0.001284856
syn-0369,0,0,1,6,5,0.00333691,0.012013741,0.0019407083,0.0032122103,0.006507087,0.52002317,0.43790343,0.0016713622,0.0035176023,0.0031088237,0.0028808129,0.0038841367
syn-0370,0,0,1,9,9,0.00069513614,0.0012152456,0.0006098715,0.00094782154,0.0006444673,0.00068269024,0.00034411735,0.0009258654,0.00091597263,0.9893959,0.0018659665,0.0017570374
syn-0373,0,0,1,11,11,0.0007943249,0.0017130785,0.0012691726,0.0007378659,0.0007289136,0.0009941199,0.001166508,0.00069485523,0.0002942202,0.0009837381,0.00066077313,0.9899624
syn-0374,0,0,1,8,8,0.0005238418,0.00053915236,0.00044588314,0.0004774294,0.0013736892,0.00044762826,0.0011986468,0.00060411694,0.9916129,0.0009836957,0.0015603749,0.0002326805
syn-0381,0,0,1,8,8,0.00045400477,0.0005716783,0.00043321436,0.00024253708,0.000720555,0.00053967076,0.00073908456,0.001350206,0.990146,0.00207332,0.0023910422,0.00033870823
syn-0396,0,0,1,3,3,0.00075302774,0.0010619394,0.0015899024,0.98931307,0.0012169251,0.00071504415,0.0015885627,0.0007910954,0.0005175479,0.00092578784,0.00077883055,0.0007482629
syn-0397,0,0,1,1,1,0.0009169624,0.9909486,0.00073644024,0.0011339572,0.0006168229,0.0007672738,0.00079317734,0.00055616576,0.00046833852,0.00093550456,0.00096190715,0.0011648228
syn-0401,0,0,1,11,11,0.0017710943,0.0059145065,0.0021350437,0.000818224,0.0013209943,0.001632007,0.00195612,0.0012513031,0.0003891528,0.0021285382,0.000958471,0.9797245
syn-0406,0,0,1,4,4,0.22652197,0.002637198,0.0016089411,0.008797697,0.72694993,0.0033451447,0.004954678,0.0017550378,0.0013016885,0.0057996805,0.009957542,0.006370481
syn-0415,0,0,1,1,1,0.0103982175,0.3644083,0.0055549047,0.009844834,0.035617445,0.009579287,0.0073089185,0.0066678557,0.15414958,0.046261504,0.030498702,0.3197104
syn-0416,0,0,1,2,2,0.0008747781,0.0006319277,0.9907295,0.001150155,0.00056784094,0.0003885597,0.0012191137,0.001171981,0.0006062371,0.000670061,0.0007910683,0.0011987489
syn-0426,0,0,1,10,10,0.0006295643,0.00060959894,0.00071548286,0.00056268676,0.0005512649,0.0012311232,0.0016746518,0.0008239179,0.006848238,0.00195942,0.9831761,0.0012179691
syn-0427,0,0,1,5,5,0.0018819972,0.0016097574,0.0004619921,0.0016046565,0.02093179,0.96613187,0.0019706315,0.00085639814,0.001417488,0.0008365596,0.0006216783,0.0016751095
syn-0439,0,0,1,6,6,0.0009728422,0.0010272753,0.0011172768,0.001068719,0.00085727347,0.001171468,0.98957074,0.0003058196,0.0017921723,0.00050224556,0.00068114593,0.00093306403
syn-0443,0,0,1,7,7,0.0016178725,0.0011184809,0.0016123521,0.00060662464,0.0014187333,0.015906956,0.0006185893,0.96603674,0.0034363435,0.002863297,0.0006357372,0.0041283574
syn-0444,0,0,1,5,5,0.0016813037,0.002330842,0.00068463595,0.001612951,0.0033905273,0.96309817,0.021486418,0.0009711652,0.0009711652,0.00076600746,0.00086715294,0.0021396843
syn-0449,0,0,1,11,11,0.0010033346,0.0009569212,0.0014372105,0.001544539,0.0013073176,0.00056062546,0.0015179968,0.00093201967,0.00031325634,0.0016353461,0.001534204,0.9872572
syn-0453,0,0,1,1,1,0.009580623,0.87130886,0.0024980349,0.00581946,0.006584659,0.0038728123,0.0152501045,0.002926208,0.0035887682,0.006036525,0.054463763,0.018070199
syn-0456,0,0,1,11,11,0.0012615646,0.0013150261,0.0015250847,0.0026790584,0.00283155,0.00085863366,0.0023087529,0.00078179484,0.00039774497,0.0014018901,0.0016914151,0.9829475
syn-0460,0,0,1,8,8,0.0005588415,0.0010052827,0.0005659813,0.00038596577,0.000827933,0.00042722514,0.0016477981,0.00080638804,0.990866,0.0012014047,0.0013540774,0.00035314594
syn-0465,0,0,1,7,7,0.0018524526,0.00047461808,0.0017600597,0.0006499943,0.00086828007,0.0044986554,0.0006330797,0.98481166,0.001027088,0.0009152971,0.0011460794,0.0013626653
syn-0471,0,0,1,5,5,0.0018896917,0.002735091,0.00045136854,0.0009748696,0.010914322,0.97197837,0.0011753432,0.0009873247,0.001103055,0.0012002817,0.0007738257,0.005816398
syn-0481,0,0,1,9,9,0.00085012557,0.0009730095,0.0007099598,0.0007672748,0.00066564407,0.00037030588,0.00035856245,0.0009770562,0.0017062263,0.9904661,0.0013438176,0.000811988
syn-0482,0,0,1,1,1,0.042473514,0.50767314,0.0056067905,0.30433196,0.03146362,0.0072062956,0.05531482,0.0015539115,0.0016476813,0.012044726,0.015824765,0.014858733
syn-0486,0,0,1,1,1,0.0009930279,0.9895996,0.00079442165,0.00132619,0.0006922305,0.0009824177,0.0011477218,0.00047182973,0.00075952435,0.0010534658,0.0008309222,0.0013487197
syn-0490,0,0,1,7,7,0.00091858284,0.00056371617,0.0010655747,0.00035622637,0.00081501226,0.0039552264,0.00048029216,0.98593694,0.0015516327,0.0017834131,0.0006447278,0.0019285645
syn-0009,0,0,2,8,8,0.00036492554,0.00056714285,0.00038243862,0.00029900923,0.00070203986,0.0005024607,0.0012401913,0.00056520774,0.9924148,0.001300622,0.0013780554,0.00028309628
syn-0010,0,0,2,9,9,0.00078811805,0.0010891297,0.0005659995,0.0008191131,0.00061079726,0.00041348793,0.00032869694,0.00056544703,0.0021617666,0.9904141,0.0015420482,0.00070130907
syn-0022,0,0,2,10,11,0.00245307,0.023640592,0.0024723094,0.0039085266,0.0046166275,0.005250517,0.00550787,0.0014662261,0.0013324092,0.007040805,0.031502742,0.91080827
syn-0026,0,0,2,10,10,0.00043931726,0.00046971042,0.0004773403,0.00043060977,0.00053069455,0.0004183815,0.001421947,0.0004951451,0.0016571566,0.0008335759,0.99239653,0.00042955976
syn-0038,0,0,2,5,5,0.0011479097,0.0011258444,0.00047006717,0.0013789084,0.0011052823,0.9887954,0.0012217943,0.0020067897,0.00044810335,0.00042095417,0.00046052528,0.0014183385
syn-0039,0,0,2,1,1,0.0011654666,0.9905285,0.0006663365,0.0010160417,0.0008589417,0.0013742615,0.00074262655,0.00055865117,0.00051114743,0.00070276135,0.00060759566,0.0012675753
syn-0048,0,0,2,11,11,0.00078935723,0.0013693924,0.0012378983,0.00053567294,0.0012503515,0.0011153484,0.0010836753,0.0011129004,0.00045595356,0.00073900237,0.0007580063,0.98955256
syn-0050,0,0,2,4,4,0.0023460346,0.0026261513,0.0013485306,0.0061463667,0.9679567,0.0026050783,0.00780205,0.00069078285,0.0011924006,0.0014229418,0.0013276235,0.0045353672
syn-0085,0,0,2,3,1,0.0015237994,0.9874084,0.00060449995,0.0027518442,0.0010818553,0.0014031045,0.0009903455,0.00049145496,0.00034679624,0.0014293817,0.00061762775,0.0013510005
syn-0094,0,0,2,1,1,0.0008367838,0.98352826,0.0017098577,0.0030273846,0.0008327079,0.0009417405,0.002192822,0.0010480257,0.00059221074,0.0010307705,0.0009092077,0.0033501913
syn-0097,0,0,2,10,10,0.00052902766,0.0005200635,0.00055090815,0.0005579467,0.00044701123,0.0004840429,0.001382618,0.00053867215,0.0022834507,0.0010544113,0.9912135,0.00043836524
syn-0103,0,0,2,11,11,0.004185821,0.053807545,0.0025662482,0.0025838506,0.00588353,0.0032790776,0.0028796804,0.0021088775,0.0007735432,0.0059659774,0.009428288,0.90653753
syn-0114,0,0,2,4,3,0.0033048803,0.004794506,0.0027211765,0.595118,0.3609573,0.004981847,0.015177503,0.0010099021,0.0016028247,0.004216699,0.0027238352,0.0033915231
syn-0129,0,0,2,11,11,0.0009329096,0.0018103993,0.0015545298,0.0008224862,0.000770394,0.0007518133,0.00223057,0.0007128459,0.00047346862,0.0014326245,0.0012726481,0.98723537
syn-0137,0,0,2,8,8,0.0004318083,0.00042865716,0.0004294952,0.00033383854,0.00069205224,0.0004960386,0.0008413216,0.00072261336,0.99321693,0.00093764596,0.0012104452,0.00025923311
syn-0140,0,0,2,11,11,0.0008951021,0.0010234873,0.0012947571,0.0007849266,0.000959367,0.0009683089,0.00079650915,0.0012136422,0.0003145174,0.001896088,0.0005557816,0.98929745
syn-0141,0,0,2,2,2,0.000714368,0.00060538884,0.9917617,0.0011130049,0.0004193406,0.00035554235,0.0011181798,0.00089733175,0.00057992694,0.0006152226,0.0006658642,0.001154238
syn-0143,0,0,2,1,1,0.002792113,0.9503941,0.0014163564,0.0017370518,0.0009352407,0.0024175523,0.0025286297,0.0012820731,0.028392771,0.0035555076,0.0021766243,0.0023719508
syn-0144,0,0,2,9,9,0.00071945676,0.0010465479,0.0008419519,0.0011755168,0.0006168881,0.0003701638,0.00032380986,0.0008531254,0.001235244,0.9910534,0.0009108117,0.0008531254
syn-0153,0,0,2,4,4,0.050512113,0.0036129258,0.0017301183,0.0032560474,0.48584276,0.43892238,0.0033758485,0.0022853294,0.002117716,0.0029922968,0.0013901892,0.0039622146
syn-0154,0,0,2,1,1,0.0009936072,0.99114424,0.0006044214,0.0010594985,0.00053758355,0.0010201542,0.0007202257,0.00067791215,0.00060177105,0.00079449697,0.00073550746,0.0011106159
syn-0160,0,0,2,5,5,0.0013095897,0.0017004337,0.00060760486,0.0013337899,0.00063521176,0.98812824,0.0013604286,0.0017689267,0.0008329341,0.00047482335,0.0006238388,0.0012241038
syn-0163,0,0,2,4,4,0.0011987962,0.00057927554,0.0004802363,0.0010976628,0.9896807,0.0011352745,0.00057085196,0.000748541,0.0022390995,0.0010011427,0.00047510513,0.0007933238
syn-0164,0,0,2,8,8,0.0010194924,0.00087543094,0.00058946095,0.00045683657,0.0016779886,0.003289355,0.00315024,0.0008584986,0.97991794,0.0015059765,0.0062573566,0.0004015851
syn-0165,0,0,2,8,8,0.000622918,0.0008069034,0.00077826815,0.0005225045,0.0013316585,0.0006420642,0.003577651,0.0006611529,0.9661695,0.0028160256,0.021681607,0.0003898121
syn-0171,0,0,2,6,6,0.00096830225,0.0016594486,0.00092441175,0.00122974,0.0009226081,0.0022938135,0.9830309,0.00037514104,0.006173884,0.000818184,0.00068999006,0.00091364206
syn-0172,0,0,2,10,10,0.0004026695,0.00041789305,0.00038049594,0.0004758527,0.0007018925,0.0006960904,0.0014610849,0.00041707765,0.0020429287,0.0009492385,0.99123794,0.0008167978
syn-0178,0,0,2,9,10,0.0039065024,0.008278146,0.0027138945,0.0062243114,0.030103298,0.004758384,0.0075779306,0.0024494063,0.02273426,0.36888835,0.46359423,0.0787713
syn-0179,0,0,2,1,1,0.0011045526,0.99079996,0.00066165515,0.00096364325,0.00047750407,0.00086549297,0.0009240156,0.00061793614,0.00079035235,0.00077355327,0.0006793332,0.0013419752
syn-0183,0,0,2,4,5,0.0027775806,0.0014939178,0.0007754129,0.0016994562,0.061719097,0.9230391,0.0015526704,0.0018774561,0.0014338836,0.0008302734,0.00082060037,0.0019805697
syn-0186,0,0,2,3,3,0.00073421357,0.0014682907,0.000867018,0.991335,0.00088779547,0.00066460343,0.0010430184,0.000585938,0.00035227952,0.00069107825,0.0005765723,0.00079426187
syn-0188,0,0,2,10,10,0.00083427987,0.0006936716,0.00072412746,0.0005913042,0.000822148,0.00040441751,0.0018468683,0.0006503726,0.0014179889,0.0011812721,0.9887587,0.0020749692
syn-0193,0,0,2,11,11,0.002597837,0.0080273375,0.0024428263,0.0028643326,0.01943132,0.0038713564,0.004694896,0.0021600013,0.0042852005,0.010217736,0.036820184,0.90258694
syn-0197,0,0,2,11,11,0.0016585374,0.0016476407,0.001569122,0.0012385532,0.004579369,0.0015463044,0.0011732114,0.001072402,0.0006276683,0.0013190769,0.00047703873,0.98309106
syn-0210,0,0,2,0,0,0.9747839,0.0014569663,0.0008751069,0.0011308149,0.00893372,0.00653605,0.0011154596,0.0015970421,0.0005584289,0.0007991317,0.0005628087,0.0016505562
syn-0218,0,0,2,8,8,0.00041231938,0.00056910445,0.00056633237,0.0003335805,0.0006189647,0.0009694983,0.0028495141,0.001178898,0.9876151,0.00090898236,0.0035828277,0.0003949778
syn-0225,0,0,2,7,7,0.0012965159,0.0008197012,0.0015885246,0.0005611754,0.0014246396,0.005856154,0.00028162613,0.9700585,0.0038574743,0.007788508,0.0026936084,0.0037736397
syn-0239,0,0,2,6,6,0.000678458,0.0006705537,0.0011344017,0.00126459,0.00068612036,0.001383128,0.9900068,0.00031938736,0.000542501,0.0003032771,0.001689274,0.0013215432
syn-0240,0,0,2,6,6,0.0020791378,0.0014095654,0.0016592529,0.0039349287,0.038284276,0.0041328412,0.9421498,0.0004034531,0.002124809,0.0010577798,0.0010588133,0.0017052491
syn-0242,0,0,2,0,0,0.98996943,0.0011375482,0.0008139621,0.00076989154,0.0017996919,0.0009837451,0.00063453364,0.00088225416,0.00078622723,0.00077479414,0.00057213486,0.00087581587
syn-0247,0,0,2,3,3,0.00070867693,0.0015923076,0.0011914556,0.9891593,0.0012483299,0.00075070816,0.0015363626,0.0006592706,0.00041946734,0.0009370125,0.00090862723,0.00088844605
syn-0261,0,0,2,5,5,0.0010192521,0.00084954035,0.0005273628,0.000676156,0.0013921325,0.98905957,0.002764533,0.0011586354,0.0007086055,0.00029683657,0.00044386723,0.0011035551
syn-0262,0,0,2,10,10,0.0004804143,0.0004640447,0.00046586097,0.0004239641,0.00052275945,0.00055026007,0.00092658814,0.00075358676,0.0014543508,0.0010158273,0.9924676,0.00047458554
syn-0263,0,0,2,0,0,0.9752026,0.004217168,0.0015045956,0.001154177,0.007011745,0.0016957974,0.000983371,0.0011575632,0.0027741392,0.0018908753,0.001263907,0.0011440772
syn-0278,0,0,2,9,9,0.0006318007,0.001145161,0.00057694886,0.001006907,0.0006165626,0.0005005281,0.00042396385,0.00068180653,0.0011619175,0.9910142,0.0014950536,0.0007451705
syn-0280,0,0,2,0,0,0.99028146,0.0013006412,0.0008483086,0.00074280385,0.0012463944,0.000996871,0.0007693825,0.0008082768,0.00068263436,0.0007348672,0.0006331859,0.00095517724
syn-0282,0,0,2,7,7,0.0017344664,0.00076093007,0.0009847166,0.00047478487,0.0007736682,0.00799907,0.00041777044,0.98131704,0.0014122645,0.0012659457,0.0008227616,0.0020366032
syn-0288,0,0,2,9,9,0.00073621253,0.00078254705,0.0007001019,0.0008046328,0.0005787069,0.0003834369,0.00031264662,0.00081930176,0.001654227,0.991126,0.0015031144,0.0005991214
syn-0290,0,0,2,0,0,0.7193899,0.003344475,0.0023279896,0.0033428427,0.24667975,0.007884625,0.0021826767,0.0024065839,0.004679762,0.0023439582,0.0030780672,0.0023393845
syn-0291,0,0,2,1,1,0.00090011116,0.99095505,0.0006881202,0.0010410927,0.0005332982,0.0007068504,0.0006630525,0.00068243186,0.00046788447,0.00090761384,0.00092868373,0.00152573
syn-0293,0,0,2,0,0,0.51906264,0.017537288,0.006054809,0.0058342363,0.19471869,0.020558301,0.010031555,0.0065085613,0.19778506,0.010355045,0.0053433497,0.0062105125
syn-0301,0,0,2,3,3,0.0011313853,0.0024076013,0.00097341207,0.9819655,0.0029103318,0.0031299624,0.003387603,0.00043005496,0.00048399623,0.0011143888,0.00075329724,0.00131243
syn-0322,0,0,2,2,2,0.0013432743,0.0007293901,0.9896428,0.0019629407,0.0006287736,0.00035271,0.0012210514,0.0011213205,0.0005889501,0.0005141933,0.00048398433,0.0014107069
syn-0323,0,0,2,7,7,0.00073079875,0.0005521748,0.0010125103,0.00045199422,0.00042109925,0.0019923453,0.00023737148,0.99107003,0.0012271863,0.00077660294,0.0007205234,0.0008073421
syn-0329,0,0,2,8,8,0.00052954815,0.00046459443,0.00043943978,0.00030202224,0.0006325495,0.0005167763,0.0007359232,0.00091007596,0.9907364,0.0020679825,0.0021762408,0.0004883193
syn-0330,0,0,2,0,0,0.9500743,0.0025921494,0.0009533657,0.0016384444,0.009732643,0.026951535,0.0011556074,0.00208031,0.00080911105,0.0016296678,0.0009240338,0.0014586864
syn-0334,0,0,2,6,6,0.004182679,0.005476593,0.0036145083,0.017974602,0.02450846,0.26452205,0.6637108,0.0014265635,0.0022008906,0.0021562148,0.001613354,0.008613261
syn-0335,0,0,2,3,11,0.0010609063,0.0012854902,0.001404358,0.0009028008,0.0010297731,0.0008644081,0.0012479188,0.0007422612,0.00021984095,0.001067141,0.00061716157,0.98955804
syn-0349,0,0,2,5,5,0.0010087638,0.0010151875,0.000456688,0.0006217848,0.0012008649,0.9892125,0.0006163439,0.0026590365,0.0007810363,0.0005152261,0.00059767277,0.0013149133
syn-0359,0,0,2,4,4,0.0009103099,0.00097423856,0.00060787937,0.0012849969,0.98809206,0.0011153349,0.0012731308,0.0006508869,0.0020008383,0.0009871675,0.00066893006,0.0014342178
syn-0367,0,0,2,4,4,0.00093194016,0.0006848249,0.0004385011,0.0010609365,0.9905529,0.0011134817,0.0005273859,0.0005248171,0.0019451774,0.0008855803,0.00074446003,0.00059006765
syn-0384,0,0,2,1,1,0.0012438932,0.99022627,0.00074058963,0.0009941421,0.00056066655,0.0011112139,0.0009476911,0.00065133796,0.0010678616,0.0008070488,0.0005185318,0.0011306435
syn-0388,0,0,2,5,5,0.008432933,0.002614315,0.0012211236,0.006379903,0.004945377,0.90964353,0.0069257417,0.048968527,0.003210955,0.0019685763,0.0019551653,0.003733878
syn-0393,0,0,2,2,2,0.0010243391,0.0007260106,0.9908462,0.0012071137,0.00043352073,0.000370448,0.0012590361,0.0009629826,0.0005776967,0.0006485711,0.0006057166,0.0013384282
syn-0407,0,0,2,6,6,0.000745902,0.0011766243,0.0013253387,0.0077724773,0.0009828664,0.0017007708,0.9828266,0.00023701179,0.00042251917,0.0005242954,0.001031545,0.0012540398
syn-0409,0,0,2,10,10,0.0004949232,0.0008570318,0.0005106338,0.0005911898,0.00045328093,0.00032489575,0.0009626462,0.0006002065,0.0019670408,0.004059824,0.98856735,0.0006108503
syn-0411,0,0,2,2,2,0.0006523949,0.000726379,0.99134904,0.0011387164,0.00044838403,0.0003139409,0.000915096,0.0011412211,0.0005623995,0.00077967154,0.00063821644,0.0013345892
syn-0414,0,0,2,5,4,0.002171168,0.0016348875,0.00087423803,0.003151328,0.85938966,0.12164954,0.0016736578,0.0013059942,0.002377586,0.0019490757,0.0017369329,0.002085954
syn-0417,0,0,2,7,7,0.010037907,0.007351065,0.010509368,0.007336722,0.18866302,0.19070059,0.11980445,0.22316942,0.059090715,0.014893128,0.06521611,0.10322749
syn-0423,0,0,2,9,9,0.00068332104,0.00093171175,0.0007182154,0.000994469,0.00063166016,0.0004426958,0.00041102912,0.001355798,0.0016723488,0.99031013,0.0012546738,0.0005939696
syn-0431,0,0,2,3,3,0.00072149263,0.0009859226,0.0008981313,0.99143445,0.001048357,0.00064516475,0.0009744365,0.0007200849,0.00037175545,0.0008707112,0.00062470476,0.0007047793
syn-0433,0,0,2,5,5,0.004084248,0.0021543503,0.0019123801,0.0017877643,0.010419313,0.67423785,0.0011452847,0.29169023,0.004493342,0.0028891035,0.0015517203,0.0036343795
syn-0436,0,0,2,6,6,0.0005288211,0.0006173494,0.00087721634,0.00094641506,0.00071999466,0.0007954064,0.9922788,0.0001922759,0.00083032897,0.0003666615,0.0010854014,0.00076120894
syn-0440,0,0,2,1,1,0.0018577264,0.98749477,0.0007313694,0.0011162948,0.0008255191,0.001602927,0.0012422801,0.000614673,0.0021104508,0.0009865707,0.0005329952,0.0008843563
syn-0450,0,0,2,10,10,0.000492283,0.000474118,0.000602569,0.0003869638,0.00055106165,0.0004378456,0.0007943859,0.00077088573,0.0014023838,0.0009153377,0.9924585,0.0007136494
syn-0451,0,0,2,8,8,0.0016912045,0.0014758152,0.00066845806,0.0005585176,0.001886675,0.015333359,0.0009908153,0.017944029,0.94679034,0.007997683,0.003749354,0.00091367384
syn-0458,0,0,2,6,6,0.0006238513,0.00051492313,0.0012082803,0.0010677038,0.0005705248,0.0009872235,0.9920156,0.00035080427,0.0005688558,0.0002899762,0.00093651185,0.00086570904
syn-0461,0,0,2,2,2,0.0007487768,0.00058329036,0.99217016,0.00078241574,0.0004252882,0.0003039398,0.0011206219,0.0009295955,0.0005852874,0.00056121877,0.0007077171,0.0010816455
syn-0463,0,0,2,11,11,0.00078277,0.0010090304,0.0014280943,0.00064957316,0.0007127202,0.0008749503,0.000970612,0.0014152522,0.00035196173,0.00076017,0.0006039924,0.9904407
syn-0472,0,0,2,8,8,0.00037901648,0.00034008015,0.00043369667,0.00029953406,0.000575678,0.0005881799,0.00080512516,0.0007565298,0.99318624,0.0009724712,0.0013717391,0.00029173944
syn-0476,0,0,2,7,7,0.00077748415,0.00056356675,0.0010884271,0.00059524516,0.00056246715,0.005297597,0.00027994098,0.9861572,0.0014531079,0.0014607555,0.0009454111,0.0008187846
syn-0478,0,0,2,2,2,0.0010530901,0.0008165512,0.9863527,0.0013568241,0.0005407625,0.00052617636,0.0017533979,0.002710913,0.00078068185,0.00067893084,0.0011560286,0.002273918
syn-0488,0,0,2,10,10,0.00043436678,0.00036541643,0.00043991633,0.00041731866,0.0008697668,0.0004416381,0.001173439,0.0004583349,0.0027106504,0.001118201,0.9908427,0.0007283159
syn-0492,0,0,2,6,6,0.0005555587,0.00060570927,0.0010373504,0.00096945796,0.0006304534,0.000925854,0.9922867,0.00030338235,0.0005839288,0.00035296223,0.00094538345,0.0008032185
syn-0493,0,0,2,8,8,0.00036455042,0.0003397984,0.0004766256,0.0003139554,0.00074873975,0.0005019443,0.0006721498,0.0009112366,0.9933329,0.0008802947,0.0012046897,0.00025301037
syn-0002,0,0,3,1,1,0.00096634746,0.99067384,0.0007073402,0.0010221626,0.0007177779,0.0010129707,0.0008314181,0.0005137247,0.0005341891,0.0009117976,0.00082575396,0.0012827052
syn-0005,0,0,3,11,11,0.0006560837,0.001627196,0.00121115,0.0007558855,0.0012362445,0.0016876329,0.001265252,0.0008594631,0.00029658774,0.0011173992,0.0010566416,0.98823047
syn-0025,0,0,3,8,8,0.0005968289,0.0005072646,0.0005205634,0.00034423944,0.00074458116,0.0007276882,0.0008215646,0.00091517996,0.9926509,0.0011309243,0.0007922156,0.0002479464
syn-0027,0,0,3,4,4,0.0013048075,0.00062904105,0.0004922956,0.0011137474,0.98909736,0.0020945151,0.00094384147,0.0006324288,0.0018255309,0.00053962594,0.0004186227,0.0009081269
syn-0033,0,0,3,5,5,0.001043325,0.0013605034,0.0004254704,0.00083792605,0.0013111812,0.9887255,0.0010952655,0.0016797923,0.0010367234,0.00076592644,0.0005565462,0.0011619258
syn-0035,0,0,3,9,9,0.0013181864,0.0143950125,0.00092927314,0.0028290153,0.0024186037,0.0015261392,0.0017497272,0.0006393035,0.0033131114,0.9461761,0.021821538,0.0028841083
syn-0040,0,0,3,4,4,0.0009268591,0.0008939668,0.0004699387,0.002942677,0.9865964,0.003458866,0.0011492783,0.00053563964,0.0007151728,0.0007650238,0.00056299247,0.0009832698
syn-0051,0,0,3,3,3,0.0010538893,0.0015628804,0.0007396957,0.9842136,0.0025739244,0.001020966,0.0014942264,0.00063828053,0.00063579215,0.003514275,0.0013802476,0.0011722591
syn-0054,0,0,3,5,5,0.0012049386,0.0008170957,0.0004621696,0.0009390947,0.001385776,0.98845726,0.0013550796,0.0017159113,0.0008455065,0.0006724528,0.0009923661,0.0011522896
syn-0056,0,0,3,8,8,0.00045388239,0.0006375813,0.00053794694,0.0003336928,0.0006363372,0.00039627,0.00088368246,0.0007734005,0.9927833,0.0010841652,0.001236928,0.00024270856
syn-0058,0,0,3,9,9,0.00055612315,0.0011681509,0.0005014351,0.00074980856,0.0007023194,0.00056653813,0.00037629175,0.00072249357,0.0050495,0.98700964,0.0020644835,0.0005332538
syn-0062,0,0,3,7,7,0.0015513591,0.0008166111,0.0014641428,0.00055389735,0.0006717259,0.005353651,0.00034899768,0.98401976,0.0021768447,0.0010073958,0.0007373865,0.0012982676
syn-0064,0,0,3,6,6,0.0007640286,0.00067590096,0.0016037843,0.0014377106,0.0018431298,0.00096676627,0.98627555,0.00029255252,0.0012968038,0.00047625284,0.0028310972,0.0015364249
syn-0065,0,0,3,11,11,0.0007914175,0.0010525614,0.0013636963,0.00059332355,0.0006593197,0.0010754197,0.0011253805,0.001084119,0.000297469,0.0009302439,0.0008277801,0.9901994
syn-0067,0,0,3,5,5,0.0009593567,0.0013646864,0.00047572833,0.0008555641,0.0011920454,0.98904526,0.0011409343,0.0016496463,0.00080412056,0.0006575872,0.0007835778,0.0010715469
syn-0068,0,0,3,10,9,0.0025787263,0.0020559398,0.0023251392,0.0029579683,0.007130094,0.0020579486,0.0038129715,0.0022779414,0.062354907,0.89158314,0.018306505,0.0025586584
syn-0080,0,0,3,3,3,0.0007849188,0.0013950904,0.0010794249,0.98977077,0.0014590113,0.00073844386,0.0012427139,0.0005249151,0.0005790455,0.0010626899,0.00064157107,0.0007213378
syn-0100,0,0,3,2,2,0.00080596894,0.0006460351,0.99131864,0.0010556824,0.00045232842,0.00034749025,0.0012900294,0.0010171005,0.00061046024,0.0005327129,0.0007009221,0.0012225966
syn-0112,0,0,3,4,4,0.0016526324,0.000772543,0.00069453486,0.00097563263,0.98661125,0.0016684431,0.00075133797,0.0008296274,0.0040045856,0.0007695312,0.00046765673,0.0008021417
syn-0117,0,0,3,6,6,0.0019669365,0.0023221485,0.0029556064,0.12324479,0.05664642,0.005349299,0.7881129,0.0005372056,0.0028674707,0.005331047,0.005758609,0.0049075945
syn-0123,0,0,3,10,10,0.00045404866,0.0006736668,0.00060269266,0.0006068268,0.00041788092,0.0003084271,0.0015579319,0.00040541976,0.0020053138,0.0012659712,0.99120915,0.00049262453
syn-0124,0,0,3,6,6,0.0009018147,0.00094740384,0.0012017312,0.0057950574,0.005671882,0.0016761959,0.97934914,0.00022186417,0.0007950719,0.00080091663,0.0015221005,0.0011168597
syn-0125,0,0,3,9,9,0.00094051135,0.0034672301,0.00082514936,0.0021963855,0.002882868,0.0013289266,0.00384092,0.00048460683,0.011706602,0.95481735,0.016300693,0.0012088204
syn-0135,0,0,3,0,0,0.99014205,0.0011176489,0.0010407466,0.0008448824,0.0011658653,0.000967717,0.0009261112,0.00091935287,0.00059561117,0.00064432377,0.0007813885,0.00085442426
syn-0142,0,0,3,4,4,0.0028026365,0.0010604871,0.0007043701,0.021826884,0.96319103,0.0025626773,0.0023548047,0.00068203255,0.0014291334,0.0016457258,0.0007942681,0.00094598415
syn-0145,0,0,3,2,2,0.0077791265,0.008296013,0.6296996,0.314783,0.006122326,0.0042657326,0.0057739033,0.005626398,0.0025285974,0.0037829222,0.0027934408,0.008548915
syn-0149,0,0,3,8,8,0.00073696906,0.00080900703,0.0005326363,0.00032654937,0.0006538755,0.00052029785,0.0007251892,0.00076632656,0.9916602,0.0013677934,0.0015881214,0.00031312075
syn-0150,0,0,3,3,3,0.0015330333,0.09718946,0.0023663065,0.8816018,0.0032170322,0.0020508696,0.003568763,0.0009181018,0.0010536374,0.0031348472,0.0010546668,0.0023114914
syn-0152,0,0,3,3,3,0.0013757626,0.0013943604,0.0009791409,0.9781456,0.011156539,0.0011718782,0.0012179657,0.00072799117,0.0006437059,0.0013607307,0.00079720287,0.0010291415
syn-0159,0,0,3,11,11,0.0008944799,0.0009771317,0.0015945326,0.00054518506,0.000571349,0.0010687242,0.0010932673,0.0012232062,0.0003385131,0.0010000594,0.001117828,0.9895756
syn-0162,0,0,3,9,9,0.0007498795,0.0010849588,0.00057383074,0.00066760834,0.0008243862,0.0005000155,0.00042229064,0.0008551357,0.0036802387,0.98903286,0.000987143,0.00062167196
syn-0168,0,0,3,1,1,0.0013039632,0.98472404,0.0006646998,0.002183994,0.0011496204,0.0034539877,0.0015844423,0.00049396296,0.0010431696,0.0016808752,0.0005403971,0.0011768828
syn-0170,0,0,3,6,6,0.0007227949,0.00061582896,0.0013662763,0.0013584599,0.001911764,0.0010797585,0.98790354,0.00027907075,0.0010353558,0.00056099246,0.0020140558,0.0011522066
syn-0174,0,0,3,10,10,0.00051198393,0.00072927657,0.00051675586,0.0004833186,0.0005190318,0.0004146172,0.0007916222,0.0006306741,0.0013569905,0.0011139159,0.9921496,0.0007822086
syn-0177,0,0,3,8,8,0.00043585512,0.0007081539,0.0006057161,0.0003220077,0.0005163286,0.0005275416,0.0011582503,0.0010993569,0.9922978,0.0010594374,0.0010110458,0.0002584879
syn-0182,0,0,3,6,6,0.0006418687,0.00072273024,0.0010699531,0.00093072676,0.00065038685,0.0010034115,0.9916814,0.00030054414,0.0008007711,0.0004288312,0.00087391003,0.00089550833
syn-0184,0,0,3,2,2,0.00083085825,0.00071694434,0.9909739,0.0011901495,0.00051816367,0.00037158278,0.0012172579,0.0010897454,0.00064738904,0.0005696475,0.0006881333,0.0011862331
syn-0190,0,0,3,3,1,0.0034132584,0.8295069,0.0018377219,0.13488534,0.005801897,0.0106505,0.004069209,0.0012568944,0.0011738449,0.0032379257,0.00092226156,0.003244256
syn-0198,0,0,3,0,0,0.7087072,0.024106005,0.0049124006,0.0755777,0.046562064,0.06013822,0.037104398,0.0020338425,0.0020578168,0.019559804,0.006221997,0.013018509
syn-0201,0,0,3,0,0,0.9902761,0.001120259,0.0008286531,0.0008047283,0.0014311725,0.0009768688,0.00079613004,0.00088123564,0.00065168884,0.00063040596,0.00070774707,0.00089511304
syn-0204,0,0,3,1,1,0.0013205806,0.98975384,0.00071886426,0.0010034192,0.0006331576,0.0014807866,0.0010541447,0.00063501525,0.0010865452,0.00081816746,0.00063687837,0.000858689
syn-0205,0,0,3,2,2,0.0008530574,0.0007552136,0.99073255,0.0013226127,0.00046278135,0.0003079779,0.0012436938,0.0009944076,0.0006481802,0.0005835839,0.00084311905,0.0012529127
syn-0206,0,0,3,8,8,0.0015536088,0.0015475518,0.0011877085,0.0008463338,0.0029460727,0.0015325125,0.0020332255,0.0014509537,0.87359047,0.006270425,0.10597855,0.0010625776
syn-0215,0,0,3,10,10,0.00065551104,0.0009975848,0.0005595943,0.00082299835,0.0011603305,0.00067269633,0.001423403,0.00038837746,0.0029313487,0.0072004553,0.9825585,0.0006291688
syn-0221,0,0,3,11,11,0.0014798021,0.0016922577,0.0016774494,0.0007136663,0.000634748,0.0014234592,0.0021901445,0.00091101206,0.0007769504,0.00090746034,0.00211284,0.9854801
syn-0228,0,0,3,6,6,0.0023206652,0.0013945565,0.0028586513,0.0296717,0.03607161,0.0024463283,0.9158762,0.0005055684,0.001657695,0.0016739627,0.0024703352,0.0030526917
syn-0244,0,0,3,3,3,0.00072574464,0.0013215538,0.0010385665,0.98951644,0.0015056735,0.001010553,0.0014662234,0.00045861627,0.0005467519,0.0008183707,0.0008992434,0.0006921723
syn-0251,0,0,3,10,10,0.00061201653,0.0007285642,0.0006582029,0.0007016805,0.00056491833,0.0005051548,0.0015298072,0.0005031854,0.002122631,0.0015897773,0.9899713,0.0005128593
syn-0257,0,0,3,4,4,0.0020793125,0.0018153806,0.0006493515,0.0020777902,0.96010923,0.025837133,0.0015907651,0.001192592,0.0016999881,0.0010591606,0.0006791868,0.0012101902
syn-0258,0,0,3,3,3,0.0025797396,0.0031056881,0.0015487289,0.9397723,0.010133558,0.030475609,0.0055385153,0.0011932639,0.00081453036,0.0015487289,0.0013363921,0.0019530029
syn-0292,0,0,3,11,11,0.0009364324,0.00092326576,0.0016085065,0.00059175515,0.00064109074,0.0010744117,0.0011359135,0.0013591788,0.00031860507,0.0011431469,0.00075502077,0.98951274
syn-0300,0,0,3,10,10,0.00048738066,0.0006350438,0.00058674614,0.00056841626,0.0005517356,0.0004560668,0.0008349531,0.00085767993,0.0015230189,0.001173446,0.9917333,0.000592215
syn-0303,0,0,3,7,5,0.007497692,0.0014249458,0.0027722549,0.0017977855,0.008324046,0.609554,0.0027014324,0.35140744,0.0040237713,0.0033718508,0.002706714,0.0044181696
syn-0306,0,0,3,5,5,0.0012957545,0.0009976212,0.00045252655,0.0006466337,0.002665865,0.98595876,0.0011749113,0.002923594,0.0017295574,0.000586185,0.0008214226,0.0007471838
syn-0310,0,0,3,10,10,0.00053731044,0.00062634196,0.00051900226,0.0005079707,0.00047929602,0.0004085647,0.0007632994,0.0007938996,0.0017647867,0.0017838464,0.9911247,0.0006909317
syn-0312,0,0,3,11,11,0.0011833671,0.0010458486,0.0016530008,0.0005401999,0.00095738436,0.0011528542,0.0012911353,0.0012320101,0.0007913777,0.0010981828,0.0008370867,0.98821753
syn-0324,0,0,3,7,7,0.0018071157,0.0040661893,0.0015601148,0.00080229447,0.0010241481,0.0069629904,0.0011226117,0.9503866,0.018565815,0.007318561,0.003477359,0.0029061516
syn-0327,0,0,3,1,1,0.001356413,0.98870546,0.00076255243,0.0009786587,0.0008273388,0.0010907069,0.0009480855,0.0005809697,0.0020852045,0.0009007026,0.00064244715,0.00112149
syn-0339,0,0,3,7,7,0.0014005353,0.0005840973,0.0015055615,0.00058068486,0.0005503185,0.0030485194,0.00039367913,0.9882207,0.000953655,0.0006943104,0.0007149524,0.0013530201
syn-0340,0,0,3,9,9,0.0006169027,0.0009301594,0.00056251977,0.0008552309,0.0006367962,0.000552988,0.00030898885,0.0007692489,0.0013971019,0.9910768,0.001661633,0.00063153217
syn-0341,0,0,3,8,8,0.0007148834,0.0006290368,0.00056551927,0.00038867534,0.0008423385,0.00059034856,0.00077675673,0.0008464615,0.9919926,0.001616925,0.00075728266,0.00027913338
syn-0351,0,0,3,11,11,0.0010559104,0.0023023821,0.0012665391,0.00083488616,0.0011136311,0.001482181,0.00083000853,0.0011690716,0.00027693415,0.0010294378,0.00061021955,0.9880288
syn-0355,0,0,3,5,5,0.008328218,0.011172693,0.0018099193,0.0046671466,0.06966325,0.7266169,0.010648052,0.0019247684,0.0074945847,0.0083873905,0.14561667,0.003670447
syn-0360,0,0,3,0,0,0.98767006,0.000965301,0.0007093396,0.0010924948,0.0038066707,0.0012986374,0.00071665057,0.0008556269,0.00043765214,0.0007336455,0.00068416673,0.0010298177
syn-0364,0,0,3,4,4,0.0032311992,0.0020943843,0.0007659796,0.0023767273,0.89417386,0.07692071,0.001877394,0.001344336,0.0075219404,0.0045734392,0.0024738198,0.0026462574
syn-0375,0,0,3,8,8,0.00033780158,0.00056460744,0.0004963217,0.00029840012,0.0006372897,0.0003809149,0.00094024494,0.00073208474,0.9913607,0.002334526,0.0016550228,0.0002620545
syn-0376,0,0,3,5,5,0.0010494399,0.0011938255,0.00046716648,0.0007436195,0.0010372135,0.9884687,0.0025403192,0.0015629452,0.00078810786,0.00045500958,0.00071828143,0.00097532396
syn-0385,0,0,3,5,4,0.003935339,0.002612556,0.0011598809,0.0022215822,0.7959746,0.17864966,0.0025821188,0.003163678,0.0026011004,0.0023407368,0.0011816031,0.0035770487
syn-0392,0,0,3,1,1,0.0008754136,0.99048144,0.00087669684,0.0012088808,0.0006382809,0.0007498785,0.00093872315,0.00051613897,0.0005696424,0.001019472,0.00086563727,0.0012598023
syn-0405,0,0,3,8,8,0.0004811587,0.0006821969,0.00050647085,0.00034353294,0.00059589493,0.00046544505,0.0006660684,0.0008895352,0.9925504,0.0014412168,0.001095751,0.00028230666
syn-0410,0,0,3,10,10,0.00050941535,0.0007632308,0.0006342872,0.0006611665,0.00056718494,0.00041092874,0.0011136164,0.00063739193,0.0012721005,0.0016408034,0.99006826,0.0017216476
syn-0418,0,0,3,0,0,0.9884122,0.0009942609,0.00086932955,0.0011891032,0.0023868554,0.0011882327,0.0010805783,0.0008343948,0.00050856324,0.00064351223,0.00084546796,0.0010475881
syn-0420,0,0,3,2,2,0.0009933185,0.0006670454,0.9901309,0.0010558343,0.0004947388,0.00036054748,0.0013808551,0.0013520821,0.00073727116,0.00067688845,0.0008789579,0.0012715599
syn-0422,0,0,3,1,1,0.0009298475,0.9902609,0.0009687788,0.0012252493,0.00061459164,0.0008990415,0.0010454557,0.0006151921,0.00055523735,0.0008458094,0.0008351395,0.0012047819
syn-0428,0,0,3,8,1,0.0019958362,0.98123986,0.00091331423,0.0011590561,0.0011388601,0.0015161295,0.0011601886,0.0007064442,0.0066503957,0.0010973724,0.0015347503,0.00088781177
syn-0429,0,0,3,2,2,0.0022205876,0.0020789313,0.97409827,0.0020125112,0.00083689386,0.00080561923,0.0026341178,0.005095401,0.0017180331,0.0020552129,0.0021802976,0.004264128
syn-0430,0,0,3,1,1,0.0017050885,0.9736278,0.0007281756,0.0035898983,0.0013677377,0.011890689,0.0017134346,0.00056599715,0.000575472,0.0014368806,0.000643869,0.0021549077
syn-0435,0,0,3,10,10,0.00044343655,0.0006043328,0.00048275807,0.00052020483,0.0004367749,0.0004988126,0.0009570367,0.0007426165,0.0014939132,0.001263233,0.99196714,0.0005897572
syn-0445,0,0,3,6,6,0.00096689665,0.0009105356,0.0010881732,0.0009721039,0.0008314845,0.0015025944,0.98737234,0.00036950991,0.0038976714,0.00057230814,0.0007945711,0.00072170113
syn-0447,0,0,3,7,7,0.0009262848,0.0007334675,0.0011591299,0.0005183317,0.00043477738,0.0024946518,0.0003788494,0.9888781,0.0012017784,0.0008570918,0.000781535,0.0016360326
syn-0464,0,0,3,4,4,0.0076709976,0.0009081531,0.00057725725,0.0013649644,0.98334724,0.0012184785,0.00074302475,0.00057556847,0.0008640307,0.0008297139,0.000647129,0.0012534795
syn-0469,0,0,3,9,9,0.0006331975,0.0010635174,0.00062857673,0.00076266396,0.0006974718,0.00045853123,0.0003160682,0.0008421335,0.0012233541,0.99126714,0.0009852753,0.0011222019
syn-0474,0,0,3,0,0,0.98871136,0.0012902047,0.000719511,0.0012368461,0.0021641178,0.0016106425,0.0006769088,0.0007644211,0.00051421137,0.0009216176,0.0004873212,0.0009029098
syn-0477,0,0,3,7,5,0.04068221,0.14316097,0.01819199,0.008179778,0.03658769,0.24663635,0.0068211243,0.14770538,0.04269188,0.031602222,0.0764417,0.20129871
syn-0485,0,0,3,10,10,0.00055427954,0.00058088,0.0006192499,0.0005480895,0.00061894767,0.00038827432,0.0022045625,0.0005729923,0.0040976033,0.0013579326,0.9880702,0.00038713848
syn-0007,0,0,4,6,6,0.002437667,0.0013670734,0.0011195929,0.0016530361,0.00397318,0.003682224,0.97505754,0.00030908338,0.0048751784,0.0010851467,0.0026141177,0.0018261741
syn-0014,0,0,4,0,0,0.9833061,0.0031109839,0.0009521612,0.0010911253,0.0024682865,0.002159392,0.0011197309,0.0010245171,0.0008456301,0.0013746053,0.0011423733,0.0014051432
syn-0019,0,0,4,0,0,0.9861687,0.001054437,0.0009237469,0.0013752453,0.00365349,0.0011246369,0.00092962926,0.0007418892,0.0006265663,0.0009886192,0.0017146572,0.00069830293
syn-0023,0,0,4,1,1,0.0012288082,0.98999035,0.00065982447,0.0013931023,0.0009558293,0.00078050623,0.0006470623,0.00073035917,0.00070409646,0.0011155696,0.0008163674,0.0009780185
syn-0024,0,0,4,2,2,0.0008958576,0.00062297116,0.98964894,0.001318991,0.00065478357,0.0003977285,0.0015362322,0.0012396823,0.0008168833,0.0005973528,0.0008168833,0.0014536323
syn-0029,0,0,4,2,2,0.0008830849,0.0006672387,0.9904179,0.00091200724,0.00055532536,0.00036312584,0.0014618823,0.0012388296,0.0007900476,0.0006445033,0.0009113395,0.0011545751
syn-0036,0,0,4,5,5,0.0014405852,0.0010191615,0.00041278498,0.0007481873,0.003981956,0.986801,0.0013879364,0.0007898575,0.00060236076,0.0006059006,0.0010347056,0.0011756279
syn-0043,0,0,4,9,9,0.00083354156,0.0009840721,0.00080082664,0.00073130033,0.0009927594,0.0009537954,0.00068699307,0.0014304189,0.00310228,0.9683034,0.020057283,0.0011232971
syn-0061,0,0,4,4,4,0.0013998626,0.0009550896,0.0006294289,0.0010561559,0.9887412,0.0011742067,0.0008833134,0.00065226934,0.0012582031,0.00070389506,0.0011087351,0.0014376149
syn-0074,0,0,4,5,5,0.004553198,0.002684704,0.00044841267,0.0013544933,0.0024121043,0.9798621,0.002190122,0.001344609,0.0011109164,0.0019239486,0.0007916136,0.0013237627
syn-0075,0,0,4,7,7,0.001188668,0.0008369451,0.0013937709,0.00058943976,0.0009890557,0.002481634,0.0004635611,0.9866041,0.0015841766,0.00112871,0.0011101264,0.0016298812
syn-0082,0,0,4,1,6,0.0032100047,0.112056896,0.005535568,0.0076032607,0.004957208,0.048218608,0.592898,0.0044523003,0.01250509,0.0098971715,0.16367996,0.03498587
syn-0083,0,0,4,0,0,0.986692,0.0014189603,0.00095497345,0.0012208335,0.0027511907,0.0023861944,0.0009206339,0.00064869644,0.00065123534,0.0007007234,0.0007521336,0.0009023865
syn-0095,0,0,4,11,11,0.0008827468,0.0012812571,0.0015491744,0.0007725816,0.0008220074,0.0007639537,0.0013437298,0.00096384366,0.0004314787,0.0008660958,0.0012506606,0.98907244
syn-0102,0,0,4,1,1,0.0018690669,0.98705566,0.000880087,0.001389651,0.0011092797,0.00085467723,0.0009525307,0.000877941,0.0024180142,0.0010841124,0.0007360587,0.000772891
syn-0105,0,0,4,4,4,0.0021297107,0.00091251754,0.00061323383,0.0016313121,0.9851826,0.002983277,0.0007998077,0.00054648775,0.0007542905,0.0012315294,0.001168268,0.0020469357
syn-0106,0,0,4,10,10,0.0009451914,0.0015774968,0.0016645422,0.0013658763,0.0006002137,0.00050989253,0.01510637,0.0008801553,0.016478073,0.0038574417,0.95582753,0.0011872734
syn-0107,0,0,4,10,10,0.00047245645,0.0005528972,0.0004733801,0.0003824201,0.0005221961,0.00076855946,0.0010952137,0.00050711934,0.0015348197,0.0014584694,0.991398,0.000834467
syn-0108,0,0,4,8,10,0.0014595537,0.0026701498,0.0019073385,0.0010031356,0.0030404862,0.0016394185,0.003297195,0.0017605578,0.3742806,0.0045205057,0.6027896,0.001631433
syn-0113,0,0,4,11,11,0.0010334946,0.0015208942,0.0013042288,0.0005996029,0.00070719514,0.0012607116,0.001715528,0.00064959284,0.0007847072,0.0011142051,0.0012542646,0.9880555
syn-0119,0,0,4,6,6,0.00070309424,0.0005253092,0.0010421546,0.0011419313,0.0007691874,0.0010710442,0.98906404,0.00029223587,0.000709994,0.00046200195,0.0033756343,0.00084334466
syn-0122,0,0,4,3,3,0.0007110777,0.0011525034,0.0011351897,0.9886408,0.0014275016,0.0012781991,0.0016409397,0.0007272298,0.0006361621,0.0010057223,0.0007643665,0.00088021
syn-0127,0,0,4,11,11,0.025188161,0.04308252,0.0052971556,0.012522431,0.06632148,0.016157825,0.039922714,0.0031353973,0.020706575,0.012479703,0.13023213,0.62495387
syn-0136,0,0,4,6,6,0.0008417851,0.0020787383,0.0010522323,0.002165871,0.002381395,0.00244338,0.98218644,0.00019790177,0.000983666,0.0011211899,0.0032198094,0.001327551
syn-0138,0,0,4,4,4,0.0009811834,0.0013297077,0.00096927886,0.002106884,0.984503,0.0018286221,0.0014388104,0.0008846956,0.0009565842,0.00067369855,0.0020125203,0.0023151245
syn-0156,0,0,4,6,6,0.00078649196,0.0009954334,0.00097047683,0.0018141965,0.0008862218,0.0014366814,0.98981947,0.00030589645,0.0007005459,0.00039431604,0.0011369594,0.0007534132
syn-0161,0,0,4,2,2,0.00081658957,0.00060654164,0.99074334,0.0011577776,0.0006409485,0.00036289057,0.0012361393,0.001175723,0.0006933691,0.00061189604,0.00073556905,0.0012192796
syn-0176,0,0,4,10,10,0.00041597866,0.0006676596,0.0004968898,0.0004939869,0.00074847386,0.0004279277,0.0014606186,0.0004031803,0.0020103687,0.0017539029,0.99055886,0.00056222576
syn-0185,0,0,4,7,7,0.005338677,0.0012436725,0.0038735718,0.001081577,0.0016858466,0.004981968,0.0013421067,0.9595901,0.0037594393,0.008915535,0.0020524727,0.006135036
syn-0189,0,0,4,10,10,0.00067809294,0.0010137219,0.00059841486,0.0005209283,0.0008689896,0.000918957,0.000972035,0.00042268538,0.0027508768,0.0014803342,0.988991,0.00078391755
syn-0192,0,0,4,5,5,0.0010031778,0.0012754322,0.0005720123,0.00075890403,0.000998779,0.98879135,0.0011552145,0.0016378374,0.00084085093,0.0006115857,0.000700502,0.0016542635
syn-0194,0,0,4,1,1,0.0021387362,0.98477906,0.00096907746,0.0012608331,0.0012983182,0.0009480164,0.0009077008,0.0010190615,0.0037751966,0.0012869572,0.00080969447,0.00080732576
syn-0195,0,0,4,4,4,0.003436631,0.0030700646,0.0011151661,0.0035526536,0.5264887,0.4381828,0.0051539587,0.0015227636,0.009192412,0.0033685153,0.0020976954,0.002818626
syn-0200,0,0,4,5,5,0.0025793773,0.002497578,0.00064954686,0.0011212209,0.00179105,0.97647524,0.0017125821,0.009771376,0.0008040439,0.0008978522,0.0004729039,0.0012272185
syn-0203,0,0,4,8,8,0.0003146819,0.00051227777,0.0005023694,0.00030351453,0.0005930931,0.00046190142,0.0012391716,0.00070741744,0.99271905,0.0009273888,0.0014817821,0.00023730252
syn-0207,0,0,4,0,0,0.9857568,0.0012568578,0.0008460835,0.0008997721,0.0017689951,0.0035309738,0.0010504004,0.0009728857,0.0015234806,0.0008220568,0.00078825164,0.0007832639
syn-0208,0,0,4,8,8,0.0004481418,0.00050880393,0.0005065729,0.0002967827,0.00058763486,0.00043818832,0.0012849626,0.0006134352,0.99178153,0.0012335511,0.0020792815,0.00022119728
syn-0209,0,0,4,7,7,0.0029153384,0.002033744,0.005066236,0.0009379606,0.002405715,0.026258348,0.0017912707,0.9475895,0.0030189164,0.0018891897,0.0027008587,0.003393016
syn-0211,0,0,4,0,0,0.98964524,0.0009767234,0.0010266005,0.00093701517,0.0014654301,0.0010893475,0.0007595594,0.0009597043,0.00049546285,0.0008382961,0.00073439506,0.001072197
syn-0217,0,0,4,6,6,0.0029126706,0.0015216244,0.0014371321,0.0019533276,0.0019442876,0.0022288645,0.97808707,0.00034318716,0.0015760704,0.0009130508,0.0049673365,0.0021154047
syn-0219,0,0,4,0,0,0.9897926,0.0013073195,0.0010823515,0.0010260015,0.0011763165,0.001070003,0.0007622735,0.0009114314,0.00045251506,0.00072665646,0.000792252,0.00090037315
syn-0224,0,0,4,8,8,0.00084585726,0.0007686591,0.0006098434,0.00033027344,0.0012424893,0.0006903686,0.0018487313,0.0007769607,0.98549324,0.0011972263,0.005837111,0.00035920937
syn-0226,0,0,4,6,6,0.0006361816,0.0008105165,0.001374775,0.0013119897,0.0006509504,0.00086236914,0.9901204,0.00026898197,0.0005990982,0.00041538867,0.0016661198,0.0012832804
syn-0229,0,0,4,7,7,0.002925296,0.00084365427,0.0021709783,0.00087213644,0.0008602939,0.006691167,0.00057363923,0.97718406,0.0030163133,0.0015061811,0.0014712905,0.0018850279
syn-0234,0,0,4,4,6,0.00094490836,0.00097442715,0.0014240274,0.0032024425,0.005379474,0.0016693337,0.9786791,0.00026587376,0.0034613982,0.0012499678,0.0016960357,0.0010530927
syn-0243,0,0,4,10,10,0.0005455486,0.0009813705,0.0006148761,0.0005282477,0.00054103887,0.000816171,0.0010804592,0.0005748091,0.0015217401,0.0015713874,0.9902355,0.000988826
syn-0250,0,0,4,11,11,0.0007048849,0.0011480585,0.0014468596,0.0005630819,0.0005988125,0.00082691544,0.00092564925,0.001351918,0.00038473916,0.0009899299,0.0014109297,0.98964816
syn-0253,0,0,4,3,3,0.0006103176,0.0011714026,0.0009913692,0.99060327,0.0010925339,0.0007840462,0.0014034837,0.000657659,0.00050326076,0.0006515859,0.0006745712,0.0008564935
syn-0255,0,0,4,2,2,0.0008026739,0.0005944613,0.9911299,0.0009247746,0.0005505927,0.00035531583,0.0012237076,0.0010809071,0.0007223283,0.00061995554,0.0007659168,0.0012296222
syn-0259,0,0,4,4,4,0.0007054167,0.001031903,0.0006021976,0.0021430703,0.9874977,0.001690452,0.0015941508,0.0004914994,0.001064659,0.00072568003,0.001003579,0.00144972
syn-0260,0,0,4,11,11,0.0040852744,0.013731179,0.0038415098,0.0039134533,0.011826186,0.008627437,0.0118674915,0.0036193528,0.0033868116,0.0119734425,0.057171803,0.8659561
syn-0265,0,0,4,3,3,0.0021184143,0.0017328026,0.0012668172,0.979359,0.0037727954,0.0028001121,0.004025937,0.00053067284,0.00048507424,0.0012569587,0.0010558843,0.0015955532
syn-0269,0,0,4,10,10,0.00060217106,0.0006101624,0.00070504134,0.00046057475,0.0010110353,0.0004314042,0.0007586182,0.00047149693,0.0016336768,0.0017154256,0.99083495,0.0007653151
syn-0285,0,0,4,11,11,0.00084998173,0.0010409111,0.0014097044,0.00060745457,0.00065234036,0.0008528919,0.001165765,0.00088254747,0.00049675925,0.00093946676,0.0008035686,0.99029857
syn-0286,0,0,4,8,8,0.0007857176,0.0010388758,0.00066943973,0.00049168954,0.00071610307,0.00062888046,0.004149155,0.0006668299,0.98595214,0.0024169332,0.0021321548,0.00035208164
syn-0289,0,0,4,8,5,0.15178268,0.10826253,0.008630153,0.005093262,0.018933007,0.29171288,0.021080084,0.12894215,0.16078483,0.041368637,0.020411573,0.0429982
syn-0299,0,0,4,1,1,0.0016432769,0.98360425,0.0005607372,0.002089504,0.001680194,0.0026134774,0.0007892233,0.00086763914,0.0010630536,0.0036716731,0.0005303771,0.00088648143
syn-0305,0,0,4,1,1,0.0009906207,0.99009717,0.0008610866,0.0012072324,0.0006932552,0.00069971674,0.0006841756,0.0006595736,0.00057951926,0.0010371484,0.0011404759,0.001350057
syn-0307,0,0,4,3,3,0.0017807628,0.0035410372,0.0010146481,0.9762146,0.002590362,0.0012670733,0.004894089,0.0004713946,0.000886722,0.0046859616,0.0014583925,0.001194964
syn-0321,0,0,4,9,9,0.00071174937,0.0015618316,0.00049712387,0.0015172941,0.0008256437,0.0004725095,0.0007513902,0.00033277678,0.0024703387,0.98812616,0.002114541,0.0006186806
syn-0326,0,0,4,1,1,0.0017212105,0.9854767,0.00089251634,0.0013911589,0.00093079306,0.00094130525,0.001530129,0.00072916225,0.0024198997,0.0014409367,0.0011437775,0.0013823564
syn-0333,0,0,4,5,5,0.0034177606,0.0015033509,0.0007032315,0.0017661983,0.033358272,0.9338699,0.0037610144,0.0010817661,0.014962515,0.0016927406,0.0026526726,0.0012305994
syn-0338,0,0,4,8,8,0.00051973487,0.0007882559,0.000542554,0.00038964377,0.00082206127,0.00042752226,0.0017863647,0.00063338137,0.9896203,0.0019268111,0.002161617,0.00038173443
syn-0350,0,0,4,2,2,0.00084322825,0.000616919,0.99061906,0.001158198,0.00055543816,0.00037072494,0.0013076925,0.0012061007,0.0007543901,0.0006082449,0.0006315488,0.0013284073
syn-0352,0,0,4,8,8,0.00040451737,0.00061621325,0.00059434515,0.00034905647,0.0006210463,0.00040372805,0.0010211861,0.0008626585,0.99287367,0.0009153854,0.0010720242,0.00026606733
syn-0353,0,0,4,7,7,0.0020228215,0.001248051,0.0022843357,0.0015623523,0.0014922634,0.027464429,0.0004509119,0.95314467,0.0023413636,0.0039823074,0.0019301897,0.0020763597
syn-0363,0,0,4,9,9,0.0063271853,0.00404902,0.0012712843,0.001633956,0.0032733972,0.0022663092,0.002957268,0.000976633,0.024604226,0.9433171,0.0059213904,0.0034021328
syn-0368,0,0,4,9,9,0.00086532556,0.0014162696,0.00061241037,0.000855662,0.0011380045,0.0005603354,0.0006386744,0.00045867424,0.0047215065,0.9857832,0.0018382785,0.0011116427
syn-0377,0,0,4,5,5,0.002979376,0.0032325033,0.0016737283,0.0016542288,0.0030769547,0.8569117,0.0018265994,0.11848889,0.0022184125,0.0018017964,0.0010291422,0.0051065916
syn-0378,0,0,4,2,2,0.0007939187,0.0006426211,0.9909066,0.00096846424,0.0005304155,0.00034802489,0.0013210701,0.0011713322,0.0007410984,0.0006210276,0.00074182247,0.0012136147
syn-0379,0,0,4,3,3,0.0013241152,0.0023156824,0.0012940739,0.97964454,0.0040865354,0.0011414586,0.0012390416,0.0007551953,0.000532385,0.0038044231,0.0027934166,0.0010691643
syn-0386,0,0,4,10,10,0.00058324466,0.00063963135,0.00082250684,0.00063994376,0.00072091474,0.0006657612,0.0012224313,0.00064843637,0.0013691835,0.0012733794,0.99015677,0.001257853
syn-0391,0,0,4,0,0,0.98975986,0.0011754164,0.00094909663,0.0008149827,0.00146739,0.00112598,0.0006812761,0.0009316488,0.0008217758,0.0007507973,0.0007515308,0.0007701045
syn-0399,0,0,4,8,8,0.0003597461,0.00038220047,0.0005560985,0.00025785327,0.0007095264,0.000479621,0.00084443693,0.000849192,0.99179673,0.0011867835,0.0023344127,0.0002434164
syn-0402,0,0,4,1,1,0.0030346888,0.9813984,0.0008188219,0.0015053088,0.0018029388,0.0014972453,0.001253441,0.0007982933,0.00076322595,0.0011479778,0.0023090923,0.0036706012
syn-0403,0,0,4,9,9,0.0013096627,0.0022053535,0.0005282481,0.00074786483,0.001016238,0.00046891678,0.00037752185,0.0006163795,0.0070334543,0.9834901,0.0014735723,0.0007326839
syn-0408,0,0,4,4,4,0.046873163,0.004192859,0.0036713898,0.007223417,0.88184434,0.0072800703,0.006852364,0.0018156959,0.027247583,0.003418771,0.005279606,0.004300681
syn-0413,0,0,4,9,9,0.0009322298,0.0021366323,0.00065271073,0.00066104997,0.0010213576,0.0005593846,0.00040606962,0.00081828306,0.0014900628,0.9879622,0.0016190282,0.0017409968
syn-0432,0,0,4,6,6,0.00073194515,0.0007696983,0.0010926272,0.0021356074,0.0009744161,0.0014199646,0.9892378,0.00029631075,0.00053970254,0.00034507184,0.0013425609,0.0011143135
syn-0437,0,0,4,3,10,0.0068569425,0.007701942,0.004501286,0.1101264,0.058145996,0.03707733,0.08805803,0.0021387523,0.060817573,0.02935566,0.58955216,0.005667975
syn-0468,0,0,4,6,6,0.00059030496,0.00051361765,0.0011423657,0.0015024365,0.0007058129,0.00072325673,0.9914351,0.00028783217,0.00083144783,0.00043335502,0.0011038451,0.00073071115
syn-0473,0,0,4,10,10,0.00044281717,0.0006355464,0.0005422861,0.00043958574,0.00076009246,0.00039481244,0.00093847443,0.00046293685,0.00220747,0.0016008872,0.99106544,0.00050967943
syn-0484,0,0,4,3,3,0.0007816954,0.0012483835,0.0011029056,0.990531,0.0010207684,0.0007325442,0.0013519682,0.0006019863,0.0004815886,0.0006908551,0.0006505847,0.0008057219
syn-0491,0,0,4,10,10,0.0005586027,0.0005946295,0.00046422987,0.00042913284,0.00043845226,0.0005293911,0.0009798995,0.0006784253,0.0022093162,0.002097876,0.9904426,0.0005774614
syn-0499,0,0,4,11,11,0.0010727813,0.0010675559,0.0013562883,0.00063746684,0.0008725911,0.0008054402,0.0010092622,0.00109394,0.0003558447,0.0011054848,0.00092208997,0.9897013
syn-0005,1,0,0,11,11,0.0006356963,0.0013166821,0.0013096291,0.00069647335,0.00094087544,0.0011086223,0.0010439999,0.0009923079,0.0002907589,0.0009800291,0.00083683204,0.9898482
syn-0007,1,0,0,6,6,0.0063344557,0.002402821,0.0017188967,0.0023243502,0.012528559,0.0074925683,0.88520855,0.0007885068,0.071535826,0.0028422966,0.003971266,0.0028520278
syn-0009,1,0,0,8,8,0.00039495554,0.0005472716,0.0004200176,0.00028952057,0.0006342264,0.00034854707,0.00082496874,0.00072254316,0.9933629,0.0009555797,0.0012483663,0.000251049
syn-0023,1,0,0,1,1,0.0010082937,0.99141055,0.0007250067,0.0009907247,0.0006614167,0.000600465,0.0005923114,0.0007296234,0.0005937592,0.00089090294,0.0008551013,0.0009419004
syn-0029,1,0,0,2,2,0.0007811429,0.00059877685,0.9920082,0.0008612755,0.00042855385,0.00035251875,0.0012264003,0.00092899,0.00062843267,0.0005310052,0.00077525334,0.00087933545
syn-0034,1,0,0,0,0,0.9890638,0.0011227184,0.0008622905,0.00074552186,0.0012166185,0.0017546794,0.00077219773,0.0013460163,0.0004660803,0.0007801565,0.0007477092,0.0011221705
syn-0042,1,0,0,9,9,0.0006172137,0.0011684098,0.0007024751,0.0015808793,0.0006392986,0.00044499672,0.00034185787,0.0008436312,0.0012743493,0.9906086,0.0011371715,0.0006411743
syn-0065,1,0,0,11,11,0.0007783681,0.0009686948,0.0013719695,0.00055167614,0.00055194565,0.00084449816,0.0009885243,0.0011008956,0.00034137472,0.00066479895,0.00069466524,0.9911425
syn-0071,1,0,0,6,6,0.0007128808,0.00050292304,0.0010210923,0.0012062287,0.0006426205,0.0010014037,0.9918739,0.00024224959,0.0005874027,0.0003629501,0.0010568543,0.0007894725
syn-0073,1,0,0,11,11,0.0032010793,0.009247944,0.0018596667,0.00094519835,0.0009847722,0.0018981982,0.0025294817,0.0021206974,0.0012570852,0.0017393348,0.007114921,0.9671016
syn-0082,1,0,0,1,10,0.0034094364,0.22629954,0.0049849823,0.008442557,0.0030741591,0.04051388,0.32289535,0.0037481918,0.021040145,0.01068282,0.3457402,0.009168786
syn-0087,1,0,0,5,5,0.005245036,0.0036048566,0.0022404934,0.004999963,0.009856601,0.48618,0.02180918,0.0058284486,0.07543698,0.00881816,0.36627185,0.009708528
syn-0112,1,0,0,4,4,0.0016054339,0.00083278655,0.0005972034,0.001090942,0.9841015,0.002477153,0.00077397155,0.0006629834,0.005627507,0.00080795295,0.0008063765,0.0006161607
syn-0117,1,0,0,6,6,0.0005054306,0.0005529428,0.0010900353,0.0034895907,0.0028115052,0.0008724534,0.98520607,0.00020885112,0.0010477651,0.0009291754,0.0019453344,0.0013407663
syn-0118,1,0,0,5,5,0.0013784901,0.0010997663,0.00042732313,0.0007577052,0.0016309142,0.9891594,0.00086279504,0.0016584183,0.0010188572,0.0006163108,0.00047904678,0.0009110708
syn-0123,1,0,0,10,10,0.00044945898,0.0005776806,0.0005272699,0.00053872046,0.00041914644,0.00033613647,0.0011828664,0.00036345015,0.0017441134,0.0011724442,0.99227107,0.00041751235
syn-0127,1,0,0,11,11,0.012556011,0.04583836,0.004320214,0.010808113,0.023110254,0.0073489314,0.04255948,0.0029866856,0.016492479,0.011686358,0.31309545,0.5091976
syn-0130,1,0,0,6,8,0.006672776,0.006787792,0.0071798465,0.005409058,0.0071658366,0.0036032093,0.2133384,0.0033422012,0.6494727,0.004410435,0.0846119,0.008005789
syn-0133,1,0,0,2,2,0.0014708515,0.0010318458,0.98455435,0.0013056498,0.0006004027,0.00054560625,0.0017089274,0.004432079,0.0008655138,0.0008222577,0.0010941119,0.0015683913
syn-0134,1,0,0,5,5,0.0022900573,0.0007803901,0.0006727383,0.0008421565,0.00460632,0.9783111,0.0011244265,0.0032887754,0.0036787603,0.0014367596,0.0019920664,0.0009764418
syn-0144,1,0,0,9,9,0.000695109,0.0011026751,0.0006597246,0.0013027628,0.00050336454,0.00044726473,0.0004177116,0.0006194514,0.002071163,0.98984045,0.0016948762,0.0006453868
syn-0151,1,0,0,10,10,0.0040933313,0.007920983,0.0033802604,0.0038868587,0.005020154,0.005124169,0.014643803,0.0044000885,0.0058950037,0.007617535,0.70471716,0.23330063
syn-0152,1,0,0,3,3,0.0018900245,0.0016316916,0.0010245824,0.9387955,0.047014546,0.0013895398,0.0018589061,0.00085440034,0.0010255835,0.0023196675,0.0011198026,0.0010758524
syn-0153,1,0,0,4,5,0.040401,0.0037468853,0.0017837848,0.0034907765,0.22119616,0.7126367,0.0035735574,0.00193628,0.002688259,0.0036033443,0.0014558828,0.003487369
syn-0154,1,0,0,1,1,0.0010059341,0.991508,0.0006171711,0.0008665345,0.0005425282,0.00080730463,0.00062658417,0.0005783649,0.00067419896,0.00090149336,0.0009930017,0.000878892
syn-0155,1,0,0,4,4,0.0008051869,0.0008059736,0.0003966549,0.0010384339,0.9898733,0.0014033484,0.00081866584,0.0003859558,0.0018105342,0.00065557193,0.0012678197,0.00073852035
syn-0162,1,0,0,9,9,0.0008344242,0.0012078714,0.0005165901,0.0007267324,0.0005748926,0.00039841095,0.00041509178,0.0010266099,0.0022232432,0.99037945,0.0012037499,0.00049293373
syn-0164,1,0,0,8,8,0.00066883117,0.00087359914,0.00045100963,0.00028528276,0.00082751096,0.00095969514,0.0009928219,0.00070435996,0.99036086,0.001305996,0.0023270529,0.00024306399
syn-0170,1,0,0,6,6,0.0005770035,0.00054204464,0.0011394128,0.001158628,0.0009342854,0.0008517156,0.99062425,0.00033394402,0.0009892142,0.0004995988,0.0016131185,0.0007369185
syn-0173,1,0,0,8,8,0.00043344483,0.0005373278,0.00044459122,0.0003415463,0.00062300684,0.0005102243,0.0011200923,0.0005644912,0.99260956,0.00083283935,0.00172354,0.00025932773
syn-0190,1,0,0,3,1,0.0036860583,0.86909145,0.0015931139,0.08930502,0.006556787,0.0149827795,0.0035813833,0.0013002617,0.0011632728,0.0052652312,0.0009139554,0.0025607492
syn-0193,1,0,0,11,10,0.008199898,0.014112916,0.0046630446,0.007300266,0.104791574,0.01011564,0.013303251,0.005718864,0.024986831,0.04986391,0.3950932,0.3618505
syn-0198,1,0,0,0,0,0.8029375,0.007980083,0.009095758,0.0392027,0.047565375,0.012655989,0.035921764,0.0031897947,0.0043386957,0.01335108,0.013137673,0.010623639
syn-0201,1,0,0,0,0,0.99004865,0.000991298,0.00094752107,0.0008220156,0.0012809571,0.0009850255,0.0007752346,0.0010529152,0.0007304022,0.0007211881,0.0007458999,0.0008988488
syn-0204,1,0,0,1,1,0.001201261,0.9909894,0.00068445783,0.0009187928,0.0005534795,0.000826017,0.00081122783,0.0006979576,0.0010985776,0.00078934635,0.00075540936,0.0006741754
syn-0209,1,0,0,7,7,0.0026157626,0.0020834322,0.005602161,0.0012513851,0.0018404188,0.029587055,0.0020571498,0.9394971,0.0039473902,0.0025639168,0.0046177846,0.0043364186
syn-0222,1,0,0,8,8,0.0003881468,0.00051245635,0.00043005907,0.000286761,0.0006070731,0.00038550247,0.0009768736,0.0007646071,0.99258035,0.0010202614,0.0018159286,0.00023199948
syn-0233,1,0,0,8,8,0.00040838058,0.00053890713,0.00046866815,0.0003034827,0.000625754,0.0003408817,0.0011503759,0.0006468798,0.9897111,0.0014495149,0.004136599,0.00021944592
syn-0244,1,0,0,3,3,0.0007462815,0.0010071779,0.000714196,0.98910517,0.0019575683,0.00085561594,0.0018133301,0.0003331065,0.0005214974,0.0009019472,0.0014244288,0.00061959604
syn-0248,1,0,0,6,6,0.0012596621,0.001331118,0.0023225364,0.0018216452,0.0011598887,0.0015494108,0.92335284,0.00071948825,0.001419045,0.0009815049,0.06258998,0.0014929669
syn-0251,1,0,0,10,10,0.0004826787,0.0005654118,0.0006261595,0.000600117,0.00042846563,0.0004765897,0.0014922097,0.00047752145,0.002271463,0.001341287,0.990836,0.00040211336
syn-0252,1,0,0,8,8,0.00058354315,0.0007219884,0.0007059526,0.0004121808,0.0007944993,0.00037566156,0.0023943367,0.00073622825,0.9767343,0.0023690432,0.013850969,0.00032132037
syn-0254,1,0,0,7,11,0.014140146,0.023222268,0.026045833,0.006361027,0.012799532,0.040232997,0.020018848,0.17463355,0.20416732,0.045336753,0.053835444,0.37920633
syn-0263,1,0,0,0,0,0.9842903,0.0028437371,0.0013487084,0.0010032543,0.0026970014,0.0010752841,0.00073256437,0.0010180585,0.0020681152,0.0010837177,0.0008940574,0.0009452353
syn-0267,1,0,0,4,4,0.0046447073,0.00056181854,0.00038462647,0.0011418527,0.9864639,0.0017303117,0.0006366238,0.00047263684,0.0008242548,0.0007224468,0.0013807041,0.0010361213
syn-0269,1,0,0,10,10,0.000474933,0.0005303437,0.00051177276,0.0004388125,0.00059366686,0.0003637883,0.00084976584,0.000465747,0.0014493876,0.0015417355,0.9922248,0.00055525295
syn-0272,1,0,0,3,3,0.009579067,0.005263011,0.0062732934,0.93439806,0.008056544,0.0015641217,0.018164566,0.000638164,0.0013404797,0.005738105,0.004733885,0.004250685
syn-0278,1,0,0,9,9,0.00069010997,0.0013062457,0.00057548337,0.0015016455,0.0006252916,0.0005931717,0.00050538854,0.00075682806,0.0012374838,0.98994595,0.0015651856,0.0006972227
syn-0283,1,0,0,7,7,0.00092012255,0.0004904662,0.002334178,0.0005541452,0.0004426668,0.0029163007,0.00045940254,0.98734844,0.001137032,0.0007641131,0.0015353294,0.0010977528
syn-0284,1,0,0,0,0,0.98201156,0.0016758359,0.00087217597,0.0007666918,0.0018468475,0.0014923399,0.0008209353,0.0009016211,0.0046668393,0.0021851684,0.0016418181,0.0011182567
syn-0303,1,0,0,7,5,0.007883655,0.0013874768,0.0030602678,0.0016605923,0.005340211,0.6380051,0.0025569494,0.32841688,0.003914142,0.0026744315,0.002044559,0.0030557886
syn-0308,1,0,0,3,3,0.0006614207,0.0011557394,0.0008369311,0.9904489,0.0012688666,0.00050073134,0.00149395,0.00047826808,0.0005488728,0.0012016321,0.00073319924,0.0006715086
syn-0310,1,0,0,10,10,0.00048810395,0.00046100066,0.0004534105,0.00047285564,0.00040742802,0.00038612203,0.0008771781,0.0007701483,0.0016043433,0.0021536157,0.99126714,0.00065874273
syn-0311,1,0,0,9,9,0.0010296991,0.002024067,0.00079220085,0.002037951,0.0008898259,0.0006157628,0.0007708325,0.0005974009,0.0008528173,0.9853887,0.0026468188,0.0023539856
syn-0323,1,0,0,7,7,0.00072681875,0.00056246534,0.0009763715,0.00043421527,0.00045283715,0.0027984518,0.00031001674,0.9895303,0.0018072575,0.00089160464,0.00073287706,0.0007767227
syn-0325,1,0,0,4,4,0.0026907464,0.0023687852,0.00076230254,0.013090018,0.9435807,0.015522026,0.0054169106,0.0010898173,0.0025475475,0.007218412,0.0029929634,0.0027198067
syn-0333,1,0,0,5,5,0.0062967357,0.0020140319,0.0009931311,0.0049098926,0.21571688,0.73980653,0.0030234202,0.0018681403,0.013490614,0.0037811247,0.005546007,0.002553445
syn-0353,1,0,0,7,7,0.0028597552,0.0015281028,0.0022298999,0.0019241718,0.0018504581,0.07164212,0.0005239885,0.9040091,0.00359746,0.005444777,0.0021570758,0.0022331688
syn-0363,1,0,0,9,9,0.0042007333,0.0038623456,0.0012251721,0.0015217762,0.0019731747,0.0017159989,0.0020189811,0.0011464555,0.043997638,0.93156904,0.0039888425,0.0027799064
syn-0371,1,0,0,6,6,0.0005334023,0.000643406,0.0011388683,0.001098821,0.0005516796,0.00060501456,0.99163264,0.00029877358,0.00055600645,0.00040877407,0.001723947,0.0008085897
syn-0373,1,0,0,11,11,0.0007801514,0.0016620975,0.0012908924,0.0006669731,0.0005608256,0.0009591342,0.0010857806,0.0007748365,0.00029323445,0.0008402561,0.00057862804,0.9905071
syn-0376,1,0,0,5,5,0.0010033759,0.0009851707,0.0004846089,0.0007458276,0.0009849302,0.9889865,0.001959724,0.0020209453,0.00080564484,0.00050342164,0.0007102851,0.00080958824
syn-0377,1,0,0,5,5,0.0023245667,0.0025006023,0.0010775983,0.0012697211,0.0022729365,0.9302719,0.001275936,0.051972326,0.001943671,0.0016536046,0.0007362949,0.0027008269
syn-0382,1,0,0,0,0,0.9902022,0.0011742205,0.0008932999,0.00089242787,0.0014057868,0.001048205,0.0006318998,0.0009994718,0.0005365483,0.00080270617,0.00069163815,0.00072165224
syn-0384,1,0,0,1,1,0.0011848672,0.9911628,0.00075591065,0.00095883216,0.0005667041,0.00083549204,0.0007566491,0.00061967346,0.0009928982,0.00080820656,0.0006047279,0.0007533314
syn-0397,1,0,0,1,1,0.0009452734,0.9913237,0.00071579794,0.0010463222,0.0005314167,0.0006419505,0.00068602734,0.0006243301,0.00048150355,0.00088821905,0.0010082055,0.001107297
syn-0405,1,0,0,8,8,0.00042342694,0.0005471531,0.00043900637,0.000273385,0.000489269,0.00033990102,0.0006160826,0.0008794864,0.99266315,0.001724896,0.0013484434,0.0002558202
syn-0410,1,0,0,10,10,0.00067463325,0.00069130654,0.0007456579,0.0007063195,0.0007294525,0.00043813567,0.0009907344,0.0006251536,0.001256617,0.0018169088,0.98972744,0.0015977503
syn-0416,1,0,0,2,2,0.00075783284,0.0005949751,0.9919865,0.00094267784,0.0004670013,0.0003898133,0.0010104819,0.00093602715,0.0005820445,0.000612963,0.0006768338,0.0010426854
syn-0421,1,0,0,10,10,0.00046973233,0.00076618284,0.0005654997,0.0007847354,0.00044386584,0.00046019725,0.0012993099,0.00040890835,0.0026021078,0.0018002284,0.99002284,0.00037633636
syn-0427,1,0,0,5,5,0.002185755,0.0016943899,0.0006328381,0.0015480416,0.028840924,0.9550802,0.0018169276,0.0010691602,0.0030121997,0.0013397185,0.0011622637,0.0016175876
syn-0437,1,0,0,3,3,0.004827378,0.00340645,0.00353869,0.44095898,0.07692709,0.004579405,0.018769132,0.0018197836,0.0137653565,0.027308926,0.39915207,0.0049466845
syn-0439,1,0,0,6,6,0.0011541009,0.0010739035,0.0011572044,0.0009936835,0.0008920379,0.001418356,0.98639226,0.0005040663,0.0041652196,0.00050161104,0.0008335032,0.0009140842
syn-0448,1,0,0,4,5,0.0018921552,0.0012815474,0.0005511866,0.0010152735,0.0148974955,0.97253305,0.0011887149,0.0011651539,0.0018379738,0.0013177163,0.0012139372,0.0011058421
syn-0449,1,0,0,11,11,0.00088075455,0.0009948631,0.001326696,0.0008889636,0.00075077877,0.0005495497,0.0013666394,0.00095185783,0.0003678709,0.0010329796,0.001153498,0.9897355
syn-0450,1,0,0,10,10,0.00047541232,0.00052086514,0.0005558133,0.00041425726,0.00040803396,0.00044967202,0.00085062353,0.0006264453,0.0012313207,0.0011090838,0.99274135,0.0006170344
syn-0451,1,0,0,8,8,0.0007550157,0.00086562976,0.00041371447,0.00030003133,0.00084145874,0.0020543505,0.00052298413,0.0043938844,0.9832449,0.0045377905,0.0016105112,0.0004597325
syn-0455,1,0,0,2,9,0.017308563,0.08649512,0.12414076,0.14379503,0.018926382,0.011153442,0.041505877,0.099506676,0.037985787,0.37224814,0.008128219,0.03880598
syn-0473,1,0,0,10,10,0.00039765562,0.0005905735,0.00048366238,0.00046016375,0.00049755565,0.0003371565,0.0008447192,0.00046513358,0.001657518,0.0014563404,0.9923706,0.00043909132
syn-0474,1,0,0,0,0,0.98899555,0.0012975261,0.00081674266,0.001291206,0.0016043347,0.0014898016,0.0007023593,0.0008800961,0.00057045673,0.0010380198,0.00046832932,0.000845554
syn-0478,1,0,0,2,2,0.0010624067,0.0008066594,0.98637134,0.0015733971,0.00062121113,0.00052979565,0.001545604,0.002695126,0.00086162443,0.0007167574,0.0011554862,0.0020605056
syn-0480,1,0,0,1,1,0.00297026,0.61562246,0.0077760764,0.0284854,0.030219087,0.0054524844,0.043925595,0.0024744852,0.0026238065,0.0057141553,0.009379739,0.24535646
syn-0482,1,0,0,1,1,0.0031054805,0.9806085,0.0010172264,0.0040389546,0.0012997822,0.00095839944,0.0014143492,0.0010102964,0.0005864302,0.0020363752,0.0016551572,0.0022689693
syn-0484,1,0,0,3,3,0.0006547972,0.001159916,0.0009611348,0.9916044,0.0009077652,0.0006014628,0.0010737951,0.0005124527,0.00045157594,0.00074926385,0.0006922794,0.00063125155
syn-0495,1,0,0,2,2,0.000847354,0.0006549443,0.9913429,0.001429308,0.00054190843,0.00039957822,0.0010836499,0.0008969529,0.0005893861,0.00055665884,0.0005896739,0.0010676312
syn-0496,1,0,0,8,8,0.00046428503,0.00058234384,0.0006408301,0.0003184755,0.0006834937,0.00033441198,0.0016529297,0.0006614951,0.9862168,0.0021053087,0.0060800263,0.0002596784
syn-0002,1,0,1,1,1,0.0011533975,0.99061614,0.000648104,0.0011253045,0.0007492485,0.0010602273,0.0006693303,0.0004887371,0.0005013052,0.0010625595,0.00069091446,0.0012346989
syn-0004,1,0,1,10,10,0.0009584049,0.00067103753,0.0012457306,0.0008717858,0.000818967,0.0006032789,0.00497531,0.0012156854,0.015452773,0.0028838858,0.9691897,0.0011133988
syn-0011,1,0,1,10,10,0.0022585879,0.004158238,0.0023554503,0.001693257,0.0029630647,0.00277269,0.0105011305,0.0023785655,0.43209526,0.012224725,0.5232463,0.0033526777
syn-0015,1,0,1,6,6,0.0009775418,0.0021529447,0.0009765876,0.0011273434,0.00086817105,0.002767137,0.9875771,0.00031335783,0.0009102798,0.00052889145,0.000902755,0.0008979193
syn-0017,1,0,1,3,3,0.000738832,0.0011893293,0.0010490671,0.98980767,0.0012113071,0.0008537188,0.0011907821,0.0007891754,0.00047516605,0.001283149,0.0007302244,0.0006816417
syn-0031,1,0,1,0,0,0.9902772,0.001273923,0.00089118903,0.00077125983,0.0013381598,0.00096808537,0.0006622754,0.0010150402,0.00056343974,0.0007381005,0.0006694281,0.00083189725
syn-0036,1,0,1,5,5,0.0018194214,0.0016128038,0.00044562353,0.00093148416,0.008310339,0.9804467,0.002011459,0.00067750696,0.000822835,0.00074482284,0.0008918716,0.0012850547
syn-0051,1,0,1,3,3,0.0008400346,0.0013560414,0.0008503518,0.99024606,0.0011978715,0.00067696715,0.0010207238,0.0007011901,0.00049673294,0.0012734166,0.00059017306,0.00075043284
syn-0058,1,0,1,9,9,0.00074723153,0.0013837965,0.0004608058,0.0007615974,0.000796201,0.00067046843,0.00030967264,0.000764205,0.003930537,0.9874672,0.0021637704,0.00054455496
syn-0062,1,0,1,7,7,0.0012616038,0.00067224476,0.0016840509,0.0005261074,0.00045220612,0.0020138235,0.00031816674,0.98911685,0.0015833719,0.0008309225,0.00059528503,0.0009454745
syn-0063,1,0,1,1,1,0.0013739418,0.99054,0.000722251,0.0011222003,0.00073219335,0.00082725665,0.0007817025,0.00046450231,0.0005958506,0.00095449394,0.0008510197,0.0010345768
syn-0067,1,0,1,5,5,0.0010202401,0.0013175518,0.00046482476,0.0007359286,0.001339199,0.9892936,0.001035295,0.0017578745,0.00076300604,0.0005648073,0.0006319368,0.0010757482
syn-0068,1,0,1,10,9,0.007927619,0.004451336,0.0061379657,0.008471935,0.022558888,0.0050292686,0.015862476,0.0034734814,0.1418994,0.59858674,0.17832968,0.0072712414
syn-0069,1,0,1,11,11,0.0009852612,0.0015663914,0.0013632321,0.0007444407,0.0016110911,0.00074262556,0.0010789321,0.0007268408,0.00040159567,0.0010726288,0.0011123661,0.98859453
syn-0086,1,0,1,10,10,0.00049704406,0.00057042064,0.0004596906,0.00046329602,0.00056819676,0.00060042844,0.00087993295,0.0007410683,0.0013366697,0.0009694894,0.99231887,0.00059488387
syn-0093,1,0,1,5,5,0.0010611094,0.0016269606,0.00047132446,0.00073000166,0.0016434783,0.9846859,0.005399293,0.0010254537,0.0008702913,0.00053355924,0.00068443496,0.0012681227
syn-0094,1,0,1,1,1,0.0008922636,0.98567873,0.0012601379,0.002148282,0.0007131134,0.0010668573,0.0022460273,0.00068378827,0.0005542896,0.0011334477,0.00094195816,0.0026810968
syn-0098,1,0,1,10,10,0.00046218548,0.0011168757,0.00040787726,0.00044621908,0.00081872125,0.00074654695,0.0010082744,0.0005845425,0.002115322,0.0012570024,0.99042374,0.00061259535
syn-0114,1,0,1,4,3,0.0022806658,0.0017546342,0.0012644328,0.9309319,0.05050759,0.0018650643,0.0034733575,0.00088013406,0.0011290114,0.0023496177,0.0022137375,0.0013499309
syn-0119,1,0,1,6,6,0.0007097856,0.0005357743,0.0010294595,0.0009867639,0.0006166725,0.00081000716,0.99167484,0.00032975877,0.0005745213,0.00040324056,0.0014909228,0.0008383763
syn-0122,1,0,1,3,3,0.0006271742,0.0009633565,0.0011287554,0.98953843,0.0014710966,0.0010434185,0.0014573339,0.0007180062,0.0005537496,0.0009898201,0.0007680548,0.00074079825
syn-0125,1,0,1,9,9,0.0021161402,0.0063889767,0.0011205857,0.0025117518,0.003931333,0.0020430372,0.004589466,0.00051908905,0.0074458024,0.94589615,0.020734943,0.0027026224
syn-0137,1,0,1,8,8,0.00045946022,0.00048813858,0.00047288917,0.0003301298,0.00066949066,0.0005065934,0.00073816953,0.0009090731,0.9927906,0.0011644266,0.001210572,0.00026039022
syn-0141,1,0,1,2,2,0.0008733758,0.0006522146,0.9905912,0.0010792653,0.00057165616,0.00037325738,0.0011788476,0.0012944737,0.00064619177,0.0007004078,0.0007932786,0.0012457193
syn-0148,1,0,1,7,7,0.0015629941,0.0027351156,0.0029300551,0.00078209466,0.0021859545,0.016065618,0.0011948835,0.9475028,0.0064515984,0.00481157,0.0047212434,0.009056107
syn-0161,1,0,1,2,2,0.0008587694,0.00063865085,0.9910555,0.0010258069,0.00060230505,0.0003101915,0.001296702,0.0012403083,0.00055297615,0.00063399033,0.00071420806,0.0010705838
syn-0167,1,0,1,0,0,0.99050057,0.0010477531,0.00087031606,0.00071033125,0.0010958932,0.0010214848,0.0007386276,0.0010892249,0.0006499297,0.0007371864,0.000695233,0.00084353925
syn-0184,1,0,1,2,2,0.00084400084,0.0007220884,0.9912846,0.000936736,0.000565944,0.00029576622,0.0011353113,0.001166641,0.00062096125,0.0006298167,0.0007428305,0.0010553884
syn-0186,1,0,1,3,3,0.0009705697,0.0019685186,0.0008064005,0.9894308,0.0012944576,0.0008791946,0.0011433314,0.0005110798,0.00039493185,0.0012040659,0.0005707078,0.00082592684
syn-0207,1,0,1,0,0,0.98840415,0.0009908603,0.00071683316,0.00084011146,0.0014184759,0.0029380096,0.00077394693,0.0010906409,0.0008392914,0.0006813403,0.0005785284,0.0007277662
syn-0213,1,0,1,0,0,0.98970324,0.0010326939,0.00087046507,0.00073157484,0.0015460051,0.0009302319,0.0006987556,0.0010507506,0.0009131309,0.0006990969,0.0008367095,0.00098733
syn-0218,1,0,1,8,8,0.0004487858,0.0005768154,0.0005596149,0.0003318848,0.0009454519,0.00088254985,0.001906604,0.001005937,0.98933464,0.0009944602,0.0025744003,0.00043881804
syn-0219,1,0,1,0,0,0.9905468,0.0009440714,0.0008526893,0.0008560266,0.0012468805,0.0010591182,0.00071803643,0.00096693146,0.00046495933,0.00071803643,0.00079673657,0.00082968944
syn-0226,1,0,1,6,6,0.0006348929,0.0005398801,0.0010902218,0.0009904492,0.00062688376,0.0006884971,0.99198204,0.00028297282,0.00052148424,0.00036263536,0.0012732375,0.0010067837
syn-0240,1,0,1,6,6,0.002813918,0.0018092772,0.0012643131,0.0036062023,0.026431806,0.004998015,0.951988,0.0003156358,0.00249482,0.0016099905,0.0009914021,0.0016765794
syn-0246,1,0,1,8,8,0.010570485,0.073488556,0.0038493755,0.0038306254,0.0023030608,0.0029891266,0.016337572,0.0029341758,0.86603606,0.0044719,0.01172092,0.0014682097
syn-0253,1,0,1,3,3,0.0005738647,0.0010320554,0.00095309806,0.9910251,0.001108857,0.0007695844,0.0013522608,0.0006395674,0.00042938523,0.00070793653,0.0006888412,0.0007194362
syn-0257,1,0,1,4,4,0.0051548714,0.004463893,0.0010735517,0.0032207214,0.71406394,0.25460735,0.003344118,0.0027696649,0.00398289,0.0027240638,0.0017665339,0.0028284318
syn-0259,1,0,1,4,4,0.0008562013,0.0005717472,0.00054716563,0.001694776,0.98833317,0.0017117634,0.0014467019,0.00043794594,0.0013547441,0.0008437508,0.0010128003,0.0011892983
syn-0261,1,0,1,5,5,0.0011468796,0.0009554505,0.00052252214,0.0006834969,0.0027972772,0.98622143,0.0034676956,0.0011432455,0.0008669793,0.00039480577,0.00045798274,0.0013423121
syn-0268,1,0,1,6,6,0.0008608539,0.0006934064,0.0010850378,0.0012455215,0.003280711,0.0010399102,0.98693395,0.00025809684,0.0010353504,0.000549602,0.0011194806,0.0018980346
syn-0275,1,0,1,0,0,0.98995227,0.0010819978,0.0008017202,0.00086940953,0.0011250996,0.001498542,0.0008455458,0.001053584,0.0006090238,0.00068440964,0.0007346229,0.0007436455
syn-0281,1,0,1,10,5,0.005371132,0.011250566,0.0014813483,0.002490501,0.02681466,0.59412706,0.011298736,0.002849802,0.29239595,0.008797317,0.041228283,0.0018946732
syn-0285,1,0,1,11,11,0.0008991909,0.0010011626,0.0015374374,0.0006429366,0.00084018684,0.00090890226,0.0013830373,0.0008155307,0.00051359594,0.0011753457,0.00082393613,0.9894587
syn-0290,1,0,1,0,0,0.98379105,0.0008883832,0.00082765997,0.0012007152,0.004947751,0.0032361117,0.00064615783,0.0010905978,0.00080533524,0.0006411294,0.00078821764,0.0011368144
syn-0292,1,0,1,11,11,0.00084324507,0.0010438138,0.0014607811,0.0005784224,0.0007632977,0.0010126876,0.001069089,0.0011220381,0.00036445033,0.00088803866,0.00069907465,0.9901551
syn-0302,1,0,1,10,10,0.00046855272,0.0005414116,0.0005034205,0.00047153636,0.0004850813,0.0004341876,0.0010354136,0.00067560957,0.001557854,0.0010319123,0.99237037,0.0004247514
syn-0304,1,0,1,1,1,0.0011865603,0.99064225,0.00063745,0.0011570944,0.0005843861,0.001005301,0.0010057921,0.0005669598,0.0006242056,0.0008317977,0.0007894552,0.0009686787
syn-0306,1,0,1,5,5,0.0013014907,0.0011422696,0.00045027756,0.0005315939,0.0026006752,0.98682404,0.0010060824,0.0025591052,0.0014448457,0.00046775758,0.0007614731,0.0009104744
syn-0313,1,0,1,11,11,0.015731268,0.119461484,0.033528462,0.018472716,0.010706861,0.0131119145,0.054480225,0.010950068,0.0085529415,0.011736241,0.27265015,0.43061766
syn-0314,1,0,1,8,8,0.00043511373,0.0005727846,0.00046272404,0.0003100521,0.00069905433,0.0005010574,0.0006560598,0.00084054854,0.9925466,0.0014206872,0.0013122179,0.0002431251
syn-0322,1,0,1,2,2,0.0019258133,0.0008603313,0.9872984,0.002201228,0.00088720775,0.00042944486,0.0014613306,0.0015349238,0.00061997597,0.00059914344,0.0005927418,0.0015894576
syn-0324,1,0,1,7,7,0.0015902787,0.0034137974,0.0013450468,0.0006889983,0.00092805433,0.007904442,0.0014515046,0.95794284,0.014278195,0.0055357316,0.002626411,0.0022947146
syn-0335,1,0,1,3,11,0.0017185444,0.0015820381,0.0016705574,0.0023737613,0.003490251,0.001388665,0.00152515,0.0008155572,0.00025939805,0.0030058476,0.0008588802,0.98131126
syn-0343,1,0,1,8,8,0.00081322074,0.00054757245,0.00064142863,0.0004149471,0.0015338315,0.00071138487,0.00073039153,0.0017721225,0.9842502,0.00447419,0.0034514829,0.0006592096
syn-0346,1,0,1,6,6,0.00077045424,0.00052939565,0.0011534516,0.0016026313,0.00068408606,0.0005577898,0.99141884,0.00030223027,0.0006847545,0.00044710384,0.001105445,0.0007438386
syn-0348,1,0,1,9,9,0.002006677,0.003084192,0.0005204147,0.00097036554,0.0017307086,0.00093228056,0.00059433223,0.0007498404,0.0070211114,0.9793703,0.001914317,0.00110549
syn-0349,1,0,1,5,5,0.0011307927,0.001103924,0.0004116008,0.0007084099,0.0018365784,0.9887866,0.00072556356,0.0020200438,0.000769723,0.0005259317,0.00048309352,0.0014979198
syn-0350,1,0,1,2,2,0.00083253015,0.00066472386,0.9910306,0.0011643504,0.00053385994,0.0003276193,0.0012930338,0.0012535191,0.0005831896,0.00058948813,0.0005738678,0.0011531758
syn-0351,1,0,1,11,11,0.0009254524,0.0022070748,0.001570984,0.0009336221,0.0019098308,0.0015771326,0.0010538079,0.0012811046,0.00033517662,0.0010159144,0.00064670114,0.9865432
syn-0354,1,0,1,8,8,0.000535993,0.0006091417,0.00056917034,0.00041398115,0.00078483135,0.00059126585,0.00070146023,0.0009765,0.99256426,0.0010888326,0.00088327186,0.00028121
syn-0356,1,0,1,8,8,0.00080513215,0.0015256358,0.0005208486,0.0004280202,0.0015763721,0.00055715436,0.002570601,0.0005844632,0.98787457,0.0012285793,0.0017954451,0.0005332002
syn-0357,1,0,1,3,3,0.0008605789,0.0014846799,0.0015242542,0.98854756,0.0013924312,0.0006141277,0.0016148416,0.00041351555,0.00033226906,0.0015699541,0.00087626785,0.0007695369
syn-0367,1,0,1,4,4,0.0014252774,0.0007071155,0.0004481551,0.0012738729,0.98794425,0.0018509871,0.00066168373,0.0004140711,0.0029611203,0.0008655304,0.0007679415,0.00068002637
syn-0372,1,0,1,1,1,0.0011602171,0.98920155,0.0006091565,0.0014208338,0.00091534574,0.0010885934,0.00073910103,0.00047673372,0.0005375788,0.0017154225,0.00067823724,0.0014573714
syn-0378,1,0,1,2,2,0.0008472092,0.00068075175,0.9909315,0.0009827797,0.00056216266,0.00031228017,0.0013266787,0.0011782454,0.0006171136,0.000633911,0.00078968576,0.0011376811
syn-0380,1,0,1,4,5,0.0025803633,0.0011022398,0.0004478529,0.00077118,0.004805478,0.98438984,0.00084987545,0.0018961484,0.0009513507,0.0007007973,0.00052564236,0.0009791563
syn-0381,1,0,1,8,8,0.00056116865,0.0005789821,0.00046205582,0.00026637482,0.00060322316,0.0011562323,0.0008407704,0.0022582726,0.9891794,0.0019548493,0.0017239909,0.00041458878
syn-0408,1,0,1,4,4,0.052169845,0.004026837,0.0036131602,0.0078438455,0.88324815,0.008273635,0.005723289,0.0020071024,0.017950358,0.0035885451,0.0077071707,0.0038480675
syn-0415,1,0,1,1,11,0.0055494094,0.075567,0.004296635,0.005479404,0.038445376,0.008082232,0.0041725836,0.0035585589,0.03424415,0.022204349,0.023182068,0.7752183
syn-0423,1,0,1,9,9,0.00080836023,0.0010669886,0.0006425955,0.000906205,0.000577145,0.0004888609,0.00044948104,0.0011132914,0.001939392,0.98990005,0.0014739715,0.0006335604
syn-0426,1,0,1,10,10,0.0005785085,0.0005756906,0.0006104303,0.00055309583,0.0006146175,0.0011421058,0.0019613742,0.0008868708,0.0063794926,0.001675094,0.983556,0.0014668509
syn-0428,1,0,1,8,1,0.0019121657,0.9863034,0.00080621004,0.0011554066,0.00094716856,0.0011215,0.00079138903,0.000662523,0.0031437892,0.0011127725,0.0010717117,0.0009720002
syn-0433,1,0,1,5,5,0.0029993185,0.002163495,0.0015545071,0.0014574749,0.0063418113,0.7935449,0.0014153948,0.17985214,0.0038847246,0.002240908,0.0010405936,0.0035048467
syn-0435,1,0,1,10,10,0.00048045188,0.00056804885,0.00044804913,0.00047601515,0.00046772085,0.00046136972,0.0008783091,0.0006816938,0.0013547174,0.0011052494,0.9925452,0.0005331117
syn-0443,1,0,1,7,7,0.0026096627,0.001615636,0.0021889887,0.0010204626,0.0019795187,0.035380278,0.0010590428,0.9395973,0.0039329305,0.0027597195,0.0008418725,0.007014577
syn-0447,1,0,1,7,7,0.00082717027,0.0007155067,0.0011045521,0.0005101027,0.0003674132,0.0023760302,0.00038693045,0.9894699,0.0011064414,0.0007982055,0.0006921397,0.0016456271
syn-0457,1,0,1,9,9,0.0008861661,0.0011498681,0.0006867852,0.0008618424,0.0006672822,0.0005513088,0.0002660753,0.0011144903,0.0011240543,0.9909662,0.0010103055,0.0007155398
syn-0458,1,0,1,6,6,0.00067012705,0.00049436203,0.0012368856,0.0010811049,0.00068068004,0.00085147435,0.99179536,0.00042888048,0.0006158447,0.00032500306,0.0009858003,0.0008345977
syn-0464,1,0,1,4,4,0.0057850177,0.00072478736,0.0005915542,0.0012593721,0.98532027,0.0013974053,0.00050155545,0.0005628136,0.0012173516,0.0008432349,0.00078598125,0.0010106993
syn-0469,1,0,1,9,9,0.0006975575,0.00089524424,0.00067774847,0.00068439957,0.00065850205,0.00041959257,0.0002646337,0.0011206969,0.001206007,0.991389,0.0010214031,0.00096539385
syn-0472,1,0,1,8,8,0.00041000542,0.00044159326,0.00050136895,0.00034290706,0.00071607693,0.00047607932,0.00083840603,0.000784539,0.992679,0.0011124715,0.0014042372,0.00029330398
syn-0486,1,0,1,1,1,0.0011386551,0.9894823,0.0008013396,0.0013374122,0.00056962384,0.00079782575,0.0009827809,0.0005273307,0.00089701964,0.0011364334,0.00089526933,0.0014341334
syn-0491,1,0,1,10,10,0.0005645845,0.00050956174,0.0004364902,0.00046125066,0.00052394316,0.00045343497,0.0008742322,0.0007149225,0.001906238,0.0012095358,0.9918047,0.000541103
syn-0499,1,0,1,11,11,0.0010224868,0.0010642566,0.0013848369,0.0005699338,0.0009512028,0.0008771452,0.00094012095,0.0009922386,0.00031199315,0.0010718185,0.0007932089,0.99002075
syn-0006,1,0,2,7,7,0.007552111,0.0045095715,0.009268867,0.0021447823,0.0019509404,0.010423811,0.0032896213,0.74955773,0.0316407,0.12923998,0.021087544,0.029334396
syn-0013,1,0,2,6,6,0.00061531767,0.00089988374,0.0010708583,0.00094468315,0.0005012277,0.0012461662,0.99094665,0.00029798434,0.0005757839,0.000455705,0.0013219502,0.0011237577
syn-0016,1,0,2,9,9,0.0006628042,0.0016525153,0.00049544877,0.0011649628,0.00068719115,0.000463164,0.0007503224,0.0005414935,0.007933911,0.97808766,0.0069675483,0.00059297454
syn-0018,1,0,2,3,6,0.0007465543,0.0006665979,0.00085009757,0.0033376657,0.0017863056,0.0012129612,0.98850095,0.00021284953,0.00076537865,0.00056905893,0.0005897086,0.00076202257
syn-0025,1,0,2,8,8,0.0005218649,0.0004705457,0.00065488496,0.00033107025,0.0005793466,0.00047331088,0.0009603252,0.0009922617,0.9927061,0.00092466373,0.0011246543,0.0002608771
syn-0026,1,0,2,10,10,0.0005706677,0.00058763375,0.00051204296,0.0005544621,0.0004747199,0.00047148584,0.0014661724,0.00045988974,0.0016260778,0.0009894014,0.9917796,0.0005078102
syn-0032,1,0,2,4,4,0.0015322779,0.0010754634,0.0013228426,0.0033128625,0.9485914,0.0019200312,0.032841627,0.0008245864,0.0035522305,0.0024076707,0.00082056987,0.0017984258
syn-0033,1,0,2,5,5,0.0009417847,0.0013197255,0.0004003375,0.0007015857,0.0011281323,0.9893545,0.0009271837,0.0019183151,0.00090041425,0.00069307355,0.0005659464,0.0011489794
syn-0038,1,0,2,5,5,0.0012696814,0.0014573416,0.0004004507,0.0013101454,0.0013230023,0.98866814,0.0011731171,0.0014354702,0.000452001,0.0005116843,0.00052330724,0.001475578
syn-0040,1,0,2,4,4,0.0011114859,0.00074113254,0.0004165505,0.0032224788,0.9842014,0.0043767355,0.0011180175,0.0004932188,0.0009900251,0.0013237947,0.0012345151,0.000770656
syn-0045,1,0,2,9,9,0.0016908734,0.0041527646,0.0010160961,0.0032402026,0.0013540192,0.001231645,0.0014769679,0.0009743114,0.0056659454,0.9032569,0.07472535,0.0012149208
syn-0049,1,0,2,8,8,0.000485193,0.00053889846,0.00047673873,0.0003786074,0.00096680794,0.0003567123,0.00091580243,0.0006765905,0.9921143,0.0016187032,0.001261802,0.00020990522
syn-0050,1,0,2,4,4,0.0016323383,0.001446878,0.0008406662,0.004609408,0.98040205,0.0017448418,0.002369536,0.00058004213,0.0009953952,0.0016188447,0.0012619892,0.0024979978
syn-0053,1,0,2,10,10,0.00050105946,0.0006970123,0.00066153106,0.00071354146,0.0005617083,0.0006997403,0.0012393587,0.00046002262,0.0012479171,0.0010216021,0.991582,0.0006145108
syn-0059,1,0,2,3,3,0.00072498637,0.0015900532,0.0010748664,0.98848253,0.0015452296,0.0016472745,0.0011419568,0.00064104906,0.0004015502,0.0012245427,0.0007835145,0.00074254145
syn-0077,1,0,2,2,2,0.0007075263,0.00064138515,0.99141836,0.0011468874,0.00047362107,0.00027437863,0.0014789379,0.0009113697,0.00068743416,0.00053957326,0.00069825974,0.0010223066
syn-0079,1,0,2,1,1,0.0016191097,0.96159667,0.0012233622,0.005550067,0.002565942,0.008114827,0.0117897205,0.00045137026,0.001213842,0.0014232886,0.0015434573,0.002908303
syn-0083,1,0,2,0,0,0.9893777,0.001016349,0.00082749716,0.00088734145,0.0018965892,0.0012636321,0.0008592014,0.00073062035,0.0006930898,0.0007270616,0.0009571053,0.0007638165
syn-0085,1,0,2,3,3,0.0033037062,0.20024408,0.0017256966,0.7706184,0.0049843336,0.0040251194,0.0035236517,0.0009345871,0.00090494874,0.0044673826,0.0018695708,0.0033986054
syn-0090,1,0,2,5,5,0.0029425288,0.0012099723,0.00045334944,0.0005383658,0.0030064308,0.9848622,0.0009801046,0.0017176194,0.0016062827,0.0007114797,0.0005753304,0.0013964146
syn-0091,1,0,2,4,4,0.0009941983,0.0005059306,0.00042396112,0.0020265596,0.9900405,0.0014626638,0.00090566993,0.00043147945,0.00085266965,0.0011150815,0.00055484276,0.0006864788
syn-0095,1,0,2,11,11,0.0008026972,0.0013810234,0.0013751357,0.0006733035,0.00061695365,0.0008824517,0.0018704322,0.00086580624,0.00054286694,0.0009202969,0.0018099276,0.9882591
syn-0100,1,0,2,2,2,0.0007790814,0.00065253803,0.9915665,0.0009092831,0.0004406678,0.00029875367,0.0012439812,0.0010035402,0.00069090223,0.0005840751,0.00073187926,0.0010988149
syn-0101,1,0,2,3,3,0.00061871717,0.0011942111,0.001179146,0.9906001,0.0012387552,0.00085942325,0.0013161553,0.0005271536,0.0003877509,0.0008061717,0.0006118076,0.0006605534
syn-0103,1,0,2,11,11,0.0045502367,0.025984205,0.002116315,0.00236092,0.0048107035,0.0031018555,0.0024157278,0.0014236044,0.00064796576,0.0065016225,0.0065570166,0.9395297
syn-0107,1,0,2,10,10,0.0005858627,0.0006390608,0.0004457009,0.00054929324,0.00043964878,0.0008241843,0.001213187,0.000562594,0.001278315,0.0013151951,0.9912076,0.00093941146
syn-0128,1,0,2,2,2,0.00085741794,0.0006028271,0.99143034,0.0009692127,0.0004245563,0.00031673827,0.0011706644,0.0010849368,0.0006810944,0.0006117226,0.0006979273,0.0011525854
syn-0149,1,0,2,8,8,0.000671499,0.00070716947,0.0005108495,0.000303112,0.0005665643,0.00044016485,0.00069112534,0.00080485723,0.9923711,0.0012352265,0.0013460837,0.00035230353
syn-0158,1,0,2,1,1,0.0010946598,0.99059415,0.0007459465,0.0010858759,0.0005096859,0.0009184264,0.0009374558,0.0006427322,0.0006582955,0.00085564965,0.00087039825,0.0010866715
syn-0163,1,0,2,4,4,0.0014105121,0.0006804159,0.00058598263,0.0011915461,0.9856184,0.0012968892,0.00087751914,0.00073714333,0.005199905,0.0010985079,0.000519659,0.0007835364
syn-0166,1,0,2,5,5,0.0019233332,0.0012998048,0.00036851125,0.0007034211,0.0020299575,0.98855793,0.00083370326,0.00118551,0.00075282046,0.0005969857,0.0006948866,0.0010531282
syn-0171,1,0,2,6,6,0.0010901329,0.001845346,0.0010346399,0.001177564,0.0012208908,0.0021011576,0.9800162,0.00039347276,0.008114266,0.0012945648,0.0008552374,0.0008564911
syn-0177,1,0,2,8,8,0.00046809867,0.0007068288,0.00059346826,0.00036419978,0.00053772697,0.00055996724,0.0011875508,0.0010457735,0.9923774,0.0008963557,0.0009710864,0.00029150184
syn-0179,1,0,2,1,1,0.00129781,0.9904203,0.0006797363,0.0010021355,0.0005451177,0.0008796442,0.00080917997,0.00057744834,0.0009861173,0.00081115786,0.0007808451,0.0012105783
syn-0181,1,0,2,10,10,0.001082622,0.0017840705,0.00191216,0.0018898827,0.0013672266,0.000531247,0.014613195,0.0011626186,0.054720446,0.006545006,0.9129586,0.0014328412
syn-0191,1,0,2,4,4,0.0010388691,0.00072242005,0.00047609367,0.0047199805,0.98210204,0.0012385162,0.0017555654,0.00043902657,0.0017128057,0.0020694456,0.0029958102,0.0007295095
syn-0192,1,0,2,5,5,0.0010081033,0.00147775,0.00050394464,0.0009751807,0.0009704306,0.9890476,0.0009600618,0.0016878431,0.0006744991,0.00055536994,0.0006099545,0.001529313
syn-0194,1,0,2,1,1,0.0014675951,0.98887163,0.0008110768,0.001048075,0.00072244415,0.00091772515,0.000900854,0.0007641717,0.0019590256,0.0010444989,0.0006533116,0.00083968835
syn-0196,1,0,2,4,4,0.0076764743,0.000688012,0.0005782337,0.0013706157,0.9830888,0.001682391,0.00090747117,0.0006681478,0.0011426787,0.0007637943,0.0005053304,0.0009280845
syn-0197,1,0,2,11,11,0.0033589466,0.0024165544,0.0015598639,0.0016180468,0.009444002,0.0029543259,0.0021289603,0.0011273746,0.0015030394,0.0019834407,0.0005613706,0.97134393
syn-0203,1,0,2,8,8,0.00032827118,0.00058008573,0.000566095,0.0003518398,0.0005616896,0.00046747958,0.00094895705,0.0009971727,0.9930025,0.00095523294,0.000975144,0.0002655826
syn-0208,1,0,2,8,8,0.0004944383,0.00069658924,0.0005148882,0.00032808285,0.0005281289,0.00042831874,0.0011559359,0.00071345665,0.99243283,0.0011382926,0.001303636,0.00026543025
syn-0210,1,0,2,0,0,0.96996605,0.0019642543,0.0008949207,0.0011564182,0.011845969,0.0073769097,0.0011351592,0.0012455115,0.001118106,0.0011066995,0.0005535025,0.0016363946
syn-0224,1,0,2,8,8,0.0011595143,0.00077504764,0.00056731387,0.00043455008,0.001111832,0.0007025945,0.0022424008,0.0007552475,0.9854697,0.001488119,0.0048793545,0.00041424585
syn-0239,1,0,2,6,6,0.0007231185,0.00084623724,0.0011408236,0.0010655735,0.0005991936,0.0011912026,0.99027807,0.00032103862,0.0005360657,0.0004265549,0.001661916,0.0012102567
syn-0242,1,0,2,0,0,0.9899455,0.0009553195,0.00086728367,0.00079392357,0.0021355706,0.0009825212,0.0007162003,0.0008630592,0.00065051764,0.0007491069,0.0006360693,0.00070509664
syn-0243,1,0,2,10,10,0.00060641154,0.000963852,0.0006376897,0.00059063116,0.00045418125,0.00058832846,0.00088491227,0.00066341617,0.0014374069,0.0014002154,0.9905309,0.001242151
syn-0250,1,0,2,11,11,0.000693747,0.0010160716,0.0012952201,0.0005709394,0.0005922354,0.0008388641,0.00094293006,0.0009006292,0.00035623956,0.00093171705,0.0010619782,0.9907995
syn-0260,1,0,2,11,11,0.0023978774,0.008140681,0.0019324016,0.0018987304,0.0029494395,0.0062875603,0.0070164218,0.0027052364,0.00229927,0.008963739,0.018713992,0.9366946
syn-0262,1,0,2,10,10,0.0005053625,0.000579684,0.00050216477,0.00052472466,0.00042514253,0.0006454224,0.0012019869,0.00064984953,0.0014585711,0.0010976659,0.9918303,0.00057911815
syn-0265,1,0,2,3,3,0.0009722225,0.0013003076,0.0010722182,0.98942333,0.0013162778,0.0012321589,0.0014408913,0.00046307332,0.00039109093,0.0008352484,0.00072887243,0.000824309
syn-0271,1,0,2,2,2,0.00094245514,0.0010503584,0.9871624,0.002569375,0.00050151267,0.0003357147,0.0015110109,0.0012941727,0.0008992969,0.0010742174,0.00094891974,0.0017105805
syn-0274,1,0,2,9,9,0.0007928858,0.0006471345,0.000687527,0.0006855157,0.0008297208,0.0005921068,0.0003767337,0.0017123768,0.0029059257,0.98527807,0.004140249,0.001351711
syn-0279,1,0,2,0,0,0.99013126,0.0011029991,0.0008539979,0.00070488465,0.0015142608,0.0011130078,0.00064968737,0.0010191116,0.0007832901,0.0008089439,0.00052767654,0.00079097674
syn-0280,1,0,2,0,0,0.9900698,0.0011023921,0.0008398851,0.0007393887,0.0017899052,0.0010187996,0.0008037753,0.0007558148,0.0007176906,0.00069289765,0.0006666786,0.0008029908
syn-0282,1,0,2,7,7,0.0023815362,0.0013864272,0.0016130023,0.0005802108,0.0010978256,0.026262347,0.0008786887,0.95703447,0.0019173591,0.0021896928,0.0009869719,0.0036715246
syn-0286,1,0,2,8,8,0.0014211757,0.003686024,0.0011531533,0.0009448599,0.0011253408,0.001215596,0.0157487,0.00094025757,0.9667553,0.0040547354,0.002202235,0.00075257267
syn-0288,1,0,2,9,9,0.0007419238,0.001058355,0.0005454599,0.0007756335,0.0005438642,0.00043360636,0.00035045994,0.0006220229,0.001985976,0.9910419,0.0012994175,0.0006014152
syn-0295,1,0,2,10,10,0.0008385344,0.0010538138,0.0004210244,0.0006944909,0.00074253767,0.00080365903,0.0013339764,0.00036047306,0.0014918413,0.0016439767,0.9899266,0.00068908633
syn-0298,1,0,2,7,7,0.0015935472,0.0007014581,0.0012686269,0.00061662117,0.00063619483,0.010593595,0.00048163402,0.97908336,0.0016222025,0.0007569772,0.00089019665,0.0017555186
syn-0305,1,0,2,1,1,0.00085101306,0.9905323,0.0008823248,0.0012464058,0.0005116488,0.0007048259,0.00079052476,0.00058204314,0.0006336556,0.00094521075,0.0010096165,0.0013103742
syn-0318,1,0,2,11,11,0.0011390432,0.0018073443,0.0014217214,0.0008988602,0.0008325284,0.00074809784,0.0020513672,0.0006669983,0.0005000468,0.0011175578,0.0016516432,0.98716486
syn-0326,1,0,2,1,1,0.0012211959,0.9879494,0.00082913163,0.001234385,0.0006173629,0.0008710465,0.001696705,0.00056211534,0.0013797482,0.0012319764,0.00092631916,0.0014806152
syn-0328,1,0,2,10,10,0.00049209886,0.00048210978,0.0004957163,0.00057785574,0.00041886422,0.00043597544,0.00087384094,0.0006459049,0.0021840015,0.00134651,0.99160296,0.00044414034
syn-0332,1,0,2,6,6,0.0006104915,0.00064575276,0.0008504855,0.0012222866,0.0008241175,0.0008430433,0.9913694,0.0002442638,0.00062253233,0.000498512,0.0015675317,0.0007016429
syn-0338,1,0,2,8,8,0.00054626266,0.0007510404,0.0007455597,0.0005636029,0.00070347317,0.00036211696,0.0034508014,0.00072828884,0.98670214,0.001804486,0.003179027,0.00046315466
syn-0355,1,0,2,5,5,0.0040944153,0.0028205821,0.0008176361,0.0022139004,0.041206002,0.9233044,0.0029243615,0.0011307497,0.0027112032,0.0020817989,0.0147211775,0.0019738968
syn-0366,1,0,2,9,9,0.0016065236,0.001309287,0.0012038185,0.005846368,0.0018000999,0.001552541,0.0020608038,0.0007111522,0.0020268736,0.9667839,0.013616465,0.0014821684
syn-0369,1,0,2,6,5,0.002345683,0.009623401,0.00081342185,0.0020812063,0.0050424724,0.919443,0.051267106,0.0017879903,0.002023093,0.0023206202,0.0014027245,0.0018492565
syn-0370,1,0,2,9,9,0.00066212873,0.0012196264,0.00054625026,0.0008472892,0.00052686495,0.0007775163,0.00030284873,0.0009544953,0.0010781575,0.9895745,0.0016060333,0.0019042748
syn-0391,1,0,2,0,0,0.9903908,0.0010968423,0.0007789179,0.00072922895,0.0014324745,0.0011198419,0.00069958257,0.000827536,0.0008479882,0.00067114143,0.00071198866,0.0006937995
syn-0392,1,0,2,1,1,0.00093913515,0.99043244,0.00078506005,0.0013672679,0.0006213369,0.0007694998,0.0007553536,0.0005510118,0.00059928704,0.0011837052,0.00086474954,0.0011311551
syn-0396,1,0,2,3,3,0.00074683706,0.0009981325,0.001901304,0.9888754,0.001145203,0.0009119216,0.0014563574,0.0010235503,0.00051530206,0.0008916673,0.00079694716,0.0007374157
syn-0407,1,0,2,6,6,0.0021277196,0.0036907592,0.0023186575,0.14800386,0.0059906924,0.006488563,0.8222809,0.00048506868,0.00091333524,0.0025980412,0.002683131,0.002419277
syn-0411,1,0,2,2,2,0.0008116473,0.00082322204,0.99005044,0.0013681593,0.00047066377,0.0003059678,0.0011488055,0.0013354876,0.000701394,0.00091680244,0.0007462655,0.0013211375
syn-0414,1,0,2,5,4,0.0013115889,0.00096616097,0.0005294126,0.0023143073,0.95533264,0.031807937,0.0012165804,0.00057861384,0.0019555145,0.0016019001,0.0012607271,0.0011246037
syn-0420,1,0,2,2,2,0.0009555422,0.0006746097,0.99017626,0.0009368315,0.0005035353,0.00032893912,0.0013794863,0.0013859847,0.00081333745,0.00075700413,0.0009270481,0.0011613603
syn-0430,1,0,2,1,1,0.0018402896,0.9718583,0.0006296527,0.003754427,0.002464318,0.011973858,0.0015252813,0.0005438558,0.0005433249,0.0016355892,0.0007024284,0.0025286158
syn-0431,1,0,2,3,3,0.00082054164,0.0011732214,0.0010714952,0.99020547,0.0011328302,0.0009474399,0.0012075119,0.00065068854,0.00039485528,0.00084948697,0.0007960733,0.0007504021
syn-0432,1,0,2,6,6,0.0005829537,0.0005331231,0.0010800979,0.0016029201,0.00065671385,0.0012141829,0.9911135,0.00027030555,0.00048116644,0.00034945997,0.0012886901,0.0008269276
syn-0477,1,0,2,7,5,0.03903244,0.05898935,0.014537364,0.007811745,0.06666442,0.3302233,0.005867893,0.11878418,0.04586531,0.03566983,0.13355264,0.14300148
syn-0485,1,0,2,10,10,0.00064745237,0.0005261181,0.0005516363,0.00062906626,0.00082447304,0.00046885398,0.0029690415,0.00047577248,0.0047584353,0.0014774849,0.9862434,0.00042814887
syn-0488,1,0,2,10,10,0.0005792422,0.0004546524,0.0004976342,0.00056444434,0.00063648383,0.0005243248,0.0016448785,0.0004783365,0.0021406177,0.0015630533,0.9896237,0.0012926767
syn-0489,1,0,2,11,11,0.0011014913,0.0024751574,0.0011112151,0.0009082768,0.0018111817,0.0034144372,0.0032303573,0.00077840924,0.000487116,0.0014807718,0.0016394652,0.9815623
syn-0498,1,0,2,7,7,0.000831033,0.000809605,0.0013437843,0.0004272572,0.00037157018,0.0020638686,0.0003386491,0.9899732,0.0015718343,0.00054327765,0.0006549981,0.0010709823
syn-0003,1,0,3,2,2,0.0009627229,0.00074067246,0.9898537,0.0013378325,0.00065716135,0.00038519508,0.0014637718,0.0011195078,0.0007178844,0.0007203423,0.0008126755,0.0012284886
syn-0010,1,0,3,9,9,0.0008051832,0.0011984388,0.00053951965,0.00091954804,0.0006482478,0.0005053491,0.0002907649,0.00078346475,0.0026856004,0.9889025,0.0020541004,0.0006671944
syn-0020,1,0,3,6,6,0.000521172,0.0005348354,0.0008937149,0.0008314085,0.0010011576,0.001582365,0.99042046,0.0003013368,0.0010137011,0.00041187857,0.0015230464,0.0009649217
syn-0024,1,0,3,2,2,0.0012733398,0.00080387,0.98680776,0.0014205133,0.0006956915,0.0005052645,0.0021641739,0.0018279733,0.0010018989,0.000831009,0.0010392696,0.0016292228
syn-0027,1,0,3,4,4,0.0015390331,0.0005483741,0.0005268515,0.0011683005,0.9885832,0.0015852243,0.00075800373,0.0006781443,0.0024829723,0.00067880686,0.000593803,0.0008572548
syn-0043,1,0,3,9,9,0.0007316215,0.0007933924,0.0008245948,0.0008249976,0.0006749893,0.00072628254,0.00046755144,0.0015880906,0.0017234352,0.9806264,0.009986932,0.0010317516
syn-0044,1,0,3,2,2,0.0010866952,0.0008479737,0.9889242,0.0013138483,0.0005908259,0.00040409042,0.0014357762,0.001488967,0.0007997153,0.0007853971,0.0008600665,0.0014623974
syn-0052,1,0,3,4,4,0.009271902,0.0022325858,0.00062911503,0.0019482468,0.952247,0.024120044,0.0012833189,0.0010639086,0.0013747847,0.0017948092,0.001527704,0.0025064894
syn-0056,1,0,3,8,8,0.0005539965,0.0010623952,0.0005317336,0.0003552502,0.0006721742,0.00045526025,0.0013281575,0.00076018705,0.99094677,0.00089747045,0.0021309564,0.00030564726
syn-0057,1,0,3,8,8,0.001984002,0.0016327926,0.0007973152,0.0008226248,0.0027815453,0.0038589656,0.005650516,0.0011578233,0.8889993,0.0032862746,0.08514821,0.0038806954
syn-0061,1,0,3,4,4,0.0011891107,0.00072600204,0.0005028869,0.0011288548,0.9879359,0.0023527355,0.0011255526,0.00047798723,0.0011488734,0.0007788865,0.0011772673,0.00145604
syn-0064,1,0,3,6,6,0.00063287077,0.0007431596,0.0013845123,0.0013135528,0.001375248,0.00095470186,0.9864114,0.00029173683,0.0010549541,0.00041585823,0.0037101253,0.001711798
syn-0070,1,0,3,2,2,0.0011491635,0.0007642008,0.987944,0.0014487827,0.0007619652,0.0004455368,0.001787548,0.0014798845,0.000801658,0.0008838951,0.0009669842,0.0015663165
syn-0072,1,0,3,0,0,0.9898963,0.0010979018,0.0008194848,0.00077133975,0.0013705371,0.0012977569,0.0006571897,0.0010519823,0.00059517263,0.0008930239,0.0006575106,0.0008917167
syn-0074,1,0,3,5,5,0.004109428,0.0026973323,0.00042496045,0.0014595492,0.0021985446,0.9779434,0.0030955286,0.0016171522,0.0009987339,0.002670325,0.00093274226,0.0018522644
syn-0075,1,0,3,7,7,0.001599663,0.0008190251,0.0012772321,0.00062490953,0.0008186252,0.0027118337,0.00042781918,0.98548394,0.00155253,0.0011669148,0.001614967,0.0019025403
syn-0081,1,0,3,10,10,0.001080354,0.0021422552,0.0005416469,0.00121053,0.002436994,0.0026281122,0.004590854,0.00029477605,0.0049324874,0.0023234098,0.9764557,0.0013630308
syn-0097,1,0,3,10,10,0.0004864472,0.000634137,0.0005568981,0.00053582527,0.00044378114,0.0007334599,0.001804725,0.00050656655,0.0025141917,0.0014295733,0.98983395,0.000520355
syn-0102,1,0,3,1,1,0.0012821216,0.9892567,0.00076037424,0.0012684227,0.000805865,0.00088463747,0.00091673865,0.0007529849,0.0014753529,0.0010525868,0.00078758155,0.0007566705
syn-0105,1,0,3,4,4,0.004901234,0.0009263263,0.0005434966,0.0016190198,0.9797902,0.004223065,0.0006958219,0.00061887683,0.0009986674,0.0018653012,0.0015094609,0.0023085028
syn-0120,1,0,3,3,3,0.00060346525,0.0013522325,0.0009956751,0.99005973,0.0010120957,0.0005174329,0.0010906024,0.0005644174,0.0006223174,0.0016332956,0.00092219876,0.0006265861
syn-0121,1,0,3,9,9,0.0006799688,0.0013241826,0.0005617904,0.0008696933,0.00061760895,0.00054931274,0.00037023454,0.00073378696,0.0023600347,0.98834306,0.0026821159,0.0009083208
syn-0135,1,0,3,0,0,0.9893443,0.0013722833,0.00094269525,0.00078343216,0.0013021098,0.0010656089,0.00079538097,0.0009956846,0.0009650506,0.00083845056,0.00077657663,0.00081822835
syn-0136,1,0,3,6,6,0.000623965,0.0014592876,0.00086883135,0.0013972296,0.0012979174,0.0018801779,0.98495585,0.00019048451,0.0012009635,0.0010358009,0.00423291,0.00085661525
syn-0139,1,0,3,1,1,0.0010318607,0.9903543,0.0005729164,0.0014298012,0.0007260046,0.0008991263,0.00087402,0.000515569,0.00058364595,0.0011669698,0.0007486848,0.0010970698
syn-0147,1,0,3,0,0,0.9878321,0.0017435324,0.00089290395,0.0010474847,0.0016154592,0.0011387005,0.00063812966,0.0009091821,0.0008561853,0.0016497361,0.0007723667,0.0009043119
syn-0156,1,0,3,6,6,0.000787848,0.0010295565,0.0012023518,0.0016434201,0.0009092461,0.0013464056,0.9900747,0.00033769303,0.000761003,0.00041577537,0.0007279291,0.0007639815
syn-0159,1,0,3,11,11,0.0008132045,0.0010209836,0.00140081,0.00053409435,0.0005559129,0.0011326118,0.0010655499,0.0011292984,0.00038922837,0.0008489085,0.0015783411,0.98953116
syn-0160,1,0,3,5,5,0.0015512566,0.0017380409,0.0005575919,0.0014120905,0.0006306015,0.9867213,0.0016987768,0.002278658,0.0007599082,0.0006768671,0.00076362776,0.0012113687
syn-0168,1,0,3,1,1,0.0011215837,0.98734075,0.00055685325,0.0017826852,0.00070392847,0.002268706,0.0011679722,0.00063905923,0.001032747,0.0016871945,0.00074422307,0.00095420255
syn-0169,1,0,3,4,4,0.0042714765,0.00072224985,0.00049591,0.0016351825,0.98283,0.0030422707,0.00093740295,0.0005457154,0.0016090455,0.0019946827,0.00084977254,0.0010663741
syn-0172,1,0,3,10,10,0.0004029439,0.0005286263,0.00043082068,0.00047293294,0.00053147326,0.00059638545,0.001331077,0.00041169458,0.0016302726,0.0009793205,0.99191344,0.0007710268
syn-0175,1,0,3,11,11,0.004423741,0.018629191,0.0026312382,0.0035650048,0.005435983,0.013571716,0.012183069,0.0030196765,0.009201878,0.01042964,0.42805487,0.48885396
syn-0182,1,0,3,6,6,0.0005856683,0.00061078544,0.0010358151,0.0011033601,0.0006626777,0.0011920704,0.99136263,0.0003217042,0.00076740707,0.0004098618,0.0010334156,0.0009146618
syn-0183,1,0,3,4,5,0.0030638112,0.0013678398,0.00072432903,0.001822742,0.045075998,0.93960464,0.0018392819,0.0018528027,0.001080994,0.0009419395,0.0009382673,0.001687408
syn-0185,1,0,3,7,7,0.0048409468,0.0010308228,0.0034101917,0.0009731084,0.0012853878,0.004880106,0.00082748104,0.9631423,0.0038395387,0.0102145625,0.0021379546,0.003417693
syn-0188,1,0,3,10,10,0.0006441636,0.0005911178,0.0006039549,0.00048695298,0.00049125165,0.00043778252,0.0013129538,0.0006089891,0.0017112913,0.0011802511,0.9908631,0.0010682874
syn-0189,1,0,3,10,10,0.00090175576,0.0011957994,0.00056485564,0.0008356182,0.0013736711,0.001671183,0.0034534088,0.0003419338,0.0067153824,0.0030439044,0.9783292,0.0015733845
syn-0200,1,0,3,5,5,0.0034780137,0.003112063,0.00086648617,0.0015492107,0.0014653315,0.9502174,0.0021624498,0.03219867,0.0013322466,0.0016046439,0.0007835698,0.0012297225
syn-0202,1,0,3,10,10,0.0006640269,0.00085596455,0.0005435531,0.0005718682,0.0009953635,0.0007590835,0.0009364281,0.00068980485,0.0054950556,0.00876394,0.9789356,0.0007893219
syn-0205,1,0,3,2,2,0.000918444,0.0008496293,0.9898879,0.0012398303,0.00051031826,0.00034127574,0.0012980627,0.0011887001,0.00069209415,0.0007985427,0.00094091316,0.0013342093
syn-0221,1,0,3,11,11,0.0016793814,0.0028553293,0.0013343508,0.0008073512,0.00081926474,0.0033296715,0.003552647,0.0007343842,0.0010732287,0.000985331,0.0037725517,0.9790566
syn-0241,1,0,3,1,1,0.0043853903,0.9204256,0.0011744191,0.04897169,0.011164363,0.003222944,0.0024038756,0.0008174783,0.0012057972,0.0030836246,0.000953864,0.0021908921
syn-0247,1,0,3,3,3,0.0006626954,0.001256654,0.0011520451,0.9904213,0.0012614185,0.000551544,0.0011325239,0.0005989878,0.00042870478,0.0010301684,0.0006463965,0.00085759145
syn-0249,1,0,3,8,8,0.00067006244,0.0006396904,0.00043623094,0.0003151272,0.0016338057,0.0012219474,0.0005105039,0.0014192151,0.9863875,0.0022431198,0.0041713053,0.0003515498
syn-0258,1,0,3,3,5,0.0086448565,0.0071528535,0.0026288193,0.19946453,0.07697556,0.66302204,0.020961905,0.0036747889,0.002967229,0.006287761,0.0031647743,0.0050548255
syn-0273,1,0,3,0,0,0.98726827,0.0017730597,0.00082171074,0.0010801185,0.0017745212,0.0018184332,0.00086325046,0.0010939183,0.00047906567,0.00089983264,0.0007452593,0.0013825048
syn-0276,1,0,3,6,6,0.000749746,0.0006720679,0.0017191211,0.001487957,0.0015689121,0.0013904882,0.98500156,0.00056593795,0.00079305045,0.00041770417,0.0028789858,0.0027545353
syn-0289,1,0,3,8,0,0.2938198,0.08757691,0.007413326,0.008031388,0.0301625,0.21792229,0.025349813,0.025811953,0.22483988,0.03952222,0.01102057,0.02852941
syn-0291,1,0,3,1,1,0.0008906705,0.98970103,0.0006130457,0.0010870179,0.00071079825,0.00087986415,0.0007337196,0.00063498144,0.00067857973,0.001114155,0.0015069657,0.0014492349
syn-0293,1,0,3,0,0,0.77536386,0.01326617,0.0045567686,0.0040766904,0.06541007,0.011796296,0.0041652233,0.004177444,0.10071722,0.008336284,0.0041126786,0.0040213335
syn-0296,1,0,3,3,3,0.0008139967,0.0015592343,0.00092463376,0.98904526,0.0015021118,0.0013738796,0.0011484799,0.0005540144,0.0004057216,0.0010467246,0.00077710045,0.000848906
syn-0297,1,0,3,11,11,0.00085377047,0.0015373218,0.0014667438,0.00062341307,0.00075124565,0.0012869918,0.0017127444,0.0009603888,0.00047612385,0.0006760479,0.00075381773,0.9889014
syn-0299,1,0,3,1,1,0.0010777279,0.988456,0.0004848222,0.0017009977,0.00097127195,0.0015698087,0.0007378231,0.0007081731,0.00079699827,0.0019931032,0.00062070286,0.00088262756
syn-0301,1,0,3,3,3,0.0007608252,0.001414226,0.00084256806,0.9893602,0.0017370875,0.0010938301,0.0014538734,0.00047171558,0.0004414082,0.0010010629,0.0006529964,0.0007701695
syn-0307,1,0,3,3,3,0.008979599,0.008688465,0.0021500946,0.8759224,0.014833801,0.005203341,0.028767947,0.001056091,0.0071364744,0.031688113,0.012417577,0.0031559856
syn-0312,1,0,3,11,11,0.00153025,0.0015050551,0.0014626724,0.00056556484,0.0010706367,0.0015730541,0.0015765142,0.0010607498,0.0020983806,0.0009858351,0.0012572136,0.985314
syn-0321,1,0,3,9,9,0.0009084881,0.001994642,0.0005348555,0.0018235842,0.00080369774,0.00074329897,0.00087325805,0.00045436952,0.003067379,0.9851521,0.0028892846,0.0007550041
syn-0329,1,0,3,8,8,0.00055856357,0.0005466911,0.00058081414,0.00032964774,0.0009933191,0.00060513197,0.0006225144,0.0011738499,0.98844075,0.0026738811,0.0028505041,0.00062434084
syn-0336,1,0,3,0,0,0.98851985,0.0017064109,0.0010264349,0.00089439854,0.0012514886,0.0015868653,0.0008626584,0.0010518028,0.0007403971,0.00093002745,0.00071726716,0.0007123807
syn-0341,1,0,3,8,8,0.0005650204,0.0006242003,0.0005997016,0.0003963785,0.0008779026,0.0005297519,0.0006408776,0.00094047334,0.9920859,0.0013672537,0.001052766,0.00031974568
syn-0352,1,0,3,8,8,0.00045541456,0.0010429635,0.00062644173,0.00037061115,0.00054426194,0.0004598837,0.00086022535,0.0010539701,0.9922511,0.0010012954,0.0010669148,0.00026694118
syn-0364,1,0,3,4,5,0.005580518,0.005283528,0.001173745,0.0028768154,0.44832215,0.47910428,0.0050465036,0.0018429571,0.02140276,0.007094159,0.014883283,0.007389376
syn-0368,1,0,3,9,9,0.0010883175,0.001457358,0.0006231399,0.00089610025,0.00082633283,0.0006304853,0.0004968104,0.000795453,0.005786522,0.9836534,0.0023929712,0.001353111
syn-0379,1,0,3,3,3,0.00395342,0.0029508716,0.0028447623,0.9167823,0.040280607,0.004004908,0.0026503156,0.0014744027,0.0012672963,0.011901112,0.009476818,0.0024131397
syn-0385,1,0,3,5,5,0.005709945,0.0027716174,0.0011633072,0.002154326,0.45531687,0.51192653,0.0023384988,0.005169221,0.0033562938,0.003607817,0.0025076184,0.0039779204
syn-0386,1,0,3,10,10,0.0007985355,0.0007930954,0.0006507917,0.00063292857,0.0004862319,0.00073996844,0.001023839,0.0010052626,0.0012715467,0.0016114131,0.9893958,0.001590454
syn-0388,1,0,3,5,5,0.026220366,0.0049786535,0.0051266705,0.06356318,0.016440867,0.7638433,0.040979408,0.05587563,0.0044367635,0.0067224484,0.004863323,0.006949402
syn-0401,1,0,3,11,11,0.0030820507,0.015634758,0.0026007383,0.0011106723,0.0011788456,0.0028521714,0.0044701477,0.0014171073,0.0005706094,0.003135941,0.0013701583,0.96257675
syn-0409,1,0,3,10,10,0.0005132541,0.0009544472,0.0005326584,0.0006316216,0.00044898162,0.00035137875,0.0010169965,0.00064786425,0.0018406436,0.005604897,0.98687077,0.00058644084
syn-0413,1,0,3,9,9,0.0010008315,0.002282273,0.0005909497,0.0007010852,0.0007079653,0.00073043845,0.00042109724,0.000808127,0.0018235894,0.98720145,0.0024449376,0.0012872912
syn-0417,1,0,3,7,5,0.014214848,0.011993503,0.008299548,0.0056875036,0.14497375,0.281361,0.07368467,0.14511539,0.034649324,0.017154753,0.090368554,0.17249715
syn-0418,1,0,3,0,0,0.987874,0.0013942028,0.00087225676,0.0010629866,0.0021845708,0.0014206601,0.00096738787,0.0009212869,0.00061791897,0.00088469597,0.00076676294,0.0010333047
syn-0440,1,0,3,1,1,0.001997977,0.98834676,0.00068030343,0.0012201968,0.00092172774,0.0012719054,0.0009773488,0.000583032,0.0014826579,0.00096454844,0.0006322575,0.00092127774
syn-0452,1,0,3,10,10,0.0004385406,0.00051471253,0.00075662107,0.0005764507,0.00063963246,0.00081650616,0.005394947,0.0005052503,0.0035467406,0.001329371,0.9848546,0.00062664866
syn-0453,1,0,3,1,1,0.0018504716,0.98106027,0.00086624053,0.0012227886,0.0010157091,0.0013521822,0.0013305688,0.0010038757,0.0010520527,0.001715171,0.0040844562,0.0034461813
syn-0456,1,0,3,11,11,0.0032550741,0.0043017576,0.0028280576,0.058864295,0.008189253,0.0032726044,0.0052539217,0.0014437253,0.0007811164,0.0027706507,0.0025227065,0.90651685
syn-0459,1,0,3,5,8,0.021338975,0.06632509,0.0031447683,0.0031355685,0.026942082,0.023822786,0.013656916,0.0020185527,0.8239415,0.005843729,0.0067096897,0.0031202955
syn-0460,1,0,3,8,8,0.0005692618,0.0013781477,0.0005867588,0.00037589183,0.0007724106,0.0004994368,0.001705802,0.00089339074,0.9898196,0.0012543584,0.0017673101,0.00037773172
syn-0461,1,0,3,2,2,0.0011389408,0.00083245354,0.9885231,0.0011381069,0.00063422567,0.00039456956,0.0014107028,0.0016409446,0.0009455992,0.000859298,0.0010269396,0.001455128
syn-0468,1,0,3,6,6,0.000556743,0.000571339,0.0011201989,0.0011473236,0.0007372046,0.00079925184,0.9914929,0.0003112389,0.0007194244,0.00046200716,0.0013419305,0.00074045145
syn-0476,1,0,3,7,7,0.0011720277,0.0007648905,0.0012781391,0.0007545042,0.00073558796,0.011119889,0.00046665588,0.97683835,0.0020991275,0.0022580395,0.001360572,0.001152168
syn-0487,1,0,3,6,6,0.0006819648,0.00069779635,0.0010419051,0.0011680186,0.0011190298,0.0016357489,0.9897934,0.00030678583,0.00160558,0.0003769847,0.00085037824,0.0007224118
syn-0490,1,0,3,7,7,0.0010759836,0.0006379663,0.0011158453,0.00045771847,0.00062562694,0.0020826387,0.00041838855,0.98854417,0.0011988821,0.0016371282,0.00080528454,0.0014003527
syn-0493,1,0,3,8,8,0.00047477448,0.00046924318,0.0004956196,0.00033502566,0.0012946734,0.0006259103,0.0005502104,0.00095813465,0.9918936,0.0011248316,0.0015015724,0.0002763931
syn-0008,1,0,4,8,8,0.00035985932,0.00048471685,0.0005378441,0.00033184187,0.00060708117,0.0006175453,0.0008559126,0.0011712514,0.9930783,0.0009303328,0.00079294376,0.00023234265
syn-0014,1,0,4,0,0,0.98689854,0.00204522,0.0008027672,0.0009941935,0.0018629614,0.0017784098,0.00089730235,0.001059865,0.0007630195,0.0011437512,0.000639397,0.0011145319
syn-0019,1,0,4,0,0,0.98866093,0.00096109335,0.00077377004,0.0013731781,0.0019496556,0.0011070222,0.0010028007,0.00076214585,0.0004393765,0.0010468289,0.0010391898,0.0008841047
syn-0022,1,0,4,10,11,0.002896837,0.025693465,0.0025992452,0.005343731,0.00852936,0.005713425,0.009325313,0.0016170631,0.0014298433,0.018237196,0.015538284,0.9030762
syn-0035,1,0,4,9,9,0.0017475667,0.008724494,0.000813488,0.0022505037,0.0020936069,0.0013217115,0.0014166053,0.00070608075,0.0037131717,0.92854136,0.04677429,0.0018969657
syn-0037,1,0,4,8,8,0.0009150329,0.0014075757,0.0009008467,0.0008748375,0.0029165007,0.0025463025,0.005052196,0.00092041015,0.88381845,0.009842336,0.09011157,0.0006940839
syn-0039,1,0,4,1,1,0.00090572954,0.9903474,0.0005910987,0.0010674708,0.0010141213,0.0018173812,0.0008899476,0.00059602567,0.00050411443,0.0007053829,0.00062676816,0.00093448046
syn-0041,1,0,4,10,10,0.0014823051,0.0026002566,0.0012916275,0.002976845,0.0031999324,0.0016011896,0.0042776885,0.0006799755,0.011545927,0.1830949,0.7845284,0.0027210566
syn-0046,1,0,4,8,8,0.047004346,0.010560028,0.0017424955,0.0021537968,0.008606228,0.008057217,0.0049300897,0.0042128135,0.80438966,0.09430452,0.00896218,0.0050766626
syn-0048,1,0,4,11,11,0.0008587989,0.0010581474,0.0010394559,0.0005882293,0.0016829354,0.0009803002,0.0011352265,0.00089562964,0.00053038396,0.0009132943,0.0009204573,0.98939717
syn-0054,1,0,4,5,5,0.0011514544,0.0006403335,0.00033991254,0.0007645102,0.0012129166,0.98882663,0.0010554738,0.002735686,0.0008242143,0.00058903935,0.00094820175,0.00091165415
syn-0055,1,0,4,3,3,0.00070284517,0.001666802,0.0010995391,0.9896797,0.0012966812,0.00087257207,0.0013084473,0.0004364065,0.00041846026,0.0010769566,0.000630334,0.0008113433
syn-0076,1,0,4,5,5,0.0021193845,0.0021412284,0.00042189026,0.0009591374,0.0015594965,0.98616713,0.0018735493,0.0012787418,0.0006774787,0.0011164283,0.0006458236,0.0010396097
syn-0080,1,0,4,3,3,0.0006880428,0.0014882869,0.00093130366,0.98987633,0.001399589,0.0007200071,0.0012865319,0.00044206996,0.00054641685,0.0010835007,0.0007884598,0.00074942043
syn-0084,1,0,4,5,5,0.0011095726,0.0010613496,0.00032519834,0.0011116061,0.0014931842,0.9894881,0.0009909787,0.0015777907,0.00067677937,0.00053354976,0.00079705176,0.0008348953
syn-0106,1,0,4,10,10,0.0015406007,0.003346956,0.0029666869,0.0033290274,0.0010242588,0.0008846925,0.063245,0.0010765635,0.02110183,0.008987586,0.8902901,0.0022068087
syn-0108,1,0,4,8,8,0.0015746183,0.0018517337,0.0013521138,0.001091772,0.0024579447,0.001709232,0.0027087666,0.0021023913,0.7506993,0.003971174,0.22895034,0.0015306503
syn-0109,1,0,4,3,3,0.0008226469,0.00245627,0.00077772635,0.984059,0.0014014209,0.0007199821,0.0017396312,0.00042887262,0.0004902664,0.005227289,0.0010343526,0.0008425668
syn-0111,1,0,4,3,3,0.0006540445,0.0019153168,0.0014302004,0.989981,0.0009842372,0.00078508555,0.0012876106,0.00042684356,0.00044732823,0.0007553781,0.00053695263,0.0007958928
syn-0113,1,0,4,11,11,0.0013570975,0.0014229206,0.0012353498,0.0005562723,0.00082292035,0.0011996828,0.001311496,0.00067296106,0.0012269338,0.0009546043,0.0010009052,0.9882388
syn-0124,1,0,4,6,6,0.0005364111,0.0008747294,0.0008952544,0.0022794243,0.0011060315,0.0009897474,0.989949,0.0002298081,0.00074582483,0.0006633503,0.000879011,0.00085134286
syn-0129,1,0,4,11,11,0.0010025693,0.0014804358,0.0012286735,0.000860059,0.0012732589,0.0007516234,0.0016297161,0.00067837234,0.00041671045,0.0014254602,0.0008202734,0.9884328
syn-0138,1,0,4,4,4,0.00084406335,0.0010131754,0.0007856019,0.001524116,0.98773414,0.0011266973,0.0008342297,0.000996494,0.0010003941,0.00083913206,0.0015715371,0.0017302677
syn-0140,1,0,4,11,11,0.0014682057,0.0015545249,0.0018559858,0.0017520715,0.0021025941,0.0013779054,0.0013698553,0.0015522493,0.00057131954,0.01694278,0.0009605248,0.96849203
syn-0142,1,0,4,4,3,0.0046083704,0.002684104,0.0020161993,0.6896437,0.27647287,0.006113302,0.0052603553,0.0013496523,0.002163066,0.005340585,0.0020720903,0.002275746
syn-0143,1,0,4,1,1,0.001825465,0.9784938,0.00085976615,0.0013658757,0.0006617856,0.0013167607,0.0020146947,0.0007774928,0.007042283,0.0023738903,0.0019299593,0.0013381498
syn-0145,1,0,4,2,2,0.0076326183,0.006638623,0.89873266,0.04772421,0.0057054125,0.0039443127,0.004378766,0.0066540386,0.00213404,0.004028003,0.0023414965,0.01008569
syn-0146,1,0,4,10,10,0.0005250417,0.0005462236,0.0004995326,0.0005507765,0.000691166,0.0003778042,0.00084973365,0.0005126287,0.0015413007,0.0015011921,0.99194497,0.00045974183
syn-0150,1,0,4,3,3,0.0017954523,0.16464831,0.0023417114,0.81042737,0.003944674,0.0020827611,0.0040273895,0.0010493256,0.0011379204,0.0053610387,0.0010921921,0.0020919342
syn-0165,1,0,4,8,8,0.00085949816,0.0012038292,0.0010886316,0.0008637052,0.0020922536,0.0009912103,0.009195467,0.00071254896,0.9480932,0.010594259,0.023596382,0.0007090783
syn-0174,1,0,4,10,10,0.0004897258,0.00062514667,0.00048378407,0.00047327,0.0008628596,0.00047165513,0.00090802996,0.00048142762,0.0013694521,0.0011050634,0.99213576,0.0005939035
syn-0176,1,0,4,10,10,0.00045233552,0.00079659163,0.00043927575,0.00062129553,0.0007671977,0.0005531317,0.0024050418,0.0003512487,0.0015477022,0.0019367563,0.98939985,0.0007295672
syn-0178,1,0,4,9,9,0.0025068724,0.0038169287,0.0018056323,0.0036904728,0.0115577495,0.0028378859,0.003381611,0.0013749948,0.013802455,0.8960015,0.026872573,0.032351267
syn-0187,1,0,4,3,3,0.00068279187,0.001453194,0.00092985434,0.9905099,0.0012758567,0.00077332684,0.0009995383,0.00052787835,0.00044844227,0.0010120615,0.00067187793,0.0007152104
syn-0195,1,0,4,4,5,0.002349176,0.0022394112,0.00068833854,0.00223286,0.092382684,0.88510406,0.004259004,0.0014234565,0.0032164347,0.0021037324,0.0014557905,0.0025450308
syn-0206,1,0,4,8,8,0.0014161769,0.0011379301,0.0012244026,0.0009010563,0.003699383,0.0019019558,0.0017538759,0.0014024143,0.82803434,0.007306979,0.15020837,0.0010130848
syn-0211,1,0,4,0,0,0.9895587,0.0010603892,0.0007916782,0.0009314595,0.0017171421,0.0013148518,0.0006794767,0.00092421076,0.00044452513,0.0009676192,0.00057469675,0.0010353196
syn-0215,1,0,4,10,10,0.0007665002,0.0012892996,0.0007487442,0.0010746233,0.00342433,0.0016514567,0.0026194423,0.00043165046,0.004322422,0.016875729,0.96560174,0.0011941553
syn-0217,1,0,4,6,6,0.0014003067,0.0012573738,0.00087564805,0.0012169046,0.001329349,0.0018375255,0.98592085,0.00029589457,0.0014020171,0.0011161494,0.002290749,0.0010572651
syn-0223,1,0,4,6,6,0.00060580124,0.00075356377,0.0009849943,0.0010796937,0.00090057746,0.001017751,0.99001724,0.0003298512,0.0014195772,0.0008775706,0.0012427198,0.00077068096
syn-0225,1,0,4,7,7,0.0011410273,0.0007977332,0.0011652377,0.0005445382,0.0011601283,0.0055238632,0.0003850058,0.97688645,0.0027137273,0.0050739343,0.0016618071,0.0029466222
syn-0228,1,0,4,6,6,0.00085370505,0.00076600397,0.0011617598,0.00643249,0.0038279092,0.001180055,0.98113054,0.000316833,0.0012660142,0.0009811702,0.0009706866,0.0011128978
syn-0229,1,0,4,7,7,0.0018976668,0.0004652136,0.001367005,0.00057840254,0.00054229866,0.0035052882,0.0003612488,0.98626107,0.0021616553,0.00091933354,0.0010402165,0.0009006721
syn-0230,1,0,4,9,9,0.00071047357,0.000996318,0.0004849742,0.0005434106,0.0006472094,0.0004998805,0.0003255963,0.0011685165,0.0021825433,0.990699,0.0010942412,0.0006478418
syn-0232,1,0,4,8,8,0.0007192422,0.0010010098,0.00058189157,0.00049674703,0.0010073842,0.0010876475,0.0008205986,0.0014078642,0.9835279,0.00821523,0.0008512069,0.00028331447
syn-0234,1,0,4,4,6,0.0018242728,0.0019174308,0.001574158,0.02211594,0.025158728,0.0052658366,0.9276242,0.00035677338,0.0041463412,0.0049368422,0.0027980306,0.0022814567
syn-0236,1,0,4,11,11,0.0054861056,0.024029193,0.0028447649,0.003255175,0.009276526,0.0041370876,0.0073841643,0.0023514936,0.007936571,0.012674866,0.006522869,0.9141012
syn-0237,1,0,4,4,4,0.0014969219,0.0006280889,0.0005340942,0.0014145997,0.99049777,0.0009237338,0.000567154,0.0005545572,0.0007729399,0.0009833095,0.0005443624,0.0010823297
syn-0255,1,0,4,2,2,0.0007620008,0.0005836759,0.99185705,0.00094232464,0.0005304061,0.00029392095,0.0011980275,0.00096349436,0.0006066307,0.00054831285,0.00067410705,0.0010401339
syn-0264,1,0,4,0,0,0.98857504,0.0013202965,0.00067880127,0.0007699342,0.002092387,0.0014754166,0.00053149805,0.0010401147,0.0010036933,0.00095539546,0.00063363987,0.00092374306
syn-0270,1,0,4,10,10,0.00070601224,0.0006940491,0.00045228843,0.00066746055,0.0013411258,0.0005080252,0.0016934287,0.0003305783,0.001139415,0.0015610119,0.99026346,0.0006431454
syn-0294,1,0,4,1,1,0.00084864907,0.99116266,0.0007149831,0.0012656029,0.0005562859,0.0009656448,0.0010706995,0.0006674145,0.0005444619,0.00079645385,0.0005190221,0.0008880747
syn-0300,1,0,4,10,10,0.0004814168,0.0005248745,0.0006674027,0.00057421444,0.0008249375,0.0003971645,0.0007577448,0.000643718,0.0014861301,0.0010928313,0.9921135,0.0004361999
syn-0316,1,0,4,0,0,0.9295143,0.0018369372,0.0011087318,0.0026662108,0.015142035,0.037844673,0.0026649095,0.0013038564,0.0012886659,0.0024299843,0.0012332613,0.0029663958
syn-0327,1,0,4,1,1,0.002038689,0.9709962,0.00097150967,0.001280147,0.0014484733,0.0013363522,0.0013807936,0.0008440623,0.014096136,0.0018781283,0.0012609157,0.002468753
syn-0330,1,0,4,0,0,0.9839887,0.0014532352,0.0007063507,0.0012396841,0.0040627834,0.0029363325,0.0009217049,0.0011737094,0.00037624067,0.0012931654,0.0008441537,0.0010039269
syn-0334,1,0,4,6,6,0.0016645116,0.002192237,0.0014475656,0.0042055775,0.0047487034,0.032946445,0.9460592,0.00059990975,0.0012650576,0.0012024203,0.0010375639,0.0026308196
syn-0339,1,0,4,7,7,0.0010624954,0.0006082807,0.00148688,0.00057562743,0.00040028602,0.0016350128,0.0003367456,0.9911612,0.00074637355,0.0005669799,0.0006309695,0.0007890978
syn-0340,1,0,4,9,9,0.0006446567,0.00092252676,0.0005444481,0.0008640985,0.00075662986,0.0005276972,0.00038344137,0.0006355926,0.0013439079,0.99017006,0.0025847647,0.00062208297
syn-0345,1,0,4,7,7,0.004416349,0.0022827964,0.0021226117,0.001610074,0.004875937,0.08937863,0.0029340324,0.87662977,0.0028312923,0.0031019838,0.002298455,0.0075179664
syn-0358,1,0,4,2,2,0.0011285594,0.0010213124,0.98695415,0.0007002254,0.00047333376,0.00045342595,0.001597558,0.002621418,0.0011173192,0.00083113235,0.0010755651,0.0020260457
syn-0359,1,0,4,4,4,0.0009843452,0.001685913,0.00064807595,0.0013793657,0.9847861,0.0018331715,0.0018885941,0.00058950385,0.0024376165,0.0011029528,0.0006177948,0.002046549
syn-0360,1,0,4,0,0,0.9861988,0.0010539546,0.00071418675,0.0010596307,0.0042134915,0.0018980104,0.0006696072,0.0009161388,0.00045175353,0.00096104335,0.0006579397,0.0012054184
syn-0374,1,0,4,8,8,0.00043697812,0.0004460321,0.0005286427,0.00037706672,0.00062992814,0.00048843736,0.00089247135,0.0008427088,0.9929134,0.0010473607,0.0011602428,0.00023665464
syn-0375,1,0,4,8,8,0.000331035,0.00058639963,0.00041887633,0.0003128061,0.0005300266,0.00035619072,0.0010636486,0.00076034106,0.99066365,0.0028346821,0.0018423125,0.00029994265
syn-0383,1,0,4,2,2,0.0007502837,0.0005518755,0.9915006,0.0009840648,0.00052840635,0.00032617812,0.0010428109,0.001253272,0.0005809078,0.00063769094,0.00078131526,0.0010625998
syn-0393,1,0,4,2,2,0.00096089824,0.0007414377,0.9903927,0.0015941471,0.0005280736,0.00034886497,0.001295716,0.0010206258,0.00059228134,0.00062343926,0.00060721574,0.0012946883
syn-0399,1,0,4,8,8,0.00038500864,0.00048479903,0.0004924335,0.00028140337,0.000745392,0.0007545467,0.0008343919,0.0008706009,0.9864802,0.0028034812,0.0055972096,0.00027062296
syn-0402,1,0,4,1,1,0.0016898047,0.9856146,0.0006797491,0.001408442,0.0014496074,0.0013617801,0.001369114,0.0006924794,0.0006511598,0.001253306,0.0016430215,0.0021869033
syn-0403,1,0,4,9,9,0.0009688753,0.0015359285,0.00047104072,0.00086005416,0.00085837604,0.0005416353,0.00038520386,0.000655894,0.0032840709,0.98891,0.00096556946,0.0005632117
syn-0406,1,0,4,4,4,0.23301522,0.0026037775,0.0016357796,0.008415235,0.7135443,0.005699683,0.0043541235,0.0022054855,0.0015113723,0.0066441107,0.010804221,0.009566753
syn-0419,1,0,4,1,1,0.00083119574,0.9908925,0.0005925803,0.0011000806,0.0007006208,0.00095997594,0.0007713624,0.0006376111,0.0005224398,0.0009322598,0.0010119582,0.0010474003
syn-0422,1,0,4,1,1,0.00084557524,0.990954,0.0009005498,0.0011428571,0.00059551775,0.0009093873,0.00078854774,0.0008711397,0.0004889037,0.00090011023,0.0006432797,0.0009600355
syn-0425,1,0,4,5,5,0.0013860964,0.0015374561,0.00030086414,0.00075637235,0.007564853,0.9811715,0.0014872459,0.0008094904,0.0010876938,0.0007686587,0.00070158247,0.0024282243
syn-0429,1,0,4,2,2,0.0030834374,0.004440607,0.95469946,0.0019015068,0.0013457391,0.0012592763,0.0034549728,0.012712032,0.0025876549,0.0040853894,0.003288719,0.0071412567
syn-0436,1,0,4,6,6,0.00055379164,0.0007343715,0.00078805804,0.0008667812,0.0006336864,0.00081109104,0.9920325,0.00029454767,0.00085731054,0.00063803303,0.0010503989,0.00073940883
syn-0444,1,0,4,5,5,0.0016162402,0.0017776948,0.00050142186,0.0014103983,0.0049083726,0.96978587,0.01442651,0.0012152458,0.0010333821,0.00083890394,0.0008130936,0.001672846
syn-0445,1,0,4,6,6,0.00080124993,0.00080595847,0.0009285589,0.0008800008,0.0007630662,0.00124936,0.9879233,0.00033076468,0.0039131986,0.00065716205,0.00093310396,0.0008142652
syn-0454,1,0,4,11,11,0.00069228327,0.0011619065,0.0010787937,0.0006634906,0.0010099749,0.0008582015,0.0013769377,0.001130566,0.0003883357,0.0008046326,0.0006765768,0.9901584
syn-0463,1,0,4,11,11,0.00069995096,0.0009229929,0.001205133,0.00066594395,0.0006867479,0.00076239096,0.000996046,0.0013357531,0.00037374315,0.0007088937,0.0007299693,0.9909123
syn-0465,1,0,4,7,7,0.0020218187,0.0005143882,0.0022467081,0.001045199,0.0006271717,0.0036929084,0.0007986475,0.9851955,0.00085306657,0.0008041256,0.001133999,0.0010663342
syn-0471,1,0,4,5,5,0.0019390895,0.0035400728,0.00042549378,0.0008963828,0.008389159,0.97630614,0.00091495534,0.0011532283,0.000729466,0.0010438918,0.0007167554,0.0039453823
syn-0481,1,0,4,9,9,0.000680132,0.0007278959,0.0006439361,0.0007440667,0.00061414816,0.00037377505,0.00036262916,0.000990795,0.0016070416,0.99099684,0.0015500112,0.0007086081
syn-0492,1,0,4,6,6,0.00054826913,0.00057430065,0.0009742983,0.0009800236,0.0006549119,0.00076287077,0.99226236,0.00036344698,0.00066750287,0.00047518295,0.0011302747,0.0006065823
syn-0497,1,0,4,5,5,0.0020270038,0.0024573011,0.00046835485,0.00081479544,0.0018134493,0.97276527,0.0027833825,0.010743312,0.0018370666,0.0014202686,0.0011207851,0.0017490938
syn-0002,2,0,0,1,1,0.0010201782,0.9906837,0.0006029617,0.0008937342,0.00073158473,0.0009104719,0.00069163664,0.00052694074,0.0005187713,0.0010281795,0.0009593051,0.0014325483
syn-0004,2,0,0,10,10,0.00087156694,0.0007498717,0.001026957,0.00073107163,0.001026957,0.00058058876,0.0033878768,0.0012718431,0.048477132,0.0048116185,0.9363877,0.00067679136
syn-0011,2,0,0,10,10,0.00066625857,0.001192383,0.00075940654,0.0006413606,0.0009018175,0.00088351156,0.001807986,0.0007288891,0.029922482,0.0049932282,0.95666546,0.0008373092
syn-0013,2,0,0,6,6,0.0006533937,0.00061201095,0.0010942284,0.0009375441,0.00052220415,0.000891123,0.99141335,0.0003645573,0.0006685619,0.00045060797,0.00150167,0.0008906881
syn-0017,2,0,0,3,3,0.0007525962,0.0012203917,0.0010127288,0.9897121,0.0009775049,0.001047942,0.0012064683,0.00080860144,0.00042714455,0.001354814,0.0007799059,0.0006997862
syn-0018,2,0,0,3,6,0.0020641303,0.0029755584,0.0029842886,0.3659305,0.005280118,0.0031628287,0.6080493,0.0008964836,0.0016217375,0.0021120482,0.0021058696,0.0028172021
syn-0025,2,0,0,8,8,0.00046923116,0.00047060792,0.0005646207,0.00034632746,0.0006701764,0.0004900721,0.00080484233,0.0010069138,0.99283737,0.0009469478,0.0010899303,0.00030295842
syn-0031,2,0,0,0,0,0.99002004,0.0010046696,0.0009732839,0.000736469,0.0016987053,0.0008896534,0.0006993207,0.0011009919,0.00055132055,0.0007187066,0.000760961,0.0008460167
syn-0036,2,0,0,5,5,0.001137533,0.0010043597,0.00041450938,0.00079045084,0.003457114,0.98802453,0.0011724966,0.0009488214,0.00074655894,0.0006840782,0.0007186602,0.00090096175
syn-0037,2,0,0,8,8,0.0013144305,0.0024128903,0.0013312239,0.0012050119,0.0024592793,0.0020538017,0.007503329,0.001231181,0.7100928,0.008024389,0.26122856,0.0011431128
syn-0039,2,0,0,1,1,0.0010559587,0.9909731,0.00068645476,0.0010495333,0.00083778304,0.000983061,0.00075983617,0.00047992513,0.0005422355,0.00076804246,0.0007721788,0.0010918749
syn-0064,2,0,0,6,6,0.0006344847,0.0006261748,0.001315858,0.0011075903,0.0007288625,0.00066201854,0.989893,0.0003041319,0.0010530066,0.00045300313,0.0020267526,0.001195108
syn-0076,2,0,0,5,5,0.0016880096,0.002243221,0.00041642576,0.0011500692,0.0022391176,0.98583025,0.0017925501,0.0011400054,0.0009734333,0.001125899,0.0006269633,0.00077419623
syn-0081,2,0,0,10,10,0.00052394526,0.0009061807,0.0005355851,0.00059486844,0.00082872075,0.0006514239,0.0014247091,0.00036045376,0.0025253654,0.0012668144,0.9898735,0.0005083213
syn-0082,2,0,0,1,6,0.0034301905,0.25399214,0.004264774,0.008548038,0.0041335607,0.100440845,0.40826344,0.004688515,0.019468969,0.013123608,0.16592272,0.013723235
syn-0083,2,0,0,0,0,0.9876466,0.0012325012,0.000941997,0.0011354334,0.002795171,0.0013135934,0.0008025915,0.0008931722,0.00072472706,0.0008901246,0.000793241,0.00083090365
syn-0095,2,0,0,11,11,0.0006040641,0.0010787026,0.0013045036,0.0005592138,0.0006162791,0.0007100259,0.0011292294,0.00087740726,0.00038565756,0.00076659734,0.00092627446,0.99104214
syn-0100,2,0,0,2,2,0.0007907882,0.0005723714,0.992315,0.0008817574,0.0004360755,0.00029549596,0.0010737123,0.0008567176,0.0005654269,0.00048458079,0.0006527118,0.0010753518
syn-0121,2,0,0,9,9,0.00063872006,0.0012852198,0.0005321094,0.0008828866,0.000534192,0.00039006062,0.00042216817,0.0008201328,0.001694398,0.9897121,0.002086627,0.001001419
syn-0123,2,0,0,10,10,0.0004419231,0.00055728096,0.00059438223,0.00052685064,0.0004031622,0.00033033927,0.00146323,0.0004584068,0.0020474265,0.0012408422,0.99148214,0.00045395197
syn-0134,2,0,0,5,5,0.0020628078,0.0008261565,0.00058468967,0.0009887799,0.00511548,0.9738864,0.0012852119,0.005867791,0.0051581184,0.0014894166,0.0019368826,0.0007983959
syn-0135,2,0,0,0,0,0.9899178,0.0010453487,0.0011038387,0.0007747537,0.0013044559,0.0009231929,0.0008538138,0.001122317,0.0006649508,0.00078810786,0.0007043887,0.00079700863
syn-0138,2,0,0,4,4,0.0009659988,0.0007965512,0.00073202804,0.0013801868,0.988384,0.0011203046,0.00087569514,0.0008688805,0.0009937471,0.0007600745,0.001595874,0.0015265157
syn-0144,2,0,0,9,9,0.00069090875,0.001026095,0.00052305544,0.00094944617,0.0005307737,0.0003566928,0.0003511628,0.00060645875,0.00148503,0.9910918,0.0015979034,0.0007905851
syn-0148,2,0,0,7,7,0.0011864911,0.0012885529,0.0016937709,0.0005474757,0.0011663863,0.006669619,0.0006295256,0.9726114,0.002600249,0.0022898149,0.0022204483,0.0070963064
syn-0150,2,0,0,3,3,0.0009607338,0.024753466,0.0011182864,0.96210325,0.0018285015,0.0009449158,0.0023544435,0.0005479445,0.0007864287,0.002468038,0.000962612,0.001171382
syn-0151,2,0,0,10,11,0.0030355742,0.008072216,0.0044296933,0.0026399295,0.0057464615,0.0071202274,0.010704396,0.0036189423,0.01120853,0.041945755,0.43665814,0.46482018
syn-0152,2,0,0,3,4,0.0019636464,0.0010717944,0.00077236176,0.017716743,0.97108734,0.0013293186,0.0013293186,0.000585291,0.000992701,0.0011210394,0.0010103051,0.0010202198
syn-0158,2,0,0,1,1,0.0010932527,0.9907712,0.000694066,0.000934424,0.0006456783,0.0007245391,0.00087952625,0.00055988046,0.0006080413,0.0010054319,0.00093488034,0.0011490806
syn-0160,2,0,0,5,5,0.0011402323,0.0015258983,0.00055543357,0.0013345319,0.0007459592,0.987713,0.0014634619,0.0023129121,0.0008594326,0.00053415523,0.0006570222,0.0011579057
syn-0161,2,0,0,2,2,0.00088256435,0.00053139596,0.9917692,0.000993627,0.0005445292,0.00031162982,0.0012060094,0.0009610599,0.0005861947,0.00050336134,0.00065330917,0.0010570651
syn-0163,2,0,0,4,4,0.0012779585,0.0007074808,0.0005870953,0.0012788948,0.9894204,0.0013892443,0.0006225232,0.00064479804,0.0020146875,0.0008170935,0.00047220523,0.00076758827
syn-0165,2,0,0,8,8,0.0014749197,0.0019886016,0.0020738854,0.0015010752,0.0028835256,0.0010499682,0.008940626,0.0014879401,0.703168,0.010054669,0.26429877,0.001078021
syn-0169,2,0,0,4,4,0.0023551658,0.0005672399,0.00051647786,0.0013747625,0.986304,0.002325739,0.0007886892,0.0005772991,0.0014984972,0.001782553,0.00078369863,0.0011258902
syn-0170,2,0,0,6,6,0.00068931637,0.0005661862,0.0011111129,0.0011127415,0.00075595774,0.0007316269,0.990257,0.0002880522,0.0009123045,0.00056508137,0.0020985075,0.00091208174
syn-0174,2,0,0,10,10,0.0004556542,0.00056817936,0.0005051025,0.00040270286,0.0005140598,0.00037225746,0.00090950116,0.00058222166,0.0012210321,0.0010719158,0.99277323,0.00062417536
syn-0175,2,0,0,11,11,0.0029344587,0.022546628,0.002690182,0.0042157504,0.004090038,0.007406102,0.009666455,0.0024977496,0.005612299,0.011755008,0.21204455,0.71454084
syn-0176,2,0,0,10,10,0.00040564922,0.0005434672,0.0004992008,0.0005381857,0.00064004824,0.00030590122,0.001920184,0.00042016397,0.0015630054,0.0017802209,0.9908021,0.00058191747
syn-0186,2,0,0,3,3,0.00072815863,0.0015912213,0.000889983,0.99087054,0.0009524842,0.0007270928,0.0011648731,0.0005316927,0.0004048857,0.0007505396,0.00053533976,0.0008531762
syn-0198,2,0,0,0,0,0.75324255,0.021997746,0.005429082,0.024301779,0.10476619,0.042536557,0.022219045,0.002454259,0.0018634587,0.00816994,0.0046801614,0.008339218
syn-0203,2,0,0,8,8,0.0003277931,0.00062386703,0.00050423713,0.00036283382,0.00072511326,0.0005212604,0.001204445,0.00070280384,0.9905884,0.0013311664,0.0028000767,0.0003079331
syn-0206,2,0,0,8,8,0.00055012444,0.0005948263,0.0006041934,0.00036219246,0.0010676662,0.0006900106,0.0007384682,0.0010317903,0.9811421,0.002345129,0.010309371,0.00056427123
syn-0221,2,0,0,11,11,0.000785908,0.001827514,0.0011359766,0.0006241377,0.000550262,0.0012528151,0.0015429652,0.0006650402,0.00056056725,0.000645524,0.0013248527,0.98908454
syn-0234,2,0,0,4,6,0.0010376998,0.00078444515,0.0010906907,0.005590611,0.007241857,0.0021601135,0.9747893,0.00023738045,0.002385343,0.0012250997,0.0024502706,0.0010072475
syn-0237,2,0,0,4,4,0.0016852053,0.0005832807,0.00053970993,0.0012518034,0.99021786,0.0010004642,0.00058470643,0.0005318617,0.0010484775,0.0009936483,0.0007456631,0.00081735285
syn-0240,2,0,0,6,6,0.001104066,0.001135226,0.0008644783,0.0032545514,0.0058274176,0.00437734,0.97810876,0.0002924056,0.0019256705,0.001069053,0.00093472394,0.0011062245
syn-0241,2,0,0,1,1,0.0013665472,0.9890648,0.00053228094,0.0018484553,0.0016155017,0.0012175111,0.00077484245,0.00043021317,0.0004932418,0.0010249969,0.0005507886,0.0010807639
syn-0252,2,0,0,8,8,0.00042356094,0.00055921247,0.00055567396,0.00032858353,0.0005630483,0.00040337603,0.00080475915,0.0008470948,0.992008,0.0011963464,0.0019961793,0.00031414957
syn-0258,2,0,0,3,3,0.0026909402,0.0041132234,0.0016946705,0.9048432,0.019738408,0.051649496,0.0065464876,0.0013044344,0.0009798427,0.0028214583,0.001593551,0.0020242974
syn-0268,2,0,0,6,6,0.0007188187,0.00058696925,0.0010840918,0.0011226082,0.0010563965,0.0007711799,0.98920804,0.0002869053,0.0008670609,0.0005753353,0.0019910312,0.0017315282
syn-0270,2,0,0,10,10,0.00096179947,0.001165261,0.0005363685,0.0008504444,0.0031123157,0.0007903824,0.003015087,0.00036010076,0.0016771248,0.0034349414,0.9831268,0.00096934295
syn-0271,2,0,0,2,2,0.00092145585,0.0009994986,0.9885379,0.0020363692,0.00048015043,0.000353005,0.0014490344,0.0012330114,0.00070032245,0.00090584223,0.00080018403,0.0015832904
syn-0272,2,0,0,3,3,0.024788683,0.039342344,0.019698234,0.7536576,0.041736808,0.0048835655,0.08724219,0.001023651,0.002262215,0.007600838,0.009079261,0.008684669
syn-0289,2,0,0,8,8,0.066419266,0.035154644,0.0042626606,0.005207442,0.04350568,0.20339052,0.011067303,0.01649275,0.56930983,0.030045511,0.006058462,0.009085951
syn-0290,2,0,0,0,0,0.96752465,0.0010985369,0.0012943927,0.0018424,0.017259689,0.003756897,0.0011218457,0.0013433293,0.0012490674,0.0008831303,0.0011924505,0.001433462
syn-0298,2,0,0,7,7,0.0013564939,0.0005106732,0.0009335564,0.0005622358,0.00054947985,0.005033223,0.00040714417,0.98671466,0.0013118732,0.00063090527,0.00065860536,0.0013312317
syn-0311,2,0,0,9,9,0.0008408369,0.002018941,0.0006015061,0.0010660358,0.00080665306,0.00050602446,0.00058413943,0.00065804966,0.0009513982,0.9873274,0.0025798625,0.0020592324
syn-0316,2,0,0,0,0,0.57839644,0.00494581,0.0018445082,0.0072313347,0.05039187,0.3347502,0.0047913035,0.0032562362,0.0027313356,0.004614506,0.0023730255,0.0046734614
syn-0322,2,0,0,2,2,0.0022042212,0.0007370609,0.9879171,0.0021494837,0.00074757205,0.00041853168,0.0012758612,0.0014490971,0.0006045162,0.00050583255,0.00051430025,0.0014764159
syn-0326,2,0,0,1,1,0.0011644188,0.988672,0.0009166443,0.0010664457,0.00066346576,0.0007090199,0.0013143152,0.00055110775,0.0011402253,0.0011902872,0.0008623699,0.0017497074
syn-0334,2,0,0,6,6,0.0012305586,0.0012971928,0.0011944467,0.0040230425,0.0032811079,0.01671581,0.96678114,0.00041562118,0.0010196709,0.00069875875,0.0013442647,0.0019983693
syn-0340,2,0,0,9,9,0.0007396007,0.0010133852,0.00054031133,0.0008467152,0.0006197726,0.0005051032,0.00033483235,0.0009204479,0.001389961,0.9903537,0.0021479572,0.0005882232
syn-0349,2,0,0,5,5,0.0010130074,0.0009605021,0.00040147355,0.00081975776,0.001603539,0.9892595,0.0007223747,0.0019397939,0.00081496855,0.0005838554,0.00061787985,0.001263327
syn-0351,2,0,0,11,11,0.0007154395,0.0019143816,0.0011706667,0.0007102186,0.00069308927,0.001057351,0.00091550796,0.0009923198,0.00031809503,0.00087060296,0.00078231114,0.9898601
syn-0360,2,0,0,0,0,0.98706365,0.0008488615,0.0007282001,0.0010574574,0.0038266897,0.0015051531,0.00085551926,0.0009997151,0.00045436283,0.0009373129,0.0007360647,0.0009871036
syn-0364,2,0,0,4,4,0.0041593714,0.0038543101,0.0016464246,0.004082907,0.6350376,0.2673209,0.0073931897,0.0017819491,0.038174234,0.011774691,0.019994002,0.004780399
syn-0380,2,0,0,4,5,0.0030375675,0.0015553249,0.00062656973,0.0015178128,0.03267487,0.9530365,0.0011417959,0.0017469919,0.0014461871,0.0011626116,0.00083250547,0.0012213847
syn-0381,2,0,0,8,8,0.00050927117,0.0005439725,0.0005239001,0.00028456154,0.0005122639,0.0006128004,0.00065168587,0.0017090176,0.99075526,0.0017512551,0.0017849238,0.00036112737
syn-0384,2,0,0,1,1,0.0014061868,0.9903025,0.0007608065,0.0009726113,0.00067866064,0.0008595848,0.00088903867,0.00054028345,0.0009913101,0.0008877373,0.0006753549,0.0010358449
syn-0403,2,0,0,9,9,0.0011770341,0.002222467,0.00045913615,0.0009531912,0.0010052968,0.00045113591,0.00036249787,0.0005137061,0.0039316234,0.98677593,0.001438967,0.00070904364
syn-0410,2,0,0,10,10,0.001813722,0.0018279471,0.0013360493,0.0013791332,0.0023557416,0.0008167105,0.0028173893,0.0011825187,0.0023499974,0.0065570264,0.9703022,0.007261512
syn-0427,2,0,0,5,5,0.0010574118,0.0011084286,0.0004053858,0.0010107151,0.006568202,0.9843739,0.0010724913,0.0010657052,0.0011138541,0.00066413905,0.0005778599,0.0009820134
syn-0439,2,0,0,6,6,0.0010898425,0.0007921072,0.0010260644,0.00091975817,0.00072794396,0.0011340873,0.9896116,0.00039500403,0.0018502673,0.00045464686,0.00091617234,0.0010824179
syn-0447,2,0,0,7,7,0.0008226935,0.0005543566,0.0009594807,0.00041824608,0.0003705455,0.0018758223,0.0003027259,0.99110705,0.0010219855,0.0007388994,0.00063930807,0.0011888753
syn-0455,2,0,0,2,2,0.013117031,0.07757578,0.3165576,0.22845367,0.034189522,0.010832005,0.07070257,0.08612049,0.013786863,0.053558353,0.008901468,0.08620463
syn-0456,2,0,0,11,11,0.0011845209,0.00224618,0.0015892843,0.008413079,0.0035536354,0.0016566337,0.0030425556,0.00095598114,0.00039195092,0.001650175,0.0009950344,0.97432095
syn-0461,2,0,0,2,2,0.0009403027,0.0005942009,0.9916637,0.000881609,0.00048166869,0.0002976181,0.0010518043,0.0010894394,0.00063561957,0.0005149918,0.0007376917,0.0011114693
syn-0477,2,0,0,7,5,0.033288833,0.053710874,0.0116812,0.008067661,0.08975136,0.413792,0.005833661,0.11763082,0.054756854,0.036878876,0.10508379,0.06952401
syn-0481,2,0,0,9,9,0.0007842109,0.0008516686,0.00061583484,0.0008214448,0.0005601766,0.00037700412,0.0003349871,0.0011343539,0.0012525537,0.99081147,0.001692092,0.0007641767
syn-0486,2,0,0,1,1,0.0009871356,0.9890254,0.0007657847,0.0010783487,0.0005385338,0.00072609325,0.0012959823,0.0005158838,0.0009876176,0.0012258135,0.0011779903,0.0016753863
syn-0487,2,0,0,6,6,0.00066440576,0.0006386409,0.0010121089,0.0009570765,0.00064838136,0.0012903755,0.99104005,0.0003038902,0.0012813035,0.0003701588,0.0011073857,0.00068616605
syn-0490,2,0,0,7,7,0.0015714245,0.0007323877,0.000991327,0.0004664441,0.0010383946,0.010002275,0.0007571135,0.976395,0.0017187238,0.002622021,0.00084709923,0.002857665
syn-0493,2,0,0,8,8,0.00039385044,0.00046543084,0.0005540638,0.0003455412,0.00088495924,0.0004748424,0.00067752856,0.0009021932,0.9925201,0.0009774106,0.0015408769,0.00026313076
syn-0496,2,0,0,8,8,0.00042662202,0.00053510384,0.0006031041,0.00034819878,0.00060694455,0.000424544,0.0008414257,0.0008371228,0.99237025,0.0011831291,0.0015143538,0.0003090901
syn-0497,2,0,0,5,5,0.0017963911,0.0035290436,0.00059761637,0.0009872292,0.0038140013,0.9666782,0.0034727938,0.006263901,0.007213227,0.002498308,0.0014385155,0.0017107837
syn-0499,2,0,0,11,11,0.0009335162,0.000989124,0.001180075,0.0005245508,0.00076247193,0.0007801724,0.00088383537,0.00094821694,0.00030181307,0.0010222676,0.00065632974,0.9910176
syn-0010,2,0,1,9,9,0.0008610628,0.0012358269,0.00051366223,0.00097001164,0.00062506454,0.0004778516,0.00045641468,0.00059122156,0.0038402188,0.9876556,0.002076453,0.0006966292
syn-0015,2,0,1,6,6,0.0010827356,0.0017482525,0.0010077432,0.0013428883,0.000971032,0.0034882936,0.98483986,0.00044981125,0.0023061843,0.0007076525,0.0011897333,0.0008657648
syn-0024,2,0,1,2,2,0.0011733115,0.00070147205,0.98919415,0.0010548354,0.00051748566,0.00037455538,0.0017113312,0.0015956229,0.0007496357,0.00066869595,0.0008867438,0.001372075
syn-0038,2,0,1,5,5,0.0011892166,0.0013452581,0.00039264103,0.0015985576,0.0017607694,0.9875416,0.0014421945,0.0016968331,0.00041674147,0.00047130857,0.0005361528,0.0016086387
syn-0042,2,0,1,9,9,0.0006015059,0.0010849402,0.00072237314,0.0012699729,0.00057902775,0.00038628108,0.00037807057,0.0008495028,0.0013626483,0.9907075,0.0013896091,0.00066841225
syn-0043,2,0,1,9,9,0.0007341445,0.0008376009,0.0008437581,0.000844995,0.0006971133,0.00081103825,0.0007937994,0.001783186,0.0020235765,0.9796933,0.009585834,0.0013516175
syn-0045,2,0,1,9,9,0.0015523523,0.003442573,0.000875053,0.0027271248,0.0015969438,0.0010032532,0.0013712846,0.0008140476,0.0048355837,0.9337282,0.04703557,0.0010180575
syn-0049,2,0,1,8,8,0.0005406356,0.00068979734,0.0004965999,0.00040452214,0.0015296235,0.0003590874,0.00083327416,0.0008340883,0.98998076,0.0020323829,0.0020856652,0.00021358492
syn-0051,2,0,1,3,3,0.0008745681,0.0013394303,0.00070893887,0.98904186,0.0013368169,0.0007113662,0.0012673736,0.0006582275,0.0004941946,0.001941025,0.00087328797,0.00075282133
syn-0052,2,0,1,4,4,0.008182381,0.0021652058,0.0005235932,0.0016762078,0.9738722,0.007515911,0.0011215128,0.00070871215,0.00076108007,0.0010891326,0.0006291117,0.0017549361
syn-0055,2,0,1,3,3,0.00056126,0.0012541336,0.0009807225,0.9912744,0.0008661188,0.00080928486,0.0012948946,0.000435831,0.00035432805,0.00081782555,0.0006954365,0.000655859
syn-0062,2,0,1,7,7,0.0013415836,0.00071660936,0.0018514965,0.0005657785,0.00047180327,0.0027203483,0.00042748929,0.9876132,0.0018079445,0.00092329504,0.0006262597,0.00093417853
syn-0063,2,0,1,1,1,0.0012204159,0.9904569,0.00077669113,0.0010668072,0.00059231976,0.00083083025,0.0009391583,0.0005211911,0.00054995023,0.00084021344,0.0011248488,0.0010807007
syn-0068,2,0,1,10,9,0.0043172487,0.003022768,0.0033166206,0.007890391,0.012051987,0.0017477362,0.010483739,0.004454293,0.18037538,0.70784676,0.05942343,0.0050696046
syn-0075,2,0,1,7,7,0.0014692727,0.0008743491,0.0015647963,0.0007291206,0.00084662106,0.004108622,0.0007574254,0.9834975,0.0017244768,0.0011560643,0.0012294229,0.0020423124
syn-0079,2,0,1,1,1,0.00082201953,0.98138994,0.0008758902,0.0032698566,0.0012669674,0.002165733,0.0036110166,0.00040258127,0.00082121725,0.0010431971,0.0016625534,0.002669039
syn-0080,2,0,1,3,3,0.00072354276,0.0013272701,0.00085818005,0.9908591,0.0011511481,0.0006289318,0.0011695615,0.00047196914,0.00045566476,0.0009390811,0.0007228365,0.00069277314
syn-0087,2,0,1,5,5,0.0022754183,0.002003153,0.00062633166,0.0020277554,0.0033022375,0.95920914,0.0061942944,0.0021893168,0.010059242,0.0016143011,0.008282592,0.0022162055
syn-0103,2,0,1,11,11,0.005799207,0.03712492,0.0025862944,0.0036153437,0.0055181268,0.0039842734,0.0034938604,0.001835749,0.0006507324,0.007977051,0.0075285877,0.9198857
syn-0105,2,0,1,4,4,0.006316245,0.0008725221,0.00055732345,0.0017869149,0.9824013,0.0021308395,0.000801845,0.00060026103,0.000661192,0.0011002818,0.001019086,0.0017520321
syn-0108,2,0,1,8,8,0.0006951906,0.0012594423,0.00068041414,0.00039034756,0.0011141708,0.00090935966,0.0018432463,0.0010990415,0.96749663,0.0030626478,0.02047579,0.00097369694
syn-0114,2,0,1,4,4,0.0015480234,0.0010418341,0.0008400035,0.017272025,0.9691622,0.0016438442,0.0027253465,0.0006062147,0.0010843946,0.0012275807,0.00139784,0.0014506875
syn-0118,2,0,1,5,5,0.0014134294,0.0011686316,0.00033793921,0.000638484,0.0015603278,0.9898295,0.0010059488,0.0012933402,0.0007822869,0.0005389716,0.00045652682,0.000974523
syn-0120,2,0,1,3,3,0.00063331384,0.001328223,0.0007616876,0.99096537,0.0009255245,0.0005572625,0.001130521,0.00052992924,0.00050050346,0.0011745518,0.0008911554,0.0006019563
syn-0124,2,0,1,6,6,0.0007602077,0.00065694185,0.001086557,0.003388764,0.0012952106,0.0009581812,0.9875923,0.0003148965,0.00078395644,0.0005320078,0.0016764341,0.0009544457
syn-0129,2,0,1,11,11,0.0011069751,0.0018910905,0.0015744817,0.0010088971,0.0007949918,0.00076453615,0.002344611,0.0008122565,0.0005558073,0.0013619352,0.001335267,0.98644906
syn-0130,2,0,1,6,8,0.0012605038,0.0014693672,0.001741512,0.0011852907,0.0039958614,0.0007872641,0.0046474617,0.0018683696,0.9725768,0.0021525812,0.0072113206,0.001103734
syn-0136,2,0,1,6,6,0.0008479094,0.0012960677,0.000761547,0.0019587348,0.0012136848,0.0018269678,0.98691976,0.00020921441,0.00061913335,0.00073344616,0.0026015628,0.0010118459
syn-0143,2,0,1,1,1,0.0035164526,0.9545237,0.0014045656,0.0015838289,0.0009979333,0.0025947692,0.0013977241,0.0012516889,0.024847943,0.002756728,0.003333377,0.0017912114
syn-0145,2,0,1,2,2,0.0045057554,0.0034682031,0.9318227,0.037790753,0.003231932,0.0018236035,0.0028038407,0.0037354021,0.0016849113,0.003008082,0.0018379062,0.0042868434
syn-0149,2,0,1,8,8,0.00076418737,0.0009964448,0.0005135524,0.00034143214,0.00086298306,0.0006510958,0.0007911448,0.0008103018,0.99034154,0.001474179,0.00203685,0.00041629374
syn-0153,2,0,1,4,5,0.043606833,0.0029703814,0.0010842385,0.0020665848,0.043606833,0.8948877,0.0029143519,0.00210426,0.0011931311,0.0016694905,0.0011329481,0.0027632976
syn-0162,2,0,1,9,9,0.00082656613,0.0013923723,0.00059419154,0.0007170819,0.0006236202,0.00039465897,0.0005383823,0.0008277777,0.0023870813,0.9897132,0.0013032313,0.0006819095
syn-0166,2,0,1,5,5,0.0032448142,0.0015819755,0.00037967117,0.0007488247,0.0032242823,0.98523325,0.001128243,0.0011007629,0.0007959529,0.00059730664,0.00072154554,0.0012433752
syn-0171,2,0,1,6,6,0.0012527729,0.0017397274,0.0009770907,0.0011246244,0.0012582903,0.0024027273,0.9799178,0.0005630171,0.0080111,0.00096901366,0.0009054278,0.00087842817
syn-0181,2,0,1,10,10,0.0012380253,0.0027173313,0.0017682014,0.002017378,0.0018296826,0.0006511205,0.009438221,0.0016337227,0.117020085,0.012107086,0.8479438,0.0016353187
syn-0184,2,0,1,2,2,0.00090568105,0.00070500077,0.99126184,0.0009172522,0.00045674117,0.0003216715,0.0012185038,0.0011488079,0.0006678073,0.00058503717,0.0007671417,0.0010444705
syn-0190,2,0,1,3,1,0.0042443858,0.78510064,0.002114503,0.17212722,0.0052245087,0.015374442,0.0044917287,0.0018751761,0.0010185203,0.003960068,0.0009690358,0.0034998704
syn-0196,2,0,1,4,4,0.36537495,0.0023838037,0.0022724215,0.0036473123,0.60240144,0.007047133,0.0042881514,0.0028782259,0.0024284474,0.0017338393,0.001534597,0.0040097022
syn-0201,2,0,1,0,0,0.990226,0.001032987,0.0009329982,0.00080626074,0.0009711125,0.0010988038,0.00086625956,0.0011248612,0.0005584805,0.00073160394,0.00076223497,0.00088853604
syn-0204,2,0,1,1,1,0.0012895456,0.9906218,0.0006686808,0.0009095265,0.0004998416,0.0012341032,0.00083707715,0.0007004294,0.00081132294,0.00077265926,0.00075218524,0.0009028891
syn-0205,2,0,1,2,2,0.0009373097,0.00075813057,0.99068165,0.001052303,0.0004467714,0.00030977186,0.0013171475,0.001055906,0.0006487801,0.0006693746,0.00091738696,0.0012054408
syn-0209,2,0,1,7,7,0.0018484554,0.0016094984,0.0030443792,0.00075657,0.001052447,0.015166465,0.0012794501,0.9671563,0.0024505998,0.0014343163,0.0016999692,0.0025016805
syn-0213,2,0,1,0,0,0.9899358,0.0010095013,0.0009539117,0.00075941155,0.0011593787,0.000999935,0.00084223534,0.0010112281,0.0007102729,0.0007374859,0.00088870944,0.0009921534
syn-0218,2,0,1,8,8,0.00041829492,0.00057510124,0.0006606459,0.00038086186,0.00097637123,0.00065614516,0.0023373375,0.0015293125,0.9844699,0.0013873647,0.0061829216,0.00042571276
syn-0223,2,0,1,6,6,0.00075340923,0.0005847536,0.0010265252,0.0009990801,0.00068665715,0.0009101171,0.9898142,0.00042056566,0.0018943016,0.00051327894,0.0015879734,0.0008090798
syn-0225,2,0,1,7,7,0.0013096819,0.0006725226,0.0018165385,0.0006442371,0.0011860912,0.0048070196,0.0004559412,0.9732336,0.0036569876,0.006980525,0.002081655,0.0031552154
syn-0232,2,0,1,8,8,0.00057579536,0.0010495263,0.000582014,0.00042084968,0.00080528925,0.001028473,0.00080962613,0.0012044634,0.98855,0.0038643968,0.00081637467,0.00029322717
syn-0243,2,0,1,10,10,0.0006114076,0.00092187384,0.00070406956,0.00066529895,0.00044753385,0.0007207661,0.0010122332,0.0006724842,0.0011567124,0.0016153734,0.990436,0.0010362376
syn-0251,2,0,1,10,10,0.0006109689,0.0007149929,0.0006065103,0.0007209526,0.00047235074,0.0006032614,0.001232234,0.0005508873,0.00245688,0.0017970531,0.98972535,0.0005084934
syn-0253,2,0,1,3,3,0.0005451684,0.0009910363,0.0009883783,0.9914801,0.00085599686,0.000718713,0.001204132,0.0006614631,0.00046721895,0.00059438107,0.0007261205,0.0007673106
syn-0257,2,0,1,4,4,0.0019018637,0.0013843175,0.00056590786,0.0017380196,0.9668423,0.020542027,0.0013010812,0.0011904464,0.001410243,0.0011662816,0.00064945046,0.0013080882
syn-0260,2,0,1,11,11,0.0038951559,0.008577671,0.0025495214,0.0024977687,0.0046098293,0.008228951,0.013119363,0.0046596155,0.0026562656,0.0121186245,0.030280836,0.90680647
syn-0273,2,0,1,0,0,0.98931926,0.0015472928,0.00083353097,0.0009845401,0.0011045188,0.0014523056,0.0007534002,0.0011050581,0.00045185717,0.0007497305,0.00063504645,0.0010635025
syn-0279,2,0,1,0,0,0.9903314,0.0011615423,0.00084133854,0.0007029647,0.0009683747,0.0012247383,0.00073418696,0.0011677977,0.0006301335,0.0008368318,0.0005796564,0.00082104676
syn-0291,2,0,1,1,1,0.0010087752,0.99043196,0.0007134102,0.001062362,0.00059346284,0.00081752957,0.00074947503,0.0005836917,0.00043673822,0.00093776005,0.0012350722,0.0014299133
syn-0292,2,0,1,11,11,0.000780358,0.0010210141,0.0014949238,0.0006024253,0.0006131084,0.0009598567,0.0011502013,0.0011227343,0.00034041415,0.0009669128,0.00066228124,0.9902858
syn-0293,2,0,1,0,0,0.7752958,0.012657558,0.0058619305,0.0049749557,0.07721578,0.018139414,0.008110715,0.004641699,0.07654011,0.006863337,0.0035554403,0.00614325
syn-0302,2,0,1,10,10,0.0004880928,0.00051628443,0.0005321531,0.00044877478,0.0004800566,0.00045807322,0.0011121188,0.0006526447,0.0016544247,0.0010394916,0.99221295,0.00040503847
syn-0318,2,0,1,11,11,0.0012507995,0.0018397262,0.00158425,0.0009494695,0.00083708606,0.0007726675,0.0022632468,0.0007202053,0.0004471856,0.0011176566,0.0014474149,0.9867703
syn-0352,2,0,1,8,8,0.00037913458,0.00073044427,0.0006058553,0.00033589464,0.00051973603,0.0004894402,0.0008372541,0.001102836,0.99252594,0.0011206134,0.0010497675,0.0003031593
syn-0356,2,0,1,8,8,0.0005218515,0.0015554903,0.00050185964,0.0003829149,0.0014705529,0.00060182164,0.002171745,0.00071468094,0.98784536,0.0016009536,0.0021616945,0.00047099334
syn-0358,2,0,1,2,2,0.001223995,0.0009071564,0.98611253,0.00082034816,0.00048131688,0.00048272902,0.0018640925,0.0025672691,0.0011895269,0.0009718121,0.001459219,0.0019200251
syn-0359,2,0,1,4,4,0.0012712969,0.0014529304,0.0007110467,0.0014532852,0.9847436,0.0018533424,0.001963143,0.0006966132,0.00232291,0.00074589864,0.0005393533,0.0022465
syn-0373,2,0,1,11,11,0.0008263875,0.001956198,0.0012743216,0.00072857254,0.0006662945,0.0010484844,0.0011322986,0.00074439484,0.00029959012,0.0011223905,0.00070168846,0.98949933
syn-0375,2,0,1,8,8,0.0003281516,0.0006205975,0.00044809227,0.000295593,0.00049988297,0.0004254899,0.0010510429,0.0010249425,0.98973686,0.0029534856,0.0022518358,0.00036394084
syn-0376,2,0,1,5,5,0.0009715779,0.001102825,0.00043197794,0.00071499875,0.00084928935,0.9892503,0.0020704332,0.0019487948,0.00060918654,0.00041380952,0.0006866011,0.0009502305
syn-0378,2,0,1,2,2,0.00097256224,0.00068914494,0.9904943,0.0010684113,0.00045817374,0.00036671764,0.0014070842,0.0012416503,0.00073394924,0.00066242064,0.0007714289,0.0011341294
syn-0386,2,0,1,10,10,0.0009779291,0.0009313258,0.0010845851,0.0008625981,0.00059750426,0.000833206,0.002132086,0.001167859,0.0013474831,0.001453424,0.98652214,0.002089827
syn-0388,2,0,1,5,7,0.02972646,0.0047011133,0.0055500944,0.0424981,0.010404443,0.35739943,0.018610293,0.50009173,0.008791417,0.008020326,0.0061194436,0.008087178
syn-0391,2,0,1,0,0,0.99034107,0.0011749588,0.00090351526,0.00075013854,0.00086975103,0.0011698066,0.0007754636,0.0009721743,0.0006122452,0.0007969602,0.0008274944,0.0008063545
syn-0397,2,0,1,1,1,0.0010603833,0.9905199,0.0006935512,0.0010988617,0.00057413254,0.0008378089,0.0008292619,0.0005586463,0.0004216883,0.0009866982,0.0011183484,0.0013007956
syn-0419,2,0,1,1,1,0.0010760219,0.9909958,0.0007034363,0.0009971032,0.0005794791,0.00086566404,0.0007951541,0.0006171536,0.00048654285,0.00081600033,0.0009067652,0.0011609036
syn-0423,2,0,1,9,9,0.00076537865,0.0012490228,0.00060546433,0.0010584801,0.0005327573,0.00046377248,0.0005693368,0.0012496328,0.002152067,0.9889837,0.0017932969,0.0005771742
syn-0428,2,0,1,8,1,0.0018622621,0.9834621,0.00079297164,0.0010083008,0.0010048603,0.0014372892,0.00086582097,0.0006902927,0.004876552,0.0011548942,0.0019416538,0.0009029529
syn-0435,2,0,1,10,10,0.00049487967,0.0005626921,0.00046831399,0.0004907888,0.00040787275,0.0005665518,0.001037479,0.0007432652,0.0012908484,0.0011076309,0.99234915,0.00048059155
syn-0450,2,0,1,10,10,0.0006065814,0.0006051022,0.0006816648,0.00048716387,0.00045011318,0.00054533134,0.001179106,0.0008577171,0.001298794,0.0010894302,0.9912922,0.000906815
syn-0458,2,0,1,6,6,0.0008060492,0.00050036516,0.0011284853,0.0010074395,0.0005355045,0.00093093346,0.99165946,0.00050675793,0.0006849207,0.0003352738,0.0011545416,0.0007504039
syn-0463,2,0,1,11,11,0.00079951884,0.0009644038,0.0014833407,0.0007226579,0.0006064625,0.0007580788,0.0009901706,0.0014640919,0.0003337776,0.00086448604,0.00088239776,0.99013054
syn-0474,2,0,1,0,0,0.989592,0.0012373433,0.0007466488,0.0012154864,0.001473333,0.0014246951,0.00075951853,0.000847718,0.0004672409,0.0009898737,0.00051466934,0.0007314926
syn-0476,2,0,1,7,7,0.0013165909,0.0010114388,0.0016736987,0.00092950906,0.0008356512,0.028887954,0.0008731929,0.9566376,0.0025446198,0.0023078702,0.0014737921,0.0015080054
syn-0480,2,0,1,1,1,0.004338427,0.49319774,0.008248983,0.06681227,0.029060131,0.0071598454,0.048857037,0.0023982476,0.0027929042,0.010468503,0.022221569,0.30444434
syn-0488,2,0,1,10,10,0.0006149749,0.0004142882,0.0004924601,0.0004653421,0.0011245036,0.00065559696,0.0015102094,0.0004987518,0.0033702874,0.0019610776,0.9874973,0.0013951606
syn-0491,2,0,1,10,10,0.00054955576,0.000547146,0.00044309234,0.00044482655,0.00047722927,0.00047351542,0.0009115001,0.0006908136,0.0015199673,0.0012743286,0.9921657,0.0005023346
syn-0498,2,0,1,7,7,0.0010532012,0.00090173073,0.0013255328,0.00055499794,0.00040683898,0.0030208705,0.00052597484,0.9879026,0.001832027,0.0006475923,0.00070364156,0.0011249651
syn-0003,2,0,2,2,2,0.0008175853,0.00063658063,0.9912252,0.001015516,0.0004703028,0.0003328439,0.001352957,0.001081275,0.00061519013,0.00053526997,0.00074097473,0.0011763665
syn-0007,2,0,2,6,6,0.0021589536,0.0014464482,0.00082536956,0.0011776779,0.0026362601,0.0045365985,0.97867626,0.00034272383,0.0043585454,0.00073841284,0.0015540873,0.0015487847
syn-0009,2,0,2,8,8,0.00039346886,0.0005253498,0.0004441204,0.00028092504,0.000838892,0.0005151887,0.0013999579,0.0007055561,0.99155843,0.0012521981,0.0017955529,0.00029040923
syn-0019,2,0,2,0,0,0.9860525,0.0010957768,0.0008206989,0.0013282289,0.002157376,0.0011579363,0.0011882934,0.0006853849,0.00049753604,0.0011687287,0.0028450056,0.0010025997
syn-0022,2,0,2,10,10,0.009396499,0.090821125,0.0052915877,0.015594667,0.011983147,0.015386664,0.020006843,0.0044516143,0.0063146744,0.05271745,0.41954267,0.34849307
syn-0034,2,0,2,0,0,0.9887222,0.0010271465,0.0007533133,0.000682892,0.0015138604,0.0018523316,0.0009393464,0.0012751875,0.0004143972,0.00077117764,0.0009077824,0.0011402833
syn-0058,2,0,2,9,9,0.0007710301,0.0012631699,0.00044711036,0.0007877744,0.0008304321,0.000582004,0.0004000051,0.00075059925,0.006293903,0.983718,0.0034775212,0.00067844114
syn-0059,2,0,2,3,3,0.0007722752,0.0013745464,0.0010223493,0.98916304,0.0012455948,0.0014049116,0.0013340464,0.000599982,0.00036019503,0.0012155529,0.0007024782,0.0008050022
syn-0061,2,0,2,4,4,0.0013185526,0.0006951678,0.0005171095,0.0010939194,0.989441,0.0013672336,0.00096703175,0.0006429251,0.0010965933,0.0007016471,0.000838123,0.001320808
syn-0065,2,0,2,11,11,0.0007473815,0.0010460301,0.0014369601,0.0005359582,0.00068316195,0.0010478193,0.0010716205,0.0011159425,0.00030792522,0.0006624666,0.00078172074,0.99056304
syn-0067,2,0,2,5,5,0.0010556789,0.0010875955,0.00047362965,0.0008944132,0.0010822979,0.9895019,0.0012073905,0.0016689453,0.0006698845,0.00046628673,0.00079356774,0.0010984025
syn-0069,2,0,2,11,11,0.00097049004,0.001818184,0.0018010369,0.0007103725,0.0008481313,0.000721207,0.0016703699,0.0009814504,0.00038377897,0.00084730354,0.0011048224,0.98814267
syn-0071,2,0,2,6,6,0.00082572433,0.00061542663,0.0013136778,0.0011693725,0.00064527657,0.0011592812,0.9911221,0.00036196734,0.00058954256,0.00032573537,0.0009934638,0.0008783355
syn-0097,2,0,2,10,10,0.00057805085,0.000691161,0.0005559061,0.00057467376,0.00038979418,0.0006617684,0.0019955512,0.0003863833,0.0021466708,0.001342246,0.9900024,0.00067548
syn-0098,2,0,2,10,10,0.00048289707,0.0008533241,0.00042201372,0.00041466032,0.0006934089,0.0006793334,0.0008944943,0.0005676043,0.0019556643,0.0010362392,0.99128425,0.0007161191
syn-0102,2,0,2,1,1,0.0013496456,0.98931223,0.0008650377,0.0012781308,0.00073918374,0.0008318986,0.0012216871,0.00076264795,0.001300479,0.00085621304,0.00064725097,0.0008355625
syn-0112,2,0,2,4,4,0.0015171645,0.0008608739,0.00068601343,0.0010941073,0.98310906,0.001987167,0.0008028146,0.0010049902,0.006489673,0.0010486025,0.0006191566,0.0007803976
syn-0125,2,0,2,9,9,0.0016005951,0.005986993,0.0009576275,0.0025765458,0.0024887528,0.0016643554,0.004706133,0.0006543219,0.015440239,0.9213539,0.040639903,0.0019306861
syn-0127,2,0,2,11,11,0.015245667,0.034723457,0.0037029663,0.008839686,0.018285695,0.01003871,0.031171534,0.0023861497,0.0040195324,0.0064294697,0.05294695,0.81221026
syn-0137,2,0,2,8,8,0.00046275294,0.00050427957,0.00046139924,0.0003011191,0.00075960514,0.0005498011,0.0009755905,0.00067593675,0.9916398,0.0012752477,0.0021581103,0.00023635107
syn-0142,2,0,2,4,4,0.0039278045,0.0021256274,0.0014523859,0.18347435,0.7892311,0.004981602,0.0047038365,0.001229018,0.0016202534,0.0034789925,0.0017467866,0.0020282879
syn-0155,2,0,2,4,4,0.00087094784,0.00083065854,0.0004709896,0.0011292937,0.9888026,0.0014327986,0.00096640794,0.0005549614,0.0025523696,0.00074860756,0.0008384007,0.0008019631
syn-0159,2,0,2,11,11,0.00071073364,0.00094849063,0.0016970709,0.00053675193,0.00060466625,0.0010529638,0.0014370366,0.0011998831,0.0003112555,0.00066767243,0.0012225036,0.989611
syn-0164,2,0,2,8,8,0.0020490168,0.0014522612,0.0006910425,0.000661332,0.0036328128,0.010507883,0.0033731067,0.0011282642,0.963604,0.002712519,0.009737202,0.00045054904
syn-0172,2,0,2,10,10,0.0004837347,0.00056361343,0.00042502247,0.00046839408,0.00044411674,0.00074103684,0.0014222962,0.0004471631,0.0014969355,0.000967911,0.9915502,0.0009895347
syn-0177,2,0,2,8,8,0.00049718557,0.00065769965,0.00056559,0.00034271285,0.00056311005,0.00051952177,0.002610159,0.0008354799,0.99018097,0.0012209698,0.0017317506,0.00027484022
syn-0179,2,0,2,1,1,0.0013353742,0.989906,0.0007396274,0.0010349248,0.0005931477,0.00086894457,0.0011391427,0.00063201936,0.0009000368,0.0007993375,0.0007705944,0.0012807726
syn-0188,2,0,2,10,10,0.00088637404,0.0007506047,0.0007303585,0.0005978502,0.00055319106,0.00041210154,0.0017593256,0.0006150234,0.0013481706,0.0010418572,0.9899894,0.0013155446
syn-0193,2,0,2,11,11,0.0077641765,0.018076371,0.003898359,0.0059268973,0.045851108,0.011283028,0.012470893,0.0048468495,0.0073473863,0.014345151,0.12746735,0.74072236
syn-0194,2,0,2,1,1,0.0015847635,0.98781335,0.0008850738,0.001135348,0.0008367444,0.00092573947,0.0012097524,0.0008803327,0.0022184984,0.000999986,0.000651339,0.00085910043
syn-0200,2,0,2,5,5,0.0029105837,0.0024747076,0.00052721734,0.0013221921,0.0015522282,0.97869956,0.0015797548,0.0079002045,0.0008193659,0.0007607555,0.00045007296,0.001003418
syn-0202,2,0,2,10,10,0.00058430404,0.00059786846,0.00052274484,0.0004254037,0.00066437013,0.00050814816,0.0011654367,0.0004901151,0.003378896,0.0024006802,0.9885705,0.0006915106
syn-0207,2,0,2,0,0,0.9884517,0.0010933593,0.0007724739,0.0007792931,0.0012751498,0.002813889,0.0009483051,0.00089608534,0.00075090403,0.00067409273,0.00070368894,0.00084097264
syn-0219,2,0,2,0,0,0.99033326,0.0011132348,0.000935837,0.00084092945,0.0011706544,0.0011399128,0.0007830673,0.00090218557,0.00040190932,0.0007252806,0.00076642307,0.0008873316
syn-0222,2,0,2,8,8,0.0003650614,0.00043352117,0.0005737616,0.00027155568,0.0006316942,0.00048908975,0.0012319754,0.0010524789,0.99181527,0.0011020463,0.0017894529,0.00024389682
syn-0224,2,0,2,8,8,0.0009107747,0.0006831387,0.000490128,0.00040435122,0.0014873839,0.0013489986,0.0035187392,0.0007710796,0.9847424,0.0012635596,0.0039523635,0.00042708
syn-0228,2,0,2,6,6,0.003945936,0.0017707738,0.0029081306,0.05030459,0.08054367,0.00440416,0.84586686,0.000987511,0.0017811799,0.0023163008,0.0019581548,0.003212726
syn-0230,2,0,2,9,9,0.00081305957,0.0011948956,0.00050582713,0.0005664995,0.00065331167,0.00050336326,0.00037260947,0.0012172734,0.0027965894,0.98887175,0.0015402812,0.00096458965
syn-0239,2,0,2,6,6,0.0008231137,0.000656564,0.0013823858,0.0013076476,0.0008187046,0.0011993791,0.98992014,0.00040806815,0.0005518035,0.00033599566,0.0015589477,0.001037216
syn-0242,2,0,2,0,0,0.9894839,0.001016458,0.000785458,0.0007893025,0.0021729586,0.0010836001,0.00077214866,0.0008605533,0.0006738089,0.00074474677,0.00064862886,0.0009684914
syn-0244,2,0,2,3,3,0.0007445304,0.0012595508,0.00095087494,0.9891964,0.0013206427,0.0012511227,0.0017235996,0.00046614278,0.00043364507,0.001030151,0.00090733124,0.00071600784
syn-0247,2,0,2,3,3,0.000782889,0.0013387478,0.0012346681,0.98914135,0.0012780658,0.0007304458,0.0016006707,0.0006798538,0.00043830407,0.0010509235,0.00085064827,0.0008733758
syn-0248,2,0,2,6,6,0.0016113969,0.001693684,0.002330871,0.0023618038,0.0014102975,0.002701878,0.8881256,0.0010718505,0.0020340148,0.0011783476,0.093790755,0.0016895542
syn-0249,2,0,2,8,8,0.0006502383,0.00053854025,0.00044299115,0.00027803014,0.0011803076,0.0010433994,0.00061533274,0.0012484808,0.9880719,0.0019020797,0.0037473482,0.00028130747
syn-0254,2,0,2,7,8,0.018060975,0.020525813,0.038591456,0.008341914,0.027378803,0.08520184,0.044991486,0.22414838,0.28362694,0.042727277,0.061684027,0.14472106
syn-0255,2,0,2,2,2,0.00079589937,0.00061893975,0.9909565,0.0010149928,0.000464244,0.00034064468,0.0014258325,0.0011825978,0.00063145545,0.0005646528,0.00080253347,0.0012016611
syn-0259,2,0,2,4,4,0.0006580967,0.00068397826,0.0004132364,0.0018959158,0.9888454,0.0017139154,0.0014401375,0.0004831223,0.0011668999,0.00089600467,0.0007298708,0.0010734249
syn-0264,2,0,2,0,0,0.9889297,0.0012058088,0.0006546272,0.00061256794,0.0019271123,0.0015917437,0.0005432353,0.0011410796,0.0009812735,0.0009779253,0.00065526686,0.00077966996
syn-0274,2,0,2,9,9,0.0010008594,0.0011352305,0.000750708,0.0010695793,0.0012584276,0.0008897483,0.0006109175,0.0018269827,0.003989523,0.9728731,0.013061994,0.0015328497
syn-0276,2,0,2,6,6,0.00069868733,0.0005589493,0.0018081691,0.001296269,0.0014732645,0.0011609754,0.9871934,0.00045798664,0.0007745101,0.00033376386,0.0023049328,0.0019390536
syn-0278,2,0,2,9,9,0.00071743666,0.0011347648,0.00056394795,0.0011944609,0.0006700318,0.00053341396,0.0005271996,0.0010347296,0.0015412254,0.9892363,0.002046533,0.0007999677
syn-0283,2,0,2,7,7,0.0009460295,0.00056794233,0.003184788,0.0006401156,0.0005247481,0.0027247586,0.0005061259,0.98656136,0.0011721903,0.0007923694,0.0012487043,0.0011308679
syn-0285,2,0,2,11,11,0.0007751861,0.0009325452,0.001453596,0.00056547916,0.00070961623,0.0009992544,0.0012295541,0.00093802536,0.00036706706,0.0008127848,0.000746582,0.9904703
syn-0288,2,0,2,9,9,0.0008169647,0.00097111746,0.0005675552,0.00091853814,0.00052081794,0.00041240343,0.0004242498,0.0008688055,0.00242239,0.98974764,0.0018271772,0.0005023353
syn-0294,2,0,2,1,1,0.0010170237,0.9900345,0.000832506,0.0014559303,0.0006290225,0.0008927125,0.0013116357,0.00068613957,0.0006489898,0.0007703182,0.0006229096,0.0010983233
syn-0301,2,0,2,3,3,0.0010294544,0.0017936188,0.00089571666,0.98563564,0.0021128189,0.0024005757,0.0024937673,0.00045105483,0.0003980545,0.0010274457,0.000718675,0.0010431161
syn-0305,2,0,2,1,1,0.00085911684,0.990247,0.0010232199,0.0013397535,0.0005950929,0.0006390652,0.0009811423,0.0006500807,0.00052209944,0.0009167606,0.0008495226,0.001377061
syn-0308,2,0,2,3,3,0.00077097194,0.001274225,0.0010514806,0.9894243,0.0012421272,0.00069143233,0.002043676,0.00049101765,0.00048011186,0.0010925664,0.00067475595,0.00076347956
syn-0313,2,0,2,11,11,0.012900307,0.2649953,0.021383557,0.01891705,0.011023448,0.011620363,0.086790845,0.009147688,0.0071381545,0.011671542,0.20081185,0.34359983
syn-0324,2,0,2,7,7,0.001568261,0.004760339,0.0016783957,0.00069931784,0.00078473,0.0053508864,0.0011541068,0.961902,0.013560943,0.0047106263,0.002128955,0.0017015
syn-0333,2,0,2,5,5,0.0021730112,0.00080710335,0.00037350963,0.0014682703,0.0112730535,0.9749401,0.00193614,0.0009353423,0.0029591164,0.00077846093,0.0012666555,0.0010892627
syn-0335,2,0,2,3,11,0.0013345208,0.0016722303,0.0015948743,0.0023381575,0.0017866107,0.0013183292,0.0018884195,0.00089115556,0.00019942709,0.0021209728,0.00088120345,0.98397416
syn-0338,2,0,2,8,8,0.0005677402,0.00072085165,0.00060553773,0.0003508008,0.0006791643,0.0004908585,0.0017773322,0.0010116121,0.98813826,0.0033939502,0.0018190917,0.00044475487
syn-0383,2,0,2,2,2,0.0008443678,0.0005883135,0.99050575,0.00093805895,0.00042790477,0.00037651992,0.0012359184,0.0016033069,0.0006180544,0.00065984577,0.0008701081,0.0013319086
syn-0385,2,0,2,5,4,0.0046097036,0.0027378348,0.0012775707,0.0027877474,0.58861536,0.37708116,0.0031404763,0.0071678106,0.003237003,0.0029995912,0.0017326428,0.004613081
syn-0392,2,0,2,1,1,0.00096132164,0.9903454,0.0008642515,0.0012838462,0.0005922531,0.00070952676,0.0009372204,0.0006298348,0.0005418921,0.0010861334,0.0009088288,0.0011393701
syn-0396,2,0,2,3,3,0.0007532579,0.0011547669,0.0018837762,0.9886495,0.0011379747,0.00076176506,0.0017840677,0.00097004,0.00049496436,0.0009337898,0.0006885335,0.0007874826
syn-0402,2,0,2,1,1,0.002386227,0.9858628,0.0008876497,0.0012727418,0.0008594998,0.0012359952,0.0011869051,0.00081694307,0.0006100721,0.001100391,0.0013377353,0.0024431131
syn-0405,2,0,2,8,8,0.0005134356,0.0005961776,0.00042213438,0.00026262164,0.0006100176,0.00048729926,0.0007191275,0.00085211056,0.9915677,0.0019362668,0.0017394762,0.0002935484
syn-0406,2,0,2,4,4,0.029485578,0.0016344775,0.0010430033,0.003852117,0.94085765,0.0021897855,0.0038286776,0.0014090076,0.001251974,0.0022242698,0.007755886,0.00446758
syn-0409,2,0,2,10,10,0.00052676373,0.00094112346,0.0004798581,0.00056734687,0.0003416021,0.0003545169,0.0011148866,0.00062463176,0.001514227,0.0029308877,0.98986745,0.0007367152
syn-0414,2,0,2,5,4,0.0021585904,0.0014184057,0.00077192736,0.0030792311,0.8674424,0.11201963,0.00189382,0.0016704745,0.003344923,0.0021282397,0.0022358282,0.0018364497
syn-0420,2,0,2,2,2,0.0009869903,0.00069715234,0.9898461,0.0010265582,0.0004836112,0.00035659256,0.0014350547,0.0016049795,0.0007220975,0.0006649027,0.0008550035,0.0013209454
syn-0426,2,0,2,10,10,0.0006268233,0.0005558772,0.00069518655,0.00046809553,0.00048484473,0.0017862528,0.0019255733,0.0007919921,0.003971329,0.0013572931,0.9856102,0.0017264944
syn-0432,2,0,2,6,6,0.0007351085,0.00056888047,0.0010093226,0.0013377066,0.00066965073,0.0015044832,0.9910904,0.0003219301,0.0005438908,0.00031570342,0.0010062471,0.00089672435
syn-0433,2,0,2,5,5,0.0042372737,0.0026432157,0.0015814218,0.0022919849,0.03411078,0.7901253,0.0018007571,0.15021014,0.0043942505,0.0035377827,0.0012268111,0.0038402267
syn-0443,2,0,2,7,7,0.0018963305,0.001281869,0.0013466708,0.00073647493,0.0014913568,0.011441922,0.00058602326,0.9723023,0.0030470192,0.0025229088,0.0006105591,0.0027365868
syn-0452,2,0,2,10,10,0.0006015407,0.00054106384,0.00083597255,0.0006203327,0.00048833335,0.0008114402,0.0076462813,0.0004710034,0.003976535,0.0012213916,0.9820952,0.00069101824
syn-0460,2,0,2,8,8,0.0013429516,0.0032154834,0.0013488663,0.00079995755,0.0010849034,0.0008457491,0.020732163,0.0013567929,0.9616017,0.002910449,0.004078171,0.00068290485
syn-0464,2,0,2,4,4,0.003067362,0.00080920605,0.00056629773,0.0012860239,0.9885196,0.0011278685,0.0006771081,0.0006495807,0.0010796408,0.00077858596,0.00064389646,0.0007947179
syn-0465,2,0,2,7,7,0.0021312444,0.0007022096,0.0013384284,0.0005614928,0.0011004237,0.005311711,0.00067005306,0.9839684,0.001261334,0.0010357734,0.00093346153,0.0009854507
syn-0471,2,0,2,5,5,0.0018414238,0.0017298575,0.00044448115,0.0009543856,0.0059181238,0.9798451,0.0009543856,0.0010709509,0.00080485136,0.00081076793,0.000764627,0.00486099
syn-0473,2,0,2,10,10,0.00046074373,0.0005997506,0.0004887857,0.00045582082,0.00040779787,0.00038197,0.0013664895,0.0004830911,0.0015352605,0.0010431772,0.992167,0.0006100883
syn-0478,2,0,2,2,2,0.0011205379,0.0009477432,0.9844952,0.0016507998,0.00061881973,0.0005287879,0.001891381,0.0035350749,0.00095517637,0.00070327194,0.0012985778,0.0022545862
syn-0495,2,0,2,2,2,0.0009021201,0.00067236554,0.9912288,0.0012653784,0.0005095146,0.0003488187,0.0012396547,0.001007125,0.0005208339,0.00048051804,0.0006047682,0.0012201006
syn-0005,2,0,3,11,11,0.0007543827,0.0018588146,0.0013898954,0.0009279066,0.0014680221,0.0015164723,0.0013031382,0.0009420589,0.00031663058,0.0012645876,0.0010286047,0.98722935
syn-0006,2,0,3,7,7,0.004845206,0.002466245,0.0063844714,0.0016752763,0.001086934,0.007781465,0.0018238305,0.89100075,0.011188695,0.035229247,0.022779053,0.01373883
syn-0008,2,0,3,8,8,0.00034332834,0.00049637887,0.0005181726,0.0003460211,0.00058774016,0.00055078435,0.0011299982,0.0010888333,0.9929283,0.0008948848,0.0008646037,0.00025093916
syn-0014,2,0,3,0,0,0.9836881,0.0020716493,0.000967059,0.0011087386,0.0036612442,0.0018120048,0.0013988421,0.0009943522,0.0011311587,0.0011366954,0.00086771307,0.0011625156
syn-0020,2,0,3,6,6,0.00062574865,0.00056947256,0.0009492734,0.00087003945,0.000851131,0.0013418662,0.9906695,0.00033428558,0.0011193369,0.00045070986,0.0012969883,0.000921641
syn-0029,2,0,3,2,2,0.00089356396,0.00067449745,0.9900115,0.0010948174,0.0005978635,0.0003845048,0.0015317381,0.0012698554,0.0007643058,0.0006486579,0.0009357614,0.0011929189
syn-0032,2,0,3,4,4,0.0024733678,0.0018452449,0.0022841431,0.004444109,0.9058748,0.0017402318,0.06958123,0.0008949201,0.004119924,0.0019423169,0.0010140773,0.0037857345
syn-0033,2,0,3,5,5,0.0009362487,0.0012152989,0.00043806166,0.0007916794,0.0012071668,0.9885943,0.0011982115,0.0021181267,0.00088793854,0.00072259427,0.0006811386,0.0012092317
syn-0041,2,0,3,10,10,0.0010724474,0.0014773586,0.00084920455,0.001993836,0.001725521,0.0006691571,0.0023304613,0.0006249423,0.0061504496,0.04783678,0.9330865,0.0021833945
syn-0044,2,0,3,2,2,0.0010829329,0.00090195716,0.98911613,0.001218169,0.0005508172,0.00040220015,0.0013405124,0.0016213397,0.00073651556,0.00064302795,0.0008411272,0.001545135
syn-0046,2,0,3,8,8,0.020948516,0.0068076323,0.0023297917,0.0019333521,0.0039169374,0.0054301685,0.006028284,0.005029447,0.7860873,0.1398409,0.013480051,0.008167585
syn-0050,2,0,3,4,4,0.0022622896,0.0013935862,0.0010981195,0.0048569734,0.9790355,0.0017964036,0.0023091633,0.00058036606,0.0010230602,0.0009930376,0.00089276483,0.0037586803
syn-0053,2,0,3,10,10,0.00043743162,0.0005377874,0.0005076774,0.0005691272,0.0004467131,0.0005567584,0.0011999985,0.0005263567,0.001226508,0.00092615583,0.992489,0.00057668006
syn-0054,2,0,3,5,5,0.0011431398,0.000691321,0.00043072065,0.00081021176,0.0013665735,0.98829937,0.0012432924,0.0025349283,0.00092709984,0.00063999207,0.0009777792,0.0009355125
syn-0057,2,0,3,8,8,0.0008034043,0.00085856667,0.00039154798,0.00038247777,0.0016954174,0.0011078175,0.001865009,0.0007444802,0.97712874,0.0024315398,0.01161156,0.0009795568
syn-0072,2,0,3,0,0,0.9895409,0.0010593352,0.0009098658,0.0009246455,0.0014927172,0.0012887676,0.00076543604,0.0011645888,0.0005483696,0.0008810114,0.0006241208,0.00080021395
syn-0073,2,0,3,11,11,0.0017663505,0.0052259276,0.0015538593,0.00075286627,0.0006611659,0.0019084818,0.0021644419,0.0016360019,0.0005220048,0.0010366108,0.0032835023,0.97948873
syn-0074,2,0,3,5,5,0.0056683314,0.0024735916,0.00056343747,0.0019158819,0.0031181457,0.9749203,0.004272418,0.0013125925,0.0010660884,0.0017884161,0.00074570475,0.0021551359
syn-0091,2,0,3,4,4,0.0015836558,0.00069096184,0.00058669806,0.0015221506,0.988751,0.0014292301,0.0010623729,0.00053943694,0.0010579728,0.00090030447,0.000547397,0.0013287782
syn-0093,2,0,3,5,5,0.001006273,0.0012942901,0.00041641586,0.0007369243,0.0016312001,0.9877341,0.0027286636,0.0012072949,0.00079253694,0.00050920784,0.00086830906,0.0010748395
syn-0101,2,0,3,3,3,0.00062749715,0.0013581305,0.0010728951,0.9905315,0.0011977782,0.000775234,0.0013046274,0.00052454957,0.00041434544,0.00084562757,0.0006002256,0.00074772263
syn-0111,2,0,3,3,3,0.00062124187,0.0016511026,0.0014979934,0.9897975,0.0010152919,0.0009332778,0.0013566685,0.00049264403,0.0003874367,0.000783791,0.00065042044,0.0008126294
syn-0113,2,0,3,11,11,0.0013063549,0.0019236098,0.0014484763,0.00063511403,0.00084303436,0.001293028,0.002053868,0.00065912545,0.001155108,0.0011917748,0.0014421248,0.98604846
syn-0122,2,0,3,3,3,0.000610881,0.0011371041,0.0009697714,0.989583,0.0013510041,0.0010017774,0.0013800067,0.00065473997,0.0005906424,0.001148824,0.0007820921,0.0007901529
syn-0133,2,0,3,2,2,0.0031497239,0.0020383366,0.96421444,0.0033150152,0.001439762,0.0011994471,0.0033684522,0.013060025,0.0016203495,0.0015110695,0.0018833131,0.0032001059
syn-0140,2,0,3,11,11,0.0014058565,0.0014065431,0.0017517536,0.0017902332,0.0018994226,0.001045254,0.0015078955,0.0011861643,0.00034654452,0.00497204,0.0008025989,0.9818856
syn-0141,2,0,3,2,2,0.0009313827,0.000680749,0.98947716,0.0012839738,0.00058942684,0.00047500737,0.0013459215,0.0014369297,0.00075499364,0.000707867,0.0008681441,0.0014485534
syn-0146,2,0,3,10,10,0.0005034581,0.0005385516,0.0004949272,0.0005589124,0.00042333367,0.00040930856,0.0010034485,0.0006123483,0.0013374919,0.0012096514,0.99244446,0.0004640339
syn-0154,2,0,3,1,1,0.0011264536,0.99017614,0.000566693,0.0012420095,0.00080858567,0.0011661903,0.00087386277,0.00061154575,0.0007097519,0.0010236463,0.0006654492,0.001029662
syn-0178,2,0,3,9,9,0.003251937,0.005136039,0.0020290571,0.005483326,0.02856272,0.0035403012,0.0048650787,0.0018968381,0.022309937,0.80196375,0.07825047,0.04271056
syn-0187,2,0,3,3,3,0.0006627794,0.0013388512,0.00095823646,0.9895801,0.0012632736,0.001009878,0.0013609314,0.00060820056,0.00047505682,0.0010946075,0.00091793435,0.0007300565
syn-0189,2,0,3,10,10,0.00066863646,0.00081923057,0.00049085973,0.0006801615,0.0008460615,0.0009927751,0.0014282607,0.00045264303,0.0019066291,0.0014693774,0.9891061,0.0011393343
syn-0191,2,0,3,4,4,0.0010827736,0.0010009131,0.00063466764,0.002709495,0.98439366,0.000983953,0.0027924338,0.0004904331,0.0014908555,0.0013298847,0.0019316669,0.0011593798
syn-0192,2,0,3,5,5,0.0009435793,0.0014618902,0.0005334514,0.0008803719,0.0011342902,0.9883399,0.0012743832,0.0018310488,0.0007273636,0.0006200242,0.00069677166,0.0015569816
syn-0211,2,0,3,0,0,0.98924595,0.0011386612,0.0010405665,0.00096825854,0.0013864584,0.0011431178,0.0008003662,0.0010426008,0.0004195041,0.0010102767,0.00076970464,0.0010344873
syn-0215,2,0,3,10,10,0.0005337659,0.00066460675,0.0005704146,0.00091285614,0.0010042912,0.0006847,0.0020589116,0.00037081356,0.00256267,0.0039575296,0.98602957,0.00064984546
syn-0217,2,0,3,6,6,0.0014731988,0.0010380442,0.0010031638,0.0013270307,0.0007955076,0.001343329,0.9856442,0.0002618187,0.001335155,0.0007027189,0.003917538,0.0011583049
syn-0233,2,0,3,8,8,0.00036133893,0.0005249755,0.00050142454,0.00031485778,0.0006887208,0.00037646762,0.00088476687,0.0008176765,0.99327385,0.0010303645,0.0009787502,0.0002466525
syn-0267,2,0,3,4,4,0.0038990993,0.00065319764,0.00042214818,0.0013461774,0.98677003,0.0026916114,0.0006260306,0.00050573883,0.0007810122,0.0007573527,0.00057419756,0.0009734102
syn-0269,2,0,3,10,10,0.0004886569,0.00053250813,0.00049056945,0.00046559717,0.0004860393,0.00042001627,0.0010951727,0.00051335985,0.0013120308,0.001262384,0.9923901,0.0005435414
syn-0275,2,0,3,0,0,0.98854256,0.0012808834,0.0008926739,0.0010820408,0.0014750079,0.001344322,0.0011142101,0.0010996173,0.00064046215,0.0007908653,0.00090894784,0.0008284151
syn-0282,2,0,3,7,7,0.0021657846,0.0009023926,0.0013388694,0.0006336736,0.0006550668,0.013548541,0.0006939184,0.97330046,0.0017082647,0.0016244756,0.0011088784,0.0023196153
syn-0284,2,0,3,0,0,0.9778665,0.0018611843,0.00085586513,0.00089869247,0.002900838,0.0016162355,0.0011222701,0.0010641017,0.005914831,0.0029223405,0.0016954553,0.0012816729
syn-0295,2,0,3,10,10,0.000489966,0.00060739525,0.00041018226,0.0005139816,0.000457368,0.0004716561,0.0012143069,0.00043007729,0.0012585245,0.0014229652,0.99213773,0.0005858401
syn-0297,2,0,3,11,11,0.00081436906,0.0017747873,0.0014069318,0.00061172375,0.00080803153,0.0014670908,0.0016169981,0.0013443074,0.00033585227,0.00073321076,0.00055480935,0.9885318
syn-0299,2,0,3,1,1,0.0018124867,0.97700787,0.00059521914,0.0022647812,0.0017055862,0.008560768,0.00096613605,0.001198273,0.0010507811,0.0032204748,0.00041350594,0.0012041384
syn-0303,2,0,3,7,7,0.00624434,0.0012944256,0.0024360828,0.0014927875,0.0034003805,0.3926469,0.0024914183,0.5780322,0.0036543156,0.0024135865,0.0028971604,0.0029964326
syn-0306,2,0,3,5,5,0.0013792131,0.0010144882,0.00047432163,0.0006262299,0.0033166476,0.98612064,0.0010110266,0.0025311934,0.0013310801,0.0005732596,0.00090539386,0.0007165752
syn-0307,2,0,3,3,3,0.0017771494,0.0023549155,0.00096763583,0.9747096,0.0026072902,0.0012430758,0.0046833083,0.00050249335,0.0009323855,0.005979814,0.003008859,0.0012334022
syn-0310,2,0,3,10,10,0.00048841856,0.00044863595,0.0004249674,0.0005017129,0.00036384905,0.0004212487,0.0010640728,0.0008328588,0.0014751565,0.0018586365,0.99142176,0.00069860317
syn-0325,2,0,3,4,4,0.0042055096,0.0017471355,0.0010628003,0.034853086,0.920189,0.010786442,0.011420603,0.0007434048,0.0016966924,0.008343261,0.0017133427,0.0032386775
syn-0327,2,0,3,1,1,0.0016171746,0.9846652,0.00072643056,0.0011529244,0.0011190907,0.0009382367,0.00108466,0.0006784315,0.0045979125,0.0011906845,0.0008111837,0.0014181214
syn-0329,2,0,3,8,8,0.00053588155,0.000521427,0.0004761577,0.00031472102,0.00087964523,0.00050292275,0.0009779667,0.0009967686,0.98897165,0.0033588784,0.0019551548,0.0005088511
syn-0336,2,0,3,0,0,0.9875087,0.0018833834,0.001261861,0.0011624809,0.0014187486,0.0015263745,0.0009832184,0.0012593989,0.00066139206,0.00096278987,0.0006731209,0.00069856935
syn-0343,2,0,3,8,8,0.0016900682,0.0013428422,0.0011176125,0.00067193457,0.004488208,0.0011056713,0.0014590656,0.0018534599,0.96199304,0.013816218,0.008233943,0.002228071
syn-0345,2,0,3,7,7,0.0027237183,0.0013288935,0.0017323575,0.0009557649,0.0018297342,0.033234376,0.0010979321,0.94875187,0.0021633354,0.0017562048,0.0012058426,0.0032199684
syn-0346,2,0,3,6,6,0.0007690824,0.0005390074,0.0011068494,0.0014145591,0.0007196694,0.0006482651,0.9913463,0.00024665514,0.00074178935,0.0004532254,0.0011209223,0.0008936772
syn-0348,2,0,3,9,9,0.0015541764,0.004053927,0.0005352763,0.0012728248,0.0014164763,0.00067073153,0.00056979863,0.00087822275,0.004895942,0.98112476,0.0018465316,0.0011812008
syn-0366,2,0,3,9,9,0.0022024175,0.0018482935,0.0013628461,0.011344305,0.002270112,0.002459375,0.0022078014,0.00084126665,0.0025498641,0.9602488,0.010830099,0.0018348056
syn-0368,2,0,3,9,9,0.0010003131,0.0013043357,0.0006637543,0.001235825,0.000989625,0.0005955669,0.0005806354,0.00068215426,0.003510239,0.98620844,0.0015193488,0.0017097099
syn-0369,2,0,3,6,5,0.002568106,0.009149291,0.00094015145,0.0022235957,0.0027230766,0.8983776,0.07345582,0.002399589,0.00211453,0.0020206566,0.0020196703,0.0020078707
syn-0372,2,0,3,1,1,0.001446687,0.98747885,0.0006985482,0.0019371295,0.00076272286,0.0010579021,0.0009335954,0.0006958248,0.00052369956,0.0017287122,0.0008521261,0.0018841887
syn-0382,2,0,3,0,0,0.98926824,0.0011846253,0.00092529395,0.00093164085,0.0016854848,0.0011367425,0.00073806895,0.0011273456,0.000495758,0.0009078403,0.00075152435,0.0008474406
syn-0399,2,0,3,8,8,0.0003411076,0.00045432785,0.00046419443,0.00025225492,0.0005645925,0.00047219556,0.00083952205,0.0010472281,0.99230313,0.0014811612,0.0015615564,0.00021873522
syn-0401,2,0,3,11,11,0.00221679,0.00613272,0.002409242,0.0010134348,0.001874488,0.0016385539,0.0021126952,0.0012987369,0.00037100588,0.0021096028,0.00091466843,0.9779081
syn-0407,2,0,3,6,6,0.0015408451,0.0018040715,0.0021771882,0.06337871,0.0025010384,0.0027792326,0.91869676,0.0003865549,0.00068441394,0.0014188003,0.0026539054,0.0019784844
syn-0408,2,0,3,4,4,0.047953676,0.0041494253,0.0040315916,0.00701546,0.89427793,0.005657762,0.006930342,0.0023573549,0.014261861,0.003413224,0.0060285404,0.003922846
syn-0411,2,0,3,2,2,0.0008664416,0.0008211319,0.9894673,0.0013808564,0.00060783443,0.00037210638,0.0012379428,0.0015716247,0.0006314308,0.0008430708,0.0007403834,0.0014599
syn-0413,2,0,3,9,9,0.00094746315,0.0017659935,0.00073250034,0.0007513372,0.00090363435,0.00058058836,0.0005822918,0.0009493155,0.0016209624,0.987092,0.0019012374,0.0021726731
syn-0416,2,0,3,2,2,0.00091259525,0.0007121194,0.99008906,0.0011927211,0.0006220321,0.0004190424,0.0013250655,0.001181707,0.0006621496,0.0006821685,0.00083744444,0.0013639604
syn-0417,2,0,3,7,5,0.013952473,0.010802714,0.01124402,0.009580025,0.073535345,0.28271684,0.18253572,0.075022325,0.03192973,0.014479968,0.10365084,0.19055
syn-0422,2,0,3,1,1,0.0010887278,0.99029034,0.00078074273,0.0013135772,0.00069169974,0.00081661483,0.00082061195,0.0007373899,0.00053398235,0.0009792708,0.00080082007,0.001146282
syn-0425,2,0,3,5,5,0.002789978,0.003217523,0.0004733055,0.0017052712,0.02355204,0.9546653,0.0027440425,0.001124367,0.0016255928,0.001268488,0.0010511002,0.0057829595
syn-0430,2,0,3,1,1,0.0068532573,0.5808086,0.002236363,0.012414191,0.0081752855,0.36063227,0.005696828,0.0021008688,0.0011613435,0.004370043,0.002418085,0.013132823
syn-0431,2,0,3,3,3,0.0008557766,0.0013347075,0.0010085976,0.9897741,0.0011465237,0.0008591261,0.0012576738,0.0007446016,0.0004450563,0.0009619407,0.0007996214,0.0008122136
syn-0436,2,0,3,6,6,0.00061690965,0.00058894686,0.00089957274,0.0010942699,0.0009324436,0.0008615275,0.991088,0.0002334675,0.0010182301,0.0004643056,0.0012426599,0.0009596966
syn-0437,2,0,3,3,3,0.004342157,0.0038469378,0.0027953056,0.5389702,0.09365896,0.011409377,0.034087066,0.0014587075,0.018249946,0.015764156,0.27048242,0.004934744
syn-0445,2,0,3,6,6,0.0009918369,0.00090307783,0.0010818986,0.0011360367,0.0010914494,0.0012851001,0.98311806,0.00033076698,0.0074259974,0.0006826782,0.0010501493,0.00090307783
syn-0449,2,0,3,11,11,0.0009396176,0.0011311837,0.0013202296,0.00086350564,0.0008870096,0.0006120182,0.001285246,0.00097561756,0.00036084256,0.0012348027,0.0013822382,0.9890077
syn-0451,2,0,3,8,8,0.0021494913,0.002104831,0.0007792548,0.0007256364,0.0023746276,0.010431406,0.0009889258,0.027496517,0.9276124,0.02057384,0.0035491071,0.0012140261
syn-0469,2,0,3,9,9,0.00078584434,0.0010337296,0.0007729057,0.0009770445,0.0008001707,0.00045303864,0.00033404975,0.0012896421,0.0012953219,0.9899706,0.0010530892,0.0012344968
syn-0472,2,0,3,8,8,0.0003621316,0.00046453235,0.00042254865,0.00030464775,0.00063092273,0.00042461694,0.0010370461,0.0006990502,0.9925408,0.0013410549,0.0014621125,0.00031065638
syn-0482,2,0,3,1,1,0.0042402926,0.97291934,0.0011447475,0.007675367,0.0016270141,0.0013292276,0.0023062516,0.00093249255,0.0005869682,0.0024275754,0.0016437832,0.0031669282
syn-0485,2,0,3,10,10,0.00063391484,0.0005475371,0.0005199187,0.0005754976,0.0006524426,0.00046650745,0.0023807166,0.0006231734,0.005761458,0.0014193313,0.9861108,0.00030864388
syn-0492,2,0,3,6,6,0.0005992864,0.00056297745,0.0010615834,0.001168914,0.0007730767,0.00092638185,0.99139905,0.00032171604,0.00067808636,0.0004488448,0.0012668709,0.00079315057
syn-0016,2,0,4,9,9,0.0008155653,0.0019698595,0.00061083015,0.0014009378,0.00071065436,0.00065340806,0.0010492537,0.0005788874,0.006433739,0.9679958,0.01710028,0.0006807652
syn-0023,2,0,4,1,1,0.0010906045,0.9907871,0.0007556241,0.0012054221,0.00071262143,0.0007693996,0.00065745995,0.0006613236,0.00061311934,0.0009985984,0.0008079002,0.00094084867
syn-0026,2,0,4,10,10,0.00054091663,0.0005704856,0.0005106315,0.00052172074,0.00046675492,0.0004548308,0.0013356801,0.00045549753,0.0013907538,0.00081320247,0.9924319,0.0005076482
syn-0027,2,0,4,4,4,0.0012783704,0.0006269953,0.00048735167,0.001340375,0.98780817,0.0022266936,0.0012808696,0.000624246,0.0023438323,0.0006227239,0.00059886766,0.00076148845
syn-0035,2,0,4,9,9,0.0023315481,0.015709214,0.001300874,0.0027782621,0.0019855343,0.0016364489,0.0018345265,0.0009224579,0.004833334,0.87889147,0.084015824,0.0037605297
syn-0040,2,0,4,4,4,0.001102352,0.00070619327,0.00055483903,0.002267962,0.98761976,0.002615512,0.0012491285,0.0006423686,0.0007390009,0.00095493835,0.0005780692,0.0009699764
syn-0048,2,0,4,11,11,0.0008995445,0.0013366004,0.001124981,0.000615837,0.0014633167,0.0009821844,0.0013871326,0.0010005789,0.00070125045,0.0011332508,0.0019211469,0.9874342
syn-0056,2,0,4,8,8,0.00050281174,0.0007118535,0.0005266849,0.00032038783,0.000598271,0.00040146412,0.0011613914,0.0008430798,0.9921387,0.0010375123,0.0015227117,0.00023531816
syn-0070,2,0,4,2,2,0.0008546127,0.0006806916,0.9903604,0.0012790945,0.00064509554,0.0003322289,0.0013648757,0.0012499982,0.0006704657,0.0006565353,0.000797365,0.0011086544
syn-0077,2,0,4,2,2,0.00092053495,0.0008664533,0.9894806,0.0014288888,0.0006292848,0.0003649141,0.0016240918,0.0011622456,0.00079626776,0.00068308215,0.0008263719,0.0012171313
syn-0084,2,0,4,5,5,0.0013089238,0.001227071,0.00036610226,0.0015254727,0.0012182653,0.9888321,0.00130398,0.0013501438,0.0005980267,0.00068363524,0.00061821635,0.0009680897
syn-0085,2,0,4,3,1,0.005980268,0.6595715,0.0026074878,0.29613316,0.008056669,0.004643813,0.0042551644,0.0011661408,0.0010092106,0.007629297,0.0033252717,0.0056220586
syn-0086,2,0,4,10,10,0.00046987963,0.0005461355,0.00045254122,0.00043034443,0.00040427118,0.00062218553,0.00091471657,0.00080733304,0.0013131532,0.0009900107,0.9922694,0.00078001444
syn-0090,2,0,4,5,5,0.007001379,0.001797225,0.0007240203,0.00078132504,0.007540782,0.9690177,0.0019508693,0.0016189076,0.0058699,0.001352648,0.0009905853,0.0013546309
syn-0094,2,0,4,1,1,0.00087668234,0.9794039,0.0019162532,0.0025090473,0.00085137086,0.0011082304,0.0041498696,0.001268113,0.00066955504,0.0012805576,0.0009924417,0.004974024
syn-0106,2,0,4,10,10,0.0010335216,0.0012793485,0.0021398917,0.0017461025,0.0005237633,0.00042999527,0.014267326,0.0010214808,0.005841021,0.002802467,0.96755177,0.00136319
syn-0107,2,0,4,10,10,0.00050207565,0.0005065079,0.0004323938,0.00045781524,0.00039970365,0.000754073,0.0014130996,0.0005936152,0.0011342625,0.001186794,0.99165416,0.0009654163
syn-0109,2,0,4,3,3,0.000676635,0.0017004375,0.0009754069,0.98879415,0.0011597392,0.0005378823,0.0014312129,0.0004068087,0.00043051562,0.0020796084,0.00094678265,0.0008607936
syn-0117,2,0,4,6,6,0.00085713033,0.0009231657,0.001291741,0.006735272,0.006308693,0.0016749053,0.97644717,0.0002309189,0.0011876856,0.0010866933,0.001647731,0.0016087756
syn-0119,2,0,4,6,6,0.0007431134,0.0005634019,0.0012511829,0.0011993649,0.00064185617,0.0008959283,0.989244,0.00037530655,0.0005991528,0.00043113233,0.00306362,0.0009919442
syn-0128,2,0,4,2,2,0.0011105852,0.000793312,0.989666,0.0012465324,0.000542579,0.00036249595,0.0014029689,0.0012288557,0.00075035956,0.0007518265,0.00086661556,0.0012778076
syn-0139,2,0,4,1,1,0.0010201472,0.99089545,0.0006388596,0.0010992785,0.0005995672,0.00075202575,0.0008311982,0.0005583126,0.00066625787,0.0010563917,0.00088092603,0.0010016377
syn-0147,2,0,4,0,0,0.9889453,0.0016696365,0.0010313992,0.0010298896,0.0014992123,0.00084882026,0.0006649466,0.0008783342,0.0008063984,0.0011032928,0.0006495432,0.0008732027
syn-0156,2,0,4,6,6,0.00081852183,0.00093000097,0.0008783602,0.0011806649,0.0009782084,0.001942552,0.9896992,0.0003523858,0.0009710699,0.00039774866,0.0011146971,0.00073658995
syn-0167,2,0,4,0,0,0.990202,0.0011411537,0.0009325202,0.0008007486,0.001242345,0.00094167143,0.0007921929,0.0010009366,0.0007066582,0.00069740304,0.00070596836,0.00083631393
syn-0168,2,0,4,1,1,0.001719131,0.9845264,0.00065234926,0.0015783337,0.0007792364,0.0041249874,0.0012241165,0.00074938434,0.00113489,0.0019613928,0.00057907926,0.00097072293
syn-0173,2,0,4,8,8,0.00060649816,0.00085529947,0.0005117211,0.0004529173,0.00069331937,0.001027415,0.0033124904,0.0005759056,0.9887394,0.0013857483,0.0015465746,0.00029271108
syn-0182,2,0,4,6,6,0.00068418786,0.00067919504,0.0010621515,0.0011072977,0.00061962317,0.0010607262,0.9910823,0.00039520493,0.00072476664,0.0003570379,0.0011883922,0.0010390679
syn-0183,2,0,4,4,5,0.004846908,0.0021008833,0.001101695,0.003068731,0.1554103,0.82067835,0.0038391966,0.001555157,0.0019063491,0.0014298824,0.0012779887,0.0027845772
syn-0185,2,0,4,7,7,0.004906616,0.0010448063,0.004393298,0.0009710177,0.0012977455,0.005274966,0.0012851338,0.9629519,0.004174147,0.007359412,0.0017903405,0.0045506367
syn-0195,2,0,4,4,4,0.0037537538,0.0022634652,0.0010019573,0.0044446522,0.7730881,0.19546728,0.005364547,0.0010267203,0.0055375393,0.0032123236,0.0019502765,0.0028893673
syn-0197,2,0,4,11,11,0.002869523,0.0021986628,0.0016058295,0.0013469721,0.00790417,0.002260164,0.0024444163,0.001074949,0.0011453953,0.0012846624,0.0004921475,0.97537315
syn-0208,2,0,4,8,8,0.0005678248,0.00063748815,0.00047304752,0.00038949843,0.000511986,0.0004426545,0.0019684015,0.00072767894,0.99021775,0.0014106868,0.0024306513,0.0002223634
syn-0210,2,0,4,0,0,0.9734142,0.0013118453,0.00082495005,0.0011537491,0.012741598,0.003957778,0.0011138922,0.0013515064,0.0010206688,0.0008937275,0.00065258914,0.0015635703
syn-0226,2,0,4,6,6,0.0006693652,0.0008854668,0.0014986186,0.0011414118,0.0006073844,0.0007139286,0.9897008,0.0003544572,0.00057086354,0.00040559427,0.0022152204,0.0012368753
syn-0229,2,0,4,7,7,0.0016126684,0.00042997004,0.0012526936,0.00055805506,0.0005940465,0.0032827288,0.000411484,0.98657703,0.002274435,0.0009272935,0.0010349759,0.0010446225
syn-0236,2,0,4,11,8,0.020100586,0.07895776,0.008089708,0.0077950056,0.028849049,0.016381605,0.023169545,0.005866767,0.42893088,0.08537369,0.030156141,0.26632926
syn-0246,2,0,4,8,8,0.002139261,0.0039246297,0.0010955659,0.0010691425,0.0010014281,0.00086075964,0.0055555985,0.0012186167,0.9786684,0.0014836328,0.0025093062,0.0004735034
syn-0250,2,0,4,11,11,0.00077472965,0.0010609999,0.0013600248,0.00060690567,0.0006688377,0.0007724632,0.0009292695,0.0010829835,0.0002976657,0.000716158,0.000875743,0.99085414
syn-0261,2,0,4,5,5,0.00128049,0.000887511,0.00050816376,0.0008661056,0.0021181407,0.98667186,0.003870261,0.0009367121,0.00072507316,0.00049784855,0.00041072053,0.0012272334
syn-0262,2,0,4,10,10,0.00046650623,0.0005017115,0.00045882544,0.0004367467,0.00040788855,0.00057157537,0.0014261061,0.0007402155,0.0015333539,0.0010198143,0.9919031,0.0005340691
syn-0263,2,0,4,0,0,0.98117965,0.0049105813,0.0011946079,0.0010562988,0.0026685537,0.0012961017,0.00081863935,0.0009759632,0.0026569334,0.0013589662,0.00083315675,0.0010506405
syn-0265,2,0,4,3,3,0.0009126149,0.0013085377,0.0011255541,0.98986876,0.0012953468,0.0009004424,0.0014850685,0.0004477145,0.00031623937,0.0007732037,0.00071161333,0.00085502304
syn-0280,2,0,4,0,0,0.99010277,0.0011879426,0.0009540726,0.0007415827,0.0014545206,0.0009287916,0.0006949538,0.000825681,0.00068351167,0.00074521254,0.00073941326,0.0009415771
syn-0281,2,0,4,10,8,0.005243559,0.009044588,0.0017512342,0.0021730703,0.020233553,0.25388548,0.009715278,0.0027984644,0.5937704,0.010810428,0.08912218,0.0014518241
syn-0286,2,0,4,8,8,0.0009250656,0.0024701704,0.0007714131,0.0005540026,0.00070032483,0.0006821006,0.0055327425,0.0007669063,0.9822863,0.0030584557,0.0019230663,0.00032952035
syn-0296,2,0,4,3,3,0.00075900636,0.0013496109,0.0009677077,0.9898908,0.0014300046,0.0013124062,0.0011011171,0.00045521947,0.0003171743,0.00091665465,0.0007043695,0.0007958203
syn-0300,2,0,4,10,10,0.00042948907,0.00047819485,0.00058446784,0.0005137802,0.00059078017,0.00039412134,0.0009678686,0.00072614005,0.0015338643,0.0010380229,0.9922333,0.0005100309
syn-0304,2,0,4,1,1,0.0011950994,0.9902485,0.0006494471,0.0011071768,0.00067763025,0.0011423223,0.00093438715,0.00066290336,0.0007178202,0.0007641156,0.0010393348,0.00086121826
syn-0312,2,0,4,11,11,0.001726235,0.0014189226,0.0015806054,0.0006238287,0.0013058968,0.0014704115,0.002658025,0.001526748,0.0030931646,0.0012694321,0.0014668261,0.98185986
syn-0314,2,0,4,8,8,0.0004544349,0.0005915383,0.0005182212,0.000316937,0.0006650844,0.0004711551,0.00079173787,0.0008489961,0.9920523,0.001488671,0.0015774445,0.00022342899
syn-0321,2,0,4,9,9,0.00075817324,0.0012777864,0.00062365626,0.0016251624,0.0005807442,0.00057622476,0.0006491335,0.0005135069,0.0022202493,0.9883216,0.0021305066,0.0007231008
syn-0323,2,0,4,7,7,0.00077432144,0.0005392453,0.0010726792,0.00044443828,0.0004589943,0.0027371766,0.00036953334,0.98936546,0.0015614061,0.0010032703,0.0008238585,0.0008495956
syn-0328,2,0,4,10,10,0.0004858672,0.00040595725,0.00047997228,0.00048302868,0.00042192268,0.00046339142,0.00083847914,0.00074995816,0.0022053262,0.0014947506,0.99155444,0.00041680358
syn-0330,2,0,4,0,0,0.9405885,0.0025857647,0.00083783694,0.001817537,0.018054243,0.026682442,0.0013759743,0.00189919,0.0009420054,0.0022149638,0.0014210392,0.0015806463
syn-0332,2,0,4,6,6,0.00068905944,0.00067771436,0.0011021895,0.0014244253,0.00087659946,0.0007088527,0.9903714,0.00034851697,0.00064039504,0.00041347012,0.001981727,0.0007657045
syn-0339,2,0,4,7,7,0.001232974,0.00060624524,0.0014788326,0.00065646827,0.00049625465,0.0015433843,0.00038012024,0.9902593,0.0009138669,0.00071958255,0.0006923538,0.0010207375
syn-0341,2,0,4,8,8,0.0006129325,0.0005969823,0.0005330452,0.00036173468,0.0006156319,0.00049443264,0.00084023736,0.0009470135,0.99242145,0.0013679664,0.0009758829,0.00023264292
syn-0350,2,0,4,2,2,0.0011904566,0.0009647675,0.98664236,0.002333078,0.00076842896,0.00047642997,0.0018852084,0.0015919924,0.0009378282,0.0008905231,0.0008147993,0.0015041435
syn-0353,2,0,4,7,7,0.0022285397,0.0012666873,0.0017750124,0.0016296385,0.0014020951,0.04456514,0.00057767075,0.93441504,0.0031129627,0.0047074636,0.0022405414,0.0020792568
syn-0354,2,0,4,8,8,0.00059008773,0.00066280586,0.00055271445,0.00038472813,0.00073365925,0.00056361576,0.00091931666,0.00084526173,0.99252313,0.0009522112,0.0010253214,0.0002471892
syn-0355,2,0,4,5,5,0.0051634465,0.0032981513,0.0011063617,0.0018169708,0.04599883,0.9095873,0.0027156358,0.0013782347,0.0068509006,0.0033419207,0.016546179,0.00219597
syn-0357,2,0,4,3,3,0.00076697103,0.0014620437,0.0022214726,0.9881421,0.0015276332,0.00056552887,0.0014483659,0.0004766884,0.00043658036,0.001231916,0.0008378406,0.0008827782
syn-0363,2,0,4,9,9,0.014632958,0.008420456,0.0022536449,0.002868415,0.0067347134,0.0057605063,0.006222512,0.0019580005,0.2772858,0.6587098,0.012843777,0.0023093426
syn-0367,2,0,4,4,4,0.0010196011,0.0008378824,0.00044477874,0.0016244648,0.98915684,0.0017780244,0.0009288108,0.00040695793,0.0016080706,0.0007932911,0.00071040745,0.000690908
syn-0370,2,0,4,9,9,0.00070783996,0.0013945382,0.00069043075,0.0009464757,0.0005173613,0.00088739675,0.00031502362,0.00095810014,0.0010309073,0.98799103,0.0028256546,0.0017352395
syn-0371,2,0,4,6,6,0.0006641355,0.0008932558,0.0014027606,0.001188656,0.0006670605,0.0007398122,0.9901534,0.00036910598,0.0005519335,0.0004190696,0.0018481192,0.0011026198
syn-0374,2,0,4,8,8,0.00056678435,0.00049435813,0.00051005074,0.0004236736,0.00080930855,0.0005011633,0.001046173,0.00080635014,0.9922719,0.00088733376,0.0014824714,0.00020032478
syn-0377,2,0,4,5,5,0.0031381121,0.0035334465,0.0016978513,0.0017637629,0.0022230828,0.7471587,0.0027078649,0.22477634,0.0033782301,0.003158095,0.0012289025,0.0052356594
syn-0379,2,0,4,3,3,0.004069686,0.0037218106,0.0039870753,0.90803295,0.039701853,0.0034724984,0.0023796293,0.0014617583,0.0014631866,0.014107829,0.015328866,0.0022728767
syn-0393,2,0,4,2,2,0.0014819832,0.0010070535,0.9870532,0.0020606716,0.0005654577,0.00047523403,0.0017561966,0.0014036273,0.00074400636,0.00089875853,0.0008389632,0.0017149387
syn-0415,2,0,4,1,8,0.011213438,0.36433357,0.0048820726,0.0067253397,0.037492618,0.007415249,0.005674375,0.0049059694,0.40883195,0.042661395,0.035096593,0.070767365
syn-0418,2,0,4,0,0,0.9882808,0.0010206897,0.0010443847,0.0011264954,0.002428267,0.0011076777,0.00091852125,0.0008590873,0.000605034,0.00071674364,0.0008346913,0.0010577277
syn-0421,2,0,4,10,10,0.00048048559,0.00064719573,0.0005172507,0.00092819746,0.00053890713,0.00044742465,0.0014842515,0.00035671802,0.0026306666,0.0020268748,0.9892279,0.00071428466
syn-0429,2,0,4,2,2,0.0012530079,0.0011831425,0.98562074,0.0010783159,0.0005679552,0.00045725703,0.0013751525,0.0025413623,0.0009423627,0.0015891795,0.001340676,0.0020508792
syn-0440,2,0,4,1,1,0.002491901,0.98706436,0.00087409903,0.0011848755,0.0008247565,0.0010375116,0.00096565165,0.000728912,0.0022709104,0.0010528213,0.00076389324,0.00074039074
syn-0444,2,0,4,5,5,0.0020257682,0.0021448678,0.000548968,0.0019982606,0.002929004,0.96767306,0.017262338,0.0010387108,0.0010906876,0.0009485318,0.0007971853,0.001542629
syn-0448,2,0,4,4,5,0.0016616428,0.0010213368,0.00043734536,0.0008877862,0.0098283645,0.9792971,0.0016606288,0.0008111062,0.0014097017,0.001092529,0.000807944,0.0010845563
syn-0453,2,0,4,1,1,0.0023720784,0.9787022,0.0013476156,0.0013010616,0.0009398689,0.0012530527,0.0013293164,0.001525558,0.00084002846,0.0016730452,0.0041784006,0.0045378264
syn-0454,2,0,4,11,11,0.00076308043,0.001416947,0.0011016352,0.00066071353,0.0013395747,0.0010589149,0.0014804229,0.0011162548,0.0005498946,0.0009947586,0.0010935959,0.9884242
syn-0457,2,0,4,9,9,0.00086236204,0.0014603166,0.0008184637,0.0010240802,0.00058721896,0.00055164116,0.00031065376,0.0010837589,0.0014152146,0.98962885,0.0014532035,0.00080420234
syn-0459,2,0,4,5,5,0.054830015,0.035340466,0.0039026646,0.0062242723,0.1586559,0.37214246,0.02395766,0.0029430103,0.32080686,0.010327438,0.007999932,0.0028692263
syn-0468,2,0,4,6,6,0.00069038256,0.00050165365,0.0013624298,0.0015026055,0.0007788756,0.0006626389,0.9908207,0.00042512474,0.0007064095,0.00042637202,0.0012833604,0.0008394967
syn-0484,2,0,4,3,3,0.0006613785,0.001166437,0.0012732074,0.9908694,0.00093041884,0.0006363521,0.0012393187,0.0005945953,0.00046511076,0.0008214928,0.00067048287,0.00067179365
syn-0489,2,0,4,11,11,0.0010285234,0.0021953995,0.0011368052,0.0008940332,0.0021740643,0.0020632683,0.003166529,0.0008341447,0.00044085304,0.0013705796,0.0023528053,0.98234314
