id,fold_seed,model_seed,fold,gold,pred,prob_0,prob_1,prob_2,prob_3,prob_4,prob_5,prob_6,prob_7,prob_8,prob_9,prob_10,prob_11
syn-0003,0,0,0,2,2,0.000606481,0.00041907272,0.9940361,0.0006992493,0.00031664176,0.00021320693,0.000872357,0.00070490566,0.0004693392,0.00044784657,0.000520781,0.0006939771
syn-0004,0,0,0,10,10,0.0005966444,0.0005093413,0.00096185185,0.00051183434,0.0018395898,0.0005078512,0.0025694035,0.00089392177,0.027485104,0.007383081,0.955727,0.0010144309
syn-0006,0,0,0,7,7,0.006318127,0.004002343,0.014912317,0.0021952456,0.0013458638,0.008325322,0.0017247514,0.70401645,0.03236935,0.19397692,0.017723951,0.013089379
syn-0008,0,0,0,8,8,0.0002604909,0.00036753042,0.00042530318,0.000229658,0.00046324285,0.00041891396,0.00068789563,0.0010528924,0.9951161,0.00039817207,0.0004009033,0.00017885785
syn-0011,0,0,0,10,10,0.0011300634,0.0043035145,0.0017063954,0.0010825344,0.0021091758,0.0026236302,0.0051733167,0.0012842867,0.217041,0.016197737,0.74434763,0.003000672
syn-0015,0,0,0,6,6,0.000624616,0.0022548267,0.000852291,0.0009683694,0.00050018047,0.0018340566,0.9898425,0.00027207623,0.0011302053,0.0003920215,0.0005482689,0.00078077073
syn-0016,0,0,0,9,9,0.00035876787,0.0013101575,0.00035806783,0.0008236373,0.00046929443,0.00036017207,0.0005341223,0.00036548686,0.002220913,0.9900663,0.002345179,0.00078784133
syn-0017,0,0,0,3,3,0.0006177592,0.0008258243,0.0007809208,0.991,0.0008823105,0.001411995,0.0009883821,0.0008406742,0.00029052925,0.0010076303,0.0007699408,0.0005840265
syn-0020,0,0,0,6,6,0.00033410738,0.00038946842,0.00062572054,0.0006166216,0.0009486515,0.0016921868,0.99014145,0.00023233522,0.0028989592,0.00037822372,0.001155081,0.0005872363
syn-0034,0,0,0,0,0,0.9920712,0.00079426984,0.00056639314,0.00048945495,0.0011537881,0.0010970283,0.00049498276,0.0009409188,0.00034036246,0.0005832322,0.00051520346,0.00095317286
syn-0044,0,0,0,2,2,0.0006254776,0.00046345568,0.9936307,0.0008759486,0.00024964963,0.00019423754,0.0006970896,0.00095582084,0.00047630316,0.0004413696,0.0005762169,0.000813688
syn-0049,0,0,0,8,8,0.0003998858,0.00041217686,0.00029979323,0.0001977646,0.00072022085,0.00023166227,0.00063699076,0.00048899435,0.9950169,0.0008396371,0.00062193116,0.00013407583
syn-0052,0,0,0,4,4,0.012698161,0.0026838651,0.0005881293,0.0019530396,0.92386556,0.050026406,0.0008950403,0.0010201735,0.00090294157,0.0014836193,0.0012245702,0.0026584321
syn-0053,0,0,0,10,10,0.00028312654,0.00045111138,0.00045821536,0.00045888705,0.00047322255,0.00060941256,0.0009634333,0.00037016926,0.000474611,0.0005015339,0.9944613,0.0004949653
syn-0055,0,0,0,3,3,0.00040152413,0.0009604471,0.0009188735,0.99277157,0.00066866115,0.0007399597,0.0011090498,0.00035660018,0.0002415235,0.00081189355,0.0005148125,0.0005051017
syn-0063,0,0,0,1,1,0.00074509915,0.993584,0.0004609514,0.0007253554,0.0005305518,0.00053523545,0.0007211178,0.00027177442,0.00044372576,0.0006371615,0.0006651362,0.00067991274
syn-0069,0,0,0,11,11,0.0017246305,0.0045939907,0.0011844522,0.0014231522,0.0017513619,0.00060201227,0.0037085384,0.0005235484,0.00043701404,0.0011008012,0.0015242122,0.9814263
syn-0072,0,0,0,0,0,0.99322563,0.0007339993,0.0006359994,0.00053139735,0.00092695636,0.0008795552,0.00039877632,0.00080378226,0.00043075913,0.00054029294,0.00033221536,0.00056071964
syn-0073,0,0,0,11,11,0.0013231548,0.0028949792,0.0009645022,0.00041767265,0.0005832888,0.0008515859,0.0008709298,0.00093574094,0.00052234635,0.0008121923,0.0010416033,0.9887821
syn-0077,0,0,0,2,2,0.00047545935,0.00039842672,0.99429494,0.0008456086,0.00027978123,0.00017611151,0.00094718114,0.00062895933,0.00041027198,0.0003690246,0.00048460028,0.00068968127
syn-0081,0,0,0,10,10,0.0005731625,0.00089294836,0.00063567347,0.0009711813,0.0012141261,0.0009807119,0.0011610755,0.00044900263,0.00093306426,0.00067206094,0.99077976,0.0007373942
syn-0084,0,0,0,5,5,0.0006748492,0.0008991741,0.0002923827,0.0010676978,0.0006147573,0.9914956,0.0006689439,0.001992228,0.00047551177,0.0003768962,0.0007545048,0.0006874877
syn-0090,0,0,0,5,5,0.008450077,0.0023904464,0.0006154181,0.0004854116,0.006564879,0.96484596,0.0011374676,0.0057568266,0.0066260668,0.000884996,0.0006154181,0.0016269621
syn-0093,0,0,0,5,5,0.00066836283,0.0011459803,0.00033541815,0.0007437945,0.0008809089,0.98821867,0.0043497696,0.00069941295,0.0005921367,0.00038568713,0.0009432332,0.0010365716
syn-0098,0,0,0,10,10,0.00032094645,0.00080341945,0.00032759635,0.00035249075,0.00095653307,0.0005459483,0.00054541545,0.0004276836,0.001688221,0.0007091017,0.99289846,0.0004241482
syn-0101,0,0,0,3,3,0.00041585916,0.000890534,0.0007404447,0.9931798,0.0008568365,0.00058359886,0.0010560276,0.00043010875,0.00026614935,0.0007025811,0.0003581431,0.00051982445
syn-0109,0,0,0,3,3,0.0008611016,0.0019158088,0.00072299904,0.9809713,0.001454094,0.00060408824,0.0019250686,0.00035721206,0.00046136483,0.0078110183,0.0021501267,0.00076587964
syn-0120,0,0,0,3,3,0.00048479164,0.0009969769,0.0008714382,0.9927468,0.00075067667,0.00035003584,0.00089592347,0.00041204045,0.00040014405,0.0010891493,0.00047914364,0.00052290654
syn-0121,0,0,0,9,9,0.00046341016,0.00080816384,0.000555985,0.0012252715,0.0004757915,0.00031524766,0.0003938676,0.0005875241,0.0008943374,0.9925633,0.00081311155,0.00090399646
syn-0139,0,0,0,1,1,0.00065396103,0.9937289,0.0004044706,0.00079249527,0.0005201118,0.0005890762,0.0006001084,0.00033761797,0.00039126142,0.0006691425,0.00057881186,0.00073401275
syn-0148,0,0,0,7,7,0.0016561908,0.0034467457,0.0040622503,0.0007954255,0.0015124035,0.011960041,0.00093815604,0.9422497,0.011312487,0.004286927,0.0062496364,0.011529973
syn-0155,0,0,0,4,4,0.0007761578,0.0005789076,0.00029510015,0.0006751612,0.99098575,0.0013991067,0.00057496375,0.00031229726,0.0028760417,0.0004438639,0.00065952115,0.00042312444
syn-0158,0,0,0,1,1,0.00073241605,0.9935057,0.00047927588,0.00073960354,0.00043003986,0.00066087546,0.00077585515,0.00035374114,0.00044914015,0.00059067196,0.0005067108,0.00077604456
syn-0166,0,0,0,5,5,0.0021119234,0.0010645377,0.00026024002,0.00062003045,0.0034853753,0.9883498,0.00077466044,0.0008726769,0.0005160351,0.00057371444,0.0006645462,0.00070637034
syn-0169,0,0,0,4,4,0.008719551,0.0006523294,0.0004199434,0.0018092926,0.97970104,0.0024573617,0.0010363294,0.00043667204,0.0013094036,0.0020758207,0.00051002303,0.0008722508
syn-0173,0,0,0,8,8,0.00036311138,0.0005845158,0.00040232038,0.00026617735,0.0005348127,0.00049825694,0.0017751207,0.00038994226,0.9932842,0.0005536787,0.0010846915,0.00026307628
syn-0175,0,0,0,11,10,0.0049347566,0.03946463,0.0031153525,0.003049135,0.005696534,0.0090101715,0.0063642585,0.0024692647,0.008049106,0.009419553,0.598922,0.30950525
syn-0196,0,0,0,4,4,0.07789236,0.0007726314,0.0008176567,0.0022625888,0.90723914,0.0032730137,0.0020706994,0.00093744806,0.0015584735,0.0009166268,0.00089539326,0.0013639788
syn-0223,0,0,0,6,6,0.0005799585,0.0007892334,0.00087916467,0.0009658092,0.0008198718,0.00082027225,0.9869846,0.000264231,0.0054013375,0.0007534595,0.0010195998,0.00072247523
syn-0230,0,0,0,9,9,0.00077644055,0.0012721891,0.00043724832,0.00043554368,0.0005106961,0.00037840687,0.00021603126,0.0016950743,0.0014768466,0.9915888,0.000555168,0.0006576707
syn-0233,0,0,0,8,8,0.00026154044,0.00040212562,0.00035765796,0.00021513726,0.00044860356,0.00026256405,0.0008245041,0.00046306988,0.9952303,0.00053533755,0.0008227196,0.0001764494
syn-0241,0,0,0,1,1,0.0015050241,0.9864972,0.00038652218,0.0026189252,0.003679776,0.0012355834,0.0007589941,0.00025423116,0.0005712427,0.0010719222,0.0006454092,0.00077509845
syn-0246,0,0,0,8,8,0.003079465,0.025714893,0.0013978858,0.0013562011,0.0014621131,0.0009816164,0.006207037,0.0012653535,0.9537023,0.0013951582,0.0024438011,0.0009941577
syn-0248,0,0,0,6,6,0.0006115269,0.0007093837,0.0011704329,0.001107062,0.00091666693,0.0009397808,0.96061987,0.00048802813,0.0011349765,0.00045091173,0.031121263,0.0007301173
syn-0249,0,0,0,8,8,0.0004099793,0.000465703,0.00028747218,0.0001821939,0.00089111534,0.00096329016,0.00029892375,0.0014122267,0.9931004,0.00080741756,0.0009928376,0.00018834486
syn-0252,0,0,0,8,8,0.000312949,0.00046522662,0.0003858748,0.00021466681,0.0005005797,0.00024301192,0.001262766,0.00036516055,0.9940242,0.000662513,0.0013560738,0.00020704875
syn-0254,0,0,0,7,11,0.014292928,0.019252028,0.046867564,0.0058715367,0.012539774,0.036955554,0.022083338,0.22205585,0.19123726,0.032123223,0.0854014,0.31131944
syn-0270,0,0,0,10,10,0.00045025756,0.0009178897,0.0003100622,0.0003689278,0.00059664005,0.00047025582,0.0011806366,0.00024744467,0.0006298698,0.0008538653,0.9935489,0.00042525583
syn-0273,0,0,0,0,0,0.99038714,0.0016686044,0.00065335515,0.00080403296,0.0011770232,0.0013332537,0.00041468986,0.0008434427,0.0005848064,0.0006267933,0.00039338807,0.0011135673
syn-0274,0,0,0,9,9,0.000502316,0.0004254782,0.00069739675,0.00060590875,0.00042589393,0.00048118926,0.00024337905,0.0016666489,0.001110363,0.99067664,0.001943996,0.0012207613
syn-0275,0,0,0,0,0,0.99259233,0.0008111526,0.00065098424,0.00065353216,0.00094452087,0.0009639733,0.00057814986,0.0008068075,0.00043897502,0.0005182502,0.0005328767,0.00050847454
syn-0276,0,0,0,6,6,0.0004585711,0.00054403517,0.0012253708,0.0009308733,0.00071129,0.00065751455,0.9908694,0.00035280245,0.0005799713,0.00032884805,0.0020129636,0.0013284591
syn-0284,0,0,0,0,0,0.9826638,0.0016060267,0.0006249495,0.00052420853,0.0015757325,0.0011658503,0.0006080925,0.00075900374,0.005794831,0.0022157736,0.001143859,0.00131786
syn-0296,0,0,0,3,3,0.0006417667,0.0012710193,0.00072296837,0.98862326,0.0018945648,0.0025656498,0.000970488,0.00040199974,0.00022594228,0.0011064397,0.000838658,0.0007372277
syn-0302,0,0,0,10,10,0.0003180573,0.0003797365,0.00037348433,0.0003039373,0.0003541262,0.00034965892,0.0008166117,0.00043071827,0.0007683072,0.00051701476,0.995073,0.00031527414
syn-0304,0,0,0,1,1,0.00076066394,0.99326444,0.00041145095,0.0007171993,0.0004680598,0.00074613356,0.0007863444,0.0003987919,0.00042285674,0.0005591011,0.0006571757,0.0008077481
syn-0311,0,0,0,9,9,0.0009753879,0.0009892979,0.00069165364,0.0020831248,0.000990748,0.00032117797,0.00051524973,0.0007052953,0.0004140148,0.9868456,0.0014454065,0.0040231785
syn-0316,0,0,0,0,0,0.8759667,0.0027022322,0.0010357169,0.0028920025,0.01914585,0.08243803,0.003312461,0.0010038512,0.002219542,0.0032995471,0.0022832984,0.003700734
syn-0318,0,0,0,11,11,0.0008697188,0.0011995517,0.0010462675,0.00073560217,0.0008409048,0.0003893423,0.0018913107,0.00046190413,0.00032817945,0.0007705281,0.0016458089,0.98982084
syn-0328,0,0,0,10,10,0.0002945814,0.00035882008,0.00029486924,0.00034608634,0.00037220406,0.00037530647,0.0005831339,0.00050886685,0.001188942,0.00076229265,0.9945714,0.00034356077
syn-0332,0,0,0,6,6,0.0003521971,0.00038946612,0.0006151143,0.0008916193,0.00050994765,0.00048778488,0.99401087,0.00020205235,0.00066558446,0.00032240612,0.001152838,0.0004000671
syn-0345,0,0,0,7,7,0.0015563072,0.0006338914,0.0012251434,0.00053379004,0.00051989953,0.008958115,0.00053955504,0.9803135,0.0018510673,0.0011889001,0.0007249879,0.0019549378
syn-0354,0,0,0,8,8,0.00041533425,0.000472939,0.0003633238,0.0002466789,0.0005834317,0.00040630775,0.0005503628,0.0006180347,0.9953223,0.00043166845,0.0003880804,0.00020172707
syn-0356,0,0,0,8,8,0.0006004068,0.001217537,0.00036009823,0.0002077992,0.00064982875,0.0002771775,0.0018167146,0.0005041141,0.9927676,0.00055609946,0.00067935407,0.0003632771
syn-0357,0,0,0,3,3,0.00063501304,0.0009909993,0.0018507527,0.9897503,0.0013967655,0.00048073934,0.0013509851,0.00052081933,0.00036076107,0.0012294104,0.00074276805,0.00069064775
syn-0371,0,0,0,6,6,0.0003630061,0.00047229478,0.0007723869,0.00073841255,0.00036746453,0.00044324683,0.99396646,0.00024779057,0.00043958277,0.00030035546,0.0013239369,0.0005649869
syn-0372,0,0,0,1,1,0.000896979,0.9920982,0.00043237626,0.0012052504,0.00043069056,0.00077532366,0.0006792276,0.00036910936,0.0003474241,0.0009060027,0.0005409989,0.0013183468
syn-0380,0,0,0,4,5,0.0038431946,0.0021197598,0.0005248234,0.0018264549,0.143543,0.83740395,0.0012504089,0.002618832,0.0024867351,0.0015791223,0.001093826,0.0017099412
syn-0382,0,0,0,0,0,0.9929744,0.0007630455,0.0006102867,0.000564423,0.0011840662,0.00075213314,0.00041133078,0.0007675296,0.00032570737,0.0005949863,0.00046314957,0.0005889165
syn-0383,0,0,0,2,2,0.0005366437,0.0003663168,0.9937691,0.00071232737,0.00027745715,0.00025017254,0.00077265786,0.0009860452,0.00041125814,0.0005085804,0.00060543057,0.00080392766
syn-0419,0,0,0,1,1,0.00073902786,0.99297476,0.00041334424,0.00078171317,0.00058319356,0.0006177824,0.0005184499,0.0003194077,0.0005227713,0.0005680173,0.0010789607,0.00088255916
syn-0421,0,0,0,10,10,0.000325326,0.0007168501,0.00043841574,0.00083808275,0.0003594004,0.0004919622,0.0010874762,0.0003449576,0.0007973646,0.0011103809,0.99278086,0.0007090177
syn-0425,0,0,0,5,5,0.0023523956,0.0034749177,0.00027511615,0.0011782472,0.012199931,0.97010744,0.0019988907,0.00079685275,0.0013923878,0.0010785839,0.0012420487,0.0039031415
syn-0448,0,0,0,4,5,0.00218661,0.0017855307,0.0006652523,0.0019099908,0.116904385,0.8655018,0.0023464628,0.0010124092,0.0026330515,0.0020441245,0.0014214654,0.0015888595
syn-0452,0,0,0,10,10,0.00033706502,0.00032893557,0.00063932483,0.000436834,0.00045158173,0.00039483936,0.0020911538,0.00037200554,0.0017540628,0.00070010684,0.9921014,0.00039253262
syn-0454,0,0,0,11,11,0.0004466638,0.0009813366,0.000821741,0.0005041631,0.0005698986,0.00078162603,0.00088526594,0.0011296493,0.00033096128,0.0006492576,0.00051991304,0.9923794
syn-0455,0,0,0,2,2,0.008797515,0.04591037,0.29737002,0.18036403,0.01924371,0.007621054,0.107752874,0.07434725,0.016974224,0.18106994,0.01039642,0.05015258
syn-0457,0,0,0,9,9,0.0005553567,0.0009942085,0.00043484152,0.0006767923,0.00037779688,0.00030386492,0.00022892172,0.00081378047,0.0006876181,0.99386495,0.00058343145,0.00047828007
syn-0459,0,0,0,5,8,0.07282386,0.19337013,0.0037701176,0.0040764688,0.031907734,0.0947949,0.023538778,0.0025559764,0.56062895,0.005193556,0.003859523,0.0034799853
syn-0480,0,0,0,1,1,0.0016029913,0.92906255,0.0024454636,0.012431222,0.006012447,0.0034638448,0.011385272,0.00066497124,0.00080054335,0.0029425994,0.00413759,0.025050526
syn-0487,0,0,0,6,6,0.0006537626,0.0006241293,0.00088274584,0.0010123202,0.0013337596,0.0019565455,0.9852152,0.00031017567,0.0064655817,0.00039556014,0.0007055067,0.00044474026
syn-0489,0,0,0,11,11,0.0009944343,0.002908923,0.0010720943,0.000935554,0.0022751715,0.0014394942,0.004695783,0.00047019642,0.0004918001,0.0010889773,0.0022571906,0.9813704
syn-0495,0,0,0,2,2,0.0006739212,0.0004727757,0.9935222,0.0009370758,0.00037399636,0.00029441438,0.0007465094,0.0007760574,0.00044434858,0.00048802147,0.00046159845,0.00080914213
syn-0496,0,0,0,8,8,0.00030682207,0.00050685304,0.00042618832,0.00020478712,0.00044642348,0.00027396128,0.0010803681,0.00040687033,0.9947556,0.00067278394,0.00071652455,0.000202797
syn-0497,0,0,0,5,5,0.0015266406,0.002531487,0.0003618572,0.00052804383,0.0012078194,0.9811917,0.0015512495,0.0063269767,0.0026588112,0.00068267254,0.00048408733,0.000948723
syn-0498,0,0,0,7,7,0.0006693317,0.0008813249,0.0012244203,0.00035861752,0.00018604832,0.001957693,0.0003332904,0.9906183,0.0019472063,0.0004856456,0.00051044545,0.00082772603
syn-0013,0,0,1,6,6,0.00041581207,0.00046979843,0.000637608,0.000566132,0.0004892292,0.0005878224,0.9940376,0.0002174124,0.0005139611,0.00032957754,0.0010215099,0.0007134772
syn-0018,0,0,1,3,3,0.0014910675,0.0025289713,0.0021006898,0.6991623,0.009373356,0.002719822,0.2748675,0.00050533237,0.0012122294,0.0024285277,0.0018720449,0.0017381348
syn-0031,0,0,1,0,0,0.99208367,0.00123887,0.0007580921,0.0006358888,0.0013361081,0.00056501915,0.00042152993,0.0008032502,0.00047695683,0.00064906414,0.00044348862,0.0005881009
syn-0032,0,0,1,4,4,0.0011290353,0.0010969734,0.0008754379,0.0020982726,0.9761054,0.0010105793,0.011656176,0.00044105848,0.0026416406,0.0013212657,0.00053566735,0.0010884367
syn-0037,0,0,1,8,8,0.000346412,0.00081056094,0.00033805714,0.0003669575,0.0017974302,0.00083915424,0.0019924904,0.00040578848,0.9863144,0.0014854001,0.0050017885,0.0003015564
syn-0041,0,0,1,10,9,0.0019703319,0.00317948,0.0016318682,0.007821404,0.0031103804,0.0007312434,0.003399445,0.00067233853,0.007448674,0.7445443,0.22094828,0.0045421803
syn-0042,0,0,1,9,9,0.0004916048,0.000535459,0.00066314364,0.0014969734,0.0004325706,0.00019891749,0.00026481273,0.0010017746,0.00040556956,0.99302894,0.0006275453,0.00085274153
syn-0045,0,0,1,9,9,0.0015871275,0.0037109612,0.000948643,0.007911923,0.0013769018,0.00069607835,0.0014254733,0.0005642522,0.001458565,0.9307113,0.048183262,0.0014254733
syn-0046,0,0,1,8,8,0.009651636,0.0024546564,0.001344384,0.0006648688,0.0019427413,0.004253709,0.0047072778,0.0025116403,0.9546699,0.0129750185,0.0016845895,0.0031395531
syn-0057,0,0,1,8,8,0.00067636085,0.0006587602,0.0002936105,0.00028569088,0.0012602195,0.0013158711,0.0013421519,0.00048266575,0.987911,0.0014832711,0.0031844764,0.0011059124
syn-0059,0,0,1,3,3,0.00051782705,0.0010136705,0.0007100356,0.9927509,0.0007713011,0.00077054824,0.0007643652,0.0004503355,0.0002583535,0.0010552414,0.00048031684,0.00045720398
syn-0070,0,0,1,2,2,0.000630516,0.00040619817,0.99311227,0.000819642,0.00040303715,0.00020665691,0.0011385159,0.0009613634,0.00043472444,0.0005050284,0.0005672644,0.00081465446
syn-0071,0,0,1,6,6,0.000564577,0.00034469797,0.00067752734,0.00082537485,0.00052355253,0.00072025636,0.9939732,0.00014581185,0.00050153263,0.0002986027,0.0008586731,0.0005660953
syn-0076,0,0,1,5,5,0.0022630726,0.0019145587,0.0002961267,0.0008398874,0.0010962223,0.98862326,0.0018597358,0.00062293344,0.00049350335,0.0005677415,0.00053126446,0.0008916577
syn-0079,0,0,1,1,1,0.00068194605,0.98398376,0.0005490303,0.0017731573,0.0010014737,0.005555851,0.002384006,0.00025161,0.0011398164,0.00088336604,0.0006661488,0.0011298424
syn-0086,0,0,1,10,10,0.00032468312,0.00043904746,0.00031654298,0.0003543383,0.00033108692,0.00058778166,0.0006218072,0.00060025323,0.0005832075,0.00046486006,0.994697,0.0006792633
syn-0087,0,0,1,5,5,0.0019693642,0.0017168713,0.0006263806,0.0016089185,0.0032936386,0.9481081,0.0058952454,0.0018500463,0.022803852,0.00086456264,0.009427479,0.0018356493
syn-0091,0,0,1,4,4,0.0008880438,0.00038119758,0.00032037424,0.0012162592,0.99306583,0.00066381623,0.0006044116,0.00032320243,0.0007097409,0.00076535466,0.0005489811,0.00051270705
syn-0111,0,0,1,3,3,0.00049363833,0.0012810258,0.0013136475,0.9927642,0.0006240173,0.00054215564,0.00094520353,0.00036044882,0.00029999216,0.0004919539,0.00035004198,0.00053375034
syn-0118,0,0,1,5,5,0.00088145776,0.000825026,0.00018377385,0.00051089644,0.002126933,0.9919777,0.0006167102,0.00086641597,0.0005803366,0.0003172228,0.00033179796,0.0007817867
syn-0128,0,0,1,2,2,0.00063133857,0.0004188203,0.99343735,0.00084263895,0.00031368193,0.0002071287,0.00092695595,0.00089890277,0.00046951475,0.00046404477,0.00055214413,0.0008376139
syn-0130,0,0,1,6,8,0.0015361363,0.0024457658,0.0012986193,0.00082223455,0.003453928,0.0018430084,0.008852812,0.0010212907,0.9730566,0.00088471704,0.004107904,0.0006770125
syn-0133,0,0,1,2,2,0.002201976,0.0009400321,0.97553205,0.0018772525,0.0006444986,0.00059373997,0.0018800043,0.0114351725,0.0009534379,0.0008091722,0.0013994902,0.0017332102
syn-0134,0,0,1,5,5,0.0017175558,0.0005775255,0.00036477475,0.00063832686,0.0021047788,0.9862092,0.0007354275,0.004144162,0.0015112805,0.00047021324,0.0007229659,0.00080377486
syn-0146,0,0,1,10,10,0.00039179713,0.00037568537,0.00035970882,0.0003987451,0.0004172696,0.00030098858,0.00055971835,0.00046549787,0.00068951654,0.00062144524,0.9950895,0.00033024861
syn-0147,0,0,1,0,0,0.989282,0.0020080225,0.0009012279,0.0010926761,0.0013794187,0.0005381477,0.0005980067,0.0005482262,0.0007277015,0.0015939153,0.000675648,0.00065486046
syn-0151,0,0,1,10,11,0.0021384538,0.004058072,0.0026796036,0.0020767127,0.0035655326,0.0036697446,0.011705211,0.0032086319,0.0020505146,0.0053721354,0.14347169,0.81600374
syn-0167,0,0,1,0,0,0.99259347,0.000814726,0.000747452,0.0005970858,0.0009632686,0.00068389403,0.00056530954,0.00083302916,0.0005341799,0.00062818965,0.00044501835,0.0005944677
syn-0181,0,0,1,10,10,0.0015158072,0.0030441259,0.0019086896,0.0018071108,0.0042439275,0.0006532151,0.020600662,0.0010357117,0.146388,0.0068646516,0.81013274,0.0018053469
syn-0187,0,0,1,3,3,0.00046097348,0.00095659686,0.0006442309,0.9931465,0.0010228392,0.000676138,0.0007482338,0.0003410643,0.00027566336,0.00072097627,0.0005157619,0.0004909433
syn-0191,0,0,1,4,4,0.0010998144,0.00074526266,0.00049355155,0.004154712,0.980068,0.0008209123,0.003115536,0.0003359162,0.0012658787,0.0020352527,0.0051278793,0.00073729974
syn-0202,0,0,1,10,10,0.00056448113,0.00052821357,0.00043876053,0.0004540165,0.0010735532,0.00046206784,0.00082452974,0.000536008,0.0037589804,0.004707916,0.9853485,0.0013028804
syn-0213,0,0,1,0,0,0.99189234,0.0006784238,0.00068910746,0.00054326875,0.001395864,0.0006201296,0.00051285187,0.00078890915,0.0007520475,0.0005325009,0.000808012,0.0007866013
syn-0222,0,0,1,8,8,0.0002662741,0.0003372601,0.00040900422,0.00018552657,0.0006063906,0.00027715176,0.00064125843,0.0010156372,0.9946162,0.0007896284,0.0006267096,0.00022887114
syn-0232,0,0,1,8,8,0.00060044724,0.00094417506,0.0003872995,0.00032076915,0.00080877956,0.0007885026,0.0005928726,0.0012413977,0.9894469,0.0042918436,0.00036276982,0.00021409607
syn-0236,0,0,1,11,11,0.0017452342,0.0037503245,0.00137454,0.0009414832,0.0025127823,0.001614866,0.0017358855,0.0012818379,0.0042209807,0.0059824027,0.0011356456,0.9737041
syn-0237,0,0,1,4,4,0.0018404804,0.0005191313,0.00039551323,0.0013206917,0.9908873,0.00059489644,0.0008910852,0.00027369658,0.00048506638,0.00094301364,0.00088652835,0.0009625524
syn-0264,0,0,1,0,0,0.99110514,0.0011444277,0.00059852394,0.0005045001,0.0015581487,0.001091221,0.00030450433,0.00093291514,0.00089717575,0.0008042231,0.00040855663,0.000650644
syn-0267,0,0,1,4,4,0.006939693,0.000598734,0.00031891817,0.001077307,0.98277724,0.0043640053,0.0006159327,0.00035266572,0.00054143963,0.0006385951,0.0008280191,0.00094747625
syn-0268,0,0,1,6,6,0.00048478838,0.0003788463,0.0007399363,0.0010205504,0.0027505397,0.0007805751,0.98983604,0.00018535757,0.00055880606,0.0004775056,0.0012168626,0.0015702742
syn-0271,0,0,1,2,2,0.001208075,0.001191089,0.97733456,0.004100858,0.00035867907,0.00038706782,0.001969295,0.002762275,0.0008868727,0.0067545716,0.0012828535,0.0017637571
syn-0272,0,0,1,3,3,0.062478058,0.023679286,0.06336905,0.34156772,0.038346235,0.007985973,0.08742253,0.010105079,0.010164461,0.0077251676,0.3265634,0.020593021
syn-0279,0,0,1,0,0,0.9924252,0.00081299845,0.00075245154,0.00054916297,0.0009914966,0.0007528191,0.00041432757,0.0010274755,0.0005757989,0.00067088014,0.0003765135,0.0006508747
syn-0281,0,0,1,10,5,0.0037679118,0.009257619,0.00092246523,0.0016736343,0.03167182,0.82888025,0.0043178233,0.0014583451,0.08418076,0.0044679563,0.02795028,0.0014512416
syn-0283,0,0,1,7,7,0.00060657813,0.00032914733,0.0025141966,0.00044769968,0.00026969364,0.002916519,0.00033498424,0.9888698,0.000838253,0.00060924963,0.0013467384,0.00091727544
syn-0294,0,0,1,1,1,0.00061462633,0.99322236,0.00040268834,0.00092458015,0.00051883236,0.0014224355,0.0005957163,0.00027676337,0.00046987177,0.00055689784,0.0003400925,0.00065522554
syn-0295,0,0,1,10,10,0.0004215071,0.00047786342,0.0003197276,0.00039461817,0.00046068008,0.00047414462,0.0007538523,0.00026312924,0.0006045185,0.00073900085,0.9944548,0.00063616486
syn-0297,0,0,1,11,11,0.0005495573,0.0011942404,0.00097515795,0.0004010843,0.00047236212,0.0011804454,0.0009545472,0.0009450401,0.00031389372,0.0004228029,0.00042239015,0.9921685
syn-0298,0,0,1,7,7,0.00082837086,0.0003297446,0.0009760594,0.0004402668,0.00043855037,0.0047937883,0.0003143374,0.9887312,0.0011296257,0.00049476366,0.00051096786,0.0010123427
syn-0308,0,0,1,3,3,0.0005325468,0.0010357624,0.0007100025,0.99294704,0.00079187175,0.0004279134,0.0011813625,0.00028491262,0.00035285237,0.00077220716,0.0004491068,0.0005144009
syn-0313,0,0,1,11,11,0.008750174,0.07837119,0.02148311,0.01070002,0.0064080195,0.016845828,0.02650544,0.029789956,0.007951579,0.007148662,0.27649665,0.5095494
syn-0314,0,0,1,8,8,0.00025703313,0.0004233624,0.00036800324,0.00021581042,0.0004930311,0.00028955512,0.0006235541,0.00060866354,0.99542373,0.0005066984,0.0006209715,0.00016955704
syn-0325,0,0,1,4,4,0.004044,0.0016212086,0.0008361582,0.08920922,0.8630871,0.010680566,0.005035298,0.00079942757,0.0021794452,0.016381623,0.0038306527,0.0022952189
syn-0336,0,0,1,0,0,0.99137914,0.0013126557,0.00091601786,0.0007758974,0.00095974415,0.0012037153,0.0005413993,0.0008291711,0.0005191355,0.0006790668,0.000361002,0.00052295165
syn-0343,0,0,1,8,8,0.00071834406,0.00046926484,0.00069420616,0.0002364225,0.0015755331,0.0006054974,0.0004619896,0.0030052047,0.9861443,0.004281698,0.0010056349,0.00080176204
syn-0346,0,0,1,6,6,0.0005170956,0.00030907357,0.0009874634,0.0013530843,0.0006066159,0.00032107197,0.9932868,0.00016207702,0.0005706983,0.00037592143,0.0010550702,0.00045500038
syn-0348,0,0,1,9,9,0.0011380663,0.0014972845,0.00035981738,0.0006361414,0.00065473426,0.0003894355,0.00028968664,0.00090149423,0.0018040317,0.9910251,0.0006426979,0.00066148245
syn-0358,0,0,1,2,2,0.00078167365,0.0005122588,0.9917133,0.0004972261,0.00030084746,0.00025985375,0.0010177538,0.0015980274,0.00071381015,0.0006387628,0.0008675607,0.0010989775
syn-0366,0,0,1,9,9,0.00091173756,0.0009781515,0.0006735874,0.0031916134,0.00077832874,0.00056666386,0.00086237316,0.00043320522,0.0009224848,0.9862649,0.0034291209,0.0009877507
syn-0369,0,0,1,6,5,0.0014015876,0.0066022486,0.00061350537,0.0013872893,0.0041089486,0.917801,0.060891286,0.0011361494,0.0016947701,0.001446785,0.0010174435,0.0018989794
syn-0370,0,0,1,9,9,0.00048348852,0.0007298892,0.0005049627,0.0007843962,0.0003707035,0.00040160966,0.00023085035,0.00081743713,0.00033984458,0.99249834,0.0014266137,0.0014118875
syn-0373,0,0,1,11,11,0.00060530234,0.0009578705,0.0008708743,0.00047348617,0.0004702605,0.00087257696,0.0007059446,0.00061273656,0.0001973784,0.0006955092,0.0004643281,0.9930737
syn-0374,0,0,1,8,8,0.00033950765,0.0003203426,0.00031940546,0.00028436264,0.0008622665,0.00033148107,0.0007513022,0.0005641437,0.9949091,0.00049615634,0.0006684668,0.00015340216
syn-0381,0,0,1,8,8,0.00031390585,0.00044658605,0.00028359029,0.00015105556,0.0005474359,0.0005410581,0.00046939138,0.0012248128,0.9941466,0.0008930891,0.00076843565,0.00021406518
syn-0396,0,0,1,3,3,0.00064868084,0.0007201309,0.0015738709,0.9914978,0.00068347284,0.0006262718,0.001140696,0.00087866845,0.00038320635,0.00064206327,0.0005909191,0.0006141587
syn-0397,0,0,1,1,1,0.0006405856,0.9940579,0.00044328757,0.0007188244,0.0003838208,0.00048733185,0.00053784915,0.0003282993,0.00031726772,0.0006260521,0.00062850234,0.00083039724
syn-0401,0,0,1,11,11,0.0017679152,0.012550519,0.0023439662,0.0007868094,0.00092167174,0.0012014997,0.0013815679,0.001286506,0.0004531523,0.0026794681,0.0007115175,0.9739154
syn-0406,0,0,1,4,0,0.76766366,0.0019365923,0.001777117,0.006288133,0.17707172,0.0026085158,0.0044840625,0.0021269303,0.00087289046,0.0047188015,0.022866657,0.007584936
syn-0415,0,0,1,1,11,0.008738837,0.22803426,0.004737324,0.0071463753,0.039626412,0.013041907,0.0057478845,0.0051072836,0.17246582,0.043203503,0.005167487,0.46698296
syn-0416,0,0,1,2,2,0.00056881853,0.00042811068,0.9934048,0.0009855109,0.00034115298,0.00021203367,0.0009152044,0.000839019,0.00043548993,0.0004697287,0.0005671545,0.00083309965
syn-0426,0,0,1,10,10,0.0005462949,0.0004718564,0.00072797626,0.00045733887,0.0004839905,0.0020088567,0.0012810739,0.0014580403,0.008868566,0.0017117113,0.9800379,0.0019464123
syn-0427,0,0,1,5,5,0.0018478263,0.0016869894,0.00037632635,0.002107195,0.06015474,0.92638993,0.0016836978,0.0007368113,0.0011229545,0.00093506207,0.000694201,0.0022642808
syn-0439,0,0,1,6,6,0.0007354202,0.0009942172,0.00090392004,0.00074663677,0.0006031705,0.0009228742,0.9910267,0.00025094824,0.0022619378,0.00037893176,0.00047831345,0.0006969622
syn-0443,0,0,1,7,7,0.001472614,0.0011569973,0.001458303,0.00061477674,0.00095125544,0.031686373,0.0005156756,0.9516815,0.0038084958,0.0027883754,0.00059180264,0.0032739236
syn-0444,0,0,1,5,5,0.0009205268,0.0015783429,0.00029421804,0.0009880635,0.0035529449,0.98033464,0.008598311,0.0007360613,0.0006921412,0.0003994087,0.0005245004,0.0013808628
syn-0449,0,0,1,11,11,0.0006510916,0.00061283977,0.0010470669,0.0011917077,0.0008354062,0.00035729178,0.0009411087,0.0007112538,0.000196546,0.0014742595,0.0011625397,0.9908189
syn-0453,0,0,1,1,1,0.020217083,0.73980117,0.0030800202,0.0050189337,0.0064538848,0.010957007,0.03009121,0.0067044282,0.0037152139,0.0049459497,0.09973087,0.06928424
syn-0456,0,0,1,11,11,0.00067099684,0.0010266511,0.0009815525,0.0024839428,0.0017429317,0.0007142725,0.0014039512,0.0005933104,0.0002504885,0.0007533178,0.0011330748,0.9882455
syn-0460,0,0,1,8,8,0.00045301908,0.0009900888,0.0004438233,0.00027077433,0.0007126991,0.00045679515,0.0017782161,0.0005288577,0.9928323,0.0006078205,0.00064891984,0.0002766547
syn-0465,0,0,1,7,7,0.0039002418,0.00058035646,0.0045950473,0.0021520786,0.0012571365,0.01810733,0.0018954967,0.95914614,0.0010884922,0.0011153938,0.002796238,0.0033660303
syn-0471,0,0,1,5,5,0.0011703928,0.002019051,0.00024601741,0.00054982584,0.0036435542,0.98589075,0.00065453036,0.0008790483,0.0005147512,0.00058700383,0.00044722357,0.0033978245
syn-0481,0,0,1,9,9,0.0006418222,0.0006201042,0.00056959555,0.0005873896,0.00033013988,0.00020700015,0.0002269016,0.0009950448,0.0008153106,0.9937908,0.0007198605,0.0004960829
syn-0482,0,0,1,1,1,0.045513805,0.6613513,0.0055566104,0.092888005,0.018095303,0.008378198,0.06644893,0.0021930665,0.0019090944,0.007440816,0.052437253,0.037787583
syn-0486,0,0,1,1,1,0.0006437115,0.992588,0.00049499876,0.0008311962,0.0004111707,0.0005930148,0.0008401732,0.0003064526,0.0006788996,0.0009882756,0.00052256766,0.0011015594
syn-0490,0,0,1,7,7,0.0008073894,0.00047440807,0.00087919895,0.00028080313,0.0005468407,0.0062308195,0.00038157002,0.98630035,0.0011282249,0.0013209621,0.00045224145,0.0011971835
syn-0009,0,0,2,8,8,0.00028038517,0.00043917363,0.00022906731,0.00018406074,0.0004930534,0.00033199158,0.00075429864,0.000517473,0.99546874,0.0006323207,0.00049185107,0.00017752883
syn-0010,0,0,2,9,9,0.00057608524,0.0011489034,0.00028324,0.0005346159,0.0004109062,0.00030956304,0.00025638627,0.00045085166,0.0021404163,0.99194944,0.001188416,0.00075117336
syn-0022,0,0,2,10,11,0.006151264,0.17628928,0.0040936256,0.008297663,0.007975889,0.011452862,0.011514542,0.0032414885,0.0036302945,0.0260182,0.32742763,0.41390726
syn-0026,0,0,2,10,10,0.0003234611,0.00029639012,0.00033519868,0.00036102318,0.00043889257,0.00038020097,0.0012053299,0.00036190567,0.0007469058,0.00039226984,0.9948317,0.00032679492
syn-0038,0,0,2,5,5,0.00087052817,0.00086925394,0.00028400245,0.0012343284,0.0013239987,0.990742,0.0010773233,0.0012713356,0.00029967361,0.0003537921,0.00037004752,0.001303631
syn-0039,0,0,2,1,1,0.0007955888,0.9934761,0.00045843245,0.000747569,0.00041679648,0.0010241783,0.00058064586,0.00040436772,0.00036674557,0.00050793425,0.00043403514,0.0007876649
syn-0048,0,0,2,11,11,0.0005366573,0.0011351331,0.00084758486,0.00036919914,0.0010872581,0.0009613778,0.0008279506,0.00076610304,0.00039803164,0.000881564,0.0008183046,0.9913709
syn-0050,0,0,2,4,4,0.0018718308,0.0019194975,0.000815151,0.003984007,0.97795326,0.0013988593,0.0049934057,0.00047454564,0.0011501086,0.0012177263,0.0016370303,0.002584701
syn-0085,0,0,2,3,1,0.0017978861,0.9864442,0.00037242143,0.0023286266,0.0013769736,0.0015245429,0.00064600504,0.00048620373,0.0003075445,0.002063647,0.00076490577,0.0018870458
syn-0094,0,0,2,1,1,0.0005825175,0.98843944,0.00087617204,0.0025365257,0.00055910856,0.0007720872,0.0015155536,0.00081230735,0.00049679604,0.00064541807,0.00096040906,0.0018037508
syn-0097,0,0,2,10,10,0.0003834725,0.00038894115,0.00034983832,0.000509509,0.00040030899,0.00046210462,0.0008351562,0.0003769747,0.001215108,0.00059060805,0.9941262,0.00036182563
syn-0103,0,0,2,11,11,0.0033079833,0.05792399,0.0020369946,0.0022025162,0.0038242342,0.0028558401,0.0026040839,0.0019743226,0.00054398313,0.0056573735,0.010985037,0.9060837
syn-0114,0,0,2,4,4,0.0024059345,0.0026761622,0.0014247732,0.19883776,0.7742263,0.002569873,0.007394535,0.000728414,0.0012366561,0.0024774638,0.003906171,0.0021159851
syn-0129,0,0,2,11,11,0.00058717636,0.0019037763,0.0010406397,0.0007620921,0.00057441526,0.00045930743,0.0012199027,0.00054437673,0.00040771934,0.0019102945,0.0005499875,0.99004036
syn-0137,0,0,2,8,8,0.000329079,0.000398888,0.0002952727,0.0002550386,0.00048232687,0.000333609,0.00070918753,0.00048944424,0.9954461,0.0005111829,0.0005673495,0.00018244595
syn-0140,0,0,2,11,11,0.0007400862,0.00090059504,0.001296041,0.0013703967,0.0010627159,0.00060463086,0.0007124293,0.0011646032,0.00022221418,0.0046501616,0.00061776163,0.9866584
syn-0141,0,0,2,2,2,0.0005819,0.00044182249,0.99367934,0.0008584717,0.00028512275,0.00025260478,0.00090493,0.0007354111,0.0004433352,0.0005155349,0.0004821766,0.00081940944
syn-0143,0,0,2,1,1,0.0029154758,0.9515754,0.0010274338,0.0014602778,0.0005701802,0.00186226,0.001969822,0.0011055096,0.030948907,0.0032976228,0.0015022245,0.0017648749
syn-0144,0,0,2,9,9,0.0004778616,0.00072794076,0.00050744065,0.0017806805,0.00050546235,0.00021953006,0.0002986004,0.0004769292,0.00070675113,0.99299544,0.00079423375,0.0005091781
syn-0153,0,0,2,4,5,0.108971246,0.0028353296,0.001737439,0.003076219,0.22185443,0.6469921,0.00340008,0.0019534552,0.0018822922,0.002761547,0.0016147337,0.0029210509
syn-0154,0,0,2,1,1,0.00071455725,0.9937211,0.0003777422,0.0007453839,0.0003974198,0.0008487649,0.0005550052,0.000428247,0.00049532193,0.0005862023,0.00048078626,0.00064950075
syn-0160,0,0,2,5,5,0.0011050084,0.0012283699,0.00044401802,0.001393583,0.00049946667,0.98939556,0.0011817444,0.0022340866,0.00064352364,0.00031547147,0.00063758116,0.00092158007
syn-0163,0,0,2,4,4,0.0009153042,0.00039434078,0.00036151425,0.000740151,0.9918167,0.0009967117,0.0005053556,0.00055692485,0.0022005304,0.00061766483,0.00037997522,0.00051481987
syn-0164,0,0,2,8,8,0.0007954212,0.0007634566,0.00040250982,0.00030621333,0.000972194,0.0033066026,0.0025051117,0.00052037794,0.9869819,0.0008055837,0.0023642764,0.00027637064
syn-0165,0,0,2,8,8,0.00042693887,0.00066254864,0.00047628474,0.0003213276,0.00096094783,0.00038046966,0.0034310627,0.00032606916,0.9873053,0.0017743713,0.003684589,0.00025000592
syn-0171,0,0,2,6,6,0.0006533168,0.0014234522,0.0007252775,0.0009716881,0.00076455105,0.00111391,0.98936254,0.00025546804,0.0032504685,0.0006122378,0.00034646608,0.00052061526
syn-0172,0,0,2,10,10,0.0003016184,0.0003358231,0.00025151987,0.00034429086,0.0005011849,0.0008346779,0.0012014,0.0003164022,0.0010910865,0.000754483,0.9932841,0.00078338984
syn-0178,0,0,2,9,9,0.0015517867,0.0020052218,0.0008721753,0.001542721,0.00643669,0.0012628264,0.0017362224,0.00064688094,0.0045328215,0.94716144,0.019409724,0.01284158
syn-0179,0,0,2,1,1,0.0008578315,0.9926353,0.00050453946,0.000733384,0.00032086138,0.0005991554,0.00075851363,0.0004040255,0.0010080617,0.0006825884,0.00041522548,0.0010805685
syn-0183,0,0,2,4,5,0.0027598497,0.0012828227,0.0006933839,0.0020439478,0.15283154,0.8310548,0.0018241492,0.0020005035,0.0019608524,0.00084706646,0.0008938072,0.0018073042
syn-0186,0,0,2,3,3,0.00063966017,0.0012557617,0.0005386479,0.99310654,0.0008253601,0.0005449972,0.0007912259,0.0003308805,0.0002745776,0.0007489347,0.00040126752,0.0005420778
syn-0188,0,0,2,10,10,0.0007296312,0.00037202286,0.0006172678,0.0005344617,0.00061516155,0.00030186228,0.0014067445,0.0005124831,0.00064562884,0.0005694873,0.9921476,0.0015476492
syn-0193,0,0,2,11,11,0.0025624891,0.005114815,0.0024072358,0.0017749845,0.017683284,0.002393172,0.0045017027,0.0020449907,0.0051751067,0.009856656,0.041275784,0.90520966
syn-0197,0,0,2,11,11,0.0014090303,0.0012547481,0.0011438567,0.00079659343,0.0033916607,0.0014038796,0.0011288754,0.00076945045,0.00058251567,0.00126243,0.00034919742,0.9865078
syn-0210,0,0,2,0,0,0.98540455,0.0009439979,0.00060033466,0.00071082945,0.0036364265,0.0043863677,0.0006424946,0.0009878532,0.00049478724,0.0006050432,0.000410193,0.0011771213
syn-0218,0,0,2,8,8,0.00035271168,0.00046635533,0.00041035318,0.00027956336,0.00071563513,0.0011570619,0.0028262488,0.0006683494,0.9906144,0.0004913683,0.0016983768,0.00031958337
syn-0225,0,0,2,7,7,0.0008773851,0.0006107216,0.0014279662,0.00046734282,0.0011426507,0.0045814826,0.0001936793,0.9744624,0.0025709202,0.0087837335,0.002096148,0.0027856021
syn-0239,0,0,2,6,6,0.0004632243,0.00045648828,0.000793376,0.0008991775,0.0005714473,0.0009107768,0.99264985,0.00021881165,0.00041361272,0.00023705437,0.0015266612,0.00085952115
syn-0240,0,0,2,6,6,0.001286679,0.00088475266,0.0010486195,0.0022358373,0.018451586,0.0023226866,0.9688288,0.0002286702,0.0022709253,0.00082508294,0.0006900561,0.00092630775
syn-0242,0,0,2,0,0,0.9926004,0.00069466874,0.0005708611,0.0005339229,0.0015383705,0.00065385667,0.00046866134,0.00062972953,0.0007560835,0.0005733753,0.00038325804,0.0005967985
syn-0247,0,0,2,3,3,0.000489138,0.00158504,0.00090671866,0.9904612,0.001451012,0.0004764094,0.0013692701,0.00041149344,0.00035646584,0.00064264593,0.0010647301,0.00078584993
syn-0261,0,0,2,5,5,0.0007215523,0.0006622953,0.00037847165,0.0005394949,0.0017654842,0.9898234,0.0031258743,0.00070638803,0.0008057362,0.0002349984,0.00048360013,0.0007526808
syn-0262,0,0,2,10,10,0.0003582822,0.00040460163,0.00032022258,0.0003271768,0.0003762106,0.00042113021,0.00071781094,0.0005237213,0.000663421,0.00052950677,0.99502206,0.00033575427
syn-0263,0,0,2,0,0,0.9715066,0.0077432143,0.0010448644,0.0011209759,0.0064539216,0.0021729048,0.001104675,0.0007132318,0.0043893885,0.0017168123,0.0007474605,0.0012858328
syn-0278,0,0,2,9,9,0.00044440202,0.0007648642,0.0003673444,0.0008767071,0.00045649835,0.00030782828,0.0002682305,0.00051955855,0.0005807426,0.9941269,0.0007801403,0.00050678005
syn-0280,0,0,2,0,0,0.9930735,0.0008032668,0.0005753316,0.00047696673,0.001043573,0.0006812245,0.00046980137,0.00056613545,0.0005489853,0.0005541021,0.0004937922,0.0007133945
syn-0282,0,0,2,7,7,0.0013013455,0.0006648245,0.0013038896,0.0004385648,0.0009504589,0.010119094,0.00043176545,0.97915477,0.0016593745,0.0015049872,0.0007090856,0.0017619802
syn-0288,0,0,2,9,9,0.0004962041,0.0006939755,0.0004281726,0.00061512843,0.00039252976,0.0002197596,0.00023053109,0.00058695965,0.0012509644,0.99403375,0.00069737236,0.0003546211
syn-0290,0,0,2,0,0,0.91401774,0.0022468949,0.0010955839,0.00162075,0.060758837,0.010379395,0.0014843818,0.0009936515,0.0029868437,0.0011997436,0.0014757098,0.0017405099
syn-0291,0,0,2,1,1,0.000642273,0.99327564,0.0004572223,0.0007358306,0.0003872824,0.00051962084,0.00047520388,0.00043799216,0.00034648034,0.00076813734,0.00070402253,0.0012503155
syn-0293,0,0,2,0,8,0.27653864,0.011710492,0.0042195697,0.0028245982,0.075675316,0.020167338,0.0064215222,0.005174977,0.58314985,0.006325053,0.002566808,0.005225762
syn-0301,0,0,2,3,3,0.0006608466,0.0017057564,0.0005573044,0.99055606,0.0015569053,0.0013000394,0.0012355286,0.00028256603,0.00033490075,0.000772608,0.0004159775,0.0006214145
syn-0322,0,0,2,2,2,0.001207167,0.00053935155,0.99197924,0.0014618206,0.00040851784,0.00023968666,0.0009537828,0.00096951256,0.00040061638,0.00040593292,0.0003360376,0.0010981794
syn-0323,0,0,2,7,7,0.00042139716,0.00039049058,0.0009482431,0.0003395956,0.00027581977,0.0016106548,0.00018882891,0.9927401,0.0012257702,0.00072757585,0.0005218827,0.000609696
syn-0329,0,0,2,8,8,0.00041829026,0.0002856673,0.00034660555,0.000219886,0.0006089059,0.0003618233,0.0005708981,0.0008997949,0.9936346,0.0011701206,0.0010575675,0.00042591593
syn-0330,0,0,2,0,0,0.97426605,0.0012522554,0.00059008115,0.0011729435,0.005087577,0.012420889,0.00075325265,0.0011873494,0.00044454748,0.0013239373,0.0005964541,0.00090461195
syn-0334,0,0,2,6,6,0.002463364,0.004251119,0.0020662732,0.010054518,0.011235811,0.11515218,0.84424436,0.000865567,0.001601377,0.0015889151,0.0018776924,0.0045988006
syn-0335,0,0,2,3,11,0.0011921211,0.0017587786,0.0011068468,0.0017833706,0.0021145758,0.0011128079,0.0013250458,0.00052360387,0.00015984618,0.0030860933,0.00046479426,0.985372
syn-0349,0,0,2,5,5,0.00070252543,0.0007616538,0.0003065362,0.00047454078,0.0008453411,0.99188966,0.00042892125,0.0020008201,0.00062805077,0.00035628342,0.0005216903,0.0010840159
syn-0359,0,0,2,4,4,0.0010459413,0.0015382714,0.00070152635,0.001541279,0.97726804,0.001452855,0.006629948,0.00050677295,0.002663416,0.00091496285,0.0014564062,0.004280616
syn-0367,0,0,2,4,4,0.0007108305,0.00051424693,0.00031743775,0.00075630576,0.9916809,0.0009203323,0.0004095932,0.00043494653,0.0025836576,0.00078989717,0.00053525466,0.00034660034
syn-0384,0,0,2,1,1,0.0010566523,0.99162394,0.0006294173,0.0007856208,0.000433861,0.00087856565,0.0008624145,0.0004797716,0.0013687038,0.0006987456,0.00027123827,0.0009111137
syn-0388,0,0,2,5,5,0.028171923,0.006049622,0.007994904,0.075447224,0.009068266,0.46307382,0.0267509,0.34818372,0.009161729,0.0065348167,0.011949147,0.0076139057
syn-0393,0,0,2,2,2,0.0008760025,0.00053975533,0.99272186,0.0010641847,0.00029851816,0.00028652197,0.0009920958,0.00082262687,0.00039086494,0.0005321662,0.00041162793,0.0010638569
syn-0407,0,0,2,6,6,0.0005277051,0.0010684689,0.00086982624,0.006853416,0.0009033728,0.0013174518,0.9858431,0.00016694404,0.00035067022,0.00040047796,0.00090757303,0.0007910197
syn-0409,0,0,2,10,10,0.00033804192,0.0008380929,0.00035565146,0.0005119408,0.00036729957,0.00028438197,0.000796985,0.00050696573,0.0009730358,0.0033809238,0.9910977,0.0005489642
syn-0411,0,0,2,2,2,0.000528184,0.00050869427,0.9935062,0.0008476496,0.0002904119,0.00023380874,0.0007534551,0.0009750545,0.00038173926,0.0005895197,0.0004537695,0.00093155773
syn-0414,0,0,2,5,4,0.0015268632,0.0011302447,0.00056500244,0.0022681565,0.86952055,0.11607888,0.0015009909,0.00092789985,0.002242279,0.0014045533,0.0015993576,0.0012352846
syn-0417,0,0,2,7,4,0.010698056,0.004632738,0.01561125,0.007743238,0.24491751,0.15628836,0.14271967,0.18023849,0.08243865,0.00822655,0.07669132,0.06979416
syn-0423,0,0,2,9,9,0.00045791036,0.0006326489,0.00045724006,0.0006505041,0.00044015312,0.00022980248,0.00024130178,0.0015351605,0.0012971608,0.99282926,0.0008109501,0.00041795123
syn-0431,0,0,2,3,3,0.00062311004,0.000783083,0.0006750598,0.99325883,0.00096362014,0.00054375164,0.00070901273,0.00053610635,0.00028639712,0.0006283039,0.00045922823,0.000533495
syn-0433,0,0,2,5,5,0.0026649819,0.0018659158,0.0019064376,0.0017804692,0.0139771495,0.5358789,0.0009765698,0.4289121,0.0051365737,0.0026741063,0.0011428414,0.0030838947
syn-0436,0,0,2,6,6,0.0003846673,0.0004997448,0.0006183089,0.00069705286,0.00057773606,0.0004678649,0.9943064,0.00012784472,0.000751489,0.0003649077,0.0006672468,0.0005368028
syn-0440,0,0,2,1,1,0.0015844986,0.98992646,0.0005794194,0.00087066134,0.00046285655,0.0012105656,0.0010193984,0.0004481781,0.0021261654,0.0007694823,0.00035976968,0.00064261263
syn-0450,0,0,2,10,10,0.00036661173,0.0003278273,0.00040284084,0.0002950126,0.00038873465,0.00036643274,0.0006320579,0.00061373424,0.0006292096,0.00044200226,0.99505496,0.00048060957
syn-0451,0,0,2,8,8,0.001285391,0.001212831,0.0007060578,0.0004871652,0.0015286772,0.013270394,0.0006930779,0.038927753,0.9357936,0.003603758,0.0017271506,0.0007641764
syn-0458,0,0,2,6,6,0.0004843951,0.00029930272,0.0008287565,0.0007607127,0.00041009832,0.00057061756,0.99435943,0.00027708022,0.00046720498,0.00024333141,0.00081200176,0.0004870038
syn-0461,0,0,2,2,2,0.00065733655,0.00042700666,0.99375004,0.0005698504,0.0002973718,0.00023024036,0.0009118141,0.000852736,0.00046874612,0.0004682886,0.00056846085,0.00079804566
syn-0463,0,0,2,11,11,0.0005886391,0.00066995324,0.0011235924,0.00040377598,0.00044584944,0.00051769975,0.00078862737,0.0010085466,0.00025942753,0.0006165874,0.000585772,0.99299157
syn-0472,0,0,2,8,8,0.00027765933,0.00027956392,0.00029013326,0.00024599256,0.00045444226,0.00043618007,0.0008002772,0.00050895114,0.9954651,0.00039482623,0.00063603424,0.00021081994
syn-0476,0,0,2,7,7,0.0005102864,0.00051756355,0.0010442316,0.00049506983,0.00034934707,0.00556705,0.00022054571,0.9869306,0.001721647,0.0013468897,0.00070363603,0.00059309986
syn-0478,0,0,2,2,2,0.001256831,0.0009145916,0.9830921,0.0016364176,0.00047657362,0.00061133533,0.0019453112,0.0049105524,0.0008566659,0.0007903545,0.0013008491,0.002208434
syn-0488,0,0,2,10,10,0.00030171836,0.00025556542,0.00032879403,0.00030977966,0.00068242743,0.00040759554,0.0012284971,0.0003651879,0.0013654778,0.0008573675,0.99264354,0.0012539509
syn-0492,0,0,2,6,6,0.0003814023,0.00036607528,0.0007019345,0.000779726,0.00046502764,0.0005487397,0.99456984,0.00023405906,0.000465482,0.0002686122,0.0007680593,0.0004509404
syn-0493,0,0,2,8,8,0.00025479082,0.00025157657,0.0003016864,0.0002228845,0.00058779615,0.00047346202,0.000556922,0.0008146932,0.99545044,0.0003747222,0.00054415374,0.00016693278
syn-0002,0,0,3,1,1,0.00067549315,0.9938964,0.00043041908,0.0006253394,0.0004750368,0.0006473988,0.0005613724,0.00030625783,0.0003917097,0.00067996053,0.00059177045,0.0007188832
syn-0005,0,0,3,11,11,0.00042500225,0.0012631045,0.0009267052,0.0005540368,0.0010076495,0.0013507574,0.0010002962,0.0006566512,0.00018933172,0.00085372076,0.0012375404,0.9905352
syn-0025,0,0,3,8,8,0.00034315907,0.00030775604,0.00034805282,0.00022593002,0.00047272156,0.00054930453,0.0006979553,0.0006297808,0.9953506,0.00053501024,0.00040671634,0.00013307708
syn-0027,0,0,3,4,4,0.0009613845,0.0004895907,0.0003441338,0.00084099465,0.9884775,0.0033343288,0.00083914876,0.00048247122,0.00286037,0.00047267755,0.0003096869,0.00058768253
syn-0033,0,0,3,5,5,0.00062248495,0.001105466,0.00024198972,0.0007361576,0.0012014835,0.99177814,0.0008755971,0.0008978945,0.0008182411,0.000500425,0.0003715213,0.0008506284
syn-0035,0,0,3,9,9,0.0021522192,0.0647038,0.0019217156,0.0048667067,0.0047031753,0.0024868848,0.003920068,0.0012120107,0.0061581056,0.7017723,0.19794396,0.00815916
syn-0040,0,0,3,4,4,0.00058627204,0.0005937624,0.00037429843,0.0033606095,0.98851556,0.0026832388,0.0010264304,0.00035024996,0.00059058174,0.0006332924,0.00062195386,0.0006636848
syn-0051,0,0,3,3,3,0.0014371383,0.0018180442,0.00057585636,0.9733271,0.0027434032,0.0009301544,0.0014856567,0.0005820757,0.0006925834,0.013641847,0.0019066898,0.0008594124
syn-0054,0,0,3,5,5,0.0007964912,0.0005654866,0.00029009435,0.0006864507,0.00077823043,0.9914512,0.00081101165,0.0018523495,0.00067383127,0.0004683473,0.0008656391,0.0007609455
syn-0056,0,0,3,8,8,0.0003392785,0.0005043677,0.0003641704,0.00020881937,0.00041024832,0.00025213035,0.0010017089,0.0005757249,0.9947231,0.00058407773,0.0008760557,0.00016042039
syn-0058,0,0,3,9,9,0.000429168,0.0007994459,0.00040752027,0.000569945,0.0005696668,0.00039459663,0.00028338583,0.0006540836,0.0037658296,0.99052376,0.0011878674,0.00041474705
syn-0062,0,0,3,7,7,0.0009477115,0.00054389285,0.0013497678,0.00037895754,0.00029542076,0.002473528,0.00016734228,0.9901267,0.001880383,0.000620842,0.0005030186,0.00071249425
syn-0064,0,0,3,6,6,0.00051657035,0.00052163977,0.0013051737,0.00091260514,0.0013345765,0.0005607318,0.9884093,0.00024377242,0.0013990083,0.0004405535,0.003332471,0.0010235676
syn-0065,0,0,3,11,11,0.0005893645,0.0007855613,0.0009401938,0.0003924098,0.0004641814,0.000738327,0.00082992064,0.0007563897,0.00018975696,0.00066783756,0.00088603795,0.99275994
syn-0067,0,0,3,5,5,0.00056810904,0.0010936979,0.00028580267,0.00071448454,0.0008649948,0.9921657,0.0008185609,0.0010490022,0.00060681946,0.00044050373,0.00069878605,0.0006935174
syn-0068,0,0,3,10,9,0.005704865,0.002813103,0.0047712503,0.0072575477,0.034371156,0.004766593,0.02242862,0.00459295,0.22544521,0.55364,0.12695827,0.007250464
syn-0080,0,0,3,3,3,0.0005302614,0.0010407391,0.00071145734,0.9930401,0.00086999487,0.0004839887,0.0008374833,0.00034775393,0.00038719055,0.0008115186,0.0004319423,0.00050746347
syn-0100,0,0,3,2,2,0.0005847332,0.00045985964,0.99413896,0.000632093,0.0002770188,0.00018131887,0.00093928986,0.0006604899,0.00043031396,0.00039123176,0.0005360576,0.0007686174
syn-0112,0,0,3,4,4,0.0013107638,0.0005600485,0.0005364936,0.000666049,0.9862412,0.0017188701,0.00069631136,0.0006187077,0.006109938,0.00069665146,0.00035218487,0.00049279525
syn-0117,0,0,3,6,6,0.0016298272,0.0025892407,0.0028451132,0.35263273,0.04430991,0.0053924895,0.57461965,0.00045170356,0.0023829918,0.004931542,0.004502295,0.0037125398
syn-0123,0,0,3,10,10,0.0003568464,0.00048632434,0.00043764454,0.00052124064,0.00048301122,0.0002158051,0.0019394826,0.00020213707,0.00088931585,0.0005844748,0.993457,0.00042667234
syn-0124,0,0,3,6,6,0.00083054823,0.00087125745,0.001098687,0.015293326,0.0068062837,0.001186225,0.96860224,0.00020897259,0.0010769104,0.00097385806,0.0022299318,0.000821674
syn-0125,0,0,3,9,9,0.0007336863,0.0027189965,0.0006596017,0.0016777853,0.0022932608,0.00090598164,0.0026202651,0.0003503118,0.0075745876,0.9733619,0.0062063946,0.00089717726
syn-0135,0,0,3,0,0,0.99298686,0.000848552,0.0008990985,0.00054439966,0.0006962978,0.00056168076,0.0005857692,0.0007664157,0.00048066565,0.0005192162,0.0005857692,0.00052533654
syn-0142,0,0,3,4,4,0.0022353565,0.0009082514,0.00063220673,0.057749204,0.92839134,0.0027183313,0.0017948442,0.00062423135,0.0012311701,0.0019260568,0.0010211744,0.0007678177
syn-0145,0,0,3,2,2,0.0049952064,0.004320881,0.7855154,0.17872912,0.0033024359,0.0023235541,0.003727561,0.0042012543,0.0014301029,0.0032464776,0.0024493735,0.005758579
syn-0149,0,0,3,8,8,0.0004924477,0.0006469942,0.0003564329,0.00019877263,0.00034715756,0.0003634629,0.0007279682,0.00054032006,0.9942458,0.0006386764,0.0012325847,0.00020933156
syn-0150,0,0,3,3,3,0.0010263324,0.06544859,0.0016602175,0.9213097,0.0013946343,0.0010745372,0.002428019,0.0005574625,0.00065173977,0.002104869,0.00088648347,0.0014572885
syn-0152,0,0,3,3,3,0.0021277666,0.0017408775,0.0009581234,0.8934693,0.091095544,0.001987174,0.0016889649,0.00069145963,0.0010636576,0.002763637,0.0011602408,0.001253295
syn-0159,0,0,3,11,11,0.0005973123,0.0007127979,0.0011505769,0.00033851515,0.0004204669,0.00084584864,0.0007286333,0.0010306782,0.00024573566,0.00073041435,0.0016825816,0.9915165
syn-0162,0,0,3,9,9,0.00067088456,0.0011138926,0.00041534306,0.00051137985,0.0005462248,0.0003413184,0.00028967316,0.0009038765,0.002308693,0.99194723,0.0005128802,0.00043868975
syn-0168,0,0,3,1,1,0.0013138148,0.98276156,0.00044449995,0.0018897798,0.00092415843,0.006980363,0.001060588,0.00040710022,0.00095956615,0.00202126,0.0003471926,0.00089005736
syn-0170,0,0,3,6,6,0.0004521963,0.00045976616,0.0010672932,0.00095286936,0.0014360249,0.0007176848,0.99102914,0.00021297754,0.0008955751,0.00050446147,0.0014276352,0.0008444016
syn-0174,0,0,3,10,10,0.0003404628,0.0005128451,0.00039455824,0.00036330664,0.00040175125,0.00028796107,0.00074341224,0.0004373764,0.00056877756,0.0005185104,0.99478936,0.00064168335
syn-0177,0,0,3,8,8,0.00028178215,0.00045871953,0.00040265004,0.0001925344,0.0003308876,0.00041705748,0.0012730754,0.00068946066,0.99458367,0.0006157693,0.0005653377,0.00018899492
syn-0182,0,0,3,6,6,0.00041833884,0.00039337692,0.0007951284,0.00055272254,0.00041427335,0.0005691551,0.99423534,0.00020249307,0.00057291926,0.00033255309,0.00088136335,0.00063230866
syn-0184,0,0,3,2,2,0.000589872,0.000544345,0.9938573,0.0007484952,0.0003203166,0.00020182396,0.0008717211,0.00070220267,0.0004537083,0.0004517188,0.00050074013,0.00075778057
syn-0190,0,0,3,3,1,0.00162558,0.94908047,0.0007910847,0.029801423,0.0028711492,0.00841409,0.0016584513,0.00062396884,0.0007174827,0.0025073197,0.00047794654,0.0014310712
syn-0198,0,0,3,0,0,0.8769885,0.007467981,0.0035010271,0.022398934,0.02604673,0.029457223,0.016673947,0.0013340409,0.001086688,0.005955448,0.003640492,0.0054490385
syn-0201,0,0,3,0,0,0.993252,0.0007300869,0.0006542859,0.0005453433,0.0010579996,0.0005477451,0.00051155273,0.0007076244,0.0004914752,0.0004612476,0.0004886039,0.0005520411
syn-0204,0,0,3,1,1,0.0010261612,0.99285126,0.00045524517,0.000627433,0.00041694133,0.000956254,0.000672152,0.0003966843,0.0010292977,0.0006204261,0.00040253787,0.00054565584
syn-0205,0,0,3,2,2,0.00064466975,0.00057338114,0.99358034,0.0009442932,0.00028287576,0.00017157281,0.00086353597,0.00065594184,0.00044199423,0.00045071178,0.0006298897,0.0007607201
syn-0206,0,0,3,8,8,0.0016949694,0.0015630048,0.0017937446,0.0010483275,0.005367894,0.0020465213,0.0035171297,0.0014189688,0.76581913,0.008909238,0.20451339,0.0023077163
syn-0215,0,0,3,10,10,0.00045336704,0.0007712033,0.0005037957,0.000783348,0.0015851131,0.00096165447,0.0023941044,0.00027795084,0.003586964,0.006826833,0.9810606,0.0007949073
syn-0221,0,0,3,11,11,0.0011058734,0.0021316267,0.0012354994,0.00051932567,0.000780362,0.0015614363,0.0024772622,0.00054371747,0.00121042,0.0008351647,0.002612999,0.9849861
syn-0228,0,0,3,6,6,0.0019007352,0.0012230196,0.0019948734,0.015282578,0.096588865,0.0032665837,0.8693354,0.00044468197,0.0029655574,0.0018521773,0.002445364,0.0027001707
syn-0244,0,0,3,3,3,0.00046968742,0.00089841045,0.00087963656,0.99283266,0.0008488346,0.0006752645,0.00097147265,0.00033305824,0.00032281113,0.00048483358,0.00074580923,0.00053744856
syn-0251,0,0,3,10,10,0.00039746848,0.0004070929,0.00047431586,0.0005590171,0.00030819143,0.00040689416,0.001491631,0.00043483186,0.0011639545,0.0007129021,0.9933577,0.00028614604
syn-0257,0,0,3,4,4,0.0015775136,0.0016431604,0.0005348906,0.0020499448,0.9502535,0.036416065,0.002104458,0.0008172053,0.0023425394,0.000887068,0.0006096723,0.000763954
syn-0258,0,0,3,3,3,0.0018603615,0.0029576463,0.0014846586,0.94736165,0.008108709,0.027032513,0.0050348123,0.00079818047,0.0007133912,0.0012099693,0.0019649332,0.0014731048
syn-0292,0,0,3,11,11,0.00061051693,0.0007172603,0.0010776556,0.0003666986,0.00045259134,0.00075370376,0.0007551773,0.0010412534,0.0002261372,0.0007586884,0.0008609668,0.9923793
syn-0300,0,0,3,10,10,0.00036734785,0.00047353012,0.00051363575,0.0004489865,0.0005145143,0.00030469082,0.00064220204,0.00059976836,0.00065446884,0.00047817704,0.99462175,0.00038104987
syn-0303,0,0,3,7,7,0.0041979416,0.00076063885,0.0022586838,0.0012274256,0.0030039812,0.15339924,0.0015576843,0.82281506,0.0033145677,0.00236477,0.0022280135,0.002872023
syn-0306,0,0,3,5,5,0.00079284946,0.0008487364,0.0003204966,0.0005478516,0.0016315945,0.99053895,0.0007469984,0.0018104252,0.0013072676,0.00027709597,0.00065249874,0.0005253225
syn-0310,0,0,3,10,10,0.0003543171,0.00039296004,0.0003891412,0.0003481433,0.0003729565,0.00026112952,0.00054757256,0.0005984615,0.000926689,0.00074266386,0.99463755,0.00042843272
syn-0312,0,0,3,11,11,0.0008130462,0.001004959,0.0011603778,0.00030619602,0.00082504365,0.0009594069,0.0007523121,0.0011252259,0.0012382349,0.0013534761,0.00064003957,0.9898217
syn-0324,0,0,3,7,7,0.0010051948,0.0019084562,0.0012626449,0.0004586414,0.0003843336,0.0034188437,0.00046814428,0.9742288,0.011101018,0.0026656878,0.0016597157,0.0014384696
syn-0327,0,0,3,1,1,0.00087491405,0.9925783,0.0005084674,0.0006618725,0.00051270565,0.00065576046,0.00057588774,0.0003428723,0.0014725568,0.0006085558,0.00039773886,0.0008103494
syn-0339,0,0,3,7,7,0.00084964884,0.00037068606,0.0012973007,0.00042148045,0.0002680401,0.0016355435,0.00020631784,0.9924516,0.0007187149,0.00048393809,0.00054623577,0.0007504535
syn-0340,0,0,3,9,9,0.00043813363,0.0006519611,0.00040978368,0.0008013387,0.00048425986,0.0003418859,0.00022246939,0.00055629207,0.00070442195,0.99359643,0.0012846063,0.00050849206
syn-0341,0,0,3,8,8,0.00035910195,0.00033965905,0.00037762415,0.00024120741,0.0005044406,0.00037468542,0.0006157943,0.0005498424,0.99535275,0.0007481131,0.00039943526,0.00013743583
syn-0351,0,0,3,11,11,0.00073871244,0.0015757348,0.0011162726,0.00059822755,0.0010148901,0.0009439053,0.00055597816,0.0010740332,0.00018280579,0.0011259895,0.0004591251,0.9906143
syn-0355,0,0,3,5,5,0.0021643802,0.0016222334,0.0007383735,0.0013714042,0.012367276,0.9596958,0.00248208,0.00077380874,0.0021596295,0.0010976581,0.01434629,0.0011810703
syn-0360,0,0,3,0,0,0.9921652,0.0007366247,0.00051199197,0.00060180295,0.0020760272,0.0008179612,0.0003427296,0.0007316063,0.00039064576,0.00058271806,0.00043622265,0.00060652295
syn-0364,0,0,3,4,4,0.0026931334,0.0016026561,0.0007202605,0.0021087101,0.8641112,0.11202619,0.0019693766,0.0009403146,0.0068436586,0.0026617574,0.0016231321,0.0026997165
syn-0375,0,0,3,8,8,0.00025683249,0.00043838262,0.00031529294,0.0001888224,0.00038876492,0.0003137572,0.0010559346,0.0005723173,0.99367577,0.0015538218,0.0010479729,0.00019235865
syn-0376,0,0,3,5,5,0.0006192049,0.0008538241,0.00033305876,0.0006107968,0.00055885897,0.990897,0.0021633487,0.0017163709,0.0006385487,0.00033305876,0.00063574873,0.0006401096
syn-0385,0,0,3,5,4,0.0034678185,0.0019701233,0.0008845421,0.0017781209,0.7430128,0.23563308,0.001810537,0.0032824632,0.0024114894,0.0021033385,0.00090110773,0.0027446104
syn-0392,0,0,3,1,1,0.0006118819,0.9936273,0.00064501504,0.0008876785,0.00039198628,0.0004358002,0.00061879243,0.00034390567,0.00040128196,0.0007496934,0.00056755857,0.0007192151
syn-0405,0,0,3,8,8,0.00033645894,0.0005023791,0.00031056648,0.00021638731,0.00035381317,0.00031422733,0.0005244362,0.00066847535,0.99516475,0.00078693574,0.00064790854,0.00017370237
syn-0410,0,0,3,10,10,0.0007726306,0.0008481544,0.0013149306,0.0009872449,0.0013599873,0.00055813766,0.0021706023,0.00095546985,0.0007599095,0.0016404578,0.97332454,0.015307973
syn-0418,0,0,3,0,0,0.99163365,0.0006615655,0.0007125342,0.0009111226,0.0019316741,0.00072340155,0.000616948,0.00064058544,0.00036321668,0.0005084798,0.0005807021,0.00071602175
syn-0420,0,0,3,2,2,0.00072417303,0.00044246204,0.99317604,0.0007079159,0.00031575048,0.0002020799,0.00093127653,0.0010194455,0.00050161994,0.0005560567,0.00060300465,0.000820195
syn-0422,0,0,3,1,1,0.0006793071,0.99366885,0.0006092244,0.0007606021,0.0003762497,0.00053475867,0.00057990843,0.00039662348,0.00045362226,0.00067467924,0.0005836012,0.0006826322
syn-0428,0,0,3,8,1,0.0012540275,0.98545986,0.000714349,0.00084831036,0.0006347349,0.00089994044,0.0008098587,0.0005016265,0.00661409,0.000714349,0.0009519199,0.0005968609
syn-0429,0,0,3,2,2,0.0015298362,0.0013159066,0.9812073,0.0013340212,0.00053115544,0.00052241015,0.0018017077,0.0045239665,0.0012422306,0.0019965009,0.0017373448,0.0022577108
syn-0430,0,0,3,1,1,0.0018380168,0.9474786,0.000590341,0.0058554835,0.0014653947,0.03505539,0.0019907695,0.0005174249,0.0005079127,0.0013148548,0.00097330764,0.002412491
syn-0435,0,0,3,10,10,0.00030281325,0.0003706524,0.00033698886,0.0003916782,0.0003411277,0.00039282735,0.0007916344,0.00060016126,0.00070655876,0.00061252154,0.99478734,0.0003656194
syn-0445,0,0,3,6,6,0.00075195014,0.0006438054,0.0010064393,0.00080397207,0.00074901857,0.0013966204,0.976388,0.0003882064,0.015781842,0.0006597167,0.0009276281,0.0005028673
syn-0447,0,0,3,7,7,0.00056484685,0.00050731533,0.0009258343,0.00036755286,0.00019236722,0.0019609483,0.0002396388,0.9917812,0.0009029534,0.0006322897,0.0006536361,0.0012715043
syn-0464,0,0,3,4,4,0.0027369312,0.00047329074,0.00034491692,0.0007733074,0.99169487,0.0007120564,0.0004767699,0.00029158595,0.000726455,0.0005697837,0.0005208244,0.00067928305
syn-0469,0,0,3,9,9,0.00043886655,0.00063388725,0.0004585827,0.00053744804,0.0005613189,0.0002790968,0.00021440929,0.0007696708,0.0007306693,0.9938018,0.0006010322,0.0009731927
syn-0474,0,0,3,0,0,0.9923011,0.0008265048,0.0005143174,0.0009218076,0.0014608676,0.0010850946,0.0004742743,0.0005629397,0.00035469505,0.00063945353,0.0003280393,0.0005309027
syn-0477,0,0,3,7,7,0.015077203,0.031825062,0.01838075,0.004544715,0.010571941,0.1350394,0.0020029661,0.63922346,0.023699509,0.013035494,0.053846262,0.05275324
syn-0485,0,0,3,10,10,0.00040880335,0.00035971228,0.0004677808,0.00042343096,0.00049142836,0.0002795976,0.0017287065,0.0004066135,0.00097273965,0.0005557747,0.99364233,0.00026317112
syn-0007,0,0,4,6,6,0.0016190532,0.001139633,0.0007098636,0.0010460414,0.0024946628,0.0020757355,0.98550814,0.00020688491,0.0029726282,0.0005712276,0.0007050276,0.00095103733
syn-0014,0,0,4,0,0,0.9883073,0.0029723505,0.00068160624,0.00077010156,0.0012755861,0.0012195524,0.00086923724,0.00055144273,0.00073555403,0.001100161,0.00059858547,0.00091854593
syn-0019,0,0,4,0,0,0.90549207,0.0025186245,0.0015127773,0.004011507,0.015640829,0.0015172157,0.002658899,0.0008552468,0.0014225113,0.0027892247,0.060309775,0.0012714006
syn-0023,0,0,4,1,1,0.00078409194,0.9933252,0.0003930168,0.0010623483,0.00061139726,0.0005128409,0.0005219354,0.0004312232,0.00054485106,0.0006989198,0.0004812992,0.00063296483
syn-0024,0,0,4,2,2,0.0007501459,0.0003920314,0.9927717,0.0008404313,0.00036045152,0.00026217132,0.0012749513,0.0009203891,0.0004657762,0.0004106448,0.000498243,0.0010530277
syn-0029,0,0,4,2,2,0.00066842785,0.00039294845,0.9931524,0.0006451791,0.000326084,0.00023601911,0.001079549,0.0011122549,0.00049624854,0.00043051713,0.00063533173,0.00082509604
syn-0036,0,0,4,5,5,0.0011886037,0.001001638,0.00026631635,0.00057071616,0.003747064,0.987997,0.0012664982,0.0005058734,0.00052448624,0.0005828256,0.001367198,0.000981785
syn-0043,0,0,4,9,9,0.0005896386,0.0005506781,0.0008035827,0.00061492604,0.0006264423,0.00058276905,0.00062705437,0.0016796215,0.0015197288,0.97830063,0.012693505,0.0014113649
syn-0061,0,0,4,4,4,0.0010821491,0.0008158525,0.00042595394,0.0006545963,0.99081624,0.0008258727,0.0007519656,0.00047984917,0.0010356236,0.0006086631,0.0013122708,0.0011909772
syn-0074,0,0,4,5,5,0.013485016,0.007835075,0.00052594347,0.0023433443,0.0023353486,0.96026003,0.0045556766,0.001616859,0.0016560102,0.0022360347,0.0012097894,0.0019408045
syn-0075,0,0,4,7,7,0.00077820604,0.000522718,0.00098639,0.0003869366,0.00062683463,0.0020318625,0.00031304496,0.9904524,0.0011671566,0.0008324508,0.000716917,0.0011851026
syn-0082,0,0,4,1,1,0.0038572063,0.42833436,0.0046481374,0.007220298,0.002648429,0.1566548,0.2537797,0.0067828423,0.01950976,0.012469467,0.07531075,0.028784323
syn-0083,0,0,4,0,0,0.9913747,0.00096467306,0.0006087089,0.0008414028,0.0017306667,0.0013560961,0.0004951185,0.00048199878,0.0005782871,0.0005596747,0.00047083327,0.0005379711
syn-0095,0,0,4,11,11,0.00061551173,0.00093831425,0.0010020054,0.0004637061,0.0004166795,0.0005249349,0.0009695187,0.00067567744,0.00029431807,0.00071018137,0.0011614247,0.99222773
syn-0102,0,0,4,1,1,0.0011916225,0.99050623,0.0006370514,0.0011015326,0.0007368307,0.0006138441,0.00084519316,0.00061234727,0.002140435,0.0006918505,0.0004079112,0.00051514484
syn-0105,0,0,4,4,4,0.0034809872,0.00084806886,0.0005616352,0.001906958,0.9822973,0.003356635,0.00083614467,0.00038450092,0.00039438863,0.0016859687,0.001564032,0.0026833392
syn-0106,0,0,4,10,10,0.00064441125,0.0012121768,0.0013975933,0.001398959,0.0004394503,0.00032784988,0.016282223,0.0006313303,0.004475285,0.0012853248,0.9706487,0.001256777
syn-0107,0,0,4,10,10,0.000325781,0.00036148814,0.00028975558,0.00027180178,0.00033975256,0.0004926503,0.0009953025,0.00032530414,0.0005916439,0.00066422945,0.9946549,0.0006873251
syn-0108,0,0,4,8,8,0.00097519933,0.0019299686,0.0010985896,0.0006150505,0.0022585664,0.0012184052,0.0025705625,0.0012856362,0.8694452,0.0019299686,0.11561632,0.0010565033
syn-0113,0,0,4,11,11,0.00085660303,0.0013066422,0.000949795,0.00041402396,0.00053317705,0.0011719815,0.0009888369,0.0005798897,0.0010167448,0.0009985409,0.00045382915,0.99073
syn-0119,0,0,4,6,6,0.00044131753,0.00033853514,0.0007950362,0.0007567789,0.00044239627,0.00059400266,0.9925437,0.00024312439,0.00045710854,0.00032588415,0.0024759364,0.0005862229
syn-0122,0,0,4,3,3,0.00046948763,0.000818363,0.0008383837,0.99289495,0.00084372243,0.000555628,0.0008459913,0.00055076584,0.00039131503,0.0008092238,0.00046220887,0.0005199292
syn-0127,0,0,4,11,11,0.011147669,0.025002344,0.0027442202,0.005042467,0.015335954,0.00904641,0.020677127,0.0015835866,0.0078596575,0.0037180816,0.029720027,0.8681225
syn-0136,0,0,4,6,6,0.0005592478,0.0024645072,0.00079020776,0.0023620059,0.0016265551,0.0020043638,0.9848312,0.00013115731,0.00063433003,0.0017333623,0.001828004,0.0010351643
syn-0138,0,0,4,4,4,0.0009549617,0.0009799977,0.0010017691,0.0024602576,0.9813945,0.001331022,0.001792836,0.0010355893,0.0008037658,0.0006821472,0.0043599936,0.0032031059
syn-0156,0,0,4,6,6,0.00048343532,0.00096471776,0.00063422386,0.0009561008,0.0005345918,0.0009927625,0.9928739,0.00023003736,0.00083601545,0.00026271094,0.00072785164,0.00050367595
syn-0161,0,0,4,2,2,0.00056396495,0.00036760667,0.99386567,0.00085839693,0.00038169094,0.0002086394,0.00094723457,0.00081214367,0.00036904545,0.00042373294,0.0004440683,0.0007577869
syn-0176,0,0,4,10,10,0.00032601517,0.000455732,0.00031490656,0.0003225318,0.0005649564,0.0003056653,0.0010335478,0.00027628048,0.0008650913,0.0007119088,0.9943983,0.0004249964
syn-0185,0,0,4,7,7,0.0043189935,0.00081354816,0.011132412,0.0009987287,0.001102258,0.0016290317,0.0010045979,0.95808727,0.0035744575,0.011497014,0.0015184245,0.0043232134
syn-0189,0,0,4,10,10,0.00049512624,0.0007603416,0.00035942305,0.0004579169,0.0006757666,0.0009468381,0.0007854356,0.0002758485,0.0014321706,0.0009375222,0.9918744,0.0009992062
syn-0192,0,0,4,5,5,0.0008728679,0.0014772052,0.00036103386,0.0006156405,0.00048677393,0.9904987,0.0008351362,0.0017069074,0.0006016728,0.00053123373,0.0004997795,0.0015129747
syn-0194,0,0,4,1,1,0.0013985578,0.98830205,0.00068795553,0.000967807,0.0008902805,0.00070668117,0.00075741817,0.00070979353,0.0036865084,0.0008811983,0.00046300047,0.0005487538
syn-0195,0,0,4,4,4,0.0024055392,0.0021552586,0.0007394021,0.002639389,0.6935591,0.27695853,0.0038637994,0.0010427239,0.010977419,0.0025123812,0.0015171545,0.0016292594
syn-0200,0,0,4,5,5,0.003889058,0.0042604893,0.0010301518,0.002398686,0.0016704694,0.8997952,0.002698891,0.07893095,0.0017965329,0.0014435546,0.00050599355,0.001580025
syn-0203,0,0,4,8,8,0.00026643736,0.00045366806,0.00033945002,0.00019626685,0.0003715408,0.00035940704,0.0008788591,0.00054749544,0.995226,0.0006185787,0.0005779881,0.00016414732
syn-0207,0,0,4,0,0,0.9905398,0.00080023997,0.000585468,0.00053725566,0.0013036832,0.002446925,0.0005248101,0.00075876253,0.0010150616,0.00051844266,0.00047366368,0.0004959107
syn-0208,0,0,4,8,8,0.00037997836,0.00040290796,0.00030413087,0.00023848203,0.0003974369,0.00033207098,0.0012701642,0.0004955852,0.9947349,0.00060824235,0.0006875482,0.00014865643
syn-0209,0,0,4,7,7,0.0014129826,0.0010157473,0.0032796732,0.0005016053,0.0008968317,0.009022366,0.0006943727,0.9777495,0.0018202952,0.0008482743,0.0012204485,0.0015379026
syn-0211,0,0,4,0,0,0.99254084,0.0007752909,0.00076513685,0.0007439535,0.0010697044,0.00054949516,0.0005420337,0.00067457184,0.00033655638,0.00066281774,0.0005677691,0.0007718913
syn-0217,0,0,4,6,6,0.0012117437,0.0010558701,0.0010856698,0.0011089764,0.00070663134,0.0011422253,0.9863041,0.00017435526,0.001199382,0.00046934088,0.0040982757,0.0014433794
syn-0219,0,0,4,0,0,0.99301684,0.000877226,0.00073009223,0.00078499765,0.00078941794,0.0006980209,0.0004690869,0.0006085274,0.00032224102,0.0005341469,0.00057896227,0.00059038127
syn-0224,0,0,4,8,8,0.0008842746,0.0005897734,0.0003903878,0.00021749584,0.0007069011,0.00064081844,0.002293074,0.0005594779,0.99054235,0.0005307386,0.0023110588,0.00033359052
syn-0226,0,0,4,6,6,0.0003646674,0.000683621,0.0010976363,0.00073953153,0.0003210331,0.00048122235,0.9931665,0.0002325903,0.0004269643,0.00030843314,0.0012294445,0.0009483717
syn-0229,0,0,4,7,7,0.00119716,0.0004113103,0.0018714798,0.0005657745,0.0003959397,0.0025755558,0.0002352748,0.98905396,0.0015459341,0.00072717865,0.00054622954,0.000874152
syn-0234,0,0,4,4,6,0.00079670287,0.0006948966,0.0010601082,0.0058382186,0.015769504,0.0012527776,0.96897817,0.0002190864,0.0020609477,0.0010894956,0.0012515548,0.0009886122
syn-0243,0,0,4,10,10,0.0003942199,0.0005612578,0.00041903066,0.00035667012,0.0002959788,0.0006002337,0.0007559006,0.0005322971,0.0006463193,0.00064663496,0.99393636,0.00085498067
syn-0250,0,0,4,11,11,0.00048992655,0.0007507054,0.0010244735,0.0003885112,0.0003339378,0.0005532653,0.00057194376,0.00083982706,0.00021772229,0.0005644529,0.0007530919,0.9935122
syn-0253,0,0,4,3,3,0.00040432898,0.00077765394,0.0007676563,0.9933809,0.00072946894,0.00046333915,0.0009667432,0.0005395865,0.00034214568,0.00048226723,0.0005491553,0.0005966848
syn-0255,0,0,4,2,2,0.00059922866,0.00036336182,0.9939693,0.00063075207,0.0003253975,0.00022060542,0.0009508089,0.0008148102,0.00042377712,0.0004497888,0.00047437623,0.00077773473
syn-0259,0,0,4,4,4,0.0006092724,0.0006675231,0.00044924932,0.0019141728,0.9893897,0.0010013372,0.0017019811,0.00037683095,0.00079038437,0.0006107617,0.0011985902,0.0012901446
syn-0260,0,0,4,11,11,0.002656455,0.011769576,0.0019731459,0.001944453,0.0035312802,0.0053911363,0.008219497,0.0023847213,0.0018088932,0.0074132434,0.028601449,0.92430604
syn-0265,0,0,4,3,3,0.0012152989,0.0009547144,0.0008057186,0.9895601,0.0017142644,0.0012015802,0.001719924,0.00025402626,0.0002367785,0.00093282625,0.0006881589,0.00071662094
syn-0269,0,0,4,10,10,0.0004516465,0.00048786963,0.0004038661,0.0003001278,0.00062735536,0.00031361112,0.00057107414,0.00035329178,0.0007739243,0.0008807428,0.9941836,0.0006528243
syn-0285,0,0,4,11,11,0.0005634798,0.00065524585,0.0008746543,0.0003512419,0.00039800926,0.000610458,0.00090606144,0.0006479282,0.0005363651,0.00060011406,0.000603346,0.9932532
syn-0286,0,0,4,8,8,0.0006436484,0.0008999666,0.00055975775,0.00033180747,0.00036017358,0.0005409487,0.0045670616,0.00052098784,0.98910415,0.0013727879,0.0008407064,0.0002579077
syn-0289,0,0,4,8,7,0.03628428,0.029657777,0.0069520795,0.0020330732,0.0038393028,0.032020763,0.006034176,0.56813616,0.28679493,0.010793912,0.0046040276,0.01284942
syn-0299,0,0,4,1,1,0.0011693595,0.9885135,0.00032902876,0.001953772,0.0010652341,0.0020106307,0.0005547991,0.0005992953,0.0007524192,0.0021974894,0.00028308705,0.0005712934
syn-0305,0,0,4,1,1,0.0006467398,0.9933696,0.0005891509,0.0009185296,0.00041879175,0.00046288164,0.0005512983,0.0004283046,0.00036599077,0.0006965662,0.0006669438,0.0008852844
syn-0307,0,0,4,3,3,0.0010967174,0.001911453,0.0006868112,0.9876222,0.0013787863,0.00076432497,0.0019439256,0.00028532857,0.00040951336,0.0027470693,0.00057863543,0.0005752549
syn-0321,0,0,4,9,9,0.0004616972,0.0008610912,0.0003409332,0.0012653298,0.0004855112,0.00032691314,0.00053688727,0.0002979486,0.0012231106,0.9927649,0.00079910574,0.00063663616
syn-0326,0,0,4,1,1,0.0016358851,0.9851745,0.00078356604,0.000942396,0.00067547616,0.0007990205,0.0012638054,0.0008357323,0.0045400406,0.0011378572,0.00079824054,0.0014133231
syn-0333,0,0,4,5,5,0.0019672164,0.0008362319,0.00043980344,0.001562287,0.045612153,0.93604034,0.0025716915,0.0008703932,0.007008525,0.0008945215,0.0012492182,0.0009475749
syn-0338,0,0,4,8,8,0.0004871291,0.0006310078,0.0004441863,0.00026061415,0.00053841353,0.00033857976,0.000942756,0.0010002564,0.9926745,0.0017879449,0.0005896017,0.0003049865
syn-0350,0,0,4,2,2,0.00056227227,0.00037473702,0.9935474,0.0009159785,0.0003183459,0.0002349629,0.001018703,0.00094697013,0.00042442538,0.00041621627,0.0003784145,0.00086150685
syn-0352,0,0,4,8,8,0.00033730638,0.00047824,0.00043459286,0.00023228026,0.0003943511,0.0003406165,0.0007048973,0.0011510255,0.99475265,0.00056889537,0.00042994934,0.00017516321
syn-0353,0,0,4,7,7,0.00085665734,0.00067010365,0.0015357562,0.00091861055,0.0005585273,0.008088149,0.0001962531,0.98164326,0.0013596084,0.0023076956,0.00075747544,0.0011077853
syn-0363,0,0,4,9,9,0.0057034297,0.004961959,0.0010448552,0.0013937032,0.002002245,0.0018517737,0.0025860416,0.0011341796,0.017145399,0.95363843,0.003245207,0.005292789
syn-0368,0,0,4,9,9,0.0007187949,0.0010769333,0.00044893264,0.00090686895,0.00084612065,0.00045913018,0.0006275566,0.00044240445,0.004211787,0.9877273,0.0010221124,0.0015120603
syn-0377,0,0,4,5,5,0.003079881,0.0036825365,0.0020366712,0.0020099967,0.002118837,0.5597709,0.0016835202,0.41436464,0.003148303,0.0019586475,0.0010722027,0.0050739152
syn-0378,0,0,4,2,2,0.0007133407,0.00046942197,0.9932411,0.00069460814,0.00032199916,0.00021979891,0.0009878211,0.0010199907,0.00047728018,0.0005432112,0.0004938755,0.0008176495
syn-0379,0,0,4,3,3,0.0007307186,0.0017430874,0.0011501432,0.9837298,0.003041341,0.0006219723,0.0010953328,0.0005969778,0.00032839717,0.0031818557,0.0027550112,0.0010254589
syn-0386,0,0,4,10,10,0.00051563577,0.00053460785,0.0007301873,0.0005191727,0.00047225071,0.0004970942,0.0012159863,0.00050172734,0.0006141292,0.0007078946,0.992419,0.0012724774
syn-0391,0,0,4,0,0,0.9924541,0.0011876426,0.00065728114,0.0006111594,0.0010191358,0.0006653537,0.0003685213,0.00067385443,0.00075320865,0.0006336462,0.0004985703,0.0004776011
syn-0399,0,0,4,8,8,0.0002603644,0.00024626745,0.00038498157,0.00018034916,0.00042696885,0.00042343934,0.0007032655,0.0007904132,0.99463296,0.00065631623,0.0011301433,0.0001645308
syn-0402,0,0,4,1,1,0.0017824312,0.9871399,0.0004724991,0.0009094327,0.000656,0.00087373913,0.0011763187,0.0005417228,0.00055079133,0.0008514178,0.0021703267,0.002875391
syn-0403,0,0,4,9,9,0.00068321044,0.0011847403,0.00040736637,0.000687561,0.00051270134,0.000304508,0.00021216607,0.0007360262,0.0012527107,0.9930548,0.0004300546,0.00053416734
syn-0408,0,0,4,4,4,0.026265116,0.0015423092,0.0016353788,0.0047765225,0.9404577,0.0040239543,0.0037968035,0.00065753434,0.010325824,0.0020184375,0.002756184,0.0017442551
syn-0413,0,0,4,9,9,0.00052160735,0.0009424358,0.0005228823,0.0005477085,0.00046211854,0.0003474654,0.00025821436,0.00093191105,0.00071069354,0.99318564,0.0005410632,0.0010282
syn-0432,0,0,4,6,6,0.00046539225,0.00045438952,0.0007966028,0.0009615317,0.0004559453,0.00060921285,0.9934075,0.00025601202,0.00036600474,0.00023241965,0.0012041922,0.0007907896
syn-0437,0,0,4,3,10,0.004409294,0.004170561,0.003390642,0.09308559,0.0701961,0.0109478,0.060453758,0.0012461301,0.023848062,0.017736442,0.70619154,0.0043240106
syn-0468,0,0,4,6,6,0.0003401913,0.0002581728,0.0009470697,0.0011914497,0.00045465873,0.0003963668,0.993996,0.00022694845,0.00056666136,0.00028577124,0.0008259292,0.0005106876
syn-0473,0,0,4,10,10,0.00033795682,0.00041205648,0.00035210652,0.00027208685,0.0004902858,0.00027962937,0.0007110143,0.00035004946,0.00097243476,0.00074422767,0.99472624,0.00035193466
syn-0484,0,0,4,3,3,0.0005088029,0.00083285425,0.0007435643,0.9937184,0.0006460199,0.00044617578,0.0009294563,0.00040823617,0.0003002805,0.00050509,0.0004527597,0.00050830626
syn-0491,0,0,4,10,10,0.00039295753,0.00043432767,0.00029031516,0.0003039507,0.00032880958,0.00036271714,0.00071486254,0.00050015224,0.0010067648,0.0010075025,0.99414563,0.000512013
syn-0499,0,0,4,11,11,0.0008141015,0.0008152949,0.0008436431,0.00042942047,0.0004947428,0.00059590023,0.0006931154,0.0006843716,0.00022191188,0.0008123146,0.00055111764,0.9930441
syn-0005,1,0,0,11,11,0.00040471076,0.0011730009,0.0010162016,0.0006286674,0.0008040779,0.0011596889,0.00078277144,0.000751682,0.0001722041,0.0008105822,0.0008863468,0.9914102
syn-0007,1,0,0,6,6,0.0033495259,0.002286689,0.0011577065,0.00158704,0.010358911,0.006122486,0.9480893,0.0004432949,0.022847982,0.001194456,0.00081614073,0.0017464301
syn-0009,1,0,0,8,8,0.00032097893,0.0004428153,0.00024912565,0.00017476904,0.0005982053,0.00030226883,0.0006972418,0.0005258562,0.9954261,0.00046203154,0.00062844617,0.00017222758
syn-0023,1,0,0,1,1,0.0007872815,0.9939627,0.00040734085,0.00067028106,0.0004952005,0.0005699723,0.00043573452,0.0004533135,0.00048278537,0.0005909436,0.0004868095,0.0006576377
syn-0029,1,0,0,2,2,0.00056494423,0.00040050762,0.994134,0.0005927796,0.00027728808,0.00022831382,0.0009329717,0.00075891736,0.0004282158,0.00039953098,0.0006068369,0.0006756546
syn-0034,1,0,0,0,0,0.9922476,0.00080711825,0.00062521716,0.00047309228,0.0009267221,0.001201218,0.0004211881,0.0011152506,0.0003331872,0.0005429329,0.0005400246,0.0007664062
syn-0042,1,0,0,9,9,0.00047242778,0.0005746066,0.0005496337,0.0013301421,0.00042805515,0.00024509232,0.00025485567,0.00068637216,0.00048434004,0.993761,0.00055070827,0.0006628229
syn-0065,1,0,0,11,11,0.0005519168,0.00069073937,0.00095946505,0.00041095162,0.00038398535,0.0006309246,0.00077851757,0.0007842405,0.00020254376,0.00045934593,0.0006338581,0.9935134
syn-0071,1,0,0,6,6,0.0005295955,0.00039510225,0.00066963484,0.0008741151,0.00048717204,0.0009821344,0.9937319,0.00016390088,0.00047057218,0.00031561885,0.00080047024,0.00057980366
syn-0073,1,0,0,11,11,0.0028543703,0.011450249,0.0014109475,0.00067499955,0.0011326215,0.0019266538,0.001778387,0.0016495647,0.0012586045,0.0013938287,0.0033585008,0.9711113
syn-0082,1,0,0,1,1,0.003902512,0.40591818,0.0035532776,0.00613352,0.0029142958,0.32616442,0.11905542,0.0038307693,0.03224738,0.00935707,0.07694306,0.009980022
syn-0087,1,0,0,5,5,0.0035301526,0.002119303,0.001303117,0.0030446681,0.007823864,0.8343668,0.013728795,0.0031752428,0.078830354,0.002499589,0.045757364,0.0038207343
syn-0112,1,0,0,4,4,0.0014552064,0.00069012336,0.00045882424,0.0007440183,0.9851431,0.002737499,0.0006228659,0.0005507519,0.0061090975,0.00061081856,0.00041168922,0.00046604968
syn-0117,1,0,0,6,6,0.0004628216,0.0005582694,0.0009477952,0.009591108,0.0048039095,0.0010527057,0.9783196,0.00015381939,0.00074976776,0.0010745173,0.0011072736,0.001178399
syn-0118,1,0,0,5,5,0.0009556375,0.0006830779,0.00023405685,0.0005008498,0.0012908854,0.99261993,0.00060872984,0.0010809475,0.00062820636,0.00035377103,0.0003014167,0.000742561
syn-0123,1,0,0,10,10,0.00036535342,0.00039911276,0.0003494748,0.00042485335,0.00036929926,0.00021976623,0.0009058051,0.00024421114,0.0008413196,0.0005239838,0.99503493,0.0003219513
syn-0127,1,0,0,11,11,0.016397841,0.03900168,0.0041268356,0.008135376,0.019536013,0.009000645,0.048942957,0.002459438,0.015318088,0.004658086,0.17789312,0.65452987
syn-0130,1,0,0,6,8,0.0026888761,0.002943076,0.0027512973,0.0018176086,0.005333778,0.0020296702,0.047941554,0.0012977185,0.918836,0.0011723909,0.0111996345,0.0019884699
syn-0133,1,0,0,2,2,0.0019410541,0.0010293772,0.97836965,0.0019393963,0.0006533542,0.0007403473,0.002042917,0.008061177,0.0009331488,0.0009079788,0.0014347424,0.0019467495
syn-0134,1,0,0,5,5,0.0013258901,0.00052129006,0.00038550294,0.0005500546,0.0016888157,0.9877467,0.00074271363,0.0033760804,0.0016181812,0.00061874505,0.00079061446,0.0006352766
syn-0144,1,0,0,9,9,0.00049460086,0.0007040001,0.00052265776,0.0018417074,0.00045743107,0.00024845818,0.00041285108,0.0004347821,0.0009853138,0.99179006,0.0016136375,0.00049460086
syn-0151,1,0,0,10,11,0.0019396325,0.0046212375,0.002399809,0.0019170351,0.0032340295,0.003041058,0.011343124,0.0025733623,0.0019396325,0.003682573,0.08865604,0.87465245
syn-0152,1,0,0,3,3,0.0027328802,0.002010186,0.0013305994,0.69535226,0.285372,0.0024919633,0.0023674215,0.00086668355,0.0013971825,0.003084686,0.0014108936,0.001583215
syn-0153,1,0,0,4,5,0.0324798,0.0021802653,0.00091064663,0.0020312385,0.07234162,0.88130134,0.0021080326,0.0009913978,0.0013858608,0.0016186541,0.0009035599,0.0017476204
syn-0154,1,0,0,1,1,0.00072803214,0.99336267,0.0003839271,0.00065916905,0.00042997792,0.0011613879,0.0005539929,0.0004011751,0.00059231964,0.00065756164,0.00047339272,0.0005963826
syn-0155,1,0,0,4,4,0.00073941075,0.00051229994,0.0002607644,0.00067045266,0.99227726,0.001181503,0.00049726595,0.00030906114,0.0021411236,0.0003801517,0.0006015771,0.0004290889
syn-0162,1,0,0,9,9,0.0007384969,0.0011412262,0.00037829392,0.0005429404,0.0004220174,0.00037425198,0.00033679028,0.0011464622,0.0017225149,0.99226135,0.0005728996,0.00036273742
syn-0164,1,0,0,8,8,0.0005624146,0.00068238814,0.00031733996,0.00020131996,0.00075367704,0.0016393637,0.0009827402,0.000556949,0.9923441,0.00069516787,0.0010637634,0.00020092714
syn-0170,1,0,0,6,6,0.00038937572,0.00042514715,0.0008522415,0.0008118259,0.00067130424,0.0006752492,0.993295,0.00022153484,0.0006847117,0.0003854035,0.000911035,0.00067723036
syn-0173,1,0,0,8,8,0.0003432816,0.00042701233,0.0003232715,0.00023103172,0.0004203921,0.00035975603,0.0008692877,0.00040094514,0.99522,0.00045744682,0.0007362816,0.00021138643
syn-0190,1,0,0,3,1,0.0035286273,0.88174695,0.0012736236,0.065644175,0.004734397,0.030054096,0.0027669482,0.0010314118,0.0009182529,0.0053013023,0.00064733473,0.0023528694
syn-0193,1,0,0,11,11,0.0071083587,0.0099950675,0.0037166914,0.0037862973,0.08143034,0.005968327,0.010372946,0.004452643,0.025982259,0.020242415,0.10045489,0.72648984
syn-0198,1,0,0,0,0,0.81275004,0.008180807,0.0060027665,0.04038549,0.045009293,0.029982653,0.03012941,0.002169816,0.002103058,0.0074051926,0.00662502,0.0092565
syn-0201,1,0,0,0,0,0.9929375,0.0007075731,0.0006705713,0.0005863123,0.00097092305,0.00058288703,0.0005199515,0.00074153027,0.0005763775,0.00047900176,0.0005646777,0.00066275895
syn-0204,1,0,0,1,1,0.0011472232,0.9927987,0.00047404892,0.0006152648,0.00043099464,0.00072993187,0.0006419646,0.00046967136,0.0011448449,0.0006213027,0.00041165977,0.00051432406
syn-0209,1,0,0,7,7,0.0027973293,0.002098174,0.006451796,0.0010581237,0.0017191824,0.028238233,0.0021002241,0.9424561,0.004191607,0.0018060916,0.004005522,0.0030775203
syn-0222,1,0,0,8,8,0.00030992008,0.00035916266,0.00032447645,0.00018130518,0.00050724304,0.00032670214,0.0008382955,0.0006387154,0.99503505,0.0006243767,0.00064341066,0.00021134714
syn-0233,1,0,0,8,8,0.0003129364,0.000408146,0.00037490178,0.00025243562,0.0004748468,0.00022850242,0.0013249305,0.00038964587,0.99398416,0.0005669313,0.0015079551,0.00017468637
syn-0244,1,0,0,3,3,0.00042348748,0.00067706156,0.0006615389,0.993775,0.00081898837,0.0005825247,0.0009044374,0.00027745878,0.0002526291,0.000463523,0.00067971146,0.00048363788
syn-0248,1,0,0,6,6,0.0006568119,0.00070706895,0.0012546532,0.0009468308,0.0006606717,0.00078495033,0.9697184,0.00041002015,0.00073523534,0.00048453928,0.02280559,0.0008351673
syn-0251,1,0,0,10,10,0.0003730536,0.00039479346,0.0004427959,0.0005076679,0.00027480398,0.00032348215,0.0011728946,0.0004243796,0.0012214052,0.0006727971,0.9939254,0.0002666094
syn-0252,1,0,0,8,8,0.00039174806,0.0004537705,0.00046566693,0.00028549164,0.0005832222,0.00021445069,0.0017837766,0.0003556472,0.9920542,0.00069649355,0.0025051096,0.00021030284
syn-0254,1,0,0,7,11,0.010662941,0.01572038,0.028710209,0.0049009575,0.012937547,0.028903617,0.015051849,0.18283266,0.17242761,0.025748236,0.060071412,0.44203264
syn-0263,1,0,0,0,0,0.98784524,0.0026755342,0.00082863955,0.00077049364,0.002189045,0.0009486492,0.00047934568,0.00068362016,0.0015190863,0.000777675,0.0004779434,0.00080471515
syn-0267,1,0,0,4,4,0.015467976,0.0006273152,0.00032417802,0.0010775708,0.97394025,0.0039338996,0.0006236502,0.00042570804,0.00065421837,0.00065103173,0.00132188,0.000952347
syn-0269,1,0,0,10,10,0.00037281765,0.00036919455,0.0003799852,0.0003201359,0.0005327344,0.00025164592,0.0006378331,0.00034903476,0.0006891571,0.0007714661,0.99475276,0.00057321746
syn-0272,1,0,0,3,10,0.025455117,0.016958835,0.03738218,0.24799436,0.058760192,0.006349442,0.12543221,0.006355646,0.005500353,0.0076813605,0.420208,0.041922312
syn-0278,1,0,0,9,9,0.0005016982,0.00073014473,0.00039167795,0.0011338422,0.00036866675,0.00041067548,0.00032187105,0.0005572306,0.0004927156,0.9938159,0.0007353325,0.00054035016
syn-0283,1,0,0,7,7,0.0008336277,0.00047591538,0.0029453826,0.00070783624,0.00040036975,0.005763964,0.00052679033,0.98269355,0.0010293929,0.0008723556,0.0025980219,0.0011528652
syn-0284,1,0,0,0,0,0.9785337,0.0014611434,0.00071002124,0.0005454564,0.0016492374,0.0014863287,0.00069764943,0.0008325344,0.009565143,0.0021670877,0.0011908048,0.0011609502
syn-0303,1,0,0,7,7,0.0048626894,0.0010734688,0.0027172114,0.0011527892,0.0032863964,0.2322579,0.0019657537,0.74245167,0.003593574,0.002481308,0.0017733109,0.0023839218
syn-0308,1,0,0,3,3,0.0005029422,0.0008877699,0.0006048894,0.9933657,0.00079763966,0.00035128172,0.0011226573,0.00027924692,0.00033323708,0.0008417558,0.00045149535,0.0004613004
syn-0310,1,0,0,10,10,0.00036239022,0.000296642,0.00034562632,0.0003364679,0.0004118467,0.00023102506,0.0006042282,0.000692582,0.0008652265,0.0011247206,0.9942199,0.0005093083
syn-0311,1,0,0,9,9,0.0008305844,0.0010832862,0.0006154323,0.0018130562,0.0006926251,0.0003169521,0.0004656882,0.0005179929,0.0003979354,0.99016374,0.0013527874,0.0017497826
syn-0323,1,0,0,7,7,0.00045927538,0.00037889805,0.00096636976,0.0003504234,0.0002793819,0.0028632944,0.00026219885,0.99093854,0.0015544675,0.0008115824,0.0005291392,0.000606365
syn-0325,1,0,0,4,4,0.002703813,0.0016240083,0.0005324123,0.024815284,0.9293698,0.01808447,0.005002298,0.0006943966,0.0020650032,0.010646896,0.0023342492,0.0021274346
syn-0333,1,0,0,5,5,0.0037644103,0.0011661599,0.0006061786,0.003331014,0.1919494,0.78021973,0.0026011725,0.0012996756,0.009792785,0.0014372055,0.002222729,0.0016095937
syn-0353,1,0,0,7,7,0.0016645308,0.001154677,0.0019422366,0.0015713358,0.0010879012,0.048573516,0.0003629806,0.93276805,0.002746023,0.004814129,0.0016403259,0.0016743125
syn-0363,1,0,0,9,9,0.003818234,0.0053056246,0.0008833099,0.0010510072,0.0016373979,0.002130362,0.002084063,0.00093752786,0.01624898,0.9592533,0.0023204037,0.004329796
syn-0371,1,0,0,6,6,0.00037354312,0.0004749777,0.0007405252,0.00073476235,0.00041408066,0.00041206373,0.99425817,0.00023790266,0.00039108773,0.00031563183,0.0010960295,0.0005512528
syn-0373,1,0,0,11,11,0.0005903775,0.0010215761,0.0009037416,0.00054761185,0.00047623832,0.00073509547,0.0007170159,0.0005584125,0.00018814395,0.0007961873,0.00045509596,0.99301046
syn-0376,1,0,0,5,5,0.0006035532,0.00071936677,0.00030811434,0.0005436698,0.0005761958,0.9921399,0.0017051501,0.0013839102,0.0005633981,0.00032384845,0.00055196177,0.00058099855
syn-0377,1,0,0,5,5,0.001908115,0.002459057,0.00077870395,0.0009911262,0.001515721,0.9387997,0.0009805362,0.047106672,0.0015615459,0.0011247393,0.00055760256,0.0022164262
syn-0382,1,0,0,0,0,0.992879,0.00076074013,0.0006243943,0.0005960922,0.0012916952,0.0007241332,0.00036331787,0.0008245668,0.00035873457,0.0005588842,0.00050515635,0.000513362
syn-0384,1,0,0,1,1,0.0009368266,0.9930761,0.00055981457,0.0006660959,0.00040184343,0.0007358623,0.00066968316,0.00041989633,0.00085779343,0.0006567303,0.0003213175,0.00069806253
syn-0397,1,0,0,1,1,0.00075463037,0.9935993,0.0005067585,0.00069265673,0.0004192978,0.0004906878,0.00056533,0.0004107865,0.00031220485,0.0006437383,0.00069672725,0.0009079274
syn-0405,1,0,0,8,8,0.0003630339,0.00046432743,0.00029514448,0.00018183324,0.00034810495,0.0002751049,0.0004661448,0.0008728154,0.9950138,0.0009762845,0.0005512678,0.00019205418
syn-0410,1,0,0,10,10,0.0007289232,0.0006451598,0.0009318518,0.0007257269,0.0010799118,0.00043039906,0.0011237534,0.0007123854,0.00070442975,0.0013019865,0.9865976,0.005017903
syn-0416,1,0,0,2,2,0.00050784915,0.0004112688,0.9942802,0.0007630236,0.00030908073,0.00022634922,0.0007516527,0.00062436017,0.0003799902,0.00045612303,0.0004876789,0.0008024777
syn-0421,1,0,0,10,10,0.00035042828,0.0006469009,0.00039766938,0.00088256435,0.00031627656,0.0004264287,0.0007325876,0.0003269542,0.0007143081,0.00087018166,0.99385977,0.00047594792
syn-0427,1,0,0,5,5,0.0013380216,0.0009774846,0.00031811852,0.0010714621,0.016126275,0.9745857,0.0012955893,0.00060132926,0.0013124624,0.00070405577,0.00047988995,0.0011894801
syn-0437,1,0,0,3,4,0.004982159,0.0030012457,0.002894738,0.22995754,0.34453356,0.0063226894,0.014367166,0.0014669818,0.014586291,0.028060952,0.34453356,0.0052931327
syn-0439,1,0,0,6,6,0.0008630213,0.0010553325,0.00094668707,0.0007520058,0.0006992373,0.0012442449,0.9879704,0.00040806067,0.0045351754,0.00040766233,0.0004860058,0.00063201674
syn-0448,1,0,0,4,5,0.0035186706,0.0017023492,0.00087800727,0.002440885,0.2173738,0.7587091,0.0028620565,0.0011711494,0.0043646474,0.0028957932,0.0022464534,0.0018370866
syn-0449,1,0,0,11,11,0.0005427567,0.0006591803,0.000922359,0.00085221004,0.0007339338,0.0003549072,0.0011360453,0.00063022395,0.00022581317,0.000877975,0.0011391004,0.99192554
syn-0450,1,0,0,10,10,0.00035966272,0.00035322324,0.0004077503,0.0003034585,0.00031848796,0.00031004866,0.00061818806,0.00048717993,0.00056382944,0.00044152953,0.9954478,0.00038888812
syn-0451,1,0,0,8,8,0.0008241443,0.0009144745,0.0005207975,0.0002856523,0.00090293825,0.005403038,0.0005233466,0.01712895,0.96867216,0.003127802,0.0010902156,0.0006065002
syn-0455,1,0,0,2,2,0.01030046,0.031494923,0.4422849,0.19190364,0.010710784,0.0057893307,0.04120927,0.07611068,0.00881045,0.14872672,0.009063533,0.023595264
syn-0473,1,0,0,10,10,0.00032542855,0.00038214016,0.0003415461,0.00033444975,0.0003823268,0.00023832123,0.00067264464,0.0003845736,0.0008943787,0.00067995075,0.9950354,0.00032878263
syn-0474,1,0,0,0,0,0.9917883,0.00095499714,0.0005303693,0.0011613356,0.0012953856,0.001143889,0.0004516597,0.0005850622,0.0003320587,0.0008114855,0.00031500153,0.00063044444
syn-0478,1,0,0,2,2,0.0012860192,0.0009693174,0.9831009,0.0019101495,0.0005799374,0.00069817307,0.0017573509,0.004310372,0.0009735864,0.0007112484,0.0013901789,0.002312886
syn-0480,1,0,0,1,1,0.0031163632,0.56945205,0.008291097,0.05330458,0.066306226,0.010218163,0.055917297,0.0022644475,0.0028681264,0.007231624,0.017588716,0.20344134
syn-0482,1,0,0,1,1,0.003911329,0.97976685,0.0006704576,0.00330172,0.0014594174,0.0012075388,0.001855718,0.0007946347,0.00040904284,0.0017104027,0.0018122877,0.003100543
syn-0484,1,0,0,3,3,0.00046459702,0.00078119413,0.0007708687,0.9941341,0.0005971372,0.00044267264,0.00076599105,0.00036878482,0.00028358673,0.00048594346,0.00044658044,0.00045851216
syn-0495,1,0,0,2,2,0.00062094955,0.00046133788,0.99393165,0.00084765034,0.00038022807,0.00027160413,0.00074200094,0.0006542542,0.0004025826,0.00045374222,0.0004155648,0.0008186176
syn-0496,1,0,0,8,8,0.0003246765,0.00041344666,0.00038650533,0.00021044735,0.00047913837,0.00023522998,0.0010716139,0.0003611432,0.9946767,0.00073930115,0.0009394539,0.00016230381
syn-0002,1,0,1,1,1,0.0007488311,0.99369663,0.00045252874,0.0007323779,0.00044464364,0.00068800536,0.0005514798,0.00032057773,0.00033727745,0.0006773388,0.00053035293,0.00082002406
syn-0004,1,0,1,10,10,0.00047762957,0.0004061514,0.0007014242,0.00061328855,0.0009166182,0.00036123855,0.0023074741,0.0008522987,0.01167406,0.0032228301,0.977603,0.00086403126
syn-0011,1,0,1,10,8,0.001974169,0.006086811,0.0028723993,0.00187276,0.0029347786,0.0043905918,0.01258728,0.0022967954,0.49937174,0.017526979,0.44155553,0.0065301945
syn-0015,1,0,1,6,6,0.0005595534,0.0013889713,0.00080328627,0.0007610934,0.00046027606,0.0013426265,0.99212825,0.00021955265,0.0008352856,0.00033282195,0.00055411557,0.0006142491
syn-0017,1,0,1,3,3,0.00053426967,0.0009224593,0.00062921614,0.9917911,0.00083622587,0.000921109,0.0008838776,0.00075491396,0.00039279327,0.0011591436,0.00071299536,0.0004619205
syn-0031,1,0,1,0,0,0.99279755,0.00096370187,0.00071128353,0.0005612995,0.0010206093,0.00058823684,0.00045700223,0.0008140981,0.0004418617,0.000577705,0.00052216783,0.00054456166
syn-0036,1,0,1,5,5,0.0015084782,0.0017539286,0.00029275328,0.0007876677,0.007874007,0.9821451,0.0016081206,0.0004907485,0.0006131368,0.00076045736,0.001127731,0.0010379006
syn-0051,1,0,1,3,3,0.0007793283,0.001253982,0.0005322348,0.9894621,0.001144764,0.0004834236,0.00074182695,0.00039263698,0.00041148,0.0036176816,0.00060163037,0.0005788649
syn-0058,1,0,1,9,9,0.0004833511,0.00087288837,0.00037168546,0.0006444137,0.00047818664,0.0004358193,0.0002174383,0.0006977988,0.0022525217,0.9922162,0.0008808091,0.00044877626
syn-0062,1,0,1,7,7,0.00080226536,0.000448385,0.0014904361,0.00033829352,0.00023871758,0.0017255627,0.00016993862,0.99183536,0.0012968116,0.0006152683,0.00041590503,0.00062312913
syn-0063,1,0,1,1,1,0.0008295778,0.99356186,0.0005441832,0.0008211148,0.00046161687,0.00048613825,0.0006899304,0.00028397757,0.00038176062,0.000622084,0.0006067839,0.00071113626
syn-0067,1,0,1,5,5,0.000599601,0.0010459292,0.0002625866,0.0005635481,0.0008162626,0.9924039,0.0006440637,0.0014209165,0.00051688834,0.00037430576,0.0006296049,0.00072237453
syn-0068,1,0,1,10,10,0.0089244,0.00413809,0.0058814124,0.011253989,0.060927678,0.004928522,0.04862324,0.0033840141,0.1961016,0.23933199,0.40632302,0.010182036
syn-0069,1,0,1,11,11,0.00086997513,0.0014801485,0.0010954641,0.00053912576,0.0008802301,0.0004911194,0.0009608611,0.0005436196,0.00024719164,0.00074558397,0.00058264943,0.99156404
syn-0086,1,0,1,10,10,0.0003301989,0.0004393691,0.00033572648,0.00034486473,0.0004196585,0.00041659604,0.0005819273,0.0005900821,0.0006268369,0.00046976583,0.9949397,0.0005053404
syn-0093,1,0,1,5,5,0.0007265956,0.0014442143,0.00032400302,0.0006059087,0.0010075474,0.9858511,0.0065268683,0.0008211325,0.000575346,0.00040798137,0.000693661,0.0010156976
syn-0094,1,0,1,1,1,0.00060799735,0.98731923,0.0011270491,0.0023944245,0.00048237666,0.00073661486,0.0019002247,0.00055684114,0.00050651474,0.000821352,0.00168058,0.0018668296
syn-0098,1,0,1,10,10,0.00030075663,0.00080309995,0.0003316094,0.00033848014,0.00085208245,0.0005729696,0.0006638455,0.0004155253,0.001216684,0.000639506,0.99335206,0.0005133559
syn-0114,1,0,1,4,4,0.0016489,0.0011255508,0.0007022912,0.05471082,0.93080133,0.0018794284,0.002690186,0.00047798644,0.0012587119,0.0015020738,0.002056101,0.0011466299
syn-0119,1,0,1,6,6,0.00042299012,0.00040421163,0.00082519755,0.0007007209,0.00038102185,0.00052130397,0.9935777,0.00026677654,0.0004288129,0.00029213956,0.0015639438,0.00061514653
syn-0122,1,0,1,3,3,0.0003751781,0.0007747176,0.00075033226,0.9927759,0.0009365434,0.00065142266,0.0008370562,0.0005016628,0.00042471752,0.0008918033,0.00058193906,0.000498732
syn-0125,1,0,1,9,9,0.00072293554,0.0019318439,0.00055809604,0.0011351181,0.0010673867,0.00067319226,0.001165446,0.00030195358,0.0027163667,0.98568636,0.0031471965,0.0008940149
syn-0137,1,0,1,8,8,0.0003436426,0.00041572828,0.00031243215,0.0002547508,0.00047570484,0.00034667624,0.0006719988,0.0005753526,0.99529415,0.00055358146,0.0005807152,0.0001754298
syn-0141,1,0,1,2,2,0.00060481846,0.00043066428,0.9934918,0.0008383759,0.00032365698,0.00022028422,0.0008102046,0.0009450019,0.00046725344,0.00050251506,0.00051973393,0.00084567355
syn-0148,1,0,1,7,7,0.0011311041,0.0024062684,0.0034363174,0.000607806,0.0011179263,0.014855789,0.0009358886,0.95291185,0.006105741,0.0038921942,0.004134567,0.008464574
syn-0161,1,0,1,2,2,0.00058405974,0.00041466622,0.9937215,0.0008390304,0.00036150176,0.00018159706,0.0009680491,0.00088319584,0.000378296,0.00044945706,0.0004975036,0.00072121754
syn-0167,1,0,1,0,0,0.9926791,0.0008221899,0.0007409754,0.00055388204,0.00091946113,0.0006154911,0.0005678482,0.0008866149,0.00047794273,0.00055849884,0.00053318363,0.0006447143
syn-0184,1,0,1,2,2,0.00063923415,0.00055011327,0.9936574,0.00070843194,0.00033726415,0.00017394814,0.0008625494,0.0008739428,0.0004385886,0.00047654856,0.00050777895,0.000774176
syn-0186,1,0,1,3,3,0.0006648936,0.0014434244,0.0005954251,0.9927368,0.00077696,0.0005447943,0.000796551,0.00035346736,0.0002999839,0.00083152374,0.00039896945,0.0005571694
syn-0207,1,0,1,0,0,0.9911117,0.0007573494,0.00061542017,0.000541782,0.001009714,0.002357995,0.0005551719,0.0008340224,0.0007416138,0.00052026403,0.000446529,0.00050846033
syn-0213,1,0,1,0,0,0.9919464,0.00071485003,0.00074151385,0.00057383743,0.0012453315,0.0005430332,0.0006177456,0.0007972782,0.00061353715,0.0005184189,0.00089749886,0.0007904945
syn-0218,1,0,1,8,8,0.00034974868,0.00050393597,0.00042394246,0.0002785718,0.0009391806,0.00079067633,0.0022061667,0.0005314833,0.99193233,0.00052889454,0.0012216932,0.0002933697
syn-0219,1,0,1,0,0,0.99311996,0.00067430653,0.00069350685,0.0006291369,0.0009873579,0.00069401495,0.00044656076,0.00075150904,0.000330562,0.000520301,0.0005915969,0.0005612077
syn-0226,1,0,1,6,6,0.00039859014,0.00050018827,0.0009216449,0.00065973616,0.00035869228,0.0004062532,0.9937319,0.00025311203,0.00042181817,0.00027287874,0.0013291293,0.0007460292
syn-0240,1,0,1,6,6,0.0021175854,0.0012526383,0.0010517414,0.0028282101,0.022073828,0.0026346133,0.9627398,0.00022502475,0.002334245,0.0010164006,0.0007228506,0.0010030888
syn-0246,1,0,1,8,8,0.0019939784,0.005702548,0.0008546732,0.00078659336,0.0006578655,0.0008155349,0.0022547895,0.0011136159,0.9832028,0.0008389612,0.0013485347,0.00043017656
syn-0253,1,0,1,3,3,0.00036678143,0.0007378501,0.00075221923,0.9935731,0.00070941035,0.00048259617,0.00087761023,0.00052616035,0.00034455926,0.00048852334,0.00060177484,0.0005394274
syn-0257,1,0,1,4,4,0.0018920305,0.002633245,0.0005907207,0.002726801,0.9073263,0.07520876,0.0022266367,0.0015011106,0.0026326021,0.0013403409,0.0007592415,0.0011622361
syn-0259,1,0,1,4,4,0.0005427237,0.00044949455,0.00034632636,0.0011727875,0.9918652,0.0011429309,0.0011865759,0.0002345651,0.001006788,0.00061799673,0.00072180614,0.00071270054
syn-0261,1,0,1,5,5,0.0007797323,0.0007725319,0.000392074,0.00060874043,0.004417484,0.98515296,0.0043193693,0.00080017425,0.0010587655,0.00028937974,0.00051236065,0.0008963715
syn-0268,1,0,1,6,6,0.00045912017,0.00043405,0.0007739666,0.0009501376,0.002384567,0.00070763554,0.99012005,0.00017674749,0.0005877973,0.00044261085,0.0012469996,0.0017162818
syn-0275,1,0,1,0,0,0.9921417,0.0008040821,0.00069502613,0.00066125835,0.00083183736,0.0011890818,0.0005982729,0.0009871081,0.0005172567,0.0005097349,0.0006062126,0.00045848783
syn-0281,1,0,1,10,5,0.006675317,0.014896868,0.0011909887,0.0019848156,0.01889588,0.6465553,0.01096149,0.0020598543,0.2416001,0.007604861,0.04575135,0.0018231486
syn-0285,1,0,1,11,11,0.00053197343,0.00065529783,0.0009895598,0.00034990034,0.00046717824,0.0005842585,0.00076668203,0.0006979016,0.00039571532,0.00070046197,0.0005291239,0.99333197
syn-0290,1,0,1,0,0,0.9864547,0.0007571107,0.0006270541,0.0008266655,0.0051011657,0.0026960121,0.00039335963,0.0006730595,0.00064601196,0.00048573432,0.000638174,0.0007008971
syn-0292,1,0,1,11,11,0.00055684,0.0007500422,0.001016029,0.000376409,0.00047512905,0.0006166667,0.0006901283,0.0009051654,0.00025618778,0.0007058046,0.0005323792,0.99311924
syn-0302,1,0,1,10,10,0.0003639667,0.00036450024,0.0004086198,0.00034985252,0.00035710132,0.00028637907,0.0007174018,0.00054398295,0.00069672096,0.00045640513,0.995138,0.00031730245
syn-0304,1,0,1,1,1,0.0007585436,0.9934018,0.00042250246,0.00082802784,0.00036959437,0.00080746546,0.000832284,0.0004027611,0.00040950338,0.00051690306,0.00057664706,0.00067383953
syn-0306,1,0,1,5,5,0.00075238413,0.00085069163,0.00027309486,0.0004087646,0.0014373923,0.9906418,0.0005826762,0.0023765224,0.0012559368,0.00025356002,0.00061633094,0.00055085926
syn-0313,1,0,1,11,10,0.0061298553,0.03738526,0.021993766,0.010047378,0.005304947,0.009415623,0.027972938,0.012673199,0.0041883704,0.0045686867,0.5743334,0.28598648
syn-0314,1,0,1,8,8,0.0002767938,0.0004316473,0.0003136485,0.00023376763,0.00044448028,0.00031120767,0.0007530468,0.00048224325,0.99527353,0.0005518157,0.0007703874,0.00015740463
syn-0322,1,0,1,2,2,0.0010968866,0.0005145595,0.99179935,0.0016859405,0.00044553162,0.00021107172,0.00090838707,0.0011001301,0.00040526522,0.00040171895,0.00039164742,0.0010395023
syn-0324,1,0,1,7,7,0.0009036306,0.0018365593,0.0013212103,0.00037797898,0.00028364663,0.0041579925,0.00059001683,0.9770181,0.008815375,0.002125024,0.0013456251,0.0012249064
syn-0335,1,0,1,3,11,0.0017161039,0.002091862,0.0014240902,0.008414028,0.0047696517,0.0016804482,0.0020230522,0.000695403,0.00021605784,0.009204974,0.00091677194,0.96684766
syn-0343,1,0,1,8,8,0.0005198877,0.0003970577,0.00047614492,0.0002396546,0.0008440671,0.00065527705,0.0004556737,0.0023875593,0.9908785,0.001866255,0.0008056111,0.0004742886
syn-0346,1,0,1,6,6,0.0005202689,0.00033574688,0.0011212834,0.0019105132,0.0006242025,0.00023877872,0.9920894,0.00019336889,0.0006677124,0.00039252787,0.0014438924,0.0004622851
syn-0348,1,0,1,9,9,0.001345609,0.0017804675,0.00042171244,0.00071665685,0.0008568887,0.00047321888,0.00030732856,0.0009324175,0.0029059027,0.9886437,0.00095499534,0.000661183
syn-0349,1,0,1,5,5,0.0007301629,0.00087474444,0.000246733,0.00052591664,0.0011762354,0.9916592,0.00039524192,0.0018791598,0.00046525427,0.00034862952,0.0004044173,0.0012942095
syn-0350,1,0,1,2,2,0.00057780626,0.000442155,0.99345654,0.0010245333,0.00030792123,0.00021039457,0.000993527,0.0010006473,0.0003951857,0.0004370037,0.00039020038,0.0007640686
syn-0351,1,0,1,11,11,0.00071284326,0.001244985,0.0013808513,0.0005815217,0.0009263244,0.0008623759,0.0006586287,0.001147354,0.00022683933,0.0011472139,0.0004993486,0.99061173
syn-0354,1,0,1,8,8,0.00040946825,0.00049102743,0.00035471143,0.00031364377,0.0005387617,0.00045835885,0.0005940299,0.0006094546,0.9952585,0.0004118745,0.00038372187,0.00017645438
syn-0356,1,0,1,8,8,0.00053218927,0.0010883883,0.00038444623,0.0002665583,0.00092313957,0.00035313235,0.0024014672,0.00040447307,0.99179596,0.0006319904,0.0008220603,0.00039626268
syn-0357,1,0,1,3,3,0.0005745045,0.00092819723,0.0025472401,0.98971087,0.0013074509,0.0003718347,0.0014023369,0.00043091475,0.00037147172,0.0007852546,0.00093936786,0.0006306617
syn-0367,1,0,1,4,4,0.00087492936,0.0004941574,0.000300161,0.00083935965,0.99138474,0.0012819815,0.0004142976,0.00029782508,0.0024985343,0.0006659362,0.0005262847,0.00042164457
syn-0372,1,0,1,1,1,0.00092493114,0.9922661,0.00045809775,0.0011446498,0.0003738885,0.0006697908,0.0005968889,0.00035641863,0.00033189444,0.00093835057,0.0005842019,0.0013547603
syn-0378,1,0,1,2,2,0.00066797587,0.00049615523,0.9934505,0.0007740148,0.00030582162,0.00019629972,0.0008800228,0.000962792,0.0004497736,0.0005199661,0.00054306054,0.0007534129
syn-0380,1,0,1,4,5,0.003468959,0.001369787,0.00034566058,0.0011501019,0.041707076,0.943703,0.0011212678,0.0023633153,0.0019789676,0.0009866206,0.0007148123,0.0010904908
syn-0381,1,0,1,8,8,0.0003547259,0.00040908522,0.00030046457,0.00017525943,0.00040868594,0.00084710855,0.0005556151,0.0019185666,0.993357,0.0007987044,0.0006192285,0.0002554995
syn-0408,1,0,1,4,4,0.016520107,0.0016421142,0.0013233472,0.0039382656,0.95639604,0.0039209966,0.0025483288,0.00063556933,0.0070447554,0.001622983,0.0028435602,0.0015638589
syn-0415,1,0,1,1,11,0.005177989,0.13044861,0.003977864,0.005208418,0.026893316,0.009706878,0.0042634592,0.0026732208,0.04813016,0.018220266,0.0062580584,0.7390417
syn-0423,1,0,1,9,9,0.00056237914,0.00068068126,0.0004905157,0.0006767045,0.00036062556,0.00025472484,0.0002841661,0.0015645751,0.0014209148,0.9922815,0.00096026604,0.00046305242
syn-0426,1,0,1,10,10,0.0004977869,0.0005130871,0.000667234,0.00048012155,0.00057687925,0.0016230411,0.0017338453,0.0015150585,0.008840734,0.0017730133,0.97887236,0.0029068363
syn-0428,1,0,1,8,1,0.0010297532,0.9909895,0.0005920598,0.0008905246,0.00051439053,0.00068780815,0.0006640475,0.00040139092,0.002310409,0.0006342576,0.0006537525,0.0006320935
syn-0433,1,0,1,5,7,0.002067861,0.0019368927,0.0020052185,0.0014996408,0.007767909,0.41297612,0.00096824084,0.5600786,0.0042658257,0.0024858054,0.00093479257,0.0030131305
syn-0435,1,0,1,10,10,0.00032538807,0.00038565396,0.0003396743,0.00038433803,0.0003796749,0.0003584174,0.0007107563,0.000615296,0.00063949433,0.00059179665,0.9949116,0.00035789274
syn-0443,1,0,1,7,7,0.0015843512,0.0012296838,0.0019331478,0.00078661187,0.0009534794,0.042075764,0.0006741402,0.9391175,0.0039801425,0.0026881723,0.00066498615,0.004311973
syn-0447,1,0,1,7,7,0.0005317168,0.0005398265,0.0010181774,0.00034990234,0.0001675574,0.0023471904,0.00024570667,0.9913995,0.00095165585,0.00063483004,0.0005591424,0.001254828
syn-0457,1,0,1,9,9,0.0006284972,0.00087631796,0.00049742503,0.00066642347,0.00037879072,0.00031402856,0.00021227496,0.0009821486,0.00066935853,0.9935644,0.00060560147,0.000604715
syn-0458,1,0,1,6,6,0.00044816526,0.00031950828,0.0008464291,0.00073046953,0.00040646826,0.0005006974,0.9942579,0.00032469834,0.00048719195,0.00024737956,0.00092644844,0.00050462445
syn-0464,1,0,1,4,4,0.0022171151,0.00043807065,0.00036017114,0.0008130465,0.99199945,0.00085040287,0.00040852613,0.00025841017,0.0008232332,0.0005608483,0.00059789506,0.00067288824
syn-0469,1,0,1,9,9,0.0005142909,0.0005876254,0.00053347385,0.0006298148,0.00051680824,0.0002580971,0.00017125945,0.0010111205,0.0007072559,0.9937046,0.0005796462,0.00078592496
syn-0472,1,0,1,8,8,0.00031121023,0.00032999003,0.00031457134,0.00027842273,0.00050687365,0.0003207757,0.0007901568,0.00046946862,0.99528176,0.00047639624,0.0007248231,0.00019551262
syn-0486,1,0,1,1,1,0.0006982491,0.9918874,0.0005819863,0.0009628184,0.00034565834,0.00058855914,0.0008922024,0.000324399,0.00069484796,0.00080525095,0.0007144586,0.0015041314
syn-0491,1,0,1,10,10,0.00035487593,0.00034412552,0.0003206037,0.0003343532,0.00038634439,0.0002917705,0.00064661034,0.0005729349,0.00090333587,0.00066599675,0.99474806,0.0004309983
syn-0499,1,0,1,11,11,0.00071487745,0.00080179836,0.0010159217,0.00039286978,0.0005441157,0.0006102739,0.00060938066,0.0008537184,0.00021214444,0.000789175,0.0005022428,0.9929536
syn-0006,1,0,2,7,7,0.0050589973,0.0023711042,0.012709006,0.001935239,0.0011343402,0.0059377155,0.0016392112,0.80945694,0.01508495,0.11570584,0.013947894,0.015018805
syn-0013,1,0,2,6,6,0.00042240912,0.0005188116,0.0006542401,0.0005615172,0.00041423898,0.0008212523,0.99366754,0.0002412698,0.00045606465,0.00032025544,0.0011366521,0.00078570377
syn-0016,1,0,2,9,9,0.00045287388,0.0015681927,0.0003638944,0.001362303,0.0005559575,0.00029991654,0.0007187602,0.00034655296,0.0030438763,0.9876796,0.003070747,0.00053727604
syn-0018,1,0,2,3,3,0.0018878732,0.003452044,0.0024526515,0.51938134,0.015463436,0.0037719405,0.44425046,0.0005928866,0.0014876083,0.003593065,0.0015605234,0.0021060747
syn-0025,1,0,2,8,8,0.00030976714,0.00031403135,0.00043238528,0.00020434409,0.0004067838,0.00036965814,0.00070354616,0.00068056973,0.99551576,0.00045557626,0.00042797427,0.00017962998
syn-0026,1,0,2,10,10,0.00038404207,0.0003572681,0.0003474617,0.00042696798,0.00038217142,0.00037661399,0.001336517,0.00031176695,0.0006896617,0.00038366718,0.99463093,0.00037295403
syn-0032,1,0,2,4,4,0.0016293877,0.001249905,0.0015411675,0.0030683468,0.9310834,0.0014442626,0.050122693,0.00071916333,0.0042944374,0.0022955623,0.0007975975,0.001754063
syn-0033,1,0,2,5,5,0.00063132844,0.0010351904,0.00023213935,0.00056343764,0.001142909,0.99220943,0.00084026303,0.0010207053,0.000661465,0.00046824806,0.00030129208,0.0008935822
syn-0038,1,0,2,5,5,0.00087377755,0.0010786749,0.00024110395,0.0009422449,0.0013704563,0.99104697,0.0008252587,0.0011065826,0.00029282176,0.00040180635,0.0003487547,0.0014715419
syn-0040,1,0,2,4,4,0.000826829,0.0005346235,0.0003820782,0.0034021016,0.98568684,0.0049019237,0.00092917506,0.00041071142,0.0006247331,0.00077483995,0.0008733054,0.0006527993
syn-0045,1,0,2,9,9,0.0015901052,0.0055081667,0.000813734,0.007033023,0.0019472865,0.0009796354,0.001957774,0.00064686744,0.0018302,0.92791563,0.048226546,0.0015509969
syn-0049,1,0,2,8,8,0.00048554555,0.00045858434,0.000296953,0.00022812688,0.0008794241,0.00025374943,0.00090833736,0.00040509464,0.9942906,0.0009261396,0.0007127011,0.00015466014
syn-0050,1,0,2,4,4,0.0013929863,0.0011730121,0.0005598025,0.0031792496,0.98484576,0.0013246614,0.002227821,0.00039271804,0.0008915096,0.0010296344,0.0012084759,0.0017742774
syn-0053,1,0,2,10,10,0.00034466945,0.00048963487,0.00049299345,0.00057230145,0.0004037472,0.00051526714,0.0010485197,0.00036977633,0.0004813382,0.00042024086,0.9943763,0.00048535038
syn-0059,1,0,2,3,3,0.00047861668,0.0009812188,0.00077611324,0.9926238,0.0009344586,0.00080742425,0.00070253067,0.0004758205,0.00025110733,0.00091694406,0.00056781655,0.00048425846
syn-0077,1,0,2,2,2,0.0005273933,0.00041537304,0.99395823,0.00082249596,0.00030241316,0.00016668254,0.0011270355,0.00065172097,0.00043065607,0.00039230834,0.00045798358,0.000747658
syn-0079,1,0,2,1,1,0.00068233156,0.9816597,0.00063538214,0.0027850184,0.0010353634,0.0044820677,0.004554874,0.0002656438,0.00092042185,0.00093857554,0.00067967136,0.0013609596
syn-0083,1,0,2,0,0,0.99265784,0.0006661405,0.0005893039,0.0006172838,0.0013230011,0.00097230985,0.00049238186,0.0005790356,0.00046914633,0.0005402479,0.00059741613,0.00049575936
syn-0085,1,0,2,3,3,0.006372252,0.36505523,0.0014305464,0.5925431,0.008474774,0.0059236623,0.0033212514,0.0009841598,0.00091733783,0.007942021,0.0025577068,0.0044779694
syn-0090,1,0,2,5,5,0.0035294718,0.000991168,0.0003745553,0.00034103647,0.0021530502,0.98437566,0.0008034564,0.0030159703,0.0022533492,0.00051345845,0.00035775235,0.0012911496
syn-0091,1,0,2,4,4,0.000926549,0.00037454246,0.00030450086,0.0011256067,0.9930315,0.0007343935,0.0005973493,0.00031694016,0.0007739717,0.00079542695,0.00050919654,0.000509943
syn-0095,1,0,2,11,11,0.0005898909,0.0011704204,0.0010865659,0.0005135081,0.0004228129,0.0005884525,0.0018559981,0.00054689345,0.0003705891,0.0006866283,0.0019121108,0.99025613
syn-0100,1,0,2,2,2,0.00059435604,0.0004353713,0.99410456,0.0006162245,0.00027165137,0.00017066044,0.00097028597,0.00073276804,0.00045604244,0.00042156444,0.00049165695,0.00073482824
syn-0101,1,0,2,3,3,0.00040328503,0.00096119166,0.0008537544,0.993238,0.0008223516,0.0005648486,0.0009338391,0.00043435508,0.00027975687,0.0006001049,0.0003924071,0.0005160613
syn-0103,1,0,2,11,11,0.002124117,0.0070279106,0.00119356,0.0012447473,0.002310215,0.002093229,0.0014716922,0.0008617903,0.00026129567,0.002486378,0.0038575644,0.9750675
syn-0107,1,0,2,10,10,0.0003506485,0.0003665804,0.00027752126,0.00038737518,0.0003927077,0.00055191695,0.0012596548,0.00036337262,0.0005719446,0.0006432116,0.9939989,0.00083618396
syn-0128,1,0,2,2,2,0.00060422224,0.0003839733,0.9939674,0.00078949874,0.00028133267,0.00018164201,0.00091369194,0.0007298996,0.0004264749,0.00043680167,0.0004588832,0.0008260756
syn-0149,1,0,2,8,8,0.0005002857,0.0005118997,0.0003577127,0.00019372681,0.0003841447,0.0003376848,0.00047481884,0.00067320804,0.9948967,0.0006003738,0.00081941247,0.0002499677
syn-0158,1,0,2,1,1,0.0007203568,0.99350536,0.0005399177,0.000750517,0.00035686378,0.0006017338,0.00070487335,0.00040280307,0.0004600156,0.0005476173,0.00052075717,0.0008890878
syn-0163,1,0,2,4,4,0.0009235743,0.00038247355,0.0003689004,0.0008118739,0.9905687,0.0012077335,0.0007433822,0.00048184214,0.0029762438,0.0005694146,0.00039001714,0.00057584536
syn-0166,1,0,2,5,5,0.0021883592,0.00091492035,0.0002474528,0.0006459309,0.004272065,0.98777676,0.0010092688,0.00068457477,0.00048165853,0.0004542473,0.0004957362,0.00082898675
syn-0171,1,0,2,6,6,0.000959669,0.0037678669,0.0010106474,0.0012983306,0.0015634117,0.0019134287,0.9742664,0.0003631837,0.012420894,0.0012976968,0.00047045384,0.0006679971
syn-0177,1,0,2,8,8,0.00031258035,0.0005773144,0.00040947713,0.00020903836,0.00041531664,0.000406489,0.0009423756,0.00069467607,0.9947943,0.00051560963,0.0004475321,0.00027531292
syn-0179,1,0,2,1,1,0.0008777122,0.9928397,0.00049367594,0.00073784566,0.0003459902,0.0006113969,0.0006546533,0.00035732187,0.0009382055,0.00062711944,0.00046923227,0.0010470273
syn-0181,1,0,2,10,10,0.0009399113,0.002253629,0.0015511657,0.0014743622,0.0017766844,0.00041182156,0.020754369,0.0009092157,0.04825535,0.0044041853,0.9158624,0.0014068463
syn-0191,1,0,2,4,4,0.0009336763,0.00043781905,0.00038038378,0.004071579,0.98419476,0.0009958363,0.0021687436,0.00033601545,0.0014119176,0.0014936507,0.0030205739,0.00055507896
syn-0192,1,0,2,5,5,0.00081572164,0.0020135157,0.0003371501,0.00074399344,0.0006517805,0.99041545,0.000818115,0.0011199382,0.00043972666,0.00051283895,0.00042082113,0.001710936
syn-0194,1,0,2,1,1,0.0010903582,0.9910472,0.0006278238,0.0008057482,0.00058263016,0.0006333661,0.0006728992,0.000538056,0.002263642,0.00073078193,0.00041618376,0.0005912276
syn-0196,1,0,2,4,4,0.01826547,0.0004759471,0.00057634874,0.0012997737,0.97225857,0.002095368,0.0013029508,0.0005597085,0.001190412,0.0006461107,0.0005564385,0.0007729157
syn-0197,1,0,2,11,11,0.0020697566,0.001562525,0.0011614535,0.0011136914,0.0060205585,0.0021271324,0.0017160979,0.00075245823,0.00094887684,0.0013342163,0.0003214235,0.9808718
syn-0203,1,0,2,8,8,0.00023269196,0.0004638944,0.00036822708,0.00019404205,0.000449183,0.00031526908,0.0006234766,0.00059029576,0.99554306,0.0005897196,0.00043281956,0.00019729036
syn-0208,1,0,2,8,8,0.00032315057,0.000510377,0.00034449625,0.00022209794,0.00041331587,0.00030685047,0.001200064,0.0005059109,0.9948478,0.00053044903,0.0006213702,0.00017415652
syn-0210,1,0,2,0,0,0.9832358,0.0011141972,0.0006514941,0.00066143065,0.0053077564,0.004289965,0.0006784397,0.0010699445,0.0006908081,0.00063578103,0.00033016113,0.0013341707
syn-0224,1,0,2,8,8,0.0011541132,0.00063039793,0.00053214584,0.00033041686,0.00078646065,0.0004955304,0.004222601,0.0005994774,0.9868845,0.0007478854,0.0032186662,0.00039778114
syn-0239,1,0,2,6,6,0.00044828575,0.00056090526,0.00091411395,0.0007335256,0.00044719264,0.0007438047,0.99306935,0.00025667573,0.0003825041,0.00029745846,0.0013818291,0.00076442375
syn-0242,1,0,2,0,0,0.9928659,0.0006591612,0.0006111146,0.0004839038,0.0015889853,0.00067150587,0.00049224467,0.00066628016,0.0005411532,0.0005128542,0.00042558642,0.00048131167
syn-0243,1,0,2,10,10,0.00041382204,0.00056673354,0.0004426675,0.00041341814,0.00028889437,0.00043410552,0.0007584456,0.0005356563,0.00071231974,0.0005233756,0.99412256,0.0007880812
syn-0250,1,0,2,11,11,0.00046916158,0.00077238434,0.0009846439,0.00038686508,0.0003814256,0.000610112,0.000644092,0.0006585618,0.00021882051,0.0005739873,0.0006400166,0.9936599
syn-0260,1,0,2,11,11,0.0013742334,0.0071200556,0.0012330584,0.0012985594,0.0016003778,0.0038045838,0.0041355123,0.0015587319,0.0009047716,0.0049301125,0.008484225,0.9635558
syn-0262,1,0,2,10,10,0.0003632134,0.00039832797,0.00032829624,0.00036109143,0.00030810476,0.00039081438,0.00079835847,0.0005182508,0.00062941783,0.0004963327,0.9950198,0.00038796244
syn-0265,1,0,2,3,3,0.00081053615,0.0008670345,0.0009144305,0.9913538,0.0011927513,0.0010659499,0.0011079393,0.00030937715,0.00022218413,0.0008198903,0.00067706296,0.00065912213
syn-0271,1,0,2,2,2,0.0009965119,0.00091489725,0.98342067,0.0028318758,0.00033937735,0.00033640763,0.0017132221,0.0016423689,0.00069908256,0.0042928676,0.000982021,0.0018306298
syn-0274,1,0,2,9,9,0.0005276446,0.00039134704,0.0006875066,0.0006265934,0.0005094169,0.0004391448,0.00030807304,0.0022279844,0.001184285,0.9900713,0.0019220498,0.001104549
syn-0279,1,0,2,0,0,0.99261945,0.00077516306,0.000694682,0.00046775583,0.0010139694,0.0007931581,0.0003810262,0.0009827728,0.0006789211,0.0005884185,0.00037954075,0.00062514615
syn-0280,1,0,2,0,0,0.9931471,0.0007786106,0.0006399987,0.00046097374,0.0011344502,0.00067071285,0.00046983617,0.0005878696,0.0004355896,0.0005292838,0.00054209994,0.0006035762
syn-0282,1,0,2,7,7,0.001817098,0.0008986508,0.0026522665,0.0005429342,0.0015056918,0.017666226,0.0011053592,0.9636018,0.0027101962,0.0028331622,0.0007649127,0.003901655
syn-0286,1,0,2,8,8,0.0010054295,0.0025404093,0.0010475252,0.0005162888,0.000541066,0.0007697611,0.0155215785,0.00062033517,0.97350514,0.0022877262,0.0010054295,0.000639402
syn-0288,1,0,2,9,9,0.0005001419,0.00084157696,0.00041727247,0.00060417055,0.0003611192,0.00025136434,0.00029358786,0.0005936432,0.001469281,0.99363977,0.00065470114,0.0003733108
syn-0295,1,0,2,10,10,0.00047926695,0.00069359393,0.00031926064,0.00045933385,0.00042398548,0.00051871745,0.0012410013,0.00024598377,0.0005853494,0.00096184376,0.99348724,0.0005843499
syn-0298,1,0,2,7,7,0.0008711043,0.00038083614,0.0010574434,0.00044264132,0.00044394002,0.005651266,0.00029804723,0.9872916,0.0013211855,0.0005236003,0.0005968035,0.0011215279
syn-0305,1,0,2,1,1,0.0006246237,0.99324375,0.00068769185,0.000984472,0.00036487385,0.00048079,0.0006227964,0.00037977946,0.00038388115,0.0006286012,0.00068501075,0.0009137166
syn-0318,1,0,2,11,11,0.0009048642,0.0017471547,0.0010481245,0.0007754846,0.00070954283,0.00048909197,0.0020289628,0.00043373485,0.0003564323,0.0008238883,0.0022472283,0.9884355
syn-0326,1,0,2,1,1,0.0013630542,0.9887067,0.0005947478,0.00081332086,0.00045069627,0.0008085693,0.0009796161,0.0005815381,0.002561485,0.0010623253,0.00067262247,0.0014052923
syn-0328,1,0,2,10,10,0.00036230494,0.00034201998,0.0002878691,0.00041558754,0.00030778468,0.00033952406,0.0006504675,0.00046554965,0.0009979168,0.00055991724,0.99495727,0.00031385518
syn-0332,1,0,2,6,6,0.00034774555,0.00044760553,0.00053938833,0.0010028016,0.00090106163,0.0006990437,0.9935011,0.00016037986,0.0005580069,0.00039539643,0.0010258934,0.00042151433
syn-0338,1,0,2,8,8,0.0005299053,0.0007725151,0.0005940456,0.00036526675,0.0008753742,0.000387687,0.0019954524,0.00077629625,0.98850435,0.0037361963,0.001019675,0.00044318504
syn-0355,1,0,2,5,5,0.0036425053,0.0017281758,0.000971314,0.0018686035,0.04154403,0.9182383,0.0027214584,0.0010492156,0.0030943744,0.0013498534,0.021658255,0.002134012
syn-0366,1,0,2,9,9,0.0010558781,0.00090711797,0.0008328248,0.004273025,0.0014049718,0.0011206883,0.0014734766,0.00043333147,0.0009789146,0.98174703,0.004579812,0.0011929665
syn-0369,1,0,2,6,5,0.0011463352,0.005675617,0.00036710702,0.00086699077,0.002563672,0.96480066,0.019069562,0.0012553197,0.0015406805,0.0011051145,0.0006226432,0.0009862743
syn-0370,1,0,2,9,9,0.00048658325,0.0008230712,0.00048326835,0.00080774305,0.00041660335,0.0004611379,0.00028161277,0.0007806011,0.00046430097,0.9910781,0.002304419,0.0016124792
syn-0391,1,0,2,0,0,0.9930622,0.0009165655,0.00063651596,0.0005099587,0.0009868185,0.0007533023,0.0004069718,0.0006519288,0.00059707614,0.0005606274,0.00048046748,0.00043747062
syn-0392,1,0,2,1,1,0.0006371552,0.99308914,0.0006706737,0.0011577599,0.00041908253,0.00040817691,0.00058383064,0.0003591611,0.0004077785,0.00086221396,0.00056752824,0.0008375247
syn-0396,1,0,2,3,3,0.0006547668,0.0006841823,0.0015628623,0.99107426,0.0008489877,0.00071666687,0.0010895897,0.0010268285,0.0003921262,0.0007275974,0.0005815092,0.0006405367
syn-0407,1,0,2,6,6,0.0010882997,0.0027875644,0.0017340103,0.092030175,0.004265602,0.0035280215,0.8886422,0.00035818285,0.00073782005,0.0013172345,0.0020471578,0.0014637524
syn-0411,1,0,2,2,2,0.0006240656,0.0004990083,0.992841,0.0010193777,0.00029709976,0.00020883177,0.0008752524,0.0010836988,0.00042536802,0.00067874114,0.0004939176,0.0009536796
syn-0414,1,0,2,5,4,0.00091944163,0.0008282164,0.00040206674,0.0017846447,0.94258726,0.046654485,0.0011840503,0.0005102493,0.0019800086,0.0012384529,0.0009912451,0.00091989076
syn-0420,1,0,2,2,2,0.0006982214,0.00040746783,0.9933021,0.0006294059,0.0003069727,0.00018967528,0.0009271975,0.0011514536,0.00052014244,0.00057715253,0.0005369156,0.0007533003
syn-0430,1,0,2,1,1,0.0029449349,0.8528159,0.00090034987,0.010379704,0.0032375383,0.112962894,0.0045467513,0.0007537412,0.0006497655,0.0021315396,0.0018912078,0.006785605
syn-0431,1,0,2,3,3,0.0006143174,0.00090723764,0.00090901135,0.99272317,0.0008242362,0.0006288855,0.000872056,0.00049919274,0.0002683754,0.0005907833,0.0005689836,0.00059367507
syn-0432,1,0,2,6,6,0.00047445306,0.00037222067,0.0008613813,0.00076188496,0.0004140274,0.0008054971,0.9936451,0.00023985481,0.00034627086,0.00027126077,0.0009541898,0.00085379154
syn-0477,1,0,2,7,7,0.01679113,0.017405747,0.016026119,0.0030996073,0.010692652,0.110660926,0.0015616277,0.7097191,0.021404209,0.014162005,0.03356889,0.04490797
syn-0485,1,0,2,10,10,0.00045923228,0.00036116023,0.00039491762,0.0004740413,0.00047986337,0.00029708233,0.0016424925,0.00036738545,0.00092090503,0.00056749163,0.99375266,0.00028264863
syn-0488,1,0,2,10,10,0.0005155973,0.0003361615,0.00042661114,0.00047175455,0.00091534463,0.0005882558,0.0024778591,0.00043248376,0.0019881013,0.0014732893,0.9875113,0.0028631608
syn-0489,1,0,2,11,11,0.001003815,0.0034054103,0.0010633507,0.00085860846,0.0022613038,0.0043232734,0.006437924,0.000588961,0.00044981154,0.0014267089,0.00195819,0.9762225
syn-0498,1,0,2,7,7,0.0005790036,0.0007237553,0.001136405,0.0003202249,0.0002013725,0.0019199208,0.00025630477,0.99163413,0.0014566815,0.00046615207,0.00051422266,0.0007917906
syn-0003,1,0,3,2,2,0.0006212593,0.00042552795,0.9936993,0.0007411939,0.00038991479,0.00020637558,0.0009787809,0.0007336326,0.00047124652,0.00047424735,0.00052571343,0.00073273754
syn-0010,1,0,3,9,9,0.0006323732,0.0013802373,0.00033161408,0.0006168201,0.00041229752,0.00032551785,0.00027357863,0.0005690743,0.0028956477,0.9904603,0.0014739056,0.00062867865
syn-0020,1,0,3,6,6,0.0002855178,0.00035325674,0.00064989727,0.0005697642,0.00078699394,0.0022633856,0.99117684,0.0001952775,0.001415699,0.00033906085,0.0014084595,0.0005560223
syn-0024,1,0,3,2,2,0.0008703677,0.00049664755,0.99152726,0.00084544497,0.0003761728,0.0003058263,0.001491611,0.00136311,0.0005207363,0.00048727938,0.0005724758,0.0011431867
syn-0027,1,0,3,4,4,0.0009485104,0.00037339685,0.00035077386,0.0008316594,0.9909614,0.0018165113,0.00072929286,0.00045260717,0.0022474774,0.00042893854,0.00030925468,0.0005502304
syn-0043,1,0,3,9,9,0.0005814712,0.00057245634,0.0008686399,0.0007282607,0.00053463114,0.0005663398,0.00042874998,0.0012756435,0.0009179146,0.9828174,0.009541567,0.0011668869
syn-0044,1,0,3,2,2,0.0006755879,0.00053928356,0.99282324,0.0008439705,0.00030862782,0.00020985019,0.0007900352,0.001226322,0.0005746253,0.00051559403,0.00056765345,0.00092522457
syn-0052,1,0,3,4,4,0.018869497,0.0028294597,0.00070706493,0.0021982123,0.8907279,0.075142235,0.0014020527,0.0010572919,0.0013043069,0.0017186699,0.0011566809,0.0028866753
syn-0056,1,0,3,8,8,0.00041948742,0.0007161901,0.0003355896,0.00024053873,0.0004586966,0.0002670333,0.0015620132,0.0005460472,0.9935633,0.0005323572,0.0011604355,0.0001982486
syn-0057,1,0,3,8,8,0.0016786782,0.0015359352,0.00048804635,0.00076406484,0.0018910785,0.005037368,0.007136856,0.0008334441,0.93565696,0.0020567595,0.04047255,0.0024484328
syn-0061,1,0,3,4,4,0.0010810418,0.00065424584,0.0003935399,0.00074353284,0.99076945,0.0010115855,0.0010572894,0.00033991583,0.0010015102,0.0005004045,0.0012191628,0.001228425
syn-0064,1,0,3,6,6,0.0004347913,0.00050190993,0.0012435667,0.0009028703,0.0009072897,0.0005695722,0.98987585,0.00026064186,0.0008689181,0.0003376252,0.002915213,0.0011817409
syn-0070,1,0,3,2,2,0.0006241318,0.0003999315,0.99318886,0.0008117391,0.00042614082,0.00021978735,0.0010773177,0.0009352759,0.0004128282,0.000521609,0.000552006,0.00083038054
syn-0072,1,0,3,0,0,0.9931201,0.00066223374,0.0006279094,0.00054447266,0.0011560305,0.00081336906,0.00041970995,0.00078240037,0.00042966308,0.00055196777,0.00037494182,0.00051726133
syn-0074,1,0,3,5,5,0.011096136,0.009467885,0.00046702533,0.0023145473,0.004304,0.9568323,0.0056081666,0.0011502685,0.0017694333,0.0036941236,0.001210189,0.0020859202
syn-0075,1,0,3,7,7,0.0010796203,0.00055567315,0.000952878,0.00036709823,0.0005299681,0.002530807,0.00030582477,0.98958755,0.001060938,0.00069391413,0.0010168127,0.0013189493
syn-0081,1,0,3,10,10,0.00087405666,0.0014253303,0.000480818,0.0013560808,0.0027153876,0.0020647496,0.0036405965,0.00025661042,0.002331542,0.00095668784,0.9822088,0.0016893189
syn-0097,1,0,3,10,10,0.00031864882,0.0004340552,0.0003660469,0.00048257128,0.00034928438,0.0004294174,0.0010638566,0.00031370862,0.0013510935,0.0008933727,0.993522,0.0004760185
syn-0102,1,0,3,1,1,0.00091592484,0.9924892,0.0005508097,0.00096835464,0.00053805014,0.0005540466,0.00073041726,0.0005297085,0.0011341962,0.00063832675,0.0004225267,0.00052841683
syn-0105,1,0,3,4,4,0.010171879,0.000969042,0.00053280924,0.0015312314,0.9756496,0.004044119,0.00064646744,0.00048560233,0.0006259662,0.0017512846,0.0011115548,0.0024802815
syn-0120,1,0,3,3,3,0.00047952158,0.0010194937,0.00075938256,0.9930448,0.000724431,0.0003450493,0.00077891065,0.00042483257,0.00040696468,0.0010945918,0.00047370364,0.00044827466
syn-0121,1,0,3,9,9,0.0005597347,0.00096078066,0.000563024,0.0011979754,0.000524028,0.00043826952,0.00046245303,0.0005952529,0.0011650219,0.9919653,0.00085725245,0.00071103434
syn-0135,1,0,3,0,0,0.9924305,0.0010325102,0.00078991544,0.0005630131,0.0009174372,0.00057076337,0.0005926313,0.00076467835,0.00068444986,0.0005888814,0.00051639765,0.0005488978
syn-0136,1,0,3,6,6,0.00046343473,0.0016222919,0.0006936627,0.0014660435,0.0012159307,0.0016622846,0.98826337,0.00010575514,0.00057254493,0.0011602491,0.0020562839,0.00071813224
syn-0139,1,0,3,1,1,0.0007362131,0.99306446,0.00040301774,0.0011781538,0.0005069806,0.000689585,0.00067361066,0.00035740275,0.00040657548,0.00084407255,0.0003983224,0.0007416251
syn-0147,1,0,3,0,0,0.9915421,0.0011539119,0.000689874,0.000761387,0.0013763683,0.00055758684,0.00042294877,0.0006043688,0.00060940644,0.001216099,0.00046679206,0.0005990803
syn-0156,1,0,3,6,6,0.00060629204,0.0010656355,0.0006514099,0.00087699597,0.0007728134,0.0020380814,0.9913033,0.00023742736,0.0010013164,0.00033646513,0.00047938238,0.0006307519
syn-0159,1,0,3,11,11,0.0005168436,0.0007399829,0.0010226724,0.0003290074,0.00036524647,0.0007342242,0.00071529247,0.0009515497,0.00024641512,0.0006024837,0.0014583981,0.99231803
syn-0160,1,0,3,5,5,0.0012005443,0.0014988511,0.00039647787,0.0011551866,0.00044577202,0.9894315,0.0012873478,0.0020218547,0.0006540008,0.0003798025,0.00067542016,0.000853186
syn-0168,1,0,3,1,1,0.0020618169,0.972231,0.00050416094,0.0025411912,0.0010139673,0.01333685,0.001331534,0.0007642624,0.0010995768,0.0036274465,0.00041269147,0.0010756797
syn-0169,1,0,3,4,4,0.007404968,0.0006445164,0.00044994496,0.0020809053,0.9812919,0.0024335673,0.0008025054,0.0005034226,0.0012296641,0.001974857,0.0003781523,0.00080564624
syn-0172,1,0,3,10,10,0.0002795256,0.00037266934,0.00027039685,0.00030910462,0.00038506277,0.0005487562,0.000931076,0.0002900935,0.0009877434,0.00063038216,0.99435705,0.0006381244
syn-0175,1,0,3,11,10,0.0032442375,0.014123325,0.0021464052,0.0021632398,0.0033066096,0.005659168,0.009769814,0.0017297452,0.0063596675,0.003792898,0.8483444,0.09936057
syn-0182,1,0,3,6,6,0.00045999145,0.00038943774,0.0007768566,0.00070655934,0.00046952226,0.0007075087,0.99393845,0.00021214758,0.00055161404,0.00029569052,0.00087722327,0.00061506947
syn-0183,1,0,3,4,5,0.0022581194,0.0010055266,0.00049197255,0.0014111126,0.062027737,0.92584485,0.0015631039,0.0015254042,0.0011801808,0.00058480265,0.0006850402,0.0014221803
syn-0185,1,0,3,7,7,0.0044612396,0.0006750281,0.0067216847,0.0007739235,0.000961284,0.0021088843,0.00061642326,0.9645362,0.0039149844,0.010926365,0.0013682628,0.0029357697
syn-0188,1,0,3,10,10,0.00065909646,0.00040152288,0.0005850687,0.0004637323,0.00055800396,0.00032611718,0.0013118903,0.0005283075,0.0007979389,0.00058592635,0.9922839,0.0014984087
syn-0189,1,0,3,10,10,0.0031777676,0.0050066593,0.0013350804,0.0051618055,0.0077414606,0.006843291,0.011094208,0.0006596231,0.017128596,0.008265425,0.9215904,0.011995699
syn-0200,1,0,3,5,5,0.0031032092,0.0035129646,0.0006589394,0.0016573826,0.0011570394,0.9424674,0.0015830307,0.041733902,0.0015083273,0.0012084296,0.00047554413,0.00093380193
syn-0202,1,0,3,10,10,0.000476456,0.00066473155,0.00042006053,0.00041638478,0.00071454706,0.0005237959,0.0010315692,0.00043936074,0.006088926,0.003705765,0.9847711,0.00074737775
syn-0205,1,0,3,2,2,0.00067290175,0.0006153824,0.99323094,0.00085437385,0.00031576795,0.00020169676,0.00086740474,0.0008209415,0.00042242976,0.00054082373,0.0006321327,0.0008251613
syn-0221,1,0,3,11,11,0.0018436135,0.009608099,0.0012889364,0.0008755514,0.001072748,0.005260949,0.003864529,0.0005792696,0.0015419017,0.0010685658,0.0034146006,0.9695812
syn-0241,1,0,3,1,1,0.0032923582,0.94139785,0.0007755393,0.026967473,0.016134497,0.0031965214,0.0019669172,0.00044884768,0.0010425835,0.0025255715,0.00083365885,0.0014181014
syn-0247,1,0,3,3,3,0.0005312545,0.0011038557,0.00092942617,0.9915052,0.0015623971,0.00046997648,0.0010701548,0.00036888875,0.00032681733,0.0008353727,0.00062535977,0.00067124073
syn-0249,1,0,3,8,8,0.00043356462,0.0004045215,0.00029207813,0.00019898557,0.0009859188,0.000818154,0.00031182775,0.0012310465,0.9933688,0.00075041386,0.0009942581,0.00021037599
syn-0258,1,0,3,3,5,0.006448597,0.008283195,0.0017070402,0.120729215,0.06563933,0.77353585,0.009642162,0.0019590436,0.0021182313,0.003909363,0.002235114,0.0037927863
syn-0273,1,0,3,0,0,0.99144053,0.0014454161,0.00062715367,0.0007827954,0.0012050396,0.0009854476,0.00043846565,0.00082983,0.00035197317,0.0006180338,0.0003850598,0.0008902776
syn-0276,1,0,3,6,6,0.0005149577,0.00064621714,0.0017082804,0.0011092272,0.0011553867,0.00081371027,0.98725003,0.00040183356,0.0006064723,0.0003518572,0.002941752,0.0025002924
syn-0289,1,0,3,8,8,0.07000102,0.053462397,0.0071650352,0.0029034296,0.011310776,0.051615514,0.0048528416,0.23704179,0.5269283,0.019329734,0.0028141004,0.0125750275
syn-0291,1,0,3,1,1,0.00067685207,0.99249786,0.00044237587,0.00078171934,0.00046270134,0.0006028872,0.0005268756,0.000415168,0.00038584703,0.00078516226,0.001098103,0.001324434
syn-0293,1,0,3,0,0,0.44871733,0.012996045,0.004673648,0.0029304123,0.05454201,0.01371651,0.00444224,0.0061794966,0.43832278,0.006074788,0.0020983655,0.005306291
syn-0296,1,0,3,3,3,0.0005235163,0.0012214353,0.0006461408,0.99196506,0.001173353,0.00096831593,0.0007457034,0.00033668973,0.0002650462,0.00092352246,0.00064111245,0.00059004396
syn-0297,1,0,3,11,11,0.0005581715,0.0011955233,0.0010349391,0.00036820897,0.00045667993,0.0007991535,0.0009024697,0.00074525684,0.00038512677,0.00043768622,0.0005349567,0.99258184
syn-0299,1,0,3,1,1,0.0009331498,0.98990333,0.0003409479,0.0018290268,0.0008488132,0.0016802544,0.0006255701,0.00052755506,0.00059750635,0.0017346498,0.00029105917,0.0006880615
syn-0301,1,0,3,3,3,0.0006432024,0.0015223825,0.0006883728,0.99083495,0.0018498428,0.0009805271,0.0009841245,0.00030442132,0.0003250056,0.0009004416,0.0004080466,0.000558824
syn-0307,1,0,3,3,3,0.0025468476,0.005814157,0.0009003799,0.96263164,0.0046343184,0.0017758172,0.0026470097,0.0003972069,0.0010526506,0.015650928,0.0010363308,0.0009127743
syn-0312,1,0,3,11,11,0.0012470513,0.0018704467,0.001207504,0.0003935534,0.0009276353,0.0012295174,0.0012116382,0.0011321316,0.00393036,0.0009802566,0.00085499516,0.985015
syn-0321,1,0,3,9,9,0.00054369145,0.0009495604,0.00038855878,0.0013279442,0.00045895326,0.00043857825,0.0004979459,0.0003131318,0.0009697083,0.9926641,0.0008339024,0.00061398104
syn-0329,1,0,3,8,8,0.00041864766,0.00030095223,0.00046024378,0.00023438183,0.00080617686,0.00046069344,0.00053129153,0.0012495461,0.9920587,0.0014360257,0.0015341562,0.00050919474
syn-0336,1,0,3,0,0,0.9917489,0.0013519997,0.0007918823,0.0006170197,0.0008512266,0.00095939916,0.00050754653,0.0008791056,0.00070500287,0.00069305685,0.0003859326,0.0005090358
syn-0341,1,0,3,8,8,0.00029990083,0.0003295375,0.00041292916,0.0002414482,0.0005156581,0.0003635201,0.0004834708,0.0007652162,0.9953739,0.0006197288,0.00043148012,0.00016321256
syn-0352,1,0,3,8,8,0.0003350358,0.0006047489,0.00042456016,0.0002499519,0.00037983066,0.00031627755,0.0006025384,0.0011774111,0.9948338,0.00052785786,0.00037613942,0.00017178926
syn-0364,1,0,3,4,4,0.005006343,0.0042779725,0.00090022135,0.0023533101,0.60820407,0.33653885,0.0046573197,0.0010648716,0.02358263,0.004030574,0.0044310447,0.004952852
syn-0368,1,0,3,9,9,0.0009056327,0.00088811613,0.00051955343,0.000982575,0.00077576423,0.0005040605,0.00047491034,0.0006936949,0.004369327,0.98734456,0.0010277205,0.0015140595
syn-0379,1,0,3,3,3,0.0011626881,0.00143048,0.0016793561,0.9795202,0.006743285,0.0010716417,0.0010954491,0.000652209,0.00034910228,0.003878019,0.0012688831,0.0011485815
syn-0385,1,0,3,5,4,0.0050062337,0.0022871995,0.0009160256,0.0017485265,0.48862043,0.4867155,0.0019649616,0.0029569669,0.002449019,0.0025218292,0.0013537981,0.0034595777
syn-0386,1,0,3,10,10,0.00053361757,0.00062052027,0.000657644,0.0005084361,0.0003765484,0.000523041,0.0010876355,0.00066588365,0.00048373386,0.0006538019,0.99251723,0.0013718195
syn-0388,1,0,3,5,5,0.027510742,0.005312408,0.0066860663,0.030750446,0.014054542,0.50410247,0.023925098,0.35816106,0.007669356,0.006572773,0.008390302,0.0068647037
syn-0401,1,0,3,11,11,0.002909824,0.041201852,0.0036235454,0.0012912266,0.0012201235,0.0023587497,0.002814108,0.001713105,0.00065500115,0.0051551284,0.00113728,0.9359201
syn-0409,1,0,3,10,10,0.00034205065,0.00094893906,0.0004398456,0.00058612495,0.00035637178,0.00022410335,0.00077289593,0.0005144828,0.00072429806,0.0033646917,0.99116725,0.00055901136
syn-0413,1,0,3,9,9,0.0006087324,0.00096153613,0.00056518894,0.00061440613,0.00038205268,0.00042206858,0.00024691274,0.00080035906,0.0005448655,0.9933514,0.0006924839,0.0008099912
syn-0417,1,0,3,7,4,0.016461581,0.0066316226,0.014400171,0.006497008,0.26181307,0.13891217,0.080514036,0.1330697,0.084832415,0.0073692673,0.09070135,0.15879765
syn-0418,1,0,3,0,0,0.9904935,0.0009828252,0.0007594684,0.0008455951,0.002357675,0.00078281166,0.0006339402,0.00070376665,0.00047225592,0.0006392243,0.0005022231,0.0008268139
syn-0440,1,0,3,1,1,0.0017399596,0.9897569,0.0005522515,0.00095653755,0.0006396853,0.0010934675,0.00091496564,0.00046142345,0.00215717,0.000757053,0.00040246066,0.00056811504
syn-0452,1,0,3,10,10,0.00030661194,0.00030126938,0.00053185143,0.00044394474,0.00034406042,0.0004774474,0.002363889,0.00035411646,0.0016787054,0.00068826694,0.9921347,0.00037511892
syn-0453,1,0,3,1,1,0.0055496306,0.9065795,0.0014117568,0.0017898642,0.0018376855,0.0037504872,0.010071189,0.0027185765,0.002002596,0.0027857646,0.03826898,0.023233987
syn-0456,1,0,3,11,11,0.001109879,0.0024313112,0.001149031,0.0116787,0.005264003,0.0015394103,0.002010222,0.00066338654,0.00037140003,0.0012106594,0.0012430056,0.9713289
syn-0459,1,0,3,5,8,0.036579516,0.1261876,0.0034324608,0.00350016,0.041918147,0.06649619,0.015034209,0.0020277165,0.6929062,0.005560563,0.0030979433,0.0032593235
syn-0460,1,0,3,8,8,0.00044996818,0.0013767882,0.00047248448,0.00031320946,0.000603727,0.00048795904,0.0030037425,0.00051413075,0.9909729,0.0006877966,0.0008480723,0.00026921355
syn-0461,1,0,3,2,2,0.00071037054,0.00047761938,0.9929767,0.00060939486,0.00038079137,0.00020967778,0.00089340034,0.0011634371,0.0005578486,0.0005109118,0.00064695766,0.00086285337
syn-0468,1,0,3,6,6,0.0003845966,0.00034779354,0.0008072142,0.00090356806,0.00056687254,0.0005413098,0.99412364,0.0002307772,0.00047793757,0.00031115182,0.0008241908,0.00048098102
syn-0476,1,0,3,7,7,0.0007497472,0.00064035406,0.0011189284,0.0005259699,0.0003704276,0.012730645,0.0003459515,0.97829276,0.0020693606,0.0015704957,0.0007424611,0.0008429634
syn-0487,1,0,3,6,6,0.0005623357,0.00054850517,0.0008618671,0.0010536639,0.0013416654,0.0015836688,0.99026895,0.00022215785,0.002273491,0.00031978407,0.00051426754,0.00044964856
syn-0490,1,0,3,7,7,0.0007840864,0.0005557291,0.00095297396,0.00029659015,0.0004336484,0.0024784734,0.00032257498,0.99017054,0.0009911781,0.0013413273,0.0005067388,0.0011661837
syn-0493,1,0,3,8,8,0.0003154613,0.00029090053,0.00032121234,0.0002239141,0.00067834835,0.00048125602,0.0005093013,0.00084447593,0.99517775,0.00044814206,0.00054680096,0.00016238556
syn-0008,1,0,4,8,8,0.00027401315,0.00032113687,0.00039752043,0.00023006718,0.00037234346,0.0005655425,0.0007335658,0.0011703761,0.9949439,0.00039888147,0.0004213028,0.00017130566
syn-0014,1,0,4,0,0,0.9896193,0.002032385,0.00071143406,0.0006828444,0.0012553299,0.0011000091,0.0009130534,0.00057810935,0.00079560204,0.0008853939,0.00052895106,0.00089758204
syn-0019,1,0,4,0,0,0.9802828,0.0012212229,0.00092860387,0.0018951651,0.002725989,0.0007542128,0.0011505989,0.0005995517,0.00047940682,0.0011399735,0.00798284,0.00083974336
syn-0022,1,0,4,10,11,0.0048588454,0.28993824,0.003593199,0.01252314,0.008815433,0.007848268,0.013060211,0.0014833119,0.0022973982,0.050187286,0.035501335,0.5698933
syn-0035,1,0,4,9,9,0.0025942523,0.05450107,0.0017298332,0.0045486107,0.004331846,0.0015688906,0.0037124676,0.001159089,0.006232411,0.594588,0.31826004,0.0067734816
syn-0037,1,0,4,8,8,0.0006813246,0.00086633634,0.000538446,0.00053009816,0.0028489851,0.0016130067,0.004404993,0.0004381812,0.9669009,0.0037457775,0.016832555,0.0005995078
syn-0039,1,0,4,1,1,0.00072290667,0.9933775,0.00045593153,0.0007605648,0.00049394334,0.0010531078,0.0006423388,0.00040432758,0.00034181055,0.00048462616,0.0005019668,0.0007611221
syn-0041,1,0,4,10,9,0.001676757,0.003923402,0.001501568,0.00527243,0.0046048746,0.0012448437,0.0043832874,0.0004218855,0.011057312,0.82155377,0.14027703,0.0040826816
syn-0046,1,0,4,8,8,0.008710764,0.0020126891,0.0011501604,0.0008211802,0.002662477,0.0040360745,0.005128301,0.0019223979,0.95301247,0.014828367,0.0026728977,0.0030421289
syn-0048,1,0,4,11,11,0.0005968925,0.0010997311,0.0008059567,0.00045497963,0.0013603095,0.0010803051,0.0010808327,0.0007005693,0.0004509983,0.0008487696,0.0011847463,0.99033594
syn-0054,1,0,4,5,5,0.00087960623,0.0005005731,0.00021164573,0.00048993324,0.0009723882,0.9915872,0.0007059212,0.0017621652,0.0009005754,0.0004221427,0.00088791293,0.000679873
syn-0055,1,0,4,3,3,0.0004117223,0.00095842313,0.00086546683,0.9934344,0.0006656858,0.0005260869,0.0008837225,0.00032937754,0.00027682248,0.0006811395,0.00046974272,0.0004973599
syn-0076,1,0,4,5,5,0.0018435543,0.0020146398,0.0002675089,0.00073753454,0.0010657957,0.988552,0.001838161,0.0008349204,0.00063177146,0.00075134705,0.000588301,0.00087456184
syn-0080,1,0,4,3,3,0.0004552573,0.0010363153,0.0006715138,0.99336255,0.0008304244,0.00042083862,0.0008690035,0.00026412675,0.00035093774,0.0007407618,0.0004780383,0.0005201741
syn-0084,1,0,4,5,5,0.00064179074,0.0007474041,0.00021371704,0.0008439271,0.0009959682,0.9925298,0.00072777714,0.0011875158,0.00048920326,0.0003177095,0.00068619166,0.000619015
syn-0106,1,0,4,10,10,0.0013109001,0.003842147,0.003974285,0.004312992,0.00073105225,0.0005710145,0.07449657,0.0009972801,0.010280864,0.0037053456,0.89348364,0.002293971
syn-0108,1,0,4,8,8,0.0009592156,0.0014079709,0.0010101697,0.0006722613,0.0017008268,0.0011313366,0.001878053,0.0014547942,0.9228818,0.0014654886,0.06441791,0.0010200829
syn-0109,1,0,4,3,3,0.0006802225,0.0022086888,0.00070010376,0.9838959,0.0009863408,0.00048875116,0.0013792969,0.00032178537,0.00042963983,0.0072384765,0.0010540638,0.0006166338
syn-0111,1,0,4,3,3,0.00047432864,0.001302489,0.001165621,0.99289954,0.00065023254,0.0005240095,0.0008912614,0.0003456733,0.000311985,0.0005240095,0.0003905533,0.0005204396
syn-0113,1,0,4,11,11,0.0009900035,0.0012938904,0.0009914548,0.0004067929,0.00063592556,0.0009078132,0.0009111438,0.00054049416,0.0010985126,0.00095673726,0.0005784516,0.9906888
syn-0124,1,0,4,6,6,0.0006394424,0.0012785319,0.0007993038,0.0075503304,0.0019325869,0.0010059841,0.9831208,0.0001613609,0.000858785,0.0010148648,0.00080164906,0.00083643716
syn-0129,1,0,4,11,11,0.0006181788,0.0017701875,0.0010061016,0.0009136091,0.0008027218,0.0004673099,0.0013663095,0.0005415598,0.0004472185,0.0016154674,0.0007132587,0.98973817
syn-0138,1,0,4,4,4,0.0006268408,0.000610827,0.0005713027,0.0012836059,0.99046224,0.0007908549,0.0007962797,0.0005299189,0.0007502303,0.000709957,0.0015745315,0.0012934365
syn-0140,1,0,4,11,11,0.001333894,0.0015511264,0.0025598737,0.0040528914,0.0023262436,0.0010515966,0.0012641392,0.0019097821,0.00039642182,0.038659852,0.000905648,0.9439887
syn-0142,1,0,4,4,3,0.0013908667,0.0012976968,0.0008665656,0.956823,0.032044776,0.0015829996,0.0012626939,0.00059616315,0.00060377986,0.0016674966,0.0009819475,0.00088193285
syn-0143,1,0,4,1,1,0.0022727766,0.97842443,0.0007162092,0.0010441155,0.00041128433,0.001244163,0.0013988502,0.00072748784,0.009536097,0.001839652,0.0012047072,0.0011802529
syn-0145,1,0,4,2,2,0.0048819776,0.0038234978,0.8949179,0.07119923,0.003030549,0.002096127,0.0024879973,0.004608642,0.0011452228,0.003775264,0.0018372234,0.006196308
syn-0146,1,0,4,10,10,0.00039089748,0.00047289577,0.0003733614,0.00040291224,0.0004970446,0.00030354067,0.000595175,0.0004142836,0.00068906794,0.0007244326,0.9947455,0.00039089748
syn-0150,1,0,4,3,3,0.0007496528,0.03317823,0.0014344488,0.9564438,0.0011127945,0.0006088685,0.0019442141,0.00047604318,0.00053522974,0.0017412937,0.0007503853,0.0010251544
syn-0165,1,0,4,8,8,0.00053005025,0.00069741864,0.000577616,0.00035655464,0.0008872338,0.00047467026,0.0046193576,0.00037330133,0.9849199,0.0031455169,0.0030876913,0.00033072665
syn-0174,1,0,4,10,10,0.00035320935,0.0006272089,0.0003969301,0.00036871707,0.00039384115,0.00033934653,0.0009212018,0.00036282346,0.0005377916,0.00057696615,0.994437,0.000684997
syn-0176,1,0,4,10,10,0.0003728779,0.0007506639,0.0003290636,0.00047090175,0.0005763977,0.00044955703,0.0017427912,0.00023311327,0.0007482852,0.0009508993,0.99248755,0.0008879601
syn-0178,1,0,4,9,9,0.0011957885,0.0015942501,0.0008587746,0.0015504906,0.0032407835,0.0008646652,0.0014269848,0.0005726261,0.0037914044,0.9697594,0.0051325005,0.010012216
syn-0187,1,0,4,3,3,0.00047128744,0.0010152846,0.00065736,0.99330044,0.0008802659,0.0005403336,0.00070748624,0.0003509158,0.00031640742,0.00071060215,0.0005316969,0.0005178608
syn-0195,1,0,4,4,5,0.0032638726,0.0026009162,0.0007707086,0.0029486634,0.3869537,0.5786217,0.00621732,0.0011592326,0.010582312,0.0024624974,0.0016800977,0.0027390784
syn-0206,1,0,4,8,8,0.0011672562,0.0008514846,0.001123636,0.0007325934,0.0031659668,0.001361998,0.00192542,0.0010453004,0.91391885,0.0043981937,0.069110766,0.0011984429
syn-0211,1,0,4,0,0,0.992804,0.00075365824,0.0007130268,0.00068337144,0.001025111,0.00061376777,0.0005379581,0.0006704811,0.00030029728,0.0006435372,0.00049947726,0.000755316
syn-0215,1,0,4,10,10,0.00092581334,0.0014579319,0.0008528993,0.001277855,0.0043872544,0.0021140405,0.0037850514,0.0003689831,0.005225917,0.022917522,0.9537651,0.0029218276
syn-0217,1,0,4,6,6,0.00089224835,0.0009359818,0.00082217844,0.0007872142,0.00068561535,0.0013381976,0.9892782,0.00019206922,0.0010804692,0.000523119,0.002301357,0.0011634271
syn-0223,1,0,4,6,6,0.00058908603,0.0007501487,0.0007671884,0.0008706127,0.0008242795,0.0008978104,0.9908382,0.00024152442,0.0022053479,0.0006978511,0.00061615225,0.0007016094
syn-0225,1,0,4,7,7,0.00078436866,0.0005061793,0.0012424495,0.0003949835,0.0009112174,0.004225789,0.00022593566,0.9799436,0.002213149,0.005775968,0.0012973162,0.0024790633
syn-0228,1,0,4,6,6,0.00056022935,0.0006691984,0.0008267533,0.0023500319,0.0025465798,0.0009827532,0.9884884,0.00023468144,0.0012135381,0.00058027526,0.0005954881,0.000952052
syn-0229,1,0,4,7,7,0.001012628,0.00032983746,0.0015620835,0.0004738566,0.00031875423,0.0019573793,0.00019504094,0.99094325,0.0013760121,0.00059290003,0.0005903002,0.0006480015
syn-0230,1,0,4,9,9,0.0006161359,0.00092651154,0.00041873447,0.00043499,0.00048955024,0.0003652267,0.00023580808,0.001583377,0.0015127143,0.9922644,0.00058878283,0.000563744
syn-0232,1,0,4,8,8,0.0007000934,0.00083341374,0.0004560046,0.00034320337,0.0006858823,0.00087640056,0.0006064723,0.0013980499,0.9886973,0.0048076883,0.00038587392,0.00020959122
syn-0234,1,0,4,4,6,0.0031600427,0.0032667273,0.0026454763,0.15511088,0.167061,0.0073151025,0.6354265,0.00048224776,0.007468491,0.008541788,0.0059791645,0.003542538
syn-0236,1,0,4,11,11,0.0045208884,0.0395728,0.0027595183,0.002204381,0.0038744807,0.0033318666,0.0074056173,0.0014813974,0.011513532,0.012346186,0.004138484,0.9068509
syn-0237,1,0,4,4,4,0.0011338309,0.0004476609,0.0003627039,0.0010225194,0.99313897,0.0007234392,0.00053499575,0.00028330286,0.00049867085,0.0006669517,0.00052132824,0.00066565035
syn-0255,1,0,4,2,2,0.00059718743,0.00038983254,0.993975,0.0007081395,0.0003563358,0.00019775055,0.00094823545,0.00077159255,0.00043129467,0.00042109806,0.0004748424,0.00072874775
syn-0264,1,0,4,0,0,0.9924724,0.0009916648,0.0005668989,0.0005027354,0.0011051347,0.0008437752,0.00031831217,0.00082302274,0.00071453105,0.00064773514,0.000430853,0.0005828985
syn-0270,1,0,4,10,10,0.0004134216,0.0006883901,0.000342404,0.000384224,0.00040800698,0.00035223961,0.0008614606,0.00031298262,0.00055645546,0.00059611566,0.99461645,0.00046778235
syn-0294,1,0,4,1,1,0.00068629876,0.99316967,0.00040980766,0.0009517852,0.0004833433,0.001147354,0.00076693116,0.00036770818,0.00038422755,0.0005421123,0.00037386364,0.00071695587
syn-0300,1,0,4,10,10,0.00039262034,0.00048128344,0.0006312466,0.00049996714,0.0006675437,0.00032485859,0.0006344913,0.00057279546,0.0006588008,0.0005043807,0.9942631,0.00036883267
syn-0316,1,0,4,0,0,0.7773112,0.003542127,0.0015603394,0.0035856313,0.026598126,0.16942382,0.004590573,0.0012574464,0.0020894387,0.0033914938,0.0021348146,0.004514992
syn-0327,1,0,4,1,1,0.0010983129,0.986888,0.0006331766,0.000801975,0.0006792993,0.0006655102,0.0008454016,0.000473302,0.004943976,0.0008421058,0.0006215365,0.0015074593
syn-0330,1,0,4,0,0,0.98784596,0.00090256,0.0005218518,0.0008371807,0.0028087338,0.0026205855,0.00061699696,0.0010219857,0.00026138057,0.00104469,0.0007125906,0.000805502
syn-0334,1,0,4,6,6,0.0007002322,0.0017454054,0.0008458794,0.0021264108,0.0026304189,0.0107836565,0.9764183,0.00030352818,0.001093581,0.0006941048,0.0010734769,0.0015849475
syn-0339,1,0,4,7,7,0.00073996745,0.00042836487,0.001152397,0.00035081827,0.00024205731,0.0017660122,0.000205833,0.99302435,0.0005769911,0.0004334143,0.0004544361,0.00062540115
syn-0340,1,0,4,9,9,0.00045779074,0.0007116415,0.0004083621,0.0008235057,0.0005162181,0.00035687612,0.00026007823,0.0005117009,0.0005932937,0.99353975,0.0011920662,0.0006287885
syn-0345,1,0,4,7,7,0.0019669645,0.00089353387,0.0013354715,0.00065692316,0.00096049614,0.02477152,0.0009058341,0.9609263,0.002054829,0.0013472608,0.00089878484,0.0032820045
syn-0358,1,0,4,2,2,0.00086600665,0.0005842552,0.9904204,0.00045280208,0.00031983297,0.00028252736,0.0012708646,0.0020794717,0.0008379292,0.0006591449,0.0008800739,0.0013466291
syn-0359,1,0,4,4,4,0.0032979667,0.005341379,0.0019199335,0.0038033572,0.91443473,0.0030145855,0.024512067,0.00075038965,0.0046361405,0.0018266537,0.003478248,0.032984592
syn-0360,1,0,4,0,0,0.99115354,0.00082313386,0.0004930781,0.0006430951,0.0024556245,0.0010486997,0.00036481782,0.00066806044,0.00043070086,0.0006664314,0.000493319,0.00075960346
syn-0374,1,0,4,8,8,0.0003892782,0.00030391122,0.00033854117,0.00028942828,0.00055233116,0.00049522734,0.0007506282,0.00065976393,0.9949877,0.00052871346,0.00055341097,0.0001510358
syn-0375,1,0,4,8,8,0.00034442137,0.00053033367,0.00032323808,0.00021115827,0.00042240616,0.00032450323,0.0013379869,0.0005386852,0.99220604,0.0023733117,0.001116779,0.0002711326
syn-0383,1,0,4,2,2,0.0005727567,0.0003658483,0.993468,0.00074592215,0.00035338243,0.00021942014,0.0008621218,0.0010998475,0.00040495713,0.00050323963,0.0006053949,0.0007990862
syn-0393,1,0,4,2,2,0.0009080569,0.0005094981,0.9921652,0.0013489192,0.0003917919,0.00024758314,0.0010912885,0.00089703954,0.00039370963,0.0005192934,0.0004940637,0.0010334951
syn-0399,1,0,4,8,8,0.00035715775,0.00029987714,0.000451049,0.00023308885,0.0007524201,0.00062043674,0.0009318408,0.00070994627,0.9885147,0.0013934901,0.0055164085,0.00021960917
syn-0402,1,0,4,1,1,0.0018687372,0.984355,0.00050845795,0.001072209,0.0009762572,0.0012256976,0.0022481848,0.0005767212,0.0006079505,0.0009979458,0.0023415266,0.003221408
syn-0403,1,0,4,9,9,0.0007415686,0.0011636644,0.00041436052,0.00064554554,0.00055540923,0.0003139999,0.0002760236,0.0006875153,0.0017347547,0.9925041,0.0004827836,0.00048019746
syn-0406,1,0,4,4,4,0.4279434,0.00258977,0.0027061158,0.012751769,0.42878005,0.0045629772,0.007008856,0.0027784174,0.0015769227,0.009385508,0.075832136,0.024084043
syn-0419,1,0,4,1,1,0.0006692079,0.9928559,0.00042021344,0.0008443074,0.0005029296,0.00058540603,0.00057661167,0.0003800021,0.00037667688,0.0005785859,0.001095152,0.0011149812
syn-0422,1,0,4,1,1,0.00065680227,0.99318486,0.0007139973,0.00088598445,0.00040741972,0.00055742083,0.00056179275,0.0006270312,0.00041789684,0.0007381021,0.0005117679,0.00073702174
syn-0425,1,0,4,5,5,0.0019123595,0.0025631718,0.00025158294,0.00095039175,0.016232407,0.9686243,0.002030732,0.0007301153,0.0016341311,0.00086281006,0.0009896997,0.0032182753
syn-0429,1,0,4,2,2,0.0020634858,0.0020939352,0.9694612,0.0011597737,0.00079012493,0.0007824464,0.0021011042,0.011231616,0.0015447249,0.0032971015,0.0023143822,0.0031601049
syn-0436,1,0,4,6,6,0.00042155985,0.0004926128,0.00061276724,0.0006274518,0.00051073777,0.0004569291,0.9940937,0.00017351542,0.00082678586,0.00045448146,0.00073302834,0.0005965301
syn-0444,1,0,4,5,5,0.0010043316,0.0015998317,0.00034103988,0.0011759038,0.005282918,0.9729171,0.013490403,0.0007723072,0.0009343134,0.00048518903,0.00064528675,0.0013514761
syn-0445,1,0,4,6,6,0.0008646563,0.00069578935,0.0010924943,0.0008812797,0.0010924943,0.0011113253,0.9664405,0.00037388684,0.02501118,0.0007256292,0.001045524,0.0006652248
syn-0454,1,0,4,11,11,0.0005316462,0.0013656156,0.00080200203,0.0005381758,0.0006571369,0.000962922,0.0011932667,0.0009934885,0.00030784353,0.0007922714,0.00058790436,0.99126786
syn-0463,1,0,4,11,11,0.0005359555,0.00061959785,0.0009984284,0.00046067088,0.00044693382,0.0005428029,0.00080949016,0.0010569347,0.00023759666,0.0005749963,0.00073722913,0.99297935
syn-0465,1,0,4,7,7,0.007861598,0.0011899,0.011877555,0.011512122,0.0026219238,0.05880694,0.0064301835,0.87777025,0.0013417657,0.002501857,0.007831763,0.010254102
syn-0471,1,0,4,5,5,0.0010895288,0.0024890897,0.00026247627,0.000664716,0.0046935747,0.9842674,0.0007183786,0.00075506314,0.0005214869,0.00061117025,0.0005744217,0.003352709
syn-0481,1,0,4,9,9,0.0005542286,0.0005329964,0.00053117773,0.0005306593,0.00037409537,0.00022425686,0.00030953082,0.0007863726,0.0009342967,0.99378526,0.00087962113,0.00055748556
syn-0492,1,0,4,6,6,0.00038828817,0.00039114253,0.0007295027,0.0006101178,0.0004421418,0.0005159075,0.9943975,0.00027493451,0.0005533529,0.00031939714,0.0008605698,0.0005171686
syn-0497,1,0,4,5,5,0.00144213,0.0020917654,0.00032501985,0.00048506208,0.0011316645,0.98029125,0.0016934464,0.0076621086,0.0024162927,0.0006948193,0.0005995569,0.0011667326
syn-0002,2,0,0,1,1,0.0007717867,0.9936185,0.00043792944,0.0006230314,0.00047886244,0.0006677626,0.0005498233,0.0003503432,0.0003851527,0.0007010062,0.0005933407,0.0008223654
syn-0004,2,0,0,10,10,0.00047759627,0.00037928845,0.0005834513,0.0005255623,0.0010431662,0.00036833767,0.0021646114,0.0005481018,0.009724829,0.0032100417,0.9804028,0.00057216635
syn-0011,2,0,0,10,10,0.00076251605,0.0023521576,0.0011040503,0.0009143964,0.0012608649,0.001738612,0.0033635572,0.0008260883,0.05016872,0.0105829,0.924686,0.0022400653
syn-0013,2,0,0,6,6,0.0004175566,0.000511851,0.00069197314,0.00058156287,0.0004210371,0.00066432776,0.99383104,0.00025043258,0.00050023815,0.00030564016,0.0011403139,0.0006839114
syn-0017,2,0,0,3,3,0.0005634271,0.0009470246,0.0007080775,0.9912224,0.00092802756,0.001297336,0.0009437932,0.0008292424,0.00032323317,0.0009659388,0.0007206342,0.0005509131
syn-0018,2,0,0,3,3,0.0013510436,0.002573865,0.002301572,0.78227437,0.0062015746,0.002315097,0.19625072,0.0006507749,0.0011946228,0.0019860172,0.0014579762,0.0014423982
syn-0025,2,0,0,8,8,0.00034279877,0.00033715475,0.00039110635,0.00023059413,0.00043844632,0.00046581298,0.0006578646,0.0007730278,0.99527705,0.0004667237,0.00043038608,0.00018912669
syn-0031,2,0,0,0,0,0.99300766,0.0007855656,0.0007320489,0.00054387964,0.0012228123,0.00046497784,0.00044346837,0.00078345864,0.00039174184,0.000512677,0.0005330997,0.0005786743
syn-0036,2,0,0,5,5,0.00095181575,0.0010102385,0.00027571226,0.00069517427,0.0034418758,0.98945016,0.000946255,0.00057970645,0.0004337563,0.0005791406,0.0008575877,0.00077855826
syn-0037,2,0,0,8,8,0.0008027919,0.0015965422,0.0008130485,0.0008258522,0.002632896,0.0016153619,0.008813956,0.00064380275,0.9280398,0.0029458252,0.050449114,0.0008210273
syn-0039,2,0,0,1,1,0.0007678372,0.99337244,0.00047293532,0.00078470376,0.0004973289,0.0010753815,0.00058257306,0.00036456494,0.00037175533,0.00055671006,0.0004462383,0.0007075375
syn-0064,2,0,0,6,6,0.00043567433,0.000518894,0.0010204195,0.00085823116,0.00081633485,0.0004917589,0.99188626,0.00021316172,0.00097381003,0.00036975197,0.0015154639,0.00090018736
syn-0076,2,0,0,5,5,0.0014548212,0.0022609169,0.00030043014,0.0009829103,0.0011340884,0.9884052,0.0020711913,0.00081944984,0.0006301374,0.000760462,0.0005201115,0.00066037837
syn-0081,2,0,0,10,10,0.00047146354,0.0008158101,0.0005018703,0.00076919445,0.00090999086,0.000915115,0.0011031996,0.0003248239,0.00093168434,0.00052621245,0.99221706,0.000513521
syn-0082,2,0,0,1,1,0.0033068436,0.33337745,0.004636152,0.009573342,0.0025453682,0.18303291,0.25761414,0.0056803324,0.027089424,0.011181446,0.14836939,0.013593181
syn-0083,2,0,0,0,0,0.9919116,0.0007725328,0.00063795527,0.0007539005,0.001861826,0.000902521,0.0004778064,0.0005911657,0.0005113615,0.000574378,0.0004615257,0.0005435447
syn-0095,2,0,0,11,11,0.00049090956,0.00085340865,0.00093283446,0.0004146002,0.00046161748,0.00053028174,0.0009689293,0.0006026509,0.00030451518,0.0005930181,0.00076911045,0.9930782
syn-0100,2,0,0,2,2,0.0006209996,0.0004249349,0.9942544,0.00062556466,0.0002883689,0.00018491656,0.00089505507,0.00067705754,0.00040726145,0.00035383488,0.00052600715,0.0007414269
syn-0121,2,0,0,9,9,0.0005621578,0.00090603455,0.0005073715,0.0012491061,0.0004528106,0.0002858631,0.00047361554,0.00058626663,0.0010475601,0.99237543,0.0008072222,0.00074655854
syn-0123,2,0,0,10,10,0.00034603968,0.0004264682,0.00039268914,0.00048266226,0.00040298412,0.00024549873,0.0013290992,0.00022396614,0.0008380988,0.0005437327,0.99443734,0.00033132388
syn-0134,2,0,0,5,5,0.0014744378,0.000655717,0.0005177027,0.00076735986,0.0015357953,0.97712505,0.00079676,0.011487452,0.0031767378,0.0007379628,0.0009709815,0.000753989
syn-0135,2,0,0,0,0,0.99288005,0.0008933133,0.00086879346,0.00051738886,0.00079297903,0.0004990279,0.0006348474,0.0007246646,0.0005395778,0.0005488784,0.00051814737,0.0005822843
syn-0138,2,0,0,4,4,0.00074846955,0.0006268983,0.0004966444,0.0010930122,0.99006957,0.00079752016,0.0007569225,0.00063490774,0.00069628906,0.00066635304,0.0017330361,0.0016803314
syn-0144,2,0,0,9,9,0.00048770482,0.0007246628,0.0004577091,0.0012471474,0.0004214555,0.00021264673,0.00032078306,0.0004934537,0.00077782944,0.99336255,0.0009427187,0.0005512944
syn-0148,2,0,0,7,7,0.0010623494,0.0016325944,0.0022358547,0.00052641495,0.00084615214,0.007574887,0.0004802433,0.968659,0.0042191483,0.0030318405,0.0024433467,0.0072882557
syn-0150,2,0,0,3,3,0.0005554668,0.014297726,0.0009654006,0.9772181,0.0010058205,0.0005625636,0.0017458757,0.00038176638,0.00046139848,0.001141972,0.0007749641,0.0008889346
syn-0151,2,0,0,10,11,0.0022210355,0.006216894,0.004083115,0.0022297285,0.006894928,0.0051163747,0.015353189,0.0024417136,0.0036333716,0.019603496,0.2072874,0.72491866
syn-0152,2,0,0,3,3,0.0030997682,0.0021377315,0.0015624713,0.5313231,0.44741893,0.0030353637,0.0028237496,0.0007607444,0.001579346,0.0024117455,0.0023103107,0.001536746
syn-0158,2,0,0,1,1,0.000780104,0.99359554,0.00051750895,0.000666119,0.0003997047,0.00058384315,0.000679257,0.00040798643,0.00044200098,0.00063592556,0.0005094858,0.0007825839
syn-0160,2,0,0,5,5,0.0009215442,0.001294914,0.00044119125,0.0012803747,0.00049362844,0.98887396,0.0011893684,0.002723821,0.00069544825,0.00039049223,0.00068936264,0.0010059596
syn-0161,2,0,0,2,2,0.00062422745,0.00036268914,0.99406886,0.00075554015,0.00038307605,0.00020746287,0.00089083484,0.000749752,0.0003879704,0.0003700232,0.0005079892,0.000691632
syn-0163,2,0,0,4,4,0.00092404126,0.00043776684,0.00037941095,0.0008473271,0.99228,0.0010816993,0.0005075705,0.00045476118,0.0016962559,0.0004948452,0.00035089778,0.00054534187
syn-0165,2,0,0,8,8,0.00083372847,0.0015576099,0.0012036277,0.000725772,0.0014610972,0.0005769431,0.009806017,0.00059525727,0.953505,0.006869142,0.022163037,0.00070275576
syn-0169,2,0,0,4,4,0.004049089,0.00047193113,0.00043137994,0.0015366732,0.9859533,0.0019422999,0.00076976925,0.000554444,0.0008071053,0.0018123365,0.00052340137,0.0011482487
syn-0170,2,0,0,6,6,0.00040386297,0.00047703015,0.0009415348,0.00086136826,0.0007435435,0.00052340364,0.9927207,0.00020577006,0.0007826588,0.00043519004,0.0011029514,0.00080200186
syn-0174,2,0,0,10,10,0.00034303,0.0005363781,0.0004215223,0.00038380042,0.000436605,0.00032319236,0.0008622722,0.0003832386,0.00049947144,0.0006011552,0.9944906,0.00071869855
syn-0175,2,0,0,11,10,0.0036996389,0.015481282,0.003942093,0.0033916656,0.0051114205,0.0073540187,0.012605028,0.0019919113,0.004631332,0.008793017,0.4733323,0.4596663
syn-0176,2,0,0,10,10,0.00030801533,0.000390701,0.0003368053,0.0003893679,0.0006292351,0.00028223702,0.0013162501,0.0002682625,0.00062908157,0.0006626605,0.99424547,0.0005420374
syn-0186,2,0,0,3,3,0.00061709643,0.0013076696,0.000666101,0.99284124,0.0007382072,0.00066626363,0.0008367026,0.0003951338,0.00025888215,0.00070182735,0.00036472597,0.0006060478
syn-0198,2,0,0,0,0,0.9353806,0.009542432,0.00312151,0.0081820255,0.016965602,0.01070007,0.006004394,0.0013366577,0.00086132716,0.0030358296,0.0017112815,0.003158305
syn-0203,2,0,0,8,8,0.0002571194,0.00055020046,0.0003693871,0.0002184276,0.00043059394,0.00035819717,0.00078486156,0.00048935844,0.99478585,0.0008711519,0.0006631825,0.00022165079
syn-0206,2,0,0,8,8,0.00064801757,0.0005871527,0.0006099464,0.00037394662,0.0017211096,0.0009586436,0.0009958586,0.0008418792,0.9741762,0.0031271973,0.015025026,0.0009350659
syn-0221,2,0,0,11,11,0.00075781345,0.0018343958,0.0008646054,0.0004765488,0.0005062937,0.0012742215,0.0014166463,0.00045517035,0.0005782055,0.0005249221,0.001527139,0.98978394
syn-0234,2,0,0,4,6,0.0022435696,0.0014814616,0.002018994,0.022592964,0.18569097,0.0044109654,0.766667,0.00045580883,0.0053180424,0.0031270795,0.0038313777,0.0021618379
syn-0237,2,0,0,4,4,0.0014365719,0.0004341898,0.00034599728,0.0009353659,0.99286,0.00062989426,0.00047593375,0.0002962363,0.00061320333,0.0007134154,0.0006286652,0.0006305097
syn-0240,2,0,0,6,6,0.0013483065,0.0014585789,0.0010368155,0.0036588183,0.019467982,0.004207164,0.9630818,0.00027419272,0.0027493753,0.0010892292,0.0007460613,0.00088165415
syn-0241,2,0,0,1,1,0.0011825095,0.990036,0.00037232027,0.0025831533,0.0016355509,0.00090765813,0.0006174597,0.00024632912,0.0004460444,0.00081840076,0.00045662207,0.0006979674
syn-0252,2,0,0,8,8,0.00032900288,0.00041025117,0.00035852703,0.00022326763,0.0004305698,0.00030132092,0.0006788714,0.00052574516,0.9952159,0.00061646174,0.000708591,0.00020150862
syn-0258,2,0,0,3,3,0.0041045398,0.007126723,0.0023295786,0.7025185,0.044910505,0.21848185,0.0076127956,0.0018645714,0.0014212643,0.003897502,0.0024629296,0.0032692305
syn-0268,2,0,0,6,6,0.0004680645,0.00049727986,0.0008463147,0.0011241997,0.0019919078,0.0008311621,0.98843634,0.00020810841,0.0005706912,0.00060838816,0.002067215,0.0023504817
syn-0270,2,0,0,10,10,0.0005284858,0.0011378458,0.00038270408,0.0004779136,0.0007681917,0.00046140386,0.0015325882,0.00023995829,0.00058269984,0.001113202,0.9921341,0.0006409087
syn-0271,2,0,0,2,2,0.0012719854,0.0013854544,0.9780869,0.002978468,0.00037654935,0.00043680487,0.0018867694,0.0032920374,0.00074158027,0.006109928,0.001185042,0.002248403
syn-0272,2,0,0,3,3,0.056499228,0.09015336,0.048872136,0.47375575,0.06628045,0.0067974753,0.15142143,0.0027571775,0.004759325,0.008584427,0.07212261,0.017996622
syn-0289,2,0,0,8,8,0.026388712,0.0149895605,0.0043479903,0.0019732355,0.009354214,0.03274521,0.0035591375,0.10889856,0.7768603,0.013299075,0.0019407473,0.0056432253
syn-0290,2,0,0,0,0,0.9823481,0.00074626727,0.000705173,0.000892729,0.00877733,0.0024649038,0.0004942169,0.0007364934,0.0008827592,0.00050199963,0.0005932356,0.00085685385
syn-0298,2,0,0,7,7,0.00086398365,0.0003703268,0.00093544426,0.00047411796,0.0003610423,0.0039658663,0.00029553875,0.98955524,0.0011735966,0.00047088796,0.0005079098,0.0010261312
syn-0311,2,0,0,9,9,0.0009935184,0.0010879744,0.00064902514,0.0013203821,0.00077754026,0.00028674028,0.00042336102,0.00082245003,0.00041355388,0.9886391,0.0015529443,0.0030334734
syn-0316,2,0,0,0,0,0.5995662,0.005643108,0.0020754766,0.009892484,0.04234354,0.3209247,0.0050448827,0.0017874263,0.0020333468,0.0038945782,0.002073451,0.0047207526
syn-0322,2,0,0,2,2,0.0015258769,0.00055250106,0.99117154,0.0015708581,0.0004904458,0.00025344797,0.0009328638,0.0012196576,0.00042073135,0.00037020794,0.0003687646,0.0011230186
syn-0326,2,0,0,1,1,0.0013406953,0.9892511,0.0007177978,0.0007678318,0.00041950628,0.00066320645,0.0009476828,0.0005552131,0.0017720183,0.0010443896,0.0008121808,0.001708403
syn-0334,2,0,0,6,6,0.0009943552,0.0021158704,0.001255143,0.005124268,0.0051342864,0.02920156,0.9501729,0.00045082488,0.0011103672,0.0008060402,0.0014250439,0.0022093074
syn-0340,2,0,0,9,9,0.0005176953,0.00078324805,0.0003903955,0.0009130309,0.00044410749,0.000357548,0.00021517619,0.00067652203,0.000641144,0.9934681,0.001115124,0.0004778557
syn-0349,2,0,0,5,5,0.0007386279,0.00080099044,0.00029582117,0.0005897487,0.0008092459,0.9914688,0.00043273534,0.0021498506,0.0005854451,0.00038431943,0.0004851141,0.0012593659
syn-0351,2,0,0,11,11,0.0006721386,0.0010714553,0.0011933995,0.00054484623,0.0006441838,0.0007242753,0.00063730084,0.0008982996,0.0002492053,0.00095997757,0.00054272206,0.9918623
syn-0360,2,0,0,0,0,0.991456,0.0006877961,0.0005260656,0.0006348662,0.0024575738,0.0008794898,0.00041190672,0.00072080403,0.0004095003,0.0006417228,0.00050443236,0.00066989777
syn-0364,2,0,0,4,4,0.0028002155,0.0024127583,0.00087256404,0.0023869788,0.7771808,0.19232538,0.0022588428,0.0008515191,0.009947035,0.003116249,0.0030529923,0.0027947517
syn-0380,2,0,0,4,5,0.0038777078,0.0018241127,0.0005102614,0.0018528384,0.11672085,0.86583245,0.0014493472,0.0018609987,0.002263504,0.0014451073,0.0009635895,0.0013992789
syn-0381,2,0,0,8,8,0.00045692825,0.00047097253,0.0003338065,0.00018688312,0.0003923611,0.00071849814,0.00042073653,0.0019925742,0.99312156,0.0010644752,0.00061127194,0.00022987014
syn-0384,2,0,0,1,1,0.0009765881,0.99265385,0.00057284645,0.00073806784,0.00043261843,0.0007780339,0.000702552,0.00038029594,0.0010465757,0.00064218446,0.00033040685,0.00074603903
syn-0403,2,0,0,9,9,0.0007553322,0.001344226,0.0003733692,0.00075643946,0.00053796964,0.00025362303,0.00024343096,0.00051133294,0.0013755994,0.99282527,0.0005534229,0.00046991333
syn-0410,2,0,0,10,10,0.0022886875,0.0023498363,0.002983554,0.002226954,0.0053046574,0.001582234,0.003874225,0.0018973885,0.0015561834,0.0055190017,0.8922968,0.07812045
syn-0427,2,0,0,5,5,0.0008692773,0.0009369344,0.00025180334,0.00088210456,0.00812159,0.98473984,0.00086631114,0.0006333427,0.000770325,0.0004949366,0.00045640243,0.000977116
syn-0439,2,0,0,6,6,0.0008966361,0.0009683121,0.00088554126,0.00071503525,0.00067599077,0.001007869,0.98833513,0.00031791528,0.004475244,0.00038497994,0.0005664686,0.0007708757
syn-0447,2,0,0,7,7,0.00055702927,0.0005114085,0.00079937,0.00029655918,0.00017795035,0.0021259482,0.00022961116,0.9920027,0.0009389607,0.0006252155,0.00055431604,0.0011809596
syn-0455,2,0,0,2,2,0.009228951,0.035155397,0.41165963,0.26526883,0.016605727,0.006336767,0.056313764,0.07489561,0.007932578,0.07348286,0.006979997,0.036139864
syn-0456,2,0,0,11,11,0.000817304,0.0023170828,0.001078004,0.008079027,0.0040992526,0.001402554,0.002169668,0.000594459,0.0003752869,0.0013889238,0.0009649021,0.9767135
syn-0461,2,0,0,2,2,0.00071680226,0.0004222101,0.9936845,0.000586467,0.0003405832,0.00020738265,0.0008401778,0.0008865385,0.00048667323,0.00038838887,0.00065601064,0.0007841841
syn-0477,2,0,0,7,7,0.018221227,0.019347327,0.016129818,0.0036308202,0.014147897,0.09890364,0.0015313922,0.73080456,0.01826298,0.011746212,0.02672374,0.040550355
syn-0481,2,0,0,9,9,0.0006243392,0.000623121,0.0005006918,0.00060868636,0.00030383322,0.00020780416,0.00023341246,0.0010034316,0.00074015517,0.99376136,0.00087147736,0.00052165496
syn-0486,2,0,0,1,1,0.0006658151,0.99120444,0.0005557664,0.0008322698,0.0003387393,0.00065261836,0.0012410248,0.00036270512,0.00075336307,0.0009768303,0.0008881122,0.0015282345
syn-0487,2,0,0,6,6,0.00050775864,0.00055143604,0.0008119905,0.0007789795,0.00070151937,0.0015886363,0.99119484,0.00026953695,0.002216399,0.00027755034,0.00066743616,0.00043388508
syn-0490,2,0,0,7,7,0.0009774966,0.00052003254,0.0008790077,0.0003178895,0.0005344483,0.006536396,0.00046207506,0.98440206,0.0014773714,0.0017626865,0.0005015777,0.0016290003
syn-0493,2,0,0,8,8,0.00032102954,0.00032672254,0.0003558682,0.00024710523,0.00058315723,0.0005107543,0.00057946733,0.0007670138,0.9950971,0.00046255594,0.0005711803,0.00017798324
syn-0496,2,0,0,8,8,0.00034470108,0.00044629423,0.0004168052,0.00022212148,0.0004306664,0.00031600674,0.0007943439,0.0004861064,0.9949532,0.0007718806,0.0006138963,0.00020402929
syn-0497,2,0,0,5,5,0.0013842571,0.002770454,0.00044460074,0.00057817233,0.0017010034,0.9743827,0.0017848136,0.009712422,0.0046828813,0.0009560418,0.00054954505,0.0010530872
syn-0499,2,0,0,11,11,0.0007250185,0.00074766786,0.0008413442,0.00039418568,0.0005191603,0.0006108249,0.00062105025,0.0006896252,0.00020510083,0.0007925919,0.00048842095,0.99336493
syn-0010,2,0,1,9,9,0.0005678251,0.0012614967,0.0003012753,0.00051701063,0.00038949863,0.00030691756,0.00029343533,0.0004993941,0.0031501092,0.9911857,0.00088290684,0.00064437336
syn-0015,2,0,1,6,6,0.00066147477,0.002020643,0.00085936236,0.000958454,0.00073397567,0.0035016018,0.9871501,0.00023299453,0.0020191637,0.0005354172,0.00062018563,0.00070654706
syn-0024,2,0,1,2,2,0.00085142936,0.0004659756,0.9917429,0.00083884335,0.00031162158,0.00026524573,0.0013102154,0.0014368837,0.00050977885,0.00045919954,0.0006488412,0.0011590165
syn-0038,2,0,1,5,5,0.0008673021,0.0010221812,0.0002466428,0.0009524288,0.00143291,0.99129677,0.00081964297,0.001065027,0.0002635775,0.00034748256,0.0003805185,0.001305476
syn-0042,2,0,1,9,9,0.00043548527,0.0006852817,0.0005755174,0.0012177756,0.00038095142,0.00023435382,0.00024155699,0.000725394,0.000539067,0.9938793,0.0005932067,0.0004920258
syn-0043,2,0,1,9,9,0.0004842831,0.00047214166,0.00069675874,0.00059830194,0.0004553864,0.00040740918,0.0004465784,0.0013888879,0.00077729055,0.9873569,0.005785664,0.001130537
syn-0045,2,0,1,9,9,0.00093773304,0.0036379595,0.0005709899,0.0028504175,0.001282355,0.00063388265,0.00090180914,0.00046285352,0.0014687923,0.9669885,0.019281527,0.0009832159
syn-0049,2,0,1,8,8,0.000365971,0.0004228787,0.0003165669,0.00023571248,0.0008433592,0.00024106671,0.0006813909,0.00045970338,0.99477214,0.00071505114,0.0008083819,0.00013775866
syn-0051,2,0,1,3,3,0.00067938335,0.0010720867,0.00053848716,0.9908731,0.0009446131,0.00043226426,0.000772478,0.00048910256,0.0003337019,0.0026778448,0.00062557176,0.0005613067
syn-0052,2,0,1,4,4,0.038958717,0.0042891204,0.0009090911,0.0027113957,0.856065,0.08745254,0.0014929945,0.0011105832,0.0010965732,0.0019011956,0.0011879964,0.0028249172
syn-0055,2,0,1,3,3,0.00038404646,0.0010282166,0.00093105907,0.9931865,0.0006328765,0.00057455484,0.00095774536,0.00033448098,0.0002770238,0.0007007015,0.0005038345,0.00048904907
syn-0062,2,0,1,7,7,0.00086826424,0.00052688614,0.0013756768,0.00041843252,0.0003523555,0.0025557114,0.00021308922,0.990581,0.0014124321,0.00066086324,0.0004447671,0.000590661
syn-0063,2,0,1,1,1,0.0007842912,0.9935776,0.0005274488,0.00072128925,0.00038929636,0.0005829781,0.00068658066,0.00028593006,0.0003725591,0.00066383416,0.00067494676,0.0007331846
syn-0068,2,0,1,10,9,0.0046856096,0.0025276968,0.003557668,0.0063826162,0.021257358,0.0014068751,0.020699132,0.004787366,0.30618316,0.5587745,0.06361787,0.006120145
syn-0075,2,0,1,7,7,0.0010761796,0.00056036294,0.0011503517,0.0005331379,0.00066350074,0.0032610847,0.0004901912,0.98775905,0.0012266374,0.0008420263,0.0010273992,0.0014101288
syn-0079,2,0,1,1,1,0.000531,0.98668474,0.0005346424,0.0020067885,0.00071349274,0.0032070342,0.0022550537,0.00023655205,0.00072437484,0.0009429195,0.0009201777,0.0012430807
syn-0080,2,0,1,3,3,0.0004892221,0.0010179785,0.000776828,0.9930529,0.00097216264,0.00038644005,0.00081152905,0.00030960492,0.00031601978,0.0008690508,0.00042984387,0.0005683394
syn-0087,2,0,1,5,5,0.0018105982,0.0016550209,0.0006073635,0.0018662495,0.0032124107,0.9457309,0.007439051,0.0014871774,0.024909256,0.0011684394,0.00845841,0.0016550209
syn-0103,2,0,1,11,11,0.0036898884,0.026290806,0.0017891118,0.0022440488,0.0031576704,0.0035097592,0.0021750068,0.0013140653,0.0003421255,0.0050749765,0.007194529,0.943218
syn-0105,2,0,1,4,4,0.0061237095,0.0006575218,0.00040075922,0.0014603796,0.98461056,0.0017278251,0.00057406106,0.0004224602,0.00048529994,0.0009860938,0.0011327723,0.001418562
syn-0108,2,0,1,8,8,0.00038390857,0.0008036581,0.00044144475,0.00024402713,0.00089567027,0.0004848322,0.0010657142,0.0006301828,0.9884764,0.00093568006,0.005091692,0.00054671086
syn-0114,2,0,1,4,4,0.0016572162,0.0011659974,0.0010668491,0.10765884,0.8753909,0.001868725,0.0037942452,0.0007375429,0.0011557941,0.0017883817,0.002234388,0.0014811733
syn-0118,2,0,1,5,5,0.0010313356,0.00080061087,0.00021672132,0.00043650842,0.0013214351,0.99281514,0.0006079584,0.00083545584,0.000581536,0.00035091565,0.00029535635,0.00070696796
syn-0120,2,0,1,3,3,0.00044629458,0.00092596613,0.0008779723,0.9934977,0.00062631065,0.00032429167,0.0007492297,0.00044347066,0.00037765727,0.0007486812,0.00047857047,0.00050399237
syn-0124,2,0,1,6,6,0.0005261969,0.00057706836,0.00059567724,0.0027786992,0.002103626,0.0006068331,0.9897685,0.00017720314,0.0006396928,0.0005402558,0.0010284845,0.00065774686
syn-0129,2,0,1,11,11,0.00062093826,0.001840813,0.0011139909,0.0009440479,0.0007231201,0.00046939583,0.0017655446,0.00043966665,0.00042282327,0.0025153253,0.0007961334,0.98834807
syn-0130,2,0,1,6,8,0.0011370009,0.00096873683,0.0012984958,0.000788732,0.0032366423,0.0006772786,0.0029256695,0.0011226576,0.982992,0.0008553248,0.0032216634,0.0007757459
syn-0136,2,0,1,6,6,0.0005289511,0.0010842779,0.0006082247,0.002041087,0.0011879426,0.0013104858,0.98913634,0.00012135597,0.00036159504,0.0011484455,0.0017143673,0.00075694796
syn-0143,2,0,1,1,1,0.0025352868,0.9580281,0.001085102,0.0012698522,0.00067639217,0.0022351989,0.0009947737,0.00096228643,0.026341012,0.0028735579,0.0016545829,0.0013438535
syn-0145,2,0,1,2,2,0.002626784,0.0019818323,0.9476107,0.0345842,0.0017328103,0.0009611633,0.0019077717,0.0022049644,0.0009270538,0.0018545011,0.0012293466,0.0023789022
syn-0149,2,0,1,8,8,0.00045644428,0.00063016155,0.00036676324,0.00020333866,0.00042358725,0.00037951578,0.0005516532,0.00059097126,0.9944946,0.000688726,0.0009444846,0.00026964315
syn-0153,2,0,1,4,5,0.03889596,0.0022110308,0.0007672897,0.0014489676,0.028792337,0.92053306,0.0018568811,0.0011439911,0.0007770928,0.0010894742,0.0008120039,0.0016718282
syn-0162,2,0,1,9,9,0.0007297534,0.0014293984,0.00043703415,0.0004748596,0.0004730083,0.00032319425,0.00031880566,0.0009815111,0.0018305732,0.99207145,0.0005022869,0.0004281628
syn-0166,2,0,1,5,5,0.0027562643,0.0009787058,0.0002886699,0.0006860884,0.0065636835,0.9846578,0.00087709207,0.0006840813,0.000597541,0.0004900859,0.00056270993,0.0008571927
syn-0171,2,0,1,6,6,0.0006780014,0.0014282503,0.0007686514,0.0008242401,0.0010946097,0.0013197068,0.98692805,0.0002865237,0.0050244885,0.00069171144,0.00041893008,0.0005368672
syn-0181,2,0,1,10,10,0.002071254,0.0076152743,0.002754705,0.0028840883,0.005309833,0.0015974179,0.033559177,0.0018932793,0.40963376,0.020980299,0.5088027,0.002898205
syn-0184,2,0,1,2,2,0.00065853965,0.00055076805,0.9933838,0.00076840864,0.0003161251,0.0002073199,0.0008973743,0.0009158557,0.0004939465,0.0004754878,0.00055481686,0.0007774664
syn-0190,2,0,1,3,1,0.0024823453,0.920329,0.0011293092,0.046907082,0.004369768,0.015559214,0.002168314,0.0007899262,0.0006068415,0.0034187401,0.0005241529,0.0017152777
syn-0196,2,0,1,4,0,0.64195436,0.001308923,0.0017340413,0.0026171235,0.334345,0.0050476403,0.002905391,0.0020947193,0.0024287305,0.0012368454,0.0017088254,0.0026184018
syn-0201,2,0,1,0,0,0.99303436,0.0007035079,0.0006706367,0.0005849397,0.00095514697,0.0006352562,0.00056088547,0.0007021352,0.00043088652,0.00047788036,0.0005953128,0.0006490519
syn-0204,2,0,1,1,1,0.0010470819,0.99289155,0.00046651528,0.0006524536,0.00040059345,0.0011207525,0.00063920947,0.0004009848,0.0007885479,0.00064422283,0.00040294757,0.0005451454
syn-0205,2,0,1,2,2,0.00068386266,0.00058665493,0.9930327,0.0009988478,0.00028327253,0.00019317509,0.0008961815,0.0008543076,0.0004400284,0.0005017925,0.00067030825,0.0008589085
syn-0209,2,0,1,7,7,0.0016404297,0.0014892588,0.002768158,0.0005846277,0.0010916952,0.020953832,0.0010013068,0.96337867,0.002834192,0.0010508988,0.0014827286,0.0017241996
syn-0213,2,0,1,0,0,0.99231803,0.0006280153,0.000730648,0.00055802317,0.0009892136,0.0005496401,0.00055666245,0.00077834056,0.0005448305,0.00051232096,0.00095948117,0.0008748982
syn-0218,2,0,1,8,8,0.00027807508,0.00045712708,0.00042943112,0.0002619938,0.0012073963,0.0006892513,0.0016186789,0.0006430805,0.9920994,0.0004887524,0.001550221,0.00027672056
syn-0223,2,0,1,6,6,0.0005240603,0.0007521494,0.00078940124,0.00082406006,0.0008252681,0.00093652215,0.99057454,0.00023471784,0.002737847,0.0006229451,0.00057556765,0.0006028953
syn-0225,2,0,1,7,7,0.0008223628,0.00043590137,0.0014567438,0.00046628586,0.0010070881,0.00398311,0.00025450744,0.9760637,0.0031225653,0.007987388,0.0017896396,0.0026105938
syn-0232,2,0,1,8,8,0.00044502105,0.0010215273,0.0004432861,0.0002924225,0.0005985489,0.00089066575,0.0005439216,0.0011321089,0.9916306,0.0025028177,0.0003025902,0.00019651501
syn-0243,2,0,1,10,10,0.00043352856,0.0005390084,0.0005681955,0.0004972857,0.00029248194,0.0004745133,0.0007470612,0.0006528723,0.0006148159,0.0006293959,0.99377126,0.0007796708
syn-0251,2,0,1,10,10,0.00039626026,0.00048907724,0.00042971657,0.00061644294,0.00030921114,0.00046919408,0.0011685187,0.000519097,0.0016404495,0.00085814775,0.99275887,0.00034494995
syn-0253,2,0,1,3,3,0.00039440917,0.0007493713,0.00085413904,0.9934429,0.00072898035,0.00042046187,0.00088578206,0.00052815035,0.00037287248,0.0004367844,0.00059034623,0.0005958486
syn-0257,2,0,1,4,4,0.0021165845,0.0019460843,0.0006192785,0.002369305,0.8918168,0.09146139,0.0015721442,0.0019738371,0.0025882334,0.0016204661,0.00073040125,0.0011855584
syn-0260,2,0,1,11,11,0.0020031857,0.008429609,0.0014648465,0.0014864622,0.0022445573,0.004630053,0.0053969156,0.0021344635,0.0010226276,0.0062102955,0.008558177,0.9564187
syn-0273,2,0,1,0,0,0.99153125,0.001502949,0.00069121504,0.0007528758,0.00086065126,0.0011285461,0.00041314663,0.00088732113,0.00038172523,0.0005330874,0.00039809602,0.0009192952
syn-0279,2,0,1,0,0,0.99316615,0.0007918531,0.0006671328,0.00047817721,0.00084148394,0.0007814822,0.00041221452,0.0008648107,0.00048641936,0.00053631805,0.00038123608,0.00059278106
syn-0291,2,0,1,1,1,0.00067038444,0.9931456,0.00050726964,0.00079882686,0.00040423317,0.0005924794,0.00050652714,0.00034643497,0.00029115824,0.00074933,0.000863527,0.0011242598
syn-0292,2,0,1,11,11,0.0005208107,0.0007509608,0.0010213797,0.00041340574,0.0004246584,0.00064752676,0.0008249704,0.0007953057,0.00026124148,0.00072981353,0.00048734894,0.9931225
syn-0293,2,0,1,0,0,0.50242287,0.0145302,0.005987983,0.0037950587,0.10865656,0.032465704,0.007452165,0.005987983,0.30177343,0.006952968,0.0027522282,0.0072228857
syn-0302,2,0,1,10,10,0.0003619918,0.0003641191,0.00038873995,0.00034541503,0.0003385687,0.00032815206,0.000806848,0.00051600364,0.00071352004,0.00044071523,0.99506855,0.00032735188
syn-0318,2,0,1,11,11,0.0007883439,0.0016127462,0.0009883222,0.0007783989,0.0007833557,0.00044265293,0.0014711582,0.00037311536,0.00024903432,0.0011680874,0.0011304918,0.9902142
syn-0352,2,0,1,8,8,0.00028497583,0.00054729736,0.00040031353,0.00021343704,0.0003797502,0.00039123127,0.00056013936,0.0009497519,0.9951089,0.00056923815,0.00039008676,0.00020485987
syn-0356,2,0,1,8,8,0.00032296695,0.0007781696,0.00034446863,0.00021535256,0.0009880309,0.00040351198,0.0015865971,0.00044555796,0.9933119,0.0006659288,0.00062833744,0.00030938338
syn-0358,2,0,1,2,2,0.0008414918,0.00055172906,0.9902699,0.00051703764,0.00031055158,0.00032482026,0.0012692569,0.0020161709,0.0007773032,0.00070395146,0.001031269,0.0013864966
syn-0359,2,0,1,4,4,0.0018060496,0.00210994,0.0008750559,0.0019816214,0.97092694,0.0019913209,0.0067629176,0.00061148434,0.0036895236,0.0007543453,0.0011995689,0.0072910655
syn-0373,2,0,1,11,11,0.00059478637,0.0011455189,0.0009820743,0.0005025751,0.00047074448,0.0007659615,0.000720961,0.00058242836,0.0002021683,0.00093607296,0.00045603846,0.9926407
syn-0375,2,0,1,8,8,0.00024068168,0.0005864575,0.00027810715,0.00018817671,0.00032833096,0.0004448482,0.00089271396,0.00069643557,0.9931833,0.0020459387,0.0008242157,0.0002908851
syn-0376,2,0,1,5,5,0.0006264414,0.0008951478,0.00030233618,0.000543996,0.0004929014,0.9917663,0.0018702087,0.001437093,0.00052648725,0.00028933765,0.0006315088,0.0006182369
syn-0378,2,0,1,2,2,0.00071232644,0.0005191174,0.9927979,0.00094264303,0.00030562072,0.0002650098,0.0010049399,0.0010652817,0.00047940234,0.0005376922,0.0005461597,0.00082389585
syn-0386,2,0,1,10,10,0.0005479529,0.0005538708,0.00075299636,0.0006325403,0.00040108664,0.00044483045,0.0013369645,0.0005584875,0.0004962442,0.00052158535,0.9926589,0.0010945338
syn-0388,2,0,1,5,7,0.016203137,0.0023200791,0.005745055,0.034664042,0.0070561953,0.08099081,0.007989862,0.8195774,0.008578151,0.006318959,0.0067199306,0.0038363868
syn-0391,2,0,1,0,0,0.9932468,0.0008993339,0.0006555616,0.00051155005,0.0007076207,0.0007217535,0.00043266552,0.00069937675,0.00050337333,0.0005729089,0.00053088996,0.00051833875
syn-0397,2,0,1,1,1,0.00073128566,0.9934267,0.00049759896,0.00079457863,0.0003896175,0.0005874611,0.00059963303,0.00032809083,0.00028953917,0.0007171414,0.00078225986,0.00085600384
syn-0419,2,0,1,1,1,0.0008671124,0.99338126,0.0004678863,0.00068678026,0.00040710258,0.0006537323,0.00055508636,0.00038057464,0.00035163044,0.00059610256,0.00076878193,0.0008839989
syn-0423,2,0,1,9,9,0.00046440738,0.00070606516,0.00044422384,0.00055609434,0.00033844306,0.0002388231,0.00028779445,0.0012642408,0.0012836795,0.9932433,0.00076736265,0.0004056571
syn-0428,2,0,1,8,1,0.0010646607,0.98846406,0.0006873967,0.0007958382,0.00056571316,0.0008609265,0.0006448041,0.00048577398,0.004063366,0.00072568114,0.0010349321,0.00060692173
syn-0435,2,0,1,10,10,0.00035279442,0.00039859896,0.00033961053,0.00044034794,0.0003555614,0.00045878463,0.0008479644,0.00057713315,0.0006487298,0.0005354577,0.9947248,0.0003202833
syn-0450,2,0,1,10,10,0.00039619053,0.00038194406,0.00045556744,0.00035032048,0.00033904522,0.00033493165,0.00068005826,0.00058610376,0.0005665477,0.00042215467,0.9950105,0.00047661536
syn-0458,2,0,1,6,6,0.0005542176,0.0003852097,0.00073898473,0.00066574523,0.00037610266,0.00060824334,0.994251,0.00036187106,0.00055381184,0.0002998552,0.00073844363,0.00046647023
syn-0463,2,0,1,11,11,0.00052100024,0.0005786692,0.001119989,0.00047553563,0.000435312,0.00045776498,0.00079443044,0.0010462367,0.00022277026,0.0006525241,0.0006969865,0.99299884
syn-0474,2,0,1,0,0,0.99196386,0.0009598415,0.0004898801,0.0009598415,0.0015678975,0.0011147276,0.00045240187,0.00052684936,0.00029945772,0.0007491696,0.00033374314,0.0005823155
syn-0476,2,0,1,7,7,0.0008276409,0.00081202935,0.0015218931,0.0007386394,0.00048725822,0.029852642,0.00058947003,0.95816815,0.0029007648,0.0020166729,0.0009628971,0.0011218996
syn-0480,2,0,1,1,1,0.0023105256,0.78111094,0.0048391195,0.061241113,0.014780517,0.0045726467,0.021772312,0.0012922958,0.001458654,0.0069622477,0.008084239,0.091575384
syn-0488,2,0,1,10,10,0.00046898716,0.0003391209,0.0004581231,0.0004187584,0.0013252996,0.0006470042,0.002164872,0.00046624723,0.0032681576,0.0018984039,0.9855607,0.002984422
syn-0491,2,0,1,10,10,0.00037952853,0.00038269206,0.0003087052,0.00035950588,0.00039119384,0.00029789537,0.00069220486,0.0005496552,0.0009219048,0.0007592182,0.994528,0.00042943264
syn-0498,2,0,1,7,7,0.000838568,0.0009230126,0.0010959709,0.0004530367,0.00025964945,0.0031035114,0.00040570303,0.989,0.0018888197,0.0005491413,0.0005752143,0.0009073726
syn-0003,2,0,2,2,2,0.0006266754,0.00041592983,0.99383366,0.0007421089,0.0003231366,0.00019408757,0.0009705249,0.0007087306,0.0004521494,0.00042662572,0.0005379904,0.0007684751
syn-0007,2,0,2,6,6,0.001101094,0.0008864836,0.00057966943,0.0007915408,0.0022720203,0.0020692032,0.9874564,0.00017627199,0.0027546666,0.00041386666,0.0006391341,0.000859629
syn-0009,2,0,2,8,8,0.00029431406,0.00045740334,0.00025223233,0.00018435699,0.0006347316,0.0003662798,0.0007458908,0.000582036,0.9951255,0.00062033086,0.0005553826,0.00018149879
syn-0019,2,0,2,0,0,0.9872565,0.0011695846,0.00064464565,0.0015180884,0.0020391985,0.00062542246,0.0008523504,0.00047347875,0.00035392726,0.0010062776,0.003344877,0.0007156513
syn-0022,2,0,2,10,11,0.007406462,0.1383916,0.0038725585,0.011841274,0.012355134,0.011069664,0.013113498,0.0029924815,0.0037865469,0.048131406,0.3106544,0.43638495
syn-0034,2,0,2,0,0,0.9924245,0.00071205857,0.0005721551,0.00044690224,0.000934271,0.0011487523,0.00041432728,0.0011125258,0.00031275066,0.00058230147,0.00059552846,0.0007438663
syn-0058,2,0,2,9,9,0.00045434784,0.00083221245,0.00032661593,0.00061139185,0.00046785575,0.00031410347,0.00021419996,0.0005684903,0.0020926928,0.99283147,0.00082311954,0.00046330906
syn-0059,2,0,2,3,3,0.0004664915,0.0008891441,0.0007420014,0.9928409,0.0008267525,0.0008030787,0.0007304977,0.00045346562,0.00023709999,0.0009981064,0.0005244905,0.00048792496
syn-0061,2,0,2,4,4,0.00091966585,0.000637812,0.0003286383,0.0006816047,0.9912048,0.00082539016,0.00089770416,0.0004366524,0.0011748356,0.0006503918,0.0010894672,0.0011529564
syn-0065,2,0,2,11,11,0.00049069704,0.00070615916,0.0009424434,0.00030917666,0.0004343092,0.00069844356,0.0006343894,0.00076372654,0.00021753297,0.00056121516,0.0006237921,0.99361813
syn-0067,2,0,2,5,5,0.000671269,0.00087507255,0.0003191042,0.0006566803,0.00065459945,0.9920312,0.00078594347,0.0016601904,0.000544939,0.00035218286,0.0006725814,0.00077621825
syn-0069,2,0,2,11,11,0.0007848128,0.0018309919,0.001320974,0.0005184763,0.0005921186,0.00046249537,0.0012187362,0.0006070488,0.0002521921,0.00077756547,0.00054681854,0.99108785
syn-0071,2,0,2,6,6,0.0005033307,0.00041625835,0.0007852568,0.0007973794,0.00044310474,0.0007837724,0.9941332,0.00018525549,0.00048808317,0.00023903706,0.0007428765,0.00048239683
syn-0097,2,0,2,10,10,0.00036812518,0.00044101867,0.0003702885,0.00046808855,0.00035178242,0.00036956597,0.0010001184,0.00028557846,0.0017545128,0.0008227755,0.9933255,0.00044274473
syn-0098,2,0,2,10,10,0.00032336114,0.0005192589,0.00030081763,0.00031881453,0.00064402306,0.0004714075,0.0005160993,0.00038776922,0.0009289051,0.00054697576,0.99452424,0.0005183722
syn-0102,2,0,2,1,1,0.0008562569,0.992508,0.0005481371,0.0009004218,0.0005042284,0.00053439476,0.00071770366,0.00052405865,0.0013398039,0.0006214242,0.00038698307,0.0005586753
syn-0112,2,0,2,4,4,0.0013714249,0.0006053062,0.0005538353,0.00081811583,0.9819896,0.0013875908,0.0006312656,0.001021149,0.00953353,0.0011136002,0.00037916107,0.00059534016
syn-0125,2,0,2,9,9,0.00062504836,0.0022834034,0.0005032224,0.0014248241,0.0010330497,0.0004681396,0.0011257535,0.00028477408,0.003603937,0.9837796,0.0040381895,0.0008300787
syn-0127,2,0,2,11,11,0.014332654,0.030371875,0.0031102663,0.0056789094,0.01647867,0.009199794,0.0258898,0.0016326056,0.005916676,0.0053270324,0.05108733,0.83097446
syn-0137,2,0,2,8,8,0.00035354885,0.0004918136,0.00031691918,0.00024370328,0.00059891597,0.00040613822,0.000714014,0.00043551004,0.99490696,0.00061943807,0.0007532291,0.00015982451
syn-0142,2,0,2,4,4,0.00295423,0.0017345834,0.000918087,0.20039274,0.78028095,0.003246964,0.0020578585,0.0010913205,0.0014164173,0.0030831834,0.0014373183,0.001386311
syn-0155,2,0,2,4,4,0.0006637936,0.00052459136,0.0002949884,0.0007852012,0.99157834,0.00094252,0.00056916056,0.0004502431,0.0026240728,0.000556791,0.000530516,0.00047974955
syn-0159,2,0,2,11,11,0.00043834877,0.0006632005,0.0010897547,0.00029472483,0.0003962085,0.0006913051,0.0008050666,0.0008223492,0.00025382068,0.0005778891,0.0013380673,0.9926292
syn-0164,2,0,2,8,8,0.0009042085,0.000957369,0.00038718994,0.00034673605,0.0013844875,0.0063908743,0.0018454896,0.0006260211,0.98242825,0.0011996375,0.00325777,0.00027189057
syn-0172,2,0,2,10,10,0.00030215053,0.00033905412,0.00028676965,0.00036357436,0.00034171334,0.0004916375,0.00090724515,0.0003236857,0.0008077705,0.00063895027,0.99455076,0.0006466399
syn-0177,2,0,2,8,8,0.0003152404,0.0005248441,0.00038398415,0.00021708495,0.0003467314,0.0003607197,0.0014382148,0.0005658316,0.99448097,0.00054176885,0.0006349403,0.00018971502
syn-0179,2,0,2,1,1,0.00080749905,0.9929582,0.0004725073,0.00070966396,0.00038905366,0.00054199685,0.0006621258,0.00041414547,0.0010059307,0.00065986655,0.00043444475,0.0009445231
syn-0188,2,0,2,10,10,0.0006243514,0.0004376803,0.0004524566,0.00044392204,0.00042921476,0.0002462367,0.0008278699,0.00035289009,0.0006451935,0.00046979173,0.9945089,0.00056158117
syn-0193,2,0,2,11,11,0.0040912083,0.009437167,0.0022671157,0.0022124362,0.02037501,0.0037524712,0.0040692934,0.0026376161,0.0083894925,0.011196658,0.03464214,0.8969293
syn-0194,2,0,2,1,1,0.0011006254,0.98993206,0.00062406284,0.00081711693,0.0006432442,0.00065817684,0.0007161906,0.0006572134,0.0030123317,0.00083526986,0.00039359144,0.00061020197
syn-0200,2,0,2,5,5,0.0040336787,0.004618712,0.00092945603,0.0024517816,0.0020945615,0.90038353,0.0017229394,0.07882845,0.0019108485,0.0013294356,0.0005043505,0.0011922803
syn-0202,2,0,2,10,10,0.00052834227,0.00051333866,0.000451474,0.00038692114,0.00080287695,0.00041551137,0.00083282415,0.00044187787,0.0056250137,0.0026897022,0.98655164,0.0007605198
syn-0207,2,0,2,0,0,0.9921686,0.0007801257,0.00060357066,0.0005261868,0.0007860523,0.0019360218,0.0005426247,0.0007035813,0.0005035641,0.00048759457,0.00047374808,0.00048830936
syn-0219,2,0,2,0,0,0.99356383,0.0006958525,0.00067741366,0.0005798472,0.0007719327,0.00069161825,0.00040008253,0.00069347816,0.00030347632,0.0005441843,0.0005394224,0.0005388959
syn-0222,2,0,2,8,8,0.00027557067,0.00030354314,0.00040508542,0.00018646044,0.00049948157,0.00032565425,0.0006358901,0.0012164686,0.9947536,0.000627715,0.0005893958,0.00018107698
syn-0224,2,0,2,8,8,0.0008092149,0.000587427,0.00035351978,0.0002753215,0.0009069418,0.0007278591,0.0030065982,0.00044995628,0.9899795,0.0005854226,0.0020214936,0.00029682263
syn-0228,2,0,2,6,6,0.0016691041,0.0009664751,0.0015301609,0.013832669,0.06742511,0.002376913,0.9056688,0.0004798436,0.0019267634,0.0013184373,0.0013326765,0.0014729792
syn-0230,2,0,2,9,9,0.0006655043,0.001142473,0.00036395475,0.00051829533,0.0006403219,0.00032752383,0.00019424106,0.0015900439,0.002507911,0.9907418,0.0006773061,0.0006307025
syn-0239,2,0,2,6,6,0.00045666072,0.0005470853,0.00092603394,0.00094349176,0.0005428278,0.0008015623,0.9930248,0.0002813405,0.00047138677,0.00026481162,0.0011655547,0.0005744613
syn-0242,2,0,2,0,0,0.9929904,0.0006315169,0.00060466083,0.0005238016,0.001405707,0.0006309005,0.0004535339,0.00066799263,0.0005537853,0.0005467992,0.00041456352,0.0005764082
syn-0244,2,0,2,3,3,0.00045923813,0.0008452871,0.00069786515,0.9927953,0.0008934552,0.0009348484,0.00096758973,0.0003068161,0.00026320372,0.0006080946,0.0007260193,0.000502408
syn-0247,2,0,2,3,3,0.00048015776,0.0013491861,0.0007782322,0.9919376,0.001061901,0.0004929866,0.0011258431,0.0004490886,0.0003083525,0.0007486013,0.0006918361,0.0005760783
syn-0248,2,0,2,6,6,0.0011274602,0.0012694957,0.001806521,0.0018471051,0.0009795543,0.0016348473,0.8365969,0.0006778551,0.0013706428,0.00075694086,0.15058061,0.0013520311
syn-0249,2,0,2,8,8,0.00048957375,0.0005085792,0.00028168818,0.00020508363,0.00081908144,0.0011449954,0.00032044383,0.0016594445,0.992312,0.0010594527,0.0010095803,0.00019004216
syn-0254,2,0,2,7,8,0.012350974,0.01693958,0.039126933,0.006814197,0.018244645,0.052120287,0.022179848,0.22193994,0.33874863,0.026996773,0.040675644,0.20386253
syn-0255,2,0,2,2,2,0.00060242467,0.00040120335,0.9939178,0.00068430515,0.0003021057,0.0001956264,0.0009664396,0.0007861896,0.0004277048,0.00043784754,0.0005179297,0.0007603286
syn-0259,2,0,2,4,4,0.00044448156,0.00045881487,0.00028558102,0.0012343519,0.99236476,0.0008666483,0.0009794073,0.00028363543,0.0011430879,0.0007450938,0.0005854022,0.000608722
syn-0264,2,0,2,0,0,0.99251795,0.0009066073,0.000506207,0.00043129377,0.001118486,0.0010271952,0.00026416004,0.0009274274,0.0006214304,0.0007597212,0.00042048082,0.00049908954
syn-0274,2,0,2,9,9,0.00056734524,0.00051910226,0.0005324513,0.0006030518,0.00062738097,0.00041144647,0.00023147771,0.0015893149,0.0015366607,0.98938143,0.002896734,0.0011035099
syn-0276,2,0,2,6,6,0.00045544817,0.0005108254,0.0012979857,0.0008452987,0.0010102092,0.0008548453,0.9903881,0.00029839863,0.0006636445,0.00027651316,0.0017965012,0.0016023336
syn-0278,2,0,2,9,9,0.00046325295,0.0006874909,0.0003729619,0.0009979759,0.00044550595,0.00032340264,0.00027797493,0.00067419355,0.00065905845,0.9936811,0.00085090916,0.0005662053
syn-0283,2,0,2,7,7,0.00057898986,0.00038644444,0.002986657,0.0005022988,0.00034304016,0.0022688028,0.0002917036,0.98919266,0.00087726786,0.000596786,0.0011360314,0.0008393459
syn-0285,2,0,2,11,11,0.00048636034,0.0005883838,0.00093977567,0.0003094515,0.00048588566,0.00059097516,0.00071302615,0.0006555888,0.00036820117,0.00069718953,0.0006346433,0.9935306
syn-0288,2,0,2,9,9,0.00049352704,0.0007894246,0.00041721808,0.00072583294,0.00037840032,0.00022419478,0.00025479135,0.00064556923,0.0015441095,0.9935102,0.0006934407,0.00032334705
syn-0294,2,0,2,1,1,0.00063985406,0.9934076,0.00041392847,0.0009653541,0.00046950066,0.0009773297,0.0006685996,0.00037140562,0.00048582553,0.000565497,0.00035336096,0.00068178657
syn-0301,2,0,2,3,3,0.00063228636,0.0013781774,0.0006107419,0.99032426,0.0015961787,0.0016830221,0.0012632594,0.00031731318,0.00030905587,0.0008059472,0.000496045,0.00058362825
syn-0305,2,0,2,1,1,0.00055966404,0.993294,0.0007938908,0.000984762,0.00038842586,0.0003903271,0.0006146707,0.00043544135,0.00037537387,0.0007006062,0.00054403645,0.00091890816
syn-0308,2,0,2,3,3,0.0005267984,0.001062183,0.0006635013,0.99283713,0.0007709915,0.00041836288,0.0012380715,0.00031749764,0.00035040974,0.0008532015,0.00049415696,0.00046763002
syn-0313,2,0,2,11,11,0.007021317,0.17061004,0.015509167,0.015520529,0.0075034057,0.010301109,0.08445809,0.008216771,0.0053103296,0.0063308543,0.21928166,0.44993675
syn-0324,2,0,2,7,7,0.0008829511,0.0025881776,0.0013414182,0.00039992522,0.00035535367,0.0027672348,0.00050951797,0.9768212,0.010036,0.0020768049,0.001121618,0.001099924
syn-0333,2,0,2,5,5,0.0015459668,0.0006850144,0.0002833343,0.0013297816,0.02168808,0.9664579,0.0016436654,0.00078729267,0.003241006,0.00058079674,0.00089124864,0.0008659394
syn-0335,2,0,2,3,11,0.0017665756,0.002495532,0.0014050024,0.010858638,0.0047252933,0.0019939882,0.0018814284,0.0008689848,0.00019714257,0.013278321,0.0010349726,0.9594942
syn-0338,2,0,2,8,8,0.0005592436,0.001065932,0.0005240797,0.00028773342,0.0006500023,0.00045711047,0.00082772016,0.0014289506,0.9891612,0.003948832,0.0006782096,0.00041095333
syn-0383,2,0,2,2,2,0.0005631009,0.0003787871,0.993555,0.00068455655,0.00027336355,0.00020918612,0.0008636721,0.0010903187,0.00041621947,0.00051875284,0.00058154325,0.00086551916
syn-0385,2,0,2,5,4,0.0035923135,0.0018686792,0.0008656286,0.0018361185,0.77477735,0.19820355,0.0013045485,0.007832936,0.0026198644,0.0026885485,0.0009405491,0.0034699093
syn-0392,2,0,2,1,1,0.00060512044,0.9932601,0.00066882686,0.0010379244,0.0003999602,0.00039801202,0.0005729166,0.00039840088,0.00038955218,0.0009813685,0.0005213918,0.0007664394
syn-0396,2,0,2,3,3,0.0006163485,0.0007753424,0.0016660275,0.9911539,0.0007711891,0.0005886985,0.001177503,0.0010326938,0.0003860779,0.00071045273,0.0005584582,0.00056338817
syn-0402,2,0,2,1,1,0.0018105938,0.9875524,0.00046764594,0.00078469067,0.0006448389,0.001071498,0.0012094328,0.0006620676,0.0006367042,0.0008584542,0.0013118656,0.0029897229
syn-0405,2,0,2,8,8,0.00040574407,0.0006203496,0.0003313204,0.00020372229,0.00041841943,0.00036997575,0.00048112773,0.0008486422,0.99442685,0.0010303807,0.0006356812,0.00022771295
syn-0406,2,0,2,4,0,0.7934699,0.0015865659,0.0015407586,0.0054133427,0.16246752,0.0024537242,0.0040228544,0.0018494569,0.0010620538,0.0040435325,0.016284034,0.005806251
syn-0409,2,0,2,10,10,0.00032579165,0.00090228894,0.00039838935,0.0004895491,0.00028388313,0.00023420104,0.00066897087,0.00045253782,0.00077450555,0.0016384277,0.9932314,0.00060010096
syn-0414,2,0,2,5,4,0.0012370618,0.0011154115,0.00043129112,0.0020475525,0.8879459,0.097697854,0.0011885094,0.0013278218,0.002835121,0.0015275672,0.0012957967,0.0013500496
syn-0420,2,0,2,2,2,0.000719596,0.00042282214,0.9931832,0.0006738558,0.00030573932,0.00019132679,0.0008906458,0.001179194,0.0004940878,0.00056151755,0.0005753952,0.00080257136
syn-0426,2,0,2,10,10,0.00053838216,0.000412389,0.00059885165,0.0004246494,0.00048638775,0.0025516022,0.0013634423,0.001232369,0.0063944007,0.0015182472,0.9820109,0.002468272
syn-0432,2,0,2,6,6,0.00045032063,0.00033727457,0.0007335347,0.00070062757,0.0004446398,0.00076887856,0.99417335,0.00022043532,0.00040922154,0.00023603113,0.00084275834,0.0006830621
syn-0433,2,0,2,5,7,0.0026915725,0.0025683162,0.0021385865,0.0020768414,0.027276993,0.26519293,0.001049413,0.68383944,0.005221816,0.0038554994,0.0008828318,0.0032056991
syn-0443,2,0,2,7,7,0.000935045,0.0008183531,0.0010655111,0.0004924935,0.00068945903,0.006845298,0.00029725744,0.98275405,0.0026121747,0.0016188703,0.0003892142,0.0014822079
syn-0452,2,0,2,10,10,0.00034415277,0.00030445613,0.0005178973,0.00046062743,0.00032599643,0.0003643863,0.0017554495,0.00034114125,0.0017290778,0.00059102423,0.99288565,0.00038019908
syn-0460,2,0,2,8,8,0.00051444734,0.0012124435,0.00054709177,0.00030719052,0.0004899312,0.00042275977,0.0036843272,0.000604689,0.9901316,0.0009297261,0.0008969511,0.00025868035
syn-0464,2,0,2,4,4,0.0037064962,0.0005285241,0.00039372582,0.0008864088,0.99027,0.00068295986,0.0004730725,0.00035639704,0.0009505136,0.0006863028,0.00049408403,0.00057147077
syn-0465,2,0,2,7,7,0.0043962183,0.00071582553,0.00449169,0.0029464415,0.001512446,0.017325938,0.0018951803,0.9589861,0.0011859738,0.001367716,0.002591037,0.00258535
syn-0471,2,0,2,5,5,0.0014126434,0.001876481,0.00029301387,0.00059103785,0.0044468287,0.9839797,0.00050677726,0.0009995155,0.0005421021,0.00066777435,0.00047190723,0.004212229
syn-0473,2,0,2,10,10,0.00031683946,0.00039954594,0.00034493505,0.00033010502,0.00035675438,0.00024784156,0.00079931034,0.00033628722,0.00082564005,0.0005461145,0.9951426,0.0003539781
syn-0478,2,0,2,2,2,0.0011698201,0.0009155162,0.98408604,0.001640273,0.00047288093,0.00047519556,0.0016158288,0.0050963764,0.0008467142,0.0006780324,0.0011157054,0.0018876547
syn-0495,2,0,2,2,2,0.0006927971,0.00049451576,0.993558,0.00089791516,0.0003798996,0.00022997115,0.00088512804,0.00069925433,0.00042713262,0.00042360174,0.0004279677,0.00088394026
syn-0005,2,0,3,11,11,0.00045748625,0.0011909825,0.0011989324,0.0007332058,0.00092844444,0.0010669385,0.00073715457,0.00068777497,0.0001897797,0.0010297034,0.0008379609,0.9909416
syn-0006,2,0,3,7,7,0.0054579116,0.002687389,0.0127708325,0.0019719044,0.0010847435,0.007088976,0.0014740065,0.8402398,0.010752806,0.07861375,0.019321654,0.018536141
syn-0008,2,0,3,8,8,0.00025648874,0.000339295,0.0003490413,0.00020191098,0.0004299575,0.00046808377,0.00076288823,0.00095146016,0.9952573,0.00033962648,0.00047568724,0.00016820942
syn-0014,2,0,3,0,0,0.98819447,0.0017869511,0.00074668735,0.0007798515,0.0018753393,0.0012860717,0.0012368031,0.0005529976,0.0009466706,0.0009791086,0.00067358837,0.0009415996
syn-0020,2,0,3,6,6,0.00031083063,0.000366964,0.00058798376,0.00053029205,0.000894,0.0010872919,0.9930975,0.00017419,0.0012036695,0.0003132685,0.00091657013,0.0005175022
syn-0029,2,0,3,2,2,0.0005952304,0.00042105227,0.99338174,0.00065789546,0.00034753396,0.0002153677,0.000985785,0.0010620847,0.00049757643,0.00044018307,0.00065501063,0.0007405952
syn-0032,2,0,3,4,4,0.0019050334,0.0015506729,0.0013032496,0.002498928,0.960448,0.001062643,0.02330458,0.00043356,0.003659965,0.0015758617,0.00067085546,0.0015866711
syn-0033,2,0,3,5,5,0.0006329276,0.0011056479,0.0002647468,0.0006012955,0.00095245923,0.9918127,0.0008820645,0.0011946517,0.0007208874,0.0005033834,0.00040133222,0.0009279004
syn-0041,2,0,3,10,9,0.0020572299,0.004395748,0.0015589563,0.0075967945,0.004327598,0.0009977302,0.0040436247,0.0005957719,0.012027905,0.74906164,0.20598546,0.0073516145
syn-0044,2,0,3,2,2,0.0007538701,0.0006128921,0.99235606,0.0009271628,0.00031090202,0.00022175812,0.00078485836,0.0013614213,0.00052577246,0.00049512484,0.0005897004,0.0010604054
syn-0046,2,0,3,8,8,0.012895693,0.0036569869,0.0015111191,0.0009085198,0.003290932,0.006223782,0.004258782,0.0034170183,0.9268537,0.027906679,0.0023796468,0.0066971425
syn-0050,2,0,3,4,4,0.0015945768,0.00090226263,0.00058711343,0.0028126112,0.9855936,0.0012696015,0.0020835954,0.00033847048,0.00086685055,0.0006797347,0.0011894816,0.0020820699
syn-0053,2,0,3,10,10,0.00031168447,0.00040315278,0.0003955482,0.0004229133,0.0003743147,0.00047665648,0.0008984825,0.0004105025,0.0005039415,0.00044385908,0.99485356,0.00050542003
syn-0054,2,0,3,5,5,0.0007708627,0.00054675696,0.00027519529,0.0005724371,0.00094217766,0.9914602,0.0009405688,0.0017731591,0.00064802304,0.0004893924,0.0009080765,0.0006731796
syn-0057,2,0,3,8,8,0.0006482774,0.0006559191,0.0002763808,0.00030147698,0.001271747,0.0009464675,0.0018343291,0.00049850985,0.9850922,0.001457887,0.006345928,0.0006708183
syn-0072,2,0,3,0,0,0.9928012,0.0006968478,0.0006213042,0.0005983783,0.0012150819,0.00091375556,0.00043885305,0.0008133064,0.00048104534,0.00056048,0.000393962,0.00046579004
syn-0073,2,0,3,11,11,0.0022315367,0.009141703,0.0013721274,0.0006124559,0.0008217386,0.0018920321,0.0018750179,0.0013325114,0.0007008141,0.001160536,0.0035365077,0.9753229
syn-0074,2,0,3,5,5,0.0137882605,0.007933412,0.00064551557,0.0030825916,0.00332901,0.95443755,0.0074019777,0.001370566,0.0018148185,0.0026599567,0.00093282113,0.0026034182
syn-0091,2,0,3,4,4,0.0010318008,0.0004177002,0.00034091697,0.0010424352,0.9927175,0.00079848256,0.0007460869,0.00026602548,0.00071978563,0.00070071267,0.0005418655,0.0006766714
syn-0093,2,0,3,5,5,0.0006500516,0.0011409718,0.00026354383,0.0005287463,0.00091918476,0.99117017,0.0019741468,0.0008080153,0.0006044372,0.00037201945,0.00072465395,0.0008441095
syn-0101,2,0,3,3,3,0.00040865285,0.00092215085,0.00079815247,0.9932766,0.0007619743,0.0005512467,0.000949161,0.0004092519,0.00027328692,0.0007304615,0.0003852082,0.0005340258
syn-0111,2,0,3,3,3,0.00045849057,0.0011216572,0.0010407801,0.993117,0.0006322145,0.00052157126,0.00090914994,0.00037677595,0.00026639254,0.00061636424,0.00039853805,0.00054102583
syn-0113,2,0,3,11,11,0.0012180664,0.002098425,0.0013651693,0.00046504274,0.0008462054,0.0012133176,0.0012192565,0.0005965439,0.0025405285,0.0018287573,0.0007097984,0.98589885
syn-0122,2,0,3,3,3,0.0004503065,0.00087159855,0.0008090543,0.9922024,0.0010228653,0.0007164324,0.00090014463,0.00051326276,0.00041463927,0.0010525042,0.000508523,0.0005384203
syn-0133,2,0,3,2,2,0.0025188143,0.0012643768,0.96891886,0.0027873928,0.00094882585,0.00084969174,0.002371412,0.014287486,0.0009618872,0.001064712,0.0015905367,0.0024359606
syn-0140,2,0,3,11,11,0.0020807052,0.0018880396,0.0040579415,0.0134163825,0.0044372343,0.0012249767,0.0022840924,0.001845204,0.00050964986,0.029969718,0.0023065072,0.93597966
syn-0141,2,0,3,2,2,0.00062227604,0.0004308276,0.9928986,0.000880877,0.00035077383,0.00026737637,0.0009075087,0.0010719777,0.0005133721,0.0005012351,0.0005743883,0.0009808317
syn-0146,2,0,3,10,10,0.0003848779,0.00037632952,0.00034517076,0.00038020822,0.0004938311,0.00029625106,0.0005748155,0.0004951591,0.0007215965,0.0007183009,0.9948507,0.00036279723
syn-0154,2,0,3,1,1,0.00072784733,0.99359554,0.00040087747,0.0008036891,0.0004636656,0.00072412525,0.00059448695,0.00040878408,0.0005067566,0.00066481926,0.00045804004,0.0006513241
syn-0178,2,0,3,9,9,0.0016199419,0.0022889504,0.00094305986,0.0017193746,0.006506301,0.0011863328,0.0012493515,0.00070425303,0.0057635596,0.95088226,0.008083396,0.01905318
syn-0187,2,0,3,3,3,0.00048090343,0.0008980073,0.0006560345,0.99250835,0.0010742493,0.00076548546,0.0008600283,0.0004063478,0.00032428524,0.00083153544,0.00065220176,0.00054254546
syn-0189,2,0,3,10,10,0.0005570571,0.0007361813,0.00037729193,0.00076215074,0.0015483035,0.0011928998,0.0012170216,0.000326838,0.0025371104,0.0012389063,0.9877022,0.0018041388
syn-0191,2,0,3,4,4,0.0008992088,0.00076203153,0.00041674406,0.0024472885,0.9846587,0.0007804836,0.00267277,0.0003060898,0.0013003799,0.0014181121,0.0034995931,0.0008385642
syn-0192,2,0,3,5,5,0.0008239615,0.0022055737,0.00037003096,0.000716045,0.0006574007,0.98973083,0.0008946202,0.0012898413,0.00054927886,0.00055738416,0.0005508904,0.0016541181
syn-0211,2,0,3,0,0,0.9927902,0.00070161995,0.00072939123,0.00061766757,0.0010538994,0.0006863717,0.0005063459,0.0007510762,0.00031717273,0.00067408266,0.0005036335,0.00066851045
syn-0215,2,0,3,10,10,0.0009306828,0.0018499801,0.00085237605,0.0019616159,0.0038415955,0.0018481744,0.0043463944,0.00041704084,0.009208761,0.04106978,0.93109965,0.0025740927
syn-0217,2,0,3,6,6,0.0011551217,0.00095389615,0.0009460108,0.0011319503,0.0007661029,0.0016207267,0.98654187,0.00019531572,0.001334252,0.0004431699,0.0036317464,0.0012798525
syn-0233,2,0,3,8,8,0.0002693962,0.0003718345,0.00035480692,0.0001932823,0.00046411323,0.00028481707,0.0005976816,0.0007194909,0.9955264,0.00043387033,0.00062804937,0.00015621938
syn-0267,2,0,3,4,4,0.003816659,0.00045761903,0.0002759384,0.00082682224,0.98929507,0.0021399066,0.00048263452,0.0002833109,0.000540789,0.000540525,0.0006668078,0.0006740093
syn-0269,2,0,3,10,10,0.00038806658,0.00046901277,0.00034246754,0.00031030137,0.00051813683,0.0003324175,0.00074083905,0.00038561106,0.00069036934,0.0007492973,0.9943153,0.0007580835
syn-0275,2,0,3,0,0,0.9917058,0.0008825079,0.0006450263,0.00076673616,0.0011275053,0.0010365533,0.00066582666,0.0008664957,0.00066387886,0.00052877376,0.0006254863,0.00048546706
syn-0282,2,0,3,7,7,0.0020402202,0.0009595059,0.0021665073,0.0005785697,0.0008668413,0.024457682,0.00071793527,0.95993567,0.0022517112,0.0023314268,0.0010349434,0.0026590815
syn-0284,2,0,3,0,0,0.97724366,0.0015533286,0.00075408054,0.00054580235,0.002462294,0.0014136313,0.000712556,0.00088506,0.009088426,0.0030183392,0.0013061193,0.0010167101
syn-0295,2,0,3,10,10,0.00037422302,0.00047236975,0.00029502466,0.00033463337,0.00037587117,0.00039371732,0.0008576513,0.0003036475,0.0005857247,0.00077685964,0.99460983,0.00062061526
syn-0297,2,0,3,11,11,0.0005855757,0.0013321587,0.0010626732,0.00042115702,0.0006032795,0.00092304096,0.00084682327,0.00081318995,0.00032831787,0.0004668617,0.00044266376,0.9921744
syn-0299,2,0,3,1,1,0.0010017395,0.9890626,0.00034907757,0.0013762538,0.0007397193,0.0030126267,0.0005507874,0.0006117535,0.0007361162,0.0016276471,0.00027560425,0.0006559953
syn-0303,2,0,3,7,7,0.0037840584,0.00092766306,0.002124479,0.0008843183,0.0022548805,0.17100798,0.0013817501,0.80790514,0.0034724474,0.0021474236,0.0021296723,0.0019802323
syn-0306,2,0,3,5,5,0.0009503013,0.0008441844,0.00033850968,0.0005151584,0.0026059907,0.9895656,0.00075285224,0.0019037927,0.0009351116,0.00030942287,0.0007176755,0.0005613878
syn-0307,2,0,3,3,3,0.00093222386,0.0013754689,0.00065206946,0.9894041,0.0011711277,0.0007324258,0.0012164429,0.0002992689,0.0004371379,0.0024947603,0.000727081,0.000558017
syn-0310,2,0,3,10,10,0.00034664955,0.0002919082,0.00033206993,0.00036936707,0.00037886557,0.0002482236,0.00062846794,0.000770015,0.00094817573,0.0013140034,0.99376076,0.00061151606
syn-0325,2,0,3,4,4,0.0030798935,0.0011908886,0.0007125023,0.043567393,0.92065954,0.007870546,0.005809401,0.0005399299,0.0016663527,0.010480375,0.0022456094,0.0021775824
syn-0327,2,0,3,1,1,0.0010489228,0.98967147,0.00055274344,0.00074780337,0.0006196482,0.0005815374,0.00068958185,0.00044893863,0.0033760588,0.00080266775,0.0004560084,0.0010045612
syn-0329,2,0,3,8,8,0.00045276,0.00033270515,0.00042429156,0.00020238795,0.0007189303,0.00039548313,0.00068433536,0.0009312741,0.99274915,0.001522533,0.0011053754,0.00048078527
syn-0336,2,0,3,0,0,0.9915734,0.0012902725,0.0009245111,0.0007233576,0.0009068508,0.0009041979,0.0005781207,0.00089257344,0.0006272378,0.00068319123,0.0004225493,0.00047369514
syn-0343,2,0,3,8,8,0.000976805,0.00080585526,0.00073661143,0.00028959016,0.0024875174,0.00082819443,0.00086836424,0.0015971662,0.9839458,0.0040172366,0.0017047466,0.0017421936
syn-0345,2,0,3,7,7,0.0015562059,0.00067292043,0.0013171927,0.00048232556,0.00072052964,0.011754351,0.00051948504,0.9776208,0.0016410748,0.0012593312,0.00075474,0.0017010403
syn-0346,2,0,3,6,6,0.0005117395,0.00031573576,0.0009749713,0.0014043605,0.0005972625,0.00030572285,0.9931297,0.00015223319,0.0005987225,0.00032133484,0.001224905,0.00046322198
syn-0348,2,0,3,9,9,0.0014841596,0.0034331277,0.0004435632,0.0009603533,0.0009349057,0.0006146249,0.00028002512,0.0012586676,0.0031844396,0.9854907,0.0008303053,0.0010850393
syn-0366,2,0,3,9,9,0.0015243281,0.0013511394,0.000870659,0.0100031635,0.0017226577,0.0016530276,0.0012711388,0.0004247399,0.0009952954,0.97552866,0.0032050186,0.0014502691
syn-0368,2,0,3,9,9,0.0009765494,0.0010154507,0.00058970996,0.0011317113,0.00092865044,0.0005453925,0.00047849532,0.00067875197,0.004279384,0.98609287,0.0008965698,0.0023864927
syn-0369,2,0,3,6,5,0.001305779,0.0063060327,0.00042042002,0.0010783083,0.0020522734,0.9590285,0.023179416,0.0014376232,0.0018695289,0.0012717991,0.0009191789,0.0011311616
syn-0372,2,0,3,1,1,0.0021945406,0.98815155,0.00045619818,0.002327253,0.00075545616,0.00091974746,0.000759154,0.00046067507,0.00035424813,0.0012250295,0.00046338225,0.0019328375
syn-0382,2,0,3,0,0,0.99257165,0.0006899162,0.0006094438,0.0005772916,0.0015015905,0.00078502885,0.00040007345,0.00084840425,0.0004107626,0.00058581016,0.0005132031,0.000506729
syn-0399,2,0,3,8,8,0.0002484674,0.00030801713,0.00034044482,0.00014865672,0.00041549548,0.00035228225,0.00056143565,0.0008590141,0.99473685,0.0007728912,0.0011067778,0.00014967642
syn-0401,2,0,3,11,11,0.0016885067,0.009459212,0.002309377,0.00082573004,0.0011503376,0.0010077613,0.0010489298,0.0012014301,0.00031586987,0.002307158,0.0005378377,0.978148
syn-0407,2,0,3,6,6,0.0016443057,0.002705712,0.0028802154,0.4462297,0.0047517167,0.0043475316,0.52784497,0.00052146177,0.0008939935,0.0023901153,0.0035263298,0.002264021
syn-0408,2,0,3,4,4,0.022888862,0.0016259938,0.001536456,0.004078775,0.9525723,0.0026573518,0.0029637665,0.0006798037,0.005561431,0.0017384844,0.0021300355,0.00156676
syn-0411,2,0,3,2,2,0.0006394271,0.0005345223,0.99226016,0.0010396679,0.0003903018,0.00024234391,0.00083193666,0.0013721338,0.0003757163,0.00065843744,0.00052163046,0.0011337657
syn-0413,2,0,3,9,9,0.0005519083,0.00085231155,0.0006052653,0.00062052713,0.0004473856,0.00040378468,0.0002427647,0.0009186482,0.0006650786,0.99301296,0.000630299,0.0010491293
syn-0416,2,0,3,2,2,0.00058944937,0.000416556,0.9933877,0.0008543001,0.00036564018,0.00021940243,0.00090978644,0.0008413635,0.00042373603,0.0004683465,0.00059031346,0.00093341013
syn-0417,2,0,3,7,11,0.015503317,0.005759321,0.017774642,0.009311856,0.12917541,0.16667637,0.13980839,0.0984636,0.087021194,0.008185646,0.13710424,0.18521601
syn-0422,2,0,3,1,1,0.0007327961,0.9932935,0.0005796894,0.00082370365,0.00041509524,0.00054270966,0.0005461655,0.0005621286,0.00048081408,0.00070851843,0.00058423594,0.0007306523
syn-0425,2,0,3,5,5,0.0058212294,0.0066401446,0.00064772484,0.003973612,0.118705794,0.8353243,0.006949792,0.0011401278,0.0042860224,0.0026495827,0.0025418652,0.011319767
syn-0430,2,0,3,1,5,0.0055143638,0.12584385,0.0015264312,0.023075068,0.0066345637,0.80473304,0.008855331,0.0014983698,0.0007043323,0.0028489653,0.0037284736,0.015037245
syn-0431,2,0,3,3,3,0.0006179282,0.0008852494,0.0008174236,0.99272436,0.0007891854,0.000624907,0.00089897064,0.00057541026,0.0002766246,0.00067502604,0.00054002024,0.0005748486
syn-0436,2,0,3,6,6,0.0003674396,0.00046676077,0.0005631584,0.00065503194,0.000784545,0.00046676077,0.9938991,0.0001274185,0.0007907948,0.00039613468,0.00088277436,0.0006000647
syn-0437,2,0,3,3,10,0.0036012146,0.0028599454,0.0028018914,0.282747,0.12919843,0.0073856064,0.029411005,0.0011645854,0.018903598,0.01335729,0.5030675,0.005501932
syn-0445,2,0,3,6,6,0.0007001769,0.0006431462,0.0009956381,0.0008595519,0.000977812,0.0011099012,0.9706372,0.00033792277,0.021402327,0.0005582297,0.0012219679,0.00055605336
syn-0449,2,0,3,11,11,0.00061035616,0.00068926427,0.0010144474,0.0007610856,0.0007745824,0.00037897876,0.0010407888,0.0006340505,0.00026097725,0.0010284121,0.0016575006,0.99114966
syn-0451,2,0,3,8,8,0.0029052552,0.0027817055,0.0014298033,0.00079658296,0.0031047326,0.02799837,0.0009422777,0.2054721,0.73131305,0.017866502,0.0032537316,0.002135934
syn-0469,2,0,3,9,9,0.00056682,0.0005646102,0.0006366708,0.00079331745,0.0005475062,0.000276246,0.00019172412,0.0010245008,0.00069076224,0.9933037,0.0005140834,0.0008899931
syn-0472,2,0,3,8,8,0.00029402904,0.00036951603,0.00029604588,0.00021281779,0.0004756278,0.00035122005,0.0008826842,0.00046916935,0.995133,0.0005195767,0.0007595873,0.00023672087
syn-0482,2,0,3,1,1,0.013698503,0.91905063,0.0017603782,0.02835563,0.003965137,0.0030327628,0.011535296,0.0009627256,0.0007453911,0.0031016525,0.004512877,0.009279059
syn-0485,2,0,3,10,10,0.00044322785,0.0003690671,0.00037487908,0.00042562414,0.00043274913,0.00031307028,0.0011800736,0.00043401882,0.00074631005,0.0005809076,0.9944094,0.00029067593
syn-0492,2,0,3,6,6,0.00036057856,0.0003906406,0.00072104606,0.00072732253,0.000530046,0.0005533177,0.9940918,0.00024066669,0.00054927997,0.00030304512,0.0010699384,0.00046231432
syn-0016,2,0,4,9,9,0.00046299436,0.0013455368,0.00037057602,0.0010652521,0.0004589429,0.00043792636,0.00050701224,0.00033088715,0.0025287205,0.9892546,0.0026371682,0.0006003306
syn-0023,2,0,4,1,1,0.0007267878,0.9936035,0.00039970793,0.0009813482,0.0006580424,0.0006121661,0.0004826109,0.00036536265,0.00043706835,0.0006315983,0.0004422204,0.0006596509
syn-0026,2,0,4,10,10,0.00035037097,0.0003613165,0.000349346,0.0003916312,0.0003668272,0.00043540547,0.0013346105,0.00033075412,0.00068960333,0.00035346395,0.9946681,0.00036862274
syn-0027,2,0,4,4,4,0.00089967984,0.00046949062,0.00030312594,0.0009169766,0.98951346,0.0032115208,0.0007994108,0.00047409793,0.0021377678,0.00042539384,0.0003207907,0.00052837824
syn-0035,2,0,4,9,9,0.0025261964,0.047712397,0.0016976651,0.003836972,0.0030264151,0.00240581,0.0032247498,0.0011090153,0.005844973,0.7262161,0.19393732,0.008462445
syn-0040,2,0,4,4,4,0.0006905445,0.00049641007,0.00036389136,0.002144756,0.9896024,0.0032879754,0.0007677295,0.00043128853,0.00058950146,0.0006043658,0.0004321317,0.0005889261
syn-0048,2,0,4,11,11,0.00061137695,0.0012520164,0.00086513173,0.00052755483,0.0015276491,0.0013693757,0.0016025266,0.001021866,0.0011859643,0.0014784809,0.0025143668,0.9860437
syn-0056,2,0,4,8,8,0.0003788172,0.0005880142,0.00032465303,0.00020001292,0.0003883691,0.00024965045,0.0011434327,0.00061985495,0.99460477,0.0006060876,0.0007134487,0.00018282661
syn-0070,2,0,4,2,2,0.0005317413,0.00037303224,0.9938685,0.0007852873,0.00039150752,0.00019371566,0.0010207753,0.0007935747,0.0003695875,0.000468802,0.0005131214,0.00069031183
syn-0077,2,0,4,2,2,0.0005060057,0.00044502484,0.99406296,0.00084742607,0.00033330818,0.00017098692,0.001063397,0.00060516613,0.00039484812,0.00039005748,0.00045960004,0.0007212012
syn-0084,2,0,4,5,5,0.00074529025,0.00081236946,0.00023480241,0.0011672222,0.0009718044,0.9918996,0.00083795236,0.0011419246,0.0005176357,0.0003814943,0.000636392,0.000653395
syn-0085,2,0,4,3,1,0.009490758,0.8419074,0.0011890683,0.092271246,0.015855273,0.007972531,0.00240668,0.00090991135,0.0009648194,0.016738331,0.0033283173,0.0069656596
syn-0086,2,0,4,10,10,0.00029450055,0.0004249536,0.00030863393,0.0003304698,0.00033387583,0.00051573006,0.0007204479,0.0005477869,0.00055641326,0.00043481876,0.99478394,0.0007484161
syn-0090,2,0,4,5,5,0.003495481,0.00088465953,0.00042591756,0.00039352488,0.0025189302,0.98206216,0.001008834,0.0030059454,0.004134803,0.0007456859,0.00038141737,0.00094263523
syn-0094,2,0,4,1,1,0.00061028614,0.98332363,0.0013736234,0.0023165187,0.00061567366,0.0007775247,0.0032863135,0.0008172297,0.00046473483,0.00080928777,0.0011786572,0.0044265385
syn-0106,2,0,4,10,10,0.0009382233,0.001284279,0.002476117,0.0027298767,0.00051360216,0.00043081024,0.017702974,0.0011506584,0.0020790002,0.0010375049,0.9674941,0.002162874
syn-0107,2,0,4,10,10,0.0002912991,0.00032196674,0.00027959302,0.0003128237,0.00033725356,0.00048368346,0.0011058118,0.00037040052,0.00054103887,0.00055238383,0.99459684,0.00080676086
syn-0109,2,0,4,3,3,0.00066253217,0.001895691,0.0006506701,0.9853544,0.0011897737,0.0004753436,0.0012665075,0.00026821057,0.00039024404,0.005612704,0.0015012635,0.0007326405
syn-0117,2,0,4,6,6,0.00056341453,0.00091005757,0.0013080606,0.019231196,0.013334078,0.0017550386,0.95602477,0.00019528215,0.0012210339,0.001679583,0.0016422785,0.0021351478
syn-0119,2,0,4,6,6,0.00040623182,0.0003637884,0.00089769624,0.00073774904,0.00043074563,0.00056097587,0.99222505,0.00030964907,0.00044139134,0.0003001222,0.0025901292,0.0007364893
syn-0128,2,0,4,2,2,0.0006257443,0.00041087435,0.9938117,0.00081155455,0.0003256638,0.00018940232,0.0009936093,0.00066903495,0.00036938602,0.00047360675,0.00051334273,0.0008059273
syn-0139,2,0,4,1,1,0.0006860044,0.9937137,0.00038934968,0.0008168412,0.0005095464,0.00058935495,0.0006206619,0.00034832978,0.00045253654,0.00063693355,0.00052469526,0.0007121138
syn-0147,2,0,4,0,0,0.991126,0.001447153,0.0008003226,0.00084944675,0.0014051243,0.0005230735,0.00045179907,0.00051950995,0.000630947,0.0011392944,0.00049814634,0.0006091507
syn-0156,2,0,4,6,6,0.000521844,0.000850767,0.0006313109,0.0007355588,0.0007164176,0.0016796053,0.9921819,0.00026073933,0.0010276625,0.0002587102,0.0005770649,0.00055849174
syn-0167,2,0,4,0,0,0.9928415,0.0008119507,0.0006989207,0.00055451394,0.0009832327,0.0006854023,0.00053301046,0.00076817663,0.00050341367,0.0005531618,0.00047129975,0.0005954878
syn-0168,2,0,4,1,1,0.0019435515,0.9753327,0.0005097361,0.001975363,0.00095370854,0.011899883,0.0011297952,0.00069063,0.0010707137,0.0030516696,0.00040244765,0.0010398004
syn-0173,2,0,4,8,8,0.00046923477,0.0006295772,0.00038055493,0.00037065192,0.00041147802,0.00068943255,0.0034184519,0.0003568007,0.99139166,0.0007338971,0.00086011,0.00028810077
syn-0182,2,0,4,6,6,0.0003966895,0.00039321822,0.0008367219,0.00070977,0.00037120245,0.0005957923,0.99383426,0.00027910594,0.0004773321,0.00024415477,0.0011297873,0.0007318537
syn-0183,2,0,4,4,5,0.0021649818,0.0010039872,0.00047750305,0.0014629344,0.049184617,0.93898517,0.0016292345,0.0014437741,0.0011404474,0.00059833843,0.0005421397,0.0013669379
syn-0185,2,0,4,7,7,0.0034472502,0.0006258207,0.0074474453,0.0008122483,0.0009294301,0.0021016744,0.00094406656,0.96877766,0.0037496137,0.006180181,0.0014881289,0.0034964108
syn-0195,2,0,4,4,4,0.0029811235,0.002145127,0.0006967609,0.003243097,0.6984357,0.27297768,0.004322709,0.00096264464,0.008753457,0.0022447829,0.0013722084,0.0018646287
syn-0197,2,0,4,11,11,0.0026043574,0.00200489,0.0012850082,0.0011535623,0.009046927,0.0025024465,0.0021378447,0.00089751836,0.0011705846,0.0012339712,0.0003272893,0.97563565
syn-0208,2,0,4,8,8,0.0003594293,0.00042934122,0.0003083382,0.000273974,0.00039475592,0.00029307135,0.001819993,0.00043397813,0.9938308,0.0006872588,0.001008229,0.00016074674
syn-0210,2,0,4,0,0,0.986767,0.0007964138,0.000571399,0.000608251,0.0049894443,0.0020327212,0.000520773,0.001027872,0.0006567135,0.0005741958,0.0003881411,0.0010669928
syn-0226,2,0,4,6,6,0.0003933812,0.0008556647,0.0011910221,0.0006798677,0.0003381237,0.00039957603,0.99230605,0.00030398145,0.00041125467,0.00030576778,0.001717134,0.0010982259
syn-0229,2,0,4,7,7,0.00077417603,0.0002742943,0.0011503901,0.00037199823,0.00035914738,0.001674523,0.00019299013,0.9920819,0.0014648301,0.00052665477,0.0004839941,0.00064511347
syn-0236,2,0,4,11,11,0.017966853,0.07036972,0.00700507,0.005590385,0.013004384,0.016366998,0.023387473,0.0038085906,0.29612297,0.06741006,0.010362937,0.46860448
syn-0246,2,0,4,8,8,0.0037250083,0.008657732,0.0015598438,0.0017796588,0.0014230306,0.001286857,0.025821988,0.0009609918,0.9502214,0.0011290127,0.0022728865,0.0011614437
syn-0250,2,0,4,11,11,0.0005057337,0.00082975253,0.0009833428,0.00038305487,0.0003973428,0.00055571104,0.0005589768,0.0007660852,0.00018406115,0.00060351327,0.00070402987,0.99352854
syn-0261,2,0,4,5,5,0.000674225,0.000617798,0.00030943728,0.0005136753,0.00170413,0.9905785,0.002359029,0.0009891685,0.00080379576,0.00030823084,0.00043319204,0.0007088279
syn-0262,2,0,4,10,10,0.00033900252,0.00041636988,0.000314446,0.0003371866,0.0003506186,0.00044844797,0.00080510066,0.0005358055,0.00069920614,0.00048465122,0.99488515,0.0003841402
syn-0263,2,0,4,0,0,0.9855379,0.0042147813,0.0010328767,0.0008146824,0.0018185175,0.0008895262,0.00060630805,0.0008291296,0.0018109856,0.0010374256,0.00052216003,0.00088562566
syn-0265,2,0,4,3,3,0.0011643453,0.0012723991,0.0007245488,0.98740363,0.0026515836,0.0019077668,0.0015504357,0.00026254234,0.00023146665,0.001087942,0.00079420843,0.0009491516
syn-0280,2,0,4,0,0,0.992814,0.00087790366,0.000694479,0.0004777743,0.0010869815,0.0007047269,0.00045947105,0.0005796925,0.00046761913,0.00059314986,0.00059026066,0.00065399735
syn-0281,2,0,4,10,8,0.0058694286,0.008691412,0.0014223022,0.0014390679,0.020416418,0.17262213,0.0061181583,0.0019008779,0.67477965,0.0075217905,0.09778249,0.0014362598
syn-0286,2,0,4,8,8,0.0009231437,0.0020045515,0.00093083846,0.00048598775,0.0004775196,0.0006089702,0.012919032,0.00059254427,0.97737795,0.0021641816,0.0011097244,0.00040566162
syn-0296,2,0,4,3,3,0.0005575521,0.0011743197,0.00065375696,0.99148035,0.0013221578,0.0014085468,0.0006814614,0.00031123497,0.00022264692,0.0009628934,0.0006078826,0.0006171539
syn-0300,2,0,4,10,10,0.00034236134,0.00042029,0.0005681915,0.0004376731,0.00062954513,0.0003013961,0.0006906609,0.0005960414,0.0006681053,0.00045867747,0.99449253,0.0003944405
syn-0304,2,0,4,1,1,0.0007295271,0.99321765,0.0003902971,0.0007375861,0.0004793709,0.0008786895,0.0007805692,0.00043668537,0.0005272577,0.0004682663,0.00065075856,0.0007032943
syn-0312,2,0,4,11,11,0.0023138504,0.0025812867,0.0017866959,0.000614458,0.0014314506,0.0021784427,0.002759867,0.0018972902,0.0119853895,0.0021923145,0.0012570976,0.9690018
syn-0314,2,0,4,8,8,0.00028501084,0.00038766614,0.0003599358,0.00022458316,0.0004770704,0.00029781502,0.00070446206,0.0005695861,0.9952312,0.0005611664,0.0007426084,0.00015894255
syn-0321,2,0,4,9,9,0.00049062964,0.0007711154,0.00040555635,0.0010716337,0.0003798704,0.00040240033,0.0003596541,0.00037215944,0.0010865182,0.99348164,0.00068167085,0.00049714075
syn-0323,2,0,4,7,7,0.00044184356,0.00036881375,0.0009261796,0.00029577193,0.0002653873,0.0028924586,0.00023604035,0.9913037,0.0013191012,0.00077849464,0.0004761167,0.00069613656
syn-0328,2,0,4,10,10,0.0003114996,0.0003248587,0.00028293201,0.00035853384,0.00035005747,0.00036382445,0.00061354553,0.00044860566,0.0011633104,0.00070274685,0.994749,0.00033110424
syn-0330,2,0,4,0,0,0.94658697,0.0016244788,0.00070657034,0.001572962,0.015077664,0.027169136,0.0008440039,0.0017107722,0.0006477525,0.0019966802,0.0007866982,0.0012763138
syn-0332,2,0,4,6,6,0.00034828114,0.00045847805,0.00070794096,0.0008620305,0.00060857215,0.00042839313,0.9935749,0.0002338249,0.0005647643,0.00029185362,0.0014538422,0.00046706438
syn-0339,2,0,4,7,7,0.0007611609,0.0003918599,0.0010427993,0.00034062006,0.00026853324,0.0014267305,0.00021263483,0.99330693,0.0006833839,0.00045925047,0.0004477366,0.0006583279
syn-0341,2,0,4,8,8,0.00038426754,0.00039376452,0.00036559798,0.00023859713,0.00046148268,0.0004112536,0.00058565196,0.0006163107,0.99521494,0.00077510555,0.00040566924,0.0001474267
syn-0350,2,0,4,2,2,0.00056055194,0.0004357065,0.9934136,0.0011061153,0.00033065974,0.00021307342,0.0011282068,0.00083964126,0.00039382026,0.0004575092,0.00037486956,0.0007463367
syn-0353,2,0,4,7,7,0.0010003393,0.0008022269,0.0013925683,0.0009705093,0.0006657192,0.020629177,0.00024682522,0.96715873,0.0018102753,0.00288611,0.0010768819,0.0013606417
syn-0354,2,0,4,8,8,0.00046324154,0.0004989308,0.00033219732,0.00026692802,0.00055307563,0.00052569096,0.0006358095,0.0006032965,0.9951133,0.00046778755,0.00037551095,0.00016428907
syn-0355,2,0,4,5,5,0.0025055015,0.0013277412,0.0007404441,0.001132355,0.01861754,0.962387,0.0013941813,0.0009134339,0.0030001574,0.0009828467,0.0056228493,0.0013759217
syn-0357,2,0,4,3,3,0.0005394731,0.0010546909,0.0024042123,0.9888172,0.0016950887,0.0004883261,0.0011872693,0.00044986713,0.00033398654,0.0014227978,0.00084087293,0.00076637155
syn-0363,2,0,4,9,9,0.01225693,0.009265012,0.0014096926,0.0017907411,0.0043783523,0.0060506086,0.005354002,0.0014787888,0.10316611,0.8470919,0.00497345,0.0027844093
syn-0367,2,0,4,4,4,0.00072722865,0.0005536518,0.00029318206,0.00085437804,0.99226636,0.0011489067,0.0004388309,0.0002903329,0.0020192498,0.000577114,0.00044945686,0.00038126286
syn-0370,2,0,4,9,9,0.0005431124,0.0010960462,0.0006306369,0.00086535217,0.00042942748,0.0007247961,0.0002813505,0.0005460373,0.0005144596,0.9891887,0.0029881038,0.0021920223
syn-0371,2,0,4,6,6,0.00036233332,0.0006214872,0.000987422,0.00073767407,0.0003883475,0.00040817875,0.9930936,0.00029892172,0.00040817875,0.00029199722,0.0016656242,0.0007362347
syn-0374,2,0,4,8,8,0.00049497,0.0003445339,0.00028147514,0.00032239783,0.00094100955,0.0005331037,0.0007885497,0.000631841,0.9944707,0.000470922,0.0005795269,0.00014098278
syn-0377,2,0,4,5,5,0.002473618,0.0026707037,0.0013875739,0.0014121805,0.001801802,0.74595565,0.0014442583,0.23289873,0.0030255648,0.0019837297,0.00096302346,0.003983103
syn-0379,2,0,4,3,3,0.001003521,0.0017099667,0.0017330826,0.97450817,0.010071073,0.0010178322,0.00084960053,0.00070365606,0.00042388146,0.0043020053,0.0024755658,0.0012016441
syn-0393,2,0,4,2,2,0.00087465905,0.0005368265,0.9921679,0.001221331,0.0003344644,0.00026252415,0.0011657579,0.0009132842,0.00035708008,0.00058101496,0.00048521927,0.0011000687
syn-0415,2,0,4,1,1,0.011061672,0.49292699,0.004153677,0.0059382576,0.026795976,0.011061672,0.0045131785,0.0034739175,0.29549217,0.027883822,0.0046518967,0.11204671
syn-0418,2,0,4,0,0,0.9907686,0.0008254298,0.0008468631,0.0008090695,0.002245395,0.0007341525,0.0005498548,0.00062185136,0.00044376665,0.0006444167,0.0005311191,0.0009795045
syn-0421,2,0,4,10,10,0.00032712487,0.000514891,0.00039266588,0.00084953377,0.00037780753,0.00043146973,0.0009000289,0.00034618817,0.00081678916,0.0007856902,0.99340785,0.0008499486
syn-0429,2,0,4,2,2,0.0011045709,0.0011876383,0.9852683,0.0007967589,0.00052099867,0.00041578215,0.0010938366,0.0034525234,0.00079326524,0.0023207457,0.0011873484,0.0018582671
syn-0440,2,0,4,1,1,0.0018048468,0.9909888,0.0005510522,0.00086060056,0.0005411861,0.0009973396,0.0008308707,0.0004247818,0.0013994526,0.00065056764,0.00040572567,0.0005448982
syn-0444,2,0,4,5,5,0.0010445708,0.0016339391,0.00037592463,0.0014173398,0.0031823495,0.9726573,0.015629692,0.00086809637,0.0008908549,0.0005322136,0.0005954692,0.0011721508
syn-0448,2,0,4,4,5,0.003479613,0.0017368912,0.0011833007,0.0034139778,0.43849432,0.53307354,0.004738103,0.0010943742,0.004572748,0.0029144322,0.0025795235,0.0027192035
syn-0453,2,0,4,1,1,0.0041863406,0.9418467,0.0011523322,0.0013644252,0.001960183,0.0026377146,0.0051057856,0.0021814103,0.0013224463,0.0023946406,0.018291498,0.017556438
syn-0454,2,0,4,11,11,0.00073585403,0.0017117474,0.00091712753,0.00056035514,0.0013127627,0.0019951602,0.0017633913,0.0012618552,0.00070284284,0.00142221,0.000835462,0.9867812
syn-0457,2,0,4,9,9,0.0005925581,0.0010025757,0.0004958266,0.0007577083,0.00036613553,0.00033729983,0.00020478258,0.00071354106,0.0006772184,0.99376255,0.00051181566,0.0005779842
syn-0459,2,0,4,5,8,0.05620955,0.069206476,0.0034998476,0.0047279927,0.049411364,0.24440172,0.025668722,0.0025356598,0.5327808,0.0058269,0.0027256843,0.003005295
syn-0468,2,0,4,6,6,0.00037432776,0.0002802217,0.0010105964,0.0009765189,0.0005322868,0.00036726685,0.99391717,0.00031877554,0.0004951778,0.00028214382,0.0008967607,0.00054878136
syn-0484,2,0,4,3,3,0.00047076735,0.0008383121,0.0007835897,0.99365884,0.0006960889,0.0005193139,0.0008746912,0.0003834794,0.0002982169,0.0005533469,0.00045986206,0.0004634688
syn-0489,2,0,4,11,11,0.0011512769,0.005066048,0.0011831913,0.0011136783,0.004095605,0.0062694945,0.009466935,0.0007828058,0.0005800301,0.002017596,0.0040333397,0.9642401
