id,fold_seed,model_seed,fold,gold,pred,prob_0,prob_1,prob_2,prob_3,prob_4,prob_5,prob_6,prob_7,prob_8,prob_9,prob_10,prob_11
syn-0003,0,0,0,2,2,3.6684716e-05,2.3409491e-05,0.9977896,0.00031207057,2.2644985e-05,0.0001069833,0.0004211304,0.00047631576,0.00022275471,0.0001474477,0.00026816918,0.00017255225
syn-0004,0,0,0,10,10,0.000115680275,0.0004069306,0.000430855,0.00016029278,0.0011893384,0.00024754007,0.0016949365,9.035622e-05,0.00011738729,0.00032475035,0.99490297,0.00031893596
syn-0006,0,0,0,7,11,0.0034234521,0.12721568,0.009125915,0.0015612602,0.0013967737,0.0052354573,0.00078351906,0.11537961,0.07860525,0.13293086,0.0031910085,0.5211512
syn-0008,0,0,0,8,8,4.2319443e-05,0.0001745548,0.00018346858,0.000100827456,0.000104843966,9.8012046e-05,0.0004223802,0.00036513817,0.99809724,0.00014886785,7.6257355e-05,0.00018608502
syn-0011,0,0,0,10,10,0.00012108679,0.0012663826,0.0004253257,0.00012444344,0.00039297802,0.00016010093,0.00077327405,7.956591e-05,0.0006068757,0.0010355489,0.9946831,0.00033140575
syn-0015,0,0,0,6,6,5.5003125e-05,6.647614e-05,0.0002643342,0.000913651,0.00063604285,0.0002927342,0.99657285,2.9269051e-05,0.00036413572,8.9453424e-05,0.0006099243,0.00010612489
syn-0016,0,0,0,9,9,0.00015229337,0.00077662617,0.0002579238,0.00026832928,0.00013051809,4.147237e-05,5.1714105e-05,5.9872356e-05,0.00044973742,0.99741083,0.0002022491,0.0001984341
syn-0017,0,0,0,3,3,9.6219104e-05,7.377374e-05,0.00033847164,0.9972149,0.0005334991,0.00018783675,0.00078237255,0.00017236869,0.00014543274,0.00028252762,9.244268e-05,8.008064e-05
syn-0020,0,0,0,6,6,5.1182436e-05,5.12825e-05,0.0004906104,0.0007926538,0.00030329113,0.00023482341,0.99684393,3.5039993e-05,0.00042531412,8.438556e-05,0.0005915002,9.599563e-05
syn-0034,0,0,0,0,0,0.9965947,0.00042728908,0.00016469441,0.00020717914,0.00066878245,0.0003921982,0.0001971134,0.00018247821,7.035162e-05,0.0002772966,0.00015216877,0.00066584995
syn-0044,0,0,0,2,2,3.4324272e-05,2.0941065e-05,0.99768853,0.00028550538,1.9749305e-05,9.990423e-05,0.00040744152,0.0006797278,0.00022164722,0.00013549022,0.00022857144,0.00017818552
syn-0049,0,0,0,8,8,3.3284676e-05,0.00030037996,0.00014917157,7.442445e-05,5.853063e-05,6.2549385e-05,0.0002685367,0.00031265093,0.99818194,0.00029342168,7.544897e-05,0.00018967869
syn-0052,0,0,0,4,4,0.00058479246,0.0003314603,1.0704312e-05,0.00074988086,0.99654835,0.00093119347,0.00024722406,3.3556305e-05,5.1568568e-05,9.5593015e-05,0.00024977213,0.0001658164
syn-0053,0,0,0,10,10,6.393384e-05,0.00023824,0.00033960078,9.060249e-05,0.00032810937,0.0001877286,0.00063337444,5.549247e-05,7.636949e-05,0.0002758913,0.9976146,9.5976065e-05
syn-0055,0,0,0,3,3,0.00010124023,7.815602e-05,0.00031551774,0.9973017,0.0005282155,0.00021338575,0.0006606528,0.00020421151,0.00015347102,0.00026595214,8.951885e-05,8.795902e-05
syn-0063,0,0,0,1,1,0.0006055632,0.9966628,3.5033627e-05,4.6684763e-05,0.00019331407,0.00062834425,8.363195e-05,4.4896296e-05,0.0002926177,0.0005583836,0.00030308802,0.0005455153
syn-0069,0,0,0,11,11,0.0031405014,0.0015607458,0.00017307074,0.00011687701,0.0007813511,0.00025703394,0.00025230873,0.00050694746,0.00029642263,0.00018786649,0.0002120507,0.9925148
syn-0072,0,0,0,0,0,0.9962496,0.00037833367,0.00021119222,0.00026736333,0.00065015565,0.0004433981,0.00024969724,0.00023814649,8.9162815e-05,0.00030563687,0.00016657807,0.00075084664
syn-0073,0,0,0,11,11,0.0031827954,0.009899909,0.00015753627,8.481863e-05,0.00046642864,0.00033941853,0.0001807927,0.00042990406,0.0003001214,0.0003069387,0.00015032219,0.984501
syn-0077,0,0,0,2,2,3.1074575e-05,1.9522078e-05,0.99783474,0.00032982838,1.9332361e-05,9.665573e-05,0.00045909674,0.00046541655,0.00020482008,0.00014941122,0.00024597687,0.00014396827
syn-0081,0,0,0,10,10,6.9666705e-05,0.00040632376,0.00029003224,8.6616994e-05,0.00024162207,0.000120255776,0.0004922823,4.3130494e-05,0.00012590396,0.0004509964,0.9975509,0.00012226887
syn-0084,0,0,0,5,5,0.0004329648,0.00068073365,4.0311344e-05,0.00017038136,0.00072115153,0.99636346,0.00035771567,0.00032761786,8.467501e-05,0.000115398434,0.00026479535,0.0004407504
syn-0090,0,0,0,5,5,0.010618822,0.00406603,6.3637046e-05,0.0012806831,0.11416309,0.86694175,0.0006192979,0.00028023194,9.70349e-05,0.00029025908,0.0006205086,0.0009587191
syn-0093,0,0,0,5,5,0.0006076294,0.0015164327,9.022789e-05,0.0025666608,0.03282097,0.9479947,0.011420427,0.000598209,0.0006386585,0.00025653382,0.0006367901,0.0008527209
syn-0098,0,0,0,10,10,6.90049e-05,0.0002766766,0.00032760046,7.683032e-05,0.00027092805,0.00016504989,0.00050792424,5.7599475e-05,9.177443e-05,0.00027654154,0.997771,0.00010909132
syn-0101,0,0,0,3,3,0.00010143184,8.016087e-05,0.00038279977,0.9972397,0.0004695317,0.00020459802,0.00070201687,0.00020241196,0.00015710073,0.0002706516,9.127879e-05,9.831111e-05
syn-0109,0,0,0,3,9,0.008354378,0.017492976,0.001426825,0.2076638,0.13887534,0.0010644763,0.0015472921,0.000607706,0.0021735246,0.6127467,0.005701365,0.0023455548
syn-0120,0,0,0,3,9,0.0018557841,0.0063597993,0.0033374983,0.27009565,0.018353336,0.000589679,0.005850345,0.00045124037,0.003552748,0.66980004,0.018007139,0.0017467563
syn-0121,0,0,0,9,9,0.00018655902,0.0007987862,0.00029928726,0.00033396058,0.00016641585,4.9529863e-05,5.6564873e-05,7.15047e-05,0.00030984488,0.9972253,0.0002618089,0.00024048406
syn-0139,0,0,0,1,1,0.00047274592,0.99698275,3.818974e-05,4.02577e-05,0.00014272593,0.00032974794,7.9983845e-05,3.9248396e-05,0.00029057558,0.00063173816,0.00036481954,0.0005873372
syn-0148,0,0,0,7,7,0.00014383232,0.000105024665,0.0005421884,0.00013940709,3.141118e-05,0.00035921877,6.794158e-05,0.99689263,0.0004906793,0.00017281853,7.476512e-05,0.0009800403
syn-0155,0,0,0,4,4,0.00035491952,0.00044440868,1.0332249e-05,0.001075492,0.99244434,0.0042880625,0.00074631424,4.0944728e-05,0.00010404675,7.769944e-05,0.00022615201,0.00018730362
syn-0158,0,0,0,1,1,0.0005453696,0.9968832,4.0332376e-05,4.3101627e-05,0.00017468334,0.0003628291,8.340573e-05,4.1694017e-05,0.0002530483,0.00061343744,0.0004379761,0.0005209673
syn-0166,0,0,0,5,5,0.0002950297,0.00092713156,2.9211895e-05,0.00013909022,0.00065767555,0.9965713,0.00027891964,0.0003185362,8.3298255e-05,0.00010906661,0.00022753644,0.00036333594
syn-0169,0,0,0,4,4,0.03479917,0.0017932142,7.151082e-05,0.0026027688,0.95350087,0.0050427564,0.0003094178,0.00014473824,7.915526e-05,0.00048393867,0.00046859158,0.00070378283
syn-0173,0,0,0,8,8,5.4339176e-05,0.0003495245,0.00014959637,0.00016803155,0.00025546795,0.00012833197,0.0018376476,0.00023673115,0.9961486,0.00018027153,0.00019587408,0.00029562536
syn-0175,0,0,0,11,11,0.0006161117,0.002100113,0.00015865604,6.385292e-05,0.0002669994,0.00016594569,0.0001549808,0.00047308163,0.00029482075,0.00016369234,0.00016225994,0.99537945
syn-0196,0,0,0,4,4,0.053203702,0.0014967965,9.592089e-05,0.001532292,0.9375486,0.0026317744,0.00039027206,0.0001845316,0.000108268854,0.0005568595,0.0009226,0.0013283564
syn-0223,0,0,0,6,6,4.975337e-05,6.813774e-05,0.00039105405,0.0006391976,0.00045363064,0.0002287132,0.99587303,3.1811014e-05,0.0004464887,0.00011005976,0.0015930199,0.000115116585
syn-0230,0,0,0,9,9,0.00018477974,0.0007019635,0.00024937786,0.0003085426,0.00016989492,4.934577e-05,5.0417406e-05,7.725366e-05,0.0004304657,0.9974074,0.00015499353,0.00021560788
syn-0233,0,0,0,8,8,3.3815653e-05,0.00026793595,0.000116881216,6.844304e-05,7.158773e-05,5.510305e-05,0.00027182332,0.0002404109,0.9983833,0.0002327868,9.0230635e-05,0.00016783386
syn-0241,0,0,0,1,1,0.0044061937,0.9764173,5.2437084e-05,0.00025138783,0.010626833,0.0047202357,0.0002657779,7.467384e-05,0.00021439437,0.00079812907,0.0010661625,0.0011064705
syn-0246,0,0,0,8,8,0.000111518115,0.004774397,9.860678e-05,9.879957e-05,0.00020712605,0.00015094587,0.0003875297,0.00027359472,0.992455,0.0006195731,0.0002393337,0.0005834578
syn-0248,0,0,0,6,6,5.4555152e-05,6.303836e-05,0.0006034264,0.00060065207,0.0002609043,0.00024629655,0.9962088,3.6341567e-05,0.00045278756,0.000101030564,0.0012630718,0.00010913346
syn-0249,0,0,0,8,8,2.8302326e-05,0.00015847554,0.00016065707,5.9102436e-05,5.4447715e-05,7.814523e-05,0.00018636548,0.0007370897,0.9981383,0.00017653346,6.8359455e-05,0.00015412565
syn-0252,0,0,0,8,8,3.691784e-05,0.0002353877,0.00012271528,7.3779265e-05,9.1105234e-05,6.816806e-05,0.0004029577,0.0002613149,0.998264,0.00016855288,0.0001043507,0.00017078975
syn-0254,0,0,0,7,11,0.0026815995,0.120551564,0.001008914,0.0005092994,0.0022252963,0.002460774,0.0013952773,0.004908192,0.32010213,0.0024511807,0.0014311579,0.5402746
syn-0270,0,0,0,10,10,7.061369e-05,0.0003095908,0.00020194701,0.00012260673,0.0010784696,0.00017717642,0.0010858672,4.3503835e-05,0.00010507611,0.0002860452,0.99640745,0.00011163469
syn-0273,0,0,0,0,0,0.9836506,0.0011191666,0.00013202752,0.0005896874,0.011451787,0.0012344269,0.00018492022,0.00015196275,6.334751e-05,0.0005448393,0.00021938384,0.0006578438
syn-0274,0,0,0,9,9,0.00016676928,0.00065317535,0.00028857388,0.0003378716,0.00017039097,4.6446028e-05,5.848438e-05,7.2642964e-05,0.00041619837,0.99739313,0.00018486734,0.00021133143
syn-0275,0,0,0,0,0,0.99669707,0.0003989994,0.00014422604,0.00020299444,0.000751459,0.00036347055,0.00017329157,0.00015625042,6.17287e-05,0.00026243794,0.00014282446,0.00064527255
syn-0276,0,0,0,6,6,7.145583e-05,0.00013559933,0.00048617073,0.0007740587,0.0011627447,0.00046345458,0.9830117,4.5154735e-05,0.00039275302,0.00021146095,0.013069856,0.00017565003
syn-0284,0,0,0,0,0,0.8811376,0.10380789,0.00031037995,0.00037002793,0.0027266578,0.0009635358,0.00037880286,0.00027444487,0.00029214504,0.0032310763,0.0006852539,0.0058222255
syn-0296,0,0,0,3,3,0.0001235439,9.878679e-05,0.00024847125,0.99718374,0.0008198937,0.00020568837,0.00045220833,0.00017940458,0.00015541342,0.00035228772,8.8034554e-05,9.253011e-05
syn-0302,0,0,0,10,10,5.80441e-05,0.00021398172,0.0003107341,8.730487e-05,0.00026507213,0.00015487966,0.0007923258,4.9261387e-05,8.453618e-05,0.00024259149,0.9976484,9.275421e-05
syn-0304,0,0,0,1,1,0.0012962341,0.95854855,0.00011331899,0.00023896105,0.004682757,0.001636994,0.0014977956,6.648681e-05,0.0011489606,0.0017648345,0.026613958,0.0023911344
syn-0311,0,0,0,9,9,0.0003118428,0.0015921975,0.00038432312,0.0003644032,0.0002572675,5.041222e-05,5.9400114e-05,0.000107349835,0.00036280538,0.9953589,0.00033570398,0.00081530225
syn-0316,0,0,0,0,0,0.97235096,0.0033840472,0.0001688936,0.0005826288,0.007308893,0.013390701,0.00036674237,0.00022244049,9.3636976e-05,0.00050520897,0.00032113033,0.0013046662
syn-0318,0,0,0,11,11,0.00069796556,0.0010789208,0.00019188764,7.6626355e-05,0.00026279205,0.00011752788,0.000167204,0.0004891655,0.00042801406,0.00024068101,0.00015463842,0.9960945
syn-0328,0,0,0,10,10,6.900721e-05,0.00025614264,0.00037037235,7.773858e-05,0.00021183191,0.00017046124,0.0004876185,6.095815e-05,8.886699e-05,0.0003021047,0.99780446,0.000100503
syn-0332,0,0,0,6,6,5.1183233e-05,5.833903e-05,0.00033967523,0.0008053455,0.00036114134,0.00025929607,0.99685943,2.9163326e-05,0.00039010574,9.4324416e-05,0.000658187,9.386497e-05
syn-0345,0,0,0,7,7,8.794588e-05,6.522831e-05,0.0008103164,0.00012560815,2.3394548e-05,0.00043453934,6.248489e-05,0.9971527,0.0004270589,0.00012305842,6.5037486e-05,0.00062250585
syn-0354,0,0,0,8,8,3.9839317e-05,0.00018403532,0.00015005864,8.617143e-05,7.907535e-05,7.005688e-05,0.0003345492,0.0003064006,0.9982515,0.00015020526,7.792546e-05,0.0002702656
syn-0356,0,0,0,8,8,2.8476685e-05,0.0001942231,0.00015545423,5.9816e-05,5.076518e-05,5.7806054e-05,0.00025492776,0.00036610445,0.9984201,0.00016816819,6.6339715e-05,0.00017779456
syn-0357,0,0,0,3,3,0.00014165608,0.00010882384,0.00015436807,0.99435306,0.0033394403,0.0002336655,0.0010061148,0.000103637816,0.000118358104,0.0002651658,8.769896e-05,8.8128225e-05
syn-0371,0,0,0,6,6,5.2904255e-05,6.125026e-05,0.0003630386,0.0007948875,0.00034012852,0.00026411747,0.99672854,2.870742e-05,0.00033550998,9.7115946e-05,0.0008412099,9.248787e-05
syn-0372,0,0,0,1,1,0.00046484254,0.9961176,4.0459134e-05,4.3832282e-05,0.00024399982,0.00038763264,0.000109336805,3.6055455e-05,0.00034628605,0.0007145993,0.00082142005,0.00067398016
syn-0380,0,0,0,4,4,0.0013044887,0.0008245405,2.1754411e-05,0.001527524,0.92724466,0.0673007,0.0006057556,0.000107918786,6.859736e-05,0.00015071088,0.00040688372,0.0004365225
syn-0382,0,0,0,0,0,0.9963566,0.00048708927,0.00014333447,0.00021370464,0.00083170814,0.00037634745,0.00018119173,0.00016099797,6.110794e-05,0.00029395963,0.00014333447,0.0007507439
syn-0383,0,0,0,2,2,3.1748026e-05,2.0378313e-05,0.9977912,0.0002982532,1.8231356e-05,0.00010188515,0.00036175476,0.00065567327,0.00022848335,0.00013656695,0.00021079728,0.00014516195
syn-0419,0,0,0,1,1,0.00053288793,0.99655896,3.9462262e-05,4.1194864e-05,0.00019424006,0.00035001012,8.184581e-05,3.7435162e-05,0.00021542449,0.00069243414,0.0006258294,0.00063023757
syn-0421,0,0,0,10,10,0.00017706599,0.0013613623,0.0006702007,0.00054301013,0.0009147148,0.00018161937,0.0010127443,6.564983e-05,0.0003668812,0.008285196,0.9861093,0.0003122816
syn-0425,0,0,0,5,5,0.0004152553,0.00067016215,2.0269517e-05,0.00028214438,0.0049115876,0.9924642,0.00034099643,0.00018154451,6.843709e-05,8.94333e-05,0.00022330356,0.00033277212
syn-0448,0,0,0,4,5,0.00035860014,0.00059588015,2.2273542e-05,0.00020047008,0.0026639868,0.99493295,0.0003127766,0.00021867335,6.0545757e-05,8.75789e-05,0.00018685866,0.0003594767
syn-0452,0,0,0,10,10,5.2598738e-05,0.00018074138,0.00032664175,0.00011167823,0.00031397495,0.00014466359,0.0015859551,4.3013766e-05,9.4502815e-05,0.00025476175,0.9967961,9.533707e-05
syn-0454,0,0,0,11,11,0.000527045,0.00044615217,0.00026627956,8.569185e-05,0.00022776097,0.00013640132,0.00020198221,0.00083372544,0.00037882937,0.00016533674,0.00014966131,0.99658114
syn-0455,0,0,0,2,8,0.00070163957,0.0012544775,0.04584894,0.0020282797,0.00045389822,0.0020046495,0.0014695002,0.42742288,0.46215436,0.0024251635,0.0005285919,0.053707633
syn-0457,0,0,0,9,9,0.00019783888,0.00062911457,0.00032978447,0.00037360354,0.00020967494,5.6240686e-05,6.176831e-05,7.9389574e-05,0.00028352955,0.99733657,0.00021654212,0.00022604944
syn-0459,0,0,0,5,4,0.22979306,0.0047274693,0.00024402681,0.004166887,0.61495805,0.13964902,0.00078159804,0.0006646305,0.0002445039,0.0012674206,0.00094555336,0.0025577608
syn-0480,0,0,0,1,1,0.0008247146,0.98846114,5.1551247e-05,9.389582e-05,0.0016735108,0.00095645216,0.0003164071,3.50863e-05,0.00031764546,0.001067651,0.0049205236,0.0012813645
syn-0487,0,0,0,6,6,5.226715e-05,7.0333146e-05,0.00025290862,0.0008056083,0.00065868313,0.00026790847,0.996333,3.5434867e-05,0.0007035223,9.11958e-05,0.00060888496,0.00012022631
syn-0489,0,0,0,11,11,0.00059285533,0.00075361354,0.00014008684,5.902757e-05,0.00022916676,0.00018795597,0.00015597323,0.00053674553,0.00026454323,0.00011146904,9.451021e-05,0.996874
syn-0495,0,0,0,2,2,3.052547e-05,1.9214605e-05,0.99758494,0.00039026156,1.7980079e-05,0.00010236268,0.00047936753,0.00066618616,0.00022456536,0.00013233787,0.00019846874,0.00015381473
syn-0496,0,0,0,8,8,5.5630633e-05,0.0003729954,0.00017303598,0.00016065848,0.0002185245,0.000106812804,0.0016667591,0.0002767809,0.9961994,0.0002735563,0.0002597578,0.00023605068
syn-0497,0,0,0,5,5,0.00092817564,0.04238332,8.692598e-05,0.00025152866,0.0030381973,0.945982,0.0010925906,0.0008017018,0.0010364664,0.00050711044,0.0018427459,0.0020492175
syn-0498,0,0,0,7,7,0.00010703807,7.1233124e-05,0.00070585863,0.0001609973,2.7624203e-05,0.00043748913,5.9750448e-05,0.9973259,0.00037892736,0.00013743958,5.8939106e-05,0.00052885734
syn-0013,0,0,1,6,6,6.2016254e-05,8.151884e-05,0.00026097076,0.0004452015,0.00041672474,0.00030877758,0.9974362,2.3355538e-05,0.00017666789,6.864574e-05,0.0006227588,9.718489e-05
syn-0018,0,0,1,3,6,0.00017786867,0.00018279938,0.0002670125,0.007042767,0.014664061,0.0013617644,0.9752221,5.2783667e-05,0.0003499546,0.00016354058,0.00037398274,0.00014125642
syn-0031,0,0,1,0,0,0.99629813,0.00057221885,0.00011282798,0.0002333237,0.00070135406,0.00063532445,0.00025813974,0.00018403429,0.0002037074,0.00027238374,0.00015316694,0.00037540775
syn-0032,0,0,1,4,4,0.00044926413,0.00030206383,6.583824e-05,0.00086661376,0.98893934,0.00088381406,0.007699568,6.481751e-05,0.00029334266,0.00018464791,7.402393e-05,0.00017670922
syn-0037,0,0,1,8,8,0.00024739694,0.00038331625,0.000140139,5.9687292e-05,0.00012710055,5.5094013e-05,0.00019782076,0.00022090062,0.99821955,0.00016937037,6.491662e-05,0.00011460173
syn-0041,0,0,1,10,10,0.00051658065,0.003757407,0.0019610117,0.003117377,0.0006479372,0.00048150602,0.0013255916,0.0007320612,0.000468976,0.032463007,0.9524211,0.0021074568
syn-0042,0,0,1,9,9,9.980897e-05,0.00028246123,0.00036202391,0.00063715805,0.00016004036,3.9740054e-05,3.472966e-05,0.00011544172,0.00025079722,0.99771106,0.00012216915,0.0001846556
syn-0045,0,0,1,9,9,0.00012673688,0.00038729186,0.00032355497,0.00082521857,0.00019353397,3.8202248e-05,4.122588e-05,0.00010364185,0.00020712533,0.9973093,0.00020753028,0.00023654454
syn-0046,0,0,1,8,8,0.0003098789,0.0008321182,0.00010579196,4.1146486e-05,7.095603e-05,5.3560423e-05,0.00012188476,0.00059825584,0.9973347,0.00024501473,6.4103435e-05,0.00022265314
syn-0057,0,0,1,8,8,0.00029275948,0.00052362314,9.984987e-05,4.5049837e-05,9.0294976e-05,5.287473e-05,0.00014330796,0.00025798113,0.9981199,0.00018062828,5.7282992e-05,0.0001364786
syn-0059,0,0,1,3,3,0.0001069544,9.503435e-05,0.00018417006,0.99752,0.00045424225,0.000247586,0.0005503674,0.00013181334,9.4294795e-05,0.00032008733,0.00023752054,5.7923393e-05
syn-0070,0,0,1,2,2,3.193504e-05,2.4152961e-05,0.99780506,0.00029517864,5.3690444e-05,6.15564e-05,0.00023356255,0.00043214473,0.00019860949,0.00023863478,0.00023287928,0.00039248288
syn-0071,0,0,1,6,6,6.626943e-05,7.627565e-05,0.00030035325,0.00051685784,0.00043192005,0.00034799078,0.9973623,2.6515068e-05,0.00019697647,7.3353585e-05,0.0005096751,9.146848e-05
syn-0076,0,0,1,5,5,0.0010962413,0.000845044,2.5000125e-05,0.00018009603,0.0011167715,0.9951788,0.0005897557,0.00014274621,6.163467e-05,9.038127e-05,0.00015631742,0.0005172591
syn-0079,0,0,1,1,1,0.00030678711,0.9975605,3.255692e-05,0.00011396821,0.00015699785,0.0003687932,0.00013855014,0.00012143707,0.00022898891,0.00028975192,0.00024699228,0.0004346507
syn-0086,0,0,1,10,10,4.842138e-05,0.00016573833,0.0002623393,0.00023010487,5.380735e-05,0.0002058622,0.0005572738,8.759421e-05,5.225384e-05,0.00016468961,0.99802655,0.00014533807
syn-0087,0,0,1,5,8,0.08287087,0.28727725,0.000624745,0.00080062327,0.004971925,0.03976188,0.0034947717,0.008872075,0.533569,0.0020325189,0.0015644857,0.034159925
syn-0091,0,0,1,4,4,0.0004306401,0.00023259666,4.6115165e-05,0.0012822058,0.99610764,0.00062891486,0.00059315935,6.9498004e-05,0.0001850804,0.00025063884,4.7579015e-05,0.00012596758
syn-0111,0,0,1,3,3,0.00010226455,9.8731776e-05,0.00018929104,0.9976023,0.00038906434,0.00021712923,0.0005420117,0.00011475478,8.330303e-05,0.00034764988,0.00025621583,5.7365214e-05
syn-0118,0,0,1,5,5,0.0005940346,0.00048053567,2.5230742e-05,0.00015592143,0.0008700846,0.9965429,0.0005664859,0.00014072578,7.1595474e-05,8.4195475e-05,0.00014820122,0.00032008623
syn-0128,0,0,1,2,2,3.372909e-05,2.3638859e-05,0.9977744,0.00028337713,5.5069446e-05,6.2707295e-05,0.00024476394,0.0004536376,0.00018065394,0.00021663719,0.00023151164,0.00043994907
syn-0130,0,0,1,6,8,0.00033095537,0.00064356474,0.00012397129,6.3380205e-05,0.00015595104,5.7934194e-05,0.00019503421,0.00024751129,0.99770606,0.0002489658,7.6675424e-05,0.00014997665
syn-0133,0,0,1,2,2,2.9359953e-05,2.277641e-05,0.9977174,0.0002455879,4.450703e-05,6.0125163e-05,0.00021939243,0.0006042848,0.00020112928,0.00020955024,0.00022602535,0.00041991283
syn-0134,0,0,1,5,5,0.0011089591,0.00209444,0.0002856399,0.0005901152,0.0009466922,0.97242117,0.001240763,0.016764142,0.00041804588,0.00041845432,0.0008527631,0.0028587438
syn-0146,0,0,1,10,10,5.1012972e-05,0.00015921627,0.00022104992,0.00027895614,7.553968e-05,0.00015720776,0.001199076,6.330094e-05,6.569413e-05,0.00014475588,0.99743205,0.00015214794
syn-0147,0,0,1,0,0,0.99663395,0.00054820295,9.96039e-05,0.00019274298,0.0005384536,0.0004790275,0.00021691847,0.00018409632,0.0003409276,0.00026178145,0.00012505335,0.00037921956
syn-0151,0,0,1,10,11,0.00060234877,0.0011354086,0.0021085723,0.00016125156,0.00015659591,0.00028971658,0.00044522982,0.00093157054,0.00021404123,0.0006118344,0.005115328,0.988228
syn-0167,0,0,1,0,0,0.99679846,0.0003506074,0.00011211559,0.00020163204,0.00054164114,0.0005713891,0.00022736612,0.00017916021,0.00023804508,0.00022581717,0.00012766545,0.00042623022
syn-0181,0,0,1,10,10,0.0016752486,0.015473148,0.0021637026,0.0038874694,0.002886102,0.00070176576,0.031119559,0.0012534785,0.020719977,0.0039084055,0.91211516,0.004095974
syn-0187,0,0,1,3,3,0.00012306581,0.000109136796,0.0001543591,0.9972126,0.0007221627,0.0002632155,0.00062719616,0.00011640263,8.777956e-05,0.00027773963,0.00024106883,6.5232234e-05
syn-0191,0,0,1,4,4,0.00034103083,0.0002689884,4.4169195e-05,0.0025495996,0.9940194,0.0005237047,0.0016309441,5.359131e-05,0.00015431627,0.00023370115,6.241033e-05,0.000118202894
syn-0202,0,0,1,10,10,6.220846e-05,0.0002526129,0.0003255514,0.00023317289,6.1664105e-05,0.0001378808,0.0007053638,0.000115428935,0.00010286534,0.00020248521,0.9976006,0.00020022393
syn-0213,0,0,1,0,0,0.9955987,0.0007472938,9.988987e-05,0.00018552858,0.00073082984,0.00054013135,0.00026679758,0.00020757933,0.0008040693,0.00025433153,0.00012060791,0.00044419154
syn-0222,0,0,1,8,8,0.00020713314,0.000396927,0.000118946555,5.1358504e-05,9.3727635e-05,5.0859395e-05,0.0001460213,0.00025910637,0.99832135,0.00019288086,5.9460657e-05,0.00010223837
syn-0232,0,0,1,8,8,0.0002031178,0.00036820315,0.0001411084,5.5097185e-05,8.925706e-05,5.751624e-05,0.00014658629,0.0003299343,0.99827707,0.00016594189,5.4561748e-05,0.00011162592
syn-0236,0,0,1,11,11,0.0010292426,0.0037464756,0.00027272216,5.0300947e-05,9.9063225e-05,0.00014769839,0.00013395662,0.00040031134,0.0002982133,0.0004901126,0.00017016589,0.9931618
syn-0237,0,0,1,4,4,0.0005680515,0.00025383133,4.6226123e-05,0.00083973067,0.99655604,0.00046846576,0.0005503056,6.939362e-05,0.00017462601,0.00028566908,4.8444555e-05,0.000139224
syn-0264,0,0,1,0,0,0.9968935,0.00041164563,9.241289e-05,0.00017778293,0.000597207,0.00043287798,0.00021091639,0.00016139966,0.00019563809,0.00024300045,0.0001123455,0.00047126325
syn-0267,0,0,1,4,4,0.0005458692,0.00024270153,3.598639e-05,0.00074976665,0.9961534,0.00093492394,0.00074474973,6.3529245e-05,0.0001757528,0.0001876368,4.2986037e-05,0.00012257547
syn-0268,0,0,1,6,6,6.944843e-05,8.151123e-05,0.00033547104,0.00045965542,0.00047741202,0.00032411935,0.9973431,2.751698e-05,0.00021152728,7.568061e-05,0.00049470586,9.977216e-05
syn-0271,0,0,1,2,2,3.585665e-05,3.1458512e-05,0.99644667,0.0003484361,5.9348997e-05,7.665344e-05,0.00025717166,0.0010166372,0.00017223589,0.00040173344,0.00037933345,0.00077455054
syn-0272,0,0,1,3,3,0.008203947,0.005946528,0.0003042673,0.84873337,0.06076575,0.051169895,0.019233156,0.00094271684,0.0010946392,0.0015227271,0.0013516989,0.00073132623
syn-0279,0,0,1,0,0,0.9963224,0.00042436575,0.00010035372,0.00023746715,0.0010002623,0.0004812217,0.00026093403,0.00015287178,0.00029683425,0.0002620832,0.00013268768,0.00032856557
syn-0281,0,0,1,10,8,0.007873465,0.11159379,0.0013951885,0.0029971981,0.006800621,0.0014909831,0.028506136,0.0032218106,0.76633793,0.0070715263,0.044454016,0.018257258
syn-0283,0,0,1,7,7,0.00012098147,0.000111127316,0.0014883197,0.00016375507,2.8932727e-05,0.00021619997,6.245864e-05,0.9967338,0.00033518425,0.00016200538,0.00012252717,0.00045485483
syn-0294,0,0,1,1,1,0.0005395717,0.9966331,2.7018263e-05,0.00011176907,0.00019349718,0.0010935632,0.00017446905,0.00013311848,0.00024424534,0.00020658103,0.00021460059,0.00042855923
syn-0295,0,0,1,10,10,7.704109e-05,0.0002801582,0.00033925797,0.0017723845,0.00022843527,0.0006012593,0.019679006,6.812144e-05,0.00011862645,0.00022643633,0.9763774,0.00023180612
syn-0297,0,0,1,11,11,0.00033743063,0.00049390306,0.0004904832,4.2038933e-05,7.0470756e-05,0.00015927422,0.00011607322,0.00039604036,0.00014221588,0.00027292626,0.00017104326,0.997308
syn-0298,0,0,1,7,7,0.00013909795,0.00020169574,0.00053120294,0.00011805089,2.4576235e-05,0.00024341034,4.3216958e-05,0.9976004,0.0003400107,0.00017075957,9.9993005e-05,0.00048757828
syn-0308,0,0,1,3,3,0.00010117104,9.365934e-05,0.00018562828,0.99759394,0.00044625136,0.00020467071,0.0005442614,0.00011068145,8.018935e-05,0.00032882427,0.0002524879,5.8154405e-05
syn-0313,0,0,1,11,5,0.002368932,0.00740269,0.00015066631,0.0008670248,0.003611198,0.95452946,0.008146159,0.0005608877,0.0002374948,0.00027603738,0.008392444,0.013457005
syn-0314,0,0,1,8,8,0.00019708408,0.00035078326,0.00012737139,5.4249376e-05,8.840007e-05,5.403788e-05,0.00014390846,0.00028605643,0.99839467,0.00015545027,5.510368e-05,9.2914284e-05
syn-0325,0,0,1,4,3,0.00056896236,0.00036112507,0.00012226815,0.96591,0.02740076,0.0015903468,0.0027896126,0.00017276283,0.00021105421,0.00043987477,0.00029996852,0.00013324028
syn-0336,0,0,1,0,0,0.996473,0.00035358703,0.00011229811,0.00022929841,0.0007653602,0.0007178493,0.00024624163,0.00016054575,0.00017140148,0.0002460013,0.00013077795,0.00039358909
syn-0343,0,0,1,8,8,0.00018194623,0.00046854594,0.00013085915,5.2665742e-05,9.46232e-05,4.158074e-05,0.00016349425,0.00031831372,0.9980659,0.00028387542,6.983894e-05,0.00012845348
syn-0346,0,0,1,6,6,6.705072e-05,8.135391e-05,0.0003158458,0.00044411095,0.000413351,0.00032939125,0.9973642,2.636021e-05,0.00020522394,7.62758e-05,0.00057465216,0.00010214035
syn-0348,0,0,1,9,9,0.000101996295,0.00037331472,0.00029048946,0.00042087055,0.00016354765,3.3667668e-05,2.9944646e-05,0.00010340034,0.00027949744,0.99790466,9.628565e-05,0.00020234923
syn-0358,0,0,1,2,2,2.736493e-05,2.0455394e-05,0.99766064,0.00024461656,4.1159936e-05,5.9247475e-05,0.0002128381,0.00074505754,0.000180017,0.00021087265,0.00021335835,0.00038428427
syn-0366,0,0,1,9,9,0.00011882681,0.00038606732,0.00030077965,0.0009973566,0.00016913451,4.019259e-05,3.345124e-05,0.00010374385,0.0002288211,0.9973163,0.00012649049,0.0001788162
syn-0369,0,0,1,6,6,9.206623e-05,0.00013304298,0.00023122855,0.0005600635,0.0005885199,0.0011645686,0.9960679,3.7053098e-05,0.0002360195,7.114327e-05,0.0006879812,0.00013046969
syn-0370,0,0,1,9,9,0.000100220364,0.00033017807,0.00031955112,0.0004455796,0.00016085703,3.4601424e-05,3.2189142e-05,9.992718e-05,0.00024426178,0.9979177,0.00011682671,0.00019795416
syn-0373,0,0,1,11,11,0.00044807693,0.0030094297,0.00023802994,5.3008032e-05,8.323061e-05,0.00024024851,0.00012903605,0.00031967933,0.00016359542,0.00032392173,0.00020142243,0.9947902
syn-0374,0,0,1,8,8,0.0004139117,0.00044173765,0.000118906595,6.50283e-05,0.00015478084,7.093307e-05,0.00020655865,0.00020167521,0.99798596,0.00015327665,6.265937e-05,0.00012461304
syn-0381,0,0,1,8,8,0.0005371132,0.0019361088,0.00043411885,0.00012523028,0.00015494107,0.0001438579,0.00031822905,0.013051242,0.98161167,0.00053345406,0.00030813707,0.0008458232
syn-0396,0,0,1,3,3,0.00010166355,8.96302e-05,0.00021116206,0.99756753,0.00051764696,0.00019510236,0.00049927674,0.00011644407,8.7553926e-05,0.00033685984,0.00021712166,5.9998834e-05
syn-0397,0,0,1,1,1,0.00032313136,0.99770725,3.2498174e-05,9.348721e-05,0.00012506582,0.00031983491,0.00012778185,0.00011806354,0.00022701852,0.00025018473,0.00023942835,0.00043614977
syn-0401,0,0,1,11,11,0.009039463,0.4406798,0.0002894402,0.000214674,0.0004353507,0.0008691868,0.00039561788,0.0012933862,0.0017913103,0.0020678348,0.00087857415,0.54204535
syn-0406,0,0,1,4,4,0.00040499234,0.00023290845,3.334133e-05,0.0011576659,0.9959829,0.0005277585,0.0011154931,4.460355e-05,0.00014023524,0.00019186613,6.180506e-05,0.00010637325
syn-0415,0,0,1,1,11,0.0022550833,0.043072898,0.0009250326,0.00029652563,0.00029421804,0.00031812556,0.00040411678,0.0008878593,0.0005123503,0.0050794277,0.0050153504,0.94093907
syn-0416,0,0,1,2,2,3.0710922e-05,2.4341834e-05,0.99778205,0.0003194687,4.793907e-05,6.030548e-05,0.000222753,0.00041914542,0.00019165041,0.00025783086,0.00024560382,0.00039826526
syn-0426,0,0,1,10,10,5.867654e-05,0.00020054604,0.00040142212,0.00021982696,5.142909e-05,0.00018135527,0.0005286265,0.000146651,6.766832e-05,0.00018108981,0.9977429,0.00021982696
syn-0427,0,0,1,5,5,0.0009445799,0.00050769997,3.8354923e-05,0.0003375412,0.0062640733,0.98962957,0.0013031213,0.00017256763,0.0001227278,0.000120119184,0.00017460178,0.00038491987
syn-0439,0,0,1,6,6,6.744506e-05,8.4018735e-05,0.00028284724,0.0004627072,0.00045121682,0.00030256307,0.9973686,2.5251647e-05,0.0001953494,7.321091e-05,0.0005872777,9.958002e-05
syn-0443,0,0,1,7,7,0.00011243788,9.570477e-05,0.0016266467,0.00012878484,2.3384851e-05,0.0001809077,5.208462e-05,0.99673945,0.00030571248,0.00013979463,9.874277e-05,0.00049637177
syn-0444,0,0,1,5,5,0.00043079766,0.00058367796,3.4307533e-05,0.0004206128,0.0020582336,0.99331445,0.0021856357,0.00021493292,0.000108180655,0.00010142803,0.000209954,0.00033780688
syn-0449,0,0,1,11,11,0.00027552567,0.0016935782,0.001156613,0.00011296514,0.0001012613,0.00014936249,0.00014099988,0.0006716882,0.00015201123,0.0014678183,0.00045760444,0.99362046
syn-0453,0,0,1,1,10,0.0003137476,0.010584474,0.00034932775,0.0009864342,0.00029734045,0.0004807496,0.0029106387,0.00018158315,0.00020940955,0.00095982675,0.9801528,0.0025736515
syn-0456,0,0,1,11,3,0.0038095354,0.032510083,0.0022373246,0.7098448,0.0127187045,0.030495692,0.052537687,0.0022026382,0.0011812921,0.005940797,0.10038287,0.04613851
syn-0460,0,0,1,8,8,0.00017949754,0.00031936457,0.00018765312,6.542367e-05,0.00010924352,4.5317654e-05,0.00017431511,0.00031695666,0.9981877,0.00023115563,6.548759e-05,0.00011788992
syn-0465,0,0,1,7,5,0.0024485278,0.0042899624,0.0013016738,0.0014649412,0.0012263971,0.7768541,0.0015040813,0.19603622,0.0011014845,0.0010634332,0.0022381358,0.0104710255
syn-0471,0,0,1,5,5,0.0015868809,0.0034202535,0.00028646362,0.0005351845,0.0009256194,0.96574825,0.0013494013,0.008322785,0.00026184897,0.0003953918,0.0012657896,0.015902206
syn-0481,0,0,1,9,9,9.460943e-05,0.00036852123,0.0002902814,0.0004362963,0.00014496826,3.2126427e-05,2.9251443e-05,0.000109641725,0.00027882034,0.9979206,0.00011356488,0.00018138756
syn-0482,0,0,1,1,3,0.0001946638,0.0004597344,0.0002891026,0.98133045,0.001118027,0.0007609405,0.011764437,0.0001312026,0.00016106706,0.0007699103,0.0028703574,0.000150131
syn-0486,0,0,1,1,1,0.00031010265,0.99756765,3.8137583e-05,9.429929e-05,0.00013156244,0.0002740658,0.0001322064,0.00012286942,0.00027865372,0.0002956132,0.00026706423,0.0004878004
syn-0490,0,0,1,7,7,0.00014907813,0.00020546411,0.0005402036,0.00013285206,2.8956616e-05,0.00024554838,4.520064e-05,0.9975567,0.00031815135,0.00020748039,0.00011793051,0.0004524879
syn-0009,0,0,2,8,8,0.00023751629,0.00030010214,8.2444945e-05,9.233396e-05,0.00039602077,0.00011468726,0.0002517261,0.00027768468,0.9979894,0.0001275686,7.580365e-05,5.475951e-05
syn-0010,0,0,2,9,9,6.3765685e-05,0.00020106992,0.00021164752,0.00030922607,0.00045228915,2.0540587e-05,7.016983e-05,0.00013096654,0.00031540202,0.99790996,0.00013752007,0.00017744358
syn-0022,0,0,2,10,1,0.00031459107,0.9943727,0.00021769818,0.00019211796,0.000390751,0.00024861912,0.00028755952,0.0003082052,0.00040552396,0.0007048001,0.0005690948,0.001988277
syn-0026,0,0,2,10,10,4.6377914e-05,0.00015681786,0.00022777903,0.0001401594,8.235523e-05,0.00015597783,0.00087508693,0.000113781985,5.2195035e-05,0.00013348006,0.9978775,0.00013852649
syn-0038,0,0,2,5,5,0.0016248714,0.0018647445,0.00024033918,0.1649341,0.0057186317,0.8198009,0.0033336126,0.00070570665,0.0003382712,0.00031530348,0.00070089893,0.00042263308
syn-0039,0,0,2,1,1,0.00028563818,0.99742186,7.321482e-05,0.00012988377,0.00033705746,0.00037803978,0.00029571436,0.00013799078,0.00019999265,0.0001534895,0.00024053147,0.0003465702
syn-0048,0,0,2,11,11,0.0066558574,0.003432421,0.00027298174,0.00019094454,0.01530251,0.0010961306,0.00037385122,0.00070875254,0.00034914893,0.0009849669,0.00050160015,0.97013074
syn-0050,0,0,2,4,4,0.000726495,0.0021153758,6.286352e-05,0.005418146,0.9818718,0.00065377477,0.0010821112,0.000104457315,0.00027628551,0.0061305766,0.0007832304,0.00077486184
syn-0085,0,0,2,3,1,0.00035969765,0.9965172,0.00010295452,0.0003392272,0.0005330282,0.00046959257,0.00045759595,0.00014790823,0.00021457563,0.00021001478,0.00022247064,0.00042569404
syn-0094,0,0,2,1,1,0.00024394429,0.99686396,0.0001379136,0.00015858264,0.00024370616,0.00034536305,0.00048301386,0.00019467936,0.00038396567,0.0001706335,0.0003649542,0.0004093285
syn-0097,0,0,2,10,10,4.563083e-05,0.00022036619,0.00025234284,0.00013372411,7.7091856e-05,0.00011271702,0.0013798958,9.976427e-05,8.907947e-05,0.00018251165,0.99726427,0.00014248767
syn-0103,0,0,2,11,11,0.00046343022,0.00063542824,0.0003267811,4.8642883e-05,0.00026206364,0.0001882971,7.757943e-05,0.0004798953,5.5119603e-05,0.00045214262,0.00027598464,0.99673456
syn-0114,0,0,2,4,3,0.0011658234,0.0014723004,0.00037774895,0.89601654,0.07968146,0.0016091294,0.004873485,0.00040764702,0.0007175419,0.011895754,0.0013750178,0.00040764702
syn-0129,0,0,2,11,11,0.0013180977,0.001347545,0.0002637649,0.0001004076,0.0016593306,0.0002591689,0.00013121222,0.00033180596,9.414017e-05,0.0011285302,0.0003951854,0.9929709
syn-0137,0,0,2,8,8,8.628687e-05,0.00016002869,0.00016746315,6.825853e-05,0.00011851745,6.739744e-05,0.00014599266,0.00038974395,0.9986131,9.825442e-05,5.1877665e-05,3.2911106e-05
syn-0140,0,0,2,11,11,0.0015586907,0.00054077734,0.00018534277,8.5021995e-05,0.0014443714,0.00030617596,0.000103765,0.00030113495,5.5324872e-05,0.00061955035,0.00019826206,0.9946016
syn-0141,0,0,2,2,2,2.2084272e-05,5.074925e-05,0.99810684,0.00022984266,1.7470096e-05,0.00011281225,0.00025311156,0.00035874645,0.0002604458,0.00012377909,0.00026675232,0.00019741249
syn-0143,0,0,2,1,1,0.00039203078,0.99277014,0.00021397766,0.000186817,0.00040447517,0.00023777869,0.00038257558,0.00043140334,0.0035613086,0.00046328045,0.00039126584,0.0005648582
syn-0144,0,0,2,9,9,6.0955997e-05,0.00024202923,0.00023850973,0.00035861417,0.00041154228,2.0698768e-05,7.713089e-05,0.00013871452,0.00035556286,0.99776924,0.00014565575,0.00018136005
syn-0153,0,0,2,4,5,0.001058014,0.00046300262,2.3696339e-05,0.00054189994,0.002518292,0.9943573,0.00029294036,0.0001262384,6.843385e-05,5.006727e-05,0.00010630339,0.00039380958
syn-0154,0,0,2,1,1,0.00031570272,0.99739933,9.3275994e-05,0.00014278556,0.00028702983,0.00036425982,0.00029643046,0.00015007703,0.00023289827,0.00015681927,0.0002200734,0.0003411894
syn-0160,0,0,2,5,5,0.00040592856,0.00043944953,5.1469615e-05,0.00067130855,0.00044441258,0.99658066,0.0004343298,0.00032450474,9.086282e-05,5.697167e-05,0.0001739495,0.00032609314
syn-0163,0,0,2,4,4,0.0012966305,0.0004929872,1.3627697e-05,0.0004731761,0.9919389,0.0043237135,0.00045482683,5.8965234e-05,0.00025290222,0.00021844152,0.000116126765,0.000359622
syn-0164,0,0,2,8,8,0.00010748407,0.0001962508,0.00015128108,7.336939e-05,0.0001237134,7.802507e-05,0.00019711512,0.00033909097,0.9985519,8.6534725e-05,6.0765986e-05,3.4555855e-05
syn-0165,0,0,2,8,8,0.00012901478,0.00021427307,0.00012701459,6.8519235e-05,0.00016900808,6.959826e-05,0.00014980599,0.00032557282,0.9985191,0.00012467962,5.9588707e-05,4.3852226e-05
syn-0171,0,0,2,6,6,4.6528094e-05,0.00025214333,0.0003020709,0.00057116925,0.00025238967,0.00024462445,0.9972058,2.7946464e-05,0.00027090684,0.0001341086,0.00062041474,7.1993774e-05
syn-0172,0,0,2,10,10,5.1238025e-05,0.00016653289,0.00024378736,0.00013638554,8.767101e-05,0.00013941547,0.00076591544,0.00011535396,5.5618348e-05,0.00014725208,0.9979266,0.0001643518
syn-0178,0,0,2,9,9,7.7125536e-05,0.00031249996,0.00019858856,0.00020822068,0.00040460247,1.8552966e-05,6.1730505e-05,0.00016184601,0.00038895995,0.9976999,0.00019427264,0.0002737009
syn-0179,0,0,2,1,1,0.00023915559,0.99754435,9.301665e-05,0.0001464787,0.00021796642,0.00036042024,0.0003002614,0.00014141852,0.00025408308,0.0001473395,0.00024150254,0.00031390396
syn-0183,0,0,2,4,4,0.0007063212,0.00043696165,1.2341294e-05,0.0004212491,0.9943315,0.0027468894,0.00042746516,5.2571264e-05,0.0001938059,0.000221766,0.00011337766,0.00033568512
syn-0186,0,0,2,3,3,0.00014993685,0.00017023286,0.00016023163,0.9974413,0.00044751947,0.00034037174,0.00046540343,0.00015545356,0.00013141736,0.00035049111,0.00014847974,3.9266448e-05
syn-0188,0,0,2,10,10,4.5664863e-05,0.00017867831,0.00026921197,0.0001124711,6.541189e-05,0.0001309794,0.0007195697,0.00012983325,6.284461e-05,0.00012707362,0.9980081,0.00015024196
syn-0193,0,0,2,11,11,0.00052871846,0.0012096579,0.00028626865,5.172769e-05,0.00035349463,0.00022689987,8.3798506e-05,0.0005523364,6.920055e-05,0.00055830175,0.00035332202,0.9957262
syn-0197,0,0,2,11,0,0.8301082,0.0058089388,0.0001490544,0.00090950914,0.13083014,0.0035552701,0.000736543,0.0008386978,0.0009606331,0.0013311047,0.00033328528,0.024438638
syn-0210,0,0,2,0,0,0.9963068,0.0001256242,9.0749185e-05,0.0001669133,0.0006123348,0.0009818585,0.00016610029,0.00022416814,0.000102431404,0.00016400493,0.00010035215,0.00095864554
syn-0218,0,0,2,8,8,9.3468516e-05,0.00023235565,0.0001704938,7.194529e-05,9.671847e-05,6.430268e-05,0.00018752531,0.00038987733,0.9984825,0.00010632825,6.5251545e-05,3.9154194e-05
syn-0225,0,0,2,7,7,0.00027281608,0.00044412343,0.00051318365,0.000151253,5.4036365e-05,0.0001585118,8.369316e-05,0.9944745,0.0023293141,0.00027751853,0.00048492447,0.00075615704
syn-0239,0,0,2,6,6,4.105716e-05,0.00022599922,0.00027744137,0.0005790145,0.00022766058,0.00027220807,0.997115,2.7190179e-05,0.00019934625,0.00012984381,0.00083234126,7.290694e-05
syn-0240,0,0,2,6,6,0.00083403045,0.017478911,0.0002588757,0.017099041,0.46623343,0.012193313,0.47915792,0.0002499327,0.0013275808,0.001422896,0.0027858953,0.00095809007
syn-0242,0,0,2,0,0,0.9949917,0.00037436667,7.491462e-05,0.0002619889,0.0020778792,0.0006423625,0.00018999793,0.0001956466,0.00022540789,0.00036284866,0.00011017734,0.00049281714
syn-0247,0,0,2,3,3,0.00018103483,0.0008768415,0.0001835269,0.98871183,0.0043561915,0.0008552757,0.0028652425,0.00018460544,0.00021477434,0.0009957772,0.00047417672,0.000100761055
syn-0261,0,0,2,5,5,0.00049393694,0.00038576007,3.3039243e-05,0.00054615474,0.0007470292,0.99664426,0.000354772,0.0001931218,6.713331e-05,5.4366214e-05,0.0001429564,0.00033761788
syn-0262,0,0,2,10,10,6.0313738e-05,0.00018778582,0.0002758407,0.000119014745,0.0001005145,0.00017023119,0.00053195655,0.00016636902,6.470719e-05,0.0001735887,0.99791867,0.00023098048
syn-0263,0,0,2,0,0,0.9957409,0.00022646047,6.1070175e-05,0.00021992215,0.0017604976,0.0005888656,0.00017705788,0.00019907152,0.00018002185,0.00026919122,9.239622e-05,0.0004845946
syn-0278,0,0,2,9,9,6.278379e-05,0.00021711335,0.00020405874,0.00028110278,0.00042306838,1.9988673e-05,6.929203e-05,0.00011949226,0.00028282372,0.9980165,0.00014217799,0.00016150258
syn-0280,0,0,2,0,0,0.99673456,0.00018574025,8.4129475e-05,0.00020122573,0.0006904458,0.0007827597,0.00018903408,0.00022779606,0.00021546244,0.00018232568,0.000107708365,0.00039881965
syn-0282,0,0,2,7,7,0.0001721659,0.00016316267,0.0004285926,0.0001227414,2.952611e-05,0.00024794444,3.754384e-05,0.9975019,0.00041983658,0.000121074714,0.00015508391,0.0006004781
syn-0288,0,0,2,9,9,6.598946e-05,0.00023338245,0.00018918353,0.0002512401,0.00042794805,1.9185281e-05,6.828394e-05,0.00012256428,0.0003063264,0.99800986,0.00013434788,0.00017166583
syn-0290,0,0,2,0,0,0.96991146,0.0006162372,0.00010198277,0.0006204642,0.023169339,0.0013866792,0.00033932293,0.00032824135,0.0002487393,0.0007310855,0.0001598159,0.0023866256
syn-0291,0,0,2,1,1,0.00026498092,0.99754876,8.849784e-05,0.00013706814,0.00023939031,0.00034157393,0.00028234633,0.00014576587,0.00021126123,0.0001515725,0.0002472307,0.00034157393
syn-0293,0,0,2,0,0,0.9933947,0.0002442852,5.9398793e-05,0.0002602943,0.0033362217,0.0010647597,0.00019957458,0.00020232185,0.00030135753,0.0002633626,0.00011755321,0.0005561791
syn-0301,0,0,2,3,3,9.80736e-05,0.00013405073,0.00018215517,0.99774927,0.00025068442,0.0003435664,0.00053839857,0.00016650329,0.00012543805,0.00022603259,0.00015414084,3.1622927e-05
syn-0322,0,0,2,2,11,0.0010121465,0.001336301,0.04138882,0.0003834179,0.0003834179,0.001294555,0.0002957043,0.012390823,0.00053754693,0.0017591094,0.0008854,0.9383327
syn-0323,0,0,2,7,7,0.00018086289,0.00017065325,0.00042036484,0.00012737727,3.1123825e-05,0.00027397103,4.617806e-05,0.9974662,0.0003363326,0.0001404441,0.00021741788,0.0005891303
syn-0329,0,0,2,8,8,0.00010057364,0.00020385995,0.00015868878,7.386924e-05,0.00012838467,6.4178705e-05,0.00018140534,0.0003424446,0.99850583,0.000129898,6.772006e-05,4.317178e-05
syn-0330,0,0,2,0,0,0.99438065,0.00021962172,6.607131e-05,0.0003186129,0.0016451363,0.0021773241,0.00019686764,0.00016529419,0.00013307728,0.00020331534,9.8894634e-05,0.00039516718
syn-0334,0,0,2,6,6,4.0497496e-05,0.00025482973,0.0002348748,0.00081420876,0.00028400563,0.00032379077,0.997062,2.5243886e-05,0.00016237558,0.00012352882,0.0006049947,6.9632566e-05
syn-0335,0,0,2,3,11,0.11520706,0.020817487,0.00234709,0.014646039,0.167953,0.0076284697,0.0013544176,0.0020571887,0.00095668156,0.00890553,0.001599014,0.656528
syn-0349,0,0,2,5,5,0.0005405477,0.00042370503,2.4399078e-05,0.00026141974,0.0011506254,0.99622935,0.00031517848,0.0002386072,8.777869e-05,4.126175e-05,0.00012390874,0.000563184
syn-0359,0,0,2,4,4,0.0031320557,0.0012491961,2.4089331e-05,0.00052112393,0.99129665,0.0009925475,0.00045944133,0.00012377779,0.0010516717,0.0005070675,0.00013727737,0.00050509063
syn-0367,0,0,2,4,4,0.0004240368,0.00048699218,1.52172215e-05,0.0003158106,0.9967662,0.00038131245,0.0004794421,4.8549504e-05,0.00023275043,0.00046776448,0.00011387747,0.00026815585
syn-0384,0,0,2,1,1,0.00035086382,0.99704033,0.00010280758,0.00016048035,0.00034407747,0.00029230007,0.00029704816,0.00019758707,0.0004700686,0.00019150795,0.0002301021,0.00032291535
syn-0388,0,0,2,5,5,0.00080574874,0.00088364654,7.429049e-05,0.0013589627,0.0014153419,0.9925006,0.00039039637,0.0012034486,0.00023864451,9.2999326e-05,0.0001904499,0.0008454488
syn-0393,0,0,2,2,2,2.5613057e-05,6.013655e-05,0.9979063,0.00021092457,2.002554e-05,0.00012619504,0.00020383706,0.00043199735,0.00025145948,0.0001365827,0.00027309,0.00035392278
syn-0407,0,0,2,6,6,3.743647e-05,0.00019434172,0.00035362988,0.0013411178,0.00019142218,0.000277161,0.9965938,2.7603925e-05,0.00020002185,0.00013666973,0.0005898018,5.697242e-05
syn-0409,0,0,2,10,10,4.744862e-05,0.00018941204,0.00024843097,0.00014544014,9.445504e-05,0.00013729713,0.0014029973,0.0001009404,6.890262e-05,0.00015086503,0.9972656,0.00014830868
syn-0411,0,0,2,2,2,2.1196951e-05,5.4234137e-05,0.9981142,0.00021718764,1.6315877e-05,0.0001098774,0.00022028493,0.00040914206,0.0002830587,0.00011248307,0.00023397742,0.00020810381
syn-0414,0,0,2,5,4,0.002454622,0.0011356678,2.4955769e-05,0.0012246564,0.9314043,0.061193265,0.00074224774,0.000119756965,0.00021432544,0.00026004508,0.00024286253,0.0009833185
syn-0417,0,0,2,7,7,0.008417011,0.00905663,0.0017881518,0.00089040125,0.0052122246,0.021165533,0.000730995,0.584201,0.010178913,0.0013953367,0.0019353422,0.35502854
syn-0423,0,0,2,9,9,5.9849495e-05,0.00021668705,0.00019490204,0.00028192406,0.00044212336,1.9110375e-05,7.093436e-05,0.00011390762,0.00029473344,0.99800414,0.00013793657,0.00016380374
syn-0431,0,0,2,3,3,0.00011600169,0.0001318328,0.00023035922,0.9976673,0.00020161082,0.000284178,0.0005813187,0.00017792091,0.00012840219,0.00025937954,0.00018591406,3.5830522e-05
syn-0433,0,0,2,5,5,0.00045720747,0.00039693783,4.0470633e-05,0.00035338878,0.00067439035,0.9964007,0.00034469724,0.0003977139,8.534232e-05,4.7038546e-05,0.00018934021,0.0006127454
syn-0436,0,0,2,6,6,3.9725055e-05,0.00021121584,0.00031406785,0.00066993275,0.00023186197,0.00025765228,0.9973345,2.6001495e-05,0.00021485648,0.0001245317,0.00051012484,6.562359e-05
syn-0440,0,0,2,1,1,0.003220706,0.9872688,0.00017015028,0.0002718994,0.0017399875,0.0004421991,0.0004725608,0.00052512443,0.0038575046,0.0005823961,0.00048994797,0.0009588033
syn-0450,0,0,2,10,10,4.8134847e-05,0.00015304693,0.00028599915,0.00014855563,8.7075874e-05,0.00018317321,0.0006248321,0.00014085585,5.2249885e-05,0.00015119005,0.9979511,0.00017384884
syn-0451,0,0,2,8,8,0.00016464746,0.00020212466,0.0001112973,8.9955436e-05,0.00028671656,0.00013372677,0.00023332663,0.00031168407,0.9982584,0.00010313441,6.30448e-05,4.1914944e-05
syn-0458,0,0,2,6,6,3.9960014e-05,0.00022060536,0.0002986015,0.0006274497,0.0002289457,0.00024526333,0.99737227,2.5649397e-05,0.00022039005,0.00012848963,0.0005243819,6.797427e-05
syn-0461,0,0,2,2,2,2.4393348e-05,5.3960688e-05,0.9979426,0.00021656792,1.952419e-05,0.000112244285,0.00021289826,0.00048863946,0.00028669584,0.00011740148,0.00024295942,0.00028204435
syn-0463,0,0,2,11,11,0.0006230766,0.00025438692,0.00026947446,4.9726208e-05,0.00030910483,0.00025438692,9.464062e-05,0.00034957824,4.527623e-05,0.00028755522,0.00018766474,0.9972753
syn-0472,0,0,2,8,8,0.00011143733,0.00019330005,0.0001433681,7.1668845e-05,0.00013143355,6.088399e-05,0.00016025138,0.0003404137,0.99853885,0.00014676798,6.0587427e-05,4.1035557e-05
syn-0476,0,0,2,7,7,0.00033540197,0.0007735754,0.0005976267,0.00047276172,0.00010481991,0.0024904346,0.00012447673,0.9930078,0.0009038494,0.00019949685,0.00046565954,0.0005240666
syn-0478,0,0,2,2,2,0.0002662934,0.00055068405,0.9226354,0.00048031515,8.105644e-05,0.00048502875,0.00035347114,0.059910942,0.0027028385,0.0006400536,0.0010999894,0.0107940165
syn-0488,0,0,2,10,10,4.592182e-05,0.00013952845,0.00027884368,0.00014360652,7.849801e-05,0.00013145941,0.00097088685,0.00011200482,5.9427246e-05,0.00013783557,0.9977604,0.00014151825
syn-0492,0,0,2,6,6,4.1387295e-05,0.00021432748,0.00031892824,0.00064111466,0.00021464167,0.00026042876,0.99731076,2.8058792e-05,0.00024144597,0.00012974253,0.0005310001,6.8236106e-05
syn-0493,0,0,2,8,8,0.00013078316,0.00017919634,0.0001550058,7.4010335e-05,0.00015860419,7.357795e-05,0.00017702217,0.0003415526,0.998461,0.00013665862,6.647214e-05,4.6043904e-05
syn-0002,0,0,3,1,1,0.0005051048,0.99715,9.198641e-05,6.5355656e-05,8.3102794e-05,0.00031332055,0.00023673783,9.0471905e-05,0.00058337365,0.00021366605,0.000257102,0.000409846
syn-0005,0,0,3,11,11,0.00040939846,0.00082963664,0.00048557963,6.464985e-05,0.00034847137,8.95823e-05,0.00013646336,0.0006469898,6.963063e-05,0.00015134647,0.00070711813,0.99606115
syn-0025,0,0,3,8,8,0.00071137614,0.00046295783,0.00014340013,4.5744007e-05,3.4529385e-05,0.00010501628,0.00014312033,0.00027830698,0.997787,0.00021338537,3.3336553e-05,4.1813408e-05
syn-0027,0,0,3,4,4,0.12150037,0.0015695617,5.930376e-05,0.001959082,0.86338,0.005660494,0.0004803282,0.00032627833,0.00012752313,0.0005604648,0.0004946084,0.003881858
syn-0033,0,0,3,5,5,0.00076036796,0.00064616324,6.579253e-05,0.0006296558,0.00070303224,0.9960037,0.0004156186,0.00012101097,0.0001403752,0.00011093752,0.00016932479,0.00023393914
syn-0035,0,0,3,9,9,0.00013985537,0.001095759,0.00029034723,0.00030517406,0.00037427238,7.17107e-05,0.00011172041,0.000110418834,0.00045890408,0.9961992,0.0006430145,0.00019955254
syn-0040,0,0,3,4,4,0.0007439557,0.00026081252,2.7195721e-05,0.0008936991,0.99537235,0.0004878571,0.00019495841,8.071709e-05,5.011838e-05,0.0003477207,0.0010401317,0.0005005249
syn-0051,0,0,3,3,3,0.00026323218,0.00014452134,0.0003135131,0.99581593,0.00081662304,0.00042914978,0.0010229626,0.00013030939,0.00015444426,0.000620004,0.00023944168,4.9847782e-05
syn-0054,0,0,3,5,5,0.00082839665,0.0005938379,5.560762e-05,0.0006405261,0.000991219,0.9957873,0.000374849,0.000115331706,0.00011749163,9.942214e-05,0.00016232643,0.00023366002
syn-0056,0,0,3,8,8,0.00029684635,0.0003314189,0.00022475624,3.883808e-05,2.6745181e-05,7.581882e-05,0.00011708695,0.0004080256,0.99818915,0.00022014018,2.9488803e-05,4.1504733e-05
syn-0058,0,0,3,9,9,9.971708e-05,0.00030209313,0.00029272723,0.00027039813,0.00022253208,5.681708e-05,0.00010308358,0.00013523642,0.00047682822,0.9977664,0.00015749098,0.00011669498
syn-0062,0,0,3,7,7,0.00022723744,0.00016641291,0.00089218304,0.00010113186,4.9966213e-05,0.00013516068,0.00013151496,0.99623424,0.0008719413,0.00025412138,7.3701194e-05,0.0008624143
syn-0064,0,0,3,6,6,0.0001480677,0.0010212901,0.0010593842,0.0010059477,0.00070604676,0.00056373473,0.9253285,0.0001629385,0.0002616495,0.00041729884,0.06902341,0.00030174546
syn-0065,0,0,3,11,11,0.0006885417,0.0012765104,0.00076140225,0.0001509574,0.001973963,0.00014070778,0.0003355684,0.0005761414,9.3002156e-05,0.00031708987,0.006954024,0.9867322
syn-0067,0,0,3,5,5,0.0007892614,0.00063394266,7.1947245e-05,0.000911969,0.00074824464,0.99558854,0.00044636114,0.00013155812,0.00014378453,0.0001167819,0.00018087534,0.00023682922
syn-0068,0,0,3,10,10,6.5176966e-05,0.0006437222,0.00021101112,0.00041597357,0.0012491657,0.00021622617,0.001972905,5.488451e-05,5.1358213e-05,0.00039077102,0.9944237,0.00030507668
syn-0080,0,0,3,3,3,0.00021534952,9.616929e-05,0.00013312724,0.9966987,0.0009860891,0.0004906287,0.0007566148,9.149692e-05,9.122927e-05,0.00026116005,0.00014394487,3.5447873e-05
syn-0100,0,0,3,2,2,2.0697576e-05,6.7600165e-05,0.9977118,0.00021462317,2.457898e-05,0.000102776394,0.00042062235,0.00042129034,0.0002902207,0.00024107179,0.00020529545,0.00027937518
syn-0112,0,0,3,4,0,0.8798376,0.001554818,7.051687e-05,0.0016844455,0.10611282,0.006850136,0.00043919942,0.0005124742,0.0005444615,0.00046570264,0.00025295097,0.0016750137
syn-0117,0,0,3,6,6,0.00016242622,0.00018155381,0.0007552805,0.01724475,0.0004067475,0.0006296754,0.97903776,0.00011574121,0.00031988395,0.0003103451,0.0007322217,0.00010354731
syn-0123,0,0,3,10,10,3.955695e-05,0.00022171088,0.00027754513,0.00025209153,0.00031075996,0.00014134149,0.0012026614,6.1928695e-05,4.1698942e-05,0.0002560614,0.997001,0.00019375775
syn-0124,0,0,3,6,6,7.243025e-05,0.00014949059,0.00053157756,0.0010463197,0.00016628094,0.00024852273,0.9964168,5.629867e-05,0.00018713735,0.00015110511,0.0008973713,7.665115e-05
syn-0125,0,0,3,9,9,8.5294516e-05,0.00040016882,0.00030195268,0.00022993791,0.0001819847,5.1632796e-05,8.895249e-05,0.00012289674,0.0004253799,0.9977895,0.0002063164,0.0001160159
syn-0135,0,0,3,0,0,0.99638486,0.00030958376,4.514754e-05,0.00022883074,0.00091013947,0.00062428945,0.00015742659,0.00026454258,0.00051467185,0.00010746048,5.99277e-05,0.00039307415
syn-0142,0,0,3,4,4,0.0018870243,0.00063703145,0.0001129931,0.44972396,0.5361507,0.0077002374,0.0012171651,0.0002796606,0.00020580643,0.0009305029,0.0008647868,0.0002902336
syn-0145,0,0,3,2,2,3.9662908e-05,0.00010368464,0.9957742,0.0006407523,5.463796e-05,0.00018375798,0.0010211732,0.00057788304,0.00040332892,0.0005965182,0.00025939348,0.00034498548
syn-0149,0,0,3,8,8,0.00037222923,0.00037554387,0.00020210136,4.1665262e-05,2.9951809e-05,8.1736114e-05,0.00013086929,0.00035580475,0.9981433,0.00019360123,3.042348e-05,4.2736712e-05
syn-0150,0,0,3,3,3,0.00030702358,0.00038773534,0.00020693263,0.99152815,0.0012592877,0.0020828145,0.0031527367,0.00016872863,0.00018031367,0.0004310741,0.00024645956,4.867316e-05
syn-0152,0,0,3,3,3,0.00038064428,0.00014553832,8.606036e-05,0.9892063,0.007992818,0.0008512756,0.0005957751,0.000106686275,9.694943e-05,0.00032574133,0.00016299519,4.913158e-05
syn-0159,0,0,3,11,11,0.0012197566,0.0017943408,0.0009858616,0.00037273206,0.01079751,0.00035566336,0.0007025024,0.0007768403,0.00013605336,0.0006121354,0.020670954,0.9615756
syn-0162,0,0,3,9,9,9.523702e-05,0.00027051134,0.00036884355,0.000306829,0.00022371492,5.681311e-05,0.00011243601,0.00014635807,0.00044438103,0.9976967,0.00015308266,0.0001250645
syn-0168,0,0,3,1,1,0.0005622995,0.9970886,7.64038e-05,8.141088e-05,0.00012401561,0.00048024158,0.00027286622,7.700304e-05,0.0003512236,0.00016720749,0.00026037075,0.00045841755
syn-0170,0,0,3,6,6,8.3471634e-05,0.00014953263,0.000521029,0.0009731727,0.00016746859,0.00031302535,0.99669707,6.270078e-05,0.00021087482,0.00013641719,0.00060785393,7.742514e-05
syn-0174,0,0,3,10,10,3.610403e-05,0.00020384531,0.00024896508,0.00021394122,0.0003418771,0.0001174593,0.0008989686,6.0877603e-05,3.7104866e-05,0.00017849292,0.9974596,0.00020275336
syn-0177,0,0,3,8,8,0.0008279002,0.00047582947,0.00015593808,4.5736495e-05,3.180474e-05,0.00010896869,0.00014879715,0.00033993548,0.99762315,0.00015442265,3.3331078e-05,5.4207452e-05
syn-0182,0,0,3,6,6,7.4902884e-05,0.00014494416,0.00048926356,0.0008992346,0.000137633,0.00027979675,0.99678075,5.577192e-05,0.00019792182,0.00013696263,0.00072822237,7.461087e-05
syn-0184,0,0,3,2,2,2.0060006e-05,7.637399e-05,0.99767333,0.00018746484,2.322461e-05,9.46784e-05,0.0003326456,0.00046454667,0.0003556589,0.00025836987,0.00021430074,0.00029934864
syn-0190,0,0,3,3,3,0.00022157705,0.000108835,0.0001661157,0.99639916,0.0007186728,0.0008718728,0.00084752747,0.00011361342,0.000100263496,0.00028506678,0.00013400012,3.3225228e-05
syn-0198,0,0,3,0,0,0.874676,0.0012634101,7.361114e-05,0.0013788044,0.11428522,0.0043223314,0.00039716158,0.0004413384,0.00023531044,0.00051648094,0.00024902326,0.0021613666
syn-0201,0,0,3,0,0,0.9951161,0.00055857294,4.421793e-05,0.00016557808,0.00052839454,0.0008271312,0.00018780786,0.00025026713,0.0018555692,8.793786e-05,5.3232936e-05,0.00032513728
syn-0204,0,0,3,1,1,0.00048642102,0.9971783,7.7765704e-05,7.434963e-05,0.00010660498,0.00046852944,0.00029291207,8.286204e-05,0.0004164136,0.00019284827,0.0002703708,0.0003528022
syn-0205,0,0,3,2,2,1.9440684e-05,7.5108255e-05,0.9975635,0.00018928369,2.2996377e-05,0.00010047873,0.00036538867,0.00052924163,0.00032104045,0.00025583082,0.000248202,0.00030942072
syn-0206,0,0,3,8,8,0.0015699666,0.004164683,0.00014209072,4.929744e-05,5.4995264e-05,0.00013678083,0.00021413829,0.00048103894,0.99254566,0.000381184,7.314204e-05,0.00018695724
syn-0215,0,0,3,10,10,4.2941352e-05,0.00025582744,0.00028756433,0.00022161652,0.00029416816,0.00012425492,0.0010557257,5.7446316e-05,3.9482235e-05,0.00029582466,0.99706334,0.00026189422
syn-0221,0,0,3,11,11,0.0073090186,0.015322823,0.000355465,0.000107357155,0.0012072291,0.000158354,0.00036318458,0.0011718018,0.00045910833,0.0003233386,0.0008548006,0.97236764
syn-0228,0,0,3,6,3,0.00057408586,0.00034113255,0.000897011,0.8563173,0.0018545297,0.002097357,0.13548908,0.0003365004,0.00051110145,0.00076202716,0.00064294576,0.00017697725
syn-0244,0,0,3,3,3,0.00021646076,0.00010980416,0.00019028122,0.9964753,0.00083201035,0.00067563565,0.00077466737,0.000114401475,0.00011273789,0.0003172638,0.00014447587,3.6995923e-05
syn-0251,0,0,3,10,10,4.0423263e-05,0.00026346417,0.00027868152,0.00024318905,0.00027813774,0.00012426949,0.0009952747,5.8586207e-05,4.0423263e-05,0.00028031922,0.9971802,0.00021703738
syn-0257,0,0,3,4,4,0.0014649396,0.00025025473,1.6864551e-05,0.00092935533,0.9940957,0.0019838444,0.0001569116,6.414533e-05,3.406733e-05,0.00018326916,0.00042094363,0.00039971073
syn-0258,0,0,3,3,3,0.0012284397,0.00030634325,0.00010201265,0.9626456,0.029069377,0.0048627267,0.0008031756,0.00017591812,0.00013834967,0.00034108374,0.00021850645,0.0001085919
syn-0292,0,0,3,11,11,0.0006712623,0.00058192277,0.0003547682,8.69397e-05,0.0010911635,0.000100851816,0.00017891207,0.00048799856,5.871156e-05,0.0001448874,0.00082472246,0.99541783
syn-0300,0,0,3,10,10,3.581593e-05,0.00020691312,0.00033478887,0.00023275228,0.0002737141,0.00012223334,0.001020453,7.370513e-05,4.0268933e-05,0.0001919248,0.9972609,0.0002065094
syn-0303,0,0,3,7,7,0.009969079,0.017001502,0.013398497,0.008325411,0.0057865884,0.07757506,0.009355942,0.81230736,0.024758186,0.0063864323,0.0025552756,0.012580578
syn-0306,0,0,3,5,4,0.005038229,0.0006287635,3.695758e-05,0.0021767244,0.9742842,0.015026691,0.00032114095,0.00016758482,7.568407e-05,0.00028120042,0.00066898845,0.001293924
syn-0310,0,0,3,10,10,4.1157182e-05,0.0002537238,0.00023045478,0.0001714268,0.00034892248,0.00010864674,0.0006258297,6.172395e-05,3.5410478e-05,0.00019425202,0.99759394,0.00033441043
syn-0312,0,0,3,11,11,0.0036002602,0.0026758255,0.0018105541,0.00030375816,0.00073153,0.0006519083,0.00086448196,0.22451566,0.00076813565,0.00056583487,0.0010126577,0.7624994
syn-0324,0,0,3,7,7,0.00034264626,0.00033194205,0.00066275964,7.7280434e-05,5.469311e-05,0.000101980804,0.00011795372,0.9948343,0.001715635,0.00038187642,8.1306185e-05,0.001297561
syn-0327,0,0,3,1,1,0.000609879,0.99595153,0.000106266074,5.7945374e-05,7.484057e-05,0.0004081559,0.0002446749,0.00012594784,0.0015306176,0.0002962894,0.00018559433,0.0004081559
syn-0339,0,0,3,7,7,0.00033182983,0.000209999,0.00082732405,0.00014043701,7.24321e-05,0.00019516797,0.00019535866,0.99644226,0.00048280956,0.0002652045,0.00010611099,0.00073091354
syn-0340,0,0,3,9,9,0.00013243682,0.00050360843,0.00037912407,0.00043797013,0.00044956198,9.102241e-05,0.00016433814,0.00014731173,0.0003457024,0.99638295,0.0007659919,0.00019997955
syn-0341,0,0,3,8,8,0.0006491465,0.0004553399,0.00015834397,4.4859677e-05,3.6399495e-05,8.6892534e-05,0.00013590249,0.00029691082,0.9977968,0.0002633697,3.3598342e-05,4.255532e-05
syn-0351,0,0,3,11,11,0.0004534225,0.00047044997,0.00034351696,6.47027e-05,0.00044389325,0.000102190024,0.0001365749,0.0005644312,6.5465385e-05,0.00012350568,0.0003565041,0.9968753
syn-0355,0,0,3,5,5,0.0012154538,0.0007649297,5.6916975e-05,0.00058567803,0.00059635536,0.9956239,0.0004309567,0.000114415416,0.00014835401,0.000107693464,0.00012914419,0.00022621285
syn-0360,0,0,3,0,0,0.99552554,0.00034506782,3.896207e-05,0.00023485663,0.0016656317,0.0009532281,0.00014518636,0.00020837647,0.00034743475,0.0001164329,4.993067e-05,0.00036930098
syn-0364,0,0,3,4,5,0.004781004,0.0015951924,0.00013365441,0.01257169,0.34012017,0.63542813,0.0013764853,0.0003966872,0.00017810384,0.0005034222,0.0013250464,0.0015905256
syn-0375,0,0,3,8,8,0.00040808445,0.0009793023,0.00037981977,7.822731e-05,7.5672564e-05,9.399227e-05,0.00015694695,0.0007366039,0.99334913,0.0035895803,6.665049e-05,8.591588e-05
syn-0376,0,0,3,5,5,0.00083765003,0.00082667934,6.156329e-05,0.00043768156,0.0006672217,0.99596965,0.00041662026,0.00012956807,0.00014272022,0.000106164276,0.00016539675,0.00023901135
syn-0385,0,0,3,5,4,0.0014663556,0.0002697955,1.5990276e-05,0.0010985177,0.99360013,0.00232954,0.0001805141,6.250596e-05,3.4183613e-05,0.00016743808,0.0003694877,0.00040560475
syn-0392,0,0,3,1,1,0.0003897695,0.99672997,0.000119105374,9.221744e-05,0.00014088971,0.0002769283,0.00026566995,8.6884436e-05,0.0003514403,0.00033682364,0.0006366676,0.0005736561
syn-0405,0,0,3,8,8,0.00037092456,0.00044781662,0.00020295856,4.3572567e-05,2.9025587e-05,8.456442e-05,0.00013699378,0.00031918174,0.99798167,0.0003086449,3.5011544e-05,3.959586e-05
syn-0410,0,0,3,10,10,4.4061377e-05,0.00025918867,0.00021133713,0.0001931778,0.00051615085,0.00011918784,0.0005846613,5.9639486e-05,3.7687692e-05,0.00022409012,0.9974201,0.00033077973
syn-0418,0,0,3,0,0,0.99654996,0.00033121815,4.604562e-05,0.00018282676,0.0007038473,0.00082057377,0.00015290671,0.00022886867,0.00045454892,8.780694e-05,4.930335e-05,0.0003919892
syn-0420,0,0,3,2,2,2.2074126e-05,7.431207e-05,0.9976483,0.00018054293,2.4338571e-05,9.9219615e-05,0.00033754576,0.0005205721,0.00032812046,0.00023455435,0.00019819081,0.0003323126
syn-0422,0,0,3,1,1,0.0004618846,0.9972984,8.401282e-05,6.587805e-05,9.308458e-05,0.00033357763,0.00022548961,9.0839516e-05,0.00040276456,0.00019419446,0.00028407294,0.0004657914
syn-0428,0,0,3,8,1,0.0006746714,0.99050856,0.0001878533,8.04797e-05,7.739657e-05,0.0005066644,0.00029727144,0.00028784413,0.0060294517,0.00061115384,0.00025204473,0.00048654116
syn-0429,0,0,3,2,2,2.102414e-05,7.534205e-05,0.99774134,0.0001873861,2.5015592e-05,9.570745e-05,0.00034735893,0.0004254892,0.00029336376,0.00023745725,0.0002242718,0.00032615426
syn-0430,0,0,3,1,1,0.0003696254,0.9968868,0.00010835788,8.843912e-05,9.722627e-05,0.0005668544,0.00028160843,9.395926e-05,0.00046747856,0.0002439499,0.00035650824,0.00043915544
syn-0435,0,0,3,10,10,3.7180565e-05,0.00020050614,0.000271065,0.0001896501,0.0003113851,0.00010864133,0.0007968988,6.184154e-05,3.6891226e-05,0.00018670985,0.99754435,0.00025501527
syn-0445,0,0,3,6,6,8.0360296e-05,0.00016553399,0.00051381683,0.0008129985,0.00014998626,0.00029770128,0.9967961,6.381903e-05,0.00021505529,0.0001438184,0.0006779188,8.299221e-05
syn-0447,0,0,3,7,7,0.000267259,0.00017263966,0.00071191223,0.00011070518,5.7545374e-05,0.00014509351,0.00014694726,0.99683386,0.0005568457,0.00026492035,8.1310645e-05,0.0006510583
syn-0464,0,0,3,4,4,0.0009848708,0.00020180573,1.7225106e-05,0.0010750871,0.9957104,0.0006922668,0.00014143449,5.7705493e-05,3.294388e-05,0.00022337858,0.00047139396,0.00039146774
syn-0469,0,0,3,9,9,8.4535546e-05,0.00034453697,0.00034808798,0.00029133586,0.00021724372,5.7255504e-05,0.0001193307,0.0001223994,0.0003371315,0.99764097,0.00030636275,0.00013080343
syn-0474,0,0,3,0,0,0.9962649,0.00031596012,4.5318782e-05,0.0002197158,0.0009176153,0.0010349823,0.00014013803,0.0002013274,0.00045586345,9.472958e-05,4.8715014e-05,0.0002607916
syn-0477,0,0,3,7,4,0.0075321645,0.03321319,0.019556034,0.025456112,0.61374104,0.013962427,0.010622055,0.015001456,0.004939714,0.024896795,0.06312766,0.16795138
syn-0485,0,0,3,10,10,3.7015237e-05,0.0003240855,0.00023189635,0.00019922505,0.00028013045,0.000114684975,0.0012609868,5.973065e-05,3.9944916e-05,0.00025332405,0.99699545,0.0002034522
syn-0007,0,0,4,6,6,6.684849e-05,0.00021621147,0.00053985254,0.00090077805,0.00021223673,0.00044820952,0.99630016,3.9144994e-05,0.00032552416,0.00015451937,0.00070936297,8.7186876e-05
syn-0014,0,0,4,0,0,0.99637115,0.00010538056,0.00010558659,0.00024051285,0.000948464,0.00071497756,0.00024180814,0.000222004,9.708112e-05,0.00018476813,0.000137308,0.0006309654
syn-0019,0,0,4,0,0,0.9946473,0.00011352449,8.884572e-05,0.00038124577,0.0025288858,0.000946592,0.00021396397,0.00018827015,8.224914e-05,0.0002173334,0.00012776372,0.00046392987
syn-0023,0,0,4,1,1,0.000114415474,0.99659723,7.562401e-05,9.068704e-05,0.00044279543,0.00046517994,0.00020516626,7.0351794e-05,0.00038386293,0.0007083791,0.00029633677,0.00054985826
syn-0024,0,0,4,2,2,2.3041215e-05,4.246213e-05,0.99755824,0.00029359653,1.7563101e-05,9.383908e-05,0.00052383984,0.00039159626,0.00027547195,0.00018087958,0.00026176844,0.00033776255
syn-0029,0,0,4,2,2,2.2207085e-05,3.9357128e-05,0.9977939,0.00029102506,1.532243e-05,8.083448e-05,0.00043163248,0.00039643893,0.00033118657,0.00016757107,0.00020026273,0.00023016358
syn-0036,0,0,4,5,5,0.0006103064,0.0005571953,1.6160526e-05,0.00025304017,0.005047822,0.99248004,0.00038915125,0.00016433507,5.4033426e-05,0.000102637605,8.409823e-05,0.00024109916
syn-0043,0,0,4,9,9,6.359678e-05,0.00037630304,0.00040405936,0.00029235048,0.00031487388,4.7538844e-05,7.291406e-05,0.00010093501,0.0003031811,0.99721235,0.0006459215,0.00016608898
syn-0061,0,0,4,4,4,0.00083888805,0.00069716264,1.3799818e-05,0.0024285885,0.9927649,0.0011868548,0.00062310434,0.000106652646,0.00017396169,0.00020397853,0.0006435118,0.00031871707
syn-0074,0,0,4,5,5,0.0010336505,0.0010819348,1.448732e-05,0.0002166649,0.0059250575,0.99062,0.00028065918,0.00025109036,6.354761e-05,9.4284864e-05,8.255859e-05,0.00033606912
syn-0075,0,0,4,7,7,0.00018927609,0.00010954459,0.00062235724,0.00014626123,0.0001759086,0.00049202476,0.00011525106,0.9960633,0.0008943195,0.0002790498,0.00013739971,0.00077534025
syn-0082,0,0,4,1,1,0.00075260777,0.73120594,0.0007323075,0.0024247072,0.0040507186,0.0051519377,0.08957584,0.00030826693,0.0009113714,0.0019559325,0.16031122,0.0026191743
syn-0083,0,0,4,0,0,0.99627644,0.00012331101,0.00011471425,0.00024451586,0.00083571195,0.0008909148,0.00025700222,0.00022470928,0.0001048573,0.00018475056,0.00014501238,0.0005979768
syn-0095,0,0,4,11,11,0.00046266583,0.00043804315,0.0007946959,5.5500914e-05,0.00018074074,0.0001282896,0.00015626538,0.0011965531,0.00013288,0.00026698707,0.00036761072,0.99581957
syn-0102,0,0,4,1,1,0.00012759172,0.99719596,6.224399e-05,8.39222e-05,0.0003569672,0.00037028207,0.00023092597,5.623276e-05,0.00032170667,0.00038540864,0.00037263997,0.00043619244
syn-0105,0,0,4,4,4,0.000669922,0.00085100596,9.814832e-06,0.00093830534,0.99573696,0.0006523296,0.00018847639,6.450271e-05,0.00011898671,0.00029957105,0.00025486416,0.0002152468
syn-0106,0,0,4,10,10,3.724354e-05,0.00021940426,0.00023515667,0.00022351326,8.812945e-05,6.3975116e-05,0.0013625155,7.1648734e-05,0.0001004506,0.00016724029,0.9972842,0.00014644049
syn-0107,0,0,4,10,10,4.3404525e-05,0.0002163741,0.00018008251,0.00019216542,0.000107637235,6.6572924e-05,0.0006285497,7.114388e-05,8.556485e-05,0.00022565361,0.99802375,0.00015907752
syn-0108,0,0,4,8,8,0.00033651356,0.011100353,0.00052837713,0.00028839803,0.0012687494,0.00016114592,0.001551471,0.00083695585,0.976075,0.0016718161,0.005559847,0.0006213656
syn-0113,0,0,4,11,11,0.0044875387,0.0017946329,0.0001987151,5.879747e-05,0.00075998815,0.00017180573,0.00012230533,0.00066619937,0.000308679,0.00022168273,0.00015920497,0.99105036
syn-0119,0,0,4,6,6,5.6417026e-05,0.00019443069,0.0004858244,0.0007426045,0.00016958546,0.00033825045,0.99656326,3.3886117e-05,0.00026915057,0.00014662072,0.00091856264,8.152706e-05
syn-0122,0,0,4,3,3,0.0001120406,0.000117762036,0.00023499965,0.99710494,0.00063104485,0.00019133341,0.00068032613,0.0001189177,0.00011695977,0.00036826497,0.00028057193,4.2775722e-05
syn-0127,0,0,4,11,11,0.0022284468,0.0793651,0.001696141,0.0004974765,0.0028951112,0.00036681618,0.0005793415,0.00088080607,0.0008323032,0.0061304476,0.008575943,0.89595205
syn-0136,0,0,4,6,6,0.00014616086,0.0012181262,0.0012030533,0.0020488058,0.00053411233,0.00049979595,0.8801369,0.000113830196,0.0005425234,0.0004143454,0.11277447,0.00036780737
syn-0138,0,0,4,4,4,0.104243286,0.04098203,0.00033113614,0.0037675125,0.65116215,0.0019261371,0.0017813856,0.0007564992,0.00079435436,0.0027004196,0.012491187,0.17906395
syn-0156,0,0,4,6,6,6.171828e-05,0.00018211009,0.00056445884,0.00085241074,0.00016181398,0.0003730276,0.9965288,3.5789635e-05,0.0002884646,0.00014266094,0.0007251114,8.3620704e-05
syn-0161,0,0,4,2,2,2.1651553e-05,4.0847386e-05,0.9978502,0.00024544078,1.4621587e-05,7.557135e-05,0.0003954825,0.00039869375,0.00037294702,0.00018049132,0.0001879564,0.0002161253
syn-0176,0,0,4,10,10,4.4872668e-05,0.00025353918,0.00016405727,0.00016486029,0.000114251154,5.8811453e-05,0.00048900786,6.522561e-05,8.7343135e-05,0.00028534024,0.99808574,0.0001869937
syn-0185,0,0,4,7,7,0.000579328,0.0016796184,0.008668362,0.00044854515,0.00051627227,0.00052440236,0.00043901123,0.9444454,0.009948037,0.0063667307,0.0021325876,0.024251742
syn-0189,0,0,4,10,10,4.3569104e-05,0.00041143395,0.00015088767,0.00015416449,0.00010783456,6.4265325e-05,0.0006097324,6.2166546e-05,8.3654224e-05,0.00022628816,0.9979024,0.00018361199
syn-0192,0,0,4,5,5,0.0003832366,0.0006272394,4.0878956e-05,0.00021587031,0.0005765366,0.99667287,0.00048861385,0.000384361,7.4602794e-05,0.00015670505,0.00010216928,0.00027691244
syn-0194,0,0,4,1,1,0.0006941838,0.64607716,0.0006546777,0.00052502187,0.002350688,0.0010804356,0.0015689571,0.0010011932,0.33913144,0.0038136805,0.0017865635,0.0013160435
syn-0195,0,0,4,4,4,0.0023222356,0.0015943681,2.4244691e-05,0.003208156,0.8533693,0.13714892,0.0006975489,0.0003083287,0.00021274042,0.00031196317,0.00030118626,0.00050095585
syn-0200,0,0,4,5,5,0.0011852622,0.0038598487,9.126382e-05,0.0050835954,0.01976532,0.9645138,0.001439506,0.0022426525,0.0002480808,0.0002687637,0.00046347594,0.0008384273
syn-0203,0,0,4,8,8,4.996788e-05,0.00018848476,0.00042930502,8.000455e-05,0.00010343252,3.801356e-05,0.00018637982,0.00040101202,0.9982152,0.00016617485,8.0160964e-05,6.188313e-05
syn-0207,0,0,4,0,0,0.9908574,0.0001216859,9.034101e-05,0.00046238786,0.005449074,0.0016562032,0.00024105785,0.00018446482,9.4491836e-05,0.0002536152,0.00015594291,0.00043331404
syn-0208,0,0,4,8,8,7.567234e-05,0.00016674267,0.00021378843,0.000103735285,0.00021928617,5.2776242e-05,0.0002527668,0.0004130953,0.9982084,0.00012973258,0.00010609165,5.796336e-05
syn-0209,0,0,4,7,7,0.00025636054,0.0001489508,0.021763533,0.0002264584,6.245682e-05,0.0007285224,0.000272628,0.9717163,0.0011249193,0.00034497082,0.00030118285,0.0030537446
syn-0211,0,0,4,0,0,0.9956928,0.00010530881,0.00011956382,0.00034193872,0.0013031272,0.0010318656,0.0002509017,0.00023114146,9.5884774e-05,0.00022077223,0.00014549466,0.00046114097
syn-0217,0,0,4,6,6,6.256603e-05,0.00020615025,0.0005146053,0.00085196947,0.00017875698,0.00041299255,0.9964993,3.743292e-05,0.00028495627,0.00015319786,0.0007193595,7.862881e-05
syn-0219,0,0,4,0,0,0.99619484,0.00011052622,0.00013048633,0.00027129368,0.00085608696,0.0007463278,0.0002746257,0.00023813339,9.398578e-05,0.0001964579,0.00014728392,0.0007399777
syn-0224,0,0,4,8,8,9.3666706e-05,0.0003259725,0.00014493222,7.918398e-05,0.00034809895,5.1626736e-05,0.00016406941,0.0007848363,0.9976724,0.00014199024,8.7392276e-05,0.00010582778
syn-0226,0,0,4,6,6,5.7302674e-05,0.00017684975,0.0005892018,0.00081217394,0.0001577549,0.00038826084,0.99651474,3.56496e-05,0.00028817897,0.00014747516,0.0007540779,7.832348e-05
syn-0229,0,0,4,7,5,0.00068543426,0.00086161826,9.77388e-05,0.000266201,0.0007052956,0.99143434,0.00057410164,0.0040557245,0.00021099404,0.00024619568,0.00016512664,0.00069724885
syn-0234,0,0,4,4,6,6.5952474e-05,0.00017598162,0.0005537658,0.0008664235,0.00017240937,0.0004177493,0.9964768,3.699598e-05,0.00029601177,0.000146608,0.0007085367,8.280375e-05
syn-0243,0,0,4,10,10,4.6382083e-05,0.00025844597,0.00021657326,0.00015530786,9.535591e-05,6.5409215e-05,0.0005499424,9.563568e-05,0.00010700234,0.00023121742,0.9979672,0.00021145305
syn-0250,0,0,4,11,11,0.00057057384,0.0005894049,0.0005692173,4.0384628e-05,0.00016969389,8.173869e-05,0.00011594742,0.0007421728,0.00013822987,0.0002924898,0.0004630812,0.99622715
syn-0253,0,0,4,3,3,0.00016653877,0.00017710656,0.00013046272,0.99213153,0.005298553,0.0003577651,0.00078734336,0.00013071777,0.00013200057,0.00037020477,0.00026302773,5.4758e-05
syn-0255,0,0,4,2,2,2.3226392e-05,4.173026e-05,0.99774987,0.00029473027,1.5715761e-05,8.138536e-05,0.0004359023,0.0003952161,0.0003556645,0.0001883969,0.0002123381,0.00020580513
syn-0259,0,0,4,4,4,0.0006014769,0.0006838649,8.076046e-06,0.0011425875,0.99605584,0.0006196993,0.0001550861,5.6830566e-05,0.000117293996,0.00025136114,0.0001556931,0.00015223506
syn-0260,0,0,4,11,11,0.0008088332,0.00046708932,0.00050350506,4.1194213e-05,0.00016809811,0.00010185714,0.00013245812,0.0005005635,9.494129e-05,0.0001838999,0.0004542685,0.9965432
syn-0265,0,0,4,3,3,0.00013830977,0.00013830977,0.00016107007,0.9958299,0.0019037217,0.00026452434,0.00065892993,0.0001281657,0.00013510582,0.0003309788,0.00026452434,4.655473e-05
syn-0269,0,0,4,10,10,4.298193e-05,0.00027085943,0.00012757066,0.00018246904,0.00014885419,6.2660605e-05,0.0006523011,5.6775225e-05,8.836561e-05,0.00021384937,0.99800557,0.00014776793
syn-0285,0,0,4,11,11,0.0012028293,0.0009545411,0.00023917545,4.0382187e-05,0.00030352944,9.753632e-05,9.288821e-05,0.00036971938,0.00014843493,0.00020111112,0.00018293502,0.9961669
syn-0286,0,0,4,8,8,6.422096e-05,0.0002663185,0.00019627508,8.838176e-05,0.00024884296,4.1993924e-05,0.00016690217,0.00038041407,0.99818796,0.00021378405,7.626428e-05,6.863043e-05
syn-0289,0,0,4,8,1,0.018723765,0.5109083,0.0006608684,0.0009319739,0.06734462,0.020426435,0.0011990176,0.017980112,0.29626912,0.007803322,0.0016484937,0.056103922
syn-0299,0,0,4,1,1,0.00013548306,0.996662,7.787739e-05,9.393807e-05,0.0003865211,0.0004892053,0.00021607889,7.373284e-05,0.00041895054,0.00066402793,0.00031577758,0.00046646118
syn-0305,0,0,4,1,1,0.00012365452,0.9971023,7.836966e-05,7.536737e-05,0.00026654894,0.00035450203,0.00020527025,6.997623e-05,0.000278932,0.00044889908,0.00041465732,0.0005814862
syn-0307,0,0,4,3,3,0.00010769389,0.00015336313,0.00020119868,0.9966007,0.00078898564,0.00016437404,0.00075230404,9.719837e-05,0.00011908992,0.0005904002,0.0003793921,4.5334054e-05
syn-0321,0,0,4,9,9,5.6926852e-05,0.0004524069,0.0002912947,0.0003170864,0.000313201,3.9355138e-05,6.2583e-05,7.780978e-05,0.0002599699,0.9977435,0.0002609237,0.00012482633
syn-0326,0,0,4,1,1,0.00020503333,0.9949793,0.00012994585,0.000107939515,0.00040497957,0.00064937124,0.0002214775,0.00010963932,0.00068503595,0.0005320757,0.0003994804,0.0015757383
syn-0333,0,0,4,5,5,0.0006825428,0.00073222804,1.7137258e-05,0.0003132547,0.010297871,0.98677015,0.00046499944,0.00019346239,7.371744e-05,0.00010477359,8.7541615e-05,0.00026237388
syn-0338,0,0,4,8,8,0.00018933901,0.0015253284,0.00020794822,0.00013373802,0.0011050416,7.271211e-05,0.00019326204,0.0009275331,0.99445033,0.00069274247,0.0001575819,0.00034452684
syn-0350,0,0,4,2,2,2.1605203e-05,4.390018e-05,0.99766064,0.00037065818,1.6727845e-05,7.86436e-05,0.0005149536,0.00031397888,0.00032331352,0.0001916271,0.00022845346,0.0002354753
syn-0352,0,0,4,8,8,5.9462043e-05,0.0001771745,0.00030687838,8.813704e-05,0.00014948758,4.350336e-05,0.00023164395,0.000319103,0.99834466,0.00013347737,8.6011314e-05,6.0398434e-05
syn-0353,0,0,4,7,7,0.00018366762,0.00011337557,0.00069731293,9.074466e-05,8.22215e-05,0.00049980916,9.030265e-05,0.99625707,0.0005232843,0.00023285886,0.00012922632,0.0011001115
syn-0363,0,0,4,9,9,0.00018460992,0.0036899277,0.0002701843,0.00071637373,0.0035659384,7.561593e-05,0.00011329146,0.00010980584,0.00037621436,0.98873585,0.0012259784,0.00093615416
syn-0368,0,0,4,9,9,5.1227238e-05,0.0004936241,0.0003204632,0.00028053846,0.00027760875,3.7920432e-05,5.873232e-05,7.795979e-05,0.00031281047,0.99771655,0.00025049262,0.00012216982
syn-0377,0,0,4,5,5,0.0023129485,0.001398258,9.991408e-05,0.0011965777,0.017235065,0.9689789,0.0006787998,0.0040410575,0.0003598044,0.00035284515,0.00025915742,0.0030866836
syn-0378,0,0,4,2,2,2.1735408e-05,4.390673e-05,0.99780947,0.00026382355,1.4254428e-05,8.005017e-05,0.0004338049,0.00038887505,0.0003120387,0.00018332615,0.00020814188,0.0002405662
syn-0379,0,0,4,3,3,0.00014921108,0.00015930037,0.00015349718,0.9945537,0.002918995,0.00020635143,0.0005710775,0.000109485445,0.00012887946,0.0005717751,0.0004182685,5.9468097e-05
syn-0386,0,0,4,10,10,4.9365823e-05,0.00021537977,0.00022081059,0.00019764357,0.00013044322,7.973834e-05,0.00065745064,8.563034e-05,9.3679875e-05,0.00025752423,0.9978126,0.00019977817
syn-0391,0,0,4,0,0,0.9927953,0.0001369489,6.9131755e-05,0.00031779447,0.004013976,0.0014180107,0.0002008223,0.00017043567,8.807614e-05,0.0002100493,0.00012216225,0.00045733605
syn-0399,0,0,4,8,8,6.18191e-05,0.00015210986,0.00040493597,8.433182e-05,0.00011605859,4.9190312e-05,0.00023513264,0.0004772477,0.9981566,0.000112049296,8.205711e-05,6.8360714e-05
syn-0402,0,0,4,1,1,0.00014461567,0.9954934,0.00010600994,6.165416e-05,0.0003097602,0.00032225696,0.00017325142,7.687985e-05,0.00027389688,0.00049973105,0.00054020615,0.0019983083
syn-0403,0,0,4,9,9,6.2275794e-05,0.0005130316,0.0003067568,0.00025894653,0.00030825828,4.2885167e-05,5.9365975e-05,8.604022e-05,0.0002960874,0.9977055,0.00021535663,0.00014536227
syn-0408,0,0,4,4,4,0.0017192515,0.0011657204,1.7928862e-05,0.00067805225,0.9928023,0.00096018385,0.0001893948,0.00022229158,0.0010668561,0.00062343216,0.00014521404,0.00040925626
syn-0413,0,0,4,9,9,5.6476296e-05,0.00052797585,0.00026050696,0.0002296722,0.00033864714,4.123832e-05,5.1422256e-05,8.4368e-05,0.00034343463,0.9976102,0.00030241482,0.00015351849
syn-0432,0,0,4,6,6,5.7423505e-05,0.00018089463,0.00048706285,0.0008849765,0.00016976889,0.00041296135,0.99666744,3.3494834e-05,0.00026384348,0.00014706627,0.0006161186,7.8949866e-05
syn-0437,0,0,4,3,3,0.00010426896,0.00014790692,0.00015082413,0.99456394,0.0011645147,0.00019883623,0.0024508748,8.208177e-05,0.000106845924,0.00029805163,0.00068983634,4.2087348e-05
syn-0468,0,0,4,6,6,6.01712e-05,0.00017633564,0.00049430405,0.0009078335,0.00017946269,0.0003464305,0.99653304,3.4756467e-05,0.00029487433,0.00014618736,0.00074685464,7.971389e-05
syn-0473,0,0,4,10,10,3.822912e-05,0.0001734353,0.00017394414,0.00021999337,0.000114913935,6.073306e-05,0.0006957321,6.528445e-05,7.722495e-05,0.00022892455,0.9980108,0.00014086427
syn-0484,0,0,4,3,3,0.00011493052,0.00010577561,0.00024426018,0.9971806,0.0004685877,0.00018746377,0.00086597766,0.00012021113,0.00011448245,0.00029434645,0.00026141392,4.1951545e-05
syn-0491,0,0,4,10,10,3.9445356e-05,0.00022994858,0.00017226557,0.00019914971,0.00010659717,6.41513e-05,0.0005952774,6.5288936e-05,7.647972e-05,0.00022544591,0.9980794,0.00014655727
syn-0499,0,0,4,11,11,0.0009433136,0.0005885836,0.0003271166,3.962566e-05,0.00022112213,7.53433e-05,9.240273e-05,0.00037936927,0.00010962385,0.00027572893,0.00016376332,0.996784
syn-0003,0,1,0,2,2,0.00027130108,4.8404676e-05,0.9976822,0.00029571934,0.00012641338,0.00031671883,0.00036722087,0.000202008,0.00025097374,7.6225646e-05,0.00019341735,0.00016936187
syn-0004,0,1,0,10,9,0.0007793436,0.002224484,0.0011895181,0.0006034075,0.0036945145,0.0009049376,0.002381866,0.03643112,0.00058029126,0.49463582,0.45390335,0.0026714741
syn-0006,0,1,0,7,7,0.00082774775,0.006710038,0.0018635376,0.00085904205,0.0011171245,0.0011247873,0.0030277753,0.51822335,0.0019472576,0.44673645,0.01419995,0.0033629166
syn-0008,0,1,0,8,8,0.00021378092,0.00025963786,0.0002541192,0.00010977665,6.645299e-05,0.00023256746,0.00015137148,0.00012127458,0.99817336,0.0003557829,9.57346e-06,5.2363695e-05
syn-0011,0,1,0,10,10,0.00013023855,0.0001662526,0.00012068644,9.399069e-05,0.0007241104,8.583059e-05,0.00032694038,0.0006178117,5.2313702e-05,0.0021665494,0.99527454,0.00024060033
syn-0015,0,1,0,6,6,1.8985122e-05,0.00081280526,0.00018144994,0.0002026198,3.918386e-05,1.2426452e-05,0.9972893,0.0004668073,0.0002688211,8.055724e-05,0.0003493272,0.000277761
syn-0016,0,1,0,9,9,0.0001618261,0.0013516495,0.00015321387,6.462192e-05,0.00038649843,0.00019750049,0.00011599122,0.00038725403,0.0011680428,0.99563074,0.00024221909,0.00014045973
syn-0017,0,1,0,3,3,4.5096487e-05,0.0003107473,0.00023273898,0.99720395,0.00022834887,0.00096232403,0.00036938212,0.0001891231,0.00011172392,2.1679833e-05,0.00010567484,0.00021917248
syn-0020,0,1,0,6,6,1.8771669e-05,0.00030870855,0.0002942124,0.0002281281,2.6889174e-05,1.0716686e-05,0.9977003,0.00043765336,0.0002097514,4.3390457e-05,0.00033859504,0.00038297655
syn-0034,0,1,0,0,0,0.9966683,9.720496e-05,0.0002704965,6.431133e-05,0.000986059,0.00040103876,3.0201041e-05,9.796734e-05,0.0010040355,0.00011242985,0.00012287857,0.00014506941
syn-0044,0,1,0,2,2,0.00030717853,5.814142e-05,0.9973712,0.0003285904,0.00014488846,0.00033433578,0.00044564146,0.00022484637,0.00022168494,8.143396e-05,0.0002688432,0.00021319234
syn-0049,0,1,0,8,8,0.00019773669,0.00036596475,0.00015634624,9.899228e-05,5.3246105e-05,0.0002177553,0.00012667489,8.659593e-05,0.9982828,0.0003568985,7.5004555e-06,4.953399e-05
syn-0052,0,1,0,4,4,0.0013474168,0.00015161952,4.5568915e-05,0.00019354593,0.9959111,0.0014343178,2.95944e-05,3.412954e-05,6.60439e-05,0.00023736912,0.00016930905,0.00037996355
syn-0053,0,1,0,10,10,0.00010590239,6.0400318e-05,0.00011383881,7.8011304e-05,0.0003194735,4.431947e-05,0.00032022022,0.00019497462,2.1918315e-05,0.00019364632,0.9983758,0.0001713937
syn-0055,0,1,0,3,3,4.4064924e-05,0.00030932558,0.00024208218,0.99750036,0.00016436183,0.0006001382,0.00041169516,0.000209607,0.00014718917,2.1101327e-05,8.0731814e-05,0.00026927216
syn-0063,0,1,0,1,1,5.411276e-05,0.99782735,2.368633e-05,0.00033245338,0.0003684868,7.140827e-05,0.00036281822,9.14218e-05,0.0003943165,0.00028750376,4.2060823e-05,0.0001443896
syn-0069,0,1,0,11,11,0.00016379284,0.00039832736,0.00014314194,0.00039157784,0.00090756075,6.247304e-05,0.00023901634,0.0001435619,8.021698e-05,8.79292e-05,0.00041887275,0.99696356
syn-0072,0,1,0,0,0,0.99728227,8.770001e-05,0.0002917293,7.1021626e-05,0.00079397095,0.00033121885,3.377836e-05,0.0001242822,0.00053083914,0.00011675232,0.00015346802,0.00018305045
syn-0073,0,1,0,11,11,0.00013685448,0.00087948,0.00013212678,0.00057533546,0.00091593893,4.5350716e-05,0.00062620017,0.00024564296,7.99045e-05,0.000121127996,0.0012205153,0.9950216
syn-0077,0,1,0,2,2,0.00039498712,5.2820014e-05,0.99708706,0.0003325313,0.00014828214,0.00032253654,0.0005024057,0.0002979336,0.00021680529,8.768284e-05,0.00029968444,0.00025721133
syn-0081,0,1,0,10,10,0.00011699251,5.752093e-05,0.00010436057,6.884354e-05,0.00031841674,4.8013626e-05,0.00023743014,0.00019871963,2.2924978e-05,0.00027921522,0.9983584,0.0001890649
syn-0084,0,1,0,5,5,0.00034694682,0.00010113997,0.00020173099,0.00074042776,0.00074587076,0.99728763,2.9751292e-05,9.669712e-05,0.00014860192,0.00018548069,4.5454e-05,7.0263166e-05
syn-0090,0,1,0,5,5,0.0010203726,0.00013302935,0.00014510879,0.00061913294,0.0023695433,0.9949936,2.865745e-05,6.534182e-05,0.00033183311,0.00019931105,3.4838602e-05,5.9262453e-05
syn-0093,0,1,0,5,5,0.00023207515,0.00033503963,0.0002568838,0.00583524,0.0012963088,0.99096674,6.662063e-05,0.0002642628,0.00027026553,0.00028854032,7.534378e-05,0.00011266344
syn-0098,0,1,0,10,10,0.00011665596,5.7076093e-05,0.00011745615,6.784576e-05,0.0002864444,4.4450906e-05,0.00029548304,0.00022612643,2.2351322e-05,0.00019242709,0.9984073,0.00016628801
syn-0101,0,1,0,3,3,4.46706e-05,0.00038093398,0.00022553069,0.9974801,0.00021228068,0.0004366364,0.00047489093,0.00018954532,0.00014504585,1.8548879e-05,9.401517e-05,0.00029776015
syn-0109,0,1,0,3,9,0.00027173365,0.003731073,0.00023747365,0.0003578854,0.0066937124,0.0005086578,0.00027413244,0.0011329234,0.0006281085,0.9828204,0.0027937626,0.0005499902
syn-0120,0,1,0,3,1,0.0013747929,0.457119,0.0015823769,0.049346633,0.09742134,0.0009140226,0.08472382,0.0059080212,0.0013508378,0.014954642,0.2650774,0.02022711
syn-0121,0,1,0,9,9,0.00016877585,0.000556616,0.00015262526,4.723495e-05,0.0004747324,0.00026306976,7.216551e-05,0.00039947205,0.0008132848,0.99666035,0.0002644865,0.00012715012
syn-0139,0,1,0,1,1,5.0731203e-05,0.9977519,2.6012378e-05,0.0003707147,0.0002555046,7.4174764e-05,0.0005177742,0.00012193575,0.00037471845,0.00026685288,4.2139873e-05,0.00014751412
syn-0148,0,1,0,7,7,5.8095535e-05,0.00029618817,0.0004096134,0.0002890446,5.8665653e-05,0.00014820734,0.000756724,0.99658406,0.00027286133,0.0003407441,0.0003711406,0.00041464416
syn-0155,0,1,0,4,4,0.000549827,0.00034418845,4.3291107e-05,0.00023981342,0.99736196,0.00033802603,5.7016336e-05,3.5819558e-05,5.46183e-05,0.00017613794,0.00037921875,0.00042006443
syn-0158,0,1,0,1,1,5.4534245e-05,0.9977738,2.3592722e-05,0.0003959111,0.00028664732,7.750878e-05,0.0004683088,9.524438e-05,0.00039581445,0.0002446443,3.9742554e-05,0.00014410014
syn-0166,0,1,0,5,5,0.00041572223,0.00010915154,0.00016790547,0.0005299834,0.0007767663,0.99734724,3.0103793e-05,9.20945e-05,0.00020442037,0.00022994824,3.8503335e-05,5.8140024e-05
syn-0169,0,1,0,4,4,0.07015678,0.00040949846,0.00019590472,0.00020833593,0.9259411,0.0009421694,7.508674e-05,8.659328e-05,0.00016272823,0.00037909418,0.00066370866,0.00077899103
syn-0173,0,1,0,8,8,0.00018574845,0.00031681845,0.00019108408,0.00010293125,6.261413e-05,0.00019220701,0.0001606734,0.000117781,0.99823976,0.0003664295,9.082295e-06,5.493395e-05
syn-0175,0,1,0,11,11,0.0001369799,0.00041074748,0.00013083483,0.00040437945,0.00070390844,5.0589315e-05,0.0003124802,0.00018146886,6.9825976e-05,9.268523e-05,0.00059953384,0.99690646
syn-0196,0,1,0,4,4,0.11946698,0.0003109473,0.00025354006,0.00021287755,0.8758786,0.00085437106,8.804999e-05,0.00014745597,0.00023794637,0.0004333972,0.000997886,0.0011178522
syn-0223,0,1,0,6,6,0.00016072192,0.0071865665,0.00061550876,0.001569456,0.0013789668,6.368152e-05,0.82781976,0.0024248934,0.00047054637,0.00096927723,0.15283248,0.004508231
syn-0230,0,1,0,9,9,0.00019499942,0.00047018376,0.00016974965,4.667969e-05,0.0003442458,0.00022664551,7.8250145e-05,0.00058183214,0.0009311992,0.9965545,0.00027620437,0.00012553278
syn-0233,0,1,0,8,8,0.00014932614,0.00035528615,0.00019099104,0.00010516671,5.3924134e-05,0.00020651055,0.00015895684,0.000103334234,0.99824095,0.00037490213,7.999467e-06,5.2623567e-05
syn-0241,0,1,0,1,1,6.3339794e-05,0.99706995,2.6403954e-05,0.00040178848,0.000666737,0.000100330995,0.00028763645,0.00011324668,0.00039152408,0.00057130936,4.509043e-05,0.00026253614
syn-0246,0,1,0,8,8,0.00022548545,0.002521997,0.00014954705,0.00014969315,8.250711e-05,0.00018840014,0.00023734744,8.6382315e-05,0.99582016,0.0004562722,1.0087751e-05,7.217513e-05
syn-0248,0,1,0,6,6,2.3539244e-05,0.00028149487,0.00031014445,0.0002010771,3.6816076e-05,1.3730319e-05,0.9974585,0.000492774,0.00016387414,5.171658e-05,0.0006716539,0.0002946442
syn-0249,0,1,0,8,8,0.00014450545,0.00042111138,0.00015510744,0.000105053485,5.4874876e-05,0.00020943448,0.00015181059,0.00012186418,0.99814045,0.0004341608,7.4120157e-06,5.4235563e-05
syn-0252,0,1,0,8,8,0.00014401464,0.00037808728,0.00020121776,0.00012647343,5.8930596e-05,0.00020329164,0.00019322599,0.000115832096,0.99815625,0.00035164258,8.958218e-06,6.2182364e-05
syn-0254,0,1,0,7,8,0.0033739058,0.11505012,0.0020704994,0.005991188,0.03626405,0.0044566235,0.0049282173,0.08591649,0.70476747,0.028366854,0.0012632012,0.007551416
syn-0270,0,1,0,10,10,9.895038e-05,8.6137654e-05,0.00010011678,9.8564604e-05,0.00073365326,4.5926416e-05,0.0003366298,0.00015355696,2.1483276e-05,0.00023006652,0.99786025,0.00023454693
syn-0273,0,1,0,0,0,0.9945693,9.2377675e-05,0.00024505222,6.293462e-05,0.003863326,0.00023635583,3.195606e-05,0.00010591153,0.00026022064,0.00010155616,0.00022807943,0.0002029571
syn-0274,0,1,0,9,9,0.00020338496,0.0004883719,0.00014019445,4.892536e-05,0.0004795694,0.0002132497,7.344566e-05,0.00040152765,0.000862788,0.9966659,0.00029549023,0.00012715084
syn-0275,0,1,0,0,0,0.9973822,8.183346e-05,0.0003002126,6.517964e-05,0.0008160625,0.0003079328,3.136529e-05,0.000123207,0.00045322411,0.00011033425,0.0001534834,0.00017485615
syn-0276,0,1,0,6,10,9.5353396e-05,6.54075e-05,0.0001487719,0.00010300098,0.000266708,4.7946705e-05,0.0006481317,0.00029877175,2.4393308e-05,0.00017291582,0.99794096,0.00018751514
syn-0284,0,1,0,0,0,0.9966552,0.00012323749,0.00030606004,7.049343e-05,0.0007804077,0.00043553038,3.1836e-05,0.00010644506,0.0010692982,0.00014749596,0.00011702125,0.00015685539
syn-0296,0,1,0,3,3,5.127914e-05,0.00030594852,0.00030105817,0.99677867,0.00021758651,0.0013684906,0.00027952305,0.00021358648,0.00014939891,2.603781e-05,8.02021e-05,0.00022825149
syn-0302,0,1,0,10,10,8.413381e-05,7.2811745e-05,0.00016106734,9.070422e-05,0.00019267827,3.9432725e-05,0.00090806396,0.0003353655,2.3684728e-05,0.00017070348,0.9977598,0.0001616188
syn-0304,0,1,0,1,1,4.5518016e-05,0.99674356,2.9446097e-05,0.00048437252,0.00042495993,7.287979e-05,0.0008996402,0.00011532978,0.000458203,0.0004216529,5.5661018e-05,0.00024884712
syn-0311,0,1,0,9,9,0.0009022088,0.01852393,0.0008592138,0.003385008,0.07202213,0.00074504135,0.005789103,0.008179906,0.0012093215,0.7765827,0.081851214,0.02995008
syn-0316,0,1,0,0,0,0.9946084,0.00014017854,0.00029603433,7.473965e-05,0.0017879327,0.00059055205,3.2082397e-05,8.84095e-05,0.0019617432,0.00015714591,0.000102958205,0.0001596206
syn-0318,0,1,0,11,11,0.00014677129,0.00048242087,0.00012227325,0.00066261867,0.0016854594,5.46306e-05,0.00038687966,0.00015069271,9.059994e-05,9.148904e-05,0.0004859672,0.99564004
syn-0328,0,1,0,10,10,0.00013257017,6.1171086e-05,0.00012082444,7.3570554e-05,0.00028285224,4.7873276e-05,0.00029957318,0.000246347,2.3560535e-05,0.0001936434,0.9983607,0.00015727732
syn-0332,0,1,0,6,6,2.0736421e-05,0.0003104262,0.0002544784,0.00021703012,3.398884e-05,1.27007015e-05,0.9976338,0.00047201634,0.00019454454,5.452659e-05,0.00045122663,0.00034449247
syn-0345,0,1,0,7,7,9.666013e-05,0.00037765986,0.00033182226,0.00024779636,0.000100510624,0.00028772964,0.00047253654,0.9959331,0.00028051596,0.0007457675,0.0006012927,0.00052458484
syn-0354,0,1,0,8,8,0.0002554495,0.00024422814,0.00020732434,9.613273e-05,6.21893e-05,0.00022444487,0.00012673483,0.00010203339,0.99826753,0.00035425083,8.820318e-06,5.080701e-05
syn-0356,0,1,0,8,8,0.0001626412,0.00040763398,0.00020670501,0.00012500615,5.439824e-05,0.00019898047,0.00019023969,9.253451e-05,0.99820554,0.00029314222,8.141037e-06,5.5039465e-05
syn-0357,0,1,0,3,3,4.7149497e-05,0.0007209244,0.00019015785,0.9968022,0.00038638682,0.00070944434,0.0003920884,0.00019928372,0.00012531898,2.3801045e-05,8.689074e-05,0.00031628498
syn-0371,0,1,0,6,6,2.0497824e-05,0.0003309797,0.00026029686,0.00023401316,3.023471e-05,1.2727389e-05,0.9977794,0.00044397055,0.00020611293,4.8693873e-05,0.00030461518,0.0003285644
syn-0372,0,1,0,1,1,4.0599014e-05,0.99761117,2.4769259e-05,0.00045458536,0.00031949196,6.933155e-05,0.0005195371,0.000105408726,0.00040306302,0.00025747222,3.3988068e-05,0.00016057222
syn-0380,0,1,0,4,5,0.002757899,0.00070707774,0.00033760705,0.0018756799,0.396425,0.5951044,0.00010727529,0.00022314466,0.0003531188,0.0013081575,0.000277708,0.00052289607
syn-0382,0,1,0,0,0,0.99738437,8.304119e-05,0.00028409745,6.685593e-05,0.0009193195,0.00027690723,3.2171938e-05,0.00013205309,0.00036706644,0.00010756828,0.00016402206,0.00018244454
syn-0383,0,1,0,2,2,0.00033550095,4.7283065e-05,0.9976756,0.00029120376,0.00014408595,0.00036011578,0.0002814187,0.00019984828,0.00021608749,7.36638e-05,0.00021252973,0.00016271367
syn-0419,0,1,0,1,1,6.05959e-05,0.99770373,2.752693e-05,0.00039325826,0.00035178362,7.834038e-05,0.00036835117,9.3944465e-05,0.0003904838,0.0002770635,4.556186e-05,0.00020934285
syn-0421,0,1,0,10,10,9.519157e-05,8.015934e-05,0.00010526462,7.500916e-05,0.00036929816,4.248923e-05,0.00027893105,0.00021378555,2.0070496e-05,0.0003546361,0.998195,0.00017011212
syn-0425,0,1,0,5,5,0.0004486239,9.9613935e-05,0.00014851948,0.0005203612,0.0015506343,0.9967344,2.6863141e-05,6.99504e-05,0.00012891002,0.00016813035,4.1282663e-05,6.2825726e-05
syn-0448,0,1,0,4,5,0.0017755264,0.000178047,0.00014760614,0.0006260134,0.015579749,0.980978,4.143143e-05,6.392007e-05,0.00018659166,0.0002469525,6.830887e-05,0.00010788555
syn-0452,0,1,0,10,10,0.000101833015,6.485555e-05,0.00011349204,7.915288e-05,0.00028372134,4.015192e-05,0.00047444832,0.0002026675,2.369648e-05,0.00016601926,0.99825495,0.00019495102
syn-0454,0,1,0,11,11,0.00014349724,0.0002902973,0.00015775487,0.00033773878,0.00047897003,5.2635252e-05,0.00031526864,0.00021987814,7.979028e-05,7.870683e-05,0.00035742065,0.997488
syn-0455,0,1,0,2,7,0.0029590745,0.02300376,0.008756861,0.01639996,0.40616176,0.007857269,0.007622966,0.4101476,0.005442571,0.020499969,0.040805157,0.050343063
syn-0457,0,1,0,9,9,0.00020578956,0.0004207093,0.00017010645,4.6413777e-05,0.00042587635,0.00027289326,6.994804e-05,0.00046505782,0.00078311533,0.9967006,0.00030652268,0.00013286773
syn-0459,0,1,0,5,5,0.29632452,0.0015368523,0.0010645465,0.0011398633,0.27620482,0.41060308,0.00025088427,0.00036933736,0.008773008,0.0025537142,0.0004605464,0.0007189027
syn-0480,0,1,0,1,1,4.4234253e-05,0.99742967,2.6672687e-05,0.00046001808,0.0003122628,6.0225342e-05,0.00069447875,9.689997e-05,0.0003402847,0.00023086731,4.4755678e-05,0.0002594444
syn-0487,0,1,0,6,6,2.3233873e-05,0.001246423,0.00020051413,0.00031792713,5.6062698e-05,1.2856049e-05,0.99612385,0.00045076373,0.0004530807,9.03788e-05,0.00039115254,0.00063368375
syn-0489,0,1,0,11,11,0.00029248267,0.0006075062,0.00015367665,0.000599257,0.0048512863,9.854514e-05,0.00024200352,0.00023616677,7.0702685e-05,0.00014171189,0.00087212666,0.99183464
syn-0495,0,1,0,2,2,0.0002567953,4.5471148e-05,0.997664,0.00032158275,0.00012579533,0.00026611373,0.0004278389,0.0002327327,0.00022099337,7.084096e-05,0.00021650744,0.00015151601
syn-0496,0,1,0,8,8,0.00015600414,0.0005142727,0.00016925823,0.00013343742,6.7227724e-05,0.00019160751,0.00021967907,9.7244294e-05,0.9980458,0.00033207997,9.169642e-06,6.421182e-05
syn-0497,0,1,0,5,5,0.0012102431,0.014109889,0.00056171714,0.007926533,0.013358975,0.9503562,0.00021656124,0.0015815404,0.0056998665,0.0043423213,0.0001723208,0.0004638644
syn-0498,0,1,0,7,7,6.307547e-05,0.00025117953,0.00041493462,0.00023550092,5.788131e-05,0.00026868796,0.00046561332,0.99679536,0.00026868796,0.00045205976,0.0003803938,0.0003466909
syn-0013,0,1,1,6,6,3.5125257e-05,0.0003003404,8.7105815e-05,0.00020692532,0.00023061656,1.8691355e-05,0.99731976,0.00032096202,0.00038385997,0.00012999737,0.00044757422,0.00051906845
syn-0018,0,1,1,3,6,4.395143e-05,0.00041194016,8.983089e-05,0.00035303997,0.00041659252,2.4462655e-05,0.99687636,0.00032842736,0.00054387,0.00016458014,0.00030988775,0.00043701183
syn-0031,0,1,1,0,0,0.99607843,8.448561e-05,0.00041564976,0.00016638688,0.001418538,0.00052032433,8.615194e-05,0.00017815875,0.00020109325,8.598384e-05,0.00041554827,0.0003491587
syn-0032,0,1,1,4,6,7.442746e-05,0.00093537994,0.00013294068,0.00053069124,0.0015632192,4.3753644e-05,0.9943304,0.00042186616,0.00092346733,0.00017594588,0.0003398076,0.0005281063
syn-0037,0,1,1,8,8,5.5933855e-05,0.0005284231,0.00020529804,6.819778e-05,0.00020142554,0.00014493975,0.00049634697,0.00022383039,0.99772435,0.00020590039,5.082898e-05,9.4406256e-05
syn-0041,0,1,1,10,10,0.0016043024,0.001163462,0.0010603792,0.0006596917,0.0007008678,0.0006077364,0.0025189973,0.0029170986,0.0021715115,0.03370381,0.9472362,0.0056558973
syn-0042,0,1,1,9,9,0.00016562785,0.00076324225,0.00033621513,0.00044194647,0.00029353856,0.00030344856,0.0004704495,0.00061628415,0.00032714632,0.9954152,0.0004376516,0.0004291866
syn-0045,0,1,1,9,9,0.00014470633,0.0007663957,0.00031545098,0.0005930928,0.00026305488,0.0002395142,0.0004895352,0.0006270429,0.00031823572,0.99514514,0.00050335133,0.0005945426
syn-0046,0,1,1,8,8,5.7494184e-05,0.00036244412,0.00025641598,8.68162e-05,0.00015311295,0.00017156213,0.00042363667,0.00020775339,0.9978942,0.00020563399,9.223503e-05,8.878823e-05
syn-0057,0,1,1,8,8,5.2422794e-05,0.0002812239,0.00018137242,7.228601e-05,0.00014752675,0.0001562002,0.00039044072,0.00012811089,0.9983246,0.00014347739,4.8720478e-05,7.371172e-05
syn-0059,0,1,1,3,3,0.00010333772,0.00041880962,0.00030254232,0.99632674,0.0009020435,0.0005475659,0.00018421939,0.0003456829,6.9242284e-05,0.0001911841,0.0001015371,0.00050715805
syn-0070,0,1,1,2,2,0.00030587814,9.378996e-05,0.9970361,0.0003312988,0.00026112096,0.0004948102,0.00014469841,0.00037076543,0.00028664523,8.236619e-05,0.0002717881,0.00032079243
syn-0071,0,1,1,6,6,3.6242807e-05,0.00030688444,8.618118e-05,0.00018102575,0.00022212253,2.0211595e-05,0.99739,0.00030883867,0.00042089747,0.00014376364,0.0004468414,0.0004370235
syn-0076,0,1,1,5,5,0.00063034723,0.00034990013,0.00028937007,0.00037888682,0.0024406763,0.9952734,5.5687582e-05,0.00020832369,0.00016271866,9.2714305e-05,5.3658918e-05,6.422132e-05
syn-0079,0,1,1,1,1,3.058544e-05,0.99759454,2.8286908e-05,0.00030777283,0.00065346673,0.00013680696,0.00027730386,0.00020698234,0.0002770332,0.00023846798,3.0705152e-05,0.00021819035
syn-0086,0,1,1,10,10,0.00020414164,8.472575e-05,0.00015462178,0.00011786002,9.010206e-05,6.8613e-05,0.00044061095,0.0002139386,0.00011705708,0.00017779486,0.9979346,0.0003960111
syn-0087,0,1,1,5,5,0.002066624,0.0034715214,0.00056997105,0.0013990304,0.11438709,0.87545556,0.0002502207,0.00039673987,0.0014856288,0.00021070697,9.0447116e-05,0.00021654797
syn-0091,0,1,1,4,4,0.0014342766,0.0036020316,0.00030612154,0.076382846,0.9125354,0.0033669826,0.0008823387,0.0002921032,0.0003736057,0.00026235153,0.0002095738,0.00035234375
syn-0111,0,1,1,3,3,9.245311e-05,0.0005260894,0.00026414715,0.996354,0.00073874195,0.00031552586,0.0003326115,0.0003615756,8.8737805e-05,0.00017306283,0.00012514036,0.0006279579
syn-0118,0,1,1,5,5,0.0006205048,0.00028537377,0.00040106836,0.0003469263,0.0015979168,0.9960121,5.9439095e-05,0.00023302903,0.00021363076,9.332836e-05,6.352023e-05,7.311134e-05
syn-0128,0,1,1,2,2,0.00027468457,9.036049e-05,0.9968951,0.00046888264,0.0002569108,0.00057455717,0.00012930909,0.00043926632,0.00031973067,7.943196e-05,0.00017970329,0.0002921148
syn-0130,0,1,1,6,6,0.00070644723,0.0056427643,0.0013057153,0.0011853894,0.0023735987,0.00036152336,0.62007284,0.0038433368,0.31179222,0.0026713165,0.044786524,0.005258351
syn-0133,0,1,1,2,2,0.00028633515,8.896273e-05,0.99693054,0.0002828611,0.00018451114,0.00043501295,0.00015162655,0.00063379057,0.00023947572,7.990159e-05,0.00032374804,0.0003632895
syn-0134,0,1,1,5,5,0.0005043001,0.0003684138,0.0008267947,0.0007469468,0.0015221939,0.9941043,7.499413e-05,0.00126812,0.0002309982,0.00017032739,7.692267e-05,0.000105758685
syn-0146,0,1,1,10,10,0.0002190053,9.880988e-05,0.00019383858,0.00023041389,0.00011791398,6.550096e-05,0.0013527526,0.0003184953,0.00012094622,0.00021309803,0.99547076,0.0015986088
syn-0147,0,1,1,0,0,0.99588925,9.469386e-05,0.00043002042,0.00017230771,0.0014044858,0.0005528991,9.240999e-05,0.00020622535,0.00021952571,0.00010772217,0.00046872417,0.00036176006
syn-0151,0,1,1,10,11,0.0007766935,0.0006186297,0.0007324917,0.0010420978,0.00026374107,0.0001666646,0.0021716533,0.0011901133,0.00022036389,0.0006265334,0.036413763,0.9557773
syn-0167,0,1,1,0,0,0.9960914,7.9523095e-05,0.00037041414,0.00014915019,0.0016121514,0.0004947489,7.813744e-05,0.00016606439,0.00018946637,8.0460486e-05,0.00037643107,0.00031191998
syn-0181,0,1,1,10,10,0.00027045273,0.00027364076,0.00024793917,0.00015334874,0.00018157338,9.19271e-05,0.0034765939,0.0004814284,0.0013247308,0.00039350646,0.992622,0.00048284093
syn-0187,0,1,1,3,3,8.5678694e-05,0.00043193708,0.00025108698,0.9964281,0.0010617714,0.00043745557,0.00020293967,0.00034791953,7.8776895e-05,0.00014517615,8.702793e-05,0.00044218017
syn-0191,0,1,1,4,3,0.00019499694,0.001377214,0.0001799908,0.98878664,0.0060661766,0.00034626442,0.0011768438,0.00031008644,0.00013401931,0.00029129922,0.00026835743,0.00086796196
syn-0202,0,1,1,10,10,0.00028966548,0.00010313222,0.0001728827,0.00011963546,0.000108823006,9.697841e-05,0.00059839536,0.00028350856,0.000328234,0.00026361464,0.99726284,0.00037239213
syn-0213,0,1,1,0,0,0.9938135,9.3304414e-05,0.00035749775,0.00017262156,0.0037088774,0.0005051383,9.0433736e-05,0.00017161308,0.00028432705,0.0001087648,0.00040096542,0.00029292316
syn-0222,0,1,1,8,8,6.924346e-05,0.00021674945,0.00020936395,7.664553e-05,0.00018794773,0.00018988486,0.00035488154,0.00013596988,0.99829155,0.00014730592,4.8909544e-05,7.1581155e-05
syn-0232,0,1,1,8,8,5.051195e-05,0.00033968972,0.00017969355,6.543119e-05,0.00018868539,0.00016872406,0.0003261186,0.00012930208,0.99830234,0.00015257842,2.9781564e-05,6.711379e-05
syn-0236,0,1,1,11,11,0.00018639356,0.0005741326,0.0003934408,0.0011977641,0.0001176718,9.436746e-05,0.00046449288,0.0004361377,8.2630904e-05,0.00039749587,0.0006871467,0.99536836
syn-0237,0,1,1,4,4,0.0024580255,0.00082107715,0.0001155261,0.00058042136,0.99454767,0.00071393047,0.0002667763,7.2719224e-05,0.00010831497,8.48515e-05,7.862823e-05,0.00015200456
syn-0264,0,1,1,0,0,0.9960647,8.014466e-05,0.00040393934,0.00015799193,0.0015586987,0.0005051713,8.333725e-05,0.00017016403,0.000184531,8.15659e-05,0.0003814164,0.00032832022
syn-0267,0,1,1,4,4,0.0013396498,0.0007063337,8.349384e-05,0.00051755394,0.99598914,0.00090380065,0.00015953029,4.610968e-05,8.9750945e-05,3.77072e-05,4.7295423e-05,7.967038e-05
syn-0268,0,1,1,6,6,3.7025693e-05,0.00033700853,8.650869e-05,0.00020935554,0.00026387602,2.1014357e-05,0.9972771,0.0003061015,0.00049016497,0.00014014347,0.00036868843,0.0004630037
syn-0271,0,1,1,2,2,0.0005592216,0.00034519998,0.9819041,0.0020085557,0.00032650973,0.001099188,0.0003255546,0.0054848716,0.0003385232,0.0005630575,0.00077526586,0.00627004
syn-0272,0,1,1,3,3,0.0012986885,0.0050753327,0.0006770486,0.9542869,0.030199919,0.0013152808,0.00048909057,0.0008450728,0.00014713872,0.002022281,0.00024737543,0.0033957907
syn-0279,0,1,1,0,0,0.99591994,8.381481e-05,0.00040754554,0.00016014355,0.0015776132,0.0005504917,8.414285e-05,0.00018649685,0.0002234256,9.124704e-05,0.00039810475,0.0003169322
syn-0281,0,1,1,10,10,0.00024768838,0.0002053409,0.00017632479,0.00016694097,0.00021185911,6.207742e-05,0.006332069,0.0004121753,0.00034725593,0.0003347691,0.9906502,0.000853198
syn-0283,0,1,1,7,7,0.000106521846,0.00038888043,0.00095173967,0.0004725276,0.00010224117,0.00058893213,0.0003140037,0.9954281,0.00023795011,0.00029729272,0.00043531283,0.00067653414
syn-0294,0,1,1,1,1,2.9293344e-05,0.9973999,2.2285198e-05,0.0003741293,0.0009055229,0.00014803925,0.00027095957,0.00016857154,0.00027215292,0.000223321,2.0290905e-05,0.00016563426
syn-0295,0,1,1,10,10,0.0013660872,0.0007073338,0.00033772938,0.0022777338,0.0026838263,0.00021720435,0.014360619,0.00088719535,0.0005030464,0.0009306812,0.9719782,0.003750309
syn-0297,0,1,1,11,11,0.00017040396,0.00035342245,0.00026341184,0.0009349027,9.52153e-05,6.725453e-05,0.0005399585,0.00042443955,5.186887e-05,0.00017632902,0.0004271423,0.99649566
syn-0298,0,1,1,7,7,0.00012964287,0.00048238775,0.0010925321,0.00038328077,0.000104987994,0.001137094,0.0003034963,0.99460006,0.00034424235,0.000379556,0.00044941535,0.0005933471
syn-0308,0,1,1,3,3,9.3188464e-05,0.0004192763,0.00023796505,0.99646336,0.0010781351,0.00037327642,0.00021582493,0.00032335942,7.314446e-05,0.00015244614,0.000102748076,0.00046727998
syn-0313,0,1,1,11,11,0.00075210864,0.0006637335,0.00096855994,0.0031018404,0.00029223794,0.00024465128,0.002256372,0.0046066614,0.00018431213,0.00077522564,0.058821086,0.92733324
syn-0314,0,1,1,8,8,5.813707e-05,0.0002265929,0.00025751675,7.530846e-05,0.00013451432,0.00021621646,0.0003387267,0.00015834189,0.998271,0.00014277085,4.514474e-05,7.567709e-05
syn-0325,0,1,1,4,3,0.0018485354,0.006695951,0.0004088547,0.51707226,0.4671359,0.0021823654,0.0017029506,0.0005427034,0.0003679294,0.0006597595,0.00043863707,0.0009441395
syn-0336,0,1,1,0,0,0.9959131,8.630604e-05,0.00040943758,0.00014970712,0.001590752,0.000600657,8.187268e-05,0.00017080402,0.00021112089,7.982005e-05,0.00038983056,0.00031662066
syn-0343,0,1,1,8,8,6.110333e-05,0.00030028424,0.00017793424,7.838165e-05,0.00019513648,0.0001827775,0.0003513894,0.00014600782,0.9982293,0.00015996718,4.7217e-05,7.046701e-05
syn-0346,0,1,1,6,6,3.7244874e-05,0.0003327714,8.8650515e-05,0.00020272496,0.0002398033,2.101526e-05,0.9973199,0.00033440022,0.000438489,0.00014403458,0.00043518285,0.00040593222
syn-0348,0,1,1,9,9,0.00018255865,0.00080509327,0.00037974247,0.00055144395,0.00029981486,0.00034575947,0.00045360543,0.00071397005,0.0003767873,0.99508864,0.0003842188,0.0004182892
syn-0358,0,1,1,2,2,0.00025767475,0.00010154944,0.9964478,0.0003216223,0.00021226819,0.00046653178,0.00014905792,0.0009979489,0.00022951663,7.9473895e-05,0.0003200557,0.0004165151
syn-0366,0,1,1,9,9,0.00019815628,0.00075998175,0.0003913961,0.0006139512,0.0003225831,0.00032132547,0.000433236,0.00065482536,0.0002968874,0.9950422,0.00039639664,0.00056892214
syn-0369,0,1,1,6,6,4.137432e-05,0.0004078871,9.7522425e-05,0.0002866343,0.00031007692,2.3299726e-05,0.9969981,0.00033576463,0.000499144,0.0001519333,0.00038797525,0.00046028235
syn-0370,0,1,1,9,9,0.00018803024,0.00079086423,0.00033618364,0.00046971696,0.00030490535,0.0002998852,0.00046243466,0.0005540025,0.00031244088,0.99532205,0.0004327235,0.00052682916
syn-0373,0,1,1,11,11,0.00029127195,0.00035340575,0.00023564897,0.0015433921,0.00013853089,9.0584996e-05,0.0005015556,0.0003520279,6.0578794e-05,0.00034253258,0.00061466877,0.9954758
syn-0374,0,1,1,8,8,5.3143984e-05,0.0002906447,0.0001967801,6.8438436e-05,0.00017777602,0.00016782257,0.00036607747,0.00012368418,0.99831605,0.00013360394,3.7795293e-05,6.810507e-05
syn-0381,0,1,1,8,8,7.0777096e-05,0.00026451418,0.00030371154,9.626961e-05,0.0001351006,0.00023139025,0.00042367395,0.00028419826,0.99773836,0.0001995683,0.00015887682,9.358146e-05
syn-0396,0,1,1,3,3,9.469837e-05,0.000568045,0.00086173584,0.9949646,0.0006330815,0.0005576023,0.0002653289,0.0007450423,9.30483e-05,0.0002040316,0.0001185466,0.000894315
syn-0397,0,1,1,1,1,3.3393342e-05,0.99753654,2.8618682e-05,0.00034207045,0.00074332976,0.00014505407,0.00026536614,0.00019471563,0.00022193833,0.00025112095,2.958486e-05,0.00020818658
syn-0401,0,1,1,11,11,0.00016198642,0.009151675,0.00067207107,0.0057074307,0.0002394004,0.00016072583,0.0009213075,0.0012337159,0.00015366549,0.0008663338,0.0014801738,0.9792515
syn-0406,0,1,1,4,4,0.0053075324,0.0009977429,0.00014909991,0.010300713,0.98031807,0.0009386667,0.00081592606,0.00013628838,0.00014997613,0.0001823246,0.00025018354,0.00045346652
syn-0415,0,1,1,1,10,0.0016717615,0.0054788194,0.0040655527,0.0014482025,0.0014077644,0.0015781616,0.009931878,0.006309162,0.44795743,0.0048374026,0.50958896,0.0057249563
syn-0416,0,1,1,2,2,0.0002730391,8.039555e-05,0.99723333,0.00032846475,0.00019849568,0.00041572546,0.00013190422,0.00036894236,0.00023606501,6.273452e-05,0.00027210746,0.00039882446
syn-0426,0,1,1,10,10,0.00021910106,7.698686e-05,0.00014453441,0.00010740884,7.989746e-05,6.867443e-05,0.00041300492,0.00023887942,0.00012767578,0.00017795403,0.99785304,0.0004928486
syn-0427,0,1,1,5,5,0.0005234739,0.0004240256,0.00026703812,0.000480836,0.0041124183,0.9935813,5.6358178e-05,0.00020039333,0.000161493,8.763089e-05,4.925258e-05,5.570159e-05
syn-0439,0,1,1,6,6,3.6453792e-05,0.00030882176,8.94345e-05,0.00016675962,0.0002236339,1.9819583e-05,0.9973354,0.00030972782,0.00048182864,0.00014904505,0.00043806783,0.00044107268
syn-0443,0,1,1,7,7,9.766507e-05,0.0005344568,0.0010373855,0.0004271477,0.00010852849,0.0010914258,0.00036074978,0.9945639,0.00034021947,0.0004321828,0.0004498381,0.00055656186
syn-0444,0,1,1,5,5,0.00040251794,0.00072125415,0.00028501017,0.00086814206,0.004644971,0.9923173,6.73661e-05,0.00027063387,0.00018893291,0.000113258546,5.205649e-05,6.856074e-05
syn-0449,0,1,1,11,11,0.0002155288,0.00026640258,0.00024327399,0.001397896,0.00010596762,7.29728e-05,0.0004781715,0.00037349298,4.851551e-05,0.00017183452,0.00055767596,0.99606824
syn-0453,0,1,1,1,1,5.6229692e-05,0.9913161,5.365475e-05,0.0024752903,0.001130369,0.000159559,0.00087358814,0.0004396969,0.00023215696,0.00072848605,0.000113365466,0.0024214946
syn-0456,0,1,1,11,11,0.00043020546,0.0022083593,0.0007676735,0.35265562,0.0014754006,0.00036297756,0.0026071703,0.0015341737,0.00014896569,0.00077976263,0.00094241207,0.63608724
syn-0460,0,1,1,8,8,4.64844e-05,0.00030489767,0.00018565357,7.074194e-05,0.00012986046,0.00013918396,0.0004892514,0.00015211909,0.99821717,0.0001364919,5.180648e-05,7.6341035e-05
syn-0465,0,1,1,7,7,0.0002901247,0.001508315,0.0024105746,0.0019277518,0.00042710488,0.011532542,0.00047461234,0.97809076,0.0009220145,0.00080498104,0.00055109785,0.0010601962
syn-0471,0,1,1,5,5,0.0009961898,0.0014248872,0.0020123587,0.002354122,0.0015242087,0.9821432,0.00017498144,0.007222055,0.0008266772,0.0004907476,0.00023272003,0.00059776375
syn-0481,0,1,1,9,9,0.00012942874,0.0006070072,0.000399448,0.0006217055,0.0002186658,0.0002951103,0.00054173183,0.0009798725,0.00033834562,0.9948986,0.00040101138,0.00056911784
syn-0482,0,1,1,1,3,9.674713e-05,0.011292187,0.00023253802,0.971838,0.0015417221,0.00019278079,0.0039707106,0.0011279479,0.0001294269,0.00078359904,0.0005649567,0.008229331
syn-0486,0,1,1,1,1,3.948598e-05,0.99715793,4.252807e-05,0.00036945526,0.000715979,0.00014387061,0.0002907686,0.00023012923,0.0002704973,0.0003062144,4.286163e-05,0.00039031781
syn-0490,0,1,1,7,7,0.00011444508,0.00043106842,0.0011777256,0.0003694332,0.00010751119,0.0009079052,0.00032065588,0.99490994,0.00036017117,0.00036655826,0.00041617698,0.0005184467
syn-0009,0,1,2,8,8,0.00012295628,8.303404e-05,0.00019165108,6.8168665e-05,0.00022472019,0.00027432648,0.00040055814,0.00015649745,0.9982728,0.00014473648,1.7001696e-05,4.3670487e-05
syn-0010,0,1,2,9,9,0.0003911157,0.0007493079,0.00023850125,0.0003807519,0.00036993946,0.00016961891,0.00023138919,0.0003816826,0.00041960587,0.99578696,0.00047897108,0.00040215414
syn-0022,0,1,2,10,1,0.00049210276,0.99064296,4.5151148e-05,0.00077399734,0.00043132057,0.0002029471,0.0005022989,0.00018496599,5.1564228e-05,0.00031928063,0.000520018,0.005833333
syn-0026,0,1,2,10,10,0.00015027913,0.00015482256,0.00022521049,8.126768e-05,7.3419236e-05,5.0263523e-05,0.00038969924,0.00016051902,2.0628107e-05,0.00010384149,0.99825495,0.00033500756
syn-0038,0,1,2,5,3,0.00049772655,0.010814728,0.0014346046,0.9375886,0.0071098083,0.037581593,0.0013782992,0.0012947923,0.0006750174,0.00049096806,0.00025520884,0.0008786708
syn-0039,0,1,2,1,1,0.0002941081,0.99783367,1.5778598e-05,0.00030167127,0.00050725904,0.00028160075,0.00016864484,9.8561984e-05,5.3796954e-05,0.00013224166,4.021344e-05,0.00027240426
syn-0048,0,1,2,11,11,0.00046563294,0.0010797253,0.0001378426,0.00045718453,6.2069885e-05,5.9925653e-05,0.00030019516,0.00019938809,5.9808724e-05,0.0001898862,0.00063749444,0.99635077
syn-0050,0,1,2,4,4,0.00033751925,0.0032686433,0.00014933509,0.0013161451,0.98186433,0.0004848925,0.011036102,0.0006471004,0.00036458907,0.00019861117,0.00024027372,9.254335e-05
syn-0085,0,1,2,3,1,0.0005676951,0.97179204,4.605636e-05,0.021893134,0.0023213632,0.0005671411,0.00058059045,0.00023757677,7.036486e-05,0.00055292225,0.00022847536,0.0011425839
syn-0094,0,1,2,1,1,0.00021045785,0.9976447,1.8051534e-05,0.00043172602,0.0005088218,0.0002897764,0.0002603888,0.000109718516,4.5916495e-05,0.000105928244,6.118695e-05,0.00031317002
syn-0097,0,1,2,10,10,0.00021836105,0.00030808884,0.00021878794,7.520607e-05,0.00011060598,5.0441686e-05,0.00037844726,0.000216239,2.2209173e-05,0.00014941915,0.9978877,0.00036457166
syn-0103,0,1,2,11,11,0.00053199305,0.00060017174,0.0001359865,0.00032272917,5.8544214e-05,6.96589e-05,0.00019121071,0.000163711,5.4569206e-05,0.0002003871,0.0012055421,0.99646544
syn-0114,0,1,2,4,4,0.0009217803,0.020634204,0.00052011054,0.008511788,0.7980917,0.0007582358,0.15900604,0.0019343332,0.0008392905,0.0007523352,0.007575625,0.00045453536
syn-0129,0,1,2,11,11,0.00041171405,0.00049119577,0.00012113921,0.0005048738,5.9269605e-05,6.346294e-05,0.00022642837,0.00018274161,5.5353354e-05,0.00017403303,0.00065060955,0.9970592
syn-0137,0,1,2,8,8,0.00011293591,8.49991e-05,0.00019762885,7.143676e-05,0.00021078611,0.00030419385,0.00041573294,0.00016328103,0.9982255,0.00014932384,1.7336204e-05,4.6849374e-05
syn-0140,0,1,2,11,11,0.0006273045,0.0004447848,0.0001550326,0.00047753402,7.022071e-05,8.003809e-05,0.00022979558,0.00021398396,8.306405e-05,0.00025925072,0.00067398604,0.9966851
syn-0141,0,1,2,2,2,0.00022843402,5.812495e-05,0.99708873,0.00046761468,0.00019548541,0.00047686804,0.00040707857,0.0001503236,0.00031994894,6.22373e-05,0.0003783751,0.00016688125
syn-0143,0,1,2,1,1,0.00065722934,0.9966857,2.1374331e-05,0.0002914836,0.0009096366,0.00057820027,0.0002467757,9.673317e-05,9.339148e-05,8.257882e-05,5.5984863e-05,0.00028100223
syn-0144,0,1,2,9,9,0.0004781036,0.00069784804,0.00022872555,0.00029599282,0.00035047196,0.00015658775,0.00022672408,0.00036018735,0.00041578946,0.9959268,0.0004264818,0.0004361694
syn-0153,0,1,2,4,4,0.44510335,0.02059533,0.0003857851,0.0010735411,0.48885038,0.040048987,0.00035679294,0.0005504572,0.0009418619,0.0006385416,0.0007040456,0.0007509178
syn-0154,0,1,2,1,1,0.0003059949,0.9979038,1.6344327e-05,0.00030022295,0.00045572242,0.00025956775,0.00015936937,8.639415e-05,4.108964e-05,0.00012918736,5.5400247e-05,0.0002868947
syn-0160,0,1,2,5,5,0.00028827012,0.0005942783,0.00037505833,0.00042749426,0.000665154,0.9968299,8.9127665e-05,0.0002953946,0.00026106695,6.714582e-05,4.941362e-05,5.7657653e-05
syn-0163,0,1,2,4,4,0.0027916902,0.0010886472,0.0005119856,0.00041991586,0.9448716,0.0033828714,0.0022889653,0.00066515186,0.04333748,0.00035777278,0.00016000587,0.00012388469
syn-0164,0,1,2,8,8,0.00019403563,0.00013077923,0.0002089846,0.000107786356,0.00040386233,0.00037419613,0.0006827293,0.00018660225,0.9974564,0.00017632672,1.9938472e-05,5.8488084e-05
syn-0165,0,1,2,8,8,0.00010322937,8.760964e-05,0.00018099637,7.101776e-05,0.00022273805,0.0002864905,0.00049380417,0.00015663929,0.9982023,0.00013609057,1.4944394e-05,4.4009892e-05
syn-0171,0,1,2,6,8,0.00018416517,0.0006472088,0.0007177954,0.00056505704,0.0034834356,0.0007723415,0.076059446,0.0010743862,0.9157986,0.00036128284,8.888269e-05,0.00024733777
syn-0172,0,1,2,10,10,0.00012681796,0.00028746814,0.0002689985,0.00017115292,0.00013186983,5.427805e-05,0.0011503608,0.00016653635,1.9812387e-05,8.682082e-05,0.9969733,0.0005627666
syn-0178,0,1,2,9,9,0.0018828032,0.004937569,0.00033567785,0.00080210983,0.00057548564,0.00019810715,0.00040490468,0.0005332778,0.00035385464,0.9812873,0.002160358,0.006528453
syn-0179,0,1,2,1,1,0.00039046368,0.99777406,1.6697104e-05,0.0002520407,0.00040840395,0.00022026361,0.00016667013,8.613022e-05,5.3063293e-05,0.00013709911,5.368878e-05,0.0004413744
syn-0183,0,1,2,4,5,0.0011993875,0.0019796293,0.00032411376,0.0005608393,0.032043338,0.9624027,0.00021173028,0.00024850664,0.00076995254,0.00011923478,6.754103e-05,7.302925e-05
syn-0186,0,1,2,3,3,0.000105608524,0.0036597468,0.00019424381,0.99075586,0.0020954676,0.00041524952,0.0009123184,0.00042096578,0.00014128155,0.00038329372,0.00018863562,0.00072736363
syn-0188,0,1,2,10,10,0.0001694919,0.00026470234,0.00021290213,8.300809e-05,8.522588e-05,4.683695e-05,0.00041796305,0.0001671904,2.0065787e-05,0.00011148164,0.9979608,0.00046033328
syn-0193,0,1,2,11,11,0.00035826387,0.0005096309,0.0001259468,0.00062008324,6.1501574e-05,6.715164e-05,0.00027887998,0.0002038338,6.728292e-05,0.00019602504,0.000595092,0.9969163
syn-0197,0,1,2,11,0,0.5569588,0.1749129,0.0010380407,0.004186505,0.06365933,0.0037090376,0.0029744804,0.0031294294,0.003241405,0.020304564,0.004117576,0.16176799
syn-0210,0,1,2,0,0,0.99441046,0.0017023894,0.00014042464,8.385139e-05,0.00082530966,0.00032793503,4.5589208e-05,9.483067e-05,0.00015035969,0.00041923055,0.0003089703,0.0014906621
syn-0218,0,1,2,8,8,0.00013842931,0.000107914195,0.00016113064,7.0910224e-05,0.00050462567,0.00029284033,0.0007024874,0.00015624943,0.9976646,0.00014074666,2.0177713e-05,3.9971725e-05
syn-0225,0,1,2,7,7,7.708183e-05,0.00041024006,0.0003084582,0.0006264584,0.0005198597,0.00049823825,0.0015712678,0.9942175,0.0005942785,0.0003742581,0.00028472056,0.00051758013
syn-0239,0,1,2,6,6,2.0127674e-05,0.0001755829,0.00023800948,0.00033778453,0.00021851645,2.4183957e-05,0.9971361,0.0005121446,0.0003560754,6.849119e-05,0.00066159223,0.00025138812
syn-0240,0,1,2,6,6,0.00029923068,0.0021398691,0.0005683949,0.0018930441,0.09456798,0.00037385614,0.89373803,0.0014359389,0.0036273987,0.00035673604,0.0007073789,0.00029229902
syn-0242,0,1,2,0,0,0.9973207,0.00044425423,0.00013076143,5.547612e-05,0.0005954061,0.00032665412,2.8780632e-05,6.944687e-05,0.00033611938,0.00019391453,0.00018988553,0.00030859112
syn-0247,0,1,2,3,4,0.0018186388,0.0825594,0.00092705735,0.29876304,0.43384948,0.00177651,0.15621188,0.0043414375,0.0010838399,0.002126204,0.013278224,0.0032643126
syn-0261,0,1,2,5,5,0.0003503483,0.0005082625,0.000363949,0.00025407734,0.0007357358,0.9970349,8.116836e-05,0.00019509342,0.00031605,6.187035e-05,4.6338755e-05,5.2201918e-05
syn-0262,0,1,2,10,10,0.00026910412,0.00023085227,0.0002880729,0.00010569188,8.49258e-05,7.450891e-05,0.00021591471,0.00018066795,2.4474639e-05,0.00017046933,0.9973647,0.00099061
syn-0263,0,1,2,0,0,0.9899086,0.0005907646,0.00015322851,9.239483e-05,0.0073685576,0.0005727285,4.230143e-05,9.4217154e-05,0.0005344285,0.00018072373,0.00024342794,0.00021863401
syn-0278,0,1,2,9,9,0.000423201,0.00074437476,0.0002038488,0.00028972758,0.00036822242,0.0001451162,0.00021572817,0.00036553532,0.00034658922,0.99601656,0.00050330034,0.00037787601
syn-0280,0,1,2,0,0,0.99708956,0.00038649817,0.00015800013,5.927141e-05,0.00059665035,0.0003780984,3.3904013e-05,8.054111e-05,0.0004975625,0.00018580639,0.00019973089,0.00033440464
syn-0282,0,1,2,7,7,7.915907e-05,0.0004202682,0.0002560282,0.0005492046,0.00039577045,0.00081584393,0.0005886354,0.9954125,0.0004773903,0.00031646152,0.00028229252,0.0004063446
syn-0288,0,1,2,9,9,0.0003410599,0.00064485206,0.00022564708,0.00033725105,0.00034172667,0.00015402828,0.00024398266,0.0003997141,0.00040363666,0.99604756,0.0004549302,0.00040561234
syn-0290,0,1,2,0,4,0.35277647,0.0023729303,0.0004676001,0.0007785078,0.6363053,0.0033637742,0.0003431072,0.00047589227,0.0016594059,0.00043670327,0.0005882227,0.00043203722
syn-0291,0,1,2,1,1,0.00029270755,0.99794286,1.6537637e-05,0.0002958688,0.00041182752,0.00021572363,0.00013955396,8.707516e-05,4.0454182e-05,0.00016046884,5.6165074e-05,0.0003407092
syn-0293,0,1,2,0,8,0.009242891,0.0004729331,0.0003619028,0.00017968053,0.0053860694,0.0017837418,0.0003686805,0.0003162744,0.98131543,0.00037595208,7.345326e-05,0.00012301105
syn-0301,0,1,2,3,3,3.2545795e-05,0.0004187758,0.00024860154,0.99721956,0.00022701838,0.00013986196,0.0005646951,0.00028129006,6.730339e-05,8.262305e-05,8.507945e-05,0.0006326794
syn-0322,0,1,2,2,2,0.00025763412,0.00010898266,0.99580425,0.00081228866,0.0003004703,0.0006133161,0.00068719586,0.00021254581,0.00027761835,6.947683e-05,0.0006732055,0.00018304709
syn-0323,0,1,2,7,7,8.0620506e-05,0.0002995415,0.0002261058,0.00043349576,0.00037552585,0.00033221047,0.0005762548,0.99612504,0.00046620987,0.00036308463,0.00031637892,0.0004054459
syn-0329,0,1,2,8,8,0.00012068397,9.2531605e-05,0.00019097826,7.7767385e-05,0.00023273805,0.00031714587,0.0003820959,0.00019247613,0.9981742,0.00015511269,1.8167251e-05,4.612067e-05
syn-0330,0,1,2,0,0,0.9899157,0.0006653554,0.00011622993,8.185787e-05,0.0076173786,0.00046127223,4.398685e-05,0.000105828556,0.00024390563,0.0002098495,0.00022491592,0.00031364014
syn-0334,0,1,2,6,6,2.0410509e-05,0.00015081439,0.00029759615,0.00023819297,0.0002503565,2.6934114e-05,0.9974177,0.00038605943,0.0005551351,6.771235e-05,0.00041494038,0.0001740956
syn-0335,0,1,2,3,11,0.00049900473,0.0008444948,0.00011317925,0.0007015866,6.672986e-05,6.911756e-05,0.00023132337,0.00017840408,6.354984e-05,0.0002166725,0.00053961854,0.99647635
syn-0349,0,1,2,5,5,0.00041246274,0.00069294096,0.00028438237,0.00027429027,0.0007099799,0.99692327,7.506005e-05,0.00016816222,0.00028106922,6.126223e-05,5.822893e-05,5.891531e-05
syn-0359,0,1,2,4,4,0.0024429732,0.0006492227,9.0651796e-05,0.00030413602,0.9942661,0.0003773961,0.00043971525,0.0002023017,0.00095306867,9.936726e-05,0.00011696896,5.8073725e-05
syn-0367,0,1,2,4,4,0.00050615077,0.00053041015,6.164538e-05,0.00018557315,0.9972977,0.0004759356,0.0003434109,0.00018047949,0.00022948817,8.856202e-05,6.717733e-05,3.3450615e-05
syn-0384,0,1,2,1,1,0.002145638,0.99436945,3.0367706e-05,0.00031001537,0.0012167414,0.0008853645,0.00021120577,0.00012057668,0.00016257087,0.000134776,6.750542e-05,0.00034584716
syn-0388,0,1,2,5,5,0.00082396367,0.0012650125,0.000636399,0.00048273045,0.0017069425,0.9880434,0.00019258028,0.0054335985,0.0008711294,0.00026322604,0.00013081635,0.00015027488
syn-0393,0,1,2,2,2,0.0001758121,7.103452e-05,0.9964896,0.0006554577,0.00022399044,0.00041072612,0.0009126829,0.00014154517,0.00029256684,5.0174636e-05,0.0004210826,0.00015530523
syn-0407,0,1,2,6,6,1.8186245e-05,0.00052234676,0.00025056352,0.0020244797,0.00038468448,3.5746303e-05,0.9953223,0.000488667,0.00046006995,6.200581e-05,0.0002107897,0.00022025948
syn-0409,0,1,2,10,10,0.00023589292,0.0018966617,0.00027098128,0.00030407798,0.00018954529,9.8527045e-05,0.0007434691,0.00027390794,2.4525321e-05,0.0002809517,0.9935912,0.0020902073
syn-0411,0,1,2,2,2,0.00031852353,7.459222e-05,0.99653167,0.0006437495,0.00023032182,0.00066556403,0.0003448267,0.00020435295,0.0003338098,8.3539315e-05,0.0003740318,0.00019499494
syn-0414,0,1,2,5,5,0.001175703,0.0021139032,0.00041100118,0.0006026935,0.037653238,0.9560345,0.00021743008,0.00051551097,0.0009453961,0.00017573668,6.881948e-05,8.615053e-05
syn-0417,0,1,2,7,7,6.800435e-05,0.0004932504,0.0013219415,0.0013358924,0.0006794811,0.0009582219,0.005169991,0.9881166,0.00057050656,0.00028996696,0.0006217029,0.00037451292
syn-0423,0,1,2,9,9,0.00042847844,0.0006404019,0.0002576112,0.00038258822,0.00039281018,0.00019144038,0.00023848418,0.00040805925,0.000498502,0.9957157,0.00048222198,0.00036364494
syn-0431,0,1,2,3,3,6.792622e-05,0.0005457508,0.00045388154,0.9966672,0.00041793118,0.00033222904,0.0003744482,0.00032421618,0.00011353307,0.00014706624,0.00011353307,0.0004422863
syn-0433,0,1,2,5,5,0.00037431874,0.00038179473,0.00040631916,0.00018689138,0.0006097712,0.99705267,7.477713e-05,0.00031775777,0.00041901247,7.205305e-05,5.4601365e-05,5.0105027e-05
syn-0436,0,1,2,6,6,2.048955e-05,0.00025391637,0.00015514018,0.00027805674,0.00028506792,2.3217704e-05,0.9973767,0.00042346862,0.00066694204,8.626423e-05,0.00024323695,0.00018750064
syn-0440,0,1,2,1,8,0.051118877,0.06792021,0.0007574785,0.002321833,0.12037348,0.033328723,0.0042331354,0.0012809865,0.71608746,0.0017372753,0.0003219919,0.0005185772
syn-0450,0,1,2,10,10,0.00024147549,0.00015319166,0.0002375577,9.7232005e-05,7.310844e-05,6.56621e-05,0.00021403992,0.00018460404,2.5020065e-05,0.0001335509,0.99791974,0.0006547978
syn-0451,0,1,2,8,8,0.00055794773,0.0005397262,0.0008400362,0.00027378718,0.0024402388,0.033099487,0.0011348164,0.00072699075,0.9597811,0.00043283607,5.00555e-05,0.00012292444
syn-0458,0,1,2,6,6,1.6592543e-05,0.00018315276,0.00017459501,0.00032602716,0.0001959194,2.1598531e-05,0.9973526,0.0005523613,0.00047338338,7.5607466e-05,0.00036379843,0.0002644119
syn-0461,0,1,2,2,2,0.00029107183,6.967786e-05,0.9967367,0.0005668036,0.00026129757,0.00061808235,0.00038000013,0.00017194984,0.000312427,7.1052134e-05,0.00036021633,0.00016074514
syn-0463,0,1,2,11,11,0.0006606671,0.0004208469,0.00015748951,0.0004345241,6.86008e-05,7.911339e-05,0.00024740308,0.00023804144,8.4380416e-05,0.00022383772,0.0006019896,0.99678314
syn-0472,0,1,2,8,8,0.00015918844,8.6001615e-05,0.00019305205,6.944249e-05,0.0002382129,0.0002749187,0.00036364168,0.00015175041,0.99823207,0.00016272494,1.8562861e-05,5.0459093e-05
syn-0476,0,1,2,7,5,0.00090746296,0.0014881392,0.0012580435,0.00081662834,0.0020787255,0.966422,0.0003983817,0.022551198,0.0030774118,0.00050804735,0.000252486,0.00024139488
syn-0478,0,1,2,2,2,0.0016881587,0.0022517873,0.64292055,0.008164122,0.0020462752,0.003293976,0.014221315,0.0051142806,0.0008251567,0.0011682118,0.3145608,0.0037453435
syn-0488,0,1,2,10,10,0.00010867272,0.0002770993,0.00028118823,0.00016265982,0.0002142303,5.1887764e-05,0.0068092416,0.00037930504,4.2266918e-05,0.00014911935,0.9910347,0.00048966025
syn-0492,0,1,2,6,6,1.985782e-05,0.00019006895,0.00022982733,0.00032229366,0.0002928076,2.7142421e-05,0.9973097,0.00042214993,0.0007278976,7.907793e-05,0.00021380464,0.0001654576
syn-0493,0,1,2,8,8,0.00013229683,8.3032144e-05,0.00019580867,7.560162e-05,0.00022449573,0.00028629444,0.0003677552,0.00016440506,0.99824995,0.00015467066,1.900341e-05,4.657681e-05
syn-0002,0,1,3,1,1,4.8670434e-05,0.99729913,3.72441e-05,0.00054576667,0.0005809269,0.0001233171,0.0003913273,0.00011505649,0.00017681617,0.0004578991,4.510079e-05,0.00017872582
syn-0005,0,1,3,11,11,0.00039900024,0.00055463356,0.0001424069,0.00074062345,0.00050462986,5.305791e-05,0.00045745602,0.00042514852,6.4754466e-05,0.00013469654,0.00079739076,0.9957262
syn-0025,0,1,3,8,8,0.00014101728,0.00014198458,0.00018186725,7.596177e-05,0.00016215147,0.00034470233,0.00031566093,7.515014e-05,0.9981198,0.00038528335,1.5001645e-05,4.1340045e-05
syn-0027,0,1,3,4,4,0.016669447,0.00045100102,9.5509284e-05,0.0003011658,0.9802389,0.00077168696,4.1970114e-05,4.3642016e-05,0.00026969978,3.236871e-05,0.00010592582,0.0009787242
syn-0033,0,1,3,5,5,0.00020373409,0.00024804074,0.00036239813,8.926597e-05,0.001573033,0.99642867,3.8693935e-05,0.0003617793,0.00041488328,0.00013825783,9.614324e-05,4.5061424e-05
syn-0035,0,1,3,9,9,9.9075565e-05,0.019177783,0.000610478,0.0009290515,0.00047358716,0.00031241123,0.0051755114,0.0025897343,0.0008426131,0.95336956,0.014140813,0.0022793033
syn-0040,0,1,3,4,4,0.0010977667,0.0005915866,0.000101604644,0.0005013381,0.9950441,0.0012500976,5.5566114e-05,6.25968e-05,0.00012919509,4.624623e-05,0.00020364976,0.00091615535
syn-0051,0,1,3,3,3,8.718628e-05,0.0006097904,0.0004131088,0.99629325,0.0006976789,0.00013676201,0.00028699165,0.00046651633,8.907969e-05,0.00020133315,0.000135963,0.0005822924
syn-0054,0,1,3,5,5,0.00024562408,0.00018190949,0.00037007817,7.892896e-05,0.001589982,0.9964036,3.839185e-05,0.00031049788,0.00048961607,0.0001293716,0.00011642184,4.5591445e-05
syn-0056,0,1,3,8,8,0.0001334489,0.00014115676,0.00017843887,7.678308e-05,0.00018231399,0.00037264265,0.00031347596,7.968598e-05,0.9981318,0.0003323519,1.6670498e-05,4.125988e-05
syn-0058,0,1,3,9,9,2.4684181e-05,0.0006385396,0.00056514534,0.00015003221,8.5152504e-05,0.00015464365,0.00039857705,0.0005880887,0.0009048101,0.9961282,0.00023079135,0.0001313726
syn-0062,0,1,3,7,7,6.221772e-05,0.00029740445,0.0009840602,0.00051967223,0.00011992779,0.0013631505,0.00030624634,0.9948302,0.00014881593,0.0005275983,0.00048604628,0.00035473195
syn-0064,0,1,3,6,6,0.00025160622,0.0009970673,0.0006570934,0.00051324634,0.00045073204,0.00020059795,0.6073908,0.0016902816,0.00063007197,0.0021247517,0.38307658,0.002017084
syn-0065,0,1,3,11,11,0.0006000762,0.00029099375,0.00011462446,0.00043481172,0.0008876133,4.48e-05,0.00026742232,0.0002162482,5.4144763e-05,4.8157348e-05,0.00057182834,0.9964694
syn-0067,0,1,3,5,5,0.00021788827,0.0002568605,0.00038729148,9.6216376e-05,0.0017188523,0.9962134,4.0780382e-05,0.00038681904,0.0003999759,0.00013958447,9.362111e-05,4.8712496e-05
syn-0068,0,1,3,10,10,0.00017849886,7.096728e-05,0.00016957794,9.978713e-05,0.00021135253,0.00020665827,0.00043765584,0.00017867326,6.765135e-05,0.0003263119,0.9974928,0.00056011206
syn-0080,0,1,3,3,3,9.664721e-05,0.00079351704,0.0003247259,0.99579996,0.0013361293,0.00016536856,0.00029944375,0.00035733887,9.00851e-05,0.0001559574,0.00013709535,0.00044384765
syn-0100,0,1,3,2,2,0.0002910861,8.067397e-05,0.99678564,0.0005188855,0.00028157985,0.00067919557,0.00012397792,0.00031504667,0.00023389427,0.00024776638,0.0003103138,0.00013197381
syn-0112,0,1,3,4,0,0.933748,0.0004851518,0.0006339943,0.00038906978,0.041186593,0.0029733668,0.0001653873,0.00022211867,0.0189304,0.000102490936,0.00031446354,0.00084897707
syn-0117,0,1,3,6,6,3.874492e-05,0.0011381127,8.816987e-05,0.0005605255,9.7404736e-05,2.4245952e-05,0.9957949,0.00030076105,0.00033667198,0.0003710278,0.00070999924,0.000539447
syn-0123,0,1,3,10,10,0.00016279121,8.990184e-05,0.000164068,0.00010717893,0.00020408625,0.00013548686,0.0005801116,0.00015670773,4.7282505e-05,0.00024593473,0.99766374,0.00044269135
syn-0124,0,1,3,6,6,2.8998305e-05,0.00053962925,0.00010091794,0.0003569127,6.929211e-05,2.1257089e-05,0.99704367,0.00028261705,0.0003505225,0.0003607674,0.00048410453,0.00036129623
syn-0125,0,1,3,9,9,3.3428812e-05,0.0025032274,0.0005036193,0.00020820429,0.0001288988,0.00017176666,0.0013696477,0.00095762836,0.00070040213,0.990825,0.002318501,0.00027962282
syn-0135,0,1,3,0,0,0.99611604,0.00010555956,0.00036113642,0.00014598356,0.0013313427,0.00032182934,6.51605e-05,9.462298e-05,0.00033826378,3.2446344e-05,0.00019283104,0.0008946945
syn-0142,0,1,3,4,4,0.00096990296,0.009485024,0.00022525544,0.03389107,0.95064056,0.0027670464,0.00021578149,0.00022613705,0.00028474955,0.00014346099,0.00020914258,0.00094189995
syn-0145,0,1,3,2,2,0.00024261512,8.094906e-05,0.9962852,0.0009548875,0.00026973322,0.00067373615,0.00012343258,0.0005170762,0.00021017104,0.00024619524,0.00027291273,0.00012307148
syn-0149,0,1,3,8,8,0.00015699456,0.00016245333,0.00015900035,7.4267686e-05,0.00017591142,0.00032652644,0.00029066688,7.506978e-05,0.99802667,0.0004916124,1.7400589e-05,4.3235428e-05
syn-0150,0,1,3,3,3,6.999165e-05,0.0017040424,0.00028283402,0.995376,0.0007898459,0.00015528324,0.000433593,0.00036726758,8.813279e-05,0.00020531547,0.00012093471,0.0004067267
syn-0152,0,1,3,3,3,0.0002436479,0.0023144905,0.00044857492,0.98309255,0.011580204,0.0003729728,0.00021925938,0.000432656,0.000107067404,0.00017756165,0.00015010714,0.00086085947
syn-0159,0,1,3,11,11,0.0010783495,0.00056108175,0.00015672238,0.00073286134,0.01146948,0.00010940987,0.00028769416,0.00026920997,7.563812e-05,8.0202466e-05,0.001931304,0.983248
syn-0162,0,1,3,9,9,2.4303597e-05,0.0006071799,0.000568724,0.00016886521,8.5827814e-05,0.00015166574,0.00044111517,0.00058513216,0.0007243522,0.9962147,0.0002840415,0.00014401555
syn-0168,0,1,3,1,1,5.7005553e-05,0.9971733,3.609367e-05,0.00051432516,0.0006745838,0.0001395826,0.00041105808,0.00012671959,0.00022272585,0.00038861233,4.2611875e-05,0.0002134625
syn-0170,0,1,3,6,6,2.8424198e-05,0.0005126405,9.6345815e-05,0.00025039059,7.201888e-05,2.1372061e-05,0.9965798,0.00031745204,0.0003330119,0.00047042535,0.00085183023,0.00046619505
syn-0174,0,1,3,10,10,0.00013696672,7.4978314e-05,0.00020671872,9.515243e-05,0.00016513273,0.00013262311,0.000489338,0.0001998701,4.1165044e-05,0.00025764274,0.99778455,0.00041582837
syn-0177,0,1,3,8,8,0.00012406573,0.00022117108,0.00027931354,0.0001214287,0.00017157668,0.00025196938,0.0017430463,0.00013827025,0.99554527,0.0012677896,4.346619e-05,9.255868e-05
syn-0182,0,1,3,6,6,2.9233013e-05,0.0003733132,0.00013242823,0.000260551,6.0099515e-05,2.2766693e-05,0.99729174,0.00030655472,0.00045627757,0.00040276189,0.00037367796,0.00029066566
syn-0184,0,1,3,2,2,0.0002138301,7.382557e-05,0.9969415,0.00050801336,0.00019299083,0.0005087891,0.0001399596,0.00042281908,0.00021237336,0.0003477591,0.00032272574,0.000115352675
syn-0190,0,1,3,3,3,5.1389772e-05,0.0036097441,0.00030690816,0.99309313,0.0008626386,0.00017065337,0.00034439279,0.00063343527,7.3900555e-05,0.00031944577,0.000103405466,0.000430912
syn-0198,0,1,3,0,0,0.5318571,0.0027156495,0.00090608234,0.002927727,0.43239677,0.012742331,0.00031374584,0.00031374584,0.012705053,0.00041645832,0.0008462127,0.0018591601
syn-0201,0,1,3,0,0,0.99605966,0.000113353104,0.00035171877,0.00014315188,0.0014324319,0.00032212553,6.515681e-05,8.8107234e-05,0.0004115022,3.2192023e-05,0.00018327293,0.0007972683
syn-0204,0,1,3,1,1,5.503265e-05,0.9971078,3.7602378e-05,0.00052427483,0.00066290726,0.00013984629,0.00039673495,0.00013435759,0.00022325559,0.0004972528,4.4566797e-05,0.00017643733
syn-0205,0,1,3,2,2,0.00021690506,7.741545e-05,0.99657226,0.0005176357,0.00017824708,0.0004876707,0.0001412807,0.0005770553,0.00023100698,0.0005329276,0.00035232963,0.00011519741
syn-0206,0,1,3,8,8,0.0004479629,0.00037981008,0.00027370054,0.00018847921,0.0003554075,0.00041389352,0.000994638,0.0001676369,0.99477994,0.0017197345,0.00011577898,0.00016295596
syn-0215,0,1,3,10,10,0.00011793564,9.6444455e-05,0.00016607247,0.00010407784,0.00013389984,0.00010685857,0.00047021767,0.00022832809,3.9891158e-05,0.0005313974,0.99760014,0.00040483373
syn-0221,0,1,3,11,11,0.00068982266,0.0018610508,0.00018287405,0.00087116635,0.0027130242,7.78888e-05,0.00093965844,0.00035875003,0.000102783604,0.00052197825,0.0045601293,0.9871208
syn-0228,0,1,3,6,3,0.00012696563,0.04582515,0.0004545496,0.9150454,0.0035954425,0.00028223626,0.028929798,0.0013386076,0.00057348335,0.0010745515,0.0005272868,0.0022264733
syn-0244,0,1,3,3,3,0.000101841775,0.0019461644,0.000375077,0.99347806,0.0023555597,0.00022794046,0.00030315394,0.00037986907,0.00010065529,0.00020815108,0.00013811795,0.0003854745
syn-0251,0,1,3,10,10,0.00013913446,8.8008455e-05,0.00016840281,0.00011136181,0.0001565859,0.00012880407,0.00039190685,0.00021350566,4.1491137e-05,0.00030412024,0.99786216,0.0003944747
syn-0257,0,1,3,4,4,0.0052483417,0.00039494774,9.271541e-05,0.00032360855,0.9875399,0.005187197,4.0504365e-05,6.2857034e-05,0.00016641682,3.652124e-05,0.00017355382,0.0007335488
syn-0258,0,1,3,3,4,0.0011771576,0.00093473884,0.00012709132,0.0012625204,0.9884469,0.0070551103,5.5957546e-05,0.00012246147,0.00014485963,5.573939e-05,0.00013502403,0.00048245626
syn-0292,0,1,3,11,11,0.000751623,0.00030809385,0.00011959552,0.0004014379,0.0011154638,4.9274e-05,0.00035565425,0.00022985201,6.192427e-05,6.364087e-05,0.00058673276,0.9959567
syn-0300,0,1,3,10,10,0.00020185915,0.000104263934,0.00017426856,0.00012862311,0.00024962815,0.00014391044,0.00043343,0.00016923707,4.2789834e-05,0.00022083455,0.99743396,0.00069719984
syn-0303,0,1,3,7,7,0.00061592093,0.0011295379,0.008358454,0.0011439692,0.0016227355,0.22273625,0.0005652008,0.7564562,0.001334826,0.002699057,0.002444355,0.000893538
syn-0306,0,1,3,5,5,0.00018455561,0.0002015105,0.0004892161,8.1258746e-05,0.0014056067,0.9961976,4.062075e-05,0.0005691309,0.00046408607,0.00016968885,0.00015107186,4.567114e-05
syn-0310,0,1,3,10,10,0.0001587401,7.2251925e-05,0.00018594883,9.885317e-05,0.00015265887,0.00015719747,0.00036692555,0.00020937434,4.6286325e-05,0.00024839552,0.9978538,0.00044948427
syn-0312,0,1,3,11,11,0.0009817778,0.00041323176,0.00016341194,0.00052493083,0.0007830282,7.52551e-05,0.000830888,0.0011591847,0.00011078622,0.00015142681,0.0011317448,0.9936744
syn-0324,0,1,3,7,7,6.239256e-05,0.00032867427,0.000561008,0.0005366261,8.747358e-05,0.0004803244,0.00053245004,0.9956793,0.00016860972,0.00058893696,0.00046965614,0.0005046061
syn-0327,0,1,3,1,1,4.5450462e-05,0.9972101,3.8273127e-05,0.00047948,0.0005926572,0.00014095758,0.00036776467,0.000115271134,0.00021088037,0.0006090863,4.074153e-05,0.00014931768
syn-0339,0,1,3,7,7,6.552207e-05,0.00033339905,0.00052527926,0.0005613453,0.00010267881,0.00044995378,0.00051587453,0.99579155,0.00017845565,0.00051966676,0.0004687926,0.00048746716
syn-0340,0,1,3,9,9,2.0508343e-05,0.00081421813,0.00043095247,0.00018404268,7.7549e-05,0.00012271864,0.00041636988,0.0005569116,0.0004867263,0.99634355,0.000379943,0.00016659379
syn-0341,0,1,3,8,8,0.00014130125,0.00013897478,0.00017354908,6.8831105e-05,0.00016279562,0.00035679032,0.0002828005,7.370091e-05,0.9981781,0.0003694131,1.3983888e-05,3.9836388e-05
syn-0351,0,1,3,11,11,0.0005279557,0.00028571612,9.537636e-05,0.0005782908,0.0011607878,4.265494e-05,0.0002407146,0.00023767796,4.8904138e-05,5.9220525e-05,0.00048923376,0.9962335
syn-0355,0,1,3,5,5,0.00022149527,0.0002886023,0.00044852647,7.782812e-05,0.0014358924,0.99603134,4.0693372e-05,0.00044841695,0.0005825303,0.000241254,0.0001403791,4.3064796e-05
syn-0360,0,1,3,0,0,0.994866,8.091273e-05,0.00023608029,0.00011830358,0.0030690194,0.00022417211,3.9704206e-05,5.4481618e-05,0.0001905313,1.9655008e-05,0.00013340253,0.0009675979
syn-0364,0,1,3,4,5,0.0006704786,0.00043458786,0.00038918175,0.00018329866,0.021944527,0.9740733,6.0327537e-05,0.00023148503,0.0015757459,0.00019607547,0.0001546547,8.641521e-05
syn-0375,0,1,3,8,8,9.293724e-05,0.00019965142,0.00022957307,9.320992e-05,0.00015624975,0.00028893503,0.00073548337,0.000120858414,0.9966928,0.001299985,2.7660639e-05,6.270052e-05
syn-0376,0,1,3,5,5,0.00026518514,0.0002213542,0.00049103587,7.664752e-05,0.0008855765,0.9963696,5.267902e-05,0.0005579809,0.0006634888,0.00020794303,0.0001580403,5.046341e-05
syn-0385,0,1,3,5,4,0.0040553887,0.00041085936,0.00010362822,0.00029694414,0.98941797,0.0049542305,3.32512e-05,5.5576627e-05,0.00018819701,3.3973312e-05,9.73497e-05,0.00035262987
syn-0392,0,1,3,1,1,4.7529134e-05,0.99700874,3.470521e-05,0.0006406467,0.00073374336,0.00012244134,0.00042746656,9.8576726e-05,0.00017233304,0.0004393164,4.7995563e-05,0.0002265275
syn-0405,0,1,3,8,8,0.00016438756,0.00012972417,0.00017922687,6.998093e-05,0.00017311993,0.00042498586,0.0002471367,7.784099e-05,0.9981437,0.00033302594,1.6801447e-05,4.0147443e-05
syn-0410,0,1,3,10,10,0.0001601403,7.85815e-05,0.00016361804,0.0001036977,0.0001695553,0.00014425148,0.00037138406,0.00019852082,4.6649016e-05,0.000265708,0.9978467,0.00045124028
syn-0418,0,1,3,0,0,0.9960735,9.242708e-05,0.0002917316,0.00012907639,0.0015458274,0.00026074148,5.5623597e-05,7.383336e-05,0.0002305534,2.6172293e-05,0.00018025794,0.0010403562
syn-0420,0,1,3,2,2,0.00020598885,7.750039e-05,0.99669194,0.00050948514,0.00017879154,0.000526011,0.00013325641,0.00051981927,0.00019965124,0.0004578997,0.00038483785,0.000114762086
syn-0422,0,1,3,1,1,5.0609488e-05,0.99730396,3.9491762e-05,0.00060311344,0.0005894661,0.00012797992,0.00037753396,0.00012034347,0.00017407576,0.00039008918,4.3713397e-05,0.000179777
syn-0428,0,1,3,8,1,6.207063e-05,0.99636275,4.183535e-05,0.00072379684,0.0011689016,0.00017357213,0.00045252597,0.00012260122,0.0002683092,0.0004320142,4.3163345e-05,0.00014860915
syn-0429,0,1,3,2,2,0.00024254408,7.639445e-05,0.99696654,0.00046009925,0.00024552297,0.00059088727,0.00012843736,0.00034254335,0.00022311498,0.00029327912,0.00031234647,0.00011832202
syn-0430,0,1,3,1,1,4.3819786e-05,0.9919511,7.6906115e-05,0.003956104,0.0016062345,0.00020783114,0.00047573022,0.00022318811,0.00013236378,0.0008680866,7.842295e-05,0.00038021232
syn-0435,0,1,3,10,10,0.00013576918,8.663792e-05,0.0001654568,0.00010430135,0.00016553761,0.000115225805,0.00055429357,0.00017733598,4.1977262e-05,0.00024488778,0.9977919,0.00041672066
syn-0445,0,1,3,6,6,2.7404552e-05,0.0003654177,0.00013528569,0.00024665106,5.428798e-05,2.2236269e-05,0.99715567,0.00029204856,0.0005504015,0.0004962458,0.00038136833,0.00027301785
syn-0447,0,1,3,7,7,6.026101e-05,0.00031115368,0.0005208299,0.0004861786,9.7052085e-05,0.00054409547,0.00038629273,0.9960731,0.00014231748,0.0004645949,0.00046278362,0.0004514015
syn-0464,0,1,3,4,4,0.014507104,0.00048160306,0.0001531798,0.00031277363,0.9818928,0.0011330291,4.699174e-05,6.588181e-05,0.0002189918,4.3630356e-05,0.00015866081,0.0009851742
syn-0469,0,1,3,9,9,2.319187e-05,0.0006353239,0.00054287433,0.00020771865,7.399207e-05,0.00013385156,0.00041410764,0.0006183245,0.00066271215,0.9962669,0.0002556231,0.00016544611
syn-0474,0,1,3,0,0,0.99588484,9.85618e-05,0.00027777642,0.00012905194,0.0019527853,0.00027886362,4.8982598e-05,7.3102e-05,0.0003981879,2.7050759e-05,0.00014853787,0.0006821531
syn-0477,0,1,3,7,2,0.00051253417,0.0017836867,0.8808002,0.05947276,0.0021578493,0.0059674755,0.00088557956,0.03520205,0.00057401106,0.007030546,0.0038845327,0.0017288084
syn-0485,0,1,3,10,10,0.00015518065,8.511506e-05,0.0001587056,0.00010009437,0.00017635863,0.00013829037,0.0006591025,0.0001761865,5.0725357e-05,0.00022956623,0.9976369,0.00043380272
syn-0007,0,1,4,6,6,3.2637956e-05,0.0005776748,0.00012572648,0.00048479112,5.750559e-05,2.2387949e-05,0.99614465,0.0003634465,0.0006656305,0.00047437093,0.00042699184,0.0006242342
syn-0014,0,1,4,0,0,0.99640024,0.000110549016,0.00021360967,0.00010415588,0.0017668318,0.0003330332,4.8626567e-05,9.32736e-05,0.00014404237,2.8810286e-05,0.00023029145,0.0005263547
syn-0019,0,1,4,0,0,0.9928958,0.00013261929,0.00019239546,0.00014593855,0.0050598094,0.00028420324,5.0287472e-05,9.267365e-05,0.00014353576,3.253151e-05,0.00023990811,0.00073035975
syn-0023,0,1,4,1,1,7.1653834e-05,0.9973552,3.3714918e-05,0.0003672798,0.0006653014,0.00012212558,0.00055489707,0.00015974909,7.582949e-05,0.00016839943,5.69047e-05,0.00036889737
syn-0024,0,1,4,2,2,0.0002798091,7.036785e-05,0.99682474,0.00040692108,0.00032300322,0.00045053058,0.00016154621,0.00024500905,0.00025827618,0.00042076167,0.00028463206,0.00027453114
syn-0029,0,1,4,2,2,0.00020504766,5.2021667e-05,0.99748117,0.00027917427,0.00023189608,0.00037074988,0.0001246717,0.00020137645,0.00022465167,0.00030163836,0.0003438936,0.00018380352
syn-0036,0,1,4,5,5,0.00062746694,0.00015895863,0.00016241074,0.00028103194,0.0027984143,0.99533194,4.4055094e-05,9.641329e-05,0.00035111877,7.9384896e-05,3.0695403e-05,3.8052112e-05
syn-0043,0,1,4,9,9,4.2089323e-05,0.00028151472,0.0007368644,0.00023270113,0.00013639775,0.0002479511,0.00031930962,0.00054283254,0.0005064081,0.9965551,0.00013207221,0.00026679315
syn-0061,0,1,4,4,11,0.007357107,0.29850656,0.0022613893,0.023443714,0.15068598,0.0012685243,0.071702264,0.002920745,0.0011916684,0.0026802265,0.12084334,0.31713855
syn-0074,0,1,4,5,5,0.0004825302,0.00020799015,0.00017703685,0.00029749604,0.0014736514,0.9965953,4.5689376e-05,0.00014267047,0.000399446,0.00010843203,3.0022402e-05,3.977322e-05
syn-0075,0,1,4,7,7,0.000113878086,0.00028185098,0.0005414282,0.00024131547,0.0001212226,0.00027775238,0.00034264365,0.99579865,0.0003144275,0.0006357816,0.0011204722,0.00021047909
syn-0082,0,1,4,1,1,6.311946e-05,0.99554414,3.7985963e-05,0.00045983557,0.00080463884,8.057349e-05,0.0016010702,0.00024314597,8.5770036e-05,0.00023728165,0.000102253085,0.00074023945
syn-0083,0,1,4,0,0,0.99655557,0.00011132466,0.00022664574,9.90142e-05,0.0015307983,0.0004190081,5.1267663e-05,0.00010205754,0.00016875811,2.8368044e-05,0.00022775514,0.000479253
syn-0095,0,1,4,11,11,0.00038288694,0.0003860784,0.00020959995,0.0005696126,0.00017753807,4.759743e-05,0.00061680103,0.00013258087,3.899994e-05,0.00015170814,0.00079348806,0.99649316
syn-0102,0,1,4,1,1,7.110221e-05,0.99743915,3.082052e-05,0.00036303143,0.00078791624,0.00012024231,0.00044822923,0.0001635512,7.06868e-05,0.00014617747,5.9524256e-05,0.00029964393
syn-0105,0,1,4,4,4,0.0014375291,0.0009304074,0.00019732285,0.00036685198,0.9957071,0.00073152303,5.442128e-05,8.696496e-05,5.042986e-05,7.38062e-05,0.00011276104,0.00025090532
syn-0106,0,1,4,10,10,0.00018500494,7.697105e-05,0.00022294073,6.792671e-05,6.674312e-05,3.6110858e-05,0.00055651873,0.00033516428,6.532448e-05,0.00013286424,0.9976482,0.0006063117
syn-0107,0,1,4,10,10,0.00017849328,6.8882524e-05,0.00024726946,7.632051e-05,6.643804e-05,4.1252315e-05,0.0004706692,0.00035313945,8.276426e-05,0.00013264494,0.9979488,0.00033326593
syn-0108,0,1,4,8,10,0.0034316743,0.0061746403,0.005475773,0.0023470647,0.0026725908,0.0022770758,0.02154635,0.010988692,0.4013232,0.012281238,0.5285607,0.0029209694
syn-0113,0,1,4,11,11,0.000558455,0.0007033513,0.00015621734,0.0005633849,0.0002839802,4.532884e-05,0.00041419873,0.0001230963,3.271297e-05,0.000107052416,0.0005261591,0.99648607
syn-0119,0,1,4,6,6,3.746381e-05,0.00045495643,0.00011871146,0.00028090706,4.726629e-05,2.5798818e-05,0.99732167,0.00026543855,0.00044268474,0.0002452509,0.00034535292,0.00041454606
syn-0122,0,1,4,3,3,7.791064e-05,0.00033107336,0.00019529436,0.99708754,0.00055579876,0.00043838684,0.00028890834,0.0002592288,0.000120906276,0.00021829252,8.326005e-05,0.00034342235
syn-0127,0,1,4,11,11,0.00024776987,0.00073502376,0.0001960021,0.00057692674,0.00015950428,4.0015155e-05,0.0017692673,0.00016185796,4.3606044e-05,0.00021110258,0.0010041678,0.9948547
syn-0136,0,1,4,6,6,8.713003e-05,0.022299588,0.00018159457,0.0014451889,0.00019255279,5.965007e-05,0.96501756,0.0009664713,0.000394707,0.0010956903,0.003171259,0.005088734
syn-0138,0,1,4,4,4,0.0009504765,0.00089758914,0.00020598195,0.0006727557,0.9956858,0.0008902779,6.3872576e-05,8.544781e-05,6.500526e-05,8.972361e-05,8.265726e-05,0.0003104258
syn-0156,0,1,4,6,6,3.4849185e-05,0.00039245284,0.00012294928,0.0003196857,4.6986384e-05,2.3626239e-05,0.99724174,0.0002656766,0.00047669385,0.000262197,0.0003399715,0.00047315744
syn-0161,0,1,4,2,2,0.00023876806,5.836995e-05,0.9973878,0.0002658453,0.00028534964,0.00039385422,0.00013798608,0.00020037682,0.0002736153,0.00030981976,0.00028479286,0.00016338317
syn-0176,0,1,4,10,10,0.00017175339,9.489755e-05,0.0001672839,7.390629e-05,6.586212e-05,3.986945e-05,0.001074441,0.00032111266,7.283157e-05,0.00013659983,0.9970573,0.0007241688
syn-0185,0,1,4,7,2,0.00076495006,0.00055205,0.8999756,0.0031490296,0.0011140832,0.0027345885,0.0011539467,0.060059536,0.0011338397,0.0213314,0.006397229,0.001633695
syn-0189,0,1,4,10,10,0.00022204683,0.00012226719,0.0002537093,9.328887e-05,0.00012565656,5.2740743e-05,0.0003069297,0.00028303315,7.495972e-05,0.00017454204,0.997537,0.0007537466
syn-0192,0,1,4,5,5,0.00043019216,0.00019618847,0.00017810907,0.00032935696,0.0011693835,0.99677354,5.17821e-05,0.00017178837,0.0005187525,0.00011037464,3.1041527e-05,3.947076e-05
syn-0194,0,1,4,1,1,7.5070944e-05,0.997068,3.178704e-05,0.0004821701,0.0010855264,0.00014988073,0.00041881434,0.00015253865,8.0539365e-05,0.00014944228,5.1094044e-05,0.00025520482
syn-0195,0,1,4,4,4,0.0013229907,0.00093618187,0.00036251984,0.0010945075,0.97915614,0.016201902,9.998232e-05,0.0002523393,0.00015395092,0.00014776428,9.596444e-05,0.00017581748
syn-0200,0,1,4,5,5,0.0008546833,0.0022288188,0.0013538288,0.008146712,0.00676046,0.94186175,0.00035524272,0.033349343,0.0030861096,0.0014753189,0.00017448937,0.00035316733
syn-0203,0,1,4,8,8,6.856505e-05,7.671426e-05,0.00020529801,9.271598e-05,6.40346e-05,0.00040862037,0.00037138382,0.00018529025,0.9982115,0.00023195258,3.891488e-05,4.505397e-05
syn-0207,0,1,4,0,0,0.9966222,0.00010960606,0.00024979064,0.00010196473,0.0013850809,0.0004302844,5.394194e-05,0.000104382765,0.00015808037,2.9557743e-05,0.0002302303,0.0005249318
syn-0208,0,1,4,8,8,7.831143e-05,7.0060945e-05,0.00018503719,9.004793e-05,6.49859e-05,0.00040742772,0.0003247504,0.00016619056,0.9983095,0.00022124438,3.750092e-05,4.4970475e-05
syn-0209,0,1,4,7,7,0.00011891801,0.00033777487,0.0011953253,0.0002451983,0.00011258931,0.00031453348,0.0005100399,0.9941907,0.000274341,0.0005392359,0.0019570931,0.00020427148
syn-0211,0,1,4,0,0,0.9963386,0.00010414943,0.00022781675,0.00011195449,0.0016629271,0.0003013664,5.3611537e-05,0.00010766557,0.00015452533,3.0250076e-05,0.00023874991,0.00066836574
syn-0217,0,1,4,6,6,2.888818e-05,0.00062980026,9.380019e-05,0.00030161027,3.8646187e-05,2.036511e-05,0.99714476,0.00024688937,0.00033222596,0.00026865097,0.00037701317,0.0005173328
syn-0219,0,1,4,0,0,0.9962469,0.00014514975,0.00033880415,0.0001334573,0.0011234423,0.00048024635,7.428018e-05,0.00015390874,0.00020329945,4.358186e-05,0.00029551025,0.00076136633
syn-0224,0,1,4,8,8,7.883841e-05,7.1016206e-05,0.00020122265,9.021231e-05,7.327051e-05,0.00047360285,0.0003200257,0.00019313635,0.9981805,0.00024024474,3.7422913e-05,4.038486e-05
syn-0226,0,1,4,6,6,3.4380722e-05,0.00033360478,0.00012058789,0.00028786628,4.484092e-05,2.3583398e-05,0.99737954,0.00023679233,0.00044335943,0.00025391707,0.00038108163,0.00046051465
syn-0229,0,1,4,7,5,0.0010372624,0.0008078208,0.0019444962,0.0010849206,0.0018819114,0.9494861,0.00033445566,0.038058482,0.003742628,0.0011095647,0.000253944,0.0002584473
syn-0234,0,1,4,4,6,3.1222222e-05,0.0005043935,0.00010347938,0.0005282773,5.8559093e-05,2.311193e-05,0.9967187,0.00025673996,0.00049621006,0.0003105961,0.00025799664,0.0007107013
syn-0243,0,1,4,10,10,0.00014830106,5.4663567e-05,0.00022723897,8.2059734e-05,5.085263e-05,3.3809058e-05,0.00024793347,0.0003462549,6.015356e-05,0.00012056791,0.99818856,0.00043951426
syn-0250,0,1,4,11,11,0.00057632336,0.00036552935,0.00021415041,0.0005201565,0.00022159654,5.5864475e-05,0.0005441886,0.0001382659,4.216872e-05,0.00013880705,0.00069607026,0.9964868
syn-0253,0,1,4,3,3,7.9903075e-05,0.00031463706,0.00020604196,0.996949,0.0006151277,0.00043512724,0.0003655204,0.00028328097,0.00013459881,0.00019223988,0.00010606132,0.00031850135
syn-0255,0,1,4,2,2,0.00022940239,6.0224258e-05,0.9974118,0.00027644198,0.0002854959,0.0004057219,0.00012724599,0.0001867762,0.00024719676,0.00030749117,0.00027929118,0.00018289551
syn-0259,0,1,4,4,4,0.0027876326,0.0011252059,0.00025033293,0.0019434699,0.9675838,0.025335938,0.00011550966,0.00013824696,0.00028477458,0.00012636796,0.000118943804,0.00018970078
syn-0260,0,1,4,11,11,0.0003079884,0.0005637181,0.00019254608,0.00061250804,0.00016453264,3.954059e-05,0.0039591044,0.00020139283,6.418071e-05,0.00024483146,0.0009462711,0.9927033
syn-0265,0,1,4,3,3,6.5610075e-05,0.00038107895,0.00017489714,0.997129,0.0005136749,0.00030072316,0.00037719135,0.00025722216,0.00010161886,0.00022065929,9.1805e-05,0.00038651348
syn-0269,0,1,4,10,10,0.00020032689,7.875619e-05,0.0002545386,7.080372e-05,7.648235e-05,5.0060473e-05,0.00030168224,0.0002967152,7.753518e-05,0.00013541566,0.99811363,0.00034411164
syn-0285,0,1,4,11,11,0.00068554404,0.0006169229,0.00017035402,0.000721388,0.0003986072,4.2820608e-05,0.00038072525,0.00010352694,3.1023777e-05,0.00011985903,0.00052549655,0.9962036
syn-0286,0,1,4,8,8,9.525904e-05,7.268188e-05,0.00020077912,9.809111e-05,7.8205056e-05,0.0007711697,0.00028383604,0.00017426965,0.9979274,0.0002212677,3.528422e-05,4.173769e-05
syn-0289,0,1,4,8,5,0.08507069,0.0010248407,0.00082994136,0.001340566,0.092886016,0.8134586,0.00026345803,0.00031593442,0.003951221,0.00022578816,0.00023894607,0.00039395544
syn-0299,0,1,4,1,1,7.151489e-05,0.99736744,3.2741904e-05,0.00039946276,0.0007735647,0.00012356666,0.00047926302,0.00016290187,6.9994836e-05,0.00015228674,5.1711857e-05,0.00031553852
syn-0305,0,1,4,1,1,9.671949e-05,0.99654466,3.9154602e-05,0.0004284166,0.00090784405,0.0001103493,0.00041787978,0.00016420436,5.7304398e-05,0.00020336022,7.771629e-05,0.0009523421
syn-0307,0,1,4,3,3,6.673326e-05,0.000677033,0.00011989795,0.996527,0.0006487954,0.00040245304,0.00047235683,0.00022953488,0.00011677789,0.0002715167,7.2015064e-05,0.00039582685
syn-0321,0,1,4,9,9,3.4229364e-05,0.00024827305,0.0007039909,0.00026609813,0.0001134459,0.00021612507,0.00028617942,0.0005187103,0.00037599212,0.99687505,0.00010846247,0.00025341718
syn-0326,0,1,4,1,1,6.998674e-05,0.99725205,2.8666454e-05,0.00036715216,0.0006354671,7.930536e-05,0.00055111025,0.00013945736,5.8476104e-05,0.00017288084,5.6456018e-05,0.0005889499
syn-0333,0,1,4,5,5,0.0004898349,0.00016281719,0.00015087568,0.00028214828,0.0021280057,0.995876,4.4511744e-05,9.865723e-05,0.00061822747,8.82632e-05,2.6475554e-05,3.4195058e-05
syn-0338,0,1,4,8,8,0.0002094478,0.000111672256,0.00030207806,0.00015949516,0.00022514399,0.0041335686,0.00026775704,0.00031181925,0.9938268,0.00035785185,4.0841915e-05,5.3476382e-05
syn-0350,0,1,4,2,2,0.00032082997,0.00010095363,0.9964227,0.00046328522,0.00048587448,0.0004969112,0.00014362422,0.00018989992,0.0002335809,0.00044315043,0.00034588508,0.00035322408
syn-0352,0,1,4,8,8,8.0870566e-05,7.8382436e-05,0.00019908437,9.344575e-05,6.816637e-05,0.00040692068,0.00034085204,0.00017880698,0.9982393,0.00022581258,4.1832358e-05,4.648543e-05
syn-0353,0,1,4,7,7,0.00011544207,0.0003766762,0.0006602808,0.00028908986,0.0001639161,0.0005058842,0.00027051603,0.99576724,0.00034163048,0.00066416105,0.00065851,0.00018665043
syn-0363,0,1,4,9,9,4.2653177e-05,0.00057545013,0.0005335052,0.0014305254,0.00018098501,0.0001701858,0.00070764293,0.0009078554,0.00033061457,0.9942484,0.0002685254,0.00060365576
syn-0368,0,1,4,9,9,3.0625866e-05,0.0002153017,0.00069491763,0.00027057677,9.461108e-05,0.00017623969,0.00031494923,0.0005246153,0.00032116103,0.99696404,0.00012497266,0.0002679473
syn-0377,0,1,4,5,3,0.0015433866,0.015065712,0.004154589,0.6550819,0.048484527,0.25157198,0.0010281171,0.008315001,0.0015707563,0.009114423,0.0007247849,0.0033448327
syn-0378,0,1,4,2,2,0.00020096039,5.1914187e-05,0.99736637,0.00027846146,0.00021413022,0.00033597066,0.00014084206,0.00023006495,0.00020323,0.00032460206,0.00047548933,0.00017786724
syn-0379,0,1,4,3,3,0.0013241237,0.005803038,0.0007641022,0.77952176,0.20335041,0.004626161,0.00071780756,0.0006334629,0.000506028,0.000906508,0.00030752158,0.0015390133
syn-0386,0,1,4,10,10,0.00015961734,7.361535e-05,0.00035559936,7.7829274e-05,6.427119e-05,4.2150074e-05,0.00038697547,0.00033852918,8.464804e-05,0.00013806985,0.99799347,0.0002852442
syn-0391,0,1,4,0,0,0.99640036,0.0001097959,0.00021974568,0.00010425766,0.0016875702,0.0004223833,5.0268223e-05,9.263818e-05,0.00015574694,2.8087985e-05,0.00022905787,0.00049995736
syn-0399,0,1,4,8,8,7.227822e-05,8.591637e-05,0.00019220261,9.995715e-05,6.441126e-05,0.00031956894,0.00042681073,0.0001678059,0.9982169,0.00025537418,4.9676044e-05,4.9193284e-05
syn-0402,0,1,4,1,1,8.67215e-05,0.99680567,3.490205e-05,0.0004160548,0.0007616074,0.00010109109,0.0005121311,0.00015057475,6.307613e-05,0.00018702763,6.753877e-05,0.00081360195
syn-0403,0,1,4,9,9,3.810029e-05,0.0002953241,0.0005556583,0.00027743133,0.00013324307,0.00023846111,0.0003333414,0.00071426365,0.0004599826,0.99659216,0.00011655765,0.00024555062
syn-0408,0,1,4,4,4,0.23306052,0.0013031375,0.0006320049,0.0014021642,0.7464739,0.0116034,0.00022012812,0.00033500037,0.0036939853,0.00019237453,0.0003538309,0.00072956755
syn-0413,0,1,4,9,9,3.4835863e-05,0.0002403961,0.0006806161,0.00023084828,0.000119120974,0.00019429883,0.0002923901,0.0006236923,0.00029786592,0.9968605,0.00014609266,0.00027940955
syn-0432,0,1,4,6,6,3.797452e-05,0.0004312133,0.00012809032,0.00032709015,4.8951093e-05,2.651049e-05,0.99719006,0.0002644979,0.0005103312,0.0002780047,0.00030817426,0.00044915787
syn-0437,0,1,4,3,3,0.00023492868,0.004265174,0.00051816704,0.96660733,0.001827221,0.00038884787,0.008683199,0.0009264428,0.0003148986,0.001695689,0.008018891,0.006519312
syn-0468,0,1,4,6,6,3.56806e-05,0.00037017008,0.00011676391,0.00030479112,4.6901267e-05,2.4189903e-05,0.99738127,0.00024217152,0.0004470558,0.00024478702,0.00036434215,0.00042181966
syn-0473,0,1,4,10,10,0.00013623523,6.6395754e-05,0.00023095321,7.47237e-05,5.706928e-05,3.4546727e-05,0.00033294898,0.00026327436,6.0572213e-05,0.00012164438,0.9982881,0.00033347713
syn-0484,0,1,4,3,3,6.613008e-05,0.00036188654,0.00016447468,0.9972108,0.00040509584,0.00030001445,0.0003943616,0.000273834,0.00010242427,0.00019436711,0.00010546937,0.00042102742
syn-0491,0,1,4,10,10,0.00016146472,6.23719e-05,0.00025235073,7.5088064e-05,6.0808172e-05,3.7426264e-05,0.0002713946,0.0002632374,6.0689523e-05,0.00011686793,0.9982698,0.0003683353
syn-0499,0,1,4,11,11,0.00074284786,0.00046056957,0.0001831572,0.000606813,0.00031339182,4.9779857e-05,0.0004033867,0.000116877454,3.8542097e-05,0.00012129619,0.00056004693,0.9964032
syn-0003,0,2,0,2,2,0.00013061342,5.7228197e-05,0.99716514,0.00040241587,3.5672867e-05,0.00013331967,0.00081568566,0.0005818068,0.000129597,0.00014742737,0.00024992673,0.0001512186
syn-0004,0,2,0,10,11,5.060335e-05,0.0003664999,0.00010505527,0.00035853477,0.0012615322,0.00041978408,0.0008887371,0.00029636623,9.754051e-05,0.0005785594,0.0003394539,0.99523735
syn-0006,0,2,0,7,11,0.0011971553,0.0057336623,0.0045623546,0.00375289,0.0035915396,0.050755423,0.0059562456,0.43124095,0.003763901,0.011253406,0.0036409798,0.47455144
syn-0008,0,2,0,8,8,0.00036902694,9.508684e-05,6.85554e-05,2.7753038e-05,0.00015900741,0.0002282686,0.0002820462,0.00037255744,0.998071,0.00014893667,2.8466728e-05,0.00014930071
syn-0011,0,2,0,10,1,0.006840791,0.51000816,0.00028876684,0.00022401508,0.013845794,0.00083639094,0.0015717666,0.00040405744,0.00053738424,0.0033486183,0.4589577,0.0031365335
syn-0015,0,2,0,6,6,0.00016712514,0.00049457746,0.00035937552,0.0005925101,0.0065147807,0.001331336,0.9888419,7.430632e-05,0.00043137814,0.00010116873,0.00071156974,0.00037994707
syn-0016,0,2,0,9,9,0.00025988618,0.0007875181,6.7927904e-05,0.00037018524,8.528392e-05,5.2388197e-05,7.964877e-05,0.00019069464,0.00016927639,0.9966918,0.000121925215,0.0011233954
syn-0017,0,2,0,3,3,4.4883862e-05,9.670416e-05,0.0003219168,0.99638677,0.0001552892,0.0007254895,0.0004321301,0.00041355123,3.157974e-05,0.0009085871,6.5689404e-05,0.00041740574
syn-0020,0,2,0,6,6,4.6000216e-05,9.920623e-05,0.00042342345,0.0003846852,0.0005247123,0.0002085888,0.99751365,3.813552e-05,9.494099e-05,6.7323235e-05,0.00029675412,0.00030260708
syn-0034,0,2,0,0,0,0.9960582,0.00073358096,6.464966e-05,5.6278408e-05,0.0009262019,8.836561e-05,0.00013983558,0.00012894842,0.0008616306,0.0002573226,0.0006109503,7.4121206e-05
syn-0044,0,2,0,2,2,0.00013983688,5.8463713e-05,0.9970407,0.00034643777,3.9021368e-05,0.00013278335,0.0008968378,0.00063301006,0.00014052136,0.00013553454,0.00027946007,0.00015737645
syn-0049,0,2,0,8,8,0.000382337,0.00011224179,6.247196e-05,2.8910652e-05,0.00021540302,0.0002428354,0.0003905686,0.00030674797,0.99792045,0.00015913876,2.9023804e-05,0.00014993564
syn-0052,0,2,0,4,4,0.00044079384,0.00073021423,1.3579982e-05,0.00028922083,0.9962184,0.0009055549,0.000538032,2.314549e-05,0.00024932393,0.00011719864,0.00016271419,0.00031180744
syn-0053,0,2,0,10,10,0.00086156797,0.00034657854,0.00012539989,5.5401866e-05,0.00020627052,3.6156456e-05,0.00019280583,5.219794e-05,4.021744e-05,0.00011373277,0.99793303,3.66184e-05
syn-0055,0,2,0,3,3,5.0011553e-05,8.760175e-05,0.0004115457,0.99713826,0.00016191293,0.00045365284,0.0005106163,0.00027704175,2.569351e-05,0.00055464095,9.361655e-05,0.00023546694
syn-0063,0,2,0,1,1,0.00045922748,0.99641454,2.095521e-05,6.099225e-05,0.0013868222,0.00020714168,0.0002537953,3.6921487e-05,0.00010385268,0.00048705816,0.0003706248,0.0001980424
syn-0069,0,2,0,11,11,3.9155835e-05,0.0009370634,6.455706e-05,0.0005326694,0.0014754229,0.0008332126,0.0004712282,0.00021167446,6.7655215e-05,0.00063256064,0.00010336357,0.9946315
syn-0072,0,2,0,0,0,0.9967505,0.00042850507,9.990781e-05,8.714115e-05,0.00050786947,0.00010480479,0.00015027261,0.00017810494,0.00059918396,0.00028280998,0.0007241227,8.67167e-05
syn-0073,0,2,0,11,11,3.2465392e-05,0.00043982454,6.172893e-05,0.00022690029,0.0005557867,0.00020458734,0.00049054,0.00018001952,8.50352e-05,0.0008908592,0.00013144812,0.9967008
syn-0077,0,2,0,2,2,0.00012185961,6.211836e-05,0.9971289,0.00039907487,3.5532503e-05,0.00014886874,0.0008956042,0.0005677192,0.00011950264,0.00013660964,0.0002410486,0.00014316567
syn-0081,0,2,0,10,10,0.00058554846,0.007899855,0.00013941992,7.654517e-05,0.0012135543,7.7750585e-05,0.0011218063,9.341947e-05,5.1189647e-05,0.0005495349,0.98729557,0.00089582975
syn-0084,0,2,0,5,5,6.8688925e-05,0.00024233719,6.0381433e-05,0.00045920204,0.0005906356,0.99611616,0.00013580616,0.0010000552,0.0002592293,7.354866e-05,1.7779133e-05,0.0009761738
syn-0090,0,2,0,5,4,0.0026230433,0.029366734,6.411412e-05,0.0007637219,0.8802915,0.077220075,0.0019780444,0.00022953495,0.0024035163,0.0007795459,0.00051827624,0.0037619253
syn-0093,0,2,0,5,5,0.00011950025,0.0007462835,0.00017201406,0.0014053477,0.0017928652,0.9932215,0.0010489654,0.00038953705,0.00039760806,0.00010281464,6.835568e-05,0.00053530146
syn-0098,0,2,0,10,10,0.0006492598,0.0005255299,0.0001677236,6.8598754e-05,0.00020873538,4.334928e-05,0.0002674659,6.590638e-05,4.4204262e-05,0.00018179574,0.99772733,5.0187922e-05
syn-0101,0,2,0,3,3,5.009907e-05,0.000115464536,0.00022518722,0.9969342,0.00039656906,0.00042942195,0.0006418513,0.00022191263,2.432115e-05,0.00052064424,8.340999e-05,0.0003568735
syn-0109,0,2,0,3,3,0.00020721476,0.001647473,0.0004169534,0.886542,0.0039714267,0.002404092,0.0040182406,0.0011006736,0.00017145187,0.04122188,0.00050589733,0.057792548
syn-0120,0,2,0,3,3,0.00024935347,0.0023462432,0.0001953379,0.9732563,0.0080701085,0.0008711795,0.0022662976,0.0004159605,0.00010153809,0.006756011,0.00033949708,0.005132179
syn-0121,0,2,0,9,9,0.00017121565,0.0002746727,7.94673e-05,0.0007539648,7.5458884e-05,4.8293594e-05,8.159051e-05,0.00018676253,0.00013987867,0.9973387,0.00013757564,0.0007124467
syn-0139,0,2,0,1,1,0.0002745071,0.99722433,3.933466e-05,7.7390476e-05,0.0004382329,0.00027038326,0.00037575676,4.763235e-05,0.00013715743,0.0004614558,0.00034046388,0.00031334392
syn-0148,0,2,0,7,7,0.0002609284,8.5458865e-05,0.00094967155,0.0003275973,7.750783e-05,0.0013263985,0.00019792315,0.99387157,0.0009297131,0.00040216531,6.1074694e-05,0.0015099946
syn-0155,0,2,0,4,4,0.00030832159,0.002075343,1.0927687e-05,0.00027289116,0.9937773,0.0006977884,0.0018119147,1.971034e-05,0.0002523831,0.00010490114,0.00019867896,0.00046990483
syn-0158,0,2,0,1,1,0.0005094004,0.99707377,3.247754e-05,5.677764e-05,0.0005265659,0.00019856084,0.00035397304,4.269092e-05,0.00015239064,0.0004273901,0.00043747202,0.00018836118
syn-0166,0,2,0,5,5,0.00014597508,0.0014299836,7.22629e-05,0.00042529023,0.0018893398,0.9941146,0.00031790615,0.00036252878,0.00036519373,0.00011683697,5.62784e-05,0.00070392934
syn-0169,0,2,0,4,4,0.0021674524,0.0020511008,1.4024144e-05,0.00030190617,0.9932614,0.00042306198,0.000457886,3.2862852e-05,0.00038108655,0.00025348677,0.00027731538,0.00037830556
syn-0173,0,2,0,8,8,0.0003546021,0.000102830425,5.450627e-05,2.3928578e-05,0.00018313613,0.00023241184,0.0002484604,0.00028087312,0.9982363,0.00013326753,2.4930428e-05,0.00012476608
syn-0175,0,2,0,11,11,5.041402e-05,0.0011555704,6.704912e-05,0.00022135359,0.0011037303,0.00028617325,0.00049133424,0.00017734228,7.9312376e-05,0.0007459102,0.00022748974,0.99539435
syn-0196,0,2,0,4,4,0.040494915,0.0017983285,6.506182e-05,0.00028988332,0.95091665,0.00058672525,0.001155503,9.466439e-05,0.0012399765,0.0004686927,0.002300518,0.00058902166
syn-0223,0,2,0,6,6,5.013609e-05,0.000111558125,0.00036766517,0.00034665666,0.0004544495,0.00018500912,0.9976707,3.8290804e-05,9.504871e-05,7.438634e-05,0.00034733437,0.00025874792
syn-0230,0,2,0,9,9,0.00035607148,0.000417817,6.5385946e-05,0.0003509793,9.979907e-05,4.3812393e-05,8.679166e-05,0.00017362015,0.00023023404,0.9976121,0.00017429968,0.0003892582
syn-0233,0,2,0,8,8,0.0004107259,0.000106414314,5.2116047e-05,2.1367507e-05,0.00017071514,0.00017310742,0.0002419844,0.000251271,0.99831533,0.000116702184,2.4593848e-05,0.000115794
syn-0241,0,2,0,1,1,0.0002464471,0.9968177,2.5635136e-05,5.948717e-05,0.0009405858,0.00024825876,0.00030121705,3.737182e-05,9.1062124e-05,0.00046847443,0.00037313576,0.00039066127
syn-0246,0,2,0,8,8,0.0036521181,0.0032913683,6.4580105e-05,7.3608884e-05,0.0045384816,0.0061641163,0.0008188864,0.00064400793,0.9795607,0.00047208744,5.5562898e-05,0.00066445087
syn-0248,0,2,0,6,6,0.00036488692,0.0011517083,0.00058823504,0.00032644434,0.0045306943,0.0002054841,0.954295,9.2438226e-05,0.00025078288,0.00024306709,0.037438203,0.0005130677
syn-0249,0,2,0,8,8,0.0004116732,8.9030575e-05,5.3318563e-05,2.5808366e-05,0.00022240661,0.00041127138,0.00023115338,0.00056710385,0.9976908,0.00013036362,1.79469e-05,0.00014917098
syn-0252,0,2,0,8,8,0.00178699,0.00048184328,6.0909042e-05,2.9684694e-05,0.0011459072,0.00022432425,0.00064271723,0.00018742993,0.9950552,0.00014554356,7.1908704e-05,0.0001675196
syn-0254,0,2,0,7,1,0.005911804,0.8158228,0.00018302242,0.0017776475,0.088976905,0.034169912,0.0053252457,0.0011189607,0.016046427,0.0105621135,0.0003966468,0.01970855
syn-0270,0,2,0,10,10,0.0007430261,0.0017093375,0.00014783653,9.037066e-05,0.005105631,6.875037e-05,0.00819871,5.271274e-05,8.260547e-05,0.00019300358,0.9834691,0.00013887958
syn-0273,0,2,0,0,0,0.9940352,0.0012708211,5.245305e-05,7.426018e-05,0.0022086857,0.00011467993,0.00014188766,0.0001084708,0.0004083663,0.00038362463,0.001116578,8.497357e-05
syn-0274,0,2,0,9,9,0.00021779057,0.00032226674,7.5413554e-05,0.00046355985,8.5873035e-05,4.1810323e-05,8.10651e-05,0.00018046658,0.00017111278,0.99771345,0.0001429701,0.00050402706
syn-0275,0,2,0,0,0,0.99680185,0.00040148434,9.561734e-05,8.421736e-05,0.0006023685,0.00010379164,0.00016044197,0.00016715941,0.0005457558,0.00025020193,0.00070393924,8.3154955e-05
syn-0276,0,2,0,6,6,0.00030358435,0.00051490363,0.00086736877,0.00051641435,0.004507119,0.00023140633,0.93005896,0.000108246335,0.00020421535,0.0002780411,0.061825167,0.00058460294
syn-0284,0,2,0,0,0,0.99664414,0.00074830686,7.540633e-05,6.418429e-05,0.00050297234,9.193974e-05,0.000111988826,0.00014967077,0.0006718432,0.0003127032,0.00055619626,7.0630456e-05
syn-0296,0,2,0,3,3,4.4201868e-05,0.00010078462,0.00039802742,0.9966994,0.00013260831,0.0004515751,0.0005881028,0.0002843185,2.455404e-05,0.00088565337,8.066699e-05,0.00031013545
syn-0302,0,2,0,10,10,0.0006678099,0.00032253782,0.0001319498,5.6834095e-05,0.00023121189,3.302179e-05,0.00026194943,4.8187387e-05,3.5705067e-05,0.00010758916,0.9980652,3.8044982e-05
syn-0304,0,2,0,1,1,0.0002804816,0.99289787,3.234152e-05,6.406804e-05,0.0024017887,0.00023049266,0.0018236194,3.7443617e-05,0.000118415956,0.00047502315,0.0012802603,0.0003582163
syn-0311,0,2,0,9,9,0.00027753567,0.00078246446,6.679531e-05,0.0004400494,0.00014112979,4.590771e-05,9.392094e-05,0.00017006884,0.00015259768,0.9955076,0.00017598222,0.0021459972
syn-0316,0,2,0,0,4,0.029841332,0.037138138,4.8226822e-05,0.00019148731,0.9157309,0.0018319245,0.0012670796,0.00016030644,0.01071324,0.0011730021,0.0009772128,0.0009270152
syn-0318,0,2,0,11,11,3.5401747e-05,0.00085144665,6.4607055e-05,0.00027413922,0.00066973735,0.00021204536,0.00044453755,0.00021245991,8.247245e-05,0.0016484346,0.000103141,0.99540174
syn-0328,0,2,0,10,10,0.0007420706,0.00031448106,0.000119203374,5.5191642e-05,0.00022792676,3.778474e-05,0.00021590211,5.5678862e-05,4.0379065e-05,0.000112035894,0.9980373,4.206967e-05
syn-0332,0,2,0,6,6,5.7132158e-05,9.120781e-05,0.0003624996,0.00032797118,0.0005587156,0.00015022949,0.99743795,5.1313058e-05,0.00011362087,7.67297e-05,0.0004109665,0.00036161568
syn-0345,0,2,0,7,7,0.00024753137,9.543184e-05,0.0012036095,0.00042333265,8.6891676e-05,0.0031571838,0.00021255345,0.9929268,0.0004932372,0.00030180448,7.773722e-05,0.0007738901
syn-0354,0,2,0,8,8,0.0003542475,0.00011806566,6.3972155e-05,2.4352335e-05,0.00017044769,0.00021410269,0.00027174363,0.0002654811,0.99821246,0.00014479841,2.9032297e-05,0.0001313906
syn-0356,0,2,0,8,8,0.00043028028,0.00012045104,5.482433e-05,2.435192e-05,0.00016936628,0.00021108874,0.00023864074,0.000286541,0.99819547,0.00013709004,2.360269e-05,0.00010828841
syn-0357,0,2,0,3,3,0.0004347484,0.0101245325,0.0004784112,0.9064993,0.03781979,0.023254635,0.013650682,0.00060358836,0.0002741924,0.0018664598,0.0004556124,0.004537931
syn-0371,0,2,0,6,6,5.3683154e-05,0.00013209083,0.00038691185,0.0003098316,0.0003886159,0.00014649708,0.9976695,4.205417e-05,8.981462e-05,7.26631e-05,0.0004322641,0.0002759739
syn-0372,0,2,0,1,1,0.0003210448,0.9951443,3.123385e-05,0.00014641196,0.0015671748,0.0002582188,0.0005455825,4.634131e-05,0.000126709,0.0010648137,0.00034883127,0.00039915665
syn-0380,0,2,0,4,5,0.0006546536,0.0019881225,0.00018143601,0.0033934892,0.15166336,0.83442384,0.0020592604,0.0006090136,0.0015265808,0.00041693664,0.0002583767,0.002825002
syn-0382,0,2,0,0,0,0.99688894,0.00039269731,0.000102091675,9.478891e-05,0.0005329505,0.00010269163,0.00014666864,0.00017519687,0.00039703542,0.0002781923,0.0008077322,8.0998114e-05
syn-0383,0,2,0,2,2,0.00012948725,5.745962e-05,0.99729425,0.00033106114,3.5261834e-05,0.00013268746,0.0006426712,0.00074133713,0.00013217017,0.00012785377,0.0002426238,0.00013307677
syn-0419,0,2,0,1,1,0.00039647362,0.99693763,3.0446137e-05,4.552688e-05,0.0005877409,0.00012136124,0.00023075342,3.759596e-05,8.861654e-05,0.000457398,0.0008269275,0.00023959437
syn-0421,0,2,0,10,10,0.0017388385,0.060180347,0.00014040823,0.00016739151,0.0070829983,0.00012960302,0.0033852102,9.172298e-05,9.40817e-05,0.001379486,0.9249759,0.0006342015
syn-0425,0,2,0,5,5,0.0001096836,0.00045462587,7.6124146e-05,0.0006766674,0.0025655895,0.993439,0.00033620364,0.00044042344,0.00026595895,9.418455e-05,4.0271607e-05,0.0015012523
syn-0448,0,2,0,4,5,0.00011559238,0.0003966206,6.67692e-05,0.0007279847,0.0032550427,0.9931766,0.00030934127,0.00040841225,0.00038781145,0.00010524806,3.4979337e-05,0.0010155918
syn-0452,0,2,0,10,6,0.00078850315,0.0017315244,0.0013764531,0.00057351094,0.0045452835,0.00034212472,0.50585407,0.0002296917,0.00028529816,0.00064042275,0.48268935,0.0009437146
syn-0454,0,2,0,11,11,3.607257e-05,0.00018790252,9.615885e-05,0.00041708356,0.00039623881,0.0003154467,0.00046009416,0.00045718288,9.853537e-05,0.00086072396,8.403521e-05,0.9965905
syn-0455,0,2,0,2,11,0.0041371183,0.008029205,0.0061562043,0.010229471,0.13646841,0.02436015,0.05947326,0.036233988,0.002293676,0.006734908,0.185803,0.5200806
syn-0457,0,2,0,9,9,0.00020126379,0.00023312833,8.979125e-05,0.0006730986,8.468121e-05,4.4406504e-05,8.935388e-05,0.0002227787,0.00014804075,0.99741,0.00017375457,0.0006297756
syn-0459,0,2,0,5,8,0.017205808,0.002207053,7.397917e-05,7.269011e-05,0.013205041,0.001531396,0.0009056622,0.00028497924,0.9635628,0.0004707699,0.00013767245,0.00034207624
syn-0480,0,2,0,1,1,0.00023326134,0.9691655,9.134645e-05,0.00050355383,0.010537612,0.0013621341,0.0050313743,0.000103711456,0.0001590704,0.0009706255,0.0013964801,0.010445403
syn-0487,0,2,0,6,6,8.835566e-05,0.00022408695,0.00033672305,0.0003344291,0.0014121301,0.00035219415,0.995946,6.464238e-05,0.00043468946,7.3249415e-05,0.00030990102,0.0004235845
syn-0489,0,2,0,11,11,0.000117024116,0.019834785,0.00018267207,0.00037190187,0.0017217573,0.0009947752,0.0015753512,0.00063016,0.00021524029,0.0028255605,0.0007873163,0.9707435
syn-0495,0,2,0,2,2,0.000126468,6.586752e-05,0.9971391,0.0004716959,3.1976117e-05,0.00017286126,0.00062584976,0.00074959296,0.00013701186,0.00014080996,0.00021262298,0.00012609802
syn-0496,0,2,0,8,8,0.0007383936,0.00033160349,6.568032e-05,3.194757e-05,0.0008009319,0.00028363548,0.0009268316,0.00020720839,0.9962489,0.00012922527,5.165386e-05,0.00018402521
syn-0497,0,2,0,5,5,8.534214e-05,0.0008128479,0.000103143524,0.0003411801,0.00028590302,0.99445444,0.0002257266,0.0020336078,0.00037950044,0.000104359344,3.2329015e-05,0.0011415863
syn-0498,0,2,0,7,7,0.00022798234,7.6813274e-05,0.0017194778,0.00033187435,5.0770475e-05,0.0011191588,0.00016793954,0.9946314,0.0009314466,0.0003152881,4.4717366e-05,0.00038310577
syn-0013,0,2,1,6,6,0.00030984654,9.2647475e-05,0.00023189442,0.00015260077,0.0001739355,3.1924446e-05,0.997474,5.9642713e-05,9.165757e-05,0.000105806736,0.0009907186,0.0002853743
syn-0018,0,2,1,3,6,0.0003832203,0.00021122141,0.00024075173,0.0012227875,0.0013699586,7.877367e-05,0.9944431,7.846657e-05,0.00013584312,0.00027334082,0.0005545955,0.0010078963
syn-0031,0,2,1,0,0,0.9965418,0.00030260763,5.619587e-05,6.634437e-05,0.0008690222,7.688569e-05,0.0003883662,0.00011418588,0.000350774,0.00030767333,0.0008398212,8.627624e-05
syn-0032,0,2,1,4,4,0.010876764,0.0057065194,6.6338784e-05,0.0011967355,0.92157286,0.0005598042,0.05374685,0.000115071765,0.0007848384,0.001677808,0.0020396956,0.0016566422
syn-0037,0,2,1,8,8,0.001651237,0.00092377583,9.616046e-05,5.878171e-05,0.003393085,0.0006122205,0.0031906227,0.00038706645,0.9888516,0.00024127567,0.0002499089,0.00034426403
syn-0041,0,2,1,10,9,0.013263436,0.0004313782,0.000246513,0.00076079805,0.0029499144,0.00018319291,0.005012158,0.0011600786,0.001812626,0.97161186,0.0013809947,0.0011870093
syn-0042,0,2,1,9,9,0.00022534885,8.3063285e-05,0.000100487414,0.00049304904,0.00017722415,4.6548805e-05,0.00020408338,0.0003657773,0.00010327303,0.9976497,0.00013469342,0.00041676307
syn-0045,0,2,1,9,9,0.000367308,0.00016965039,6.420366e-05,0.0019170532,0.00084866467,7.550278e-05,0.00024659894,0.00033297128,0.000102797734,0.99499965,0.0001394144,0.00073616346
syn-0046,0,2,1,8,8,0.49391136,0.0009760842,0.00028350242,0.00013576054,0.0026675612,0.0005754938,0.0024321056,0.0009732287,0.49584445,0.00085887127,0.0008155489,0.00052604394
syn-0057,0,2,1,8,8,0.0048253993,0.0007801648,5.6177916e-05,2.7973514e-05,0.0020642614,0.00034497265,0.0006540041,0.00018063754,0.9904033,0.00019455429,0.00031089687,0.0001577088
syn-0059,0,2,1,3,3,3.9955703e-05,0.00024416155,0.00051783735,0.99726474,0.00016528866,0.00034872215,0.0003248861,0.00022263752,3.2930926e-05,0.00042663788,0.0001670738,0.0002451172
syn-0070,0,2,1,2,2,0.0001256111,3.5464855e-05,0.9971762,0.0004793466,3.4306646e-05,0.00012150889,0.0005485348,0.00066591316,0.0002150323,0.00018356799,0.0002257925,0.000188841
syn-0071,0,2,1,6,6,0.00019700757,6.399023e-05,0.00043077712,0.00025074914,0.00016597804,3.904012e-05,0.9975198,6.287523e-05,8.460787e-05,0.00013706417,0.0007500623,0.00029806292
syn-0076,0,2,1,5,5,0.00025506294,0.0052445657,8.411083e-05,0.0005389146,0.012217822,0.9801065,0.00013001921,0.0002790397,0.00045647848,0.000265742,7.7486526e-05,0.0003442317
syn-0079,0,2,1,1,1,0.0003782043,0.99688196,1.6295733e-05,0.00015551818,0.00046627945,0.00078959373,0.0001935455,8.20324e-05,7.175985e-05,0.0001460958,0.00064491975,0.00017383226
syn-0086,0,2,1,10,10,0.00039738556,0.0004935893,0.00013533574,0.00011357525,6.676744e-05,3.6088753e-05,0.00049431296,2.8465038e-05,5.3911754e-05,0.00014484001,0.9980117,2.3829925e-05
syn-0087,0,2,1,5,5,0.002686469,0.01588036,0.00012460917,0.0003427156,0.13244624,0.8436514,0.00033347143,0.00062605605,0.002091203,0.0003549785,0.00040381766,0.0010587355
syn-0091,0,2,1,4,4,0.00089201576,0.003298097,0.00021774565,0.096102566,0.8734468,0.016425163,0.0027489439,0.0004691421,0.0006047481,0.0026230605,0.0003506856,0.0028210122
syn-0111,0,2,1,3,3,3.9959967e-05,0.00022473658,0.0004905703,0.9973711,0.00017545288,0.00027751265,0.0003642495,0.00018713373,2.9637784e-05,0.00042751755,0.00017943828,0.00023266437
syn-0118,0,2,1,5,5,0.000110801615,0.00067185896,8.885787e-05,0.00024618447,0.0018704105,0.99575543,7.570786e-05,0.00035126816,0.0003159528,0.00013456903,3.8217295e-05,0.00034079343
syn-0128,0,2,1,2,2,0.00014314243,3.7231694e-05,0.996967,0.0004547391,4.169752e-05,0.0001221973,0.0008113532,0.0005147447,0.0002474487,0.00018290326,0.0002703135,0.00020725653
syn-0130,0,2,1,6,4,0.008219497,0.018164657,0.0015763971,0.005183972,0.46075952,0.09667481,0.24614556,0.005556162,0.108164966,0.0028322723,0.0041776597,0.04254456
syn-0133,0,2,1,2,2,0.00013683626,3.8408438e-05,0.9968342,0.0004759468,3.4161174e-05,0.00013616975,0.00051180203,0.0010175293,0.00020391656,0.00017570124,0.00021141935,0.0002239585
syn-0134,0,2,1,5,5,8.9349356e-05,0.0003277853,0.00013597567,0.00039096898,0.0007487526,0.9954135,6.626925e-05,0.0019710152,0.00028023275,0.000119998105,2.9349423e-05,0.0004267826
syn-0146,0,2,1,10,10,0.0004922946,0.00042646177,0.00018194712,0.00013195052,7.6666e-05,3.2780994e-05,0.0037084324,2.6391766e-05,5.581683e-05,0.00017100698,0.99466515,3.1279844e-05
syn-0147,0,2,1,0,0,0.99631006,0.00021558112,6.304477e-05,5.751514e-05,0.0007767166,9.4826435e-05,0.0004969763,0.00016368547,0.0005797843,0.0006231197,0.00047700485,0.00014165796
syn-0151,0,2,1,10,11,0.00014537205,0.0012661361,8.7145374e-05,0.00030416722,0.003443816,0.0004910674,0.0011719139,0.000348049,0.000112994974,0.0006002013,8.57943e-05,0.9919435
syn-0167,0,2,1,0,0,0.99579656,0.0006371787,4.719401e-05,6.425508e-05,0.0010332337,8.5791784e-05,0.0006424898,0.00010000734,0.00039035632,0.0003433128,0.0007273701,0.00013235888
syn-0181,0,2,1,10,8,0.016037453,0.008728998,0.0011657269,0.0006920206,0.007018229,0.0017245159,0.12437072,0.0014866256,0.7891236,0.0019014231,0.046292756,0.0014578718
syn-0187,0,2,1,3,3,4.10664e-05,0.00022927375,0.00047819765,0.9973394,0.0001718859,0.00036193323,0.00033196647,0.00021707203,3.4648983e-05,0.00040416018,0.00016147185,0.0002288264
syn-0191,0,2,1,4,3,0.00010018154,0.0007526389,0.00020257001,0.9926723,0.002707711,0.00074278156,0.0010449357,0.00019614593,5.1669856e-05,0.00069846044,0.00025038494,0.00058017607
syn-0202,0,2,1,10,10,0.01379186,0.07540014,0.00048383122,0.000644739,0.0032487742,0.0006104266,0.03696304,0.00039412105,0.0007263168,0.0026920137,0.8528556,0.012189117
syn-0213,0,2,1,0,0,0.983772,0.00036494088,7.3925345e-05,5.04127e-05,0.0013293694,0.00012873336,0.0008018863,0.00020631887,0.012096991,0.00034890982,0.00065937213,0.00016708211
syn-0222,0,2,1,8,8,0.0004677323,0.00010112952,8.3024555e-05,1.7955317e-05,0.00027929572,0.00017102207,0.00016985695,0.00030108888,0.99815875,8.726426e-05,4.8664835e-05,0.000114259514
syn-0232,0,2,1,8,8,0.0009953434,9.6740594e-05,7.175123e-05,1.6309694e-05,0.00025469088,0.00012439948,0.00018295497,0.00025968254,0.997736,0.00011521935,5.7822886e-05,8.920868e-05
syn-0236,0,2,1,11,11,0.00019443652,0.0011107397,8.6957385e-05,0.0005893336,0.0029321306,0.00028180052,0.0010642832,0.00058847095,0.00015993911,0.0069756713,7.138963e-05,0.98594487
syn-0237,0,2,1,4,4,0.0014661173,0.0007906214,1.6820519e-05,0.00011528463,0.9953809,0.00069523416,0.0002605602,4.4838547e-05,0.00028869562,0.00042854357,0.00014417632,0.0003681671
syn-0264,0,2,1,0,0,0.99544454,0.0003904089,4.59048e-05,4.6993406e-05,0.0018516554,0.00011653717,0.00036783126,0.00013704642,0.0007970678,0.00023403623,0.00044815274,0.00011988472
syn-0267,0,2,1,4,4,0.0006605405,0.00042517748,1.9837324e-05,0.00019570878,0.9962804,0.0007175928,0.00035214043,4.657579e-05,0.00028797053,0.0003290333,8.6169406e-05,0.00059886486
syn-0268,0,2,1,6,6,0.00026124853,0.00016444587,0.00019206904,0.0005731323,0.0008955756,5.967479e-05,0.99606305,6.0142822e-05,0.00012510382,0.00020207444,0.0007072921,0.0006962416
syn-0271,0,2,1,2,2,0.00012344567,4.291239e-05,0.99444675,0.0008169449,3.4955734e-05,0.00018878446,0.0005372063,0.002856644,0.00027147963,0.00025565492,0.00017340764,0.00025169135
syn-0272,0,2,1,3,1,0.021213042,0.66290575,0.00045540405,0.117697425,0.09103838,0.023690872,0.0155824395,0.0024427322,0.00058933656,0.031685565,0.0066141477,0.026084922
syn-0279,0,2,1,0,0,0.9935087,0.00042962137,5.1210838e-05,4.4929377e-05,0.0016048338,0.00011450732,0.00037969532,0.00012912178,0.002915928,0.00025678927,0.00045078932,0.00011394955
syn-0281,0,2,1,10,6,0.0061193598,0.16346742,0.0004546843,0.0035973857,0.039515454,0.0036469067,0.5486997,0.00038438116,0.0026733503,0.0011747634,0.22739574,0.0028708882
syn-0283,0,2,1,7,7,0.00021577964,9.7831056e-05,0.002398169,0.00028642043,7.241843e-05,0.00055101264,0.00020569739,0.99431026,0.0005541154,0.00048154133,5.6179648e-05,0.00077047606
syn-0294,0,2,1,1,1,0.0004563046,0.9969856,1.7179927e-05,0.00014525738,0.0004867428,0.00061595807,0.00020604953,8.801706e-05,0.00010230119,0.00015001478,0.0005565906,0.0001900072
syn-0295,0,2,1,10,10,0.00050023425,0.00078142673,0.00010889873,0.00014342452,0.0001149077,3.629883e-05,0.0030278668,2.240678e-05,4.9614617e-05,0.00014696919,0.99503726,3.0686315e-05
syn-0297,0,2,1,11,11,6.3471154e-05,0.00034045157,0.00011161311,0.00016303173,0.00033566472,0.00029091947,0.00059130735,0.00053862156,7.7010736e-05,0.00026026965,3.9410137e-05,0.99718827
syn-0298,0,2,1,7,7,0.00020402516,0.00013617576,0.0009524282,0.00023368766,8.299905e-05,0.0008891706,0.00013805032,0.99590516,0.0005202338,0.00033736753,4.6740475e-05,0.0005539213
syn-0308,0,2,1,3,3,4.122706e-05,0.0002348251,0.000478781,0.9973379,0.00018083962,0.00032681928,0.000354759,0.0002035221,3.286908e-05,0.0003984769,0.00017925717,0.00023062075
syn-0313,0,2,1,11,11,0.00011482761,0.0021159314,0.0001415165,0.0004245582,0.002799734,0.0054575764,0.0007843213,0.001098535,0.00013450954,0.00025351532,6.9374946e-05,0.9866057
syn-0314,0,2,1,8,8,0.00048422438,0.00011448109,8.6837856e-05,1.9719751e-05,0.00024111712,0.00016853247,0.0001996005,0.0002869285,0.9981431,9.171904e-05,6.2914514e-05,0.00010083208
syn-0325,0,2,1,4,3,0.00010247346,0.0007549671,0.00024414633,0.9918609,0.002601852,0.0016592976,0.0008774892,0.0002568646,5.8616137e-05,0.0006780711,0.00015443296,0.00075092295
syn-0336,0,2,1,0,0,0.99353373,0.0015002962,4.8866958e-05,0.00010164875,0.002077876,0.00011563394,0.000611675,0.00010990851,0.00032319684,0.00041337503,0.0010387175,0.0001250301
syn-0343,0,2,1,8,8,0.0007691662,0.00012810198,6.523669e-05,1.822203e-05,0.000532071,0.00020163112,0.0003162051,0.0003288816,0.9972807,0.00015672408,6.110492e-05,0.0001419345
syn-0346,0,2,1,6,6,0.00020096364,9.066991e-05,0.0003357301,0.00042243852,0.00029686,4.3887943e-05,0.99738246,6.057639e-05,9.300155e-05,0.0001430623,0.0004989709,0.00043140183
syn-0348,0,2,1,9,9,0.00033217418,8.3884326e-05,7.6826385e-05,0.00035420238,0.0002920711,5.063059e-05,0.0001931415,0.00034718192,0.00014325052,0.9977198,0.000113431204,0.00029335744
syn-0358,0,2,1,2,2,0.0001607501,5.2187923e-05,0.99094427,0.00064547587,4.3775308e-05,0.00020480096,0.0005446078,0.0062357504,0.00035179697,0.0002882521,0.00019371239,0.000334705
syn-0366,0,2,1,9,9,0.0002635284,0.00014202413,8.966102e-05,0.002175472,0.00047486395,7.850982e-05,0.0002937002,0.00040776236,7.69913e-05,0.99499124,0.00016523426,0.00084105163
syn-0369,0,2,1,6,6,0.00032199165,0.00019472651,0.00024116061,0.00023124342,0.00028708534,6.842222e-05,0.996132,0.00010535527,0.00013541101,0.00012365487,0.0004751763,0.0016838238
syn-0370,0,2,1,9,9,0.00021692057,8.867695e-05,9.302344e-05,0.000512771,0.00017193377,4.618505e-05,0.00018018503,0.00037553787,0.000102466016,0.9976172,0.00012420259,0.00047094378
syn-0373,0,2,1,11,11,7.7580655e-05,0.00035093306,0.000105214975,0.00023206587,0.0005213113,0.00016280108,0.00086984097,0.00030208039,8.19415e-05,0.00049853296,4.7424106e-05,0.99675035
syn-0374,0,2,1,8,8,0.0016222702,0.00011603439,5.3541073e-05,1.5161059e-05,0.00035640356,0.00015096835,0.00019922083,0.00025524315,0.99697435,0.00011007393,4.369895e-05,0.00010300175
syn-0381,0,2,1,8,8,0.0021104624,0.00021792577,9.0138004e-05,1.96658e-05,0.0005168755,0.00023402864,0.00039906925,0.00048544107,0.9954123,0.00014208423,0.00022254973,0.00014948579
syn-0396,0,2,1,3,3,4.6723122e-05,0.00021186683,0.0018275711,0.9955355,0.00013480232,0.00031388426,0.00044070682,0.00032242798,4.3635882e-05,0.0005628475,0.00023042888,0.00032959098
syn-0397,0,2,1,1,1,0.00033876937,0.9971179,1.582899e-05,0.00018745198,0.0005416163,0.00047211788,0.0002718104,7.730669e-05,7.976067e-05,0.00014670231,0.0004959847,0.000254844
syn-0401,0,2,1,11,11,7.414569e-05,0.0009773638,8.175183e-05,0.00034351647,0.0011268973,0.0009904096,0.00040357723,0.0009163847,9.372893e-05,0.0005069413,4.224694e-05,0.9944431
syn-0406,0,2,1,4,4,0.0007073132,0.0007028376,2.3094593e-05,0.000660416,0.99402773,0.00053001184,0.0011897436,5.073966e-05,0.00016046487,0.0005129531,0.00013765557,0.0012969839
syn-0415,0,2,1,1,11,0.00052843906,0.026398445,0.00013257055,0.0011781319,0.03748313,0.0071537807,0.0022389789,0.0007159702,0.00033133524,0.0012037172,0.00020135788,0.92243415
syn-0416,0,2,1,2,2,0.0001359582,3.7168902e-05,0.9972314,0.00045016455,3.567524e-05,0.00012635624,0.0006129031,0.00050557975,0.00022350144,0.00016609216,0.00026710462,0.0002080213
syn-0426,0,2,1,10,10,0.0008680366,0.000649812,0.00016984498,8.5278414e-05,6.281898e-05,4.6592017e-05,0.0012063269,4.732573e-05,9.247848e-05,0.000113085924,0.9966274,3.0915966e-05
syn-0427,0,2,1,5,5,0.000114004135,0.0009877349,9.618879e-05,0.00042710736,0.002126039,0.9949556,9.396057e-05,0.00033133477,0.00033133477,0.0001683227,5.0787025e-05,0.00031755425
syn-0439,0,2,1,6,6,0.00028471765,8.85034e-05,0.000336628,0.00021303553,0.00021713122,3.9120034e-05,0.9976114,8.738693e-05,0.00015932268,0.00012927568,0.00055258896,0.00028085153
syn-0443,0,2,1,7,7,0.00015144321,7.6299315e-05,0.0010525084,0.00023778874,6.526226e-05,0.0005713315,0.00012865377,0.99572504,0.00038110022,0.0004808158,3.0231447e-05,0.001099524
syn-0444,0,2,1,5,5,9.3167975e-05,0.0019968883,9.172353e-05,0.0008535207,0.002949769,0.9923603,0.00015181843,0.00042849663,0.00016082269,9.898328e-05,3.5849363e-05,0.00077865884
syn-0449,0,2,1,11,11,7.133131e-05,0.00023503118,0.00011432154,0.0003098491,0.0002978335,0.00014852211,0.00078029296,0.00041068383,5.653803e-05,0.00078267785,4.08822e-05,0.996752
syn-0453,0,2,1,1,1,0.00035346957,0.9968719,1.2715813e-05,0.0001864929,0.00070847163,0.00046513774,0.0002881415,5.7211364e-05,6.701762e-05,0.00012135324,0.00066085195,0.00020723675
syn-0456,0,2,1,11,11,6.368216e-05,0.0003861209,9.402427e-05,0.0003142208,0.0007746719,0.00030366227,0.0008079934,0.00024869049,5.719592e-05,0.00029604917,5.0871105e-05,0.9966028
syn-0460,0,2,1,8,8,0.0004476948,0.00013359624,0.0001603629,3.464706e-05,0.00030918306,0.00028227142,0.00045170213,0.0005105351,0.99728405,0.00011427093,8.804341e-05,0.00018358785
syn-0465,0,2,1,7,7,0.00020484856,0.00020108272,0.0011273831,0.00032353337,0.00011878904,0.0013544991,0.00026509375,0.9931124,0.00041522228,0.00035672262,4.3022537e-05,0.0024773553
syn-0471,0,2,1,5,5,0.0003018978,0.0021306663,0.00017370425,0.0016360334,0.07315406,0.9034669,0.00039221384,0.0013365962,0.00059805467,0.0005910872,8.6157954e-05,0.016132709
syn-0481,0,2,1,9,9,0.0002613732,8.010452e-05,0.00012455389,0.00046475526,0.00016662639,5.012812e-05,0.00021042989,0.00048439112,0.00012976876,0.9975122,0.00013091433,0.00038459076
syn-0482,0,2,1,1,1,0.00033695312,0.99274105,2.3750417e-05,0.0011742171,0.0019767927,0.0015309072,0.00069003395,0.00013508191,9.7106014e-05,0.00029447032,0.0004941091,0.0005055797
syn-0486,0,2,1,1,1,0.00024880443,0.9960861,1.8271436e-05,0.00025896844,0.00084519514,0.00077630504,0.0004773636,8.854085e-05,8.0146376e-05,0.00014597917,0.0005314985,0.00044289263
syn-0490,0,2,1,7,7,0.00018286113,9.449725e-05,0.0011400246,0.000273704,7.980814e-05,0.00067940116,0.00013979434,0.9957645,0.00046456436,0.00044731286,3.8143073e-05,0.0006953854
syn-0009,0,2,2,8,8,0.0005857662,0.00021376215,6.810599e-05,1.7508157e-05,7.71742e-05,9.890029e-05,0.00019885946,0.00018540266,0.99832946,0.00013845396,3.6276946e-05,5.0414757e-05
syn-0010,0,2,2,9,9,0.00030133087,0.00020700038,5.8730257e-05,0.00020903177,0.00030251025,0.00019713573,0.00014621299,0.00024993406,0.0002566118,0.9976815,8.470426e-05,0.0003053298
syn-0022,0,2,2,10,1,0.00048641156,0.98110044,5.619636e-05,0.00020495642,0.0005533338,0.00012346545,0.0010726992,3.7802212e-05,0.00024916363,0.0005023423,0.014897223,0.0007158923
syn-0026,0,2,2,10,10,0.00036491553,0.00036723923,0.00013816859,0.000111946974,0.00013536391,3.6486108e-05,0.00032404796,4.2531792e-05,5.2673848e-05,0.0001449409,0.99821943,6.21863e-05
syn-0038,0,2,2,5,5,0.00036222168,0.00095153524,0.00043014888,0.02088829,0.0028186527,0.97168565,0.00034462323,0.0006937827,0.00023524223,0.00069990725,0.000103373655,0.0007865428
syn-0039,0,2,2,1,1,0.0004197108,0.9967656,3.0679636e-05,0.00017111727,0.00060260395,0.00034431875,0.00025462965,2.7021855e-05,0.0003449919,0.00031121797,0.00047189352,0.000256126
syn-0048,0,2,2,11,11,0.00012995696,0.00044460388,0.00018362698,0.00034373105,0.001038161,0.0014482221,0.0006037088,0.000325438,3.172316e-05,0.00027646552,0.000109863046,0.9950643
syn-0050,0,2,2,4,4,0.001594609,0.010132515,9.018158e-05,0.012883972,0.95680654,0.006153188,0.0012856913,0.0001691408,0.00012569477,0.0017832633,0.00064459495,0.008330711
syn-0085,0,2,2,3,1,0.0026108644,0.9196003,0.0002153618,0.059133556,0.008132854,0.0009236879,0.0016132261,0.00022969965,0.00056629564,0.0020313584,0.003327952,0.0016148024
syn-0094,0,2,2,1,1,0.00032323212,0.996071,3.7636717e-05,0.00030113838,0.0004963721,0.00027165763,0.0005894564,2.8520877e-05,0.00021999505,0.00037587233,0.00084224704,0.0004428859
syn-0097,0,2,2,10,10,0.0003838405,0.0017388327,8.164459e-05,8.9494075e-05,0.0001408627,3.015292e-05,0.00022400152,3.178569e-05,5.6333072e-05,0.00013323595,0.99702567,6.402102e-05
syn-0103,0,2,2,11,11,0.00012947276,0.0002646251,0.00018365882,0.00016869947,0.0003093781,0.00030250664,0.0006794349,0.0003657846,3.4441135e-05,0.00025736162,0.00012210444,0.9971826
syn-0114,0,2,2,4,1,0.004591886,0.5094212,0.001186224,0.045925718,0.10359632,0.002709996,0.12606415,0.00039193998,0.0003667581,0.0033366089,0.14580917,0.056600038
syn-0129,0,2,2,11,11,0.00020449389,0.00055262446,0.0001569441,0.000424333,0.0010213604,0.0002784203,0.0009384981,0.0003280593,3.1298965e-05,0.0005173713,0.00027356896,0.9952732
syn-0137,0,2,2,8,8,0.000389672,0.00022159517,8.0491925e-05,1.8932713e-05,7.3791445e-05,0.00012279548,0.00018610139,0.00021752146,0.99842876,0.00016637282,4.015891e-05,5.3829037e-05
syn-0140,0,2,2,11,11,0.0003179552,0.0010094731,0.00041469172,0.002515915,0.006220112,0.0014962817,0.0011993645,0.0011349812,5.689499e-05,0.0092648305,0.00037979998,0.9759897
syn-0141,0,2,2,2,2,8.661501e-05,3.8136066e-05,0.997528,0.000350436,3.3985234e-05,0.0001719184,0.00054869475,0.0005756593,0.00017867958,0.00015455879,0.00014004193,0.00019319869
syn-0143,0,2,2,1,1,0.0047901324,0.9245003,0.00012703093,0.00017093879,0.0012630762,0.0006048482,0.0013076324,0.00012978964,0.06365463,0.0013590589,0.0015287773,0.0005637805
syn-0144,0,2,2,9,9,0.00028979278,0.00022284372,4.7562142e-05,0.00022613206,0.00036312678,0.00019484285,0.00012240678,0.00023262775,0.00017077681,0.9977011,8.201966e-05,0.00034683652
syn-0153,0,2,2,4,5,0.002676273,0.0034871108,0.0001389242,0.002335997,0.35560814,0.6290067,0.000775614,0.0004304313,0.0006660144,0.0026149154,0.0002918138,0.0019680676
syn-0154,0,2,2,1,1,0.00041145156,0.99691015,3.0684085e-05,0.00014710208,0.00046215588,0.00029890062,0.00025096323,2.639972e-05,0.000417727,0.0003025717,0.0005463505,0.00019564135
syn-0160,0,2,2,5,5,0.00015378711,0.00029355165,0.00015333724,0.0003835184,0.00031355402,0.9974058,0.000120591074,0.00032240342,0.0001842389,0.00026300957,2.8503373e-05,0.0003776647
syn-0163,0,2,2,4,4,0.025938038,0.0037724776,9.5952804e-05,0.0006538002,0.939694,0.016471127,0.00090152776,0.000355118,0.0066435733,0.0043853754,0.00030493736,0.00078402617
syn-0164,0,2,2,8,8,0.01576368,0.006900105,0.000105594314,7.117013e-05,0.0025201137,0.0013936517,0.0017226115,0.00034826505,0.96956664,0.0009776879,0.00015303983,0.00047741854
syn-0165,0,2,2,8,8,0.0006703607,0.0010597876,5.4067754e-05,1.890557e-05,0.00012970179,0.00015938022,0.0004043176,0.00015016313,0.9969975,0.00022663557,5.7106925e-05,7.218992e-05
syn-0171,0,2,2,6,6,0.0003925384,0.0005947622,0.0001775367,6.2199644e-05,0.00017684455,0.00013745794,0.9964855,0.00014993951,0.0005569569,0.000115977484,0.0007101014,0.00044026662
syn-0172,0,2,2,10,10,0.0002650557,0.00049770426,9.896553e-05,7.78308e-05,9.2336144e-05,2.5071324e-05,0.0007066899,2.8188448e-05,4.0338677e-05,8.188522e-05,0.998013,7.2901385e-05
syn-0178,0,2,2,9,9,0.011171546,0.012353704,6.113701e-05,0.0009828546,0.15346725,0.0022497766,0.0005534893,0.00044648186,0.00035457857,0.81041765,0.0006043377,0.007337219
syn-0179,0,2,2,1,1,0.00034608314,0.9972367,2.193611e-05,0.00010192803,0.0003650907,0.00011893342,0.00023572026,2.0327248e-05,0.00028019826,0.00023641187,0.0008227446,0.00021389344
syn-0183,0,2,2,4,5,0.0015342088,0.0017317085,0.00015452562,0.0012261678,0.18684153,0.80214715,0.00055646815,0.0004449567,0.0008272395,0.00223881,0.0001817204,0.0021155267
syn-0186,0,2,2,3,3,0.00019463232,0.00025986825,0.00021417969,0.99662304,0.0011940153,0.00031468782,0.00017344802,0.00022227709,2.9442537e-05,0.00038481122,0.00014170246,0.000247968
syn-0188,0,2,2,10,10,0.00032262816,0.0005014072,9.777343e-05,7.340792e-05,8.924133e-05,2.5970709e-05,0.00056900166,2.9601606e-05,5.2462274e-05,8.624263e-05,0.9981012,5.0997365e-05
syn-0193,0,2,2,11,11,9.8490316e-05,0.00028125863,0.00022588734,0.00020932007,0.00024833108,0.00043128317,0.00063907023,0.0003983851,3.4438563e-05,0.00023305778,9.234256e-05,0.99710816
syn-0197,0,2,2,11,4,0.00087515655,0.0007646308,2.7500322e-05,0.00085697323,0.9889826,0.002898395,0.00025989857,7.7883444e-05,7.022452e-05,0.0012288318,0.00015732886,0.0038005784
syn-0210,0,2,2,0,0,0.9967296,0.00038995972,3.4024422e-05,0.00017534003,0.0009751072,0.00018756207,0.00025938894,0.000225361,0.00030668126,0.00031812047,0.0001835754,0.00021525107
syn-0218,0,2,2,8,8,0.0015315417,0.0034295435,8.436093e-05,3.6710877e-05,0.0003543067,0.00035971054,0.00056576595,0.00014045258,0.99266773,0.00057861744,0.000134414,0.00011689502
syn-0225,0,2,2,7,7,0.00045045128,8.3651226e-05,0.0011936096,0.000283265,0.00014118818,0.003567377,0.0007114329,0.9862411,0.00067029026,0.00052227755,3.7265294e-05,0.0060980157
syn-0239,0,2,2,6,6,0.00016397548,0.00010785326,0.00049828243,7.791171e-05,0.00012161847,8.950085e-05,0.9971011,0.0002493013,0.000100825244,4.904242e-05,0.00079946715,0.00064105814
syn-0240,0,2,2,6,6,0.0021365515,0.012543625,0.0002215914,0.0011486503,0.00921753,0.0013195087,0.96674925,0.00021103141,0.0006337258,0.00072091597,0.0013828332,0.0037146842
syn-0242,0,2,2,0,0,0.9956665,0.00043562974,3.1556916e-05,0.0001251762,0.0009820664,0.00018053656,0.0001946355,0.00019368745,0.001326849,0.00056388445,0.00015277116,0.00014663192
syn-0247,0,2,2,3,4,0.006866945,0.067417115,0.00081455224,0.20725416,0.6091538,0.0029592102,0.015946647,0.0005097338,0.0002288593,0.004013284,0.029865082,0.05497054
syn-0261,0,2,2,5,5,0.00013854331,0.00019923085,9.210966e-05,0.00027445212,0.0010510555,0.9965378,0.00010895649,0.0003131282,0.00013142661,0.00024855288,2.0115598e-05,0.0008846454
syn-0262,0,2,2,10,10,0.00037506977,0.0004177061,0.000112616355,9.473992e-05,0.00012435099,3.0847787e-05,0.0002597755,3.6135232e-05,4.6172547e-05,0.00012152972,0.9983216,5.951877e-05
syn-0263,0,2,2,0,0,0.99648017,0.0005499279,3.461913e-05,0.00016243936,0.0009938478,0.00012700305,0.00020235659,0.00014862667,0.0004931929,0.0003674955,0.00029746167,0.00014293287
syn-0278,0,2,2,9,9,0.00035302923,0.00032602073,3.3714165e-05,0.00025303883,0.0006257899,0.00020753518,0.00011119411,0.00018933235,0.0001463047,0.99733293,8.166975e-05,0.00033950488
syn-0280,0,2,2,0,0,0.9969909,0.00040146252,4.121272e-05,0.00015267589,0.0005332165,0.00013381807,0.0002068571,0.0001870624,0.00066862995,0.00029429045,0.0002430242,0.00014682696
syn-0282,0,2,2,7,7,0.00031007154,5.475761e-05,0.000636109,0.0003392193,8.076859e-05,0.000837222,0.00033071474,0.9960075,0.00045591258,0.00031082946,2.0461423e-05,0.0006165004
syn-0288,0,2,2,9,9,0.00031535054,0.00018215478,5.9079273e-05,0.00018358343,0.00025500482,0.00024392208,0.0001233725,0.00026659112,0.00022647399,0.9977471,6.947656e-05,0.0003279127
syn-0290,0,2,2,0,4,0.12760039,0.0037392091,6.501561e-05,0.0009973444,0.86183137,0.0008124205,0.0006290173,0.00014940469,0.00046744593,0.0018415767,0.0010071318,0.0008597647
syn-0291,0,2,2,1,1,0.00035523908,0.9972257,2.6771604e-05,0.00013675638,0.00032266014,0.00015256279,0.00025350632,2.4091838e-05,0.00036580043,0.0002900793,0.0006454573,0.00020132487
syn-0293,0,2,2,0,8,0.07147768,0.0021027839,8.9089415e-05,8.095856e-05,0.0010917092,0.0008280989,0.0005227857,0.00048824257,0.92152125,0.0015072011,0.00011196161,0.00017821665
syn-0301,0,2,2,3,3,0.00011498487,0.0002765086,0.00038624444,0.9976521,0.0002630745,0.0003932859,0.00015886308,0.00022490969,3.392314e-05,0.00024294798,0.00012299987,0.00013016774
syn-0322,0,2,2,2,2,8.712326e-05,5.1518105e-05,0.99557316,0.0009699418,3.37864e-05,0.0004275812,0.00074445223,0.0011085198,0.0001295165,0.00016974818,0.00013015045,0.00057446107
syn-0323,0,2,2,7,7,0.00032304163,5.017297e-05,0.0006771039,0.00028647864,8.272124e-05,0.00038045022,0.00038063602,0.99645656,0.0004560068,0.0003544455,2.7816595e-05,0.0005245404
syn-0329,0,2,2,8,8,0.00043483105,0.00020519916,7.180343e-05,1.6741278e-05,6.27505e-05,9.87204e-05,0.0001961852,0.0002231498,0.99846184,0.00013612595,3.6566315e-05,5.608463e-05
syn-0330,0,2,2,0,0,0.9951106,0.00053007127,2.8716853e-05,0.00015179382,0.002328529,0.00017522623,0.0003123745,0.00016079663,0.00031344406,0.00037496028,0.00029173432,0.00022172314
syn-0334,0,2,2,6,6,0.00016924372,0.000114069575,0.00047136453,9.5681724e-05,0.00012900557,0.00010295268,0.99747306,0.0002365834,0.000103254744,4.8111793e-05,0.00045535894,0.0006011758
syn-0335,0,2,2,3,11,0.00016073302,0.00079076947,0.0001286491,0.00059254817,0.0013208992,0.0006413234,0.0008603652,0.00028099545,2.9616702e-05,0.0002752915,0.00020180135,0.99471694
syn-0349,0,2,2,5,5,0.00019560702,0.00040293043,8.0591155e-05,0.00021047141,0.0011317029,0.9957624,0.00015115339,0.0002991402,0.00017211761,0.00042164937,3.4392084e-05,0.0011377977
syn-0359,0,2,2,4,4,0.022611575,0.0032527377,3.6117013e-05,0.0005677306,0.96711874,0.0011301701,0.00029888094,9.741221e-05,0.00087631785,0.0033388287,0.00031230823,0.00035911368
syn-0367,0,2,2,4,4,0.00046639564,0.00040274585,2.9224713e-05,0.00040779184,0.9970086,0.00033040118,0.00016784846,3.7967613e-05,0.00011401645,0.00051700964,0.0002535749,0.00026444977
syn-0384,0,2,2,1,8,0.0067234198,0.194198,0.0002497308,0.00021696987,0.0012232306,0.0011672149,0.0013434561,0.0003563282,0.79090285,0.0023315074,0.0006781761,0.0006091016
syn-0388,0,2,2,5,5,0.0008432008,0.00050251576,0.0016581779,0.0019338792,0.0009360766,0.8997402,0.0013047003,0.063418925,0.0008750793,0.0010975953,6.5020664e-05,0.027624626
syn-0393,0,2,2,2,2,8.099726e-05,4.3354717e-05,0.9968785,0.0006644154,3.184313e-05,0.00023922947,0.00077602215,0.00055110554,0.00013354192,0.00015043876,0.00012817542,0.00032239035
syn-0407,0,2,2,6,6,0.00016532901,0.00017057711,0.00044580468,0.00015961764,0.0001261447,0.00011632349,0.99750817,0.00021838462,0.00015992971,6.0584025e-05,0.00042914503,0.00043996595
syn-0409,0,2,2,10,10,0.00027951354,0.00088374957,9.452101e-05,9.47058e-05,0.0001031038,2.4633211e-05,0.00033897342,2.5765012e-05,4.129317e-05,8.801727e-05,0.9979621,6.36446e-05
syn-0411,0,2,2,2,2,7.88602e-05,4.1800613e-05,0.99748176,0.0004287017,3.180023e-05,0.00016613385,0.00058163644,0.00052213983,0.00015545986,0.00015530812,0.0001446218,0.00021186682
syn-0414,0,2,2,5,4,0.00078928587,0.0011912396,5.264699e-05,0.0006351387,0.9726969,0.020910027,0.00035316285,0.000115216404,0.0002434372,0.0017849909,0.00023365449,0.0009943463
syn-0417,0,2,2,7,7,0.00045693823,0.00012888535,0.0025931592,0.00093895075,0.000156379,0.008571422,0.0009280117,0.9810937,0.0005742494,0.00043051317,3.121674e-05,0.0040965793
syn-0423,0,2,2,9,9,0.00027185265,0.00019015478,4.747215e-05,0.00019830982,0.0003598826,0.00019296078,0.00013158782,0.00022570416,0.00017062019,0.99776006,8.748534e-05,0.00036385818
syn-0431,0,2,2,3,3,0.0001445204,0.00016585532,0.00035786608,0.9977563,0.0004120019,0.00026907836,0.00014255797,0.00022636552,2.7101592e-05,0.00022769577,0.00011806934,0.00015264394
syn-0433,0,2,2,5,5,0.00015258082,0.00015574222,0.00016100015,0.00030262934,0.000263636,0.9973436,0.00010777417,0.00065139116,0.00023265796,0.00028036514,1.833027e-05,0.00033043153
syn-0436,0,2,2,6,6,0.0001596875,0.00016331482,0.00021901425,6.061054e-05,9.8669276e-05,8.71604e-05,0.9979448,0.0001623607,0.00013368475,5.174179e-05,0.00045043157,0.0004686464
syn-0440,0,2,2,1,8,0.012840797,0.41154256,0.0002761729,0.0003111166,0.0028932863,0.0023974476,0.0022075542,0.0003774836,0.56251204,0.002938849,0.00089411275,0.00080855284
syn-0450,0,2,2,10,10,0.0004231135,0.00038619095,0.000118821335,0.000108188055,0.00013656233,3.328677e-05,0.00025129924,3.7461887e-05,4.6987738e-05,0.00014780335,0.99824476,6.5619366e-05
syn-0451,0,2,2,8,8,0.00097310933,0.00041873349,8.5362146e-05,2.8929779e-05,0.00021670638,0.00050827436,0.0002366149,0.00029303765,0.99663216,0.00048796798,4.242271e-05,7.666772e-05
syn-0458,0,2,2,6,6,0.00015905124,8.406003e-05,0.00025416317,4.8602724e-05,0.000108146225,7.447306e-05,0.9978588,0.00021081159,0.00013805124,7.4618656e-05,0.00061629066,0.00037279664
syn-0461,0,2,2,2,2,9.076683e-05,4.2128137e-05,0.997474,0.0004089046,3.261774e-05,0.00017487224,0.000555675,0.0005277749,0.00016244267,0.00016039345,0.0001594564,0.00021093618
syn-0463,0,2,2,11,11,0.00012896636,0.00022656415,0.00023558944,0.00020013751,0.0002549818,0.00033320914,0.0006185776,0.00044892955,3.484668e-05,0.0002582395,8.9857356e-05,0.99717003
syn-0472,0,2,2,8,8,0.00041594758,0.00020410719,6.7126886e-05,1.6644062e-05,6.785186e-05,0.00010539936,0.00017603731,0.00019566595,0.9984971,0.0001718755,3.565082e-05,4.6679423e-05
syn-0476,0,2,2,7,7,0.0016816438,0.00061143475,0.0030802055,0.0021656088,0.0004893862,0.36101246,0.001247253,0.6189193,0.004362385,0.0032740622,8.2910476e-05,0.0030734453
syn-0478,0,2,2,2,6,0.0032694892,0.005029386,0.041417204,0.0059725433,0.0021993227,0.010400568,0.57735765,0.016159922,0.0014707989,0.001650437,0.029635694,0.30543688
syn-0488,0,2,2,10,10,0.00026617962,0.00044495147,9.774287e-05,8.417738e-05,0.0001226569,2.674752e-05,0.00045639375,2.8752003e-05,3.945314e-05,9.409023e-05,0.9982765,6.243325e-05
syn-0492,0,2,2,6,6,0.00018271022,9.405116e-05,0.00027900824,6.682265e-05,0.00013276299,8.356919e-05,0.9978619,0.00023563782,0.00015719875,7.721343e-05,0.000391357,0.0004378178
syn-0493,0,2,2,8,8,0.0003551603,0.0002357805,8.635845e-05,1.9496316e-05,6.905297e-05,0.00010874172,0.00019356931,0.00020585232,0.99846613,0.00015691036,4.497753e-05,5.7978326e-05
syn-0002,0,2,3,1,1,8.543227e-05,0.9974509,2.981434e-05,0.0003477669,0.00047936162,0.00023393611,0.00026886468,7.054971e-05,0.00024420713,0.00012762434,0.0003661511,0.0002954343
syn-0005,0,2,3,11,11,2.534954e-05,0.00036700227,6.4228574e-05,0.0003146042,0.00019610672,0.0001739107,0.00050705025,0.00033310047,4.6081743e-05,0.0004688304,0.00017205249,0.99733174
syn-0025,0,2,3,8,8,0.00024385942,0.00022649874,4.4972003e-05,2.6489366e-05,0.00011545851,0.00016029827,0.00031581838,0.00033792527,0.99834347,9.7273296e-05,1.4888236e-05,7.306809e-05
syn-0027,0,2,3,4,4,0.00085779757,0.00058022,2.2576667e-05,3.1467276e-05,0.9967243,0.00065305614,0.0003231284,2.4173967e-05,0.00013326074,6.0773353e-05,0.00035049577,0.00023884235
syn-0033,0,2,3,5,5,0.00019209963,0.00042246224,0.00010608749,0.0011122249,0.00030983548,0.99622166,0.00013463204,0.0004593628,0.00018838409,0.00034128613,7.171232e-05,0.00044015006
syn-0035,0,2,3,9,9,0.010999637,0.00028971533,0.00061153306,0.00065160956,0.0008794092,0.0003913804,0.0009791376,0.0007297681,0.00032383265,0.9691097,0.012747347,0.0022868686
syn-0040,0,2,3,4,4,0.0005818311,0.0005108072,2.9386152e-05,4.463384e-05,0.99471444,0.000505226,0.00055787055,2.2707858e-05,7.787717e-05,6.306686e-05,0.0025464043,0.00034579827
syn-0051,0,2,3,3,3,8.3381674e-05,0.00041667864,0.00060938013,0.99271035,7.5182084e-05,0.0003486584,0.00020596896,0.0006316472,4.2670457e-05,0.0033404415,0.00019672899,0.0013388305
syn-0054,0,2,3,5,5,0.00038115893,0.0011583926,5.4991644e-05,0.0003046292,0.0042966017,0.9924804,0.00012649327,0.0002515619,0.00016610995,0.00026726373,0.00016194544,0.0003504549
syn-0056,0,2,3,8,8,0.0002742979,0.00018956044,4.1998243e-05,2.174589e-05,0.00011545239,0.0001503579,0.0003609982,0.00037159465,0.9982906,9.335935e-05,1.4122709e-05,7.597476e-05
syn-0058,0,2,3,9,9,0.00017603184,5.7149173e-05,0.00016912293,0.00026986207,4.0445757e-05,9.768986e-05,0.00011980906,0.0006582025,0.00023434579,0.997735,0.00014144555,0.00030097942
syn-0062,0,2,3,7,7,0.00014644109,0.00010183379,0.00061548734,0.0002261489,6.639406e-05,0.0005025914,0.00025376995,0.9953424,0.0009841463,0.00088942784,4.0904197e-05,0.00083051925
syn-0064,0,2,3,6,6,0.0017943433,0.0027207264,0.0009861037,0.00041267808,0.010695204,0.00027923193,0.6444699,0.000208727,0.0003930118,0.00038995338,0.33565518,0.0019949046
syn-0065,0,2,3,11,11,3.505048e-05,0.00036469978,7.177859e-05,0.00040289818,0.00030861123,0.00014358763,0.00071806833,0.0002944789,5.633966e-05,0.0002672112,0.00019511442,0.99714226
syn-0067,0,2,3,5,5,0.00020503467,0.0004147886,0.00010626677,0.001189728,0.00031096584,0.99595803,0.00012607173,0.0005348142,0.00020745157,0.000372541,6.989593e-05,0.000504501
syn-0068,0,2,3,10,10,0.005908809,0.0013414865,0.00021209857,0.00012299321,0.025742004,0.00088558666,0.0025921033,0.00015247078,0.00031163002,0.0011032071,0.9603181,0.0013094514
syn-0080,0,2,3,3,3,8.0361744e-05,0.0039291824,0.00035875224,0.9909904,0.00018216223,0.0014939916,0.0005049346,0.0004121156,9.1596914e-05,0.00038714678,0.0001507231,0.0014185896
syn-0100,0,2,3,2,2,0.00019307321,3.2614244e-05,0.9973671,0.00047879686,3.9804017e-05,0.000106002226,0.00058921555,0.00049312005,0.00013205079,0.0002835382,0.00018199651,0.00010274088
syn-0112,0,2,3,4,0,0.9946602,7.1460214e-05,0.00013653784,5.982397e-05,0.0031197497,0.00017860139,0.00032546473,0.000103265666,0.00059949874,0.0002340803,0.00040782578,0.00010346755
syn-0117,0,2,3,6,6,0.0003331745,0.002353127,0.00015600333,0.00019759224,0.004872116,0.00016445086,0.9883415,9.916175e-05,0.00032961465,7.485122e-05,0.0013058811,0.0017724432
syn-0123,0,2,3,10,10,0.00041652966,0.00032258703,0.00014993908,0.000101503414,0.00036763097,7.1626106e-05,0.00024278171,3.5910507e-05,2.2080654e-05,0.00021005877,0.99794334,0.00011603379
syn-0124,0,2,3,6,6,0.00049461966,0.022257393,0.0002890731,0.001165856,0.018724311,0.0006565456,0.9427188,0.00030176493,0.00068537134,0.00022164003,0.0024620986,0.010022402
syn-0125,0,2,3,9,9,0.0001639454,5.2144856e-05,0.00014652978,0.00030952267,4.2063555e-05,8.8011104e-05,0.000113783666,0.0005063144,0.00012570129,0.9978922,0.00016964583,0.0003901287
syn-0135,0,2,3,0,0,0.9971636,5.6782756e-05,0.00015617097,7.5814925e-05,0.0009928313,0.00012330036,0.00023432595,9.270914e-05,0.00021661028,0.00023204874,0.0005670464,8.880992e-05
syn-0142,0,2,3,4,4,0.0027051691,0.10081916,0.0006846422,0.025132662,0.7930042,0.04981173,0.009441968,0.0008981892,0.0021067879,0.0010020024,0.0023919707,0.012001513
syn-0145,0,2,3,2,2,0.00017311014,3.7878995e-05,0.9966264,0.0010460288,3.7878995e-05,0.00012444328,0.0005707503,0.0006808301,9.78676e-05,0.00031239243,0.00017395748,0.0001185129
syn-0149,0,2,3,8,8,0.00029766973,0.00013438333,4.5188954e-05,1.9190345e-05,8.182662e-05,0.000116697265,0.00030926315,0.00047480463,0.99827325,0.00016154414,1.3876386e-05,7.2282295e-05
syn-0150,0,2,3,3,3,0.00012567706,0.008725019,0.00043908463,0.98703974,0.00017482645,0.00109875,0.00046969095,0.00039551946,0.00013093896,0.0004615068,0.00024414883,0.00069517584
syn-0152,0,2,3,3,4,0.0037154402,0.067617334,0.00045249818,0.015665518,0.8846158,0.009710036,0.004399287,0.0005228606,0.00089990004,0.0010418654,0.005221732,0.0061377008
syn-0159,0,2,3,11,11,3.6099435e-05,0.00033473124,6.7971574e-05,0.00032332563,0.00022804405,0.00014846357,0.00061847083,0.00025802955,4.963204e-05,0.00037460672,0.00022793275,0.9973327
syn-0162,0,2,3,9,9,0.00018722749,5.6270812e-05,0.00019592552,0.00027805867,4.4775472e-05,9.722724e-05,0.000109208835,0.000532971,0.00015400913,0.9978708,0.00017494182,0.000298532
syn-0168,0,2,3,1,1,9.919235e-05,0.9973742,3.0939133e-05,0.0003381953,0.0005289475,0.00022298837,0.0002988938,7.6575096e-05,0.0002572854,0.00012212791,0.00035948,0.00029125798
syn-0170,0,2,3,6,6,0.00040086044,0.005189561,0.00015334279,0.00021041506,0.013938938,0.00032273013,0.9564245,0.00019121128,0.0005747671,0.00019728098,0.0029112576,0.019485043
syn-0174,0,2,3,10,10,0.00043135954,0.00021542353,0.0001606373,7.983247e-05,0.00030439446,5.9850172e-05,0.00033725804,3.54947e-05,1.6898011e-05,0.00021348635,0.9980154,0.00012996107
syn-0177,0,2,3,8,8,0.0002484978,0.00016593984,5.5042725e-05,2.4496725e-05,8.6172564e-05,0.00014480599,0.00033561714,0.00046097965,0.99826473,0.00012128567,1.4372781e-05,7.807884e-05
syn-0182,0,2,3,6,6,0.00015736217,0.00023313469,0.00019167775,5.411802e-05,0.0002495071,6.180471e-05,0.9979243,8.887767e-05,0.00026058897,6.253325e-05,0.00030991074,0.00040617827
syn-0184,0,2,3,2,2,0.00018721701,3.3779903e-05,0.9973278,0.0005052257,3.964728e-05,9.9965684e-05,0.00060434395,0.00043106236,0.00012723528,0.00033793194,0.00020252872,0.00010334057
syn-0190,0,2,3,3,3,6.321265e-05,0.00121359,0.0002813694,0.99506843,8.724933e-05,0.0015847532,0.0002040529,0.00034609027,7.135005e-05,0.00032322225,9.886644e-05,0.0006577267
syn-0198,0,2,3,0,4,0.40861195,0.0038336627,0.00020297835,0.00024483865,0.54877466,0.020684145,0.0031152242,0.0006338239,0.0093253525,0.0016440143,0.0010845067,0.0018448083
syn-0201,0,2,3,0,0,0.99712783,5.7900616e-05,0.00019397172,8.101752e-05,0.0007930732,0.00012646658,0.0002868116,0.00010923414,0.0003904013,0.00026590578,0.0004675345,9.994564e-05
syn-0204,0,2,3,1,1,0.00011216328,0.9972224,2.8331639e-05,0.00023172275,0.0006003281,0.00024391289,0.00034246402,7.9303005e-05,0.00035350755,0.00012500504,0.0003919665,0.0002688031
syn-0205,0,2,3,2,2,0.0001773175,3.19781e-05,0.99720097,0.0004997334,3.6878526e-05,9.80197e-05,0.0005032918,0.00069245737,0.00013228692,0.00036073625,0.00016176506,0.00010454543
syn-0206,0,2,3,8,8,0.0013730293,0.00022446945,4.7097325e-05,1.8016333e-05,0.00039127228,0.00017244316,0.0013784033,0.00035357135,0.9956993,0.00016406506,4.0205872e-05,0.00013815663
syn-0215,0,2,3,10,10,0.0004361517,0.00024597655,0.00015080361,7.8734076e-05,0.00035251724,5.749068e-05,0.00037796499,3.6901918e-05,1.7397218e-05,0.00023945863,0.99783343,0.00017323521
syn-0221,0,2,3,11,11,3.631823e-05,0.0039319475,6.838356e-05,0.00036715955,0.00048451102,0.00029186875,0.0013674977,0.00040919622,8.780623e-05,0.000534214,0.00073322083,0.99168783
syn-0228,0,2,3,6,3,6.124272e-05,0.001376714,0.00048620102,0.99272037,0.00014893601,0.0006350553,0.00066261395,0.000492894,6.112322e-05,0.0003548449,0.00011897429,0.002881076
syn-0244,0,2,3,3,3,7.324622e-05,0.0013879723,0.00031599955,0.9939594,0.00014340912,0.0017906963,0.00024634114,0.00048372764,9.313603e-05,0.00049447396,0.00010533102,0.00090637367
syn-0251,0,2,3,10,10,0.0006971997,0.00032272746,0.00023182845,0.00012354471,0.00029986183,0.00011226925,0.00026991236,6.9099566e-05,3.43742e-05,0.00045910836,0.9971903,0.00018967538
syn-0257,0,2,3,4,4,0.0014681211,0.00095404265,4.1515414e-05,6.2565945e-05,0.98874307,0.007112574,0.00038589182,7.415392e-05,0.0003693009,0.00015898951,0.0002864905,0.0003432193
syn-0258,0,2,3,3,3,0.00061825564,0.02509729,0.0016067682,0.79266185,0.006582279,0.14981198,0.0036032707,0.0018950854,0.0006231046,0.0017305573,0.0009976651,0.014771959
syn-0292,0,2,3,11,11,4.421208e-05,0.00030524874,8.455781e-05,0.00026689345,0.00023507308,0.00015507065,0.0006756653,0.0004593527,7.037527e-05,0.0005015529,0.00027229037,0.9969297
syn-0300,0,2,3,10,10,0.00044092562,0.0001956118,0.0001608666,7.9208156e-05,0.00036567403,6.0849736e-05,0.00031956038,3.7561724e-05,1.6831484e-05,0.0002043997,0.9979771,0.00014147986
syn-0303,0,2,3,7,7,0.0006075561,0.0007740465,0.0010788633,0.0020077238,0.0004667401,0.025960393,0.00052017794,0.9581175,0.0015666737,0.0043938453,0.00022220159,0.00428421
syn-0306,0,2,3,5,5,0.00028328615,0.0005431234,8.78437e-05,0.00029789782,0.0008861076,0.9959941,0.00012768709,0.00073660695,0.00023600202,0.00030436722,8.665089e-05,0.00041622383
syn-0310,0,2,3,10,10,0.0005913172,0.00014113761,0.00012850726,6.278253e-05,0.00032755447,5.38583e-05,0.0003417272,3.4334862e-05,1.7639586e-05,0.00018807575,0.9979964,0.00011672189
syn-0312,0,2,3,11,11,6.114295e-05,0.00025244243,0.00012644115,0.00042607734,0.00020866992,0.00022806277,0.00083269284,0.0009723882,0.00012243136,0.0016190287,0.00016832721,0.9949823
syn-0324,0,2,3,7,7,0.00021031036,0.00013342056,0.0006242026,0.00020989998,8.597471e-05,0.00024444124,0.00049547554,0.99015385,0.005493274,0.0014080366,5.5835644e-05,0.0008853316
syn-0327,0,2,3,1,1,9.498958e-05,0.99705005,2.6146836e-05,0.00023315802,0.0009778049,0.00028096774,0.00026048784,5.7445548e-05,0.00023066679,0.00011018984,0.00041483805,0.00026330116
syn-0339,0,2,3,7,7,0.0001369424,0.00011408494,0.0007394005,0.00036701412,5.495279e-05,0.0002807133,0.0002742106,0.99566084,0.00076446804,0.0009862655,4.746488e-05,0.0005736007
syn-0340,0,2,3,9,9,0.0007785065,8.785125e-05,0.00027139482,0.00031636452,0.00012547299,0.00015164519,0.00024067744,0.00038554156,0.00013593385,0.99607974,0.00077175297,0.0006551082
syn-0341,0,2,3,8,8,0.00024415698,0.00021676047,4.4621975e-05,2.5976982e-05,0.000103546765,0.00015819864,0.00030383508,0.00037007473,0.9983423,0.00010579547,1.358238e-05,7.1097114e-05
syn-0351,0,2,3,11,11,3.221815e-05,0.00024133881,8.340446e-05,0.00040278738,0.00014298852,0.00013551107,0.00062044134,0.00059963885,6.701737e-05,0.00063243223,0.00017416969,0.9968681
syn-0355,0,2,3,5,5,0.001025833,0.010289963,0.00017244135,0.00057769235,0.44399685,0.5190849,0.0024656563,0.00050190784,0.00060897414,0.0007022953,0.0022297113,0.018343844
syn-0360,0,2,3,0,0,0.9968579,5.1283216e-05,0.0001459497,6.741052e-05,0.0013612682,0.00012968363,0.00028757527,9.395653e-05,0.00023391123,0.00022027639,0.00045518918,9.562271e-05
syn-0364,0,2,3,4,5,0.00048228994,0.0014095056,7.630935e-05,0.00024015387,0.014656043,0.9804167,0.00034232892,0.00040296832,0.0007882036,0.00035457796,0.000105531995,0.00072541833
syn-0375,0,2,3,8,8,0.00021710646,0.00017620492,4.9531296e-05,2.346557e-05,9.6599484e-05,0.00014990871,0.00035873541,0.00049057265,0.9982285,0.000114155955,1.4121831e-05,8.110695e-05
syn-0376,0,2,3,5,5,0.00023130575,0.0004589968,0.00010334537,0.00050067506,0.00043276954,0.9964005,0.00014488887,0.00076266984,0.00030035674,0.0002926836,6.0280814e-05,0.00031156006
syn-0385,0,2,3,5,4,0.0044978955,0.0007694992,5.0113704e-05,7.611637e-05,0.9779373,0.014676195,0.00034213075,9.271488e-05,0.0004763952,0.00023861261,0.00049779733,0.00034515103
syn-0392,0,2,3,1,1,6.927821e-05,0.9968437,2.655309e-05,0.00036387917,0.0008602073,0.00029902672,0.00027080846,6.533558e-05,0.0001863056,0.0001334069,0.0003903854,0.00049114955
syn-0405,0,2,3,8,8,0.0003296484,0.00020582337,4.768496e-05,2.5875277e-05,0.00011630518,0.00016218492,0.00028459996,0.00031726173,0.99832565,9.841817e-05,1.3769121e-05,7.278192e-05
syn-0410,0,2,3,10,10,0.00028541693,0.00027311247,0.00013567995,7.330113e-05,0.00068702386,7.719494e-05,0.00039217185,3.392215e-05,1.7840839e-05,0.00017176694,0.997623,0.00022950699
syn-0418,0,2,3,0,0,0.99705505,5.857885e-05,0.00018096497,8.828145e-05,0.00089204655,0.00012584138,0.00026291705,9.906382e-05,0.00021637531,0.00023648424,0.00069210253,9.242786e-05
syn-0420,0,2,3,2,2,0.00018639174,3.26122e-05,0.99730456,0.00047864817,3.8727947e-05,0.00010084581,0.0006445634,0.00049000274,0.00012810504,0.00029799863,0.0001847607,0.00011272158
syn-0422,0,2,3,1,1,7.717708e-05,0.9973922,2.5901621e-05,0.00034689848,0.0005475997,0.00024490923,0.0003129379,6.5499335e-05,0.00020633497,0.00011012006,0.00030838727,0.00036204074
syn-0428,0,2,3,8,1,0.00013643086,0.994852,2.7234644e-05,0.0001636056,0.0024515847,0.00041962153,0.00043463625,7.036589e-05,0.00053657306,0.00014954762,0.00047933985,0.00027911903
syn-0429,0,2,3,2,2,0.00018478454,3.1366893e-05,0.99743325,0.0004676795,3.7835693e-05,9.502608e-05,0.0005322173,0.00050036877,0.00012963184,0.00030324826,0.00018406413,0.00010046561
syn-0430,0,2,3,1,1,6.5975175e-05,0.99681985,2.9737337e-05,0.0006091453,0.000556668,0.0004057287,0.0003329295,7.388869e-05,0.00017095954,0.000105737345,0.00026388385,0.0005655723
syn-0435,0,2,3,10,10,0.00047284528,0.00022096979,0.00020521358,0.000103895676,0.00027865084,7.630921e-05,0.00040336125,4.17324e-05,2.5164105e-05,0.00023654563,0.997801,0.00013438537
syn-0445,0,2,3,6,6,0.00021613236,0.00018289256,0.00034453633,5.6326466e-05,0.00019852798,8.9483576e-05,0.9969087,0.00021153843,0.0011013688,0.00010846613,0.00026032378,0.000321614
syn-0447,0,2,3,7,7,0.00013292907,9.481476e-05,0.0006817749,0.00025735595,5.36034e-05,0.00026591457,0.00023836426,0.9961874,0.0008273144,0.0007356939,3.7275313e-05,0.00048754187
syn-0464,0,2,3,4,4,0.049754504,0.00057868287,8.745341e-05,9.9097706e-05,0.9461617,0.00090773276,0.0007177252,9.165039e-05,0.0005003195,0.00019592793,0.0005719411,0.00033328464
syn-0469,0,2,3,9,9,0.00026688306,4.7849495e-05,0.00014425408,0.00026937053,5.163669e-05,0.00010129738,0.00012569784,0.00036585613,0.000108570144,0.9978648,0.00024610444,0.0004076441
syn-0474,0,2,3,0,0,0.9950891,5.6223653e-05,0.00012571596,7.247515e-05,0.0029665586,0.00017267442,0.00033105575,0.00011116084,0.0002684901,0.0002539532,0.00043442156,0.0001182146
syn-0477,0,2,3,7,11,0.00024432573,0.007894851,0.0019905344,0.06630482,0.0012456448,0.023711076,0.0036540094,0.028684933,0.00034187315,0.003671895,0.0007209239,0.861535
syn-0485,0,2,3,10,10,0.00042322342,0.00030487363,7.993008e-05,5.262459e-05,0.0013001238,6.3168176e-05,0.0002690952,2.1512888e-05,1.5464917e-05,0.00010829545,0.99728596,7.5824224e-05
syn-0007,0,2,4,6,6,0.00058080815,0.00057656976,0.0001102554,0.00022077307,0.0018877321,9.375547e-05,0.9947247,0.00014549521,0.0009744533,7.787798e-05,0.00046351308,0.00014408128
syn-0014,0,2,4,0,0,0.9968689,0.00025132074,4.2598866e-05,0.00010814451,0.00060171075,0.00045697583,0.00020007708,0.00027494572,0.0005757707,0.00015904871,0.00031140228,0.0001491209
syn-0019,0,2,4,0,0,0.9964886,0.00033135948,4.4626195e-05,0.00013921456,0.0010063082,0.00038702035,0.00021227686,0.00019102849,0.0003486209,0.00016054824,0.0005105951,0.0001798055
syn-0023,0,2,4,1,1,0.00015232903,0.99764436,6.906356e-05,0.00030561676,0.0003394451,0.00012616192,0.00044537598,7.540834e-05,7.02883e-05,0.00016438556,0.00036819442,0.0002392964
syn-0024,0,2,4,2,2,8.510635e-05,7.293764e-05,0.9975349,0.00037596552,4.1884567e-05,0.00014863876,0.00037459124,0.0002306663,0.00013666526,0.00038123404,0.00034924268,0.00026823164
syn-0029,0,2,4,2,2,8.8846566e-05,7.437921e-05,0.9975751,0.0003334259,3.8966104e-05,0.00014322973,0.0003961464,0.00021459378,0.0001439308,0.00036290367,0.00037223598,0.000256334
syn-0036,0,2,4,5,5,0.0005580134,0.00023041028,7.702719e-05,0.00035843812,0.0076749795,0.9896394,7.6129785e-05,0.00030839007,8.443274e-05,0.000119185584,5.7578127e-05,0.00081610295
syn-0043,0,2,4,9,9,0.00012312764,0.00010358268,0.00021326554,0.00023115867,6.036026e-05,6.400266e-05,7.996436e-05,0.0004997463,0.00010470137,0.9977137,0.00010459918,0.0007018363
syn-0061,0,2,4,4,4,0.0024432745,0.0020235686,0.00018951227,0.0017006908,0.7767029,0.0006932071,0.21192445,0.00030941644,0.0009920041,0.00038733796,0.0015215147,0.0011120774
syn-0074,0,2,4,5,5,0.001689303,0.0005018012,8.9967994e-05,0.0005198833,0.0015654041,0.99450547,6.857786e-05,0.0004960761,0.00010314882,0.00012588786,5.0467475e-05,0.00028396983
syn-0075,0,2,4,7,7,0.00029340456,0.00016211253,0.00028871474,0.0004206933,7.546299e-05,0.00049400644,0.00012011938,0.9964194,0.00064706453,0.000815424,4.9489838e-05,0.00021413593
syn-0082,0,2,4,1,1,0.00017967679,0.9967481,6.1131956e-05,0.00030623804,0.00048900873,0.00019295339,0.0010556496,7.880219e-05,8.067093e-05,0.0001719518,0.0004150163,0.00022079049
syn-0083,0,2,4,0,0,0.9966363,0.00029432948,4.6139638e-05,0.00012864583,0.00082890055,0.00075251464,0.00015870132,0.00022380475,0.0002865303,0.00014253706,0.00033157048,0.00016992945
syn-0095,0,2,4,11,11,0.00014877897,0.00026200927,0.00024066812,6.373957e-05,0.00023566771,0.00032417077,0.00016924851,0.00012298128,0.0001334949,0.00042569853,0.00037220845,0.9975013
syn-0102,0,2,4,1,1,0.0002268024,0.99724436,7.746765e-05,0.00030728945,0.00039111477,0.00014729518,0.00065601425,0.000110642664,0.00013229268,0.00019267277,0.00031151957,0.00020251177
syn-0105,0,2,4,4,4,0.0012015075,0.0004597298,2.8270551e-05,0.0002593372,0.9950722,0.0019078546,0.00043921306,4.219118e-05,7.1909926e-05,8.5562104e-05,0.00022149817,0.00021073675
syn-0106,0,2,4,10,10,0.00026234915,0.000629804,0.00024145143,9.427714e-05,0.00014138859,3.4513683e-05,0.0028426407,3.0280276e-05,8.92598e-05,7.619898e-05,0.99538726,0.0001705472
syn-0107,0,2,4,10,10,0.0002908438,0.00035877168,0.00017826735,8.876734e-05,0.00017295145,3.7513113e-05,0.0018685046,2.6497077e-05,6.282265e-05,6.859408e-05,0.99668556,0.00016105112
syn-0108,0,2,4,8,8,0.00062823616,9.188638e-05,4.1254967e-05,9.11577e-06,0.00010381631,7.1771145e-05,0.00048133268,0.0002361919,0.9980129,7.6924036e-05,0.00011274657,0.00013375918
syn-0113,0,2,4,11,11,0.00024760136,0.0005477206,0.00020768838,5.1849405e-05,0.00022854701,0.00026968896,0.00015924021,0.000118684475,0.00018364267,0.0005510066,0.0013126312,0.9961217
syn-0119,0,2,4,6,6,0.00018182636,0.0010750816,0.0001641061,0.00027255414,0.00020969003,5.0788072e-05,0.9969214,0.0001289342,0.00025867988,6.8610316e-05,0.0005626,0.00010574812
syn-0122,0,2,4,3,3,5.033021e-05,0.00033605917,0.0003618616,0.9976291,0.00013627834,0.00029563138,0.00021926592,0.00025102164,1.3052715e-05,0.00048430008,0.00013910195,8.395864e-05
syn-0127,0,2,4,11,11,0.00013313681,0.0004890197,0.00029465667,8.004494e-05,0.00020460162,0.00028433875,0.00020064427,9.303529e-05,9.258212e-05,0.00045381775,0.0009036267,0.9967704
syn-0136,0,2,4,6,6,0.00018748395,0.0036108594,0.00015138497,0.00044256175,0.00045327807,5.2779098e-05,0.99243027,8.000833e-05,0.000120930585,6.4037864e-05,0.0022918421,0.000114606635
syn-0138,0,2,4,4,6,0.001222569,0.011397298,0.0002552653,0.0011207974,0.03224669,0.00019802578,0.92325693,0.00014802506,0.00062442716,0.00031459553,0.027287347,0.0019280727
syn-0156,0,2,4,6,6,0.00022983627,0.0006769296,0.00018612709,0.00030270472,0.00039538014,5.9026836e-05,0.9968616,0.00017450906,0.0004990757,9.506441e-05,0.00034824092,0.00017146832
syn-0161,0,2,4,2,2,8.128744e-05,7.547284e-05,0.9975231,0.00038337626,3.8359987e-05,0.0001288861,0.0003973365,0.00022664438,0.00013706464,0.00044706475,0.0003258442,0.00023555782
syn-0176,0,2,4,10,11,0.00028330873,0.0006118926,0.00025001907,9.629686e-05,0.0010650926,0.00047030114,0.00035292792,0.000114355345,0.00013874951,0.0005714617,0.005791319,0.9902542
syn-0185,0,2,4,7,7,0.0014683834,0.0011752793,0.1667647,0.032392018,0.00064652046,0.008439654,0.001560036,0.50373614,0.0018671184,0.2680553,0.0010721959,0.012822677
syn-0189,0,2,4,10,10,0.00025938428,0.0005003426,0.00023924786,8.100349e-05,0.000117056465,3.6941517e-05,0.0008854482,2.5093712e-05,4.369811e-05,9.341673e-05,0.99695516,0.000763304
syn-0192,0,2,4,5,5,0.00027016093,0.00032747135,0.000101644226,0.00067637133,0.00096696685,0.9964043,6.556239e-05,0.00047437876,7.4146956e-05,0.000120823424,3.801878e-05,0.000480205
syn-0194,0,2,4,1,1,0.0023703224,0.97178954,0.00025044085,0.00038187666,0.001992117,0.00050738873,0.013821283,0.0005567135,0.005778472,0.0005343415,0.0013678244,0.00064959406
syn-0195,0,2,4,4,4,0.0017167376,0.0010014559,6.9426234e-05,0.00054235937,0.92029756,0.074226335,0.00049478933,0.00016396285,0.00023763445,0.00019585493,0.00022367334,0.0008302362
syn-0200,0,2,4,5,5,0.000947753,0.0005700894,0.00041464958,0.00459268,0.00082181545,0.96263903,0.00022194593,0.028451307,0.00035225236,0.00041790173,7.419752e-05,0.0004962706
syn-0203,0,2,4,8,8,0.00044802667,7.5755335e-05,4.7778292e-05,9.50043e-06,9.308971e-05,6.951701e-05,0.00041669016,0.00025539476,0.9983279,7.5755335e-05,6.9313646e-05,0.000111305046
syn-0207,0,2,4,0,0,0.85554576,0.0012799957,9.013348e-05,0.0005247964,0.13696265,0.0021572395,0.00068983185,0.00021962392,0.00046449003,0.00031153948,0.0012136522,0.00054039876
syn-0208,0,2,4,8,8,0.00078232394,7.149952e-05,3.5917124e-05,7.3974556e-06,8.915656e-05,7.283856e-05,0.00032948234,0.0002567519,0.9981273,7.3913376e-05,4.1827665e-05,0.00011171821
syn-0209,0,2,4,7,7,0.0003782633,0.0003179081,0.006588048,0.0021459197,0.000118793585,0.0022869355,0.00033577785,0.9834989,0.0007199237,0.0024497826,0.00020089412,0.0009588804
syn-0211,0,2,4,0,0,0.99669266,0.00020102087,3.9544717e-05,0.00012228305,0.000728158,0.00060296454,0.00013482728,0.00032311815,0.0003581835,0.00021273544,0.0003354979,0.00024895594
syn-0217,0,2,4,6,6,0.00023174062,0.0012734388,0.00012128678,0.0003776244,0.0006624279,6.2068335e-05,0.9963259,0.0001409702,0.00028953466,7.785113e-05,0.000315209,0.00012199955
syn-0219,0,2,4,0,0,0.99685574,0.000216755,4.4295233e-05,0.00013953814,0.0006048695,0.00037324114,0.0002034237,0.00030108145,0.00056579977,0.0002142297,0.00027333584,0.00020763856
syn-0224,0,2,4,8,8,0.00059743744,8.317692e-05,4.223442e-05,9.479153e-06,0.00012857557,7.5511896e-05,0.0004698508,0.00025695463,0.9980394,7.261908e-05,9.028769e-05,0.00013435185
syn-0226,0,2,4,6,6,0.0001725741,0.0005924979,0.00016338988,0.00022180603,0.00027402767,4.6357065e-05,0.99742883,0.0001221346,0.00034623433,6.999914e-05,0.00043459333,0.00012749694
syn-0229,0,2,4,7,5,0.0019487536,0.00035785258,0.0002326318,0.000788907,0.0007044147,0.971281,0.00017508601,0.023066502,0.00048248467,0.00028006002,6.01546e-05,0.0006222511
syn-0234,0,2,4,4,4,0.0021388214,0.0031997957,0.0002852488,0.0036108259,0.61007094,0.0016869974,0.3743885,0.0005606759,0.001037301,0.00037863204,0.0009975625,0.0016447027
syn-0243,0,2,4,10,10,0.00030170905,0.00048142395,0.00021124483,8.2603576e-05,0.00011603556,4.7714e-05,0.00040426297,3.647657e-05,5.4972134e-05,0.00010637628,0.99795854,0.00019854307
syn-0250,0,2,4,11,11,0.00021352463,0.00022431888,0.00020554525,5.5919238e-05,0.00021794876,0.00025282498,0.00017736421,0.00012589294,0.00016039178,0.0004553546,0.00044731103,0.9974636
syn-0253,0,2,4,3,3,4.9268943e-05,0.0003568353,0.00026247225,0.99780136,0.00016028948,0.00029152504,0.0002254932,0.00022016212,1.2240081e-05,0.00038947465,0.0001495522,8.1310114e-05
syn-0255,0,2,4,2,2,8.788489e-05,7.9942e-05,0.9974347,0.00042287336,4.043358e-05,0.00014689231,0.000389379,0.00025818194,0.00014030258,0.0004316351,0.00033256604,0.00023519216
syn-0259,0,2,4,4,4,0.0046332893,0.008729341,0.00016874696,0.012069295,0.86915374,0.0015113872,0.100808546,0.0003614483,0.00034422343,0.00042340206,0.0010875487,0.000709065
syn-0260,0,2,4,11,11,0.00013130948,0.00048183702,0.0002063772,7.666698e-05,0.00028153378,0.00055088,0.00014996015,0.00012876974,9.2117494e-05,0.00093559263,0.0003424252,0.99662256
syn-0265,0,2,4,3,3,9.411955e-05,0.00049086893,0.00027812255,0.996639,0.00029090123,0.00091706385,0.00026448086,0.0002999889,1.645164e-05,0.00041710387,0.00018445718,0.000107382984
syn-0269,0,2,4,10,10,0.0001775229,0.00029536814,0.00020052238,9.282001e-05,0.00011278534,3.3420776e-05,0.00036058144,2.4451165e-05,3.3551583e-05,9.670622e-05,0.99835604,0.00021618212
syn-0285,0,2,4,11,11,0.00017818724,0.000338801,0.0001922904,6.397042e-05,0.0003259809,0.00030863253,0.00018692107,0.000111180525,0.00013688799,0.00046353857,0.0004825926,0.99721104
syn-0286,0,2,4,8,8,0.00047784313,7.597583e-05,4.81049e-05,9.630986e-06,8.634449e-05,6.890709e-05,0.00039028993,0.00028014753,0.9983046,7.9389065e-05,6.1227416e-05,0.00011755881
syn-0289,0,2,4,8,8,0.2579299,0.013402112,0.00033625335,0.00013935233,0.012785263,0.009276646,0.005926859,0.002311378,0.6902561,0.0009980022,0.0020861179,0.004552053
syn-0299,0,2,4,1,1,0.00018607816,0.9975733,8.9630725e-05,0.0002831817,0.00029360096,0.00016245883,0.00028778164,8.289487e-05,7.111177e-05,0.0002438796,0.00037745154,0.00034865979
syn-0305,0,2,4,1,1,0.0001469129,0.9975745,8.494367e-05,0.00027034615,0.00029202856,0.00012602995,0.00033123506,7.659048e-05,7.6291886e-05,0.00019692218,0.00040832226,0.00041586772
syn-0307,0,2,4,3,3,5.735292e-05,0.00055351184,0.00027955757,0.99738854,0.00017717776,0.00017961675,0.00035408477,0.000251329,1.5256493e-05,0.00047029014,0.000164183,0.00010915605
syn-0321,0,2,4,9,9,0.0001063796,0.00014697405,0.00020848465,0.00026809197,5.266172e-05,5.297119e-05,7.031262e-05,0.00039301097,7.714793e-05,0.99798965,0.00010371255,0.00053076196
syn-0326,0,2,4,1,1,0.00018408863,0.997566,8.4611784e-05,0.00025821594,0.00027988048,0.00011955502,0.000420869,7.5108444e-05,7.855939e-05,0.0001971129,0.00043720735,0.00029880533
syn-0333,0,2,4,5,5,0.0026808563,0.0011472832,0.00013023893,0.0010564108,0.40686867,0.5850935,0.00050761446,0.0004163308,0.0002855814,0.0002872596,0.0002661911,0.001260044
syn-0338,0,2,4,8,8,0.0020308509,0.00012583357,5.5729357e-05,1.45662925e-05,0.00015432514,0.000108052416,0.000620737,0.0003297514,0.99602,0.00011603657,0.0002266346,0.00019748126
syn-0350,0,2,4,2,2,8.4838815e-05,7.23542e-05,0.99731654,0.00044855732,3.8427024e-05,0.00013865158,0.00036351892,0.00023631538,0.00011206438,0.0004959322,0.00040632748,0.00028644604
syn-0352,0,2,4,8,8,0.00038698668,8.59278e-05,5.8198464e-05,1.1020933e-05,0.00010405438,7.885178e-05,0.00033384777,0.00030687996,0.9983498,9.446543e-05,6.195194e-05,0.00012798909
syn-0353,0,2,4,7,7,0.0004217785,0.0004044338,0.0013338802,0.0026006354,0.00023270083,0.017180176,0.00025111865,0.96118826,0.0006786233,0.013340794,7.994944e-05,0.0022876402
syn-0363,0,2,4,9,9,0.00078902417,0.003237446,0.00062722457,0.010650221,0.0004611335,0.00068551605,0.00028856995,0.0017191847,0.00012855332,0.9766568,0.0004720689,0.0042842096
syn-0368,0,2,4,9,9,0.00012096946,0.00011886162,0.00023317474,0.0002818123,6.5449596e-05,7.1322924e-05,7.719382e-05,0.00038280114,7.972203e-05,0.99760854,9.882887e-05,0.0008612878
syn-0377,0,2,4,5,5,0.00066409865,0.0013942749,0.0012143281,0.06941406,0.001592312,0.91435087,0.00044803706,0.0067006117,0.00017340973,0.0014476945,0.0001976537,0.0024026302
syn-0378,0,2,4,2,2,7.9328485e-05,7.5327065e-05,0.99754286,0.0003979268,3.4859706e-05,0.00013908993,0.00032640796,0.00024458766,0.00011407755,0.00047551538,0.00031413347,0.00025582552
syn-0379,0,2,4,3,3,0.000111598216,0.0008634937,0.00025198213,0.9951096,0.00087249995,0.0010436085,0.00070291583,0.0003678871,2.2190643e-05,0.00035500492,0.00016802028,0.00013123827
syn-0386,0,2,4,10,10,0.00022042559,0.0002977578,0.0002469855,0.00011217084,0.00013120504,4.418487e-05,0.00026288262,3.277134e-05,4.0784587e-05,0.000114718816,0.998264,0.00023207808
syn-0391,0,2,4,0,0,0.99670047,0.00023205427,4.2841966e-05,0.00010531251,0.0008921648,0.00065116986,0.0001648728,0.0002446199,0.00039319866,0.00013965272,0.00028598963,0.00014764677
syn-0399,0,2,4,8,8,0.00037096342,8.13507e-05,5.5260072e-05,1.1020377e-05,9.774511e-05,7.545784e-05,0.00043032508,0.0003185437,0.9982994,8.327988e-05,6.685194e-05,0.000109844135
syn-0402,0,2,4,1,1,0.00016911425,0.99671006,9.0697315e-05,0.00028210896,0.00047918104,0.0001645527,0.0005816123,8.322853e-05,9.087462e-05,0.00015579535,0.00061468006,0.0005780732
syn-0403,0,2,4,9,9,0.00015746486,0.00018284089,0.00024772697,0.00035063273,7.674223e-05,6.865708e-05,0.000114084185,0.00039615665,0.00012902208,0.99760085,0.00015069486,0.0005251748
syn-0408,0,2,4,4,4,0.078140385,0.001936723,8.011394e-05,0.00029190216,0.9119073,0.0020935857,0.0024796778,0.0001712656,0.0015966091,0.00020180018,0.00066751847,0.00043309186
syn-0413,0,2,4,9,9,0.00010080996,0.00012018333,0.00027362874,0.0003048081,4.9467853e-05,5.5293265e-05,7.959163e-05,0.00033862962,6.6826804e-05,0.997924,0.00010910805,0.0005777185
syn-0432,0,2,4,6,6,0.0002097681,0.00063537667,0.00012562577,0.0002972684,0.00049011275,6.140474e-05,0.9972926,0.00013333671,0.0002884039,6.410073e-05,0.00027667903,0.00012525824
syn-0437,0,2,4,3,3,6.224741e-05,0.0004698235,0.00035611633,0.99725074,0.00023150313,0.00030669186,0.000415327,0.00023331883,1.5800208e-05,0.00033732885,0.00023411769,8.701476e-05
syn-0468,0,2,4,6,6,0.000164694,0.0006055407,0.00014280944,0.0002708724,0.0003253018,4.906529e-05,0.9975661,0.000103062885,0.0002075837,5.5273435e-05,0.0003958528,0.00011385762
syn-0473,0,2,4,10,10,0.00021438774,0.00028241,0.00022699208,9.8417804e-05,0.00011283657,3.7355185e-05,0.00034286254,2.9035484e-05,3.816642e-05,9.996766e-05,0.99832195,0.00019563163
syn-0484,0,2,4,3,3,6.036431e-05,0.00040291014,0.00025966245,0.9977806,0.00017297246,0.00018180544,0.0002902407,0.00020361244,1.28523025e-05,0.00038394364,0.00016732354,8.356238e-05
syn-0491,0,2,4,10,10,0.0002586165,0.0002683939,0.00019947776,9.0749694e-05,0.00012519624,4.2326345e-05,0.00035848413,2.9147317e-05,3.5712037e-05,0.00010455431,0.9982601,0.00022742175
syn-0499,0,2,4,11,11,0.00014774005,0.00023254126,0.00023724353,6.562331e-05,0.0001790808,0.00022167583,0.0001693848,0.00011349769,0.00013140272,0.00065685203,0.00051478297,0.9973302
syn-0005,1,0,0,11,11,0.00081065093,0.0005714792,0.00028145604,4.7520807e-05,0.0002253846,9.8175195e-05,0.00016425202,0.0004542901,0.00012277905,0.00017230283,0.00021781119,0.996834
syn-0007,1,0,0,6,6,7.6966986e-05,0.0001115497,0.00035398532,0.0006998711,0.00059954554,0.00035294978,0.9966217,4.9693623e-05,0.00019368403,0.00010236377,0.00066440145,0.00017327849
syn-0009,1,0,0,8,8,0.0001856013,0.00064292783,0.00017165314,3.3603035e-05,4.7480524e-05,5.6164692e-05,8.037368e-05,0.0003232844,0.9979361,0.00015296994,0.00017257758,0.00019728235
syn-0023,1,0,0,1,1,0.00056732557,0.99686325,3.916712e-05,3.2407323e-05,0.00014926575,0.0003164588,0.00011704567,7.8811296e-05,0.0003509728,0.00021297974,0.00045949034,0.0008128548
syn-0029,1,0,0,2,2,2.6422447e-05,2.7101922e-05,0.9977684,0.00023642243,2.2033706e-05,0.000104298895,0.0004344495,0.0004328614,0.00025222398,0.0001922101,0.00032386198,0.00017968516
syn-0034,1,0,0,0,0,0.99461186,0.00031328696,9.34706e-05,0.00022598292,0.0020181015,0.0007780475,0.00018300654,0.00021270633,8.1446924e-05,0.00019519031,6.1719984e-05,0.0012252363
syn-0042,1,0,0,9,9,5.919457e-05,0.00030917456,0.00037102858,0.00044975706,0.00013938991,6.3135485e-05,6.000943e-05,0.00015264202,0.0003342974,0.9977437,0.00017195557,0.00014579434
syn-0065,1,0,0,11,11,0.00042448114,0.00035177838,0.0003788802,4.7817703e-05,0.00022024481,5.870202e-05,0.00021077566,0.0004032667,0.00013863563,0.00015663517,0.00040697565,0.9972018
syn-0071,1,0,0,6,6,5.512308e-05,8.646709e-05,0.0004195193,0.00068486505,0.00033965413,0.00032252158,0.9967975,4.1044084e-05,0.000155505,9.731254e-05,0.0008559777,0.00014452258
syn-0073,1,0,0,11,11,0.0015357232,0.0043365858,0.00014187135,3.7409063e-05,0.00043253656,8.869417e-05,0.00016651361,0.00031521675,0.00019948541,0.0001714641,0.000592942,0.99198157
syn-0082,1,0,0,1,1,0.00028675422,0.9925568,9.652078e-05,8.25586e-05,0.00023982621,0.0012147828,0.00033329104,0.00015544948,0.0009129732,0.0007450561,0.0027892494,0.00058666023
syn-0087,1,0,0,5,8,0.00021907111,0.0009839684,0.0004588183,4.4160643e-05,3.4933946e-05,0.00020802091,9.2038674e-05,0.0016155704,0.9957698,0.00016074609,0.00020720992,0.00020559739
syn-0112,1,0,0,4,0,0.985349,0.001596713,0.00015984244,0.00050059136,0.0041954955,0.0025372526,0.00057169335,0.0005333974,0.0030241162,0.00032797543,0.00015705726,0.0010468942
syn-0117,1,0,0,6,6,5.9948496e-05,8.290576e-05,0.00042185333,0.0008649531,0.0003841018,0.00032487066,0.99673057,4.2509844e-05,0.00016503887,9.77823e-05,0.0006833995,0.00014213355
syn-0118,1,0,0,5,5,0.00056181283,0.00044739715,6.150212e-05,0.00023142756,0.0004648788,0.9969252,0.00047104814,0.00017417966,0.0001280563,0.000179183,0.00010574852,0.00024962268
syn-0123,1,0,0,10,10,4.100983e-05,0.00034564198,0.00025623298,0.00011591698,0.00014454305,7.835679e-05,0.0005606216,4.8133e-05,0.00015991645,0.000169981,0.9979127,0.00016685616
syn-0127,1,0,0,11,11,0.011177238,0.12556516,0.00031987292,0.00011250548,0.0018069021,0.00026518395,0.00058148196,0.0009662209,0.0024072353,0.0007166334,0.0030127228,0.85306895
syn-0130,1,0,0,6,10,0.00029202914,0.0025649779,0.011328272,0.0011426569,0.0010252717,0.00039296816,0.034151863,0.00050359656,0.037107714,0.0017270971,0.90874726,0.0010163
syn-0133,1,0,0,2,2,2.626401e-05,3.3592176e-05,0.99761367,0.00021787515,2.0494419e-05,9.834798e-05,0.0003695339,0.00048269908,0.00032810908,0.00019520667,0.0004108633,0.00020337966
syn-0134,1,0,0,5,5,0.0055011637,0.01078918,0.001759566,0.0012986903,0.0011054178,0.90969926,0.0026803988,0.053575017,0.003940153,0.0022113048,0.0013892152,0.006050704
syn-0144,1,0,0,9,9,7.189562e-05,0.0004461771,0.00027000962,0.0003322797,0.00015888555,5.6486653e-05,5.4005322e-05,0.00012581161,0.00039298157,0.9977932,0.00014159201,0.00015657509
syn-0151,1,0,0,10,11,0.0012171656,0.0041489,0.00045139235,0.00014611693,0.0035366334,0.00018149064,0.0008624678,0.0004657211,0.0002858038,0.0004474424,0.020016836,0.96824
syn-0152,1,0,0,3,3,0.00043693706,0.00017027355,9.140827e-05,0.93084824,0.06497398,0.0006770718,0.0015536211,0.0001570166,0.00012180792,0.0005654385,0.00027396277,0.00013017133
syn-0153,1,0,0,4,5,0.0021150354,0.00034425998,5.446984e-05,0.00031299348,0.0013556043,0.994651,0.00042097317,0.00014908,9.476102e-05,0.00016150906,7.741726e-05,0.00026292424
syn-0154,1,0,0,1,1,0.00041507607,0.9968917,3.9862825e-05,3.5802666e-05,0.00011049558,0.0005235537,0.00012017631,9.571938e-05,0.0006021562,0.00025329768,0.00045843894,0.00045376216
syn-0155,1,0,0,4,4,0.00044436697,0.0005937425,1.7179573e-05,0.0011141424,0.9930783,0.00047072212,0.0022766031,4.2937118e-05,5.019858e-05,0.00016899242,0.0012120503,0.00053067034
syn-0162,1,0,0,9,9,7.00236e-05,0.00034458406,0.00030655426,0.00042873714,0.00016748648,7.439429e-05,6.107567e-05,0.0001522006,0.00028932,0.9977773,0.00014852975,0.00017977449
syn-0164,1,0,0,8,8,0.00013400316,0.00038189243,0.00018559133,3.6777812e-05,3.4956818e-05,6.620694e-05,7.4220705e-05,0.0003848686,0.9983699,0.00012417497,0.00012236925,8.5094456e-05
syn-0170,1,0,0,6,6,5.5881268e-05,8.8343884e-05,0.00044104515,0.00064242224,0.0003804832,0.00027586424,0.99678636,4.0883613e-05,0.00016248928,9.533614e-05,0.0008652127,0.00016569409
syn-0173,1,0,0,8,8,0.000119429336,0.00041950378,0.00015783236,3.6997484e-05,3.6997484e-05,7.372213e-05,8.2807106e-05,0.00025550014,0.99846554,0.00012262024,0.00014189511,8.720588e-05
syn-0190,1,0,0,3,3,0.00012582731,8.18774e-05,0.00022695556,0.99694365,0.00052343716,0.0002987648,0.00064851233,0.00013819427,0.0001281838,0.0005955081,0.00023393135,5.5023593e-05
syn-0193,1,0,0,11,11,0.003494889,0.24341573,0.0003783158,0.00015709066,0.0034700208,0.00058252376,0.0007370985,0.0006310897,0.00060219003,0.0009841556,0.013142163,0.7324048
syn-0198,1,0,0,0,0,0.930866,0.0011860022,0.00016137234,0.0015243447,0.031419966,0.031977147,0.00050686544,0.00037630278,0.00022143312,0.0005732331,0.00011004638,0.0010772339
syn-0201,1,0,0,0,0,0.99529654,0.00055034854,0.00012415592,0.0002466725,0.0008044755,0.0014482065,0.00023195379,0.00028824862,0.00025104688,0.00017697888,7.914985e-05,0.000502323
syn-0204,1,0,0,1,1,0.00048946304,0.99694365,4.227053e-05,3.3635246e-05,0.00010249688,0.00047463554,0.00011323233,9.866659e-05,0.00054523617,0.000256422,0.00038259273,0.00051767065
syn-0209,1,0,0,7,7,0.00014847322,0.00010548911,0.022602035,0.0001666072,2.4909477e-05,0.00025354995,0.00016791392,0.97429276,0.00047092623,0.00034723923,0.00024312329,0.0011769918
syn-0222,1,0,0,8,8,0.00016202217,0.0005244845,0.00015935456,3.8918268e-05,3.8690894e-05,7.892476e-05,8.642831e-05,0.00027500407,0.99829835,0.0001061012,0.0001406986,9.110837e-05
syn-0233,1,0,0,8,8,6.592827e-05,0.0004469773,0.00035536222,3.705471e-05,3.2130873e-05,4.9571252e-05,8.212923e-05,0.00027641875,0.9980586,0.00023407865,0.0002775006,8.4241234e-05
syn-0244,1,0,0,3,3,0.00010837827,7.170365e-05,0.0001288281,0.99707437,0.0009523831,0.00021116076,0.0005816118,0.00010494128,9.5830466e-05,0.00042974457,0.00019367739,4.7439524e-05
syn-0248,1,0,0,6,6,5.1357623e-05,9.218287e-05,0.0004955455,0.0005279241,0.00028729026,0.00028173358,0.99635637,4.333201e-05,0.00017004769,9.409285e-05,0.0014483335,0.00015183551
syn-0251,1,0,0,10,10,4.6743327e-05,0.000329653,0.00028383196,0.000110825036,0.00014023285,7.169391e-05,0.00048293232,5.475532e-05,0.00017181688,0.0001803265,0.99791306,0.00021403849
syn-0252,1,0,0,8,8,7.2831426e-05,0.00042880626,0.00032920888,4.1014628e-05,3.84545e-05,5.4548218e-05,9.743282e-05,0.00027946418,0.99802953,0.00022764695,0.00031161262,8.9496745e-05
syn-0254,1,0,0,7,1,0.008193738,0.76280355,0.0006901737,0.00014694646,0.00044387238,0.0008132234,0.00052711146,0.012055724,0.12599212,0.0023762323,0.0036517398,0.08230551
syn-0263,1,0,0,0,0,0.9958943,0.00053989614,9.562362e-05,0.00017536424,0.00063062494,0.0010805491,0.00019525124,0.00024039774,0.0002748111,0.00014566629,6.265029e-05,0.0006647933
syn-0267,1,0,0,4,4,0.0018743199,0.0002833948,1.1852331e-05,0.0007190071,0.99491763,0.0010627534,0.00031707733,4.1611805e-05,2.8155957e-05,0.000116703195,0.00013159792,0.0004959183
syn-0269,1,0,0,10,10,4.1575167e-05,0.00031587135,0.0002585631,0.000101106554,0.00013420628,6.579128e-05,0.00056131725,4.729522e-05,0.00017814201,0.00015790216,0.9979321,0.00020624514
syn-0272,1,0,0,3,3,0.0003454752,0.00039608922,0.000264885,0.9195498,0.036571704,0.00085505925,0.037806384,0.00017610715,0.00021874125,0.0011311114,0.0024588592,0.00022568485
syn-0278,1,0,0,9,9,6.0954917e-05,0.00038534103,0.00030557497,0.00046611685,0.00017070207,6.0362552e-05,6.179401e-05,0.00010824025,0.00028144012,0.99775153,0.00021389936,0.00013405104
syn-0283,1,0,0,7,7,0.00012680063,9.026703e-05,0.0023189413,0.00013777526,2.5312236e-05,0.0001848545,9.186778e-05,0.99586403,0.00028574961,0.0002746686,0.00015028566,0.00044943756
syn-0284,1,0,0,0,0,0.9918607,0.0016570706,0.00014793767,0.00021440885,0.00088674953,0.00096479256,0.00026735783,0.00049367093,0.001015423,0.00019275876,0.000121928126,0.0021771148
syn-0303,1,0,0,7,7,0.0056170947,0.007585433,0.003008083,0.0019045991,0.00095395895,0.12617011,0.0018805728,0.8389594,0.0032224779,0.0031586066,0.0015529713,0.00598667
syn-0308,1,0,0,3,3,0.00010281007,6.115136e-05,0.0001771202,0.99706453,0.00053127424,0.00023373135,0.0009768646,0.00011446913,0.000101513106,0.00037500923,0.00021775521,4.37029e-05
syn-0310,1,0,0,10,10,4.6470373e-05,0.00034501078,0.00021900792,9.479395e-05,0.00017114752,6.7087814e-05,0.0004974736,4.9274597e-05,0.00016030787,0.00016386925,0.9979159,0.0002695817
syn-0311,1,0,0,9,9,0.0001206857,0.00079014624,0.0003127293,0.0009977417,0.00038036786,8.158032e-05,0.00010444477,0.00014261973,0.00025989546,0.99624085,0.00032092805,0.0002481151
syn-0323,1,0,0,7,7,0.00028829326,0.00019232625,0.0006727612,0.00014043433,5.414226e-05,0.00022805875,0.00012248901,0.9964233,0.00035098926,0.000278606,0.00015363563,0.0010949357
syn-0325,1,0,0,4,3,0.00033386928,0.00012324417,9.043191e-05,0.98605967,0.0111266365,0.00060885464,0.0006001474,0.00013938145,0.000121451994,0.00052103534,0.00018447019,9.0785856e-05
syn-0333,1,0,0,5,5,0.0013637085,0.00050920754,4.9867493e-05,0.00027169546,0.00056920736,0.99620974,0.00035005837,0.00016113151,0.00013293205,0.00012759006,7.678505e-05,0.00017800833
syn-0353,1,0,0,7,7,0.00094201876,0.0011643745,0.0007270477,0.00025885733,0.00012714646,0.0016929145,0.00024057574,0.9908091,0.0004950777,0.0005259791,0.00030770106,0.0027092353
syn-0363,1,0,0,9,9,9.124492e-05,0.001120309,0.00020794585,0.00028828165,0.00021070548,5.8912145e-05,5.621436e-05,0.00013751094,0.0004606165,0.99686974,0.00024169301,0.00025677885
syn-0371,1,0,0,6,6,6.173053e-05,9.034521e-05,0.0004405882,0.0006714888,0.0004011601,0.00033929848,0.9967265,4.7145917e-05,0.00016895197,9.961316e-05,0.0007890853,0.00016407402
syn-0373,1,0,0,11,11,0.0009145133,0.00046903032,0.00022074435,4.3361153e-05,0.00026967042,7.714878e-05,0.00017250449,0.00032425384,0.00011960711,0.00013793608,0.00022476865,0.9970265
syn-0376,1,0,0,5,5,0.0007658093,0.00053710677,5.5333014e-05,0.00019906733,0.00045689507,0.9966928,0.00052742596,0.00015248125,0.00012567287,0.00016310993,9.27559e-05,0.00023159968
syn-0377,1,0,0,5,5,0.0010181315,0.00061313383,0.00014886739,0.0009715671,0.00080969644,0.9942028,0.00078747165,0.00038500302,0.00027167823,0.00029896348,0.0001832889,0.00030935858
syn-0382,1,0,0,0,0,0.99362844,0.00031099684,0.000112635586,0.0003091799,0.0026294983,0.0007731735,0.00027714708,0.0002412603,0.00010539882,0.000281649,7.208664e-05,0.0012585706
syn-0384,1,0,0,1,1,0.00045752956,0.99588627,5.0537543e-05,3.1318246e-05,0.0001036963,0.0002984479,0.00011245141,0.00011311223,0.0015845076,0.00030226095,0.00051203364,0.0005477917
syn-0397,1,0,0,1,1,0.000420029,0.99703443,3.6872367e-05,3.856651e-05,0.00015985375,0.00040443134,0.00013915486,7.2758805e-05,0.00034073167,0.0002521,0.0005489256,0.000552084
syn-0405,1,0,0,8,8,9.437819e-05,0.00039722578,0.00020245014,3.488974e-05,3.434883e-05,5.2222484e-05,7.3001065e-05,0.000286408,0.9984023,0.00017148194,0.00017572004,7.5539356e-05
syn-0410,1,0,0,10,10,4.6556965e-05,0.00027373512,0.0003980878,0.00011038319,0.0001204063,7.043844e-05,0.00048795587,6.5719985e-05,0.00020632368,0.0001927849,0.99782467,0.00020292662
syn-0416,1,0,0,2,2,2.5808058e-05,3.13134e-05,0.99767894,0.00022767812,2.0859221e-05,0.00010068681,0.00033953975,0.00041628585,0.0003118075,0.00021874218,0.00043895483,0.00018939804
syn-0421,1,0,0,10,10,5.1792504e-05,0.00090403185,0.0005676656,0.00035272984,0.0002271842,9.2691495e-05,0.00082887773,6.321011e-05,0.00035480267,0.0013253515,0.99502856,0.00020305083
syn-0427,1,0,0,5,5,0.0017094009,0.001216631,3.8033915e-05,0.0006429809,0.009343017,0.9851879,0.00092825136,0.0001457989,0.00011310561,0.00016360627,0.00013643141,0.00037486435
syn-0437,1,0,0,3,3,9.204061e-05,9.6457734e-05,0.00016666402,0.99481875,0.001736679,0.00023457533,0.0014971107,0.00010729158,0.00010197921,0.00041746168,0.00068117335,4.97007e-05
syn-0439,1,0,0,6,6,6.912804e-05,9.7963326e-05,0.00044270075,0.00065919955,0.00051984907,0.0003461251,0.9966274,5.027968e-05,0.00018790948,0.00010438331,0.00073158497,0.00016341811
syn-0448,1,0,0,4,5,0.0009057345,0.00066353986,4.7234895e-05,0.00017567039,0.00051967526,0.99665916,0.00032739522,0.00012940478,0.00010256775,0.00015040566,7.4456206e-05,0.00024472922
syn-0449,1,0,0,11,11,0.00069671014,0.0011775729,0.00028605148,5.8742524e-05,0.00048564046,7.85849e-05,0.0002074484,0.00027016766,0.000101895224,0.0002581737,0.00043617637,0.9959428
syn-0450,1,0,0,10,10,4.5482222e-05,0.0002859865,0.00030317015,0.00011671142,0.00014426018,8.47234e-05,0.00054336985,5.4117074e-05,0.00015326451,0.00016054143,0.9979069,0.0002014624
syn-0451,1,0,0,8,8,0.00012572814,0.0006143395,0.00014080884,3.036296e-05,3.1758023e-05,6.230075e-05,5.858332e-05,0.000427989,0.9981053,0.00018044931,0.00014205185,8.023045e-05
syn-0455,1,0,0,2,7,0.00046835313,0.00043485122,0.08063275,0.00028518238,7.811695e-05,0.0003822587,0.00035284171,0.8961502,0.0068622655,0.0012521547,0.0005039438,0.012597011
syn-0473,1,0,0,10,10,4.6558787e-05,0.00028451165,0.00023552323,0.00012005877,0.00017197625,7.331882e-05,0.00063183345,4.7849444e-05,0.00015221378,0.00015491307,0.9978637,0.00021739834
syn-0474,1,0,0,0,0,0.9764238,0.00062128424,0.00014821785,0.0015496591,0.014855198,0.004149381,0.00029361722,0.0003576456,0.00019031549,0.0006125488,9.5137555e-05,0.0007033201
syn-0478,1,0,0,2,2,0.0013970647,0.0089643905,0.72369736,0.0010181295,0.0004716283,0.0015046978,0.0044053113,0.05440645,0.053877722,0.00816217,0.08056472,0.061530292
syn-0480,1,0,0,1,1,0.00039040824,0.9944712,4.2662734e-05,6.0046706e-05,0.0004419587,0.0005492213,0.00026236378,7.846878e-05,0.00029069398,0.0003587839,0.0019244736,0.0011296837
syn-0482,1,0,0,1,1,0.0005531256,0.9959324,4.9756334e-05,5.2861997e-05,0.00025466533,0.00033556955,0.00013738165,9.0449714e-05,0.00031263247,0.0006199251,0.00060897454,0.0010522137
syn-0484,1,0,0,3,3,0.00011777546,7.92253e-05,0.00019618025,0.9972186,0.00053550745,0.00022165103,0.00059578137,0.00014975705,0.00011118137,0.0004936789,0.00022624353,5.4291406e-05
syn-0495,1,0,0,2,2,2.806695e-05,3.0347612e-05,0.99760073,0.0002670079,2.4914554e-05,0.000109285946,0.0004739059,0.00040776018,0.00023045635,0.00023742378,0.0003862717,0.00020387415
syn-0496,1,0,0,8,8,8.401145e-05,0.00039166713,0.0002526556,4.3414646e-05,4.1588683e-05,5.6734072e-05,9.87001e-05,0.0002674445,0.9982565,0.00018830858,0.0002332123,8.583591e-05
syn-0002,1,0,1,1,1,0.0008080023,0.9969789,6.383074e-05,0.00011479512,4.2272022e-05,0.00044258664,0.00012184127,3.1169435e-05,0.00015193038,0.000628045,0.00018596728,0.00043070118
syn-0004,1,0,1,10,11,0.0053300816,0.009627996,0.0028725567,0.0022154085,0.07986979,0.0073424974,0.004316432,0.014606756,0.0014543199,0.012294868,0.3310511,0.52901816
syn-0011,1,0,1,10,11,0.0031052856,0.032059014,0.0013772894,0.001148523,0.006323592,0.0016008072,0.0027071557,0.0009852661,0.0010106028,0.006147768,0.43315428,0.51038045
syn-0015,1,0,1,6,6,6.954298e-05,8.553933e-05,0.00036975605,0.00060287176,0.00045915882,0.00037393198,0.99675226,4.902526e-05,0.00033290693,0.00012568037,0.00062612747,0.00015323675
syn-0017,1,0,1,3,3,0.00013033875,0.00011379456,0.00020069322,0.99701357,0.0001836277,0.00023235394,0.0008542841,0.000116834904,0.00016867087,0.00055328687,0.00038883474,4.36154e-05
syn-0031,1,0,1,0,0,0.9962748,0.001051548,8.5331536e-05,0.00019937288,0.00047827067,0.00069050654,0.00016193079,0.00018135388,0.00022416095,0.00022437998,0.00011471405,0.00031365757
syn-0036,1,0,1,5,5,0.0015460758,0.0010299084,1.9424246e-05,0.00016487605,0.0068483045,0.9889635,0.0004960896,0.00016074243,3.5796507e-05,9.845199e-05,0.00018393253,0.00045290936
syn-0051,1,0,1,3,3,0.00013977823,0.00013508138,0.0002714102,0.99662256,0.00021106508,0.00016860472,0.00048443198,0.0001385551,0.00025936108,0.0011205783,0.0003954784,5.3105672e-05
syn-0058,1,0,1,9,9,0.00018148603,0.0008472114,0.00022908403,0.0005277298,0.00023269157,3.986719e-05,6.8348265e-05,6.395693e-05,0.0004943852,0.99700075,0.00014037856,0.00017419287
syn-0062,1,0,1,7,7,8.5496664e-05,2.7246435e-05,0.00038948868,7.8840174e-05,0.0005740831,0.000645932,0.000119281365,0.99722844,0.000414128,8.608311e-05,4.0032366e-05,0.00031098266
syn-0063,1,0,1,1,1,0.0008763037,0.99682826,5.4482563e-05,0.000110272966,4.2931228e-05,0.0007382821,0.00012804386,2.933379e-05,0.00012955321,0.0004016911,0.00017029447,0.0004905877
syn-0067,1,0,1,5,5,0.0005085701,0.000925409,3.3806922e-05,0.00018437185,0.0006850245,0.9961779,0.00041884932,0.0003794164,3.9216713e-05,0.00010464235,0.00016462553,0.00037812177
syn-0068,1,0,1,10,10,0.00013628119,0.0005076457,0.0001977079,0.00025723092,0.0005721915,0.0001919997,0.0006565415,7.153516e-05,5.560293e-05,0.00015503123,0.9957034,0.0014947882
syn-0069,1,0,1,11,11,0.00041783706,0.0016692026,0.00021820463,3.0602383e-05,0.00014542662,0.00017593266,0.00021597862,0.00014742852,0.00016478995,0.00020689484,0.00040815788,0.99619955
syn-0086,1,0,1,10,10,5.3154057e-05,0.00015097884,0.00023538712,0.00033369605,0.00023202083,0.00011712403,0.000892472,4.9351867e-05,3.904054e-05,0.00011943409,0.99753064,0.0002468643
syn-0093,1,0,1,5,5,0.00048341273,0.0009783102,3.8516457e-05,0.0004483954,0.0016226376,0.9937975,0.0014616426,0.00029942585,5.1026018e-05,0.00012252464,0.00033111073,0.00036561245
syn-0094,1,0,1,1,1,0.00054095226,0.99565226,0.00010706734,0.00017566436,7.139191e-05,0.0008544204,0.00035728587,4.164253e-05,0.00019847149,0.0005230304,0.00048089804,0.0009969086
syn-0098,1,0,1,10,10,7.152949e-05,0.00019058347,0.00023487998,0.00034300218,0.00028876626,0.00012652278,0.00061012537,6.124219e-05,4.6363668e-05,0.00015231782,0.99757093,0.00030366058
syn-0114,1,0,1,4,4,0.00081176066,0.00030244543,2.3095443e-05,0.00056670024,0.9921246,0.0019222777,0.0011772184,0.00019224602,0.0002997989,0.00026072428,0.0016248572,0.00069433573
syn-0119,1,0,1,6,6,6.571859e-05,7.9194375e-05,0.00036077792,0.0006156736,0.00035096088,0.00031169414,0.99682933,4.3692595e-05,0.00027520343,0.00011222861,0.00080807845,0.00014752173
syn-0122,1,0,1,3,3,0.00013947263,0.000111960006,0.00020673194,0.99736124,0.0001824403,0.00019611252,0.0005726328,0.00012699126,0.00019439643,0.0005732973,0.0002912542,4.3545475e-05
syn-0125,1,0,1,9,9,0.00016624255,0.0008617418,0.0002110758,0.00060446357,0.00020699322,3.8271206e-05,6.574039e-05,5.334227e-05,0.00031080953,0.9971601,0.00013971711,0.00018151503
syn-0137,1,0,1,8,8,0.00014633962,0.00010623118,0.00020576823,9.863231e-05,0.0001891927,2.5830479e-05,0.00014121529,0.0002705433,0.99854565,0.00016843587,1.7240447e-05,8.502635e-05
syn-0141,1,0,1,2,2,2.9820421e-05,3.9274833e-05,0.9976544,0.00029956226,3.1867912e-05,7.765102e-05,0.0005125046,0.00037536852,0.00034775294,0.00013260581,0.00019294032,0.00030636686
syn-0148,1,0,1,7,7,9.767199e-05,4.2711417e-05,0.0004152625,5.9067752e-05,0.00023915755,0.00030603659,0.00010843024,0.9975526,0.00039867216,0.00010695789,5.032635e-05,0.00062321173
syn-0161,1,0,1,2,2,2.8399667e-05,3.7992664e-05,0.9976665,0.0002816911,3.131301e-05,7.273386e-05,0.0005340991,0.00039790326,0.00032981302,0.0001289046,0.00018555114,0.00030517616
syn-0167,1,0,1,0,0,0.9963379,0.0009498227,8.634285e-05,0.00018767154,0.00043348252,0.0007500428,0.0001695471,0.00017289112,0.00026208727,0.00021079883,0.00010872207,0.00033066294
syn-0184,1,0,1,2,2,3.124949e-05,4.1237447e-05,0.9975891,0.00026421645,3.0466032e-05,7.863796e-05,0.00046524522,0.0004954625,0.00035032915,0.00012914662,0.0001840929,0.00034083799
syn-0186,1,0,1,3,3,0.00018931151,0.00015663852,0.00014123501,0.99722314,0.00022947101,0.00021139858,0.00057178957,0.000105986925,0.00015755903,0.00060892233,0.0003564544,4.8005884e-05
syn-0207,1,0,1,0,0,0.9915071,0.00093517517,6.0691855e-05,0.00024814485,0.0034965093,0.002304291,0.00020352125,0.00016741201,0.0002059203,0.00029210068,0.00013784392,0.00044128735
syn-0213,1,0,1,0,0,0.99310815,0.0036845924,9.342047e-05,0.00019604052,0.0002791745,0.00080693123,0.00018816246,0.0001757296,0.0006698684,0.00026302965,0.000104625964,0.00043028776
syn-0218,1,0,1,8,8,9.587519e-05,0.00012262625,0.0007352104,0.00014777109,0.00018753129,2.929745e-05,0.00026407442,0.0004141814,0.99753976,0.00028069425,2.795582e-05,0.00015516554
syn-0219,1,0,1,0,0,0.996049,0.0008209124,9.517262e-05,0.0001949005,0.0005913893,0.00083363644,0.00019816316,0.00018725103,0.0002478252,0.0002463773,0.00012732056,0.00040799653
syn-0226,1,0,1,6,6,6.597446e-05,8.2186765e-05,0.00041514303,0.00054499623,0.000341821,0.0003203281,0.99680907,4.7892325e-05,0.00026080667,0.00011876637,0.00083718,0.00015581083
syn-0240,1,0,1,6,6,7.780908e-05,8.5456566e-05,0.00030879452,0.0016061607,0.0004570378,0.00041960622,0.9957878,4.7936788e-05,0.000399805,0.0001242172,0.0005605215,0.00012482521
syn-0246,1,0,1,8,8,0.45267788,0.026452137,0.00040087078,0.0009882967,0.005224017,0.0014634633,0.0015487473,0.0016615633,0.5030298,0.0021840837,0.0005077388,0.0038613642
syn-0253,1,0,1,3,3,0.00016208286,0.000121394456,0.00016870417,0.99721044,0.00020389394,0.00028225058,0.00076331303,0.000121869576,0.00013397833,0.00042288154,0.00036410193,4.5008786e-05
syn-0257,1,0,1,4,4,0.0013935489,0.0002987389,3.1579228e-05,0.0005007823,0.88619035,0.10792786,0.0013679304,0.00076846435,0.00021877557,0.00020392127,0.00044933692,0.0006486936
syn-0259,1,0,1,4,4,0.00042647874,0.00018324719,2.51412e-05,0.00037416737,0.9930062,0.001589598,0.0023326993,0.00029454898,0.00038416433,0.00020382897,0.0007076221,0.00047229952
syn-0261,1,0,1,5,5,0.00043083765,0.00035936368,2.9541608e-05,0.00017335318,0.004819986,0.9921948,0.0005328585,0.00078473083,4.7392117e-05,9.179784e-05,0.00016933744,0.0003660938
syn-0268,1,0,1,6,6,5.8224574e-05,7.850291e-05,0.0004000356,0.0005622501,0.00042262496,0.00026466575,0.99684876,4.7151698e-05,0.00034350783,0.00011311104,0.00069170597,0.00016946845
syn-0275,1,0,1,0,0,0.99527717,0.0013083201,7.435296e-05,0.00023768179,0.0009920424,0.00078891224,0.0001945594,0.00015725158,0.00021747102,0.00023149668,0.00014557602,0.0003752062
syn-0281,1,0,1,10,10,0.00152471,0.0137850735,0.001173611,0.0027234033,0.02651634,0.00071461714,0.020945447,0.0008453204,0.0071332925,0.00682994,0.83258766,0.08522047
syn-0285,1,0,1,11,11,0.00045048405,0.0005850549,0.00021511802,2.7834189e-05,0.00022511177,0.00013943425,0.00018490084,0.0003076913,0.00034485038,0.00018836364,0.00024435652,0.9970868
syn-0290,1,0,1,0,0,0.99627507,0.0009525494,6.3165804e-05,0.00016707106,0.00066873117,0.0006442911,0.00016288242,0.00015572735,0.00025277043,0.00020034882,9.4085175e-05,0.00036331665
syn-0292,1,0,1,11,11,0.00023242386,0.00034653256,0.00040697155,3.3779423e-05,0.00016131005,0.0001749295,0.00021203807,0.00033505188,0.00015741952,0.0001904413,0.0004356053,0.99731356
syn-0302,1,0,1,10,10,5.160318e-05,0.00015100512,0.00022503131,0.00044161297,0.00024089345,0.000111834575,0.0011528917,4.5185254e-05,4.1626605e-05,0.00013476657,0.9972172,0.0001863754
syn-0304,1,0,1,1,1,0.00068812526,0.99702924,6.5603504e-05,9.333248e-05,4.219167e-05,0.00040864744,0.00013847635,2.772407e-05,0.00012196649,0.00047406825,0.0002690136,0.00064163824
syn-0306,1,0,1,5,5,0.0006955272,0.00053275866,8.2704624e-05,0.00021683631,0.0026146588,0.9865747,0.0006420024,0.007343741,0.0001270986,0.00014151205,0.00020650294,0.00082193577
syn-0313,1,0,1,11,10,0.00329464,0.004931371,0.0013640536,0.0019273846,0.28716883,0.10451473,0.015816549,0.010353415,0.0010397461,0.0013272606,0.28829277,0.27996922
syn-0314,1,0,1,8,8,0.0038809148,0.033517804,0.00042316483,0.00030808602,0.00043830634,0.00023807042,0.00044913887,0.0006828515,0.95497596,0.0032648682,0.00016750346,0.0016533432
syn-0322,1,0,1,2,2,0.0003268348,0.00027738107,0.7617404,0.0010981354,0.0026330038,0.0019329422,0.004026631,0.20263109,0.003043916,0.0014619138,0.00082326896,0.020004502
syn-0324,1,0,1,7,7,0.0002657402,0.00011884637,0.0005982703,0.000115189854,0.0025622277,0.0006589992,0.00028122633,0.9897181,0.0011111182,0.000282327,0.00025506123,0.004032919
syn-0335,1,0,1,3,11,0.0017206396,0.02213995,0.0006237833,0.00036777914,0.0010184502,0.00072714314,0.0007299891,0.00028033863,0.0004949009,0.0021166813,0.0060409144,0.9637396
syn-0343,1,0,1,8,8,0.00015272528,0.000101241414,0.00016765403,0.00010693224,0.00030979663,3.226404e-05,0.00018712292,0.00033987145,0.99828786,0.00018822255,2.0348674e-05,0.00010599653
syn-0346,1,0,1,6,6,6.3325795e-05,6.8471505e-05,0.0005259657,0.0006995186,0.00028463916,0.00026896512,0.9968496,5.0784416e-05,0.00031862516,0.00011842375,0.00060652936,0.00014523757
syn-0348,1,0,1,9,9,0.00015049514,0.00069741317,0.00024836694,0.0005332911,0.00019561291,3.6026082e-05,7.206746e-05,5.612619e-05,0.0004578775,0.99725205,0.0001315208,0.0001692062
syn-0349,1,0,1,5,5,0.00042088924,0.00057126355,2.7276938e-05,0.00012612728,0.0009776416,0.99639696,0.00037866685,0.00046378252,4.3844575e-05,8.4926294e-05,0.00012600416,0.00038266307
syn-0350,1,0,1,2,2,3.2947868e-05,4.5833014e-05,0.99583095,0.00074934104,5.3899115e-05,0.00011189745,0.0015431889,0.00038394256,0.00044767046,0.00022681296,0.00027559983,0.000297849
syn-0351,1,0,1,11,11,0.00043145914,0.00023452302,0.000278503,3.234944e-05,0.00037669306,0.00026445492,0.00021902686,0.0004928019,0.00020726922,0.00014024538,0.00029473283,0.99702805
syn-0354,1,0,1,8,8,0.00023406907,0.00011781231,0.00020001446,9.0329835e-05,0.00014294389,2.9845854e-05,0.00014280435,0.00026692398,0.99850523,0.00013881683,1.8786814e-05,0.00011241729
syn-0356,1,0,1,8,8,0.000120955156,0.00011023853,0.00026763103,9.438413e-05,0.00016181206,2.5778e-05,0.00014994426,0.00030515957,0.9984652,0.00017945979,1.8208075e-05,0.00010135833
syn-0357,1,0,1,3,3,0.0001503632,0.00012188679,0.00016369658,0.9973513,0.00019288172,0.00020957566,0.00066028256,0.00010662347,0.00015850531,0.00050204067,0.00033901416,4.388657e-05
syn-0367,1,0,1,4,4,0.0005527864,8.8710825e-05,2.0825186e-05,0.00030127942,0.996051,0.0006166778,0.0006018045,0.00036751662,0.0007174576,0.0002159464,0.00020625885,0.0002597191
syn-0372,1,0,1,1,1,0.00066727627,0.9966593,7.562872e-05,0.00013482277,6.100723e-05,0.0006428895,0.00019828459,3.3169057e-05,0.00015307289,0.0005589613,0.00024544733,0.00057019456
syn-0378,1,0,1,2,2,2.8228427e-05,3.5130844e-05,0.9974784,0.00021467776,2.7253265e-05,7.159274e-05,0.0004638893,0.0007326567,0.00035903518,0.000106117644,0.00013014508,0.00035295147
syn-0380,1,0,1,4,5,0.0011102362,0.0004210703,2.450923e-05,0.00023390363,0.042532943,0.95303714,0.0006863071,0.0009627812,8.98263e-05,0.000110920686,0.00023253709,0.0005578275
syn-0381,1,0,1,8,8,0.00059515564,0.00023592875,0.00014393895,0.00012251783,0.0008465581,4.368507e-05,0.00024058203,0.00046486757,0.9966577,0.00026682066,4.0402083e-05,0.00034193601
syn-0408,1,0,1,4,4,0.022419441,0.0010671662,5.492481e-05,0.0006536209,0.9495824,0.0038586427,0.0014151467,0.0010212847,0.017223189,0.00058247906,0.0002975012,0.0018241963
syn-0415,1,0,1,1,1,0.015543845,0.9616636,0.00014065947,0.00012340634,0.00016348682,0.0006056503,0.00020465832,0.00010072132,0.00046436823,0.0010988351,0.0005460918,0.019344626
syn-0423,1,0,1,9,9,0.00013806796,0.00059889856,0.00028040705,0.00083224993,0.00021657597,4.5441146e-05,9.188333e-05,6.458489e-05,0.00036634522,0.99700564,0.00020187101,0.00015814118
syn-0426,1,0,1,10,10,5.7300087e-05,0.00014596408,0.00024159598,0.00033958387,0.00029113595,0.000118610034,0.0008494518,5.2632884e-05,4.1392792e-05,0.00012405972,0.9974432,0.00029499957
syn-0428,1,0,1,8,1,0.0009611201,0.99692947,6.296087e-05,7.850926e-05,3.7157646e-05,0.00038880194,0.0001152387,2.8212891e-05,0.00012969294,0.0004664013,0.00020195416,0.0006003533
syn-0433,1,0,1,5,5,0.00081739743,0.00055905204,0.00013673428,0.00032418704,0.0046308716,0.9645024,0.00071434054,0.026312651,0.00026356222,0.00023395968,0.00029003236,0.0012148377
syn-0435,1,0,1,10,10,7.187611e-05,0.00019624003,0.00024149723,0.00028825918,0.00028413677,0.00012143244,0.0006367267,5.8491958e-05,4.5821285e-05,0.00014618966,0.9975224,0.0003868076
syn-0443,1,0,1,7,7,7.246002e-05,2.6734764e-05,0.00074552576,5.919793e-05,0.00016521601,0.00028456305,8.55457e-05,0.9978003,0.00029767398,8.646959e-05,3.829578e-05,0.00033797856
syn-0447,1,0,1,7,7,9.9420155e-05,4.0208623e-05,0.00060295657,6.826371e-05,0.00014479682,0.0003771824,9.5424875e-05,0.99771416,0.00031933,0.00011004809,4.9264636e-05,0.00037888985
syn-0457,1,0,1,9,9,0.00015655065,0.0007416828,0.00029218968,0.00093814736,0.00024556828,5.479369e-05,0.000101175465,6.9401125e-05,0.0003047206,0.99666375,0.00025065636,0.0001812476
syn-0458,1,0,1,6,6,6.1020484e-05,6.7017885e-05,0.0005543934,0.0006219532,0.00027042074,0.00025904723,0.99687576,4.9900835e-05,0.00029040256,0.00011636332,0.0006881033,0.00014566752
syn-0464,1,0,1,4,4,0.0007320108,8.9937545e-05,1.9186245e-05,0.00033123442,0.9961125,0.00084786554,0.00051002874,0.0002524825,0.00046825726,0.00021261162,0.00021386103,0.0002099295
syn-0469,1,0,1,9,9,0.0002044966,0.0008895949,0.0001899614,0.00048754335,0.0002082247,3.7314403e-05,5.95119e-05,5.893356e-05,0.00032069886,0.99723214,0.00012330883,0.00018829913
syn-0472,1,0,1,8,8,0.00018615945,0.00011943305,0.0002164766,9.5313364e-05,0.00015969781,2.3981609e-05,0.0001332372,0.00026516794,0.99849653,0.0001873449,1.9998288e-05,9.662542e-05
syn-0486,1,0,1,1,1,0.0008354967,0.99699295,7.010534e-05,0.00010627336,4.0573857e-05,0.00043947037,0.00015937949,2.9511046e-05,0.00015237828,0.00044863074,0.0002481812,0.0004770406
syn-0491,1,0,1,10,10,6.588982e-05,0.00018651495,0.00024636928,0.00039703315,0.00021710189,0.00013639065,0.000781814,5.2225045e-05,4.3296084e-05,0.0001340141,0.99747664,0.0002626432
syn-0499,1,0,1,11,11,0.00027856787,0.00031635308,0.00031689418,3.0996085e-05,0.0002665912,0.00011963516,0.00020470218,0.00032180597,0.00020231734,0.0001997651,0.00048196886,0.99726033
syn-0006,1,0,2,7,9,0.0007443962,0.0030235432,0.0066916663,0.00090230827,0.00080567057,0.00045726757,0.000673163,0.0032708265,0.003213834,0.95718604,0.01963432,0.0033969723
syn-0013,1,0,2,6,6,6.223512e-05,0.0001435749,0.00017267777,0.0006409104,0.00022237317,0.00021343693,0.99705386,3.963639e-05,0.000431365,0.00019433652,0.00076767826,5.7783353e-05
syn-0016,1,0,2,9,9,0.00010640188,0.00041847114,0.00036714194,0.00016399573,0.00019723793,3.9257906e-05,0.00010113355,0.00010619426,0.0005551842,0.99722433,0.000244629,0.0004761621
syn-0018,1,0,2,3,6,7.878786e-05,0.00017548265,0.00015335792,0.0010416341,0.0003553512,0.00031574743,0.9965668,4.844508e-05,0.00045873728,0.00022598529,0.0005126338,6.699711e-05
syn-0025,1,0,2,8,8,9.5765e-05,0.00015967297,0.00011272861,4.4884153e-05,8.476027e-05,7.915972e-05,0.00042931503,0.00033068127,0.9983412,0.00011305935,5.4034983e-05,0.00015468479
syn-0026,1,0,2,10,10,6.079534e-05,0.0003214353,0.0002423361,0.00040921933,0.00028512374,0.00022064954,0.00086188724,8.366737e-05,6.346458e-05,0.0001930186,0.9970849,0.0001735284
syn-0032,1,0,2,4,6,0.00012218043,0.00068047026,0.00011567811,0.002290229,0.0037092497,0.00064804225,0.9900383,7.352948e-05,0.0007654469,0.00036369628,0.0010345577,0.00015873206
syn-0033,1,0,2,5,5,0.00023466651,0.0007625227,3.685868e-05,0.00019616698,0.0006328387,0.99666435,0.00031624123,0.0005422959,7.445659e-05,0.00013829055,0.00016615991,0.00023512529
syn-0038,1,0,2,5,5,0.0024790473,0.0061327056,0.00044926896,0.21190041,0.032054726,0.7281386,0.006705925,0.0038810917,0.0006536825,0.0024098246,0.0033950806,0.0017995952
syn-0040,1,0,2,4,4,0.00038576536,0.00044662246,1.683388e-05,0.0019447817,0.99422765,0.0013824279,0.0005041165,4.4178454e-05,6.465701e-05,0.00019549637,0.00036045178,0.0004270033
syn-0045,1,0,2,9,9,8.866207e-05,0.0005370556,0.00024100849,0.00028025813,0.00022662773,4.03553e-05,0.00012225649,6.324029e-05,0.00017840405,0.9974498,0.00037694443,0.00039537207
syn-0049,1,0,2,8,8,0.00010655747,0.00025462153,0.00012543282,4.79355e-05,0.00012098149,5.6702884e-05,0.0007317524,0.00025599278,0.9977077,0.00027051434,8.671525e-05,0.0002350269
syn-0050,1,0,2,4,4,0.00074094266,0.0007298116,3.6087644e-05,0.010703578,0.9834688,0.0012943768,0.000559566,9.25137e-05,0.00010081572,0.0005450047,0.0011523672,0.000576202
syn-0053,1,0,2,10,10,3.6184694e-05,0.00018674601,0.00028520587,0.00036951774,9.07908e-05,0.0001261737,0.00083489675,5.9542064e-05,4.246976e-05,0.0001539134,0.9977375,7.690281e-05
syn-0059,1,0,2,3,3,0.00013337217,0.00010800808,0.00016277393,0.99755776,0.00032865186,0.00016341101,0.000526243,0.00016598435,9.485251e-05,0.00022720627,0.0004694235,6.2266576e-05
syn-0077,1,0,2,2,2,3.4870794e-05,2.3594761e-05,0.99786013,0.00022424375,2.4486797e-05,9.0007394e-05,0.0001881419,0.0004837327,0.00019157186,0.0001740878,0.00043499356,0.00027009367
syn-0079,1,0,2,1,1,0.00019920645,0.9973894,3.9264403e-05,0.00011406,0.0001835176,0.00055036246,0.00026779994,4.4929024e-05,0.0001308982,0.00036702346,0.00031492978,0.0003986921
syn-0083,1,0,2,0,0,0.9962219,0.00030074315,0.00023216945,0.00019839121,0.00060418976,0.00043163687,0.00028018662,0.0003693789,0.00025005636,0.00026103514,0.00013280392,0.0007172742
syn-0085,1,0,2,3,1,0.0010421636,0.9336956,0.00023413319,0.01804487,0.012174051,0.0022607872,0.00790442,0.00020541466,0.00034066176,0.0033526663,0.015548057,0.00519715
syn-0090,1,0,2,5,5,0.0003352914,0.00092418847,1.7891682e-05,0.00016549573,0.0028266173,0.99462116,0.00025075406,0.0002985057,6.9938564e-05,9.7194956e-05,0.000118737364,0.00027432578
syn-0091,1,0,2,4,4,0.0010432098,0.00064364506,5.13082e-05,0.036613166,0.9572645,0.0017026238,0.00064679555,0.0001682331,0.0001728967,0.00065826555,0.00047182146,0.00056359445
syn-0095,1,0,2,11,11,0.00044307078,0.0005490743,0.0002795777,5.7553436e-05,0.00033756456,0.0001217217,8.148103e-05,0.00032210638,0.00025085668,0.00046122717,0.0001223175,0.9969735
syn-0100,1,0,2,2,2,4.230424e-05,2.5558786e-05,0.9977387,0.00024469543,2.9075252e-05,9.990926e-05,0.0002348048,0.00044300506,0.00021737111,0.00016082819,0.0004550356,0.0003086451
syn-0101,1,0,2,3,3,0.00015380705,0.00010602009,0.00018698182,0.9975351,0.00036555677,0.00016842982,0.00045736498,0.00017462697,9.059527e-05,0.00024232717,0.00045405506,6.5126e-05
syn-0103,1,0,2,11,11,0.00058927096,0.0007922734,0.00034658366,8.831737e-05,0.00061581924,0.000100370315,0.000112959635,0.00029862797,0.00023960308,0.0010486952,0.00025307128,0.99551445
syn-0107,1,0,2,10,10,3.2441425e-05,0.00016307042,0.00028052495,0.00040291404,8.123977e-05,0.00011797252,0.0007052397,5.550902e-05,4.1170308e-05,0.00014147066,0.9979121,6.630596e-05
syn-0128,1,0,2,2,2,3.8824237e-05,2.5263416e-05,0.99783343,0.00020642624,2.5711424e-05,8.723582e-05,0.00017613519,0.00046712346,0.00021433513,0.00018154894,0.0004345043,0.00030950445
syn-0149,1,0,2,8,8,7.9167774e-05,0.00014747221,0.00011826602,3.9924853e-05,6.666595e-05,5.7245594e-05,0.00044013635,0.00028308274,0.9984428,0.00013678965,5.16666e-05,0.00013678965
syn-0158,1,0,2,1,1,0.00020285977,0.99749583,3.7033813e-05,9.795299e-05,0.00019729164,0.00055823673,0.00023658879,4.3978744e-05,0.00012676058,0.00024733832,0.00029922236,0.00045676113
syn-0163,1,0,2,4,4,0.0007495125,0.0006094982,2.5465966e-05,0.00060830894,0.99411535,0.0013573575,0.0008766969,7.6773424e-05,0.00047052396,0.00032896016,0.00017850356,0.00060298585
syn-0166,1,0,2,5,5,0.0003184643,0.0009257915,2.4980618e-05,0.00017561526,0.0010736749,0.9963464,0.00027872054,0.00030210544,6.304707e-05,0.00011283344,0.00012356076,0.0002547712
syn-0171,1,0,2,6,6,7.693533e-05,0.00016820639,0.00018169695,0.00064362143,0.0003622308,0.0002319405,0.9962119,5.0554067e-05,0.0010399929,0.00024330906,0.00071745313,7.227406e-05
syn-0177,1,0,2,8,8,9.746813e-05,0.00013064638,0.00014250945,4.3082604e-05,6.6467495e-05,6.0107042e-05,0.00037624236,0.00035539386,0.9983912,0.00010621475,5.2069132e-05,0.00017857242
syn-0179,1,0,2,1,1,0.00020375487,0.99750394,3.617622e-05,9.228904e-05,0.00020645888,0.0005389236,0.00022476651,4.449751e-05,0.00011474347,0.00021647272,0.00027727868,0.0005407275
syn-0181,1,0,2,10,10,0.00041106468,0.0020602178,0.0016872579,0.0016823222,0.0017493381,0.00041186833,0.0718843,0.00063418737,0.016181149,0.0022826814,0.9000061,0.0010094775
syn-0191,1,0,2,4,3,0.00026965077,0.0009758028,0.0001224944,0.9324448,0.041129112,0.0008511103,0.007705324,0.00022051283,0.00020077919,0.0010811706,0.014636423,0.00036285477
syn-0192,1,0,2,5,5,0.00031115377,0.001085503,4.149773e-05,0.00022565291,0.00062228757,0.99607337,0.0003222873,0.00058494206,8.819453e-05,0.0001578391,0.0001793799,0.0003079795
syn-0194,1,0,2,1,1,0.00078647793,0.9444755,0.00024009659,0.00019481625,0.00056980783,0.0014423225,0.0012051056,0.0004999158,0.04469441,0.001849268,0.0005013825,0.0035409215
syn-0196,1,0,2,4,4,0.38223046,0.00086773676,0.00026464477,0.0019008719,0.60368645,0.0030264813,0.0007916279,0.00046719547,0.00044319654,0.0016816142,0.0003754021,0.004264377
syn-0197,1,0,2,11,11,0.0048771445,0.010375452,0.00017336533,0.0002454412,0.014320733,0.0003585125,0.0002880729,0.0003341704,0.00043626624,0.0010713664,0.00013214724,0.9673873
syn-0203,1,0,2,8,8,8.468311e-05,0.00012812145,0.00015697768,4.3421187e-05,5.9176098e-05,5.382786e-05,0.00040399437,0.00034057652,0.99840695,0.00012837195,5.6853554e-05,0.00013705215
syn-0208,1,0,2,8,8,9.7758275e-05,0.00015867734,0.00011208041,4.1677387e-05,7.47346e-05,6.905074e-05,0.0003737407,0.0003097663,0.99843377,0.000115977506,4.5064004e-05,0.00016776042
syn-0210,1,0,2,0,0,0.9949167,0.00014159805,0.00013121282,0.00023051065,0.0026098678,0.0004344523,0.00020967747,0.00020184186,0.00013393148,0.00024027906,8.356699e-05,0.0006664146
syn-0224,1,0,2,8,8,0.00012220438,0.0001837194,0.0001010146,5.3596083e-05,0.000121727935,8.8884284e-05,0.0006228058,0.00034617848,0.99799865,0.000110834546,6.6053195e-05,0.00018434842
syn-0239,1,0,2,6,6,5.6886176e-05,0.00013699694,0.00018872124,0.0006369567,0.00020306236,0.00021125459,0.9970305,4.2772528e-05,0.00044766293,0.00018043113,0.00080784695,5.6775178e-05
syn-0242,1,0,2,0,0,0.9963217,0.0002561369,0.00016937885,0.00020956388,0.0010884277,0.0003472036,0.00022005042,0.00023607964,0.00021224131,0.00026895397,0.00010547829,0.00056480675
syn-0243,1,0,2,10,10,4.229004e-05,0.0003783099,0.0003170946,0.00025318045,9.0318346e-05,0.00017623136,0.0008945398,8.77107e-05,5.430149e-05,0.00020493167,0.9974038,9.72767e-05
syn-0250,1,0,2,11,11,0.00048509194,0.0004959897,0.00022687284,5.50304e-05,0.00040622582,0.00011247483,8.285279e-05,0.00027946744,0.0002324799,0.0004597526,9.6770185e-05,0.99706703
syn-0260,1,0,2,11,11,0.0012489195,0.0009098335,0.00023711259,0.000106146916,0.0035634912,0.00022914507,0.00017381442,0.00029051641,0.00029509136,0.00070203573,0.00031938162,0.99192446
syn-0262,1,0,2,10,10,3.8897288e-05,0.00020550602,0.00029080219,0.00032986412,9.2493225e-05,0.0001279135,0.0007966821,5.759885e-05,4.494573e-05,0.00016887963,0.9977602,8.621317e-05
syn-0265,1,0,2,3,3,0.00014892407,0.00011666376,0.00014099847,0.9974994,0.00039255424,0.00017124324,0.0006169718,0.00014321887,9.766679e-05,0.00024398064,0.0003686806,5.964423e-05
syn-0271,1,0,2,2,2,4.3119875e-05,3.7904807e-05,0.99535936,0.0003217419,2.9693769e-05,0.00010609923,0.0001880373,0.0006392747,0.0002315158,0.0005033368,0.0021540755,0.00038582753
syn-0274,1,0,2,9,9,0.00010577929,0.00044736348,0.0003391335,0.00023036731,0.00028516102,5.241571e-05,0.00016722873,8.872782e-05,0.00028852242,0.9972153,0.0004082749,0.0003716478
syn-0279,1,0,2,0,0,0.9958423,0.00023276191,0.00014969648,0.00021338584,0.001718212,0.00043912395,0.00021994454,0.00018941898,0.00017416045,0.00022960125,9.10619e-05,0.00050027244
syn-0280,1,0,2,0,0,0.995194,0.00025151178,0.00013822145,0.00019416354,0.0022351425,0.00046942724,0.00020407866,0.00018257799,0.00017218743,0.00022700017,8.229435e-05,0.00064939243
syn-0282,1,0,2,7,7,0.00017703189,0.00010643568,0.00050564995,8.789426e-05,3.530502e-05,0.001496816,8.224711e-05,0.99656737,0.00030246767,0.00015915594,0.00012813542,0.00035146877
syn-0286,1,0,2,8,8,9.78373e-05,0.00017037353,0.00010599416,4.777531e-05,9.55709e-05,6.0393646e-05,0.00051275594,0.0002561359,0.99826556,0.00014976795,6.0570845e-05,0.00017742017
syn-0288,1,0,2,9,9,8.921842e-05,0.00041138515,0.00026069552,0.00016457927,0.00017476651,3.45989e-05,8.93056e-05,7.728755e-05,0.00022374817,0.99784493,0.00021622973,0.00041332308
syn-0295,1,0,2,10,10,9.507117e-05,0.001143314,0.00016426825,0.004786578,0.0021178175,0.00065895874,0.0028820203,8.4393054e-05,7.897086e-05,0.000504748,0.98724407,0.00023971013
syn-0298,1,0,2,7,7,0.0001710451,0.00010143989,0.000460167,7.76249e-05,2.952069e-05,0.00079477584,7.7096076e-05,0.9973188,0.00035199148,0.00015573835,0.00010568701,0.00035614063
syn-0305,1,0,2,1,1,0.00020712956,0.9973297,4.2286898e-05,8.1033926e-05,0.00018767499,0.00038574275,0.00017171643,4.8104877e-05,0.00011316561,0.000333914,0.00026247633,0.000837004
syn-0318,1,0,2,11,11,0.0006779546,0.0010097488,0.00029493173,8.981743e-05,0.00092433806,9.3760886e-05,0.000107497384,0.00028979266,0.0002059961,0.0013217923,0.00020220912,0.99478215
syn-0326,1,0,2,1,1,0.00074945437,0.9515332,0.00043758002,0.00019398541,0.00031180948,0.00047359907,0.00031180948,0.00030280693,0.0006652779,0.0034485622,0.0012087872,0.040363193
syn-0328,1,0,2,10,10,4.280265e-05,0.0002633528,0.0002354923,0.00044227295,0.00014607777,0.00016129906,0.00057325274,5.9251754e-05,4.3561693e-05,0.00018547288,0.99773264,0.00011454583
syn-0332,1,0,2,6,6,6.259654e-05,0.00011983599,0.00019356555,0.0008523849,0.00021923144,0.00021784424,0.99698526,4.3956232e-05,0.0004362067,0.00020544669,0.0006079277,5.5674514e-05
syn-0338,1,0,2,8,8,0.00027949992,0.0003912817,0.00012635012,9.2982955e-05,0.0006112296,9.61221e-05,0.0007784416,0.00042639466,0.9962096,0.00032107474,0.00013555388,0.0005314346
syn-0355,1,0,2,5,5,0.0002481443,0.00071475003,4.2081007e-05,0.00015377566,0.0006025599,0.9963581,0.0002531621,0.00090767414,7.6198856e-05,0.00013425657,0.000177514,0.0003318018
syn-0366,1,0,2,9,9,0.000103519626,0.0005899971,0.00026694077,0.00045441426,0.0002746087,4.725609e-05,0.00014886538,6.9839974e-05,0.00013620693,0.9971064,0.0003611426,0.00044064852
syn-0369,1,0,2,6,6,6.432515e-05,0.00015102816,0.00016108293,0.0008659301,0.00024430643,0.0002938277,0.99688244,4.543553e-05,0.00045143752,0.00019392397,0.00059056707,5.566877e-05
syn-0370,1,0,2,9,9,8.57107e-05,0.0004419676,0.00025902764,0.00024620228,0.00019734672,3.829478e-05,0.00010099189,7.446675e-05,0.00016296832,0.9977743,0.0002500794,0.00036855714
syn-0391,1,0,2,0,0,0.9966059,0.00021754879,0.00017600441,0.00019846766,0.0008746122,0.00046156385,0.00024531432,0.0002768938,0.00017108985,0.00021085552,9.8056924e-05,0.0004637099
syn-0392,1,0,2,1,1,0.00021637845,0.99755657,4.1559524e-05,8.849854e-05,0.00016357047,0.00048562643,0.0001927331,4.820989e-05,0.00013640158,0.0002835921,0.0002449496,0.00054181326
syn-0396,1,0,2,3,3,0.00022406882,0.00017604546,0.00061445904,0.99586535,0.000270807,0.0002573984,0.0006548073,0.00033702477,0.00017314697,0.0005061812,0.00081433664,0.0001063607
syn-0407,1,0,2,6,6,8.19855e-05,0.00016954269,0.00019802201,0.0021020805,0.00034821892,0.0002943774,0.9953395,5.2933818e-05,0.0004722549,0.00029886718,0.0005750979,6.7045425e-05
syn-0411,1,0,2,2,2,3.9279996e-05,2.5262201e-05,0.99778545,0.00022504963,2.4870546e-05,9.561827e-05,0.00017977598,0.0004913136,0.00021621685,0.00019268322,0.00043241988,0.00029216165
syn-0414,1,0,2,5,4,0.000989376,0.0007442719,3.0779825e-05,0.0015760084,0.9339443,0.060408846,0.00067568483,0.0001535892,0.00014400216,0.0002762194,0.000305747,0.0007512089
syn-0420,1,0,2,2,2,4.3731194e-05,2.6317897e-05,0.99771,0.0002105744,2.6942009e-05,9.150037e-05,0.0002115018,0.00048389612,0.000279102,0.00017237006,0.0004340795,0.00030991982
syn-0430,1,0,2,1,1,0.0002822485,0.994286,6.365833e-05,0.00010977712,0.00014614289,0.002949726,0.00031196332,0.0001143733,0.00017870864,0.00031610337,0.00037888077,0.0008624105
syn-0431,1,0,2,3,3,0.0001571534,0.00010602422,0.00013828166,0.99757403,0.00041429678,0.0001489352,0.00057716353,0.00014777617,9.347472e-05,0.00023834665,0.0003441776,6.0351813e-05
syn-0432,1,0,2,6,6,6.548359e-05,0.00013822321,0.0001970312,0.0006098136,0.0001964548,0.00023512561,0.99715245,4.625379e-05,0.00047473496,0.00019511642,0.00063134456,5.7902045e-05
syn-0477,1,0,2,7,5,0.0006712011,0.001959569,0.0003783526,0.0003097084,0.0005969785,0.93411046,0.0004722489,0.05844641,0.00039535016,0.0004997694,0.00096286053,0.0011971296
syn-0485,1,0,2,10,10,6.5403205e-05,0.00074367307,0.00018023168,0.00040388404,0.00022772295,0.00015781612,0.0016253231,5.8856513e-05,0.00012207001,0.00030823553,0.99592835,0.00017848017
syn-0488,1,0,2,10,10,3.064107e-05,0.00018460891,0.00019000459,0.00046422007,0.00012285601,0.00010831423,0.0011187838,4.2874566e-05,4.458249e-05,0.000161965,0.9974589,7.222333e-05
syn-0489,1,0,2,11,11,0.00087154214,0.0015802553,0.00033010927,9.430122e-05,0.00062445225,0.00031653428,0.00014806715,0.00035588906,0.00021396876,0.00040307827,0.00039220593,0.9946696
syn-0498,1,0,2,7,7,0.00014603903,7.756074e-05,0.0006245297,7.576405e-05,2.5702011e-05,0.0006234633,7.4153664e-05,0.9974681,0.0003369085,0.0001411318,0.00010426751,0.00030251936
syn-0003,1,0,3,2,2,2.49215e-05,4.766362e-05,0.9978789,0.00023598726,1.9033483e-05,7.542606e-05,0.00034089538,0.0004336101,0.000270759,0.00020323515,0.00020876709,0.00026070437
syn-0010,1,0,3,9,9,7.274281e-05,0.000168555,0.00027007447,0.0002675151,0.00023898079,3.8974464e-05,0.00011388308,5.550218e-05,0.0003644467,0.99778914,0.00040343034,0.00021674616
syn-0020,1,0,3,6,6,6.860497e-05,6.84711e-05,0.00048804178,0.0006783237,0.00032411527,0.00029181462,0.9968437,4.4035914e-05,0.00024573258,0.00022516678,0.00064591924,7.6087235e-05
syn-0024,1,0,3,2,2,2.4965359e-05,5.072777e-05,0.99768436,0.00026090824,2.1945956e-05,9.348506e-05,0.0003892864,0.00042973197,0.00023640253,0.00025887787,0.0002366335,0.00031264772
syn-0027,1,0,3,4,4,0.0041946056,0.0021623631,2.2032778e-05,0.00074510666,0.98034143,0.010493873,0.0006114134,8.027835e-05,0.00015027291,0.00022470689,0.00044819416,0.000525786
syn-0043,1,0,3,9,9,6.918473e-05,0.00017632467,0.00029687854,0.0002457607,0.00021901142,4.0990595e-05,0.000112078786,5.746829e-05,0.00031242004,0.99744475,0.00075147214,0.0002736309
syn-0044,1,0,3,2,2,2.631586e-05,4.338752e-05,0.99763274,0.00024737229,1.9903087e-05,7.8029414e-05,0.00037017302,0.00061780796,0.00030323488,0.00017320037,0.00021937383,0.00026845455
syn-0052,1,0,3,4,4,0.00072731194,0.00030701078,1.4528347e-05,0.00077797356,0.9953675,0.0010260029,0.00078921265,4.5544042e-05,0.000103339094,0.0002112114,0.0004306354,0.00019977574
syn-0056,1,0,3,8,8,8.032235e-05,0.0004040697,0.00014587172,7.450398e-05,0.0001237997,3.585228e-05,0.00016650939,0.00030625766,0.99827313,0.00022091248,0.00010882693,5.9982664e-05
syn-0057,1,0,3,8,8,0.0010737303,0.011866587,0.0005187152,0.0008720845,0.014013013,0.0003375344,0.0037385481,0.0013800439,0.88448536,0.006121832,0.073746316,0.0018462028
syn-0061,1,0,3,4,4,0.0005821791,0.00069203036,8.585981e-05,0.0029484124,0.9145188,0.0010697462,0.02004712,0.00017548604,0.0004140381,0.0010511065,0.05778211,0.00063318503
syn-0064,1,0,3,6,6,6.668788e-05,0.00010208486,0.00054119143,0.0007533904,0.0008820401,0.0003068596,0.9842473,6.7342306e-05,0.00024947507,0.00035509537,0.012317461,0.0001110287
syn-0070,1,0,3,2,2,2.190801e-05,4.239407e-05,0.99790645,0.00024006152,1.7950779e-05,6.85441e-05,0.00034215554,0.0004217199,0.00029448883,0.00021403706,0.00019814532,0.00023210824
syn-0072,1,0,3,0,0,0.99638915,0.00022983953,0.00016131799,0.0002850639,0.0009337763,0.00046633347,0.00028478567,0.00021019296,8.822249e-05,0.00016385838,0.00010548543,0.0006819988
syn-0074,1,0,3,5,5,0.0037995211,0.076670244,9.744618e-05,0.002232533,0.004863222,0.9070675,0.0005842424,0.00068572187,0.00025925596,0.00039725314,0.00028032254,0.0030627996
syn-0075,1,0,3,7,7,0.00010475575,0.00017968085,0.0006919896,0.00010956888,1.8800021e-05,0.00040650181,7.899661e-05,0.99725753,0.00026607024,0.00011778006,0.00011812562,0.0006502228
syn-0081,1,0,3,10,10,7.424286e-05,0.00026450216,0.00026971902,0.00033846867,0.0010192144,9.025637e-05,0.0006853968,8.6123226e-05,0.0002504256,0.012412785,0.9841456,0.0003633012
syn-0097,1,0,3,10,10,3.187744e-05,0.000110181936,0.00015644725,0.00015553324,0.00032582533,5.5402954e-05,0.00058226625,5.199546e-05,9.6856136e-05,0.0003879558,0.9979526,9.305471e-05
syn-0102,1,0,3,1,1,0.00033355804,0.9972398,7.435421e-05,7.435421e-05,0.00013569406,0.00064091256,0.00010978115,0.00012847256,0.00044710148,0.00011789305,0.00015346149,0.0005445832
syn-0105,1,0,3,4,4,0.0004721507,0.00031055248,1.6873684e-05,0.00089445466,0.99463415,0.0005312422,0.0006651893,5.0474002e-05,0.00011781488,0.000276616,0.001838441,0.0001919809
syn-0120,1,0,3,3,3,0.00045749347,0.0007071971,0.0020664243,0.9281948,0.004171236,0.0007654095,0.017712263,0.0004692582,0.00096662383,0.016142957,0.027974365,0.00037193953
syn-0121,1,0,3,9,9,8.010804e-05,0.00021807544,0.00026836837,0.00021637835,0.00025173972,4.012381e-05,9.4114206e-05,6.178191e-05,0.00043648313,0.9975561,0.00044445405,0.00033220075
syn-0135,1,0,3,0,0,0.9965437,0.0002394997,0.000117925854,0.0002528386,0.0010744119,0.00044369145,0.000257448,0.00015531367,7.733766e-05,0.00014238471,9.383524e-05,0.0006015145
syn-0136,1,0,3,6,6,0.00015983231,0.00055623753,0.00058750395,0.001650917,0.01019241,0.00093974586,0.9148075,0.00013173149,0.00041538398,0.00080067356,0.069448724,0.00030929066
syn-0139,1,0,3,1,1,0.00032791498,0.997267,7.192791e-05,7.701681e-05,0.00013850936,0.00048741535,0.000109249384,0.00012549991,0.0006149109,0.000118473334,0.00016593597,0.0004959984
syn-0147,1,0,3,0,0,0.9960828,0.00043115535,0.00012645745,0.00030648225,0.0011674325,0.0004268611,0.0002463857,0.00014741125,9.714786e-05,0.00021532155,0.000102508435,0.00065002206
syn-0156,1,0,3,6,6,7.34566e-05,7.519857e-05,0.000398365,0.00073225825,0.0003884724,0.00035630827,0.9968143,4.3606684e-05,0.00024405128,0.00022362622,0.00057410524,7.6233744e-05
syn-0159,1,0,3,11,11,0.0010399782,0.0004493687,0.00034749965,5.363014e-05,0.00014635242,0.00019407489,0.00013775416,0.00054855604,6.713602e-05,0.00024401947,8.730573e-05,0.9966844
syn-0160,1,0,3,5,5,0.00025147753,0.0010551474,3.1276933e-05,0.0003612818,0.00043584223,0.99651706,0.0004015657,0.00043113276,4.6677935e-05,7.8247205e-05,8.33751e-05,0.00030691546
syn-0168,1,0,3,1,1,0.00047974763,0.99667126,6.136648e-05,9.104874e-05,0.00033845232,0.0006115502,0.00016136367,8.790342e-05,0.000558968,0.00017670487,0.00022800414,0.00053363154
syn-0169,1,0,3,4,4,0.0034057645,0.0003442033,2.2350698e-05,0.00075914065,0.99254674,0.0014238993,0.0004606951,5.3511914e-05,8.1277816e-05,0.00021666272,0.0004264896,0.00025931132
syn-0172,1,0,3,10,10,3.6050245e-05,0.000109214314,0.00018741984,0.00016046531,0.00031822865,6.969255e-05,0.000601611,6.277778e-05,8.89642e-05,0.00033354148,0.99792093,0.00011115107
syn-0175,1,0,3,11,11,0.0009563279,0.00090168294,0.0003749608,5.349327e-05,0.0002797378,0.00014066101,0.00013861555,0.00038291674,7.1983064e-05,0.00037041146,0.0002449466,0.9960842
syn-0182,1,0,3,6,6,7.106304e-05,7.668753e-05,0.0004286696,0.0005885742,0.00038859664,0.0003657665,0.99688977,4.403795e-05,0.00024063804,0.00020937642,0.0006200289,7.668753e-05
syn-0183,1,0,3,4,4,0.0024980449,0.002513952,4.7165333e-05,0.0018008124,0.6655351,0.32183176,0.0028086272,0.00026000227,0.00023260979,0.00038126812,0.000896049,0.0011946311
syn-0185,1,0,3,7,7,0.00016265662,0.00065921876,0.02109678,0.00027001495,3.9166163e-05,0.00031971265,0.0002451322,0.96805835,0.0020998577,0.0013434142,0.0009568188,0.0047488837
syn-0188,1,0,3,10,10,4.2470707e-05,0.00020231985,0.00017603619,0.00013497162,0.0003804366,7.281174e-05,0.0005764963,7.1682894e-05,0.000105630534,0.00033332483,0.9977597,0.0001440981
syn-0189,1,0,3,10,10,4.3542826e-05,0.00015989642,0.00013596762,0.0001510915,0.00072895794,7.263622e-05,0.00061971677,6.0571412e-05,9.669837e-05,0.0004685726,0.99730057,0.00016178121
syn-0200,1,0,3,5,5,0.0006310736,0.0050271973,0.00013318755,0.0009517584,0.0004316175,0.9845712,0.0004435823,0.0062138243,0.000109771296,0.00015419882,0.00022152765,0.0011109539
syn-0202,1,0,3,10,10,4.1711995e-05,0.00012898487,0.00013543924,0.00015332298,0.0005627523,5.2114596e-05,0.00050846644,5.6020108e-05,0.00013140048,0.0007767397,0.9973131,0.00013987509
syn-0205,1,0,3,2,2,2.1736218e-05,4.6467147e-05,0.9978466,0.00023152838,1.8411292e-05,7.557108e-05,0.00034130074,0.00043148408,0.00026739994,0.00024181175,0.00023678757,0.00024098666
syn-0221,1,0,3,11,11,0.017915724,0.3909918,0.000650036,0.0002598321,0.0018772715,0.0011375113,0.00048637931,0.001068593,0.0011588145,0.001029665,0.001043839,0.58238053
syn-0241,1,0,3,1,1,0.00069268007,0.99630475,6.555584e-05,9.594371e-05,0.00026080204,0.0010324998,0.00013281495,0.00011349178,0.00028601568,0.000119637305,0.00014110493,0.00075474783
syn-0247,1,0,3,3,4,0.0007952114,0.0014107125,0.00022583826,0.011714111,0.8200205,0.0007219302,0.016559927,0.00026248913,0.0007573155,0.00488047,0.14166568,0.0009857983
syn-0249,1,0,3,8,8,0.00012560382,0.0013864475,0.00028416043,0.000106494546,0.00014149626,0.00011458718,0.0002226049,0.003772437,0.9932312,0.00029837977,0.00016835949,0.00014828682
syn-0258,1,0,3,3,4,0.0009922486,0.00044419456,1.21477215e-05,0.0010839342,0.99414825,0.0019791115,0.0005059257,3.928999e-05,9.686453e-05,0.00017000256,0.00035001693,0.00017798727
syn-0273,1,0,3,0,0,0.7744621,0.0011763573,0.00016676149,0.0017415171,0.21506035,0.0028511933,0.00074956595,0.00025727833,0.00019269255,0.00076136994,0.0006064245,0.001974361
syn-0276,1,0,3,6,6,8.867573e-05,0.00014115097,0.0008401004,0.0009791842,0.00077355903,0.00038821087,0.9744941,7.9024016e-05,0.00030860328,0.00056982983,0.021195596,0.00014198045
syn-0289,1,0,3,8,8,0.001924596,0.010435271,0.00022192976,0.00017283906,0.00079143303,0.00015075292,0.00058814307,0.0009343591,0.9834728,0.0003467659,0.00031511788,0.0006459488
syn-0291,1,0,3,1,1,0.0003870402,0.9972698,7.1928116e-05,7.754532e-05,0.00014501528,0.0004829157,0.00011162224,0.00011550341,0.0005026435,0.000120456934,0.0001598915,0.0005556799
syn-0293,1,0,3,0,4,0.37655813,0.009199585,0.0002010737,0.0032026628,0.59939224,0.0027541358,0.0014555856,0.0003786014,0.0018580898,0.0013111652,0.0014886494,0.0022000812
syn-0296,1,0,3,3,3,0.0001801039,0.0001259786,0.00022142346,0.997168,0.0004605294,0.00039666204,0.00055198953,0.00017473324,0.00015345044,0.00029506223,0.00023421261,3.7751826e-05
syn-0297,1,0,3,11,11,0.001323471,0.00037012587,0.0003465147,5.3412892e-05,0.00015440446,0.00019047795,0.0001428008,0.000501108,6.647342e-05,0.00023417754,8.5103864e-05,0.99653196
syn-0299,1,0,3,1,1,0.0004185624,0.99719834,8.189832e-05,7.9533755e-05,0.0001445807,0.00043566135,0.00011161424,0.00012549128,0.0005937907,0.00013306396,0.00015465867,0.00052285235
syn-0301,1,0,3,3,3,0.0001507291,0.00011568093,0.0002163316,0.99685365,0.00042677447,0.000513345,0.0008881724,0.00016522052,0.00014063226,0.00026120065,0.00023095941,3.7446232e-05
syn-0307,1,0,3,3,3,0.00045738326,0.0005838606,0.0003034951,0.9849305,0.007417924,0.00044374418,0.0015161766,0.00015729749,0.0005352577,0.0022895655,0.001237845,0.00012688678
syn-0312,1,0,3,11,11,0.0010306756,0.00043418372,0.00036481686,4.6200443e-05,0.00010041951,0.00013433976,0.00012339753,0.0013279448,9.001546e-05,0.00025730816,8.8360655e-05,0.9960024
syn-0321,1,0,3,9,9,6.967819e-05,0.0001648796,0.0002678875,0.00027828699,0.00023814774,3.8068807e-05,0.0001180645,5.1427673e-05,0.00032289737,0.99771535,0.0005277093,0.00020761476
syn-0329,1,0,3,8,8,7.172223e-05,0.0003857204,0.00015796153,7.270954e-05,9.483112e-05,3.5853507e-05,0.00016757543,0.000318313,0.9983072,0.00024156926,9.0665395e-05,5.5802808e-05
syn-0336,1,0,3,0,0,0.996293,0.0002990075,0.000117666146,0.00023932259,0.0011965376,0.0005618423,0.0002469195,0.00014932612,7.1717455e-05,0.00014658096,9.399504e-05,0.00058397395
syn-0341,1,0,3,8,8,7.969801e-05,0.0005283316,0.00012283743,6.1046936e-05,0.000101736405,3.4344703e-05,0.00016946375,0.00025002356,0.99828243,0.00022351858,9.101798e-05,5.5529617e-05
syn-0352,1,0,3,8,8,8.238959e-05,0.0003883135,0.00016170528,8.583911e-05,0.000121526326,3.7354126e-05,0.00019259319,0.00025180285,0.9982937,0.00022275842,0.00010735139,5.4776207e-05
syn-0364,1,0,3,4,4,0.0011227637,0.0018029534,4.866095e-05,0.0029234476,0.82501596,0.15838236,0.006804276,0.00023534408,0.0002951876,0.00040584468,0.0021280323,0.0008351824
syn-0368,1,0,3,9,9,6.66249e-05,0.00017340355,0.00027784318,0.00025834687,0.0002130818,3.6757854e-05,0.00010730132,5.2243446e-05,0.00036553023,0.99782807,0.00040507453,0.00021569882
syn-0379,1,0,3,3,4,0.0010923262,0.0005159783,3.8375987e-05,0.027171718,0.9653485,0.0012263376,0.0021373658,0.000110827925,0.00026586239,0.00078985235,0.0010811829,0.0002217029
syn-0385,1,0,3,5,4,0.0009874773,0.0006326789,1.7974027e-05,0.0009609591,0.9837077,0.011430106,0.00094976346,7.334526e-05,0.00013864222,0.0002259193,0.0005196657,0.0003557682
syn-0386,1,0,3,10,10,3.654645e-05,9.7898934e-05,0.00026475603,0.00016459156,0.00024177038,6.8344474e-05,0.00060131634,7.476908e-05,9.619309e-05,0.00033066267,0.9979195,0.00010360404
syn-0388,1,0,3,5,5,0.0007505082,0.0036725486,0.000110253444,0.0010612324,0.001413131,0.98504055,0.0005782512,0.005529324,0.00013748088,0.00017345302,0.00026629848,0.0012670318
syn-0401,1,0,3,11,1,0.004990692,0.94365627,0.00024653826,0.00016042551,0.0004756793,0.0020331054,0.00024653826,0.00076310843,0.0008676757,0.00038596994,0.00028045784,0.045893546
syn-0409,1,0,3,10,1,0.00056632946,0.9895409,0.00023174121,0.00015741767,0.0007947624,0.00057806354,0.00030881137,0.00023516084,0.0014927172,0.0008622853,0.0028176773,0.0024142093
syn-0413,1,0,3,9,9,8.387118e-05,0.00023927698,0.0002827644,0.00023362004,0.00024363917,4.254537e-05,9.815114e-05,6.443198e-05,0.00044276507,0.9975635,0.00036289942,0.00034258116
syn-0417,1,0,3,7,7,0.0003008493,0.0010889687,0.00260593,0.00020436152,9.8822784e-05,0.0037101088,0.0002583372,0.98304117,0.00080002006,0.00021458777,0.0008161974,0.006860685
syn-0418,1,0,3,0,0,0.99338067,0.00027065942,0.000102130565,0.00030550166,0.0039041943,0.000538928,0.00025401285,0.0001363622,6.6133915e-05,0.00019609432,0.00011720767,0.00072817865
syn-0440,1,0,3,1,1,0.00043697126,0.99678385,7.68293e-05,8.520854e-05,0.00018233468,0.00057537033,0.000111350164,0.00013966441,0.00076897076,0.00014409782,0.00014021104,0.0005551549
syn-0452,1,0,3,10,10,3.577548e-05,0.000110519555,0.0004843722,0.00029735852,0.00025150378,8.768468e-05,0.0057522184,7.2977666e-05,0.00010711922,0.00045236718,0.9922511,9.6963355e-05
syn-0453,1,0,3,1,1,0.0007618605,0.9892564,0.000119956676,0.00014841632,0.0017916029,0.000716401,0.000260988,0.00017556162,0.0014264737,0.00065292785,0.0015268842,0.003162453
syn-0456,1,0,3,11,3,0.0036447325,0.007944324,0.00036691854,0.6993273,0.2469296,0.025497884,0.007170093,0.00068148924,0.0010411786,0.0024350388,0.0033007902,0.0016605521
syn-0459,1,0,3,5,4,0.002474816,0.0039105793,3.466085e-05,0.002094716,0.8617363,0.12609987,0.0013697296,0.0001826771,0.0002443828,0.00031998273,0.0007751315,0.0007571756
syn-0460,1,0,3,8,8,7.526208e-05,0.0005016733,0.0001731199,9.663843e-05,0.00018573053,3.703977e-05,0.00023013183,0.0002871038,0.9976562,0.0004399238,0.00024306767,7.409526e-05
syn-0461,1,0,3,2,2,2.6064705e-05,5.337695e-05,0.9978083,0.00024477224,2.110784e-05,8.067791e-05,0.0003438804,0.00040930384,0.00029166945,0.00022826424,0.00021224686,0.00028035886
syn-0468,1,0,3,6,6,7.245772e-05,7.549141e-05,0.00041301406,0.0006823596,0.00040810267,0.0003214202,0.99679464,4.7426212e-05,0.00027654087,0.000194286,0.00063610676,7.81926e-05
syn-0476,1,0,3,7,7,0.00012348453,0.00038352952,0.0015377698,0.00024895888,3.26563e-05,0.0033083397,0.00015701639,0.99281865,0.0004651164,0.00015218552,0.0002061927,0.00056599017
syn-0487,1,0,3,6,6,7.857212e-05,8.946967e-05,0.0002592686,0.0009767986,0.0011636644,0.00042537946,0.9957808,4.7101184e-05,0.00025425386,0.00022014586,0.00062032277,8.413109e-05
syn-0490,1,0,3,7,7,9.946792e-05,0.00014757941,0.00071742275,0.00011205343,2.1136619e-05,0.00038522942,7.708836e-05,0.9972191,0.00048697562,0.00011359593,0.00010222527,0.0005180666
syn-0493,1,0,3,8,8,0.00010453391,0.00038678193,0.0001876301,9.753152e-05,0.00013794501,4.4784196e-05,0.00021302841,0.00036299336,0.9980653,0.00022821157,0.0001026122,6.8621994e-05
syn-0008,1,0,4,8,8,0.00020537277,0.00025187383,0.00010822386,0.00010438322,0.00034225942,0.00014351339,0.00032914768,0.00064255466,0.9976004,0.0001265265,8.9283705e-05,5.647574e-05
syn-0014,1,0,4,0,0,0.9952366,0.0003209178,0.00020368915,0.00022546334,0.0014781235,0.00027732464,0.00030998286,0.00027063602,0.00030637142,0.00032740712,0.00015390287,0.00088960474
syn-0019,1,0,4,0,0,0.9875979,0.00058888225,0.00016448766,0.00058888225,0.0076144002,0.00043146702,0.00036068025,0.00019571582,0.00017458397,0.0004188052,0.00023151218,0.0016327184
syn-0022,1,0,4,10,1,0.00045125693,0.98175335,0.00020751035,0.0001652802,0.00029406892,0.0004232961,0.00013648791,0.00010713058,0.00018312725,0.0017260477,0.0004662638,0.014086255
syn-0035,1,0,4,9,9,0.0010360098,0.046121303,0.0053992253,0.032929238,0.0020826033,0.0012793014,0.0020483143,0.0007051187,0.0012326973,0.83120507,0.06869748,0.007263678
syn-0037,1,0,4,8,8,0.00018455318,0.0012841844,8.3673476e-05,7.234268e-05,0.0001575487,0.00011571621,0.00024023304,0.0003522785,0.9971577,0.00018856108,9.225701e-05,7.094344e-05
syn-0039,1,0,4,1,1,0.00022984594,0.99739045,8.6687665e-05,0.000104157625,0.000111091984,0.0003916499,0.00013571455,5.690671e-05,0.0003350777,0.00023633288,0.00019213728,0.0007299142
syn-0041,1,0,4,10,10,9.322714e-05,0.0005574479,0.0007721468,0.0006223337,0.00023073939,0.00022539432,0.0010869096,0.00012892846,0.0001492678,0.0006834999,0.9949319,0.000518205
syn-0046,1,0,4,8,8,0.00049139,0.005011566,9.6854965e-05,7.9670725e-05,0.00029342234,0.00024136266,0.00028411712,0.0006294187,0.99211043,0.0003584569,0.00020166604,0.00020166604
syn-0048,1,0,4,11,11,0.0011417673,0.0011407224,0.00015087743,0.00011693112,0.002525865,0.00040892762,0.0003059737,0.00039731507,0.00012422966,0.00019035481,0.0005227711,0.9929743
syn-0054,1,0,4,5,5,0.00020020097,0.0006053536,2.8757313e-05,0.00018139716,0.0006701165,0.9965126,0.00037093283,0.00054062717,8.644238e-05,0.00018479435,0.00021311283,0.00040570265
syn-0055,1,0,4,3,3,7.840385e-05,0.00015157076,0.0001451959,0.99753726,0.00025247355,0.00020089671,0.000758917,9.184259e-05,9.531482e-05,0.00042761487,0.00021542549,4.502354e-05
syn-0076,1,0,4,5,5,0.0013140385,0.010217793,2.5978688e-05,0.00040439566,0.017654764,0.96580195,0.00090643804,0.000254303,0.00030704774,0.0003462359,0.0004485003,0.0023186298
syn-0080,1,0,4,3,3,7.4510164e-05,0.00014432508,0.00014702798,0.9973814,0.00026532487,0.00017332591,0.000920215,8.143479e-05,9.755992e-05,0.00046320763,0.0002066352,4.4928667e-05
syn-0084,1,0,4,5,5,0.000155113,0.0005549812,3.914218e-05,0.00017287215,0.0005386947,0.9962286,0.00039638512,0.000975093,8.351391e-05,0.00017993423,0.00025925855,0.00041642346
syn-0106,1,0,4,10,10,4.994441e-05,0.00022636325,0.00024595505,0.00020005771,0.00028980587,0.00017078454,0.0025023187,5.6927012e-05,0.000105320105,0.000113434224,0.9957995,0.00023955466
syn-0108,1,0,4,8,10,0.0019344902,0.010973019,0.0052073863,0.0029874316,0.005900742,0.0014319863,0.032369822,0.0039001522,0.23662682,0.003946126,0.69142175,0.0033003332
syn-0109,1,0,4,3,9,0.00019501927,0.0023389873,0.001068777,0.021741228,0.0002320439,0.00016438315,0.00015777726,0.00025835857,0.00032090506,0.97261816,0.00043563705,0.00046874158
syn-0111,1,0,4,3,3,7.6219134e-05,0.00017327875,0.00012952657,0.9966233,0.0003223865,0.00024257899,0.0015550103,7.734384e-05,9.2840055e-05,0.00043471967,0.0002257775,4.7049052e-05
syn-0113,1,0,4,11,11,0.0017957909,0.0006765177,0.00020879343,9.568599e-05,0.0005900243,0.00013117096,0.00021208145,0.00025656962,7.932647e-05,0.00022444056,0.00015837698,0.9955712
syn-0124,1,0,4,6,6,6.790691e-05,0.00010620844,0.00031801013,0.0010570688,0.00027121275,0.00043033907,0.9963839,3.0251453e-05,0.00025440785,0.000105279054,0.00086888456,0.00010641608
syn-0129,1,0,4,11,11,0.0060236747,0.07593496,0.0028067455,0.010849038,0.036827482,0.0018715224,0.004921184,0.0011966027,0.0010335529,0.02396995,0.116923265,0.71764207
syn-0138,1,0,4,4,4,0.0068503376,0.00047676047,2.9282062e-05,0.00056395977,0.9873268,0.0008284069,0.0004215622,0.0001356636,0.0003542983,0.00024421985,0.00029602728,0.0024725625
syn-0140,1,0,4,11,9,0.006841108,0.060647517,0.002811701,0.015642257,0.009866654,0.002356157,0.0010808362,0.0021642437,0.0010871879,0.6381634,0.0014976644,0.25784132
syn-0142,1,0,4,4,3,0.0002394203,0.00039647587,0.000104492894,0.9918451,0.0037967188,0.00073818705,0.0011888713,0.00014479095,0.00016422993,0.0009317899,0.00030088745,0.0001490956
syn-0143,1,0,4,1,1,0.0010124716,0.8397444,0.00048816696,0.00027038238,0.00030578554,0.00096610707,0.00050023175,0.0008111638,0.14997092,0.004032855,0.0006594715,0.0012380857
syn-0145,1,0,4,2,3,0.00065849134,0.00088436797,0.18045425,0.78846395,0.0005480451,0.0014453172,0.0070432457,0.0034637514,0.001511724,0.011694857,0.003018189,0.0008139226
syn-0146,1,0,4,10,10,5.0315946e-05,0.00015959173,0.00019861512,0.00019026165,0.00027940926,0.00016321689,0.0011821148,5.8825306e-05,8.064056e-05,0.00010016298,0.9973463,0.00019044755
syn-0150,1,0,4,3,3,7.214702e-05,0.00015773755,0.00013321805,0.9973786,0.00026623253,0.000195256,0.00096249254,8.255557e-05,9.300119e-05,0.00042122678,0.00019630755,4.1309344e-05
syn-0165,1,0,4,8,8,0.00022172826,0.0007404876,7.177404e-05,0.00013022008,0.00039450207,0.00015923766,0.00047504785,0.0003639651,0.99707913,0.0001614297,0.00013022008,7.233698e-05
syn-0174,1,0,4,10,10,5.2956933e-05,0.00016512223,0.00028838695,0.00019733618,0.00018793208,0.0001698654,0.0007461949,7.460835e-05,7.622861e-05,0.00012361046,0.997721,0.00019666282
syn-0176,1,0,4,10,10,5.388702e-05,0.0001750571,0.00019865646,0.00017514262,0.00029102614,0.00017200681,0.00090477866,6.0409562e-05,7.387091e-05,0.000102760125,0.9975539,0.00023845826
syn-0178,1,0,4,9,9,0.00012129404,0.0017024425,0.00034926637,0.00046431532,9.861136e-05,6.890908e-05,3.891964e-05,0.00013947232,0.00014602306,0.9963856,8.103631e-05,0.00040416815
syn-0187,1,0,4,3,3,7.900014e-05,0.00014333044,0.00014874926,0.99730206,0.00029814342,0.00024345641,0.000953997,9.632152e-05,9.755216e-05,0.00038021567,0.00021411643,4.3204036e-05
syn-0195,1,0,4,4,4,0.0011361629,0.00037670755,1.5232959e-05,0.0008694796,0.9900321,0.005950526,0.000547304,0.00010491483,0.00024923176,0.00018163098,0.0002195171,0.00031721956
syn-0206,1,0,4,8,8,0.00026059747,0.00057731447,0.00018407084,0.00019102992,0.0004584808,0.00014675407,0.0013521637,0.0004854359,0.99552333,0.00015992353,0.00054022233,0.000120716606
syn-0211,1,0,4,0,0,0.9945733,0.00031404058,0.0002096051,0.00028426666,0.0020729527,0.00034659432,0.00028315844,0.00024818405,0.00020315623,0.0003684077,0.00015290178,0.00094346463
syn-0215,1,0,4,10,10,0.000107937005,0.0006734948,0.00033902677,0.00019317161,0.00036265858,0.0002546643,0.0010032901,9.442055e-05,0.00012569917,0.00021278001,0.99592835,0.00070439646
syn-0217,1,0,4,6,6,7.5916876e-05,0.00012443453,0.0002844165,0.0008722231,0.00033105857,0.000511753,0.9965563,2.9845834e-05,0.00029923255,0.00011067435,0.0006872533,0.00011689541
syn-0223,1,0,4,6,6,6.856875e-05,0.000115505856,0.00031752343,0.00082621124,0.00030283508,0.00044073001,0.9963174,3.0249434e-05,0.00025401852,0.000104452796,0.0011017909,0.000120694975
syn-0225,1,0,4,7,7,0.00029733166,0.00022730522,0.0008951767,0.000120485325,9.910853e-05,0.00086098816,0.00012430994,0.9916773,0.0011506933,0.0005736818,0.00019594934,0.0037775862
syn-0228,1,0,4,6,6,6.805199e-05,0.00010981396,0.00033545468,0.002588785,0.00033025397,0.00041161015,0.9946197,3.3820033e-05,0.00026823248,0.00012001957,0.0010155167,9.862905e-05
syn-0229,1,0,4,7,7,0.0008766356,0.0011422324,0.0008715141,0.0006734539,0.00090269814,0.3148591,0.000825133,0.6717846,0.0036132077,0.0017063419,0.00081154756,0.0019335386
syn-0230,1,0,4,9,9,0.000112229005,0.00083945127,0.0005350675,0.00031861977,7.857834e-05,6.394616e-05,4.1045536e-05,0.00035657594,0.0005336976,0.9968328,7.766287e-05,0.00021028655
syn-0232,1,0,4,8,8,0.00018289365,0.00046142517,9.387017e-05,7.751771e-05,0.00016282793,0.00014825651,0.00021319884,0.0005016372,0.99788874,0.00015162416,7.211347e-05,4.583811e-05
syn-0234,1,0,4,4,6,7.329392e-05,0.000109170964,0.0003427352,0.00089595985,0.00028261542,0.0004287333,0.99655116,3.109527e-05,0.00028302972,0.00010695492,0.0007833803,0.00011197838
syn-0236,1,0,4,11,1,0.0068320488,0.93365324,0.00048415601,0.0003867575,0.0010400829,0.00049082085,0.0004646998,0.0004665186,0.0041771126,0.0024563475,0.0007382498,0.0488099
syn-0237,1,0,4,4,0,0.6222205,0.0026649078,0.0003226592,0.0012490172,0.3020638,0.0016627783,0.00091201754,0.00051059725,0.00038466696,0.001625847,0.00080171484,0.06558155
syn-0255,1,0,4,2,2,3.5211408e-05,6.9210415e-05,0.997815,0.00027729745,1.6089502e-05,6.4574226e-05,0.00025916472,0.0005346353,0.00017510293,0.00034145662,0.00025205108,0.00016021341
syn-0264,1,0,4,0,0,0.9950577,0.0002705874,0.0001769364,0.00021594185,0.0019847946,0.00026979583,0.00028551827,0.0002504969,0.00024517256,0.0002925747,0.00014412952,0.0008063223
syn-0270,1,0,4,10,10,5.3247666e-05,0.00019697157,0.00019091138,0.00020632366,0.0003076184,0.00015927893,0.0010695079,5.734999e-05,7.900295e-05,0.00010651793,0.9973375,0.000235629
syn-0294,1,0,4,1,1,0.00019330771,0.9976037,8.954596e-05,0.00012677429,9.0513066e-05,0.000346718,0.000121917634,5.636573e-05,0.00040151313,0.00039173363,0.00014778056,0.0004301827
syn-0300,1,0,4,10,10,5.2439125e-05,0.0001565543,0.0002660479,0.00019256509,0.00021873819,0.0001695237,0.000812711,7.6001015e-05,7.772738e-05,0.000115774594,0.99766076,0.00020121611
syn-0316,1,0,4,0,0,0.98178655,0.0005158725,0.00010383803,0.00027357676,0.01389545,0.000798609,0.00025550014,0.00015496867,0.00019937273,0.0003115205,0.0001555752,0.0015491615
syn-0327,1,0,4,1,1,0.00030814364,0.9951454,0.00010102133,9.2160786e-05,0.00017100603,0.00038311663,0.00019510441,7.2620955e-05,0.002213313,0.00038199584,0.00024257433,0.0006936499
syn-0330,1,0,4,0,0,0.9932935,0.00024141461,0.00014331305,0.00020111939,0.0038924317,0.00032359237,0.00022879009,0.00018455752,0.00020013974,0.00030772042,0.00012634987,0.0008570392
syn-0334,1,0,4,6,6,7.681522e-05,0.00011565163,0.000312232,0.00091412314,0.0002898976,0.00043817298,0.9966011,2.9212768e-05,0.0002999775,0.00011100407,0.00069449504,0.00011724366
syn-0339,1,0,4,7,7,0.00010095208,6.537079e-05,0.00076849276,0.00010065674,3.2424156e-05,0.0005358398,5.2220035e-05,0.9973809,0.00036199245,0.00028465188,7.762974e-05,0.00023876641
syn-0340,1,0,4,9,9,0.0004060588,0.0087159015,0.0026471694,0.0034328343,0.0005249663,0.00035974817,0.00033336316,0.0003686392,0.0005073262,0.9745208,0.005874481,0.002308638
syn-0345,1,0,4,7,7,0.00026311658,0.00026883066,0.0006028683,0.0001516865,0.0001310176,0.008137497,0.000119292876,0.9876325,0.00053073204,0.0005562025,0.00025576956,0.0013503178
syn-0358,1,0,4,2,2,3.5726323e-05,8.019664e-05,0.9967108,0.00022316669,1.4834885e-05,7.231026e-05,0.00019004759,0.001564286,0.00017835893,0.000524418,0.00019135121,0.0002146173
syn-0359,1,0,4,4,4,0.005593166,0.0007963845,1.9399327e-05,0.0006828488,0.98962575,0.000967921,0.00034487018,0.00011011954,0.00057389436,0.00022441131,0.00020432881,0.00085690257
syn-0360,1,0,4,0,0,0.9946919,0.0003341711,0.00018499793,0.00024772933,0.0022526358,0.00030875608,0.00027234328,0.00022446146,0.00023893798,0.00034026327,0.00014966965,0.0007541702
syn-0374,1,0,4,8,8,0.00017918118,0.00041671048,9.196476e-05,7.935603e-05,0.00023199094,0.00013237823,0.0002897059,0.00044169484,0.9978892,8.992216e-05,9.116001e-05,6.669409e-05
syn-0375,1,0,4,8,8,0.00015092132,0.00035064569,9.791909e-05,6.876025e-05,0.00015314836,9.0648835e-05,0.00017303215,0.0005464823,0.9981249,0.00013048404,7.0047994e-05,4.3071108e-05
syn-0383,1,0,4,2,2,3.77716e-05,7.93402e-05,0.9976902,0.00025374827,1.7565424e-05,7.091204e-05,0.00022768069,0.00066139444,0.00018829366,0.00035458116,0.00024012674,0.00017853419
syn-0393,1,0,4,2,2,3.7409634e-05,7.76644e-05,0.9978263,0.00026732922,1.6828943e-05,6.921119e-05,0.0002515621,0.00051831873,0.00018279294,0.00032309105,0.00023770951,0.00019175252
syn-0399,1,0,4,8,8,0.00016509542,0.00026062084,9.611142e-05,8.691426e-05,0.00020237795,0.00011302595,0.00035019036,0.00042880035,0.9980463,0.00010033121,9.416045e-05,5.5951903e-05
syn-0402,1,0,4,1,1,0.00046685935,0.99168503,0.00011296553,9.891592e-05,0.0002961748,0.0008907146,0.0002087924,9.9109304e-05,0.0003904567,0.0002904463,0.00034222935,0.005118206
syn-0403,1,0,4,9,9,0.000109868255,0.00084643206,0.00049850374,0.00040691654,8.802336e-05,6.929303e-05,5.1796822e-05,0.00026562737,0.00028317334,0.99705696,8.382859e-05,0.00023962304
syn-0406,1,0,4,4,4,0.0016140543,0.00024728163,1.90497e-05,0.0009016524,0.9948354,0.00090396666,0.00038299727,7.189281e-05,0.00011680757,0.00015795112,0.00023990773,0.0005091261
syn-0419,1,0,4,1,1,0.0002142642,0.9975032,0.00010406772,0.00011575631,0.00011110454,0.0002462556,0.00011296445,5.012767e-05,0.00025984386,0.00042290243,0.0002082813,0.0006512569
syn-0422,1,0,4,1,1,0.00017411006,0.9975005,9.8818164e-05,0.00013493655,9.301255e-05,0.00034432032,0.00010842458,6.5123735e-05,0.00030171787,0.0005206857,0.00013599488,0.00052227714
syn-0425,1,0,4,5,5,0.0014662344,0.0018716833,4.68338e-05,0.00059676723,0.12686795,0.85521245,0.0013435229,0.0008581752,0.00026950994,0.00032828128,0.0011040731,0.0100345835
syn-0429,1,0,4,2,2,3.3997632e-05,7.4548305e-05,0.99789196,0.00025361372,1.6569122e-05,7.078799e-05,0.00025145587,0.0005167103,0.00014510575,0.00030213117,0.0002528718,0.00019017991
syn-0436,1,0,4,6,6,7.415787e-05,0.00012298416,0.0003429025,0.00085180555,0.00029996238,0.0004544939,0.9965509,3.1034593e-05,0.00028566763,0.00011175985,0.0007625289,0.00011175985
syn-0444,1,0,4,5,5,0.00071522593,0.0018715318,0.00017527366,0.015114044,0.0065386705,0.9223756,0.048693538,0.00081124896,0.0008652584,0.0005769495,0.0016662012,0.00059642753
syn-0445,1,0,4,6,6,7.986343e-05,0.00011586066,0.00030689614,0.00086809776,0.00034963177,0.0004339568,0.99645436,3.1153035e-05,0.00033689494,0.00010831087,0.00077967916,0.00013532263
syn-0454,1,0,4,11,11,0.0007874793,0.00054567074,0.0002128027,0.00010130926,0.0008843066,0.00021073464,0.00025719087,0.00035170992,7.2970324e-05,0.000180427,0.00036093057,0.99603456
syn-0463,1,0,4,11,11,0.00048540247,0.00047485324,0.00033369334,0.000110255525,0.00038108978,0.00021273074,0.00020558252,0.0005674237,7.818287e-05,0.00028375557,0.00019635986,0.99667066
syn-0465,1,0,4,7,7,0.00044673617,0.0005141901,0.0013527276,0.0004849275,0.0003192679,0.057043962,0.00036461544,0.93514097,0.00068989437,0.0012819881,0.0007488733,0.0016119039
syn-0471,1,0,4,5,5,0.0012033205,0.0013303293,6.6152395e-05,0.0004902379,0.022298476,0.9555918,0.0015115144,0.00092849287,0.00012726328,0.00027206028,0.0007949579,0.015385485
syn-0481,1,0,4,9,9,0.000121597375,0.00056213187,0.000768144,0.0004527828,0.0001049259,7.506043e-05,5.8571404e-05,0.00031911742,0.00021154257,0.9969283,0.00010554251,0.0002922672
syn-0492,1,0,4,6,6,7.756875e-05,0.00012002355,0.00033155753,0.0008144255,0.00028193937,0.0004540714,0.99659735,3.0022462e-05,0.00028792155,0.00011610383,0.0007663906,0.0001225104
syn-0497,1,0,4,5,5,0.00018826207,0.0006305392,6.0940954e-05,0.00020940712,0.0005686719,0.99363387,0.00046052458,0.003014751,0.0001594642,0.0002398521,0.0003043882,0.0005292847
syn-0005,1,1,0,11,11,0.00028683408,0.0008552837,6.1971674e-05,0.0019017037,0.00074090954,0.00014578691,0.00029913534,0.00023251228,6.674611e-05,0.00026295683,0.00037191657,0.9947743
syn-0007,1,1,0,6,6,5.2034207e-05,0.00040688962,0.00020579928,0.00011058756,0.00020904015,1.9982765e-05,0.9918926,0.0010904893,0.0011056357,0.00042083184,0.004033893,0.00045214852
syn-0009,1,1,0,8,8,0.00020025008,0.00017415028,0.0001599654,8.4254694e-05,0.00018784218,0.00032878912,0.00022780117,0.000120689285,0.9982181,0.0002143131,3.5571316e-05,4.8053786e-05
syn-0023,1,1,0,1,1,6.166188e-05,0.99756455,4.059712e-05,0.0003073881,0.00054277334,0.00024844476,0.00046404265,0.00013653592,0.00016056473,0.00016549989,3.6320016e-05,0.0002716667
syn-0029,1,1,0,2,2,0.0001866838,0.00010159739,0.9969183,0.0007352907,0.00024901232,0.00050653087,0.00019998933,0.00031324776,0.00021560742,0.00022507372,0.00027644014,7.225471e-05
syn-0034,1,1,0,0,0,0.9953844,0.000109683955,0.00016337376,0.00019175083,0.002025595,0.0004574665,4.362926e-05,5.3247284e-05,0.00013610456,2.4521643e-05,0.000264406,0.0011457268
syn-0042,1,1,0,9,9,2.2225144e-05,0.00021926624,0.0004734575,0.00038841102,0.00016976707,0.00014365796,0.0003606274,0.00075991504,0.00028569796,0.9966568,0.00024785535,0.0002723488
syn-0065,1,1,0,11,11,0.00050184014,0.0004529322,4.5308578e-05,0.0005628582,0.00083500426,6.935773e-05,0.00037439552,0.00015599509,6.085039e-05,0.0001437094,0.00075717736,0.9960406
syn-0071,1,1,0,6,6,2.7413775e-05,0.00048420357,0.00012565078,0.00011407165,0.00011186531,1.6273874e-05,0.99749124,0.00043092255,0.00038552276,0.00016324059,0.00034122088,0.0003084179
syn-0073,1,1,0,11,11,0.00032773812,0.0018878453,5.026027e-05,0.00074436195,0.0011453856,9.6313204e-05,0.00056324725,0.00021853395,6.6454115e-05,0.00016050861,0.00044058939,0.9942987
syn-0082,1,1,0,1,1,4.150057e-05,0.9961416,5.3287793e-05,0.00035123283,0.00047937565,0.00020728727,0.00141034,0.00031285093,0.00016064916,0.00024615973,4.702631e-05,0.00054860144
syn-0087,1,1,0,5,5,0.0008663176,0.0003779121,0.00057484204,0.0003054454,0.002369891,0.9912599,7.975805e-05,0.00078629167,0.0029364442,0.00023904549,9.4530216e-05,0.00010965697
syn-0112,1,1,0,4,0,0.5412632,0.0018213349,0.0019463891,0.0015808586,0.07397086,0.015399505,0.0007555472,0.0013029212,0.35775313,0.00062271114,0.0020437862,0.0015397206
syn-0117,1,1,0,6,6,4.2163192e-05,0.00033834542,0.00013597161,0.00015558804,0.00022048829,2.0508605e-05,0.9905353,0.00054784963,0.00033522095,0.00022527658,0.006832448,0.00061087206
syn-0118,1,1,0,5,5,0.0012391522,0.00028764686,0.00025496545,0.00023835119,0.0011488297,0.99613273,3.453953e-05,0.000110088455,0.00039683108,5.025472e-05,3.838141e-05,6.815551e-05
syn-0123,1,1,0,10,10,0.00024063165,5.2346062e-05,9.8082244e-05,9.656162e-05,0.00037160728,6.604251e-05,0.00040431254,0.00020027142,7.071501e-05,0.00020105526,0.99783725,0.00036118677
syn-0127,1,1,0,11,11,0.00017941465,0.0010419558,7.9614765e-05,0.0039927624,0.0010695335,8.214201e-05,0.00070407655,0.00025624776,5.8475383e-05,0.00042083408,0.00070133165,0.9914136
syn-0130,1,1,0,6,6,0.00018436924,0.0008500208,0.0004354219,0.0002466465,0.0007356317,5.8583675e-05,0.87825346,0.0024470387,0.0012835311,0.0010015692,0.11297357,0.0015301965
syn-0133,1,1,0,2,2,0.0001915592,0.00011987469,0.9963337,0.00061608857,0.00026491677,0.0004939037,0.00024417197,0.00055980287,0.0003266497,0.00041545188,0.00034993098,8.3849634e-05
syn-0134,1,1,0,5,5,0.00045418442,0.00046905963,0.00036468022,0.0004064331,0.00095181575,0.99611557,4.7117017e-05,0.00062604743,0.00032073108,0.00012102456,4.557827e-05,7.7834695e-05
syn-0144,1,1,0,9,9,2.4632607e-05,0.00031356805,0.00045346265,0.00071373436,0.00018505863,0.00015492455,0.00041399273,0.00070959714,0.0003157189,0.99599046,0.00022762599,0.0004973023
syn-0151,1,1,0,10,11,0.0015766817,0.00067613856,0.000257135,0.0010762541,0.00718975,0.0002971189,0.0024384377,0.0009837758,0.00021234131,0.0009259786,0.3158057,0.6685607
syn-0152,1,1,0,3,3,0.00016050847,0.0006633429,0.00081512926,0.99332726,0.0026661886,0.0006543355,0.00023036725,0.00020409409,0.00010526402,0.00032360337,0.0001151592,0.00073461223
syn-0153,1,1,0,4,5,0.00917315,0.00043942273,0.0003084186,0.00048568464,0.004179318,0.98442924,4.9858667e-05,0.0001313601,0.0004737393,6.8683206e-05,7.692155e-05,0.00018416517
syn-0154,1,1,0,1,1,8.617997e-05,0.99737597,5.1309868e-05,0.00025120316,0.0006365166,0.00035046815,0.00040744443,0.0001480357,0.00020174886,0.00018208701,4.8769343e-05,0.00026031866
syn-0155,1,1,0,4,4,0.012321867,0.0015213203,0.00031764284,0.0007604988,0.9769372,0.0007306507,0.00065176084,0.00044446226,0.003324289,0.00046761552,0.001549055,0.00097364315
syn-0162,1,1,0,9,9,2.8698105e-05,0.0002557834,0.00059087906,0.0004180253,0.0001833365,0.00017341008,0.00039135848,0.0007191598,0.0003530454,0.9964051,0.00022794325,0.0002532977
syn-0164,1,1,0,8,8,0.0004947009,0.00018652368,0.00019509373,0.00010768839,0.00020415719,0.0006598325,0.00020326198,0.00012626986,0.99752337,0.00018835413,4.537603e-05,6.525256e-05
syn-0170,1,1,0,6,6,2.4433082e-05,0.00033968478,0.00011576961,9.607016e-05,0.000101272315,1.3813212e-05,0.9976178,0.0004341454,0.00034151418,0.00016615652,0.0004624557,0.0002868125
syn-0173,1,1,0,8,8,6.819464e-05,0.00014550035,0.00012044746,7.132792e-05,9.542145e-05,0.00019266254,0.000252756,0.0001376225,0.9986532,0.00019892395,2.0879592e-05,4.3009823e-05
syn-0190,1,1,0,3,3,0.0001084047,0.0016172917,0.00053228554,0.9934295,0.00096125965,0.0010892499,0.0001735689,0.0002861667,8.76175e-05,0.00043592625,6.837e-05,0.0012104824
syn-0193,1,1,0,11,11,0.00021389168,0.000723233,5.4611e-05,0.00095808425,0.000975612,8.675829e-05,0.00037047509,0.00022724226,6.152084e-05,0.00029580144,0.00075002643,0.9952828
syn-0198,1,1,0,0,0,0.9704515,0.0003391805,0.0002884215,0.00033555643,0.018847026,0.007818341,5.905596e-05,8.5257234e-05,0.0006728961,4.617284e-05,0.00037070236,0.00068583287
syn-0201,1,1,0,0,0,0.99638903,0.000116647745,0.00024948842,0.00018405108,0.0012244327,0.00047616998,5.5641216e-05,7.414582e-05,0.00019803732,2.8032859e-05,0.00026299813,0.00074138783
syn-0204,1,1,0,1,1,9.360248e-05,0.99698836,5.406726e-05,0.00026021746,0.0007106766,0.00035637047,0.0005493359,0.00018871325,0.0002775416,0.00024066183,5.71064e-05,0.00022344696
syn-0209,1,1,0,7,7,7.208893e-05,0.00024316029,0.0005689647,0.00022466699,0.00014690917,0.0006598495,0.0005544294,0.9956027,0.0003874323,0.000650413,0.0006273312,0.0002618939
syn-0222,1,1,0,8,8,6.9944996e-05,0.00015262478,0.00011886431,7.153379e-05,9.078112e-05,0.00022788963,0.0002387097,0.00016885778,0.9986058,0.00018581655,2.1290392e-05,4.7791593e-05
syn-0233,1,1,0,8,8,5.238386e-05,0.0001495925,0.00013754216,7.787328e-05,9.104308e-05,0.00022854727,0.0002490567,0.00017825371,0.99855775,0.00021501501,1.9195815e-05,4.368295e-05
syn-0244,1,1,0,3,3,0.00017100478,0.0009752154,0.0007022498,0.99222696,0.0029321415,0.001037098,0.0001634929,0.0002134433,8.548425e-05,0.0005954099,9.261122e-05,0.00080474035
syn-0248,1,1,0,6,6,2.540318e-05,0.00040171327,0.00010295463,9.1123715e-05,0.00010560219,1.3025456e-05,0.99749196,0.00043840404,0.0002989291,0.00014675735,0.00059268,0.0002914346
syn-0251,1,1,0,10,10,0.0002317646,5.0936793e-05,0.000113561364,9.934059e-05,0.0002575441,6.3329986e-05,0.00039027064,0.00027610222,7.332073e-05,0.00022007413,0.9978897,0.00033393843
syn-0252,1,1,0,8,8,5.5491524e-05,0.00015708037,0.0001285814,7.666708e-05,9.6350064e-05,0.00021538592,0.00025986845,0.00015854443,0.99857223,0.0002154385,2.0038904e-05,4.4371503e-05
syn-0254,1,1,0,7,4,0.0018298008,0.058673054,0.0010264253,0.005565082,0.87320983,0.008984634,0.00443254,0.0036890868,0.003037525,0.012075396,0.001994004,0.025482608
syn-0263,1,1,0,0,0,0.9966794,0.00010469503,0.00020259478,0.0001499687,0.0012380172,0.0005621888,4.368602e-05,5.9362857e-05,0.00030990219,2.4220137e-05,0.00021273262,0.0004132689
syn-0267,1,1,0,4,4,0.00086805236,0.00038741218,7.343519e-05,0.0003058703,0.9965238,0.00040029595,0.000102153994,0.0001066391,7.5470896e-05,7.771466e-05,0.000294009,0.00078520173
syn-0269,1,1,0,10,10,0.00019242727,4.937117e-05,0.00010421302,8.480736e-05,0.00029163112,5.4542277e-05,0.00048476705,0.00022300165,5.9902966e-05,0.00019843866,0.9979208,0.00033603434
syn-0272,1,1,0,3,3,0.00047706347,0.20209187,0.0019109292,0.7109022,0.010812284,0.0026790982,0.004546187,0.0019165359,0.00033895002,0.0016863891,0.0005810955,0.062057313
syn-0278,1,1,0,9,9,2.2093707e-05,0.00025483218,0.00042148284,0.00047342334,0.00018408727,0.00013376358,0.0004004182,0.0006794734,0.00029647784,0.9965849,0.00024256964,0.00030648708
syn-0283,1,1,0,7,7,5.2451935e-05,0.00024467634,0.00040124217,0.0002155048,0.00011501395,0.00040915597,0.00067590293,0.9959573,0.0005238297,0.0005883827,0.0005704193,0.0002461142
syn-0284,1,1,0,0,0,0.9949994,0.00010731106,0.00018415372,0.00017064731,0.0021240572,0.0011753091,4.0571893e-05,6.066818e-05,0.00032021527,2.5044485e-05,0.0002467193,0.0005459027
syn-0303,1,1,0,7,7,8.3829174e-05,0.00029373774,0.0006218428,0.0002617665,0.0001713357,0.0018912476,0.000405828,0.99414706,0.00055768853,0.000776356,0.00047168913,0.0003176062
syn-0308,1,1,0,3,3,7.119815e-05,0.00041495165,0.000680558,0.9968362,0.00044430952,0.00034840216,0.00015982197,0.00018886881,6.833699e-05,0.00032379647,7.3314885e-05,0.00039019188
syn-0310,1,1,0,10,10,0.00017554066,4.7663198e-05,0.00010471779,7.7819655e-05,0.0002462259,6.048775e-05,0.0004069005,0.00033109062,6.962097e-05,0.00022872469,0.9978701,0.00038112944
syn-0311,1,1,0,9,9,0.00014400498,0.005101198,0.00084338704,0.02457528,0.0025650433,0.00047774,0.0045939446,0.0054781334,0.00083193486,0.8790919,0.0021369043,0.07416061
syn-0323,1,1,0,7,7,8.4083105e-05,0.00028031308,0.00041997872,0.00021618651,0.00016721922,0.00062555645,0.0006243359,0.9952128,0.0004185457,0.0006089805,0.00091407634,0.00042784403
syn-0325,1,1,0,4,4,0.0024558068,0.0077769584,0.001331293,0.45271024,0.5190348,0.007793114,0.0007592891,0.00086713524,0.00048169176,0.0013588768,0.00053006917,0.0049006767
syn-0333,1,1,0,5,5,0.0021482804,0.00050357834,0.00031024558,0.00043880014,0.006897586,0.9883286,6.0497296e-05,0.00014654965,0.0009491134,8.1726634e-05,5.8293426e-05,7.662526e-05
syn-0353,1,1,0,7,7,5.6871944e-05,0.0002601634,0.0006001908,0.00025587995,0.00016012558,0.00084125425,0.00051790226,0.9948362,0.00041920526,0.0010191533,0.00062197004,0.0004110971
syn-0363,1,1,0,9,9,0.00015660221,0.0010352319,0.00043197052,0.0015180673,0.001860429,0.00030304008,0.0010822683,0.0019755873,0.0014115439,0.9844148,0.0015716185,0.004238856
syn-0371,1,1,0,6,6,2.515844e-05,0.00040872197,0.0001164451,0.0001108959,0.00010246182,1.4002779e-05,0.9975764,0.00044169114,0.0003291398,0.00016405364,0.00037433257,0.00033661618
syn-0373,1,1,0,11,11,0.00036107475,0.00067071733,4.683377e-05,0.00086852914,0.0008019355,6.3268395e-05,0.00034202568,0.00014898284,5.3800162e-05,0.00019279812,0.0005041255,0.995946
syn-0376,1,1,0,5,5,0.00056450616,0.00056740775,0.0004338799,0.00026756682,0.0007747502,0.99554837,5.9994454e-05,0.00097371376,0.0005397086,0.00012676044,6.398862e-05,7.932465e-05
syn-0377,1,1,0,5,5,0.0005653627,0.00068680296,0.00049143546,0.0011865443,0.0016706423,0.994142,4.6114146e-05,0.0004116134,0.0003427424,0.00022042838,5.38077e-05,0.00018256318
syn-0382,1,1,0,0,0,0.9965989,0.00010623135,0.0001996326,0.00017686469,0.001219916,0.0004342317,4.8541355e-05,5.8666526e-05,0.00015715315,2.4218181e-05,0.00024591223,0.00072969106
syn-0384,1,1,0,1,1,0.00011023673,0.9945563,7.591264e-05,0.00034389124,0.00096966105,0.00042216812,0.0016526736,0.00032179643,0.00075905444,0.00043450706,5.820424e-05,0.00029558552
syn-0397,1,1,0,1,1,6.387435e-05,0.99766004,4.3304044e-05,0.0002848706,0.00053279335,0.00019473972,0.00052464526,0.0001134244,0.00015337631,0.00012604076,3.844026e-05,0.00026449343
syn-0405,1,1,0,8,8,7.6146505e-05,0.00014959807,0.00012359797,7.373169e-05,9.902324e-05,0.00022900262,0.00024122627,0.00015449763,0.99859494,0.00018572382,2.634124e-05,4.605008e-05
syn-0410,1,1,0,10,10,0.00026830862,5.4112417e-05,0.00012218262,9.904317e-05,0.00030559627,7.850278e-05,0.000354671,0.0002761506,8.58823e-05,0.00020632293,0.9978211,0.00032809717
syn-0416,1,1,0,2,2,0.00017048954,0.00010320536,0.99699605,0.0007227114,0.00020305534,0.00038233268,0.00021342454,0.00029805195,0.0002821899,0.00028398682,0.00027740828,6.715701e-05
syn-0421,1,1,0,10,10,0.0001646085,7.107433e-05,8.006725e-05,0.00014813161,0.0007401145,4.9714883e-05,0.00093599217,0.00029908802,7.010922e-05,0.00043052083,0.99510264,0.0019079129
syn-0427,1,1,0,5,5,0.0006075738,0.00037594384,0.00025153553,0.00032726425,0.0019487581,0.9957741,3.777276e-05,0.0001344402,0.0003768628,7.5266966e-05,3.3204386e-05,5.7260087e-05
syn-0437,1,1,0,3,3,7.744502e-05,0.0007071468,0.0004537901,0.99500775,0.0012587801,0.00038795776,0.0002799818,0.00016816723,6.9829235e-05,0.00042546453,9.770866e-05,0.0010660015
syn-0439,1,1,0,6,6,2.5505018e-05,0.0004595992,0.00010832807,9.9019875e-05,0.00010038296,1.3128859e-05,0.99758637,0.0004298078,0.00032230438,0.00017192845,0.00035467412,0.0003289824
syn-0448,1,1,0,4,5,0.00090829626,0.0004508209,0.00032566683,0.00037337883,0.0051745097,0.9918818,5.0138096e-05,0.00017262287,0.00045613505,9.276e-05,4.8406055e-05,6.5520246e-05
syn-0449,1,1,0,11,11,0.00037321914,0.00048133344,6.4006344e-05,0.003157133,0.0006969248,7.6306904e-05,0.0003897957,0.00016601982,5.805123e-05,0.00017828729,0.0004780543,0.993881
syn-0450,1,1,0,10,10,0.00019136762,4.975089e-05,0.00010750488,8.70601e-05,0.00023128469,5.528475e-05,0.0006739996,0.00025032272,6.221904e-05,0.00017238047,0.9977703,0.00034851584
syn-0451,1,1,0,8,8,0.00012712428,0.00022485993,0.00021624568,0.00010105581,0.0001817418,0.0017463486,0.00022851251,0.00035340904,0.99645776,0.00027685266,3.0850395e-05,5.5212025e-05
syn-0455,1,1,0,2,7,0.00027418227,0.0044859922,0.021417156,0.00943445,0.0033928251,0.005928483,0.015333735,0.8994118,0.00201805,0.019429257,0.008989238,0.009884805
syn-0473,1,1,0,10,10,0.00021196585,5.0150018e-05,0.000107839485,9.1343616e-05,0.00027950958,5.8918296e-05,0.0004823012,0.00021175896,6.9558446e-05,0.00018560351,0.997948,0.0003031086
syn-0474,1,1,0,0,0,0.9955317,0.00011919476,0.00016228475,0.00020355069,0.0022844574,0.00059212936,3.903848e-05,4.3721026e-05,0.00017325809,2.2330518e-05,0.0002442138,0.0005841602
syn-0478,1,1,0,2,2,0.0023722341,0.0073931282,0.50431806,0.02072442,0.010284409,0.0036957797,0.17842078,0.056929328,0.0060458924,0.047962718,0.12516746,0.036685742
syn-0480,1,1,0,1,1,4.8863047e-05,0.99539644,4.0036943e-05,0.000505449,0.0005442571,0.000115737654,0.0016924683,0.00018603512,0.00012453269,0.00020612331,4.8767703e-05,0.0010914066
syn-0482,1,1,0,1,1,0.00010417902,0.97925586,0.00013694074,0.009359598,0.0015463004,0.00035938417,0.005237456,0.0006450662,0.00021925848,0.00039896916,0.00012132275,0.002615617
syn-0484,1,1,0,3,3,9.4301206e-05,0.00058518816,0.0005338616,0.99661416,0.00058134337,0.00040505122,0.00016712793,0.00016485853,7.3155534e-05,0.00025961228,7.387344e-05,0.00044747596
syn-0495,1,1,0,2,2,0.00017832711,0.000104220635,0.9970197,0.00075115194,0.00025074588,0.00052041886,0.00017216672,0.00024964637,0.00022443812,0.000245057,0.00021605092,6.801664e-05
syn-0496,1,1,0,8,8,5.2888267e-05,0.00018200267,0.0001359813,8.377566e-05,0.000117682015,0.00020096736,0.00033608486,0.000190365,0.9983754,0.0002541086,2.4836696e-05,4.5860466e-05
syn-0002,1,1,1,1,1,7.635006e-05,0.99736077,1.8838728e-05,0.0006949396,0.0006038477,0.0001759658,0.00020663092,0.00011607936,0.00017665453,0.0003730657,1.9742818e-05,0.00017717283
syn-0004,1,1,1,10,11,0.0003383243,0.0068403664,0.00034298157,0.0012619471,0.0068403664,0.00035874025,0.00080764457,0.004162081,9.177293e-05,0.019002486,0.0050959107,0.95485747
syn-0011,1,1,1,10,4,0.0058031627,0.01250621,0.00095337274,0.0011522353,0.4824191,0.0012265481,0.0027053182,0.0008613005,0.0024274008,0.0025890062,0.47773087,0.009625492
syn-0015,1,1,1,6,6,2.0726437e-05,0.0004004511,0.00013876436,0.00034436863,6.497406e-05,1.4497674e-05,0.9971535,0.00032819802,0.00080361863,6.815876e-05,0.00044908657,0.0002136668
syn-0017,1,1,1,3,3,1.9495392e-05,0.00089961354,0.00015469681,0.9964707,7.939814e-05,0.00023154807,0.00045384746,0.001107895,8.677705e-05,0.00024732552,3.9845992e-05,0.00020877807
syn-0031,1,1,1,0,0,0.9963581,9.548148e-05,0.00017408059,3.9377326e-05,0.001957533,0.00039119675,2.5078683e-05,2.57236e-05,0.00022374227,6.3791e-05,0.00017656312,0.00046931705
syn-0036,1,1,1,5,5,0.0024390623,0.0011829139,0.0003084309,0.0002755323,0.0022557639,0.9926744,6.6865905e-05,0.00015350667,0.00031775577,0.00014086562,4.4109434e-05,0.00014072812
syn-0051,1,1,1,3,3,4.7450638e-05,0.0010106304,0.00030195437,0.99341995,0.00014615826,0.00048606884,0.00042979282,0.0018236875,0.00013570336,0.00169365,9.436687e-05,0.00041051186
syn-0058,1,1,1,9,9,0.00016301821,0.0013973032,0.00020911518,0.0004862074,0.00031086843,0.00036131864,0.00015738666,0.0004431294,0.000107118954,0.9951599,0.00021808338,0.0009866063
syn-0062,1,1,1,7,7,7.2550036e-05,0.00026641568,0.00083029125,0.0011503204,0.00017471965,0.0013165566,0.00048312361,0.9941736,0.00020426797,0.0006285755,0.00021448951,0.00048501455
syn-0063,1,1,1,1,1,7.158367e-05,0.9973521,1.3782588e-05,0.00058949454,0.0009867356,0.00020184259,0.00015095183,8.693867e-05,0.00016798831,0.0002462183,1.6271606e-05,0.00011596505
syn-0067,1,1,1,5,5,0.00072263856,0.00041746598,0.00036859236,0.00034575362,0.00045860867,0.9965306,7.062242e-05,0.0004019635,0.0003861872,0.00014519108,4.6044726e-05,0.00010643175
syn-0068,1,1,1,10,10,0.004493686,0.0027990625,0.0008449572,0.0008286142,0.418063,0.0010242017,0.0013661538,0.0005170166,0.0011811537,0.0010444022,0.56256527,0.0052724425
syn-0069,1,1,1,11,11,0.049217183,0.005641935,0.0010456935,0.00050813943,0.39054057,0.0007509814,0.0005314864,0.00031183515,0.00028559763,0.0010184818,0.012155786,0.53799236
syn-0086,1,1,1,10,10,0.0002324256,6.827014e-05,0.00011016599,5.384814e-05,0.00036533334,4.9173137e-05,0.0003644981,8.921513e-05,4.486019e-05,0.00010962938,0.99780816,0.0007044779
syn-0093,1,1,1,5,5,0.0005855997,0.0006093409,0.00030169854,0.00031173183,0.0006007412,0.9964631,6.6209686e-05,0.00040956365,0.00037327633,0.00014030286,4.0236715e-05,9.823455e-05
syn-0094,1,1,1,1,1,6.461587e-05,0.99553764,3.7690104e-05,0.0013647861,0.0008401534,0.00018407348,0.0007931386,0.00025481312,0.0002963109,0.00030932052,3.7911595e-05,0.0002795843
syn-0098,1,1,1,10,10,0.00021846971,6.689028e-05,0.00011774053,5.502244e-05,0.00032374557,4.879481e-05,0.0005000821,9.268675e-05,4.9660113e-05,0.00011169242,0.9978968,0.00051835534
syn-0114,1,1,1,4,10,0.0019962108,0.03150165,0.0006017171,0.0021416217,0.42437854,0.00051367166,0.0061652972,0.0006147844,0.00054894073,0.0010959717,0.51591307,0.014528528
syn-0119,1,1,1,6,6,2.0537522e-05,0.00021886706,0.00012954787,0.00031084506,4.3139586e-05,1.3950771e-05,0.99776113,0.00038421745,0.0004336648,7.077871e-05,0.00041894568,0.00019447437
syn-0122,1,1,1,3,3,2.1543881e-05,0.00050608674,0.00022647418,0.996774,8.083075e-05,0.00018073738,0.0005905929,0.0009784892,0.00010237941,0.0002373429,5.229029e-05,0.0002492195
syn-0125,1,1,1,9,9,0.00018460795,0.0053321817,0.0001875151,0.00059504947,0.00047325803,0.00038027347,0.00024313701,0.00048995257,0.00014804723,0.9906584,0.00028314773,0.00102452
syn-0137,1,1,1,8,8,0.00014687993,0.00019978317,0.000206276,0.0001236853,0.0001152311,0.00035855125,0.00037727517,5.4938646e-05,0.99832505,4.9536087e-05,1.4486383e-05,2.8418415e-05
syn-0141,1,1,1,2,2,0.00032583586,4.2709067e-05,0.9974976,0.00028399102,0.00021573271,0.0003423913,0.00032401131,0.0002943682,0.0002851025,4.4933902e-05,0.00019423326,0.00014906931
syn-0148,1,1,1,7,7,7.420663e-05,0.00033485226,0.000586251,0.0011966114,0.00017905855,0.0004722174,0.0011831035,0.99331844,0.00014642904,0.00073964463,0.00035575285,0.001413464
syn-0161,1,1,1,2,2,0.00028523154,4.091132e-05,0.9974619,0.00029848254,0.00020645018,0.00032218551,0.0003645051,0.00036907196,0.0002722363,4.6268146e-05,0.00019158893,0.00014113092
syn-0167,1,1,1,0,0,0.9970291,0.000101015066,0.00023326698,5.2201613e-05,0.0009239413,0.00041316167,3.1231946e-05,3.172378e-05,0.00022302008,8.708043e-05,0.00020405602,0.0006702184
syn-0184,1,1,1,2,2,0.0002756059,3.9646675e-05,0.9973126,0.00035535678,0.00019372368,0.00034391947,0.00034993293,0.000461863,0.00025564164,4.8861584e-05,0.00022005428,0.00014277315
syn-0186,1,1,1,3,3,4.344773e-05,0.0020934287,0.00016413024,0.9951225,0.00015615599,0.0005997774,0.00041061346,0.0006268756,0.00018762573,0.00028960887,4.7717996e-05,0.0002582131
syn-0207,1,1,1,0,0,0.9962153,9.417145e-05,0.00018682562,3.9680475e-05,0.0019841953,0.0003498894,2.5271756e-05,2.6901645e-05,0.00019674993,6.5999586e-05,0.00019926365,0.0006157264
syn-0213,1,1,1,0,0,0.99698824,0.00010658465,0.00022105945,4.8750382e-05,0.0010117409,0.00046362064,3.068649e-05,3.4099783e-05,0.00033822953,8.606238e-05,0.00018380242,0.00048708578
syn-0218,1,1,1,8,8,0.00015363556,0.00019540255,0.00018994632,0.00012453942,0.00012123937,0.00035834892,0.00034546314,5.0812272e-05,0.99837095,4.5370256e-05,1.548174e-05,2.8754723e-05
syn-0219,1,1,1,0,0,0.9967871,0.000109945824,0.00027385133,5.7206496e-05,0.0009138474,0.0004674603,3.4833294e-05,3.970325e-05,0.00028643376,0.000103486476,0.00020843686,0.00071763736
syn-0226,1,1,1,6,6,2.0099973e-05,0.00016335622,0.00024284361,0.0003158012,3.7478418e-05,1.571514e-05,0.99771047,0.0004491455,0.00053418794,6.185184e-05,0.00027910213,0.00017002955
syn-0240,1,1,1,6,1,0.001970175,0.5222782,0.0015254094,0.06448312,0.3378674,0.013354035,0.024463084,0.0029720592,0.026788846,0.0009677174,0.0012450028,0.0020849877
syn-0246,1,1,1,8,8,0.00030568457,0.00021815645,0.00019055836,8.777811e-05,0.00014443924,0.00050046353,0.0002548329,4.1221203e-05,0.9981704,4.435365e-05,1.5238659e-05,2.6849353e-05
syn-0253,1,1,1,3,3,2.3656481e-05,0.000865236,0.00018734897,0.9965699,9.356319e-05,0.00035656895,0.00038366503,0.00093600014,0.00012888874,0.0002224824,3.7508762e-05,0.00019519296
syn-0257,1,1,1,4,4,0.040734034,0.0026568589,0.00046916385,0.00021882159,0.91272897,0.040734034,0.00011132742,0.00014806208,0.0010614151,0.00023430321,0.00026550033,0.0006375245
syn-0259,1,1,1,4,4,0.009842832,0.0053829034,0.0004567729,0.00045945717,0.95521724,0.0029854951,0.00039184483,0.00020131088,0.023820166,0.00023170738,0.00065685774,0.00035331157
syn-0261,1,1,1,5,5,0.0007992543,0.00036281178,0.00038133905,0.0002131299,0.0006694343,0.99659234,6.1241895e-05,0.00030723854,0.00035814746,0.00011132877,4.2008767e-05,0.00010166341
syn-0268,1,1,1,6,6,2.0884705e-05,0.00027163158,0.00015921683,0.00036347352,7.6692064e-05,1.4954804e-05,0.99694866,0.00033829865,0.0004639826,5.3644362e-05,0.001068569,0.00021997397
syn-0275,1,1,1,0,0,0.9965898,0.000100087,0.0002559558,5.383494e-05,0.0010282665,0.00042359967,3.3492222e-05,3.551329e-05,0.00021882368,9.911434e-05,0.00019415125,0.000967383
syn-0281,1,1,1,10,4,0.006024058,0.042246222,0.003116097,0.00579328,0.4235581,0.0023292953,0.19165981,0.0029618086,0.21675524,0.0016581824,0.09894747,0.004950418
syn-0285,1,1,1,11,11,0.00029566264,0.00034431703,0.00011465797,0.00031813036,0.0003207821,6.7141154e-05,0.00019869245,0.00019580312,2.7393695e-05,0.00049429626,0.0008625014,0.99676067
syn-0290,1,1,1,0,0,0.99553156,0.00010852805,0.00016484036,4.2210657e-05,0.002683874,0.00038873102,2.4765948e-05,2.281546e-05,0.0002061513,6.544102e-05,0.00016548552,0.00059564534
syn-0292,1,1,1,11,11,0.0002965852,0.00027242777,0.00012595052,0.0002955732,0.00029485245,7.433229e-05,0.00019526659,0.00023279237,2.956734e-05,0.0006674681,0.0005693151,0.9969458
syn-0302,1,1,1,10,10,0.00017198443,7.246807e-05,0.000106787564,5.9204507e-05,0.00032704708,4.539367e-05,0.00055368355,9.018797e-05,4.7665162e-05,0.000104008664,0.99791116,0.00051032635
syn-0304,1,1,1,1,1,7.877821e-05,0.9974183,1.6561258e-05,0.00060425117,0.00073727773,0.000223871,0.00017649228,9.652108e-05,0.00019327179,0.0003056221,1.7288385e-05,0.0001317999
syn-0306,1,1,1,5,5,0.0018562911,0.00090623146,0.00048708817,0.00021603855,0.0033172856,0.9916222,7.688061e-05,0.00065833546,0.00030466318,0.00024528234,5.419802e-05,0.00025555192
syn-0313,1,1,1,11,11,0.00011953507,0.0040980964,0.00018916019,0.00294024,0.0009719583,0.00014029763,0.0013291583,0.0016229621,6.6401466e-05,0.0016436974,0.0030224845,0.98385596
syn-0314,1,1,1,8,8,0.00017095904,0.0002556706,0.00017012631,0.00012164318,0.00013623388,0.00038975594,0.00033703813,4.8908892e-05,0.99827826,4.8528276e-05,1.4094978e-05,2.8752054e-05
syn-0322,1,1,1,2,2,0.0010838088,0.00019412655,0.9843731,0.0033351078,0.0012371445,0.0029417856,0.00046432306,0.0039374,0.00039638166,0.00020423913,0.0006560806,0.0011764634
syn-0324,1,1,1,7,7,5.4465243e-05,0.000254068,0.0006362367,0.0011854044,0.00012202226,0.00047605412,0.0011551034,0.99456704,0.00016308026,0.00054367085,0.00023960891,0.00060325983
syn-0335,1,1,1,3,11,0.0008061402,0.000692058,0.00016429792,0.0008522856,0.0007453758,0.00013435821,0.00017251937,0.0002030791,4.7627018e-05,0.0022780518,0.0006790038,0.99322516
syn-0343,1,1,1,8,8,0.00020928512,0.0002903509,0.00017874902,0.00013826149,0.0002669618,0.00042514817,0.00040545643,5.8629415e-05,0.9979157,5.545504e-05,2.1234167e-05,3.4872737e-05
syn-0346,1,1,1,6,6,2.207353e-05,0.0001536702,0.00028506826,0.000310574,3.9969993e-05,1.6023661e-05,0.99762136,0.00045224116,0.0004930952,7.0699716e-05,0.00033466468,0.00020052162
syn-0348,1,1,1,9,9,0.00022761484,0.0014494989,0.0002144517,0.00042711332,0.0003811831,0.00043895337,0.00017147746,0.00044521323,0.00012643954,0.99496955,0.00022917613,0.0009192231
syn-0349,1,1,1,5,5,0.00078964734,0.0004248403,0.0003346844,0.00025761576,0.0005452727,0.9967063,6.2213425e-05,0.0002687952,0.000335175,0.00012530692,4.1200954e-05,0.00010897491
syn-0350,1,1,1,2,2,0.00029524774,3.903182e-05,0.9973078,0.0004372543,0.00020411305,0.00038592264,0.0002956805,0.00043768148,0.0002426271,4.800996e-05,0.00016036672,0.00014630101
syn-0351,1,1,1,11,11,0.00045608744,0.00021158316,0.000113031325,0.00020547435,0.00033205538,6.782445e-05,0.00015540341,0.00014727675,3.260615e-05,0.0005389791,0.0006200583,0.99711955
syn-0354,1,1,1,8,8,0.00025089408,0.00018429894,0.00021363399,0.00011847057,0.00012778488,0.0004802577,0.00024967198,5.5255576e-05,0.9982181,5.689834e-05,1.7336075e-05,2.7380222e-05
syn-0356,1,1,1,8,8,0.00016042212,0.00023703062,0.00022288722,0.00011281595,0.00014394194,0.00031683495,0.0005095715,5.386602e-05,0.9981395,5.3030908e-05,1.7539045e-05,3.2512253e-05
syn-0357,1,1,1,3,3,3.5140616e-05,0.0032604844,0.00013523496,0.9938659,0.00012992727,0.00050578197,0.00040571325,0.0008179642,0.00015130815,0.0003839341,3.8897117e-05,0.00026973593
syn-0367,1,1,1,4,4,0.0013262429,0.0016052315,0.00012281889,0.0001173091,0.9952118,0.0006554168,7.3052586e-05,6.690602e-05,0.00035504132,8.69217e-05,0.0001700183,0.00020933042
syn-0372,1,1,1,1,1,6.261597e-05,0.9972946,1.5495285e-05,0.0006915087,0.00085223315,0.00014787914,0.00016847145,0.00010323627,0.00012235691,0.0003424888,1.9780102e-05,0.0001792494
syn-0378,1,1,1,2,2,0.00033875785,4.4057288e-05,0.99732745,0.00032562122,0.00023276781,0.00045719472,0.00025254372,0.0004236804,0.00027547544,4.5278597e-05,0.0001491895,0.00012798293
syn-0380,1,1,1,4,5,0.003309431,0.0028928868,0.0007602021,0.0004077024,0.02645999,0.9623553,0.00016781165,0.0005312251,0.0024683834,0.0002902358,9.231309e-05,0.0002645209
syn-0381,1,1,1,8,8,0.0002716804,0.00029663934,0.0001825758,0.00014828818,0.00034176334,0.000697156,0.0002779873,5.9360576e-05,0.99761474,5.4154083e-05,2.1646445e-05,3.4054636e-05
syn-0408,1,1,1,4,4,0.2389215,0.0031750847,0.00082383346,0.0003048524,0.730203,0.0038024713,0.00021659536,0.00016704535,0.020673845,0.00033744087,0.00074645516,0.00062796474
syn-0415,1,1,1,1,1,0.011925564,0.70694983,0.00025742958,0.0009416383,0.24719523,0.0026668063,0.0004319563,0.0003129548,0.0010859381,0.020630695,0.0008607271,0.0067412793
syn-0423,1,1,1,9,9,0.00016792263,0.0011060762,0.00022574404,0.00048141324,0.00029184934,0.0003565352,0.00020275124,0.000520786,0.00013231984,0.9955029,0.00026161206,0.0007501922
syn-0426,1,1,1,10,10,0.00032798212,7.4973075e-05,0.000115780866,5.8218273e-05,0.00039044043,4.8833575e-05,0.00036206943,0.00010480379,4.560689e-05,0.00014997796,0.9947961,0.0035252792
syn-0428,1,1,1,8,1,0.000111186,0.99628675,1.8382512e-05,0.00053032546,0.0017392419,0.00032488463,0.00016642168,9.217643e-05,0.00030297367,0.0002711863,1.7268772e-05,0.00013932236
syn-0433,1,1,1,5,5,0.0005290496,0.00066066714,0.0007032765,0.0003889555,0.0009962836,0.99270767,9.229486e-05,0.0029681423,0.00046483736,0.0002652446,6.112244e-05,0.00016245776
syn-0435,1,1,1,10,10,0.0002043352,6.9487614e-05,9.93422e-05,5.588942e-05,0.00034803172,4.5749457e-05,0.00042900175,8.622575e-05,4.5838897e-05,0.000102595804,0.99790585,0.000607654
syn-0443,1,1,1,7,7,6.2944266e-05,0.00020259214,0.0010235866,0.0011028288,0.00014101838,0.001048212,0.00056679826,0.9947218,0.00015793309,0.00038558038,0.00018054148,0.00040626095
syn-0447,1,1,1,7,7,6.40687e-05,0.00029711984,0.0005364406,0.0011046756,0.00013510465,0.00075742655,0.00062931,0.99484926,0.00020064908,0.0006771318,0.0001965761,0.0005521195
syn-0457,1,1,1,9,9,0.00016129194,0.0008955602,0.0002677495,0.0004754543,0.00028922368,0.0003820382,0.00021430402,0.0006268065,0.00014528884,0.99525577,0.00033681848,0.0009497181
syn-0458,1,1,1,6,6,2.12295e-05,0.0001498288,0.00022470014,0.00027719678,3.836665e-05,1.52314215e-05,0.99769634,0.00042982894,0.0005151606,6.8932386e-05,0.0003676746,0.00019541361
syn-0464,1,1,1,4,4,0.012422042,0.0008816913,0.00013453672,8.04926e-05,0.98487955,0.00050243386,4.4888468e-05,4.184065e-05,0.00019613245,9.785411e-05,0.00027767365,0.00044091357
syn-0469,1,1,1,9,9,0.00018666172,0.0006123391,0.00022758872,0.00030476236,0.00023897723,0.00024728657,0.00016715916,0.0004220889,9.952329e-05,0.9958274,0.00031474378,0.0013515863
syn-0472,1,1,1,8,8,0.00018183052,0.0001851454,0.00020403865,0.00011136808,0.00012533684,0.0002942834,0.00035044475,5.012405e-05,0.99840564,4.9636932e-05,1.5542877e-05,2.6698786e-05
syn-0486,1,1,1,1,1,8.132234e-05,0.9969772,2.0561505e-05,0.0008046544,0.0006409002,0.00020019653,0.00020939478,0.000113236136,0.00016556407,0.00053257495,2.6401496e-05,0.00022807413
syn-0491,1,1,1,10,10,0.00018635124,6.51604e-05,0.00010241164,5.04505e-05,0.00033289965,3.800773e-05,0.00049180986,8.204934e-05,4.4784054e-05,9.082034e-05,0.9980621,0.00045307653
syn-0499,1,1,1,11,11,0.00034268148,0.0002086603,0.000115910334,0.00021739656,0.00023209643,5.788632e-05,0.00017987643,0.00017030357,3.17811e-05,0.0006680365,0.00089385326,0.9968816
syn-0006,1,1,2,7,6,0.0015383112,0.0034062339,0.09601211,0.03295485,0.0016184462,0.0016058513,0.30245584,0.23879541,0.0044993255,0.28357658,0.020312808,0.0132242525
syn-0013,1,1,2,6,6,2.2444756e-05,0.0007629405,0.00013145113,0.00024177562,4.9119695e-05,1.4922256e-05,0.9967237,0.00051037275,0.0004390836,0.00046900235,0.0004517515,0.00018339512
syn-0016,1,1,2,9,9,0.00012709439,0.0006058894,0.00026514626,0.0001718613,0.0011888834,0.00011183229,0.0008453891,0.00035818972,0.00046534615,0.99525106,0.00035871478,0.0002505456
syn-0018,1,1,2,3,6,1.7452776e-05,0.00051927986,0.00010433268,0.00043355694,4.097714e-05,1.1671558e-05,0.9971173,0.0005636386,0.00037388635,0.00034595717,0.00032818608,0.00014372433
syn-0025,1,1,2,8,8,7.8145036e-05,0.00028759264,0.00027175594,8.383738e-05,0.00015344947,0.00026032623,0.00032764024,0.00015435122,0.9981358,0.0001603432,1.834483e-05,6.8225905e-05
syn-0026,1,1,2,10,10,0.00014549948,6.215223e-05,0.00016519484,0.0001277774,0.00020398841,3.590076e-05,0.0009115382,0.00015511044,4.028555e-05,0.00017905483,0.9976725,0.00030103402
syn-0032,1,1,2,4,4,0.0010800185,0.035800245,0.00021580643,0.00076884526,0.9433516,0.0011396135,0.0013193953,0.00069121044,0.0068159355,0.0073661855,0.0005652525,0.0008858
syn-0033,1,1,2,5,5,0.00041356226,0.0005211351,0.00031670232,0.0005014155,0.00087060896,0.99665666,4.3514712e-05,0.0002129356,0.00020800295,5.2182113e-05,4.560303e-05,0.00015777738
syn-0038,1,1,2,5,5,0.00045266555,0.002487444,0.0007543796,0.026360098,0.0013736971,0.9662416,0.00014553082,0.00094021694,0.0004361753,0.0001158009,0.00011049798,0.0005818019
syn-0040,1,1,2,4,4,0.0034536202,0.0023858373,0.00033542258,0.0011949971,0.9229341,0.0009791455,0.00048329425,0.00046026273,0.00041662567,0.0029721232,0.05797314,0.006411386
syn-0045,1,1,2,9,9,0.00010962299,0.00053905655,0.00026581198,0.00019734187,0.0009304971,8.9122856e-05,0.0015096086,0.00039786374,0.00045459656,0.99483114,0.00038902694,0.00028629077
syn-0049,1,1,2,8,8,4.9453134e-05,0.000568315,0.00024592568,7.987937e-05,0.00015225202,0.00014749567,0.000719295,0.00015457414,0.9976271,0.00016688985,1.862422e-05,7.014993e-05
syn-0050,1,1,2,4,4,0.001483356,0.0023359268,8.549215e-05,0.0016637152,0.98845005,0.0014576871,9.8786004e-05,0.00014542705,0.000107650885,0.00062985835,0.00038842362,0.00315371
syn-0053,1,1,2,10,10,0.00021579364,6.988711e-05,0.00018593493,0.00014665636,0.0002516731,5.103073e-05,0.00048077965,0.0001422831,4.936417e-05,0.00018877079,0.9977793,0.00043853704
syn-0059,1,1,2,3,3,3.336769e-05,0.00067554694,0.00043803337,0.99677026,0.00013300685,0.0003737562,0.00024511528,0.0005602533,6.674954e-05,5.188316e-05,0.00010583539,0.0005462071
syn-0077,1,1,2,2,2,0.00022444874,5.3441563e-05,0.9970669,0.00064221106,0.00011127306,0.0003509588,0.0002851186,0.00033293074,0.00031329444,9.536297e-05,0.00030129234,0.00022281084
syn-0079,1,1,2,1,1,2.2775937e-05,0.9976967,1.862552e-05,0.00042909518,0.0005995698,0.00028005385,0.00029507454,0.0001295395,0.0002862755,0.00012840597,2.0296944e-05,9.348622e-05
syn-0083,1,1,2,0,0,0.9959448,6.527666e-05,0.00029412526,8.147647e-05,0.0018891249,0.0003656875,4.9854232e-05,9.525565e-05,0.00022628577,7.4112766e-05,0.00022158418,0.0006923453
syn-0085,1,1,2,3,3,6.939336e-05,0.4050097,0.00023383951,0.58469975,0.0012628906,0.0009060797,0.0041702804,0.0017584942,0.0005598573,0.00026137684,0.00021626618,0.00085201464
syn-0090,1,1,2,5,5,0.0005812126,0.0017428224,0.00017400115,0.00042480917,0.0129978405,0.9833401,4.310134e-05,0.00014439297,0.00027805308,6.0309623e-05,3.5247063e-05,0.00017812746
syn-0091,1,1,2,4,4,0.0009446242,0.010325674,8.650154e-05,0.0023406802,0.9750464,0.00885793,0.00013036243,0.00019004702,0.00020750641,0.00049150246,0.00018348178,0.0011952837
syn-0095,1,1,2,11,11,0.0003933756,0.00017370912,0.00029548915,0.000919776,0.0003466446,0.00015770124,0.00022789079,3.6482594e-05,5.8299018e-05,8.768829e-05,0.0011272084,0.99617577
syn-0100,1,1,2,2,2,0.00031663055,6.407661e-05,0.99691737,0.0005640073,0.00015015107,0.00047444925,0.00024767817,0.00027888027,0.00034496016,0.00010605795,0.00027388716,0.0002618559
syn-0101,1,1,2,3,3,2.7384987e-05,0.00065358996,0.0005850881,0.9964438,8.926733e-05,0.00039118266,0.00029369842,0.00089215284,6.4927815e-05,4.488643e-05,9.318664e-05,0.00042090905
syn-0103,1,1,2,11,11,0.0005543525,0.00011920854,0.0003466298,0.00066003983,0.00026577024,0.00013747644,0.0002171273,3.382191e-05,6.13633e-05,0.00010780117,0.0008767622,0.9966196
syn-0107,1,1,2,10,10,0.00015444942,8.356367e-05,0.00017777018,0.00014090273,0.00025589045,4.10451e-05,0.001543217,0.00016107319,5.4163927e-05,0.00021328313,0.9968221,0.000352504
syn-0128,1,1,2,2,2,0.0002900066,5.90336e-05,0.9969758,0.0005150714,0.00012694218,0.00040381562,0.00027591665,0.00028273583,0.00041319002,0.00013212796,0.00027713185,0.00024817692
syn-0149,1,1,2,8,8,9.0558926e-05,0.0002991871,0.000278193,7.96064e-05,0.00019693153,0.00026063723,0.0003060205,0.00012548329,0.9981091,0.00015769902,2.2519896e-05,7.4056545e-05
syn-0158,1,1,2,1,1,2.8174662e-05,0.9975249,1.8226492e-05,0.00039974536,0.00068779534,0.00034040026,0.00031183552,0.00013310755,0.00029495172,0.00014364274,2.2506714e-05,9.466431e-05
syn-0163,1,1,2,4,4,0.005349429,0.0015566775,0.00016312402,0.00020661122,0.98612857,0.0018066044,0.00012169793,0.00015595833,0.0032636598,0.0005868588,0.00025388808,0.0004069023
syn-0166,1,1,2,5,5,0.00039944873,0.00047135563,0.00023951376,0.00037369318,0.0012859782,0.9966022,3.6072997e-05,0.00017566035,0.00018644246,4.480597e-05,3.8175163e-05,0.00014662645
syn-0171,1,1,2,6,6,3.6146088e-05,0.00047963145,0.0004924461,0.000227782,6.0179653e-05,3.0142259e-05,0.9927874,0.0014333139,0.003494193,0.00044793967,0.00032485195,0.00018591025
syn-0177,1,1,2,8,8,5.4337946e-05,0.00030399903,0.00027669294,7.5662116e-05,0.00013936793,0.00015955222,0.00054465607,0.0001449197,0.99807346,0.00013774424,2.296324e-05,6.664129e-05
syn-0179,1,1,2,1,1,2.2031913e-05,0.9976872,1.8052304e-05,0.00044282,0.0005221836,0.00022823656,0.00037180097,0.0001233651,0.00034772194,0.000118523254,2.139581e-05,9.664144e-05
syn-0181,1,1,2,10,8,0.00038163664,0.029298434,0.001359642,0.0014416889,0.0035543032,0.00032389082,0.21627645,0.002217719,0.7345174,0.0035717005,0.0053748637,0.0016822162
syn-0191,1,1,2,4,6,0.00018432041,0.03571325,0.00092515093,0.21141905,0.0022808434,0.0002048226,0.6864796,0.0037494742,0.0009197458,0.0049069794,0.043416277,0.009800477
syn-0192,1,1,2,5,5,0.00032105445,0.0006171702,0.0002450816,0.00059492304,0.0009610691,0.99663323,3.685753e-05,0.00018337848,0.00016357872,4.144004e-05,3.908168e-05,0.00016325955
syn-0194,1,1,2,1,1,2.8211463e-05,0.996879,2.2273558e-05,0.0003807044,0.0005754955,0.000279142,0.00057185395,0.00015132288,0.00085437734,0.00013604293,2.2317106e-05,9.923998e-05
syn-0196,1,1,2,4,4,0.2525287,0.00034433807,0.0002012433,0.00018721334,0.74222314,0.0013055602,9.159761e-05,0.00013018647,0.0003436662,0.00039749348,0.00071277295,0.0015342004
syn-0197,1,1,2,11,11,0.015239115,0.0045935204,0.00081676483,0.0060321754,0.33015066,0.003811883,0.00049153774,0.00024667842,0.00034181084,0.0011395161,0.0019960108,0.6351403
syn-0203,1,1,2,8,8,5.9804734e-05,0.0003151766,0.00024350501,7.334588e-05,0.0001275996,0.00019666749,0.0004040284,0.00013918603,0.99823207,0.00012722632,1.7235034e-05,6.42238e-05
syn-0208,1,1,2,8,8,7.670755e-05,0.0003825609,0.00026102323,8.253664e-05,0.00019050301,0.00025139158,0.00029999614,0.00010891699,0.99812406,0.00013137897,1.9337967e-05,7.14295e-05
syn-0210,1,1,2,0,0,0.9951036,5.3128395e-05,0.0002133317,6.888767e-05,0.0025925748,0.0002667951,4.4826058e-05,8.0145546e-05,0.000166549,7.07973e-05,0.00022653666,0.0011128768
syn-0224,1,1,2,8,8,6.3400934e-05,0.00032589116,0.0002230266,8.0302976e-05,0.00018799072,0.00019875175,0.00043168294,0.00020586341,0.9980324,0.00016606333,2.1319769e-05,6.3339045e-05
syn-0239,1,1,2,6,6,2.4231977e-05,0.00024330449,0.00021799028,0.00021377396,3.6376507e-05,1.5282916e-05,0.9971666,0.000722835,0.0003205212,0.0003059182,0.0005801411,0.0001531508
syn-0242,1,1,2,0,0,0.99606615,7.18413e-05,0.00037532035,0.000106174564,0.001268453,0.00035586706,6.452403e-05,0.00012571656,0.00021301735,9.0638714e-05,0.0003001094,0.0009621652
syn-0243,1,1,2,10,10,0.00014508095,6.9001464e-05,0.00015965175,0.00013365483,0.00021853797,4.1729072e-05,0.0007378619,0.00018330997,4.4943983e-05,0.00024284626,0.9977214,0.00030200576
syn-0250,1,1,2,11,11,0.00065347797,0.00012620399,0.00021742302,0.0004260055,0.00035524642,0.0001561458,0.00018095551,3.4166955e-05,6.23536e-05,8.4152125e-05,0.000700994,0.9970029
syn-0260,1,1,2,11,11,0.00056896213,0.00046482708,0.000406222,0.001544147,0.000872236,0.00015031893,0.0011265547,0.00017200522,0.00010151241,0.00042034654,0.013531279,0.98064154
syn-0262,1,1,2,10,10,0.00022659358,6.6752385e-05,0.00017390506,0.00013736887,0.00026725334,5.3271644e-05,0.0004563926,0.00014145287,5.053518e-05,0.00019155776,0.99778664,0.0004481751
syn-0265,1,1,2,3,3,4.2473755e-05,0.0008372717,0.0005109088,0.99588436,0.00018979731,0.0008215788,0.00023073485,0.00062080397,8.563194e-05,7.675998e-05,0.00010909792,0.00059049815
syn-0271,1,1,2,2,2,0.0002141495,8.576709e-05,0.99550986,0.0014850412,0.00011541223,0.00038419376,0.0005959232,0.0004904325,0.00030288525,0.00017980441,0.00029356647,0.00034287895
syn-0274,1,1,2,9,9,0.00015665205,0.00038809638,0.000287846,0.00015377223,0.0010751061,0.00014558861,0.0007102548,0.00050518545,0.00042395724,0.99536324,0.0005159045,0.00027439644
syn-0279,1,1,2,0,0,0.9960121,7.5875425e-05,0.00046365993,0.00011083017,0.0010451289,0.00039814156,7.1417715e-05,0.0001508963,0.0002688704,9.733088e-05,0.00028495604,0.0010209185
syn-0280,1,1,2,0,0,0.9959959,7.587419e-05,0.00045103606,0.00010879095,0.0011352896,0.00041846617,7.1696064e-05,0.00014398391,0.00027483914,0.00010032083,0.00027097476,0.00095274753
syn-0282,1,1,2,7,7,7.946414e-05,0.00042106464,0.00050864543,0.0010212397,0.00021100215,0.00076955603,0.00047969836,0.995353,0.0003040228,0.0004451674,0.00026234012,0.00014473655
syn-0286,1,1,2,8,8,5.562865e-05,0.00032951738,0.00023334926,7.514952e-05,0.00015472472,0.00017930866,0.00047472768,0.00015831659,0.9981115,0.00014800025,1.7538554e-05,6.2240324e-05
syn-0288,1,1,2,9,9,0.00010657119,0.00038246808,0.00028492088,0.00018377921,0.00067569176,0.000105124076,0.00090813346,0.00043002042,0.00033326898,0.99588925,0.0004210858,0.00027968304
syn-0295,1,1,2,10,10,0.00011877027,0.000120170305,0.00018022092,0.00018960911,0.0002004628,3.4161436e-05,0.0033972003,0.00018960911,4.3949913e-05,0.00022737605,0.9948968,0.00040159852
syn-0298,1,1,2,7,7,7.557895e-05,0.00038009157,0.0005644886,0.00065465836,0.00015327123,0.0005814128,0.00048212588,0.99600345,0.00034204542,0.00035723738,0.00027835264,0.00012731474
syn-0305,1,1,2,1,1,2.3629944e-05,0.99739814,2.1599519e-05,0.0006514268,0.0006460419,0.00033865782,0.00028044893,0.00017080831,0.00019213876,0.00013624679,2.3955228e-05,0.00011699416
syn-0318,1,1,2,11,11,0.00070529245,0.00020182315,0.00020924892,0.001379211,0.00071473955,0.00010994387,0.00025990637,4.1243817e-05,5.5067718e-05,0.000110374174,0.0023599039,0.99385333
syn-0326,1,1,2,1,1,3.0567502e-05,0.9950641,2.8940729e-05,0.0018948416,0.0013208763,0.00046982456,0.0003575982,0.00020991343,0.00015706444,0.00018326864,4.4562403e-05,0.00023844451
syn-0328,1,1,2,10,10,0.00020401091,7.796495e-05,0.00017331095,0.0001403515,0.00028833433,5.1733376e-05,0.00056102755,0.00016170142,5.073276e-05,0.00020153569,0.9977825,0.00030678048
syn-0332,1,1,2,6,6,2.1554859e-05,0.0004180358,0.00016225285,0.00023060781,4.026978e-05,1.3150512e-05,0.9972819,0.00042841965,0.0004523357,0.00035769594,0.00044456247,0.00014918268
syn-0338,1,1,2,8,8,0.0003279808,0.0026089041,0.00039292514,0.00024902774,0.004791485,0.0007689345,0.0005731001,0.0003433854,0.9892217,0.00045580114,6.345791e-05,0.00020325053
syn-0355,1,1,2,5,5,0.00033797676,0.0005110929,0.0003071309,0.00059876934,0.000790727,0.99672973,4.112153e-05,0.00024272337,0.00017723371,5.1577954e-05,4.385922e-05,0.00016796547
syn-0366,1,1,2,9,9,0.000106290885,0.0004224463,0.00034010876,0.00025950023,0.00057657034,0.0001056699,0.0010998966,0.00058109243,0.0003760986,0.99521166,0.0005906758,0.00032996677
syn-0369,1,1,2,6,6,1.8213335e-05,0.00067466387,0.00010168509,0.0002280347,4.3351512e-05,1.2109023e-05,0.99680483,0.0008633297,0.00045856694,0.000332762,0.0003266446,0.00013576739
syn-0370,1,1,2,9,9,0.000117936586,0.00038783377,0.00034176107,0.00022054982,0.00052907155,0.00011035924,0.0010219306,0.00046690402,0.0003367913,0.99566156,0.0005011595,0.00030411707
syn-0391,1,1,2,0,0,0.9963027,6.329105e-05,0.00035300912,9.137131e-05,0.0012059339,0.00035232032,5.8306447e-05,0.00011271837,0.00022592541,8.16651e-05,0.00024595924,0.00090673787
syn-0392,1,1,2,1,1,1.9556042e-05,0.9976203,2.098057e-05,0.0007105631,0.00047664202,0.00023272251,0.00034668148,0.00014506624,0.00018994257,0.000108755754,2.3960565e-05,0.00010489625
syn-0396,1,1,2,3,3,3.6446145e-05,0.00048621747,0.0013388891,0.9951806,0.00010362282,0.0002672069,0.0004798495,0.0012256379,7.5075324e-05,5.927359e-05,0.00016096505,0.0005863471
syn-0407,1,1,2,6,6,3.1435753e-05,0.0026700178,0.00040095305,0.012340011,8.868185e-05,2.795954e-05,0.9802885,0.0022854607,0.0006338752,0.00044948485,0.00042142803,0.00036223087
syn-0411,1,1,2,2,2,0.00028051998,5.4594115e-05,0.99692035,0.0005924127,0.00012472334,0.00036533145,0.0003129426,0.00037914337,0.00031647694,0.00011501279,0.00029890367,0.00023970722
syn-0414,1,1,2,5,4,0.0023074804,0.0017831916,0.00011861629,0.00026756714,0.95741063,0.036690347,6.499637e-05,0.00010653484,0.00030142194,0.00022619596,0.00012503933,0.00059798744
syn-0420,1,1,2,2,2,0.00020842293,6.9676724e-05,0.9967205,0.00058091775,0.00010187527,0.00031595034,0.00046404637,0.00039551724,0.00046648856,0.000109831184,0.00034029188,0.00022635145
syn-0430,1,1,2,1,1,7.017397e-05,0.9805798,5.8176265e-05,0.008651003,0.0020057245,0.0069784825,0.00031665518,0.000559013,0.0002810894,0.00013135854,5.4544904e-05,0.00031388426
syn-0431,1,1,2,3,3,4.2320244e-05,0.0007165796,0.0006027579,0.9961687,0.00015033165,0.0005799497,0.00026409805,0.000617504,9.389157e-05,6.453067e-05,0.00012426471,0.0005751556
syn-0432,1,1,2,6,6,1.8915733e-05,0.00030812985,0.00015425804,0.00019672187,3.4251967e-05,1.2356877e-05,0.9975333,0.0005661152,0.00042327677,0.0002935175,0.0003425708,0.000116440075
syn-0477,1,1,2,7,3,0.00015474838,0.002894337,0.051857438,0.9031785,0.00026633881,0.0008853129,0.007942894,0.025822153,0.00043826166,0.00034941267,0.001903722,0.0043068943
syn-0485,1,1,2,10,10,0.00019203778,0.00026740032,0.00039365137,0.00025465732,0.0003353952,6.16192e-05,0.032044467,0.0005755629,0.00015812033,0.00080535735,0.9643182,0.00059354334
syn-0488,1,1,2,10,10,0.00015640138,0.00018410599,0.00040925553,0.0002652694,0.000272091,5.1828156e-05,0.02434976,0.0005550328,0.00010207092,0.00054642785,0.9726477,0.00045991378
syn-0489,1,1,2,11,11,0.001306948,0.0007412302,0.0003789532,0.0035517858,0.0064220387,0.0014540955,0.00022761307,0.00019544976,9.0185255e-05,0.00016203355,0.0020995524,0.9833702
syn-0498,1,1,2,7,7,9.458143e-05,0.0003722547,0.00063617073,0.0006051148,0.00017773977,0.00056073384,0.00061554497,0.9956787,0.0004286718,0.00038802985,0.00030293662,0.00013950956
syn-0003,1,1,3,2,2,0.00019223173,6.90462e-05,0.9973936,0.00038718278,0.00018209024,0.0005371565,0.0003277165,0.0002644228,0.00023266963,6.231716e-05,0.00024586814,0.00010569494
syn-0010,1,1,3,9,9,5.827867e-05,0.00044537988,0.00013953049,7.5418204e-05,0.00012507431,7.872946e-05,0.0005116913,0.0004618797,0.0014847909,0.9958281,0.00040285868,0.0003882776
syn-0020,1,1,3,6,6,2.3397766e-05,0.0002441677,0.00021307089,0.00041422935,8.89948e-05,1.7627099e-05,0.9972899,0.0003244187,0.00029886854,0.0003332492,0.0006432963,0.00010882596
syn-0024,1,1,3,2,2,0.00019341997,7.957342e-05,0.9967219,0.00063808233,0.00017228346,0.00071689003,0.00039100536,0.0003819477,0.0003097641,7.316344e-05,0.00022251633,9.941833e-05
syn-0027,1,1,3,4,4,0.008004105,0.001054148,0.000111964124,0.000263393,0.9886701,0.0009003364,7.755528e-05,3.6921847e-05,7.986102e-05,3.9611357e-05,0.00012988066,0.0006321556
syn-0043,1,1,3,9,9,4.9279864e-05,0.0003969051,0.00013213759,7.368943e-05,0.00011335488,6.503068e-05,0.00064973935,0.0005435656,0.0009821098,0.9960752,0.00052613486,0.00039276018
syn-0044,1,1,3,2,2,0.00020144459,8.912899e-05,0.99684477,0.0005491898,0.0002322012,0.00067865575,0.00035536353,0.000350795,0.00021887968,6.4071945e-05,0.00029310014,0.00012254082
syn-0052,1,1,3,4,4,0.007458047,0.00070618076,0.0001067997,0.0004859433,0.98832583,0.002192785,6.0615403e-05,3.542577e-05,5.8407226e-05,3.4876546e-05,0.00012769774,0.00040741093
syn-0056,1,1,3,8,8,6.689913e-05,0.00022085842,0.00018480461,9.0374946e-05,5.8407466e-05,0.0004327366,0.00030287425,0.0001036154,0.9980288,0.0004630135,1.3927285e-05,3.367186e-05
syn-0057,1,1,3,8,8,6.4871776e-05,0.0002749938,0.00020808361,0.00013415221,8.9190275e-05,0.0003770668,0.00056170794,0.00011575944,0.99753016,0.0005801755,2.5206456e-05,3.8661125e-05
syn-0061,1,1,3,4,4,0.003166387,0.00936122,0.0015371576,0.0445075,0.40908355,0.0019931188,0.12525174,0.0015103733,0.0013328998,0.005439063,0.34786344,0.04895358
syn-0064,1,1,3,6,6,0.000103521,0.00027784935,0.00095989625,0.00078459294,0.00027893684,5.716972e-05,0.9449763,0.0011208634,0.0003599151,0.0009877105,0.049692165,0.00040112244
syn-0070,1,1,3,2,2,0.00019513906,6.924007e-05,0.9972682,0.00043635714,0.00020976296,0.00052151846,0.00035120107,0.00026999935,0.00022025946,6.255318e-05,0.00027911467,0.000116636715
syn-0072,1,1,3,0,0,0.9957313,0.00019332209,0.00037336664,0.0001270316,0.0012011298,0.00064681505,6.812804e-05,0.00021778283,0.00024847302,7.424174e-05,0.0003454763,0.00077297946
syn-0074,1,1,3,5,5,0.0004048355,0.0011694302,0.0003377576,0.0004444078,0.00072346145,0.9941399,9.206767e-05,0.0008697896,0.0015794138,0.00012857447,4.5844634e-05,6.439925e-05
syn-0075,1,1,3,7,7,7.497861e-05,0.00024850052,0.00064503367,0.0002860224,4.793938e-05,0.00028131317,0.00073243724,0.99584156,0.00019792852,0.00058530585,0.0007631032,0.0002959675
syn-0081,1,1,3,10,10,0.00012024002,3.384908e-05,0.00013664956,0.00014376799,0.00011988827,4.8015372e-05,0.00054363545,0.00019641161,4.5995905e-05,0.00066607614,0.9974202,0.00052536814
syn-0097,1,1,3,10,10,0.0001134077,3.547684e-05,0.00016670792,0.00015614947,0.00011474453,4.792615e-05,0.0005697782,0.00021208051,4.764615e-05,0.00069301244,0.9975132,0.00032992338
syn-0102,1,1,3,1,1,9.299125e-05,0.99727196,3.351515e-05,0.00045654713,0.0008796954,0.00021726942,0.0003226751,0.00012611483,0.00024704143,0.00019456896,1.218589e-05,0.00014544107
syn-0105,1,1,3,4,4,0.0023254715,0.0005499259,0.00010490396,0.00051635545,0.99477494,0.00063909433,7.563332e-05,3.0918836e-05,3.317107e-05,3.0678224e-05,0.00013695424,0.0007819125
syn-0120,1,1,3,3,3,3.9693674e-05,0.0006421894,0.0003052805,0.9965467,0.00062700687,0.00025883527,0.0008952452,0.00024267878,9.824279e-05,2.0794894e-05,0.00016711661,0.00015622684
syn-0121,1,1,3,9,9,4.8685077e-05,0.00052405323,0.0001437938,7.734401e-05,0.00012299336,6.239089e-05,0.00085698,0.0004845517,0.00116921,0.9956527,0.00043149557,0.00042574032
syn-0135,1,1,3,0,0,0.995839,0.00019928567,0.00036298035,0.00012729371,0.001208319,0.0006367005,7.00242e-05,0.00021442959,0.0002698758,7.4978416e-05,0.0003525004,0.000644717
syn-0136,1,1,3,6,6,3.7556605e-05,0.0025246486,0.00012386704,0.00085342897,0.00019128776,2.571162e-05,0.99395084,0.00040634267,0.0003815373,0.0007384911,0.0005266174,0.00023969443
syn-0139,1,1,3,1,1,7.694416e-05,0.9972996,3.117946e-05,0.0005207715,0.00063970033,0.00019841197,0.00043896204,0.0001430504,0.000283104,0.00022080481,1.1696514e-05,0.00013583478
syn-0147,1,1,3,0,0,0.9959961,0.00018944824,0.00033477266,0.00010741856,0.0013279365,0.00062075997,6.013878e-05,0.00017300066,0.000239719,6.630804e-05,0.00029113973,0.000593274
syn-0156,1,1,3,6,6,2.2678581e-05,0.0003124573,0.00019381978,0.00041212357,9.164344e-05,1.755891e-05,0.99732023,0.00035414696,0.00033669412,0.00035954834,0.0004620075,0.00011709933
syn-0159,1,1,3,11,11,0.00048711416,0.00022190373,0.00013250476,0.00017639952,0.0007470341,9.562619e-05,0.00017708993,0.00016555027,5.1687315e-05,0.00020927515,0.0006416688,0.9968941
syn-0160,1,1,3,5,5,0.00039870208,0.00041045537,0.00048481682,0.00055632036,0.0006636779,0.9964407,5.9464674e-05,0.00034656757,0.0004910109,5.096227e-05,4.3420398e-05,5.393212e-05
syn-0168,1,1,3,1,1,8.795182e-05,0.99722004,3.32526e-05,0.00043091053,0.0008694013,0.00014444272,0.00049834186,0.000125494,0.00019323337,0.00021981906,1.5105674e-05,0.00016192622
syn-0169,1,1,3,4,4,0.0027919807,0.002174397,0.00015582981,0.0016082001,0.9795594,0.012998544,0.00010730954,5.118688e-05,9.054035e-05,5.312208e-05,0.00013250958,0.00027698404
syn-0172,1,1,3,10,10,0.0001588685,3.256102e-05,0.0001802855,0.00017052428,0.00014953493,5.5931712e-05,0.00051346025,0.00015137148,4.373015e-05,0.00030750068,0.99768615,0.0005500561
syn-0175,1,1,3,11,11,0.00045826496,0.0004265246,0.000115528564,0.00023178422,0.0026552216,8.535197e-05,0.00030467464,0.00014003615,5.0175826e-05,0.00023984349,0.0007237295,0.99456894
syn-0182,1,1,3,6,6,2.4903899e-05,0.00034061304,0.00020092164,0.00035383579,9.1183676e-05,1.872516e-05,0.997174,0.00033812743,0.00044805542,0.00044337637,0.00044871224,0.000117425676
syn-0183,1,1,3,4,5,0.0005876066,0.00034267994,0.0003021188,0.00034638093,0.0018964413,0.99590415,4.4949826e-05,0.00015460886,0.0003062777,3.521268e-05,3.6401478e-05,4.322783e-05
syn-0185,1,1,3,7,7,9.204436e-05,0.00039323964,0.0016622833,0.0007282396,6.012883e-05,0.00033701325,0.0019703992,0.99194896,0.00022959874,0.0010024579,0.0011261309,0.0004495325
syn-0188,1,1,3,10,10,0.00013936088,3.8888542e-05,0.00016638641,0.00018543628,0.00016826554,4.423896e-05,0.00055145216,0.0001634872,3.8585906e-05,0.00040543353,0.9975358,0.0005627406
syn-0189,1,1,3,10,10,0.00012544257,3.9012393e-05,0.00015264838,0.00016569825,0.00014580043,5.068338e-05,0.0007484324,0.00017263576,4.8932503e-05,0.00069506565,0.99681133,0.00084436627
syn-0200,1,1,3,5,7,0.0010324378,0.008628155,0.0054533463,0.0076343305,0.001351823,0.38975433,0.0013127933,0.5760195,0.0056581367,0.0016147635,0.00059287914,0.0009474182
syn-0202,1,1,3,10,10,0.00012361836,3.162405e-05,0.00017492672,0.0001420756,0.00010481114,5.0141818e-05,0.00053474965,0.00023521726,4.4859138e-05,0.00046562054,0.9977848,0.00030745598
syn-0205,1,1,3,2,2,0.00019866876,7.6108976e-05,0.99712855,0.0004536069,0.00018984894,0.00064998,0.00029068903,0.00039505176,0.000176441,6.032486e-05,0.00027221174,0.00010859605
syn-0221,1,1,3,11,1,0.0007430841,0.9324538,0.0002031479,0.0035346854,0.03524871,0.0006160384,0.002375394,0.00061483635,0.0003049611,0.0013118172,0.00021000627,0.022383576
syn-0241,1,1,3,1,1,0.00011306702,0.99646086,3.6851157e-05,0.00065904914,0.0015419048,0.0002035418,0.00030659858,0.00012963197,0.00013691866,0.00017666756,1.5361848e-05,0.00021965172
syn-0247,1,1,3,3,4,0.0010277472,0.02857592,0.00055496965,0.13956101,0.81417376,0.0016519865,0.007655978,0.00031191838,0.00021270984,0.0002715292,0.0015413252,0.004461061
syn-0249,1,1,3,8,8,9.762536e-05,0.00022324854,0.0003366118,0.00013501097,8.228911e-05,0.001968532,0.00027153376,0.00022379422,0.99610305,0.00049433205,2.2387014e-05,4.1580097e-05
syn-0258,1,1,3,3,4,0.0031355554,0.006646079,0.0005707483,0.01731031,0.6597938,0.31044945,0.00036778374,0.00028364672,0.0003721191,0.00013636125,0.00031335567,0.0006207527
syn-0273,1,1,3,0,0,0.9841127,0.00020141249,0.00021482166,0.000122641,0.01344721,0.0005371686,4.897415e-05,9.607419e-05,0.000110042085,3.8969407e-05,0.00029810474,0.0007719635
syn-0276,1,1,3,6,6,9.255813e-05,0.00033691447,0.00044070857,0.00087005773,0.000369667,5.1920408e-05,0.96491,0.0008177429,0.00026213317,0.0008582435,0.030417059,0.0005731108
syn-0289,1,1,3,8,4,0.03089042,0.026190769,0.0020867793,0.007184673,0.48438862,0.35025758,0.0015118836,0.000995398,0.09335441,0.0013161151,0.000761709,0.0010616673
syn-0291,1,1,3,1,1,8.0325604e-05,0.9973392,3.3321594e-05,0.00050699216,0.00066456024,0.00019458207,0.00041283635,0.00014573523,0.00025365897,0.00020998284,1.1951e-05,0.00014687826
syn-0293,1,1,3,0,4,0.2918836,0.013715049,0.0019099138,0.00180827,0.6215488,0.021403661,0.0009793064,0.00094547594,0.040360007,0.0016642304,0.0013649538,0.0024167162
syn-0296,1,1,3,3,3,5.362867e-05,0.00048314946,0.00028569804,0.996657,0.00088974694,0.0005830742,0.00040964337,0.00021169164,0.00013260267,2.2138502e-05,0.00014226191,0.0001294045
syn-0297,1,1,3,11,11,0.0005762421,0.00024297825,0.0001368319,0.00017741982,0.0009549169,0.00010188364,0.00017029006,0.00015966056,4.8932066e-05,0.00018757577,0.00044072935,0.99680245
syn-0299,1,1,3,1,1,9.6135875e-05,0.9973259,3.1609507e-05,0.00039219865,0.0008341449,0.00016562197,0.0003687965,0.00013987688,0.00021391256,0.00023413534,1.3306112e-05,0.00018440414
syn-0301,1,1,3,3,3,5.16843e-05,0.0004143442,0.00028214458,0.99683595,0.00091389223,0.00044300963,0.00044757556,0.00017656157,0.000120287,1.9502539e-05,0.00015811427,0.0001368365
syn-0307,1,1,3,3,3,0.00023560158,0.0044606957,0.00033031037,0.94322854,0.04826238,0.0011796604,0.000857597,0.00021409907,0.00012104065,5.1653806e-05,0.00032838059,0.00072996854
syn-0312,1,1,3,11,11,0.0006750452,0.0026659474,0.00050855655,0.0008254688,0.0013716421,0.00031700588,0.004899987,0.0062075993,0.00053504866,0.02600767,0.0146890525,0.941297
syn-0321,1,1,3,9,9,5.215571e-05,0.00044770565,0.00013073586,7.663081e-05,0.00011868812,6.736281e-05,0.0005726592,0.0005500155,0.00086003065,0.99615234,0.00050429156,0.0004673623
syn-0329,1,1,3,8,8,5.953962e-05,0.00019107338,0.00022957996,0.00011199765,5.7595178e-05,0.00040143414,0.00031761386,0.00013274098,0.9976966,0.0007458123,2.1312595e-05,3.4729153e-05
syn-0336,1,1,3,0,0,0.9958734,0.00017777452,0.00028940316,0.000103897684,0.0016850315,0.0005928027,5.4112377e-05,0.00015146578,0.00019677846,5.475024e-05,0.00028645078,0.0005341163
syn-0341,1,1,3,8,8,6.144667e-05,0.00021259322,0.00018889975,9.3147595e-05,5.38045e-05,0.00040518312,0.00030992602,0.000120072,0.9979736,0.00053432886,1.4623397e-05,3.2443422e-05
syn-0352,1,1,3,8,8,6.708986e-05,0.00023296913,0.00018852601,9.010312e-05,5.406638e-05,0.00039716554,0.00031082687,0.00010826139,0.9979463,0.0005547856,1.544496e-05,3.45349e-05
syn-0364,1,1,3,4,5,0.0015287929,0.0010987312,0.00030719952,0.0008683196,0.020550126,0.97480947,8.5975276e-05,0.00012856102,0.00039483735,5.5945184e-05,6.8948284e-05,0.00010310011
syn-0368,1,1,3,9,9,5.153326e-05,0.0005102761,0.00013471546,7.281562e-05,0.00012593703,6.52715e-05,0.0006504262,0.00042375736,0.0013277631,0.99586606,0.00038677859,0.00038470674
syn-0379,1,1,3,3,4,0.00086503784,0.004210315,0.001092443,0.3962206,0.58329314,0.010289173,0.0011282221,0.00039372942,0.00035362676,0.00013343742,0.00088988617,0.0011304277
syn-0385,1,1,3,5,5,0.0055219186,0.0011982874,0.00043846393,0.0010492555,0.07988598,0.9106823,0.00010599115,0.0001506438,0.0005998947,7.4428586e-05,0.00012636025,0.00016642212
syn-0386,1,1,3,10,10,0.00012867925,3.0954496e-05,0.00023096909,0.00016865088,0.00011378107,5.6380744e-05,0.0004617543,0.00023696647,4.4081225e-05,0.000365869,0.9978694,0.0002924003
syn-0388,1,1,3,5,5,0.0006312261,0.0005123069,0.0003545182,0.00050338014,0.0015175635,0.99471635,7.1464245e-05,0.00051456323,0.0010083271,6.819166e-05,4.1929685e-05,6.0296577e-05
syn-0401,1,1,3,11,4,0.008798628,0.016242528,0.00056069513,0.0028669764,0.5913213,0.0014757931,0.00086842163,0.00040861403,0.00017643053,0.0005853126,0.0008286537,0.37586668
syn-0409,1,1,3,10,1,0.0005617,0.9410919,0.0003018331,0.006266769,0.007912759,0.00040378794,0.024260214,0.0016509282,0.0007874962,0.0063126446,0.002542069,0.00790793
syn-0413,1,1,3,9,9,5.573111e-05,0.0004114988,0.00013807058,7.455627e-05,0.00013291092,7.311422e-05,0.00056066987,0.00057459663,0.00072760065,0.9960514,0.0006445693,0.00055522117
syn-0417,1,1,3,7,7,0.00011617776,0.0006302014,0.002816104,0.0007597969,9.8406395e-05,0.0025354573,0.0007785749,0.99043816,0.00046901245,0.00044188913,0.0006305091,0.00028586283
syn-0418,1,1,3,0,0,0.995826,0.00014940194,0.00024934745,8.973624e-05,0.0018981453,0.00042821217,4.7380126e-05,0.00012917041,0.00013993956,4.6192257e-05,0.00025513594,0.0007412403
syn-0440,1,1,3,1,1,0.000120445955,0.99620557,4.8617065e-05,0.0004169225,0.00071411737,0.0003215441,0.00043395438,0.00021367226,0.00088154816,0.00046375,1.476956e-05,0.00016495195
syn-0452,1,1,3,10,10,0.000117529824,4.2029507e-05,0.0002813893,0.00021198933,0.0001435793,4.762567e-05,0.00302522,0.00025347035,5.481681e-05,0.00036682165,0.99513876,0.0003167609
syn-0453,1,1,3,1,1,9.251574e-05,0.9970289,3.6656744e-05,0.0005358142,0.00093711726,0.0002107391,0.00043040744,0.00015105034,0.00021301513,0.00019739193,1.45525955e-05,0.000151938
syn-0456,1,1,3,11,11,0.002581744,0.023078348,0.0015659069,0.18134809,0.13958861,0.002524402,0.005938597,0.0015476636,0.00024776245,0.00066434295,0.0029831994,0.6379314
syn-0459,1,1,3,5,5,0.008452062,0.006240629,0.0011724185,0.0023683505,0.036579877,0.8514657,0.0006214518,0.0005976443,0.091513865,0.00047277554,0.00019785353,0.0003174065
syn-0460,1,1,3,8,8,4.5060013e-05,0.00031500086,0.0002608263,0.00015408239,6.183079e-05,0.0002679258,0.0014476862,0.0001357119,0.99639744,0.0008510508,2.328569e-05,4.0155555e-05
syn-0461,1,1,3,2,2,0.00018979196,6.691666e-05,0.99731606,0.00039080883,0.00019362978,0.0004861617,0.00036762425,0.00031268492,0.00022221456,6.931104e-05,0.00027844743,0.00010641167
syn-0468,1,1,3,6,6,2.5100988e-05,0.00036375888,0.0001616142,0.00036473706,9.6881944e-05,1.7695278e-05,0.99724424,0.00033047926,0.0003859923,0.00043685298,0.00045127072,0.00012139857
syn-0476,1,1,3,7,7,0.000622229,0.0023887441,0.0035872431,0.0012842339,0.00037300412,0.056450572,0.0008211058,0.92360765,0.0073650395,0.0021643823,0.00069822586,0.0006376071
syn-0487,1,1,3,6,6,3.3061642e-05,0.0009004902,0.0001558907,0.0011365212,0.00021706779,2.0851718e-05,0.995374,0.0002964069,0.00038133806,0.00046223303,0.00078941055,0.00023265246
syn-0490,1,1,3,7,7,7.891675e-05,0.0003507567,0.0005657318,0.00035024324,5.9453254e-05,0.00052603416,0.0005083583,0.9962494,0.0002520245,0.0003856072,0.00039726534,0.00027625466
syn-0493,1,1,3,8,8,6.4014734e-05,0.0001910194,0.00023501526,0.00010554245,5.5292036e-05,0.00041171003,0.00030509912,0.00013525477,0.9979018,0.00054323446,1.756915e-05,3.4465975e-05
syn-0008,1,1,4,8,8,0.00014694978,0.00023747713,0.00030144778,7.106026e-05,0.00011522961,0.00037602894,0.00050427567,9.712788e-05,0.9978249,0.00025021422,2.3228138e-05,5.214134e-05
syn-0014,1,1,4,0,0,0.99331564,5.5037923e-05,0.00027130326,7.784364e-05,0.0046179676,0.00023965823,6.0094186e-05,7.19936e-05,0.00028781543,2.0606378e-05,0.00024920513,0.0007328124
syn-0019,1,1,4,0,0,0.99138004,6.12796e-05,0.0002776022,8.2864346e-05,0.0064617153,0.00021005735,6.422047e-05,6.690927e-05,0.00028627444,2.0406176e-05,0.00025177427,0.0008369002
syn-0022,1,1,4,10,1,2.3800707e-05,0.99290186,6.113439e-05,0.003054,0.0014764572,0.00017535027,0.000734746,0.00027775698,0.00014494521,0.00073393923,4.950814e-05,0.0003665336
syn-0035,1,1,4,9,9,3.693711e-05,0.0017645867,0.00028022245,0.0009896018,0.0001925939,0.0002010498,0.0008388396,0.0010106609,0.00047158136,0.99294984,0.00063427235,0.00062964374
syn-0037,1,1,4,8,8,0.000104421124,0.0003483703,0.00031773731,9.819041e-05,0.00010320458,0.00020315299,0.0012067639,0.00013277639,0.9969885,0.00038949,4.0652998e-05,6.676416e-05
syn-0039,1,1,4,1,1,2.8649773e-05,0.9966717,2.8818135e-05,0.00051125034,0.0016013191,0.00022023525,0.00034554943,8.773195e-05,0.0001824923,0.00020052647,2.2356087e-05,9.9316276e-05
syn-0041,1,1,4,10,10,0.00027013975,7.516176e-05,0.0001584971,0.00012235754,0.00013973669,6.944541e-05,0.00059568434,0.0002899592,8.8648725e-05,0.00037984364,0.99729973,0.00051087816
syn-0046,1,1,4,8,8,0.0001257806,0.00026967956,0.00036458077,7.9251404e-05,0.00011046031,0.00033668854,0.0005777824,0.00014590805,0.9975472,0.00035078515,3.161652e-05,6.023244e-05
syn-0048,1,1,4,11,11,0.0003190781,0.0004340037,0.00015131173,0.0018285627,0.0011351032,0.00014076284,0.0002640089,0.0013367032,8.2266764e-05,0.00028601973,0.0011030036,0.99291927
syn-0054,1,1,4,5,5,0.00042875917,0.00048751128,0.00034183663,0.00025477674,0.0030977598,0.9944239,9.538923e-05,0.00018567195,0.00040992472,0.00013038162,5.2167e-05,9.191427e-05
syn-0055,1,1,4,3,3,4.5148805e-05,0.00070521235,0.00025628548,0.9964128,0.00034185196,0.00030286406,0.00025728854,0.00052355777,4.5237073e-05,0.0004783369,0.00011350409,0.0005178373
syn-0076,1,1,4,5,5,0.0035818522,0.002082147,0.0003423162,0.0004980672,0.20015126,0.7916136,0.00016360478,0.0001516055,0.0008664859,0.00016012733,0.0001035881,0.00028545782
syn-0080,1,1,4,3,3,5.0731887e-05,0.0010590515,0.00019090006,0.99581856,0.0006354839,0.00030775042,0.00027775794,0.00034214894,3.466378e-05,0.00025216164,0.00011102527,0.0009197829
syn-0084,1,1,4,5,5,0.00043969607,0.00049702596,0.0005290814,0.0008097126,0.0061054863,0.9903466,8.3999446e-05,0.00039491156,0.00026851846,0.00017661536,6.085808e-05,0.00028751616
syn-0106,1,1,4,10,10,0.000174877,8.77621e-05,0.00017334674,0.00012461335,0.00012328188,4.6701225e-05,0.003394471,0.00024291126,0.00010042341,0.00022323466,0.9950689,0.00023949584
syn-0108,1,1,4,8,8,0.00017548948,0.00025897697,0.00031629973,9.5691896e-05,0.00013442109,0.00028056835,0.000609907,0.00011576512,0.99757916,0.00032443358,4.083629e-05,6.8521615e-05
syn-0109,1,1,4,3,9,9.3390765e-05,0.004919814,0.0010835136,0.14499417,0.0005676358,0.0005632185,0.0031337203,0.011501919,0.0005676358,0.8214479,0.0024512925,0.008675748
syn-0111,1,1,4,3,3,4.3331987e-05,0.0008544504,0.00018296973,0.9963559,0.00044518095,0.00030240347,0.0002252765,0.00044518095,3.3615415e-05,0.00033636857,9.632416e-05,0.00067906856
syn-0113,1,1,4,11,11,0.001473943,0.0001415191,0.000110971196,0.0004552705,0.00083370524,7.7773584e-05,0.0001803,0.00030535582,9.7740645e-05,0.00011940401,0.000870462,0.9953335
syn-0124,1,1,4,6,6,4.1702682e-05,0.0005353243,0.00015769199,0.0001843606,8.7000786e-05,2.7888706e-05,0.99709046,0.00038106422,0.00048223985,0.0001691788,0.00072720484,0.000115821465
syn-0129,1,1,4,11,11,0.00047788024,0.00033117962,0.00012448002,0.0028400777,0.0016107385,9.544215e-05,0.00024563159,0.00024467395,6.6629356e-05,0.00015705047,0.0007720864,0.9930341
syn-0138,1,1,4,4,4,0.0026899565,0.0008691534,6.495194e-05,0.00036779814,0.99292773,0.00057876896,9.655685e-05,2.660421e-05,5.743195e-05,2.3570024e-05,0.00013912411,0.0021582772
syn-0140,1,1,4,11,11,0.0004674668,0.0003921118,0.00029453987,0.018819349,0.0010457651,0.00022693693,0.00047205426,0.0017447122,0.00013057368,0.00069357513,0.0009920463,0.9747209
syn-0142,1,1,4,4,3,0.00024109043,0.007726856,0.00041413322,0.95769197,0.025974216,0.0025424538,0.00043741186,0.0005851633,0.000108033106,0.001164873,0.00028131332,0.0028325063
syn-0143,1,1,4,1,1,2.6502132e-05,0.99687564,3.752027e-05,0.00037654352,0.0011468831,0.0001573504,0.0005351783,0.00010080244,0.00031019028,0.0003114044,2.1420203e-05,0.00010060575
syn-0145,1,1,4,2,2,0.00034974693,0.0001527931,0.9948376,0.0013505728,0.0002343508,0.000816892,0.00038713453,0.00096532854,0.0003277557,0.00018162359,0.0002396741,0.00015656932
syn-0146,1,1,4,10,10,0.00016681467,6.390584e-05,0.0001421973,0.0001059821,0.000118578464,4.6074627e-05,0.0014277516,0.00019569386,6.316132e-05,0.0001895804,0.9971777,0.00030257902
syn-0150,1,1,4,3,3,4.0315663e-05,0.014579403,0.00021815735,0.9810213,0.0011092477,0.00048447613,0.0005167304,0.000516226,6.582333e-05,0.00073945965,0.00010642529,0.00060235185
syn-0165,1,1,4,8,8,0.00016062266,0.00034053664,0.000270309,0.00010289874,0.00012375647,0.0001979555,0.0012293172,0.00012718713,0.99695045,0.00036910796,5.291603e-05,7.491563e-05
syn-0174,1,1,4,10,10,0.0001897802,6.313534e-05,0.00017288123,0.00010676939,0.00011365542,5.5771176e-05,0.0008207529,0.00021875586,6.313534e-05,0.00018867145,0.99774134,0.0002652263
syn-0176,1,1,4,10,10,0.00024835387,0.00021367666,0.00018838495,0.000421434,0.00042081712,6.697422e-05,0.002049203,0.00041795024,7.559585e-05,0.00046421273,0.990406,0.0050274446
syn-0178,1,1,4,9,9,3.6549936e-05,0.0009838642,0.00035918434,0.00079961366,0.0001410713,0.0001995261,0.0006802821,0.0009499125,0.00045917952,0.99412376,0.00077899586,0.00048807854
syn-0187,1,1,4,3,3,4.3933716e-05,0.0006837245,0.00023866593,0.99647456,0.00036409983,0.00033232704,0.00024914465,0.00052924507,4.2085925e-05,0.00041197526,0.00010457134,0.0005256395
syn-0195,1,1,4,4,5,0.0018063479,0.0031679182,0.00030416434,0.0007353751,0.4740797,0.51864475,0.0001587257,0.00013952883,0.0003963179,0.00014117357,0.000109731554,0.0003162809
syn-0206,1,1,4,8,10,0.0015717652,0.0015368554,0.0025388,0.0014423329,0.0010635095,0.0007453552,0.06049677,0.003112122,0.046158545,0.004304959,0.87521094,0.0018179457
syn-0211,1,1,4,0,0,0.99480516,4.9894537e-05,0.000268807,8.114517e-05,0.002919733,0.00020389934,6.125159e-05,7.3811396e-05,0.00027357388,2.1839925e-05,0.00026999085,0.0009708513
syn-0215,1,1,4,10,10,0.0002408344,6.325635e-05,0.00016137307,0.00011521557,0.00012312636,5.9773054e-05,0.0005788612,0.00023228773,6.6681656e-05,0.0002283517,0.99770325,0.00042690363
syn-0217,1,1,4,6,6,3.852656e-05,0.001561647,0.00013460229,0.00027270184,9.098757e-05,3.2190146e-05,0.99600154,0.0003609186,0.00085990044,0.00020364676,0.00031726784,0.00012607724
syn-0223,1,1,4,6,6,3.9221748e-05,0.00040750438,0.00013438068,0.000164165,8.417545e-05,2.562197e-05,0.9963058,0.00035883204,0.0004994067,0.00018171409,0.0016775519,0.00012164018
syn-0225,1,1,4,7,7,5.1887277e-05,0.00032889989,0.0005051991,0.0010463027,4.6784786e-05,0.00024346475,0.000654415,0.9949043,0.00014173462,0.000677004,0.00047831287,0.0009218034
syn-0228,1,1,4,6,6,4.2683787e-05,0.000570824,0.00013617972,0.00026095973,8.861384e-05,3.1781914e-05,0.9969072,0.0003928004,0.0006091243,0.00021571032,0.0005991685,0.00014496254
syn-0229,1,1,4,7,5,0.00049753784,0.0017416726,0.002983007,0.0028009077,0.0021360267,0.9660401,0.0004226674,0.020385154,0.0010973869,0.0010984591,0.00031165543,0.00048553798
syn-0230,1,1,4,9,9,4.4648146e-05,0.000550875,0.00051775196,0.0005834047,0.00013833414,0.00033608612,0.00038176635,0.0010628769,0.00051927107,0.99503326,0.00046479024,0.00036696187
syn-0232,1,1,4,8,8,0.0001869205,0.00024908467,0.00030578155,8.487102e-05,0.00013030053,0.0003746514,0.00044450237,0.000106556115,0.997695,0.0003341995,2.9244833e-05,5.8731053e-05
syn-0234,1,1,4,4,6,3.986793e-05,0.00061457994,0.00013434565,0.00021594534,8.464804e-05,2.933941e-05,0.9970193,0.0004002017,0.0006636581,0.00018688513,0.00048038407,0.00013097748
syn-0236,1,1,4,11,0,0.3994068,0.0008788332,0.0009708815,0.0018732516,0.21842982,0.0014306722,0.0005900207,0.00056963816,0.0012588704,0.00048156086,0.0025479596,0.37156162
syn-0237,1,1,4,4,4,0.020250138,0.000755472,0.00018360594,0.0005114275,0.9568344,0.0005385949,0.00019317048,7.579454e-05,0.0001738346,7.668798e-05,0.00066442677,0.019742446
syn-0255,1,1,4,2,2,0.000316327,9.4078554e-05,0.9971782,0.000254238,0.00016191942,0.0004602531,0.00030324474,0.00049875455,0.00030945227,9.490906e-05,0.00023570642,9.289174e-05
syn-0264,1,1,4,0,0,0.9957354,6.475506e-05,0.00042733777,0.00010697177,0.0014602086,0.00026579393,8.578652e-05,0.000121689314,0.00040449653,3.0767875e-05,0.00032917465,0.0009674981
syn-0270,1,1,4,10,10,0.00036768537,0.00011966174,0.00014532969,0.00020098368,0.00041239173,6.918731e-05,0.0008965777,0.0002100129,7.208407e-05,0.0002543154,0.9955356,0.0017160062
syn-0294,1,1,4,1,1,2.5542813e-05,0.99711525,3.4371613e-05,0.00047672066,0.0010871692,0.00018186172,0.00042191308,9.945756e-05,0.00020547347,0.00023317325,2.362324e-05,9.53676e-05
syn-0300,1,1,4,10,10,0.00033916254,6.615219e-05,0.00016826694,0.00012395116,0.0001751409,7.01441e-05,0.0005186468,0.00019701237,6.77871e-05,0.00020217738,0.9975441,0.00052745774
syn-0316,1,1,4,0,0,0.8069516,0.00020274651,0.00038361974,0.0002179405,0.18722783,0.0015953575,0.000118260985,9.842554e-05,0.0005559873,4.1110077e-05,0.000338874,0.0022682217
syn-0327,1,1,4,1,1,2.750012e-05,0.996732,3.7150287e-05,0.00041724465,0.0012956003,0.00020720766,0.00052846177,0.00010812965,0.00030177998,0.0002317219,2.3067138e-05,9.0169415e-05
syn-0330,1,1,4,0,0,0.9483367,9.459213e-05,0.0002673709,0.0001240964,0.04805219,0.00045414743,8.2343744e-05,6.6035944e-05,0.00032599398,2.3591876e-05,0.00029973374,0.0018732199
syn-0334,1,1,4,6,6,3.5117682e-05,0.00064869627,0.00016461784,0.00018472367,6.8355395e-05,2.7083894e-05,0.9971047,0.00042057168,0.00054819416,0.00016574701,0.00052728975,0.000104944476
syn-0339,1,1,4,7,7,5.9428694e-05,0.00030715583,0.0006543897,0.00071224343,5.143125e-05,0.00029887084,0.00049035455,0.9958378,0.00018941812,0.0005559159,0.00041778732,0.00042519617
syn-0340,1,1,4,9,9,4.5616034e-05,0.0005189979,0.0004506931,0.000597363,0.00014482594,0.00029427567,0.00041702652,0.0009785934,0.0005059861,0.9949956,0.00061078294,0.0004402528
syn-0345,1,1,4,7,7,5.933833e-05,0.00033815007,0.00078910706,0.0013879724,6.632611e-05,0.00064767705,0.00040274137,0.9943236,0.00017611658,0.00079200213,0.000351964,0.0006649816
syn-0358,1,1,4,2,2,0.00026933273,9.617432e-05,0.99675083,0.00028684322,0.0001323564,0.0004722899,0.00027774659,0.0010507669,0.0002549991,0.00011276906,0.00021057749,8.520572e-05
syn-0359,1,1,4,4,4,0.0012059433,0.0014653385,4.122483e-05,0.00019918541,0.99533796,0.0012261309,6.5877095e-05,2.2945074e-05,7.136937e-05,2.4093244e-05,5.6457822e-05,0.00028351453
syn-0360,1,1,4,0,0,0.9951722,5.2206255e-05,0.00030145486,8.0151076e-05,0.0026672308,0.00022810629,6.1514e-05,7.960504e-05,0.0002852724,2.1762806e-05,0.00025759632,0.0007928716
syn-0374,1,1,4,8,8,0.00023343711,0.00025588027,0.00028240506,7.7886805e-05,0.0001571821,0.00036693446,0.00042306137,9.204234e-05,0.9977563,0.00026973608,2.5212172e-05,5.9893093e-05
syn-0375,1,1,4,8,8,0.00012405573,0.00031478293,0.0003299702,9.129448e-05,0.00012417694,0.00028244525,0.0007407003,0.00013598271,0.9974112,0.00034202746,3.554256e-05,6.784429e-05
syn-0383,1,1,4,2,2,0.00032885917,0.00010804983,0.9969694,0.00021762814,0.00016141194,0.00047924722,0.0003078053,0.00061259244,0.00029385334,0.00011660177,0.00031006802,9.4426985e-05
syn-0393,1,1,4,2,2,0.00021745409,0.00013754895,0.996172,0.0004934017,0.000147857,0.00047600814,0.00039917888,0.0011567555,0.00021873196,0.00016591571,0.00030353098,0.00011171736
syn-0399,1,1,4,8,8,0.00013543664,0.0003947798,0.00042003577,0.00014933024,0.00012624085,0.00021348833,0.0022997027,0.00017802812,0.99534804,0.0005236371,0.00010609802,0.0001051696
syn-0402,1,1,4,1,1,2.7647964e-05,0.99623615,2.7919288e-05,0.00054828526,0.0018441014,0.00014261904,0.00054927333,8.872731e-05,0.0001762831,0.00021799965,2.937368e-05,0.00011150654
syn-0403,1,1,4,9,9,5.0105114e-05,0.0006787985,0.00044920642,0.00048357813,0.00015090677,0.00031978177,0.0004627873,0.00077407743,0.00065040786,0.9951089,0.00050014816,0.00037131575
syn-0406,1,1,4,4,4,0.01843936,0.0016041482,0.00034675203,0.006196046,0.8755384,0.0008785716,0.00035845855,0.0001500126,0.00019951223,0.00014119931,0.00093706296,0.09521039
syn-0419,1,1,4,1,1,2.3668515e-05,0.99707687,2.962904e-05,0.00058339094,0.0009584501,0.00014669629,0.00049587357,0.00012090499,0.00017677678,0.00025495797,2.5641799e-05,0.000107115884
syn-0422,1,1,4,1,1,2.353065e-05,0.9970944,2.8774102e-05,0.0005402499,0.001079213,0.00018544475,0.0003670045,0.00010043148,0.00019586869,0.00026563735,2.0969508e-05,9.8488956e-05
syn-0425,1,1,4,5,5,0.00057089666,0.0019139512,0.00028734538,0.0006218243,0.06663425,0.9288844,0.00010810963,0.00017141427,0.0002870649,0.00016974845,7.756486e-05,0.00027338477
syn-0429,1,1,4,2,2,0.00032921828,9.379446e-05,0.99708384,0.00023602962,0.00016397263,0.00048279614,0.00028693906,0.00054300454,0.00030949854,0.00011127495,0.0002588484,0.00010082349
syn-0436,1,1,4,6,6,3.7025322e-05,0.0004778129,0.0001524202,0.00017153806,7.6119555e-05,2.5447107e-05,0.9972671,0.00038206333,0.0004623778,0.00017440964,0.0006599851,0.00011371239
syn-0444,1,1,4,5,1,0.00078656006,0.49629945,0.0056056837,0.12609835,0.023955375,0.29062194,0.016419802,0.024430368,0.0037015143,0.007775124,0.0009618331,0.0033440394
syn-0445,1,1,4,6,6,3.6942598e-05,0.0006110146,0.00017487175,0.00018219334,6.901786e-05,2.9338382e-05,0.9969843,0.00038513873,0.0008052497,0.00015922252,0.00046309386,9.963891e-05
syn-0454,1,1,4,11,11,0.0006890324,0.00016579095,0.0001362428,0.0008491812,0.00054867426,0.00010947416,0.00020673354,0.0005762705,9.623397e-05,0.00015605068,0.0010434912,0.9954229
syn-0463,1,1,4,11,11,0.00032495824,0.00025781736,0.00017007436,0.0022589637,0.0004725806,0.00013414629,0.00030497203,0.0012189916,8.901232e-05,0.00024625138,0.00092492916,0.99359727
syn-0465,1,1,4,7,7,8.4028754e-05,0.0009541745,0.0028535114,0.004102463,0.00013881086,0.0035038858,0.00061726576,0.9849043,0.0003582942,0.0014753311,0.00043600056,0.00057199365
syn-0471,1,1,4,5,5,0.011999646,0.0011199624,0.0016616753,0.0021778413,0.21176614,0.76259923,0.000381048,0.0010676326,0.0014324537,0.000404832,0.00039161104,0.004997924
syn-0481,1,1,4,9,9,4.06635e-05,0.0005138606,0.0005478036,0.000653079,0.00012537479,0.00028951917,0.00035127904,0.00093099265,0.0005222077,0.9953002,0.00038693647,0.00033798674
syn-0492,1,1,4,6,6,3.4377455e-05,0.00051664806,0.00018082999,0.00016099065,6.460297e-05,2.5298887e-05,0.99728477,0.00042147003,0.0005334388,0.00016675115,0.00051013054,0.000100647034
syn-0497,1,1,4,5,5,0.00023252617,0.004156995,0.0020254632,0.0020116642,0.0020077392,0.9794103,0.00022625417,0.008093427,0.0006102365,0.00084557635,0.00013563132,0.00024416178
syn-0005,1,2,0,11,11,8.79534e-05,0.00043888134,0.00023803378,0.00012586446,0.00023618138,0.0003554169,0.0004389885,0.00020113084,4.2448497e-05,0.0004983508,9.869572e-05,0.9972379
syn-0007,1,2,0,6,6,0.001068737,0.0002879277,0.00047983945,0.00044075566,0.001348703,0.0004850218,0.99370307,0.00030589936,0.00047147847,5.274367e-05,0.0008925272,0.0004632632
syn-0009,1,2,0,8,8,0.00048944156,0.0001041064,5.4141714e-05,1.7680535e-05,0.00014077619,0.00012924659,0.00013671172,0.00023834557,0.9983613,0.0002274448,2.6232407e-05,7.458337e-05
syn-0023,1,2,0,1,1,0.0006001348,0.9970837,2.5542005e-05,7.163433e-05,0.00046077164,0.00022390521,0.0002142787,7.0111724e-05,0.00011695728,0.00031421895,0.00048412397,0.00033448433
syn-0029,1,2,0,2,2,8.265364e-05,3.8437513e-05,0.99758875,0.00039407788,3.2115746e-05,0.00011068088,0.00066716527,0.0004126121,0.000118511554,0.00016357574,0.00016214435,0.00022933107
syn-0034,1,2,0,0,0,0.9967091,0.0005647506,5.6756875e-05,9.1408576e-05,0.000619047,0.00015824861,0.00016994186,0.00027773497,0.0005355443,0.0002327371,0.0003592403,0.00022557656
syn-0042,1,2,0,9,9,0.00015235442,0.00023129405,7.690844e-05,0.00030136984,0.00021307808,7.1546674e-05,8.4798e-05,0.0001872162,0.00031306918,0.99781066,0.00015490483,0.00040297143
syn-0065,1,2,0,11,11,0.0001324314,0.00036280925,0.00024429327,9.4922136e-05,0.00030107333,0.0001627344,0.0005744137,0.00020055806,5.1206654e-05,0.00040375604,0.00015619477,0.9973156
syn-0071,1,2,0,6,6,9.912799e-05,6.655139e-05,0.00061713404,0.0002936385,0.0002024067,0.00010449574,0.99770087,0.0001333913,7.949616e-05,4.600885e-05,0.0003945554,0.0002623177
syn-0073,1,2,0,11,11,0.00019474285,0.0032602237,0.0003207633,0.00024047532,0.00069890305,0.00073065807,0.00264408,0.00020448775,6.163867e-05,0.0010369543,0.0011781831,0.9894288
syn-0082,1,2,0,1,1,0.00045192914,0.9889938,6.221619e-05,0.00016764122,0.0010983581,0.00052939163,0.0010501897,8.791043e-05,9.0171096e-05,0.0005599687,0.006272288,0.0006360787
syn-0087,1,2,0,5,4,0.08030946,0.019399228,0.00021884621,0.00056543085,0.796186,0.0094336765,0.0037597932,0.000667543,0.048001826,0.023820711,0.014955833,0.0026817604
syn-0112,1,2,0,4,8,0.075961694,0.00075348065,0.00012348374,7.788021e-05,0.005015112,0.0005214113,0.00055341574,0.00045567213,0.91462165,0.0013419132,0.00030892598,0.0002652726
syn-0117,1,2,0,6,6,0.00010759516,7.223598e-05,0.00041034518,0.00033960724,0.00034825542,8.946124e-05,0.9976336,9.439767e-05,7.818203e-05,4.0918363e-05,0.000527956,0.000257478
syn-0118,1,2,0,5,5,0.00022084767,0.00048267018,5.263552e-05,0.0003951962,0.00017650552,0.99749315,0.00013612674,0.0003866074,0.00015698725,8.5102794e-05,2.752112e-05,0.00038656022
syn-0123,1,2,0,10,10,0.00024197718,0.00043811058,0.00011863776,6.717003e-05,0.0002587652,3.8534854e-05,0.00035618138,4.2529417e-05,4.6800742e-05,0.00018205293,0.99816364,4.567198e-05
syn-0127,1,2,0,11,11,0.00011791613,0.0002935603,0.00054178864,0.0008214029,0.00045958563,0.0005037711,0.00076367153,0.00032335886,4.8392685e-05,0.0005144602,0.00012309327,0.99548894
syn-0130,1,2,0,6,6,0.0043957583,0.009261623,0.0006543289,0.0014992373,0.0392364,0.0050917044,0.91777164,0.0003968705,0.0029040002,0.0006075238,0.014217423,0.0039634877
syn-0133,1,2,0,2,2,7.93808e-05,4.0901657e-05,0.9972263,0.0004169932,3.364478e-05,0.00012784505,0.000854675,0.0004682947,0.00012476163,0.00016690428,0.00017372257,0.00028669994
syn-0134,1,2,0,5,5,0.00043660062,0.00032445404,0.00021382366,0.0009808368,0.00011739475,0.9833746,0.0002293993,0.01307468,0.0004103486,0.00020264195,3.1782052e-05,0.000603502
syn-0144,1,2,0,9,9,0.00019128506,0.00022167797,6.7081826e-05,0.00026260718,0.00024004238,6.0721868e-05,6.4511965e-05,0.00017987126,0.00032986604,0.9978269,0.00014523805,0.0004101242
syn-0151,1,2,0,10,11,0.0007467385,0.010656424,0.000938451,0.00045159482,0.0066963546,0.0011100934,0.008977991,0.00033691025,0.00016039332,0.0034310357,0.023027074,0.94346696
syn-0152,1,2,0,3,3,0.00047419054,0.00034692517,0.00046958227,0.9696166,0.023435326,0.0012902428,0.0021110827,0.00036499745,0.00011241036,0.0007489262,0.00035376765,0.000675938
syn-0153,1,2,0,4,4,0.19373502,0.19717063,0.0002304126,0.0024103513,0.45933166,0.12981373,0.0023522174,0.0007932986,0.0033529836,0.0036431856,0.0023776216,0.0047888774
syn-0154,1,2,0,1,1,0.0006469339,0.99706995,2.986122e-05,8.038238e-05,0.00034358405,0.00037827564,0.000193582,9.397652e-05,0.00015253895,0.00032625324,0.0004000267,0.00028456314
syn-0155,1,2,0,4,4,0.0007114317,0.0005761174,2.2032476e-05,0.00023942966,0.9957659,0.00016011878,0.0009813255,2.4868732e-05,0.00017637205,0.0002384962,0.00086930016,0.00023456948
syn-0162,1,2,0,9,9,0.00016895785,0.00028033828,7.280993e-05,0.00029479788,0.0002562499,5.7935875e-05,8.7312445e-05,0.00018108838,0.00025141632,0.997735,0.0002012311,0.0004127986
syn-0164,1,2,0,8,8,0.001990833,0.0002177653,7.2092436e-05,4.9548355e-05,0.0017845712,0.00058390945,0.0004925421,0.0003328641,0.9937084,0.0005366109,7.0698035e-05,0.00016025675
syn-0170,1,2,0,6,6,0.00012600549,0.00010569359,0.0003005055,0.000146741,0.00040152145,9.254839e-05,0.9973808,7.5388416e-05,7.082085e-05,3.957202e-05,0.00077964226,0.0004807343
syn-0173,1,2,0,8,8,0.0004858364,7.884726e-05,6.06909e-05,1.7748513e-05,0.00011550899,0.000145164,0.00014601706,0.00031475353,0.9982925,0.00023656106,3.07867e-05,7.560485e-05
syn-0190,1,2,0,3,3,0.00013629216,0.00031843985,0.000232521,0.9938406,0.0003295122,0.003480862,0.00036598553,0.0005138592,5.275097e-05,0.000448196,8.7996836e-05,0.00019314354
syn-0193,1,2,0,11,11,9.446471e-05,0.00040112424,0.0002327772,0.00012575796,0.00023632748,0.00025156926,0.0005340044,0.00018695043,4.5546516e-05,0.00041375626,0.00011000987,0.9973677
syn-0198,1,2,0,0,0,0.6484476,0.028714253,0.000118731856,0.0008911321,0.29227823,0.020381348,0.0011397753,0.00054473814,0.0027799495,0.0013535166,0.00092844234,0.0024223481
syn-0201,1,2,0,0,0,0.9960393,0.0010749173,6.515548e-05,8.870978e-05,0.00030977876,0.00026756804,0.0001596942,0.00044482228,0.0009146121,0.00020226705,0.00022498508,0.00020828049
syn-0204,1,2,0,1,1,0.0006639777,0.99693644,3.6940823e-05,8.373664e-05,0.00028396986,0.00042680994,0.00025529577,0.0001270612,0.00015782166,0.0002894293,0.0004121662,0.00032652827
syn-0209,1,2,0,7,7,0.0003393793,0.00012856252,0.0018159508,0.00065930147,6.314779e-05,0.0011606468,0.00038588385,0.9940475,0.0005691866,0.0002968804,4.5217916e-05,0.0004882795
syn-0222,1,2,0,8,8,0.00071031274,9.290019e-05,4.7309968e-05,1.5540349e-05,0.00013075463,0.00011578563,0.00012440195,0.00022308732,0.9982432,0.00020368198,2.8139933e-05,6.491815e-05
syn-0233,1,2,0,8,8,0.00047996256,9.7177595e-05,5.780116e-05,1.720319e-05,0.00012993929,0.00012692926,0.00014118559,0.0002444685,0.99833566,0.0002645393,3.2645916e-05,7.256973e-05
syn-0244,1,2,0,3,3,9.89534e-05,0.00014188269,0.0002206123,0.99691665,0.00038174263,0.000964163,0.00033952892,0.00036981702,3.6796075e-05,0.00031263602,8.965924e-05,0.00012755598
syn-0248,1,2,0,6,6,0.0005980844,0.00048316247,0.0005963348,0.00029048848,0.0017688457,0.00011112174,0.9473346,0.00012790033,0.00015129325,0.00013221831,0.048001412,0.00040448658
syn-0251,1,2,0,10,10,0.00032556214,0.0004957001,0.00013361145,8.013443e-05,0.00028451765,5.4646927e-05,0.0003271744,5.577919e-05,6.540381e-05,0.0002494972,0.9978847,4.339848e-05
syn-0252,1,2,0,8,8,0.0006639528,0.00015092238,6.28831e-05,2.017731e-05,0.00030692536,0.00013815645,0.0002887876,0.00021766925,0.9976446,0.0003370504,7.139519e-05,9.749041e-05
syn-0254,1,2,0,7,4,0.15709627,0.19781408,0.0001714517,0.00085720466,0.57127714,0.019141875,0.0045934543,0.00089484046,0.03425764,0.004061634,0.0018041002,0.008030334
syn-0263,1,2,0,0,0,0.9964561,0.00075550773,5.4144042e-05,8.926843e-05,0.0007455674,0.0002198653,0.00015960507,0.00022573963,0.00058638235,0.00018103297,0.00036055478,0.00016612519
syn-0267,1,2,0,4,4,0.0009171518,0.00038297966,2.0163825e-05,0.00024148329,0.9969779,0.00017866826,0.00022138124,2.3390447e-05,0.00012534107,0.0002958715,0.00029761024,0.0003180444
syn-0269,1,2,0,10,10,0.0002954904,0.0003393971,0.0001147574,6.618987e-05,0.00036088965,3.8307753e-05,0.00030772592,4.105811e-05,4.9380647e-05,0.00022440996,0.9981123,5.015828e-05
syn-0272,1,2,0,3,3,0.00031834014,0.00037693232,0.00026262773,0.9857976,0.0038423638,0.0053476333,0.0020967214,0.000547898,7.236155e-05,0.00034928694,0.00015081442,0.0008374868
syn-0278,1,2,0,9,9,0.00017668019,0.00032639576,7.437403e-05,0.00033593556,0.0002653579,6.411442e-05,7.703524e-05,0.00016727741,0.00018157793,0.9975056,0.0002512358,0.0005744399
syn-0283,1,2,0,7,7,0.00039054328,0.00012592706,0.0009829052,0.00054287794,5.6483303e-05,0.00062256464,0.00028020111,0.9957872,0.00052502047,0.00029827253,4.1243435e-05,0.00034667863
syn-0284,1,2,0,0,0,0.99650806,0.00084844825,4.1923253e-05,5.5107077e-05,0.0004921843,0.00018335544,0.000108316715,0.00023428627,0.0009772734,0.00020554899,0.00014790687,0.0001974816
syn-0303,1,2,0,7,7,0.0006149853,0.00033143588,0.0011455826,0.001817166,9.394336e-05,0.023486393,0.00041734072,0.96983343,0.00076498796,0.0004980302,5.0678645e-05,0.0009460188
syn-0308,1,2,0,3,3,7.886757e-05,0.000100873156,0.00028652026,0.997575,0.00027180224,0.0005849485,0.00034392593,0.00029374484,2.8675737e-05,0.00024735794,8.738374e-05,0.000100971716
syn-0310,1,2,0,10,10,0.00164263,0.001989388,0.0003732933,0.00032975207,0.008043962,0.00016548623,0.0010577174,0.000208786,0.0002776791,0.024369203,0.9602064,0.0013357749
syn-0311,1,2,0,9,9,0.00033450912,0.00056321436,0.00014205564,0.00059487286,0.000972672,0.00012414537,0.00014945571,0.0002607705,0.00016334547,0.9903644,0.00051582605,0.0058146324
syn-0323,1,2,0,7,7,0.0004198614,0.00014036155,0.0007775878,0.0005000606,6.501969e-05,0.00048586013,0.00033441596,0.99590683,0.00056141027,0.00036106058,5.1636125e-05,0.00039596698
syn-0325,1,2,0,4,3,0.00046004506,0.00042381336,0.0002801235,0.97912085,0.0137767615,0.0026050603,0.0013875965,0.00048118233,0.00010663485,0.0006405833,0.00019046881,0.0005269294
syn-0333,1,2,0,5,5,0.00040018826,0.0005962242,6.024264e-05,0.0009534616,0.000803177,0.9957695,0.0002458276,0.00029943459,0.00022361008,0.00012494488,4.869079e-05,0.00047477146
syn-0353,1,2,0,7,7,0.00039129655,0.0001470043,0.0006548187,0.0007257036,5.47708e-05,0.002130879,0.00024260592,0.9943036,0.00049658125,0.00037228555,3.2897333e-05,0.00044752983
syn-0363,1,2,0,9,9,0.00035776413,0.0005315887,9.577512e-05,0.00026965927,0.0008966646,6.582521e-05,0.0001178054,0.00025406468,0.00030053302,0.99455404,0.00092841574,0.0016278423
syn-0371,1,2,0,6,6,0.0001020951,7.141321e-05,0.00044407687,0.00021424404,0.00021434868,8.8355955e-05,0.99789643,0.00011411799,7.920176e-05,3.9131213e-05,0.0004332606,0.00030331503
syn-0373,1,2,0,11,11,0.00011812875,0.00057009945,0.00018913827,9.5850606e-05,0.00024560114,0.00032840125,0.00045683136,0.00019324575,4.6805184e-05,0.00036905115,0.00010303374,0.99728394
syn-0376,1,2,0,5,5,0.00018832202,0.0003630002,0.00010268932,0.0004990173,0.00011819467,0.9968665,0.000268576,0.0009237907,0.00017917246,7.317406e-05,2.7450167e-05,0.00039010853
syn-0377,1,2,0,5,5,0.00017187506,0.00030106155,0.00014360697,0.0016451007,0.00018547862,0.9953307,0.00019667122,0.0008510742,0.00014096698,0.00012022271,3.7608745e-05,0.00087562826
syn-0382,1,2,0,0,0,0.996427,0.0005125619,5.3303058e-05,0.00010134918,0.0009258664,0.00020734667,0.00018032192,0.00026468295,0.0006020317,0.00020999578,0.0002736188,0.00024193981
syn-0384,1,2,0,1,1,0.0018405707,0.9948144,4.481303e-05,9.1234804e-05,0.00043995774,0.0005647789,0.00019145396,0.00017279541,0.00048627597,0.0006150106,0.0004143123,0.00032440448
syn-0397,1,2,0,1,1,0.00045834304,0.9971699,3.2417294e-05,9.565264e-05,0.00033272136,0.0002708971,0.00024605313,0.00010142474,0.00014485921,0.00036613733,0.00046612954,0.00031547603
syn-0405,1,2,0,8,8,0.00047016624,9.119039e-05,5.8304773e-05,1.8490302e-05,0.00015519584,0.00013294064,0.00015519584,0.00024181411,0.9982218,0.00034343553,3.5990754e-05,7.545198e-05
syn-0410,1,2,0,10,10,0.0003221028,0.0004295128,0.00012868007,7.6017386e-05,0.00029519954,5.2450425e-05,0.00025299122,5.529059e-05,6.12609e-05,0.00037987746,0.9978757,7.0856e-05
syn-0416,1,2,0,2,2,9.023028e-05,4.114938e-05,0.99740475,0.00035573685,3.7030433e-05,0.0001122934,0.0008196751,0.00035409053,0.00014016141,0.00017979516,0.00018023465,0.0002847977
syn-0421,1,2,0,10,10,0.00039256187,0.0013876813,0.00015327972,0.00018597716,0.0044663856,6.9698486e-05,0.005361248,4.884782e-05,5.0893002e-05,0.00035586435,0.9873425,0.00018507127
syn-0427,1,2,0,5,5,0.00019401334,0.0003767196,5.791304e-05,0.00066659314,0.00020066129,0.9973418,0.00016273868,0.0003944134,0.00014875518,8.500683e-05,2.816949e-05,0.00034309085
syn-0437,1,2,0,3,3,0.0005918076,0.0007343618,0.0006349169,0.9638484,0.02553563,0.0009023988,0.003547339,0.00038396992,0.00011174163,0.0012989538,0.0011440858,0.0012663876
syn-0439,1,2,0,6,6,0.00015535371,8.5293235e-05,0.0004309397,0.00018720943,0.00029480955,9.097168e-05,0.99777454,0.00012804031,0.00011934669,3.822007e-05,0.00045895696,0.00023630846
syn-0448,1,2,0,4,5,0.00048760808,0.00074952794,6.624886e-05,0.0008409186,0.0010794314,0.9951072,0.0002687573,0.00038160835,0.0003210328,0.00016736484,5.8693236e-05,0.0004716838
syn-0449,1,2,0,11,11,9.10535e-05,0.0003199879,0.00025486757,0.00019051453,0.0005161052,0.00019985258,0.00053587893,0.0001541328,3.5796624e-05,0.00079619436,0.00018232361,0.99672335
syn-0450,1,2,0,10,10,0.0003593058,0.000302806,0.00015677758,7.456447e-05,0.00022973081,4.80485e-05,0.00030324986,5.5574183e-05,5.991423e-05,0.00024246643,0.9981084,5.9100665e-05
syn-0451,1,2,0,8,8,0.00064653787,0.000117570955,5.8773006e-05,2.2769924e-05,0.00015222243,0.0001908365,0.00013611857,0.00036988448,0.99743325,0.0007540363,3.9728988e-05,7.831914e-05
syn-0455,1,2,0,2,7,0.0049495413,0.00047687392,0.0027616948,0.0035712821,0.0006305226,0.0047028214,0.0033713307,0.96940684,0.0030801413,0.00076652056,0.00015301461,0.006129332
syn-0473,1,2,0,10,10,0.0002733344,0.00030321907,0.00016718796,7.19769e-05,0.00020509318,4.109138e-05,0.0006390221,5.128909e-05,5.6994046e-05,0.0001866939,0.9979462,5.789157e-05
syn-0474,1,2,0,0,0,0.996089,0.00072161324,3.8680744e-05,9.5829295e-05,0.0014268893,0.00020586423,0.00015090794,0.0002016854,0.00049215753,0.00016380902,0.00017746605,0.0002360245
syn-0478,1,2,0,2,2,0.00022502878,0.00020489104,0.96841484,0.004689558,0.00013999672,0.0010872682,0.015425349,0.002678888,0.00028669412,0.0005196432,0.0010872682,0.0052405284
syn-0480,1,2,0,1,1,0.0005716774,0.979565,6.6241126e-05,0.0002835541,0.003241146,0.0006970221,0.0018796708,0.00011445439,0.00012423907,0.00094992906,0.0015825034,0.010924576
syn-0482,1,2,0,1,1,0.0014412905,0.9671252,6.4134954e-05,0.0039155628,0.01471373,0.0033466038,0.0022410515,0.0002748066,0.00027696195,0.002858661,0.0008069131,0.0029350386
syn-0484,1,2,0,3,3,0.00010200287,0.00013303684,0.0006229394,0.996995,0.00029185892,0.0003033371,0.00043567884,0.00041664208,3.767163e-05,0.00037917178,0.00013526388,0.00014740221
syn-0495,1,2,0,2,2,8.286289e-05,4.4744855e-05,0.9971885,0.0007582814,3.166694e-05,0.00014528695,0.00050981116,0.0005378825,0.00012282272,0.00021398753,0.00013836326,0.00022568506
syn-0496,1,2,0,8,8,0.0009977742,0.00025184607,0.000114854,3.5062716e-05,0.00046039716,0.00025382134,0.00124266,0.00042165985,0.995544,0.00032400896,0.00017736896,0.00017667748
syn-0002,1,2,1,1,1,0.0004704352,0.99720913,3.4576853e-05,0.00010945662,0.0003275759,0.00022186548,0.00043290932,7.953461e-05,0.0002535021,0.00010142873,0.0006748551,8.4829684e-05
syn-0004,1,2,1,10,11,0.00022198673,0.000118357704,0.00013959572,0.00017440964,0.00040849549,0.0004949098,0.0005575299,0.0003130515,6.836652e-05,0.0015476798,0.0006343916,0.9953212
syn-0011,1,2,1,10,10,0.008019111,0.004137974,0.00026119477,0.00023413346,0.010691244,0.0051939855,0.0025989786,0.00022516395,0.000109950684,0.0011683096,0.9465498,0.020810148
syn-0015,1,2,1,6,6,0.0005231408,0.00023322167,0.00015021206,5.8138565e-05,0.00038040907,5.191189e-05,0.99732226,6.823689e-05,0.00035492668,5.679179e-05,0.0005147161,0.00028602837
syn-0017,1,2,1,3,3,6.803754e-05,0.00015634902,0.00045796737,0.99635255,0.00020672465,0.0011167247,0.00016099731,0.00050236506,4.150936e-05,0.00061663863,7.649666e-05,0.00024358115
syn-0031,1,2,1,0,0,0.99674326,0.00033946987,4.0563693e-05,7.727765e-05,0.00050675106,0.00036013077,0.00046855377,0.00016027594,0.00043355304,0.00040352432,0.00034616533,0.00012051096
syn-0036,1,2,1,5,5,0.0016525628,0.00052651705,9.941386e-05,0.00090001954,0.12845758,0.8642385,0.0002639749,0.00034361638,0.00020558386,0.0003733565,0.00023848146,0.0027004438
syn-0051,1,2,1,3,3,7.944674e-05,0.00013098554,0.00035190742,0.9951351,0.00022743052,0.00022368599,0.00022021806,0.0003627238,3.752799e-05,0.0026541401,0.00012055175,0.0004562924
syn-0058,1,2,1,9,9,0.0007958874,4.5630255e-05,8.450256e-05,0.00038883268,8.110676e-05,0.00016208956,0.00012910293,0.0003770536,0.00022133392,0.9972517,0.000103231825,0.00035952363
syn-0062,1,2,1,7,7,0.00017952797,8.2757695e-05,0.0010911839,0.000385669,3.901569e-05,0.0014676315,0.00015310918,0.9949504,0.0007596565,0.0004256478,2.8156886e-05,0.00043723366
syn-0063,1,2,1,1,1,0.00063313945,0.99694026,3.730348e-05,0.00010606038,0.0003748252,0.00024088536,0.00043789425,7.943555e-05,0.00023438787,0.00010269691,0.0007358456,7.729292e-05
syn-0067,1,2,1,5,5,0.00020781619,0.00023093187,9.80696e-05,0.00038074228,0.00045724903,0.9967347,5.555192e-05,0.0009250225,0.0001383003,0.000158717,4.7054313e-05,0.00056593824
syn-0068,1,2,1,10,10,0.00069462333,0.0023148614,0.00017318003,0.000103410515,0.0010956008,0.0002852469,0.0020170873,4.0024348e-05,3.0094177e-05,0.0001874352,0.9912038,0.001854602
syn-0069,1,2,1,11,11,0.00050131476,0.00043597538,0.00012094782,0.0005032768,0.02207918,0.0046077543,0.0014083768,0.00019289691,8.312614e-05,0.00042546034,0.0010092283,0.96863234
syn-0086,1,2,1,10,10,0.0003201513,0.00046419966,0.00013802352,7.025498e-05,0.00012896655,5.1149276e-05,0.00034177836,4.2904092e-05,2.7485394e-05,0.00013890244,0.9981458,0.00013048678
syn-0093,1,2,1,5,5,0.0017618418,0.0033646782,0.00027958176,0.0027962348,0.070445284,0.89763016,0.0060511385,0.00058726856,0.00032750316,0.0004672977,0.00060119515,0.015687797
syn-0094,1,2,1,1,1,0.00044646594,0.9965519,4.2751995e-05,0.00013066063,0.00026588197,0.00019518944,0.0007770948,8.034061e-05,0.00028110173,0.00011920044,0.0009878714,0.00012167022
syn-0098,1,2,1,10,10,0.0004286059,0.00045848187,0.00014532825,7.7145574e-05,0.00016743521,7.375673e-05,0.00028433054,4.8276463e-05,2.9655257e-05,0.0001637164,0.99795914,0.00016411657
syn-0114,1,2,1,4,4,0.0020385322,0.017861368,0.0001735744,0.0010831851,0.9045566,0.0019423336,0.013423349,0.00010026115,0.00018440848,0.00040043198,0.047381226,0.0108546475
syn-0119,1,2,1,6,6,0.00041594842,0.00019024918,0.00018729965,6.863506e-05,0.00032600376,5.493481e-05,0.99728096,8.830146e-05,0.00033324622,7.899847e-05,0.000598735,0.0003766966
syn-0122,1,2,1,3,3,4.9629554e-05,9.353873e-05,0.0004362304,0.99728274,0.00011732385,0.00037258145,0.00012379773,0.00051860587,2.646122e-05,0.00066306413,7.79259e-05,0.00023816075
syn-0125,1,2,1,9,9,0.0005881804,4.645386e-05,6.608876e-05,0.00037141383,7.688923e-05,0.0001541118,0.00010427725,0.00028345498,0.0001313049,0.99756134,0.000121674595,0.0004946782
syn-0137,1,2,1,8,8,0.00042742825,0.00020971517,6.383472e-05,3.480816e-05,8.268897e-05,0.00015753026,0.00031418633,0.00043041265,0.99801517,0.00012149242,3.5287325e-05,0.0001074263
syn-0141,1,2,1,2,2,8.969176e-05,5.3872132e-05,0.9972783,0.0004166079,4.4924018e-05,0.00012636218,0.00048448448,0.00071694003,0.000107872416,0.0001917408,0.00025575768,0.00023355325
syn-0148,1,2,1,7,7,0.00017890327,7.869315e-05,0.00070266984,0.0003478893,4.810416e-05,0.00070593687,0.00016131026,0.99536884,0.00067385635,0.0006620339,2.7623895e-05,0.001044199
syn-0161,1,2,1,2,2,8.890477e-05,5.3870837e-05,0.9972543,0.0004300845,4.2201198e-05,0.00012367337,0.0004796476,0.0007298145,9.57542e-05,0.00019782255,0.00025625154,0.0002476409
syn-0167,1,2,1,0,0,0.9964803,0.0004225719,3.290502e-05,7.257648e-05,0.0007332202,0.0004049968,0.00043811984,0.00013388022,0.00059345376,0.00034708937,0.00020494196,0.0001361214
syn-0184,1,2,1,2,2,8.213433e-05,5.1599516e-05,0.9971464,0.00043203743,4.105845e-05,0.00012067749,0.00047854305,0.00086278253,9.5370575e-05,0.00020638488,0.00023731566,0.0002456872
syn-0186,1,2,1,3,3,7.82204e-05,0.00012548506,0.00031639502,0.99714905,0.00022348297,0.0003478315,0.00018222343,0.00031240366,3.623405e-05,0.00085669785,9.6778145e-05,0.00027515733
syn-0207,1,2,1,0,0,0.94509804,0.0009483722,4.4442677e-05,0.00014830609,0.049311813,0.0013701384,0.00131781,0.00011260518,0.00029551852,0.00038242937,0.000586562,0.00038392615
syn-0213,1,2,1,0,0,0.9311609,0.002047626,0.00010922458,0.00016752632,0.0013638466,0.00042487905,0.0031317999,0.0005339596,0.059643503,0.00081697886,0.00029574567,0.00030394405
syn-0218,1,2,1,8,8,0.0020306772,0.00057769415,6.71183e-05,4.1593383e-05,0.00022158198,0.0003186438,0.003162113,0.00058793876,0.99253666,0.00016338432,5.2476367e-05,0.00024005564
syn-0219,1,2,1,0,0,0.9966695,0.0004058656,4.3430366e-05,9.320774e-05,0.00053637347,0.00030831434,0.00053447805,0.0001486549,0.00032437526,0.0004009413,0.00041772806,0.0001172517
syn-0226,1,2,1,6,6,0.00037538336,0.00021289715,0.00016531942,6.153452e-05,0.0003413735,4.9637893e-05,0.9974503,7.0274626e-05,0.00028564635,5.97579e-05,0.00060804427,0.00031990872
syn-0240,1,2,1,6,4,0.0012040015,0.0002331785,2.6392856e-05,0.00034126645,0.9947062,0.00076647854,0.0016360605,3.2974996e-05,0.00012752197,0.00013195598,0.00016502567,0.00062891224
syn-0246,1,2,1,8,8,0.0028773136,0.00071134063,3.3826786e-05,3.0440813e-05,0.00014708041,0.0001879351,0.00066889555,0.00024848778,0.9948184,0.00013056079,4.1689003e-05,0.00010419384
syn-0253,1,2,1,3,3,5.8348e-05,0.00012244184,0.00031358353,0.99701273,0.0002863588,0.0007147069,0.00015312717,0.0003740297,3.3245688e-05,0.00050713564,8.7419816e-05,0.0003369192
syn-0257,1,2,1,4,4,0.0054695006,0.001008796,5.3568758e-05,0.00037917474,0.9189307,0.07141609,0.00038140305,0.000119779615,0.00020059312,0.00036287264,0.00038252203,0.0012950036
syn-0259,1,2,1,4,4,0.001013521,0.00041987628,3.1381234e-05,0.00026715038,0.9939989,0.000498372,0.0025896968,3.1689196e-05,0.00014355495,9.7419135e-05,0.0002514552,0.00065701973
syn-0261,1,2,1,5,5,0.0003485259,0.00020609183,5.88161e-05,0.00036901652,0.004419366,0.9933026,6.472313e-05,0.00031440597,0.00010423847,0.0001472872,6.103973e-05,0.0006039655
syn-0268,1,2,1,6,6,0.00042749965,0.00018676078,0.00017374053,6.626724e-05,0.00036583844,4.992354e-05,0.99732935,8.8564826e-05,0.00034367343,6.360424e-05,0.00050132535,0.0004035645
syn-0275,1,2,1,0,0,0.9966607,0.00026617083,3.6930607e-05,6.0888273e-05,0.0005948668,0.00039587994,0.0004986098,0.00017093224,0.00041175052,0.0004094449,0.00032295004,0.00017076539
syn-0281,1,2,1,10,10,0.0053442214,0.035479683,0.00025249794,0.00026878263,0.012912787,0.0004590041,0.25459227,8.424649e-05,0.0002500441,0.00031794287,0.6853281,0.0047102896
syn-0285,1,2,1,11,11,0.00011502473,0.00015002054,9.771561e-05,0.00016949822,0.00043900142,0.00036823502,0.0006151739,0.00020485361,4.3701122e-05,0.00038534214,0.00038741739,0.9970239
syn-0290,1,2,1,0,0,0.92001766,0.00146845,4.8928076e-05,0.0001518911,0.07319616,0.00190985,0.0010646798,0.00013992861,0.00062284427,0.00043651726,0.0005754746,0.00036758435
syn-0292,1,2,1,11,11,0.000102228405,0.00010084026,0.00020530057,0.0001934279,0.00031596379,0.0002656787,0.00055792864,0.00028586792,4.3796474e-05,0.000385806,0.0002935057,0.99724966
syn-0302,1,2,1,10,10,0.00031464244,0.00039561465,0.00017551011,7.6077995e-05,0.0001507829,4.7469122e-05,0.00079546514,4.5606044e-05,3.6395835e-05,0.00013450257,0.99769646,0.00013145099
syn-0304,1,2,1,1,1,0.00042233293,0.99688977,3.8787522e-05,0.000107200416,0.00026467664,0.00018943314,0.00057133683,7.331883e-05,0.0002342616,9.0448295e-05,0.0010346206,8.3896426e-05
syn-0306,1,2,1,5,5,0.00028426008,0.00037347048,0.00016451713,0.0005277074,0.00035654203,0.9945503,7.444392e-05,0.0025040659,0.00026238465,0.00024007332,6.392447e-05,0.00059826294
syn-0313,1,2,1,11,11,0.00040220318,0.0005044758,0.00023006539,0.00043318988,0.0047606938,0.020750314,0.0015710605,0.0004693056,9.097905e-05,0.00039558107,0.0013467552,0.96904534
syn-0314,1,2,1,8,8,0.001063492,0.00028388618,3.5133562e-05,2.6007257e-05,8.0657475e-05,0.00012901622,0.00034020303,0.00026250372,0.9975555,0.00011143636,2.9875762e-05,8.232867e-05
syn-0322,1,2,1,2,2,0.00011254243,8.090311e-05,0.9899024,0.0031846694,6.166817e-05,0.0006283246,0.00053507794,0.0039905715,0.000115436545,0.00027023905,0.00024366425,0.0008744747
syn-0324,1,2,1,7,7,0.0002629507,8.2418526e-05,0.0009977708,0.00037961363,6.029868e-05,0.0005234508,0.00030147444,0.99475104,0.0013130668,0.00071303116,4.4635482e-05,0.0005702851
syn-0335,1,2,1,3,11,0.00012407052,0.00013104458,0.00020158308,0.0018792416,0.0009921057,0.0005185445,0.00082057907,0.00022797786,5.1217663e-05,0.0010129089,0.00039972304,0.9936411
syn-0343,1,2,1,8,8,0.00069063477,0.0001494332,5.6857083e-05,3.0942858e-05,0.00010008006,0.00019575599,0.00043039813,0.0005491453,0.99749434,0.0001444119,3.4519257e-05,0.00012346175
syn-0346,1,2,1,6,6,0.00040998822,0.00018766047,0.00025700292,7.523163e-05,0.00030252786,5.701008e-05,0.9972525,0.00011754966,0.00041008834,7.9460435e-05,0.00047131785,0.00037964023
syn-0348,1,2,1,9,9,0.00065719296,5.231787e-05,0.00010353971,0.00043005167,9.200023e-05,0.00017187907,0.00014629985,0.0003620072,0.00025216708,0.99729985,0.000107244516,0.00032553272
syn-0349,1,2,1,5,5,0.00027135413,0.00025541201,6.3546046e-05,0.00037271262,0.0012226745,0.9964168,5.5860553e-05,0.00038099274,9.273022e-05,0.0001499292,5.8770485e-05,0.0006592614
syn-0350,1,2,1,2,2,8.012945e-05,4.8934347e-05,0.9968489,0.00059155724,4.234914e-05,0.00015703916,0.00043817493,0.0010360947,8.235072e-05,0.000174848,0.00019851606,0.0003010794
syn-0351,1,2,1,11,11,0.0001041503,9.110803e-05,0.00013063374,0.00021059494,0.00031893127,0.0002895407,0.0004569595,0.0002860278,4.7730067e-05,0.0005341093,0.00020997885,0.99732023
syn-0354,1,2,1,8,8,0.0005112712,0.00022151147,5.9502672e-05,3.380442e-05,7.8444275e-05,0.00014246098,0.00029657004,0.0003550562,0.99805164,0.00011469441,3.5565383e-05,9.955096e-05
syn-0356,1,2,1,8,8,0.0005909953,0.00020206026,4.9227703e-05,2.9539086e-05,6.841267e-05,0.00014328216,0.00029904518,0.00042526246,0.99794024,0.00012607616,3.0417292e-05,9.54465e-05
syn-0357,1,2,1,3,3,0.00013940278,0.00034435192,0.000348071,0.9949167,0.00091313524,0.0013234242,0.00039096473,0.0002860359,5.448439e-05,0.00058519066,0.00016749628,0.0005307449
syn-0367,1,2,1,4,4,0.00091758254,0.00020519069,2.2909622e-05,0.00017827278,0.995743,0.0017829938,0.00033780708,3.486484e-05,9.1946364e-05,0.00010039336,0.00014020146,0.00044479853
syn-0372,1,2,1,1,1,0.00053091993,0.99712974,3.6162648e-05,0.00011950274,0.0003793156,0.00024930845,0.00041053866,8.4822925e-05,0.0003146941,0.000109769026,0.0005557375,7.960598e-05
syn-0378,1,2,1,2,2,7.5517746e-05,4.942911e-05,0.9971424,0.0004497399,3.7383994e-05,0.00013436224,0.0003940458,0.0009986445,9.307001e-05,0.00018401047,0.00021376877,0.00022766682
syn-0380,1,2,1,4,5,0.000594186,0.00027882954,5.698055e-05,0.00024060093,0.0046112975,0.99285007,7.119098e-05,0.00030192855,0.00011992308,0.00018268237,6.954185e-05,0.00062285364
syn-0381,1,2,1,8,8,0.0006625233,0.00017727399,6.2993306e-05,2.8671946e-05,8.353411e-05,0.00024024316,0.00033427827,0.00067691127,0.9974431,0.0001347971,3.485622e-05,0.00012083134
syn-0408,1,2,1,4,0,0.8911414,0.0036135495,0.00010250852,0.00026902105,0.06111856,0.008511176,0.003996907,0.00056951755,0.02749454,0.0012960226,0.00027864706,0.0016082077
syn-0415,1,2,1,1,1,0.06367909,0.8503544,0.00022743079,0.00035779885,0.011447734,0.012656028,0.008094899,0.0006555271,0.03513261,0.0014946666,0.012162273,0.0037374632
syn-0423,1,2,1,9,9,0.00037063414,4.7746176e-05,0.00011713885,0.0005252684,6.6224304e-05,0.00012457195,0.000106240324,0.00041055513,0.00016730279,0.9976568,8.9638226e-05,0.00031795033
syn-0426,1,2,1,10,10,0.00045183036,0.0006187862,0.00043452103,0.00011072579,0.00027059182,0.00010121157,0.007823358,7.2332645e-05,4.025918e-05,0.00020128324,0.9873303,0.0025448385
syn-0428,1,2,1,8,1,0.0005171351,0.99706787,3.273207e-05,9.791096e-05,0.00031314182,0.00021281552,0.0004706557,7.233616e-05,0.00029287962,9.800662e-05,0.0007471643,7.737833e-05
syn-0433,1,2,1,5,5,0.00034185124,0.00021814434,9.21879e-05,0.00029297252,0.00062960555,0.99641067,6.1111255e-05,0.0011363169,0.00015498992,0.00015288533,4.94894e-05,0.00045967437
syn-0435,1,2,1,10,10,0.00029504337,0.0004393317,0.00017608168,8.481558e-05,0.0001388846,6.605445e-05,0.00035589022,5.1644594e-05,3.433559e-05,0.00017789651,0.99801755,0.00016253119
syn-0443,1,2,1,7,7,0.00013410379,8.269966e-05,0.00093519274,0.0003972443,3.374159e-05,0.00068525685,0.00012270056,0.9961966,0.00057306926,0.00043607457,2.5870573e-05,0.0003773911
syn-0447,1,2,1,7,7,0.00018613446,8.316322e-05,0.00094943197,0.0003521878,3.974659e-05,0.00048067904,0.00018235613,0.995928,0.00081214175,0.0006033483,3.5144818e-05,0.00034774494
syn-0457,1,2,1,9,9,0.0003463375,4.601001e-05,0.000108555054,0.00047569707,7.3811556e-05,0.000115218194,0.000118643664,0.00030743788,0.00013094238,0.997726,0.00012276898,0.00042853196
syn-0458,1,2,1,6,6,0.000375894,0.0001662734,0.00021329087,7.040459e-05,0.00030344364,5.0908995e-05,0.99734515,9.6608295e-05,0.00032730078,7.9158e-05,0.000563733,0.0004078299
syn-0464,1,2,1,4,4,0.001510273,0.00024787307,2.0060581e-05,0.00017363578,0.9957552,0.0012423169,0.00032439432,2.9245037e-05,7.5118674e-05,0.00010603781,0.00018977269,0.00032598214
syn-0469,1,2,1,9,9,0.0003116543,4.013842e-05,0.00010189824,0.00048716893,5.64938e-05,0.000102097445,0.00010794176,0.00031233983,0.00012399779,0.9979194,0.000102097445,0.00033484638
syn-0472,1,2,1,8,8,0.00057009124,0.00018301462,5.5300872e-05,2.9774372e-05,8.077721e-05,0.0001361378,0.00028542036,0.00035171644,0.99806124,0.00011667248,3.282874e-05,9.6961325e-05
syn-0486,1,2,1,1,1,0.00043875354,0.9969476,4.025628e-05,0.00014596283,0.00029399045,0.0002541792,0.0004991797,8.341111e-05,0.0002736281,0.00011820428,0.000792446,0.00011235159
syn-0491,1,2,1,10,10,0.00028833174,0.00051686977,0.00018077511,7.684459e-05,0.00011769006,5.497201e-05,0.00043727164,4.679102e-05,3.2253323e-05,0.00015637145,0.9979563,0.00013546043
syn-0499,1,2,1,11,11,8.556854e-05,0.00010976494,0.00016917917,0.00022854649,0.00029968613,0.00023580132,0.0005651059,0.00025546047,4.4133023e-05,0.00058325776,0.0003309134,0.9970926
syn-0006,1,2,2,7,7,0.0016287696,0.002191749,0.00853831,0.018286439,0.0022306165,0.017525893,0.0039998717,0.36644208,0.0029206588,0.2842728,0.002083228,0.28987956
syn-0013,1,2,2,6,6,0.00011620074,0.00014251124,0.00044838895,0.00016775537,0.0003747345,0.000146176,0.9974292,5.702018e-05,0.00014532202,0.00016038625,0.0005109523,0.00030140183
syn-0016,1,2,2,9,9,0.00020136991,0.00010365634,0.00010705125,0.00056791876,0.00010905609,6.524768e-05,0.00018641869,0.0002431358,0.0001186107,0.99744874,0.0002558014,0.0005929076
syn-0018,1,2,2,3,6,0.00017342325,0.00018623777,0.0002806702,0.00016841618,0.001263725,0.00025957753,0.99648076,5.8316866e-05,0.00025012132,0.00013678774,0.00031897417,0.000422985
syn-0025,1,2,2,8,8,0.00042296,6.844213e-05,6.679141e-05,9.976251e-06,9.666037e-05,0.000184237,0.00018727542,0.00040280377,0.99837,7.8776415e-05,2.602849e-05,8.618165e-05
syn-0026,1,2,2,10,10,0.000765005,0.0012094127,0.0005337988,0.00042226963,0.00064357,7.880158e-05,0.05471547,6.753434e-05,0.00013145333,0.00076950056,0.9400157,0.00064735196
syn-0032,1,2,2,4,4,0.0037255175,0.013557689,0.00019151067,0.00048145777,0.7316009,0.0033879844,0.24267413,0.00024399091,0.0009181184,0.0004712243,0.0009091959,0.0018384209
syn-0033,1,2,2,5,5,0.00015345213,0.00031470967,0.00012246225,0.00034920336,0.0004540038,0.99717903,0.0001750768,0.0005163411,0.00035194214,0.00010608579,2.316781e-05,0.00025448657
syn-0038,1,2,2,5,5,0.0002938213,0.0015814179,0.0010427047,0.13563699,0.0010601598,0.85391,0.0012856837,0.0018761475,0.0002831176,0.001104547,0.0002095749,0.0017157752
syn-0040,1,2,2,4,4,0.0018976151,0.0032932253,9.4108356e-05,0.00036040207,0.9658608,0.00042590336,0.0027331808,0.00012913432,0.00012888236,0.0008437078,0.021422163,0.0028110053
syn-0045,1,2,2,9,9,0.00017716897,0.00010104647,0.000118829514,0.0007940162,0.000103847575,7.392718e-05,0.00019269108,0.00026286358,0.00010104647,0.99733907,0.00019496247,0.000540432
syn-0049,1,2,2,8,8,0.0008533216,7.514721e-05,4.9090606e-05,8.975054e-06,0.00011330615,0.00016357652,0.00018979845,0.0002891079,0.99808085,7.745695e-05,2.4588071e-05,7.485424e-05
syn-0050,1,2,2,4,1,0.0012671917,0.5804226,0.00072910974,0.10066551,0.1492105,0.017041989,0.11077558,0.00081338064,0.00045359958,0.002794963,0.016357142,0.019468503
syn-0053,1,2,2,10,10,0.00050326594,0.00040905245,0.0001088389,0.00011284347,0.000106473504,2.2122764e-05,0.00046137205,2.6117948e-05,3.4064225e-05,0.00021092231,0.9978956,0.000109371635
syn-0059,1,2,2,3,3,5.0302202e-05,0.00024197869,0.00046979755,0.9970739,6.637979e-05,0.0004362455,0.00027580914,0.00027960585,1.836114e-05,0.0006624398,0.00018399782,0.00024127081
syn-0077,1,2,2,2,2,0.00011721217,3.3911405e-05,0.99730694,0.00038545154,3.4851462e-05,0.00016194033,0.00070292177,0.00053279987,0.00016659209,0.0002367751,0.0001383797,0.00018225229
syn-0079,1,2,2,1,1,0.0004383975,0.9968683,2.4993704e-05,0.000221465,0.00058163365,0.00027293916,0.00036871727,7.37481e-05,0.00016202725,0.00014146077,0.0007458303,0.00010050681
syn-0083,1,2,2,0,0,0.9971306,0.0005203814,5.9042763e-05,5.407497e-05,0.00055176666,0.00012377882,0.00013714454,0.00012572807,0.0006522067,0.00017438574,0.0004025493,6.842396e-05
syn-0085,1,2,2,3,1,0.0003667383,0.9949126,2.6244108e-05,0.00072402385,0.0016379987,0.00055269414,0.00067157723,7.698522e-05,0.00011422208,0.0002109088,0.00052022317,0.0001857632
syn-0090,1,2,2,5,5,0.0010089576,0.0013343692,7.011727e-05,0.00029693948,0.02779443,0.96648306,0.00056184374,0.00048103996,0.00075309584,0.00021221308,5.557576e-05,0.0009482908
syn-0091,1,2,2,4,3,0.00068174594,0.006956355,0.0015423512,0.8036528,0.09579536,0.040364735,0.011474692,0.002952706,0.0002602822,0.004296162,0.0016132164,0.030409446
syn-0095,1,2,2,11,11,3.7975933e-05,0.00012318784,0.0001670675,0.00028253108,0.0003719245,0.0002661921,0.00044972324,0.00026078866,7.206566e-05,0.0005082985,0.0002330856,0.99722713
syn-0100,1,2,2,2,2,0.00012540168,3.6529626e-05,0.99746007,0.00034573834,3.582308e-05,0.00013962273,0.00064058474,0.00047801473,0.00017359368,0.00022552615,0.00015606493,0.00018299371
syn-0101,1,2,2,3,3,4.6167628e-05,0.00029827072,0.00027038777,0.9972409,7.334465e-05,0.00036269354,0.0002504344,0.0002562481,1.5585507e-05,0.00072633853,0.00018456858,0.00027491408
syn-0103,1,2,2,11,11,4.6511937e-05,0.00012779803,0.00019429864,0.00024465896,0.00034824022,0.0002560251,0.0005126592,0.0002975749,8.471717e-05,0.000744732,0.00028325556,0.99685955
syn-0107,1,2,2,10,10,0.00037159384,0.0003862314,0.00010150133,0.00010878875,0.00019882702,2.44167e-05,0.0013331065,2.2406024e-05,2.9857592e-05,0.00021424971,0.9969489,0.00026020716
syn-0128,1,2,2,2,2,0.00012022875,3.5748402e-05,0.99732673,0.00035981415,3.6311358e-05,0.00014817301,0.0006648765,0.00054654543,0.00017459049,0.0002498452,0.00014516525,0.0001920312
syn-0149,1,2,2,8,8,0.00090923836,7.7759665e-05,4.856581e-05,8.365622e-06,0.000115033625,0.00014163202,0.00016963552,0.00028933576,0.9980751,6.644645e-05,2.3507839e-05,7.52202e-05
syn-0158,1,2,2,1,1,0.00045361277,0.99680686,2.7935283e-05,0.00018849474,0.00056944427,0.00026426723,0.0004435378,7.231723e-05,0.00018180546,0.00015116425,0.0007082741,0.00013223464
syn-0163,1,2,2,4,4,0.0010048281,0.0007200935,2.2286435e-05,5.8488014e-05,0.9955089,0.00088437955,0.00072490005,6.537566e-05,0.00022974866,0.00020078212,0.00011895946,0.0004611684
syn-0166,1,2,2,5,5,0.00016955401,0.00040131382,6.454426e-05,0.00028146483,0.0013813655,0.9963785,0.00018084217,0.00031785315,0.00026145886,0.00010065383,2.7868791e-05,0.00043466594
syn-0171,1,2,2,6,6,0.0008284616,0.0004743537,0.0005716213,0.00015146457,0.0025406517,0.0005666193,0.9900473,0.000270807,0.0033806406,0.000277771,0.0004387055,0.0004517483
syn-0177,1,2,2,8,8,0.0021165593,8.9345245e-05,5.314249e-05,1.1041797e-05,0.00024032927,0.00028833956,0.00028269357,0.0003692452,0.99634016,8.575483e-05,2.886487e-05,9.455188e-05
syn-0179,1,2,2,1,1,0.00034255465,0.9969994,2.0481799e-05,0.00017728166,0.0008649751,0.0003370792,0.00037945123,5.86901e-05,0.00013408084,0.00011844154,0.00043589357,0.00013161596
syn-0181,1,2,2,10,8,0.114135884,0.003768757,0.0005659493,0.00017226797,0.03504825,0.003982545,0.05114452,0.0016945696,0.78609467,0.0012605276,0.0007571187,0.0013749872
syn-0191,1,2,2,4,3,0.0005086232,0.008279206,0.0006280658,0.93592024,0.019011535,0.0021476662,0.0068538645,0.00088054023,0.000107659456,0.0057509616,0.0057558785,0.014155794
syn-0192,1,2,2,5,5,0.00014294186,0.00050875644,0.00013349696,0.00091764727,0.0004937059,0.9965429,0.00020475478,0.00039275273,0.0002110482,0.00012504193,3.284288e-05,0.0002941582
syn-0194,1,2,2,1,1,0.0072450093,0.978075,6.4105436e-05,0.0001357112,0.006316125,0.0017284197,0.0010330948,0.00026107978,0.003864742,0.00040318532,0.00052739563,0.00034621244
syn-0196,1,2,2,4,4,0.0020653908,0.0006542422,2.1096144e-05,6.523503e-05,0.99530953,0.00045028527,0.0005247686,5.5472487e-05,0.00012910341,0.00020914663,0.00017254408,0.0003431449
syn-0197,1,2,2,11,11,7.178545e-05,0.000544067,0.000112274574,0.0006323626,0.010747955,0.0017187301,0.0010894282,0.00024691236,5.7906986e-05,0.0006048796,0.00047733236,0.9836962
syn-0203,1,2,2,8,8,0.00043234904,6.737988e-05,6.274366e-05,9.5565e-06,0.00010767274,0.00021220723,0.00017996608,0.00038341427,0.998353,8.10379e-05,2.4166224e-05,8.651748e-05
syn-0208,1,2,2,8,8,0.0008492595,6.523255e-05,5.1001996e-05,8.465223e-06,9.3213464e-05,0.00013582359,0.00017367862,0.00026474745,0.9981918,6.8764864e-05,2.7166428e-05,7.0947695e-05
syn-0210,1,2,2,0,4,0.35410893,0.0027038201,9.323958e-05,0.00020088861,0.63621855,0.0024737555,0.0009859158,0.00026613413,0.00084165286,0.0006638545,0.00088204467,0.0005612095
syn-0224,1,2,2,8,8,0.00095352856,5.760035e-05,5.244572e-05,9.167256e-06,0.0001298044,0.00025398185,0.00014787981,0.0004408413,0.99778616,7.497844e-05,1.9445024e-05,7.4104915e-05
syn-0239,1,2,2,6,6,0.00012202275,0.00013155208,0.00048343476,0.00018642623,0.0004081876,0.00011307321,0.9965154,5.521522e-05,0.00015112005,0.00019442134,0.0011941778,0.0004450349
syn-0242,1,2,2,0,0,0.9965475,0.00027378552,7.711172e-05,6.858458e-05,0.00056231604,0.00016892163,0.00018318371,0.000188078,0.0012567331,0.00023775287,0.0003482162,8.780672e-05
syn-0243,1,2,2,10,10,0.00044037643,0.00088958483,8.5788735e-05,9.0965594e-05,0.00010118259,1.9104704e-05,0.000257183,2.4965946e-05,3.5207624e-05,0.0002113465,0.99770784,0.00013655554
syn-0250,1,2,2,11,11,4.1714015e-05,0.00013974533,0.00013988186,0.00020233783,0.000417712,0.00025366462,0.00047252153,0.00023437243,7.64247e-05,0.00040624655,0.00025403645,0.99736136
syn-0260,1,2,2,11,11,2.8221102e-05,0.0001330668,0.00014729153,0.00026840885,0.00048330415,0.00036669231,0.00058846356,0.00019247993,4.2864278e-05,0.00031242575,0.00021725801,0.99721956
syn-0262,1,2,2,10,10,0.00049078075,0.00041247238,8.6079795e-05,9.5328185e-05,0.00010902781,2.0385933e-05,0.00027348593,2.5921674e-05,3.1389885e-05,0.00018491998,0.99816436,0.00010593167
syn-0265,1,2,2,3,3,4.8569444e-05,0.00024545455,0.0002600123,0.9971756,7.611257e-05,0.00038690917,0.00021180179,0.00024413972,1.5584486e-05,0.0008220919,0.00016657014,0.0003472468
syn-0271,1,2,2,2,2,0.000110544686,4.3247666e-05,0.9944171,0.0011031851,4.1428724e-05,0.000393641,0.0008562038,0.0017762778,0.00017855773,0.0006279624,0.00012011236,0.00033180285
syn-0274,1,2,2,9,9,0.00019825644,8.737642e-05,0.00014099735,0.0006018294,8.5686406e-05,7.166362e-05,0.00017410849,0.0004049132,0.00015053125,0.9974915,0.00014950575,0.0004435716
syn-0279,1,2,2,0,0,0.9948407,0.00037890708,7.903638e-05,5.1782725e-05,0.00050640164,0.00014311638,0.0001711207,0.00018394462,0.00300371,0.00020123603,0.00035716896,8.282941e-05
syn-0280,1,2,2,0,0,0.99642146,0.000309444,8.3530074e-05,6.492635e-05,0.00044504725,0.00015453818,0.00017597184,0.00018280317,0.0014224952,0.00023063393,0.0004175222,9.156084e-05
syn-0282,1,2,2,7,7,0.00025284104,0.00012286441,0.00044094204,0.0003931406,0.00014210824,0.002553604,0.00018211457,0.993638,0.00140268,0.0004217783,2.2905886e-05,0.00042695852
syn-0286,1,2,2,8,8,0.00065484614,6.88856e-05,5.9209382e-05,1.0782829e-05,0.00014914338,0.00030146187,0.00016476455,0.00041533192,0.99799335,8.014315e-05,2.1824499e-05,8.022145e-05
syn-0288,1,2,2,9,9,0.0001613563,8.346566e-05,0.0001884605,0.0005404246,8.201131e-05,6.300319e-05,0.00021501856,0.0003016005,0.000140875,0.99759954,0.00022011758,0.00040406827
syn-0295,1,2,2,10,4,0.0039966824,0.022965651,0.00030326485,0.0009847038,0.5871091,0.000985666,0.038761877,0.00017620318,0.00021588865,0.0013007043,0.33846796,0.0047322926
syn-0298,1,2,2,7,7,0.00017732641,7.8765006e-05,0.0006381094,0.0003051981,9.190594e-05,0.0006679783,0.00015848936,0.99627763,0.0007816372,0.00044114303,2.6382972e-05,0.0003554216
syn-0305,1,2,2,1,1,0.0003681532,0.99680233,2.059809e-05,0.0001701238,0.000670475,0.00019870076,0.00034500458,5.5231118e-05,0.00013656491,0.00013444765,0.000980909,0.000117611395
syn-0318,1,2,2,11,11,5.1469175e-05,0.00018354639,0.000145481,0.00025186007,0.0005835941,0.00023384417,0.0005641218,0.0001858914,7.0901784e-05,0.0005734952,0.0005836653,0.99657214
syn-0326,1,2,2,1,10,0.00041660992,0.0014242468,8.4867046e-05,0.000102870275,0.00015099668,2.548171e-05,0.0003770655,2.5782081e-05,3.0201234e-05,0.00027704818,0.99667466,0.00041007588
syn-0328,1,2,2,10,10,0.00041632573,0.00042870318,8.1420905e-05,8.872747e-05,0.00011617536,1.852578e-05,0.00034717444,2.199991e-05,2.7648015e-05,0.00016690178,0.9981856,0.00010078716
syn-0332,1,2,2,6,6,0.00013372718,0.000105786916,0.0005038194,0.00017509579,0.00036404104,0.0001240403,0.99728715,6.104566e-05,0.00017305584,0.0001674042,0.0006219441,0.00028282413
syn-0338,1,2,2,8,8,0.0008690349,6.2707244e-05,6.083733e-05,1.0246678e-05,0.00015116317,0.000287801,0.0001769003,0.0004247764,0.9977736,7.849904e-05,2.057793e-05,8.380695e-05
syn-0355,1,2,2,5,5,0.00012836029,0.00022038331,0.00011607715,0.0003194057,0.00040130978,0.9973418,0.00013933377,0.00065083365,0.00027507616,9.4739415e-05,2.0092544e-05,0.0002926741
syn-0366,1,2,2,9,9,0.00013665324,0.00012613698,0.00018769708,0.0023023032,9.023411e-05,9.9102785e-05,0.0002588163,0.00031928348,9.4841984e-05,0.99550086,0.00021021077,0.0006738224
syn-0369,1,2,2,6,6,0.00038848785,0.0008448147,0.00029932192,0.00023265732,0.003155772,0.0009179337,0.99248284,0.00010872529,0.0005071787,0.00018749389,0.00042459217,0.00045021393
syn-0370,1,2,2,9,9,0.00015671026,8.137966e-05,0.00015564266,0.00047731097,8.0983256e-05,6.142858e-05,0.00021108275,0.00027236226,0.0001464986,0.9976799,0.00021895612,0.0004577944
syn-0391,1,2,2,0,0,0.9972089,0.0003498111,8.968553e-05,7.277154e-05,0.0005105823,0.00013074678,0.00017422924,0.00015360667,0.00053560844,0.00019800682,0.0004942017,8.189918e-05
syn-0392,1,2,2,1,1,0.00042572126,0.9965809,2.5429597e-05,0.00023706528,0.00057687046,0.00018753408,0.00037882928,6.925995e-05,0.00014562444,0.00016405006,0.0010993949,0.000109280896
syn-0396,1,2,2,3,3,4.7896046e-05,0.00021910273,0.00065635954,0.99688655,5.4379434e-05,0.00033556315,0.00026662144,0.00033769998,1.6105956e-05,0.0007158715,0.00016717361,0.00029656757
syn-0407,1,2,2,6,6,0.00084779033,0.028475333,0.0048501943,0.31755763,0.01096215,0.027747877,0.59443563,0.0011165781,0.00037620467,0.0023916594,0.0025162476,0.008722735
syn-0411,1,2,2,2,2,0.00010819708,3.5401943e-05,0.99735355,0.00042340715,3.2170945e-05,0.00012924227,0.0006422388,0.0005103837,0.0001622645,0.00028785877,0.00014139147,0.0001739145
syn-0414,1,2,2,5,4,0.0005181239,0.0012401867,2.6810369e-05,0.000121809775,0.9928351,0.0032254497,0.0007001116,6.381423e-05,0.000119453754,0.00019484163,0.00017897143,0.00077523675
syn-0420,1,2,2,2,2,0.00011552642,3.761598e-05,0.9974685,0.00038806355,3.547525e-05,0.00016339637,0.00054028764,0.0005708665,0.00015914437,0.00021134737,0.00013297009,0.00017684621
syn-0430,1,2,2,1,1,0.00034434916,0.99490863,2.7611124e-05,0.0004344488,0.001508989,0.0011161958,0.0006577816,8.6050764e-05,0.00016980061,0.00017725576,0.0003406699,0.00022826869
syn-0431,1,2,2,3,3,5.9725287e-05,0.0002772478,0.0002899863,0.996906,8.4473264e-05,0.00033969112,0.00027482174,0.00025779323,1.800297e-05,0.0009276694,0.00018999202,0.0003747208
syn-0432,1,2,2,6,6,0.00016446464,0.00017353972,0.00031981242,0.00016985108,0.0008503431,0.000199743,0.99715,5.6560602e-05,0.00022435786,0.00013714722,0.00030338427,0.00025077863
syn-0477,1,2,2,7,5,0.000814038,0.003457483,0.12069603,0.14347014,0.0011213848,0.62809366,0.007011644,0.07193027,0.0009800013,0.0031727648,0.00065154786,0.01860107
syn-0485,1,2,2,10,10,0.0007110055,0.0012472443,0.00012355421,0.00013823909,0.0006214382,3.3547727e-05,0.006148151,2.4258097e-05,4.4617467e-05,0.00026503546,0.990473,0.00016987101
syn-0488,1,2,2,10,10,0.00044162656,0.00076792133,0.00010659941,0.00011292175,0.0012092901,4.281843e-05,0.0018224646,2.9313915e-05,3.1572326e-05,0.00025697032,0.9942092,0.0009693226
syn-0489,1,2,2,11,11,3.209634e-05,0.00010240117,0.00019546525,0.0003476048,0.00038664675,0.000537724,0.00045915443,0.00027310467,4.9808972e-05,0.00041602846,0.00021404856,0.996986
syn-0498,1,2,2,7,7,0.00019739581,8.8539884e-05,0.00065066206,0.0003052851,9.081674e-05,0.0005182941,0.0001609525,0.9960752,0.0010408662,0.00048028087,2.6845379e-05,0.00036484355
syn-0003,1,2,3,2,2,0.0001231848,5.2929412e-05,0.9972025,0.00041338487,4.0345294e-05,0.00015315632,0.000597228,0.000600188,0.00014528898,0.00025288222,0.0002236041,0.00019531687
syn-0010,1,2,3,9,9,0.00027120786,6.2649364e-05,0.00012804697,0.00044896477,0.00011289077,8.422165e-05,0.00011168455,0.0003606102,0.0001434058,0.9978265,0.00010698726,0.00034283884
syn-0020,1,2,3,6,6,0.000101413374,6.808572e-05,0.00042055204,0.0002752666,0.0006074714,8.473405e-05,0.99705815,0.00015463693,0.00024929055,0.00010880067,0.00056103105,0.00031070187
syn-0024,1,2,3,2,2,0.00012076738,5.2502375e-05,0.9969151,0.0004103501,4.344107e-05,0.00016474735,0.0007813739,0.00066842604,0.0001523664,0.0002468325,0.0002401746,0.00020383355
syn-0027,1,2,3,4,4,0.0007925083,0.00061472476,3.2722706e-05,0.00027211732,0.9948376,0.0006209089,0.0009400361,8.0045924e-05,0.0010172593,0.00020721818,8.291008e-05,0.0005019688
syn-0043,1,2,3,9,9,0.00027039522,6.539535e-05,0.00014823672,0.00036332392,0.00011715044,7.758309e-05,0.00013483933,0.0003871342,0.00017880762,0.9977556,0.00010908963,0.0003924155
syn-0044,1,2,3,2,2,0.00011414215,5.0207054e-05,0.9971335,0.00032955635,3.933108e-05,0.00015239976,0.00063904753,0.00073832786,0.0001510662,0.00021926404,0.00022022973,0.00021293348
syn-0052,1,2,3,4,4,0.00045979966,0.00091632036,2.585161e-05,0.00059793744,0.9896506,0.0061791455,0.00062084646,6.562873e-05,0.00018067662,0.00019120562,8.3613166e-05,0.0010284247
syn-0056,1,2,3,8,8,0.0005152272,0.00010401241,5.3228203e-05,1.38989735e-05,0.0002791002,0.00012589249,0.00035540928,0.00038730307,0.99794716,7.669395e-05,2.8131588e-05,0.000114012386
syn-0057,1,2,3,8,8,0.0008676429,0.00016486645,4.2361884e-05,1.3020975e-05,0.0005870766,0.00015106851,0.00051708234,0.0002728827,0.9971488,7.4202355e-05,3.0215602e-05,0.0001307389
syn-0061,1,2,3,4,4,0.0007237695,0.00096400257,0.00010047044,0.0007887192,0.9370468,0.00057873235,0.055618424,7.8860154e-05,0.00051826594,0.00028565517,0.0009352563,0.002361049
syn-0064,1,2,3,6,6,0.00012640453,0.00014966996,0.00033943425,0.00019349826,0.0008327437,7.518532e-05,0.99275315,8.0662074e-05,0.00015654671,0.00013442557,0.0046606455,0.00049774745
syn-0070,1,2,3,2,2,0.00011997553,5.2618565e-05,0.9971718,0.00036694342,4.0660474e-05,0.00015632485,0.00058056915,0.0007230152,0.00015390124,0.00022414378,0.0001968427,0.0002132538
syn-0072,1,2,3,0,0,0.99659145,0.0008812439,0.00011610314,0.0001241961,0.0004609941,8.670286e-05,0.0001684349,0.00013507716,0.00046472318,0.00029662455,0.0004520777,0.0002224872
syn-0074,1,2,3,5,5,0.0005938466,0.0027738817,0.00010963625,0.0011712423,0.04545653,0.945688,0.00031171518,0.00043319652,0.00048658054,0.00077679445,0.00013173097,0.002066917
syn-0075,1,2,3,7,7,0.00017728025,6.9559675e-05,0.0014706423,0.00048805456,7.805544e-05,0.00045536133,0.00030781215,0.99504614,0.00066254684,0.00066815095,2.6401876e-05,0.0005499415
syn-0081,1,2,3,10,11,0.004351643,0.0022477033,0.00024110735,0.0024494082,0.09390943,0.0017470975,0.016374886,0.00063647516,0.00039829602,0.02306975,0.009354647,0.84521955
syn-0097,1,2,3,10,10,0.00076781143,0.033686593,0.00013606553,0.00015208882,0.00022172055,0.00012125577,0.0007896259,4.60235e-05,5.4123124e-05,0.000197395,0.9635415,0.00028580907
syn-0102,1,2,3,1,1,0.0011198274,0.99595475,4.4515262e-05,9.7706186e-05,0.00062236545,0.00037831406,0.00022277975,4.4515262e-05,0.000121005025,0.00013551919,0.0010896218,0.0001691512
syn-0105,1,2,3,4,4,0.0007129321,0.0009269842,1.9337833e-05,0.0002909062,0.9961696,0.00040804595,0.0007856656,2.908628e-05,0.0001583175,0.00012783436,7.2270996e-05,0.00029897044
syn-0120,1,2,3,3,3,9.1021146e-05,9.263527e-05,0.0003186271,0.99734265,0.0005472217,0.0002514402,0.00039306792,0.00022418218,1.9858475e-05,0.0005086677,0.00010213814,0.00010851334
syn-0121,1,2,3,9,9,0.0002472404,5.192572e-05,0.0001239566,0.00056449004,0.000102663325,6.596156e-05,0.00011220439,0.00044272188,0.00011816476,0.9975879,9.485538e-05,0.00048785127
syn-0135,1,2,3,0,0,0.99671113,0.0006575872,0.000105210835,0.00011145083,0.00046138727,0.00010137808,0.00015610011,0.0001459282,0.00067819207,0.00031226646,0.00031502312,0.00024426446
syn-0136,1,2,3,6,6,0.00018571973,0.00083193183,0.00021797816,0.00045033012,0.003770568,0.000134555,0.990802,7.8026715e-05,0.00019425285,0.0001563917,0.002442797,0.0007356126
syn-0139,1,2,3,1,1,0.000982618,0.9961041,4.8707152e-05,0.000121972385,0.0006747659,0.00036449803,0.00025161888,4.908916e-05,0.00012043369,0.00014569698,0.00094267016,0.00019377256
syn-0147,1,2,3,0,0,0.9946509,0.0013258192,0.0001098174,0.00013680349,0.00063427404,0.00011644426,0.0001309218,0.00016566236,0.00046302628,0.0015019831,0.0003425831,0.0004217961
syn-0156,1,2,3,6,6,0.0001840945,0.00013272784,0.00023523062,0.0002763586,0.0019418692,0.00011862842,0.9956513,0.00014018855,0.00047587554,0.000105510306,0.0004152687,0.0003229382
syn-0159,1,2,3,11,11,9.351125e-05,0.00025122848,0.0001461116,6.4143875e-05,0.0003568934,0.0005564231,0.0008537425,0.00025895037,4.665449e-05,0.00030781163,0.0010479442,0.99601656
syn-0160,1,2,3,5,5,9.4399344e-05,0.0005338629,6.9266665e-05,0.0002660454,0.00069760723,0.9966775,8.8940156e-05,0.0003922308,0.00012940717,0.00014706777,6.39362e-05,0.0008397305
syn-0168,1,2,3,1,1,0.0009289146,0.996053,4.1013427e-05,9.638896e-05,0.0009005546,0.0003455879,0.00028275012,3.7636037e-05,0.000118213604,0.00012571491,0.00085262797,0.00021764054
syn-0169,1,2,3,4,4,0.0009523399,0.000965214,1.8409688e-05,0.000525034,0.99581283,0.00052362593,0.00047432873,3.4126173e-05,0.00016440457,0.00016666771,5.908002e-05,0.0003040148
syn-0172,1,2,3,10,10,0.00023920945,0.0007611346,0.00010949133,8.703873e-05,8.272914e-05,4.7368372e-05,0.0006564595,3.028611e-05,2.4146191e-05,0.00017885369,0.9975254,0.0002579849
syn-0175,1,2,3,11,11,0.0009371121,0.017544406,0.00037751987,0.00030692152,0.0031085126,0.0019454949,0.0015510839,0.00024613715,0.00015253182,0.0017713931,0.020692559,0.95136636
syn-0182,1,2,3,6,6,0.00012405185,0.000114281924,0.00027535547,0.00020835729,0.000550223,7.642613e-05,0.99737996,0.00011630854,0.00026558372,9.281986e-05,0.000535055,0.00026159393
syn-0183,1,2,3,4,4,0.0005003054,0.0014498038,4.9536946e-05,0.00059470785,0.9761686,0.018267429,0.0011399105,9.34554e-05,0.00034655145,0.00019477778,0.00015959519,0.0010353695
syn-0185,1,2,3,7,7,0.00047512917,0.00026444922,0.019221447,0.0055529396,0.00045072273,0.00670518,0.0018681936,0.8742877,0.0007818271,0.01584978,0.00020878835,0.0743338
syn-0188,1,2,3,10,10,0.00026902775,0.0026586824,0.000100897145,8.930266e-05,8.647063e-05,5.983798e-05,0.00046779827,2.7637672e-05,2.268977e-05,0.00014474036,0.9958652,0.00020768559
syn-0189,1,2,3,10,4,0.0011133798,0.0037326445,3.5433077e-05,0.0014463713,0.9866007,0.0004224881,0.0039079594,3.4612272e-05,0.00010193,0.00029552085,0.000303713,0.0020052707
syn-0200,1,2,3,5,5,0.00048372135,0.00089405465,0.0009152565,0.014095055,0.0018095708,0.895329,0.0007426464,0.08071636,0.0018973403,0.0010320698,0.00010625948,0.00197871
syn-0202,1,2,3,10,11,0.0022309439,0.0027859607,0.0006847321,0.0004970622,0.002523058,0.001141125,0.0116722,0.0008580082,0.00032471048,0.006094761,0.34378704,0.6274004
syn-0205,1,2,3,2,2,0.00012220241,5.9382466e-05,0.9970086,0.0004199156,4.07333e-05,0.00014899622,0.00063079136,0.00065149047,0.0001517866,0.0002964591,0.0002533274,0.00021636522
syn-0221,1,2,3,11,11,0.002952983,0.091060735,0.00029209952,0.00084521784,0.23207803,0.038595214,0.0038195786,0.0003348937,0.00042169486,0.0019767391,0.0065498794,0.621073
syn-0241,1,2,3,1,1,0.001159683,0.99116313,3.4908422e-05,8.7247055e-05,0.004735698,0.0006761894,0.00036339904,2.9281238e-05,0.00012388203,0.00012339906,0.001198542,0.00030467086
syn-0247,1,2,3,3,3,0.00044876774,0.0004094065,0.00035224183,0.9796807,0.014029088,0.00052568835,0.0023834521,0.00034073833,5.9153648e-05,0.0010127962,0.00020808585,0.00054984173
syn-0249,1,2,3,8,8,0.00088402233,0.00011928942,8.600489e-05,3.2263466e-05,0.0011395499,0.000543236,0.0003426565,0.0018587258,0.99437827,0.00039170834,2.0507907e-05,0.00020371235
syn-0258,1,2,3,3,4,0.0004200104,0.00079083705,3.434214e-05,0.0027003032,0.9904399,0.0031278213,0.0010994439,7.7542514e-05,0.00014686272,0.00026671425,6.316487e-05,0.00083305023
syn-0273,1,2,3,0,0,0.9891054,0.002890275,8.638837e-05,0.0002195259,0.0054714037,0.00015827306,0.0002716083,0.00011267168,0.00034875193,0.000582341,0.00034200647,0.00041133168
syn-0276,1,2,3,6,10,0.00032905373,0.0005281422,0.00039788472,0.00019706343,0.00024429327,8.0166974e-05,0.020042215,6.3293555e-05,7.0747104e-05,0.00026569626,0.9770711,0.00071030273
syn-0289,1,2,3,8,0,0.9534378,0.027152807,8.761109e-05,0.00013649213,0.011990296,0.0012792891,0.00033881242,0.00017389547,0.003185656,0.00080016797,0.00054089224,0.0008762417
syn-0291,1,2,3,1,1,0.001014165,0.9959669,4.1090057e-05,9.876263e-05,0.00063283026,0.00027189462,0.00023030372,4.1170388e-05,0.00010668363,0.00011290066,0.0013383123,0.00014496731
syn-0293,1,2,3,0,0,0.64515245,0.0014696349,0.0002929425,0.00018153722,0.005812519,0.00063984515,0.001087351,0.0011077148,0.34130207,0.0016948464,0.0002929425,0.0009661661
syn-0296,1,2,3,3,3,8.4431944e-05,0.00010385307,0.00030959415,0.9973918,0.00032843678,0.00033458768,0.00026429322,0.00026688684,2.122302e-05,0.0006745669,0.00011406028,0.0001062121
syn-0297,1,2,3,11,11,9.98347e-05,0.00023417176,9.65743e-05,6.5217944e-05,0.00044059893,0.00035033398,0.00056663866,0.00024903123,4.799486e-05,0.00039369878,0.00046174368,0.99699414
syn-0299,1,2,3,1,1,0.0014807426,0.99602675,3.9287424e-05,8.784657e-05,0.0006620673,0.00032607105,0.0001935684,4.0852457e-05,0.00013033698,0.00012448992,0.0007127265,0.00017538755
syn-0301,1,2,3,3,3,9.546984e-05,0.0001221078,0.00028950872,0.99720997,0.00060176046,0.00035767013,0.00032885827,0.00020690255,2.0646801e-05,0.00052911864,0.000120803095,0.00011720077
syn-0307,1,2,3,3,3,0.00017633602,0.00017258797,0.00026367974,0.9945909,0.0017922715,0.00031620028,0.00063439057,0.00024125825,2.6753069e-05,0.0014098644,0.00011827085,0.00025757158
syn-0312,1,2,3,11,11,0.00043922797,0.00022346109,0.00039218646,0.00071433117,0.0017320984,0.004912653,0.0014254812,0.04071352,0.0005085192,0.0037691912,0.00025770496,0.94491166
syn-0321,1,2,3,9,9,0.00025317725,6.5212065e-05,0.0001213572,0.0004491054,0.00010512852,7.4256655e-05,0.000104208586,0.00031965558,0.00011693625,0.99787843,0.00010553998,0.00040705295
syn-0329,1,2,3,8,8,0.00062245637,8.815386e-05,7.452353e-05,1.55905e-05,0.0002512496,0.00014640955,0.00030008302,0.00060952344,0.9975604,0.00015699783,2.605823e-05,0.00014856999
syn-0336,1,2,3,0,0,0.9966461,0.0010460495,8.225361e-05,9.999496e-05,0.0005083125,8.764407e-05,0.0001300365,0.00011330913,0.00039231422,0.00034126485,0.00032137232,0.00023136278
syn-0341,1,2,3,8,8,0.00077180594,0.00012271515,5.5882138e-05,1.6278516e-05,0.0002558228,0.00013294614,0.00027613805,0.00035630382,0.99777573,9.712309e-05,2.8126757e-05,0.00011102643
syn-0352,1,2,3,8,8,0.00049590546,0.00011346923,5.7447287e-05,1.49421785e-05,0.00020941642,0.00013240014,0.0003019683,0.00039769372,0.9980544,8.5067564e-05,2.6846234e-05,0.0001104086
syn-0364,1,2,3,4,5,0.00014406149,0.0005389248,8.049612e-05,0.0007540915,0.007295733,0.98877746,0.0001996193,0.00038665967,0.00017928742,0.00022203996,7.4011805e-05,0.0013475993
syn-0368,1,2,3,9,9,0.00033032987,5.8278227e-05,0.00010834772,0.00044729703,0.00011888054,7.57128e-05,0.000100892605,0.00038723327,0.0001492553,0.9977673,9.95226e-05,0.00035691026
syn-0379,1,2,3,3,4,0.0008566745,0.0007417521,4.5825254e-05,0.006754738,0.987914,0.0007421143,0.0017057816,8.0898455e-05,0.0001381515,0.00043181592,8.884958e-05,0.00049944984
syn-0385,1,2,3,5,5,0.0008456876,0.0020040853,0.00018631795,0.002716616,0.25034112,0.73867327,0.0008069608,0.0006808576,0.00089935114,0.00072974054,0.00019336202,0.0019226104
syn-0386,1,2,3,10,10,0.0003980359,0.0007338896,0.00011968724,9.008038e-05,5.626087e-05,4.3645185e-05,0.0003856013,3.7477817e-05,3.1621188e-05,0.00020832123,0.99769443,0.00020092836
syn-0388,1,2,3,5,5,0.000832158,0.0010842793,0.00041517903,0.0054157637,0.011406541,0.85560936,0.0010927833,0.041978832,0.0013207254,0.0025909103,0.00020876512,0.07804477
syn-0401,1,2,3,11,4,0.0021423956,0.042075414,0.00020024923,0.0017181042,0.7487236,0.016728276,0.0051771197,0.00024296613,0.0004757046,0.002439535,0.0015431097,0.17853348
syn-0409,1,2,3,10,10,0.00044732695,0.0041599995,9.119115e-05,7.961604e-05,7.7091194e-05,5.3765794e-05,0.00031013816,2.8304928e-05,2.622896e-05,0.00017078393,0.99433833,0.00021742505
syn-0413,1,2,3,9,9,0.00028438956,6.4739055e-05,0.000105184525,0.0004311089,0.00012035934,9.746997e-05,0.000106113075,0.00034053597,0.00010335173,0.9974355,0.00012225473,0.0007890684
syn-0417,1,2,3,7,7,0.000789009,0.0007240353,0.0036058358,0.006766258,0.014018849,0.31032857,0.006957222,0.61235934,0.007566757,0.0016933252,0.00016831812,0.035022512
syn-0418,1,2,3,0,0,0.9929503,0.0019961253,6.007208e-05,0.00010835242,0.0029804874,0.00011421966,0.00017146401,8.488084e-05,0.00042128062,0.00046065744,0.00028214476,0.00036996792
syn-0440,1,2,3,1,0,0.5401739,0.09741698,0.00033920325,0.0005680586,0.26019266,0.0018900774,0.0027420013,0.0006106294,0.090625435,0.0021818483,0.0009681894,0.0022910277
syn-0452,1,2,3,10,10,0.0003883214,0.00060808804,0.00052382087,0.00022705956,0.00017944355,9.69918e-05,0.028238865,8.970274e-05,9.345846e-05,0.00031401197,0.9686036,0.0006364934
syn-0453,1,2,3,1,1,0.0009360047,0.994873,2.832015e-05,6.8202404e-05,0.0009112023,0.00023735338,0.00020885086,2.3432418e-05,6.6622495e-05,0.00010148802,0.0023462314,0.0001992869
syn-0456,1,2,3,11,11,0.00091612746,0.0037201624,0.00089840783,0.06843448,0.10143635,0.033778414,0.005460588,0.0022563927,0.0003665518,0.005006026,0.0013887663,0.77633774
syn-0459,1,2,3,5,4,0.008913852,0.0046019205,5.527684e-05,0.0004450967,0.9745175,0.004374064,0.0008107023,0.0002118978,0.004882004,0.0004936404,9.095828e-05,0.0006030514
syn-0460,1,2,3,8,8,0.0004633893,0.00015906176,9.232799e-05,2.0381041e-05,0.00044702648,0.00020786125,0.0016639488,0.00062848744,0.9959777,0.000103301514,5.7271795e-05,0.00017918758
syn-0461,1,2,3,2,2,0.00013073847,5.622991e-05,0.9971455,0.0004370764,4.3366326e-05,0.00016175606,0.0005564347,0.0006488812,0.00015800899,0.00024164186,0.00022066294,0.00019974209
syn-0468,1,2,3,6,6,0.0001115261,0.00010016679,0.00034571206,0.00022705586,0.00046023584,7.3930525e-05,0.99738425,0.00012899407,0.00020432816,0.00010600405,0.0005641337,0.00029368867
syn-0476,1,2,3,7,7,0.00024766536,0.00013153408,0.0007624907,0.0006135765,0.00018476961,0.007460308,0.0003013787,0.98573315,0.0025160306,0.0009889066,2.8114831e-05,0.0010320729
syn-0487,1,2,3,6,6,0.00031030452,0.00021599374,0.00019762717,0.00025549895,0.0051118266,0.00021747532,0.9904489,0.00021918102,0.0019964513,0.00011415466,0.00038205402,0.0005304294
syn-0490,1,2,3,7,7,0.00018224915,7.207018e-05,0.0010089631,0.00040552372,8.761506e-05,0.0005682615,0.00029337418,0.99534374,0.00093976845,0.00055158534,2.5547284e-05,0.0005213388
syn-0493,1,2,3,8,8,0.0004469892,0.0001166041,6.915314e-05,1.7433502e-05,0.00023417063,0.00016055052,0.00031276376,0.00044210532,0.9979634,8.966577e-05,2.879918e-05,0.00011844034
syn-0008,1,2,4,8,8,0.00022430651,0.00013482536,6.59336e-05,2.238901e-05,0.00019559586,0.00020563431,0.000282479,0.00040266156,0.9981394,0.000110958485,3.4205903e-05,0.00018160461
syn-0014,1,2,4,0,0,0.9953192,9.5475116e-05,0.00027816143,0.00016225011,0.0007508095,0.00018950446,0.00070413743,0.00012599086,0.00029322374,0.00042063935,0.001522195,0.0001383739
syn-0019,1,2,4,0,0,0.99046236,9.5567564e-05,0.000120102915,8.8558336e-05,0.0037472544,0.000106405285,0.0026058066,6.0038717e-05,0.00018170991,0.00026542114,0.0021487174,0.000118010175
syn-0022,1,2,4,10,11,6.662441e-05,0.009425928,0.00018216821,0.0009059049,0.000935118,0.0016074763,0.005650508,0.0002451341,0.00019391705,0.00079053023,0.000519456,0.97947717
syn-0035,1,2,4,9,9,0.00040748942,0.0009754304,8.0829275e-05,0.0011591302,0.00047315785,0.00010919338,0.00030296834,0.00024945845,0.00013119887,0.99481094,0.00047200412,0.00082819076
syn-0037,1,2,4,8,8,0.0008467786,0.00066261884,6.5648215e-05,2.6472522e-05,0.00087387156,0.00016121645,0.00087772025,0.00023048128,0.99576193,0.00019791268,9.239817e-05,0.00020280399
syn-0039,1,2,4,1,1,0.00013138104,0.9961922,4.3240336e-05,0.00036063537,0.0012612019,0.00042183138,0.0005457571,8.334791e-05,0.00020368575,0.0003221684,0.00024259248,0.00019190645
syn-0041,1,2,4,10,10,0.00112133,0.0002470462,0.00024596293,0.00018189382,9.496616e-05,4.8173537e-05,0.0007687988,4.921971e-05,6.4761305e-05,0.00030790467,0.99680436,6.558871e-05
syn-0046,1,2,4,8,8,0.00060536596,0.00029474386,5.8024336e-05,2.549792e-05,0.00034805707,0.00017673157,0.00042715177,0.00034299574,0.99730873,0.00016529595,7.277882e-05,0.00017458733
syn-0048,1,2,4,11,11,6.400333e-05,0.00036295783,9.721295e-05,0.0002576271,0.0009732245,0.0020422873,0.001438157,0.00025512345,0.00022981057,0.00030984852,0.00013549505,0.99383426
syn-0054,1,2,4,5,5,0.0002089181,0.0005869275,7.537013e-05,0.00012921447,0.0017959861,0.9951933,0.00012126727,0.0004876503,0.00029390334,0.00017235555,7.3624185e-05,0.0008615132
syn-0055,1,2,4,3,3,6.2362495e-05,0.00042867468,0.0004906987,0.997145,3.51191e-05,0.00016018403,0.00019246554,0.00039549253,4.1950047e-05,0.00049021974,0.00020288747,0.00035495026
syn-0076,1,2,4,5,5,0.00020192597,0.0010174843,8.1585466e-05,0.0001572601,0.0021082305,0.9943597,0.00012367619,0.00047479427,0.00034753658,0.00021684659,8.600328e-05,0.0008250173
syn-0080,1,2,4,3,3,7.049087e-05,0.0015451644,0.00033140287,0.9946743,6.660919e-05,0.00025936012,0.0005236661,0.0002629304,4.3683372e-05,0.000541081,0.0003302721,0.0013510105
syn-0084,1,2,4,5,5,0.00011774806,0.0004467698,9.57285e-05,0.00051147427,0.00041420446,0.99213034,0.000109753266,0.0018509051,0.00029086063,0.00019019302,5.8976613e-05,0.0037830048
syn-0106,1,2,4,10,10,0.0005341692,0.0004442496,0.00018489713,0.00015388505,0.0001326572,4.1946758e-05,0.003087847,2.6977279e-05,4.413188e-05,0.00012782459,0.9951213,0.00010003717
syn-0108,1,2,4,8,8,0.000704561,0.0006997184,7.0415495e-05,3.6674057e-05,0.0007752744,0.00024553435,0.0008287583,0.0003467665,0.9955533,0.00018752376,0.00028607924,0.0002652268
syn-0109,1,2,4,3,3,0.0001092465,0.00447387,0.0029599366,0.9836993,7.1227034e-05,0.00030668874,0.001892911,0.00057802803,5.734442e-05,0.0020221083,0.0007151648,0.003114128
syn-0111,1,2,4,3,3,8.551774e-05,0.000864648,0.00035256243,0.9965006,5.60839e-05,0.00021415339,0.00028607194,0.00032416199,5.7526137e-05,0.0005277106,0.00025655847,0.0004743088
syn-0113,1,2,4,11,11,3.8690014e-05,0.00024692807,0.00013946422,0.00022177763,0.00028145048,0.0005853057,0.001309701,0.0002164287,0.00013716801,0.00035422662,0.00014124604,0.9963277
syn-0124,1,2,4,6,6,0.00032331643,0.018463543,0.00031830388,0.0010606315,0.0018669278,0.00016513387,0.9713518,7.370833e-05,0.00018494116,0.00028476902,0.002437721,0.0034691966
syn-0129,1,2,4,11,11,4.829297e-05,0.00033131422,0.00011698569,0.0014968585,0.0005266026,0.00089578115,0.0009596262,0.00035893646,0.00012550733,0.0015511756,0.00015109533,0.9934377
syn-0138,1,2,4,4,4,0.012819179,0.0042278324,0.00013125667,0.0002476262,0.64383745,0.00052936916,0.32884002,0.00010712858,0.0008813472,0.00062987045,0.002617122,0.0051317443
syn-0140,1,2,4,11,11,0.00012608702,0.0005997678,0.00076861447,0.034553133,0.0002869299,0.001902339,0.0009217095,0.0032971946,0.00025075398,0.015543929,0.00052108726,0.94122833
syn-0142,1,2,4,4,3,0.00012533551,0.003788349,0.000337057,0.98820996,0.00022628935,0.0014452861,0.0006097356,0.00073872076,0.0001448249,0.001247741,0.00028521972,0.002841502
syn-0143,1,2,4,1,1,0.000119695236,0.99581426,6.76035e-05,0.00044864768,0.00086774706,0.0004628893,0.0006480149,0.00013379076,0.00043612008,0.00040040174,0.00026348897,0.00033733674
syn-0145,1,2,4,2,2,0.00011519531,4.5955967e-05,0.99655414,0.0006769687,2.6649273e-05,0.0001136311,0.00052143144,0.0011403717,0.00012274459,0.00016614153,0.00027378736,0.00024303635
syn-0146,1,2,4,10,10,0.000631103,0.00020240324,0.00013548958,0.00014123127,8.6797896e-05,3.740429e-05,0.0008009114,2.5909194e-05,4.385835e-05,0.00015450748,0.99768376,5.6646175e-05
syn-0150,1,2,4,3,3,6.249684e-05,0.0011544458,0.0008859551,0.99539727,3.731857e-05,0.00034183724,0.0002817374,0.0006398846,6.0337854e-05,0.00040614003,0.00021941727,0.0005131585
syn-0165,1,2,4,8,8,0.005029277,0.018329086,0.0001399443,0.00012325942,0.014989009,0.0005996358,0.00971551,0.00044387425,0.947476,0.0010391177,0.00074407575,0.0013712405
syn-0174,1,2,4,10,10,0.00052140036,0.00023007442,0.0001995508,0.00017006093,6.767861e-05,3.9284292e-05,0.00056280557,3.3016146e-05,4.3739285e-05,0.00017839645,0.9978946,5.9493308e-05
syn-0176,1,2,4,10,6,0.0006975089,0.0005453466,0.00021650062,0.00011921322,0.0015157086,0.000116679315,0.9792924,4.1522115e-05,0.00018536371,0.00010728029,0.014927968,0.0022346098
syn-0178,1,2,4,9,9,0.00024923927,0.000819822,0.000100407175,0.0009985985,0.0003059714,0.00014695011,0.00023505502,0.00039249155,0.00014955604,0.99490803,0.00029281652,0.0014010482
syn-0187,1,2,4,3,3,5.471072e-05,0.00048348235,0.00041913477,0.9971002,3.2669264e-05,0.00022632715,0.00017438045,0.0004984036,4.378991e-05,0.00040673552,0.00016397532,0.0003963447
syn-0195,1,2,4,4,5,0.0006449613,0.0018442898,0.00010056376,0.00018138753,0.05545305,0.93608713,0.0004406853,0.0004381107,0.0013175721,0.0006226808,0.00015454409,0.002715057
syn-0206,1,2,4,8,10,0.006809652,0.0024186636,0.0004809223,0.00032796047,0.0016400995,0.00029455664,0.005642643,0.000193931,0.0054824064,0.0006187237,0.9757288,0.0003616039
syn-0211,1,2,4,0,0,0.99513704,7.052365e-05,0.00012920715,0.00010576521,0.002081229,0.00013673677,0.0007381099,8.022655e-05,0.0002124034,0.0004467037,0.00074785965,0.000114247836
syn-0215,1,2,4,10,10,0.0005660028,0.00032403765,0.00026411697,0.00023132499,7.5615375e-05,5.2428415e-05,0.0005787183,5.356699e-05,6.455105e-05,0.00024787273,0.99745697,8.485076e-05
syn-0217,1,2,4,6,6,0.00025976234,0.00043896746,0.00025874964,9.849842e-05,0.0003665025,5.7904235e-05,0.9971902,4.5095865e-05,0.00016019128,6.7170084e-05,0.0005984978,0.00045857622
syn-0223,1,2,4,6,6,0.0015556979,0.004384954,0.00028974912,0.00029604157,0.010672875,0.0005277511,0.91943574,9.536268e-05,0.0003952673,0.00040464083,0.037654318,0.024287725
syn-0225,1,2,4,7,7,0.00023214407,0.00058190286,0.0006836434,0.0010619542,0.00051907357,0.022309946,0.0005211052,0.95328647,0.0063950284,0.0015093413,0.00012547718,0.012774046
syn-0228,1,2,4,6,3,0.000100670215,0.002930545,0.00060180645,0.9897517,0.00012431113,0.00042425154,0.0015895702,0.00043346497,8.3785184e-05,0.00059189805,0.0003825315,0.0029854283
syn-0229,1,2,4,7,5,0.00012656832,0.00041096853,7.498924e-05,0.00010051566,0.0012526525,0.99403954,0.00014023525,0.0010301523,0.00037037375,0.00015537791,5.296803e-05,0.0022456693
syn-0230,1,2,4,9,9,0.00032165955,0.0001896487,0.00011291312,0.00059823104,0.00014597781,0.00010290901,0.0001073224,0.00056280993,0.00020828834,0.9970499,0.0002026701,0.00039758458
syn-0232,1,2,4,8,8,0.00031249868,0.00020166584,6.0551065e-05,2.314024e-05,0.000282388,0.0002198703,0.00023686745,0.00035470226,0.9979395,0.000185874,3.9209408e-05,0.00014363231
syn-0234,1,2,4,4,3,0.00092292496,0.04850693,0.0016876014,0.76997274,0.0070497748,0.009997759,0.048317816,0.0010037841,0.00094850926,0.0028847582,0.0026549695,0.106052384
syn-0236,1,2,4,11,11,7.0029455e-05,0.010587936,0.0002606997,0.001574525,0.0007093476,0.0014863693,0.005675622,0.0004566494,0.00048184712,0.0013969967,0.0006490297,0.976651
syn-0237,1,2,4,4,4,0.27439284,0.0013766306,0.00011016768,0.00021569784,0.717303,0.0007936265,0.0022195403,0.00011410965,0.00052098156,0.0010366015,0.0014419922,0.0004748225
syn-0255,1,2,4,2,2,0.00012569406,4.4036675e-05,0.99686086,0.00048889994,3.1104937e-05,0.00010491881,0.00050157943,0.0010345905,0.00014897414,0.00017917143,0.00028394832,0.00019630147
syn-0264,1,2,4,0,0,0.99606067,7.212209e-05,0.00011126938,9.498804e-05,0.0014185128,0.0001340855,0.00059446786,7.752698e-05,0.00023509767,0.00030707463,0.00079261133,0.00010150999
syn-0270,1,2,4,10,6,0.0009580094,0.00079908,0.00032746172,0.00019591863,0.00079596473,8.087735e-05,0.9591408,5.4086795e-05,0.00020017335,0.00013308402,0.036470607,0.0008439967
syn-0294,1,2,4,1,1,0.000117430995,0.9962458,5.402699e-05,0.0005211747,0.0008408025,0.0005369314,0.0005207931,0.00011194407,0.0002486014,0.00036437192,0.00023331145,0.00020489373
syn-0300,1,2,4,10,10,0.0005095058,0.00023343964,0.0001768128,0.00016233178,7.788765e-05,3.935607e-05,0.0007148439,3.2883225e-05,4.7938353e-05,0.00017398661,0.9977671,6.3881205e-05
syn-0316,1,2,4,0,4,0.3861565,0.00080367364,0.00012409275,0.00015263667,0.605141,0.0017843344,0.00233233,0.0001574819,0.0009000719,0.0010446116,0.0005502029,0.00085300347
syn-0327,1,2,4,1,1,0.00010407204,0.9965708,5.35194e-05,0.0005174139,0.00064751843,0.00029003035,0.0006565923,8.2569306e-05,0.0002096163,0.00031055,0.00032672743,0.00023066852
syn-0330,1,2,4,0,0,0.9936094,7.9635414e-05,9.785761e-05,7.9947094e-05,0.0039395667,0.00020395278,0.0006778531,6.851606e-05,0.00022182148,0.0002970395,0.0006011727,0.00012322134
syn-0334,1,2,4,6,6,0.00028015923,0.00027961258,0.0001798276,8.704392e-05,0.000426879,4.6228677e-05,0.99661106,4.1520132e-05,0.00012517265,6.064788e-05,0.0014262437,0.0004355111
syn-0339,1,2,4,7,7,9.305018e-05,0.00010762432,0.0012642947,0.000567225,6.186383e-05,0.00072414253,0.00016061934,0.9949846,0.0009190127,0.0005856594,6.357876e-05,0.0004684127
syn-0340,1,2,4,9,9,0.00035972486,0.0005111473,7.329697e-05,0.00060397206,0.00033562808,0.000103871236,0.00021648625,0.0002683711,0.00015083687,0.9965926,0.0002460308,0.00053803704
syn-0345,1,2,4,7,7,7.923138e-05,0.0001296139,0.000894934,0.0005406557,6.6329725e-05,0.0017089965,0.0001468718,0.9943778,0.0009370246,0.0004376226,4.8527865e-05,0.0006323993
syn-0358,1,2,4,2,2,0.00010146466,4.7093385e-05,0.99561596,0.0006014315,2.9013392e-05,0.0001196714,0.000444145,0.0022602398,0.000141836,0.0001794727,0.00023282265,0.00022687475
syn-0359,1,2,4,4,4,0.0027414346,0.06995563,4.685336e-05,0.00012129125,0.9178922,0.0015432589,0.0030564254,5.8082624e-05,0.0012436818,0.0011279704,0.0003139917,0.0018991681
syn-0360,1,2,4,0,0,0.9920981,9.516613e-05,8.905177e-05,9.063097e-05,0.0055094375,0.00016062325,0.0006329165,6.8813875e-05,0.00021072333,0.00035635827,0.0005723161,0.00011580563
syn-0374,1,2,4,8,8,0.00039608555,0.00023668676,5.961048e-05,2.3094375e-05,0.00027275758,0.00018191763,0.00030173088,0.00028251726,0.99790895,0.00013591777,4.6379377e-05,0.00015431613
syn-0375,1,2,4,8,8,0.00023090419,0.00019682893,5.5898963e-05,2.3692237e-05,0.00025465337,0.00019731004,0.0002668744,0.0003381649,0.9980762,0.00013022308,3.4878347e-05,0.00019434592
syn-0383,1,2,4,2,2,0.00014063093,4.5879653e-05,0.9968443,0.00042765698,3.5383866e-05,0.000108671156,0.00059515797,0.00096999534,0.00014940875,0.0001661899,0.00030492464,0.0002119383
syn-0393,1,2,4,2,2,0.00014239208,5.7307305e-05,0.9965952,0.00055812433,3.3557884e-05,0.000113635775,0.00092016323,0.0006863998,0.00014980967,0.00016135136,0.00033595687,0.00024615158
syn-0399,1,2,4,8,8,0.00026717267,0.0002836411,7.395608e-05,2.5508665e-05,0.00027124755,0.00017061488,0.00047850126,0.00030024367,0.997729,0.00012878687,5.6153036e-05,0.0002151515
syn-0402,1,2,4,1,1,0.00019580149,0.9812991,5.469163e-05,0.0003796352,0.0073545757,0.0003686744,0.007434006,7.973143e-05,0.0003181277,0.00047200246,0.00059058005,0.0014529828
syn-0403,1,2,4,9,9,0.00034568406,0.00023793323,9.89918e-05,0.0005000289,0.00018118692,9.641577e-05,0.000119057586,0.00036996053,0.00019118472,0.9973035,0.00020075159,0.00035544028
syn-0406,1,2,4,4,4,0.0037135482,0.0021221242,2.7927346e-05,0.00010437245,0.9849139,0.00035585673,0.0048837513,3.8849084e-05,0.00023658917,0.0005530488,0.00028095656,0.0027691235
syn-0419,1,2,4,1,1,0.000106934065,0.9963569,5.0858554e-05,0.00043827953,0.00087034714,0.00028911984,0.0007850942,8.111316e-05,0.00017442071,0.0002745363,0.00032617914,0.00024621296
syn-0422,1,2,4,1,1,0.00010519311,0.9965432,4.5597837e-05,0.00040640912,0.00081697013,0.00038011192,0.0006247128,9.03286e-05,0.00021146088,0.00027258386,0.00024362776,0.0002595938
syn-0425,1,2,4,5,5,0.0007734812,0.0085713025,0.000118270196,0.0003208644,0.083903685,0.89677966,0.00085867767,0.0004225929,0.00091853173,0.00075704075,0.00024649623,0.006329346
syn-0429,1,2,4,2,2,0.00015628496,4.69711e-05,0.99691737,0.0004413724,3.483785e-05,0.0001128981,0.0006738346,0.0007457759,0.00014724689,0.00016490868,0.00033418363,0.00022430552
syn-0436,1,2,4,6,6,0.00025822702,0.0006150841,0.00013660865,0.00010291642,0.0010091626,5.9563452e-05,0.99614847,3.4675264e-05,0.00015708212,7.369485e-05,0.0006550734,0.0007494198
syn-0444,1,2,4,5,5,0.0001653959,0.0043945797,0.00024539602,0.0060478807,0.00082692754,0.97670096,0.000487076,0.002917789,0.000625418,0.00043448544,0.0001349922,0.0070190905
syn-0445,1,2,4,6,6,0.00067077053,0.00042512038,0.0002519985,8.342553e-05,0.00096024084,0.00010382476,0.99517435,6.956864e-05,0.0006637656,7.852426e-05,0.00070726516,0.0008111805
syn-0454,1,2,4,11,11,5.8155187e-05,0.00039819555,0.00018809427,0.0004994491,0.0004994491,0.00055068446,0.0069216676,0.00022866446,0.00015963354,0.00027744292,0.0003744356,0.98984396
syn-0463,1,2,4,11,11,3.9224247e-05,0.0001863989,0.00024645656,0.0005189537,0.00021163055,0.0005553984,0.0009033115,0.0003073198,0.0001375762,0.00039828438,0.00012612379,0.99636936
syn-0465,1,2,4,7,7,0.00010623968,0.0002218554,0.0013434418,0.0012096311,0.00011112098,0.007974922,0.00028626234,0.9850654,0.000868928,0.000463743,7.0357426e-05,0.002278169
syn-0471,1,2,4,5,5,0.00047944172,0.0012656302,0.00028184926,0.00047757255,0.010695762,0.5105917,0.0014077821,0.0029773656,0.0015266414,0.0013393853,0.00041169327,0.46854526
syn-0481,1,2,4,9,9,0.00033329352,0.00017240457,0.00010590465,0.00044111122,0.00015712953,8.643685e-05,0.00013180047,0.00040281468,0.00017614865,0.9974226,0.00020254796,0.00036784305
syn-0492,1,2,4,6,6,0.00024017382,0.0002965751,0.00027752033,8.5261105e-05,0.00031035306,5.451374e-05,0.99739873,5.1511863e-05,0.00016693313,6.0341205e-05,0.00057393586,0.0004842178
syn-0497,1,2,4,5,5,0.0001697425,0.0030161121,9.447593e-05,0.00022225245,0.0016756484,0.9868283,0.0002649643,0.0014523673,0.00042882134,0.0002657417,0.00012273945,0.0054588076
syn-0002,2,0,0,1,1,0.00021561826,0.9974554,7.39358e-05,0.000167269,0.00015052581,0.00046969057,0.00023901754,6.486692e-05,0.00037092136,0.0003554944,0.00014732635,0.0002898629
syn-0004,2,0,0,10,11,0.0004059639,0.0028518613,0.00051721145,0.00012674811,0.002146138,0.00052947673,0.0003109595,0.0015399668,0.0004954582,0.01284058,0.00012950068,0.97810626
syn-0011,2,0,0,10,10,0.00011767329,0.00061807106,0.0009330593,0.00046495264,0.00030581802,0.00062566216,0.0014873886,0.00082704844,0.0003067153,0.00054945546,0.9934388,0.00032522384
syn-0013,2,0,0,6,6,0.00017760039,0.00020036516,0.00011738669,0.00037542966,0.00040110905,0.0001657035,0.996843,4.80814e-05,0.00015780686,8.283417e-05,0.0011547122,0.00027601467
syn-0017,2,0,0,3,3,0.0002747261,0.0002649767,0.00025871219,0.9970458,0.00031024322,0.0003216582,0.00046210593,7.944396e-05,0.00013753523,0.00052089326,0.00027864394,4.526581e-05
syn-0018,2,0,0,3,6,0.00023506826,0.0002198579,0.00012613053,0.00085607375,0.00040388727,0.00021857345,0.9964226,5.0269344e-05,0.00019232612,9.0848414e-05,0.00096982176,0.00021455526
syn-0025,2,0,0,8,8,0.00011732278,0.00041546332,0.00018171308,6.3414634e-05,5.5963217e-05,9.5849624e-05,0.00017254725,0.00032679827,0.9982481,0.00017715736,5.2163454e-05,9.362927e-05
syn-0031,2,0,0,0,0,0.994962,0.00014667133,0.00012981676,0.00037719953,0.0028110663,0.0002692435,0.000370627,0.00015296153,0.000103701284,0.00024431248,0.00011534872,0.00031709147
syn-0036,2,0,0,5,5,0.00029871706,0.00056067173,3.0605403e-05,0.00020630995,0.0043047126,0.9924137,0.00049928087,0.00024643887,9.408734e-05,0.00016083135,0.00025129947,0.00093329203
syn-0037,2,0,0,8,8,9.5675714e-05,0.00035632556,0.00017477573,5.9755508e-05,5.424885e-05,8.476398e-05,0.00016758847,0.00031892117,0.99838495,0.00015499399,5.0270068e-05,9.775349e-05
syn-0039,2,0,0,1,1,0.00023873853,0.9967777,7.1892624e-05,0.00015918953,0.0001852049,0.0010899898,0.00028378604,6.406764e-05,0.00028434084,0.00028475764,0.00014062155,0.00041981836
syn-0064,2,0,0,6,6,0.00029704144,0.0002375169,9.333141e-05,0.0003529177,0.0005510228,0.00020236692,0.99701786,4.951956e-05,0.00016476432,7.565593e-05,0.0006102711,0.00034770078
syn-0076,2,0,0,5,5,0.00052710687,0.014177273,5.9778467e-05,0.00040061036,0.0015212366,0.98040754,0.0004985676,0.00044647692,0.0005666087,0.00038226508,0.0002415629,0.0007710663
syn-0081,2,0,0,10,10,4.7402667e-05,0.00030327364,0.00039150825,0.00041210416,0.00011382418,0.00015603568,0.0016973162,0.000105064755,0.000121402096,0.00026361743,0.9962998,8.864636e-05
syn-0082,2,0,0,1,1,0.00017280626,0.9968219,6.1017185e-05,0.00019429131,0.00017331328,0.0010684332,0.00032633136,5.8109395e-05,0.0002668646,0.0003591056,0.00015475134,0.00034316324
syn-0083,2,0,0,0,0,0.9964335,0.00019497574,0.00016211481,0.0003843625,0.001107313,0.00032177474,0.00042889203,0.00018971661,0.00014588756,0.00023564545,0.00012106319,0.0002746915
syn-0095,2,0,0,11,11,0.0001505173,0.0003000711,0.00029585196,4.622006e-05,0.00060435006,0.0004008431,0.00033442673,0.0009328988,0.000108096385,0.000345886,5.5426317e-05,0.99642533
syn-0100,2,0,0,2,2,2.976965e-05,5.649287e-05,0.997903,0.00027315578,2.4728159e-05,7.990146e-05,0.00016442817,0.00045588898,0.00025931414,0.00016799902,0.00032240667,0.0002630122
syn-0121,2,0,0,9,9,0.000117195945,0.00079952145,0.00033994662,0.00022436213,0.00031486014,4.739771e-05,5.2772786e-05,0.00012512047,0.00039184978,0.99619555,0.00011915782,0.0012723398
syn-0123,2,0,0,10,10,5.1715328e-05,0.0002775303,0.000314944,0.00039647758,0.00012724887,0.000179625,0.0046552652,8.1439124e-05,0.00010036767,0.00019460067,0.99354583,7.4952004e-05
syn-0134,2,0,0,5,5,0.00040518478,0.0011958573,0.0001283716,0.00016354967,0.00028341758,0.9829254,0.00036712797,0.0115330955,0.0005147087,0.00026781077,0.0003049548,0.001910508
syn-0135,2,0,0,0,0,0.9962758,0.00017086622,0.00022328725,0.00045414656,0.00095022726,0.00038242975,0.0004778043,0.00025637538,0.00016448098,0.0002297012,0.0001491778,0.0002658083
syn-0138,2,0,0,4,4,0.0020306706,0.0005129327,3.1549902e-05,0.00038267116,0.98577154,0.0006237199,0.0009339743,4.7547383e-05,7.096007e-05,0.00038360653,0.00011450666,0.009096391
syn-0144,2,0,0,9,9,0.0001221018,0.00068419543,0.00028389518,0.00050482526,0.00024023384,4.1705633e-05,5.2927207e-05,8.760375e-05,0.00038099813,0.99716103,0.00016003025,0.00028045074
syn-0148,2,0,0,7,7,0.00014248122,8.3352395e-05,0.00074727763,6.619524e-05,2.0406445e-05,0.0002845362,0.000102625374,0.9972191,0.00048165483,0.00011459874,0.00012210892,0.00061574514
syn-0150,2,0,0,3,3,0.00026054273,0.00030135066,0.00018996671,0.9967732,0.00035699017,0.00029336548,0.0008775398,6.282817e-05,0.00013549818,0.00037797843,0.00033000077,4.072368e-05
syn-0151,2,0,0,10,11,0.0003838415,0.00073951273,0.00043283083,0.00016126392,0.01062051,0.0013688335,0.0017915992,0.000649756,0.0001547834,0.0007344747,0.00043283083,0.9825299
syn-0152,2,0,0,3,3,0.0016960157,0.00035805203,0.00017365062,0.98231804,0.010976697,0.00069591607,0.0016630089,0.00014708782,0.00023688914,0.0007928231,0.00083290244,0.00010888024
syn-0158,2,0,0,1,1,0.00019442556,0.9975107,7.658557e-05,0.00018955114,0.0001676053,0.00041029463,0.00026993317,5.941237e-05,0.0003515439,0.00030737152,0.00015868552,0.0003039389
syn-0160,2,0,0,5,5,0.00024867518,0.0008026354,4.732165e-05,0.00016308516,0.00035988208,0.99654144,0.00031267098,0.00055971456,0.00014210657,0.00015501026,0.00018936695,0.00047816514
syn-0161,2,0,0,2,2,2.6844089e-05,4.9955845e-05,0.9979747,0.00026834992,2.332255e-05,7.072475e-05,0.00014950515,0.00043984942,0.0003030057,0.00017419283,0.00030222998,0.0002173164
syn-0163,2,0,0,4,4,0.051690694,0.0012393227,4.2583662e-05,0.001014721,0.9398013,0.001937066,0.0015084735,7.459082e-05,0.0004048124,0.0004432988,0.00018679022,0.0016563296
syn-0165,2,0,0,8,8,7.6716104e-05,0.00037446557,0.00019239399,6.4854285e-05,5.1454484e-05,9.8505436e-05,0.00015219617,0.00041258207,0.99823546,0.00019859817,6.697835e-05,7.56744e-05
syn-0169,2,0,0,4,4,0.024674091,0.00035024263,3.2166674e-05,0.0014659618,0.9703227,0.0012487865,0.0005654547,5.4610588e-05,5.2724045e-05,0.00033880444,0.00016576637,0.0007285441
syn-0170,2,0,0,6,6,0.00021649049,0.00022065261,0.00013801348,0.0004218032,0.00047901704,0.00018373308,0.99661213,5.2691845e-05,0.00017965228,8.420133e-05,0.0011337753,0.0002778436
syn-0174,2,0,0,10,10,3.8426046e-05,0.00014816773,0.0006204679,0.00037587367,7.985247e-05,0.00018012615,0.0007318042,0.00013490824,9.7265714e-05,0.000245483,0.99729115,5.6458233e-05
syn-0175,2,0,0,11,11,0.0010758567,0.16045287,0.0013481096,0.0005415033,0.008712792,0.004145379,0.003864862,0.0010811229,0.0006858626,0.008186908,0.001399077,0.8085057
syn-0176,2,0,0,10,10,0.0011218648,0.00470022,0.0028844322,0.001988256,0.04044541,0.0051571433,0.09884054,0.001887966,0.0009138526,0.0024816843,0.78968394,0.04989466
syn-0186,2,0,0,3,3,0.00038277992,0.00023387445,0.00016960893,0.9967012,0.0006676914,0.00026372363,0.0005108911,6.953942e-05,0.0001266596,0.00054958015,0.0002804583,4.41157e-05
syn-0198,2,0,0,0,0,0.70828575,0.0016304777,0.00011808258,0.002100743,0.2817366,0.0015358109,0.0013207234,0.00018396463,0.00023946696,0.00084402406,0.00028051258,0.0017238102
syn-0203,2,0,0,8,8,7.32065e-05,0.00032123277,0.0001976402,6.917528e-05,5.7911104e-05,8.287285e-05,0.00017382174,0.0003937628,0.9982829,0.00019438616,6.267802e-05,9.0397945e-05
syn-0206,2,0,0,8,8,0.00011857361,0.0005167607,0.00016191271,6.535479e-05,5.423397e-05,0.00010191782,0.0002040781,0.00033696112,0.9981111,0.00015344567,5.381191e-05,0.00012174165
syn-0221,2,0,0,11,11,0.000377019,0.0045129997,0.00022800462,6.381118e-05,0.0011344854,0.00066460314,0.00031103723,0.00055937876,0.00037008803,0.0008731779,5.490134e-05,0.9908505
syn-0234,2,0,0,4,6,0.00019472826,0.00019549041,0.000117993375,0.00045842936,0.00040229716,0.00019340165,0.9971143,4.8188518e-05,0.00018239513,8.133352e-05,0.0007475641,0.00026383295
syn-0237,2,0,0,4,4,0.041347317,0.0003924999,6.265073e-05,0.0007093387,0.9502957,0.0006055457,0.0007688528,8.187171e-05,8.332358e-05,0.0006579559,0.00014284985,0.004852187
syn-0240,2,0,0,6,6,0.00021767072,0.00020598588,0.00011725266,0.0006538232,0.0005081114,0.00020902547,0.99667764,4.5515004e-05,0.00017983963,7.980334e-05,0.00088910025,0.0002162934
syn-0241,2,0,0,1,1,0.00047066738,0.98909163,7.331584e-05,0.0004674609,0.0036984724,0.0024196028,0.0006871617,7.360279e-05,0.00025942005,0.0011595219,0.00033669948,0.001262496
syn-0252,2,0,0,8,8,9.06698e-05,0.000353305,0.00013811997,6.4169064e-05,5.7915327e-05,0.000101843296,0.00018540754,0.0003591317,0.9983557,0.00015804634,5.3302025e-05,8.2314284e-05
syn-0258,2,0,0,3,4,0.0028088687,0.0015162886,6.6491084e-05,0.03925865,0.94744194,0.0040568076,0.0021632512,9.674395e-05,0.00016044114,0.00095911697,0.00079126295,0.00068011583
syn-0268,2,0,0,6,6,0.00021178515,0.00022899435,0.00014039215,0.0003671848,0.00038565285,0.00017921392,0.99709725,5.611748e-05,0.00019798466,8.4903026e-05,0.0007234909,0.0003270597
syn-0270,2,0,0,10,4,0.0016418279,0.014741023,0.00022635855,0.0026701598,0.9079959,0.0037107717,0.019595549,0.00016723262,0.00027250772,0.0023312303,0.034492157,0.012155276
syn-0271,2,0,0,2,2,3.0413385e-05,6.143672e-05,0.99781203,0.00028792082,2.377867e-05,8.9652174e-05,0.0001651373,0.00043010843,0.0003061162,0.00020144325,0.00032729417,0.0002645983
syn-0272,2,0,0,3,1,0.002556422,0.95990205,0.00013475966,0.0046767923,0.010125667,0.014906423,0.0013946614,0.00021035683,0.0010808727,0.0022692923,0.0006098777,0.002132844
syn-0289,2,0,0,8,8,0.0004371915,0.008395486,0.00018895407,0.00014402972,0.00019609778,0.0003458469,0.00051438337,0.00039074945,0.9885594,0.0004063151,0.00014715758,0.00027439013
syn-0290,2,0,0,0,0,0.71533084,0.0018916365,0.00013408436,0.0014338208,0.27470943,0.001224019,0.0011696791,0.00018908926,0.00033708807,0.0010686514,0.00026201215,0.002249667
syn-0298,2,0,0,7,7,0.000115321214,8.4370804e-05,0.0005450863,5.5983954e-05,1.5200892e-05,0.00041793214,7.063227e-05,0.9976433,0.00035841027,0.00010561821,9.1583635e-05,0.00049654907
syn-0311,2,0,0,9,9,0.00022262654,0.0033068052,0.00029406944,0.00038938853,0.0007338956,7.611562e-05,8.507912e-05,0.00013516174,0.00033963073,0.9913896,0.00013502981,0.002892709
syn-0316,2,0,0,0,0,0.97749203,0.00026763402,9.4132054e-05,0.0006914835,0.018836027,0.0010899829,0.00043953361,0.00012741289,9.5427844e-05,0.00025587744,0.00014536806,0.0004651476
syn-0322,2,0,0,2,2,5.1543884e-05,0.00013807336,0.99607134,0.0005443602,5.783927e-05,0.00022742228,0.0003425702,0.0006054273,0.00036076774,0.00034273748,0.0007195334,0.0005384125
syn-0326,2,0,0,1,1,0.0022690496,0.54235655,0.00092396943,0.00041727984,0.0036401227,0.00297679,0.0018375325,0.0015918055,0.003578442,0.0042661373,0.00034661344,0.43579572
syn-0334,2,0,0,6,6,0.00020428169,0.00020820911,9.791976e-05,0.00033961094,0.00050336967,0.00018911427,0.99715745,4.8002723e-05,0.00015004064,7.355368e-05,0.000706084,0.00032232312
syn-0340,2,0,0,9,9,0.00012230691,0.000754544,0.00027161482,0.00033019966,0.0003652301,4.5613575e-05,6.533843e-05,7.759131e-05,0.0002609545,0.99688715,0.0001650648,0.0006544398
syn-0349,2,0,0,5,5,0.00021535667,0.00067990547,4.809952e-05,8.3596904e-05,0.0003974577,0.9952728,0.00027143993,0.0012551256,0.00015694404,0.00015633217,0.0001647975,0.0012981329
syn-0351,2,0,0,11,11,0.00019620635,0.00023701698,0.0001855831,4.343886e-05,0.0007762007,0.00041526742,0.00029353562,0.0005589911,0.00012135233,0.00026531683,4.2515552e-05,0.9968644
syn-0360,2,0,0,0,0,0.99503505,0.00014314435,0.000109859815,0.00037319664,0.0029061825,0.00029935988,0.0003292645,0.00013329496,8.9490015e-05,0.00021688796,0.000105033905,0.0002593275
syn-0364,2,0,0,4,5,0.00029111048,0.00055486365,3.0712796e-05,0.0002002726,0.0027918092,0.9939528,0.00044410725,0.0002956948,0.00011267235,0.00017777857,0.00022871849,0.0009194616
syn-0380,2,0,0,4,4,0.0009489966,0.00047243276,1.5178913e-05,0.00049825804,0.99038064,0.005181837,0.00069966074,3.1883694e-05,4.928607e-05,0.00019877484,0.00015166361,0.0013713752
syn-0381,2,0,0,8,8,0.00017094312,0.00040668139,0.00053015363,9.6736905e-05,0.00010666054,0.00022316971,0.00035143827,0.0060969857,0.9909011,0.00038485028,0.00012421265,0.0006070827
syn-0384,2,0,0,1,1,0.00029382083,0.99345773,9.851382e-05,0.0002033251,0.00017425319,0.0004620194,0.00029410794,0.000113167465,0.0033889748,0.0009224315,0.00020814681,0.00038358907
syn-0403,2,0,0,9,9,0.00010084048,0.0006415465,0.00031828712,0.00037448495,0.00019201679,4.146576e-05,4.6530236e-05,0.00010988973,0.00049739296,0.9972518,0.00015137949,0.00027438067
syn-0410,2,0,0,10,10,5.4399436e-05,0.00024511438,0.0003394778,0.00033519525,0.00019743635,0.00019801564,0.0047554993,0.000103131235,0.000103131235,0.00018876343,0.99336535,0.0001144908
syn-0427,2,0,0,5,5,0.00068367325,0.001748807,2.4254761e-05,0.00037352613,0.01203584,0.98262995,0.00079210737,0.00016318148,0.000117076976,0.0001535945,0.00020110904,0.001076817
syn-0439,2,0,0,6,6,0.00020066235,0.0002358615,0.00015982582,0.0003782884,0.0004185227,0.00020085841,0.99686027,6.54644e-05,0.00026428138,9.3407834e-05,0.0007858265,0.0003367032
syn-0447,2,0,0,7,7,0.00012334042,9.032594e-05,0.00046531146,5.7921512e-05,1.611567e-05,0.00061186444,7.222541e-05,0.99748766,0.00030672725,9.419969e-05,0.00011208361,0.00056230143
syn-0455,2,0,0,2,7,0.001510846,0.0048628035,0.13868444,0.0011606707,0.00071786717,0.0035128223,0.0035821064,0.33858636,0.32561532,0.0033683656,0.0010183041,0.17738008
syn-0456,2,0,0,11,4,0.0019240391,0.01396911,0.00034194256,0.02925663,0.89428824,0.013772699,0.0072785523,0.00024294764,0.0004347961,0.0040652426,0.0021994682,0.0322264
syn-0461,2,0,0,2,2,2.9079181e-05,6.031101e-05,0.99787354,0.00026102146,2.5116828e-05,7.6017226e-05,0.00016434307,0.0004579951,0.0003085361,0.00017830562,0.00029984763,0.00026578002
syn-0477,2,0,0,7,5,0.0008781263,0.005643524,0.0010960522,0.0003271719,0.00045423323,0.82287854,0.0006912715,0.13995546,0.00459993,0.0011747447,0.00073298585,0.02156792
syn-0481,2,0,0,9,9,0.000100364494,0.0005385731,0.00032169482,0.00033622913,0.00021216062,3.9883267e-05,5.3564083e-05,9.446804e-05,0.000349367,0.99740285,0.00014993107,0.0004008447
syn-0486,2,0,0,1,1,0.00019289376,0.9974136,7.436716e-05,0.00016531332,0.0001627504,0.00035652248,0.000261475,6.237929e-05,0.00029441522,0.0004536673,0.00014195341,0.00042070195
syn-0487,2,0,0,6,6,0.00021734483,0.0003441088,0.00010226617,0.00045955772,0.00061158504,0.00023068553,0.9966444,4.4199423e-05,0.0002244632,8.209298e-05,0.0007745151,0.00026487
syn-0490,2,0,0,7,7,0.000117072894,9.573891e-05,0.00051278033,5.3757132e-05,1.6395e-05,0.00076864765,7.3048024e-05,0.9970951,0.0003991527,0.000102412385,9.0202266e-05,0.0006756846
syn-0493,2,0,0,8,8,0.000112789654,0.00031865176,0.00036249298,8.51381e-05,7.404154e-05,9.9245335e-05,0.00016442883,0.00042359036,0.9979069,0.000275232,6.253215e-05,0.000115014234
syn-0496,2,0,0,8,8,0.000105878426,0.0003773471,0.0001379567,8.499266e-05,7.4059564e-05,0.00012439031,0.00023697522,0.0003742278,0.9981499,0.0001849173,6.542119e-05,8.400247e-05
syn-0497,2,0,0,5,5,0.00062262005,0.003969818,0.00016226161,0.00018567085,0.00027872497,0.9675954,0.00041112505,0.021883909,0.0010115996,0.0003645925,0.000319872,0.0031945142
syn-0499,2,0,0,11,11,0.00019579523,0.00034615744,0.00024702543,4.5162746e-05,0.0006853976,0.00025586438,0.00020680099,0.00050822634,0.000120979865,0.00062745606,4.0642073e-05,0.9967205
syn-0010,2,0,1,9,9,8.904803e-05,0.00036680317,0.00035673505,0.00033279788,0.0001572026,3.308042e-05,6.881099e-05,7.843129e-05,0.0002418214,0.99788636,0.00021071448,0.00017822086
syn-0015,2,0,1,6,6,3.1549764e-05,7.1586175e-05,0.0002962098,0.000792505,0.00011317211,0.00024634713,0.997387,2.2813381e-05,0.00041502892,0.000113393355,0.00046620256,4.4232358e-05
syn-0024,2,0,1,2,2,2.912672e-05,4.3809872e-05,0.9975547,0.00023510565,1.5499327e-05,0.00010509441,0.0004153775,0.0006041863,0.00016277342,0.00030365563,0.0001706684,0.00035998423
syn-0038,2,0,1,5,5,0.0045099207,0.0043807803,0.00013982646,0.16482963,0.22929068,0.5889551,0.0025822532,0.0011961777,0.00050946994,0.00076779834,0.0018781797,0.0009602176
syn-0042,2,0,1,9,9,8.5457876e-05,0.0003503856,0.00038529333,0.00044456412,0.00017637861,3.5277943e-05,8.57086e-05,7.5342694e-05,0.00022702821,0.99774987,0.00021716136,0.00016748186
syn-0043,2,0,1,9,9,8.430034e-05,0.000374182,0.000434019,0.00029517245,0.00014325973,3.301249e-05,7.3743795e-05,8.5795284e-05,0.00024369304,0.9977841,0.00024262446,0.00020601327
syn-0045,2,0,1,9,9,0.000108979584,0.00050867535,0.00027237402,0.00060425134,0.00044644528,3.45609e-05,0.0001032806,5.1780826e-05,0.0002214385,0.99674904,0.00063677685,0.0002623235
syn-0049,2,0,1,8,8,6.208161e-05,0.00020246739,0.00013559872,7.532479e-05,6.1900006e-05,8.026116e-05,0.00030677242,0.00033651257,0.99848735,0.00014127602,4.2088646e-05,6.8316614e-05
syn-0051,2,0,1,3,3,8.6810316e-05,0.00013211164,0.00023265701,0.9968527,0.0005064048,0.00013885803,0.0004554647,0.000109097404,0.00013224072,0.00074663834,0.00053888414,6.820477e-05
syn-0052,2,0,1,4,4,0.0010564617,0.0008172178,1.1670512e-05,0.0013815913,0.9815704,0.013838231,0.0001865221,6.969821e-05,5.9732596e-05,0.00012894798,0.0005095014,0.00037003896
syn-0055,2,0,1,3,3,6.450774e-05,9.303689e-05,0.00014423915,0.9977615,0.00032588225,0.00017330731,0.0006769621,8.051672e-05,7.720566e-05,0.00024583875,0.0003157403,4.1325206e-05
syn-0062,2,0,1,7,7,0.00015565679,0.0001392576,0.0007635553,5.2907864e-05,2.2889113e-05,0.00036448432,6.16144e-05,0.99679655,0.00091967534,0.000112774236,3.7885464e-05,0.00057278475
syn-0063,2,0,1,1,1,0.00033976548,0.99712425,6.3840045e-05,0.00013318408,0.00053335296,0.0005644344,0.00011730521,9.4903924e-05,0.0002263326,0.00032579343,9.180456e-05,0.00038500477
syn-0068,2,0,1,10,10,0.000458569,0.0018243339,0.0001654352,0.0017365468,0.103169285,0.00061646977,0.002730638,0.00017439344,0.00082389935,0.0015013891,0.87914455,0.0076545244
syn-0075,2,0,1,7,7,0.0001674405,0.00016063331,0.00073178124,6.637597e-05,2.6044023e-05,0.0002791805,6.7289686e-05,0.99701655,0.00051751896,0.00012719557,3.9480383e-05,0.00080037577
syn-0079,2,0,1,1,1,0.00029000916,0.9974716,9.39226e-05,0.00011473974,0.00028204892,0.00034641827,0.00011002133,0.00010549695,0.00025319762,0.0004067877,8.8491e-05,0.00043737947
syn-0080,2,0,1,3,3,5.1018444e-05,8.337914e-05,0.00011804363,0.99753904,0.0005133219,0.0001277603,0.0006669692,6.5317334e-05,6.805207e-05,0.00024220982,0.00048210355,4.2794345e-05
syn-0087,2,0,1,5,8,0.0016857407,0.014748633,0.00014276647,0.00063361693,0.008958612,0.008976125,0.0021320167,0.0029183931,0.95719,0.0004245603,0.00038280987,0.0018067705
syn-0103,2,0,1,11,11,0.0009996339,0.0021935531,0.0008973797,0.00023386699,0.001374367,0.0001835643,0.00018791741,0.0005078282,0.00019540318,0.002555773,0.0036869873,0.98698366
syn-0105,2,0,1,4,4,0.0006864566,0.0008015701,9.011805e-06,0.00059281103,0.9963128,0.00044234496,8.508514e-05,2.937594e-05,4.1507705e-05,0.00018421681,0.00049543305,0.0003193879
syn-0108,2,0,1,8,8,0.00010078162,0.0010025672,0.00017464592,0.00010216895,0.00015824236,9.140496e-05,0.0005753044,0.0004541044,0.9966697,0.00022733677,9.616649e-05,0.00034766426
syn-0114,2,0,1,4,4,0.00028744683,0.00085695385,1.2598735e-05,0.0026291523,0.9915592,0.00035860777,0.000122010155,3.0400402e-05,3.8205195e-05,0.00038360452,0.0032816331,0.00044023446
syn-0118,2,0,1,5,5,0.00043732367,0.0005149749,3.0391704e-05,0.00018562713,0.00067371177,0.9971008,0.000333186,0.00020139798,0.00010912456,7.610686e-05,0.00012523416,0.00021209638
syn-0120,2,0,1,3,3,5.9269736e-05,0.00011525394,0.00039104302,0.9951159,0.0003671716,0.00013807569,0.0012715816,9.7719276e-05,0.00010381866,0.00069715217,0.0015686611,7.434091e-05
syn-0124,2,0,1,6,6,3.273816e-05,6.341334e-05,0.0004505593,0.0009354994,8.174302e-05,0.00022416211,0.99725336,2.4376499e-05,0.00045007828,0.00011227635,0.00032871202,4.311763e-05
syn-0129,2,0,1,11,11,0.00083043036,0.0032684174,0.0010219455,0.00037357392,0.0022640356,0.00024214145,0.00029667793,0.0004839129,0.0003145808,0.003068146,0.010821897,0.97701424
syn-0130,2,0,1,6,8,5.6528013e-05,0.0002389233,0.000143226,6.6801695e-05,5.6142908e-05,7.090201e-05,0.00030611025,0.00029669222,0.9985238,0.000119786724,3.992809e-05,8.1210215e-05
syn-0136,2,0,1,6,6,3.146264e-05,7.379861e-05,0.00031138724,0.00081699813,0.00014548178,0.0002691544,0.99657744,2.2136734e-05,0.00031169146,0.00012250796,0.0012678653,5.0081147e-05
syn-0143,2,0,1,1,1,0.00036422588,0.99536043,0.00010006121,0.00010755987,0.00036440376,0.0002491092,0.000118593765,0.00015834345,0.001492815,0.00087774126,8.525322e-05,0.00072152575
syn-0145,2,0,1,2,2,2.4715317e-05,4.303917e-05,0.9973847,0.00046879807,1.5587755e-05,8.5928616e-05,0.00058521185,0.00040411687,0.00015773853,0.00041636,0.00016774789,0.00024598604
syn-0149,2,0,1,8,8,7.3688396e-05,0.00065357843,0.00010576012,7.010827e-05,8.498063e-05,9.054981e-05,0.00028608547,0.00031612706,0.99800867,0.00016541196,4.861002e-05,9.657821e-05
syn-0153,2,0,1,4,5,0.0009699073,0.00056760956,2.1840007e-05,0.000295372,0.004244056,0.9928678,0.00027078402,0.00015323698,6.294978e-05,7.3595744e-05,0.00017915218,0.0002937898
syn-0162,2,0,1,9,9,0.00010491421,0.00040247192,0.00038526222,0.0003269678,0.00017811684,3.7554724e-05,7.586263e-05,0.00010148792,0.00024741152,0.99779105,0.00016060118,0.00018822077
syn-0166,2,0,1,5,5,0.00039794733,0.00056732586,2.0839636e-05,0.00014395114,0.0011378056,0.9967422,0.00027197343,0.0002290246,9.551829e-05,6.137085e-05,0.00011015581,0.00022197826
syn-0171,2,0,1,6,6,4.3261556e-05,9.275482e-05,0.0003153214,0.0006681876,0.00016845006,0.00026243375,0.99668115,3.3429937e-05,0.0010404829,0.00012050346,0.00051203585,6.209047e-05
syn-0181,2,0,1,10,8,0.0004763904,0.004965921,0.0013412994,0.0010926005,0.002198509,0.00043122433,0.015268129,0.00083445996,0.9608877,0.0046815947,0.0057988106,0.0020233844
syn-0184,2,0,1,2,2,2.2168428e-05,4.0220315e-05,0.99800426,0.0001696649,1.18427515e-05,7.470245e-05,0.0003965104,0.00047502448,0.00022356545,0.00025290027,0.00011379644,0.00021531596
syn-0190,2,0,1,3,3,0.00016351779,0.00036867298,7.471782e-05,0.9923779,0.0048303003,0.00054088724,0.0005448634,0.000117432886,0.00012439777,0.00044470452,0.00033355653,7.907203e-05
syn-0196,2,0,1,4,4,0.23639426,0.004227349,0.0002219724,0.0021454568,0.74395853,0.0037315337,0.00065817253,0.00048672993,0.00031920528,0.0022092417,0.0011767619,0.0044706976
syn-0201,2,0,1,0,0,0.99429023,0.0007681012,9.226162e-05,0.00017338034,0.0023220696,0.00085549394,0.00017085909,0.00017975958,7.544895e-05,0.00025799716,0.000109563385,0.00070482766
syn-0204,2,0,1,1,1,0.00036830743,0.9972199,7.930281e-05,0.000111181515,0.00036561972,0.0004899574,0.00012771944,0.00010723592,0.00032218598,0.00036722998,8.8468674e-05,0.00035281692
syn-0205,2,0,1,2,2,2.190964e-05,3.9058155e-05,0.99798065,0.00017233266,1.1750311e-05,7.543375e-05,0.00038826282,0.0004912898,0.00018443512,0.00026136832,0.00012292029,0.00025055895
syn-0209,2,0,1,7,7,0.00015643504,0.00017571296,0.0017973114,6.565914e-05,1.5748457e-05,0.00025943344,7.7365374e-05,0.99592763,0.00041104606,0.00012545382,4.1980747e-05,0.00094619195
syn-0213,2,0,1,0,0,0.9929281,0.0012151259,0.000100207355,0.00017263628,0.0029199214,0.00076375535,0.00019127765,0.0002357355,0.0001142171,0.00033049815,0.0001176128,0.00091083744
syn-0218,2,0,1,8,8,6.0050785e-05,0.00026821063,9.699727e-05,5.975828e-05,6.5631626e-05,9.1387854e-05,0.00028873322,0.00041789224,0.99843127,9.147713e-05,3.9152186e-05,8.944538e-05
syn-0223,2,0,1,6,6,3.3712793e-05,7.235245e-05,0.000388469,0.00050879735,0.000105375046,0.00023897846,0.99729234,2.6102158e-05,0.00056171115,0.000109894194,0.0006084677,5.3662858e-05
syn-0225,2,0,1,7,7,0.00017315701,0.0002738813,0.00054454507,7.239436e-05,3.9514183e-05,0.00025541015,8.513497e-05,0.9939798,0.0029719458,0.0001271802,5.6051394e-05,0.0014210897
syn-0232,2,0,1,8,8,6.817816e-05,0.0002307564,0.00014732369,7.473296e-05,5.5863187e-05,9.842667e-05,0.00029035343,0.00037606648,0.9984119,0.0001400292,4.550524e-05,6.0816827e-05
syn-0243,2,0,1,10,10,3.2509117e-05,6.676955e-05,0.00013713608,0.0002098235,0.00043042476,0.00010586711,0.0004214303,3.2130378e-05,5.0105853e-05,0.000228318,0.9980432,0.00024233224
syn-0251,2,0,1,10,10,2.8691173e-05,5.2874308e-05,0.00013016418,0.0002831963,0.00036425318,0.000119154094,0.0004976321,2.7754179e-05,4.4135017e-05,0.0001970764,0.99811196,0.00014323686
syn-0253,2,0,1,3,3,6.37517e-05,8.94664e-05,9.385158e-05,0.99769115,0.0006688647,0.00016089906,0.00048076647,8.106329e-05,7.330614e-05,0.00021853135,0.00033485156,4.3474887e-05
syn-0257,2,0,1,4,4,0.00083787605,0.00093403395,7.72977e-06,0.00048386113,0.99520516,0.0014537411,0.00011020097,2.9747212e-05,3.5811972e-05,0.00013331775,0.00043161763,0.0003369658
syn-0260,2,0,1,11,11,0.0006599693,0.00083524745,0.0004677599,0.00012700724,0.0008047709,0.0001611806,0.00014518853,0.0003691262,9.2648654e-05,0.0003834559,0.0013849292,0.9945687
syn-0273,2,0,1,0,0,0.99507374,0.00043356718,8.62333e-05,0.00015829784,0.0020249628,0.0006517683,0.00013766592,0.000171328,5.949919e-05,0.0002716508,8.522866e-05,0.0008459868
syn-0279,2,0,1,0,0,0.9928871,0.00047874363,0.00012592872,0.00023897071,0.00369819,0.00078801514,0.0002032083,0.00021027397,9.884258e-05,0.00043654002,0.00015718062,0.0006769522
syn-0291,2,0,1,1,1,0.00035251837,0.9973496,8.279538e-05,0.00011472571,0.00031972028,0.00042438865,0.00010395014,0.00012284257,0.00021019022,0.00036674016,8.6514985e-05,0.00046609974
syn-0292,2,0,1,11,11,0.000357286,0.00029947257,0.0002985965,8.1036036e-05,0.0003175441,9.967603e-05,9.437137e-05,0.0005256349,8.856716e-05,0.0001801378,0.0003019688,0.9973557
syn-0293,2,0,1,0,4,0.1892549,0.013803619,0.00017325357,0.0018590172,0.7783352,0.004512118,0.0008850248,0.00066155964,0.0013707533,0.0028793018,0.0008153231,0.005449966
syn-0302,2,0,1,10,10,3.0061019e-05,5.4062635e-05,0.000205079,0.00032848128,0.00028538512,0.000102793434,0.00067128,3.3470056e-05,5.550708e-05,0.00022666948,0.99787724,0.00013000653
syn-0318,2,0,1,11,1,0.0026838698,0.65608025,0.0018266691,0.001454926,0.010955875,0.0006257558,0.0006674159,0.000959771,0.0013442731,0.053592026,0.0047287736,0.2650804
syn-0352,2,0,1,8,8,6.380915e-05,0.00019492129,0.00015381945,6.648074e-05,5.2744894e-05,8.39575e-05,0.000290902,0.00029275444,0.9985902,0.00010769833,4.0638857e-05,6.214867e-05
syn-0356,2,0,1,8,8,6.293542e-05,0.0002033565,0.00014141225,7.711008e-05,6.7519846e-05,8.9711706e-05,0.00036800638,0.00028797134,0.99847466,0.000118385346,4.3254833e-05,6.5698616e-05
syn-0358,2,0,1,2,2,3.208901e-05,6.456886e-05,0.9967583,0.00015383742,1.3376689e-05,8.8082976e-05,0.00033486533,0.0014091474,0.00029178962,0.00032070302,0.00011156499,0.00042171057
syn-0359,2,0,1,4,4,0.001963245,0.0022818567,1.6575736e-05,0.0007030996,0.992458,0.00074516376,0.00022949233,7.679527e-05,0.00027252888,0.00030972174,0.00033390935,0.0006096716
syn-0373,2,0,1,11,11,0.0008459255,0.0075728577,0.00028210707,0.00017211214,0.0017794927,0.00017688324,0.00012591992,0.0004420865,0.00016011311,0.00082290714,0.00060219876,0.98701745
syn-0375,2,0,1,8,8,6.634064e-05,0.00034409607,0.00011954225,6.2199666e-05,6.281005e-05,7.0895636e-05,0.00022519591,0.00033448785,0.998434,0.00016331514,3.9305527e-05,7.778763e-05
syn-0376,2,0,1,5,5,0.00040553862,0.00071618735,4.7882095e-05,0.00019519811,0.0003609578,0.99659616,0.0003984723,0.0006170342,0.00019330114,9.113084e-05,0.00012813913,0.00025002816
syn-0378,2,0,1,2,2,2.199504e-05,3.8753584e-05,0.99796474,0.00021562306,1.2879807e-05,8.2765575e-05,0.0005220739,0.00037191572,0.00017788708,0.00024812005,0.0001328415,0.00021052534
syn-0386,2,0,1,10,10,3.597704e-05,6.277277e-05,0.00017382971,0.00031806735,0.00047044625,0.0001122329,0.0005324351,3.5075056e-05,5.5613596e-05,0.00020886121,0.99784136,0.0001533293
syn-0388,2,0,1,5,5,0.0008170031,0.0009014742,5.260036e-05,0.0026199906,0.0042154514,0.9890694,0.0006808008,0.00069152185,0.00018395222,0.00013172174,0.00032221625,0.00031383135
syn-0391,2,0,1,0,0,0.99634486,0.00035302405,0.00010016017,0.00013334015,0.0010315336,0.0007116499,0.00014846145,0.00020411522,7.877032e-05,0.00023516474,8.2550585e-05,0.00057645235
syn-0397,2,0,1,1,1,0.00030226153,0.99734807,8.215094e-05,0.00011585139,0.00034485655,0.00043360432,0.00010819649,0.00012141121,0.0002475433,0.00035510922,9.075537e-05,0.00045021722
syn-0419,2,0,1,1,1,0.00032953397,0.9973092,9.4459174e-05,0.0001073503,0.0002965485,0.00032474197,9.698292e-05,0.0001328191,0.0002101817,0.00039497868,8.710489e-05,0.0006161768
syn-0423,2,0,1,9,9,8.413796e-05,0.0003367769,0.00044387745,0.00034291655,0.00014940737,3.60462e-05,8.210868e-05,9.1957365e-05,0.00025353077,0.997809,0.00020491483,0.00016537886
syn-0428,2,0,1,8,1,0.000309202,0.99369955,0.00010801144,0.00011542758,0.0004042612,0.00045142663,0.0001984695,0.00022489543,0.0030564533,0.0007338119,0.00012167795,0.0005768199
syn-0435,2,0,1,10,10,3.7270485e-05,5.8691996e-05,0.00020485518,0.00026355352,0.00033521277,0.00010341081,0.00044196213,3.6407117e-05,5.4493674e-05,0.00022269416,0.9980057,0.0002357293
syn-0450,2,0,1,10,10,3.8524246e-05,6.4515974e-05,0.00024064409,0.0002739533,0.00031504902,0.00013406949,0.00053272047,4.4341137e-05,5.649207e-05,0.00021740382,0.99788886,0.00019345741
syn-0458,2,0,1,6,6,3.1184674e-05,6.040426e-05,0.0004848421,0.0005825511,7.539488e-05,0.00022740742,0.9974663,2.4286648e-05,0.00039036703,0.000108951564,0.000505265,4.304269e-05
syn-0463,2,0,1,11,11,0.00030872464,0.0002886073,0.0004660034,8.623353e-05,0.00024114041,0.00012149007,0.00010932924,0.00063543674,9.848178e-05,0.00023133699,0.00039140956,0.99702173
syn-0474,2,0,1,0,0,0.9953194,0.00048592934,9.631797e-05,0.00018656651,0.0018714183,0.000674399,0.0001690433,0.0001874797,8.475165e-05,0.00029151075,0.000102429876,0.00053076533
syn-0476,2,0,1,7,7,0.0008366199,0.0014322007,0.0011757974,0.00023817892,0.00017665418,0.024774084,0.00031338618,0.9647871,0.004213584,0.00032019193,0.00018013838,0.0015519845
syn-0480,2,0,1,1,1,0.00036184888,0.9966203,7.430802e-05,0.0001085407,0.0005466585,0.0002648636,0.00010706684,0.000115202965,0.00025633886,0.0005267442,0.00012132261,0.000896788
syn-0488,2,0,1,10,10,3.3728033e-05,5.4161053e-05,9.664685e-05,0.0003180603,0.0007601864,0.00010348462,0.0004653738,2.5509025e-05,4.4421336e-05,0.00018126678,0.9977431,0.00017398244
syn-0491,2,0,1,10,10,3.2007287e-05,5.678123e-05,0.00016199179,0.00024833827,0.00032141773,0.0001170778,0.00050670374,3.169624e-05,4.875765e-05,0.00021314224,0.9981111,0.00015099296
syn-0498,2,0,1,7,7,0.00022056737,0.0002014181,0.000701304,7.460584e-05,2.8539278e-05,0.0005120525,7.091185e-05,0.99671364,0.0004627986,0.000121097226,4.6687142e-05,0.00084634725
syn-0003,2,0,2,2,2,3.6759233e-05,3.3274122e-05,0.9978655,0.0003249231,1.6311811e-05,0.00010471731,0.00035244247,0.0004349959,0.00023783493,0.000131859,0.00026280977,0.00019852455
syn-0007,2,0,2,6,6,5.416263e-05,0.00017028932,0.00044018982,0.00086311315,7.417627e-05,0.0003229946,0.9967982,5.208769e-05,0.00038723517,0.00013418477,0.00064596854,5.7318975e-05
syn-0009,2,0,2,8,8,0.00013338197,0.00022457575,7.511335e-05,7.042478e-05,0.00052135816,0.00012132713,0.000584669,0.00028527994,0.9976311,0.00016746193,6.551502e-05,0.00011967964
syn-0019,2,0,2,0,0,0.9965585,0.0003305747,0.00017024839,0.00021458452,0.0007428276,0.0003847863,0.00022466315,0.00024965274,0.0001618188,0.00029574704,0.00012651786,0.0005400584
syn-0022,2,0,2,10,1,0.00026539882,0.99425524,7.1013805e-05,0.00017800642,0.00045388995,0.00021325394,0.00015375113,3.4273024e-05,9.171937e-05,0.001079034,0.0014180173,0.0017864254
syn-0034,2,0,2,0,0,0.9968733,0.00023425774,0.00014695308,0.00016234483,0.00063209306,0.00032270365,0.00020602632,0.00023130255,0.00013737721,0.00021792616,0.00010099928,0.0007347192
syn-0058,2,0,2,9,9,0.00010899222,0.00040761472,0.0002017439,0.00028806904,0.0003744995,2.6014635e-05,5.1837425e-05,8.455229e-05,0.00028367224,0.99783856,9.232e-05,0.00024216426
syn-0059,2,0,2,3,3,6.647561e-05,0.00016166187,0.00024410935,0.99753845,0.0001232263,0.0005108835,0.0005866611,0.00016197792,6.46194e-05,0.00028518378,0.00018426341,7.2511786e-05
syn-0061,2,0,2,4,4,0.00040556656,0.0005141884,1.9361622e-05,0.00044499297,0.9954489,0.0013606724,0.00022288415,8.459729e-05,0.0002261731,0.00053728843,0.0004250301,0.00031035193
syn-0065,2,0,2,11,11,0.0005178172,0.00039964993,0.00022743587,6.885784e-05,0.00019721415,7.704185e-05,6.0826205e-05,0.00041806334,8.313956e-05,0.00022076155,0.00013814904,0.99759114
syn-0067,2,0,2,5,5,0.00019468654,0.00038416733,5.281014e-05,0.00043563763,0.0007989162,0.9969007,0.00032397558,0.000283544,0.00010149642,8.275811e-05,0.00022474029,0.00021655316
syn-0069,2,0,2,11,11,0.0013433773,0.00049649866,0.00023909664,9.0839516e-05,0.00050075934,9.5571595e-05,8.960603e-05,0.00029095158,9.1910304e-05,0.0002450058,0.00019137055,0.99632496
syn-0071,2,0,2,6,6,4.980471e-05,0.00015567306,0.00042305992,0.0007813625,7.3606585e-05,0.00029069357,0.9969007,4.961054e-05,0.00040074068,0.00012338826,0.0006962319,5.512879e-05
syn-0097,2,0,2,10,10,5.2027997e-05,0.0004912835,0.00025415994,0.00018212837,0.00014923063,0.00016135679,0.00071717316,4.5824963e-05,5.8154903e-05,0.00013600879,0.9976025,0.0001501076
syn-0098,2,0,2,10,10,6.119176e-05,0.00031719613,0.0003456185,0.00016690593,0.0001967593,0.00017689136,0.00051693834,6.545711e-05,5.1428076e-05,0.00013417818,0.99772316,0.0002442738
syn-0102,2,0,2,1,1,0.00019266123,0.9971846,5.1400315e-05,0.00013795795,0.00028501303,0.00030952983,0.00038738528,3.3316428e-05,0.00022283713,0.00027182858,0.0005105777,0.00041287314
syn-0112,2,0,2,4,4,0.00087241165,0.00077987986,1.7217175e-05,0.0002872522,0.9952519,0.0007019872,0.00016113387,9.1453374e-05,0.00071845896,0.00053744443,0.0001682085,0.00041267698
syn-0125,2,0,2,9,9,0.00010345765,0.0014778476,0.00024565015,0.00042772217,0.00029732514,2.9670071e-05,6.952603e-05,7.7259516e-05,0.00023902416,0.9965094,0.00019394609,0.0003291089
syn-0127,2,0,2,11,11,0.001327776,0.0036473593,0.00029446412,0.00012627695,0.00074627105,0.00013156397,0.00011078796,0.00029706358,0.00011885814,0.0007424547,0.00070586556,0.99175113
syn-0137,2,0,2,8,8,7.878276e-05,0.00010215178,0.00011056032,5.2021394e-05,0.0001365238,9.8526645e-05,0.00030411384,0.0004467708,0.9984504,0.0001224987,3.3884044e-05,6.373795e-05
syn-0142,2,0,2,4,3,0.00065595336,0.0046057664,0.00038939936,0.871086,0.103226766,0.005633209,0.004090457,0.00067019864,0.0010359985,0.00634781,0.001528119,0.0007303411
syn-0155,2,0,2,4,4,0.0007691996,0.0020858028,2.063908e-05,0.0003612214,0.9929508,0.0008765254,0.00021675092,0.0001085643,0.0013406266,0.0006075963,0.00021276624,0.0004495473
syn-0159,2,0,2,11,11,0.0005850826,0.0004812134,0.00019833668,7.458494e-05,0.00031624548,8.369448e-05,5.837113e-05,0.00030494813,7.236084e-05,0.00026872187,0.00014847479,0.997408
syn-0164,2,0,2,8,8,0.00010301984,0.00016414364,0.00016018475,5.9217116e-05,0.000118923,9.668372e-05,0.00043261927,0.00043330636,0.9981237,0.00015225344,5.6285073e-05,9.9655415e-05
syn-0172,2,0,2,10,10,4.406874e-05,0.0003535288,0.00022966678,0.00019095908,0.00015955229,0.00017159304,0.00092400674,4.123735e-05,4.8305603e-05,0.00012726831,0.9975867,0.00012311198
syn-0177,2,0,2,8,8,9.996376e-05,0.000108828,0.0001365009,5.8308346e-05,0.00013075984,9.641626e-05,0.0003777662,0.00044033455,0.998283,0.0001277308,4.496928e-05,9.538608e-05
syn-0179,2,0,2,1,1,0.00017455828,0.99714273,3.6518006e-05,0.00012585244,0.00039012133,0.00027274783,0.0002647438,2.4421448e-05,0.00016049683,0.00032389606,0.00061607396,0.00046771276
syn-0188,2,0,2,10,10,5.3366806e-05,0.0006076274,0.00025778866,0.00017583951,0.00014577607,0.00016550886,0.0005789535,4.5825705e-05,5.0035647e-05,0.00012615866,0.9976186,0.0001744711
syn-0193,2,0,2,11,11,0.00053164276,0.002980507,0.0003159892,0.00011970195,0.0004954246,9.1599584e-05,7.5347765e-05,0.0003288978,0.0001170433,0.0016188918,0.00036816823,0.99295676
syn-0194,2,0,2,1,8,0.00016798486,0.0014543599,9.20481e-05,0.000106361396,0.00054385274,0.00022254378,0.00066212605,0.00036263798,0.99587184,0.00024826554,9.1868504e-05,0.00017604661
syn-0200,2,0,2,5,5,0.00023101897,0.000669619,9.370543e-05,0.0016863013,0.0008217373,0.99419373,0.0005201011,0.0007820043,0.00010827642,0.00013514754,0.00041023022,0.00034815792
syn-0202,2,0,2,10,10,6.305495e-05,0.00042627228,0.00038715525,0.00015515073,0.00017512341,0.0001430712,0.0006131838,5.848739e-05,5.9176822e-05,0.00015304396,0.9974445,0.00032170827
syn-0207,2,0,2,0,0,0.85984224,0.002302274,0.0003432065,0.0016794523,0.09572088,0.03446527,0.0008137178,0.00053156866,0.000677236,0.0013079587,0.0005758864,0.0017403952
syn-0219,2,0,2,0,0,0.9960931,0.00028805705,0.00014442045,0.00018327909,0.0007770216,0.00032881086,0.00022455823,0.00027219477,0.00016221778,0.00032577448,0.00010331348,0.0010972484
syn-0222,2,0,2,8,8,9.0415444e-05,0.00012455255,0.00010789655,4.5508164e-05,0.00012250186,7.415615e-05,0.00022531538,0.00043250795,0.9984761,0.00017166218,3.6140824e-05,9.328555e-05
syn-0224,2,0,2,8,8,0.0001499824,0.00025475517,7.0158174e-05,4.75642e-05,0.00036110907,8.210336e-05,0.00031782297,0.0005183078,0.9977443,0.00019126922,6.552246e-05,0.00019714814
syn-0228,2,0,2,6,6,9.481088e-05,0.00026668384,0.00065843936,0.03621384,0.00020051873,0.00068936497,0.95985776,0.00010291624,0.00046644767,0.00037279355,0.0009884345,8.802892e-05
syn-0230,2,0,2,9,9,0.00011037359,0.00041969732,0.00023263632,0.00032551674,0.0003238521,2.683772e-05,5.3791788e-05,0.00010490862,0.000323773,0.9977379,7.888045e-05,0.00026181558
syn-0239,2,0,2,6,6,5.1425082e-05,0.00020121699,0.00040320784,0.0007377302,8.106118e-05,0.00028320774,0.9957184,4.8215134e-05,0.00035556915,0.000140198,0.0019165655,6.325394e-05
syn-0242,2,0,2,0,0,0.99649316,0.00032321125,0.0001369231,0.0001709035,0.00093547115,0.00036947944,0.00021498995,0.00021165685,0.00020959995,0.00030377717,0.00011362414,0.0005172473
syn-0244,2,0,2,3,3,6.4871245e-05,0.00020001271,0.00016549282,0.99752194,0.00015245914,0.0004993454,0.0006851119,0.00013760092,6.355443e-05,0.00027445497,0.00016842759,6.6734676e-05
syn-0247,2,0,2,3,10,0.00012720513,0.0006864902,0.00037902335,0.00037096714,0.0015413746,0.00032387942,0.001012649,0.000106804095,0.00013240165,0.00058233226,0.99417466,0.00056235265
syn-0248,2,0,2,6,6,4.9796105e-05,0.0001702774,0.0004404815,0.00078466826,7.022377e-05,0.00029035963,0.9967284,4.931218e-05,0.0003744712,0.00013339147,0.0008515414,5.698012e-05
syn-0249,2,0,2,8,8,0.00011932327,0.0001871727,8.1291975e-05,5.736386e-05,0.00043780042,8.9194626e-05,0.00020708014,0.0006823131,0.9975788,0.0003952784,4.4849876e-05,0.000119673365
syn-0254,2,0,2,7,11,0.0033076333,0.009824871,0.002558438,0.000641214,0.0026733766,0.00075258914,0.0012902379,0.058629204,0.31943232,0.0077092764,0.0010469093,0.592134
syn-0255,2,0,2,2,2,3.57644e-05,3.281926e-05,0.997773,0.00033170564,1.6278473e-05,9.664975e-05,0.00039583223,0.0004569438,0.00026809925,0.00013210454,0.00027782787,0.00018287243
syn-0259,2,0,2,4,4,0.00050013297,0.0011736822,1.8731489e-05,0.0007706598,0.9936221,0.001190202,0.0004334635,9.568538e-05,0.0010478523,0.00061697897,0.00031496817,0.00021541983
syn-0264,2,0,2,0,0,0.99661946,0.0002006139,0.00012444242,0.00015411673,0.0007832427,0.0003116285,0.00017532066,0.00019788979,0.00011576676,0.00022033126,8.089719e-05,0.0010163172
syn-0274,2,0,2,9,9,9.759516e-05,0.00034516116,0.00029314912,0.00031144673,0.0002794518,2.8180784e-05,6.1492414e-05,0.000113433685,0.0003911666,0.9977417,9.884206e-05,0.00023838671
syn-0276,2,0,2,6,6,0.000103482846,0.0005078703,0.0010317032,0.0012744501,0.00022361228,0.00056601723,0.953898,0.0001014813,0.00051687664,0.00035110506,0.041261584,0.00016375809
syn-0278,2,0,2,9,9,0.000106025574,0.00042018472,0.0002611376,0.00047815574,0.0003587237,2.9586348e-05,7.125175e-05,8.453095e-05,0.00027246983,0.9975867,0.00012789125,0.0002032749
syn-0283,2,0,2,7,7,0.00012094661,8.135847e-05,0.0006492184,0.00015304022,4.3378273e-05,0.0003273254,0.00010274635,0.9974202,0.00037327016,0.00019046165,7.207961e-05,0.00046591938
syn-0285,2,0,2,11,11,0.0005432687,0.00075124466,0.0002106603,8.330534e-05,0.00048097174,5.631219e-05,5.2386316e-05,0.00027785584,0.000111771646,0.00061773066,0.00015839482,0.99665606
syn-0288,2,0,2,9,9,0.00010636304,0.0004190371,0.00022916362,0.00027703214,0.00032850224,2.4486162e-05,5.8054913e-05,8.5799606e-05,0.00029403646,0.99783427,0.00010228833,0.00024098367
syn-0294,2,0,2,1,1,0.00021676182,0.99688715,5.3016123e-05,0.00020582808,0.0003441926,0.0006813929,0.0003249217,4.8650327e-05,0.00017778178,0.00030628077,0.00041094012,0.00034301818
syn-0301,2,0,2,3,3,6.281309e-05,0.00019066443,0.00017225098,0.9975076,0.00014575984,0.00044714482,0.0007222001,0.00013078593,6.537909e-05,0.00030692064,0.00018661184,6.1778905e-05
syn-0305,2,0,2,1,1,0.0001635306,0.99731344,5.6239383e-05,0.00012235923,0.00023310578,0.00026004828,0.00023562333,3.6381865e-05,0.00015437472,0.00031582973,0.00054673833,0.00056233624
syn-0308,2,0,2,3,3,6.602553e-05,0.00015823239,0.00022270805,0.99758065,0.00013311498,0.00041228154,0.00068381533,0.00014922737,6.6154615e-05,0.00028477842,0.00017429418,6.878991e-05
syn-0313,2,0,2,11,10,0.0007005672,0.0037844577,0.0028741474,0.0007102111,0.0036841768,0.0018135874,0.0020986681,0.0073915403,0.001191705,0.001670755,0.95425594,0.0198243
syn-0324,2,0,2,7,7,0.00025762303,0.00016375516,0.0013704359,0.00016455671,0.00010088664,0.00017862461,0.00023663917,0.98801243,0.006528414,0.0006677341,0.00015338372,0.0021654938
syn-0333,2,0,2,5,5,0.000182363,0.0004047876,4.579447e-05,0.0003958937,0.000886948,0.9969387,0.00029027916,0.0002661151,9.828144e-05,7.699146e-05,0.00020463616,0.0002092845
syn-0335,2,0,2,3,11,0.0022436967,0.0015189027,0.00022686979,0.00018087635,0.002420099,0.000114747665,8.378739e-05,0.00026627575,9.587527e-05,0.00096373644,0.00017242496,0.9917127
syn-0338,2,0,2,8,8,0.00023315776,0.00065742875,9.7194614e-05,8.527284e-05,0.00069744134,0.00010842843,0.00029967297,0.0009143665,0.9955895,0.00061174453,7.028066e-05,0.00063549285
syn-0383,2,0,2,2,2,3.7918744e-05,3.1558782e-05,0.99767214,0.00029506726,1.593086e-05,0.000102171885,0.0003366074,0.00065832166,0.00030324684,0.00013456498,0.00021831389,0.0001940776
syn-0385,2,0,2,5,4,0.00082617736,0.000703826,1.725806e-05,0.00043797682,0.9859927,0.0105337715,0.00013680982,0.00011430888,0.00018846347,0.00029189794,0.00022978552,0.0005270126
syn-0392,2,0,2,1,1,0.00018511915,0.9972898,5.355801e-05,0.00013824225,0.00021028025,0.00025081378,0.00020094495,3.2611715e-05,0.00011847603,0.000374225,0.0005871954,0.0005587817
syn-0396,2,0,2,3,3,7.164621e-05,0.00016512473,0.0003925995,0.99724907,0.00011326702,0.00048803914,0.0006409185,0.00017906625,8.6590786e-05,0.0003287106,0.00020650694,7.845778e-05
syn-0402,2,0,2,1,1,0.00031575208,0.9965815,4.9594655e-05,0.000111110334,0.00042004324,0.00026087448,0.00018680307,3.2780066e-05,0.00010800779,0.00025682998,0.0005194445,0.0011572309
syn-0405,2,0,2,8,8,9.228304e-05,0.00012430173,0.0001037566,5.0665796e-05,0.00017249161,9.264422e-05,0.00032577696,0.00035272219,0.99841356,0.00015537732,4.384759e-05,7.271729e-05
syn-0406,2,0,2,4,4,0.0022231792,0.0010263297,3.9178158e-05,0.0004660037,0.9913186,0.0007664368,0.00015555907,8.5740256e-05,0.0001493078,0.00084114977,0.00048338558,0.002445264
syn-0409,2,0,2,10,10,0.00013205594,0.016090108,0.00020653941,0.00030287003,0.0005386076,0.00044369604,0.0013241465,5.3459735e-05,0.000109264605,0.00035030756,0.98002654,0.0004223453
syn-0414,2,0,2,5,4,0.000647607,0.00063896924,1.4500915e-05,0.00034168176,0.9915496,0.0055171573,0.00011383598,7.91605e-05,0.00015897438,0.00031004325,0.00020194608,0.0004264774
syn-0420,2,0,2,2,2,3.988381e-05,3.4314908e-05,0.9974164,0.00028738534,1.4027906e-05,9.794519e-05,0.00034775486,0.00082611357,0.00035861865,0.00014112447,0.00021539938,0.00022093853
syn-0426,2,0,2,10,10,5.149343e-05,0.0003110763,0.00038756622,0.00017582365,0.00013278349,0.00014512378,0.0012809039,6.0852104e-05,6.383476e-05,0.00014654794,0.99704176,0.00020227299
syn-0432,2,0,2,6,6,5.1686242e-05,0.0001807554,0.00036925968,0.0008652883,7.653665e-05,0.00031186017,0.99687344,4.5880995e-05,0.00034511345,0.00012755045,0.0006938373,5.8797414e-05
syn-0433,2,0,2,5,5,0.0016624928,0.001731253,8.014574e-05,0.0012068403,0.2955926,0.6926637,0.0005945192,0.0017161035,0.00065295165,0.00056013773,0.00074351276,0.0027957307
syn-0443,2,0,2,7,7,0.000104467115,5.729919e-05,0.000696855,0.00011574753,4.8392318e-05,0.00026637563,8.840072e-05,0.9974275,0.0004306321,0.0001639491,4.9443242e-05,0.0005509886
syn-0452,2,0,2,10,10,4.380944e-05,0.00033455735,0.0003669911,0.00027285784,0.00012274669,0.00016761106,0.002702465,4.654391e-05,7.028129e-05,0.00014647878,0.99559844,0.00012713874
syn-0460,2,0,2,8,8,8.575854e-05,0.00010065431,0.00013127796,5.7351102e-05,0.00013386719,7.939118e-05,0.00040710802,0.00041233367,0.99833125,0.00013518089,4.2661355e-05,8.3201245e-05
syn-0464,2,0,2,4,4,0.00065743667,0.0004852444,1.3374423e-05,0.0002789247,0.9965894,0.00073142315,0.00010196138,5.5979457e-05,0.00015962643,0.00038762693,0.00018625808,0.00035276604
syn-0465,2,0,2,7,7,0.00054678624,0.0004225237,0.0013290792,0.00085268816,0.00057752145,0.027935449,0.0005227672,0.96382725,0.0010617059,0.0004115285,0.0005202208,0.001992507
syn-0471,2,0,2,5,5,0.000418219,0.00070243987,8.060178e-05,0.000567466,0.002209576,0.992011,0.00035046026,0.0017689542,0.00012290303,0.00013604126,0.0004801933,0.0011521595
syn-0473,2,0,2,10,10,4.994334e-05,0.00027774667,0.00028565523,0.0001773241,0.0001610617,0.00016601216,0.0007774399,4.9265167e-05,4.8977352e-05,0.00012941673,0.99772495,0.00015211833
syn-0478,2,0,2,2,7,0.006979471,0.012849756,0.11644585,0.0031923156,0.0016400571,0.0040750667,0.017632274,0.47936645,0.118626624,0.0063922256,0.038550053,0.19424982
syn-0495,2,0,2,2,2,3.4715336e-05,3.4715336e-05,0.9972996,0.00048927934,1.5770152e-05,0.00011928988,0.0003457249,0.00089532026,0.00021193159,0.00015919513,0.00018812806,0.00020641657
syn-0005,2,0,3,11,11,0.0006734598,0.0014573878,0.00024012949,3.7077643e-05,0.0008013658,0.00041087443,0.00015918155,0.00088696426,0.00021170669,0.00021504056,0.00012384974,0.994783
syn-0006,2,0,3,7,7,0.00044811732,0.004091738,0.0040371623,0.0003240301,8.585943e-05,0.001009848,0.000112420086,0.96592003,0.003432784,0.011223423,0.0012660149,0.008048481
syn-0008,2,0,3,8,8,6.870225e-05,0.00020540769,9.726489e-05,0.00012069401,0.00016400537,9.679113e-05,0.00019869949,0.00049410266,0.9982572,0.00014802188,4.3926433e-05,0.00010527118
syn-0014,2,0,3,0,0,0.9963804,0.0003123153,0.00017121826,0.00020612564,0.000981931,0.0005524294,0.00022265741,0.00026031287,9.155707e-05,0.00017891025,0.00010651967,0.00053556374
syn-0020,2,0,3,6,6,8.171448e-05,0.00022050204,0.00016832346,0.00064991374,0.0003106542,0.00032476897,0.99690515,2.4463363e-05,0.0003106542,9.5814205e-05,0.0007580659,0.00015000267
syn-0029,2,0,3,2,2,3.3214892e-05,4.4174805e-05,0.99803656,0.00029230653,2.0383324e-05,9.1709255e-05,0.00018052502,0.00045367365,0.00017267924,0.00021479788,0.00026195793,0.00019807444
syn-0032,2,0,3,4,6,0.0006312595,0.0014830307,0.000117228294,0.0015421078,0.010227887,0.00082251395,0.9819802,5.2223346e-05,0.00061124045,0.00020695112,0.0017242878,0.00060117675
syn-0033,2,0,3,5,5,0.00040997667,0.0007451865,6.9950634e-05,0.00036597863,0.00030728334,0.99673766,0.00043973344,0.00021378638,0.00011623364,0.000101479825,0.00013965793,0.00035299084
syn-0041,2,0,3,10,10,4.2859556e-05,0.0002518729,0.00038069958,0.00047119282,7.355016e-05,9.82983e-05,0.00062491524,0.00010587143,7.412702e-05,0.0006705999,0.9971097,9.639704e-05
syn-0044,2,0,3,2,2,3.314409e-05,4.4513225e-05,0.9978562,0.00026727197,1.9752624e-05,9.722582e-05,0.00017830252,0.00062921183,0.00017717431,0.00022429763,0.00027771541,0.00019515882
syn-0046,2,0,3,8,8,0.011498749,0.41841617,0.00070865755,0.0008716636,0.0056342236,0.007305482,0.0011615528,0.004383655,0.5227654,0.0073591853,0.00095546735,0.018939728
syn-0050,2,0,3,4,4,0.002345982,0.0024442046,7.332365e-05,0.035059612,0.9513015,0.002172329,0.0032710189,0.00013779163,0.00066511595,0.0009536654,0.00061995623,0.0009555299
syn-0053,2,0,3,10,10,3.806877e-05,0.00021420495,0.00027164118,0.00026515438,7.160968e-05,9.82619e-05,0.00083610124,9.276035e-05,5.9077334e-05,0.00024107241,0.9977144,9.759249e-05
syn-0054,2,0,3,5,5,0.0003230477,0.00074571825,5.952484e-05,0.0003132615,0.0010912565,0.99550265,0.000559814,0.00025232794,0.0001447583,9.273566e-05,0.00021646077,0.0006984881
syn-0057,2,0,3,8,8,6.998023e-05,0.0002563523,8.66676e-05,0.00013228142,0.00023261498,7.8068595e-05,0.0002021981,0.0004288379,0.9981337,0.00021221244,5.0159353e-05,0.00011696617
syn-0072,2,0,3,0,0,0.9961118,0.00026693507,0.00022456245,0.00026916005,0.00086052064,0.0006542102,0.0002547112,0.00036396727,0.00012996678,0.00022854473,0.00013137043,0.00050433254
syn-0073,2,0,3,11,11,0.0005045676,0.00053462374,0.0002633688,3.599287e-05,0.0007252122,0.0002913804,0.0001882212,0.0006471662,0.0001128319,0.00015974126,0.00020411274,0.99633276
syn-0074,2,0,3,5,5,0.00076616876,0.002693192,7.170109e-05,0.00028192656,0.00037752575,0.9941221,0.00034660628,0.00027647358,0.00016573607,0.00013474247,0.00014540707,0.0006183452
syn-0091,2,0,3,4,4,0.0013345886,0.0016145444,3.457248e-05,0.015363316,0.9739856,0.0031357587,0.002338562,0.00011181952,0.0005509328,0.00046483893,0.00046032152,0.0006050812
syn-0093,2,0,3,5,5,0.00050018326,0.0012193677,4.600472e-05,0.0006293647,0.0011034912,0.993722,0.0018322763,0.0001415662,0.00016648028,7.719403e-05,0.00017825878,0.0003838785
syn-0101,2,0,3,3,3,7.949083e-05,0.00013761636,0.00027650356,0.99763393,0.00014865352,0.00022185165,0.00054835127,8.8160356e-05,0.00016278635,0.00037189457,0.0003019793,2.8733497e-05
syn-0111,2,0,3,3,3,9.1918264e-05,0.0002031345,0.00021740011,0.9973847,0.00020175063,0.00027996628,0.0008057699,6.7052104e-05,0.00014517369,0.0002836817,0.0002931158,2.6309317e-05
syn-0113,2,0,3,11,11,0.00068407046,0.0002885244,0.00016279863,2.5733343e-05,0.00080132304,0.00020083325,0.00015085848,0.0005373921,0.00023285694,0.000107498294,7.259506e-05,0.9967354
syn-0122,2,0,3,3,3,8.1201084e-05,0.00014891474,0.00025505005,0.9974369,0.00015836417,0.0002751024,0.00054457446,9.5958974e-05,0.0001632317,0.0004311621,0.0003781378,3.142833e-05
syn-0133,2,0,3,2,2,3.2498883e-05,4.494433e-05,0.9977291,0.00025725132,1.9030625e-05,0.00010655975,0.00017304803,0.00072536466,0.00017663349,0.0002303735,0.00030781433,0.00019743414
syn-0140,2,0,3,11,11,0.00039372547,0.0002912378,0.00027858038,3.1347558e-05,0.00049704773,0.00024656762,0.00016138748,0.00081679673,0.0001364338,0.0001864829,0.0001420073,0.9968183
syn-0141,2,0,3,2,2,3.1081152e-05,4.3660562e-05,0.9980459,0.000318152,1.9564386e-05,9.7339325e-05,0.00017894703,0.00042546328,0.00018780977,0.00023027793,0.00025865575,0.00016317195
syn-0146,2,0,3,10,10,3.5118974e-05,0.00021586636,0.00019789676,0.00029318736,8.751652e-05,9.216544e-05,0.0015168128,6.902873e-05,6.334433e-05,0.00019246484,0.9971413,9.527699e-05
syn-0154,2,0,3,1,1,0.0003245513,0.99721044,7.0532704e-05,0.00018134702,0.00018746938,0.0005218067,0.00022657333,7.192384e-05,0.00028922627,0.0003697454,0.00030608103,0.0002404805
syn-0178,2,0,3,9,9,8.474123e-05,0.00090264104,0.00029926246,0.0002934742,0.00017438787,4.2693868e-05,3.511902e-05,0.000150185,0.0003057615,0.9971426,0.00040245595,0.00016656464
syn-0187,2,0,3,3,3,8.082217e-05,0.00015808766,0.0002008197,0.9976419,0.0001731174,0.0003164741,0.0006234197,7.652089e-05,0.00013883231,0.00029577958,0.00026826042,2.600951e-05
syn-0189,2,0,3,10,10,4.4418754e-05,0.0002548645,0.00021970693,0.00026065373,9.421833e-05,0.000100099205,0.00081352494,9.10524e-05,5.7369976e-05,0.00025723997,0.9976851,0.000121808574
syn-0191,2,0,3,4,3,0.00020936213,0.00035578935,0.00023863254,0.9847274,0.0019646692,0.0004506392,0.008569627,9.822193e-05,0.00031830522,0.0005317611,0.0024660525,6.951388e-05
syn-0192,2,0,3,5,5,0.00037204032,0.0009275776,5.489532e-05,0.00025896623,0.0003870497,0.9965641,0.0003556974,0.0002569509,0.0001192019,9.033048e-05,0.00013389149,0.0004793449
syn-0211,2,0,3,0,0,0.9962599,0.00024403467,0.00018986888,0.00024982178,0.001041822,0.00063268805,0.0002281327,0.00030148978,0.00010903253,0.00020290542,0.000116291434,0.00042402846
syn-0215,2,0,3,10,10,3.755407e-05,0.00020212519,0.00023967827,0.00024946945,7.541811e-05,9.646123e-05,0.000853059,9.114946e-05,5.7039873e-05,0.00022537686,0.9977737,9.903847e-05
syn-0217,2,0,3,6,6,7.8890254e-05,0.00023266525,0.0001805816,0.0007545446,0.00027468262,0.00034859043,0.996888,2.4415209e-05,0.0002889916,9.2955444e-05,0.0007030554,0.0001326334
syn-0233,2,0,3,8,8,5.3308206e-05,0.00017876127,0.00013652667,0.00010800148,8.577059e-05,7.606277e-05,0.00020485073,0.00041273152,0.99847144,0.00014790912,4.4367025e-05,8.018155e-05
syn-0267,2,0,3,4,4,0.0011120124,0.00049841666,1.9697258e-05,0.0003476113,0.99505925,0.00081326783,0.0005172601,4.92296e-05,0.00017607484,0.00013779842,0.00015297647,0.001116501
syn-0269,2,0,3,10,10,4.1164843e-05,0.00026673003,0.00021994242,0.00025997934,8.250816e-05,9.702867e-05,0.00074551033,9.061748e-05,6.2953055e-05,0.00025538699,0.99777967,9.8556644e-05
syn-0275,2,0,3,0,0,0.9960859,0.0002677113,0.00015463708,0.00021935476,0.001411639,0.0004396605,0.00022698182,0.00025346392,0.00010023197,0.00020606472,0.00010422476,0.00053013756
syn-0282,2,0,3,7,7,0.00015976395,0.00014363167,0.0006059311,0.000100860314,2.5526395e-05,0.0007210997,5.351422e-05,0.9964743,0.0005909562,0.00028620413,0.00014181974,0.0006963591
syn-0284,2,0,3,0,0,0.9938007,0.0005951907,0.00012790454,0.00023965821,0.0032826338,0.00045368244,0.00024438507,0.00023364974,0.00013951864,0.00023433527,0.00011702844,0.0005313157
syn-0295,2,0,3,10,10,6.618805e-05,0.00056982646,0.00027730476,0.0009827107,0.00026024942,0.00023056821,0.033361442,6.20566e-05,0.00013150215,0.0002827741,0.96360564,0.0001696786
syn-0297,2,0,3,11,11,0.0004525773,0.00020481597,0.00026962018,2.595058e-05,0.0004631685,0.00022560633,0.00015634927,0.00051846297,0.00013153077,0.0001305072,9.3909046e-05,0.99732757
syn-0299,2,0,3,1,1,0.00032846798,0.9974866,6.614837e-05,0.00014906765,0.00019825547,0.00039824453,0.00015760066,7.0966846e-05,0.00022953165,0.00039447067,0.00028219094,0.00023844218
syn-0303,2,0,3,7,7,0.0014120622,0.0016047707,0.0030083712,0.00092064263,0.00036371156,0.13282022,0.00066505966,0.8493448,0.0020365599,0.0013033958,0.0011972318,0.0053232154
syn-0306,2,0,3,5,5,0.00042058012,0.0009901299,6.667554e-05,0.00025634337,0.0005165651,0.99566513,0.00056526193,0.00034782296,0.0001824861,9.43956e-05,0.00015173017,0.0007428415
syn-0307,2,0,3,3,3,0.000112067515,0.00014644934,0.00035710755,0.99734443,0.00017995994,0.00022826956,0.00039711985,0.000112726084,0.00017995994,0.0005880525,0.00031909478,3.4716893e-05
syn-0310,2,0,3,10,10,4.092475e-05,0.00026055376,0.0002505721,0.00025953798,7.475933e-05,0.00010615072,0.0006692573,0.00011354995,6.179635e-05,0.00026189306,0.9977894,0.0001115714
syn-0325,2,0,3,4,3,0.0005922017,0.0005850166,0.000118795324,0.989293,0.005746282,0.0009056492,0.0012385559,0.00013780498,0.00035778817,0.00051250786,0.00043284116,7.944447e-05
syn-0327,2,0,3,1,1,0.00028589997,0.9973615,5.9287577e-05,0.00013386781,0.00023748277,0.00036513637,0.00015897196,6.0456918e-05,0.00029714382,0.00042803562,0.000324759,0.00028743967
syn-0329,2,0,3,8,8,5.809004e-05,0.00017954256,9.438157e-05,0.000106948326,0.00013180588,7.568975e-05,0.00019460631,0.0003999648,0.99843806,0.00018569465,4.5863344e-05,8.944598e-05
syn-0336,2,0,3,0,0,0.9962417,0.00026218998,0.00017169671,0.00023399503,0.000871735,0.0008796451,0.00022089394,0.0002750412,9.3990195e-05,0.0001554183,0.000106089625,0.0004876875
syn-0343,2,0,3,8,8,6.658273e-05,0.0002633398,7.769121e-05,0.00010892208,0.0001708572,7.9455975e-05,0.00018492117,0.0004513593,0.99817073,0.00025963716,5.728591e-05,0.00010924166
syn-0345,2,0,3,7,7,0.000145245,0.00014146534,0.00055930146,8.139553e-05,1.9888479e-05,0.00051624415,4.7154146e-05,0.99690056,0.0005731942,0.00026019456,0.00012326782,0.00063214893
syn-0346,2,0,3,6,6,7.982367e-05,0.000220939,0.00016882176,0.00063697115,0.0002942729,0.00030659366,0.99693143,2.3116863e-05,0.00030945125,9.637981e-05,0.0007865545,0.00014553346
syn-0348,2,0,3,9,9,7.215269e-05,0.00076892663,0.00026366598,0.00030533562,0.00015067314,3.5683308e-05,3.0343237e-05,0.00013001525,0.0004942794,0.99745697,0.00017971678,0.00011218966
syn-0366,2,0,3,9,9,0.00010120312,0.00061023055,0.0004095581,0.0024543228,0.0002247483,6.4959895e-05,6.8477464e-05,0.0001463894,0.00041580465,0.994991,0.00041015848,0.00010309844
syn-0368,2,0,3,9,9,6.7655805e-05,0.0006723775,0.00028946847,0.00026706175,0.0001390921,3.5547808e-05,2.9412666e-05,0.00014648076,0.00046220244,0.99755836,0.00021967902,0.00011264021
syn-0369,2,0,3,6,6,0.00017613274,0.00060552824,0.00014544989,0.0009819099,0.0009294267,0.0029936412,0.9924745,4.5946967e-05,0.00045640764,0.000116416624,0.0007449943,0.0003297026
syn-0372,2,0,3,1,1,0.000657717,0.9743793,0.00014251936,0.011624207,0.0034029763,0.0015639747,0.0010686232,0.00010715984,0.0009644782,0.0037194039,0.0018874347,0.00048213676
syn-0382,2,0,3,0,0,0.9963058,0.00025130145,0.0001849365,0.00023423872,0.0010691843,0.00047957175,0.00023446759,0.00027371914,0.00010143586,0.0002114105,0.0001229539,0.0005310968
syn-0399,2,0,3,8,8,6.218734e-05,0.00016821934,0.00010682234,0.00012998981,0.00014055251,9.0747526e-05,0.0003149664,0.00044511008,0.9982362,0.0001503497,5.8078298e-05,9.669461e-05
syn-0401,2,0,3,11,1,0.002402079,0.9793844,0.00024272889,0.00030984922,0.0027495467,0.00073966914,0.00034803277,0.00035455072,0.00042268727,0.0014181123,0.0007483881,0.0108799795
syn-0407,2,0,3,6,6,0.00014140568,0.00042692714,0.0003946503,0.009740568,0.00046728784,0.0005514067,0.98583305,4.0751485e-05,0.0005149724,0.00024648398,0.0015202543,0.00012237641
syn-0408,2,0,3,4,8,0.0044997283,0.014935247,0.00022844685,0.0013939508,0.046842474,0.0022892763,0.006746651,0.00076531526,0.9181643,0.0008036116,0.0005178382,0.0028131094
syn-0411,2,0,3,2,2,3.4671655e-05,4.91822e-05,0.99799204,0.00034160056,2.1867138e-05,0.0001109421,0.00018086989,0.00041305614,0.00017074321,0.00024523606,0.00025794806,0.00018202163
syn-0413,2,0,3,9,9,7.923371e-05,0.0009896032,0.00027319742,0.0002474166,0.00013557312,3.547013e-05,2.9291128e-05,0.00014263549,0.00042539582,0.99732447,0.00019620109,0.00012152696
syn-0416,2,0,3,2,2,3.083689e-05,4.6021214e-05,0.997969,0.00033449536,1.9909794e-05,0.00010462594,0.00018016058,0.00043424522,0.00017667595,0.00025227468,0.00027290717,0.00017884588
syn-0417,2,0,3,7,7,0.00071110117,0.00078865606,0.0019557588,0.00015835851,0.00033919673,0.008679922,0.000363905,0.94247794,0.00530334,0.000495944,0.0005775568,0.038148306
syn-0422,2,0,3,1,1,0.00025203582,0.9972676,7.450166e-05,0.00022925723,0.0001862029,0.0006209836,0.00024983037,6.4728156e-05,0.00023769242,0.00030880078,0.0002857335,0.00022263816
syn-0425,2,0,3,5,5,0.00068334345,0.0012487747,4.6343433e-05,0.00085815164,0.005299339,0.9893758,0.00088539225,0.00019022144,0.00017252337,0.000104436534,0.00020912151,0.00092652487
syn-0430,2,0,3,1,3,0.0022559294,0.049765006,0.0012458425,0.8701279,0.004041314,0.057391156,0.0060416036,0.000660371,0.0012568407,0.0029538025,0.0033470967,0.00091325986
syn-0431,2,0,3,3,3,8.774132e-05,0.0001795945,0.0002265857,0.997752,0.00015887899,0.00023366419,0.00041736584,8.765567e-05,0.0001553502,0.00040556316,0.00026750515,2.8016435e-05
syn-0436,2,0,3,6,6,8.03584e-05,0.00024002302,0.00019071008,0.0006560441,0.00028909923,0.00027317958,0.99677247,2.4127967e-05,0.0003293566,9.893909e-05,0.0008990076,0.0001466515
syn-0437,2,0,3,3,3,7.6538956e-05,0.00019602252,0.00024610755,0.9969035,0.00015385984,0.00025219,0.00066426996,7.661374e-05,0.0001367122,0.0005252082,0.0007386984,3.0149225e-05
syn-0445,2,0,3,6,6,8.6303786e-05,0.00021963245,0.0001558188,0.00057906075,0.000402391,0.00029641492,0.99686,2.7396427e-05,0.00041975055,8.895644e-05,0.0006850753,0.00017917129
syn-0449,2,0,3,11,11,0.0004054055,0.00032846775,0.00044633923,4.711277e-05,0.0007870999,0.00020325434,0.00023670198,0.0008407194,0.00014754682,0.00023531911,0.00029616687,0.9960258
syn-0451,2,0,3,8,8,8.5468884e-05,0.00027148693,6.277511e-05,7.9665755e-05,0.00018235673,0.00017640133,0.00016314456,0.00068435346,0.99787843,0.00023621772,4.6559475e-05,0.00013315472
syn-0469,2,0,3,9,9,7.979927e-05,0.0005642904,0.00035364155,0.00036022053,0.00015731108,4.1642597e-05,3.5272657e-05,0.00013680776,0.0003101128,0.9976004,0.00024222472,0.000118281685
syn-0472,2,0,3,8,8,5.9933674e-05,0.00023234398,9.264597e-05,9.949172e-05,0.0001086319,8.1999664e-05,0.00017606888,0.00039518223,0.99843234,0.00017744982,4.2416414e-05,0.000101454025
syn-0482,2,0,3,1,3,0.00049581926,0.02600834,0.00067969295,0.9580141,0.0011327271,0.0013878463,0.0033765424,0.00018819177,0.0011767002,0.0039409576,0.003411135,0.00018782458
syn-0485,2,0,3,10,10,4.099662e-05,0.00034067238,0.00018070902,0.00029779336,8.832894e-05,0.00011100591,0.00088904676,6.953359e-05,5.4951906e-05,0.00024459956,0.9975914,9.08662e-05
syn-0492,2,0,3,6,6,9.071546e-05,0.00023165005,0.00016426448,0.0005997828,0.00035966362,0.00036133587,0.99690956,2.6606762e-05,0.00030375572,9.760903e-05,0.0006810236,0.00017400691
syn-0016,2,0,4,9,9,6.714316e-05,0.00067746005,0.00034098115,0.00048005403,5.5446628e-05,3.962592e-05,7.439333e-05,8.25875e-05,0.00056645385,0.99679047,0.00048994075,0.00033544895
syn-0023,2,0,4,1,1,0.00020706326,0.99701047,6.728928e-05,8.724904e-05,9.323963e-05,0.00041624188,0.00017972408,9.161497e-05,0.00051637995,0.00034406717,0.00047944253,0.00050713454
syn-0026,2,0,4,10,10,2.9983374e-05,0.00022209038,0.00040029257,0.000116406496,8.302964e-05,0.00010692498,0.0013179677,6.883399e-05,6.823165e-05,0.00020350327,0.99724567,0.00013716037
syn-0027,2,0,4,4,4,0.0011712395,0.00020894333,2.5999534e-05,0.0008537648,0.99337137,0.0022299597,0.0010643448,0.00013596201,0.00011812584,9.235657e-05,0.00015695047,0.00057102565
syn-0035,2,0,4,9,9,7.0685346e-05,0.00084179227,0.00029326888,0.0006375158,5.6963916e-05,4.2663996e-05,6.6337925e-05,7.193884e-05,0.00026096613,0.996445,0.000659602,0.00055324135
syn-0040,2,0,4,4,4,0.0006098617,0.00018282332,1.8658347e-05,0.0010197067,0.9955586,0.00057109655,0.00086742337,7.1664595e-05,8.712199e-05,8.345775e-05,0.00019197178,0.0007374993
syn-0048,2,0,4,11,11,0.0016767173,0.0021123367,0.00011726506,0.00019772905,0.0009487402,0.000677455,0.00012337371,0.000138307,4.7240766e-05,0.0003627926,0.0007009677,0.992897
syn-0056,2,0,4,8,8,0.00014010112,0.0002817023,0.00016291741,3.414934e-05,5.2685333e-05,2.7279459e-05,0.00022635412,0.0003966824,0.9984371,0.00014964749,6.0937266e-05,3.031379e-05
syn-0070,2,0,4,2,2,3.5001387e-05,3.9584374e-05,0.9976922,0.00017697227,2.2335313e-05,8.6883425e-05,0.00041783144,0.00058282533,0.00031006563,0.00017897096,0.0003407068,0.00011657241
syn-0077,2,0,4,2,2,3.168402e-05,3.5762725e-05,0.9977264,0.00019437268,2.1230138e-05,9.835909e-05,0.00046137825,0.0005616127,0.00022481663,0.00017689193,0.0003518775,0.000115782204
syn-0084,2,0,4,5,5,0.00049545686,0.001079868,3.0291392e-05,0.0002150401,0.00080053293,0.9957527,0.00022121715,0.00023919278,3.4526354e-05,0.000101677,0.0001320948,0.0008974303
syn-0085,2,0,4,3,3,0.003087936,0.04515586,0.00021829431,0.88943714,0.017248372,0.0047698617,0.0017871604,0.0003876345,0.00029432136,0.009663655,0.0009860003,0.026963796
syn-0086,2,0,4,10,10,4.1717623e-05,0.00032494572,0.0003413726,0.00012454584,0.000122017685,0.0001405787,0.00075147435,7.978705e-05,7.6356715e-05,0.00026978433,0.9974477,0.0002797107
syn-0090,2,0,4,5,5,0.0015313646,0.0010843107,2.9595592e-05,0.00019698613,0.0012876507,0.99400795,0.0001827169,0.0006651154,5.5616776e-05,9.828003e-05,9.277745e-05,0.00076762534
syn-0094,2,0,4,1,1,0.00018601333,0.99625236,8.769503e-05,0.0001090317,8.855563e-05,0.00037029313,0.00020093206,7.5156175e-05,0.00036189196,0.00064770674,0.0010231612,0.00059716904
syn-0106,2,0,4,10,10,2.7685035e-05,0.00034459727,0.00037055736,9.901844e-05,5.775694e-05,8.636541e-05,0.0008761014,5.7813377e-05,8.121207e-05,0.00028373493,0.9975719,0.00014336921
syn-0107,2,0,4,10,10,3.3850327e-05,0.00026926043,0.0003523412,0.00011745899,9.871739e-05,0.00010673895,0.0010331894,7.082626e-05,7.4807445e-05,0.000216674,0.99745697,0.00016924099
syn-0109,2,0,4,3,9,0.0005125109,0.0036188508,0.00083432806,0.31899023,0.0013622065,0.00043581275,0.0014387767,0.0002328186,0.0005870231,0.6648327,0.0045136395,0.0026411517
syn-0117,2,0,4,6,6,5.4991615e-05,9.5109826e-05,0.0004033709,0.00091995,0.0007841901,0.00013191803,0.9963643,3.6418296e-05,0.0002777745,9.436967e-05,0.00075820973,7.931218e-05
syn-0119,2,0,4,6,6,7.2981034e-05,0.0003488537,0.0013026522,0.0008097242,0.00048551933,0.00022001928,0.95242065,7.213078e-05,0.0003509038,0.00023929561,0.043513414,0.00016382412
syn-0128,2,0,4,2,2,3.682155e-05,4.0282903e-05,0.9976069,0.00017429877,2.2952507e-05,9.672807e-05,0.00038005342,0.00067537156,0.0002547201,0.0001904973,0.0003937725,0.00012764429
syn-0139,2,0,4,1,1,0.00019839004,0.99718934,5.9742266e-05,8.959622e-05,8.3106075e-05,0.00040677187,0.00017993196,7.248641e-05,0.0003493775,0.00030221342,0.00051082944,0.0005583377
syn-0147,2,0,4,0,0,0.9966593,0.00017379344,0.00010408127,0.00041670524,0.0005881509,0.0006250906,0.00019350226,0.0002509001,0.0002369682,0.00015533167,4.940516e-05,0.0005468802
syn-0156,2,0,4,6,6,5.850233e-05,0.00011309705,0.00054014893,0.0016708995,0.0004540189,0.00013642108,0.9957526,3.7624686e-05,0.00029637487,0.0001303011,0.0007342516,7.585565e-05
syn-0167,2,0,4,0,0,0.9967424,0.00015933944,9.589216e-05,0.000350331,0.00047692072,0.0008265637,0.00015717579,0.00022448528,0.00015204273,0.00013339335,4.632516e-05,0.0006349874
syn-0168,2,0,4,1,1,0.00019603707,0.99697757,6.150535e-05,0.00010330428,9.027975e-05,0.00043196426,0.00019056312,5.2198913e-05,0.00026008766,0.00044632965,0.00059574645,0.0005944207
syn-0173,2,0,4,8,8,0.00015980734,0.0002901519,0.00018802345,4.0543964e-05,6.6911016e-05,3.3546545e-05,0.00038154877,0.00038272666,0.99820614,0.00012973229,8.684334e-05,3.414144e-05
syn-0182,2,0,4,6,6,4.5491273e-05,0.00015225068,0.00059522036,0.00051468035,0.00040486577,0.00012560542,0.99421424,4.006757e-05,0.00029404456,0.000115826195,0.003418156,7.952841e-05
syn-0183,2,0,4,4,4,0.0010588893,0.00034026406,3.4590845e-05,0.0016201414,0.9821461,0.0117972335,0.0017819859,0.0002227152,0.00018827902,0.00013028977,0.00021127476,0.00046827598
syn-0185,2,0,4,7,7,0.0003350222,0.00014794107,0.0017674317,0.00013965803,5.8846894e-05,0.00030266735,0.000107079526,0.99576557,0.0006079813,0.000267103,0.00014621751,0.00035454574
syn-0195,2,0,4,4,4,0.0034330515,0.0008963853,6.8583904e-05,0.0029437123,0.78372055,0.20285472,0.002805055,0.00049794005,0.000265489,0.0002333798,0.00053369027,0.0017473416
syn-0197,2,0,4,11,11,0.10811684,0.0117571615,0.00020032722,0.0010353867,0.0018941666,0.002166906,0.00023012533,0.00044968436,0.00020912263,0.0014969466,0.00016968377,0.87227356
syn-0208,2,0,4,8,8,0.00023858274,0.0003049658,0.00014673559,3.8315662e-05,7.3711264e-05,3.335431e-05,0.00026492652,0.00035942526,0.99831843,0.00012308202,6.0279002e-05,3.82409e-05
syn-0210,2,0,4,0,0,0.9921336,0.00023348571,0.00014244847,0.00046889856,0.0006575503,0.0011030731,0.00018095312,0.0003138827,0.00014913898,0.0002456486,6.774944e-05,0.0043034977
syn-0226,2,0,4,6,6,4.995938e-05,0.00016429112,0.0004925226,0.00051151775,0.0005279483,0.00014698225,0.9941544,3.845511e-05,0.0002460288,0.00011127353,0.003475167,8.156862e-05
syn-0229,2,0,4,7,7,0.0009894582,0.0004181454,0.0011143804,0.00028210366,0.00037154322,0.017989581,0.00024461767,0.97645956,0.0008352439,0.00033013482,0.00029049066,0.00067475176
syn-0236,2,0,4,11,11,0.0139137115,0.0033535624,0.00014018652,0.00048525425,0.0009419979,0.00034359316,0.00013801313,0.00021480522,0.000141839,0.00088190567,0.0002010041,0.9792442
syn-0246,2,0,4,8,8,0.0004557954,0.015152946,0.00017469816,0.00012315581,0.00031143313,0.00013632106,0.00090072176,0.0007595957,0.9805532,0.0007100983,0.00057730585,0.00014482986
syn-0250,2,0,4,11,11,0.0006455792,0.0009863151,0.00018338778,0.000189394,0.0003634657,0.00034716027,0.00010950584,0.00018356694,6.412419e-05,0.00074632966,0.00047012998,0.99571097
syn-0261,2,0,4,5,4,0.00083316176,0.00082910346,5.633861e-05,0.0023465212,0.94775265,0.04083593,0.00503689,0.00031331228,0.00020012821,0.00018472718,0.0006517247,0.0009594315
syn-0262,2,0,4,10,10,4.1708867e-05,0.0002627087,0.00044318844,0.00012403422,0.00010661139,0.00013516484,0.0010279313,9.417614e-05,9.67868e-05,0.00025876213,0.9972383,0.00017061426
syn-0263,2,0,4,0,0,0.99632984,0.00018368104,0.0001022339,0.00027871592,0.00061219017,0.00070605805,0.00018840453,0.00024215257,0.00030551225,0.00012698388,5.0956598e-05,0.0008733033
syn-0265,2,0,4,3,3,0.00021470118,0.00014598519,9.490165e-05,0.9971003,0.0006217896,0.00026537964,0.00046433657,9.198183e-05,6.638155e-05,0.0006518686,8.448973e-05,0.000197792
syn-0280,2,0,4,0,0,0.9967121,0.00014550143,0.000116344214,0.0003464927,0.00057962013,0.00072232913,0.00019848882,0.0002676181,0.00022305804,0.00013829717,5.4052278e-05,0.0004960856
syn-0281,2,0,4,10,10,0.00014271309,0.012487907,0.0013800558,0.00025741255,0.00023667682,0.0001818212,0.0025506576,0.00036657226,0.008752085,0.0046391273,0.96811086,0.0008940818
syn-0286,2,0,4,8,8,0.00016393485,0.0003721032,0.00012898847,3.9531817e-05,6.323338e-05,2.9434987e-05,0.00028070685,0.00033674223,0.99831545,0.0001594351,7.679721e-05,3.3681525e-05
syn-0296,2,0,4,3,3,0.00039640034,0.00020265931,0.00012881811,0.99602365,0.0007052812,0.00034339112,0.0003491395,0.00014914005,8.564392e-05,0.0010963687,9.876826e-05,0.00042073158
syn-0300,2,0,4,10,10,3.9109203e-05,0.00029410474,0.0004957901,0.00010840662,8.822006e-05,0.00011562384,0.00092062174,8.48404e-05,9.0400375e-05,0.00025266904,0.99733514,0.00017510421
syn-0304,2,0,4,1,1,0.00039041965,0.94988596,0.00017805028,0.0002801124,0.0007878996,0.0011627357,0.0013265896,0.00015052018,0.00042338288,0.000809741,0.0377045,0.006900109
syn-0312,2,0,4,11,11,0.01398206,0.0024084565,0.00016745685,0.00026318946,0.0008307163,0.0007191005,0.00013950613,0.0003439349,0.00012952706,0.0005748586,0.00022314797,0.9802182
syn-0314,2,0,4,8,8,0.00011825032,0.00044091133,0.0001763054,3.516014e-05,4.191712e-05,3.060738e-05,0.00021770812,0.00037045268,0.9983102,0.0001592009,6.985604e-05,2.9434834e-05
syn-0321,2,0,4,9,9,8.245452e-05,0.000478868,0.00028737326,0.0007965686,5.7562527e-05,3.9101196e-05,6.61894e-05,9.555555e-05,0.0003683645,0.997131,0.00023283562,0.0003640729
syn-0323,2,0,4,7,7,0.00044956856,0.0001463103,0.0008243635,0.00016069041,0.000105075065,0.0017368888,0.00013166503,0.9954249,0.00036070964,0.00015696803,0.00017256409,0.00033019867
syn-0328,2,0,4,10,10,3.9195867e-05,0.0003199551,0.0003391798,0.00010087517,0.00010038382,0.00011453001,0.0006853294,8.3221115e-05,8.233191e-05,0.00025621394,0.9975949,0.00028388004
syn-0330,2,0,4,0,0,0.9618002,0.00053560553,0.00023907023,0.0010659592,0.0020092998,0.030616565,0.00048105235,0.0004963226,0.00022480513,0.0003972516,0.00015151774,0.0019822577
syn-0332,2,0,4,6,6,4.5156652e-05,0.0001060227,0.00047871214,0.000677073,0.00045589905,0.00011932098,0.99658597,3.3231456e-05,0.0002388092,9.3473376e-05,0.0010983275,6.805348e-05
syn-0339,2,0,4,7,7,0.00028337954,0.000106201886,0.0006791287,0.00011140737,5.9515707e-05,0.0004969598,7.946389e-05,0.9972959,0.00041105846,0.00015818722,0.00010333727,0.00021537337
syn-0341,2,0,4,8,8,0.00018495519,0.00040613016,0.00013426307,3.361712e-05,5.467265e-05,3.3290427e-05,0.00019930188,0.0003896667,0.99835443,0.00012035264,5.668425e-05,3.2774307e-05
syn-0350,2,0,4,2,2,7.692934e-05,0.00010191482,0.9883823,0.0008500993,7.5736665e-05,0.0002087076,0.007179752,0.00053923577,0.0008463717,0.000441834,0.0010962393,0.00020090822
syn-0353,2,0,4,7,7,0.0005363553,0.00039432666,0.0007732803,0.0001648621,0.00010561462,0.0038941035,0.00012038033,0.99275017,0.00035921385,0.00024412673,0.00023754183,0.00041996356
syn-0354,2,0,4,8,8,0.00020591707,0.00030425139,0.00018476321,4.015343e-05,6.711313e-05,3.3746604e-05,0.00021770425,0.00043982844,0.9982925,0.0001196421,5.618475e-05,3.823991e-05
syn-0355,2,0,4,5,5,0.0008654302,0.011399807,0.00011351973,0.00027687836,0.0005858654,0.9830183,0.00039777358,0.0015052188,0.00013935921,0.00026941005,0.000393908,0.0010345207
syn-0357,2,0,4,3,3,0.00016066585,0.0002019141,0.00016953131,0.9894581,0.0015348113,0.0003893897,0.006706095,7.868555e-05,9.417428e-05,0.0007265883,0.00032550617,0.00015451085
syn-0363,2,0,4,9,9,0.00010553586,0.00054406316,0.00035667472,0.0012196467,8.3976345e-05,4.8035552e-05,8.2432554e-05,8.6642045e-05,0.0003599991,0.9958924,0.0005859613,0.00063454267
syn-0367,2,0,4,4,4,0.00031704386,0.00023286209,2.4639547e-05,0.0009952172,0.994327,0.0005478027,0.0026339178,9.8215605e-05,0.00019685701,9.7451295e-05,0.0002114031,0.00031750862
syn-0370,2,0,4,9,9,8.483578e-05,0.0004965505,0.00028504053,0.00070341834,5.859212e-05,4.2037787e-05,6.466583e-05,8.442255e-05,0.00027492509,0.99728084,0.00024910286,0.00037550292
syn-0371,2,0,4,6,6,5.18284e-05,0.00014592525,0.00045868248,0.0006817892,0.00047858735,0.00015778282,0.9957182,3.4728047e-05,0.00022711973,0.000108125205,0.0018612304,7.600133e-05
syn-0374,2,0,4,8,8,0.0003022085,0.00048606237,0.00011281684,3.8685044e-05,7.776529e-05,3.83091e-05,0.00025188894,0.0003260879,0.99814737,0.000121153054,5.7116984e-05,4.0541578e-05
syn-0377,2,0,4,5,5,0.0007557077,0.00061318715,7.359323e-05,0.00055749604,0.0040456154,0.99089664,0.0005053801,0.0012224491,7.712504e-05,0.00016152918,0.0002862746,0.000805036
syn-0379,2,0,4,3,3,0.0001757773,0.000109355984,5.5418917e-05,0.99434835,0.0033656163,0.00018876577,0.00090209144,6.671753e-05,5.7289886e-05,0.0004371825,9.4362855e-05,0.00019918178
syn-0393,2,0,4,2,2,3.4186174e-05,4.4500175e-05,0.9975637,0.00019567405,2.5060035e-05,0.00010407404,0.0005083769,0.0004871439,0.0002613867,0.00020506463,0.00043950733,0.0001313052
syn-0415,2,0,4,1,11,0.23450544,0.33591357,0.0006929899,0.0022087789,0.0040034894,0.003677398,0.0011030773,0.0015329674,0.008951793,0.00773768,0.0007655732,0.3989072
syn-0418,2,0,4,0,0,0.99659616,0.00013181995,0.00010896287,0.00032562087,0.00053235516,0.00073883135,0.00017772989,0.00025002816,0.00016892988,0.00013350409,5.097022e-05,0.0007851389
syn-0421,2,0,4,10,10,4.7376954e-05,0.0016530578,0.00042766117,0.0005130946,0.00011342965,0.00012815662,0.0011103526,6.6942834e-05,0.00016137355,0.0034638229,0.9918773,0.00043737557
syn-0429,2,0,4,2,2,3.131374e-05,4.0129184e-05,0.9976897,0.00019172627,2.2909622e-05,0.00010697259,0.0004827653,0.0005012005,0.00022557809,0.0001863727,0.00040639268,0.000114876966
syn-0440,2,0,4,1,1,0.0008684331,0.95748144,0.00016794293,0.00018772016,0.00020060915,0.0005188183,0.00039431092,0.000388577,0.036836673,0.0016220505,0.0005873244,0.0007460817
syn-0444,2,0,4,5,4,0.0008220692,0.0022653767,0.00021030173,0.03217087,0.8370221,0.040628098,0.08143233,0.0008836757,0.0006618425,0.00056943065,0.0021913943,0.001142445
syn-0448,2,0,4,4,5,0.0012348976,0.00063436275,3.5792116e-05,0.00020596942,0.0013437453,0.99465334,0.00024269127,0.0002703454,4.1763575e-05,0.00010592048,0.00010737855,0.0011238382
syn-0453,2,0,4,1,1,0.00056243734,0.8299782,0.00087197113,0.00046627695,0.00060340716,0.0012000185,0.0012539295,0.00045904797,0.001281161,0.006843531,0.11342764,0.04305228
syn-0454,2,0,4,11,11,0.0020462093,0.00057427847,0.0001062438,0.0001988776,0.00086747785,0.00048935105,0.000108551074,0.00014130103,5.5986548e-05,0.00032454872,0.0003162575,0.9947708
syn-0457,2,0,4,9,9,0.00012988337,0.00040995644,0.0003455552,0.0010296244,8.9616835e-05,6.17131e-05,8.215676e-05,0.00010105453,0.00026249976,0.9964451,0.00035271497,0.0006900768
syn-0459,2,0,4,5,5,0.011104558,0.0096008135,8.011558e-05,0.0007196629,0.00393632,0.97074014,0.00062038813,0.0003668506,0.00025065948,0.00032756073,0.00019331666,0.0020595978
syn-0468,2,0,4,6,6,5.0277617e-05,0.00010488994,0.00048946694,0.00077864114,0.0004933058,0.00012480341,0.99658656,3.579171e-05,0.00026615104,9.950194e-05,0.0008959917,7.459633e-05
syn-0484,2,0,4,3,3,0.00015324271,0.00013133168,0.000119112665,0.99679095,0.0006211795,0.0002143204,0.0008749882,9.043933e-05,8.604535e-05,0.0006579009,0.00012434233,0.00013603091
syn-0489,2,0,4,11,11,0.00118003,0.005113161,0.00017496278,0.00026652595,0.0011770268,0.001287691,0.00022465663,0.00020157766,6.423962e-05,0.00048663892,0.0020141099,0.9878094
syn-0002,2,1,0,1,1,8.441402e-05,0.9971801,2.1849348e-05,0.0005237691,0.00052713655,0.00017337556,0.00049155526,9.907625e-05,0.0002512765,0.00027489732,1.5554147e-05,0.0003570487
syn-0004,2,1,0,10,11,0.00031858167,0.002039223,0.0021496462,0.005789384,0.0012117444,0.00074799365,0.03632302,0.024601398,0.0005161001,0.00088826445,0.019225186,0.9061896
syn-0011,2,1,0,10,11,0.0084375935,0.018002482,0.009961352,0.018701348,0.089765355,0.036526177,0.092988655,0.1260959,0.23277678,0.008098521,0.12266475,0.23598112
syn-0013,2,1,0,6,6,2.0410282e-05,0.00043373564,0.00013691484,0.00021372101,5.690763e-05,9.869767e-06,0.99740654,0.0004130659,0.00041671234,0.00017257023,0.00040745692,0.00031217933
syn-0017,2,1,0,3,3,6.415448e-05,0.00075470033,0.000110201385,0.99618125,0.0006272362,0.00022878397,0.00042617435,0.00037298858,5.3918073e-05,0.00056197646,0.0001594053,0.00045923202
syn-0018,2,1,0,3,6,2.1360964e-05,0.0004639098,0.00011972505,0.0012487826,9.461788e-05,1.0952814e-05,0.99606234,0.00048050922,0.00034424383,0.00026770495,0.00050962967,0.0003762363
syn-0025,2,1,0,8,8,0.00017595931,0.00017925465,0.00023834509,4.8719197e-05,6.2678984e-05,0.00019212445,0.00036005475,0.0001936313,0.99829835,0.00013663636,1.1869401e-05,0.0001023359
syn-0031,2,1,0,0,0,0.99655545,0.00012298471,0.00018570687,0.00011110743,0.001860977,0.0003669853,4.98848e-05,2.6390328e-05,0.00028840188,3.743503e-05,0.00019094805,0.00020376
syn-0036,2,1,0,5,5,0.0015411767,0.00035793113,0.0003188172,0.00019603434,0.0038051477,0.9930768,3.752358e-05,0.0001237581,0.0001913063,8.5057625e-05,9.488862e-05,0.0001716534
syn-0037,2,1,0,8,8,0.0001608927,0.00033629246,0.00014989526,4.2486845e-05,6.606248e-05,0.000143661,0.0005839411,0.00013634798,0.9981389,0.00012354153,9.028322e-06,0.00010902503
syn-0039,2,1,0,1,1,0.000106500345,0.99717283,2.117696e-05,0.0004483832,0.00088607403,0.00022789622,0.00035643645,8.99454e-05,0.00024105923,0.00018222778,1.5283013e-05,0.00025213498
syn-0064,2,1,0,6,10,0.00013399741,0.00019726326,0.00048183688,0.0003441852,0.00081703486,7.2569106e-05,0.0476133,0.0006702721,0.0001263716,0.0001603739,0.94889635,0.00048632783
syn-0076,2,1,0,5,5,0.028992249,0.0010478245,0.0004467201,0.00053101155,0.032852523,0.9341946,9.33637e-05,0.00014630907,0.000783253,0.00018970818,0.00023701967,0.00048538388
syn-0081,2,1,0,10,10,0.00013592807,4.3149244e-05,0.00013008402,0.00014286934,0.0006923251,9.179408e-05,0.00040771792,0.00010565433,3.4671393e-05,4.8990092e-05,0.9979845,0.00018237613
syn-0082,2,1,0,1,1,6.0450624e-05,0.99531174,1.9625444e-05,0.00068026414,0.0009107144,0.00012897768,0.0019008741,0.000112716276,0.00036850126,0.0002326379,1.9663814e-05,0.00025376215
syn-0083,2,1,0,0,0,0.99696106,0.00015237341,0.00021773262,0.00011524235,0.0011845467,0.0004215133,5.2813342e-05,2.8602173e-05,0.00045887678,4.697316e-05,0.0001585981,0.00020166494
syn-0095,2,1,0,11,11,0.00023354992,0.000412503,0.00016789146,0.00037522166,0.00019513824,0.00018565751,0.0003416432,0.00020610707,0.00012163833,0.00020671179,0.00028994883,0.997264
syn-0100,2,1,0,2,2,0.0003160551,6.6915214e-05,0.9972945,0.0002476509,0.00011075634,0.00065279193,0.00018109684,0.00029216052,0.0002390957,7.930874e-05,0.00030663042,0.00021307188
syn-0121,2,1,0,9,9,0.00013405422,0.0008137972,0.00023851119,0.0013124049,0.00041432984,0.00025142648,0.0006016701,0.00029452203,0.00032315342,0.9948565,0.00020123922,0.0005583591
syn-0123,2,1,0,10,10,0.00011208017,5.78632e-05,0.00014209829,0.00014768672,0.0007369465,7.3074545e-05,0.00090601714,0.000120597266,3.3390683e-05,5.253092e-05,0.9974571,0.00016062583
syn-0134,2,1,0,5,5,0.00030606549,0.0003099759,0.001005236,0.00031179748,0.0006131584,0.9923028,6.923254e-05,0.0041031176,0.00033680437,0.00019246839,0.0001635054,0.00028584214
syn-0135,2,1,0,0,0,0.99683654,0.00013210952,0.00019467402,0.00011103029,0.0014216988,0.000505501,4.352257e-05,2.4944144e-05,0.00035466722,4.1045692e-05,0.00014911607,0.00018512542
syn-0138,2,1,0,4,4,0.00054913975,0.0016494653,4.088228e-05,0.0011374024,0.99286795,0.000679091,0.00049104536,0.0001281594,0.000107500295,0.00020182002,0.0017800172,0.00036759645
syn-0144,2,1,0,9,9,0.00014062155,0.00053958414,0.0003228303,0.00078700937,0.00026118077,0.00027856903,0.0005340795,0.00028938323,0.00047409337,0.99580485,0.0001598126,0.00040809577
syn-0148,2,1,0,7,7,2.7059674e-05,0.00020210487,0.00062894303,0.00035976348,5.370958e-05,0.00046352713,0.0006191922,0.9962131,0.00034480062,0.00021180409,0.0002667016,0.00060944364
syn-0150,2,1,0,3,3,5.895608e-05,0.006553341,8.730179e-05,0.9879183,0.0011911961,0.00019712224,0.0014094955,0.0004247081,9.275094e-05,0.0014234144,0.00014449966,0.00049896445
syn-0151,2,1,0,10,11,0.0002137869,0.00046061285,0.00023942997,0.0004517038,0.00025018642,0.00012878494,0.0009859647,0.00024439086,0.00011864224,0.00016153249,0.0009777173,0.99576724
syn-0152,2,1,0,3,4,0.0017696511,0.01307605,0.00015860681,0.26059562,0.7153239,0.0016624333,0.0011869279,0.00041543198,0.0002117679,0.0021756454,0.0018329718,0.0015909591
syn-0158,2,1,0,1,1,0.00011075643,0.9972953,2.3812818e-05,0.0003531883,0.0007669273,0.00020915501,0.00041120878,8.608889e-05,0.00027399097,0.00022714649,1.7387838e-05,0.00022493908
syn-0160,2,1,0,5,5,0.00033603492,0.00027279454,0.0007215086,0.00020511333,0.00045461967,0.99634016,4.7219775e-05,0.0008585143,0.00034149343,0.00011584738,8.960739e-05,0.00021706641
syn-0161,2,1,0,2,2,0.00021649472,5.527561e-05,0.9976053,0.0001787807,8.322198e-05,0.00044003563,0.00021872604,0.00036876474,0.00027602352,8.105632e-05,0.00025885736,0.0002174482
syn-0163,2,1,0,4,4,0.46081293,0.0022081872,0.00027077665,0.0006597885,0.5221695,0.00556631,0.00037228275,0.00015458552,0.0055419025,0.00037888467,0.0006030955,0.0012618786
syn-0165,2,1,0,8,8,0.00027550937,0.00027064272,0.00014678708,4.786467e-05,8.795067e-05,0.0001685389,0.00047586326,0.00011128869,0.9981812,0.00011823503,1.0848237e-05,0.00010526316
syn-0169,2,1,0,4,4,0.0017874443,0.0007593502,2.49059e-05,0.000431241,0.9953082,0.0010107761,8.05544e-05,3.0396375e-05,5.7010166e-05,8.376333e-05,0.0002907966,0.00013556355
syn-0170,2,1,0,6,6,2.3295417e-05,0.0005616472,9.836513e-05,0.0002465665,0.00015042898,1.0833375e-05,0.9968137,0.00046177284,0.0004969848,0.00018629999,0.0005650857,0.0003850728
syn-0174,2,1,0,10,10,0.00011248653,4.191018e-05,0.00031054736,0.00012896644,0.00027496184,0.00010796617,0.0004514578,0.00015225669,3.4006254e-05,4.9285907e-05,0.998145,0.00019115926
syn-0175,2,1,0,11,11,0.00020189138,0.00047750262,0.0001601778,0.00039625034,0.00019358905,0.00020607447,0.00041243774,0.00023858412,0.00013970958,0.0001904017,0.00027703284,0.99710625
syn-0176,2,1,0,10,10,0.00040039772,0.0011012235,0.00039961646,0.0023587707,0.024868684,0.00014193212,0.07841748,0.0006129232,0.00025351605,0.00036814396,0.8887191,0.002358195
syn-0186,2,1,0,3,3,7.642158e-05,0.0010807766,9.928395e-05,0.99537474,0.0011948512,0.00019783572,0.00039363548,0.00026830504,4.466347e-05,0.0004061308,0.00019081497,0.0006727098
syn-0198,2,1,0,0,0,0.99434584,0.00016625976,0.00017959418,0.00011260689,0.0033426792,0.0005601712,5.796506e-05,2.808487e-05,0.00078355736,5.796506e-05,0.00016177517,0.00020350686
syn-0203,2,1,0,8,8,0.00013596794,0.00022725917,0.00020511114,4.523329e-05,6.140537e-05,0.00015414711,0.0004920361,0.0001763857,0.9982773,0.00011505692,1.0073217e-05,9.996319e-05
syn-0206,2,1,0,8,8,0.0040125265,0.0015688844,0.0002400315,0.00014389033,0.0009953887,0.00047041805,0.0014646611,0.00022417137,0.9895335,0.00023631015,8.491983e-05,0.0010252323
syn-0221,2,1,0,11,11,0.00014616024,0.0016054957,0.00017373916,0.00050175,0.00020411589,0.00020154096,0.0007429881,0.0003352182,0.00020292339,0.0002825578,0.00022793018,0.9953755
syn-0234,2,1,0,4,6,2.817449e-05,0.0010188499,6.374069e-05,0.00056603795,0.0003162034,1.2165124e-05,0.99557245,0.00041869696,0.0004430967,0.00038609857,0.0006333136,0.0005411731
syn-0237,2,1,0,4,4,0.003111556,0.0006060072,3.426379e-05,0.00033952453,0.9939873,0.00029069444,0.00012943654,3.8224018e-05,7.873757e-05,0.000113449154,0.000910947,0.00035983717
syn-0240,2,1,0,6,6,0.000837752,0.023962317,0.00021140356,0.012611849,0.09348589,0.00018765933,0.8513258,0.0011383813,0.0030375547,0.002685873,0.007744368,0.002771132
syn-0241,2,1,0,1,1,0.00013090043,0.99643266,2.4691724e-05,0.00062887056,0.0011497369,0.00027122602,0.0003403598,9.765766e-05,0.0002405277,0.00019882114,1.7611948e-05,0.00046692346
syn-0252,2,1,0,8,8,0.00015952066,0.0001951627,0.00018980583,4.550303e-05,5.9871043e-05,0.00018568076,0.00037237385,0.0001901769,0.99836344,0.00012637621,1.0598873e-05,0.00010154614
syn-0258,2,1,0,3,4,0.0014291396,0.0013132545,5.0408627e-05,0.0024670723,0.9875425,0.0059762765,0.000113154725,6.600257e-05,5.962835e-05,0.0001790635,0.00047084896,0.00033258024
syn-0268,2,1,0,6,6,2.2328893e-05,0.00039656286,0.00011976949,0.00017189728,8.75397e-05,9.8697565e-06,0.99740547,0.00040636372,0.00042576157,0.00013077255,0.0005066547,0.0003170951
syn-0270,2,1,0,10,10,0.00031401406,0.0003016896,0.00017962008,0.00055218925,0.014910028,0.00012094502,0.0064567104,0.00021943133,0.00010969238,0.000120238445,0.97620696,0.00050845224
syn-0271,2,1,0,2,2,0.00032298436,0.00010084064,0.9953075,0.000474783,0.000136227,0.0011333973,0.0002853112,0.0008398055,0.0002727781,0.00017732683,0.00033848468,0.0006105271
syn-0272,2,1,0,3,3,0.00014099893,0.0035331452,0.00014575913,0.98877394,0.0016634479,0.00025456917,0.0009472257,0.00032559896,6.493337e-05,0.0024200068,0.00019961859,0.0015308041
syn-0289,2,1,0,8,8,0.004808135,0.00094764493,0.00023133912,0.00010832064,0.00097379583,0.0010388725,0.0005070211,0.000149802,0.9907222,0.00018104896,2.792792e-05,0.00030408954
syn-0290,2,1,0,0,0,0.9962225,0.00013621915,0.0001735477,0.00011161397,0.0022287294,0.000331271,5.1451116e-05,2.374079e-05,0.00028418246,3.9680763e-05,0.00018710086,0.00020995268
syn-0298,2,1,0,7,7,2.5134412e-05,0.00021776522,0.000519974,0.0003379408,5.0872168e-05,0.00048019344,0.0005410836,0.99662364,0.000363089,0.00021044785,0.00022097862,0.00040883035
syn-0311,2,1,0,9,9,0.00020923017,0.021175971,0.0003566083,0.044917177,0.0018648481,0.0005078335,0.0053917137,0.0012667581,0.00064196176,0.9110392,0.0005512481,0.0120774945
syn-0316,2,1,0,0,0,0.97005606,0.0002571752,0.00019261532,0.0002495063,0.024812268,0.0034108558,4.9807026e-05,2.7452379e-05,0.00034539177,5.766442e-05,0.0001928035,0.00034844084
syn-0322,2,1,0,2,2,0.0003381757,7.724662e-05,0.9963431,0.00036565517,0.00013797621,0.00074552826,0.00027106924,0.0003999303,0.00018932926,7.815718e-05,0.0007220617,0.00033179682
syn-0326,2,1,0,1,1,0.00011892083,0.99615794,2.4684916e-05,0.00040044214,0.0015279475,0.00020288465,0.0004591092,8.432749e-05,0.00023789212,0.00027676937,2.4636749e-05,0.00048444263
syn-0334,2,1,0,6,6,1.691348e-05,0.00037731914,0.00015906643,0.00039542708,5.0199324e-05,1.0139029e-05,0.9969799,0.0005721912,0.00034271527,0.00025768648,0.00045993697,0.00037861103
syn-0340,2,1,0,9,9,0.00016436921,0.000579901,0.00033594886,0.00081063533,0.00038970748,0.0003237105,0.0004888027,0.0003140575,0.00042323006,0.9955987,0.00021312542,0.00035796512
syn-0349,2,1,0,5,5,0.00037279222,0.00022955853,0.0006693164,0.00017790952,0.0004754137,0.99662966,4.275533e-05,0.0006236621,0.00033711875,0.00010832993,8.68757e-05,0.00024652094
syn-0351,2,1,0,11,11,0.00017782727,0.00040984276,0.00017151657,0.0004909968,0.00017370791,0.00020189866,0.00037996913,0.00022990096,0.00012721159,0.0002198019,0.00027515544,0.99714214
syn-0360,2,1,0,0,0,0.9944699,0.00015154803,0.00014934427,0.00011317219,0.0040325434,0.00036425554,4.594951e-05,2.0914313e-05,0.00020214565,3.7211048e-05,0.00019497196,0.00021803859
syn-0364,2,1,0,4,5,0.0016315319,0.0025319061,0.00045728276,0.0013064995,0.15174995,0.83816797,0.00024716783,0.0010590692,0.0006891495,0.0006442426,0.00063549454,0.0008797157
syn-0380,2,1,0,4,4,0.003100023,0.0011507832,7.045577e-05,0.0005765349,0.97304755,0.020836014,0.0001072226,9.2251306e-05,0.00018490254,0.00018891803,0.00039143866,0.00025396884
syn-0381,2,1,0,8,8,0.0001289617,0.00031762855,0.00025522173,0.00010701746,7.348016e-05,0.00032357706,0.0005246407,0.00072228216,0.997134,0.00020993964,1.4841185e-05,0.00018837255
syn-0384,2,1,0,1,1,0.000121735175,0.99708384,2.3438664e-05,0.00049602834,0.000820212,0.00028001855,0.00034241643,8.880281e-05,0.00028862528,0.00021522245,1.4383846e-05,0.00022522104
syn-0403,2,1,0,9,9,0.00017888843,0.00071936136,0.00029436164,0.0008097876,0.00038279683,0.00031457277,0.00057240576,0.00034786045,0.00051712553,0.9952863,0.00018894381,0.00038768759
syn-0410,2,1,0,10,10,0.00016002408,4.5313525e-05,0.00017904353,0.000114364055,0.0004343008,0.0001197355,0.0004038504,0.00014894051,4.0381474e-05,5.921552e-05,0.99809676,0.00019808639
syn-0427,2,1,0,5,5,0.0005659958,0.00031825152,0.00038201472,0.00017843579,0.0011544926,0.9966535,3.336378e-05,0.00020678708,0.00019312359,8.850481e-05,7.0493305e-05,0.00015502768
syn-0439,2,1,0,6,6,2.5640475e-05,0.0003346281,0.00019452084,0.00017694036,6.702794e-05,1.2520599e-05,0.9970253,0.000531156,0.0007223798,0.00020828319,0.00035935428,0.00034222915
syn-0447,2,1,0,7,7,2.7225282e-05,0.00021879392,0.0004951104,0.0003266892,5.741122e-05,0.0005957608,0.0004929394,0.99645424,0.0004141855,0.00022267392,0.000243606,0.0004513538
syn-0455,2,1,0,2,2,0.00046074117,0.0006599812,0.893721,0.009024424,0.0006930066,0.004653321,0.009501487,0.06499432,0.0009677986,0.0005881471,0.0070788665,0.007657059
syn-0456,2,1,0,11,11,0.00017999692,0.00088792475,0.00020396322,0.0037155554,0.00032276488,0.0002642059,0.0006600108,0.0003614795,0.00010478641,0.00018301008,0.00042592696,0.9926904
syn-0461,2,1,0,2,2,0.00024080367,5.441704e-05,0.99757594,0.00019750024,8.379035e-05,0.0005320985,0.00019292516,0.0003386355,0.00024869037,8.379035e-05,0.00025088576,0.00020051248
syn-0477,2,1,0,7,2,0.00046836055,0.0011039614,0.7314279,0.011703254,0.0005255644,0.008379267,0.011869427,0.20113634,0.0014314252,0.0010889709,0.009405551,0.021459986
syn-0481,2,1,0,9,9,0.00012579953,0.00045724396,0.0003951324,0.00075184595,0.00024414825,0.0002930645,0.0005493912,0.0003376448,0.0005201531,0.99575067,0.00018646516,0.000388437
syn-0486,2,1,0,1,1,0.00012426848,0.9971722,2.5246674e-05,0.00044186265,0.00075218437,0.00026001144,0.0003746379,8.924538e-05,0.00025324526,0.00023871643,1.8506971e-05,0.00025005054
syn-0487,2,1,0,6,6,2.1554584e-05,0.0015162666,7.7772784e-05,0.0003803888,0.00017440999,1.0775005e-05,0.99532324,0.0004149292,0.00094089686,0.00027952407,0.00043103698,0.00042935653
syn-0490,2,1,0,7,7,3.6641723e-05,0.00023385542,0.0009769957,0.00030027633,6.779048e-05,0.0016748069,0.00038518608,0.9946755,0.00077914284,0.00023067994,0.00019349466,0.00044573416
syn-0493,2,1,0,8,8,0.0007024284,0.00023499697,0.00023067689,5.941654e-05,0.0001342901,0.0003557996,0.00026305567,0.00014748881,0.99758065,0.00015010432,1.59294e-05,0.00012504995
syn-0496,2,1,0,8,8,0.00018602084,0.00023705456,0.00016480533,4.7680885e-05,6.645745e-05,0.0001405531,0.0005196744,0.0001456534,0.99824035,0.00013242482,1.1458701e-05,0.000107976484
syn-0497,2,1,0,5,5,0.00027862607,0.0006845738,0.0010380053,0.00040067552,0.0007083768,0.9872931,9.905656e-05,0.008055647,0.0006829045,0.0002392543,0.00014525684,0.0003745664
syn-0499,2,1,0,11,11,0.00017543108,0.00041654403,0.00016208884,0.00040136965,0.0001349023,0.00015802511,0.00041573125,0.00022394193,0.00013229306,0.0002636105,0.00026880976,0.99724716
syn-0010,2,1,1,9,9,0.00011489078,0.0010263256,0.00045240938,0.0002008535,0.00013445217,0.00018758206,0.00042086912,0.0006426895,0.0010408984,0.9948908,0.00023712595,0.00065105956
syn-0015,2,1,1,6,6,2.7784212e-05,0.00023803486,0.00012464185,0.0003161158,0.0002510469,2.794749e-05,0.99724245,0.0002982712,0.00063857145,0.00016986683,0.00035042124,0.0003148834
syn-0024,2,1,1,2,2,0.00038953568,8.1094855e-05,0.996132,0.00022677079,0.00024328956,0.00048042554,0.00019415685,0.0008986494,0.00042067462,0.00018653656,0.00020708294,0.00053976144
syn-0038,2,1,1,5,5,0.0005082407,0.000966593,0.0005530386,0.0028402812,0.0029361704,0.9911675,9.733155e-05,0.00027350674,0.0003328245,0.000109219276,7.80555e-05,0.00013725949
syn-0042,2,1,1,9,9,0.000105652085,0.0010767308,0.00035846507,0.00025122837,0.00015783001,0.00015798422,0.00049816567,0.0006607684,0.00079567794,0.9950439,0.0002965981,0.00059710024
syn-0043,2,1,1,9,9,0.00012669999,0.0008269445,0.0004428747,0.00020030272,0.00014162039,0.00017676654,0.0004516096,0.0007130883,0.00081965816,0.9950736,0.00036895313,0.0006578907
syn-0045,2,1,1,9,9,0.00011894128,0.0010735254,0.00032331594,0.00023242134,0.0002025236,0.00012735638,0.0006141453,0.00063923403,0.0008115273,0.99438524,0.0005920615,0.00087983
syn-0049,2,1,1,8,8,4.4768916e-05,0.00014172062,0.00038081815,5.7372254e-05,9.617431e-05,0.00035969418,0.00039473345,0.0001290381,0.9977247,0.00047260712,2.0778853e-05,0.00017767072
syn-0051,2,1,1,3,3,5.265917e-05,0.0009344892,0.00013097064,0.9959941,0.0004300657,0.0004053926,0.0005289899,0.00046410458,7.6618635e-05,0.00016523935,9.953995e-05,0.00071776705
syn-0052,2,1,1,4,4,0.0014817689,0.0010594896,9.307575e-05,0.00059431983,0.99525815,0.0007609299,0.00016739023,4.8287064e-05,8.7095694e-05,3.2292013e-05,0.00026644598,0.00015078207
syn-0055,2,1,1,3,3,6.3537576e-05,0.000678274,0.00013796803,0.99628407,0.0005143685,0.000672585,0.00056134874,0.00034432043,8.94275e-05,0.000116977666,8.838565e-05,0.00044885933
syn-0062,2,1,1,7,7,0.0001496064,0.00035923775,0.0011454897,0.00030968228,8.22984e-05,0.0002932013,0.00045768078,0.995243,0.00023171493,0.0004011502,0.0004407925,0.0008860882
syn-0063,2,1,1,1,1,7.244099e-05,0.99656457,5.798104e-05,0.0007420165,0.0008576601,0.00026138005,0.00017531098,0.00015486256,0.0002031658,0.0005611642,2.2529006e-05,0.00032688497
syn-0068,2,1,1,10,10,0.00032253543,0.00014270554,0.00020007133,0.00020124706,0.002546867,0.00010139122,0.0013267925,0.00028104582,0.00031877778,0.00039905673,0.99295396,0.0012055539
syn-0075,2,1,1,7,7,0.00013699105,0.0002983406,0.0009029415,0.00029515295,7.162743e-05,0.00021998258,0.00065131777,0.9950423,0.00025668388,0.0005801432,0.0005824138,0.00096199795
syn-0079,2,1,1,1,1,6.354756e-05,0.9964405,4.9879043e-05,0.0007822422,0.00085964956,0.00021205943,0.00021268163,0.00015991462,0.0002177252,0.00062514417,2.4691919e-05,0.00035202512
syn-0080,2,1,1,3,3,7.1984294e-05,0.0007630227,0.0001299654,0.99610126,0.0008524742,0.0006198789,0.00046460802,0.00029807538,6.868789e-05,8.33403e-05,8.632235e-05,0.00046031762
syn-0087,2,1,1,5,5,0.0009709089,0.002383158,0.0015621503,0.0014181931,0.01090187,0.8630878,0.00061234453,0.00068713404,0.117034584,0.00058202527,0.00013730132,0.00062259525
syn-0103,2,1,1,11,11,0.00015846312,0.00078017334,0.00026408318,0.00059048936,0.0002060703,5.3547064e-05,0.0004120268,0.0009131177,0.00017833897,0.00060834177,0.00069491775,0.99514043
syn-0105,2,1,1,4,4,0.0008938655,0.0017650683,8.028739e-05,0.0013938998,0.9939486,0.0012412744,0.00018146129,4.6739846e-05,8.10753e-05,3.237574e-05,0.00018813788,0.00014723912
syn-0108,2,1,1,8,8,5.0801857e-05,0.00022812326,0.00027169788,6.638765e-05,0.0001701903,0.00023330508,0.00059985195,0.00015541469,0.99719197,0.0007258597,5.221014e-05,0.00025424152
syn-0114,2,1,1,4,4,0.00070897484,0.010087916,0.00032681884,0.08938733,0.8887837,0.002281904,0.0034583155,0.00035475852,0.00036459276,0.00024911677,0.0026406,0.00135595
syn-0118,2,1,1,5,5,0.00043278746,0.00035288604,0.00030405828,0.0004773009,0.0016917656,0.99595535,5.454127e-05,9.027531e-05,0.00046556178,6.0018978e-05,4.548202e-05,7.003238e-05
syn-0120,2,1,1,3,3,0.00010439095,0.0021157744,0.00014692759,0.98894405,0.002849172,0.00039473758,0.002468162,0.00044729625,0.0001412989,0.0002472618,0.00054857426,0.0015923983
syn-0124,2,1,1,6,6,2.5300944e-05,0.00026069765,9.3e-05,0.0003607078,0.00022200873,2.3814504e-05,0.9973659,0.00034351822,0.00043202704,0.00018066817,0.00039001816,0.0003022669
syn-0129,2,1,1,11,11,0.00040636797,0.00054257247,0.00035168216,0.0004811622,0.0004271195,7.816497e-05,0.0004920919,0.0007387174,0.00029672505,0.0021391157,0.009212835,0.98483354
syn-0130,2,1,1,6,8,0.00014121522,0.00070603174,0.0011969024,0.0006957648,0.0008692823,0.00046167237,0.07386916,0.0006027226,0.91765976,0.0019623085,0.00035432234,0.0014808668
syn-0136,2,1,1,6,6,3.83521e-05,0.00034099503,8.952032e-05,0.0005197015,0.00045617824,2.844525e-05,0.995372,0.00031536887,0.00031078284,0.00022926884,0.0017581275,0.00054132845
syn-0143,2,1,1,1,1,0.00048127974,0.68836445,0.002064211,0.0029858628,0.008106515,0.0010888255,0.0051189596,0.0053908825,0.068758994,0.2030831,0.00037117847,0.0141857555
syn-0145,2,1,1,2,3,0.0016455601,0.0040490064,0.18872073,0.65485185,0.003774089,0.0056160013,0.010600209,0.03990723,0.0024945203,0.0060368693,0.0038635887,0.07844037
syn-0149,2,1,1,8,8,4.5036428e-05,0.00016385397,0.00029324455,5.577573e-05,0.000104508516,0.00031170028,0.00032395875,0.00012017115,0.9978229,0.0005594773,1.9984795e-05,0.00017934434
syn-0153,2,1,1,4,5,0.113995396,0.0012310133,0.0015946061,0.0013706151,0.18323462,0.695584,0.0002598044,0.00037580467,0.0010457683,0.00017476542,0.00054359814,0.00059007015
syn-0162,2,1,1,9,9,0.0001351179,0.0009601752,0.0004008351,0.00022716555,0.00016750136,0.00017865286,0.00048634075,0.0007569463,0.00075972336,0.9949469,0.0003994674,0.0005812216
syn-0166,2,1,1,5,5,0.0003894663,0.00036533416,0.0002863343,0.00047024502,0.001689288,0.99595463,5.908843e-05,0.00010130113,0.0005085803,5.8172347e-05,4.566e-05,7.19737e-05
syn-0171,2,1,1,6,6,3.6288602e-05,0.00028682908,0.00020063046,0.00044511812,0.00028571088,4.4201974e-05,0.992816,0.00035818675,0.0041414797,0.000385594,0.00041368193,0.00058624055
syn-0181,2,1,1,10,10,0.0002372463,0.00016872642,0.00016099987,0.00017596249,0.0015174883,7.0542e-05,0.003725682,0.0003388455,0.0003694332,0.0006324288,0.99151516,0.0010875491
syn-0184,2,1,1,2,2,0.00032593156,8.07356e-05,0.9965733,0.00018808288,0.00021627075,0.00043623944,0.00019672455,0.0008033472,0.0004000227,0.00016810319,0.0002648511,0.00034644446
syn-0190,2,1,1,3,3,5.0330622e-05,0.0014744718,0.000106966945,0.9956905,0.00044293294,0.00048528044,0.00048813224,0.0003737161,6.8659574e-05,0.00015472673,7.394927e-05,0.00059023907
syn-0196,2,1,1,4,0,0.9924856,0.00010415273,0.0003519143,7.494517e-05,0.005719964,0.0003591181,4.299538e-05,0.000111086745,0.00010124447,4.23288e-05,0.00031769532,0.00028898253
syn-0201,2,1,1,0,0,0.9958164,0.00013603072,0.00064474175,0.00010128707,0.0013453164,0.00047444625,7.168315e-05,0.0002610563,0.00019908663,0.00010308325,0.00038188032,0.00046492898
syn-0204,2,1,1,1,1,7.64811e-05,0.9961499,5.9796665e-05,0.000722605,0.00076386373,0.00024329392,0.00026332046,0.0001896626,0.0002682519,0.0008599235,2.7430433e-05,0.00037553522
syn-0205,2,1,1,2,2,0.00039025722,8.1245074e-05,0.9960299,0.00019951863,0.00019489677,0.000491648,0.00016444041,0.0011713675,0.00039006674,0.00019932388,0.00023949314,0.00044786927
syn-0209,2,1,1,7,7,0.00012699241,0.0003010898,0.0011606236,0.00027121618,6.66594e-05,0.00020056903,0.0005649872,0.9954241,0.00019959208,0.00036567482,0.00046316005,0.0008554246
syn-0213,2,1,1,0,0,0.9959877,0.00010554596,0.00046802717,8.006023e-05,0.0018454429,0.00038381552,5.497083e-05,0.00016251774,0.00016833286,6.908367e-05,0.0003326516,0.00034170612
syn-0218,2,1,1,8,8,4.2224052e-05,0.0002071249,0.00019505147,6.222055e-05,0.00020242568,0.00029180784,0.0005043834,9.097348e-05,0.9977944,0.00040590233,2.5213134e-05,0.00017829148
syn-0223,2,1,1,6,6,3.0916657e-05,0.00021628733,0.00010377579,0.00028807728,0.00026422556,2.4648913e-05,0.9966497,0.00028583547,0.0004237803,0.00021004271,0.0011573102,0.00034545746
syn-0225,2,1,1,7,7,0.00011731069,0.0003312627,0.0008038289,0.00037063452,5.9916434e-05,0.00017118682,0.0008048107,0.9942537,0.00020269469,0.0005720912,0.00051608484,0.0017964821
syn-0232,2,1,1,8,8,4.1658797e-05,0.0001591496,0.00026226527,5.0152055e-05,0.00010943524,0.00040692397,0.00031465766,9.76193e-05,0.99798846,0.00040906554,1.5658235e-05,0.00014497813
syn-0243,2,1,1,10,10,0.00029132582,5.7351455e-05,0.00016972155,8.048456e-05,0.00030747612,6.9449816e-05,0.00038033177,0.00036908043,7.2996336e-05,0.00024134078,0.99736303,0.0005975429
syn-0251,2,1,1,10,10,0.00024045307,5.5490753e-05,0.00013814803,8.2895735e-05,0.00032849997,5.9824284e-05,0.0003744267,0.00026151963,7.294122e-05,0.00024905687,0.99758375,0.00055289414
syn-0253,2,1,1,3,3,7.7141456e-05,0.001107664,0.00015705221,0.99498665,0.0009628398,0.0011542514,0.00039773164,0.00038174848,8.2116654e-05,9.675706e-05,8.037125e-05,0.00051570934
syn-0257,2,1,1,4,4,0.004860688,0.00045722048,0.000102269056,0.00049776427,0.9918177,0.0013666756,0.00014938299,4.5028457e-05,0.00015855218,3.8364724e-05,0.00034445472,0.0001618373
syn-0260,2,1,1,11,11,0.0001720284,0.00028529364,0.00023559466,0.00046876477,0.00023239556,4.8522845e-05,0.0004719802,0.00080227753,0.00016399045,0.00039647802,0.002447771,0.9942749
syn-0273,2,1,1,0,0,0.99305797,0.00012267283,0.00038823875,9.619302e-05,0.004953071,0.0004042962,4.9034723e-05,0.00012219457,0.00011512798,4.9034723e-05,0.00029586168,0.0003462353
syn-0279,2,1,1,0,0,0.9960096,0.00010826253,0.0005763639,8.810281e-05,0.0015069754,0.00042093112,6.0139595e-05,0.00021635961,0.00017849472,7.8436824e-05,0.00036875962,0.0003875906
syn-0291,2,1,1,1,1,6.544645e-05,0.9965869,5.0277635e-05,0.0008038486,0.000855588,0.00025039236,0.00017075276,0.00014253,0.00018735217,0.0005322203,2.1082004e-05,0.00033350245
syn-0292,2,1,1,11,11,0.00016267392,0.00040360598,0.00028162487,0.0005535528,0.00020725196,5.8859085e-05,0.00040085637,0.00074543245,0.00024301298,0.00035496568,0.0006163278,0.99597186
syn-0293,2,1,1,0,8,0.0008930386,0.0010173952,0.00051282893,0.00018646127,0.005766751,0.0015658018,0.00076497614,0.00021545558,0.98701674,0.0013402823,0.00011069063,0.00060959446
syn-0302,2,1,1,10,10,0.00015930504,7.293517e-05,0.00013142523,0.00011689202,0.00045537163,5.1819887e-05,0.002311439,0.0002564401,7.02782e-05,0.00023716832,0.9955546,0.00058242923
syn-0318,2,1,1,11,11,0.0003416243,0.0011027768,0.0003446401,0.00046150503,0.00039667834,6.879785e-05,0.00051736605,0.0011100702,0.00029826115,0.0016956342,0.003730646,0.9899318
syn-0352,2,1,1,8,8,4.7765934e-05,0.00014087258,0.00029760902,5.4231718e-05,0.00012425892,0.00034281777,0.00036895328,9.3978924e-05,0.9980697,0.00029637635,1.9564852e-05,0.00014393187
syn-0356,2,1,1,8,8,5.1037914e-05,0.00013658454,0.00032205807,5.8458143e-05,0.00011831955,0.00044811692,0.00036126075,0.000109748755,0.99791974,0.0003102121,2.0945916e-05,0.00014355934
syn-0358,2,1,1,2,2,0.00040136362,9.1322676e-05,0.99382955,0.00020761558,0.00022273899,0.000522583,0.00022869011,0.0030479105,0.00043866457,0.00020419728,0.00029508123,0.0005103528
syn-0359,2,1,1,4,4,0.015018707,0.00147981,0.00028050263,0.00048183353,0.9756703,0.003329922,0.0002267147,0.000101195255,0.0025286367,0.00015280479,0.00027293654,0.00045663654
syn-0373,2,1,1,11,11,0.00021173348,0.0014972463,0.00025021497,0.000730056,0.0003396734,6.7872636e-05,0.0004340248,0.00073902245,0.0002689663,0.0009154719,0.0006079033,0.99393773
syn-0375,2,1,1,8,8,4.3395183e-05,0.00013537431,0.00034861447,5.3585893e-05,0.00010359257,0.00038670623,0.00034112125,0.000119117925,0.997809,0.00048649107,2.1735399e-05,0.00015131623
syn-0376,2,1,1,5,5,0.0004727075,0.00054169726,0.0005196749,0.00075520005,0.0012339177,0.995321,8.230485e-05,0.00020711652,0.000578608,0.000109462955,6.930762e-05,0.0001090362
syn-0378,2,1,1,2,2,0.00035015662,8.36174e-05,0.99648935,0.00019670797,0.00025085732,0.0005071171,0.00018406962,0.00079469674,0.0004086755,0.00016613073,0.00020735966,0.0003610954
syn-0386,2,1,1,10,10,0.00026009238,5.3359527e-05,0.00018210648,9.032548e-05,0.00035265146,7.4809366e-05,0.00043023552,0.00023508865,7.658342e-05,0.00019951713,0.9974826,0.0005627106
syn-0388,2,1,1,5,5,0.002218525,0.0096227275,0.010263366,0.012698342,0.0053323694,0.8070026,0.0017277888,0.13122594,0.012767509,0.002482205,0.0010541154,0.0036045397
syn-0391,2,1,1,0,0,0.99616337,0.00011526264,0.00055477547,8.133533e-05,0.0014889212,0.00039155022,5.864089e-05,0.00019741328,0.00016836255,7.15682e-05,0.00034327165,0.00036549996
syn-0397,2,1,1,1,1,7.021017e-05,0.9965354,5.3832006e-05,0.00075175,0.0009194344,0.00029545155,0.00016452385,0.00014980067,0.00019729424,0.00050257996,2.2309416e-05,0.00033741625
syn-0419,2,1,1,1,1,6.7517925e-05,0.996498,6.367546e-05,0.0006938618,0.00085906975,0.00026072527,0.00018068733,0.00017157324,0.00020137453,0.0005865502,2.493567e-05,0.00039196876
syn-0423,2,1,1,9,9,0.000112456226,0.0008502873,0.00041884693,0.0001989148,0.000142158,0.0001647452,0.00053833553,0.0006647557,0.0010238285,0.9949569,0.00030301278,0.00062570104
syn-0428,2,1,1,8,1,7.071908e-05,0.99594754,6.4390464e-05,0.0007248101,0.0012819996,0.000294989,0.00019930738,0.00018833224,0.00024064549,0.00056006416,2.5763271e-05,0.00040143417
syn-0435,2,1,1,10,10,0.0001746312,4.974037e-05,0.00013547268,9.050904e-05,0.00036170383,5.6143486e-05,0.00061535405,0.00020436403,7.014517e-05,0.00018698635,0.9975593,0.0004956595
syn-0450,2,1,1,10,10,0.0002246704,4.4587203e-05,0.00013156199,9.776857e-05,0.00038101265,6.411819e-05,0.0004608812,0.00020159001,6.538281e-05,0.00015351143,0.9975643,0.0006105683
syn-0458,2,1,1,6,6,2.8063456e-05,0.0001645185,0.00013665727,0.00026782334,0.0001871535,2.683069e-05,0.9974765,0.00035890305,0.00042558403,0.00016727255,0.0004915213,0.00026913427
syn-0463,2,1,1,11,11,0.00015507007,0.00031911666,0.0003413607,0.00058694533,0.0002050336,6.314537e-05,0.00033771334,0.0007538368,0.00025318275,0.00033870415,0.000693112,0.99595284
syn-0474,2,1,1,0,0,0.9958156,0.00012816385,0.0005031374,8.2345745e-05,0.0017936024,0.00037816886,5.954355e-05,0.00019409516,0.00018340704,0.00010248093,0.00035717,0.00040226392
syn-0476,2,1,1,7,5,0.0019230976,0.0026272796,0.007623195,0.0027871816,0.0026751764,0.93491966,0.0007915533,0.031372428,0.012546296,0.0012295787,0.0005355917,0.0009688847
syn-0480,2,1,1,1,1,7.739964e-05,0.9963689,5.596707e-05,0.00072049553,0.0010818561,0.00026132874,0.00017855912,0.00016530152,0.00018101712,0.00047366755,2.0349264e-05,0.00041516236
syn-0488,2,1,1,10,10,0.00018760836,6.108622e-05,0.00013618906,0.000117058844,0.00069739,5.0840456e-05,0.0018635805,0.00019000526,8.8274406e-05,0.00014986683,0.9960024,0.00045565987
syn-0491,2,1,1,10,10,0.00020770096,4.8308295e-05,0.00012396337,8.841976e-05,0.00038629962,5.4102726e-05,0.0005796744,0.00020023232,6.706942e-05,0.00016042052,0.99764234,0.00044150473
syn-0498,2,1,1,7,7,0.00018710994,0.00045904916,0.0017499685,0.0004358942,0.00012635789,0.00087924156,0.000697578,0.9923868,0.0010002108,0.00072749454,0.00051210634,0.00083815923
syn-0003,2,1,2,2,2,0.00026553235,6.923444e-05,0.9971871,0.00022968692,0.00012909457,0.00040677094,0.0003176455,0.00029291466,0.00035384038,0.00012721732,0.00031881084,0.00030221272
syn-0007,2,1,2,6,6,3.875324e-05,0.0005641471,0.00018852782,8.0611084e-05,9.5261756e-05,1.6154754e-05,0.99600863,0.00036714232,0.0018009717,0.00021933774,0.00032368567,0.00029674076
syn-0009,2,1,2,8,8,0.0068280753,0.00038035418,0.00035039868,0.00017211006,0.0006410295,0.00045656,0.0005665358,0.000108442495,0.9899014,0.00020538617,0.00011036557,0.00027936217
syn-0019,2,1,2,0,0,0.99157906,0.00050400256,0.00015651436,0.00047346656,0.0057371063,0.0008045094,4.6085184e-05,4.295611e-05,0.0002857732,3.2047214e-05,0.00014746301,0.00019101777
syn-0022,2,1,2,10,1,0.00034858947,0.82201993,0.0008216519,0.060721375,0.005107499,0.0007779244,0.011734612,0.0040800143,0.0016340498,0.07381843,0.0010653752,0.0178705
syn-0034,2,1,2,0,0,0.9157746,0.0009791699,0.00016932542,0.0009708387,0.07970752,0.0012481041,8.1084705e-05,5.594676e-05,0.00032415974,5.6165736e-05,0.00026328277,0.0003698407
syn-0058,2,1,2,9,9,8.27732e-05,0.0009792702,0.00055960834,0.00061012444,0.00049967406,0.00025371753,0.00078686565,0.0010250142,0.00061943,0.9931952,0.0006645514,0.0007238335
syn-0059,2,1,2,3,3,0.00029605237,0.0010082847,0.00029954212,0.99515474,0.00084275723,0.0007574742,0.00013124422,0.00013383276,9.508717e-05,0.00017834152,5.7899015e-05,0.001044835
syn-0061,2,1,2,4,4,0.0011414167,0.0014850581,0.0002581904,0.0013344514,0.8772583,0.00076631096,0.0014742209,0.00042986148,0.00022919122,0.0010525498,0.111313246,0.0032571552
syn-0065,2,1,2,11,11,0.0001520146,0.0001131885,0.00033824862,0.0008032367,0.00056867686,6.905574e-05,0.00050063187,0.0003343079,0.00014491174,0.00040900303,0.0009815891,0.9955851
syn-0067,2,1,2,5,5,0.0009188252,0.0005928761,0.00039024418,0.00050699007,0.00087889226,0.9959967,5.245401e-05,0.0002127946,0.00019299633,9.369219e-05,7.8130004e-05,8.5307714e-05
syn-0069,2,1,2,11,11,0.00021369864,9.43663e-05,0.0003509559,0.0011648734,0.00078100956,7.869215e-05,0.00030820892,0.00024097279,0.00014305077,0.0004736484,0.0007943746,0.99535614
syn-0071,2,1,2,6,6,2.8665596e-05,0.00032093062,0.00020650137,6.1280596e-05,6.717224e-05,1.3593665e-05,0.9972222,0.0005061907,0.0006265135,0.00017594136,0.00047471016,0.0002963778
syn-0097,2,1,2,10,10,0.00011063723,8.855293e-05,0.00023296439,7.1712355e-05,0.00045595513,8.375839e-05,0.0006416668,0.00037154963,0.00010671096,0.00027584273,0.99719536,0.00036525383
syn-0098,2,1,2,10,10,0.00012044025,0.00010342121,0.00021076085,7.219964e-05,0.0005453,0.000110846464,0.00040034458,0.0003689048,0.000101817815,0.00030293464,0.9971317,0.0005313911
syn-0102,2,1,2,1,1,0.00018934063,0.99737656,2.0132527e-05,0.00062363443,0.0005240962,0.00040933903,0.00036818546,0.000115628645,0.0001599086,0.00013571266,2.9064699e-05,4.8389844e-05
syn-0112,2,1,2,4,0,0.65585494,0.0019585786,0.00020708889,0.0012470776,0.33497795,0.0024085047,0.00022523233,0.0001280831,0.0015703079,0.000159402,0.0006372561,0.00062554097
syn-0125,2,1,2,9,9,6.3294e-05,0.0014100312,0.0003869662,0.0006192767,0.0005559298,0.00018458368,0.0009396846,0.0010548406,0.00038734428,0.99246466,0.0009502972,0.0009830995
syn-0127,2,1,2,11,11,0.00013073,0.00011879875,0.00033285414,0.0011724603,0.00051881745,6.0204275e-05,0.0005269876,0.00036735812,0.00013227099,0.00050828594,0.0009958136,0.99513537
syn-0137,2,1,2,8,8,0.00021002168,0.0001537302,0.0003600829,5.9849892e-05,5.6775523e-05,0.00021177228,0.0006004911,8.514696e-05,0.9980108,0.0001247379,3.5494537e-05,9.126019e-05
syn-0142,2,1,2,4,3,0.00030228146,0.004261407,0.00012761958,0.98290974,0.00873104,0.0009757765,0.00020836433,0.00016644731,5.5427146e-05,0.00027043463,9.410078e-05,0.0018972306
syn-0155,2,1,2,4,4,0.004545683,0.0026081367,0.00010270843,0.0009495758,0.9825533,0.00052261626,0.0010123,0.00020626462,0.0006523147,0.0003731324,0.0055099796,0.00096405856
syn-0159,2,1,2,11,11,0.00015154578,0.00010507526,0.00029526697,0.0011117444,0.0007631579,6.4105894e-05,0.00036000652,0.000282021,0.00011294969,0.0004131528,0.0009141612,0.9954268
syn-0164,2,1,2,8,8,0.00027068224,0.00015727202,0.0002668112,6.4010754e-05,7.721171e-05,0.00016131636,0.00080025464,7.168864e-05,0.9978397,0.00013419385,4.9657272e-05,0.000107093205
syn-0172,2,1,2,10,10,0.000106628795,8.501188e-05,0.00017926854,6.764514e-05,0.00058407953,8.4103565e-05,0.00044706467,0.00027082762,9.191978e-05,0.0002533034,0.9974011,0.0004290204
syn-0177,2,1,2,8,8,0.00015934363,0.00016838264,0.00034923016,5.698242e-05,6.0362014e-05,0.00015626165,0.0009619041,8.339616e-05,0.99774265,0.00012642103,3.7042977e-05,9.8072946e-05
syn-0179,2,1,2,1,1,0.00021569383,0.99731785,2.4141167e-05,0.0005518366,0.00047667208,0.0004516347,0.00043613923,0.00011584788,0.00019880352,0.00012686178,3.087702e-05,5.3559517e-05
syn-0188,2,1,2,10,10,0.00010745023,9.879464e-05,0.00021484111,6.7043926e-05,0.00043277425,8.4421044e-05,0.0007028908,0.00034533264,0.00010682247,0.0002465572,0.9972631,0.00033000176
syn-0193,2,1,2,11,11,0.00015742864,0.00010405397,0.00035442464,0.00077508023,0.00050967693,6.524262e-05,0.00047391272,0.00035511755,0.00015051314,0.00045110795,0.0011779672,0.9954254
syn-0194,2,1,2,1,1,0.0002840215,0.99614453,3.3739827e-05,0.00046191373,0.0004613502,0.00045320074,0.00095219206,0.00013554502,0.00076439604,0.0002072879,3.655277e-05,6.528976e-05
syn-0200,2,1,2,5,5,0.000797694,0.0074291774,0.0007150483,0.0024372058,0.0022854938,0.982579,0.00015784412,0.002388316,0.00034780672,0.00050902966,0.00013214152,0.00022129541
syn-0202,2,1,2,10,10,0.00013439004,6.5881366e-05,0.00022715864,7.144374e-05,0.0004305455,0.00010253852,0.00040673758,0.00031653562,0.00012661816,0.0002599305,0.99734867,0.00050939026
syn-0207,2,1,2,0,0,0.9947249,0.0002372022,0.00015232888,0.0002970827,0.003135224,0.00066956796,3.9776187e-05,4.1685085e-05,0.0003681042,2.302069e-05,0.00013721509,0.00017379524
syn-0219,2,1,2,0,0,0.9959544,0.00025516885,0.00018271749,0.00027983796,0.0015509346,0.00077833724,4.3314525e-05,4.3314525e-05,0.0005817036,2.4922068e-05,0.000121835,0.00018343261
syn-0222,2,1,2,8,8,0.00026243032,0.00015322381,0.00030117182,5.557534e-05,5.8015386e-05,0.00019578496,0.00053167925,7.456602e-05,0.9981292,0.000117079915,3.494839e-05,8.632931e-05
syn-0224,2,1,2,8,8,0.00035889304,0.00017479311,0.00021870507,5.967397e-05,7.729931e-05,0.00017479311,0.0006254712,6.0259583e-05,0.99799675,0.00011856003,4.190396e-05,9.2786606e-05
syn-0228,2,1,2,6,6,0.000101141915,0.012096899,0.00034551646,0.0033713058,0.0012012693,8.4837986e-05,0.96945894,0.0027316667,0.0011631737,0.0022840654,0.0015575972,0.005603648
syn-0230,2,1,2,9,9,8.58154e-05,0.0006319312,0.00051400735,0.0005249136,0.00047677386,0.00020930657,0.0006812817,0.00086733996,0.00046504772,0.99412715,0.0006032875,0.0008132006
syn-0239,2,1,2,6,6,2.978659e-05,0.0005257931,0.00013759735,6.9662885e-05,0.00012812966,1.3906265e-05,0.99652255,0.00053030526,0.00043600425,0.00018104503,0.0010623907,0.0003628749
syn-0242,2,1,2,0,0,0.9959298,0.00024383471,0.00016203287,0.00026714703,0.0015768586,0.00072760065,4.1168856e-05,4.289253e-05,0.0007254721,2.439174e-05,0.000106679654,0.00015206722
syn-0244,2,1,2,3,3,0.00022100088,0.0016684514,0.000254619,0.9947792,0.0007340713,0.00057295285,0.00014241047,0.00013775965,8.877076e-05,0.0003131867,5.2492313e-05,0.0010350643
syn-0247,2,1,2,3,11,0.0019169968,0.009364646,0.00085984945,0.12368672,0.40793645,0.0007156302,0.007312805,0.0011868083,0.0003906042,0.0025396082,0.020730771,0.4233591
syn-0248,2,1,2,6,6,2.9109562e-05,0.0003866394,0.0001617271,6.0315087e-05,8.7672284e-05,1.4494962e-05,0.996967,0.0005120265,0.0005241368,0.00016459511,0.0008364954,0.00025580273
syn-0249,2,1,2,8,8,0.0004229444,0.0004372232,0.00036889865,9.0314265e-05,0.00019344903,0.0004823106,0.00096153386,0.00022860745,0.9963851,0.00021080881,8.534098e-05,0.00013347581
syn-0254,2,1,2,7,4,0.004609522,0.17095587,0.0008057221,0.007795252,0.7030781,0.0022421184,0.043224413,0.00603548,0.008507237,0.015110351,0.029671434,0.00796454
syn-0255,2,1,2,2,2,0.00024119414,7.060399e-05,0.9972439,0.0002554992,0.00012057149,0.00040338215,0.0003049724,0.00029958526,0.00032495862,0.00013359086,0.00028586626,0.0003158848
syn-0259,2,1,2,4,4,0.0038217446,0.0026062033,4.5437308e-05,0.0012933179,0.9891633,0.00074269006,0.00041377312,9.770555e-05,0.00020928086,0.00023507111,0.00091174187,0.00045979768
syn-0264,2,1,2,0,0,0.9947429,0.00022590235,0.00021714212,0.00030073687,0.0026660801,0.0007103322,4.9794067e-05,5.7536938e-05,0.00059126306,3.5586214e-05,0.00015778227,0.00024497535
syn-0274,2,1,2,9,9,6.05178e-05,0.00056362146,0.00036963198,0.00046430202,0.00046475563,0.00017926676,0.0005393893,0.00087008154,0.00029962955,0.9944735,0.0006668704,0.0010484464
syn-0276,2,1,2,6,10,9.256144e-05,9.662537e-05,0.00024374784,6.2752646e-05,0.00041686205,6.499802e-05,0.0022142683,0.0004393277,0.0001140751,0.0002360179,0.99557495,0.00044374735
syn-0278,2,1,2,9,9,5.9362195e-05,0.0005830807,0.00041548992,0.00059284153,0.00039957277,0.00015762521,0.0005648653,0.00071772706,0.00030831393,0.99472356,0.0005856487,0.00089191826
syn-0283,2,1,2,7,7,4.5189467e-05,0.00048606982,0.00068731164,0.00017733693,0.00012898448,0.00051414466,0.00071783864,0.9953642,0.0002613203,0.00048797225,0.0005169136,0.00061265234
syn-0285,2,1,2,11,11,0.00016419098,0.00010026995,0.00029964326,0.0008380142,0.0007848427,6.105484e-05,0.00041907164,0.00027149936,0.00011907351,0.00045846577,0.0009930428,0.99549073
syn-0288,2,1,2,9,9,5.5635923e-05,0.0006385875,0.0004548207,0.0006240993,0.00035891542,0.00016674826,0.0006620834,0.0008460943,0.00037835058,0.99435014,0.00057832594,0.0008861582
syn-0294,2,1,2,1,1,0.00017976738,0.9972506,2.289954e-05,0.0006837561,0.00049279165,0.0005177668,0.00033980855,0.00014068827,0.00014932377,0.00014137688,2.8722458e-05,5.2520045e-05
syn-0301,2,1,2,3,3,0.00016199515,0.0029010274,0.0002723526,0.9927851,0.00063077005,0.0005115619,0.00023046647,0.00022120499,0.00010582482,0.00050708547,6.661264e-05,0.0016060157
syn-0305,2,1,2,1,1,0.00018786915,0.997387,2.0132738e-05,0.00067456363,0.0005676582,0.00039423874,0.0003429389,0.000113393355,0.00012502568,0.00010904933,2.9178758e-05,4.896076e-05
syn-0308,2,1,2,3,3,0.00025403438,0.0011153928,0.00030642396,0.9954072,0.00070329773,0.00061267876,0.00013373606,0.00012575614,8.779193e-05,0.00018101909,5.090941e-05,0.0010216383
syn-0313,2,1,2,11,11,0.0012914956,0.0028319266,0.00078639755,0.008368321,0.2883007,0.0008161285,0.003379457,0.0023987351,0.00044458883,0.004140597,0.15281658,0.5344251
syn-0324,2,1,2,7,7,4.4687837e-05,0.00043744515,0.0005104273,0.00012930854,0.00013711158,0.00029599018,0.0011990839,0.9939746,0.00022495768,0.00086329883,0.0012051003,0.0009778279
syn-0333,2,1,2,5,5,0.0013324302,0.0008003594,0.00024372224,0.0005327283,0.0025446094,0.99401325,4.255988e-05,0.00013020057,0.00013792269,7.827961e-05,6.90815e-05,7.484095e-05
syn-0335,2,1,2,3,11,0.0001780469,0.00011383857,0.00032588327,0.0030499096,0.000742502,7.5981094e-05,0.00033557182,0.00027442118,0.000113616436,0.00057362096,0.00070591044,0.99351066
syn-0338,2,1,2,8,8,0.006057608,0.0005951168,0.00032833396,0.00016349224,0.00062246015,0.00047493208,0.0007893647,0.00011127448,0.9902868,0.00022588087,0.00011324776,0.00023146342
syn-0383,2,1,2,2,2,0.00027086673,8.309514e-05,0.99705815,0.00023799087,0.00013136688,0.0004412731,0.00032648843,0.00031970488,0.00038856742,0.00014245822,0.00030499007,0.00029502972
syn-0385,2,1,2,5,4,0.008520557,0.0017921206,0.00042297255,0.0032206436,0.6976762,0.28632572,0.00017597713,0.00028011433,0.00021986428,0.0003011063,0.00049161597,0.0005730759
syn-0392,2,1,2,1,1,0.00016627305,0.997343,2.3536517e-05,0.00069603085,0.00048165585,0.0004020948,0.00041243495,0.000121055426,0.00014194337,0.00012962011,2.7950307e-05,5.4404332e-05
syn-0396,2,1,2,3,3,0.00021402891,0.003377531,0.00052227854,0.9920387,0.00062845193,0.0011864936,0.00019621229,0.00026019302,0.00011478539,0.00030479115,5.4326785e-05,0.0011022947
syn-0402,2,1,2,1,1,0.0001980346,0.9973488,2.3217055e-05,0.0006299291,0.00053880695,0.0003743385,0.00039077396,0.000119528995,0.00013771144,0.00015273069,3.29337e-05,5.3040676e-05
syn-0405,2,1,2,8,8,0.0002461456,0.00016253348,0.00031966565,6.19322e-05,7.086707e-05,0.00021490174,0.0005635704,7.936736e-05,0.9980317,0.00011996177,3.756378e-05,9.179841e-05
syn-0406,2,1,2,4,4,0.00092880934,0.00030662547,5.6997644e-05,0.0019088197,0.9931479,0.00045404906,8.725119e-05,5.8463378e-05,3.3902157e-05,0.0001900166,0.00073465897,0.0020923377
syn-0409,2,1,2,10,1,0.0006551785,0.68158305,0.0007659813,0.004140856,0.012456229,0.0005336978,0.25618568,0.007306567,0.003020652,0.013156399,0.015283133,0.004912588
syn-0414,2,1,2,5,4,0.0023930194,0.00044570048,0.0001207815,0.0011059508,0.984454,0.010114421,8.5646905e-05,9.9741e-05,7.8594014e-05,0.00018131449,0.00037531738,0.0005455506
syn-0420,2,1,2,2,2,0.00023784958,8.784244e-05,0.9969529,0.00022180848,0.0001225541,0.00038082563,0.00041510156,0.00036883864,0.000386068,0.0001647536,0.00037666468,0.0002848077
syn-0426,2,1,2,10,10,0.00011655656,6.872111e-05,0.00023430386,7.3871124e-05,0.00047888604,0.000101266094,0.00038999753,0.00045846484,0.00011564951,0.0003302601,0.9965829,0.0010490521
syn-0432,2,1,2,6,6,3.0385232e-05,0.00050214474,0.00013237468,7.346206e-05,0.000100803736,1.4924723e-05,0.99688846,0.00046554313,0.0008075347,0.0002178231,0.0004529859,0.00031354444
syn-0433,2,1,2,5,5,0.0005856238,0.0014587963,0.00089253375,0.0006671726,0.001359872,0.9917714,0.00012002699,0.0020818,0.00035415968,0.0003212089,0.00019635106,0.00019105483
syn-0443,2,1,2,7,7,4.4575918e-05,0.00048040773,0.00068932935,0.00014138555,0.00012936315,0.0005076595,0.0007851275,0.99536586,0.0002623435,0.0005770822,0.0004901222,0.0005265951
syn-0452,2,1,2,10,10,9.8509365e-05,8.008755e-05,0.0001972531,6.645978e-05,0.00043741148,6.724319e-05,0.0006871375,0.00030187852,8.684936e-05,0.00025204426,0.99730104,0.0004241349
syn-0460,2,1,2,8,8,0.00018794493,0.00017365099,0.0003944459,6.46988e-05,6.375797e-05,0.00019987105,0.0007744589,9.150764e-05,0.99778926,0.00012630352,3.6257316e-05,9.788616e-05
syn-0464,2,1,2,4,0,0.6576543,0.0010822167,0.00021466763,0.0014677035,0.33589697,0.0018072906,0.00012918925,9.60053e-05,0.0002888669,0.000100416386,0.0005460359,0.00071635016
syn-0465,2,1,2,7,7,0.000120651006,0.0017916639,0.0014025215,0.0004942583,0.00058465794,0.0049529853,0.0009046522,0.9853129,0.00055030914,0.0016724627,0.0011413561,0.0010716814
syn-0471,2,1,2,5,5,0.001220442,0.0010929293,0.0004648135,0.0013337015,0.010861758,0.9834901,9.054927e-05,0.00048569537,0.00022542861,0.00025769908,0.00016047846,0.0003163568
syn-0473,2,1,2,10,10,0.00010832257,7.636345e-05,0.00025136612,6.7062254e-05,0.0003080554,9.2201895e-05,0.0005305205,0.00033726054,0.00011143415,0.00023213532,0.9975357,0.0003495842
syn-0478,2,1,2,2,10,0.0007718976,0.004723831,0.05268028,0.0048217066,0.005410612,0.0012002176,0.061020743,0.048130166,0.0014086885,0.013552556,0.41416022,0.39211902
syn-0495,2,1,2,2,2,0.00022933079,8.0936225e-05,0.9971004,0.0002989577,0.00011938258,0.00039172723,0.00034798437,0.00030965486,0.00036087603,0.00016623261,0.0002789315,0.00031545406
syn-0005,2,1,3,11,11,0.00041929656,0.00034608485,0.0002709827,0.0005920252,0.00022323104,0.00016524448,9.415346e-05,0.00032038888,3.6584093e-05,6.198902e-05,0.00047177324,0.9969982
syn-0006,2,1,3,7,7,0.00031406467,0.005191483,0.035012696,0.04006393,0.00041283018,0.0021274616,0.0027747331,0.7066911,0.0018304081,0.19700909,0.0017880066,0.0067842077
syn-0008,2,1,3,8,8,4.7184818e-05,0.00018185201,0.00016237558,4.2669577e-05,0.00016103331,0.00016245487,0.00028983701,7.2796356e-05,0.99852365,0.00026836645,4.74621e-05,4.0398743e-05
syn-0014,2,1,3,0,0,0.9969721,8.6482236e-05,0.00021922855,6.807984e-05,0.0011414071,0.00027363483,0.00010140462,8.7672735e-05,0.00014812032,3.2857024e-05,0.00024975635,0.00061928586
syn-0020,2,1,3,6,6,6.586785e-05,0.0005628973,6.997915e-05,0.00012746052,0.00012126788,2.6047352e-05,0.9971439,0.00028071992,0.00066686777,0.00042161634,0.0004024073,0.00011095612
syn-0029,2,1,3,2,2,0.00020919713,6.299665e-05,0.99749607,0.00049997284,0.0001397642,0.00042866863,6.117783e-05,0.00021998733,0.00020899292,0.00020206894,0.000226417,0.00024469566
syn-0032,2,1,3,4,6,0.00038353467,0.0019030947,0.00016886803,0.0004375828,0.0032376682,9.849985e-05,0.8904035,0.0011223281,0.0012188707,0.00062132353,0.0999005,0.00050414685
syn-0033,2,1,3,5,5,0.00029812948,0.0003784384,0.00034940065,0.00039169253,0.001039051,0.9967687,5.490659e-05,8.487505e-05,0.0003504258,0.00012349247,5.577125e-05,0.00010521691
syn-0041,2,1,3,10,9,0.0015298583,0.12798755,0.0031636853,0.0044138418,0.03602571,0.0027594154,0.09236619,0.011342912,0.017372051,0.49689475,0.19592153,0.01022248
syn-0044,2,1,3,2,2,0.00021735224,8.433036e-05,0.997165,0.0005489975,0.00013048593,0.00042405116,7.493176e-05,0.00026682616,0.00024749787,0.00030816655,0.00025090488,0.00028141204
syn-0046,2,1,3,8,8,5.3142136e-05,0.0002983997,0.00015927406,4.479389e-05,0.00018748753,0.00023236558,0.00026754907,5.1557447e-05,0.99828136,0.00034707002,3.3418273e-05,4.3670858e-05
syn-0050,2,1,3,4,3,0.0036905475,0.009057026,0.0021172345,0.79615843,0.057057302,0.004011924,0.0013223462,0.0012301572,0.000563207,0.00029970176,0.00095804734,0.12353406
syn-0053,2,1,3,10,10,0.00014869917,7.469766e-05,0.00011513046,5.682698e-05,0.0002728993,4.729561e-05,0.0006402676,0.00022191976,0.00011246346,7.0240516e-05,0.99794024,0.00029928255
syn-0054,2,1,3,5,5,0.00038932616,0.00023892177,0.00028833543,0.0003326833,0.001587143,0.99656904,4.7230624e-05,6.064532e-05,0.00025720327,7.848088e-05,4.5866986e-05,0.00010499058
syn-0057,2,1,3,8,8,4.2659773e-05,0.0002453103,0.00015198233,5.0314608e-05,0.00017587269,0.00015242824,0.00040287152,7.0816524e-05,0.9982942,0.0003027699,6.904108e-05,4.175303e-05
syn-0072,2,1,3,0,0,0.99620336,0.00013542072,0.0004056758,0.00010744091,0.000840664,0.00039089733,0.00016640774,0.00017559004,0.00021746093,6.157774e-05,0.00037757796,0.0009178947
syn-0073,2,1,3,11,10,0.0016932173,0.0023959945,0.0008480838,0.001236367,0.0025319105,0.0003144396,0.009938397,0.0019356041,0.00048511487,0.00039132638,0.53199303,0.44623655
syn-0074,2,1,3,5,5,0.000326988,0.008777637,0.0004037763,0.0024386523,0.0025488315,0.9833423,0.00012618827,0.00018217404,0.00070382166,0.00086149864,7.175962e-05,0.00021633702
syn-0091,2,1,3,4,4,0.0013016305,0.0058850003,7.393668e-05,0.0041751284,0.9839228,0.0024739834,0.0004765107,0.00014476097,0.0003082599,0.000112739974,0.00034388882,0.000781425
syn-0093,2,1,3,5,5,0.00023291474,0.00061787193,0.0002603431,0.00042755986,0.001188048,0.99649614,5.4891578e-05,6.256583e-05,0.00039005876,0.00012712918,5.237791e-05,9.014808e-05
syn-0101,2,1,3,3,3,5.611355e-05,0.0004617591,0.0005913203,0.99702746,0.00024043636,0.00028164816,0.00018131374,0.00055427477,4.9520037e-05,0.000104425206,5.6443303e-05,0.0003954459
syn-0111,2,1,3,3,3,5.836606e-05,0.00048905105,0.00043053366,0.9973213,0.00026621725,0.00027547372,0.00020692564,0.00040405418,5.0020735e-05,9.60416e-05,4.9149145e-05,0.00035285277
syn-0113,2,1,3,11,11,0.0009157862,0.0005335868,0.00020956867,0.00040632804,0.00082805107,0.00011011186,0.00032206034,0.00022859812,8.813242e-05,5.191167e-05,0.0028761043,0.9934297
syn-0122,2,1,3,3,3,6.322576e-05,0.0004382313,0.00046912165,0.99722064,0.00031580034,0.0003873047,0.00018348655,0.000351785,5.1002156e-05,8.246193e-05,5.130188e-05,0.0003856064
syn-0133,2,1,3,2,2,0.00023213582,8.1248945e-05,0.99705076,0.00035009737,0.00012571801,0.00051212416,6.175061e-05,0.00036950578,0.00022172196,0.0004131202,0.00028110517,0.00030069958
syn-0140,2,1,3,11,11,0.0003584225,0.0003756235,0.00027440977,0.0021679061,0.00025854044,0.00013452256,0.00012811186,0.00038528294,3.76118e-05,5.8368183e-05,0.00040953123,0.9954116
syn-0141,2,1,3,2,2,0.00023151588,7.435912e-05,0.99730563,0.0005195682,0.00015665148,0.00046226868,7.34928e-05,0.0002185536,0.00027093396,0.00025352664,0.00020813839,0.00022538117
syn-0146,2,1,3,10,10,0.00020118419,8.703673e-05,0.0001467589,8.9100744e-05,0.0003302422,5.6525372e-05,0.0008607758,0.00029257836,9.148133e-05,6.95274e-05,0.9945844,0.0031903717
syn-0154,2,1,3,1,1,7.125171e-05,0.99758613,2.8900966e-05,0.0003615811,0.00047549067,0.00021936357,0.0003783329,6.430772e-05,0.00023305567,0.00036826282,3.754701e-05,0.00017574795
syn-0178,2,1,3,9,9,3.385668e-05,0.0016028814,0.0004213132,0.00022055778,0.00011690879,0.00024199889,0.0004322531,0.0005247169,0.0004745054,0.9956975,7.237797e-05,0.00016104867
syn-0187,2,1,3,3,3,6.996068e-05,0.0005036141,0.00053491775,0.99688077,0.00031832408,0.00058015174,0.00019487287,0.00041274735,6.741207e-05,9.8467855e-05,5.2193845e-05,0.00028660058
syn-0189,2,1,3,10,10,0.00015685023,0.0001810632,9.3934344e-05,9.476358e-05,0.0007987908,4.6139005e-05,0.0027829534,0.00026024907,0.00010458687,8.569541e-05,0.9946779,0.0007171467
syn-0191,2,1,3,4,4,0.0016138734,0.012957114,0.00012902745,0.010290037,0.96317846,0.0015688092,0.0023027542,0.00032185068,0.0005561081,0.000301172,0.0034967377,0.0032840795
syn-0192,2,1,3,5,5,0.00019311412,0.00057914207,0.00035571188,0.00056510506,0.00090457994,0.99660456,4.7976107e-05,9.805679e-05,0.00033743965,0.0001430904,5.3001095e-05,0.00011816361
syn-0211,2,1,3,0,0,0.99661875,0.00011176746,0.00030485567,0.000104178725,0.00093216915,0.00034376408,0.00013079707,0.00012876924,0.00019105346,4.6591613e-05,0.00027568324,0.00081166404
syn-0215,2,1,3,10,10,0.00017455158,6.541653e-05,9.839382e-05,4.7209873e-05,0.00027988764,4.3069118e-05,0.00048301247,0.00023271579,0.0001004325,6.1393155e-05,0.9980787,0.00033514525
syn-0217,2,1,3,6,6,5.5765206e-05,0.0013385909,4.292401e-05,0.00014577838,0.0001659971,2.4031206e-05,0.9966607,0.0002241383,0.00057426427,0.000318876,0.00034596768,0.000102969345
syn-0233,2,1,3,8,8,5.161951e-05,0.00015305752,0.0001936246,4.820874e-05,0.00013976934,0.00021432289,0.0002649767,7.173662e-05,0.99850744,0.000274324,3.4018605e-05,4.6816866e-05
syn-0267,2,1,3,4,4,0.00090428954,0.0003576874,6.0509712e-05,0.00031922295,0.9962846,0.0009982728,0.00013986736,7.032973e-05,0.00018064864,4.6941288e-05,0.00034736027,0.00029023035
syn-0269,2,1,3,10,10,0.00013212113,6.741501e-05,0.0001001206,5.2451614e-05,0.0002609642,4.0929222e-05,0.00068520306,0.00018469026,9.259641e-05,5.8172147e-05,0.99789834,0.00042692196
syn-0275,2,1,3,0,0,0.9962888,0.000121995,0.0003523154,9.70731e-05,0.0009205543,0.00036474364,0.00014947138,0.0001539152,0.0001876623,5.4987446e-05,0.00036688708,0.00094169466
syn-0282,2,1,3,7,7,7.2409544e-05,0.000203276,0.0003964434,0.0006256757,9.630251e-05,0.00018708383,0.00028057196,0.9961319,0.00014988631,0.0006811572,0.0005352994,0.0006400442
syn-0284,2,1,3,0,0,0.9960879,7.875e-05,0.0001896508,5.8981026e-05,0.002149346,0.0002855349,8.539888e-05,7.11447e-05,0.00018580108,2.9484256e-05,0.00022543596,0.00055248645
syn-0295,2,1,3,10,10,0.00017276102,9.8148295e-05,0.00010235752,8.0813465e-05,0.00086417265,5.900903e-05,0.0012506285,0.00021374847,0.00013402187,7.117848e-05,0.9965609,0.0003921849
syn-0297,2,1,3,11,11,0.00030878792,0.00030134045,0.00025474725,0.0006668006,0.00020469516,0.00012574012,9.547138e-05,0.00025153355,3.3513606e-05,4.6893965e-05,0.00048437045,0.99722606
syn-0299,2,1,3,1,1,5.4100798e-05,0.99760675,3.1311138e-05,0.00032034973,0.00028236274,0.00018956939,0.00036415772,6.437189e-05,0.00019895824,0.00072386063,2.6677424e-05,0.00013747829
syn-0303,2,1,3,7,7,8.889847e-05,0.00019078876,0.0010770723,0.0009538838,0.00012833995,0.0005216654,0.00022392768,0.99426657,0.00022349074,0.0009073181,0.00064890605,0.0007690915
syn-0306,2,1,3,5,5,0.00019784198,0.00039654164,0.0005392364,0.00070064055,0.0007851114,0.9963787,5.2576714e-05,0.00016643704,0.00044367212,0.00016163167,5.115855e-05,0.00012649503
syn-0307,2,1,3,3,3,6.4302025e-05,0.0009161749,0.0006725418,0.99652404,0.00025958882,0.00026887728,0.00020039889,0.00032337912,4.7972233e-05,0.00014504841,4.44538e-05,0.0005331621
syn-0310,2,1,3,10,10,0.0001678132,6.526889e-05,0.000117381525,5.4215598e-05,0.00032664274,5.4854674e-05,0.00040320228,0.00024404755,0.00011522362,6.326078e-05,0.997773,0.00061503524
syn-0325,2,1,3,4,3,0.000116502815,0.0010329422,0.00086653914,0.99515104,0.0004240739,0.00046439152,0.00017540458,0.0003834931,7.1216746e-05,0.00015877464,6.956701e-05,0.0010859552
syn-0327,2,1,3,1,1,5.3793752e-05,0.9977743,2.5810526e-05,0.0003695934,0.00038141862,0.00019371875,0.00036461925,5.4215667e-05,0.0002066157,0.00042725337,2.5212628e-05,0.0001234964
syn-0329,2,1,3,8,8,2.8272585e-05,0.0005252581,0.00021659417,6.290951e-05,0.00011741571,0.00017868825,0.00043116324,0.00010321503,0.99708945,0.001139314,4.3703993e-05,6.402511e-05
syn-0336,2,1,3,0,0,0.9969463,9.424055e-05,0.00024623828,7.63929e-05,0.0010246241,0.00028039035,0.000115015784,9.953786e-05,0.00016172374,3.7596288e-05,0.000255423,0.0006625168
syn-0343,2,1,3,8,8,2.9420684e-05,0.00042420463,0.00014201272,5.475078e-05,0.0001780369,0.00016226283,0.00045016006,8.843641e-05,0.99783033,0.00053923164,5.5939796e-05,4.5213037e-05
syn-0345,2,1,3,7,7,9.461009e-05,0.00024563968,0.0007409029,0.0009882697,0.0001112604,0.00031633297,0.00026873063,0.99403703,0.0001471085,0.0007858041,0.0007028442,0.0015614233
syn-0346,2,1,3,6,6,7.478279e-05,0.0006335729,6.58668e-05,0.00015647073,0.00015739026,2.8551149e-05,0.9971282,0.00030830564,0.00060881325,0.00033877286,0.00037627126,0.00012293528
syn-0348,2,1,3,9,9,3.3152333e-05,0.00084773503,0.000691479,0.00018044913,8.030875e-05,0.00022217308,0.00040102866,0.0006026036,0.00056340505,0.99615675,7.170765e-05,0.00014915997
syn-0366,2,1,3,9,9,4.3033673e-05,0.0010587707,0.0009847167,0.00025851448,8.5082684e-05,0.00029682278,0.00038599738,0.0007374738,0.00055698026,0.99531156,8.039749e-05,0.0002007423
syn-0368,2,1,3,9,9,2.9314715e-05,0.0009691124,0.00061983336,0.00022457783,8.3346895e-05,0.00022152833,0.00040006015,0.00049952656,0.0005672829,0.99618006,6.109711e-05,0.00014429208
syn-0369,2,1,3,6,6,7.011633e-05,0.0006219102,6.1037215e-05,0.00014191578,0.00014872645,2.7781613e-05,0.99714917,0.00030382874,0.00061138615,0.00033141728,0.00041014593,0.00012257823
syn-0372,2,1,3,1,1,0.00010000235,0.98318547,5.9947844e-05,0.010280521,0.0010031073,0.0004985176,0.0013338581,0.00016911591,0.00023849164,0.002794118,3.544862e-05,0.0003014817
syn-0382,2,1,3,0,0,0.99687517,9.779649e-05,0.00027778125,8.348656e-05,0.0009378884,0.00030138151,0.000119588956,0.00011179622,0.00016538553,3.9940096e-05,0.0002696295,0.00072007015
syn-0399,2,1,3,8,8,4.897057e-05,0.0001706739,0.0001540405,4.604854e-05,0.00015091365,0.00018781507,0.000295673,6.468568e-05,0.99856156,0.00023620635,4.047926e-05,4.292196e-05
syn-0401,2,1,3,11,11,0.06437345,0.03232162,0.0011461184,0.01377803,0.18428051,0.006915354,0.0009726981,0.0005403317,0.0006267957,0.00040311198,0.0018859426,0.692756
syn-0407,2,1,3,6,6,0.00014199642,0.01926332,0.00014650388,0.002982388,0.00049272075,9.132236e-05,0.9727021,0.00056822674,0.0011837082,0.0015677757,0.0004255822,0.00043440008
syn-0408,2,1,3,4,4,0.0029028764,0.0024618353,8.6765016e-05,0.0010908337,0.9895448,0.0017982613,0.00035233083,7.838566e-05,0.0007422513,0.00015680458,0.00018951221,0.0005952519
syn-0411,2,1,3,2,2,0.00023745676,7.86114e-05,0.99725217,0.0004369098,0.00013437704,0.00046122936,6.4980486e-05,0.00026322596,0.00021358363,0.00039274452,0.00020350459,0.00026117754
syn-0413,2,1,3,9,9,2.791502e-05,0.0011498957,0.0005888168,0.00020546149,8.5816544e-05,0.00021532178,0.00038235608,0.000566467,0.0004951681,0.99608386,5.829364e-05,0.00014066095
syn-0416,2,1,3,2,2,0.00019628431,6.8166075e-05,0.99726045,0.00066743436,0.00013411595,0.0004327467,6.890227e-05,0.00021811729,0.00024131595,0.000199278,0.00023641749,0.00027667012
syn-0417,2,1,3,7,7,0.00011645145,0.00049654284,0.0008973686,0.002227389,0.00026656003,0.00029161756,0.000709877,0.97929066,0.0001424009,0.00057768973,0.006617768,0.008365643
syn-0422,2,1,3,1,1,5.9885813e-05,0.997635,3.131202e-05,0.000527989,0.00034846857,0.0001862715,0.00040917032,6.03555e-05,0.00018482191,0.00033004425,3.168112e-05,0.00019502032
syn-0425,2,1,3,5,5,0.00030937107,0.00032948464,0.00029362264,0.0005641101,0.0031783942,0.9947285,4.2424457e-05,5.9362494e-05,0.00018320684,5.7648587e-05,5.5874927e-05,0.00019790046
syn-0430,2,1,3,1,3,0.00017845197,0.14599837,0.0009441973,0.84345096,0.0013173047,0.0010209207,0.0016692996,0.0007683769,0.0003379816,0.0019717235,0.00012878544,0.0022136234
syn-0431,2,1,3,3,3,6.534954e-05,0.00056260754,0.0005217262,0.9970566,0.0003330086,0.00036950794,0.00019395785,0.00039972845,6.5477296e-05,9.379189e-05,5.460158e-05,0.00028372687
syn-0436,2,1,3,6,6,6.86326e-05,0.0005469345,6.37232e-05,0.00012685254,0.00013742846,2.6408592e-05,0.9972452,0.00028129728,0.0006436209,0.00037066216,0.00038401876,0.00010526721
syn-0437,2,1,3,3,3,9.032122e-05,0.0004874382,0.00042235784,0.9964619,0.00038587785,0.00042277048,0.000221591,0.00034522376,4.901098e-05,5.9582195e-05,7.90879e-05,0.0009748453
syn-0445,2,1,3,6,6,8.083145e-05,0.00063284626,7.3597876e-05,0.0001561113,0.00015369103,3.098124e-05,0.99678266,0.00031751665,0.00086594914,0.00040059545,0.00037485745,0.00013043589
syn-0449,2,1,3,11,11,0.00036282264,0.00040992914,0.0008307121,0.009569872,0.0003537263,0.0002696269,0.00015483369,0.00064114144,5.5207656e-05,8.839406e-05,0.0005677425,0.986696
syn-0451,2,1,3,8,8,5.0056e-05,0.00025204246,0.00019884725,5.778314e-05,0.00015448478,0.0003834314,0.0003502468,6.8218294e-05,0.99802446,0.00037526435,3.0838604e-05,5.4441505e-05
syn-0469,2,1,3,9,9,3.480541e-05,0.0011386125,0.00052384636,0.00022235273,0.00012100919,0.00025843797,0.0003877719,0.0005269248,0.00056703563,0.995989,7.169558e-05,0.00015844345
syn-0472,2,1,3,8,8,3.7723872e-05,0.0002867508,0.00012195266,4.0078496e-05,0.00015960084,0.0001398877,0.00036968145,5.6244433e-05,0.99837756,0.00033320565,3.5300138e-05,4.2001902e-05
syn-0482,2,1,3,1,1,0.00012475874,0.95339817,0.00011951153,0.03966008,0.00092139916,0.00049006875,0.002502178,0.0002582481,0.00034112227,0.0015481474,6.334825e-05,0.0005729484
syn-0485,2,1,3,10,10,0.00015072044,7.5270684e-05,9.367588e-05,4.8598406e-05,0.00030047607,4.297179e-05,0.00087115617,0.00022285915,0.00012087096,6.501424e-05,0.9977702,0.00023816082
syn-0492,2,1,3,6,6,6.796097e-05,0.00065154093,6.434417e-05,0.00013023289,0.00014401396,2.762008e-05,0.9971771,0.0002920548,0.0005844297,0.00035176968,0.0003888036,0.00012009338
syn-0016,2,1,4,9,9,7.891097e-05,0.000486229,0.0004653242,0.00048884755,0.00015450017,0.00026000556,0.00037646317,0.0004293051,0.0005344093,0.99617636,0.00010701914,0.0004427165
syn-0023,2,1,4,1,1,6.562626e-05,0.997375,2.2459422e-05,0.00050238206,0.0008384738,0.00014488901,0.00031354433,6.731388e-05,0.00019852388,0.00019138523,2.6360496e-05,0.00025391593
syn-0026,2,1,4,10,10,0.0002687636,5.78976e-05,0.0001054551,0.00014414004,0.00040622943,4.856459e-05,0.0013100448,0.0001925462,3.443745e-05,6.8353416e-05,0.9970759,0.00028756793
syn-0027,2,1,4,4,0,0.7234455,0.0011053239,0.00027878818,0.00021925117,0.26718238,0.0041410085,0.0002347632,0.00013774088,0.0013595718,0.00010176232,0.0012240796,0.0005698061
syn-0035,2,1,4,9,9,6.152115e-05,0.00085572526,0.00038279744,0.0008795542,0.0001652835,0.0001913581,0.00057577045,0.00034582868,0.00065594714,0.9952878,7.8074394e-05,0.00052041933
syn-0040,2,1,4,4,4,0.0010126645,0.0006514751,6.503846e-05,0.00016112902,0.99619436,0.0007262853,0.00030324154,8.302315e-05,7.312471e-05,2.7646805e-05,0.00054190785,0.00016018767
syn-0048,2,1,4,11,11,0.0001831531,0.001070375,0.00014516928,0.0013336488,0.00029554998,0.00012563354,0.0007558198,0.00030732338,8.5842126e-05,0.0008112722,0.00044956105,0.99443674
syn-0056,2,1,4,8,8,0.00016834417,0.00017720019,0.00021573642,6.269098e-05,0.0001799028,9.4570954e-05,0.00028493343,0.00012995931,0.9984894,0.00015068185,1.0456271e-05,3.6282756e-05
syn-0070,2,1,4,2,2,0.00022579216,6.796081e-05,0.99717474,0.0004568371,0.00019780677,0.0004219898,0.00019674718,0.00032327443,0.00038728688,0.00017610489,0.00022823074,0.00014331214
syn-0077,2,1,4,2,2,0.00017743329,6.137922e-05,0.99687815,0.0006327523,0.00023130368,0.0003098883,0.00032239023,0.0004874037,0.00036674578,0.0001525096,0.00023266295,0.0001472411
syn-0084,2,1,4,5,5,0.0005057001,0.0004730937,0.0002552772,0.0002228743,0.003469359,0.9944332,3.3681863e-05,0.00022113987,0.0001114135,0.00010745967,4.3417636e-05,0.000123444
syn-0085,2,1,4,3,3,0.00037907847,0.2731623,0.00037393102,0.67213327,0.039816637,0.00211433,0.0026351833,0.0009929038,0.00043376756,0.0019611726,0.0005871282,0.0054103467
syn-0086,2,1,4,10,10,0.00042909567,5.274563e-05,0.00011419893,0.00014101685,0.00038604712,6.52595e-05,0.00059486384,0.00017303074,4.3727665e-05,6.412238e-05,0.99762946,0.00030643403
syn-0090,2,1,4,5,5,0.0005267206,0.0003645816,0.00029180743,0.00019137198,0.0016629167,0.99633247,3.6133733e-05,0.00018494145,0.00014544601,0.00010703591,4.3162032e-05,0.00011338415
syn-0094,2,1,4,1,1,4.5119625e-05,0.9957688,3.5484034e-05,0.00071995176,0.00083101453,0.000106975356,0.0011545948,0.00010614287,0.00022230356,0.0004414563,4.1323307e-05,0.00052693696
syn-0106,2,1,4,10,10,0.00027543714,7.4970136e-05,0.00010572484,0.0001620002,0.00040861304,4.2342897e-05,0.0016139273,0.0002086227,3.442453e-05,7.259262e-05,0.9967019,0.00029949556
syn-0107,2,1,4,10,10,0.0005551404,5.0224906e-05,0.0001170047,0.00012888155,0.0004057034,6.461614e-05,0.0005962334,0.00017736855,4.925347e-05,6.878352e-05,0.997488,0.00029870906
syn-0109,2,1,4,3,3,0.00013426093,0.014997001,0.0014647408,0.6090813,0.0009006399,0.0007103806,0.0042799613,0.0018752627,0.0009077037,0.35250923,0.00045508688,0.012684361
syn-0117,2,1,4,6,6,3.1996315e-05,0.00043804426,6.450822e-05,0.0003316233,0.000662103,9.663493e-06,0.9958221,0.00048074528,0.00014910985,0.00010635608,0.0017006492,0.00020321277
syn-0119,2,1,4,6,6,2.6105827e-05,0.00032589413,7.422347e-05,0.00021911573,0.0002836953,7.899867e-06,0.99743253,0.00046127054,0.00028943195,0.00016596352,0.00056959304,0.0001441916
syn-0128,2,1,4,2,2,0.00021004817,7.143039e-05,0.9971623,0.00050655816,0.0002155549,0.00040226738,0.0002099456,0.0003054691,0.00040750633,0.00017627474,0.00019674473,0.00013581608
syn-0139,2,1,4,1,1,4.7553902e-05,0.99752825,2.114317e-05,0.00055645185,0.0006969254,0.00012346594,0.00032040273,7.236956e-05,0.0001866157,0.00019566709,2.1856977e-05,0.00022942918
syn-0147,2,1,4,0,0,0.9962347,0.0001258607,0.00019323104,7.420677e-05,0.0013114985,0.00037255354,5.887462e-05,5.2878044e-05,0.00048667312,4.567284e-05,0.0006486051,0.0003953245
syn-0156,2,1,4,6,6,2.6982136e-05,0.00026117603,0.00010892754,0.00024451496,0.0002649006,8.674688e-06,0.9972464,0.0006521233,0.00031984333,0.00014946901,0.0005647361,0.00015226826
syn-0167,2,1,4,0,0,0.99643445,0.00014348571,0.00019101813,7.116945e-05,0.001125301,0.00041195867,5.8656846e-05,6.051881e-05,0.0005954946,5.4461038e-05,0.00042999332,0.00042353367
syn-0168,2,1,4,1,1,5.9875845e-05,0.99746895,2.4286712e-05,0.000528909,0.00064814155,0.00013652284,0.00031789043,6.745184e-05,0.00020354883,0.00022311846,2.515573e-05,0.00029630648
syn-0173,2,1,4,8,8,0.000113040354,0.00022024423,0.00024726478,8.310689e-05,0.00013049039,9.7923854e-05,0.00042733955,0.00022186326,0.9981735,0.00022890596,1.074273e-05,4.5494373e-05
syn-0182,2,1,4,6,6,2.7198144e-05,0.00024407722,0.000108945096,0.00021071616,0.00028065694,7.567417e-06,0.99740714,0.0005257863,0.00029069927,0.0001649897,0.0005891673,0.00014306583
syn-0183,2,1,4,4,4,0.0006714501,0.0012113948,0.00014535316,0.00039203608,0.98987925,0.0056938115,0.00051481876,0.0006432099,0.0002731513,5.1323605e-05,0.00036613218,0.00015808782
syn-0185,2,1,4,7,7,7.0632545e-05,0.00049752183,0.0011900015,0.0025870746,0.00040408756,0.00032724012,0.0056192633,0.98506194,0.00039627182,0.0020212976,0.0008860629,0.0009386147
syn-0195,2,1,4,4,4,0.0034948112,0.002943824,0.00069006183,0.0011876714,0.54346824,0.4453019,0.00029247603,0.0009123996,0.0006295368,0.00022337488,0.0003974318,0.00045833553
syn-0197,2,1,4,11,11,0.0007859613,0.0053084954,0.00017265278,0.0021914048,0.0010782229,0.00046024143,0.0003298848,0.00014064013,8.783862e-05,0.0008423903,0.00041619973,0.988186
syn-0208,2,1,4,8,8,0.00028065813,0.00018759874,0.00019689,6.505436e-05,0.00019459614,0.00012874586,0.00021719372,0.00011428552,0.9983859,0.00017778846,1.0999826e-05,4.0314357e-05
syn-0210,2,1,4,0,0,0.72562635,0.0039066104,0.00054216577,0.00058052404,0.21829851,0.043322664,0.00027799496,0.000186637,0.00078041793,0.00030531775,0.0014622903,0.0047105458
syn-0226,2,1,4,6,6,2.5550717e-05,0.00034724837,7.7330405e-05,0.0002218049,0.00030302335,7.869e-06,0.99742377,0.00048081367,0.00026507713,0.00015052104,0.00054333056,0.00015363978
syn-0229,2,1,4,7,7,0.0007652622,0.001429698,0.0055920994,0.002682791,0.004723413,0.14079529,0.00078340987,0.83757436,0.002365244,0.0016455724,0.0007957467,0.0008470679
syn-0236,2,1,4,11,1,0.0076816194,0.69962823,0.0019308705,0.008403717,0.04501054,0.0032973767,0.008980722,0.002370377,0.036736533,0.11623652,0.0009900521,0.06873349
syn-0246,2,1,4,8,8,0.0010846225,0.09772999,0.00039167504,0.0009992011,0.025519302,0.00030444164,0.04422277,0.0015796581,0.8263134,0.0011534477,0.00012039103,0.0005811238
syn-0250,2,1,4,11,11,0.00052438804,0.0004311393,0.00012632932,0.00038365053,0.00017590549,0.00011615294,0.00021531354,0.00012473567,7.176971e-05,0.00023856323,0.0005731923,0.99701893
syn-0261,2,1,4,5,5,0.0004479439,0.00035905532,0.00029319554,0.00019407451,0.0032921524,0.9947377,3.7148442e-05,0.00026852638,0.00015085046,8.241743e-05,4.6141777e-05,9.0872105e-05
syn-0262,2,1,4,10,10,0.00041725198,5.052658e-05,0.00012702381,0.00014129077,0.00038019643,6.3933985e-05,0.000647763,0.00018472833,4.221654e-05,6.6871515e-05,0.9976169,0.00026140062
syn-0263,2,1,4,0,0,0.9964232,0.00012308854,0.00018262505,6.569181e-05,0.0013285059,0.00036177732,5.4994867e-05,4.9490027e-05,0.00053372665,4.5681485e-05,0.00046015735,0.0003711713
syn-0265,2,1,4,3,3,2.7118926e-05,0.00049571117,0.0003024309,0.9964463,0.00024938097,0.00030465412,0.00040815928,0.00064795144,8.468205e-05,0.00044522138,0.00013611675,0.00045223258
syn-0280,2,1,4,0,0,0.99617743,0.00014960069,0.00020170331,7.9685444e-05,0.0011327276,0.00040804915,6.541956e-05,6.516452e-05,0.00080715574,6.230198e-05,0.00041721616,0.00043351855
syn-0281,2,1,4,10,8,0.0070137805,0.003667464,0.00094510743,0.00082032214,0.042445924,0.00028516172,0.039835334,0.0020825278,0.8978371,0.0011212474,0.0032907054,0.0006552965
syn-0286,2,1,4,8,8,0.0004463803,0.0002240982,0.0001837989,6.013877e-05,0.00040184593,8.8705914e-05,0.00034110466,0.000113678405,0.9979431,0.00013355403,1.5175791e-05,4.8417332e-05
syn-0296,2,1,4,3,3,4.1118845e-05,0.0010253199,0.0002665621,0.99472,0.00030382947,0.00084744295,0.0003168596,0.0007047021,9.960698e-05,0.00060927356,0.00017311682,0.0008922417
syn-0300,2,1,4,10,10,0.00027674483,5.6665096e-05,0.00013888451,0.00016917071,0.0004312549,5.7895682e-05,0.0012180781,0.00023179417,4.1457068e-05,7.142183e-05,0.99704283,0.00026368522
syn-0304,2,1,4,1,1,4.6222085e-05,0.996469,2.1453325e-05,0.00069135806,0.0009313467,0.000101056954,0.0008751328,8.601756e-05,0.00018623557,0.00025232634,3.2840442e-05,0.00030690068
syn-0312,2,1,4,11,11,0.005282884,0.034314428,0.0010690986,0.003232517,0.009339907,0.00063342,0.033749457,0.0036736687,0.0067536123,0.009447696,0.010972906,0.88153046
syn-0314,2,1,4,8,8,0.00012023443,0.00018595015,0.00028464984,7.725107e-05,0.00013879503,0.00012224719,0.00028068185,0.00020442581,0.99834836,0.00018722565,1.0192683e-05,4.0077324e-05
syn-0321,2,1,4,9,9,8.125561e-05,0.00054640556,0.00042140565,0.0005932625,0.00014428905,0.00023812485,0.00038294552,0.00036027137,0.0005063305,0.9961591,9.499743e-05,0.00047172155
syn-0323,2,1,4,7,7,7.597116e-05,0.00023607342,0.0005464804,0.0005718682,0.00028171635,0.0005699169,0.00058172527,0.995323,0.00042125757,0.0005998982,0.00043040593,0.00036173093
syn-0328,2,1,4,10,10,0.0006229817,5.780503e-05,0.000105905216,0.00013453203,0.00044675614,6.5758046e-05,0.00056529586,0.00017979933,4.2291063e-05,6.6209104e-05,0.9974279,0.0002848043
syn-0330,2,1,4,0,0,0.9908881,0.00017809792,0.00014664247,6.393836e-05,0.0065091634,0.0005229479,6.393836e-05,4.5339082e-05,0.0002859927,3.4762685e-05,0.0007764604,0.00048459336
syn-0332,2,1,4,6,6,2.6054237e-05,0.00031802608,8.609857e-05,0.00022310471,0.00029744784,7.597038e-06,0.9974075,0.0005104424,0.00030703974,0.00015318781,0.00051206513,0.00015140312
syn-0339,2,1,4,7,7,5.563491e-05,0.00019286202,0.0004501727,0.00049611076,0.00021747682,0.00035472753,0.000594347,0.99627614,0.0004212494,0.0003843018,0.0002990024,0.00025800802
syn-0341,2,1,4,8,8,0.0001187022,0.00017862869,0.00035517509,8.458446e-05,0.00013190562,0.00012973386,0.00026848094,0.00024373956,0.99821824,0.0002213322,1.01516225e-05,3.9297032e-05
syn-0350,2,1,4,2,2,0.00017276582,7.481535e-05,0.99561584,0.0013789608,0.00025186423,0.0003548388,0.0004078191,0.00055640296,0.000495661,0.00025285,0.00027153347,0.00016663474
syn-0353,2,1,4,7,7,6.287613e-05,0.00018265021,0.00078972464,0.00048028023,0.00023292974,0.0006469192,0.00043559526,0.9955877,0.0005458256,0.000510009,0.00027796486,0.00024746862
syn-0354,2,1,4,8,8,8.885603e-05,0.00021992077,0.00042104616,0.00010791602,0.0001332585,0.00013443487,0.00048821347,0.00033501183,0.9976814,0.00033038206,1.1655375e-05,4.7934234e-05
syn-0355,2,1,4,5,5,0.000422827,0.00027756765,0.00035657798,0.00017738291,0.0014543505,0.9965951,3.6712434e-05,0.00027988126,0.00014045855,0.0001081148,5.0179944e-05,0.00010087254
syn-0357,2,1,4,3,3,2.2661321e-05,0.0005127561,0.0002639442,0.9965612,0.0002049586,0.00023659806,0.00038011878,0.00065955817,8.772223e-05,0.0003862934,0.00013142971,0.00055279955
syn-0363,2,1,4,9,9,7.7401266e-05,0.0010464509,0.00045264876,0.0012061129,0.0002301766,0.00024478257,0.0006097006,0.00042876852,0.0006740537,0.99444556,0.000106001826,0.0004783259
syn-0367,2,1,4,4,4,0.00091148133,0.0009415635,6.219389e-05,0.00011305935,0.99639326,0.00076417864,0.00023243626,8.961217e-05,0.00019326179,2.542481e-05,0.00016922568,0.00010425692
syn-0370,2,1,4,9,9,9.0301015e-05,0.00047895455,0.00043248813,0.0005648978,0.00014331755,0.00025375056,0.00035994858,0.00036561696,0.00047592397,0.99623895,0.000113041846,0.00048271107
syn-0371,2,1,4,6,6,2.6106129e-05,0.00035384521,7.6655284e-05,0.00022952184,0.00030945922,8.1507305e-06,0.99744403,0.00046534793,0.00023854844,0.00013772458,0.00055470946,0.00015591008
syn-0374,2,1,4,8,8,0.0006424226,0.00020876783,0.00020234473,6.464169e-05,0.0002805851,0.00013564897,0.00022617316,0.00012006103,0.9978824,0.00017443205,1.4679289e-05,4.7756974e-05
syn-0377,2,1,4,5,5,0.001132575,0.004977673,0.005668051,0.015418649,0.07152175,0.81136054,0.0011915739,0.0828857,0.0012293985,0.001725285,0.0013528698,0.0015359995
syn-0379,2,1,4,3,4,0.0008100093,0.035087507,0.0005039295,0.17871188,0.76724494,0.006410222,0.0039463323,0.0015859213,0.00045083807,0.000741856,0.0021719353,0.0023347018
syn-0393,2,1,4,2,2,0.00018259432,0.00010162905,0.9962555,0.0007882311,0.0003025207,0.00036975226,0.0003606583,0.00041612983,0.00060531753,0.00021982103,0.0002406024,0.00015709901
syn-0415,2,1,4,1,1,0.0709974,0.5829562,0.0017396065,0.004169026,0.046266615,0.015618922,0.0025810343,0.0012752116,0.23645748,0.020201288,0.0006312755,0.017105937
syn-0418,2,1,4,0,0,0.9962626,0.00012872323,0.00015167304,6.0272472e-05,0.001586655,0.00041213908,5.035954e-05,4.6484085e-05,0.00036110138,3.8386417e-05,0.00048395418,0.0004175066
syn-0421,2,1,4,10,10,0.0003046836,5.730429e-05,0.00011241569,0.00019376328,0.0009560676,6.1839804e-05,0.0011817394,0.00017999098,3.2207638e-05,6.0171787e-05,0.99654275,0.00031697555
syn-0429,2,1,4,2,2,0.00023572837,6.717553e-05,0.997271,0.0004108977,0.00021233984,0.0004416907,0.00018065098,0.00028882045,0.00035734288,0.0001515303,0.00022592425,0.00015679908
syn-0440,2,1,4,1,1,0.006984787,0.6001776,0.00043976077,0.0015081707,0.13870952,0.004279629,0.002479279,0.00099684,0.24107698,0.0020195802,0.00012898142,0.001198901
syn-0444,2,1,4,5,4,0.001400479,0.26223376,0.0035070775,0.044156585,0.3065823,0.18722707,0.030876165,0.14796425,0.0076302974,0.0025508427,0.001193223,0.0046779923
syn-0448,2,1,4,4,5,0.00050784595,0.0003638727,0.0002799461,0.0001940077,0.0016940715,0.9963393,3.663139e-05,0.00019025525,0.00013676833,9.660517e-05,4.7683123e-05,0.000113053226
syn-0453,2,1,4,1,1,0.00032384114,0.981517,5.732907e-05,0.0017176461,0.005928222,0.00017727709,0.0048645325,0.0001854223,0.00025793668,0.00053080445,0.00035951115,0.004080376
syn-0454,2,1,4,11,11,0.0004539869,0.0003900258,0.00015415988,0.0005886512,0.00021444823,0.0001631436,0.0001944961,0.00014257456,6.9825415e-05,0.00025842144,0.00047184122,0.99689853
syn-0457,2,1,4,9,9,7.6476266e-05,0.00051326334,0.0004209638,0.0006872232,0.00015923465,0.00023625462,0.00039295663,0.00038179758,0.00045762173,0.99608696,0.00011170782,0.00047561902
syn-0459,2,1,4,5,5,0.03478786,0.0031301011,0.0006073906,0.00054075225,0.3632065,0.59416616,0.00022541908,0.0004154197,0.0017652836,0.00026612787,0.00031665253,0.0005722648
syn-0468,2,1,4,6,6,2.8283393e-05,0.00029100184,8.288633e-05,0.00025208713,0.00030765947,7.838689e-06,0.9974706,0.00039533206,0.00024805774,0.00014003387,0.00060946855,0.00016678222
syn-0484,2,1,4,3,3,2.8300643e-05,0.0004452981,0.00036647107,0.9961314,0.0002931766,0.00032578703,0.0005341243,0.00084125774,0.000121737714,0.000295476,0.00019779288,0.00041913666
syn-0489,2,1,4,11,11,0.00031111008,0.0006523787,0.0001111466,0.0005098127,0.00023255603,0.00011245675,0.00026610657,0.000120648474,5.118566e-05,0.00025842356,0.0004674879,0.9969067
syn-0002,2,2,0,1,1,0.00019986011,0.9967609,2.3112909e-05,0.00011365467,0.00058452465,0.00014925042,0.0006822533,7.245526e-05,0.0001933331,0.00045570085,0.00062135037,0.00014367297
syn-0004,2,2,0,10,10,0.01324471,0.007875059,0.0014317058,0.0014728319,0.004862355,0.0020974088,0.28760874,0.0006619153,0.0005661661,0.002159765,0.6306539,0.047365308
syn-0011,2,2,0,10,10,0.0012162977,0.008135215,7.587998e-05,5.354487e-05,5.9384638e-05,3.2923672e-05,0.0003843872,2.3760393e-05,0.00018372318,0.0004928705,0.989286,5.611454e-05
syn-0013,2,2,0,6,6,0.00020219592,0.00031485377,0.00021210653,0.00013667907,0.0003283567,0.00012347924,0.9976356,8.946142e-05,9.131502e-05,3.9659513e-05,0.0006268401,0.00019945033
syn-0017,2,2,0,3,3,7.180524e-05,0.00011553151,0.00041624816,0.99751246,0.00014519229,0.00038817542,0.00033659462,0.00034089506,1.7055238e-05,0.00028468942,8.3295534e-05,0.00028804527
syn-0018,2,2,0,3,6,0.0003239633,0.00017365925,0.00028617593,0.0003335948,0.00092548033,0.0003745217,0.9968629,0.0001215894,7.789309e-05,3.153318e-05,0.00026018472,0.00022849382
syn-0025,2,2,0,8,8,0.00057494076,0.00016272473,6.140251e-05,1.2584799e-05,0.00016723563,9.603534e-05,0.00015741048,0.0002479742,0.99823076,0.00014007217,7.731743e-05,7.1506925e-05
syn-0031,2,2,0,0,0,0.99663794,0.00012665156,9.00729e-05,0.00013143983,0.0007694216,0.000104180726,0.00030545756,0.00031026782,0.00038172907,0.00023158694,0.000682419,0.00022888888
syn-0036,2,2,0,5,5,0.00064813974,0.00088072626,0.00019441689,0.0010712139,0.20423692,0.78906065,0.0010886143,0.00050625275,0.00031680486,0.00031680486,7.336122e-05,0.0016061207
syn-0037,2,2,0,8,4,0.011956724,0.19217248,0.0001614374,0.0004261624,0.68397725,0.0019667102,0.037583213,0.00051405,0.06628346,0.0018529737,0.0018748161,0.0012307357
syn-0039,2,2,0,1,1,0.00036294298,0.9928236,3.1837728e-05,0.00018682705,0.003815339,0.0006335727,0.00070387404,0.00010217303,0.00027183176,0.0005866746,0.00024678156,0.00023456257
syn-0064,2,2,0,6,6,0.0026701943,0.0019139006,0.0010002176,0.00045815663,0.0012874441,0.00021811525,0.70853955,9.9277044e-05,0.0002535128,0.0002147337,0.28294066,0.00040432182
syn-0076,2,2,0,5,5,0.00011021015,0.00023263234,0.00010578126,0.0004106818,0.0012749104,0.99626046,0.0001924827,0.0008542643,0.00012897461,0.00011249366,1.9644152e-05,0.0002973961
syn-0081,2,2,0,10,10,0.0006251888,0.0008595536,7.444973e-05,3.5443383e-05,2.6832566e-05,1.5712554e-05,0.0003557873,1.3624668e-05,8.2488856e-05,0.00032466062,0.99754626,3.9889004e-05
syn-0082,2,2,0,1,1,0.00019060742,0.99526346,2.1095168e-05,9.621855e-05,0.0016955507,0.00039416846,0.0009868351,6.151964e-05,0.00015511413,0.0004578019,0.00048542774,0.00019210238
syn-0083,2,2,0,0,0,0.9944522,0.0003637159,6.5561864e-05,9.928884e-05,0.00094340724,8.0485115e-05,0.00030747824,0.0001749394,0.0005951448,0.00047425917,0.0022620116,0.00018155323
syn-0095,2,2,0,11,11,0.00022439794,0.00020431665,7.5458076e-05,0.0002423952,0.00051907275,0.00044583296,0.0009783164,0.00024741748,8.4674255e-05,0.00047854258,0.00014502375,0.9963546
syn-0100,2,2,0,2,2,0.00014095662,3.3382188e-05,0.99720335,0.0004135871,4.4137923e-05,0.00016657478,0.0005533077,0.0007445342,0.00014054427,0.00013384658,0.00029149262,0.00013437045
syn-0121,2,2,0,9,9,0.0002980148,0.00020937267,5.7772806e-05,0.00030182232,0.000117849544,9.331774e-05,5.088484e-05,0.00020452256,0.00023876109,0.9968719,0.00012496111,0.0014308026
syn-0123,2,2,0,10,10,0.00037388274,0.008047572,9.071965e-05,6.715429e-05,4.6109377e-05,2.942361e-05,0.00066381827,2.115168e-05,0.00011356591,0.0003341557,0.99016374,4.860618e-05
syn-0134,2,2,0,5,5,0.00020214116,0.00016021944,0.00027042153,0.00047460455,0.0004971384,0.97998685,0.00038698284,0.01660019,0.00024028312,0.00015243523,2.0934283e-05,0.0010078703
syn-0135,2,2,0,0,0,0.9964825,0.000119075805,6.123514e-05,8.493359e-05,0.001175338,0.000100762685,0.00026586346,0.00024769103,0.00073514873,0.00021933498,0.00031448985,0.00019365698
syn-0138,2,2,0,4,4,0.0029414496,0.0067759203,3.675718e-05,0.00023208579,0.986185,0.0004976029,0.0014913366,4.9077276e-05,0.00028022242,0.00036263475,0.0005271154,0.00062079064
syn-0144,2,2,0,9,9,0.00030333694,0.00024439354,5.7484434e-05,0.0002706511,0.00012169455,6.475784e-05,5.0138813e-05,0.00014103035,0.00023480156,0.99772495,0.00022165531,0.0005651192
syn-0148,2,2,0,7,7,0.0004833441,6.055672e-05,0.00079555117,0.00031451802,7.9755926e-05,0.0012681677,0.00022831559,0.9951131,0.0005093926,0.00035989305,1.9583242e-05,0.00076786923
syn-0150,2,2,0,3,3,9.013335e-05,0.00028616362,0.00034400137,0.99633324,0.00038133303,0.00084794994,0.0007142525,0.00027600827,2.3057912e-05,0.00029266384,0.00010293552,0.00030821032
syn-0151,2,2,0,10,11,0.003608469,0.006134467,0.0002581936,0.0006490987,0.0017575544,0.0009029461,0.0068501793,0.0004182719,0.00023325848,0.004551242,0.013024771,0.9616117
syn-0152,2,2,0,3,4,0.00058500527,0.00048174115,2.7924561e-05,0.0003718066,0.99642426,0.0006870103,0.00065503485,4.151235e-05,0.00011608367,0.00015423709,4.1350508e-05,0.00041397085
syn-0158,2,2,0,1,1,0.00024170292,0.99691063,1.9849873e-05,9.963155e-05,0.00062965235,0.00012582315,0.00056014623,6.150122e-05,0.00021122918,0.00040300132,0.0006077894,0.00012905878
syn-0160,2,2,0,5,5,7.374466e-05,0.00013301372,0.0001319786,0.00037947626,0.00038526402,0.99682176,0.00017604255,0.0012189978,0.00010792838,8.059815e-05,1.9616868e-05,0.0004716034
syn-0161,2,2,0,2,2,0.00014041891,3.3712626e-05,0.9972874,0.00041055345,4.4055516e-05,0.00016114837,0.00055662316,0.0006421962,0.00014263018,0.00013229839,0.00031505138,0.00013398867
syn-0163,2,2,0,4,4,0.0018602017,0.00038991947,2.7497215e-05,0.00017738855,0.99468213,0.0017162103,0.00038481268,5.832541e-05,0.0002575952,0.00013600853,3.649911e-05,0.0002734065
syn-0165,2,2,0,8,8,0.0014579714,0.00039746964,5.936052e-05,1.5945492e-05,0.00035278397,0.000101867045,0.00027771574,0.0002110688,0.9966401,0.00024544258,0.00016745903,7.280109e-05
syn-0169,2,2,0,4,4,0.03167986,0.00055420684,0.00010201861,0.0017462799,0.95521,0.007096399,0.0011686818,0.00024425238,0.0001939758,0.00049678783,0.00015314807,0.0013543714
syn-0170,2,2,0,6,6,0.00020756252,0.00027256948,0.00021124334,0.00015560903,0.0004776741,0.00017840663,0.9974643,8.493428e-05,7.36482e-05,3.873415e-05,0.00057072483,0.00026469986
syn-0174,2,2,0,10,10,0.00038324913,0.0003402868,0.0001537542,5.9509526e-05,2.2786666e-05,2.328152e-05,0.00039812704,2.3327035e-05,7.57431e-05,0.0003113512,0.99816656,4.1993026e-05
syn-0175,2,2,0,11,11,0.00068751036,0.0064911437,9.846661e-05,0.00053963304,0.001925583,0.0010101382,0.0020961415,0.00024228341,0.000110492976,0.0021232462,0.0013434534,0.9833318
syn-0176,2,2,0,10,1,0.0009425097,0.9540469,4.7570753e-05,0.0001529616,0.009725734,0.00028465575,0.004645996,7.030501e-05,0.00035913647,0.0017789884,0.027436787,0.0005084459
syn-0186,2,2,0,3,3,8.026819e-05,0.000114418806,0.00033400452,0.9976,0.00016827637,0.00034443874,0.00035003378,0.00024364809,1.6924001e-05,0.00029969224,9.302184e-05,0.0003553724
syn-0198,2,2,0,0,4,0.20361593,0.006710261,0.00011894703,0.00042501127,0.7744654,0.0063780127,0.0034348045,0.00028813924,0.0011919737,0.00095218216,0.00091839134,0.0015009214
syn-0203,2,2,0,8,8,0.0006254335,0.00018227837,5.2504874e-05,1.2904626e-05,0.00030137115,0.0001232755,0.00020867726,0.0002457619,0.9979367,0.0001636328,7.23992e-05,7.5136355e-05
syn-0206,2,2,0,8,8,0.0021830031,0.00035363538,5.682744e-05,1.3471362e-05,0.00021083048,7.354017e-05,0.00029270916,0.0002487832,0.99600106,0.00019451085,0.0002991389,7.2400035e-05
syn-0221,2,2,0,11,1,0.01645047,0.58216876,0.00041749864,0.0012343079,0.015338205,0.002595228,0.01062641,0.0006291926,0.0013372141,0.01792233,0.22488487,0.1263956
syn-0234,2,2,0,4,6,0.0005765673,0.00040824898,0.00025200663,0.0008843266,0.004915548,0.00060927385,0.9913264,0.000121150486,9.772816e-05,5.170068e-05,0.00037793748,0.00037904634
syn-0237,2,2,0,4,4,0.0028448226,0.00093127694,2.314393e-05,0.00013700985,0.9942075,0.00053793006,0.00028153803,4.0857558e-05,0.00021915502,0.00030620417,6.567388e-05,0.00040486304
syn-0240,2,2,0,6,6,0.0010489076,0.00091935165,0.0003236696,0.002040667,0.028684102,0.002236588,0.9629629,0.00021226771,0.00019824208,0.00012333195,0.00034387223,0.0009059828
syn-0241,2,2,0,1,1,0.0002295799,0.9947777,1.579184e-05,7.5338656e-05,0.0025841438,0.00015218827,0.0006816443,3.8404134e-05,0.00013897555,0.00036794398,0.0007991636,0.00013924725
syn-0252,2,2,0,8,8,0.00046578608,0.00016943949,8.692238e-05,1.4597289e-05,0.00017575959,0.00011685268,0.00019115822,0.00033208582,0.9981395,0.00013189521,9.453781e-05,8.141715e-05
syn-0258,2,2,0,3,5,0.00087530486,0.0024417033,0.0005934188,0.038853016,0.113528214,0.8339654,0.004905955,0.0010558191,0.00020790314,0.000393761,0.0001303568,0.0030491531
syn-0268,2,2,0,6,6,0.00024647536,0.00024671617,0.00017580429,0.00018514313,0.00078119634,0.00021708933,0.9974189,9.0407964e-05,8.711447e-05,3.3981516e-05,0.0003108143,0.00020634048
syn-0270,2,2,0,10,1,0.10064286,0.6864272,0.00017449772,0.00063084986,0.057569016,0.00047712144,0.0037127524,0.00020843891,0.0014299965,0.005637824,0.14192918,0.0011603105
syn-0271,2,2,0,2,2,0.00014488591,3.6776273e-05,0.99638015,0.00069197186,4.523559e-05,0.00029815882,0.0005519575,0.0011121301,0.00013570955,0.00017205629,0.00026273908,0.00016823481
syn-0272,2,2,0,3,3,0.0013958679,0.02286897,0.0017102531,0.6726672,0.03314848,0.11519223,0.13427937,0.0036312283,0.00029088042,0.0017818585,0.00072842237,0.0123053
syn-0289,2,2,0,8,0,0.898727,0.0030057882,7.345149e-05,0.00014241347,0.080549344,0.0016856828,0.002083574,0.0005224552,0.010732161,0.0009924144,0.0005891357,0.00089657184
syn-0290,2,2,0,0,0,0.99574053,0.00013668614,8.47875e-05,0.00016633043,0.0015295462,0.00014422841,0.0003541908,0.000280188,0.0002913494,0.00022823656,0.00068833516,0.00035557704
syn-0298,2,2,0,7,7,0.00046395976,6.83914e-05,0.00091072073,0.0002715519,8.2980565e-05,0.0008903844,0.00024846103,0.9956833,0.00070006616,0.00028878334,2.4007639e-05,0.00036738097
syn-0311,2,2,0,9,9,0.0007119565,0.0009445718,9.1761125e-05,0.0005788165,0.0001626262,0.00011736425,0.00014520886,0.00032215993,0.00025886277,0.9697695,0.00090175687,0.025995355
syn-0316,2,2,0,0,0,0.8811822,0.0012852986,0.00018937084,0.0007337728,0.09179388,0.016281892,0.0023047572,0.001165715,0.0006954009,0.001128747,0.00059133285,0.0026475834
syn-0322,2,2,0,2,2,0.00022074691,4.9063266e-05,0.9955786,0.0007970171,5.837798e-05,0.00036860004,0.0011334295,0.0009084044,0.00014141577,0.00013467658,0.00041564408,0.00019404897
syn-0326,2,2,0,1,1,0.00028143937,0.99434435,1.6286029e-05,6.6068904e-05,0.0018586623,0.00023241178,0.0014313621,5.195946e-05,0.00018135633,0.0005211969,0.0007762375,0.00023862132
syn-0334,2,2,0,6,6,0.00022069697,0.00020987197,0.00021962199,0.0001488215,0.00043453692,0.00018776093,0.9977864,7.497846e-05,7.1684815e-05,2.8347662e-05,0.00045862643,0.00015872938
syn-0340,2,2,0,9,9,0.00028403327,0.0006507939,4.9237227e-05,0.00028458858,0.00011628278,6.2363375e-05,6.359338e-05,0.00012846217,0.00018383392,0.9971591,0.00042930918,0.0005882663
syn-0349,2,2,0,5,5,0.0012833072,0.0010331824,0.0001468229,0.00043238015,0.014137836,0.9729181,0.0012864441,0.00087257935,0.0002439686,0.00029950097,0.00012485059,0.0072208997
syn-0351,2,2,0,11,11,0.00032241017,0.00017727107,7.037597e-05,0.00026186177,0.00025780196,0.00028928896,0.00038757388,0.00023553503,6.821073e-05,0.0008048207,0.00018505419,0.9969398
syn-0360,2,2,0,0,0,0.9901721,0.00018343933,6.9354275e-05,0.00015371898,0.006803315,0.00023462248,0.0004319584,0.00027349903,0.0005836811,0.00042071773,0.00023053431,0.00044306653
syn-0364,2,2,0,4,4,0.001512692,0.00078900077,0.00013250066,0.00084812916,0.857673,0.1343848,0.001146309,0.0002777779,0.00027561624,0.00040298214,8.913064e-05,0.0024681129
syn-0380,2,2,0,4,4,0.0010748504,0.00080188736,6.972684e-05,0.00043725778,0.9629805,0.032631155,0.00072977034,0.00015805526,0.00032813117,0.0002308691,5.5482615e-05,0.0005022985
syn-0381,2,2,0,8,8,0.001168604,0.00016802488,6.097355e-05,1.3832788e-05,0.00020617017,0.00011116617,0.0001501026,0.00049258815,0.9970823,0.00037632286,5.9328893e-05,0.00011051672
syn-0384,2,2,0,1,1,0.0004895201,0.99268794,2.1164224e-05,8.176709e-05,0.0043694414,0.00025884216,0.00048169555,6.6866814e-05,0.0005153979,0.00055850385,0.00031884803,0.00015009922
syn-0403,2,2,0,9,9,0.000280242,0.0002549142,4.917666e-05,0.00021486898,0.000106264044,5.5290806e-05,4.8698763e-05,0.0001260685,0.00023255577,0.9978796,0.00022168967,0.0005305739
syn-0410,2,2,0,10,10,0.004724991,0.008992765,7.810717e-05,7.3662086e-05,0.00030338892,3.9737715e-05,0.0005299999,3.1008265e-05,0.00022867475,0.00077857036,0.9841053,0.00011375631
syn-0427,2,2,0,5,5,9.9121266e-05,0.00017294691,7.9335674e-05,0.00025286796,0.0014766273,0.9966594,0.0001833833,0.00045956465,9.9996294e-05,8.113778e-05,1.9537205e-05,0.00041599374
syn-0439,2,2,0,6,6,0.0002669374,0.0001812373,0.00033156076,0.00013015844,0.00031870318,0.0001756612,0.99758077,0.00012371385,0.00014435392,4.3725533e-05,0.00050705316,0.0001961557
syn-0447,2,2,0,7,7,0.00053972716,7.84032e-05,0.0008691401,0.0002649757,9.1305265e-05,0.000738711,0.00027418905,0.99558264,0.0008037036,0.00032307362,2.9182915e-05,0.00040502727
syn-0455,2,2,0,2,6,0.05274186,0.0013749767,0.3154448,0.0047432287,0.002489761,0.004927363,0.32166636,0.01623528,0.0032536094,0.0015189907,0.2677145,0.007889297
syn-0456,2,2,0,11,11,0.0002632982,0.0011155857,9.188638e-05,0.0016428023,0.0040095393,0.0017913447,0.0010577636,0.00021447841,8.0458405e-05,0.0012454377,0.000173351,0.98831415
syn-0461,2,2,0,2,2,0.00016205013,3.6727684e-05,0.9970091,0.00043292815,4.5441302e-05,0.00019001166,0.000539199,0.00078969443,0.00016492385,0.00014120468,0.00033741182,0.00015134263
syn-0477,2,2,0,7,5,0.0012544041,0.0015826211,0.02181543,0.020264834,0.001963842,0.62490404,0.02462375,0.28610194,0.0007989066,0.0010399374,0.00021293316,0.01543739
syn-0481,2,2,0,9,9,0.00021877806,0.00020582425,7.429025e-05,0.00028436675,9.0402216e-05,8.311992e-05,5.12087e-05,0.00020263324,0.00022849513,0.99735546,0.00016725223,0.0010381407
syn-0486,2,2,0,1,1,0.00021351685,0.99645376,2.6698684e-05,0.00013479496,0.00058630935,0.00016291165,0.00090998027,7.186926e-05,0.00017460808,0.00043110538,0.0006492311,0.0001853256
syn-0487,2,2,0,6,6,0.0006443468,0.0011769177,0.00010320262,0.00012065608,0.0013478611,0.00023393739,0.99502414,0.000100811936,0.00017435758,4.6517063e-05,0.0007052619,0.00032194782
syn-0490,2,2,0,7,7,0.00037242527,7.083608e-05,0.00072559115,0.00027487747,8.411993e-05,0.001252538,0.00020317738,0.9956487,0.00073299126,0.0002790699,1.9252371e-05,0.00033645824
syn-0493,2,2,0,8,8,0.000578846,0.00016804303,6.31621e-05,1.3793812e-05,0.00019004615,0.000109882916,0.00014902334,0.00027590862,0.99816436,0.0001492418,6.3906635e-05,7.384398e-05
syn-0496,2,2,0,8,8,0.00048165434,0.00015181847,7.9302656e-05,1.3875262e-05,0.00017287495,0.000112053305,0.00019351624,0.00030632637,0.99819237,0.00012753224,9.19927e-05,7.6637916e-05
syn-0497,2,2,0,5,5,0.0010985489,0.0091443,0.00016846792,0.00037743035,0.006257221,0.97179645,0.0011953785,0.006393108,0.0011356364,0.0006483312,0.00010258089,0.0016824644
syn-0499,2,2,0,11,11,0.00015783944,0.00015814803,9.0198075e-05,0.00031512982,0.00023752428,0.0002492882,0.00031344176,0.0002556988,8.539783e-05,0.0009830698,0.00010555527,0.9970488
syn-0010,2,2,1,9,9,0.00017513252,0.00022674898,0.00011384966,0.00056467945,4.654165e-05,5.1920953e-05,0.00025819792,0.00024745925,0.000112084585,0.9974963,0.00028538067,0.000421508
syn-0015,2,2,1,6,6,0.00023390503,5.244673e-05,0.00023436232,0.0002210247,0.0013699003,0.00010635997,0.9958585,8.1708444e-05,0.0011345787,0.00014382352,0.00037268572,0.00019072136
syn-0024,2,2,1,2,2,0.00014919495,4.782548e-05,0.997364,0.0003283474,5.5913653e-05,0.00013610911,0.0006018627,0.0005937625,0.00023586549,0.000105279745,0.00015303161,0.00022883202
syn-0038,2,2,1,5,3,0.00032044336,0.0007762474,0.0020451394,0.73383075,0.0050902716,0.24918617,0.0028352386,0.002195186,0.00042618002,0.00092542445,0.00038277215,0.0019860922
syn-0042,2,2,1,9,9,0.00013065927,0.00020981493,0.00011230583,0.000621062,3.903994e-05,4.709116e-05,0.0002546967,0.00023156453,9.328683e-05,0.9975152,0.00025669433,0.000488624
syn-0043,2,2,1,9,9,0.00015225021,0.00026616568,0.00011019847,0.0004841751,4.8001315e-05,4.535805e-05,0.00030086978,0.00026499858,0.00011237194,0.9971282,0.00035589875,0.0007315059
syn-0045,2,2,1,9,9,0.00016732611,0.00048252213,9.1151494e-05,0.0015402057,6.840278e-05,7.381673e-05,0.00027817365,0.00023712264,7.766204e-05,0.995849,0.00039056755,0.00074388616
syn-0049,2,2,1,8,8,0.0013346176,4.804708e-05,6.127338e-05,1.42443605e-05,0.00021189018,0.0001580797,0.00045396996,0.00032162812,0.9971047,0.000106909865,2.1341595e-05,0.0001633368
syn-0051,2,2,1,3,3,4.301254e-05,8.98211e-05,0.0003316142,0.99482274,0.00017551801,0.00021337565,0.00044656263,0.00030386084,2.4080771e-05,0.0031294143,0.00016995185,0.0002499491
syn-0052,2,2,1,4,4,0.0004825907,0.0008674819,5.766539e-05,0.0005333973,0.99113923,0.005130397,0.0006003007,5.8231286e-05,0.00043726354,7.6096396e-05,0.00022941131,0.00038796192
syn-0055,2,2,1,3,3,3.6529713e-05,7.6656695e-05,0.000386171,0.9974624,0.00018733372,0.00026469937,0.000465868,0.00019271491,1.9860861e-05,0.00056822115,0.0001341431,0.00020544468
syn-0062,2,2,1,7,7,0.0002143883,8.8156805e-05,0.0006335932,0.0001959668,7.8715166e-05,0.0008671829,0.0001766958,0.99564725,0.0009252549,0.00039702526,3.281336e-05,0.0007429642
syn-0063,2,2,1,1,1,0.0005657575,0.99653804,4.988393e-05,6.634412e-05,0.00086330925,0.00026678861,9.265098e-05,4.4715667e-05,2.6700942e-05,0.0002449386,0.0008050858,0.00043579823
syn-0068,2,2,1,10,4,0.005461619,0.113237046,0.00067333214,0.0013978735,0.48900563,0.0010408423,0.30481887,0.0002286427,0.0015233161,0.002216412,0.061146494,0.019249992
syn-0075,2,2,1,7,7,0.00022747158,0.00010547465,0.00048890203,0.0003043082,9.057035e-05,0.0011736742,0.00017543344,0.99531484,0.0008418131,0.00039515237,3.160744e-05,0.00085072307
syn-0079,2,2,1,1,1,0.00052007934,0.9962477,4.8335074e-05,6.9507776e-05,0.000986606,0.00030743238,9.9759956e-05,4.400959e-05,2.8303948e-05,0.0002486019,0.0009151386,0.00048448629
syn-0080,2,2,1,3,3,5.6440465e-05,9.828524e-05,0.00020186526,0.99503195,0.0013422891,0.00033281956,0.001897558,0.00015372103,2.4657014e-05,0.000384948,0.00020107826,0.00027430512
syn-0087,2,2,1,5,5,0.0002593489,0.00071120687,0.00013207496,0.00026394805,0.0034396853,0.9897865,0.00022161633,0.0012715444,0.0019460464,8.798089e-05,2.7684413e-05,0.0018524026
syn-0103,2,2,1,11,11,0.00010796608,0.00033928367,0.00016081499,0.00018455544,0.00024117624,0.00023239038,0.00045145748,0.00029205272,9.5466006e-05,0.0006145884,0.00011031076,0.9971699
syn-0105,2,2,1,4,4,0.0003553536,0.0027343275,3.4152243e-05,0.00025259942,0.9946291,0.00068692974,0.00046607832,2.9441075e-05,0.00013376206,6.557353e-05,0.00036059733,0.00025210652
syn-0108,2,2,1,8,8,0.0010266412,5.2274503e-05,5.935058e-05,1.178999e-05,0.00038096777,0.00014710941,0.00042174436,0.00024747718,0.9974468,6.797935e-05,2.1100193e-05,0.000116771575
syn-0114,2,2,1,4,4,0.00047896738,0.004736314,0.00020162271,0.028083056,0.9182512,0.009015415,0.033284385,0.00018179553,0.00022057592,0.00030864117,0.0011970892,0.004040812
syn-0118,2,2,1,5,5,0.00010167228,0.00035617308,9.970575e-05,0.0002578605,0.0009669976,0.9966793,0.00013016787,0.00035176578,0.00036302066,6.583715e-05,2.5631576e-05,0.00060187175
syn-0120,2,2,1,3,3,6.124888e-05,0.00015308007,0.00021714612,0.9928202,0.0011665955,0.00018303402,0.003295447,0.00014997272,2.2842376e-05,0.0011153496,0.00040410075,0.00041086544
syn-0124,2,2,1,6,6,0.00026778987,0.00043551566,0.0011838543,0.33537853,0.012579353,0.00085520005,0.6439387,0.00031369017,0.00016889296,0.0010145839,0.0016118285,0.002252052
syn-0129,2,2,1,11,11,0.0002634112,0.0018692847,0.00031372634,0.0017067883,0.00050873106,0.00046139903,0.0011874646,0.00056201516,0.00019158986,0.030446194,0.00042051906,0.9620689
syn-0130,2,2,1,6,8,0.00034688966,3.1819865e-05,8.326305e-05,1.4258544e-05,0.00017579512,0.00019473003,0.0003759022,0.0004919475,0.9980976,6.151434e-05,1.4768737e-05,0.000111605856
syn-0136,2,2,1,6,6,0.0004978434,0.0008805952,0.0006486764,0.0016528175,0.0038139413,0.00013491182,0.93689317,6.9718466e-05,0.00012748271,0.0009355596,0.053688254,0.000656964
syn-0143,2,2,1,1,0,0.9469768,0.0036820506,0.0001298654,5.0856022e-05,0.0035844834,0.00033684523,0.00054835796,0.00034517024,0.04259394,0.0005061586,0.0007020458,0.0005435595
syn-0145,2,2,1,2,3,5.1542844e-05,0.00011148586,0.00352284,0.992168,0.000351201,0.0004292512,0.001713545,0.00047863057,2.5968038e-05,0.0005334298,0.0002024671,0.0004115992
syn-0149,2,2,1,8,8,0.07052329,0.0002851331,0.00017429839,4.087724e-05,0.0012683204,0.0003017494,0.0007033033,0.0005262357,0.92534053,0.0002616529,0.0001454896,0.00042908182
syn-0153,2,2,1,4,5,0.0010855527,0.0037945055,0.0002538439,0.00137495,0.37974927,0.6068376,0.0012765978,0.0004921724,0.0028468142,0.0002088063,0.00029968598,0.0017801865
syn-0162,2,2,1,9,9,0.00019981622,0.00022686408,0.00010664103,0.0005690845,4.935112e-05,5.2431493e-05,0.000208997,0.00030431166,0.000114744806,0.99751556,0.00023486692,0.0004172669
syn-0166,2,2,1,5,5,0.00016250269,0.001174359,8.6304535e-05,0.00027805084,0.004345201,0.9920129,0.00017502227,0.00043128483,0.00038679005,7.661105e-05,3.997886e-05,0.00083112036
syn-0171,2,2,1,6,8,0.002582253,0.00029964815,0.0015262036,0.00042339772,0.0042279437,0.0013667446,0.24852832,0.0024412493,0.73619443,0.00080268347,0.0005447163,0.0010623449
syn-0181,2,2,1,10,8,0.0013374491,0.00011866189,0.0002549141,6.3391206e-05,0.0014100434,0.0004365979,0.016415244,0.0006560514,0.9785785,0.0002273905,0.00011796864,0.00038379413
syn-0184,2,2,1,2,2,0.00015025373,4.5290923e-05,0.99759895,0.0003051555,5.5275257e-05,0.00012751868,0.0005958631,0.0004602085,0.0002002236,9.494911e-05,0.00015456979,0.00021178828
syn-0190,2,2,1,3,3,4.1521427e-05,0.00010186726,0.00027975786,0.99664223,0.0002347759,0.0007983192,0.00042408763,0.00028236536,2.5282587e-05,0.0008044822,0.00012420243,0.00024104862
syn-0196,2,2,1,4,0,0.93148375,0.0035456934,0.0003040494,0.00020057226,0.054007474,0.00036461093,0.00097052276,0.000179441,0.004641423,0.00039270145,0.0035405033,0.0003692693
syn-0201,2,2,1,0,0,0.9974656,0.00033806116,0.000109806,4.6905232e-05,0.000419154,6.673091e-05,0.00013989647,0.000100763646,0.00051466434,0.00012725286,0.0005437266,0.00012737718
syn-0204,2,2,1,1,1,0.004564936,0.9915445,5.6352605e-05,6.105082e-05,0.0013559974,0.00040913708,9.736857e-05,7.900562e-05,7.9469915e-05,0.0003362185,0.0010373973,0.00037875967
syn-0205,2,2,1,2,2,0.00012529436,4.4240922e-05,0.99758005,0.0003426705,4.8589147e-05,0.00012383463,0.00051177875,0.000612519,0.00015994124,9.729389e-05,0.00013259593,0.00022108274
syn-0209,2,2,1,7,7,0.0001769325,9.4059964e-05,0.002127249,0.0004753492,7.7978446e-05,0.0009285466,0.0002323464,0.9940646,0.0004998673,0.0003157245,4.1091753e-05,0.000966199
syn-0213,2,2,1,0,0,0.99721944,0.00030991872,0.00010212552,4.2117383e-05,0.0004025115,6.3225685e-05,0.0001628777,9.7258715e-05,0.00073103723,0.00011448691,0.0006286569,0.00012647819
syn-0218,2,2,1,8,8,0.0006076642,4.6561534e-05,5.3278898e-05,1.0511749e-05,0.00024085795,0.00024975045,0.0002578357,0.0004041004,0.9979226,5.78337e-05,1.2098948e-05,0.0001369188
syn-0223,2,2,1,6,6,0.0007831315,0.006302034,0.00040549051,0.0013347559,0.038552836,0.000556409,0.9159836,0.000114373855,0.0004418785,0.0012441293,0.028095894,0.006185425
syn-0225,2,2,1,7,7,0.0014010832,0.0039738123,0.0009090351,0.0008325498,0.00091081223,0.020790813,0.0010742476,0.6972935,0.00416452,0.0062999483,0.00025892133,0.26209077
syn-0232,2,2,1,8,8,0.0009536694,5.108849e-05,6.144421e-05,1.1277584e-05,0.00020117288,0.00012988698,0.0001896778,0.00025569546,0.9979336,7.624485e-05,1.8092063e-05,0.00011809033
syn-0243,2,2,1,10,10,0.0005865221,0.000678056,0.000109079985,9.3666225e-05,0.00015503391,2.8790635e-05,0.0002584314,3.8969705e-05,2.9704546e-05,0.00029710797,0.9976673,5.731296e-05
syn-0251,2,2,1,10,10,0.0008398982,0.0005444014,8.163237e-05,6.8206406e-05,0.00014861321,2.238253e-05,0.0001590111,2.902177e-05,2.5412312e-05,0.00019599329,0.99785054,3.4904526e-05
syn-0253,2,2,1,3,3,3.3135137e-05,6.932985e-05,0.00029389176,0.9975867,0.00025696354,0.00035011457,0.0005078038,0.0001815927,2.0654601e-05,0.00038829914,0.00012335267,0.00018809036
syn-0257,2,2,1,4,4,0.00039389112,0.00093195133,4.566305e-05,0.00042568997,0.9940777,0.002648732,0.0005542563,5.2660595e-05,0.00037093097,6.579368e-05,0.00022564108,0.0002070599
syn-0260,2,2,1,11,11,8.054982e-05,0.00037887855,0.00016176449,0.0001945544,0.00031287677,0.0003198276,0.00055830815,0.0002527575,7.992298e-05,0.0003645419,9.86917e-05,0.9971974
syn-0273,2,2,1,0,0,0.9971222,0.00056844356,9.68701e-05,4.089739e-05,0.00055663293,6.997763e-05,0.00015708222,9.8973804e-05,0.0005097051,0.0001149238,0.0005045977,0.00015955589
syn-0279,2,2,1,0,0,0.9966652,0.0002724841,0.00011297982,4.5692577e-05,0.00034043923,8.209469e-05,0.00019106235,0.0001445034,0.0013340294,0.0001492361,0.00050524453,0.00015701022
syn-0291,2,2,1,1,1,0.0005284388,0.9965366,5.1467337e-05,6.5699285e-05,0.0005275686,0.00021859845,9.0327994e-05,4.787923e-05,2.8091827e-05,0.00038010938,0.000912726,0.0006124761
syn-0292,2,2,1,11,11,8.884346e-05,0.0003715874,0.000119202195,0.00016468974,0.00021946059,0.00033990722,0.00026138054,0.00025038727,6.838525e-05,0.0004971649,7.8710946e-05,0.99754024
syn-0293,2,2,1,0,8,0.43606687,0.00069312827,0.00031119937,8.959653e-05,0.003279395,0.00055369036,0.0010486696,0.00080012647,0.5555636,0.00053456286,0.0003277305,0.00073137466
syn-0302,2,2,1,10,10,0.00057232624,0.00042417605,9.955256e-05,9.527243e-05,0.00018919448,2.6482046e-05,0.00021559265,3.4742072e-05,2.9600613e-05,0.00019856478,0.9980677,4.6887733e-05
syn-0318,2,2,1,11,11,0.000105242136,0.0013781941,0.0001028042,0.00017099176,0.00037256963,0.00025246275,0.0003756751,0.00021218015,9.848039e-05,0.0017337146,0.00013539776,0.9950623
syn-0352,2,2,1,8,8,0.0004018173,3.699355e-05,5.5479693e-05,1.1129193e-05,0.00022744437,0.0001713072,0.0002434692,0.00031492836,0.9983594,5.4672924e-05,1.2342978e-05,0.00011098294
syn-0356,2,2,1,8,8,0.00050248747,3.56786e-05,6.128694e-05,1.0393211e-05,0.00017046262,0.00020102576,0.00019895069,0.00035285426,0.9982999,5.196278e-05,1.1237739e-05,0.00010389688
syn-0358,2,2,1,2,2,0.00011557996,5.059186e-05,0.99501145,0.0005395493,5.8917285e-05,0.00022365818,0.00046206464,0.002819454,0.00017901375,0.000115016985,0.00010804846,0.00031664304
syn-0359,2,2,1,4,4,0.0016493043,0.0012302308,6.83205e-05,0.00021543246,0.9830632,0.0016581868,0.0014516024,9.940575e-05,0.009789383,0.00014294946,0.00021396478,0.00041810534
syn-0373,2,2,1,11,11,0.00013159087,0.0004996591,0.00011749742,0.0001733111,0.00029251786,0.00032158193,0.00030521187,0.00023344342,9.543148e-05,0.0009073096,0.00011310656,0.9968093
syn-0375,2,2,1,8,8,0.0003520225,3.3675522e-05,6.535652e-05,1.4427195e-05,0.00017926954,0.00018668409,0.00035721707,0.00045167495,0.9981375,7.291047e-05,1.4286992e-05,0.00013508869
syn-0376,2,2,1,5,5,6.592873e-05,0.00016769856,0.0001273294,0.00030336645,0.00035614643,0.9970914,9.820055e-05,0.0010802643,0.00024615394,5.7223966e-05,1.7589204e-05,0.00038872275
syn-0378,2,2,1,2,2,0.0001238274,4.355249e-05,0.9975218,0.00034064864,5.2637035e-05,0.00015776021,0.00049869047,0.00065597653,0.00016308627,8.289059e-05,0.00013053262,0.00022853326
syn-0386,2,2,1,10,10,0.00065541954,0.0005047408,0.00010090523,9.54419e-05,0.00018741444,2.9885845e-05,0.00018874607,4.013733e-05,3.225125e-05,0.00022228864,0.9978922,5.0639337e-05
syn-0388,2,2,1,5,7,0.000491166,0.0006257618,0.0019227819,0.011795733,0.0005832741,0.1522243,0.0006468878,0.8213111,0.0015427372,0.0020537986,0.00013219555,0.0066703316
syn-0391,2,2,1,0,0,0.99738115,0.00032082511,0.000118950644,4.554713e-05,0.0002788738,6.985923e-05,0.00018786806,0.0001278649,0.00055406545,0.00014432504,0.00062295253,0.0001476034
syn-0397,2,2,1,1,1,0.0004845942,0.9965913,4.741654e-05,7.0008704e-05,0.0007996438,0.0002904615,9.4853196e-05,4.6681413e-05,2.9041816e-05,0.00030351055,0.0006111653,0.000631336
syn-0419,2,2,1,1,1,0.00032742266,0.9962561,4.299047e-05,6.776572e-05,0.00095906504,0.00021768492,0.000108819375,3.9143266e-05,2.5174264e-05,0.00033007123,0.00081793196,0.0008078109
syn-0423,2,2,1,9,9,0.00014302797,0.00018599792,0.00014429059,0.00088777987,4.3706346e-05,5.8014703e-05,0.00028113122,0.00033157712,0.00012758495,0.9971431,0.00020698972,0.00044673082
syn-0428,2,2,1,8,10,0.053645384,0.097329155,0.0002445759,0.0002426726,0.0026937665,0.00019806362,0.00029186273,0.0001486328,0.000120601835,0.00079608144,0.84408635,0.00020276057
syn-0435,2,2,1,10,10,0.00053582294,0.00043233647,9.9943456e-05,9.480956e-05,0.0001807093,2.5467856e-05,0.00022868908,3.4539535e-05,2.9256125e-05,0.00020880922,0.99808025,4.9427308e-05
syn-0450,2,2,1,10,10,0.0005400322,0.00042751365,9.153547e-05,9.135686e-05,0.00019415941,2.473286e-05,0.00022846872,3.213197e-05,2.769949e-05,0.00020091045,0.9980927,4.8804388e-05
syn-0458,2,2,1,6,6,9.2666836e-05,3.6968468e-05,0.0004319532,0.0004380598,0.00026090775,6.500852e-05,0.99768245,5.4849697e-05,0.00015747774,0.00019191222,0.00038240914,0.00020528943
syn-0463,2,2,1,11,11,9.1997346e-05,0.00027092386,0.00016528928,0.00023173346,0.00024120009,0.00035909112,0.00034516596,0.00034331702,8.327516e-05,0.00050491816,9.454761e-05,0.99726856
syn-0474,2,2,1,0,0,0.99700063,0.00041562848,9.648066e-05,4.9907085e-05,0.00046901815,8.204216e-05,0.00015252834,0.000118673255,0.0005422472,0.00016476148,0.0007740357,0.00013408101
syn-0476,2,2,1,7,7,0.00049489306,0.0003322555,0.0006081347,0.00077025726,0.00025524717,0.02096135,0.00023838166,0.9712828,0.0025145016,0.0014591955,5.717625e-05,0.0010259205
syn-0480,2,2,1,1,1,0.00033812344,0.984583,4.8332226e-05,0.00017817854,0.0059409356,0.0009823418,0.00028556387,5.694928e-05,3.749443e-05,0.00050437165,0.00088519976,0.0061595235
syn-0488,2,2,1,10,10,0.00040622003,0.000573912,9.502463e-05,0.00011066194,0.00040766064,2.4143594e-05,0.00064275094,2.5351736e-05,2.4909992e-05,0.00019355507,0.99741805,7.763263e-05
syn-0491,2,2,1,10,10,0.00046551882,0.00046325132,9.696062e-05,9.994083e-05,0.00019658443,2.53184e-05,0.00028001738,3.1818476e-05,2.7003987e-05,0.0002145396,0.998054,4.4958964e-05
syn-0498,2,2,1,7,7,0.00023551736,9.222992e-05,0.00082154735,0.0002788656,9.044604e-05,0.0013065737,0.00017264504,0.9939487,0.002147874,0.00045220173,3.0473662e-05,0.0004229415
syn-0003,2,2,2,2,2,9.560132e-05,4.188766e-05,0.99760854,0.0003185565,3.1495194e-05,4.925942e-05,0.00041796855,0.0005399679,0.00015885614,0.00016486195,0.0003436018,0.00022944764
syn-0007,2,2,2,6,6,0.0009254648,0.005952843,0.00013437153,0.000112491114,0.001034449,0.0004163257,0.9817509,0.00026566847,0.007994796,0.0002957963,0.00065882126,0.00045813827
syn-0009,2,2,2,8,8,0.00038234302,0.0001269172,6.7569985e-05,1.4316405e-05,0.000121816935,7.2846844e-05,0.00039786514,0.00035633938,0.9982408,9.074794e-05,2.1407683e-05,0.00010703168
syn-0019,2,2,2,0,0,0.9929501,0.00050990115,8.422027e-05,9.4138195e-05,0.0037529995,0.00013967176,0.00030477336,9.4506635e-05,0.00021973452,0.00021255843,0.0014589707,0.00017846853
syn-0022,2,2,2,10,10,0.0017207003,0.025508722,0.0010549291,0.0005425009,0.00051212695,0.00038884542,0.0064370297,0.00015316892,0.00014193503,0.0007082459,0.935034,0.02779783
syn-0034,2,2,2,0,0,0.9949274,0.00036371205,8.706675e-05,8.843785e-05,0.0021827803,0.00016298013,0.0003172353,0.000112123926,0.00030807615,0.00020382483,0.0010042412,0.00024204799
syn-0058,2,2,2,9,9,0.00019418505,5.6153494e-05,0.00014186087,0.00046623818,4.3817883e-05,0.00010583465,0.00021928968,0.00032117477,0.00016552853,0.99773717,0.00014852379,0.00040024554
syn-0059,2,2,2,3,3,4.7820722e-05,0.00017594887,0.00036751555,0.99726474,7.3203286e-05,0.000491717,0.00025277457,0.0004902786,1.7904233e-05,0.00050763553,0.00012549963,0.00018493383
syn-0061,2,2,2,4,4,0.00067833747,0.00066424353,0.00010443358,0.0005793635,0.99322,0.0024415948,0.00038462243,8.897852e-05,0.00039994405,0.00027273814,0.00073812826,0.00042761327
syn-0065,2,2,2,11,11,0.00015114306,0.0002756966,0.00016910696,0.00012727521,0.0001292795,0.0001990622,0.00055821566,0.000165351,8.790305e-05,0.00042659044,0.0010432662,0.9966671
syn-0067,2,2,2,5,5,0.0001078894,0.0005252479,6.44237e-05,0.0005040172,0.00051214185,0.9964617,0.00010105621,0.0009430086,0.000122016165,0.0002973109,4.1030256e-05,0.00032021647
syn-0069,2,2,2,11,11,0.00029191124,0.0005771432,0.00011397967,0.00026192318,0.0004999638,0.0005176005,0.00069906306,0.00013351625,0.0001185201,0.00074451213,0.00129966,0.99474216
syn-0071,2,2,2,6,6,0.00014106727,0.00019432837,0.0001723336,0.00014812626,8.931823e-05,5.67187e-05,0.9979861,0.00016556983,0.00035707565,0.00015149094,0.00033024102,0.0002076711
syn-0097,2,2,2,10,10,0.0008341532,0.0014863131,0.00011790439,0.000104661725,0.0005505345,5.9867853e-05,0.00023124045,1.8930465e-05,1.9955543e-05,9.057718e-05,0.9963624,0.00012344214
syn-0098,2,2,2,10,10,0.00032732886,0.00027272673,0.00018862424,9.688233e-05,0.00019917828,5.402856e-05,0.00020484967,2.226006e-05,1.5239455e-05,0.0001306243,0.99822253,0.0002656945
syn-0102,2,2,2,1,1,0.00048664244,0.9967801,2.3940383e-05,0.00013300816,0.0005771971,0.0003414774,0.00071929867,6.125343e-05,0.00033194234,0.00010069439,0.0003401461,0.000104297396
syn-0112,2,2,2,4,0,0.88284063,0.0073706075,0.00011734505,0.00011417988,0.08276102,0.0010326911,0.00096728554,0.00029385532,0.022340182,0.00089459296,0.0006622132,0.0006053119
syn-0125,2,2,2,9,9,0.00019584074,6.986328e-05,0.00014419254,0.00067361136,4.7364272e-05,0.000104877196,0.0002145645,0.0003455623,0.00013154547,0.997439,0.00016371098,0.00046976886
syn-0127,2,2,2,11,11,7.221721e-05,0.000228165,0.00018369415,0.00028188375,9.8036755e-05,0.00021184403,0.00043003133,0.00015850898,5.8941972e-05,0.0003475705,0.0005546707,0.9973744
syn-0137,2,2,2,8,8,0.00039846206,0.00012452746,7.27072e-05,1.5693353e-05,0.00013018544,7.144031e-05,0.000327486,0.0003423237,0.99827504,0.00010708762,2.252364e-05,0.0001126111
syn-0142,2,2,2,4,4,0.0015679998,0.011794381,0.0011975402,0.3294607,0.42303595,0.21188654,0.0052069603,0.0034651975,0.0012722876,0.004204389,0.0023218843,0.0045861597
syn-0155,2,2,2,4,4,0.002675991,0.023355294,4.1212235e-05,0.00010565104,0.9700874,0.0009492746,0.0005617405,3.253795e-05,0.00063715724,0.00015953301,0.0012171086,0.00017693217
syn-0159,2,2,2,11,11,0.00010517162,0.00017925272,0.00014375256,0.00015558544,9.5853415e-05,0.00018332445,0.0004419251,0.00016417059,8.040198e-05,0.0004996676,0.00063767214,0.9973131
syn-0164,2,2,2,8,8,0.001297072,0.0008474277,4.1268966e-05,1.622441e-05,0.0010248168,0.00041853526,0.0010965191,0.00042554163,0.9944594,0.0001350517,2.7598657e-05,0.00021060696
syn-0172,2,2,2,10,10,0.00019447351,0.00036788767,0.00019869686,9.957014e-05,0.00017086972,3.872659e-05,0.0011872298,1.7285807e-05,1.3594312e-05,9.3354975e-05,0.9972696,0.00034887288
syn-0177,2,2,2,8,8,0.00037235554,0.00012978692,9.551214e-05,1.6891856e-05,0.00011498484,7.6896205e-05,0.0008697778,0.00041630634,0.9976519,0.00010592899,2.7151735e-05,0.00012252032
syn-0179,2,2,2,1,1,0.0004561617,0.9972819,2.6409565e-05,0.00011000041,0.0005027723,0.0003510345,0.0003784484,4.6169527e-05,0.00019879636,8.134719e-05,0.00045699778,0.000109893044
syn-0188,2,2,2,10,10,0.00024953217,0.0010608796,0.00014626328,0.00010879984,0.00017634105,5.1745927e-05,0.0016608681,1.7988003e-05,1.2656142e-05,0.00010280862,0.99607724,0.00033484085
syn-0193,2,2,2,11,11,0.00011881458,0.0001451488,0.00018259155,0.00020730782,9.575031e-05,0.00017406001,0.00038843838,0.00018802003,0.00010723526,0.00073497015,0.00044382722,0.9972138
syn-0194,2,2,2,1,1,0.0058385525,0.8810237,0.0001813735,0.00020632752,0.0028909987,0.0015883967,0.010097972,0.0007932548,0.09524716,0.00076510396,0.0006732266,0.00069391914
syn-0200,2,2,2,5,5,0.0006291432,0.0039165732,0.00055197324,0.019081382,0.0008968164,0.83711636,0.00072202104,0.13348988,0.001272146,0.0012270004,8.547853e-05,0.0010112762
syn-0202,2,2,2,10,10,0.00045596983,0.0003055823,0.00037285654,0.00012119666,0.00013666485,6.818462e-05,0.00066387776,4.6862562e-05,3.1895135e-05,0.00033203056,0.99655825,0.00090652757
syn-0207,2,2,2,0,0,0.95820165,0.001025535,0.00010558669,0.0001198793,0.03715351,0.0004217016,0.00045775276,0.00013824998,0.00063863746,0.000305227,0.0010986279,0.0003335934
syn-0219,2,2,2,0,0,0.99617875,0.00033012617,0.00017922376,0.000139716,0.0003850155,0.00017202151,0.00041488052,0.00022567679,0.0004905224,0.00032075142,0.0008819011,0.0002814084
syn-0222,2,2,2,8,8,0.00048989145,0.00013940006,6.116759e-05,1.4261488e-05,0.00014716394,7.6198674e-05,0.00027036632,0.0002849935,0.99830365,9.075366e-05,2.0872283e-05,0.000101243015
syn-0224,2,2,2,8,8,0.0005193996,0.00013952173,5.813292e-05,1.3034698e-05,0.00015679192,8.367915e-05,0.00025809626,0.00034781563,0.9981997,9.371621e-05,1.9339433e-05,0.0001106946
syn-0228,2,2,2,6,6,0.001114806,0.05371436,0.001143474,0.18171334,0.0060030897,0.0054154005,0.73861307,0.0019130897,0.001260776,0.00229863,0.0023531402,0.0044567627
syn-0230,2,2,2,9,9,0.00020974396,5.872928e-05,0.00012727828,0.0004445161,5.8500314e-05,0.00011532371,0.00025673283,0.00037181535,0.00020923253,0.9976649,0.00013469547,0.00034843647
syn-0239,2,2,2,6,6,0.00012569627,0.0002536656,0.00014854093,0.00015132279,8.356838e-05,5.1134237e-05,0.9978523,0.00013108691,0.00025267663,0.00015043872,0.00051398476,0.00028562197
syn-0242,2,2,2,0,0,0.9966922,0.00036703565,0.000113425085,9.682832e-05,0.0005991124,0.0001462107,0.00025436233,0.00017601966,0.0006982138,0.00022447397,0.00043906973,0.0001931311
syn-0244,2,2,2,3,3,8.061233e-05,0.00091627426,0.00019337893,0.9921409,0.00040818562,0.0038576587,0.0005625741,0.00065643236,3.875384e-05,0.00057704106,0.00015148871,0.00041664304
syn-0247,2,2,2,3,6,0.0014869545,0.022927243,0.0053338534,0.012546234,0.0050846296,0.0018076769,0.46536583,0.00056218397,0.0003497504,0.0016882343,0.27144548,0.21140195
syn-0248,2,2,2,6,6,0.00032873207,0.0017140431,0.00024050554,0.00023378986,0.00031861805,0.000109896595,0.9799365,8.4755804e-05,0.00016822817,0.00019648665,0.016057236,0.0006111609
syn-0249,2,2,2,8,8,0.0021863696,0.0028046141,0.000110513145,5.6554945e-05,0.0042184554,0.0016898048,0.0008950964,0.0011611722,0.9854342,0.0010118037,6.795233e-05,0.0003634218
syn-0254,2,2,2,7,4,0.008425869,0.17736001,0.00033641947,0.0022282766,0.3889061,0.29070887,0.0065237363,0.0018617951,0.0019741438,0.0035021496,0.009860464,0.108312175
syn-0255,2,2,2,2,2,9.911993e-05,4.5291865e-05,0.9976197,0.00033695973,3.1991527e-05,5.072448e-05,0.00040749426,0.0005203031,0.00015277218,0.0001643815,0.00035123914,0.00022012203
syn-0259,2,2,2,4,4,0.028419517,0.22397386,8.464154e-05,0.00019834097,0.72724515,0.0023124027,0.003722373,0.00012387642,0.01026777,0.0004908987,0.0027380127,0.0004231811
syn-0264,2,2,2,0,0,0.9971238,0.00022435197,9.180452e-05,7.715631e-05,0.0005344607,0.00011822517,0.0002707523,0.00015018217,0.00036433703,0.00026216597,0.000532312,0.00025052726
syn-0274,2,2,2,9,9,0.0003255508,7.278222e-05,0.00013063832,0.0004827802,7.436282e-05,0.00014111582,0.0002803684,0.00024430297,0.00025403488,0.9973552,0.00020835211,0.00043044318
syn-0276,2,2,2,6,6,0.0003118757,0.0002471963,0.00083748024,0.00029730337,0.00023587637,9.355067e-05,0.97145474,0.00015728106,0.00025429708,0.00041155738,0.024415081,0.0012837255
syn-0278,2,2,2,9,9,0.00019273916,6.8388516e-05,0.00014059847,0.00061582256,4.9741797e-05,0.00011253359,0.00021733825,0.000299835,0.00012049535,0.9975879,0.00017260162,0.00042206157
syn-0283,2,2,2,7,7,0.00011210008,0.00011090233,0.00090418913,0.00044859064,4.0998388e-05,0.0008513794,0.0002952002,0.99568766,0.00067861314,0.0003481707,2.358942e-05,0.00049860973
syn-0285,2,2,2,11,11,0.000145208,0.00040112797,0.00023569587,0.00017176651,0.00015307096,0.00024870146,0.0013576612,0.0002758256,0.00013169795,0.0008945157,0.0012825866,0.99470204
syn-0288,2,2,2,9,9,0.00022769423,6.720776e-05,0.00014395597,0.00048102945,5.9079415e-05,0.00013629478,0.00019418745,0.00027278054,0.00015903382,0.9977495,0.00016217047,0.00034693803
syn-0294,2,2,2,1,1,0.0003088905,0.99707043,3.247743e-05,0.0003262534,0.00042718006,0.00049590063,0.0005015012,8.5066735e-05,0.00020208138,0.00012401336,0.00029676713,0.00012945819
syn-0301,2,2,2,3,3,4.0982213e-05,0.00020390014,0.0002835023,0.9972408,6.587424e-05,0.000451159,0.00021037263,0.00042351434,1.5434041e-05,0.0006272139,0.000109995875,0.00032726652
syn-0305,2,2,2,1,1,0.0003461219,0.99710494,3.6020767e-05,0.00020870706,0.00056023616,0.00046883826,0.00032372566,5.9504313e-05,0.00016096162,0.000110303576,0.00045485757,0.00016574704
syn-0308,2,2,2,3,3,4.528082e-05,0.00016579218,0.00029311335,0.99737644,7.43644e-05,0.00051348883,0.00027227943,0.00041720874,1.633569e-05,0.00050596,0.000118486336,0.00020115878
syn-0313,2,2,2,11,10,0.0011040317,0.009243945,0.0010503925,0.0013034105,0.002092017,0.0015046179,0.010918653,0.0003446955,8.7493776e-05,0.0010111396,0.7786506,0.19268909
syn-0324,2,2,2,7,7,0.0001796344,0.00011873108,0.001222867,0.00033560125,5.912155e-05,0.0005976899,0.0006525989,0.9926279,0.0020628455,0.0012168364,4.1760013e-05,0.0008844074
syn-0333,2,2,2,5,5,0.00038462426,0.0016317928,0.00010453611,0.0009450074,0.05697192,0.93761533,0.0002409269,0.0005231583,0.0003204255,0.00048478824,0.00018168364,0.00059571775
syn-0335,2,2,2,3,11,0.00010315216,0.0003221048,0.00020735811,0.0018284158,0.00015960925,0.0003987186,0.00059013173,0.00021021254,9.31902e-05,0.0011293456,0.00042010387,0.99453765
syn-0338,2,2,2,8,8,0.0007853725,0.00020850984,4.5292018e-05,1.3759431e-05,0.00017532587,9.458122e-05,0.0003400003,0.0003687713,0.997623,0.0001981858,1.974801e-05,0.00012739729
syn-0383,2,2,2,2,2,9.835387e-05,4.4854132e-05,0.99767345,0.0003177228,3.2433665e-05,4.812146e-05,0.0003884277,0.0004975045,0.00013924405,0.00014422642,0.0003862527,0.00022946257
syn-0385,2,2,2,5,4,0.0021625904,0.0017538863,7.436198e-05,0.00019212833,0.9647728,0.029190574,0.00021287447,0.00011228656,0.00049834297,0.0004180108,0.00035028582,0.00026184003
syn-0392,2,2,2,1,1,0.00041973306,0.9970619,3.6301717e-05,0.00020070295,0.00054125546,0.0004884467,0.00031962804,6.729275e-05,0.0002076815,0.00010493997,0.0004188118,0.00013330588
syn-0396,2,2,2,3,3,6.5319575e-05,0.00024150954,0.00056606875,0.9965995,9.175624e-05,0.00044648728,0.00042386242,0.00068101956,2.5881034e-05,0.00045318637,0.00012359215,0.00028180235
syn-0402,2,2,2,1,1,0.0003375074,0.9968047,3.538246e-05,0.00017518205,0.0004633497,0.000407808,0.00046881152,4.8173555e-05,0.00013484244,9.459596e-05,0.0007651478,0.0002643957
syn-0405,2,2,2,8,8,0.00047505295,0.00012362278,6.454306e-05,1.4345357e-05,0.00012949233,6.341843e-05,0.0003032549,0.00029811639,0.9983078,9.851257e-05,2.2045619e-05,9.96738e-05
syn-0406,2,2,2,4,4,0.013710121,0.0014043996,8.7975764e-05,0.00019537346,0.9762896,0.00044200415,0.0004993911,5.5811688e-05,0.0002523387,0.00025110962,0.0063695745,0.00044243596
syn-0409,2,2,2,10,10,0.00050715904,0.0012889933,0.00016110027,0.00013251748,0.00038901533,8.775993e-05,0.00027524773,2.6608901e-05,1.4781184e-05,0.00018880569,0.99504435,0.0018837343
syn-0414,2,2,2,5,4,0.0011923467,0.0036298982,0.00013608347,0.00049583206,0.794242,0.1969317,0.00046624622,0.0003220145,0.00087021233,0.00064416573,0.00044272817,0.00062679045
syn-0420,2,2,2,2,2,8.237738e-05,5.236225e-05,0.9942544,0.00076956337,3.577776e-05,7.442177e-05,0.000766604,0.0022726315,0.00011776991,0.00021408839,0.0004324705,0.0009274635
syn-0426,2,2,2,10,10,0.00035476292,0.00035441664,0.0006895023,0.00023254562,0.00014410913,6.96186e-05,0.0029257701,5.2243864e-05,3.250237e-05,0.0005081744,0.9939459,0.00069044984
syn-0432,2,2,2,6,6,0.00015936149,0.00023006518,0.0001868591,0.00014538396,0.000102190555,6.8540525e-05,0.9978544,0.00019110362,0.0004720631,0.00015445845,0.00023899642,0.0001965931
syn-0433,2,2,2,5,5,0.00017660775,0.0008740822,8.923863e-05,0.0010182322,0.0006743673,0.98837155,0.00014886394,0.007755502,0.00029750037,0.00026254318,2.897154e-05,0.0003024806
syn-0443,2,2,2,7,7,9.442525e-05,9.2779934e-05,0.00080605876,0.00053796783,4.0217124e-05,0.0009249974,0.00021237538,0.99597794,0.000534042,0.00036091005,1.9792606e-05,0.0003985169
syn-0452,2,2,2,10,10,0.00037017502,0.00093357835,0.0002645522,0.0001388657,0.00035098844,7.382308e-05,0.010934938,2.965296e-05,3.6831694e-05,0.00016014591,0.98625606,0.0004504581
syn-0460,2,2,2,8,8,0.00037470934,0.00015776386,8.8238616e-05,1.7909264e-05,0.00010685266,7.651346e-05,0.0009523675,0.0004162109,0.99754494,0.0001173547,2.6159814e-05,0.00012084368
syn-0464,2,2,2,4,4,0.011245615,0.0007100124,9.3749295e-05,0.00016975806,0.984993,0.00041749663,0.00033826422,7.547695e-05,0.0004609998,0.0002455535,0.0010050742,0.00024507436
syn-0465,2,2,2,7,7,0.00024463853,0.00062409666,0.0008961624,0.0040182825,0.000119460405,0.014813547,0.0006162236,0.9755897,0.0008476413,0.00049514964,4.6146128e-05,0.0016890316
syn-0471,2,2,2,5,5,0.00016352524,0.0004743326,9.745485e-05,0.0008007834,0.0010586663,0.98855406,0.00017733172,0.002866184,0.00016130478,0.0009451673,9.631947e-05,0.004604816
syn-0473,2,2,2,10,10,0.00038188396,0.00026196864,0.00018247103,8.6932894e-05,0.00020455754,4.5721026e-05,0.00024974346,2.3742932e-05,1.9915604e-05,0.000113215894,0.9982602,0.00016970841
syn-0478,2,2,2,2,10,0.0031754603,0.017007854,0.071885996,0.030607045,0.0034671857,0.012250298,0.032079946,0.032482743,0.0020105762,0.0051291743,0.6429066,0.1469972
syn-0495,2,2,2,2,2,9.214017e-05,5.0095747e-05,0.99686795,0.0006785058,3.4430268e-05,5.039014e-05,0.00037589768,0.0009804948,0.00015370418,0.00018722207,0.00031599708,0.00021308476
syn-0005,2,2,3,11,11,2.509312e-05,0.0006049202,8.021441e-05,0.00026572373,0.00023415711,0.00043247204,0.00024575426,0.00017435098,7.289354e-05,0.00075154414,0.00018111937,0.9969317
syn-0006,2,2,3,7,11,0.0009879167,0.0018348884,0.0086729275,0.0031611284,0.0014430361,0.014064238,0.007068276,0.40720934,0.0014888429,0.030943995,0.0012784591,0.52184695
syn-0008,2,2,3,8,8,0.0003443313,0.000119503566,6.427875e-05,3.2894553e-05,4.852014e-05,0.0002482776,0.0002913842,0.00040859167,0.9981109,0.00018080312,2.9314224e-05,0.00012114863
syn-0014,2,2,3,0,0,0.9948225,0.0004884216,5.087951e-05,0.00012217285,0.003166302,0.00023480543,0.00034786816,0.00016748042,0.00024643468,7.203244e-05,0.00021929058,6.1853745e-05
syn-0020,2,2,3,6,6,0.00023174837,5.536854e-05,0.00045529482,0.00013811326,0.000313225,0.00011848113,0.9973327,0.00020733254,0.000393064,0.000114611794,0.00042531494,0.00021475121
syn-0029,2,2,3,2,2,0.00012442272,4.74567e-05,0.9974354,0.0003466595,4.699551e-05,0.0001420952,0.0006699188,0.00046268172,0.00013090424,0.00026859806,0.00020077813,0.00012405874
syn-0032,2,2,3,4,6,0.0033274137,0.00054731197,0.0002013448,0.000304625,0.018846478,0.00019668067,0.9685298,0.00012673881,0.000285053,0.00016659501,0.0067133596,0.0007546907
syn-0033,2,2,3,5,5,0.00014378157,0.00029595845,0.00010047378,0.00027324943,0.00029401397,0.99751437,6.885254e-05,0.00043583266,0.00040752583,0.00010225554,2.2860902e-05,0.00034081246
syn-0041,2,2,3,10,10,0.00055650185,0.004840418,0.00015036666,8.7025546e-05,0.00021476019,5.9114896e-05,0.0015060958,9.391345e-05,0.00016514547,0.00054321246,0.99057955,0.0012039931
syn-0044,2,2,3,2,2,0.0001303829,5.090931e-05,0.9973513,0.0002938224,5.171102e-05,0.00014531067,0.00064028037,0.00058294635,0.00015169055,0.00025753086,0.00021101323,0.0001332144
syn-0046,2,2,3,8,8,0.000669865,0.00019671075,3.264174e-05,2.3927898e-05,3.6414494e-05,0.00016945112,0.0001909381,0.00021805817,0.9982079,0.0001522663,2.243432e-05,7.9458936e-05
syn-0050,2,2,3,4,4,0.0064373696,0.12611796,0.0005783663,0.12464864,0.6898239,0.00251722,0.018982943,0.0005886227,0.0005317763,0.0023600955,0.0064342273,0.020978885
syn-0053,2,2,3,10,10,0.00036125618,0.0003909927,8.278101e-05,8.197654e-05,0.00012282123,3.876081e-05,0.00045722845,3.413955e-05,3.662639e-05,0.0001636679,0.99815077,7.891309e-05
syn-0054,2,2,3,5,5,0.00019409251,0.00030113058,9.163806e-05,0.00028629042,0.00027184963,0.99726176,5.9397546e-05,0.0007332132,0.00034348236,0.00010394098,2.2633005e-05,0.00033064652
syn-0057,2,2,3,8,8,0.0009877358,0.00036347302,3.2297994e-05,2.3354422e-05,6.764429e-05,0.00025810703,0.00045928374,0.00017477188,0.99738854,0.000105282335,4.0589955e-05,9.900024e-05
syn-0072,2,2,3,0,0,0.9972799,0.0003361877,5.6789377e-05,0.00010609652,0.00057973794,0.0001440288,0.00033520418,0.00027789403,0.00039065158,9.5290234e-05,0.00034131517,5.7011646e-05
syn-0073,2,2,3,11,11,2.8769291e-05,0.00094045996,6.12625e-05,0.00013433331,0.00037199442,0.00029470318,0.000297886,0.00013459593,6.2837906e-05,0.00047549777,0.000270039,0.9969277
syn-0074,2,2,3,5,5,0.00023005923,0.0006759341,7.54591e-05,0.00055883214,0.0007382115,0.99636805,6.4291955e-05,0.00029181788,0.00029324624,0.000115398965,2.5127967e-05,0.0005636449
syn-0091,2,2,3,4,4,0.0022148094,0.001772711,0.00044996585,0.058247298,0.91292226,0.015076469,0.0035022944,0.0004941908,0.00034298518,0.0006296154,0.00042353017,0.0039238203
syn-0093,2,2,3,5,5,0.0009035883,0.0069902544,0.0001639141,0.0009492671,0.028109808,0.9585439,0.0006747766,0.00030803148,0.00052193634,0.00025888236,0.00015189213,0.0024236685
syn-0101,2,2,3,3,3,6.438389e-05,0.00016138755,0.00032633037,0.9977927,0.0001544489,0.00023874838,0.00021162264,0.00020722572,3.569532e-05,0.0005001215,0.00010522219,0.00020203038
syn-0111,2,2,3,3,3,7.2521034e-05,0.00021756758,0.00026514145,0.99766576,0.0001480787,0.0003151709,0.00022381725,0.0001860954,4.028528e-05,0.0005271036,0.00010759863,0.00023080922
syn-0113,2,2,3,11,11,4.4868008e-05,0.0014033199,7.889975e-05,0.00010052089,0.00042715325,0.0003693095,0.00031743338,0.00020128091,0.00010452519,0.00047722246,0.0004407126,0.9960348
syn-0122,2,2,3,3,3,6.9855065e-05,0.00014831703,0.000372869,0.9973218,0.00015819132,0.00047772247,0.00019706464,0.0002658277,4.0350118e-05,0.0006247335,0.00010263594,0.00022070194
syn-0133,2,2,3,2,2,0.00011674606,4.763257e-05,0.9972288,0.00030713467,4.589735e-05,0.00013293815,0.0006230855,0.0007471025,0.00013648997,0.00030534033,0.00018875877,0.000120099605
syn-0140,2,2,3,11,11,4.0661613e-05,0.00024738567,0.00013595389,0.0004719838,0.0002861329,0.0004615008,0.00039416473,0.00043079662,0.00012021345,0.0019687759,0.00018838498,0.99525404
syn-0141,2,2,3,2,2,0.0001168908,4.5552126e-05,0.9974905,0.00029114974,4.6450565e-05,0.00012467286,0.0005606923,0.0005762001,0.00014994424,0.00030789102,0.00018228585,0.00010768484
syn-0146,2,2,3,10,10,0.00027551875,0.0006698699,0.000105446794,9.507736e-05,0.00036634217,4.6066296e-05,0.0047822176,3.305095e-05,3.2222328e-05,0.0001562975,0.9931104,0.0003275063
syn-0154,2,2,3,1,1,0.00033210646,0.9967861,6.4068176e-05,0.0002558812,0.0001994752,0.00031985182,0.00014694023,8.0359496e-05,0.00034651844,0.0004385754,0.0004019684,0.0006281919
syn-0178,2,2,3,9,9,0.0002271726,0.002422257,0.00038342638,0.0010077307,0.0002661109,0.0002777946,0.0007390737,0.0013009205,0.00067096564,0.8953831,0.0010874905,0.096234016
syn-0187,2,2,3,3,3,6.746316e-05,0.00016310498,0.00036434637,0.9976363,0.00014764116,0.00035799784,0.00020922653,0.0002346661,3.6464793e-05,0.0005002263,0.0001017699,0.00018071715
syn-0189,2,2,3,10,10,0.00024276164,0.0011695165,9.46962e-05,9.885386e-05,0.00027394565,5.291266e-05,0.0004623708,3.3436838e-05,2.7828608e-05,0.00019008118,0.9968869,0.0004666804
syn-0191,2,2,3,4,4,0.0051521612,0.07133207,0.00047456851,0.059658404,0.8076298,0.0015081756,0.027622081,0.00033717736,0.00044668742,0.0015022958,0.014648504,0.009687982
syn-0192,2,2,3,5,5,0.00030281156,0.006171882,0.00016625144,0.0007831357,0.0026018803,0.9817531,0.0002029014,0.00044274484,0.00024001197,0.00023930985,0.00012947676,0.0069663934
syn-0211,2,2,3,0,0,0.9961139,0.00042593753,6.440122e-05,0.00018061769,0.0014772611,0.00028848535,0.00040682952,0.00030336514,0.00038876853,0.000102311606,0.00015892826,8.906365e-05
syn-0215,2,2,3,10,10,0.00026923194,0.00034256576,0.00013310062,0.00010975321,0.000101604295,4.101178e-05,0.00057478494,4.340176e-05,4.0692623e-05,0.000267463,0.9979602,0.000116149124
syn-0217,2,2,3,6,6,0.00035492965,0.00014368491,0.00028631024,0.00016489651,0.00067741354,0.00016393316,0.9968438,0.000184315,0.0003373559,9.693766e-05,0.00049204973,0.00025440103
syn-0233,2,2,3,8,8,0.00032039473,0.00015877154,7.390776e-05,3.7637965e-05,5.6006855e-05,0.00024525067,0.00029684164,0.00037413382,0.9980514,0.00022643247,3.6408783e-05,0.00012280901
syn-0267,2,2,3,4,4,0.0012540567,0.00026094634,2.734286e-05,0.00027227026,0.996856,0.00041278749,0.0004049023,2.7665168e-05,5.3744243e-05,5.995604e-05,0.00019458278,0.00017570508
syn-0269,2,2,3,10,10,0.00021102674,0.0004626158,5.7396475e-05,5.6949815e-05,0.00010696926,2.4976907e-05,0.0006685164,2.3740215e-05,2.6587779e-05,0.00012573325,0.99814594,8.968217e-05
syn-0275,2,2,3,0,0,0.673626,0.0014663732,0.00011861692,0.00053108524,0.3194438,0.0016366566,0.0011944837,0.0003224342,0.000361462,0.00022774871,0.0006577269,0.00041360964
syn-0282,2,2,3,7,7,0.00019635691,7.8029145e-05,0.0005932322,0.00021272754,5.0281098e-05,0.0005256708,0.00020698956,0.9966556,0.0004319302,0.00065095176,3.2975153e-05,0.00036523445
syn-0284,2,2,3,0,0,0.98257303,0.0008215049,7.5144606e-05,0.000110192275,0.0004267638,0.00042530763,0.00046597005,0.000475857,0.014125577,0.00016835165,0.0002165904,0.00011570628
syn-0295,2,2,3,10,10,0.0003997305,0.0052218908,8.164754e-05,0.00010700969,0.0008867326,5.3337008e-05,0.0070543233,3.1848984e-05,3.2795862e-05,0.00014441976,0.9854455,0.000540793
syn-0297,2,2,3,11,11,2.6987584e-05,0.00047302412,7.041183e-05,0.00015883053,0.00033460642,0.0003476809,0.0003323269,0.00016387236,7.3935225e-05,0.00035898027,0.0002116528,0.9974477
syn-0299,2,2,3,1,1,0.00045661404,0.9972964,4.3372893e-05,0.00017872533,0.00022881653,0.00022747972,0.00014042019,6.385107e-05,0.00030820712,0.00024357394,0.0003378388,0.0004747455
syn-0303,2,2,3,7,7,0.00054218544,0.0004243213,0.0012680271,0.0009427779,0.00020240217,0.061516054,0.00040017307,0.9308471,0.001367721,0.00096702215,6.197077e-05,0.0014602031
syn-0306,2,2,3,5,5,0.000145491,0.00022402438,0.00013442583,0.00028347003,0.00025397685,0.99664056,7.5553486e-05,0.0013609715,0.00039490664,0.00012801975,2.440915e-05,0.00033417245
syn-0307,2,2,3,3,3,7.518894e-05,0.00026787273,0.0003475004,0.9947418,0.00012628721,0.00020518467,0.00020800918,0.00027342292,5.249034e-05,0.0029917024,0.00016199771,0.00054856663
syn-0310,2,2,3,10,10,0.00024281065,0.0004329625,0.000107510095,6.0248833e-05,7.834941e-05,3.3995137e-05,0.0007017388,4.4860662e-05,3.70458e-05,0.00022798814,0.9978187,0.00021380934
syn-0325,2,2,3,4,3,0.00034646518,0.0005807869,0.00031546017,0.99226284,0.002650359,0.0016953984,0.0005689975,0.0003536438,9.425695e-05,0.0005107938,0.00014513513,0.00047587976
syn-0327,2,2,3,1,1,0.00077042985,0.9967265,3.7295486e-05,9.617198e-05,0.00036902505,0.00029521974,0.00012530947,5.5226916e-05,0.00039871907,0.00024165829,0.00051259075,0.00037173778
syn-0329,2,2,3,8,8,0.0003204978,0.00016034208,5.557532e-05,3.4072185e-05,4.4438508e-05,0.0002717872,0.0002074474,0.00040944782,0.99812883,0.00021841381,2.5123252e-05,0.00012396327
syn-0336,2,2,3,0,0,0.99670106,0.00051979226,4.854633e-05,0.000110366615,0.0013178913,0.00020161235,0.00026879378,0.00019351038,0.00023490447,7.344825e-05,0.0002773262,5.2696545e-05
syn-0343,2,2,3,8,8,0.00035744885,0.00017881743,4.6171437e-05,2.983965e-05,4.1186213e-05,0.00020642146,0.0002471748,0.00029737278,0.99829763,0.00016765566,2.6539934e-05,0.000103744555
syn-0345,2,2,3,7,7,0.00029436505,0.00010797407,0.0005774656,0.00022813509,8.15031e-05,0.001163242,0.00030758948,0.99529785,0.0005674035,0.0006473626,4.7913203e-05,0.00067925884
syn-0346,2,2,3,6,6,0.00023122548,6.0940456e-05,0.00034023068,0.00013507034,0.0003452512,9.484843e-05,0.99751484,0.0001447679,0.00035274896,0.00011088906,0.0004958189,0.00017343376
syn-0348,2,2,3,9,9,0.00010662364,0.00022385632,0.00018989165,0.00032834374,4.5634883e-05,5.780068e-05,0.00017121808,0.00065203366,0.0002567779,0.99735284,0.00018386963,0.00043112575
syn-0366,2,2,3,9,9,6.071959e-05,0.00011749815,0.00028953556,0.00044227115,3.3532542e-05,4.425021e-05,0.00013537168,0.00051829964,7.352846e-05,0.9977895,0.00015205391,0.00034345445
syn-0368,2,2,3,9,9,5.3904005e-05,0.000115459916,0.00020263849,0.00043282547,3.386429e-05,4.49506e-05,0.00011092835,0.00042409135,7.9820704e-05,0.9978683,0.0001365775,0.00049660046
syn-0369,2,2,3,6,6,0.00025106533,6.665575e-05,0.0003292144,0.00015347316,0.00038828838,0.00012999683,0.9973156,0.00020834383,0.00032761085,0.00011483389,0.00044181832,0.00027319498
syn-0372,2,2,3,1,1,0.00037890862,0.9909662,0.00011091669,0.0030764553,0.0008762697,0.00078395056,0.00032032185,0.00011005354,0.00021275613,0.00070685835,0.00054143806,0.0019158191
syn-0382,2,2,3,0,0,0.9966454,0.00039336897,4.58705e-05,0.00010939474,0.0014388838,0.0001760114,0.0003376183,0.00021481293,0.00026969903,7.9257115e-05,0.0002263344,6.331282e-05
syn-0399,2,2,3,8,8,0.00038787522,0.00013894419,4.4236094e-05,2.513123e-05,4.2666252e-05,0.0001747437,0.00026775655,0.00024083718,0.9984458,0.000116603514,2.5928983e-05,8.953407e-05
syn-0401,2,2,3,11,11,0.00029899817,0.33632323,0.00034347325,0.0012141563,0.0035119911,0.003703972,0.0010798929,0.00045770218,0.00034888217,0.0020835816,0.0023541006,0.64828
syn-0407,2,2,3,6,3,0.0016782447,0.002888442,0.005398955,0.7702035,0.006701088,0.002635098,0.196649,0.0023254657,0.0006636596,0.004137502,0.0023254657,0.0043936083
syn-0408,2,2,3,4,0,0.9622443,0.0024453069,6.0179766e-05,0.00010728203,0.0017846624,0.0005791122,0.0007773805,0.00030442656,0.03111306,0.00019464245,0.00024011673,0.00014952931
syn-0411,2,2,3,2,2,0.000110552784,4.944226e-05,0.99740773,0.00032628412,4.475469e-05,0.00012369239,0.00057097117,0.0005961854,0.00014181403,0.00034085926,0.00017700823,0.000110660796
syn-0413,2,2,3,9,9,5.8691683e-05,0.00012220458,0.00016047808,0.00036169813,3.0597883e-05,3.5149227e-05,0.00011972393,0.00036782032,7.699822e-05,0.9980003,0.00016268717,0.0005036876
syn-0416,2,2,3,2,2,0.00012650885,4.7088604e-05,0.9974611,0.00029399828,4.9930135e-05,0.00013466795,0.0006436424,0.00048754,0.00015439757,0.00027835197,0.00019565392,0.0001272523
syn-0417,2,2,3,7,7,0.0015686466,0.001749952,0.0040292195,0.0015564394,0.0025091395,0.18148805,0.0024510152,0.77159166,0.0019351294,0.0009941757,0.00032529305,0.029801218
syn-0422,2,2,3,1,1,0.00039571265,0.9974564,3.478867e-05,0.0001186116,0.00034287904,0.00021113853,0.00012850045,4.25408e-05,0.00015230032,0.00015636945,0.00060671335,0.0003540224
syn-0425,2,2,3,5,5,0.00017481422,0.00041194976,0.00010226739,0.00041376406,0.0018629838,0.99568343,8.330535e-05,0.00031240177,0.00019867164,0.000108863074,3.6894395e-05,0.00061065983
syn-0430,2,2,3,1,1,0.0012221934,0.8428422,0.0005180148,0.0057256636,0.0039012283,0.10715535,0.0008933029,0.0010122448,0.0012353931,0.0012708799,0.00070253224,0.033520944
syn-0431,2,2,3,3,3,7.720667e-05,0.00017586698,0.0002843474,0.99777454,0.0002020267,0.00028021252,0.00023758113,0.00019334082,3.9898132e-05,0.00041524088,0.000107190834,0.00021265462
syn-0436,2,2,3,6,6,0.00019963193,5.2127984e-05,0.00025998798,0.00010822048,0.00030529546,6.449531e-05,0.99756926,9.338303e-05,0.00019481711,9.3565606e-05,0.0009141181,0.00014505883
syn-0437,2,2,3,3,3,9.304593e-05,0.00027914348,0.00023621296,0.9968843,0.000334091,0.0004988435,0.00030732853,0.00021612708,4.2766256e-05,0.0004650868,0.00014299084,0.00050006283
syn-0445,2,2,3,6,6,0.00025219526,5.1815223e-05,0.00027983706,9.014278e-05,0.00030944904,9.8040364e-05,0.9974112,0.00017257103,0.00061174284,9.023086e-05,0.00047162312,0.00016116837
syn-0449,2,2,3,11,11,5.396031e-05,0.00046071518,0.00029199166,0.001447622,0.0002721662,0.00036268047,0.00070905447,0.0005396836,0.00016267663,0.00810282,0.00032352112,0.98727304
syn-0451,2,2,3,8,8,0.0004738394,0.00019093497,5.1843104e-05,3.0536572e-05,4.357109e-05,0.0003147601,0.00022640899,0.00035477016,0.9979479,0.0002360612,2.6530635e-05,0.000102901155
syn-0469,2,2,3,9,9,6.4210166e-05,0.00010412166,0.000194335,0.000404325,3.219245e-05,3.8006136e-05,0.00013136529,0.00041668885,7.9599304e-05,0.9980202,0.00015335677,0.00036170532
syn-0472,2,2,3,8,8,0.0003757502,0.00013867022,4.925162e-05,2.8700175e-05,4.64487e-05,0.00019527008,0.00023194558,0.00024884127,0.9984251,0.00014433509,2.4596553e-05,9.111994e-05
syn-0482,2,2,3,1,3,9.034184e-05,0.0010508306,0.00030832048,0.99474466,0.00016011084,0.00027990775,0.00026839718,0.00022359821,5.913202e-05,0.0019938825,0.00020943658,0.00061137474
syn-0485,2,2,3,10,10,0.00024627798,0.0006764353,6.313371e-05,4.17696e-05,9.212851e-05,2.405664e-05,0.0008538427,2.9131419e-05,2.9880555e-05,0.00012617093,0.9977156,0.00010162901
syn-0492,2,2,3,6,6,0.00021436253,5.8489106e-05,0.00041724945,0.00013336094,0.00030601243,0.000106324616,0.9974738,0.00017427551,0.00040391868,0.00010135662,0.0004249599,0.000185878
syn-0016,2,2,4,9,9,0.00022052461,0.00028902615,0.0001385409,0.00018715681,6.0464958e-05,0.00027632987,0.00016118177,0.00041320303,0.0005960187,0.9955478,0.00024891293,0.0018609118
syn-0023,2,2,4,1,1,0.0005488073,0.9963329,2.4259052e-05,9.822172e-05,0.0009830836,0.0007068795,0.00014473763,7.284976e-05,0.00018048105,0.00027014158,0.00042209701,0.00021558606
syn-0026,2,2,4,10,10,0.00046629115,0.00030222005,0.00015554107,5.750044e-05,0.00012894807,3.175476e-05,0.00037148755,2.7055396e-05,3.2698837e-05,0.00016597733,0.9980028,0.0002578407
syn-0027,2,2,4,4,4,0.0004863794,0.0004856675,2.8283044e-05,0.00033460994,0.99551195,0.0009405011,0.0013977975,4.905998e-05,0.00017291658,8.248158e-05,0.00018935616,0.0003210066
syn-0035,2,2,4,9,9,0.0029058477,0.012858818,0.00060702034,0.0011307459,0.0007963564,0.0010145843,0.0012863178,0.0011643632,0.0009301262,0.91701114,0.022185523,0.038109194
syn-0040,2,2,4,4,4,0.00078960333,0.001376188,3.7912312e-05,0.0002744497,0.9936139,0.00026940435,0.0008213082,3.8135102e-05,0.00015652952,0.00015500834,0.001860928,0.00060666754
syn-0048,2,2,4,11,11,0.00014071331,0.00024241956,0.00011965531,9.577091e-05,0.00050058,0.0022303376,0.0015430248,0.00013934585,0.0002859191,0.0018616978,0.00027070276,0.99256986
syn-0056,2,2,4,8,8,0.00055752497,0.00011222209,2.9954488e-05,1.0701483e-05,9.812111e-05,0.00012063211,0.00024393656,0.00032851307,0.9982326,0.000101137004,2.468806e-05,0.0001398674
syn-0070,2,2,4,2,2,0.00016968255,3.7529986e-05,0.99713385,0.0004214577,5.099772e-05,7.5075906e-05,0.0007034864,0.00058100786,0.00013754738,0.0002650001,0.00024175705,0.00018257691
syn-0077,2,2,4,2,2,0.00015606536,3.938251e-05,0.9964893,0.00058509695,4.939673e-05,8.510021e-05,0.0006370385,0.0011633558,0.00014848296,0.00028328865,0.00020796801,0.00015545692
syn-0084,2,2,4,5,5,0.00023503271,0.004024101,5.8618647e-05,0.0005306899,0.00620532,0.982264,0.0015632154,0.00041654328,0.00027264273,0.00052042544,0.00013470458,0.0037747591
syn-0085,2,2,4,3,1,0.002812268,0.7520918,0.00036781016,0.055393375,0.1424222,0.028071998,0.008738865,0.0016070832,0.0013167968,0.0032814587,0.0015852611,0.0023110504
syn-0086,2,2,4,10,10,0.0005439976,0.0003290262,0.00016607202,6.223865e-05,0.00010004154,3.447229e-05,0.00019949139,3.2320535e-05,3.8120106e-05,0.0001759646,0.99808466,0.00023354247
syn-0090,2,2,4,5,5,0.00015494789,0.00037654152,2.4230692e-05,0.00016365759,0.00037921692,0.9971137,0.000287228,0.00064838544,0.0003565894,0.00022555795,1.4272338e-05,0.00025571548
syn-0094,2,2,4,1,1,0.0006318515,0.97906905,0.00014043547,0.0014086853,0.0034539117,0.0072488333,0.0028583298,0.0006519086,0.0006112165,0.0021307524,0.00046182118,0.0013330654
syn-0106,2,2,4,10,10,0.00075090525,0.00030257946,0.0002562948,6.9284615e-05,0.00023358707,3.792778e-05,0.0016542027,3.3865694e-05,5.4755146e-05,0.00020664374,0.9959627,0.00043729128
syn-0107,2,2,4,10,10,0.0009799346,0.00046018403,7.549069e-05,3.3531516e-05,9.344642e-05,2.959146e-05,0.00014224545,1.8088896e-05,2.6681495e-05,0.000110214365,0.997759,0.00027155387
syn-0109,2,2,4,3,3,0.00014749826,0.0015649869,0.0009061873,0.97358286,0.0010079676,0.0036458173,0.009847651,0.0016020996,0.000116908835,0.0067913583,0.00022622966,0.00056047086
syn-0117,2,2,4,6,6,8.524323e-05,2.267561e-05,0.00029564547,0.0003652517,0.00078197074,0.00014429732,0.9971896,9.706603e-05,9.97568e-05,0.000110205256,0.00033730816,0.00047105804
syn-0119,2,2,4,6,6,0.00010198856,2.548632e-05,0.00041638024,0.00024972702,0.00042771388,0.00016361513,0.996855,0.00013967438,0.00016281818,0.00014824764,0.0004910952,0.0008182239
syn-0128,2,2,4,2,2,0.00016461939,3.7897535e-05,0.99711406,0.0004404368,5.2104195e-05,7.6854754e-05,0.00074665184,0.00052420615,0.000132534,0.00026785678,0.0002565911,0.00018617423
syn-0139,2,2,4,1,1,0.0004442304,0.99714535,2.4806095e-05,9.5463656e-05,0.00055321644,0.00048995065,0.00013903451,7.8833604e-05,0.0001797484,0.00029766024,0.00036062807,0.00019115441
syn-0147,2,2,4,0,0,0.9964579,0.0008755505,6.543798e-05,4.4537752e-05,0.0007239101,9.40106e-05,0.00018245315,8.7713124e-05,0.00056568615,0.00010244694,0.0005930059,0.00020735309
syn-0156,2,2,4,6,6,0.000106819105,2.2108045e-05,0.0003342074,0.00057038275,0.00078219466,0.00014068559,0.99723166,0.00012847151,0.00012163438,7.807425e-05,0.00016625448,0.0003175046
syn-0167,2,2,4,0,0,0.99651694,0.0005310473,0.00012663618,6.738746e-05,0.00059472653,9.9786914e-05,0.0001955642,0.00011351595,0.00029761792,8.988624e-05,0.0012079615,0.00015899257
syn-0168,2,2,4,1,1,0.000619279,0.99659604,1.813853e-05,5.9590217e-05,0.0007784585,0.00048833765,0.00012952303,5.289722e-05,0.00016087947,0.00023834563,0.0006113921,0.0002472359
syn-0173,2,2,4,8,8,0.0005036404,0.00011504232,3.33487e-05,1.2882206e-05,0.000101029975,0.00013708387,0.00028357047,0.00038643743,0.9981505,0.00011685397,2.1870612e-05,0.00013768762
syn-0182,2,2,4,6,6,6.8653804e-05,2.9355124e-05,0.0002848401,0.0003369373,0.0005108288,0.00015884734,0.9975533,0.00010316225,0.00010853625,0.000111436115,0.00023637146,0.00049771793
syn-0183,2,2,4,4,4,0.0011446389,0.0019748637,0.00017214088,0.0087990165,0.81203413,0.16529725,0.006817638,0.0007268666,0.000842357,0.00047251943,0.0003856591,0.0013330012
syn-0185,2,2,4,7,7,0.00032684047,0.00018226977,0.037337497,0.005075336,8.279978e-05,0.0007159797,0.0013461441,0.9498711,0.0009393013,0.003654735,0.00014934648,0.00031864626
syn-0195,2,2,4,4,4,0.0012605216,0.002710547,0.00019905431,0.0057450617,0.7087882,0.2669321,0.00830435,0.00061914744,0.0008579237,0.0006853337,0.0004945924,0.0034031095
syn-0197,2,2,4,11,11,0.0009806217,0.0015367199,0.00015606867,0.00033691386,0.037086163,0.0061585032,0.005688736,0.00031220354,0.0007526033,0.0008561491,0.00081375823,0.9453216
syn-0208,2,2,4,8,8,0.0011256422,0.00013463586,2.6215306e-05,9.329116e-06,8.851219e-05,0.00011482328,0.00023189274,0.00027595155,0.99771047,0.00010839446,2.647257e-05,0.00014772423
syn-0210,2,2,4,0,0,0.7909489,0.012009924,0.00017333175,0.0002925527,0.18567812,0.0012114138,0.0013984196,0.0001802365,0.00092610595,0.0003875694,0.0050624055,0.0017310387
syn-0226,2,2,4,6,6,0.00010120819,2.9110122e-05,0.00035463387,0.00031220017,0.00076475006,0.00012172325,0.9969862,0.00010575499,0.00011626262,0.00011479596,0.00055020716,0.0004431846
syn-0229,2,2,4,7,5,0.0001556256,0.0003230871,3.137121e-05,0.0002710059,0.00036042972,0.99368143,0.0002918849,0.0037011486,0.00066674605,0.000248689,1.4195456e-05,0.00025433803
syn-0236,2,2,4,11,11,0.019889534,0.023827914,0.0002921437,0.00025481227,0.010942557,0.0037262002,0.0043734196,0.0005147349,0.010153621,0.020611275,0.006901384,0.8985124
syn-0246,2,2,4,8,8,0.0075224717,0.0006997416,2.944963e-05,2.10467e-05,0.00038023398,0.0003864104,0.00075717847,0.0005866219,0.9891055,0.00020784297,3.7962072e-05,0.00026557574
syn-0250,2,2,4,11,11,0.00016530717,0.00017596857,0.00010662616,3.9882212e-05,0.00027414708,0.00022650042,0.00056330353,6.010462e-05,0.00015154632,0.00037325377,0.0004869336,0.99737644
syn-0261,2,2,4,5,5,0.00012827724,0.0003560923,4.902252e-05,0.0008450375,0.001962026,0.9947519,0.0005428434,0.00049801945,0.00019598183,0.00019751895,3.7221598e-05,0.00043608047
syn-0262,2,2,4,10,10,0.0004889123,0.0003079394,0.00012235533,4.6622605e-05,0.0001035884,2.8472008e-05,0.0001822477,2.5373038e-05,2.7975899e-05,0.00014565571,0.99825615,0.00026481302
syn-0263,2,2,4,0,0,0.9970675,0.00033866955,0.00012462,6.663917e-05,0.0004298465,9.8871766e-05,0.0002442325,0.00015524362,0.00037213744,9.752921e-05,0.0008216014,0.0001831004
syn-0265,2,2,4,3,3,4.3216685e-05,0.00012037848,0.00023835144,0.99759406,0.0002374222,0.0003578079,0.0005485219,0.00034713815,2.7256425e-05,0.00037552914,5.7029603e-05,5.326136e-05
syn-0280,2,2,4,0,0,0.9973477,0.00041796133,7.597717e-05,3.9959028e-05,0.00043278455,8.151161e-05,0.00015881461,0.000106000174,0.00060909597,7.3209376e-05,0.0005182283,0.00013865592
syn-0281,2,2,4,10,10,0.0037267543,0.002208029,7.3373194e-05,4.221705e-05,0.0005582942,5.538499e-05,0.00070349214,2.0176994e-05,6.437332e-05,0.00014198407,0.9918006,0.00060526485
syn-0286,2,2,4,8,8,0.00060227275,0.00014083451,2.7854097e-05,1.3869807e-05,0.00012854472,0.0001957204,0.00035284978,0.00046574135,0.99779993,0.00012325861,1.7774437e-05,0.0001313363
syn-0296,2,2,4,3,3,6.586458e-05,0.00022129904,0.0003182369,0.99514896,0.00026667703,0.0013493472,0.0007264979,0.0007475492,4.378966e-05,0.0009554882,7.775916e-05,7.867577e-05
syn-0300,2,2,4,10,10,0.00046685708,0.00036823392,0.00017216691,5.8177782e-05,0.00011429656,3.4943692e-05,0.00025252774,3.282656e-05,3.501201e-05,0.00018656632,0.997995,0.00028336194
syn-0304,2,2,4,1,1,0.0010726087,0.9823209,2.7261784e-05,7.3385054e-05,0.0014188958,0.00027239238,0.00019334386,4.5833585e-05,0.00011899942,0.0002889708,0.013687467,0.00047981745
syn-0312,2,2,4,11,11,0.000174226,0.00017490791,0.00010849677,3.7679016e-05,0.00032217643,0.00026179972,0.0006280249,5.9509413e-05,0.00012598143,0.00031951317,0.00059714785,0.9971904
syn-0314,2,2,4,8,8,0.00045656846,0.00013068138,3.7203932e-05,1.43433945e-05,9.509639e-05,0.00014081814,0.00024859587,0.000405585,0.9981712,0.00014074938,2.5026371e-05,0.00013410741
syn-0321,2,2,4,9,9,9.431375e-05,0.00017654576,0.00018959101,0.00034557542,3.9354236e-05,0.00020802174,0.00013993224,0.00034013472,0.00013391601,0.99772054,0.00017414847,0.00043786265
syn-0323,2,2,4,7,7,0.00023661196,9.873091e-05,0.000920523,0.00052328315,4.793001e-05,0.00062377006,0.0003451099,0.995647,0.000883639,0.00052610127,3.452269e-05,0.00011275424
syn-0328,2,2,4,10,10,0.0006335708,0.00033681566,0.000121570316,4.9819326e-05,0.000103175385,3.232322e-05,0.0001659642,2.6023214e-05,3.194664e-05,0.00013061712,0.9981675,0.0002006069
syn-0330,2,2,4,0,0,0.94861895,0.005385017,0.00014066149,0.00016253404,0.034217652,0.0003742305,0.0012427317,0.0001091202,0.0004791157,0.00019226148,0.008442914,0.0006347252
syn-0332,2,2,4,6,6,0.000113453396,2.5940519e-05,0.00045422796,0.00034488415,0.0006393142,0.00011389743,0.9969409,0.00012399725,0.00013525656,0.000109641114,0.0005345584,0.0004638658
syn-0339,2,2,4,7,7,0.00021971515,0.00010328056,0.0007957286,0.000514734,4.4160897e-05,0.0006250703,0.00030075523,0.99577564,0.0009239068,0.00057115126,3.0949937e-05,9.496085e-05
syn-0341,2,2,4,8,8,0.0003981996,0.0001117157,4.336568e-05,1.5417274e-05,9.564887e-05,0.00015412048,0.0002663776,0.0005083114,0.9981048,0.0001370776,2.4588662e-05,0.0001402598
syn-0350,2,2,4,2,2,0.00014550968,3.4561577e-05,0.9967686,0.00054405286,4.472601e-05,7.7733755e-05,0.0006284493,0.0009953498,0.00013457445,0.000268812,0.0001950413,0.00016264516
syn-0353,2,2,4,7,7,0.00019082555,0.00016037766,0.00085856806,0.0012506967,5.510123e-05,0.0063937632,0.0004071461,0.98864836,0.0007048607,0.0011400937,2.7978538e-05,0.00016226814
syn-0354,2,2,4,8,8,0.00047267493,0.000113815615,4.0503022e-05,1.3187987e-05,9.556198e-05,0.00013829705,0.0002635332,0.00038325135,0.9981724,0.00012044826,2.8137938e-05,0.00015817172
syn-0355,2,2,4,5,5,9.838576e-05,0.00049033907,3.350677e-05,0.00032512462,0.00041472542,0.9970227,0.0002674402,0.00075409404,0.00017470778,0.00016268661,2.3528959e-05,0.00023281033
syn-0357,2,2,4,3,3,9.540941e-05,0.00034257735,0.00021146842,0.9926934,0.0024048144,0.0009627191,0.0023376644,0.00026087376,4.351131e-05,0.00043624183,0.00010581506,0.00010540252
syn-0363,2,2,4,9,0,0.97691613,0.0025164548,0.00024164472,0.00014177844,0.0024778612,0.0004078527,0.0011129978,0.00036523995,0.0022169757,0.001267365,0.008167976,0.004167722
syn-0367,2,2,4,4,4,0.00040506234,0.00032883132,2.279633e-05,0.00035529106,0.9966415,0.0003366293,0.0012543993,3.04966e-05,0.00011111703,6.43096e-05,0.00020638113,0.00024317637
syn-0370,2,2,4,9,9,9.5023075e-05,0.0001533366,0.00018423815,0.0003438662,3.6101934e-05,0.00015835858,0.00016370486,0.00030569165,0.0001423682,0.9974017,0.0001822696,0.00083319057
syn-0371,2,2,4,6,6,8.7273074e-05,2.8003325e-05,0.00043114915,0.00035927247,0.00055815285,0.0001292334,0.9972851,0.00012022374,0.00010703369,0.00010797855,0.0003596235,0.000426855
syn-0374,2,2,4,8,8,0.0008640617,0.00013498975,2.774811e-05,1.069785e-05,0.00010741322,0.00013644768,0.00024846607,0.0002699544,0.99789375,0.00011936094,2.5813615e-05,0.00016124635
syn-0377,2,2,4,5,5,8.067024e-05,0.0002962344,6.520128e-05,0.0012508526,0.0006429413,0.99479467,0.000570728,0.0006365377,0.00014765256,0.0003739272,3.402476e-05,0.0011065719
syn-0379,2,2,4,3,3,0.0012042307,0.0020990924,0.00042520894,0.73359007,0.24668363,0.002130067,0.010176879,0.0006942381,0.0003430022,0.0012220007,0.00069695525,0.0007346952
syn-0393,2,2,4,2,2,0.00014566504,3.665049e-05,0.9968587,0.0006503596,4.8934828e-05,7.74377e-05,0.0007667788,0.0006409023,0.0001081434,0.0002675268,0.00023129917,0.00016765943
syn-0415,2,2,4,1,11,0.14717165,0.17648578,0.00035357825,0.00027806935,0.016953371,0.0066099246,0.0020466594,0.00053182157,0.0047493405,0.008827562,0.07292643,0.56306577
syn-0418,2,2,4,0,0,0.9883404,0.0019032934,0.0001252297,7.999046e-05,0.0017363563,0.00013633438,0.00034712357,7.662617e-05,0.0002564533,0.00010806022,0.0066463915,0.0002437554
syn-0421,2,2,4,10,10,0.0005043424,0.0010455091,8.077863e-05,4.5091987e-05,0.0002055716,3.222579e-05,0.00030225227,1.7350589e-05,2.7403144e-05,0.00015692608,0.99710447,0.00047796834
syn-0429,2,2,4,2,2,0.00017286526,3.6093264e-05,0.99716216,0.00039569254,4.8285045e-05,7.559303e-05,0.0007547522,0.0004921168,0.0001378202,0.00026423237,0.00026800056,0.00019228099
syn-0440,2,2,4,1,1,0.11756717,0.7987319,0.0001342058,0.00039061948,0.040313937,0.008695649,0.002488154,0.000927941,0.026933663,0.0017319298,0.0008734241,0.0012114457
syn-0444,2,2,4,5,5,0.00017365103,0.00052710477,9.721933e-05,0.0014572495,0.0025667788,0.98809296,0.0046934476,0.00060669385,0.00024227066,0.00034669798,7.126624e-05,0.0011246328
syn-0448,2,2,4,4,5,0.00012692556,0.00036512557,2.686613e-05,0.00022505721,0.0008637863,0.99684525,0.00034033446,0.0004725653,0.00022461808,0.0001620235,2.4653747e-05,0.00032285217
syn-0453,2,2,4,1,1,0.0044169165,0.9547203,5.56551e-05,0.00012275486,0.001358312,0.00031933608,0.0001731121,0.000105614825,0.00025434842,0.0008335692,0.036946293,0.0006937578
syn-0454,2,2,4,11,11,0.00017665327,0.00016481982,0.00020652858,0.00012551082,0.00032364836,0.0008428685,0.0013712874,0.00017493653,0.0002878588,0.0024398142,0.00042067672,0.99346536
syn-0457,2,2,4,9,9,9.892303e-05,0.00017429484,0.00032994695,0.00042428132,3.435422e-05,0.00019368189,0.00020002526,0.00044725602,0.00015411538,0.9966107,0.00018975035,0.001142666
syn-0459,2,2,4,5,5,0.004218289,0.006987546,0.00015629962,0.0013971707,0.22574592,0.7401924,0.008954133,0.0015785703,0.0076637855,0.00094629667,0.00022919825,0.0019303309
syn-0468,2,2,4,6,6,9.024334e-05,2.013601e-05,0.00042395567,0.00029202114,0.00035138582,0.00013653381,0.9975491,0.0001244369,0.00011143565,9.834162e-05,0.00025733054,0.00054503477
syn-0484,2,2,4,3,3,8.290595e-05,0.00021357666,0.00039648893,0.99673283,0.0006245266,0.00020161876,0.00073877483,0.0003476863,4.267632e-05,0.0004208256,0.00010511043,9.3031784e-05
syn-0489,2,2,4,11,11,0.0002020462,0.0003504709,0.00011489782,4.4819215e-05,0.00031708818,0.0003721646,0.0005265689,5.6878547e-05,0.00011762255,0.0008134778,0.0021322682,0.9949517
