id,fold_seed,model_seed,fold,gold,pred,prob_0,prob_1,prob_2,prob_3,prob_4,prob_5,prob_6,prob_7,prob_8,prob_9,prob_10,prob_11
syn-0003,0,0,0,2,2,0.00014246925,0.00019031431,0.9981096,0.00024661593,5.3184907e-05,7.783833e-05,0.0002280546,0.0003486769,0.00011425389,9.858923e-05,0.00018445896,0.00020587933
syn-0004,0,0,0,10,10,0.00010552469,0.00017959122,0.00021326984,0.00011806669,0.00015368754,0.00014234609,0.00024601206,0.00020280911,0.00043674748,0.00020711233,0.99773383,0.0002610486
syn-0006,0,0,0,7,9,0.0022086657,0.045281403,0.059929557,0.0011084198,0.00086492597,0.006068617,0.005040896,0.24937333,0.18568082,0.4184382,0.015687086,0.010318027
syn-0008,0,0,0,8,8,0.00010702765,0.00013190362,8.838311e-05,6.459934e-05,0.00022707591,0.00010797246,0.00040396742,0.00018820658,0.99820316,0.00021535887,0.0002205198,4.1830845e-05
syn-0011,0,0,0,10,10,0.00012917687,0.00036503782,0.00024145203,0.00015161416,0.0001620241,0.00023379493,0.00031522053,0.00022516797,0.0026174916,0.0003989628,0.9949038,0.00025614735
syn-0015,0,0,0,6,6,0.00012249107,0.00020618834,0.00018778247,0.00021461144,0.00014327651,0.00023461372,0.99790084,6.78776e-05,0.00041055537,7.721644e-05,0.00022207359,0.00021252582
syn-0016,0,0,0,9,9,0.00028039564,0.00016924016,0.00012047895,0.00031433505,7.916649e-05,0.00010726089,7.451544e-05,0.00017056752,0.00028397806,0.9974521,0.0005410048,0.00040700327
syn-0017,0,0,0,3,3,0.00034415457,0.00022970459,0.00019192536,0.9972638,0.00044455437,0.00044777367,0.00019117711,0.00010113756,7.876601e-05,0.00037978357,0.00017680992,0.00015035
syn-0020,0,0,0,6,6,8.3820705e-05,0.0001586759,0.00019479384,0.00024047958,0.00013645363,0.00033056768,0.9979373,7.506306e-05,0.00028409885,7.691821e-05,0.0002616123,0.00022019212
syn-0034,0,0,0,0,0,0.997647,0.00022272285,0.0001791377,0.00018966962,0.00034813266,0.00021873518,0.00011679502,0.00024437445,0.00013654721,0.0003117975,0.0001411571,0.00024401673
syn-0044,0,0,0,2,2,0.00016097279,0.00024182582,0.9976611,0.00023767014,5.7480756e-05,9.598054e-05,0.00024147185,0.00063139683,0.00013273627,0.00012439014,0.00018401632,0.00023097727
syn-0049,0,0,0,8,8,0.00013072882,0.00014799058,8.7938766e-05,6.0675924e-05,0.0002499644,0.0001008223,0.00028978687,0.00020277358,0.99804616,0.00038442103,0.0002577732,4.0935283e-05
syn-0052,0,0,0,4,4,0.0015288765,0.00012247101,4.881084e-05,0.00039312753,0.9962769,0.00045759033,0.0001507891,0.00018565496,0.0002587652,0.00011720553,0.00018367129,0.00027606005
syn-0053,0,0,0,10,10,0.00012291702,0.00017283366,0.00021805592,0.00015222756,0.00020660248,9.6102536e-05,0.00026123377,0.00018605831,0.00026142516,0.00016275908,0.997954,0.000205797
syn-0055,0,0,0,3,3,0.00028056523,0.0003143716,0.00024198045,0.9975681,0.00031706938,0.00026479206,0.00031502466,6.436939e-05,6.852086e-05,0.00027173402,0.00016794265,0.0001255378
syn-0063,0,0,0,1,1,0.00024181679,0.99786735,0.0002248484,0.0002505917,0.00011602496,0.00020037529,0.0001770898,0.00012314662,0.0001625861,0.00014825334,0.00025603376,0.00023198586
syn-0069,0,0,0,11,11,0.00022364095,0.0003514932,0.00024586153,0.00014673894,0.00019054447,0.00021878057,0.00026766316,0.00022528495,6.1649655e-05,0.0002872308,0.00041428657,0.99736685
syn-0072,0,0,0,0,0,0.997736,0.00022813628,0.00017594607,0.0002263609,0.00028006488,0.00021078563,0.00012289015,0.00020691063,0.00015748618,0.00031030644,0.00013925278,0.00020590279
syn-0073,0,0,0,11,11,0.00018505527,0.0003309454,0.00026340212,0.00014265091,0.00017460898,0.00020156335,0.00030570105,0.00022963126,6.262462e-05,0.00027483262,0.00039652514,0.9974324
syn-0077,0,0,0,2,2,0.0001425981,0.00019207419,0.99803716,0.00025654663,5.338919e-05,7.2903145e-05,0.0002384282,0.0004075155,0.00010230913,0.00011013747,0.00018928111,0.0001976398
syn-0081,0,0,0,10,10,0.00011094028,0.0001707404,0.00017875977,0.00014065314,0.00018246358,0.00012794112,0.00026808825,0.00014010476,0.0010347366,0.00028551783,0.9970016,0.00035842575
syn-0084,0,0,0,5,5,0.00019147729,0.00026668492,0.00011721929,0.00035875433,0.00039373807,0.99736756,0.00032152643,0.0003007951,0.00017665573,0.00013295663,0.00012094023,0.0002517536
syn-0090,0,0,0,5,5,0.00031694834,0.00022453064,7.643002e-05,0.00030570055,0.0014864544,0.99645716,0.00021268518,0.00031195834,0.00023267829,0.00010477396,0.00010365448,0.0001671016
syn-0093,0,0,0,5,5,0.00021587637,0.0003730009,0.0002085206,0.00057974615,0.00032296302,0.9942703,0.0028450023,0.00038249948,0.00023410283,0.00012561251,0.00012500068,0.00031733554
syn-0098,0,0,0,10,10,0.00012172433,0.00018688058,0.00018889889,0.00015327406,0.00020305515,8.767474e-05,0.00030903684,0.00015364873,0.0002698595,0.00015200702,0.9979691,0.00020484767
syn-0101,0,0,0,3,3,0.00021015624,0.00029949544,0.00026945095,0.99767536,0.00039612578,0.0002203494,0.0002626955,6.294648e-05,5.9132737e-05,0.00026482053,0.00014557096,0.00013390994
syn-0109,0,0,0,3,3,0.0003958452,0.00036502603,0.00019884921,0.993658,0.0009264547,0.0007430102,0.00032025238,0.00010928007,0.00012358892,0.00232513,0.00058359484,0.00025087845
syn-0120,0,0,0,3,3,0.0002621843,0.00044560956,0.0002559858,0.99622005,0.0006558406,0.00015972317,0.0003335425,6.9370224e-05,0.00012270344,0.00088027056,0.0004376847,0.00015709341
syn-0121,0,0,0,9,9,0.00031289004,0.000188853,0.00013576029,0.00021982339,8.282668e-05,0.000109513414,9.348902e-05,0.00024964043,0.00038291654,0.9977266,0.000188853,0.00030879208
syn-0139,0,0,0,1,1,0.0001920406,0.99786264,0.00024252512,0.00028991044,0.00012780174,0.00019420947,0.00018989596,0.0001224266,0.0001321164,0.00015719885,0.00020135513,0.0002878651
syn-0148,0,0,0,7,7,0.00015672189,0.00016456425,0.00032363005,4.7611135e-05,0.00017053584,0.0004240945,6.7933914e-05,0.9977539,0.00027599724,0.00018693153,0.00018091506,0.00024710048
syn-0155,0,0,0,4,4,0.00026372515,8.886682e-05,4.7058744e-05,0.0003686576,0.99780256,0.00042494433,0.00015943105,0.00012501671,0.00032172556,7.942667e-05,0.00014544741,0.00017306076
syn-0158,0,0,0,1,1,0.00020674545,0.99791354,0.00020533697,0.0002794317,0.00013058388,0.00019689296,0.000223436,0.00010606031,0.00015022773,0.00013873458,0.00018085567,0.00026820248
syn-0166,0,0,0,5,5,0.0009803021,0.0007457745,0.00019153072,0.0016699944,0.41771233,0.57317966,0.0009432077,0.00078615785,0.0019262622,0.0005662482,0.0005520518,0.0007465031
syn-0169,0,0,0,4,4,0.00066150416,9.727327e-05,4.7825702e-05,0.00041305018,0.9973686,0.0003251183,0.00017752059,0.00015280832,0.00026261475,8.0800026e-05,0.00020622938,0.0002065317
syn-0173,0,0,0,8,8,0.00011491,0.00015075163,8.844938e-05,6.2658786e-05,0.00019932374,0.00011104877,0.0006561154,0.00019451637,0.9979766,0.00019806254,0.00020600272,4.1658303e-05
syn-0175,0,0,0,11,11,0.00022100576,0.0006337265,0.0002991434,0.00021129746,0.00020221298,0.0002545003,0.0002937875,0.00023571934,7.8341654e-05,0.0004161315,0.0023529453,0.99480116
syn-0196,0,0,0,4,4,0.0009921724,0.0001131269,5.3541837e-05,0.0004418622,0.9969886,0.00033318915,0.00013928443,0.00013942052,0.00030274328,9.9154e-05,0.00019709503,0.00019990577
syn-0223,0,0,0,6,6,0.00012282065,0.00016183933,0.0001850069,0.00023906624,0.00024259397,0.00016952335,0.9971717,6.6516084e-05,0.0005030237,0.00010034123,0.0008385075,0.00019906578
syn-0230,0,0,0,9,9,0.00030340333,0.00016903438,0.00014997569,0.00020529296,8.314861e-05,0.00012409162,9.8934455e-05,0.00029644737,0.00037974096,0.9976997,0.00018564795,0.00030466518
syn-0233,0,0,0,8,8,0.0001167665,0.00014818441,8.4432926e-05,5.2272233e-05,0.00016426563,0.00012260949,0.00030925398,0.00019153093,0.9983779,0.00021996688,0.00016956276,4.320843e-05
syn-0241,0,0,0,1,1,0.00025488433,0.9977627,0.00018895208,0.00027438722,0.0001275396,0.00021130653,0.00015795247,0.00014297715,0.00016051823,0.00015535187,0.00026445606,0.00029886427
syn-0246,0,0,0,8,8,0.0009854033,0.000920742,0.00043620382,0.00035255935,0.0008653795,0.0005386398,0.055699084,0.00040937559,0.93840575,0.0005455216,0.00063405326,0.00020725896
syn-0248,0,0,0,6,6,9.1479335e-05,0.00016572858,0.00020221388,0.0002765286,0.00017368206,0.00023257635,0.9974807,7.8706245e-05,0.00018104223,7.886011e-05,0.0008082117,0.00023037239
syn-0249,0,0,0,8,8,0.00013138943,0.00020710871,0.00010222632,6.3349915e-05,0.00018117343,0.00025499696,0.0001896828,0.0002010309,0.9972293,0.0007728913,0.0006067974,6.0037088e-05
syn-0252,0,0,0,8,8,0.000114169,0.00013995111,8.4843196e-05,5.268034e-05,0.00016725436,0.00011044048,0.0003426813,0.00019387642,0.9983425,0.00023655848,0.00017425703,4.086754e-05
syn-0254,0,0,0,7,7,0.006969368,0.017710555,0.0018074812,0.0005931407,0.0043497053,0.0034132893,0.0012904877,0.9281053,0.009255658,0.0046065585,0.005741359,0.01615717
syn-0270,0,0,0,10,10,0.00016684252,0.00027273633,0.00020562102,0.00024453897,0.00029779226,0.0001109784,0.00043612413,0.00016790496,0.00022649308,0.00020521981,0.9973442,0.0003216759
syn-0273,0,0,0,0,0,0.9976138,0.0002526162,0.00017939434,0.00026825286,0.00035650702,0.0002114814,0.0001139743,0.00020728975,0.00011863032,0.00030905884,0.00013991725,0.00022911298
syn-0274,0,0,0,9,9,0.00020741466,0.00014607704,0.00013576043,0.00015879756,6.5842076e-05,0.0001209839,8.4542895e-05,0.00024160591,0.0005764778,0.9977277,0.00024493178,0.00028994202
syn-0275,0,0,0,0,0,0.9976674,0.00024047322,0.00017567645,0.00019694053,0.00035800898,0.00021566408,0.0001329966,0.00024283312,0.00014102222,0.00024366454,0.00015979909,0.00022546292
syn-0276,0,0,0,6,6,9.187747e-05,0.00013058422,0.00022458508,0.00020938742,0.0001507425,0.00022463991,0.99791616,7.5134805e-05,0.00034801406,7.462294e-05,0.00035853565,0.00019564763
syn-0284,0,0,0,0,0,0.99769044,0.00024510213,0.00017949574,0.00017792505,0.00031135467,0.00020489049,0.000108551176,0.00019389173,0.00023779321,0.00031135467,0.00013708761,0.00020210832
syn-0296,0,0,0,3,3,0.00018279022,0.00025285143,0.00018048432,0.99732435,0.00059250806,0.00059890724,0.00020312221,7.4724485e-05,6.937934e-05,0.00024274962,0.00014488165,0.00013321081
syn-0302,0,0,0,10,10,0.00011301605,0.00016645697,0.00020675485,0.00014237821,0.00018077559,8.514253e-05,0.0003440163,0.00014632508,0.00030790406,0.0001681726,0.9979589,0.00018007081
syn-0304,0,0,0,1,1,0.00020947657,0.9978536,0.00022727365,0.0002967828,0.00014215478,0.00018351339,0.00019697729,0.00011523293,0.00014008764,0.00013644219,0.00020886377,0.00028962485
syn-0311,0,0,0,9,9,0.0006292322,0.0003406075,0.00022744812,0.0023585195,0.00015092242,0.00010859924,0.00015617006,0.0001569345,0.00033532688,0.99327034,0.0016748925,0.0005909646
syn-0316,0,0,0,0,0,0.9976,0.00022033276,0.00014463894,0.00023719188,0.0004846112,0.00026139623,0.0001195591,0.00018364601,0.00016104153,0.00021755324,0.00015202504,0.00021797857
syn-0318,0,0,0,11,11,0.0012163376,0.025218619,0.0006239805,0.0012324793,0.000883829,0.00042760058,0.0014227373,0.00033497263,0.00016373159,0.0006041924,0.0028852567,0.96498626
syn-0328,0,0,0,10,10,0.0001253268,0.00021995537,0.00020672988,0.00014146022,0.00016013897,9.9724275e-05,0.00025211854,0.00015445598,0.00045397138,0.00017952235,0.99783844,0.0001681523
syn-0332,0,0,0,6,6,8.17234e-05,0.00014972633,0.00020430218,0.00028975672,0.00017780441,0.00020167565,0.9979881,6.80827e-05,0.00022421774,8.029941e-05,0.00031170432,0.00022263589
syn-0345,0,0,0,7,7,0.0037978059,0.000532368,0.0009984872,0.00016236308,0.000879872,0.001959004,0.000687927,0.98537004,0.0007118466,0.00077006564,0.0014120516,0.0027181483
syn-0354,0,0,0,8,8,0.00014832009,0.00014389722,8.7192886e-05,5.8367288e-05,0.0002030267,0.00010851331,0.00022358086,0.00020637503,0.99831676,0.00030571077,0.0001516892,4.6579928e-05
syn-0356,0,0,0,8,8,0.00013717699,0.0001531815,9.2954666e-05,6.0016042e-05,0.00020648084,0.0001271781,0.00081804435,0.00015014538,0.9978536,0.00017987606,0.00017996391,4.1409825e-05
syn-0357,0,0,0,3,3,0.0001721778,0.0003060422,0.00024893205,0.9975708,0.0003515007,0.00037710523,0.0002767562,5.8209876e-05,6.0587827e-05,0.00024621218,0.00017429247,0.00015746012
syn-0371,0,0,0,6,6,9.536374e-05,0.00018017508,0.00019567373,0.00024905143,0.00016917619,0.00020242795,0.99804926,6.599206e-05,0.00022698546,7.47788e-05,0.00028334273,0.00020783639
syn-0372,0,0,0,1,1,0.00024518708,0.997549,0.00027312554,0.0003669926,0.00010116648,0.00016150578,0.000188543,0.00015931271,0.00012964688,0.00018309942,0.00029337883,0.00034907713
syn-0380,0,0,0,4,5,0.0004882216,0.00039229705,0.00013360276,0.0010263985,0.024508739,0.9713795,0.00040062086,0.000520471,0.00044193378,0.00023608853,0.00017238905,0.00029961194
syn-0382,0,0,0,0,0,0.99765354,0.0002528731,0.00019521447,0.00021735256,0.00028065775,0.00018213768,0.00011409021,0.00020689353,0.00015839856,0.00036613608,0.00015670613,0.00021608271
syn-0383,0,0,0,2,2,0.00014127983,0.00021348878,0.9980268,0.00024777226,5.1948566e-05,8.244804e-05,0.00023338642,0.00034038452,0.000117755866,0.000116554584,0.00020707202,0.00022107374
syn-0419,0,0,0,1,1,0.00033926306,0.97925687,0.00059194665,0.0006626251,0.00017965416,0.00036934705,0.0012674585,0.0003218358,0.0013427536,0.0004538612,0.014524785,0.0006896943
syn-0421,0,0,0,10,10,0.0001081167,0.00017387017,0.00020496918,0.0001672093,0.00016317648,0.00011464094,0.0002785229,0.00014449577,0.00052880176,0.00029288884,0.99758637,0.00023684144
syn-0425,0,0,0,5,5,0.00022173603,0.00021324147,0.00010561374,0.00015924325,0.0004150673,0.9976011,0.00024966997,0.0003988741,0.00022671741,0.00011531633,9.625636e-05,0.00019711984
syn-0448,0,0,0,4,5,0.00018536876,0.00022957145,0.00011155688,0.00019369647,0.0004039939,0.99765956,0.00026924937,0.00036617185,0.00017627655,0.0001119935,8.461972e-05,0.00020790746
syn-0452,0,0,0,10,10,8.612025e-05,0.00017303579,0.00022661983,0.00014191898,0.00015832204,9.931759e-05,0.00057657866,0.00013228304,0.00033858093,0.00016656949,0.9976586,0.0002421206
syn-0454,0,0,0,11,11,0.00019125808,0.0004032164,0.00026398423,0.00013762356,0.00018107951,0.00027773585,0.00027050846,0.0005963518,8.396345e-05,0.00033821847,0.00054370007,0.9967123
syn-0455,0,0,0,2,7,0.00087202206,0.0040677846,0.12580575,0.0010214903,0.00063055224,0.0006891529,0.001344692,0.85972637,0.0024552185,0.0014511216,0.0006627519,0.0012731287
syn-0457,0,0,0,9,9,0.00031511643,0.00018226412,0.00014201677,0.00031957123,6.9892674e-05,0.000111688154,8.974397e-05,0.00019862017,0.00018631326,0.9978587,0.00018181968,0.00034419177
syn-0459,0,0,0,5,5,0.009305094,0.0015459525,0.00044748784,0.0015108781,0.052742697,0.86631924,0.0011629643,0.0021621205,0.06324816,0.00054934545,0.00040034283,0.0006056994
syn-0480,0,0,0,1,1,0.0005550389,0.9874933,0.0007235538,0.0016182597,0.0003299756,0.00073854555,0.00087618845,0.00051963166,0.0002510322,0.00052370725,0.0007349482,0.005635884
syn-0487,0,0,0,6,6,0.000105746316,0.0001924191,0.0001950679,0.00022104087,0.00015191903,0.00025829682,0.99787843,6.47678e-05,0.0003978178,6.747953e-05,0.00025053328,0.00021655399
syn-0489,0,0,0,11,11,0.0005703209,0.000885922,0.0005767619,0.00028973105,0.0003782497,0.00046890412,0.0010337267,0.0007772558,0.00025518783,0.00069877174,0.015392095,0.97867316
syn-0495,0,0,0,2,2,0.00014035968,0.00016449821,0.99735355,0.00045408326,5.54238e-05,0.00020432187,0.00026525266,0.0007680964,0.00010990094,9.6514814e-05,0.00017180442,0.00021617602
syn-0496,0,0,0,8,8,0.00011151129,0.00013850725,9.119079e-05,5.6071396e-05,0.00016569055,0.00010713469,0.00048273022,0.00017457736,0.9982262,0.00022394297,0.00018126603,4.1263782e-05
syn-0497,0,0,0,5,5,0.00033358403,0.00051239406,0.00020642029,0.00014131736,0.00044084946,0.9929444,0.00043190067,0.0031052572,0.000974492,0.0002553934,0.00021443363,0.00043955978
syn-0498,0,0,0,7,7,0.00016563837,0.0001246038,0.00031630267,5.6493373e-05,0.00014811524,0.00034065708,8.431114e-05,0.9979119,0.00032225216,0.0001906486,0.00015170174,0.00018732666
syn-0013,0,0,1,6,6,6.7230205e-05,0.00019591929,0.00019373132,0.0001778647,0.0001880461,0.00018708447,0.99808276,5.3027892e-05,0.00017167836,0.00011030396,0.0003947064,0.00017769108
syn-0018,0,0,1,3,6,6.055646e-05,0.00015320836,0.00020291856,0.0002859297,0.0003244213,0.00018739427,0.99802846,4.1417083e-05,0.00018480455,0.00010805904,0.00022988072,0.00019287136
syn-0031,0,0,1,0,0,0.99760497,0.00023858693,0.00018027083,0.00029692624,0.00037954273,0.0002069845,7.8103476e-05,0.0002136592,0.00015502423,0.00025822603,0.00017921766,0.0002084043
syn-0032,0,0,1,4,4,0.0004906548,0.0003024313,0.0002309781,0.0011714654,0.9522107,0.00082048937,0.042000964,0.00024683724,0.001212059,0.00039483013,0.0004920944,0.00042649652
syn-0037,0,0,1,8,8,0.00011040664,0.00014093673,9.215816e-05,5.3965774e-05,0.00019682113,6.3836094e-05,0.00040966,0.00020476153,0.9980367,0.0002897487,0.0003368126,6.421123e-05
syn-0041,0,0,1,10,9,0.00047001665,0.0002752985,0.00019578864,0.00026695878,0.00013196074,0.00010428765,0.0001777461,0.00030877168,0.0006943111,0.9928012,0.003998351,0.00057531433
syn-0042,0,0,1,9,9,0.0002121916,0.00012816767,0.0001259344,0.00018620987,6.7638626e-05,6.910752e-05,0.00010925355,0.00019658082,0.00021574373,0.99827945,0.00013127115,0.00027844435
syn-0045,0,0,1,9,9,0.0004571434,0.00013547817,0.00011531618,0.00033926422,0.00010551051,6.443432e-05,0.00011622061,0.00015547825,0.0003269051,0.9975998,0.00035584983,0.00022866273
syn-0046,0,0,1,8,8,0.0002064759,0.00014477826,9.0555695e-05,4.3406686e-05,0.0002963775,7.50733e-05,0.0001780803,0.0003510666,0.99807346,0.00030739483,0.00015570407,7.7759534e-05
syn-0057,0,0,1,8,8,0.00011137924,0.00014420584,0.00010013263,4.4782086e-05,0.0002015833,7.397752e-05,0.00024044038,0.00025032382,0.99801826,0.00026862384,0.00048262966,6.3772604e-05
syn-0059,0,0,1,3,3,0.00025869763,0.00025800383,0.00026463857,0.9977203,0.0002561836,0.00038384134,0.00021939308,5.249349e-05,5.0828774e-05,0.00023127311,0.00013776273,0.00016666115
syn-0070,0,0,1,2,2,0.00016516111,0.00024154321,0.9979559,0.00028481596,6.5472384e-05,9.125518e-05,0.00022768574,0.00032783122,0.00015016078,0.00010805119,0.00017675995,0.00020524545
syn-0071,0,0,1,6,6,6.340408e-05,0.00013902925,0.00021096169,0.00022732565,0.00029275726,0.00021744588,0.9980819,4.294326e-05,0.0001936366,0.00011008865,0.00026703076,0.00015344117
syn-0076,0,0,1,5,5,0.0002570027,0.00032557664,0.00011757827,0.000343437,0.00044617997,0.9974953,0.00023457564,0.00030028328,0.000114966795,8.729147e-05,8.7036104e-05,0.00019075519
syn-0079,0,0,1,1,1,0.00020330462,0.99724555,0.0001728797,0.00021641664,0.00010383783,0.00040195737,0.00070666376,0.00011928341,0.00021140334,0.00013151995,0.00022702428,0.0002602846
syn-0086,0,0,1,10,10,0.00013484688,0.00020926325,0.00014214878,0.0001204635,0.00013905944,7.884775e-05,0.00022464375,0.00016297438,0.00017395185,0.00013295088,0.9982987,0.00018221098
syn-0087,0,0,1,5,5,0.0011532949,0.0007074952,0.00013535787,0.00039590106,0.005880556,0.98702776,0.00045970202,0.0012073893,0.0022972433,0.00020379241,0.00021799775,0.00031348952
syn-0091,0,0,1,4,4,0.00023897665,6.3430816e-05,6.250842e-05,0.0005035722,0.99752825,0.0004879598,0.0002969034,0.00015090477,0.00030986336,0.00011769704,0.00013040604,0.00010959862
syn-0111,0,0,1,3,3,0.00022437045,0.00027430104,0.000385239,0.99769294,0.0002733651,0.00024206981,0.00028922496,4.5030563e-05,6.300909e-05,0.00022635114,0.00012482,0.00015925792
syn-0118,0,0,1,5,5,0.00019734997,0.00029528255,0.00012022598,0.00042540644,0.0006141459,0.9973037,0.0002868622,0.00023151544,0.0001101103,0.00010506798,9.030929e-05,0.00022005232
syn-0128,0,0,1,2,2,0.00018577233,0.00029462506,0.9978808,0.00028829233,6.623917e-05,9.414484e-05,0.00022600718,0.00033240017,0.00014236706,0.000105643354,0.00017761174,0.00020613387
syn-0130,0,0,1,6,8,0.0001953391,0.00038904764,0.00012704753,9.1598304e-05,0.00041575995,0.00011113794,0.002078669,0.00026055734,0.9958561,0.00015505501,0.00024693174,7.2814895e-05
syn-0133,0,0,1,2,2,0.00014181893,0.00023866454,0.99792945,0.00029331166,6.114467e-05,0.000103503946,0.000244384,0.0003263452,0.00015759366,0.00013014037,0.0001832587,0.00019046586
syn-0134,0,0,1,5,5,0.00022273563,0.0003052622,0.0001475431,0.0003710365,0.00031905406,0.9974606,0.00022073268,0.00044649138,0.00012626193,9.165634e-05,8.593516e-05,0.00020265461
syn-0146,0,0,1,10,10,0.0001457877,0.0002113445,0.00015360703,0.00015070959,0.00016129352,7.62641e-05,0.00030905675,0.00011392833,0.00021222347,0.00013615476,0.9981856,0.00014401888
syn-0147,0,0,1,0,0,0.9975986,0.00023351422,0.00019105463,0.00037043155,0.0002796847,0.00017209852,8.073977e-05,0.00019750473,0.0001535167,0.0003539432,0.000176438,0.00019245908
syn-0151,0,0,1,10,11,0.00054424134,0.0011957181,0.0009105431,0.00041041392,0.00037041612,0.00043816518,0.00081461295,0.0007996374,0.0003878139,0.0007799705,0.06352307,0.9298254
syn-0167,0,0,1,0,0,0.9976907,0.00023814185,0.00020750826,0.00028039425,0.0002891537,0.00020449076,8.16193e-05,0.0002086258,0.00018178906,0.00025103716,0.00017278806,0.00019389177
syn-0181,0,0,1,10,10,0.00014381019,0.0002823928,0.00018020232,0.00014381019,0.00023059484,7.424434e-05,0.0049183127,0.00010307804,0.0014425365,0.00028586105,0.991884,0.00031120967
syn-0187,0,0,1,3,3,0.000285304,0.00025781363,0.0003090903,0.99771535,0.00029598194,0.0003795847,0.00021811025,5.102746e-05,5.1679403e-05,0.00017577072,0.00011980669,0.0001404106
syn-0191,0,0,1,4,4,0.0009128865,0.0004483948,0.00037832448,0.26166356,0.7281426,0.0031307677,0.0022926165,0.00020730472,0.0007501871,0.0005662709,0.0009418647,0.000565166
syn-0202,0,0,1,10,10,0.00021692528,0.00022196112,0.0002513921,0.000118691256,0.0001767901,9.490655e-05,0.00023941197,0.00025987925,0.0011533793,0.00063331256,0.9961786,0.00045465695
syn-0213,0,0,1,0,0,0.99752706,0.00026061246,0.00019001757,0.0002675755,0.0003728092,0.00018462155,7.7944984e-05,0.00020485693,0.00032632315,0.00019981853,0.00018992482,0.00019845723
syn-0222,0,0,1,8,8,0.00017853365,0.00013958635,9.6217664e-05,5.080227e-05,0.0003892162,0.000120683995,0.0002117036,0.00028005117,0.9981744,0.00015832657,0.00013681967,6.365814e-05
syn-0232,0,0,1,8,8,0.00018030591,0.00016075939,9.622846e-05,5.5097702e-05,0.000296984,8.3768195e-05,0.00017855367,0.0002548314,0.9982864,0.00022123927,0.00012904772,5.6791203e-05
syn-0236,0,0,1,11,11,0.00020707185,0.00034424948,0.00024303906,0.00023293085,0.00018516538,0.00017746422,0.00016859501,0.00025148963,0.00010571033,0.00032840495,0.00021700944,0.9975388
syn-0237,0,0,1,4,4,0.0004352846,6.324683e-05,5.1822593e-05,0.00047399898,0.99755305,0.00040173787,0.0002377024,0.0001514252,0.00025377533,0.00012977405,0.00012952085,0.000118739
syn-0264,0,0,1,0,0,0.9976453,0.00022645088,0.00016754611,0.00025547732,0.00030711293,0.00025710417,7.3374395e-05,0.00026591393,0.0001709341,0.0002699037,0.00017817781,0.00018275979
syn-0267,0,0,1,4,4,0.00052976544,7.336035e-05,5.9933467e-05,0.0002760491,0.99745435,0.0003602777,0.00029092602,0.00018889368,0.0003632475,0.0001113163,0.00016833398,0.00012357743
syn-0268,0,0,1,6,6,6.303528e-05,0.00014163664,0.00020810244,0.0002258655,0.00028263495,0.00014735071,0.9981077,4.4873654e-05,0.00021174113,0.0001131986,0.00027942634,0.00017442883
syn-0271,0,0,1,2,2,0.00013814293,0.00023677427,0.997547,0.00046121085,6.531786e-05,0.0001283867,0.00028076483,0.000377456,0.00015822705,0.00024333791,0.00017816025,0.00018516691
syn-0272,0,0,1,3,3,0.0005175675,0.00044349674,0.00024695613,0.99692756,0.00053402944,0.00028141373,0.00042847657,3.594409e-05,6.9351736e-05,0.0001758035,0.00014638813,0.00019308241
syn-0279,0,0,1,0,0,0.9976179,0.00025924007,0.00018864812,0.00029339912,0.0002875136,0.00022260763,7.6295204e-05,0.00020003197,0.00022699819,0.0002931843,0.0001648635,0.00016926829
syn-0281,0,0,1,10,10,0.00013986719,0.0001533143,0.00017103448,9.898715e-05,0.00018117842,7.649134e-05,0.00075796305,0.00016797223,0.0014588734,0.0002538858,0.99628335,0.00025712952
syn-0283,0,0,1,7,7,0.00015003084,0.00012055317,0.00025944374,3.66949e-05,0.00014080337,0.00036237398,3.5082972e-05,0.9980666,0.00031162417,0.0001773415,0.00013916296,0.00020026855
syn-0294,0,0,1,1,1,0.00019803536,0.99783957,0.00018952106,0.00023759663,8.123387e-05,0.00035135943,0.00023175296,0.0001545316,0.00016006098,0.00013913131,0.00016465876,0.0002524268
syn-0295,0,0,1,10,10,0.00092013663,0.0048364974,0.0008703175,0.054799493,0.039896883,0.010367148,0.05363472,0.00039613253,0.0010105724,0.0007970899,0.8292136,0.0032573927
syn-0297,0,0,1,11,11,0.00014119109,0.0002693108,0.00022125879,0.00013367704,0.000108360735,0.00016258933,0.00023415274,0.00023656606,8.1874896e-05,0.0002659784,0.00025766925,0.9978872
syn-0298,0,0,1,7,7,0.00015719412,0.00015220903,0.00023297101,4.4992907e-05,0.00016947014,0.0005666308,4.530153e-05,0.9978326,0.0002821424,0.00017459376,0.00012471562,0.00021717936
syn-0308,0,0,1,3,3,0.0002550629,0.0002580065,0.00025159947,0.9977308,0.00034786446,0.00033951597,0.00028274275,3.8367973e-05,6.215586e-05,0.00016707026,0.000118992335,0.00014787159
syn-0313,0,0,1,11,11,0.0002101872,0.003287881,0.00023288332,0.00048727024,0.00028201038,0.00047343297,0.0023314566,0.0004932548,0.00012711203,0.00026414922,0.0012696042,0.9905408
syn-0314,0,0,1,8,8,0.00012812419,0.00015484942,9.910343e-05,5.283944e-05,0.00019907346,6.348804e-05,0.00020796608,0.00021144748,0.9984282,0.00023884213,0.00015537959,6.075846e-05
syn-0325,0,0,1,4,3,0.0011520876,0.00043345668,0.00048167066,0.752949,0.2378532,0.0023408146,0.0021780205,0.0002452936,0.00065196765,0.00061968656,0.00059246505,0.00050232775
syn-0336,0,0,1,0,0,0.99756694,0.0002594801,0.0002152216,0.00036538992,0.00032080652,0.00022390437,8.3137544e-05,0.00021136824,0.0001240751,0.00026863348,0.00017285101,0.0001882704
syn-0343,0,0,1,8,8,0.00014123441,0.00022003365,9.335025e-05,6.0981914e-05,0.00023594638,7.0258335e-05,0.00023003099,0.00039081855,0.9962457,0.0015198967,0.0006644802,0.0001272214
syn-0346,0,0,1,6,6,6.2180785e-05,0.00014606472,0.000209177,0.00023176406,0.0002432427,0.00017219037,0.998131,4.448202e-05,0.0001879634,0.00011303554,0.00027481955,0.00018405802
syn-0348,0,0,1,9,9,0.00022970607,0.0001201046,0.0001087176,0.00017195793,8.0713195e-05,6.249226e-05,0.00012556162,0.00019314876,0.00032391274,0.99824464,0.00014423854,0.00019485384
syn-0358,0,0,1,2,2,0.0001294961,0.00023152905,0.99784946,0.00029182393,6.426191e-05,0.00010667673,0.00023719326,0.0003995095,0.00017323799,0.00014709697,0.00018110915,0.00018859979
syn-0366,0,0,1,9,9,0.0004955785,0.00013070751,0.00012350992,0.00025237628,7.982192e-05,6.2165374e-05,9.694405e-05,0.0001578945,0.00021340602,0.9978835,0.000122071,0.00038203123
syn-0369,0,0,1,6,6,7.1935356e-05,0.00034414927,0.000237833,0.0002521233,0.0003135811,0.0015501089,0.9963967,8.882832e-05,0.00021760935,0.00011836994,0.0001890623,0.00021963757
syn-0370,0,0,1,9,9,0.00022175937,0.00012922483,0.00010765553,0.00022541662,6.896672e-05,7.150425e-05,0.000100542165,0.0001652004,0.00019709246,0.9981933,0.00014765147,0.00037169454
syn-0373,0,0,1,11,11,0.0001637153,0.0006437237,0.00023820436,0.00018733428,0.00011384612,0.0001991244,0.00019805775,0.00022919079,7.2082876e-05,0.00026755893,0.0002219225,0.9974654
syn-0374,0,0,1,8,8,0.00026189283,0.00015884601,9.438928e-05,8.661648e-05,0.0006886493,9.3471994e-05,0.00046835857,0.00014806078,0.99754494,0.00020707313,0.0001981703,4.9545743e-05
syn-0381,0,0,1,8,8,0.00016600915,0.00026632013,0.000108924636,5.272397e-05,0.00018117171,7.7693025e-05,0.00019107535,0.00031819922,0.9972198,0.0007571952,0.0005725385,8.83823e-05
syn-0396,0,0,1,3,3,0.0002512395,0.00026954061,0.00033620713,0.99776375,0.0003013557,0.0002484337,0.00024096665,4.756513e-05,5.839195e-05,0.00022198888,0.00011658077,0.00014402834
syn-0397,0,0,1,1,1,0.00020565801,0.9980108,0.00019624025,0.00023880055,7.677377e-05,0.00021956411,0.0001891837,0.0001289491,0.00014093306,0.00013766835,0.00020808225,0.00024728483
syn-0401,0,0,1,11,11,0.00023567639,0.0017482418,0.00028918005,0.00023717714,0.00013922516,0.0002938774,0.00031145918,0.00032024947,0.00010146218,0.00042561025,0.00030633112,0.9955916
syn-0406,0,0,1,4,4,0.00049421145,6.6331355e-05,5.662551e-05,0.0004917442,0.9973199,0.0002428078,0.00039278914,0.00013865205,0.00028770854,0.000111846086,0.0002445927,0.00015280086
syn-0415,0,0,1,1,11,0.0010119891,0.025259515,0.0004484101,0.0008032902,0.00049926154,0.0005657374,0.00033128329,0.0005488673,0.0017719817,0.002352658,0.0017417434,0.9646652
syn-0416,0,0,1,2,2,0.0001467531,0.00024963543,0.99795014,0.00029303142,6.192714e-05,9.780638e-05,0.00024189588,0.00031145473,0.00014891863,0.00012497416,0.00017719097,0.00019632417
syn-0426,0,0,1,10,10,0.00015050749,0.0002741354,0.00022461852,0.00019325544,0.00013610502,0.00020692828,0.0003011524,0.00042001417,0.00015951187,0.00012987234,0.997334,0.00046997747
syn-0427,0,0,1,5,5,0.00036346025,0.00032271625,0.00012047255,0.0005087586,0.004569523,0.99254084,0.00045912043,0.000368014,0.00021371942,0.00014760604,0.00015393633,0.0002317638
syn-0439,0,0,1,6,6,7.505144e-05,0.0001956215,0.00021653326,0.00015309587,0.000245065,0.00016130718,0.9977829,5.4962456e-05,0.0005837328,0.00011836111,0.00025701406,0.00015642065
syn-0443,0,0,1,7,7,0.00015861406,0.00014231964,0.00025414614,4.006477e-05,0.0001484957,0.0003079089,3.6981553e-05,0.9980356,0.00033685338,0.00019320264,0.00014597949,0.00019977402
syn-0444,0,0,1,5,5,0.00012073149,0.00045233854,0.00017626473,0.0002925334,0.0005237939,0.99661887,0.00092175906,0.00034798618,0.00013169427,0.000105612846,7.925501e-05,0.00022910812
syn-0449,0,0,1,11,11,0.00015445585,0.00022352813,0.00026056633,0.00018813765,0.00012135224,0.00015073063,0.00026890324,0.00024579748,6.407315e-05,0.00022627346,0.0002585386,0.9978376
syn-0453,0,0,1,1,10,0.00046531248,0.0016058158,0.0006051065,0.0006786806,0.0016019002,0.00024882072,0.15336266,0.00024305681,0.0007788714,0.00043626776,0.8388436,0.001129936
syn-0456,0,0,1,11,11,0.00013824555,0.00033603492,0.000307536,0.0002672571,0.00013152893,0.00019783432,0.00040227934,0.00023321965,6.698188e-05,0.00021973238,0.00038568943,0.99731356
syn-0460,0,0,1,8,8,0.00015687622,0.00021705792,0.0001099996,5.3924567e-05,0.00018950625,5.531127e-05,0.00035823951,0.00017977168,0.99824893,0.00019267862,0.00018385521,5.3924567e-05
syn-0465,0,0,1,7,7,0.00019332765,0.00028363473,0.0004597423,9.23078e-05,0.00032942393,0.0005694715,6.258069e-05,0.99673283,0.0003415446,0.0002797833,0.00035247242,0.00030288735
syn-0471,0,0,1,5,5,0.00031916393,0.00052956317,0.000252233,0.00021271284,0.00043443852,0.9917325,0.0002154305,0.0054220236,0.00021606257,0.00016166543,0.00013587032,0.00036825333
syn-0481,0,0,1,9,9,0.0002807787,0.0001185848,0.00012457959,0.00019637437,7.648937e-05,6.6066874e-05,0.000104344566,0.0002129543,0.00024019206,0.9982053,0.00013062205,0.0002436769
syn-0482,0,0,1,1,3,0.0014680193,0.00080859225,0.00049597485,0.9705584,0.016376384,0.000568638,0.0074830255,7.9477235e-05,0.0004774404,0.0004859071,0.0008850347,0.0003131131
syn-0486,0,0,1,1,1,0.0001942014,0.9978212,0.00018576124,0.00020342198,7.4543015e-05,0.00022771058,0.00027380104,0.0001092034,0.00020017046,0.00016241988,0.00020713046,0.00034054293
syn-0490,0,0,1,7,7,0.00015835334,0.0001377142,0.00028079178,3.6047895e-05,0.00016330027,0.00052023574,3.3996403e-05,0.99785584,0.00031904413,0.00017063657,0.00012551273,0.00019842574
syn-0009,0,0,2,8,8,0.00016663404,0.00010266026,8.477653e-05,4.3852826e-05,0.0001818093,7.007662e-05,0.00021669599,0.00015946983,0.9985328,0.00022153709,0.00018252086,3.7217407e-05
syn-0010,0,0,2,9,9,0.00013352706,0.00017715395,0.00011951768,0.00022236363,0.00010744929,7.868839e-05,0.00010871588,0.00019532704,0.0003097972,0.99822885,0.00010547399,0.00021306332
syn-0022,0,0,2,10,1,0.0013157731,0.8811786,0.00089552853,0.00406079,0.00028206588,0.0006899864,0.0014642717,0.00057763234,0.0005018557,0.0010408622,0.09771367,0.010278852
syn-0026,0,0,2,10,10,8.819854e-05,0.00017175933,0.00014025434,0.00013855266,8.62396e-05,7.383671e-05,0.00042077168,0.00022129844,0.0002455838,0.00011308338,0.998066,0.0002343949
syn-0038,0,0,2,5,5,0.00038907098,0.00040496507,0.00023847389,0.0013484105,0.0012434277,0.9947009,0.00041325483,0.00046919464,0.00013260116,0.00020357952,0.00014226027,0.0003137743
syn-0039,0,0,2,1,1,0.00023585864,0.99782217,0.00021930836,0.00026804698,8.59663e-05,0.00030462822,0.00018859463,0.00015117052,0.00012955579,0.00013953708,0.00019147104,0.00026369814
syn-0048,0,0,2,11,11,0.00021140947,0.00057474076,0.0002618218,0.00013101101,0.00020222145,0.00026986926,0.00019811656,0.00019811656,7.4429445e-05,0.00031520115,0.00028860997,0.99727446
syn-0050,0,0,2,4,4,0.00016955675,9.8660414e-05,7.549796e-05,0.00086656347,0.99688125,0.00026648986,0.0007254564,0.00016595279,0.0002178215,0.00016116141,0.00014077355,0.00023074036
syn-0085,0,0,2,3,1,0.0006290962,0.9923286,0.0005021718,0.004338103,0.000109989815,0.00025324873,0.0005137042,0.00011481893,9.065203e-05,0.0002803208,0.00035125783,0.00048803052
syn-0094,0,0,2,1,1,0.00019557762,0.9970721,0.0002889039,0.000247354,7.9213656e-05,0.0002366038,0.0003698747,0.00014726975,0.00015017438,0.00014583857,0.00043688423,0.0006301773
syn-0097,0,0,2,10,10,9.2965674e-05,0.0002718772,0.00013323221,0.00014855873,6.97642e-05,8.366005e-05,0.00031428595,0.00018606163,0.00037571718,0.000121605844,0.99797183,0.00023042955
syn-0103,0,0,2,11,11,0.000332341,0.00037627,0.00023161524,0.00015064135,0.00026580767,0.00026181448,0.00018811807,0.00023309015,5.8361686e-05,0.00035033713,0.00030504772,0.9972466
syn-0114,0,0,2,4,3,0.0013317199,0.0009265182,0.00043192416,0.76061517,0.2301693,0.0008124757,0.0021967576,0.00032035247,0.0004880024,0.0013447888,0.00075215136,0.00061089784
syn-0129,0,0,2,11,11,0.00019772955,0.00024995356,0.00025364195,0.00016225126,0.00023004324,0.00018475471,0.00021621118,0.00018313799,8.23857e-05,0.00062273245,0.0003449145,0.9972722
syn-0137,0,0,2,8,8,0.00021695996,0.00010960154,9.882353e-05,4.2172713e-05,0.00016818661,7.569668e-05,0.0002023771,0.00016509472,0.99852943,0.00019095297,0.00015768841,4.2920583e-05
syn-0140,0,0,2,11,11,0.00026171442,0.0001743394,0.00029367927,0.0002016456,0.00036781715,0.00020683107,0.00016377671,0.0002685757,8.504924e-05,0.00090769306,0.00020332639,0.99686545
syn-0141,0,0,2,2,2,0.00015067372,0.00023669605,0.9979481,0.0002478132,4.9180035e-05,0.00013206323,0.00022420875,0.0003052623,0.0001715714,0.00013199876,0.0001792793,0.00022311669
syn-0143,0,0,2,1,1,0.00032002386,0.9963486,0.00025415057,0.00024489203,0.00013178721,0.00020451505,0.00040851807,0.00019629643,0.0010715823,0.00019861032,0.00037744868,0.00024358019
syn-0144,0,0,2,9,9,0.0001370961,0.00016114477,0.00013636172,0.00021505146,0.00010143443,8.343769e-05,0.00011086129,0.00020360664,0.00027680653,0.9982395,0.00011743641,0.00021726794
syn-0153,0,0,2,4,5,0.001505181,0.00031091514,0.0001875694,0.0002684185,0.0022518344,0.9938526,0.00040343608,0.0004149235,0.00016601507,0.00017706762,0.00011555815,0.00034651233
syn-0154,0,0,2,1,1,0.0002282725,0.99784434,0.00021339764,0.00023876074,7.498281e-05,0.0002617796,0.00021111754,0.00014853974,0.00015612505,0.00015303057,0.00023969523,0.00022995056
syn-0160,0,0,2,5,5,0.00026133034,0.00033567773,0.000203028,0.00023006085,0.0003551094,0.99734855,0.00040997769,0.00026956003,0.00013584144,0.00011710265,0.00010415326,0.00022972412
syn-0163,0,0,2,4,4,0.00030251656,8.191971e-05,5.467698e-05,0.00025611644,0.9974589,0.00041126364,0.00032030224,0.00024159977,0.00042355526,0.00017173866,9.530733e-05,0.00018219108
syn-0164,0,0,2,8,8,0.00021525842,0.00028239976,0.00012586605,7.060446e-05,0.00015459125,0.00011162008,0.00024946043,0.00014961566,0.9972505,0.00019937335,0.0011289755,6.1702696e-05
syn-0165,0,0,2,8,8,0.0001369569,0.00016609127,8.981853e-05,5.2750052e-05,0.00017245479,6.853082e-05,0.0006834054,0.00012716018,0.9977131,0.00029493537,0.0004510422,4.3731332e-05
syn-0171,0,0,2,6,6,0.0002066848,0.00032282734,0.0001975091,0.0002408145,0.00033141216,0.00033331904,0.99713373,3.3249722e-05,0.0007942405,0.0001252383,0.00016510564,0.00011571343
syn-0172,0,0,2,10,10,0.00010743679,0.00020338206,0.00012203942,0.00013647761,9.1985356e-05,7.6482276e-05,0.000311905,0.00018133392,0.00025506713,0.000102717335,0.9981127,0.00029851325
syn-0178,0,0,2,9,9,0.00016259242,0.00019882369,0.000113010086,0.00036669848,0.00015371408,0.00010012139,9.8665456e-05,0.00018316497,0.00021911274,0.9979062,0.000116825366,0.00038107345
syn-0179,0,0,2,1,1,0.0002346011,0.9978472,0.00020754081,0.00026197216,7.966326e-05,0.00021877907,0.00023899469,0.00013617506,0.0001224247,0.00014970519,0.00021931386,0.0002835362
syn-0183,0,0,2,4,4,0.0026762672,0.0009589232,0.00060596765,0.002019166,0.53291833,0.45051864,0.00276797,0.0022246698,0.0014437377,0.0014486808,0.00061731617,0.0018002734
syn-0186,0,0,2,3,3,0.00021421612,0.00024102614,0.00022647838,0.9980101,0.0003807179,0.00013834209,0.00018309461,7.3257994e-05,6.433505e-05,0.00021573817,0.00015156857,0.000101114456
syn-0188,0,0,2,10,10,0.000114346134,0.0002781799,0.0001342074,0.00014884447,8.5976484e-05,7.982647e-05,0.00022673918,0.00022322392,0.0003154405,0.00012479,0.99794036,0.0003280757
syn-0193,0,0,2,11,11,0.00020995007,0.0003955078,0.00021629753,0.00013863308,0.00018428781,0.00024593642,0.0001910684,0.00018810618,7.355561e-05,0.00030968068,0.0006634839,0.9971835
syn-0197,0,0,2,11,11,0.0005468608,0.00028975392,0.00028015435,0.00016810662,0.0004561252,0.00026177085,0.0002297745,0.0002306738,0.00011463876,0.0006272661,0.00020119728,0.99659365
syn-0210,0,0,2,0,0,0.9975789,0.00025646013,0.00013259579,0.00024651492,0.0004921121,0.00023225878,0.00010561139,0.00025721258,0.00012726731,0.00014073457,0.00013285501,0.0002975716
syn-0218,0,0,2,8,8,9.314486e-05,0.00015008572,0.000100517085,4.8512044e-05,0.00013996361,8.870602e-05,0.00029005806,0.00016331475,0.9979443,0.00022235453,0.0007056068,5.3436383e-05
syn-0225,0,0,2,7,7,0.00034355742,0.00022509052,0.0002325761,9.823879e-05,0.00038939662,0.00079141854,4.4889235e-05,0.9965061,0.0003017852,0.00037020663,0.00039610852,0.00030068206
syn-0239,0,0,2,6,6,0.0001220944,0.0001728546,0.00016461719,0.00016984268,0.00033404116,0.00021760368,0.9975877,2.8957515e-05,0.00016786395,0.00012287189,0.0007094998,0.00020218622
syn-0240,0,0,2,6,6,0.00020933177,0.00021450529,0.00022099046,0.00045046382,0.0036405039,0.00043519444,0.99376136,4.424406e-05,0.00038034865,0.00019171879,0.00028017777,0.00017126923
syn-0242,0,0,2,0,0,0.9976635,0.00022823112,0.0001556401,0.00023239192,0.00036213922,0.00018764615,0.00011254212,0.00026103022,0.0002531227,0.00019955332,0.000112432266,0.00023182524
syn-0247,0,0,2,3,3,0.00022983397,0.00029500457,0.00025652352,0.9978255,0.00031757733,0.00015124487,0.00027413663,6.514495e-05,4.7941157e-05,0.0002637634,0.00016218283,0.00011114044
syn-0261,0,0,2,5,5,0.00032205458,0.00027953275,0.0001640883,0.00024560507,0.0024349224,0.99486816,0.00059845415,0.00032284178,0.00023401497,0.00016618472,0.00010877394,0.00025538885
syn-0262,0,0,2,10,10,0.00010412161,0.00017894231,0.00016793665,0.00015046395,8.6235596e-05,8.0931764e-05,0.0003097725,0.00026918226,0.0002333278,0.00011638314,0.9980197,0.00028294552
syn-0263,0,0,2,0,0,0.9949222,0.00030777382,0.0001494122,0.0003782911,0.0021678985,0.0002854794,0.00010974013,0.00024358803,0.0008602277,0.0002617149,7.7136465e-05,0.00023667072
syn-0278,0,0,2,9,9,0.00014780356,0.00016797477,0.00015130863,0.00025788782,9.3629096e-05,7.9074925e-05,0.00010243053,0.00018313793,0.00021161546,0.9982462,0.00011697935,0.00024202673
syn-0280,0,0,2,0,0,0.9977055,0.000241188,0.00015564666,0.00019985427,0.0003096159,0.00019023726,0.00010368302,0.00026821202,0.00030855948,0.00017152968,0.000116801864,0.00022924595
syn-0282,0,0,2,7,7,0.00044004037,0.00017975917,0.000356187,0.000113041024,0.0003469181,0.0013166277,4.805192e-05,0.99623173,0.00019004902,0.00030712737,0.00018339414,0.000287044
syn-0288,0,0,2,9,9,0.00012176018,0.00017924831,0.00014014512,0.00020420885,9.7075674e-05,7.8155e-05,0.000118129305,0.0001920239,0.0002674789,0.99826306,0.00011460672,0.00022411531
syn-0290,0,0,2,0,0,0.9937816,0.00026761414,0.00013430227,0.00042911037,0.0031078754,0.00031717957,0.00013910783,0.00024497774,0.001053279,0.00021650901,9.440122e-05,0.00021398658
syn-0291,0,0,2,1,1,0.0002029291,0.9978369,0.00023209206,0.00028792795,7.512884e-05,0.00022016995,0.0002096777,0.00014173654,0.000112342044,0.00016155238,0.0002274919,0.00029210537
syn-0293,0,0,2,0,8,0.077105835,0.00049865706,0.00040619797,0.00038759675,0.0073062764,0.0009402973,0.00053917686,0.0011160856,0.9104409,0.00065355486,0.0003410523,0.00026431805
syn-0301,0,0,2,3,3,0.00019645086,0.00030560914,0.00018599594,0.99761945,0.0006083701,0.00022012199,0.000266557,6.3996624e-05,6.306601e-05,0.00020983686,0.0001639006,9.6634874e-05
syn-0322,0,0,2,2,2,0.00024145634,0.0002047713,0.99759704,0.0004288167,4.9645194e-05,0.00014323289,0.00017378715,0.0005347796,0.00011464217,0.00012776774,0.00016469913,0.00021931241
syn-0323,0,0,2,7,7,0.0002383583,0.00018027403,0.00027596092,9.270655e-05,0.0002610833,0.00077774003,3.767695e-05,0.99713576,0.0002203378,0.00027812534,0.00025955797,0.00024252602
syn-0329,0,0,2,8,8,0.00017634525,9.597092e-05,9.202434e-05,4.3046784e-05,0.00015046827,6.899038e-05,0.00018065941,0.00014691093,0.99853575,0.0002474149,0.0002219709,4.0478215e-05
syn-0330,0,0,2,0,0,0.99761,0.00030189837,0.00012640421,0.00024353157,0.0004156541,0.00028611088,0.00012789424,0.00022833035,0.00013041672,0.00014763726,0.00011944359,0.0002626142
syn-0334,0,0,2,6,10,0.00052844896,0.00096581626,0.00069531176,0.00090907415,0.000513693,0.0005172166,0.12459663,0.00029701254,0.00047648227,0.00048969086,0.86825705,0.0017535702
syn-0335,0,0,2,3,11,0.0055841007,0.0045116656,0.0023543765,0.2757403,0.009583899,0.0020049745,0.0015163928,0.00074192334,0.00041944542,0.005491155,0.0015432838,0.6905084
syn-0349,0,0,2,5,5,0.00020340507,0.00025625076,0.0001857458,0.00016920608,0.00057564006,0.9972512,0.00032750974,0.00041406162,0.00014451778,0.00015152729,0.00010015343,0.00022068634
syn-0359,0,0,2,4,4,0.00030228635,7.666356e-05,4.6362773e-05,0.0003686774,0.99755174,0.00048146272,0.00028703862,0.00018220804,0.00031667738,0.00015172103,7.358277e-05,0.00016158509
syn-0367,0,0,2,4,4,0.00023844256,7.9654055e-05,5.5120898e-05,0.00038804757,0.99773186,0.00025971315,0.0002981627,0.00018153046,0.00033179316,0.00015331246,9.505453e-05,0.00018738433
syn-0384,0,0,2,1,1,0.00028960712,0.9977925,0.00020173458,0.00025008395,8.3156345e-05,0.00020531206,0.00022692706,0.00012217912,0.00021695868,0.00014737615,0.0002153754,0.00024886584
syn-0388,0,0,2,5,5,0.0005760648,0.00057325885,0.00052914326,0.007354702,0.0012473831,0.9851568,0.00038038395,0.003111137,0.00016106469,0.00023320624,0.00025166408,0.00042517853
syn-0393,0,0,2,2,2,0.00018447558,0.00034858863,0.99771225,0.0002620007,5.3060005e-05,0.00015085893,0.0002962702,0.0003301101,0.00013762717,0.00012397204,0.00015725192,0.00024355654
syn-0407,0,0,2,6,6,0.000108034335,0.00021085069,0.00024319181,0.00043560518,0.00020426374,0.00024581832,0.9978003,2.7315356e-05,0.00014284297,0.00011573426,0.0003251201,0.00014090334
syn-0409,0,0,2,10,10,0.000112128226,0.00032730796,0.0001472459,0.00015851264,8.414434e-05,7.6689146e-05,0.00022529191,0.00020932972,0.00033788662,0.00014327418,0.9978847,0.0002935134
syn-0411,0,0,2,2,2,0.00014710698,0.00020928547,0.99791735,0.0002270109,4.44725e-05,0.00013995983,0.00022728817,0.00037240912,0.00016227699,0.00018696215,0.00016243554,0.0002033919
syn-0414,0,0,2,5,4,0.00025223257,8.984851e-05,5.271615e-05,0.0003482506,0.99707186,0.0009749658,0.00025483224,0.00022521833,0.0002829012,0.00016429122,8.993629e-05,0.00019301607
syn-0417,0,0,2,7,7,0.0026001476,0.00092776224,0.0004165449,0.00034566523,0.008204704,0.04938415,0.00043313814,0.93181056,0.0007858452,0.00091919483,0.0014927292,0.0026794944
syn-0423,0,0,2,9,9,0.00011250001,0.00016020736,0.00015131143,0.00023740782,0.00010094289,8.032166e-05,0.00011416009,0.00021919144,0.00023775586,0.9982646,0.00013056603,0.00019108884
syn-0431,0,0,2,3,3,0.00035270062,0.00028001567,0.00022505385,0.9978042,0.00035801437,0.00015688292,0.000172134,8.800335e-05,5.8794867e-05,0.00022527373,0.00017280772,0.0001061523
syn-0433,0,0,2,5,5,0.0003157575,0.0002775687,0.00019963257,0.00020060972,0.0033633653,0.99368334,0.00040120663,0.0007517518,0.00019462759,0.00020617084,0.00012468312,0.00028125226
syn-0436,0,0,2,6,6,0.00010907049,0.00018436115,0.00020819574,0.00023405219,0.00026542638,0.00023262801,0.9980677,3.0243446e-05,0.00018676219,0.000121617515,0.0002310432,0.0001288935
syn-0440,0,0,2,1,1,0.00038295798,0.99740833,0.00021040796,0.0002887192,0.00010204516,0.00020205117,0.00034286254,0.00012849427,0.00037181049,0.0001486199,0.0002078551,0.00020583517
syn-0450,0,0,2,10,10,0.00010013799,0.00020804413,0.00013984485,0.00013957197,8.5485444e-05,7.952571e-05,0.00024296118,0.00027922023,0.00025208516,0.00011724479,0.99807173,0.00028422382
syn-0451,0,0,2,8,8,0.00014810868,0.00019317014,8.546797e-05,4.005803e-05,0.00017366464,0.00022364405,0.00027354652,0.00018360562,0.9978677,0.00033329986,0.0004232119,5.4486143e-05
syn-0458,0,0,2,6,6,9.897086e-05,0.00018808899,0.00021643628,0.0002375057,0.0002385226,0.00026379497,0.9980667,3.0480618e-05,0.00016769873,0.00011621825,0.00025003057,0.00012547795
syn-0461,0,0,2,2,2,0.00017332046,0.00021428363,0.99783725,0.00026635497,5.0636547e-05,0.00012886374,0.00021771128,0.0003889185,0.00014803185,0.00014948456,0.00018467895,0.00024045547
syn-0463,0,0,2,11,11,0.00020014693,0.00021305529,0.00028156413,0.00010897752,0.00020771378,0.00020751102,0.0001788857,0.00024296061,7.380992e-05,0.00028544007,0.0002960147,0.99770397
syn-0472,0,0,2,8,8,0.00018629814,0.00010986718,8.4774496e-05,4.497945e-05,0.00016695581,6.0585604e-05,0.00025302812,0.00014576371,0.99850875,0.00021353974,0.00018516454,4.0240648e-05
syn-0476,0,0,2,7,5,0.0017115751,0.0015249102,0.0013689246,0.00032388043,0.0010103679,0.80353874,0.0005574335,0.18498513,0.0010368564,0.0025215286,0.0004843066,0.0009362644
syn-0478,0,0,2,2,2,0.00014980583,0.0002422109,0.9975434,0.00021437749,4.432579e-05,0.00015268593,0.00019443194,0.00058273843,0.0001505391,0.00017565463,0.00030903704,0.00024085463
syn-0488,0,0,2,10,10,9.044028e-05,0.00021270673,0.000120518,0.00016642637,0.00014816731,8.315492e-05,0.00031775527,0.00017398805,0.00037665342,0.00016675174,0.9977754,0.00036806302
syn-0492,0,0,2,6,6,9.091005e-05,0.00017442273,0.00024104127,0.00021612077,0.00023545756,0.000263523,0.99807274,3.5220502e-05,0.00017084042,0.00011520198,0.00024272429,0.00014177006
syn-0493,0,0,2,8,8,0.00011209012,0.000116669165,8.893075e-05,4.6317236e-05,0.00015900133,7.1318434e-05,0.00025058739,0.00015046594,0.9985203,0.00025279948,0.00018997474,4.147797e-05
syn-0002,0,0,3,1,1,0.00024636558,0.9979487,0.00020574564,0.0002543723,9.5168085e-05,0.00014589552,0.00022707345,0.0001342085,0.00010975194,0.00013512908,0.00024732982,0.0002503064
syn-0005,0,0,3,11,11,0.00011462193,0.00025541984,0.00035765846,0.00024088385,0.00018659561,0.0001844217,0.0002279529,0.00032644777,6.918307e-05,0.00038160948,0.00023415763,0.9974209
syn-0025,0,0,3,8,8,0.00015385346,0.00011607798,0.00010314112,3.8017683e-05,0.00018084161,8.2392035e-05,0.00029614428,0.00028650777,0.9983234,0.00022799212,0.00014745456,4.410128e-05
syn-0027,0,0,3,4,4,0.00019900865,7.440042e-05,4.7107413e-05,0.00038425534,0.99785954,0.00033207878,0.0002297857,0.00017434292,0.00027812345,0.00013571211,0.00013250363,0.00015310764
syn-0033,0,0,3,5,5,0.0003551997,0.0001817563,0.00016752354,0.00037747977,0.00036600415,0.9975109,0.00023162008,0.0003149297,0.00014224483,7.786765e-05,7.917116e-05,0.00019528191
syn-0035,0,0,3,9,9,0.00037724173,0.00030549965,0.00016691028,0.0004911758,0.0001943771,7.081243e-05,0.00013011687,0.00023195837,0.0005276628,0.99531627,0.0017787523,0.0004091922
syn-0040,0,0,3,4,4,0.00016090738,8.0988364e-05,4.673535e-05,0.00049033394,0.9977428,0.0003112,0.00028987564,0.00014374428,0.00027138376,0.00013871084,0.00016830045,0.00015504564
syn-0051,0,0,3,3,3,0.00049253134,0.00027869004,0.00024083308,0.9972107,0.00038090083,0.00037130597,0.00017602526,2.7086773e-05,5.0902134e-05,0.00034489323,0.00021118963,0.00021493476
syn-0054,0,0,3,5,5,0.0003898854,0.00015433028,0.00013330112,0.00033990844,0.00045150268,0.9975133,0.00021902646,0.00031730364,0.00015845365,8.1445556e-05,8.345844e-05,0.00015806727
syn-0056,0,0,3,8,8,0.0002028529,0.00012543255,9.8213066e-05,4.14239e-05,0.00016977983,8.134201e-05,0.000507612,0.0001987837,0.99819285,0.00018981974,0.0001544354,3.7423375e-05
syn-0058,0,0,3,9,9,0.00029865507,0.00014555284,0.00014197301,0.00023247926,0.00011775724,6.296939e-05,9.2881135e-05,0.00021839404,0.00026202237,0.9980385,0.0001677759,0.00022118432
syn-0062,0,0,3,7,7,0.00016760443,0.00016908401,0.00040108175,3.004982e-05,0.00020495256,0.00058072794,5.9354075e-05,0.9975055,0.0002942986,0.00021244162,0.00012431001,0.00025074554
syn-0064,0,0,3,6,6,9.793439e-05,0.00017768296,0.00017750953,0.00023956603,0.00082280213,0.00018476105,0.99730647,6.8235815e-05,0.00035522447,0.000113605885,0.0002737266,0.00018260852
syn-0065,0,0,3,11,11,0.000105716514,0.00029917966,0.00030389105,0.00022978138,0.00016664057,0.00016072686,0.00022944502,0.00026642092,6.142349e-05,0.0002840887,0.00029554978,0.99759716
syn-0067,0,0,3,5,5,0.00034606774,0.000183627,0.00017937328,0.00038561897,0.00034174378,0.99749666,0.00024190405,0.0003287521,0.00013813596,7.863068e-05,7.786654e-05,0.00020157635
syn-0068,0,0,3,10,10,0.00020067996,0.00026160822,0.00011831979,0.00011412088,0.00011423238,6.624189e-05,0.0003770767,0.000110934285,0.00027868454,0.00019593551,0.99792176,0.00024035844
syn-0080,0,0,3,3,3,0.00021544594,0.00031458365,0.00025798095,0.9976319,0.00037372412,0.00026891349,0.0001936911,2.6162095e-05,5.4155018e-05,0.0002687166,0.00018509229,0.0002095323
syn-0100,0,0,3,2,2,0.00014461686,0.00020078062,0.99793494,0.00026421127,5.6055036e-05,0.00012558396,0.00021965467,0.00038456588,0.00014447569,0.00013466616,0.00012406027,0.00026644606
syn-0112,0,0,3,4,4,0.00025437924,8.051436e-05,4.547426e-05,0.00033219857,0.99773216,0.00028779235,0.00028184723,0.00016879244,0.00034835364,0.00015012712,0.0001446581,0.00017364105
syn-0117,0,0,3,6,6,0.000104206294,0.00016290219,0.00018676827,0.0005834909,0.0017867782,0.00023771668,0.99590945,6.277373e-05,0.00029998893,0.00013198664,0.0003202735,0.00021360874
syn-0123,0,0,3,10,10,0.00017704857,0.00021756088,0.00012959476,0.00018500249,0.00013647892,7.442001e-05,0.00027606543,0.00012896351,0.00021713637,0.00015062645,0.9981223,0.00018482193
syn-0124,0,0,3,6,6,0.00010666448,0.00018913142,0.00020751747,0.00026976323,0.00045905082,0.00016887535,0.9977349,6.2704814e-05,0.00025939711,0.000107501066,0.0002636107,0.00017086598
syn-0125,0,0,3,9,9,0.0003025141,0.00019680163,0.00013097018,0.00024534253,0.00011763043,6.6502216e-05,0.00010090984,0.00020544222,0.00028128654,0.99793774,0.00017744853,0.00023744603
syn-0135,0,0,3,0,0,0.9976484,0.00027023422,0.00019237475,0.0002097405,0.0002543579,0.00031763728,0.00011079565,0.00018572908,0.00023216155,0.00025710496,0.00022304968,9.8351404e-05
syn-0142,0,0,3,4,4,0.00022145444,9.25416e-05,6.298475e-05,0.003551478,0.9943901,0.000588318,0.00026478755,0.00010925384,0.00020153813,0.00018693917,0.00015168391,0.00017890196
syn-0145,0,0,3,2,2,0.00016726866,0.00021635606,0.9979405,0.00027990012,4.8511858e-05,0.00012906601,0.0002052924,0.00039692086,0.00012201837,0.00012912904,0.00010847241,0.00025642788
syn-0149,0,0,3,8,8,0.00016075226,0.000116636664,0.00010935621,4.070412e-05,0.000187023,8.32751e-05,0.00026265232,0.00028402955,0.99824214,0.00026102227,0.00020375635,4.8621394e-05
syn-0150,0,0,3,3,3,0.00017262228,0.0009155848,0.00034271422,0.99673355,0.0003235261,0.00021201825,0.00026065958,2.9273771e-05,6.209373e-05,0.00027774175,0.00025239334,0.00041790793
syn-0152,0,0,3,3,4,0.00015932794,7.8873054e-05,4.9841867e-05,0.0006514286,0.99764436,0.00032330825,0.00028258027,0.00013253975,0.00023449618,0.00014938271,0.00013808899,0.00015586527
syn-0159,0,0,3,11,11,0.00011286049,0.00025808808,0.00028386983,0.00023010938,0.00019519596,0.00018061492,0.00022194332,0.00029366842,7.0008275e-05,0.00033925034,0.0002554552,0.99755895
syn-0162,0,0,3,9,9,0.0002825886,0.00014105755,0.00016563927,0.00021508707,0.00012656671,7.332276e-05,9.5165095e-05,0.000305887,0.00030787243,0.99791735,0.00014539313,0.00022409241
syn-0168,0,0,3,1,1,0.00025317085,0.9978532,0.00020572597,0.000296493,0.000117047544,0.00015117523,0.00022028109,0.00015491145,0.00012968642,0.00012643504,0.00022805172,0.00026377072
syn-0170,0,0,3,6,6,8.469383e-05,0.0002251633,0.0001668784,0.00021569323,0.00038618466,0.0001691756,0.9975586,6.337083e-05,0.00022792871,0.00010949498,0.0005274976,0.0002653072
syn-0174,0,0,3,10,10,0.00017949074,0.00019516863,0.00013055104,0.00017879099,0.00015225745,7.784148e-05,0.00026246783,0.00014261421,0.00020811126,0.0001449308,0.99815,0.00017783325
syn-0177,0,0,3,8,8,0.00017060892,0.0001131517,9.500454e-05,4.2488657e-05,0.00021949448,8.327004e-05,0.00047942004,0.0002493278,0.99818146,0.00018546572,0.00013931494,4.094083e-05
syn-0182,0,0,3,6,6,0.000102894184,0.00022131127,0.00022087946,0.00017273653,0.0002567256,0.0002084618,0.99788034,7.9045945e-05,0.00023964533,9.8374265e-05,0.00032557314,0.00019402335
syn-0184,0,0,3,2,2,0.0001562271,0.0002512706,0.99800915,0.00027674262,5.0595834e-05,0.00011313217,0.0002127046,0.00028368607,0.00013245881,0.00014476891,0.00012268395,0.00024656102
syn-0190,0,0,3,3,3,0.00034771225,0.00069931813,0.0002756008,0.9963207,0.00053302885,0.0006837859,0.00025032548,3.5573114e-05,6.937724e-05,0.00024536395,0.00019099633,0.00034813696
syn-0198,0,0,3,0,5,0.007313007,0.0006405654,0.00024491845,0.014801561,0.0022821175,0.97289824,0.0004053827,0.00022278314,0.00032068414,0.00024396363,0.00025072656,0.00037601776
syn-0201,0,0,3,0,0,0.99759823,0.00027101344,0.0001863556,0.00022699371,0.00028167182,0.00032136534,0.00011122369,0.00019105455,0.00022151899,0.00024712225,0.00023916851,0.00010417933
syn-0204,0,0,3,1,1,0.00039634455,0.9977696,0.00018620568,0.00022482636,0.00010824221,0.00016545311,0.00029172935,0.00013563361,0.00016480808,0.00012568585,0.00019485623,0.00023665371
syn-0205,0,0,3,2,2,0.0001524478,0.0002587849,0.99793494,0.0002973328,5.1138468e-05,0.00011890051,0.00022159374,0.00027733078,0.0001360541,0.00014044151,0.00013745637,0.00027356495
syn-0206,0,0,3,8,10,0.0010754301,0.0011106519,0.0006510085,0.00040978479,0.0013568181,0.0005075013,0.0058279303,0.0009772795,0.21103361,0.0014989304,0.77495015,0.00060090964
syn-0215,0,0,3,10,10,0.00018962553,0.00024937978,0.00016124772,0.00018032452,0.00017164732,8.952903e-05,0.000349286,0.00015529773,0.00047329743,0.00031857248,0.99741507,0.00024671524
syn-0221,0,0,3,11,11,0.00011422072,0.00044927694,0.00024597318,0.000222544,0.00015596882,0.00019165766,0.0002633758,0.00027588068,8.3647305e-05,0.0002462135,0.0009054619,0.9968458
syn-0228,0,0,3,6,3,0.00042301076,0.00034089596,0.00023122558,0.98541254,0.010404923,0.0007975567,0.0011515481,4.186329e-05,0.000115701194,0.00047236372,0.0002841347,0.0003241753
syn-0244,0,0,3,3,3,0.00074495265,0.0005946534,0.0002517921,0.9779875,0.0019814654,0.016566323,0.00043315007,8.2145045e-05,0.0002001589,0.00038619334,0.00037139852,0.0004002073
syn-0251,0,0,3,10,10,0.0001642869,0.00021505661,0.00012528838,0.00015075813,0.00014169331,7.730108e-05,0.0002659163,0.00012964472,0.00023281567,0.00020656563,0.9980197,0.00027099557
syn-0257,0,0,3,4,4,0.00018592211,7.7655386e-05,4.6189365e-05,0.0004126373,0.99771047,0.00045635772,0.00030730176,0.000144867,0.0002645068,0.00013126043,0.00012360915,0.00013924921
syn-0258,0,0,3,3,3,0.00027214215,0.00027447758,0.00018177326,0.99663025,0.0006920611,0.0010074346,0.00016325907,3.2717704e-05,5.7871723e-05,0.00030049938,0.00016333879,0.00022413147
syn-0292,0,0,3,11,11,0.000109070395,0.0002655072,0.00031200488,0.00022910514,0.00017956346,0.00017319115,0.00023135344,0.00028975747,6.680374e-05,0.0003069428,0.0002569617,0.99757963
syn-0300,0,0,3,10,10,0.0001779175,0.00019969646,0.0001302944,0.0001564759,0.00013862997,7.603717e-05,0.00027721724,0.00017379606,0.00019886935,0.00014613672,0.9981353,0.0001894847
syn-0303,0,0,3,7,5,0.00035467383,0.00015931856,0.00018864198,0.0002240179,0.00045574392,0.9966118,0.000230678,0.0012666715,0.00015194861,8.971939e-05,7.322683e-05,0.00019358755
syn-0306,0,0,3,5,5,0.00042933103,0.00022404292,0.00021514458,0.00015980384,0.00072498724,0.9918682,0.00027249995,0.005328276,0.00029163688,0.00012192905,0.00012421251,0.00023989397
syn-0310,0,0,3,10,10,0.00018473699,0.00021025639,0.00012740245,0.00016310942,0.0001377549,7.685957e-05,0.00022756346,0.00014953154,0.00021980949,0.00016342833,0.99815077,0.00018874888
syn-0312,0,0,3,11,11,0.00012261326,0.00027376163,0.0003475064,0.00020235257,0.00018183106,0.00020028827,0.00022873639,0.00038189412,7.687942e-05,0.00033615757,0.0002138313,0.9974341
syn-0324,0,0,3,7,7,0.00017489739,0.003115305,0.00094465,8.173296e-05,0.00021096654,0.00032357595,0.00020110919,0.9903375,0.0024656125,0.00077707163,0.00072599226,0.000641625
syn-0327,0,0,3,1,1,0.00040883324,0.9976653,0.00020319164,0.00019974865,9.912445e-05,0.00015871011,0.0002994193,0.00014282364,0.00024846985,0.00013937896,0.00021820582,0.00021682511
syn-0339,0,0,3,7,7,0.00016246183,0.00016639574,0.00032216843,2.704425e-05,0.0002673969,0.0005157987,6.519333e-05,0.99759173,0.0002946296,0.00022456687,0.00013305146,0.00022961188
syn-0340,0,0,3,9,9,0.0003027577,0.00016867468,0.00013239429,0.00024578001,0.00011170511,5.6775487e-05,8.030119e-05,0.00021796174,0.00024043843,0.9980102,0.00018399082,0.0002489809
syn-0341,0,0,3,8,8,0.00019031469,0.000119124976,0.000105796855,3.839199e-05,0.00017189303,8.0958984e-05,0.00025905197,0.00026698166,0.9983553,0.00021915787,0.0001489791,4.4102693e-05
syn-0351,0,0,3,11,11,0.00010747521,0.00027572358,0.00031450205,0.00028705737,0.00020069208,0.00018844074,0.00025556353,0.00029754656,6.318141e-05,0.000325835,0.00018908591,0.99749494
syn-0355,0,0,3,5,5,0.0003173628,0.0001641139,0.0001578268,0.00023330984,0.00034417878,0.9974558,0.00019112056,0.00063839625,0.00015522826,7.9166784e-05,8.419035e-05,0.00017927836
syn-0360,0,0,3,0,0,0.9975719,0.00028827347,0.00016389278,0.00019030468,0.00029612007,0.00029518173,9.940598e-05,0.00019095624,0.00028686933,0.00027851886,0.0002353394,0.000103264974
syn-0364,0,0,3,4,4,0.0038092956,0.0006189725,0.0001644926,0.00085433776,0.6901488,0.28995326,0.0014223877,0.0023843783,0.0081255445,0.000763583,0.0011473938,0.0006075936
syn-0375,0,0,3,8,8,0.00063289405,0.00020506968,0.00011503367,5.562665e-05,0.00026280092,8.8027286e-05,0.0002521169,0.0002696907,0.9961281,0.0016707137,0.00026113802,5.8753456e-05
syn-0376,0,0,3,5,5,0.00024918414,0.00020218999,0.00019606497,0.00020648006,0.00047867614,0.99663264,0.0007988964,0.00071229006,0.0001859027,8.137365e-05,6.437186e-05,0.00019199129
syn-0385,0,0,3,5,4,0.00024116812,8.034848e-05,4.15623e-05,0.0003239137,0.99762326,0.0006173497,0.0001878219,0.00021554928,0.00024743032,0.00014763922,0.0001153189,0.00015870343
syn-0392,0,0,3,1,1,0.00032525454,0.9977865,0.00019812152,0.0002715282,8.8865396e-05,0.00013107828,0.00021255336,0.00012816695,0.00011865087,0.00015324602,0.0003606838,0.00022537976
syn-0405,0,0,3,8,8,0.00022983868,0.00011900607,0.00010243948,4.0628405e-05,0.00016498173,8.475961e-05,0.0002698262,0.00023226425,0.9983334,0.00021601892,0.00016474024,4.2246862e-05
syn-0410,0,0,3,10,10,0.00023293955,0.00023643459,0.000118105665,0.00013720582,0.000118105665,7.499926e-05,0.00023311023,0.00015646461,0.00024519372,0.00018203462,0.99806327,0.00020218384
syn-0418,0,0,3,0,0,0.9975834,0.00027947567,0.0001770394,0.00022303514,0.00026203084,0.00034058647,9.531923e-05,0.00020110229,0.00019095844,0.00026576762,0.00026318486,0.00011816422
syn-0420,0,0,3,2,2,0.00016395522,0.00019771946,0.99795204,0.00023663921,5.049422e-05,0.00011942622,0.0002191228,0.00038102118,0.00015538133,0.00015682957,0.00012001077,0.00024727025
syn-0422,0,0,3,1,1,0.0002506592,0.9978927,0.00023165214,0.00026559053,8.887485e-05,0.0001525158,0.00023086173,0.00014652984,0.00010421008,0.00013045367,0.0002279494,0.0002779969
syn-0428,0,0,3,8,1,0.00041270794,0.99775946,0.00018012276,0.00022669809,0.00010845274,0.00014896289,0.00026214105,0.00013056371,0.00018430424,0.0001340521,0.00024250004,0.00021007133
syn-0429,0,0,3,2,2,0.00016374441,0.00080479844,0.99715567,0.00027881077,4.661671e-05,0.00012475278,0.00021314625,0.00047242406,0.00015932768,0.00016811931,0.0001408123,0.00027168798
syn-0430,0,0,3,1,1,0.0033289217,0.90384,0.0031364078,0.0142986905,0.0016105477,0.06138707,0.0021863605,0.0021451197,0.0009864328,0.0014909683,0.0016487407,0.0039406656
syn-0435,0,0,3,10,10,0.00018054408,0.00020902614,0.00013815785,0.00017610363,0.00014102041,7.8604746e-05,0.00021325292,0.00015640052,0.0002182035,0.00015586689,0.9981419,0.00019106535
syn-0445,0,0,3,6,6,9.4508825e-05,0.00021096067,0.00023011652,0.00015370287,0.00023454061,0.00020845201,0.99783343,9.4048475e-05,0.0003867629,0.00010522649,0.00026088353,0.00018731192
syn-0447,0,0,3,7,7,0.00015380271,0.00019187847,0.00035460264,2.6989188e-05,0.00019537652,0.000428621,7.3651354e-05,0.99750704,0.00041533227,0.0002454762,0.00015622475,0.00025117485
syn-0464,0,0,3,4,4,0.000406957,7.841217e-05,4.2465745e-05,0.0004135171,0.9976432,0.0003049456,0.00026931072,0.0001346268,0.00029806342,0.00013521971,0.00013541793,0.00013788667
syn-0469,0,0,3,9,9,0.0003009171,0.0001570695,0.000136531,0.00021239468,0.000118910146,6.395955e-05,8.228626e-05,0.00025669776,0.00028720725,0.99801576,0.00013841047,0.0002298778
syn-0474,0,0,3,0,0,0.99722457,0.0002829445,0.00018738052,0.00060612825,0.00027051536,0.00035995297,0.000107131746,0.00013836827,0.00015315971,0.00032384353,0.00022824213,0.000117776166
syn-0477,0,0,3,7,7,0.001275652,0.01433068,0.13451295,0.0005486511,0.00065217586,0.002218706,0.00037051152,0.83860403,0.0011603606,0.0015008851,0.0017402074,0.0030852605
syn-0485,0,0,3,10,10,0.00019545332,0.0002111807,0.00012591717,0.00016042264,0.00013708281,7.588937e-05,0.00024653383,0.00014033365,0.00022722855,0.00015964123,0.99814284,0.00017757168
syn-0007,0,0,4,6,6,0.00014033106,0.00033483346,0.00031981248,0.00037568295,0.00032405666,0.00040802403,0.9966634,5.5115666e-05,0.0009048542,7.682002e-05,0.00023035228,0.00016672864
syn-0014,0,0,4,0,0,0.9969524,0.00041820388,0.00021582546,0.00039667313,0.0006676356,0.00016899027,0.00010411189,0.00020523938,0.00029905935,0.00029399188,0.000101303645,0.00017658221
syn-0019,0,0,4,0,0,0.99664754,0.00046163952,0.00019964235,0.0005987566,0.00066054193,0.00014735085,0.00012578994,0.00018809689,0.00021649819,0.00042068688,0.000117134674,0.00021628686
syn-0023,0,0,4,1,1,0.0003349572,0.9975188,0.00022953904,0.00038492208,7.027945e-05,0.00022609072,0.00031450958,0.000111868394,0.00013990393,0.00014965591,0.00017505094,0.00034445274
syn-0024,0,0,4,2,2,0.00018679527,0.00028706272,0.99751353,0.0003650249,2.9526454e-05,0.00013699639,0.00030197974,0.0005219653,0.00015335379,0.00014512155,0.00015737422,0.00020118643
syn-0029,0,0,4,2,2,0.00017208439,0.00033588285,0.99751663,0.0003101625,2.929677e-05,0.00013271705,0.00036068528,0.00046629162,0.00014336128,0.00012119479,0.00018543271,0.00022631114
syn-0036,0,0,4,5,5,0.0005184433,0.00021134496,0.00014003195,0.00039680125,0.0011386216,0.99648345,0.00019622715,0.00025856626,0.00025505523,0.0001145142,0.00012925568,0.00015774995
syn-0043,0,0,4,9,9,0.00017701612,0.00013309784,0.0001342728,0.00024570254,8.8835615e-05,8.501624e-05,7.343186e-05,0.00024702578,0.00043609153,0.9974522,0.0006519394,0.00027544267
syn-0061,0,0,4,4,4,0.00030202238,6.4887776e-05,3.7080415e-05,0.000383146,0.9968022,0.00042255365,0.00049965555,0.00031907708,0.00039204053,0.00013939445,0.00037665368,0.00026118718
syn-0074,0,0,4,5,5,0.13525417,0.0037654107,0.0012826812,0.041736435,0.0042098593,0.7999102,0.0005452471,0.0030664932,0.0019615937,0.0067602647,0.0003866381,0.0011209617
syn-0075,0,0,4,7,7,0.00031801357,0.00015150808,0.00050973747,6.115505e-05,0.00026662002,0.00029787215,3.8494745e-05,0.99712473,0.00042442244,0.00024365094,0.00017721741,0.00038658257
syn-0082,0,0,4,1,1,0.0010160983,0.79014784,0.0009925605,0.0009752655,0.00056004786,0.004274802,0.14474224,0.00072334165,0.010332622,0.0010371514,0.041227072,0.0039709574
syn-0083,0,0,4,0,0,0.9972459,0.0004595265,0.00022361384,0.00026232612,0.000454256,0.00023026193,0.000103130464,0.000215889,0.0002883904,0.00023572243,7.884155e-05,0.00020211693
syn-0095,0,0,4,11,11,0.0001691492,0.0005287691,0.00024974233,0.00015244096,0.00015125466,0.00016402511,0.00028724122,0.0002890703,5.051575e-05,0.00032445553,0.0002302982,0.99740297
syn-0102,0,0,4,1,1,0.0004374232,0.99738866,0.0002728151,0.00031701234,6.911331e-05,0.0002262821,0.0002906229,0.00012466013,0.00022060898,0.00015882113,0.00019354935,0.0003004345
syn-0105,0,0,4,4,4,0.0022365127,8.6380925e-05,3.629135e-05,0.0009125006,0.99483216,0.00031076605,0.00023711196,0.0002511749,0.00026477597,0.00023332193,0.00029193767,0.00030714547
syn-0106,0,0,4,10,10,7.702527e-05,0.00036953622,0.00021581184,0.00014002064,0.00027589282,0.00014745862,0.0029016645,0.0001723966,0.003493246,0.0004190462,0.9915495,0.00023841583
syn-0107,0,0,4,10,10,6.2358864e-05,0.0001877668,0.00014414164,9.379475e-05,0.00016453455,0.00010837962,0.0003482346,0.000105353334,0.00030818,0.000234451,0.9980611,0.00018176778
syn-0108,0,0,4,8,8,0.00015619236,0.0001510177,0.000117555275,5.667972e-05,0.0001988,0.0001437507,0.00022286296,0.00026673207,0.9973002,0.00025204406,0.0010873708,4.6805944e-05
syn-0113,0,0,4,11,11,0.00018120185,0.00030449496,0.00023085713,0.00013205326,0.0001990113,0.00018262303,0.00028493133,0.00033246854,5.262985e-05,0.0003013151,0.0004127548,0.9973857
syn-0119,0,0,4,6,6,6.228214e-05,0.00022982975,0.00023550988,0.00024050692,0.00019495876,0.00022726308,0.9978072,5.2446823e-05,0.00021380687,8.938947e-05,0.0003887644,0.00025808928
syn-0122,0,0,4,3,3,0.0001922538,0.00035644753,0.00032963994,0.99750817,0.00030430942,0.00029444313,0.00028748196,5.7359804e-05,5.532423e-05,0.00034823295,8.04177e-05,0.0001859752
syn-0127,0,0,4,11,11,0.0001633374,0.0013669399,0.00024700095,0.00019973468,0.0002054721,0.00024317158,0.0011189372,0.00023351352,6.284931e-05,0.00025446858,0.00074165163,0.99516296
syn-0136,0,0,4,6,6,6.178376e-05,0.00027477433,0.00026479684,0.0002856852,0.00018589891,0.00021512067,0.997586,5.336506e-05,0.00021590991,9.467011e-05,0.0005087918,0.0002532267
syn-0138,0,0,4,4,4,0.00021411257,8.8690635e-05,5.20368e-05,0.0005167582,0.99582434,0.00034023504,0.00064984336,0.00047179332,0.000258774,0.00016028462,0.00091029395,0.00051281496
syn-0156,0,0,4,6,6,8.388288e-05,0.00026690483,0.00029092742,0.00036206504,0.00023388093,0.00025171525,0.99770266,5.1326675e-05,0.00026283102,8.512067e-05,0.00020559451,0.00020300093
syn-0161,0,0,4,2,2,0.00019178406,0.0002723805,0.9975032,0.00029689595,3.3132364e-05,0.00013983346,0.00034409016,0.00053355563,0.00017267125,0.00011034763,0.0001760769,0.00022586653
syn-0176,0,0,4,10,10,6.775122e-05,0.0001677678,0.00012995779,0.000100915146,0.00024427954,8.776227e-05,0.000361551,9.9544835e-05,0.00027297967,0.00024273385,0.99799025,0.00023463473
syn-0185,0,0,4,7,2,0.003535463,0.0016923521,0.9404329,0.00053403573,0.00011009694,0.0005882444,0.00051912386,0.04926045,0.0007217886,0.00076758995,0.00038502732,0.0014529008
syn-0189,0,0,4,10,10,0.00011842945,0.0007226511,0.00017315728,0.00074675184,0.00024803635,0.0001323759,0.0008577373,8.251577e-05,0.0007604235,0.0034273814,0.9920419,0.00068870676
syn-0192,0,0,4,5,5,0.00013836854,0.00033744422,0.0002871203,0.0005261646,0.0002580651,0.99722654,0.00036723242,0.0002917842,0.00015640978,0.0001105327,0.00011183562,0.00018848205
syn-0194,0,0,4,1,1,0.00045092087,0.99735343,0.00027147666,0.00030590082,7.8465986e-05,0.00023175319,0.0002765608,0.00013919937,0.00023748085,0.00015080467,0.00018146161,0.00032254393
syn-0195,0,0,4,4,4,0.00031053435,8.057379e-05,3.3002892e-05,0.00073715375,0.99360526,0.0037335355,0.0003333988,0.00027552148,0.00026432035,0.00013639302,0.00027619497,0.00021415767
syn-0200,0,0,4,5,5,0.0017099654,0.0028285636,0.0026223883,0.26778492,0.0034529604,0.7110528,0.0012590039,0.0068829777,0.0004310822,0.0005909483,0.00024754967,0.0011368599
syn-0203,0,0,4,8,8,0.00016457302,0.00013757306,0.00014256524,5.9575304e-05,0.00013583757,0.00012779466,0.00025925762,0.00025415,0.99829453,0.0001894224,0.0001966798,3.8090908e-05
syn-0207,0,0,4,0,0,0.9972288,0.0003031121,0.00021078136,0.00024666917,0.000575838,0.00022824311,0.00010024903,0.00023059553,0.00029508022,0.00025512138,9.659703e-05,0.00022891277
syn-0208,0,0,4,8,8,0.00023424222,0.00011663975,0.00013133384,6.0689443e-05,0.00015197841,0.00014179786,0.00024185493,0.0002451244,0.9982685,0.0001963868,0.00017603998,3.5434423e-05
syn-0209,0,0,4,7,7,0.00019965232,0.00017010591,0.0017725443,9.711292e-05,0.00029687348,0.00025673446,7.0016154e-05,0.99572456,0.00031081706,0.00020468657,0.00024059162,0.0006563953
syn-0211,0,0,4,0,0,0.9960089,0.00054859533,0.00031174187,0.0010161906,0.00069255894,0.00017351049,0.0001364562,0.00019093655,0.00026328317,0.00035515227,8.879374e-05,0.00021383878
syn-0217,0,0,4,6,6,8.00291e-05,0.00037456144,0.0002521064,0.00024874383,0.0001784214,0.00018435495,0.99754685,4.7462003e-05,0.00032015456,9.0243135e-05,0.00047899826,0.00019797725
syn-0219,0,0,4,0,0,0.9972699,0.00036563806,0.00024692036,0.00026542478,0.00041260617,0.00017942008,0.00011107857,0.00023804142,0.00023083034,0.000320946,0.000101633224,0.00025750985
syn-0224,0,0,4,8,8,0.00018707027,0.00015977546,0.000105193416,6.299815e-05,0.00018309405,0.00012964309,0.0008137874,0.00017972811,0.9975198,0.00021135826,0.0004134912,3.4051398e-05
syn-0226,0,0,4,6,6,6.76092e-05,0.00022727172,0.00028877513,0.0002789695,0.00018896771,0.00021856508,0.9978452,5.1484618e-05,0.0002070849,8.013125e-05,0.00033087024,0.00021507152
syn-0229,0,0,4,7,7,0.0005932381,0.00038386582,0.00058219006,0.00013587275,0.0016066936,0.0111581115,0.00012468385,0.9830719,0.0008779271,0.0005223817,0.0002606259,0.0006824795
syn-0234,0,0,4,4,6,7.6643984e-05,0.00016265192,0.00024728905,0.0011895837,0.0015349322,0.00023758342,0.9953511,4.5365734e-05,0.00022904025,0.00010283404,0.00057947374,0.00024357409
syn-0243,0,0,4,10,10,5.469636e-05,0.00019692107,0.00018657773,8.091496e-05,0.0001274837,0.00012404504,0.00029984757,0.00015834646,0.00037060145,0.00028217974,0.9978124,0.00030589217
syn-0250,0,0,4,11,11,0.00018632862,0.00033756232,0.0002523292,0.00014920838,0.00019177454,0.00017359259,0.00026703376,0.00036597342,4.3805438e-05,0.0002696543,0.0003088584,0.99745375
syn-0253,0,0,4,3,3,0.00014683932,0.00030908044,0.00027239652,0.9975618,0.00041456995,0.00033724878,0.00032599605,4.591268e-05,5.5924742e-05,0.0002977482,9.2114315e-05,0.00014032047
syn-0255,0,0,4,2,2,0.00017344512,0.00028163232,0.9975802,0.00029385398,3.0346986e-05,0.00014087226,0.00034417972,0.00047101255,0.00016245995,0.00011909061,0.00017973899,0.00022319781
syn-0259,0,0,4,4,4,0.00018848137,6.9677815e-05,3.840466e-05,0.0007141053,0.9967361,0.0004833648,0.0005244954,0.00019995277,0.00022846476,0.00012204977,0.00043169165,0.000263154
syn-0260,0,0,4,11,11,0.0001604228,0.0011316433,0.0002335278,0.00021777816,0.00018036822,0.00017791902,0.0003176399,0.00030614328,4.4114888e-05,0.00024581293,0.00030176507,0.9966828
syn-0265,0,0,4,3,3,0.00040299207,0.00039336854,0.00021423658,0.99688774,0.0005976228,0.00063850015,0.00024973523,4.3270524e-05,5.6989225e-05,0.00027327787,0.00010451259,0.00013778226
syn-0269,0,0,4,10,10,8.415952e-05,0.00021984421,0.00013474944,9.7626755e-05,0.0001908175,9.425418e-05,0.00024612367,0.00011160218,0.00031849797,0.00026279804,0.9980647,0.000174805
syn-0285,0,0,4,11,11,0.00022147702,0.00026767456,0.0002462324,0.00014362608,0.00018085257,0.00016758827,0.00022310512,0.00041918788,5.9755443e-05,0.0003687373,0.00029240822,0.9974093
syn-0286,0,0,4,8,8,0.0002510372,0.00013052287,9.6759846e-05,5.327954e-05,0.00017308365,0.000115919516,0.0005976665,0.00019055988,0.9979346,0.00020097672,0.00022121528,3.4467106e-05
syn-0289,0,0,4,8,0,0.9618722,0.024699233,0.0011384002,0.0003509421,0.00077254,0.0013263832,0.0003348713,0.0012454134,0.006481044,0.0008316521,0.00030253103,0.0006448513
syn-0299,0,0,4,1,1,0.00036316496,0.9975625,0.00024304484,0.00035100468,6.4873886e-05,0.00025198728,0.00024531013,0.00012002254,0.00013653564,0.00015745881,0.00018799398,0.00031614004
syn-0305,0,0,4,1,1,0.0002788048,0.99762136,0.00024640502,0.00033003974,6.017812e-05,0.0002164982,0.00023673414,0.00011702035,0.00013029091,0.00015986977,0.0002522484,0.0003505544
syn-0307,0,0,4,3,3,0.00024802925,0.00042378312,0.0002820851,0.99735606,0.00040911208,0.00017357558,0.00025292116,4.6808567e-05,5.888335e-05,0.00045419525,9.3728486e-05,0.00020086022
syn-0321,0,0,4,9,9,0.00021772637,0.00015890358,0.00011774166,0.0003406344,8.068585e-05,7.0581926e-05,7.7443416e-05,0.00017375618,0.0003404681,0.99790645,0.00025710865,0.00025849332
syn-0326,0,0,4,1,1,0.0003726762,0.99729294,0.00026569024,0.00028798188,7.067644e-05,0.00019947921,0.00036636135,0.00013756932,0.00022134307,0.00015257306,0.00017794102,0.00045481842
syn-0333,0,0,4,5,5,0.001742823,0.00044281158,0.00020815052,0.0021208043,0.022934783,0.9695144,0.00057894696,0.0004441108,0.000874423,0.0002424039,0.0004990835,0.00039732156
syn-0338,0,0,4,8,8,0.00037994122,0.00015413918,0.00010750146,5.8963495e-05,0.00018502171,0.00010267884,0.00019192301,0.0002256993,0.9977386,0.000554941,0.00026130493,3.927815e-05
syn-0350,0,0,4,2,2,0.00019011178,0.00029563942,0.9975344,0.00029985548,3.1370077e-05,0.00012664175,0.00035809237,0.0005163991,0.0001467636,0.00010726974,0.00016933678,0.00022417055
syn-0352,0,0,4,8,8,0.00018244384,0.00012551421,0.00011065779,5.237323e-05,0.00014552796,0.000118428994,0.00025575273,0.00021138038,0.9983551,0.00019373691,0.00021340264,3.55762e-05
syn-0353,0,0,4,7,7,0.0004986628,0.00036252104,0.0007260817,0.00015290262,0.00093527103,0.020203078,9.3012226e-05,0.975342,0.00055575557,0.0003073673,0.00020355455,0.0006198388
syn-0363,0,0,4,9,9,0.0005376637,0.00019601674,0.00015243454,0.00045432226,7.4435906e-05,6.9857815e-05,6.183018e-05,0.00020683288,0.0002779166,0.997361,0.00024442372,0.00036309162
syn-0368,0,0,4,9,9,0.00030861254,0.00015670297,0.00013775074,0.00035495075,9.5324016e-05,7.6595e-05,6.85923e-05,0.00025169778,0.0003464322,0.99763346,0.00020209678,0.00036774125
syn-0377,0,0,4,5,5,0.00023209157,0.00025353726,0.00027628927,0.00051222194,0.00051781716,0.9954015,0.00019316374,0.0019864505,0.00014277815,0.0001223634,8.762014e-05,0.00027413917
syn-0378,0,0,4,2,2,0.000180615,0.0002692223,0.9975593,0.00031698917,3.198959e-05,0.00014357758,0.00033252643,0.0004938476,0.00017125353,0.0001268925,0.00016574163,0.00020798811
syn-0379,0,0,4,3,3,0.0002798648,0.0003018681,0.00020256572,0.9926513,0.0030982832,0.0022229096,0.000375131,6.244627e-05,8.378483e-05,0.00031496788,0.00022908916,0.00017771925
syn-0386,0,0,4,10,10,8.853819e-05,0.00021104816,0.00015433076,0.00010141045,0.00020480473,0.0001027061,0.00025004527,0.000120192904,0.0003305997,0.00028247506,0.99800354,0.00015031466
syn-0391,0,0,4,0,0,0.99690163,0.0004994005,0.00023415004,0.00027388282,0.0005247346,0.00022441153,0.00010080507,0.00020613281,0.0004548203,0.00029168912,0.000102292564,0.00018613457
syn-0399,0,0,4,8,8,0.00016082195,0.00011951272,0.00012629225,5.552433e-05,0.00014359785,0.00014150968,0.00024266327,0.0002694905,0.99818736,0.00023393743,0.00028187258,3.742317e-05
syn-0402,0,0,4,1,0,0.60392684,0.0040149516,0.0004738154,0.0043465006,0.36203262,0.0066465605,0.00077966525,0.0028117984,0.0072648157,0.0022982869,0.002231931,0.003172214
syn-0403,0,0,4,9,9,0.00034651614,0.00015873382,0.00010782504,0.00029317045,8.43029e-05,7.446973e-05,6.457418e-05,0.00022637869,0.00035410622,0.9978143,0.00021255929,0.00026318152
syn-0408,0,0,4,4,0,0.63211894,0.0018844724,0.0012565558,0.0110367,0.30627036,0.0070494767,0.0019048249,0.0034123387,0.031842325,0.001154207,0.0008518905,0.0012178957
syn-0413,0,0,4,9,9,0.0003240327,0.00014860673,0.000118653305,0.00036937438,7.7814744e-05,7.1058996e-05,6.11969e-05,0.00025421203,0.00025383997,0.9978071,0.00019334712,0.00032088376
syn-0432,0,0,4,6,6,6.839091e-05,0.00023113762,0.00033397137,0.0004274167,0.00019896142,0.00028302296,0.9976228,5.378558e-05,0.00018617828,8.322344e-05,0.00026714423,0.00024389169
syn-0437,0,0,4,3,3,0.00021188738,0.00033399733,0.00017660683,0.9961183,0.0011657653,0.00053077005,0.0002868012,5.164709e-05,7.128596e-05,0.00047310063,0.00040489907,0.00017489056
syn-0468,0,0,4,6,6,8.123037e-05,0.0002531565,0.00028145284,0.00028121244,0.00021013047,0.0001652154,0.99779665,4.7288802e-05,0.0002444111,8.521186e-05,0.00035873346,0.00019533785
syn-0473,0,0,4,10,10,7.790781e-05,0.00016308893,0.0001377376,9.443474e-05,0.0002130199,8.615191e-05,0.00027915617,0.00010617583,0.00035061073,0.00028050542,0.9980254,0.00018588999
syn-0484,0,0,4,3,3,0.00016245882,0.00033929665,0.00029746097,0.9975732,0.00041172522,0.0003112801,0.0003595079,4.906564e-05,5.8153193e-05,0.00022363263,8.884639e-05,0.00012529349
syn-0491,0,0,4,10,10,7.3763906e-05,0.00019706538,0.00015127983,9.916329e-05,0.00018008836,9.906651e-05,0.00024826397,0.00011810482,0.0003006218,0.000287877,0.9980562,0.00018863885
syn-0499,0,0,4,11,11,0.00019001837,0.00032624483,0.00024674396,0.0001547103,0.00018300676,0.00015577151,0.00027218874,0.00032457645,4.6908313e-05,0.00031367,0.00025507415,0.99753124
syn-0003,0,1,0,2,2,0.00017631544,0.0003318626,0.99739254,0.00027095756,0.00010683634,0.00016725846,0.00016116537,0.00044250014,0.00025905497,0.00014425624,0.00038567287,0.00016163824
syn-0004,0,1,0,10,10,0.00016865837,9.107326e-05,0.00024865312,0.0002530317,0.00020846877,0.00026007774,0.0001841528,0.00016907063,0.00011290063,0.00012309222,0.99791366,0.0002671895
syn-0006,0,1,0,7,7,0.00035302155,0.0007402646,0.0013622199,0.00019287397,0.00029123962,0.00054278044,0.00028421535,0.99342316,0.000351302,0.0012927188,0.0002768193,0.00088944833
syn-0008,0,1,0,8,8,0.0001710285,0.00026607703,0.00019733378,2.5124951e-05,5.8531474e-05,0.00023234579,0.00018438492,9.783051e-05,0.9981963,0.00030694515,0.00016271911,0.000101430036
syn-0011,0,1,0,10,10,0.00015568716,0.00016629555,0.00027360662,0.00018578803,0.00012382196,0.0003604512,0.00011110173,0.00012989108,0.00043968417,0.00029068443,0.99747795,0.0002851665
syn-0015,0,1,0,6,6,7.346695e-05,0.00016164618,0.00010910858,0.000231604,0.0002661194,0.000113012655,0.99792886,0.00011832063,0.00035761954,0.000108895685,0.00032791236,0.0002033446
syn-0016,0,1,0,9,9,7.2536335e-05,8.698435e-05,0.00010878365,0.00024175987,8.4720785e-05,0.00018649857,0.00010441208,0.00025631746,0.0003230468,0.99787617,0.00026000448,0.00039874064
syn-0017,0,1,0,3,3,0.00037458356,9.057129e-05,0.000219723,0.997271,0.0002664639,0.0006120303,0.00022570373,0.00013986918,3.1361793e-05,0.00022515336,0.00036994848,0.00017347604
syn-0020,0,1,0,6,6,6.669807e-05,0.00012694205,0.00012148434,0.00029782733,0.00019757406,0.00010100956,0.9979488,0.00013046102,0.0002514702,0.00011925102,0.00035968612,0.00027876018
syn-0034,0,1,0,0,0,0.99789536,0.00022430644,0.00017953261,0.00024563173,0.00039838342,0.00018613823,5.897276e-05,0.00017623215,0.00012411596,8.656233e-05,0.00022783875,0.00019698552
syn-0044,0,1,0,2,2,0.00017724183,0.0003659994,0.9972621,0.00025713092,0.00010323291,0.00017296703,0.00017406845,0.00049672305,0.00026445245,0.00015138104,0.00041966364,0.00015504664
syn-0049,0,1,0,8,8,0.00022490969,0.00030009804,0.00018125026,2.627785e-05,6.8761256e-05,0.00022337747,0.0001948333,0.00010443963,0.9981394,0.00030269756,0.00012985033,0.000104134095
syn-0052,0,1,0,4,4,0.0014940657,0.00022811771,8.816219e-05,0.00016406651,0.9966809,0.00052626204,0.00015979707,0.00020062627,0.000104593,0.000120856974,0.00015640055,7.622354e-05
syn-0053,0,1,0,10,10,0.00012943396,9.2773684e-05,0.00031159705,0.00016737737,9.642228e-05,0.00015029272,0.00018387297,0.00010872856,0.0001597126,0.0001240507,0.99834526,0.00013051284
syn-0055,0,1,0,3,3,0.00018970779,0.00012508343,0.0002166531,0.9978478,0.00017536538,0.00024562,0.00036418735,0.00011038575,3.250275e-05,0.00028050688,0.0002538503,0.00015827476
syn-0063,0,1,0,1,1,0.00017715273,0.99822193,0.00025155436,0.00015020081,0.00020530015,4.3498017e-05,0.0001302421,0.0001735567,0.00023043103,0.00010034887,9.426903e-05,0.00022149518
syn-0069,0,1,0,11,11,0.00027347245,0.0004085592,0.00011100659,0.00016786561,0.00011441852,0.00018391474,0.0002742748,0.00015885438,0.000107696396,0.00034917935,0.0002531678,0.9975975
syn-0072,0,1,0,0,0,0.9980531,0.00018634956,0.00019963125,0.00022011016,0.00028756878,0.00019701665,6.3712585e-05,0.00014392949,0.00018026376,8.548384e-05,0.00017488834,0.00020798946
syn-0073,0,1,0,11,11,0.00023616765,0.00028591772,0.00014535665,0.00017757367,9.980455e-05,0.00021294339,0.00025498433,0.00017482067,0.0001542787,0.00028093572,0.00031028496,0.99766695
syn-0077,0,1,0,2,2,0.00016242878,0.00029736967,0.9973888,0.00026604033,0.000104871906,0.00016234949,0.00017089014,0.00048777252,0.00025065502,0.00015499063,0.0004009369,0.0001529607
syn-0081,0,1,0,10,10,0.00015321339,9.6677664e-05,0.00026372913,0.0001471282,0.000114136834,0.00020065901,0.00015684674,0.00010251162,0.00028826087,0.00016542067,0.99806124,0.00025009026
syn-0084,0,1,0,5,5,0.00020442472,5.7156078e-05,0.00013134364,0.0002718787,0.00018495307,0.9978556,9.062438e-05,0.00023690535,0.00040709338,0.00019697768,0.00015975122,0.00020332969
syn-0090,0,1,0,5,5,0.00029110257,4.69217e-05,0.00010719527,0.00028380431,0.00030927238,0.99781585,7.7209865e-05,0.00020571827,0.00036168643,0.00019118955,0.0001681485,0.00014187205
syn-0093,0,1,0,5,5,0.00022108076,5.212808e-05,0.00011363604,0.0004517081,0.00033139574,0.9975712,0.00021219644,0.00021595942,0.00027763608,0.00017268302,0.00019924277,0.00018114709
syn-0098,0,1,0,10,10,0.00016747479,0.000120863406,0.0003277797,0.00022721272,0.0001297942,0.00016625266,0.00016299725,0.00011020871,0.000105728235,0.00011129024,0.9981951,0.00017521241
syn-0101,0,1,0,3,3,0.00015697657,0.00012399691,0.00026748286,0.99791235,0.00024491735,0.00022491346,0.0003784335,0.00011279027,3.012085e-05,0.00018370352,0.00022962962,0.00013466312
syn-0109,0,1,0,3,3,0.00038214476,9.577584e-05,0.00025037205,0.99553335,0.00042657356,0.0015932544,0.00026418746,0.00018389303,3.8810475e-05,0.00039970284,0.0006627904,0.00016907963
syn-0120,0,1,0,3,3,0.00020172347,0.0005241898,0.0004836732,0.994333,0.00078039727,0.00022372404,0.0011597053,0.00015481786,7.63416e-05,0.0004570391,0.0014574402,0.00014801705
syn-0121,0,1,0,9,9,9.19778e-05,0.00011324515,0.00011247365,0.00018516628,9.610992e-05,0.00018507589,0.00010032965,0.00031095278,0.00027000796,0.9980307,0.00014597877,0.00035787714
syn-0139,0,1,0,1,1,0.00016805127,0.9982133,0.00026894498,0.0001373605,0.00020653004,4.0942137e-05,0.0001367582,0.00018843838,0.00024724443,0.000102477185,8.198167e-05,0.00020797209
syn-0148,0,1,0,7,7,0.0006770837,0.0007939135,0.000596941,0.00035058096,0.0008239286,0.006973176,0.001033438,0.9779222,0.00051009224,0.0012538896,0.0012398866,0.007824855
syn-0155,0,1,0,4,4,0.00028126207,0.00017998539,9.517037e-05,0.00022437857,0.99797267,0.0003313192,0.0003234492,0.00020741495,0.000106585765,0.000105241175,0.000103913546,6.868267e-05
syn-0158,0,1,0,1,1,0.00015549593,0.9982004,0.0002878044,0.00015564785,0.00019460752,3.8013e-05,0.00014095985,0.00017680325,0.0002425776,0.00010118313,8.1661e-05,0.00022492345
syn-0166,0,1,0,5,5,0.00022276033,4.692165e-05,0.00010030794,0.00024039135,0.00037397663,0.9978148,9.097534e-05,0.00022549623,0.00032522407,0.00021749386,0.00019524602,0.00014651842
syn-0169,0,1,0,4,4,0.0003311904,0.00023458054,0.000121906945,0.00015722102,0.9980033,0.00017702745,0.00022296565,0.00031789576,8.390816e-05,0.00011925753,0.00015622619,7.448384e-05
syn-0173,0,1,0,8,8,0.00018833007,0.00027836778,0.0001695201,2.6795795e-05,5.84132e-05,0.00022644959,0.00026848912,9.907352e-05,0.9981268,0.00026389133,0.00019209145,0.00010172055
syn-0175,0,1,0,11,10,0.0025358726,0.03422913,0.0012813583,0.027584571,0.007597566,0.010789095,0.004364513,0.0011154398,0.0006519024,0.0036147768,0.68216014,0.22407554
syn-0196,0,1,0,4,4,0.0012392593,0.0002584345,0.00011315002,0.00013965342,0.9971923,0.0001698583,0.00019023227,0.00025362163,0.000112379166,0.00012500127,0.00010870909,9.744621e-05
syn-0223,0,1,0,6,6,6.7176145e-05,0.00030120963,0.00010313401,0.0003441182,0.0001904349,8.33575e-05,0.9972801,8.327613e-05,0.00051601545,0.00016472723,0.00061248435,0.0002540158
syn-0230,0,1,0,9,9,0.000110822715,0.00010011998,0.000123511,0.00017918172,0.0001069943,0.00023627865,0.00010120128,0.0003499066,0.00038527776,0.9978922,0.0001244797,0.00029002523
syn-0233,0,1,0,8,8,0.00017270562,0.0002750747,0.00019786302,2.6433587e-05,6.0743903e-05,0.00022596665,0.00021598769,0.0001088709,0.99818903,0.00026294313,0.00015610273,0.00010839351
syn-0241,0,1,0,1,1,0.00015819035,0.99829,0.00018607551,0.00013140081,0.0001582676,4.4532575e-05,0.00015741982,0.00016449195,0.00028700574,0.000104966675,0.000117557094,0.00020006901
syn-0246,0,1,0,8,6,0.0018000624,0.04314554,0.000880714,0.0011747595,0.0013815042,0.00086790684,0.60616803,0.0005431223,0.33870378,0.0010306649,0.0014295398,0.0028743856
syn-0248,0,1,0,6,6,0.00011260881,0.00019879603,0.00019286797,0.00049885886,0.00045872963,0.00016400493,0.98951936,0.00016416516,0.0002446427,0.00015787611,0.007964178,0.00032394074
syn-0249,0,1,0,8,8,0.00021224612,0.00026732346,0.00018462785,2.5969335e-05,6.440039e-05,0.00026479026,0.00018194306,0.000114135364,0.9980484,0.00030476708,0.0002146956,0.00011661403
syn-0252,0,1,0,8,8,0.0001787851,0.0002831805,0.00020047439,2.7754324e-05,6.309747e-05,0.00022800067,0.0002219591,0.000112813424,0.9981172,0.00028636117,0.00016778913,0.0001125933
syn-0254,0,1,0,7,7,0.0012906828,0.0012327816,0.0009114405,0.0005501239,0.0037539117,0.0011123666,0.00086041016,0.98787117,0.00045696038,0.00073022064,0.00073918904,0.00049072586
syn-0270,0,1,0,10,10,0.00019916808,0.00012972778,0.00022954908,0.00025092828,0.00017044069,0.00017503723,0.00014743212,9.5748714e-05,9.773259e-05,0.00012740509,0.99817145,0.00020533991
syn-0273,0,1,0,0,0,0.99750584,0.0002721154,0.00016388192,0.00019470963,0.0004775191,0.0003576016,5.4947195e-05,0.00014848934,0.00038526964,9.690736e-05,0.000121311896,0.00022149847
syn-0274,0,1,0,9,9,0.00012238958,9.4575335e-05,0.00020870057,0.00027594386,0.00013963686,0.00039643105,0.00016072103,0.00048199645,0.0009893547,0.99464273,0.0020320076,0.00045556584
syn-0275,0,1,0,0,0,0.997721,0.00018996175,0.0002114009,0.00030541647,0.00038735717,0.00025907706,6.3753614e-05,0.00017862691,0.00014707806,9.951799e-05,0.0002296977,0.00020700859
syn-0276,0,1,0,6,6,9.63304e-05,0.00019707892,0.000148183,0.00030944368,0.00050751545,0.00011930116,0.99739397,0.00016227108,0.00028885607,0.00014631366,0.00034706853,0.00028368432
syn-0284,0,1,0,0,0,0.99802554,0.0001712499,0.00012945572,0.00013252567,0.00036189563,0.00020707176,6.132996e-05,0.00012473973,0.0003468858,8.967135e-05,0.0001748835,0.00017471281
syn-0296,0,1,0,3,3,0.000217067,0.00011233828,0.00020065616,0.9978034,0.00023986098,0.00032831167,0.0002843556,0.00011749979,3.1378535e-05,0.00028442504,0.0002302782,0.00015035793
syn-0302,0,1,0,10,10,0.0001117953,8.77063e-05,0.00030560236,0.00016064843,8.559096e-05,0.00013919944,0.00021852416,0.00010334327,0.00016959572,0.00013617422,0.99832827,0.00015347905
syn-0304,0,1,0,1,1,0.00018028662,0.9981797,0.00023282456,0.00018514869,0.00024462436,3.7679576e-05,0.00016375257,0.0001760243,0.000208932,9.3897535e-05,7.906966e-05,0.00021813186
syn-0311,0,1,0,9,9,0.00039990697,0.00031542702,0.00033283213,0.016691875,0.00027619713,0.0005114888,0.001475172,0.0006930047,0.00048663825,0.96257263,0.00861745,0.0076271854
syn-0316,0,1,0,0,0,0.9737524,0.00028519414,0.0004443131,0.002271331,0.001520253,0.019246494,0.00013590541,0.0004602113,0.00040101164,0.00026094326,0.0006673187,0.00055457896
syn-0318,0,1,0,11,11,0.00030333098,0.0011339108,0.00018596652,0.00073524256,0.00026072265,0.00018834247,0.0052984837,0.00021341997,0.00014454826,0.00039100903,0.00096233777,0.9901827
syn-0328,0,1,0,10,10,0.00015130179,0.0001266027,0.00028799786,0.00017027935,0.000113209186,0.00019975836,0.0001413735,0.00011010179,0.0001898213,0.00014034183,0.998201,0.00016817232
syn-0332,0,1,0,6,6,6.1307976e-05,0.00010897357,0.00012506088,0.0002763105,0.0003177598,0.000110042965,0.99766773,0.000120976634,0.00022403637,0.00012360387,0.00064542814,0.00021873973
syn-0345,0,1,0,7,7,0.0011101163,0.00068025914,0.00029058263,0.00014870524,0.0009921907,0.0018561468,0.00036163587,0.9911821,0.000490451,0.0012219059,0.0005781748,0.0010878476
syn-0354,0,1,0,8,8,0.00019355732,0.00026678297,0.00019684555,2.6744416e-05,6.440762e-05,0.00022706621,0.00018985993,0.00010342686,0.99816054,0.00030974767,0.0001474305,0.000113536735
syn-0356,0,1,0,8,8,0.0001792883,0.0005249031,0.00013692917,3.0883002e-05,7.2864714e-05,0.0002215537,0.00067365996,8.797749e-05,0.997511,0.00022586831,0.00021541983,0.000119548444
syn-0357,0,1,0,3,3,0.00017926985,0.00014905597,0.0002521945,0.9978955,0.00020795663,0.0002207211,0.0003512719,0.00012147785,3.334018e-05,0.000244495,0.00019232846,0.00015244177
syn-0371,0,1,0,6,6,6.0963554e-05,0.0001551447,0.00011648205,0.00023772537,0.00032248214,0.000101696714,0.9978929,0.00014264711,0.00024828396,0.00012183395,0.00036827772,0.0002314826
syn-0372,0,1,0,1,1,0.0003045524,0.9976956,0.0002499376,0.00031209833,0.00024486418,4.450606e-05,0.00020359509,0.0002032971,0.00026199635,0.00013391266,0.00014310722,0.0002025045
syn-0380,0,1,0,4,5,0.00030764914,7.974725e-05,0.00012780965,0.00044751755,0.0043540522,0.9930634,0.00014009755,0.00042102012,0.00037629594,0.00027376245,0.00019545823,0.0002132064
syn-0382,0,1,0,0,0,0.99798715,0.00019019806,0.00020079112,0.0002734457,0.00032243386,0.00017368542,6.0790953e-05,0.00015553863,0.00013316923,0.0001005214,0.00019652327,0.00020575357
syn-0383,0,1,0,2,2,0.00017717898,0.00030804967,0.9973954,0.00027870762,0.000100363744,0.00017400674,0.00017417673,0.0004330959,0.00025022868,0.00014132839,0.00040467654,0.00016266797
syn-0419,0,1,0,1,1,0.0001542194,0.9982578,0.00025321942,0.00016118708,0.00021262781,3.9452407e-05,0.00014629743,0.00018752889,0.00022731021,0.000101436286,9.262977e-05,0.00016634433
syn-0421,0,1,0,10,10,0.00013307751,9.236032e-05,0.00027661351,0.00018065622,0.000121642704,0.00017938168,0.00017162749,9.726656e-05,0.00015931182,0.00013069487,0.9982743,0.0001831431
syn-0425,0,1,0,5,5,0.00026635418,5.103355e-05,0.000112451526,0.0002201694,0.000261777,0.9978344,8.613542e-05,0.00021111543,0.00041872717,0.00018225967,0.00016806954,0.00018758669
syn-0448,0,1,0,4,5,0.00024102317,4.8301914e-05,0.000103057144,0.00019263013,0.0006432815,0.99751055,9.112542e-05,0.0002519127,0.00038241324,0.00020425426,0.0001620525,0.00016941543
syn-0452,0,1,0,10,10,0.00010830822,8.292124e-05,0.00032763972,0.00020057574,0.00012159595,0.00015371169,0.00053285144,0.00010899791,0.00015567553,0.00014112265,0.99789065,0.0001760593
syn-0454,0,1,0,11,11,0.00020508007,0.00033040834,0.00012566938,0.00020180203,0.00010728097,0.00016270767,0.0003692501,0.00016486694,0.00010572092,0.0003032367,0.00028514286,0.9976388
syn-0455,0,1,0,2,7,0.0005460353,0.002712565,0.114394724,0.0011514501,0.0011897425,0.00034877998,0.0011078796,0.87551403,0.00084489054,0.0010266242,0.0007219678,0.00044133005
syn-0457,0,1,0,9,9,8.614003e-05,0.00010585063,0.000120178964,0.0002802101,0.000102094215,0.00021539598,0.0001161407,0.00032056714,0.00022656123,0.9978878,0.0001311556,0.0004079024
syn-0459,0,1,0,5,0,0.9698939,0.00065564894,0.00039055123,0.00036332346,0.019856168,0.0040222243,0.00017246189,0.00041210162,0.0036802029,0.00012967354,0.00017933198,0.00024440073
syn-0480,0,1,0,1,1,0.0010029473,0.7241324,0.0011945239,0.01872203,0.0014678554,0.0005884519,0.18166454,0.001073906,0.0021419832,0.0011956911,0.0019144443,0.06490113
syn-0487,0,1,0,6,6,8.7998385e-05,0.00020261404,0.000109944405,0.00026239414,0.00022296303,0.00010823987,0.99774796,0.00013287754,0.00049225567,0.00011635145,0.0002358411,0.00028061582
syn-0489,0,1,0,11,11,0.00024340765,0.00038169723,0.00011667427,0.0001716773,0.000120967125,0.00017421061,0.00034321792,0.00015616139,0.00011014183,0.00028919493,0.0003032957,0.99758935
syn-0495,0,1,0,2,2,0.00017192845,0.00030597227,0.9970994,0.00043641645,0.000115145835,0.0002516859,0.00014959299,0.0005189537,0.0002306782,0.00017009143,0.00038512438,0.00016501934
syn-0496,0,1,0,8,8,0.00016414557,0.0002826935,0.00019181192,2.8860459e-05,6.121704e-05,0.0002133557,0.00024698387,0.00010182083,0.99813545,0.00027852313,0.00018455382,0.00011052545
syn-0497,0,1,0,5,5,0.00023046057,7.362367e-05,0.00012634364,0.00015077119,0.00016112326,0.99713194,9.126892e-05,0.00030478934,0.00079385133,0.00038360036,0.00021168914,0.0003405155
syn-0498,0,1,0,7,7,0.00021147495,0.0003307531,0.0005150393,0.00012383502,0.00035432682,0.00038934196,0.0002865226,0.99660957,0.00038162502,0.00041505994,0.00016214346,0.00022032906
syn-0013,0,1,1,6,6,7.67697e-05,0.0001232781,0.00015207956,0.00031970054,0.00028040085,0.00010794592,0.9979578,6.102709e-05,0.00024697004,0.00013154965,0.00023382653,0.0003086752
syn-0018,0,1,1,3,6,9.488668e-05,0.00012963139,0.00013071192,0.0003660317,0.000330783,0.000108894405,0.9979171,4.6289257e-05,0.0002451578,0.00011971395,0.00021118451,0.00029960458
syn-0031,0,1,1,0,0,0.9980617,0.00015955034,0.00019605871,0.00023033781,0.0003177689,0.00016349356,8.498515e-05,0.00017651991,0.0001848107,5.1747855e-05,0.0001090166,0.00026401915
syn-0032,0,1,1,4,4,0.0004548617,0.000604657,0.00022749364,0.00044956242,0.98670095,0.0003310013,0.00999985,0.00019326,0.00033457615,0.00014222293,0.00035877258,0.00020273261
syn-0037,0,1,1,8,6,0.008021724,0.0025915874,0.00102284,0.00096274784,0.0037340927,0.001973502,0.48906967,0.0011647027,0.48337185,0.0016651043,0.0008877914,0.0055343593
syn-0041,0,1,1,10,9,4.631386e-05,0.00013719164,0.00014265672,0.00032384513,8.892426e-05,0.0002332569,0.00017157345,0.00037699915,0.0005627051,0.9964993,0.00092345034,0.00049374456
syn-0042,0,1,1,9,9,4.8962494e-05,0.00013571889,0.0001413322,0.00027516554,8.2398095e-05,0.00025219808,0.00015044735,0.00037493062,0.00043725115,0.99742234,0.0002169841,0.0004623369
syn-0045,0,1,1,9,9,6.5192784e-05,0.00017395456,0.00015098682,0.0006074576,0.000119673925,0.00030649468,0.00021126855,0.0005000166,0.0006678135,0.994665,0.0021068195,0.000425318
syn-0046,0,1,1,8,8,0.003903622,0.008653168,0.0014574312,0.00029008466,0.0011860408,0.0018173483,0.0006757857,0.20499066,0.76760626,0.007028108,0.0010264327,0.0013651246
syn-0057,0,1,1,8,8,0.00025118058,0.00032808154,0.0002080328,5.0930867e-05,0.00021929768,0.00037715884,0.00037231002,0.00022570722,0.99582666,0.00046363025,0.0015015575,0.00017552366
syn-0059,0,1,1,3,3,0.00027157358,0.00017270698,0.0002682786,0.99722254,0.00021789609,0.0005334055,0.00030340633,0.00017611332,7.537645e-05,0.0002966675,0.00023365425,0.00022846468
syn-0070,0,1,1,2,2,0.00035243304,0.00030013014,0.99686474,0.0003386007,0.00012040801,0.0001810188,0.00024706117,0.00058078015,0.00024633843,0.0001811072,0.0004071362,0.00018022503
syn-0071,0,1,1,6,6,8.853272e-05,0.00013473285,0.0001453967,0.00033541644,0.00028743147,0.00010804965,0.9979418,5.4971213e-05,0.0002797809,0.00012768715,0.00024100965,0.00025524147
syn-0076,0,1,1,5,5,0.00047061377,5.373119e-05,0.0001259086,0.00069662667,0.0006597138,0.9966139,0.00019387175,0.00026190403,0.00033826765,0.00023788484,0.00014677145,0.00020080878
syn-0079,0,1,1,1,1,0.00019102033,0.9969326,0.00015222035,0.00022409002,0.00060101517,6.4391235e-05,0.00051810744,0.00019242456,0.00041751334,0.00011878109,0.000205938,0.0003818886
syn-0086,0,1,1,10,10,9.0463895e-05,0.00012425473,0.00020961717,0.00022598717,0.000192967,0.00011110962,0.00024126787,0.00020143928,7.558542e-05,0.00014406763,0.99803597,0.00034716475
syn-0087,0,1,1,5,7,0.0021419714,0.0018054828,0.0017901208,0.0001868894,0.0011968527,0.003838104,0.0002105362,0.96636623,0.016594807,0.0014938773,0.0037629495,0.0006121886
syn-0091,0,1,1,4,4,0.00024975082,0.0003102892,0.00010559636,0.0001962232,0.9974369,0.0004962646,0.00030458494,0.0002858518,0.00017232288,0.00012862349,0.00020156425,0.000111968504
syn-0111,0,1,1,3,3,0.00024346627,0.00020134846,0.00030950326,0.9973425,0.00022287242,0.00033083477,0.0003988681,0.00013919786,6.1648156e-05,0.00021824175,0.00030373933,0.00022771252
syn-0118,0,1,1,5,5,0.00021206283,4.051244e-05,0.00010831109,0.0003804966,0.00048609855,0.99743,0.00018059158,0.0002517079,0.00033566417,0.0002766496,0.00012261276,0.00017529195
syn-0128,0,1,1,2,2,0.00033014573,0.00029738928,0.99696773,0.00033379282,0.000111261994,0.00017667115,0.00023098584,0.00059592235,0.00023076039,0.00017538191,0.00037994902,0.00016990297
syn-0130,0,1,1,6,8,0.00047250662,0.000968759,0.00038358284,8.479854e-05,0.0002458524,0.00069814903,0.00078937015,0.0053289174,0.9900519,0.0005096557,0.00027027985,0.00019620215
syn-0133,0,1,1,2,2,0.00028282934,0.000330661,0.997062,0.0003618767,0.0001079544,0.00017234225,0.00022021394,0.0005363228,0.00021354291,0.00015068702,0.0004051838,0.00015630764
syn-0134,0,1,1,5,5,0.00071697193,4.5079836e-05,0.00013069785,0.0004361413,0.0003348096,0.99683577,0.00012955417,0.00033933565,0.00043195556,0.0002679128,0.00012680046,0.00020501507
syn-0146,0,1,1,10,10,9.835712e-05,0.00011058589,0.0002457052,0.0002619352,0.00045402214,0.00013203124,0.00041450353,0.0001630368,8.210025e-05,0.0001428993,0.9977064,0.00018838869
syn-0147,0,1,1,0,0,0.99802893,0.00016308951,0.00017955663,0.00025991735,0.00035158702,0.00015410877,9.1977636e-05,0.00016712019,0.00020257216,4.7392285e-05,9.9160585e-05,0.000254517
syn-0151,0,1,1,10,10,0.00059776736,0.00060304435,0.0005799421,0.0007560178,0.0004290866,0.00043883332,0.0011498382,0.000793074,0.00031824788,0.00047821345,0.93671584,0.05714003
syn-0167,0,1,1,0,0,0.9980427,0.00014548242,0.00021333586,0.00020576504,0.00032280627,0.00017175532,9.829424e-05,0.00017565675,0.00022787238,4.8801947e-05,9.743411e-05,0.00025014667
syn-0181,0,1,1,10,10,0.0007149833,0.0018837301,0.0010618491,0.00059043115,0.0016680778,0.0011138954,0.014332803,0.0010191776,0.15913889,0.002678301,0.81451255,0.0012852198
syn-0187,0,1,1,3,3,0.0003898188,0.00015972763,0.0002910001,0.99722123,0.00026567114,0.0005210803,0.00026671094,0.00017810207,6.248918e-05,0.00021757688,0.00022481255,0.0002018161
syn-0191,0,1,1,4,4,0.00029079875,0.0003112208,0.000116949566,0.00044638859,0.997018,0.0003307271,0.0006395197,0.00017208238,0.00012352335,8.923158e-05,0.00035004312,0.000111594054
syn-0202,0,1,1,10,10,0.00014357797,0.00023464861,0.00053072884,0.00033546277,0.00015209349,0.00022988548,0.0003051442,0.0004666545,0.0008619839,0.0037870368,0.9922184,0.0007344194
syn-0213,0,1,1,0,0,0.99784875,0.00017163811,0.00018896838,0.00020164748,0.00040714027,0.00018199549,0.00011796503,0.00014788908,0.00033205491,4.5836274e-05,8.974307e-05,0.00026635802
syn-0222,0,1,1,8,8,0.0002870942,0.00028698906,0.00011948889,3.3736324e-05,0.0001561476,0.00024994992,0.00026832081,0.00013002101,0.99798834,0.0002898762,9.800135e-05,9.206375e-05
syn-0232,0,1,1,8,8,0.0002720158,0.00033275227,0.00012611363,3.9586652e-05,0.0001239767,0.00022964823,0.00022741647,0.00010217982,0.9977496,0.00061292225,8.697333e-05,9.674191e-05
syn-0236,0,1,1,11,11,0.00044851121,0.0004906129,0.00012737614,0.00023519756,0.00013894228,0.00021625136,0.00038749128,0.0002093934,0.00035135355,0.000649322,0.00026148654,0.9964839
syn-0237,0,1,1,4,4,0.0003998765,0.00032419077,0.00011407984,0.00013747223,0.9975629,0.00026356525,0.00029517908,0.00023510758,0.00017217643,9.950221e-05,0.00029209646,0.00010387088
syn-0264,0,1,1,0,0,0.99807227,0.00013389783,0.00017834113,0.00020952248,0.00028817172,0.00022102986,8.0227794e-05,0.00017834113,0.00020728378,4.913815e-05,0.00011424962,0.00026759104
syn-0267,0,1,1,4,4,0.00040586546,0.00027942416,0.000100290665,0.00015785643,0.99764293,0.00033674142,0.00025962663,0.00022435922,0.00014115653,8.773173e-05,0.000257732,0.00010623885
syn-0268,0,1,1,6,6,0.00010099977,0.00013019385,0.00014139312,0.00029364717,0.00030263586,0.00011590994,0.9978522,4.8935784e-05,0.00038233414,0.00013070341,0.00022688525,0.00027427785
syn-0271,0,1,1,2,2,0.00027071574,0.00029797712,0.9969892,0.00044172764,0.00012583306,0.00018889779,0.00020695775,0.00059973,0.00019613511,0.00016141514,0.0003758516,0.00014568408
syn-0272,0,1,1,3,3,0.0021051434,0.0003884628,0.00025364305,0.9948447,0.00030091454,0.0002781646,0.0005436898,0.0001881237,9.942508e-05,0.00035421786,0.00021213375,0.00043146132
syn-0279,0,1,1,0,0,0.9979937,0.00016086928,0.00018982819,0.00019604534,0.00039112213,0.00016719592,8.836456e-05,0.0001812238,0.00023520911,4.7113746e-05,9.704948e-05,0.00025221932
syn-0281,0,1,1,10,3,0.31442744,0.004897104,0.0011930759,0.47385892,0.026798638,0.013790548,0.00267293,0.0035514464,0.004771998,0.00165966,0.14765729,0.0047210106
syn-0283,0,1,1,7,7,0.00024230377,0.00032415043,0.00071818876,0.00021279076,0.0002482922,0.00091266056,7.706771e-05,0.9959787,0.00018236542,0.0005593985,0.0003276513,0.0002163529
syn-0294,0,1,1,1,1,0.00017336385,0.99759966,0.00021899198,0.00023794579,0.00032816452,4.878028e-05,0.0002059752,0.00025248935,0.00032533263,0.00013674088,0.00011165916,0.00036096308
syn-0295,0,1,1,10,10,0.0004651301,0.00030608417,0.0004505995,0.0016127973,0.029675554,0.0008915414,0.001613979,0.00039034238,0.00014801264,0.0002987019,0.9637119,0.00043545838
syn-0297,0,1,1,11,11,0.00033780138,0.00034103313,0.00013410593,0.00023069822,0.0001216288,0.00019569547,0.00035871088,0.00023148808,0.00014975214,0.0004441942,0.00026892454,0.9971859
syn-0298,0,1,1,7,7,0.0004269968,0.00033124894,0.00047148982,0.00019265056,0.0003708001,0.0014353713,6.835708e-05,0.99518377,0.00021723837,0.0006141885,0.00041365743,0.00027434697
syn-0308,0,1,1,3,3,0.00032508114,0.00018146577,0.00030605725,0.9973763,0.00020805153,0.00036305285,0.00033622017,0.00014250368,6.784192e-05,0.00023232502,0.00023437594,0.00022661102
syn-0313,0,1,1,11,11,0.0004434056,0.0013218267,0.00022003822,0.0006643318,0.0002989995,0.000209757,0.0014916223,0.0006142565,0.00013662483,0.0003550707,0.0057305507,0.9885134
syn-0314,0,1,1,8,8,0.0002333248,0.00033672032,0.00013059609,3.875522e-05,0.00013421633,0.00020336051,0.00026839133,9.517364e-05,0.9980069,0.00036648934,9.443299e-05,9.179613e-05
syn-0325,0,1,1,4,3,0.00096934615,0.00016223146,0.00021555234,0.9961771,0.0005417993,0.0006099054,0.0003795087,0.00016175686,7.806788e-05,0.00023455179,0.00021756139,0.00025274558
syn-0336,0,1,1,0,0,0.99806744,0.00016080262,0.0002117843,0.00022461913,0.0003130351,0.00016843744,8.7769055e-05,0.00018373206,0.00018589782,5.0598792e-05,0.00010372063,0.00024227895
syn-0343,0,1,1,8,8,0.00076718774,0.0014280563,0.0004924398,0.00026000486,0.0007277788,0.0014035155,0.00049340253,0.0020953845,0.8920927,0.096821286,0.0025830364,0.0008352178
syn-0346,0,1,1,6,6,9.4610135e-05,0.00013231876,0.00014440417,0.00033021174,0.00026046275,0.00010868312,0.997928,5.2864565e-05,0.00032709254,0.00012881256,0.00021879679,0.0002737635
syn-0348,0,1,1,9,9,5.9157985e-05,0.00012020468,0.00012185938,0.00026616539,8.498852e-05,0.00027374414,0.00016648074,0.00031373432,0.0008504273,0.997127,0.00025150858,0.00036473872
syn-0358,0,1,1,2,2,0.00029270854,0.00036036744,0.9969722,0.00037410585,0.00013833326,0.00016833478,0.00022420837,0.0005785783,0.00022084014,0.00014258511,0.0003805077,0.00014711125
syn-0366,0,1,1,9,9,6.567926e-05,0.00013595478,0.00012635306,0.0003915656,8.9685294e-05,0.00027170178,0.00017052548,0.00040968627,0.0003514366,0.9972063,0.0002736323,0.0005074199
syn-0369,0,1,1,6,6,8.647537e-05,0.00013419753,0.00012254674,0.0003314535,0.0003318584,0.0001812008,0.997867,6.8008e-05,0.00029834875,0.00012314657,0.00021194866,0.00024371331
syn-0370,0,1,1,9,9,4.8390804e-05,0.00013624654,0.0001371811,0.00028051692,8.609761e-05,0.00024217519,0.00015774036,0.0003428375,0.00047023644,0.99739635,0.00022739147,0.00047485108
syn-0373,0,1,1,11,11,0.00031552272,0.00029295296,0.00011905925,0.00026093968,0.00011929202,0.00018127794,0.00033546242,0.00019658328,0.0001365021,0.00045225516,0.00027266244,0.9973175
syn-0374,0,1,1,8,8,0.00028666778,0.0002926967,0.0001277527,3.9750244e-05,0.0001278151,0.00023612332,0.0003023937,8.827594e-05,0.9979668,0.00032927046,0.000107421096,9.498412e-05
syn-0381,0,1,1,8,8,0.00020796696,0.00042746993,0.00014258492,4.36988e-05,0.000121840305,0.0002782831,0.0001859658,0.00024325676,0.9969709,0.0009863584,0.00028197616,0.00010964441
syn-0396,0,1,1,3,3,0.00022221873,0.0002095722,0.00032906007,0.9973348,0.00022200182,0.00036149,0.000380832,0.00014630498,5.5368655e-05,0.00027160413,0.00023574344,0.00023084535
syn-0397,0,1,1,1,1,0.00016812456,0.9976738,0.00023137528,0.00023634233,0.0003046015,4.50297e-05,0.00018510006,0.0002688263,0.00034385378,0.0001426158,0.00012909454,0.00027119942
syn-0401,0,1,1,11,11,0.00040303633,0.0005393407,0.00018533616,0.00023520384,0.000103761304,0.00018733782,0.00029995022,0.00047327246,0.00015200737,0.00046185785,0.0004483042,0.99651057
syn-0406,0,1,1,4,4,0.00046535756,0.00026886837,0.00010096055,0.00020039226,0.99746466,0.0002506741,0.00047913424,0.00015417213,0.00013322955,8.152116e-05,0.0002763217,0.00012479145
syn-0415,0,1,1,1,11,0.00042179506,0.00086768885,0.00010981713,0.00026863342,0.00013828064,0.00024174391,0.00042635048,0.00024435477,0.00037150655,0.00050199585,0.0017594248,0.9946484
syn-0416,0,1,1,2,2,0.00029359505,0.00029770928,0.9970663,0.00034124206,0.00011368949,0.00018381681,0.00022932293,0.0005358016,0.00023067056,0.00017050155,0.0003741868,0.00016325076
syn-0426,0,1,1,10,10,8.86253e-05,0.00013091575,0.00026806482,0.00022780935,0.00020001296,0.000104732506,0.00031361,0.00019514131,9.224576e-05,0.00012744674,0.99801034,0.00024114392
syn-0427,0,1,1,5,5,0.0005932601,0.00011602399,0.00018558696,0.0004823171,0.018187404,0.97760355,0.00038229016,0.0005412255,0.0009120983,0.00048752612,0.00023969875,0.0002689747
syn-0439,0,1,1,6,6,0.00012298785,0.00013773986,0.0001344178,0.00022742756,0.0004380037,0.00013402458,0.9975547,5.2382366e-05,0.0005936586,0.00013117585,0.00017877163,0.0002946007
syn-0443,0,1,1,7,7,0.00025546292,0.00042057058,0.0005426666,0.00021818916,0.00029706652,0.00035346491,9.569285e-05,0.99661535,0.0002116828,0.0005216226,0.00023800136,0.00023022872
syn-0444,0,1,1,5,5,0.00017935058,4.5170138e-05,0.00012230648,0.0003682731,0.0005293654,0.9968836,0.0004813312,0.00035132287,0.0004341967,0.00030419312,0.00010657347,0.00019430333
syn-0449,0,1,1,11,11,0.0002898018,0.00029987836,0.00012834785,0.00027144718,0.00011881833,0.00017897814,0.0004159335,0.00020459914,0.00012672873,0.0004481968,0.0002721107,0.9972452
syn-0453,0,1,1,1,1,0.0001690697,0.997421,0.00026846307,0.00026552982,0.0002957502,4.139187e-05,0.00017918462,0.0003767955,0.0003176424,0.00016571865,0.0002234348,0.00027597253
syn-0456,0,1,1,11,11,0.0002733229,0.00031107944,0.00010994819,0.0004366088,0.00019504911,0.00019571693,0.0005070821,0.00016521304,8.5127474e-05,0.00040751096,0.0005049857,0.99680847
syn-0460,0,1,1,8,8,0.00027866417,0.0014888938,0.00013266405,4.9766953e-05,0.00023673028,0.00017285763,0.0007464727,8.976498e-05,0.9961449,0.00028499405,0.00026357645,0.00011062867
syn-0465,0,1,1,7,7,0.00029229475,0.00068135007,0.0007302238,0.00019923039,0.0008196358,0.00038552968,7.93258e-05,0.9955628,0.00021437011,0.00049708877,0.0003425625,0.00019556782
syn-0471,0,1,1,5,5,0.00033499993,4.130025e-05,0.00011639638,0.00048317987,0.00041085153,0.997159,0.00014785903,0.00034294426,0.0002896353,0.00032098865,0.00014742647,0.00020548249
syn-0481,0,1,1,9,9,5.0911254e-05,0.00013492152,0.00014674226,0.00031720614,8.30416e-05,0.0002611497,0.00015363446,0.00040672932,0.0003871929,0.9973894,0.0002129881,0.0004560995
syn-0482,0,1,1,1,1,0.001037168,0.9678886,0.0016102133,0.019699352,0.0017987501,0.000106446,0.005014941,0.00041165145,0.0005615629,0.00041569115,0.0007288485,0.0007267164
syn-0486,0,1,1,1,1,0.00014670468,0.9976209,0.0001948272,0.00019218167,0.00033645533,4.5027315e-05,0.00020219294,0.00023357644,0.0004924333,0.00013574591,0.00016462266,0.00023535095
syn-0490,0,1,1,7,7,0.00026874873,0.00036967508,0.00054169574,0.00020635886,0.0003354445,0.0004895009,0.00010116229,0.996534,0.0002443403,0.00044363298,0.00022509684,0.00024031737
syn-0009,0,1,2,8,8,0.0002041999,0.0003392264,0.00011714768,3.7351343e-05,5.360793e-05,0.00016512405,0.0003188683,8.039649e-05,0.9982193,0.00028116637,8.838454e-05,9.519389e-05
syn-0010,0,1,2,9,9,7.870274e-05,8.231882e-05,0.00012345455,0.00021884919,0.000102247526,0.00022218707,9.300656e-05,0.00027919575,0.00073226803,0.9974362,0.00015720841,0.0004742907
syn-0022,0,1,2,10,11,0.0041411086,0.20496087,0.001330706,0.15838148,0.002709183,0.001723744,0.0048072897,0.0012574288,0.000603321,0.0019437439,0.04778751,0.5703536
syn-0026,0,1,2,10,10,7.242211e-05,0.00016830424,0.00018457547,0.00019407204,6.9715716e-05,0.00015803002,0.00025569522,0.000113270326,0.0001049115,0.00015035218,0.9982526,0.00027605094
syn-0038,0,1,2,5,3,0.0018435499,0.0003417726,0.0007954215,0.8596011,0.0020631664,0.12978035,0.0012422418,0.0011124514,0.00044271874,0.000871895,0.001228969,0.00067638524
syn-0039,0,1,2,1,1,0.0002523733,0.9979937,0.00019461471,0.00012707179,0.00024514672,5.215016e-05,0.000121371224,0.00019089712,0.0002249867,6.11486e-05,0.00017547669,0.00036115522
syn-0048,0,1,2,11,11,0.00023823795,0.00063013006,9.984721e-05,0.00022467978,0.0001587782,0.00022446047,0.00030590358,0.00013305339,0.00013475331,0.00048085756,0.00025028153,0.99711907
syn-0050,0,1,2,4,4,0.00028249453,0.0002876446,0.00014107946,0.0005995759,0.9961249,0.00023869872,0.0012470331,0.00040579244,6.038196e-05,0.00013409414,0.00025608632,0.00022227448
syn-0085,0,1,2,3,1,0.00025387233,0.9952579,0.00034607167,0.0020532177,0.00030690207,4.4137938e-05,0.00031097492,0.0002454615,0.00021493324,0.00011493318,0.00045506924,0.00039643422
syn-0094,0,1,2,1,1,0.00023250654,0.9957217,0.0003610816,0.00021598046,0.00024012149,4.3900523e-05,0.00025510925,0.00033957761,0.00015458054,8.4537874e-05,0.00030272792,0.0020481653
syn-0097,0,1,2,10,10,7.875173e-05,0.00032498548,0.00021585371,0.00026215526,7.156435e-05,0.00020337074,0.00016509721,0.0001314985,0.00010938934,0.00015231765,0.99805707,0.00022790348
syn-0103,0,1,2,11,11,0.00026147364,0.0006130118,9.1116075e-05,0.00015431404,0.0001338741,0.00018595657,0.00023749394,0.00013231444,0.00013270263,0.00038137185,0.0002680667,0.99740833
syn-0114,0,1,2,4,3,0.0018428216,0.0026513457,0.0006693839,0.9020385,0.068613224,0.001504067,0.013790682,0.00086118636,0.00033889615,0.000757771,0.004141977,0.0027901428
syn-0129,0,1,2,11,11,0.00018733882,0.00046095919,0.00012048348,0.00018733882,0.00014335738,0.0001329729,0.00032184066,0.00011340502,0.00010938053,0.00048788133,0.000245412,0.9974896
syn-0137,0,1,2,8,8,0.00023194145,0.00054931256,0.0001268919,4.0935105e-05,5.9560218e-05,0.00019025493,0.00024147553,8.4075444e-05,0.99804175,0.00024735287,9.370138e-05,9.270021e-05
syn-0140,0,1,2,11,11,0.00026122344,0.00033763584,0.000113342605,0.00033747102,0.00015356534,0.00018990586,0.00022551879,0.00014725032,0.00012411835,0.0009616003,0.00020775764,0.9969406
syn-0141,0,1,2,2,2,0.0003703297,0.000362901,0.99708074,0.00030012184,0.00011741469,0.00021957385,0.00020356901,0.00038785356,0.00022533035,0.00020356901,0.0003817239,0.0001467685
syn-0143,0,1,2,1,1,0.00029538298,0.9966691,0.00023877082,0.000109077315,0.00014464515,5.0085753e-05,0.00019712812,0.00016334516,0.0014537486,7.2732146e-05,0.00022044983,0.00038551076
syn-0144,0,1,2,9,9,6.558402e-05,7.720145e-05,0.0001387736,0.00020320015,0.000106453386,0.00023560126,9.114337e-05,0.00033024943,0.00048177288,0.997707,0.00018384516,0.0003791416
syn-0153,0,1,2,4,4,0.00052509725,0.00019838207,9.878337e-05,0.00011548945,0.9971493,0.0008808766,0.0002579821,0.0003200856,0.00011650897,0.00012079575,8.941781e-05,0.00012721251
syn-0154,0,1,2,1,1,0.00018804753,0.9980903,0.00026841377,0.00012927462,0.00022033343,4.158176e-05,0.00013383488,0.00020268357,0.00026730204,7.114863e-05,0.00017001126,0.0002170764
syn-0160,0,1,2,5,5,0.00021720916,3.3669854e-05,0.000114237846,0.00041817085,0.00020685802,0.99796945,0.00012279893,0.00017132393,0.00021625673,0.00019290704,0.0001906596,0.00014646958
syn-0163,0,1,2,4,4,0.00036191978,0.00028718595,0.00011623207,0.00011134351,0.9976981,0.00022295189,0.00030645513,0.0003875848,0.00013417481,0.0001500487,8.84247e-05,0.00013555771
syn-0164,0,1,2,8,8,0.00018552854,0.0006209288,0.00014748352,6.878744e-05,6.865322e-05,0.000354746,0.00055775326,0.00011013692,0.99559844,0.00046488395,0.0015144659,0.00030813343
syn-0165,0,1,2,8,8,0.00017870298,0.00077209226,0.00012144902,6.66136e-05,5.942119e-05,0.00021138767,0.0007263767,9.532643e-05,0.99668485,0.00034580714,0.0005876636,0.00015026271
syn-0171,0,1,2,6,6,4.765142e-05,0.00027602856,9.854122e-05,0.00030549848,0.000366473,8.989822e-05,0.9976235,0.00013774936,0.0005409657,7.511277e-05,0.00013957743,0.000299078
syn-0172,0,1,2,10,10,7.31927e-05,0.00016116074,0.00015616424,0.00021867313,7.5001626e-05,0.00017417125,0.00036185377,0.00010732999,0.00011956,0.0001350829,0.99809474,0.00032305962
syn-0178,0,1,2,9,9,0.00045482116,0.0004323014,0.0005914633,0.0013598357,0.00040690356,0.0010304753,0.0005327793,0.00094055186,0.0017301507,0.9263847,0.0014735671,0.06466242
syn-0179,0,1,2,1,1,0.00018722932,0.9978806,0.00022066393,0.00012112067,0.00019298408,4.382418e-05,0.00014250612,0.00018504803,0.00021097063,7.127274e-05,0.00024511892,0.00049885456
syn-0183,0,1,2,4,4,0.00034475428,0.0001874511,0.00010122109,0.00015291845,0.9971132,0.0010465399,0.00030255946,0.00030108573,0.00010711979,0.00013240453,9.555385e-05,0.00011503504
syn-0186,0,1,2,3,3,0.00021243098,0.00012828094,0.00021736248,0.9976991,0.0002011256,0.00031595185,0.0003281772,0.00019238451,6.681174e-05,0.00020339708,0.00026193328,0.00017304282
syn-0188,0,1,2,10,10,8.6255706e-05,0.00023655157,0.00020520622,0.0002280455,7.349077e-05,0.00015822303,0.00018184702,0.000119695724,0.00011975418,0.00013405285,0.99825245,0.00020448105
syn-0193,0,1,2,11,11,0.00030178242,0.0003826547,0.00012270756,0.00021757811,0.00016303804,0.00020093229,0.00022613499,0.00015421066,0.000115273084,0.0006216409,0.00026723387,0.9972269
syn-0197,0,1,2,11,11,0.00037067945,0.00042090105,9.718269e-05,0.00015621011,0.00014674582,0.0001832534,0.0002380757,0.00012249105,0.00016338738,0.00048701113,0.00020047984,0.9974136
syn-0210,0,1,2,0,0,0.99788374,0.00018577288,0.00022789171,0.00016203399,0.0006250951,0.0002138755,3.875044e-05,0.0001614811,0.00013558293,5.8228135e-05,0.00010502647,0.00020244381
syn-0218,0,1,2,8,8,0.00023259301,0.000612801,0.00017050139,5.8751328e-05,7.6178505e-05,0.00032913178,0.0005414555,0.000167858,0.996092,0.00041927357,0.0011544059,0.00014484402
syn-0225,0,1,2,7,8,0.009111249,0.01115244,0.0007799714,0.00021765039,0.0008023762,0.0011020864,0.0026554116,0.064744405,0.89726704,0.0055499133,0.0019060948,0.0047113006
syn-0239,0,1,2,6,6,4.059708e-05,0.00014080114,0.000101167956,0.00042066252,0.00035848658,0.00011874026,0.9975636,0.00011804654,0.00022248685,6.805374e-05,0.0005350228,0.00031230474
syn-0240,0,1,2,6,6,5.3118714e-05,0.00016250249,0.00012643354,0.00038049094,0.0012424905,0.00016155312,0.99686736,8.956729e-05,0.00040690743,8.1791215e-05,0.00025477997,0.000172983
syn-0242,0,1,2,0,0,0.9980599,0.00019472268,0.00022124307,0.00015194666,0.0003397161,0.00016285587,4.231786e-05,0.0001212608,0.00034189437,8.490206e-05,9.037776e-05,0.00018882388
syn-0247,0,1,2,3,3,0.00020643794,0.00030854114,0.00025108727,0.9969158,0.0002290645,0.00022452434,0.0006851973,0.00015386174,6.162178e-05,0.0001873225,0.0004960205,0.0002805187
syn-0261,0,1,2,5,5,0.00023508619,3.645879e-05,0.000113846894,0.00021562188,0.0006994429,0.9974721,0.00019961249,0.00013732557,0.0003812333,0.00020068751,0.00014196175,0.00016670105
syn-0262,0,1,2,10,10,8.450887e-05,0.00017217759,0.00023702547,0.00020186196,7.969946e-05,0.00017138079,0.00019235956,0.00013314601,0.00011038193,0.0001463037,0.9983006,0.00017058762
syn-0263,0,1,2,0,0,0.9973066,0.00044046808,0.00015339685,0.00016651071,0.0006135482,0.00023016354,4.5013127e-05,0.00012247791,0.00055253814,6.910763e-05,7.589988e-05,0.00022428356
syn-0278,0,1,2,9,9,6.2805826e-05,8.25567e-05,0.00016242934,0.0002661062,9.502217e-05,0.00022789069,0.00010134833,0.00032948094,0.000486466,0.9973922,0.00024371629,0.0005500282
syn-0280,0,1,2,0,0,0.9981865,0.00020394409,0.0002070546,0.00014345755,0.00034749275,0.00015594998,4.158577e-05,0.00011538401,0.0002476909,6.4977896e-05,9.463464e-05,0.00019126058
syn-0282,0,1,2,7,7,0.00023496462,0.00027229765,0.00047117786,0.00022607362,0.00044664714,0.0003450579,0.00015030365,0.99695635,0.00013806114,0.00043555562,0.0001852381,0.00013833106
syn-0288,0,1,2,9,9,7.0017515e-05,8.4787804e-05,0.00014493486,0.00018267886,0.00010749629,0.00023404948,9.6925316e-05,0.0003379827,0.0004818826,0.9976907,0.00019589014,0.00037264285
syn-0290,0,1,2,0,0,0.9966324,0.0005480683,0.0001352147,0.00012914882,0.0011415755,0.00023079546,5.947611e-05,0.00015792769,0.00048405252,5.6752506e-05,0.00011770623,0.00030687603
syn-0291,0,1,2,1,1,0.0001671323,0.9981013,0.00026609228,0.00012965531,0.00021070841,3.860778e-05,0.00013508378,0.00020963087,0.00021230918,7.156751e-05,0.00020749232,0.00025055863
syn-0293,0,1,2,0,0,0.9261817,0.0019772707,0.0005533408,0.0006571085,0.0016629975,0.0008347288,0.00044854687,0.00038818494,0.066310726,0.0003208752,0.00017911794,0.00048546866
syn-0301,0,1,2,3,3,0.00018011582,0.0002873328,0.00023320103,0.99723405,0.00024534913,0.0002759208,0.00048245644,0.00016739528,6.0037375e-05,0.00015286233,0.0005259759,0.00015542125
syn-0322,0,1,2,2,2,0.0005372675,0.00036566966,0.9965043,0.00031060513,0.00014405741,0.00023785867,0.00016165205,0.00089024875,0.00018761124,0.00021923268,0.0003229782,0.000118498385
syn-0323,0,1,2,7,7,0.00015400803,0.0003563352,0.00027683744,0.0002449054,0.00048243706,0.00023853229,0.000311713,0.99688965,0.00017519698,0.0004816133,0.00021528563,0.00017349441
syn-0329,0,1,2,8,8,0.0002067945,0.0002295162,0.00012641095,3.474495e-05,5.4768338e-05,0.00019436034,0.0002206697,9.725447e-05,0.99815035,0.0004691007,0.00010681315,0.00010923942
syn-0330,0,1,2,0,0,0.9979929,0.00013840728,0.0002069639,0.00021710822,0.00040949203,0.00032411286,3.9364975e-05,0.00014224407,0.00012769368,7.6026314e-05,0.00012989469,0.00019585383
syn-0334,0,1,2,6,6,3.919883e-05,0.00011386951,0.00011956752,0.00040856088,0.00039732232,0.00011852124,0.99767023,0.00011840554,0.00022148088,7.084141e-05,0.00045500437,0.00026696135
syn-0335,0,1,2,3,11,0.00029416752,0.00066526764,0.00012633468,0.00094265485,0.00020366441,0.00019605352,0.00034678332,0.00012732553,9.315335e-05,0.0004941436,0.00042250866,0.9960879
syn-0349,0,1,2,5,5,0.00016607696,3.2766424e-05,0.00010870341,0.0002482178,0.00025429032,0.99811435,0.00012329745,0.00016860993,0.0002532371,0.00022700026,0.00016073168,0.00014274844
syn-0359,0,1,2,4,4,0.00040275708,0.00023810193,0.00010440066,0.00014601146,0.997767,0.00021801505,0.00042638404,0.00025707274,0.0001065638,0.00011277384,7.556505e-05,0.00014537122
syn-0367,0,1,2,4,4,0.0002729328,0.0002611984,0.00011466767,0.00013340708,0.99781895,0.00018914734,0.00040702868,0.0003130527,9.981976e-05,0.00014375527,0.00010667346,0.00013926435
syn-0384,0,1,2,1,1,0.0002005152,0.9980767,0.00030616001,0.00013227387,0.00019137966,3.7860103e-05,0.00013653934,0.00019596593,0.00027925146,6.625217e-05,0.0001689332,0.00020824846
syn-0388,0,1,2,5,5,0.0010485463,8.7842534e-05,0.00028774343,0.015879933,0.00093066314,0.9786264,0.00024805035,0.0011249948,0.0002653407,0.00047163715,0.00066219846,0.00036659467
syn-0393,0,1,2,2,2,0.00040998848,0.00042589795,0.9969945,0.00032491703,0.00013200147,0.00018615191,0.00020206599,0.00045118522,0.00022257719,0.00018578868,0.00032766536,0.0001372598
syn-0407,0,1,2,6,6,3.770325e-05,0.00018350937,0.000114222086,0.00045093067,0.00032560696,9.7985976e-05,0.99783176,0.00016594888,0.00025803264,7.9895755e-05,0.00017476421,0.0002795794
syn-0409,0,1,2,10,10,8.400023e-05,0.000300509,0.00022895035,0.00023939664,6.876014e-05,0.00014386933,0.00017468726,0.00013594696,0.00011639522,0.00017034925,0.9981232,0.0002139007
syn-0411,0,1,2,2,2,0.00033068977,0.00044531777,0.9970271,0.0002937986,0.00011856055,0.00019452117,0.00017522114,0.00051062164,0.0002182793,0.00019768094,0.00036875348,0.00011949044
syn-0414,0,1,2,5,4,0.00027181834,0.00020963508,0.00010500019,0.00012444751,0.99763405,0.00053466886,0.00031585412,0.00033620445,9.980126e-05,0.00014060497,0.000118170225,0.00010971734
syn-0417,0,1,2,7,7,0.00981155,0.0022395283,0.0010840233,0.006058017,0.22292854,0.025944829,0.04313234,0.64632624,0.0017872521,0.0025278244,0.010810135,0.027349731
syn-0423,0,1,2,9,9,5.7147176e-05,8.355564e-05,0.00018646567,0.0002213794,0.00011476604,0.00025555372,0.00010812903,0.00042573138,0.00036998346,0.99770015,0.00019219694,0.00028488203
syn-0431,0,1,2,3,3,0.00024473737,0.00016543595,0.00023069663,0.9976661,0.00017931616,0.00025523323,0.00032900868,0.00019219039,7.526283e-05,0.0002363982,0.00026481808,0.00016073797
syn-0433,0,1,2,5,4,0.00050508534,0.00029461368,0.00022588814,0.0004090306,0.9692693,0.026650088,0.0004912216,0.0009526223,0.0003130027,0.00036379934,0.00026409,0.0002612683
syn-0436,0,1,2,6,6,3.5702393e-05,0.00014356952,0.00010911532,0.0003005791,0.0002972768,0.00010422029,0.9979905,0.00011592601,0.00035025628,7.9674704e-05,0.00023065899,0.00024249697
syn-0440,0,1,2,1,1,0.00022272296,0.997891,0.00029627015,0.00010942455,0.00017857012,4.0849056e-05,0.00013485763,0.00019115729,0.0004454317,7.218409e-05,0.00015266456,0.0002649263
syn-0450,0,1,2,10,10,9.4646326e-05,0.0001722212,0.00020154372,0.00019963383,7.4433985e-05,0.00015581699,0.00016856061,0.00013275773,8.2069695e-05,0.00013737378,0.99830973,0.0002712564
syn-0451,0,1,2,8,8,0.00023150322,0.0004117933,9.761865e-05,3.7415466e-05,5.6277073e-05,0.0002600955,0.00030296168,8.3009836e-05,0.9979818,0.00027892255,0.0001535007,0.000105139414
syn-0458,0,1,2,6,6,3.6765017e-05,0.00013142977,0.00010976006,0.00032187998,0.00029616346,0.00010331162,0.99802256,0.0001175256,0.00030537826,7.898004e-05,0.00021679686,0.00025950355
syn-0461,0,1,2,2,2,0.00031060912,0.00036066494,0.99712557,0.00026146334,0.00011084578,0.00019003385,0.00018508868,0.0005645729,0.00020952824,0.00019837735,0.0003564848,0.00012683733
syn-0463,0,1,2,11,11,0.00021726335,0.00032207585,0.0001038884,0.00016780615,0.0001399337,0.00015123056,0.0002951568,0.00012004282,0.0001109131,0.00038286863,0.0002578177,0.99773115
syn-0472,0,1,2,8,8,0.00022527219,0.00028039483,0.00012259804,3.850191e-05,5.2831845e-05,0.00017872783,0.00024286476,9.110712e-05,0.99828464,0.00030588754,8.6511565e-05,9.057485e-05
syn-0476,0,1,2,7,5,0.003705734,0.00013134045,0.0002422808,0.00023829177,0.0005571649,0.9910336,9.414019e-05,0.0007930518,0.0021955746,0.0005002936,0.00028187525,0.00022671444
syn-0478,0,1,2,2,2,0.00081724254,0.0013503691,0.87204134,0.0011632385,0.00062599,0.0008081159,0.00066766556,0.118943594,0.0005920968,0.0011186756,0.001519744,0.00035183504
syn-0488,0,1,2,10,10,8.416834e-05,0.00016759319,0.00018673563,0.00022521867,7.589139e-05,0.0001604269,0.00019675119,0.00012384729,0.00013345393,0.00021002941,0.9981693,0.00026666728
syn-0492,0,1,2,6,6,3.6974878e-05,0.00015936166,0.000111469875,0.000312358,0.0004710275,9.992095e-05,0.9978555,0.00016234617,0.00024754833,7.935335e-05,0.0001717231,0.00029232487
syn-0493,0,1,2,8,8,0.00027399388,0.0002542162,0.000109778346,3.669939e-05,5.9336755e-05,0.00021446381,0.00022983347,8.977365e-05,0.9981888,0.00038176347,7.55232e-05,8.5662614e-05
syn-0002,0,1,3,1,1,0.0001605261,0.99829906,0.00017226141,0.00014911624,0.0002122994,3.6028705e-05,0.0001680657,0.00020725497,0.00019543621,8.127127e-05,9.8271485e-05,0.00022035261
syn-0005,0,1,3,11,11,0.00021882911,0.00024845064,0.00011319493,0.00016819221,0.00013416001,0.00020850255,0.00021106335,0.0001881825,0.00013667256,0.000533992,0.00025064393,0.99758816
syn-0025,0,1,3,8,8,0.00019530026,0.00029134314,0.00013694204,4.9669827e-05,7.768509e-05,0.00021575588,0.00021803284,9.126762e-05,0.998092,0.0003798671,0.00017009457,8.2051796e-05
syn-0027,0,1,3,4,4,0.0003816648,0.00021293473,0.00014334205,0.00011355912,0.99786997,0.00032133516,0.0003050894,0.00021246738,0.00016742025,9.779853e-05,8.647562e-05,8.783743e-05
syn-0033,0,1,3,5,5,0.00016662742,4.0299e-05,0.0001299598,0.00023196134,0.00024398525,0.99800557,9.620139e-05,0.00022482465,0.0003291809,0.00022697552,0.00015230977,0.00015216111
syn-0035,0,1,3,9,9,0.00012381584,0.0003780423,0.00017206922,0.0007196789,0.00013571976,0.00029920216,0.00014703495,0.0005583013,0.0015076494,0.9916014,0.0033301993,0.0010268734
syn-0040,0,1,3,4,4,0.00037380628,0.00021615767,0.0001342809,0.00015230887,0.9979996,0.00020545497,0.00028949048,0.00020545497,9.1437585e-05,9.188515e-05,0.00014106918,9.89642e-05
syn-0051,0,1,3,3,3,0.00016969489,0.00012903406,0.00028753534,0.99769336,0.00017516711,0.00031811724,0.00031418088,0.00017405872,6.661591e-05,0.00021842518,0.00029717013,0.00015663588
syn-0054,0,1,3,5,5,0.00018645398,3.3282773e-05,0.00012554656,0.00021734911,0.00023882787,0.9981249,7.730923e-05,0.00022039488,0.0002934049,0.00021660747,0.00012896385,0.00013701344
syn-0056,0,1,3,8,8,0.00017809146,0.00034388845,0.00014157152,4.9623533e-05,7.178e-05,0.00021413859,0.000228005,9.17184e-05,0.99813604,0.00029274632,0.00016128551,9.100464e-05
syn-0058,0,1,3,9,9,7.5056e-05,9.009384e-05,0.00013276053,0.00018558407,7.9197554e-05,0.00023523111,9.097796e-05,0.0003512536,0.0005114142,0.9978435,0.000106780324,0.00029812325
syn-0062,0,1,3,7,7,0.00014684434,0.00029274865,0.00051750365,0.0001832869,0.00023811922,0.00040317985,0.00019683027,0.9971089,0.00013396468,0.000465078,0.00013357277,0.00018009322
syn-0064,0,1,3,6,6,0.0001394527,0.0013564521,0.00010765551,0.0004962167,0.0018695045,9.706888e-05,0.99430156,0.00013782803,0.00027719943,9.3168084e-05,0.0005841154,0.0005397241
syn-0065,0,1,3,11,11,0.00025282873,0.00022997848,0.00012850329,0.00018724528,0.00014363605,0.00015976882,0.0003217978,0.00017702077,0.00011066863,0.0003073616,0.0005026259,0.9974784
syn-0067,0,1,3,5,5,0.00017257695,4.198318e-05,0.00013368312,0.00024987492,0.00023576959,0.99793255,9.886097e-05,0.00022901839,0.00034868956,0.00023456391,0.00015859769,0.00016379198
syn-0068,0,1,3,10,10,0.00011100942,0.00015106658,0.00022838906,0.0002732792,0.00016049574,0.00018864906,0.0011957971,8.314222e-05,0.00059616845,0.00010068117,0.9966492,0.0002621052
syn-0080,0,1,3,3,3,0.0001731397,0.00016233232,0.00023909302,0.9977704,0.00019362343,0.00028247802,0.0003779296,0.00015257159,6.9682035e-05,0.00020361035,0.00022914895,0.00014594069
syn-0100,0,1,3,2,2,0.00026706883,0.0002819432,0.9973412,0.00024778346,0.00017272754,0.0001910986,0.00014438973,0.0004054704,0.00021183697,0.00015340217,0.00044796645,0.0001351788
syn-0112,0,1,3,4,4,0.0008748021,0.00020050781,0.00012726396,0.000105918465,0.9975527,0.0003213703,0.00023185607,0.00017471533,0.0001736946,7.71895e-05,7.65888e-05,8.346174e-05
syn-0117,0,1,3,6,6,0.00012551724,0.00048825686,0.00011918601,0.0040168907,0.002712661,0.00016006935,0.9906097,0.00011814306,0.00024383837,0.00012988155,0.0007361603,0.00053965993
syn-0123,0,1,3,10,10,0.000107455686,0.00012735781,0.0002467264,0.00021585099,0.00010835137,0.00015235292,0.00020114613,8.634307e-05,0.00015853805,9.0310205e-05,0.9982882,0.0002173316
syn-0124,0,1,3,6,6,8.497807e-05,0.0006320605,0.000106690524,0.0015693376,0.00034541168,7.8591875e-05,0.9960312,0.00011423888,0.0002098099,9.387862e-05,0.00045886872,0.0002748489
syn-0125,0,1,3,9,9,7.8281424e-05,9.7995326e-05,0.00012381723,0.00020117154,7.897248e-05,0.00022890532,9.1699185e-05,0.00035749061,0.00038990428,0.99792695,0.00010595821,0.00031884605
syn-0135,0,1,3,0,0,0.99814093,0.0001837456,0.0002439588,0.00015420133,0.00032738206,0.00014771584,7.291073e-05,0.00013469395,0.00018636597,8.4001724e-05,0.00013614866,0.00018801117
syn-0142,0,1,3,4,4,0.00036493907,0.00018109403,0.000116808966,0.00034850638,0.99776614,0.0003326867,0.00033368316,0.00015934739,7.8345285e-05,8.722994e-05,0.00011992985,0.000111242414
syn-0145,0,1,3,2,2,0.00026632278,0.00030452164,0.99722964,0.00028656094,0.00017801662,0.00019618243,0.00013809899,0.00044644251,0.00020650291,0.00017186698,0.0004486277,0.00012709857
syn-0149,0,1,3,8,8,0.00018490978,0.00027421457,0.00015555766,4.9477036e-05,8.109726e-05,0.00020729145,0.00021761117,8.994199e-05,0.9981092,0.00033301444,0.00020165088,9.592993e-05
syn-0150,0,1,3,3,1,0.00014039865,0.9981177,0.00016918778,0.00024096387,0.00022424685,3.515336e-05,0.0001984778,0.00018731954,0.00019194905,8.692048e-05,0.00010241735,0.00030520238
syn-0152,0,1,3,3,4,0.00034091386,0.00018873072,0.00012143792,0.00016655427,0.99805474,0.00022787513,0.00030783025,0.00018827051,9.1086134e-05,9.7816635e-05,0.000107116284,0.000107640575
syn-0159,0,1,3,11,11,0.00023466304,0.00022098435,0.000113641974,0.00015987008,0.0001415679,0.00017549723,0.00028632433,0.00017218685,0.00014142971,0.000356641,0.0003738706,0.99762326
syn-0162,0,1,3,9,9,7.586974e-05,9.7228585e-05,0.00013459363,0.00018741301,9.009754e-05,0.0002292871,9.534801e-05,0.0003814608,0.00037918595,0.9978846,9.7133685e-05,0.00034787564
syn-0168,0,1,3,1,1,0.00016339944,0.998218,0.00021415617,0.00014151403,0.00021363396,4.2573283e-05,0.00017124113,0.000246417,0.00026873627,7.399233e-05,0.00010521566,0.00014096232
syn-0170,0,1,3,6,6,6.894608e-05,0.00022889789,8.844211e-05,0.00034723608,0.00032857223,7.3106596e-05,0.9978946,0.00010269488,0.0002274495,8.630902e-05,0.00025943862,0.00029437747
syn-0174,0,1,3,10,10,0.00010941205,0.00011349311,0.00024656125,0.00024567288,0.00012810316,0.00016083434,0.00021860353,8.969281e-05,0.00012181981,8.3439765e-05,0.9982644,0.00021792413
syn-0177,0,1,3,8,8,0.00020123682,0.0002401737,0.00012691847,4.5320518e-05,8.335718e-05,0.0001984558,0.0002365945,8.633983e-05,0.9982508,0.00031193864,0.0001255011,9.3446826e-05
syn-0182,0,1,3,6,6,6.9297486e-05,0.00015731227,9.9361045e-05,0.0003062965,0.00024514168,9.002859e-05,0.9980951,0.00013182496,0.00026802215,8.9677604e-05,0.00019760303,0.0002504042
syn-0184,0,1,3,2,2,0.00025878762,0.00031025798,0.99733657,0.00024826673,0.00016643442,0.0001756182,0.00013710592,0.00043397004,0.00020967494,0.00015205912,0.00045341087,0.000117789394
syn-0190,0,1,3,3,1,0.0009866625,0.8426677,0.0009341532,0.14700681,0.0016315043,0.00047665308,0.0020104623,0.00082117337,0.0008622647,0.0006078651,0.0005710364,0.0014237183
syn-0198,0,1,3,0,5,0.058806833,0.00027770086,0.0006981399,0.0030586058,0.026818763,0.90386486,0.0005259554,0.0011703066,0.0021609482,0.00083965395,0.0008470662,0.00093122927
syn-0201,0,1,3,0,0,0.9977209,0.0003360901,0.00017697737,0.000105111925,0.00044873919,0.00012753427,7.0845e-05,0.00018339942,0.0004893665,7.0706774e-05,9.4498166e-05,0.00017585754
syn-0204,0,1,3,1,1,0.00017424615,0.99828017,0.00017947034,0.0001316564,0.00019419588,3.809036e-05,0.00015619324,0.0002210759,0.00026435108,8.3278275e-05,8.6765e-05,0.00019057932
syn-0205,0,1,3,2,2,0.00023630945,0.00032549028,0.9972915,0.00025921853,0.00014644158,0.00016863555,0.00014424163,0.0005176617,0.0001986042,0.00014947577,0.00043612774,0.00012636387
syn-0206,0,1,3,8,8,0.00023362665,0.0003849972,0.0002838791,7.7230216e-05,0.00011868563,0.00031453258,0.00039557312,0.00014641414,0.9961314,0.00045231052,0.0012834893,0.00017799433
syn-0215,0,1,3,10,10,0.00011546462,0.00013995866,0.00028521792,0.00019478833,9.751625e-05,0.0001838375,0.00019228412,9.3872084e-05,0.00042111654,0.00011912987,0.99790907,0.00024786402
syn-0221,0,1,3,11,11,0.0008306948,0.0006510654,0.00036060737,0.00034849017,0.00034815003,0.0006215543,0.0016623508,0.0004038611,0.00649892,0.001380326,0.0014222311,0.98547167
syn-0228,0,1,3,6,3,0.00018532935,0.0002981869,0.00028094254,0.9887193,0.003803279,0.0007873459,0.0044421437,0.0001984414,0.00013853444,0.00020196047,0.00039813176,0.0005463114
syn-0244,0,1,3,3,8,0.0016308661,0.005664555,0.00075252104,0.0022488078,0.001098124,0.0021892185,0.0020040416,0.00041275038,0.79285043,0.0009940119,0.18905555,0.001099197
syn-0251,0,1,3,10,10,0.00010104035,0.0001271669,0.0002598052,0.00019333912,0.000118070464,0.0001700805,0.0002156327,8.516763e-05,0.00017959696,9.181877e-05,0.99825305,0.00020533161
syn-0257,0,1,3,4,4,0.00038458846,0.0001675023,0.00013872873,0.00010574559,0.9978715,0.00044727552,0.00025292838,0.00021644676,0.000110928704,9.516073e-05,0.00012314713,8.588664e-05
syn-0258,0,1,3,3,3,0.00020220788,0.00014401837,0.00018728587,0.9972076,0.00025561472,0.00062849594,0.0003441352,0.00019694591,7.589234e-05,0.00023115426,0.00029035745,0.0002361742
syn-0292,0,1,3,11,11,0.00023137341,0.00022878952,0.00012156854,0.00017456457,0.00013681673,0.00016152467,0.00026905394,0.00017774697,0.00011453815,0.00036444605,0.00035375106,0.99766576
syn-0300,0,1,3,10,10,0.00010313535,0.000107034546,0.00027932617,0.00022492485,0.00011824526,0.00016277048,0.00022882974,9.097219e-05,0.00012599441,8.600467e-05,0.99826753,0.00020525942
syn-0303,0,1,3,7,5,0.00016686805,3.30191e-05,0.00011879028,0.00024469578,0.00024655476,0.9979838,9.369594e-05,0.00028378278,0.00026309773,0.00028006607,0.00014134274,0.00014420087
syn-0306,0,1,3,5,5,0.00038591077,4.161386e-05,0.00015859026,0.00015643678,0.00037062872,0.9969119,0.00010751733,0.0005372904,0.0007932887,0.00026198235,0.00011982717,0.00015491653
syn-0310,0,1,3,10,10,0.000103188046,0.00011206427,0.00022625174,0.00020611774,0.00012164461,0.00016683774,0.00021162475,8.2792554e-05,0.00013146499,8.634322e-05,0.99829,0.00026176867
syn-0312,0,1,3,11,11,0.00033696034,0.00039664877,0.00015662462,0.00018745512,0.0001822208,0.00028878092,0.00048456254,0.00018400901,0.0011116145,0.0011652465,0.00031685425,0.99518895
syn-0324,0,1,3,7,7,0.00025795805,0.0021863831,0.00087436684,0.00015923403,0.00033709846,0.00025445528,0.00023880528,0.99413955,0.000487848,0.00059481245,0.0003129853,0.00015645946
syn-0327,0,1,3,1,1,0.00018490855,0.9981027,0.00020214249,0.00011834124,0.00018585901,3.841978e-05,0.00018672316,0.00021019492,0.0004438976,8.1414146e-05,8.173279e-05,0.00016373995
syn-0339,0,1,3,7,7,0.00014630752,0.0003442691,0.00050802104,0.00018119575,0.0002510745,0.00022594261,0.00018172737,0.9973521,0.00012284287,0.0004101293,0.000128864,0.00014745502
syn-0340,0,1,3,9,9,8.546468e-05,9.637244e-05,0.00013178984,0.00020367208,9.2861665e-05,0.00022671394,9.277103e-05,0.00037447314,0.00034231183,0.99782926,0.00013960621,0.00038475997
syn-0341,0,1,3,8,8,0.0002159361,0.00025740272,0.0001311959,4.6392644e-05,8.182016e-05,0.00021864158,0.00020929246,8.5162625e-05,0.9981944,0.00033963224,0.00013516237,8.4913496e-05
syn-0351,0,1,3,11,11,0.00024722985,0.00026291792,0.00010716621,0.00020717434,0.00013494262,0.00020119283,0.00023544808,0.0001834567,0.000117699055,0.00047434258,0.00028310463,0.9975453
syn-0355,0,1,3,5,5,0.00028525124,4.137622e-05,0.00017798347,0.00031915444,0.0004531948,0.9970439,8.665755e-05,0.0005697188,0.0002893192,0.0002527186,0.0002966868,0.00018399229
syn-0360,0,1,3,0,0,0.9979499,0.00016924196,0.00022486699,0.00015477523,0.0004536897,0.00021646376,7.6919176e-05,0.00014461903,0.00022235577,7.820682e-05,0.00014454844,0.0001644359
syn-0364,0,1,3,4,8,0.00734494,0.0021368472,0.00072560704,0.0013959152,0.04542089,0.0072571537,0.030434642,0.0007428144,0.87393266,0.0010444716,0.02757608,0.0019878743
syn-0375,0,1,3,8,8,0.00016248511,0.00027562998,0.000115444454,4.5186633e-05,6.66512e-05,0.0001565659,0.00020530015,8.1503415e-05,0.99822193,0.0004590507,0.0001250082,8.524818e-05
syn-0376,0,1,3,5,5,0.00018001304,3.4608645e-05,0.0001261612,0.00020130994,0.0002309157,0.998126,8.441162e-05,0.00023438036,0.00029115746,0.00020348412,0.00015262597,0.00013495528
syn-0385,0,1,3,5,4,0.0009954451,0.00019525057,0.00022627354,0.00032746248,0.9900727,0.0067365235,0.00032746248,0.0003725159,0.0002249516,0.00017230802,0.00018093028,0.00016815221
syn-0392,0,1,3,1,1,0.00015452114,0.99825937,0.00018752918,0.00015316899,0.00020981772,3.8500933e-05,0.00015927057,0.00020133685,0.00022188235,9.308332e-05,9.778893e-05,0.00022373181
syn-0405,0,1,3,8,8,0.00018789299,0.00026035457,0.0001307548,4.401175e-05,7.109015e-05,0.00023486649,0.0001962862,8.7870394e-05,0.9982445,0.00030093844,0.0001549722,8.642365e-05
syn-0410,0,1,3,10,10,0.00011283336,0.000118711156,0.0002294931,0.00021438164,0.000109415254,0.00017369633,0.00018603077,8.174842e-05,0.00012495615,8.5587984e-05,0.9982936,0.000269585
syn-0418,0,1,3,0,0,0.9981944,0.00016011788,0.00023808764,0.00014394986,0.00032566566,0.00016487825,6.910163e-05,0.00016536198,0.00017389121,7.574521e-05,0.000120568606,0.00016829443
syn-0420,0,1,3,2,2,0.00025472924,0.00027348482,0.99715555,0.0002755625,0.00018036568,0.00020568255,0.00016104842,0.00050105446,0.00022044977,0.00017913691,0.0004534669,0.00013944386
syn-0422,0,1,3,1,1,0.00015198169,0.99829,0.00018435721,0.00016087777,0.00020923588,3.709951e-05,0.00016202082,0.00022921231,0.00018735189,8.4838735e-05,0.00010040472,0.00020252622
syn-0428,0,1,3,8,1,0.00029343143,0.99651057,0.00023331649,0.00015844904,0.00023943327,5.7470563e-05,0.00024415567,0.0001901022,0.001615194,8.9447836e-05,0.00021011595,0.0001583717
syn-0429,0,1,3,2,2,0.00023120694,0.00038583344,0.99694794,0.0002491413,0.00014244247,0.00017123214,0.00014161028,0.000812527,0.00022519034,0.00015976185,0.0004258261,0.00010720667
syn-0430,0,1,3,1,1,0.00016371516,0.99795157,0.00015922145,0.00024409122,0.00023194878,7.706968e-05,0.00020088203,0.00024775357,0.00024397206,8.836083e-05,0.000103002065,0.00028850642
syn-0435,0,1,3,10,10,0.000110272376,0.000121584526,0.00025166795,0.00021669494,0.00011483322,0.00016781721,0.00018171966,9.06633e-05,0.0001481705,9.3040195e-05,0.99828416,0.00021930282
syn-0445,0,1,3,6,6,9.961917e-05,0.00017356123,9.394983e-05,0.00025556923,0.00022482435,0.000105116116,0.99776065,0.00011922854,0.00064643443,8.860313e-05,0.00018171305,0.00025062606
syn-0447,0,1,3,7,7,0.00016051103,0.00026360623,0.00029710494,0.00020132594,0.00028782338,0.0003641094,0.00021119392,0.99723095,0.00013662362,0.00048632798,0.00015496611,0.00020549732
syn-0464,0,1,3,4,4,0.00047299464,0.00023702509,0.0001452447,0.00013302396,0.9978726,0.00019392713,0.00035751483,0.00019345425,0.00011201741,9.386865e-05,9.3320254e-05,9.497515e-05
syn-0469,0,1,3,9,9,8.029344e-05,9.723143e-05,0.00014154,0.00016701933,8.455866e-05,0.00020796045,8.844381e-05,0.0003572896,0.00038833162,0.9979138,0.000109213535,0.0003644032
syn-0474,0,1,3,0,0,0.9958066,0.00019638134,0.000126299,0.0008786172,0.0014271815,0.00046175704,7.6904034e-05,0.00018720547,0.0001366952,0.00016344304,0.00025178952,0.00028713176
syn-0477,0,1,3,7,7,0.0005069289,0.00052021886,0.0025357227,0.00034704848,0.0011504987,0.0003074679,0.00016361421,0.99296314,0.00015014084,0.00044823778,0.00063196226,0.00027507468
syn-0485,0,1,3,10,10,0.00010526879,0.00013062588,0.00022820848,0.00020273759,0.000111294634,0.00016805484,0.00023011069,7.830555e-05,0.00018642894,9.172745e-05,0.9982345,0.00023253913
syn-0007,0,1,4,6,6,0.000118673815,0.00025233894,0.00017182833,0.00035222468,0.0007143419,0.00025493972,0.99506,0.00015075206,0.0019664709,0.00013632621,0.00033675224,0.000485447
syn-0014,0,1,4,0,0,0.99768436,0.0003724131,0.00022779057,0.00028300588,0.00056145195,9.617043e-05,5.053e-05,0.00013904176,0.00023307862,3.5621804e-05,0.00011725653,0.00019926539
syn-0019,0,1,4,0,0,0.9966144,0.00028624435,0.00023534324,0.00053624564,0.0006060532,0.00016843877,4.3090004e-05,0.00014183967,0.0001997332,5.6530225e-05,0.00082263275,0.00028947712
syn-0023,0,1,4,1,1,0.00015332628,0.99830914,0.00019044532,0.00013044442,0.00021564482,3.6276208e-05,0.0001408376,0.00020362085,0.00022314291,9.784157e-05,0.00011664449,0.00018265829
syn-0024,0,1,4,2,2,0.00024976587,0.00031057314,0.997497,0.00030006396,0.00011884834,0.00018443578,0.00013976434,0.00033805118,0.00022009497,0.00016228785,0.0003437797,0.000135332
syn-0029,0,1,4,2,2,0.00027047514,0.0002913132,0.99731976,0.00033198018,0.00013544015,0.0001988039,0.00017272381,0.00031203788,0.00022048608,0.0001705449,0.00041381217,0.00016257622
syn-0036,0,1,4,5,5,0.00019840797,3.3531767e-05,0.00012778943,0.00025519665,0.00033077344,0.9977665,0.00010919741,0.00023105807,0.000338287,0.0002771486,0.00016814018,0.0001640048
syn-0043,0,1,4,9,9,4.502105e-05,0.000120482575,0.00015387399,0.00019546704,7.1732975e-05,0.00027521563,8.345584e-05,0.00036611786,0.0005056432,0.9974821,0.00032335435,0.0003775553
syn-0061,0,1,4,4,4,0.00032034476,0.00020693113,0.00011619125,0.00019194151,0.9973477,0.0007536036,0.0003991746,0.00021287527,0.00014502661,0.000116418414,7.479925e-05,0.00011494979
syn-0074,0,1,4,5,5,0.0046625705,0.00050063484,0.0008000122,0.018279457,0.0008094424,0.817752,0.00042157678,0.01919416,0.0014247838,0.12274079,0.0013384605,0.012076085
syn-0075,0,1,4,7,7,0.00027628223,0.00037883344,0.00029829502,0.00013851702,0.00031032923,0.00026647755,0.00012949087,0.99732214,0.00010144022,0.0003032885,0.00022254162,0.0002524191
syn-0082,0,1,4,1,6,0.0009167334,0.041373137,0.000978721,0.0037738685,0.0006839249,0.0016502918,0.6736232,0.0030102597,0.0015533365,0.0014422241,0.16315524,0.10783903
syn-0083,0,1,4,0,0,0.9981439,0.0001715213,0.00016302869,0.00016342719,0.0003171943,0.00020478353,3.3024397e-05,0.00018329808,0.00019087923,4.038338e-05,0.000149896,0.00023865755
syn-0095,0,1,4,11,11,0.00025798765,0.00040706238,0.000119653625,0.00015408908,0.00010778181,0.0001447533,0.00039915252,0.00018741617,0.00012925014,0.00043582215,0.00024289006,0.99741423
syn-0102,0,1,4,1,1,0.00021986532,0.997917,0.00021719774,9.7517026e-05,0.00023216738,3.439925e-05,0.0001372527,0.00021826087,0.00051095267,0.00011312172,9.359822e-05,0.00020867314
syn-0105,0,1,4,4,4,0.0026644997,0.00043808488,0.00012608929,0.00030254634,0.9951245,0.00026628014,0.0003651188,0.0002348767,0.00012996481,9.055303e-05,8.342136e-05,0.00017403491
syn-0106,0,1,4,10,10,8.032322e-05,0.00023016421,0.0002092346,0.00019400707,4.232736e-05,9.464388e-05,0.0002200133,0.00011790128,0.00014867776,0.00018812992,0.9982839,0.00019067312
syn-0107,0,1,4,10,10,0.00010260323,0.00011094054,0.00022493512,0.00016228686,5.268683e-05,0.00015599356,0.00014469375,0.00014328759,0.00013329812,0.00016039616,0.99846554,0.00014328759
syn-0108,0,1,4,8,8,0.00023195749,0.00023136364,0.00015756457,3.0426203e-05,7.701614e-05,0.00019599656,0.00019286372,6.691279e-05,0.9982326,0.00024724923,0.00025509778,8.094903e-05
syn-0113,0,1,4,11,11,0.00045802546,0.00039324324,0.00013010598,0.00013358213,0.00013306134,0.00016608338,0.00034801167,0.00016722259,0.0002583679,0.0004251714,0.00020841697,0.9971787
syn-0119,0,1,4,6,6,4.172787e-05,0.00015019448,0.00011910404,0.00036070833,0.00038969374,9.50508e-05,0.9976927,0.00010157706,0.00033440275,0.00010408749,0.00031819468,0.00029252702
syn-0122,0,1,4,3,3,0.00024373806,0.00014058345,0.00033847938,0.9974813,0.00019990694,0.00034414558,0.00036004564,0.00013652453,4.502101e-05,0.000266065,0.00025819402,0.00018606099
syn-0127,0,1,4,11,11,0.0009463368,0.0014250488,0.00023407131,0.0011353854,0.0009922368,0.00043432362,0.01555154,0.00035621974,0.00054052443,0.0005167804,0.0005762287,0.97729117
syn-0136,0,1,4,6,6,3.7187652e-05,0.0001135437,0.00010148216,0.00042814342,0.00032882043,9.348975e-05,0.9977344,9.249084e-05,0.00021197225,9.692957e-05,0.00036652354,0.00039500243
syn-0138,0,1,4,4,4,0.00040147817,0.00034622263,0.00015995062,0.0002673442,0.9966648,0.000326519,0.0009822114,0.00030375534,0.00012275823,0.00012469137,0.00014821935,0.0001520309
syn-0156,0,1,4,6,6,4.627236e-05,0.00016867972,0.00013481193,0.00035628944,0.00043821678,0.00010265972,0.9975528,0.00011132729,0.00041669712,0.00011013779,0.00026614903,0.00029596986
syn-0161,0,1,4,2,2,0.00022747541,0.0003137434,0.997521,0.000283963,0.000112526046,0.00018327315,0.00014951018,0.00032472174,0.00022686532,0.00015164232,0.00036544,0.00013990424
syn-0176,0,1,4,10,10,8.927522e-05,0.000112524314,0.00019169091,0.00015060692,4.8966584e-05,0.00013566397,0.00017633544,0.00012510162,0.00012913582,0.00018109096,0.99848026,0.00017955014
syn-0185,0,1,4,7,7,0.009554086,0.0065733884,0.22732997,0.001806591,0.0015302422,0.0022221447,0.0013438562,0.7352648,0.0014875131,0.0054657273,0.0030077952,0.0044138716
syn-0189,0,1,4,10,10,0.0001271411,0.00035627146,0.00021406797,0.00038933422,5.136965e-05,0.00011013896,0.000442684,9.265578e-05,0.00011885624,0.00014922478,0.99756336,0.00038479833
syn-0192,0,1,4,5,5,0.00019259292,3.748197e-05,0.00012544505,0.00027166583,0.00022527389,0.99780494,0.0001235002,0.000288693,0.00028968145,0.00026751935,0.00017613015,0.00019706388
syn-0194,0,1,4,1,1,0.0002764323,0.9974376,0.00024340035,9.1564754e-05,0.0002601124,3.4048593e-05,0.00014696448,0.00024899,0.00087384746,0.000107364125,8.788515e-05,0.00019177144
syn-0195,0,1,4,4,4,0.0005870091,0.00022559505,0.0001612255,0.0004260189,0.9822958,0.01456986,0.00051993434,0.00035647393,0.00027911732,0.00021484427,0.00012642384,0.00023757879
syn-0200,0,1,4,5,5,0.00056598906,7.056565e-05,0.00020161262,0.001008492,0.00044490115,0.9937867,0.00013377937,0.002673942,0.00020141585,0.00042411327,0.00023137586,0.00025711211
syn-0203,0,1,4,8,8,0.00017162894,0.00021385656,0.00015294839,3.054682e-05,7.671974e-05,0.00019462356,0.00026894113,6.717805e-05,0.9982828,0.00026435175,0.0001784223,9.8030265e-05
syn-0207,0,1,4,0,0,0.99775666,0.0001368292,0.0001838543,0.00022231272,0.00032141636,0.0004321699,3.8070382e-05,0.00023561297,0.0001656126,4.907466e-05,0.0001905259,0.000267964
syn-0208,0,1,4,8,8,0.00021716562,0.00018835459,0.00014346764,3.145416e-05,9.048391e-05,0.00020601026,0.0002714573,6.71763e-05,0.99825674,0.00027146557,0.00016114756,9.510454e-05
syn-0209,0,1,4,7,2,0.00054371904,0.0011728965,0.9307493,0.000997614,0.00047009034,0.0005560697,0.00051679765,0.06187106,0.00036753964,0.0005512038,0.0018407257,0.0003629031
syn-0211,0,1,4,0,0,0.99792707,0.00020235378,0.00020028946,0.00038765004,0.00037632,0.00012160039,4.3911907e-05,0.0001407837,0.00018307939,4.9083043e-05,0.0001330962,0.0002347918
syn-0217,0,1,4,6,6,3.997842e-05,0.00013960655,0.000107721666,0.00035813352,0.00036573238,8.852294e-05,0.99783164,9.5249896e-05,0.00026729802,9.432425e-05,0.0003347876,0.00027696378
syn-0219,0,1,4,0,0,0.9982046,0.00019465583,0.0001806436,0.00018829879,0.00030031343,0.00013689062,3.627241e-05,0.00018241633,0.00019107736,3.8386195e-05,0.0001269126,0.00021955317
syn-0224,0,1,4,8,8,0.00033880744,0.00037122247,0.0001566587,4.335412e-05,0.000115006376,0.00024016248,0.00077374134,7.023337e-05,0.99686474,0.0002174991,0.00070622156,0.00010228879
syn-0226,0,1,4,6,6,3.7999205e-05,0.0001398804,0.00011444612,0.00034160833,0.00026031217,8.9917565e-05,0.9978382,9.875512e-05,0.00030805476,0.00010119581,0.00034589312,0.00032370677
syn-0229,0,1,4,7,7,0.00022311986,0.00030706055,0.00048025185,0.00014030827,0.0005610602,0.001529968,0.0001238216,0.9955289,0.00013167878,0.0005649087,0.00022707655,0.00018192736
syn-0234,0,1,4,4,6,4.354513e-05,0.00013089347,0.00012320343,0.0006689648,0.00051668356,9.548356e-05,0.9973533,7.8542645e-05,0.00025076853,0.00010405209,0.00038535183,0.0002492426
syn-0243,0,1,4,10,10,9.713551e-05,0.00019132307,0.00023463939,0.00017089485,4.114985e-05,0.00014285774,0.00014098673,0.00013532104,0.00013020053,0.00016042331,0.9983908,0.00016434798
syn-0250,0,1,4,11,11,0.00032476298,0.0003449496,0.00013218069,0.00015544302,0.00012551334,0.00014659674,0.00036314057,0.0001909183,0.00014645365,0.00045924186,0.00023713807,0.9973737
syn-0253,0,1,4,3,3,0.00020496304,0.000114973845,0.00029252277,0.99755645,0.0002557666,0.00041953134,0.00037501112,0.00012689213,4.6909503e-05,0.00022313803,0.00024471048,0.00013909183
syn-0255,0,1,4,2,2,0.0002378102,0.0002848649,0.9975182,0.0002954903,0.00012863397,0.00020020737,0.00014820145,0.0003185082,0.00021135791,0.00015814524,0.00035256988,0.00014604637
syn-0259,0,1,4,4,4,0.00035164252,0.00029470635,0.0001416435,0.000271165,0.9971818,0.00036824838,0.00070009346,0.00022207615,0.00012414837,0.00011639904,9.8017816e-05,0.00012997938
syn-0260,0,1,4,11,11,0.00046959228,0.00093903986,0.00019442158,0.0004307117,0.00025606196,0.00021562578,0.0012796043,0.0002450529,0.00016008307,0.0005049071,0.0007327771,0.9945721
syn-0265,0,1,4,3,3,0.0006109024,0.0001927915,0.00029469052,0.99591184,0.0007535298,0.0007555561,0.00042017113,0.00015673837,6.108066e-05,0.0003191035,0.0002544115,0.00026923744
syn-0269,0,1,4,10,10,0.00010061769,0.00012869199,0.00021239748,0.00016435861,4.9253114e-05,0.0001351317,0.00013349218,0.00013552817,0.0001439875,0.00018121913,0.9984554,0.00015992532
syn-0285,0,1,4,11,11,0.00044668862,0.00031221026,0.00013372379,0.00013569706,0.00010682234,0.000160516,0.0003143518,0.00020035151,0.0002697341,0.00038902654,0.00026907638,0.9972619
syn-0286,0,1,4,8,8,0.0005004952,0.000804882,0.00040215917,0.00019428166,0.0003766884,0.00047687683,0.025595412,0.00015841328,0.9698861,0.00045105716,0.00076297775,0.0003905481
syn-0289,0,1,4,8,1,0.03633328,0.79061586,0.0070883795,0.00036966556,0.004216163,0.0020739455,0.00080114044,0.03590998,0.1195985,0.00083631475,0.00082818733,0.0013286193
syn-0299,0,1,4,1,1,0.00017738128,0.9982905,0.00018859103,0.00012152593,0.00022097025,3.656004e-05,0.00011905909,0.00021812944,0.0002128685,0.00010819301,0.00010851045,0.00019778652
syn-0305,0,1,4,1,1,0.00015642034,0.99826837,0.0001845784,0.00011641214,0.00021133621,3.1639378e-05,0.00012611762,0.00019104291,0.00021852438,0.00011721066,0.00015471128,0.00022354275
syn-0307,0,1,4,3,3,0.00019567418,0.00017335771,0.00019519705,0.99707747,0.00025260376,0.00023695189,0.0003476367,0.00012486488,5.973556e-05,0.00083638384,0.00025947945,0.00024056585
syn-0321,0,1,4,9,9,4.1394116e-05,0.0001458975,0.00013672381,0.0003539723,7.3505296e-05,0.00021933916,0.00010477861,0.0002681501,0.00046067123,0.9974751,0.00035736966,0.00036306662
syn-0326,0,1,4,1,1,0.00022854972,0.99795914,0.0002172069,0.00010180284,0.00022127473,3.8753366e-05,0.000116262476,0.0002919919,0.00026155417,0.0001302714,0.00010391214,0.00032928615
syn-0333,0,1,4,5,5,0.00062592415,5.9245223e-05,0.00020983754,0.0005935542,0.0038002343,0.99276346,0.00023431944,0.00025709835,0.00074357557,0.00029635217,0.00017532583,0.00024105028
syn-0338,0,1,4,8,8,0.00037362022,0.00024231932,0.00011029372,3.508028e-05,7.3471456e-05,0.00016220957,0.00017360112,6.0791128e-05,0.99799,0.00052953255,0.00014287012,0.00010617207
syn-0350,0,1,4,2,2,0.00024291505,0.00029831685,0.9975169,0.0003120805,0.00013239347,0.00019131902,0.00015531358,0.00030985984,0.0002122885,0.00015448163,0.00033340644,0.00014086331
syn-0352,0,1,4,8,8,0.00023493258,0.00028718295,0.0001632105,3.1210166e-05,8.442479e-05,0.0001686382,0.00022439327,6.613648e-05,0.9982817,0.00023822476,0.00013497632,8.508694e-05
syn-0353,0,1,4,7,7,0.00022951882,0.00028107504,0.00032398966,0.000143489,0.0003616131,0.0010251221,0.00015651823,0.9964573,0.00013893857,0.00044566128,0.00024611753,0.00019064978
syn-0363,0,1,4,9,9,6.739244e-05,0.00018882225,0.00015127909,0.00027621436,7.6589684e-05,0.0003018108,8.755363e-05,0.00047542396,0.00034241416,0.9965905,0.0002521108,0.0011899023
syn-0368,0,1,4,9,9,5.6036668e-05,0.0001412895,0.00012299443,0.00026746653,8.145328e-05,0.00022309508,8.2012004e-05,0.00029627542,0.00037356836,0.99760795,0.0002331746,0.000514675
syn-0377,0,1,4,5,5,0.00032092308,5.1476392e-05,0.00019464966,0.00031780425,0.0003325685,0.99476707,0.00010897552,0.0027373787,0.00023160412,0.0004545673,0.00019965522,0.00028335192
syn-0378,0,1,4,2,2,0.0002410195,0.00030252765,0.9974954,0.000290796,0.00012274059,0.00018210881,0.00014300866,0.00036091983,0.00021384445,0.00014597172,0.00036888168,0.00013277902
syn-0379,0,1,4,3,3,0.00032148542,0.00011780678,0.0002743105,0.9955375,0.00085052394,0.0012384118,0.00037935766,0.00012142774,5.3778098e-05,0.0003305587,0.00061040727,0.00016451969
syn-0386,0,1,4,10,10,0.00012496421,0.00012296677,0.00029827698,0.00021112312,5.086126e-05,0.00013611179,0.00011953315,0.0001567785,0.00012874226,0.00016530835,0.99835795,0.00012749113
syn-0391,0,1,4,0,0,0.99806446,0.00017017295,0.00016253882,0.00014442392,0.00034492,0.00019245497,3.890915e-05,0.00014323003,0.00038190233,4.182503e-05,0.00011236767,0.00020267832
syn-0399,0,1,4,8,8,0.0002156337,0.00018547989,0.00014048693,3.207457e-05,8.516802e-05,0.00019480882,0.0002958809,6.2798965e-05,0.9982577,0.00021785618,0.00022587187,8.617196e-05
syn-0402,0,1,4,1,1,0.00021882223,0.998044,0.00015985942,0.00012078612,0.00026591468,4.0895236e-05,0.00011056931,0.00030223254,0.00016040677,0.0001011179,0.0001295846,0.00034572964
syn-0403,0,1,4,9,9,6.1125815e-05,0.00015586175,0.00013325055,0.00023888238,8.314212e-05,0.0002687795,8.730254e-05,0.00035010016,0.0004214581,0.99762183,0.00020387847,0.00037434962
syn-0408,0,1,4,4,0,0.9755569,0.00081833167,0.00046832484,0.0009412043,0.011291205,0.00069961447,0.00022891298,0.00040411574,0.009037367,0.0001421353,9.212861e-05,0.00031968183
syn-0413,0,1,4,9,9,5.713703e-05,0.00014322226,0.00014148458,0.00025889918,7.194638e-05,0.00026549213,7.599052e-05,0.00044881448,0.00032506944,0.997523,0.00020666454,0.0004822724
syn-0432,0,1,4,6,6,4.3554934e-05,0.00013821467,0.00013028522,0.00058618316,0.00036188719,0.000109283435,0.99757785,0.00010176394,0.00025733793,0.00010077498,0.0002953998,0.00029749863
syn-0437,0,1,4,3,3,0.00021435879,0.000118091506,0.0002485392,0.9969695,0.0002763194,0.000510374,0.0002957968,0.00012375883,4.05729e-05,0.00041543797,0.00059143023,0.00019584416
syn-0468,0,1,4,6,6,4.3558895e-05,0.0001495323,0.00012703039,0.00037524212,0.00038901897,9.5513744e-05,0.99766856,9.32101e-05,0.00033955698,0.000103274986,0.00030633382,0.00030911353
syn-0473,0,1,4,10,10,9.876671e-05,0.000112740054,0.0002337938,0.00015941651,4.801767e-05,0.00012869033,0.00014711256,0.0001319997,0.00016244168,0.00018793027,0.9984426,0.0001465748
syn-0484,0,1,4,3,3,0.00023041428,0.00014390823,0.00038195815,0.99741864,0.0002809344,0.0003765647,0.00042873345,0.00012899852,4.2373347e-05,0.00015666924,0.00027570248,0.00013505731
syn-0491,0,1,4,10,10,0.00010523865,0.00012357833,0.00022786483,0.00015929877,4.9156064e-05,0.00014058067,0.0001325802,0.0001390107,0.00014906393,0.00018442923,0.99843615,0.0001530466
syn-0499,0,1,4,11,11,0.00034536995,0.0003514946,0.00012614272,0.00015883768,0.00012071938,0.00012888214,0.0003297555,0.00017902254,0.00014031072,0.00040847564,0.0002183812,0.99749255
syn-0003,0,2,0,2,2,0.0002981928,0.0001221393,0.9974673,0.0005493986,0.00019365913,7.300396e-05,0.00014321426,0.0005398256,0.0001059094,0.000109698994,0.00019243374,0.00020534536
syn-0004,0,2,0,10,10,0.00021956659,0.00028713892,0.00017685797,0.0002508754,0.00013015243,9.059524e-05,0.00040426402,0.0001797308,0.00028946163,0.00023515832,0.99753475,0.00020148564
syn-0006,0,2,0,7,7,0.00017423402,0.0011481385,0.0018842,0.0002495787,0.00031611384,0.00033047664,0.00040372394,0.9933484,0.00033486236,0.0009983728,0.00032790485,0.0004839026
syn-0008,0,2,0,8,8,0.00023146137,0.00016878356,7.559533e-05,2.517333e-05,0.00011662787,0.00029054805,0.00032335913,0.00011320531,0.9981668,0.00032092107,0.00011364838,5.3867494e-05
syn-0011,0,2,0,10,9,0.0017592629,0.0072857146,0.00068091083,0.0037867057,0.0009091353,0.019696131,0.0021470904,0.003698987,0.075835526,0.5815379,0.28788212,0.014780561
syn-0015,0,2,0,6,6,5.765992e-05,0.00036233713,0.00013172736,0.00025034102,0.0003154579,8.554936e-05,0.99784315,0.0001224242,0.00042841228,0.00013551123,0.00016643768,0.00010099886
syn-0016,0,2,0,9,9,0.00013578495,0.0001978556,9.2959715e-05,0.00040893423,4.3441887e-05,0.00011202138,0.000119479264,0.00016940018,0.0003810741,0.9969338,0.00063217006,0.00077303965
syn-0017,0,2,0,3,3,0.0001904834,0.00013720007,0.00041378746,0.9965605,0.00026967606,0.0011532581,0.00037660834,0.00013533703,5.5433837e-05,0.00035413646,0.00020356216,0.00015009733
syn-0020,0,2,0,6,6,5.540151e-05,0.000417936,0.0001345993,0.000269848,0.0002722302,8.4230094e-05,0.9979266,0.00011936488,0.00031668038,0.00013765674,0.00017299778,9.2418355e-05
syn-0034,0,2,0,0,0,0.9975057,0.00017858837,0.00026355014,0.00018007694,0.00062105607,0.0001936666,8.5436965e-05,0.00018761648,0.00018633831,0.00015365239,0.00032275074,0.00012154904
syn-0044,0,2,0,2,2,0.0003215405,0.00015601917,0.99716765,0.00043925238,0.00021492549,7.891239e-05,0.00015956315,0.0007838649,0.00013254111,0.00011425759,0.0002086183,0.0002229422
syn-0049,0,2,0,8,8,0.00027745828,0.00025906193,6.7495836e-05,2.4397674e-05,0.00010743753,0.00025626653,0.00029277723,9.4167364e-05,0.99811953,0.0003013528,0.00015277411,4.7211808e-05
syn-0052,0,2,0,4,4,0.0009354124,9.144998e-05,0.00012883925,0.0001731184,0.9971607,0.0003602926,0.00025311872,0.00024395733,0.00012426704,5.6395747e-05,0.00019799724,0.00027442258
syn-0053,0,2,0,10,10,0.00023514192,0.00019769536,0.00022027608,0.00021132088,0.00017327699,6.297163e-05,0.0001705073,9.180231e-05,0.0001236542,0.00016951114,0.99807405,0.00026985494
syn-0055,0,2,0,3,3,0.00013945923,0.000116636395,0.00039926352,0.99726546,0.00026535877,0.00047787046,0.0004892626,8.384612e-05,3.5606845e-05,0.00031899163,0.0002251521,0.00018304736
syn-0063,0,2,0,1,1,0.0002655075,0.99782443,0.00012338205,0.00013550869,6.6624656e-05,0.00012434975,0.0003823002,0.00023852293,0.00022059763,0.00017382676,0.00025973725,0.00018521839
syn-0069,0,2,0,11,10,0.0015806741,0.010587847,0.0009411024,0.0021043029,0.0017082817,0.0010747727,0.0022301965,0.00078249036,0.00060112914,0.0024267726,0.74991566,0.22604679
syn-0072,0,2,0,0,0,0.9976833,0.00022480692,0.00022056645,0.00014779235,0.000276855,0.0003084773,7.833878e-05,0.00017119119,0.00032913487,0.00018673585,0.000273229,9.9514225e-05
syn-0073,0,2,0,11,11,0.00012548966,0.00031656114,0.00026301568,0.00018995252,0.00048464647,0.00021767533,0.00013048861,0.00014858671,8.278176e-05,0.00030592398,0.0005492434,0.9971855
syn-0077,0,2,0,2,2,0.00032194995,0.000115441195,0.99770653,0.00038085773,0.00018802112,6.233671e-05,0.00015595111,0.00041786933,0.00012543268,9.883858e-05,0.00022219303,0.00020459389
syn-0081,0,2,0,10,10,0.00020471166,0.00019706163,0.00018092224,0.00021495539,0.00012440665,6.167603e-05,0.00023010733,8.1230115e-05,0.0003385647,0.0002720942,0.99779356,0.00030067572
syn-0084,0,2,0,5,5,0.0002947533,0.00016544256,5.9511116e-05,0.0007246399,0.00026808123,0.99721897,0.00011085616,0.00023571607,0.0004549096,0.00012759466,0.000100837155,0.00023866937
syn-0090,0,2,0,5,5,0.00034065006,0.00013975984,6.5472144e-05,0.00029489803,0.0006303487,0.99697816,0.00010596089,0.00037714792,0.0006059045,0.000105444764,0.00010041977,0.0002559305
syn-0093,0,2,0,5,5,0.00024246301,0.0001577737,7.941111e-05,0.0016296535,0.00053605955,0.9956606,0.0002458007,0.00026512585,0.0004745747,0.00016992894,0.0001858121,0.00035278162
syn-0098,0,2,0,10,10,0.00024572786,0.00037116214,0.00019410216,0.00022842924,0.00016806347,6.1616134e-05,0.00023602584,9.1597874e-05,0.00012904764,0.00017146193,0.9977984,0.00030428648
syn-0101,0,2,0,3,3,0.00013569479,0.00011183771,0.00040535713,0.9972452,0.00028033747,0.00056065706,0.00042387826,9.8119825e-05,3.3975597e-05,0.00030774018,0.00020182095,0.00019542062
syn-0109,0,2,0,3,3,0.00023261487,0.0001755869,0.00043766957,0.99521315,0.0003181021,0.0009041996,0.0008973821,0.00017593018,6.49744e-05,0.0006202436,0.0006801553,0.0002800396
syn-0120,0,2,0,3,3,0.00015263664,0.00014451345,0.0005121571,0.99673456,0.0002294706,0.0003454869,0.0007044075,0.00012765727,5.555191e-05,0.00048587823,0.00036997523,0.00013776109
syn-0121,0,2,0,9,9,0.00012121899,0.00016698621,9.874301e-05,0.0002525804,4.3988442e-05,0.0001255564,0.00013030325,0.00025202602,0.0005229641,0.99771583,0.00015602872,0.00041369864
syn-0139,0,2,0,1,1,0.00022168229,0.99784636,0.00012496117,0.00013710905,8.219198e-05,0.00013083036,0.000342511,0.0002757534,0.0001965915,0.00015943804,0.000246581,0.00023597956
syn-0148,0,2,0,7,7,0.00025036323,0.00036056023,0.00047071863,0.00035653362,0.00070019247,0.0034125587,0.00019960699,0.9925862,0.00018605417,0.0004105681,0.00022246034,0.00084425835
syn-0155,0,2,0,4,4,0.00030693234,8.765893e-05,0.00019155823,0.00019457482,0.99778914,0.00021627045,0.0003446828,0.0002659198,0.00011865117,5.358483e-05,0.00015131322,0.0002797723
syn-0158,0,2,0,1,1,0.00023899776,0.99786,0.0001169341,0.0001279263,7.997609e-05,0.00013083215,0.0003339285,0.00024216947,0.00022872238,0.00016242621,0.00026000026,0.00021814188
syn-0166,0,2,0,5,5,0.0009832243,0.0003490318,0.00012026931,0.00062617863,0.014203131,0.9802792,0.00032724527,0.00064008974,0.0013807847,0.00022557205,0.0002573599,0.00060795125
syn-0169,0,2,0,4,4,0.0005458874,7.028849e-05,0.00016902547,0.00025836306,0.9976471,0.00026045303,0.00023702941,0.00024105616,8.404219e-05,5.383945e-05,0.00018071911,0.0002520702
syn-0173,0,2,0,8,8,0.00023190783,0.00016108951,8.131792e-05,3.0179277e-05,0.00017014443,0.0003291853,0.000532075,0.00012094539,0.99789715,0.000248649,0.00014524828,5.2247062e-05
syn-0175,0,2,0,11,10,0.0005675797,0.0016513425,0.0006062541,0.0010572765,0.00088166393,0.00035622442,0.0006375241,0.00026653934,0.00024339887,0.0013587305,0.9234874,0.06888608
syn-0196,0,2,0,4,4,0.001076488,8.896964e-05,0.00015126857,0.00018122167,0.9970079,0.000347761,0.00021573211,0.0002500704,0.00012919748,5.9731396e-05,0.00019328661,0.00029841953
syn-0223,0,2,0,6,6,6.25143e-05,0.0005817893,0.00012323663,0.00024246665,0.00029347197,7.987897e-05,0.9976221,0.000105306994,0.0004483388,0.00014198308,0.00020668506,9.2299975e-05
syn-0230,0,2,0,9,9,0.00015100755,0.0002063021,0.000107814885,0.00023832341,3.8442584e-05,0.0001182959,0.00012778353,0.00025055476,0.00046084073,0.9977203,0.0002622588,0.00031797055
syn-0233,0,2,0,8,8,0.0002272691,0.00019498772,7.6563636e-05,2.557058e-05,0.000106453896,0.00028370545,0.00032100984,0.00010723645,0.99819916,0.0002800923,0.00012654065,5.1352217e-05
syn-0241,0,2,0,1,1,0.00026281143,0.99787176,0.000118660995,0.00012459878,6.623857e-05,0.0001410511,0.0003214142,0.00024401215,0.00023074419,0.00016274565,0.0002582951,0.00019755881
syn-0246,0,2,0,8,8,0.00027956557,0.00038235408,7.67562e-05,2.8514134e-05,0.0002260401,0.0002939494,0.00041942153,0.00011233592,0.9977824,0.0001898807,0.00015474926,5.411032e-05
syn-0248,0,2,0,6,6,5.2134666e-05,0.0003128808,0.00012878276,0.00040471254,0.0002928499,7.720068e-05,0.9976972,0.000118177704,0.00023502442,0.0001240913,0.00045504444,0.00010187555
syn-0249,0,2,0,8,8,0.00033955506,0.00018456783,6.682972e-05,2.4778108e-05,9.378596e-05,0.00045159805,0.0001991274,0.000105292034,0.99796754,0.00035385808,0.0001652437,4.776105e-05
syn-0252,0,2,0,8,8,0.00021391934,0.00018472542,7.999439e-05,2.7269929e-05,0.00011030458,0.00027905026,0.00038735787,0.00011526004,0.9980883,0.00031396013,0.00014778019,5.21042e-05
syn-0254,0,2,0,7,11,0.020580642,0.010132345,0.06870317,0.0043791975,0.12760453,0.010068232,0.0065547233,0.27439287,0.009583748,0.004097837,0.0150259035,0.44887677
syn-0270,0,2,0,10,10,0.0006767877,0.00021104564,0.00018779957,0.0005729817,0.0014678113,9.383403e-05,0.00042564792,9.255988e-05,0.00015127004,0.00016613764,0.99555814,0.00039592502
syn-0273,0,2,0,0,0,0.9976665,0.00019994404,0.00029077486,0.000215033,0.00032501697,0.00021315135,8.4785745e-05,0.00019445592,0.00019636421,0.00022348978,0.00027827336,0.00011221322
syn-0274,0,2,0,9,9,0.00014614813,0.00017078107,0.00014472785,0.0002935742,5.3294425e-05,0.00014903065,0.00018099835,0.00027350767,0.0017443075,0.9962656,0.0003518774,0.0002261377
syn-0275,0,2,0,0,0,0.9975683,0.00025415124,0.00025815354,0.00019235931,0.0002764179,0.00029568558,8.746853e-05,0.00021375569,0.00025198876,0.00022075651,0.00027433375,0.00010664667
syn-0276,0,2,0,6,6,6.5081855e-05,0.0003288228,0.00013353929,0.0002782519,0.0004255283,8.791998e-05,0.99783295,0.00011658885,0.00034696705,0.000112671216,0.00018137164,9.035721e-05
syn-0284,0,2,0,0,0,0.9976903,0.00023884047,0.00025523943,0.00016862061,0.0004036305,0.00018384207,9.158795e-05,0.00017593801,0.00020781238,0.00015956885,0.00031158276,0.00011298564
syn-0296,0,2,0,3,3,0.000761034,0.00040299975,0.0004606898,0.95311475,0.0011905705,0.039959256,0.00081567344,0.0005266383,0.00023621826,0.001259029,0.00048327047,0.00078980613
syn-0302,0,2,0,10,10,0.0002465833,0.00021340008,0.00020228993,0.00018445707,0.00015099117,5.672514e-05,0.00019340376,8.0151665e-05,0.00014706199,0.00017917519,0.9980994,0.00024649303
syn-0304,0,2,0,1,1,0.00020279147,0.9976471,0.00014478709,0.00018240351,8.3632825e-05,0.00011342293,0.00050142384,0.00026799997,0.00016414539,0.00013964891,0.00031547295,0.00023708727
syn-0311,0,2,0,9,3,0.0013369767,0.00078443444,0.0021115919,0.8469001,0.0011170858,0.0011844957,0.0057371,0.0005380814,0.00034673358,0.02105729,0.11461546,0.004270613
syn-0316,0,2,0,0,5,0.01655763,0.0003626047,0.00017111517,0.0048326836,0.009388301,0.96608645,0.00021694446,0.00034939527,0.00090184814,0.00019070641,0.0003665209,0.00057577423
syn-0318,0,2,0,11,1,0.0009844969,0.6402858,0.0008528436,0.0042931978,0.0036276127,0.00091854867,0.0042024576,0.0015307867,0.00044941698,0.0015917663,0.016782105,0.32448104
syn-0328,0,2,0,10,10,0.0002473648,0.0002439761,0.00015846784,0.00016518327,0.00015509958,6.631778e-05,0.00017747557,7.760909e-05,0.00018155125,0.00018279659,0.99808985,0.0002542841
syn-0332,0,2,0,6,6,5.214447e-05,0.00030688685,0.00014453901,0.00034749377,0.0003157022,9.497631e-05,0.9978848,0.000120766854,0.0003070367,0.00013237765,0.00018925223,0.00010400592
syn-0345,0,2,0,7,7,0.0006490065,0.0006005261,0.00026350585,0.00010899075,0.00075424055,0.002669123,0.00022560872,0.99296486,0.00069969054,0.00053464074,0.00020362154,0.00032618167
syn-0354,0,2,0,8,8,0.0002925543,0.0001943961,7.544205e-05,2.7110667e-05,9.916669e-05,0.00034134244,0.00025437737,0.000110089575,0.9980903,0.00035140483,0.0001135842,5.0157174e-05
syn-0356,0,2,0,8,8,0.00023978224,0.0004473165,0.00013024009,5.0507104e-05,0.00026762707,0.0003333113,0.004262712,0.00020024776,0.9933444,0.0004166904,0.00023037124,7.6713884e-05
syn-0357,0,2,0,3,3,0.00013565428,0.00013225329,0.00029463708,0.99694747,0.00024265789,0.00082290766,0.00044675224,0.000100025194,3.6653753e-05,0.00039449215,0.00022475084,0.00022180726
syn-0371,0,2,0,6,6,5.328156e-05,0.0003694187,0.00013766305,0.00030296805,0.00026541727,7.397412e-05,0.9979724,0.00011878892,0.00028649444,0.00013726033,0.00018834694,9.396977e-05
syn-0372,0,2,0,1,1,0.00026319304,0.9976144,0.00012359724,0.00024116597,8.6707136e-05,0.00010117311,0.00048794236,0.00025410092,0.00016286266,0.00015262223,0.0003296348,0.00018257572
syn-0380,0,2,0,4,4,0.00040896237,0.00010787591,0.0001545251,0.0003158288,0.994393,0.003121959,0.0002781741,0.00037336582,0.00021962446,6.354095e-05,0.00018296628,0.0003800333
syn-0382,0,2,0,0,0,0.9977673,0.00023173617,0.00023734751,0.00017339298,0.00029523956,0.00022714307,8.71449e-05,0.00016154112,0.00023850928,0.00018385626,0.00029372974,0.00010308367
syn-0383,0,2,0,2,2,0.00030301206,0.00013325165,0.9976301,0.00039989737,0.000190781,6.8191344e-05,0.0001482181,0.00046839856,0.00011863226,0.00010717532,0.00020709081,0.00022523443
syn-0419,0,2,0,1,1,0.00022958146,0.99770314,0.00015871612,0.00014130298,7.4607015e-05,0.000118525146,0.00039928028,0.0003161846,0.00018152523,0.00016375432,0.0003016318,0.00021160363
syn-0421,0,2,0,10,10,0.00019831648,0.00020011602,0.00018026087,0.00024411216,0.00013408941,7.052228e-05,0.00022199549,7.813731e-05,0.00018648313,0.0001820743,0.99803716,0.00026683143
syn-0425,0,2,0,5,5,0.00023588767,0.00013046051,5.940922e-05,0.00045015683,0.00036174426,0.9974578,0.00010694772,0.0002960139,0.00044328597,0.00010590839,9.862112e-05,0.0002537511
syn-0448,0,2,0,4,5,0.00030159048,0.00014417573,5.830918e-05,0.0004421992,0.00037413463,0.99732286,0.00010787723,0.00024133104,0.000533329,0.00011217457,9.78404e-05,0.00026421042
syn-0452,0,2,0,10,10,0.00019666496,0.00018715573,0.00019656897,0.0002075675,0.000120424505,6.949247e-05,0.000322686,9.0281916e-05,0.00020751684,0.00023133228,0.9979755,0.00019484888
syn-0454,0,2,0,11,11,0.00010682655,0.00027352475,0.00018858821,0.00028014794,0.0003841458,0.00024668704,0.000109253124,0.00014501983,5.768491e-05,0.00059991766,0.00030708197,0.99730116
syn-0455,0,2,0,2,7,0.0014436066,0.00325282,0.08983762,0.0020729254,0.003081212,0.0008265683,0.003276732,0.89151806,0.0014087888,0.0012665354,0.00091047114,0.0011046918
syn-0457,0,2,0,9,9,0.00012321139,0.00020314122,0.00011676818,0.00033656263,4.896227e-05,0.00012369362,0.0001251517,0.00023813485,0.00024804458,0.9974177,0.00037120175,0.0006474756
syn-0459,0,2,0,5,4,0.00467544,0.00015236066,0.00031538357,0.00017349231,0.99008626,0.0011815594,0.00031600014,0.0004435693,0.002050543,7.4691015e-05,0.00020744043,0.00032317813
syn-0480,0,2,0,1,1,0.0010178701,0.8986696,0.0006351035,0.004065261,0.001275449,0.0020743054,0.0032103949,0.001623378,0.0013912634,0.0037405253,0.003464491,0.07883222
syn-0487,0,2,0,6,6,5.4011303e-05,0.00027195818,0.00014624554,0.00026774185,0.0003774844,8.0843376e-05,0.9979037,0.00013525503,0.00036484466,0.00012570275,0.0001708949,0.00010130133
syn-0489,0,2,0,11,10,0.0007367378,0.0029081688,0.00056212494,0.0008397392,0.0020819295,0.00092182285,0.0008800391,0.0006747494,0.00060958526,0.0019048968,0.8110932,0.17678699
syn-0495,0,2,0,2,2,0.0006310118,0.0004661885,0.96449095,0.011294714,0.00067367934,0.0008396365,0.00037789985,0.01906344,0.00018327658,0.0006242696,0.00044658125,0.0009083069
syn-0496,0,2,0,8,8,0.00019146965,0.00017647627,8.107335e-05,2.9941953e-05,0.00012667736,0.0002426912,0.00064332073,0.00012612189,0.9978149,0.0003563613,0.00015896662,5.1937535e-05
syn-0497,0,2,0,5,5,0.0002180663,0.00019671812,6.969817e-05,0.0005510365,0.00036715908,0.9960542,0.00011051062,0.0005045497,0.00038374748,0.00023670871,0.00012995925,0.0011777045
syn-0498,0,2,0,7,7,0.00014265362,0.00029120938,0.00055059826,0.0001044696,0.00030111428,0.00031548803,0.00019393992,0.99745125,0.00015744125,0.00023855017,9.493505e-05,0.00015836646
syn-0013,0,2,1,6,6,4.7208974e-05,0.00027008174,0.00012971325,0.00029439022,0.00019367957,0.00016688074,0.9980597,0.00013034815,0.0002292154,0.0001573067,0.00016614897,0.00015524642
syn-0018,0,2,1,3,6,5.073446e-05,0.0002626043,0.0001337981,0.000396484,0.00024621256,0.0001751031,0.99781597,0.00011842284,0.00028428977,0.00020743301,0.00015842436,0.00015058024
syn-0031,0,2,1,0,0,0.99711823,0.0002537266,0.00029867122,0.00028016497,0.00030344867,0.0003030045,8.473915e-05,0.00030657623,0.00026050565,0.00022227898,0.00044901588,0.00011961811
syn-0032,0,2,1,4,4,0.0006271699,0.0009949009,0.00022248072,0.00039065653,0.9917082,0.0003808624,0.0042225723,0.00035189628,0.00038328767,0.00015607681,0.0002644605,0.00029734094
syn-0037,0,2,1,8,8,0.0064389184,0.00048667492,0.000121202145,0.00010550811,0.0014939493,0.00057625,0.0009952454,0.00023939711,0.9878825,0.00023339519,0.0013235656,0.0001034674
syn-0041,0,2,1,10,9,0.00056731334,0.0007395549,0.000389718,0.0013106966,0.00018882377,0.00035449595,0.00042015294,0.0007537732,0.00234858,0.9782774,0.012484216,0.0021651983
syn-0042,0,2,1,9,9,0.00012949205,0.0002258276,0.00013089058,0.00044639257,9.0311776e-05,0.00014530774,0.00019764472,0.00024322588,0.00039378382,0.99733126,0.00013797825,0.0005279571
syn-0045,0,2,1,9,9,0.00017086967,0.00026842224,0.00014193286,0.0007537283,8.925408e-05,0.00013729764,0.00025713275,0.00022383755,0.00044222944,0.99629587,0.0005942499,0.0006251679
syn-0046,0,2,1,8,8,0.00038571065,0.00025621834,8.6537744e-05,2.9128394e-05,0.00010176742,0.00016104347,0.00015472283,0.00020612867,0.997612,0.0004838486,0.00044770536,7.51853e-05
syn-0057,0,2,1,8,8,0.002858012,0.0034489727,0.00034832823,0.00027662877,0.0012948283,0.0015227038,0.0033394173,0.0014332443,0.6548802,0.0017767474,0.32545805,0.0033627856
syn-0059,0,2,1,3,3,0.00019676749,0.00020212338,0.0004217147,0.9967908,0.00021674088,0.00060490397,0.00043168903,6.4382075e-05,4.3013544e-05,0.0006462793,0.0002091513,0.00017237953
syn-0070,0,2,1,2,2,0.00035075276,0.00010176384,0.9975769,0.000462465,0.00019625074,7.956394e-05,0.00012751586,0.0005120895,0.00012504948,0.00011035578,0.00017293714,0.00018445053
syn-0071,0,2,1,6,6,5.649455e-05,0.0002614834,0.00012424187,0.00030488515,0.00027753334,0.00015059784,0.9979327,0.00011740031,0.00028592406,0.00016857924,0.00018815558,0.00013212569
syn-0076,0,2,1,5,5,0.00038458555,0.00015135227,7.156361e-05,0.00056302885,0.0004322824,0.9970726,0.00024221481,0.00028532912,0.0002690253,0.00013686898,0.00012280844,0.0002683038
syn-0079,0,2,1,1,1,0.00023372003,0.9882918,0.00016141952,0.0005998927,0.0003511981,0.0003207077,0.00835233,0.00023740059,0.0003889307,0.00033218312,0.00026979935,0.00046051553
syn-0086,0,2,1,10,10,0.00026060262,0.00018248602,0.00017067805,0.00020998884,0.00012450543,7.715634e-05,0.00022060436,0.00016365931,0.0001333142,9.243427e-05,0.99809843,0.0002661971
syn-0087,0,2,1,5,5,0.0060266685,0.0018444357,0.00038812793,0.00089540164,0.041530628,0.75286967,0.0025063162,0.015879128,0.16996813,0.0017929334,0.0041962652,0.0021023017
syn-0091,0,2,1,4,4,0.00034822963,0.00023313485,0.00019545837,0.00016899002,0.99743783,0.00041320492,0.0002380234,0.00025085104,0.00017181895,9.987913e-05,0.00014209555,0.000300376
syn-0111,0,2,1,3,3,0.00018077991,0.00019442261,0.00035464184,0.9970086,0.00022421655,0.00049781066,0.0005472722,5.4174063e-05,3.708809e-05,0.00049105095,0.00024184473,0.00016809451
syn-0118,0,2,1,5,5,0.0002723695,0.00014653828,8.480985e-05,0.00061020826,0.0005104709,0.996976,0.000274037,0.00024504625,0.0002588204,0.00015074761,0.0001295724,0.00034146116
syn-0128,0,2,1,2,2,0.00035249308,0.00011121515,0.9975216,0.00052152365,0.00020545688,8.136674e-05,0.00012676386,0.00047822663,0.000120605066,0.00011121515,0.00017754782,0.00019197498
syn-0130,0,2,1,6,6,0.0016576229,0.07201461,0.00033154542,0.00096688286,0.012425972,0.008971697,0.71325403,0.007847014,0.17376925,0.0022679155,0.004722128,0.0017714364
syn-0133,0,2,1,2,2,0.00030100893,0.00012164829,0.99734575,0.0005288032,0.00019288065,8.7193184e-05,0.00012911511,0.00067999214,0.0001287374,0.000121292425,0.00016570615,0.0001978407
syn-0134,0,2,1,5,5,0.00025470564,0.0001445611,9.85821e-05,0.0006640519,0.00030395092,0.9970631,0.00024662816,0.0003655622,0.00024662816,0.00016237576,0.00014121234,0.00030858675
syn-0146,0,2,1,10,10,0.00030102918,0.00019373135,0.00017825596,0.00021702182,0.00011520315,7.0939954e-05,0.00023180946,0.00015143167,0.00015854414,9.5833755e-05,0.9980829,0.00020332633
syn-0147,0,2,1,0,0,0.9966851,0.0002963629,0.00028963905,0.00050780515,0.00032406373,0.00030846975,0.00011611405,0.00024153029,0.00035357598,0.0003010299,0.00046069987,0.00011554848
syn-0151,0,2,1,10,10,0.00061963336,0.00067400286,0.00026800163,0.00037063286,0.00042183168,0.0002028918,0.0005546227,0.0002789499,0.00024956118,0.00025473197,0.98362595,0.012479139
syn-0167,0,2,1,0,0,0.9973571,0.00023864415,0.00028687756,0.00028485362,0.0003115548,0.0002584141,9.2185386e-05,0.0002218984,0.00026805294,0.0001754504,0.0004103066,9.474086e-05
syn-0181,0,2,1,10,8,0.0033745859,0.0029404934,0.00062454055,0.000489251,0.0023615994,0.00086034095,0.042188667,0.0011863277,0.65098053,0.0017541349,0.292276,0.00096353615
syn-0187,0,2,1,3,3,0.0002111221,0.00020774746,0.0005163184,0.9968918,0.00024028627,0.00054414396,0.00042818344,6.09619e-05,4.0728526e-05,0.0004818495,0.00020244018,0.00017451434
syn-0191,0,2,1,4,3,0.0021357776,0.0013424219,0.0029064612,0.59946513,0.37221637,0.0056160446,0.011103588,0.0006944019,0.00030070715,0.0007641423,0.002521481,0.0009335078
syn-0202,0,2,1,10,10,0.0003848033,0.00019023583,0.00015633098,0.00013642092,0.00011714368,0.000101082835,0.0001605862,0.00018276944,0.00043111708,0.00016463539,0.997698,0.0002769267
syn-0213,0,2,1,0,0,0.9972281,0.0002723719,0.00023297203,0.000273171,0.0002807436,0.00028322195,0.00010123275,0.00020863094,0.00042506275,0.0001874727,0.00041455775,9.226352e-05
syn-0222,0,2,1,8,8,0.00029309196,0.00019572159,7.514487e-05,3.053969e-05,0.00018350464,0.00023536591,0.00022759599,0.00016712367,0.99804974,0.00032709248,0.00014777447,6.735942e-05
syn-0232,0,2,1,8,8,0.0002614453,0.00021947478,6.802332e-05,2.7376758e-05,0.00012281399,0.00022569655,0.00023998892,0.00016967978,0.9980919,0.0003576807,0.00014281497,7.3192496e-05
syn-0236,0,2,1,11,8,0.003653458,0.002871836,0.0008009923,0.00051766477,0.0022170166,0.001967047,0.0015334346,0.001319324,0.6741466,0.02286617,0.043946758,0.24415971
syn-0237,0,2,1,4,4,0.0004958035,0.00022028021,0.00019525278,0.0001893379,0.9973621,0.0003064267,0.0002056247,0.00029765224,0.00016538553,0.000110763845,0.0002209265,0.00023051376
syn-0264,0,2,1,0,0,0.9970234,0.0002450579,0.00025148244,0.0002613727,0.00029044558,0.0004443116,9.233471e-05,0.00034940467,0.0003401461,0.00021563015,0.00038131775,0.000105038445
syn-0267,0,2,1,4,4,0.00033562287,0.00027939834,0.00017776989,0.00017146124,0.99682045,0.0006462985,0.00039228707,0.0003428278,0.00018314444,0.00011388367,0.00017664506,0.00036007073
syn-0268,0,2,1,6,6,6.2026505e-05,0.00034034316,0.00015098951,0.00036088098,0.00026642196,0.00016518302,0.9976011,0.000118397336,0.00033777705,0.00021407606,0.00019944343,0.00018337739
syn-0271,0,2,1,2,2,0.00030397286,0.00010777795,0.9973786,0.00060334266,0.00019036072,7.8621364e-05,0.00013347848,0.0005910954,0.00013893128,0.00014320151,0.00015213978,0.00017847843
syn-0272,0,2,1,3,3,0.02268081,0.0040657003,0.0025298495,0.93109655,0.0033351812,0.001612001,0.030223768,0.00027564622,0.00025894566,0.0010966086,0.0020881225,0.0007369475
syn-0279,0,2,1,0,0,0.9970216,0.00028482734,0.00028137158,0.00030098457,0.00028650116,0.00033202278,0.00010422083,0.0002723155,0.0004110959,0.00023879696,0.00037595563,9.028374e-05
syn-0281,0,2,1,10,10,0.0019445223,0.0009551172,0.00020772174,0.00042001938,0.00069656444,0.0004295602,0.004035947,0.00035025462,0.014505644,0.00016871173,0.9760582,0.00022791499
syn-0283,0,2,1,7,7,0.00021090366,0.00022275865,0.00059788214,6.0159953e-05,0.00028104387,0.00039177173,0.00013491217,0.99732023,0.00023945236,0.00024144827,0.00015742057,0.00014194012
syn-0294,0,2,1,1,1,0.00018652613,0.9975364,7.786964e-05,0.00020717249,0.00022642616,0.00025657448,0.00029216005,0.00026381575,0.0002867191,0.00020849174,0.00016695618,0.00029087896
syn-0295,0,2,1,10,10,0.00031654534,0.00019575731,0.00015425305,0.00019361843,0.00016875335,7.714782e-05,0.00031967124,0.00014455398,0.00015622383,7.639809e-05,0.9979882,0.00020884094
syn-0297,0,2,1,11,11,0.000109879475,0.00044372826,0.00020209928,0.00013728242,0.00033762728,0.00034724092,0.0001608132,0.00020943292,0.00011811392,0.0004895686,0.00028542345,0.99715877
syn-0298,0,2,1,7,7,0.00028610154,0.00029786193,0.0005233386,5.3234475e-05,0.00029138848,0.00053876603,0.0001254777,0.99709046,0.00024233745,0.00023090154,0.00016127397,0.00015877365
syn-0308,0,2,1,3,3,0.00027268482,0.00018262552,0.00060056295,0.99691236,0.00024683183,0.00051231094,0.00043013392,5.3433283e-05,3.863718e-05,0.00032876013,0.00024383706,0.00017778629
syn-0313,0,2,1,11,11,0.00045969014,0.016524242,0.00065590855,0.0024203938,0.00266478,0.0024621133,0.116735026,0.0015951024,0.00069548894,0.0013262662,0.020068765,0.8343922
syn-0314,0,2,1,8,8,0.00023602963,0.00019212512,7.0661634e-05,2.6224438e-05,0.00012425748,0.00021829172,0.00026943916,0.00019002592,0.998058,0.00039857,0.00014820928,6.8154e-05
syn-0325,0,2,1,4,3,0.00023760438,0.00018058345,0.0004088837,0.9968982,0.00029599236,0.00063679443,0.0004920165,5.594214e-05,3.497353e-05,0.00038788904,0.0002085619,0.00016258688
syn-0336,0,2,1,0,0,0.9970402,0.0003409833,0.00024554113,0.0003307345,0.00041261184,0.00043344405,8.4981126e-05,0.00022797719,0.00023190677,0.00018725444,0.0003504357,0.000113908776
syn-0343,0,2,1,8,8,0.00047530726,0.00027612966,0.00011928494,5.0262403e-05,0.00014744117,0.00033931376,0.0003097039,0.00056949357,0.99240077,0.004498044,0.00060999935,0.00020430234
syn-0346,0,2,1,6,6,5.194141e-05,0.0002679342,0.00013250759,0.00030095247,0.00027162253,0.00015461478,0.99788934,0.00012557823,0.0002769798,0.00018504966,0.00017105941,0.00017248525
syn-0348,0,2,1,9,9,0.00013919816,0.00024441973,0.00011929528,0.0003967324,8.352588e-05,0.00012911498,0.00023118606,0.0002692959,0.00044632374,0.9973448,0.00016194647,0.00043422694
syn-0358,0,2,1,2,2,0.00031892487,0.00010560767,0.99754375,0.00043318016,0.00018444442,7.6737844e-05,0.0001333703,0.0005637076,0.000160483,0.00012310669,0.00017548325,0.00018105368
syn-0366,0,2,1,9,9,0.00014111574,0.00024181056,0.00011988039,0.00064885884,9.8130586e-05,0.00015258249,0.0002487566,0.00016498101,0.00030814987,0.9963811,0.0002039234,0.0012907248
syn-0369,0,2,1,6,6,4.8222864e-05,0.00030262762,0.00011579365,0.00038027574,0.0002320893,0.0002912474,0.997825,0.0001331476,0.00023095882,0.00014839187,0.00015355153,0.00013872227
syn-0370,0,2,1,9,9,0.00013279625,0.00023581197,0.000121741745,0.00045739202,9.073622e-05,0.00015677811,0.00019501829,0.00021554957,0.00041558413,0.99713767,0.00016910421,0.00067176577
syn-0373,0,2,1,11,11,0.00011516002,0.00032558688,0.00020954855,0.00017287568,0.00035299006,0.00035916214,0.00018483568,0.0001438799,0.00010967205,0.0005110334,0.00029306803,0.9972223
syn-0374,0,2,1,8,8,0.0014613691,0.00036877097,0.00013136101,7.2332215e-05,0.0013292929,0.00038346119,0.0015632336,0.00023394772,0.9931265,0.00027125163,0.0009467612,0.00011159357
syn-0381,0,2,1,8,8,0.00021725663,0.00019839477,7.065354e-05,2.5915946e-05,0.00010836689,0.00020137151,0.0002995966,0.00024221938,0.9979438,0.00042880868,0.00019470003,6.888218e-05
syn-0396,0,2,1,3,3,0.00017960981,0.00018013679,0.00043540858,0.99686325,0.00021995512,0.0005508113,0.000523347,5.8796813e-05,3.89383e-05,0.0005979,0.00018694713,0.00016489973
syn-0397,0,2,1,1,1,0.00016989339,0.9978855,0.00010574707,0.00018209111,0.00015333608,0.0001259462,0.00026230223,0.00022364804,0.00027069467,0.00020264198,0.00019449863,0.00022364804
syn-0401,0,2,1,11,11,0.00037640202,0.016707726,0.00027084758,0.0006561057,0.0023777725,0.0013075324,0.0007890994,0.0004786129,0.00021784478,0.00076295633,0.0012110425,0.97484404
syn-0406,0,2,1,4,4,0.001348213,0.0002911447,0.00024113184,0.00031357523,0.99552697,0.0002904348,0.00032558935,0.0002263013,0.0001497953,0.000100764424,0.00089438376,0.00029157154
syn-0415,0,2,1,1,11,0.00015216912,0.003963006,0.00016728837,0.0003611345,0.0005628977,0.0007161006,0.0011514719,0.00023362179,0.00026446977,0.0009901196,0.00066277,0.9907748
syn-0416,0,2,1,2,2,0.00031614298,0.00010864432,0.99757177,0.0004620112,0.00019721032,7.964127e-05,0.00012714218,0.000526411,0.00013041173,0.000111329406,0.000178513,0.00019086301
syn-0426,0,2,1,10,10,0.00029736874,0.00015737805,0.00018693668,0.00017729083,0.0001410039,9.03746e-05,0.00022231824,0.00019296489,0.00019552572,8.109042e-05,0.99802506,0.00023270327
syn-0427,0,2,1,5,5,0.0008267628,0.00037658392,0.00018751809,0.0019959302,0.033536803,0.95925707,0.0012960841,0.0004863849,0.0005598256,0.0002533208,0.0005003564,0.00072340766
syn-0439,0,2,1,6,6,5.338e-05,0.00023449087,0.00013185898,0.00026070085,0.00022331614,0.0001584322,0.9978654,0.00013096067,0.00041290294,0.00020532706,0.0001642615,0.00015905227
syn-0443,0,2,1,7,7,0.00022421799,0.00023786438,0.0005393174,6.1417624e-05,0.0002674381,0.0002608605,0.00011407287,0.9975019,0.00022886368,0.00023383388,0.00018398695,0.00014618666
syn-0444,0,2,1,5,5,0.00027268706,0.000452227,0.00020028293,0.002590343,0.002019332,0.95966583,0.031703558,0.00061480986,0.0008998,0.00041377277,0.00037637664,0.0007909749
syn-0449,0,2,1,11,11,0.00010333696,0.0002892502,0.00022714595,0.00016440792,0.00032220958,0.00031244874,0.00019062341,0.00016954397,0.00011607147,0.0004604325,0.00035155297,0.99729294
syn-0453,0,2,1,1,1,0.00028803112,0.9969766,0.00017249586,0.0003152609,0.0002684745,0.00012669459,0.00034802608,0.00035567096,0.00029688413,0.00029000684,0.0003111319,0.00025073503
syn-0456,0,2,1,11,11,0.00010281503,0.00029845088,0.00019615941,0.0002197954,0.00037324618,0.0003539004,0.00020022373,0.00011469846,8.811429e-05,0.00044009692,0.00049987214,0.99711263
syn-0460,0,2,1,8,8,0.0046645254,0.009546481,0.00045441283,0.00040337452,0.0043840567,0.00089405186,0.16529556,0.0007692171,0.80885994,0.001186742,0.0029559182,0.00058576127
syn-0465,0,2,1,7,7,0.0027603502,0.0062502306,0.0024111497,0.0006773619,0.004756085,0.004859373,0.0008886381,0.97260845,0.0012816468,0.0018973907,0.00086551346,0.00074393646
syn-0471,0,2,1,5,5,0.00044242703,0.00061394926,0.00020275576,0.00053366885,0.00082173356,0.9611342,0.00045027284,0.0017218633,0.00057816174,0.00055087823,0.0006980776,0.03225209
syn-0481,0,2,1,9,9,0.00013333243,0.0002264741,0.00013662768,0.00040499243,9.454686e-05,0.00014515562,0.00020823065,0.00026750402,0.0004337516,0.9972606,0.00016384163,0.0005249636
syn-0482,0,2,1,1,3,0.0055980403,0.130297,0.003188694,0.83320963,0.004032856,0.0011361315,0.016165875,0.0005252635,0.00034112853,0.0022407894,0.002315309,0.00094927335
syn-0486,0,2,1,1,1,0.0001599403,0.99757427,0.00014908076,0.00022632422,0.00013720557,9.265679e-05,0.00047370538,0.00024198195,0.00021490816,0.00021178304,0.00026837323,0.0002497852
syn-0490,0,2,1,7,7,0.000188684,0.00022759633,0.00053072994,6.803717e-05,0.00030440075,0.00037765547,0.0001677371,0.9973206,0.00024334206,0.00027386416,0.00014235663,0.00015513145
syn-0009,0,2,2,8,8,0.0002731426,0.00013629046,0.000109352164,1.9377349e-05,0.000109726556,0.00026967633,0.00023677149,0.00015271263,0.9982052,0.00026693745,0.00015391037,6.697632e-05
syn-0010,0,2,2,9,9,0.00014113488,0.00020137822,0.00012589626,0.000331652,0.000105190265,0.00015402553,0.00020196907,0.00030489877,0.00047826982,0.9974899,0.00010663829,0.00035890788
syn-0022,0,2,2,10,10,0.00097245845,0.0027912376,0.0006254186,0.008286688,0.0008481934,0.00059677864,0.001864422,0.00042566622,0.00036125825,0.0013660399,0.7503274,0.23153439
syn-0026,0,2,2,10,10,0.0001934398,0.00018207513,0.00015869249,0.00019977523,0.0001041239,5.4655524e-05,0.00036978268,0.00015846019,0.0001656599,7.536473e-05,0.9980416,0.00029633185
syn-0038,0,2,2,5,5,0.0004506954,0.0001426684,0.00012990106,0.005507375,0.00062093494,0.99172664,0.00016728565,0.0003423273,0.00022118504,0.0002660196,9.2926806e-05,0.00033211915
syn-0039,0,2,2,1,1,0.0009706672,0.99704784,0.00014683534,0.00018798874,7.975507e-05,0.00019672213,0.00023372743,0.00020505868,0.0001926348,0.00018863239,0.00020485853,0.0003453424
syn-0048,0,2,2,11,11,0.00013121306,0.00047244792,0.0001621848,0.00017969763,0.0003595593,0.00033530977,0.000102388614,0.00016029531,0.00012350424,0.0008248498,0.00028492132,0.9968637
syn-0050,0,2,2,4,4,0.00026916896,9.84913e-05,0.00029175248,0.000536746,0.9971181,0.00018018285,0.0005208674,0.0003263885,9.0734444e-05,0.00012946437,0.00012745721,0.0003105689
syn-0085,0,2,2,3,1,0.0002719663,0.99768984,0.0001879262,0.00023444962,6.0951144e-05,8.5202744e-05,0.00051015086,0.00016633086,0.00014185414,0.00016144973,0.00023919047,0.0002509144
syn-0094,0,2,2,1,1,0.00017177199,0.9966785,0.0001927516,0.00021830953,9.495417e-05,0.00010157294,0.0012612017,0.00020974131,0.00014492929,0.0001450709,0.0003071901,0.0004740461
syn-0097,0,2,2,10,10,0.00020284219,0.00024259258,0.00013852914,0.0003102901,8.8183566e-05,7.253782e-05,0.00026734805,0.00012231125,0.00016426663,9.286793e-05,0.99789655,0.00040163103
syn-0103,0,2,2,11,11,0.00014458998,0.0003934443,0.00018821293,0.00014388569,0.00038739183,0.00021285705,0.00010373824,0.00014976363,0.000116408446,0.0005266976,0.00037071377,0.99726236
syn-0114,0,2,2,4,4,0.00053494563,0.0001578596,0.0004649958,0.0053254943,0.99038273,0.00027116344,0.0015287626,0.00032438172,0.00011381311,0.00021852521,0.0002781366,0.00039919117
syn-0129,0,2,2,11,11,0.00014779199,0.00040134814,0.00018995407,0.00023942199,0.00037428032,0.00017602225,0.000118522476,0.00013575405,0.00012240426,0.001039494,0.0003481019,0.9967069
syn-0137,0,2,2,8,8,0.00032497488,0.00014989637,0.00010988093,1.9452042e-05,0.000114313894,0.00032354993,0.0002254335,0.00012771331,0.9981463,0.00025478008,0.0001352879,6.8426794e-05
syn-0140,0,2,2,11,11,0.00016316432,0.00032952055,0.00020001076,0.00017841518,0.00043733054,0.00024315124,9.6766125e-05,0.00015660744,0.00012831955,0.0008074483,0.00023406473,0.9970252
syn-0141,0,2,2,2,2,0.0002983481,0.00016842382,0.99749964,0.00041315483,0.00021426343,8.468882e-05,0.0001443422,0.00042383117,0.0002260864,0.00014647214,0.00017199747,0.00020878967
syn-0143,0,2,2,1,1,0.00026877105,0.99759054,0.00016421625,0.00016876847,5.614524e-05,7.344204e-05,0.00070846325,0.00016214464,0.00016639553,0.00015306636,0.00025527625,0.0002328292
syn-0144,0,2,2,9,9,0.0001454767,0.00020465479,0.00011908299,0.0003282373,0.00010116317,0.00015653165,0.00016949917,0.00024362767,0.00038420528,0.9975164,0.00010356219,0.0005276041
syn-0153,0,2,2,4,4,0.001075763,9.473637e-05,0.00014933261,0.00024886694,0.99536383,0.0019084137,0.00019476644,0.00027179634,0.00016400979,0.000109896115,8.864962e-05,0.00032993665
syn-0154,0,2,2,1,1,0.0002642553,0.99797934,0.00015508241,0.0001602398,6.00236e-05,0.00010452491,0.00028510092,0.00017823746,0.0001574477,0.00017024153,0.00020069155,0.00028482266
syn-0160,0,2,2,5,5,0.00028229144,0.000132566,8.685405e-05,0.0004960421,0.00028673687,0.99735487,0.00015043718,0.00027534852,0.00045859598,0.00013933559,9.29082e-05,0.00024406443
syn-0163,0,2,2,4,4,0.00030756512,8.656496e-05,0.00017988907,0.00018316857,0.99792576,0.00017198695,0.00030291692,0.00020569071,0.000120948855,0.0001045193,0.00010411181,0.00030686197
syn-0164,0,2,2,8,8,0.011507203,0.009985434,0.00077432994,0.0010358873,0.0024202992,0.001275408,0.08407781,0.0009061679,0.6212557,0.0012766542,0.26408577,0.0013993945
syn-0165,0,2,2,8,8,0.00024200126,0.00012264028,0.00010844126,2.3497916e-05,0.00012384378,0.00019717841,0.00059140293,0.00017558831,0.9976539,0.00028356782,0.0003977283,8.027252e-05
syn-0171,0,2,2,6,6,4.4164033e-05,0.0003703682,0.00013197828,0.00030903894,0.0003274478,0.00011332882,0.9977932,0.00012182178,0.0003584477,0.00021120983,0.000140353,7.8577286e-05
syn-0172,0,2,2,10,10,0.0002116895,0.00020810249,0.00013380457,0.00024770165,0.00010995722,6.031045e-05,0.00032909412,0.000118834054,0.00017113866,9.7226606e-05,0.9978643,0.00044770926
syn-0178,0,2,2,9,9,0.0006700026,0.0012832921,0.0004704859,0.0013455355,0.0006621969,0.0005112066,0.00042463376,0.000643078,0.0009288449,0.79678196,0.0017801528,0.19449857
syn-0179,0,2,2,1,1,0.00031136468,0.9978442,0.0001512477,0.00016798914,5.9781498e-05,8.521593e-05,0.00039800908,0.00017468107,0.00014977786,0.00013590895,0.0002973602,0.00022440447
syn-0183,0,2,2,4,4,0.0003612721,7.854177e-05,0.0001336693,0.00024954427,0.9973423,0.0007998557,0.00022682468,0.00022070648,0.00011779007,8.882583e-05,8.15908e-05,0.00029913973
syn-0186,0,2,2,3,3,0.0001847643,0.00018189978,0.00037113292,0.997324,0.0003071265,0.0004663154,0.0003049597,0.000100356556,3.148621e-05,0.00034545918,0.00024033179,0.00014221817
syn-0188,0,2,2,10,10,0.0002233074,0.00023419561,0.00014841018,0.0002298622,0.000108050335,5.4013704e-05,0.00022492152,0.00011913454,0.00013251539,8.390352e-05,0.9979481,0.0004935579
syn-0193,0,2,2,11,11,0.00016159663,0.0005427181,0.0001911526,0.00019625979,0.00037179972,0.0002578527,0.00014067208,0.0001832919,0.0001322783,0.0003985908,0.0012611646,0.99616265
syn-0197,0,2,2,11,11,0.00017105081,0.00038958446,0.00018896654,0.00024334976,0.0004239754,0.00028771782,0.00010693638,0.00014645045,0.00012453388,0.0013395193,0.00019939363,0.9963785
syn-0210,0,2,2,0,0,0.9807976,0.0005477873,0.00042578473,0.00046946332,0.014661737,0.00055073743,0.00022327989,0.0004848389,0.00060871843,0.000395714,0.0004259927,0.0004082753
syn-0218,0,2,2,8,8,0.00029922972,0.00016981052,0.00010754358,1.8597244e-05,0.00010014379,0.00027399798,0.00025173073,0.0001326042,0.99812955,0.0002631602,0.00018495868,6.855942e-05
syn-0225,0,2,2,7,7,0.00077745464,0.0006682472,0.0008711332,0.00031766767,0.0011199232,0.0023587535,0.0004708598,0.98756534,0.00089005136,0.0006820929,0.0016586031,0.0026198411
syn-0239,0,2,2,6,6,5.1334886e-05,0.00031724034,0.00015866397,0.0003286318,0.00034545577,9.618758e-05,0.9978623,0.00012484119,0.00023300637,0.00015827706,0.00024514433,7.896736e-05
syn-0240,0,2,2,6,6,8.9811525e-05,0.00041034585,0.000116907744,0.00072724686,0.00089956605,0.00020358276,0.9966614,9.393801e-05,0.0002870977,0.0001734547,0.00023731608,9.931525e-05
syn-0242,0,2,2,0,0,0.9974826,0.00024373838,0.00024830308,0.00025245972,0.0003428462,0.0002671719,7.725948e-05,0.00018264077,0.0003193728,0.00017478837,0.0002947233,0.00011418211
syn-0247,0,2,2,3,3,0.00022691101,0.00021757981,0.00041709855,0.996748,0.0003791241,0.0003619836,0.0007023563,9.376286e-05,2.8876684e-05,0.00036544667,0.00032790436,0.00013106977
syn-0261,0,2,2,5,5,0.00027132378,0.00012452474,8.182497e-05,0.00040287952,0.00043959636,0.99727875,0.0001723797,0.00022166439,0.0005007495,0.00015406814,8.008576e-05,0.0002721863
syn-0262,0,2,2,10,10,0.00025221767,0.00017489813,0.0001944947,0.00019096579,0.000104538485,6.157515e-05,0.00018910997,0.00018736365,0.00019204113,7.937351e-05,0.998109,0.00026451555
syn-0263,0,2,2,0,0,0.9971595,0.00025398502,0.00034953764,0.00022811582,0.00041518756,0.0002267831,7.92206e-05,0.0002000377,0.00045157678,0.0001975142,0.00030778884,0.0001307403
syn-0278,0,2,2,9,9,0.0001374926,0.0002356021,0.00013196735,0.00042849922,0.00010348126,0.00014352925,0.00016058824,0.00021662333,0.00028232322,0.9967368,0.00017706199,0.0012459728
syn-0280,0,2,2,0,0,0.9974874,0.0002348603,0.00022741224,0.00022919585,0.00038458122,0.00025562404,8.0730766e-05,0.00018371496,0.00036004785,0.00017334435,0.00027883545,0.00010426953
syn-0282,0,2,2,7,7,0.00046539237,0.00027684882,0.00046533556,0.000109479486,0.00060629175,0.0015054258,0.00017752929,0.99547136,0.0001938387,0.00028148334,0.00015651612,0.0002905604
syn-0288,0,2,2,9,9,0.00013813317,0.00020990925,0.00014154708,0.00035050348,0.00010768333,0.00015783009,0.00021541236,0.00032535204,0.00040667798,0.9974765,0.00012614069,0.0003443961
syn-0290,0,2,2,0,0,0.99720144,0.000205692,0.00027814365,0.00021461815,0.00046518503,0.00026840396,6.849567e-05,0.00020539093,0.00038273836,0.0001982956,0.00036861544,0.00014289672
syn-0291,0,2,2,1,1,0.00023325707,0.9979608,0.00016363674,0.00016228405,6.278029e-05,9.799864e-05,0.00028782315,0.00020675524,0.00014065103,0.00016268074,0.00021678345,0.00030459615
syn-0293,0,2,2,0,0,0.9339349,0.0012464083,0.0010282757,0.0066725393,0.025854707,0.013866083,0.005060115,0.0003564052,0.010385217,0.0003341584,0.00090126804,0.00035990274
syn-0301,0,2,2,3,3,0.0001877425,0.00019228856,0.00036850295,0.99720144,0.00033391186,0.00046398703,0.00033817798,9.100826e-05,2.9632742e-05,0.00029898796,0.00034442724,0.00014975447
syn-0322,0,2,2,2,2,0.000412395,0.00014654224,0.9970029,0.0005643657,0.00021021976,9.75229e-05,0.00011072396,0.00067859766,0.00017233203,0.00014384824,0.0002139477,0.00024649288
syn-0323,0,2,2,7,7,0.00015547831,0.00020218873,0.0004194857,8.9109475e-05,0.0002640904,0.00029728748,0.0001517284,0.99760014,0.00019217767,0.00028527106,0.00017886709,0.00016421782
syn-0329,0,2,2,8,8,0.00022882636,0.000112821865,0.000110801884,1.9076677e-05,0.00010977869,0.00028708263,0.00025724893,0.00014822916,0.9981919,0.00032261814,0.0001413032,7.018965e-05
syn-0330,0,2,2,0,0,0.99736494,0.00024287804,0.00019458709,0.000233004,0.00037693535,0.00044285264,7.429096e-05,0.00019716943,0.00032955236,0.00017163868,0.00025961763,0.00011250844
syn-0334,0,2,2,6,6,5.053105e-05,0.00023217472,0.0001498301,0.00039277898,0.00031719034,0.00010749784,0.99770504,0.00014607373,0.00023617667,0.00014338834,0.00044699622,7.224115e-05
syn-0335,0,2,2,3,11,0.00018014092,0.00034301783,0.0001871341,0.0002894147,0.0005169777,0.00021329682,0.00011267428,0.00012159223,0.000103597864,0.0007368843,0.0003092106,0.9968861
syn-0349,0,2,2,5,5,0.00023661157,0.00012453343,8.9435656e-05,0.00035217384,0.00033899245,0.9973483,0.00013491597,0.0003898328,0.0003736172,0.0001508039,8.882637e-05,0.00037191933
syn-0359,0,2,2,4,4,0.00026749092,8.099468e-05,0.000175275,0.00034844832,0.9978206,0.00024168739,0.00030498122,0.00019439103,9.133195e-05,0.000101095255,8.689461e-05,0.00028669575
syn-0367,0,2,2,4,4,0.00029801045,7.375629e-05,0.00019276266,0.00021688765,0.99795306,0.00017928019,0.00025756046,0.00021031739,0.00010647964,9.9249926e-05,0.00010868585,0.00030396236
syn-0384,0,2,2,1,1,0.00033534682,0.99782604,0.00019278517,0.00017129933,5.255035e-05,9.552882e-05,0.00039316245,0.00014410769,0.00021717795,0.00016733116,0.0001906322,0.00021401983
syn-0388,0,2,2,5,5,0.0015764475,0.0006891615,0.00036316254,0.054427024,0.0005797656,0.93506014,0.00044932263,0.0037750127,0.00048773506,0.0003678024,0.0012592339,0.00096525234
syn-0393,0,2,2,2,2,0.0005193275,0.00031048342,0.99587065,0.0009237695,0.00040593653,0.00011900269,0.00049699977,0.00042334566,0.00027668956,0.00021380911,0.00018905476,0.00025094653
syn-0407,0,2,2,6,6,4.8659225e-05,0.00035727068,0.00016269425,0.00093350187,0.0004541479,0.00012572037,0.99706954,0.00014598068,0.00020227862,0.00025396212,0.0001481348,9.8102544e-05
syn-0409,0,2,2,10,10,0.0009794631,0.0011420373,0.0005797462,0.0017224246,0.00048581732,0.00018766544,0.0005668698,0.00033750315,0.00041029952,0.004145902,0.9460507,0.04339156
syn-0411,0,2,2,2,2,0.00028734797,0.00019633741,0.9975303,0.00034732788,0.0001880797,7.711242e-05,0.0001393601,0.000505174,0.00024662327,0.00016525196,0.0001477697,0.00016925341
syn-0414,0,2,2,5,4,0.00036893456,7.698439e-05,0.00014166512,0.00019943871,0.9978211,0.00037123857,0.00021643582,0.00021659442,9.952796e-05,9.904317e-05,8.706453e-05,0.00030202675
syn-0417,0,2,2,7,7,0.0034638913,0.0022917294,0.0030316038,0.0019373827,0.00719825,0.033187002,0.009514039,0.9191481,0.006068938,0.0020027896,0.00789151,0.0042648218
syn-0423,0,2,2,9,9,0.0001208451,0.00019894824,0.00013376333,0.00031116098,0.0001032634,0.00014336703,0.00019788255,0.00029445748,0.00039144032,0.9975567,0.00013246342,0.00041566364
syn-0431,0,2,2,3,3,0.00024896764,0.00019503564,0.00037957236,0.9972263,0.00028342896,0.00047645377,0.00031014794,9.5471405e-05,3.179209e-05,0.0002950795,0.0003214809,0.00013622332
syn-0433,0,2,2,5,5,0.00021042224,0.00012982741,0.0001626811,0.0005037725,0.0018027442,0.99504364,0.00019000784,0.0010332089,0.0003144193,0.00016000264,8.325182e-05,0.0003659815
syn-0436,0,2,2,6,6,4.2806983e-05,0.00038811087,0.00013750956,0.00031086765,0.00030314788,0.000109525165,0.99783367,0.00012892621,0.00031238928,0.00020263145,0.00014970315,8.060122e-05
syn-0440,0,2,2,1,1,0.00051614264,0.9966589,0.00017227257,0.00015609193,8.43699e-05,0.00016648385,0.0005256565,0.00016278613,0.0008800135,0.00019013051,0.00024318062,0.00024401322
syn-0450,0,2,2,10,10,0.00024301822,0.00020723112,0.00019658606,0.00021401823,9.935778e-05,5.5571618e-05,0.00015343816,0.00018413526,0.00015209548,7.5219235e-05,0.9980623,0.00035701576
syn-0451,0,2,2,8,8,0.0003255791,0.00014216553,8.853159e-05,2.0420975e-05,0.00010820667,0.00056668563,0.00023571121,0.00012053656,0.9979291,0.00022701356,0.00016907325,6.6827146e-05
syn-0458,0,2,2,6,6,4.2065647e-05,0.0002806018,0.00014272377,0.00029342272,0.00031112914,0.00011378932,0.9979418,0.00015001209,0.00028592668,0.00016866311,0.00019177471,7.8053585e-05
syn-0461,0,2,2,2,2,0.0002730536,0.0001397689,0.9975297,0.00035413489,0.00020971552,7.840325e-05,0.00012226628,0.00057229714,0.00022258794,0.00012443449,0.00018399207,0.00018973993
syn-0463,0,2,2,11,11,0.00014713217,0.00038887394,0.00023730796,0.00015434386,0.0004816482,0.0002543458,0.00010211473,0.00018328786,0.00012683586,0.00041714992,0.00039292988,0.99711406
syn-0472,0,2,2,8,8,0.00023181626,0.00013088118,0.00012016197,1.9760102e-05,0.000112386755,0.0002202307,0.000259143,0.00016082946,0.9982339,0.00025556562,0.00017789163,7.754453e-05
syn-0476,0,2,2,7,5,0.00082911487,0.000210865,0.00020537773,0.00028126687,0.0006607456,0.9908279,0.00016534826,0.0047805547,0.0013320572,0.0003412664,0.000100976715,0.00026448394
syn-0478,0,2,2,2,10,0.004064765,0.001609762,0.36429405,0.010082519,0.0016722538,0.0008942192,0.0035574895,0.07103663,0.0023490617,0.0010691957,0.5373412,0.0020289768
syn-0488,0,2,2,10,10,0.00025542217,0.00017753152,0.00015867269,0.00020558851,0.00012582724,6.060886e-05,0.00018006327,0.00015416676,0.00019536144,9.563089e-05,0.9979171,0.00047394045
syn-0492,0,2,2,6,6,4.0608513e-05,0.0002674647,0.00014609416,0.0002803006,0.00039290587,0.00011500705,0.9978446,0.0001657081,0.00029961937,0.00019363784,0.00016393757,9.018195e-05
syn-0493,0,2,2,8,8,0.00026019107,0.00010247387,0.000105468935,1.9643616e-05,0.0001346336,0.00030731535,0.00025498337,0.00014550258,0.998181,0.00029081828,0.0001284683,6.9574686e-05
syn-0002,0,2,3,1,1,0.00027049572,0.99763906,0.00014060568,0.00018976074,0.0001797496,0.00014295944,0.0002889976,0.00016310543,0.0002031863,0.00022055666,0.00026178965,0.00029970397
syn-0005,0,2,3,11,11,0.0001367327,0.000415346,0.00016557665,0.00017859449,0.0003015825,0.00034165432,0.00013780511,0.00026718728,0.000100918885,0.0005308467,0.00037063597,0.997053
syn-0025,0,2,3,8,8,0.00022603119,0.00016468305,0.00011536092,3.514875e-05,0.00011159347,0.00027567436,0.0002856343,0.00021578583,0.9979868,0.00035386492,0.00016991064,5.949881e-05
syn-0027,0,2,3,4,4,0.00037322156,0.00023334233,0.00020794471,0.00016068722,0.99735117,0.000370046,0.00029895987,0.0003333917,0.00017332066,0.00010415353,0.00016123739,0.00023243262
syn-0033,0,2,3,5,5,0.00028647642,0.00015476898,0.00014257985,0.00047896776,0.00040515707,0.9969355,0.00018325503,0.000372179,0.00037077325,0.00020735119,9.350616e-05,0.00036950814
syn-0035,0,2,3,9,9,0.00029505542,0.0004464046,0.0001768752,0.0013223466,0.000109503046,0.00018883511,0.00029275927,0.000195401,0.00037867372,0.99374264,0.0013152632,0.0015361976
syn-0040,0,2,3,4,4,0.000368738,0.0003213051,0.00024306729,0.00020229856,0.99716777,0.0003163237,0.00031539836,0.00028956714,0.0001738821,0.00013138133,0.00020578552,0.000264492
syn-0051,0,2,3,3,3,0.00021385902,0.00021074916,0.00048635644,0.99658966,0.00022676421,0.00052837015,0.00043571444,0.00011111124,4.9595063e-05,0.0006144557,0.00033472694,0.00019875538
syn-0054,0,2,3,5,5,0.00028430263,0.00014510126,0.00014926934,0.00046222634,0.00038252433,0.99688715,0.00019345204,0.00040210734,0.00039471514,0.00021591672,0.00011179756,0.00037148016
syn-0056,0,2,3,8,8,0.00023307836,0.00019367744,0.00010763993,3.8380196e-05,0.0001229887,0.00024681172,0.0002690915,0.00016967244,0.99804866,0.00028657756,0.00022488926,5.8465695e-05
syn-0058,0,2,3,9,9,0.00023047141,0.0002601402,0.00014786198,0.00033256193,8.2377985e-05,0.00016430886,0.00018911835,0.0002475013,0.0005155223,0.9971789,0.0002465364,0.00040478632
syn-0062,0,2,3,7,7,0.0003355466,0.00020647205,0.0006738627,0.00011165558,0.00039595008,0.00040642978,0.00024328353,0.9965939,0.0002933127,0.00031637333,0.000144917,0.0002782458
syn-0064,0,2,3,6,6,0.00017607411,0.0010911655,0.00018651696,0.00039951087,0.0023227215,0.00014582809,0.9921442,0.00031388603,0.0007234207,0.00015148922,0.0019828526,0.0003623406
syn-0065,0,2,3,11,11,0.00014343308,0.00042062227,0.00017798314,0.00019207016,0.00035396175,0.00029173022,0.00014856532,0.00026240063,9.877275e-05,0.00035275397,0.0005157033,0.997042
syn-0067,0,2,3,5,5,0.0002907729,0.00015192282,0.00014753653,0.0004954069,0.0003778531,0.99692935,0.00018478137,0.0003841315,0.0003515535,0.00020928253,9.507088e-05,0.00038240044
syn-0068,0,2,3,10,10,0.00028384876,0.00032132881,0.00028102164,0.00039946102,0.00013381902,7.296961e-05,0.0006957051,0.00013342754,0.00020088615,0.00017419238,0.99699795,0.00030541874
syn-0080,0,2,3,3,3,0.00019183506,0.00022714333,0.00047330628,0.99679464,0.00023287076,0.0005226726,0.0004422349,0.00011376957,5.5338667e-05,0.00044337672,0.00030283222,0.00020006216
syn-0100,0,2,3,2,2,0.00033158538,0.00013489157,0.9971679,0.00047922012,0.00022250721,0.000111829046,0.00013958183,0.0006320098,0.000180456,0.00014556797,0.00028058962,0.00017405201
syn-0112,0,2,3,4,4,0.0005488368,0.00015628756,0.00021857883,0.00018218413,0.99693394,0.00059473945,0.00030015095,0.00034640066,0.00018769213,0.000118781245,0.00016693684,0.00024551497
syn-0117,0,2,3,6,6,0.00017589823,0.0019133756,0.00016621212,0.0011335682,0.002992576,0.00015860071,0.99115306,0.00021509448,0.00044026904,0.00019931879,0.0009939496,0.00045803096
syn-0123,0,2,3,10,10,0.00027339437,0.00028255527,0.00025167826,0.00023915843,0.00013811048,6.338615e-05,0.00022921164,0.00010667141,0.00019997075,0.00015452543,0.9977997,0.00026157624
syn-0124,0,2,3,6,6,0.0001301264,0.0046639023,0.0001641742,0.00058704294,0.00036281635,0.00015377621,0.99247724,0.00021266477,0.0002929581,0.0001986129,0.00049943477,0.00025727533
syn-0125,0,2,3,9,9,0.0002616936,0.00029842602,0.00014034835,0.0003379134,7.2174626e-05,0.00017466635,0.00018412445,0.0001954261,0.0006190948,0.99678624,0.00047207612,0.00045788713
syn-0135,0,2,3,0,0,0.9972319,0.00030698566,0.0002848874,0.00023594942,0.00035506784,0.0002632206,0.0001404111,0.000227465,0.0002470315,0.0002552468,0.00033404434,0.00011766208
syn-0142,0,2,3,4,4,0.00069109775,0.0003553994,0.00034564428,0.0036441516,0.99184704,0.0012627719,0.00063565955,0.00027963804,0.0001763655,0.00021991953,0.00023341828,0.00030877636
syn-0145,0,2,3,2,2,0.00091858284,0.00012627436,0.9946406,0.0016994611,0.00037059773,0.00021521989,0.0001653374,0.0009988177,0.00016958918,0.00027553938,0.00025645498,0.00016357083
syn-0149,0,2,3,8,8,0.00022740608,0.00020161824,0.00012439549,4.1242198e-05,0.00013503003,0.00026463426,0.0002710091,0.00019098153,0.9977041,0.0005153533,0.00024534494,7.8954836e-05
syn-0150,0,2,3,3,3,0.0010893758,0.02568125,0.0013379938,0.96368176,0.0008630305,0.0010517428,0.0026982066,0.00025723776,0.00018930512,0.0015124485,0.0009204872,0.00071722636
syn-0152,0,2,3,3,4,0.0004424469,0.00023883885,0.0002523873,0.0002449808,0.99719656,0.0002612905,0.0003321621,0.0003039174,0.00014728813,0.00010913504,0.00020639526,0.00026456424
syn-0159,0,2,3,11,11,0.00014754896,0.00037834648,0.00017166196,0.00018166564,0.00034957178,0.00030238144,0.0001455454,0.0002764665,0.00010121095,0.00038229264,0.0005500207,0.99701333
syn-0162,0,2,3,9,9,0.00026758495,0.00026758495,0.0002042649,0.00035954788,8.457017e-05,0.0001745465,0.00018653099,0.00027580955,0.00048608892,0.99707544,0.00023672014,0.00038143076
syn-0168,0,2,3,1,1,0.00037287467,0.9973369,0.00019978045,0.00021898774,0.00021360179,0.00017682288,0.00027682647,0.00021204304,0.00025291633,0.00022983362,0.00028505657,0.00022439992
syn-0170,0,2,3,6,6,0.0005105497,0.2629262,0.000539248,0.0023810167,0.00221881,0.0006286005,0.720313,0.0006140389,0.0009594377,0.0009454859,0.002879778,0.0050838687
syn-0174,0,2,3,10,10,0.00027036385,0.00022362024,0.0002664323,0.0002364208,0.00016855032,5.81074e-05,0.00016130372,0.00013281446,0.00020133473,0.0001581066,0.9977615,0.00036149018
syn-0177,0,2,3,8,8,0.00020216462,0.00016764126,0.000107080865,3.904814e-05,0.0001537612,0.00025462583,0.00041304633,0.00025986985,0.9977247,0.0004013658,0.00019666355,7.996525e-05
syn-0182,0,2,3,6,6,6.680998e-05,0.0003565281,0.00015778407,0.00033920625,0.00026514332,0.00016311093,0.99767274,0.00024617722,0.00027597477,0.00016231644,0.00018028307,0.00011386979
syn-0184,0,2,3,2,2,0.00027881894,0.00016592232,0.99718493,0.0004320014,0.00022360017,0.000116854986,0.00015196178,0.0006151231,0.0002093362,0.00018240805,0.00026670124,0.00017236349
syn-0190,0,2,3,3,3,0.00038781474,0.0009968692,0.0004303211,0.99464095,0.00035070372,0.0009859771,0.0008064029,0.00012480328,5.935727e-05,0.00052736915,0.0003498486,0.00033941615
syn-0198,0,2,3,0,3,0.021112088,0.0011521649,0.001086595,0.69845396,0.009062479,0.26099318,0.0024331855,0.00083068403,0.0003788322,0.0016439656,0.0012312734,0.0016216426
syn-0201,0,2,3,0,0,0.997104,0.00031238954,0.00024151382,0.00023811805,0.00042190833,0.0002998359,0.00013240331,0.00028961932,0.00023649585,0.00028084576,0.0003036667,0.00013916456
syn-0204,0,2,3,1,1,0.00032522652,0.9975787,0.00012664737,0.00017344486,0.00017626226,0.00015838668,0.00025088643,0.00016041027,0.00023591626,0.00023846418,0.0002544643,0.0003212806
syn-0205,0,2,3,2,2,0.00026541844,0.00013850647,0.99724615,0.0004232582,0.0002143136,0.000120101686,0.00014402393,0.00065339805,0.00020489928,0.00016208866,0.00025301683,0.00017491767
syn-0206,0,2,3,8,10,0.00023755059,0.00027102648,0.00021153994,0.00019891754,0.00015288818,7.650255e-05,0.00033567546,0.00012588526,0.0004601882,0.00016923179,0.9974027,0.00035784848
syn-0215,0,2,3,10,10,0.00025854702,0.00028864137,0.00020027801,0.0002182506,0.00013845784,7.34985e-05,0.00019138676,0.00011953309,0.00033589426,0.00033464594,0.99738294,0.0004579376
syn-0221,0,2,3,11,11,0.0004350273,0.0007581101,0.0004007659,0.0003133384,0.00069738145,0.000313951,0.00028837906,0.00065914006,0.0006435568,0.0006255867,0.019806553,0.9750582
syn-0228,0,2,3,6,3,0.0002394829,0.00030258697,0.0003906218,0.994044,0.00049174705,0.0005235898,0.0025721707,0.00011367742,7.843507e-05,0.00040311986,0.0006415181,0.00019912083
syn-0244,0,2,3,3,3,0.0002556941,0.00026888258,0.00037937038,0.99605715,0.00023088758,0.00056135794,0.0007601999,0.0001066933,6.144857e-05,0.00037937038,0.0007418651,0.00019700707
syn-0251,0,2,3,10,10,0.00026580846,0.00022236255,0.00026412655,0.0002447547,0.00015534782,7.5415315e-05,0.00024601276,0.00012859935,0.00022133347,0.00014816156,0.9977367,0.0002913283
syn-0257,0,2,3,4,4,0.00035618187,0.00026491817,0.00022091552,0.00016209944,0.99731255,0.00036431703,0.0003233191,0.00029967906,0.00017934016,0.00012069759,0.00016465216,0.00023140445
syn-0258,0,2,3,3,3,0.00020225662,0.00021901213,0.00038287972,0.9964743,0.00022508336,0.0009999265,0.00044599548,0.00011142435,4.6222332e-05,0.00038862444,0.0002801208,0.00022409641
syn-0292,0,2,3,11,11,0.00014754495,0.00038953676,0.00018130626,0.00019177831,0.0003516165,0.00030355674,0.00014972217,0.00028356837,0.000101902435,0.0003502457,0.000562774,0.9969863
syn-0300,0,2,3,10,10,0.0002420974,0.00022932517,0.00024615013,0.00023602779,0.00016273503,5.643228e-05,0.00022053986,0.0001341894,0.00017062815,0.00014781063,0.9978066,0.00034753015
syn-0303,0,2,3,7,5,0.0005647475,0.00017230134,0.00022848521,0.00035216106,0.00073787454,0.99390924,0.00019467184,0.0024325754,0.00049614196,0.000273461,0.000113108385,0.0005252472
syn-0306,0,2,3,5,5,0.0007696707,0.00025963914,0.0003625916,0.0003317594,0.0016198736,0.9822234,0.00039512993,0.010847769,0.0018676519,0.00040174444,0.00016231944,0.00075847836
syn-0310,0,2,3,10,10,0.00026789508,0.00023249573,0.00022861199,0.00020101188,0.00014271286,6.120048e-05,0.00019516064,0.00012811452,0.00019110573,0.00014847038,0.9978655,0.00033768103
syn-0312,0,2,3,11,11,0.00014329837,0.0004199196,0.00015283856,0.00019577004,0.0003469589,0.00031421747,0.00012609042,0.00025408858,9.3610994e-05,0.0004915354,0.00038259794,0.997079
syn-0324,0,2,3,7,7,0.00057812146,0.0007434109,0.0006097242,0.00022364882,0.00040458038,0.00027029935,0.00080893736,0.9910908,0.002647228,0.0010841846,0.0010994867,0.00043959694
syn-0327,0,2,3,1,1,0.00030969572,0.99747545,0.0001312936,0.00017972011,0.00014704185,0.00015364774,0.00032124735,0.00015289933,0.00028067618,0.00025568338,0.00025295146,0.00033971923
syn-0339,0,2,3,7,7,0.00028014818,0.00020576296,0.0011188809,0.00012553496,0.00032985353,0.00022831559,0.00024150283,0.9965718,0.00024518618,0.00024735063,0.00016420883,0.0002413849
syn-0340,0,2,3,9,9,0.00021554483,0.00024930495,0.0001647805,0.00040495832,7.999452e-05,0.00016623516,0.0001534424,0.00022293058,0.0003971742,0.99711573,0.0002879307,0.000542012
syn-0341,0,2,3,8,8,0.00024153758,0.00018496734,0.000111696434,3.439979e-05,0.0001260752,0.00029453248,0.00026907664,0.00019684868,0.9979327,0.00038691942,0.00015759417,6.364272e-05
syn-0351,0,2,3,11,11,0.00013225895,0.0004254284,0.00014986903,0.00017945735,0.00034221707,0.00036921274,0.00012731647,0.0002789006,9.4521216e-05,0.0005700359,0.00034063336,0.9969901
syn-0355,0,2,3,5,5,0.001119201,0.0004584229,0.00079596083,0.0015320088,0.0018855537,0.92104197,0.0009090158,0.0668505,0.0013665947,0.0006321212,0.0016193094,0.0017893516
syn-0360,0,2,3,0,0,0.9971673,0.0003066662,0.0002562292,0.0003075659,0.00046289622,0.00027222233,0.00012150781,0.00021852329,0.00019162588,0.00027881403,0.00028598393,0.0001306137
syn-0364,0,2,3,4,4,0.0007006346,0.00041643184,0.00021699349,0.00019622881,0.98921996,0.0028003075,0.0014926884,0.0031577076,0.0009737595,0.0001479767,0.00024065947,0.00043662995
syn-0375,0,2,3,8,8,0.0002504796,0.00017922839,0.00010551737,3.821586e-05,0.00012318173,0.000242477,0.00029139617,0.00022310775,0.9976647,0.00057686376,0.00023495941,6.987908e-05
syn-0376,0,2,3,5,5,0.00023507627,0.0001546191,0.00013109544,0.00050543173,0.00043701608,0.9969432,0.00022332776,0.00037409496,0.0003879539,0.00019498025,8.7584616e-05,0.00032557527
syn-0385,0,2,3,5,4,0.00047732066,0.00023764315,0.00020287035,0.0001470525,0.99657416,0.00095796684,0.00023498925,0.00042734548,0.00017982094,0.000113744405,0.0001416955,0.00030551257
syn-0392,0,2,3,1,1,0.00028575558,0.9975883,0.00014748993,0.00018257095,0.00017497769,0.0001380138,0.0002644744,0.00016469767,0.00021501615,0.00024639687,0.00027757307,0.0003146851
syn-0405,0,2,3,8,8,0.00024134057,0.0001908928,0.000114238035,4.133389e-05,0.000116605,0.0002812788,0.00027304105,0.00018201781,0.9979711,0.00032266494,0.00020700991,5.851827e-05
syn-0410,0,2,3,10,10,0.00029589486,0.00029280482,0.0002377582,0.00022107463,0.00012804192,6.246362e-05,0.00019667586,0.00010984139,0.00019552682,0.00016871936,0.9977871,0.00030415307
syn-0418,0,2,3,0,0,0.9972681,0.00028995,0.00029422855,0.00021078966,0.0003304065,0.0002673754,0.00012057441,0.0002891018,0.00023722874,0.00025525605,0.0003123647,0.00012476684
syn-0420,0,2,3,2,2,0.00034158787,0.00012114448,0.99710256,0.0004605835,0.00024519704,0.000119382836,0.00013607345,0.00067982636,0.0002046698,0.00016786427,0.00025546303,0.00016574665
syn-0422,0,2,3,1,1,0.0002711326,0.9975496,0.0001604056,0.00019188666,0.00015699613,0.00014225034,0.00029366565,0.00017850903,0.00019376971,0.00023799195,0.00028819666,0.00033562243
syn-0428,0,2,3,8,1,0.00032143865,0.9975822,0.00014648426,0.00017125746,0.0001545672,0.00012789069,0.00025696238,0.00016909702,0.00021723093,0.00023294098,0.00031078933,0.00030919997
syn-0429,0,2,3,2,2,0.000379821,0.00021515111,0.98851377,0.0004923656,0.000324561,0.00016953501,0.00020812472,0.008602579,0.0003103037,0.00027224224,0.00026360864,0.00024787936
syn-0430,0,2,3,1,1,0.00027824997,0.99758255,0.0001267716,0.00018818145,0.00022390787,0.00013950358,0.00027447168,0.00016025432,0.00018159194,0.00022489401,0.00028029544,0.00033934123
syn-0435,0,2,3,10,10,0.00024954672,0.00022396546,0.00024192804,0.00024364698,0.00014645046,5.851053e-05,0.00017961017,0.00011993862,0.00018630961,0.00015796456,0.99783915,0.00035305752
syn-0445,0,2,3,6,6,7.125518e-05,0.00026930842,0.00016041928,0.00028667733,0.0002689142,0.00016486626,0.99763465,0.00025634927,0.00041772448,0.00017176894,0.00018883559,0.00010918298
syn-0447,0,2,3,7,7,0.0002869058,0.00018174613,0.00045766335,0.00010391038,0.0003762109,0.0003283774,0.00022552503,0.9969682,0.00029862628,0.0003328978,0.00014482992,0.00029514718
syn-0464,0,2,3,4,4,0.00049000577,0.00022016303,0.00020854796,0.00018557701,0.99731845,0.00027974273,0.00031776485,0.00029295322,0.00016241733,0.00011173676,0.00017811943,0.0002344768
syn-0469,0,2,3,9,9,0.00024045033,0.00026356775,0.0001715068,0.00037423964,9.508576e-05,0.00019875717,0.0002026773,0.0002876409,0.0005254002,0.9970854,0.00019132966,0.00036405626
syn-0474,0,2,3,0,0,0.9970975,0.00031823787,0.00031777204,0.00033760656,0.0004136442,0.0002658977,0.00013383238,0.00022533412,0.00016269882,0.00031299822,0.00028792545,0.00012646272
syn-0477,0,2,3,7,7,0.0023561458,0.0006876893,0.24507356,0.0052018757,0.003679688,0.0015020515,0.0026881762,0.7345181,0.00080163823,0.001233143,0.0011460531,0.0011118781
syn-0485,0,2,3,10,10,0.0002790259,0.0002627934,0.00024262915,0.00023654617,0.00013012392,5.9545986e-05,0.00024741454,0.000107298656,0.00019658302,0.00013824592,0.9978033,0.00029649626
syn-0007,0,2,4,6,6,4.6079196e-05,0.0003634156,0.00013101129,0.00025007673,0.00043146135,0.00035525722,0.9972766,0.00023920818,0.00050119555,0.00010766175,0.0001744113,0.0001235554
syn-0014,0,2,4,0,0,0.9968226,0.0002980001,0.0003843249,0.0004603137,0.00041641755,0.00016962958,8.860631e-05,0.00033800825,0.000289679,0.00019899609,0.00037268238,0.00016075898
syn-0019,0,2,4,0,0,0.99598455,0.00035212186,0.00035662064,0.0003423731,0.001581572,0.00013968875,9.378258e-05,0.00023936531,0.0002437291,0.00015059768,0.0003355052,0.0001800659
syn-0023,0,2,4,1,1,0.00029298454,0.9974251,0.00013335442,0.00016243469,0.00025780153,0.0001182609,0.0003649814,0.0002327906,0.00026352884,0.00016693753,0.00027255874,0.00030922677
syn-0024,0,2,4,2,2,0.00032272088,0.00013890222,0.99717003,0.0005310386,0.0001735432,0.00010870667,0.00016575787,0.0006036585,0.00017852827,0.0002175657,0.000179227,0.000210255
syn-0029,0,2,4,2,2,0.00033403002,0.00015107462,0.9971891,0.00048027534,0.00018223075,9.995178e-05,0.00017422577,0.0005848114,0.00018081264,0.0002138832,0.00020033689,0.00020923487
syn-0036,0,2,4,5,5,0.00020360234,0.00010807959,0.00011161935,0.00041865822,0.0004120418,0.997244,0.00020751667,0.00029940248,0.0004523185,0.000106196356,0.0001532375,0.0002833648
syn-0043,0,2,4,9,9,0.00010785701,0.00016065253,0.00020052193,0.00026845187,0.00012597453,0.00011403101,0.000113919705,0.00036850123,0.0006793513,0.9971359,0.0002847209,0.00044005344
syn-0061,0,2,4,4,4,0.00027162183,0.0006463584,0.00027724972,0.00071249023,0.98915476,0.0010728437,0.0056785424,0.0007309909,0.00027215286,0.00025417033,0.00028382448,0.0006449397
syn-0074,0,2,4,5,5,0.00031624385,0.00011295308,0.00014475163,0.0018662008,0.0004520317,0.9954567,0.00020503157,0.00057418353,0.00023842214,0.00013988766,0.00020443175,0.00028914085
syn-0075,0,2,4,7,7,0.00037273788,0.00029160263,0.00048619378,0.00012646212,0.00028862784,0.00030844528,0.00020169157,0.9970927,0.00014302073,0.000355973,0.00014163085,0.00019086452
syn-0082,0,2,4,1,6,0.00038459385,0.005493756,0.00075742323,0.001468551,0.00049770135,0.0012665885,0.896357,0.0012672071,0.0012573457,0.00044396357,0.089797534,0.0010083342
syn-0083,0,2,4,0,0,0.9969194,0.0003909396,0.00027752243,0.00027321983,0.0006278542,0.00021571296,7.835528e-05,0.00023900575,0.00038067336,0.00012351114,0.000330291,0.00014355555
syn-0095,0,2,4,11,11,0.00015506681,0.00039525263,0.00020724365,0.00019241922,0.00039660587,0.00026584638,0.00015476425,0.0001660378,0.00010400532,0.0006097926,0.0004479892,0.996905
syn-0102,0,2,4,1,1,0.00062455214,0.99373627,0.00018554355,0.00012628282,0.00023987683,0.00022956362,0.00061629707,0.0002621699,0.003119897,0.00027650126,0.00031778516,0.00026526029
syn-0105,0,2,4,4,4,0.0010239574,0.00020291311,0.0001913653,0.000258518,0.9967842,0.00022948203,0.00026587906,0.0002303802,0.00011830039,0.00015489668,0.0001351033,0.00040493492
syn-0106,0,2,4,10,10,0.0003048389,0.0018357227,0.00026150755,0.00020168307,9.8677185e-05,0.00014024855,0.0015910147,0.00017973135,0.0033714687,0.0005185484,0.99122566,0.0002708647
syn-0107,0,2,4,10,10,0.00021400877,0.00017621081,0.00019015755,0.0002566984,8.621441e-05,0.000108666405,0.00025638525,0.000114998984,0.0003340426,0.0002238963,0.99777454,0.0002641366
syn-0108,0,2,4,8,8,0.00026783496,0.00024045233,9.412801e-05,3.3792592e-05,5.9948372e-05,0.00024227906,0.00030492645,8.833877e-05,0.9977024,0.0003194237,0.00059287745,5.3632524e-05
syn-0113,0,2,4,11,11,0.00019441762,0.0003406309,0.00018945086,0.0001726655,0.00040126333,0.0002383218,0.00011159014,0.00013752657,0.00011169917,0.00077838055,0.000341047,0.996983
syn-0119,0,2,4,6,6,3.9427763e-05,0.00028147578,0.00013910267,0.000419769,0.00027128804,0.00021873238,0.9976343,0.0001712664,0.0002644866,0.000108333275,0.00032122008,0.00013054734
syn-0122,0,2,4,3,3,0.00030626424,0.00013308023,0.00040479426,0.9963468,0.00039190924,0.0008788793,0.00039793516,0.00010819346,4.7963695e-05,0.00034602763,0.00033098896,0.00030723785
syn-0127,0,2,4,11,11,0.0007701281,0.009363776,0.0012709672,0.0047889743,0.0013782752,0.0007746538,0.023957985,0.00050703913,0.0014643036,0.004725099,0.21437094,0.7366279
syn-0136,0,2,4,6,6,4.2205065e-05,0.0004194939,0.00015834969,0.00054220326,0.0003201877,0.00016988441,0.99734575,0.00021173453,0.00030299966,0.00017038286,0.00018333044,0.00013347408
syn-0138,0,2,4,4,4,0.00032690007,0.0002330553,0.0002058715,0.0003072442,0.9970975,0.00033359183,0.000408426,0.0003088989,0.000112588175,0.00015299072,0.00013862112,0.00037438126
syn-0156,0,2,4,6,6,3.997057e-05,0.00030966988,0.00015901569,0.00035013183,0.00032302938,0.00020398092,0.99763584,0.00022622771,0.00033230844,0.0001215649,0.00017635844,0.00012192156
syn-0161,0,2,4,2,2,0.00036352867,0.00014616341,0.99734324,0.0003880622,0.00017943326,0.00010819596,0.00014977576,0.0005088078,0.00019842065,0.00019250381,0.0001950585,0.00022671417
syn-0176,0,2,4,10,10,0.00016843998,0.00024549794,0.00016041295,0.00024918138,9.22074e-05,0.00010592299,0.00033144417,9.7010736e-05,0.00026344514,0.00025021774,0.99759525,0.0004409184
syn-0185,0,2,4,7,7,0.0013837699,0.0007856621,0.014368258,0.0005884337,0.0004916548,0.0006424924,0.0012375297,0.9782103,0.0006809306,0.0009149511,0.00035343468,0.00034256067
syn-0189,0,2,4,10,10,0.00026539384,0.0002538596,0.00018755028,0.001128866,0.000111119865,0.00015777901,0.0003781689,8.6455766e-05,0.00018709296,0.00016877697,0.99666697,0.00040783256
syn-0192,0,2,4,5,5,0.00015849032,0.00011315736,0.00011471506,0.00056602753,0.0003463649,0.99725705,0.00024655572,0.00028288463,0.00042908933,0.00011021271,0.00014787356,0.00022752628
syn-0194,0,2,4,1,1,0.0007816549,0.9941135,0.0001788522,0.0001302137,0.0002355564,0.00026587976,0.00052005914,0.00030572704,0.002680051,0.0002461388,0.0002880466,0.00025420022
syn-0195,0,2,4,4,4,0.00053281686,0.00040199497,0.00023356742,0.00040179872,0.9934505,0.0029357576,0.0005010242,0.00045252717,0.00022882626,0.00018190249,0.0001297462,0.00054952904
syn-0200,0,2,4,5,5,0.00020200499,0.00011939215,0.00015345235,0.002108026,0.0004899978,0.99523467,0.00025950623,0.0006547921,0.00023114795,0.00015166457,0.00013423621,0.0002611587
syn-0203,0,2,4,8,8,0.00023484713,0.00019198106,9.342713e-05,3.354097e-05,7.226543e-05,0.00031521227,0.0003256154,8.880123e-05,0.9980404,0.00027235207,0.00027932652,5.2356718e-05
syn-0207,0,2,4,0,0,0.9968945,0.00026545444,0.00027029385,0.00036460915,0.00046568803,0.00023051821,9.080272e-05,0.0003096665,0.00042642746,0.00019082657,0.00034218427,0.00014897918
syn-0208,0,2,4,8,8,0.00028621693,0.0002179468,9.350918e-05,3.852629e-05,6.983026e-05,0.00035802004,0.00030867025,8.8619214e-05,0.9979418,0.00025804536,0.00029015032,4.865426e-05
syn-0209,0,2,4,7,7,0.0004412129,0.00034631198,0.010290142,0.00038936903,0.0004431561,0.000343114,0.0004399222,0.98602957,0.00023824906,0.0005145723,0.0002710282,0.00025336727
syn-0211,0,2,4,0,0,0.99701416,0.00030520008,0.00039791016,0.00038543245,0.00042310808,0.00015372672,8.037788e-05,0.00036031663,0.0002660053,0.00016966219,0.00029849427,0.00014554553
syn-0217,0,2,4,6,6,4.792822e-05,0.0003420772,0.00016103448,0.000301293,0.00033472452,0.00017617225,0.9975562,0.00022609922,0.00041601242,0.00013272231,0.00018507824,0.00012060926
syn-0219,0,2,4,0,0,0.9971277,0.0002964221,0.00030560765,0.00033630052,0.0003635388,0.00019789407,8.742989e-05,0.00033605433,0.0003212922,0.00016018125,0.00031933712,0.00014828818
syn-0224,0,2,4,8,8,0.00029270022,0.00032265755,8.576491e-05,4.196207e-05,9.690007e-05,0.00033243283,0.0007177502,8.159803e-05,0.99743074,0.00020175995,0.00033645923,5.9233822e-05
syn-0226,0,2,4,6,6,4.5468176e-05,0.00031399768,0.00016182958,0.00035763488,0.00028610765,0.0001946327,0.9975987,0.00022765981,0.0003035949,0.00011441865,0.0002683798,0.00012751865
syn-0229,0,2,4,7,7,0.00039440734,0.0003349744,0.00047644347,0.00015854006,0.00036610544,0.0013313342,0.00023998058,0.9956235,0.00017463307,0.00053456926,0.000116103714,0.00024941852
syn-0234,0,2,4,4,6,0.0006974785,0.0020074097,0.0014593594,0.08940994,0.19836465,0.0034297584,0.69779086,0.0013444249,0.0009626955,0.001432531,0.001556517,0.0015444041
syn-0243,0,2,4,10,10,0.00023563416,0.00025993327,0.00018146266,0.00024549977,8.99183e-05,0.00011125136,0.00018567524,0.0001296222,0.00021995713,0.00017934857,0.99784636,0.0003152472
syn-0250,0,2,4,11,11,0.00018309405,0.0003847346,0.00020108948,0.00017824242,0.00040665842,0.00028776622,0.00012645453,0.00015969746,0.00011390793,0.00060254487,0.00032283412,0.9970329
syn-0253,0,2,4,3,3,0.00021063456,0.0001389493,0.00036791942,0.9965342,0.0003890275,0.0008675317,0.00048979983,0.00010927578,4.911036e-05,0.0003097814,0.00031412244,0.00021956066
syn-0255,0,2,4,2,2,0.00035480523,0.00015078517,0.99722445,0.00043360353,0.00018312922,0.00010588361,0.00015957223,0.000551886,0.00019144981,0.00022208565,0.00019762355,0.00022481328
syn-0259,0,2,4,4,4,0.00041256406,0.00021639655,0.00019388192,0.00028003793,0.9971529,0.0003455897,0.00035896184,0.00023420907,0.00012609977,0.0001498935,0.00012909016,0.00040023096
syn-0260,0,2,4,11,11,0.00012067247,0.00064739113,0.00019953902,0.00028764654,0.0004971907,0.00029881313,0.00030277862,0.00015194957,0.00010372185,0.00046258487,0.00079596456,0.99613166
syn-0265,0,2,4,3,3,0.00022134162,0.00012716788,0.0003915134,0.99679947,0.00035430788,0.0005515835,0.0004591806,0.00010491235,4.386229e-05,0.0004083289,0.00029423396,0.00024404765
syn-0269,0,2,4,10,10,0.00022119751,0.0001980383,0.00018155276,0.00025766078,9.57183e-05,0.00010512599,0.00024204991,0.00012551254,0.00024448495,0.00015303212,0.9978544,0.00032120274
syn-0285,0,2,4,11,11,0.0001946132,0.00032243345,0.0001911288,0.00022752587,0.0003760896,0.00024529445,0.00011513572,0.0001377994,9.507874e-05,0.0006906378,0.00039250607,0.9970118
syn-0286,0,2,4,8,8,0.00017732919,0.00020691431,8.8041874e-05,3.437683e-05,8.158461e-05,0.00028309462,0.00093095505,0.00011238755,0.99726665,0.00046288586,0.00029633677,5.9397837e-05
syn-0289,0,2,4,8,0,0.6625443,0.02485066,0.0017396861,0.0005077629,0.0020348923,0.0043342407,0.0014060917,0.00780054,0.2917143,0.00087306224,0.0016247358,0.0005697792
syn-0299,0,2,4,1,1,0.00036774474,0.9975212,0.00013639675,0.00013284734,0.00017841681,0.00013480766,0.00026822797,0.000272186,0.00029172795,0.00015806853,0.00025619502,0.0002821318
syn-0305,0,2,4,1,1,0.0003090911,0.9974744,0.00013414472,0.00012913176,0.00020000318,0.000112520785,0.00029171424,0.00025643327,0.0002574369,0.00016039351,0.0003356791,0.000339056
syn-0307,0,2,4,3,3,0.00023891714,0.0001709132,0.0003972396,0.9965497,0.00032872075,0.00045101153,0.00045796015,9.392748e-05,5.310179e-05,0.00059233705,0.00038633606,0.0002797319
syn-0321,0,2,4,9,9,9.0126545e-05,0.00016945077,0.0001983016,0.00037079284,0.000117547184,9.7545264e-05,0.00011471214,0.00027377284,0.0004892459,0.99723154,0.0003287851,0.00051813625
syn-0326,0,2,4,1,1,0.00029188648,0.9970891,0.00014857233,0.00011627461,0.00025334783,0.00011402566,0.00038180864,0.0002451937,0.00058489555,0.000203372,0.00028876774,0.00028290605
syn-0333,0,2,4,5,5,0.0001605224,0.00010630626,0.000115394345,0.0004109103,0.00036313644,0.9973016,0.00026758033,0.00031517126,0.0004958945,9.841328e-05,0.00015020894,0.00021484941
syn-0338,0,2,4,8,8,0.0003205578,0.00017882066,0.00010238766,3.920504e-05,7.7210825e-05,0.0002447473,0.0002788286,0.000119294855,0.9978283,0.0005104086,0.0002429909,5.7154517e-05
syn-0350,0,2,4,2,2,0.00038413188,0.0001528531,0.9971738,0.00046451253,0.00017800667,0.00010342558,0.00015878692,0.00061692094,0.00017679397,0.00020259633,0.00017473426,0.0002134626
syn-0352,0,2,4,8,8,0.00027981226,0.00022149496,9.535687e-05,3.3867986e-05,8.949206e-05,0.00037411743,0.0002977904,9.6198666e-05,0.9979773,0.00026420638,0.00021274977,5.761138e-05
syn-0353,0,2,4,7,5,0.0016756058,0.0013870926,0.0011975014,0.0017534493,0.002086853,0.7712485,0.0016020001,0.21416798,0.0013945629,0.0010182932,0.0010292908,0.001438831
syn-0363,0,2,4,9,9,0.00016258727,0.00018102529,0.0002496165,0.00040319405,0.00013426408,0.00012749164,0.00016179531,0.00043208912,0.0010648714,0.9964139,0.0002595601,0.00040964346
syn-0368,0,2,4,9,9,0.00010688141,0.00016409259,0.00019287685,0.00030949822,0.000143544,0.00011048978,9.674808e-05,0.00031230663,0.00036861654,0.9968393,0.00024405739,0.0011115567
syn-0377,0,2,4,5,5,0.00033070074,0.00013886997,0.00021216541,0.001852624,0.0005126998,0.99305177,0.0002434865,0.0027087461,0.00021825988,0.00020383831,0.00018254113,0.00034437844
syn-0378,0,2,4,2,2,0.00033121827,0.00014416962,0.9972805,0.00040364327,0.00017407165,0.00010363886,0.0001530188,0.0006138318,0.00019352837,0.0001969603,0.000188953,0.00021652994
syn-0379,0,2,4,3,3,0.00042926866,0.00013824484,0.000490839,0.99245065,0.001191923,0.003265394,0.00075828005,0.00017995347,7.07466e-05,0.00035840477,0.00039943916,0.00026686455
syn-0386,0,2,4,10,10,0.00025143818,0.00025027452,0.00020471742,0.0002545263,9.543516e-05,0.0001021872,0.00022549779,0.00015287774,0.00026949047,0.00014460045,0.9978217,0.00022721091
syn-0391,0,2,4,0,0,0.99701154,0.00042825122,0.0003069928,0.00031774468,0.00034415154,0.00018273288,7.684685e-05,0.0003193779,0.00034114002,0.0001546297,0.00035231284,0.00016428129
syn-0399,0,2,4,8,8,0.0002445128,0.00018848412,8.43159e-05,3.5771394e-05,7.8744706e-05,0.00035403116,0.00033055773,8.776033e-05,0.99796814,0.00026466392,0.00030911202,5.3856773e-05
syn-0402,0,2,4,1,4,0.0038880238,0.00023395047,0.0002640671,0.0009830463,0.99120027,0.0014310225,0.00025794999,0.00048723764,0.0001612634,0.00017250425,0.00015645457,0.00076425495
syn-0403,0,2,4,9,9,0.00021162465,0.00028812888,0.00026843455,0.00027067206,0.00015183326,0.00020753146,0.00021141808,0.00056399126,0.008653781,0.988588,0.00029989937,0.00028463308
syn-0408,0,2,4,4,4,0.016697353,0.0009077945,0.00038358752,0.000446057,0.9780517,0.0007288104,0.00041801002,0.0005266111,0.0009267167,0.00022352624,0.00019119213,0.00049858534
syn-0413,0,2,4,9,9,0.000114816845,0.00015731962,0.00017748479,0.00029737627,0.00012162656,0.000108918925,0.00011041827,0.00034915665,0.00070299505,0.9971675,0.00019134543,0.0005009993
syn-0432,0,2,4,6,6,5.6543613e-05,0.00024417933,0.00017708217,0.00092739123,0.00030477767,0.00027427022,0.99685043,0.0002328838,0.00023471033,9.904349e-05,0.00046654936,0.00013211135
syn-0437,0,2,4,3,3,0.00040346698,0.00017816531,0.00036575002,0.99417144,0.00048265103,0.0019418254,0.00062231364,0.00012572274,6.579989e-05,0.00037387546,0.0009436016,0.0003253048
syn-0468,0,2,4,6,6,4.8586975e-05,0.00033701354,0.00017058178,0.00037386056,0.00032872477,0.00018543622,0.99753547,0.00021448049,0.00034181963,0.0001147471,0.0002279791,0.0001213155
syn-0473,0,2,4,10,10,0.00021428648,0.00022894367,0.00017760636,0.00022044189,8.638954e-05,0.000100999605,0.00026370565,0.000112453345,0.00033550922,0.00017917424,0.99785054,0.00023000811
syn-0484,0,2,4,3,3,0.00019512967,0.00012276665,0.000339011,0.9967333,0.00038438427,0.0006701831,0.0005046472,0.00010572816,4.250996e-05,0.00037612225,0.00031204478,0.00021409882
syn-0491,0,2,4,10,10,0.0002342883,0.00025388328,0.00018331225,0.00022942045,8.671752e-05,0.00010666437,0.00027411146,0.00010930053,0.0004324503,0.00016544719,0.99773383,0.00019052155
syn-0499,0,2,4,11,11,0.0002263173,0.0003820294,0.00019197924,0.00019817005,0.00046355175,0.00025682704,0.00012707654,0.00014597882,0.00011116333,0.000548101,0.0002920196,0.99705684
syn-0005,1,0,0,11,11,0.00017117479,0.00021085725,0.0003250707,0.0001278914,0.00017816754,0.0002145965,0.00025721488,0.00029132035,6.557618e-05,0.0003589431,0.00021137267,0.9975878
syn-0007,1,0,0,6,6,0.00013822509,0.00014143393,0.00019004158,0.00021836301,0.00024683433,0.00023455547,0.99765307,7.373411e-05,0.0005966232,8.019409e-05,0.0002174586,0.00020958792
syn-0009,1,0,0,8,8,0.00011170059,0.00012700672,9.643309e-05,4.6404857e-05,0.00022641396,9.2106995e-05,0.0002166267,0.00019878782,0.9984572,0.00019333143,0.00018954578,4.445313e-05
syn-0023,1,0,0,1,1,0.0002281696,0.9978817,0.00020704193,0.0002532399,9.6001764e-05,0.00020553105,0.00014767748,0.00014285462,0.0001491267,0.00014553,0.00027355037,0.00026957248
syn-0029,1,0,0,2,2,0.00014169636,0.00016477246,0.99804115,0.00035371145,5.46555e-05,8.366586e-05,0.00023907033,0.0003192787,0.000110731075,0.00010171183,0.0001405937,0.00024889747
syn-0034,1,0,0,0,0,0.9974245,0.00023313171,0.0002850816,0.00022507808,0.00038081975,0.00026833295,9.465478e-05,0.00027956764,0.0001780514,0.00019545575,0.00020877394,0.00022651131
syn-0042,1,0,0,9,9,0.000156014,0.000156014,0.000112262984,0.00024520492,0.000112043934,7.976201e-05,7.738353e-05,0.000238999,0.00027714222,0.99810886,0.00015367025,0.00028267736
syn-0065,1,0,0,11,11,0.0001610582,0.00020639932,0.00028929854,0.00013588976,0.00020122468,0.00017127824,0.00028087737,0.0002038951,6.1130806e-05,0.00029292316,0.0002927802,0.99770325
syn-0071,1,0,0,6,6,9.4619885e-05,0.00012358848,0.0002263173,0.00037104473,0.00023033068,0.00020212794,0.99803084,7.0041395e-05,0.00016834904,8.768017e-05,0.00019235454,0.00020277046
syn-0073,1,0,0,11,11,0.00018684841,0.00030979567,0.00029345186,0.00012798073,0.00017137805,0.00018252006,0.00035362502,0.00023016438,6.6330715e-05,0.0002858853,0.00048180178,0.9973103
syn-0082,1,0,0,1,10,0.0038811069,0.047327753,0.0010263842,0.00069042895,0.0027548054,0.18124874,0.0510238,0.018738557,0.21231551,0.002053204,0.4756651,0.0032746086
syn-0087,1,0,0,5,5,0.00038640568,0.000289758,0.00015494488,0.00013687197,0.00074937637,0.99320704,0.00022810094,0.0038467485,0.0004130374,0.00019895317,0.0001194985,0.00026916256
syn-0112,1,0,0,4,4,0.00059454597,6.900877e-05,6.533619e-05,0.00037069732,0.9949079,0.0005812698,0.00028173637,0.0001938236,0.0025147705,0.00017230611,9.524945e-05,0.00015340197
syn-0117,1,0,0,6,6,7.667802e-05,9.864902e-05,0.00018250957,0.00030638376,0.00041421395,0.00017457754,0.9977399,7.5562995e-05,0.00020853427,0.000105834944,0.00039980715,0.00021726527
syn-0118,1,0,0,5,5,0.00022174028,0.0002597475,0.00012263613,0.00030415787,0.00037627318,0.99762017,0.00025144874,0.00028994618,0.00015397045,0.00011155247,8.469906e-05,0.00020367914
syn-0123,1,0,0,10,10,0.0001574841,0.00024442287,0.0001390471,0.00010567821,0.00011516159,7.370327e-05,0.00021939361,0.00016074709,0.00024004663,0.00018295254,0.9982101,0.00015130316
syn-0127,1,0,0,11,11,0.0012424306,0.006850661,0.0013329335,0.0015341971,0.0017980424,0.0010370765,0.114045896,0.0006407988,0.0010857858,0.0018788199,0.030785093,0.83776826
syn-0130,1,0,0,6,8,0.00024939093,0.00044091223,0.00015170703,0.00011700137,0.00059679884,0.00025110156,0.0053687883,0.0006036126,0.99163216,0.00024054057,0.00026965587,7.824477e-05
syn-0133,1,0,0,2,2,0.00014648681,0.0002046219,0.9980868,0.0003425099,4.5534867e-05,8.507033e-05,0.00019944312,0.00030459743,0.00011764799,0.00011845498,0.0001278929,0.0002209791
syn-0134,1,0,0,5,5,0.00040562818,0.00034686748,0.00018648249,0.00012980492,0.0005146433,0.9900253,0.00029395169,0.0066837794,0.00079369685,0.00018739526,0.00018287559,0.0002495954
syn-0144,1,0,0,9,9,0.00016079728,0.00015761022,0.00010659235,0.00030313482,0.00012232813,8.046012e-05,8.236818e-05,0.00022587647,0.00029088208,0.9980343,0.00016324974,0.00027245903
syn-0151,1,0,0,10,10,0.001006732,0.005092675,0.0005929842,0.00031309167,0.00033688382,0.00031709182,0.0018520026,0.00047834107,0.00040162526,0.00059763517,0.9545134,0.03449758
syn-0152,1,0,0,3,4,0.0002369302,5.8489066e-05,5.981765e-05,0.00079179986,0.99747306,0.00027551566,0.00026425024,9.076674e-05,0.0002937507,0.00014805011,0.00013447246,0.0001730881
syn-0153,1,0,0,4,5,0.0038138062,0.00033553256,0.00013987078,0.000378541,0.0012681428,0.9924247,0.0003118358,0.0004968544,0.00020133633,0.00018278253,0.000108825145,0.00033766913
syn-0154,1,0,0,1,1,0.00026702826,0.99792033,0.00018138751,0.0002057398,7.397026e-05,0.000237848,0.00014119578,0.00016275358,0.00019037114,0.00014313945,0.0002705059,0.00020584029
syn-0155,1,0,0,4,4,0.00027711765,5.8786078e-05,5.0233317e-05,0.0003147638,0.99765503,0.00039398382,0.00024509343,0.00011725308,0.00046533273,0.0001254262,0.000114536924,0.00018240497
syn-0162,1,0,0,9,9,0.00015678328,0.00013883448,0.00011074256,0.00026243442,0.000118000025,8.221656e-05,7.670913e-05,0.00025176528,0.0002640411,0.99814475,0.00014268311,0.0002510288
syn-0164,1,0,0,8,8,0.0005777895,0.00032945574,0.00011850807,0.00017617282,0.0026528228,0.0035593202,0.0003551845,0.00031838534,0.9907635,0.000368253,0.0006689397,0.00011176376
syn-0170,1,0,0,6,6,8.133098e-05,0.00012882927,0.00017369766,0.0002541207,0.00025362486,0.00017463311,0.9980574,7.56609e-05,0.00016143038,9.4900024e-05,0.00030829175,0.00023602949
syn-0173,1,0,0,8,8,0.00011824017,0.00015641347,0.000100251185,4.54967e-05,0.00024344373,9.584736e-05,0.00041817562,0.00022914134,0.99822456,0.00018793512,0.00013411458,4.6303518e-05
syn-0190,1,0,0,3,3,0.0015461989,0.008769442,0.00050647045,0.9681381,0.0020927375,0.012561646,0.0012220993,0.000109425004,8.8788314e-05,0.00064968615,0.00041256257,0.0039028337
syn-0193,1,0,0,11,11,0.00026975406,0.0005394909,0.00031645427,0.00019668289,0.00023039513,0.00024597393,0.00051015656,0.00026505374,9.660739e-05,0.00048347848,0.0014561423,0.9953897
syn-0198,1,0,0,0,5,0.003402919,0.0011711465,0.0003906602,0.032971047,0.0038843588,0.9541912,0.0010424026,0.0007146851,0.000331549,0.00062488316,0.0003637799,0.0009114221
syn-0201,1,0,0,0,0,0.9971226,0.00028443921,0.000244246,0.00018418659,0.00040943472,0.00025335635,0.000119268705,0.0002771727,0.00041355361,0.00020042137,0.00028905962,0.0002023882
syn-0204,1,0,0,1,1,0.0003033762,0.99785405,0.00017222669,0.00021644298,8.299921e-05,0.00024658293,0.00016595259,0.00016955654,0.00020184559,0.00012892885,0.00022429715,0.00023357403
syn-0209,1,0,0,7,7,0.00013337187,0.00023339014,0.0003493352,3.8436232e-05,0.00011770026,0.0005214777,7.681373e-05,0.9975555,0.0004128755,0.00021648391,0.00017651657,0.00016810463
syn-0222,1,0,0,8,8,0.00014617626,0.00013880295,9.094034e-05,4.7828686e-05,0.0002593814,9.129627e-05,0.00024423204,0.00018505496,0.9984054,0.00017469398,0.0001722377,4.4104905e-05
syn-0233,1,0,0,8,8,0.0001043699,0.0001534974,0.00010642842,4.4801356e-05,0.00016580826,8.072962e-05,0.0002316113,0.00019927183,0.99844766,0.00022170761,0.00019522684,4.8917194e-05
syn-0244,1,0,0,3,3,0.038774703,0.0052977884,0.0013190457,0.86038274,0.053206164,0.0035645908,0.010370035,0.00023465148,0.003379834,0.0025825663,0.017856674,0.0030311432
syn-0248,1,0,0,6,6,6.945145e-05,0.0001150104,0.00017614228,0.00026403385,0.00031555418,0.00017691805,0.9973865,6.4609565e-05,0.0001432726,8.095945e-05,0.0009383694,0.00026917568
syn-0251,1,0,0,10,10,0.00018916107,0.00024449397,0.00014177889,8.768932e-05,0.0001186923,7.369772e-05,0.00022828324,0.00016191659,0.00027306925,0.00018591041,0.998135,0.0001602648
syn-0252,1,0,0,8,8,0.00010315207,0.00016347393,0.00010244933,4.3252872e-05,0.00016588619,8.1759536e-05,0.0002460934,0.00020534282,0.99842936,0.00022502999,0.0001866931,4.74113e-05
syn-0254,1,0,0,7,1,0.0072265584,0.7721274,0.016924731,0.003942464,0.005982257,0.0030316606,0.0049160672,0.10138003,0.034375124,0.023157382,0.0051873336,0.021749038
syn-0263,1,0,0,0,0,0.9910555,0.0003774654,0.0002655801,0.0005184594,0.0048569525,0.00027805386,7.698689e-05,0.00030211953,0.0006737267,0.0008573553,0.0003824747,0.00035528917
syn-0267,1,0,0,4,4,0.0007722323,6.6528155e-05,5.9287046e-05,0.00037180106,0.9973526,0.0002840884,0.0002045213,0.00014084011,0.0003204245,0.00014008569,0.000118136886,0.0001695541
syn-0269,1,0,0,10,10,0.00017713314,0.00027624788,0.00013889768,0.00010362399,0.00012997359,7.456471e-05,0.00020749448,0.0001748986,0.0002055282,0.00020942843,0.9981116,0.0001906402
syn-0272,1,0,0,3,1,0.0188853,0.91350615,0.0029633874,0.0075765187,0.0017175913,0.0008042331,0.0071053267,0.0004636398,0.00089194527,0.0012335156,0.03928354,0.0055688713
syn-0278,1,0,0,9,9,0.00018933599,0.00016289935,0.00012943154,0.00039753513,0.000119821554,9.6939744e-05,8.3322804e-05,0.00022916474,0.00021091037,0.99783915,0.00020322706,0.00033835295
syn-0283,1,0,0,7,7,0.00015758707,0.00014803933,0.00035146216,3.4939934e-05,0.000112952825,0.0004211075,7.1902425e-05,0.9978877,0.00027450532,0.00019355165,0.00016274826,0.00018347485
syn-0284,1,0,0,0,0,0.99730337,0.0002622132,0.00022881813,0.00020601459,0.0004190155,0.0002606813,0.00010517059,0.00023287587,0.00032553388,0.00020461109,0.00024923013,0.00020252376
syn-0303,1,0,0,7,5,0.00027850893,0.00021105238,0.00012958194,0.00020021103,0.00051551824,0.99704933,0.000193106,0.0008911707,0.00014114147,0.00011072912,8.0302256e-05,0.00019933312
syn-0308,1,0,0,3,3,0.00026428443,0.00026325413,0.0003212882,0.9976023,0.00032491673,0.00025058628,0.00031205008,5.3313834e-05,6.2574145e-05,0.00028256836,0.0001280182,0.0001348186
syn-0310,1,0,0,10,10,0.00016295348,0.00025414955,0.00013325877,9.0741574e-05,0.00012080146,7.362843e-05,0.00019285176,0.00018442521,0.00022996962,0.00021572024,0.99817073,0.00017069041
syn-0311,1,0,0,9,9,0.0003089655,0.00040672286,0.0002536522,0.002919955,0.00022275695,0.00015057778,0.00019016233,0.0002403877,0.00031047786,0.9939096,0.00052147807,0.0005652305
syn-0323,1,0,0,7,7,0.00012380157,0.00020173627,0.00026683335,3.1748332e-05,0.000108351356,0.00045053154,6.469955e-05,0.99780077,0.00037163906,0.00024265815,0.00017647377,0.00016075966
syn-0325,1,0,0,4,3,0.00045766795,0.00021027552,0.00017483601,0.99532145,0.0023063887,0.00064077385,0.00029408475,5.2214084e-05,7.961697e-05,0.00022892162,0.000112937734,0.00012081005
syn-0333,1,0,0,5,5,0.0002882906,0.00026688573,0.00010497426,0.00026236344,0.0005337544,0.9973877,0.00025453983,0.00026616998,0.00023176115,0.00011295137,9.200833e-05,0.00019852641
syn-0353,1,0,0,7,5,0.0003514691,0.00024768212,0.00014746509,0.00015913666,0.00042815224,0.99644667,0.0001894414,0.0014548441,0.00016742652,0.00010683931,9.327794e-05,0.0002076547
syn-0363,1,0,0,9,9,0.0006548276,0.00024652004,0.00018248391,0.00073185185,0.00023788771,7.1951916e-05,9.220781e-05,0.000146201,0.0005737363,0.99565315,0.00095708156,0.00045209334
syn-0371,1,0,0,6,6,8.829196e-05,0.00012902984,0.00017857252,0.00021524187,0.00022007737,0.0001757182,0.9981481,6.970841e-05,0.00020785697,7.384278e-05,0.00030265172,0.00019101989
syn-0373,1,0,0,11,11,0.0012775072,0.0941796,0.0013193475,0.0008535001,0.00043656424,0.00063955423,0.000614453,0.0007624621,0.00026764933,0.0012095196,0.0013914688,0.8970485
syn-0376,1,0,0,5,5,0.00020800278,0.0002762325,0.00013351209,0.00022850215,0.00030853602,0.99762964,0.00028316313,0.0003949127,0.00013548223,0.00010644513,8.289955e-05,0.00021262374
syn-0377,1,0,0,5,5,0.00027596095,0.00023351985,0.00012924559,0.00036952246,0.00035899947,0.9973792,0.00022805469,0.00049799564,0.00013256923,0.00011261998,7.770544e-05,0.00020472657
syn-0382,1,0,0,0,0,0.99742776,0.00025492322,0.00024123861,0.00028189883,0.00031951125,0.0002496266,0.00012576554,0.00021445732,0.00014891337,0.00022050996,0.00029672857,0.00021868711
syn-0384,1,0,0,1,1,0.000211761,0.9979576,0.00019205888,0.00025221021,9.098837e-05,0.00020827445,0.00014696932,0.00014957562,0.0001634765,0.00014398599,0.0002424298,0.00024066067
syn-0397,1,0,0,1,1,0.00018504761,0.9978783,0.00021581505,0.00027745048,7.7972436e-05,0.00022839176,0.00017468704,0.00013859427,0.00015191901,0.00014091436,0.00028583867,0.00024502858
syn-0405,1,0,0,8,8,0.0001372425,0.00016345769,8.9874084e-05,4.7685175e-05,0.00018961423,9.102233e-05,0.00022358388,0.00017777854,0.9983302,0.0002778134,0.00022478797,4.703767e-05
syn-0410,1,0,0,10,10,0.00018141413,0.00032909057,0.00013620502,9.434647e-05,0.00010473842,7.921527e-05,0.00015815497,0.00017268446,0.00028936862,0.00020957245,0.9980667,0.00017851438
syn-0416,1,0,0,2,2,0.00016469849,0.00019288139,0.9980804,0.00032816236,5.7842844e-05,7.9139034e-05,0.00021543755,0.0002851298,0.000117819705,9.91657e-05,0.00013694045,0.00024237084
syn-0421,1,0,0,10,10,0.00019073213,0.00025930346,0.00014756639,0.00010014138,0.00011009124,7.2411436e-05,0.00031626385,0.00016041663,0.00020437608,0.00017895769,0.9981054,0.00015434652
syn-0427,1,0,0,5,5,0.00038214668,0.00023696185,8.9458794e-05,0.00023858726,0.0020904725,0.99565977,0.00024496182,0.00030642693,0.00032531493,0.00012108739,9.853953e-05,0.00020617784
syn-0437,1,0,0,3,3,0.0002942623,0.0003451211,0.00017307236,0.9964089,0.00085606193,0.0002745506,0.0003285941,3.4347264e-05,5.9230948e-05,0.00029889628,0.0007479476,0.0001790902
syn-0439,1,0,0,6,6,0.00012211577,0.00015376699,0.00019343288,0.00018812346,0.0001850261,0.00018793985,0.9977623,8.843039e-05,0.0006156295,8.529219e-05,0.00024309351,0.00017483739
syn-0448,1,0,0,4,5,0.00025342725,0.00025591423,0.00012715152,0.0002484648,0.0003331848,0.9976451,0.00026526547,0.00031922996,0.00015785676,0.00010918413,7.8488934e-05,0.00020679079
syn-0449,1,0,0,11,11,0.00013311509,0.00019769429,0.00032034158,0.00018626149,0.00021904142,0.00019198647,0.00035584328,0.00022921743,6.017571e-05,0.0003365357,0.00018845707,0.99758136
syn-0450,1,0,0,10,10,0.00016844997,0.00027413983,0.00014814934,0.000103829705,0.00012091596,8.229663e-05,0.0001853678,0.0002048831,0.00016089313,0.00018847088,0.99814165,0.00022099125
syn-0451,1,0,0,8,8,0.00012999766,0.00021328592,8.0245816e-05,3.154771e-05,0.00022134953,0.00020936497,0.00020834517,0.0009107732,0.997322,0.00028932927,0.0003350138,4.8766702e-05
syn-0455,1,0,0,2,7,0.0001397183,0.0002179375,0.000404387,3.8066526e-05,0.00012796253,0.00035544642,8.662608e-05,0.9976555,0.0003807685,0.0002805213,0.00013621541,0.00017687937
syn-0473,1,0,0,10,10,0.00015263075,0.00023177014,0.00013515733,9.8401564e-05,0.00012734109,6.593478e-05,0.00023330298,0.00015526159,0.00028416145,0.00020033565,0.9981572,0.00015840118
syn-0474,1,0,0,0,0,0.9972905,0.00025451503,0.00023874475,0.0004341619,0.00039613008,0.0002459628,0.0001223564,0.00018932429,0.00012295529,0.00022231737,0.000266209,0.00021684951
syn-0478,1,0,0,2,2,0.00018174204,0.00019474288,0.99791986,0.0002337035,4.956436e-05,9.451701e-05,0.00020205611,0.00040164037,0.00012570477,0.00010110531,0.00021097893,0.00028431934
syn-0480,1,0,0,1,1,0.00024591634,0.99661547,0.00027008622,0.00043919674,9.0246955e-05,0.0002542186,0.0006299656,0.00019180059,0.00019924638,0.00014634231,0.0002630579,0.00065434125
syn-0482,1,0,0,1,1,0.00023494584,0.9973636,0.0002993288,0.00055534224,0.0001004586,0.00017113633,0.00027042103,0.00012811262,0.00013256716,0.00015080621,0.00028576102,0.0003075514
syn-0484,1,0,0,3,3,0.0001900473,0.00028190218,0.00029280997,0.99768305,0.0003445305,0.00029662342,0.00032143193,4.322054e-05,5.6370216e-05,0.00023098235,0.00012703224,0.00013209264
syn-0495,1,0,0,2,2,0.00033185867,0.00023337777,0.99361366,0.0016042198,0.00010758103,0.000599508,0.00031883383,0.0023685687,0.00015714212,0.000106535554,0.00014406096,0.00041462123
syn-0496,1,0,0,8,8,0.000106629086,0.00016156114,9.651968e-05,4.56818e-05,0.00018477908,8.668884e-05,0.00030010002,0.0001940254,0.9983783,0.00022039699,0.00017883188,4.6491907e-05
syn-0002,1,0,1,1,1,0.00021728863,0.9978472,0.00022157427,0.00028715873,7.389264e-05,0.00017046854,0.0002062276,0.00013804963,0.00013697532,0.00013276102,0.00025904656,0.0003092821
syn-0004,1,0,1,10,8,0.0003826994,0.00023053758,0.0003789803,8.801641e-05,0.0005824083,0.00028163427,0.00044654793,0.000694673,0.96724856,0.00071323314,0.028587542,0.00036517432
syn-0011,1,0,1,10,10,0.00044085234,0.0006152089,0.00027614788,0.00015043252,0.0003144482,0.00041051846,0.00047435318,0.00037305197,0.018472927,0.00039210214,0.97755665,0.0005232695
syn-0015,1,0,1,6,6,7.4845026e-05,0.00018954357,0.00019422804,0.00023739289,0.00015599043,0.00025882246,0.99795806,5.0396004e-05,0.00030554962,0.00010140583,0.00027843966,0.00019532174
syn-0017,1,0,1,3,3,0.0006579527,0.00027187538,0.00024299459,0.9968695,0.0003890159,0.00047870225,0.00025009672,7.071546e-05,4.033182e-05,0.00034528066,0.00022849534,0.00015490994
syn-0031,1,0,1,0,0,0.99737644,0.00026364467,0.00017038811,0.0002695018,0.0003067305,0.00040039397,8.1354905e-05,0.00026172074,0.0003401004,0.00021814265,0.00017005565,0.00014153287
syn-0036,1,0,1,5,5,0.0018467045,0.00033028855,9.749019e-05,0.00041054923,0.0014382149,0.9947239,0.000239998,0.00019378774,0.00035608228,9.095963e-05,0.00011532111,0.0001567044
syn-0051,1,0,1,3,3,0.00032845268,0.00034742372,0.000310063,0.9971967,0.00035492532,0.00017219728,0.000266379,4.4832697e-05,4.0740983e-05,0.0005448422,0.00024319306,0.00015033988
syn-0058,1,0,1,9,9,0.00020309907,0.00013424028,0.00010192536,0.00023548404,0.00012684816,6.3970394e-05,9.754321e-05,0.00018384344,0.0003204376,0.998185,0.00012210787,0.00022552483
syn-0062,1,0,1,7,7,0.0002010919,0.00015105278,0.0005759427,3.513273e-05,0.0002586488,0.00036209146,4.0122835e-05,0.9975319,0.00024185356,0.00019962445,0.00012553325,0.000276982
syn-0063,1,0,1,1,1,0.00023128456,0.9977697,0.00023874287,0.00028518026,7.4031355e-05,0.00016995663,0.00020701867,0.00011934611,0.00016185732,0.00014780516,0.00027072936,0.00032441635
syn-0067,1,0,1,5,5,0.00030218475,0.00021227641,0.00021784159,0.0002774019,0.0003460339,0.99746007,0.0003316016,0.00029050186,0.00017504064,8.805894e-05,7.8935525e-05,0.0002200868
syn-0068,1,0,1,10,10,0.00012566277,0.00017895199,0.0001386891,0.00010822234,0.00014183942,8.6959095e-05,0.00038872584,0.000111331035,0.0006961157,0.0001306048,0.99758637,0.00030657044
syn-0069,1,0,1,11,11,0.00013906111,0.00030649357,0.00025727562,0.00012563125,0.0002084499,0.00021941571,0.00031529766,0.00026311964,9.727011e-05,0.0003081442,0.00042360657,0.9973362
syn-0086,1,0,1,10,10,0.00011792975,0.0001953373,0.00016229652,0.00017343994,0.00017842201,7.7529265e-05,0.00029829043,0.00014052453,0.0002043123,0.00014748433,0.9980375,0.00026702703
syn-0093,1,0,1,5,5,0.00029001504,0.00020822807,0.00018647224,0.00027673427,0.00046214336,0.99724823,0.00046090392,0.00030747827,0.00018233058,8.441979e-05,6.978173e-05,0.00022317804
syn-0094,1,0,1,1,1,0.00015917628,0.99766845,0.00029847145,0.00027604098,8.161748e-05,0.00018312133,0.0002274535,0.00015571689,0.00013093483,0.00012050509,0.00018847352,0.0005100154
syn-0098,1,0,1,10,10,0.00014531192,0.00047327127,0.00014875788,0.00019373286,0.00023141547,7.494641e-05,0.00048054822,0.00011316904,0.00027254096,0.00014153053,0.99735993,0.00036486847
syn-0114,1,0,1,4,4,0.00021426493,8.927531e-05,6.16583e-05,0.0012815013,0.9965329,0.00042702793,0.00039752395,0.0001551604,0.00023440656,0.00015290409,0.00024734097,0.00020605657
syn-0119,1,0,1,6,6,6.847375e-05,0.00019345108,0.00019017312,0.00027907477,0.00018093361,0.00018378289,0.9978562,4.7291625e-05,0.00020303218,0.00011234423,0.0004285617,0.00025675073
syn-0122,1,0,1,3,3,0.00023588935,0.00031987435,0.00037745663,0.9974649,0.00026308934,0.0003557583,0.0002927817,5.304685e-05,4.9060312e-05,0.00024823807,0.00018533258,0.00015462449
syn-0125,1,0,1,9,9,0.00022434545,0.00019520042,7.2727686e-05,0.0003435087,0.00018088384,5.8040223e-05,0.000121439654,0.00018364265,0.00058489887,0.9975817,0.00021054734,0.00024304952
syn-0137,1,0,1,8,8,0.00019102092,0.0001388696,0.000117857104,3.4889563e-05,0.00014126326,0.00012730953,0.00020877355,0.00017014658,0.9983972,0.00020984668,0.00020156137,6.1292914e-05
syn-0141,1,0,1,2,2,0.00012939998,0.00023594913,0.9980831,0.0002638476,4.353446e-05,0.000119617005,0.00020327674,0.0003043826,0.00014814065,0.00013475193,0.0001453463,0.00018864396
syn-0148,1,0,1,7,7,0.00018744313,0.00014655221,0.00032398143,3.3005002e-05,0.00037864555,0.00037370922,4.577818e-05,0.99755776,0.00026732255,0.00025539252,0.00012971133,0.0003006322
syn-0161,1,0,1,2,2,0.00013201791,0.00022992361,0.99809283,0.00025456437,4.0977193e-05,0.000114419454,0.00020223921,0.00033474114,0.00013501669,0.00013073493,0.00014108236,0.00019138276
syn-0167,1,0,1,0,0,0.9973918,0.00027833265,0.00019823664,0.00028147604,0.0002908368,0.00034218785,8.4184954e-05,0.00025791887,0.00034093705,0.00023749,0.00015423617,0.0001423668
syn-0184,1,0,1,2,2,0.00014134734,0.00026268908,0.99801624,0.00027170678,4.3150616e-05,0.00012565554,0.00021421745,0.00030048596,0.00015539135,0.00014583417,0.00014210856,0.00018113943
syn-0186,1,0,1,3,3,0.00022217131,0.00029584204,0.00033486486,0.997609,0.00034608558,0.00024057661,0.0002845085,4.0047646e-05,4.4415367e-05,0.00023079611,0.00021251556,0.00013909915
syn-0207,1,0,1,0,0,0.9956026,0.00034124064,0.00019768787,0.00049541245,0.0003972013,0.0015526596,0.00014420845,0.00023338864,0.00041081157,0.00022909812,0.00020636742,0.00018937339
syn-0213,1,0,1,0,0,0.99700207,0.00025870083,0.00018095535,0.00021228258,0.0004989024,0.00029214614,8.2524406e-05,0.00028371136,0.0006114919,0.00024350206,0.00018201876,0.00015163743
syn-0218,1,0,1,8,8,0.00016045806,0.00013597964,0.00012520916,3.4684548e-05,0.00013198919,0.00012981606,0.00021081518,0.00018759447,0.9983632,0.00021153696,0.00024306182,6.562715e-05
syn-0219,1,0,1,0,0,0.9973774,0.0002871637,0.00017239676,0.00033092714,0.00029555682,0.00036009605,8.770837e-05,0.00022528734,0.0002580411,0.0002497359,0.00019910684,0.00015666275
syn-0226,1,0,1,6,6,6.715482e-05,0.00018958595,0.00020629664,0.00027719612,0.00017401633,0.00016965355,0.99793756,4.7065107e-05,0.00022240731,0.00010421476,0.00038725208,0.00021762685
syn-0240,1,0,1,6,6,0.00015701863,0.00033616257,0.00020781286,0.0056718946,0.00090247754,0.0015742595,0.9899284,4.1565185e-05,0.0003256609,0.0001368204,0.0005260251,0.00019182047
syn-0246,1,0,1,8,8,0.0006496981,0.00037887302,0.00015678522,8.5911226e-05,0.0005636412,0.00018600533,0.009328359,0.00018764735,0.9874921,0.00033681214,0.0005045052,0.00012959928
syn-0253,1,0,1,3,3,0.00020305555,0.0002986349,0.00030355994,0.99748385,0.0003485434,0.0003789643,0.0003201148,4.304345e-05,4.590909e-05,0.0002279673,0.00020980834,0.00013652488
syn-0257,1,0,1,4,4,0.00023308529,7.291505e-05,4.4485103e-05,0.00044459174,0.9972258,0.0008131505,0.00026200086,0.00018628604,0.0002698561,0.00012935199,0.00015871768,0.00015972837
syn-0259,1,0,1,4,4,0.00019478943,7.725522e-05,5.258069e-05,0.00052910496,0.9974275,0.00041322588,0.00030960524,0.0001564413,0.0002657261,0.00013545479,0.0002333602,0.00020493654
syn-0261,1,0,1,5,5,0.00037323267,0.0001980289,0.00013878754,0.00044506814,0.0032400202,0.99246216,0.0019271616,0.0003489118,0.0004330632,0.00011173694,9.9964906e-05,0.00022189016
syn-0268,1,0,1,6,6,7.602221e-05,0.00014099175,0.00022673886,0.0003104442,0.00017997931,0.00017048421,0.99793893,5.3855198e-05,0.00028915505,0.0001235771,0.00030780392,0.00018201195
syn-0275,1,0,1,0,0,0.9972288,0.0002741065,0.00019723883,0.00040209785,0.0002807438,0.0004921497,9.362506e-05,0.00023149804,0.0002318374,0.00023966435,0.00017993907,0.00014830321
syn-0281,1,0,1,10,8,0.001319214,0.00047720477,0.0002883109,0.00015015913,0.0007344324,0.0007551603,0.00058211974,0.0004957301,0.9587776,0.0005790015,0.03547344,0.00036767652
syn-0285,1,0,1,11,11,0.00013509013,0.00021777912,0.0002866149,0.00011543593,0.00015917509,0.00017160582,0.00024306883,0.00030524898,8.612045e-05,0.00035086798,0.0002679383,0.997661
syn-0290,1,0,1,0,0,0.9966059,0.00031498983,0.000199634,0.0006096096,0.0002960501,0.00084687583,9.6725424e-05,0.00021354944,0.00031177647,0.00018301564,0.00018265852,0.00013923096
syn-0292,1,0,1,11,11,0.0001323515,0.00023895649,0.00026755326,0.000115551804,0.0001706078,0.00019560284,0.00026605508,0.0002942805,7.615166e-05,0.00031226734,0.00024295665,0.9976877
syn-0302,1,0,1,10,10,0.000105659026,0.00017868202,0.00015876794,0.00016420819,0.00018185067,7.0590584e-05,0.00036364535,0.00010200899,0.00028951664,0.00014762714,0.9980288,0.0002086456
syn-0304,1,0,1,1,1,0.00020056685,0.99784636,0.00021184082,0.00034982114,7.410938e-05,0.00015513747,0.0002169704,0.00012123485,0.0001224246,0.00012254421,0.000261908,0.00031708038
syn-0306,1,0,1,5,5,0.0005665028,0.00018749818,0.00013458906,0.00021423421,0.001733487,0.99493164,0.00018731516,0.0014526322,0.00024323376,8.219234e-05,6.860724e-05,0.00019803754
syn-0313,1,0,1,11,11,0.000119462966,0.00041655972,0.00019947755,0.00016945979,0.00036977296,0.0002562593,0.0004589557,0.00042519064,8.851763e-05,0.00023991197,0.00045861967,0.99679786
syn-0314,1,0,1,8,8,0.00018058412,0.00014949036,0.00010194356,3.529963e-05,0.00014229685,0.00011152659,0.0002453872,0.00015154819,0.9983632,0.00021692383,0.00023952727,6.225602e-05
syn-0322,1,0,1,2,2,0.0005216821,0.00036561824,0.9957561,0.0014118609,7.366582e-05,0.00027910003,0.00021057289,0.0006862406,0.00014171752,0.0001504162,0.00016407443,0.00023896011
syn-0324,1,0,1,7,7,0.00018724121,0.00015052602,0.00029899154,2.5651569e-05,0.00031276722,0.0003343747,5.409266e-05,0.9974567,0.00050587725,0.000267426,0.00014216766,0.0002641169
syn-0335,1,0,1,3,11,0.0034426888,0.0076498366,0.0015932007,0.3619573,0.008114433,0.0026551129,0.0045076865,0.00078255386,0.0005725287,0.0069007245,0.007383767,0.59444016
syn-0343,1,0,1,8,8,0.00027428858,0.00013019895,7.982253e-05,3.913101e-05,0.00022628563,0.00011125636,0.00021772305,0.00021133375,0.99789125,0.00034338466,0.00041437792,6.096345e-05
syn-0346,1,0,1,6,6,7.3182855e-05,0.00015813814,0.00020868222,0.00037011388,0.00020479588,0.0001848822,0.99796045,5.084101e-05,0.00018880506,0.000108051674,0.00028058988,0.00021145162
syn-0348,1,0,1,9,9,0.000512539,0.00023127337,0.00010978053,0.00027937788,0.00029537018,7.150535e-05,0.00019781858,0.00036993486,0.004111446,0.99334645,0.00027842462,0.00019608755
syn-0349,1,0,1,5,5,0.0002920718,0.0001689763,0.00017230905,0.00023765567,0.0005970289,0.9973569,0.0002620353,0.0003740332,0.00017856172,9.040235e-05,6.255875e-05,0.00020743883
syn-0350,1,0,1,2,2,0.00013265415,0.00023921076,0.998018,0.0002769986,4.4390206e-05,0.000112582115,0.00021400873,0.00036279898,0.00013271894,0.00012143346,0.0001492928,0.00019581095
syn-0351,1,0,1,11,11,0.00013131188,0.00026766426,0.00030598088,0.00013118371,0.0001719333,0.00019482595,0.00024930786,0.00033392786,6.551393e-05,0.0003165427,0.00021723796,0.9976145
syn-0354,1,0,1,8,8,0.00019036865,0.00014009516,0.000113397124,3.5300738e-05,0.00014717734,0.000108733926,0.00024581465,0.00016299002,0.99839455,0.00020856924,0.00019139389,6.159277e-05
syn-0356,1,0,1,8,8,0.00020393335,0.00014022966,0.00010284499,3.4888883e-05,0.0001641854,0.00012260946,0.00026032576,0.00015169846,0.9983777,0.00017511616,0.00020749914,5.900126e-05
syn-0357,1,0,1,3,3,0.00022600958,0.00031744322,0.00024695357,0.9976477,0.0002911601,0.00026591457,0.00029970656,3.8439783e-05,4.254896e-05,0.00030202037,0.00019378876,0.00012827433
syn-0367,1,0,1,4,4,0.00020716431,8.394753e-05,5.141642e-05,0.00045754292,0.997497,0.0003601832,0.00029863883,0.00017789056,0.0003545125,0.00013786647,0.00019604349,0.00017763018
syn-0372,1,0,1,1,1,0.0002868013,0.9975789,0.0002397485,0.00037051472,7.322634e-05,0.00015098615,0.00021250914,0.00013079529,0.00013066761,0.00015700074,0.00033801704,0.0003308324
syn-0378,1,0,1,2,2,0.00013666399,0.000242384,0.9980128,0.0002487689,4.141643e-05,0.00012125507,0.00019686448,0.00041382178,0.00013233,0.00013441389,0.00012695018,0.00019235106
syn-0380,1,0,1,4,4,0.0019395853,0.00037841598,0.00021794361,0.0029210406,0.6371147,0.35322526,0.0011264365,0.00066674006,0.0009839358,0.00041156975,0.00039890708,0.00061543065
syn-0381,1,0,1,8,8,0.00017483828,0.00013959757,0.00011893862,3.5572622e-05,0.00014579779,0.00012935905,0.00018189184,0.000198021,0.9982547,0.00022063892,0.00033416317,6.645841e-05
syn-0408,1,0,1,4,0,0.95861435,0.0005688158,0.0003456787,0.00150156,0.020768918,0.005600807,0.00038638638,0.0005088883,0.010816945,0.0003683326,0.00026974117,0.00024946983
syn-0415,1,0,1,1,11,0.0009781948,0.008986533,0.00032320505,0.000439188,0.00073120446,0.0009873122,0.0011639062,0.00042443036,0.002035749,0.0009261362,0.011986883,0.97101724
syn-0423,1,0,1,9,9,0.00017612486,0.00012910762,0.00013184702,0.00023642396,0.00011000107,5.5691413e-05,9.208901e-05,0.00020666627,0.00024291857,0.9982622,0.00012391931,0.00023298597
syn-0426,1,0,1,10,10,0.00014035491,0.00018004335,0.00017112879,0.00013743872,0.00014716251,0.00010069971,0.00032665377,0.0001594317,0.00029507105,0.00015257715,0.9978067,0.00038273697
syn-0428,1,0,1,8,1,0.00025936306,0.99784756,0.00020988483,0.00025527965,7.579287e-05,0.00017340692,0.0001982304,0.00012218587,0.00019269521,0.0001323727,0.00021517706,0.0003180111
syn-0433,1,0,1,5,4,0.0007821111,0.00025391427,0.00017417206,0.00071630505,0.9006075,0.09236294,0.00056223426,0.0022334731,0.00092991436,0.00040615033,0.00032923187,0.0006420917
syn-0435,1,0,1,10,10,0.00010998007,0.0001953917,0.00015831029,0.00015291605,0.00017167647,7.0181195e-05,0.00026883505,0.00011996658,0.00025743392,0.00015753918,0.99807173,0.00026593017
syn-0443,1,0,1,7,7,0.0001989251,0.0001523351,0.00045014903,3.5691435e-05,0.0003080636,0.00028128375,4.1646093e-05,0.9976841,0.00024248174,0.00022289435,0.00012186796,0.0002605581
syn-0447,1,0,1,7,7,0.00019060279,0.00015352802,0.0004276466,3.106951e-05,0.00031138698,0.00026388388,4.221888e-05,0.99767214,0.00028586687,0.00023501852,0.000117026306,0.00026954876
syn-0457,1,0,1,9,9,0.00017053122,0.00013209843,0.00012840984,0.0003128137,0.000109888395,6.529775e-05,8.566479e-05,0.00019456266,0.00017715133,0.9982141,0.00012397386,0.00028548148
syn-0458,1,0,1,6,6,6.63752e-05,0.00017530283,0.0002244348,0.0002975275,0.00017590304,0.0002252582,0.9979791,5.3074193e-05,0.0002302063,0.000107527376,0.00026940138,0.00019589895
syn-0464,1,0,1,4,4,0.00028209566,8.601331e-05,5.3563574e-05,0.0005405769,0.99739337,0.0003182546,0.00029926465,0.00018182365,0.00033073052,0.00014250612,0.0002059326,0.000165957
syn-0469,1,0,1,9,9,0.00018775651,0.00013723152,0.00012654712,0.00020904883,0.00010797755,5.5745153e-05,8.88199e-05,0.00021296387,0.00024752537,0.9982502,0.000114605245,0.00026169434
syn-0472,1,0,1,8,8,0.00015461155,0.00013328348,0.000110982546,3.502467e-05,0.00016627944,0.00011802498,0.00023638843,0.00019915623,0.9983558,0.00020111066,0.00022805519,6.123056e-05
syn-0486,1,0,1,1,1,0.00019888015,0.9977023,0.00024284162,0.00024799423,8.454074e-05,0.00018232454,0.00022913331,0.00013235344,0.00022701739,0.00013952031,0.0002400124,0.00037310235
syn-0491,1,0,1,10,10,0.00010880097,0.00019151189,0.00016501297,0.00017394836,0.00017116794,7.5143755e-05,0.00034557888,0.00010381861,0.00028376273,0.00015164638,0.998035,0.00019457526
syn-0499,1,0,1,11,11,0.00013668247,0.000221641,0.00027195833,0.000109292494,0.00016820442,0.00018856408,0.00026281993,0.00032852526,7.780331e-05,0.0003179515,0.00025598067,0.9976605
syn-0006,1,0,2,7,2,0.0021849535,0.015987849,0.824034,0.0016785371,0.0006037843,0.0016332613,0.0036253184,0.01088282,0.05221776,0.076947086,0.00830832,0.0018964675
syn-0013,1,0,2,6,6,0.00011715688,0.00019639255,0.00024947865,0.00020546617,0.0002505774,0.00023528075,0.9978104,6.941315e-05,0.00020566693,0.00011299924,0.0003165662,0.00023050478
syn-0016,1,0,2,9,9,0.0002605814,0.00011930286,0.00021804307,0.00043204534,0.00018370035,0.0001256403,0.00014920157,0.00022256083,0.0004237923,0.99643457,0.0010171214,0.00041347012
syn-0018,1,0,2,3,6,0.00013484391,0.00018234047,0.00022720358,0.00024735075,0.00030465546,0.00020879935,0.9977895,5.5828365e-05,0.0002269264,0.00012040206,0.0002837968,0.00021833957
syn-0025,1,0,2,8,8,0.00010986596,0.00019835956,0.00012645494,6.290615e-05,0.00022753145,0.00015403065,0.00028734593,0.0002705303,0.99801034,0.00027391978,0.00020316271,7.565732e-05
syn-0026,1,0,2,10,10,0.0006232726,0.0012683006,0.0012602754,0.0016150682,0.0013848178,0.0008321781,0.46293202,0.0004723122,0.0028899098,0.0010432757,0.5245707,0.001107853
syn-0032,1,0,2,4,4,0.00040061207,0.00015146239,0.00014594472,0.000576237,0.990033,0.00037068655,0.0064403443,0.0003193958,0.0006291751,0.00025143218,0.00031275966,0.00036906113
syn-0033,1,0,2,5,5,0.00024730124,0.00029808385,0.00016741412,0.00024489796,0.0003454458,0.9973463,0.00028249584,0.00037486348,0.0002377112,0.0001029396,0.00015858193,0.00019391952
syn-0038,1,0,2,5,5,0.000382708,0.00038514502,0.0002063547,0.002340939,0.0006266802,0.9945695,0.00032054615,0.0003320158,0.00019309654,0.00018317754,0.00021520449,0.00024469357
syn-0040,1,0,2,4,4,0.00024529587,9.9642246e-05,8.228427e-05,0.0005306335,0.9970176,0.00039766874,0.00036702104,0.00028054733,0.00033234584,0.00018570229,0.00023578358,0.0002255362
syn-0045,1,0,2,9,9,0.0007122363,0.00017679256,0.00027786224,0.0008322821,0.0002963611,0.00011403445,0.00020072387,0.00024354206,0.0006712929,0.99230874,0.0038507828,0.0003153207
syn-0049,1,0,2,8,8,0.00020234329,0.00029556002,0.00013244104,8.1993945e-05,0.00030316054,0.00013558178,0.00038501262,0.00020194848,0.99641466,0.0011230829,0.00066062954,6.367014e-05
syn-0050,1,0,2,4,4,0.00029635485,9.972797e-05,9.089206e-05,0.0005585514,0.9969014,0.00031778714,0.0005098566,0.00027901202,0.00028479297,0.00019185561,0.0002051287,0.0002646797
syn-0053,1,0,2,10,10,0.0001561754,0.00020609217,0.00020811465,0.00021788939,0.00013157711,0.0001559468,0.00029876622,0.00023313425,0.00027143265,0.00024129935,0.99767894,0.00020063113
syn-0059,1,0,2,3,3,0.00023441401,0.00036923544,0.00028706985,0.99705136,0.00036698868,0.0003676164,0.00024375199,8.0538026e-05,0.00010082021,0.00044394456,0.00027513038,0.00017903074
syn-0077,1,0,2,2,2,0.00019766651,0.00029854922,0.9974412,0.00031021476,7.5540374e-05,0.00012662991,0.00030488387,0.0004314272,0.00018705553,0.00017848963,0.00021741242,0.00023098275
syn-0079,1,0,2,1,1,0.00023595891,0.99727196,0.0002602915,0.0003154313,9.584946e-05,0.00028434294,0.00037789068,0.00012033961,0.0002746543,0.00010153423,0.00025813983,0.00040359056
syn-0083,1,0,2,0,0,0.9973807,0.000296787,0.00023981792,0.00023175952,0.00040814327,0.00025741273,0.00016434211,0.00025453806,0.00014531495,0.00023006827,0.00016338199,0.00022772123
syn-0085,1,0,2,3,3,0.0018967567,0.3714778,0.002398896,0.6148605,0.0012592011,0.0015824797,0.0020408933,0.00028805027,0.00068897527,0.0007723696,0.0009849858,0.0017490812
syn-0090,1,0,2,5,5,0.00029510213,0.00024375395,0.00013226815,0.00024710942,0.0006609763,0.9970594,0.00023044381,0.00046245084,0.00029081086,9.974378e-05,0.00013136705,0.00014655055
syn-0091,1,0,2,4,4,0.00027123684,8.8272966e-05,7.246968e-05,0.0005839633,0.9969592,0.00070027896,0.00028936524,0.0002292983,0.00031819372,0.00017892681,0.00014133556,0.00016734915
syn-0095,1,0,2,11,11,0.00020219246,0.0003491867,0.00030936225,0.00016526658,0.00019115175,0.00019915495,0.00028835732,0.00034562446,0.000102716614,0.00034394092,0.00037152582,0.99713147
syn-0100,1,0,2,2,2,0.00020804167,0.00028665952,0.9973291,0.00030709058,7.687133e-05,0.0001369042,0.00034312837,0.00047192984,0.0001845849,0.00017838246,0.00022971963,0.00024765948
syn-0101,1,0,2,3,3,0.00019210644,0.0003676824,0.00029645264,0.99723035,0.0004986513,0.0002969597,0.0002719738,7.081017e-05,8.7781125e-05,0.0002449891,0.00025153463,0.00019070454
syn-0103,1,0,2,11,11,0.00022823819,0.000434709,0.00024012773,0.00019752368,0.00024331444,0.00019665758,0.00029942804,0.00027156944,8.392316e-05,0.0002988438,0.00029826068,0.99720734
syn-0107,1,0,2,10,10,0.00012641177,0.00019655669,0.00017085481,0.00022370886,0.00013972027,0.0001840179,0.00039997423,0.00018330046,0.00025729882,0.00022056342,0.99766964,0.00022789845
syn-0128,1,0,2,2,2,0.0002238758,0.00030317617,0.9974396,0.00032391338,7.939778e-05,0.00013558877,0.0002949985,0.00039555508,0.00018852233,0.00016775713,0.00020857331,0.00023901375
syn-0149,1,0,2,8,8,0.00011525401,0.00019576673,0.00011368901,6.3898435e-05,0.00021002704,0.00014135016,0.00025464315,0.00024003413,0.9980362,0.00028890095,0.0002636903,7.6625925e-05
syn-0158,1,0,2,1,1,0.00029216032,0.9970504,0.0002627875,0.00036707794,0.00010180951,0.00024470582,0.00044630773,0.00013149422,0.00034433304,0.00011051318,0.00030365036,0.00034466948
syn-0163,1,0,2,4,4,0.00029153062,0.00010617995,7.806315e-05,0.0003425021,0.99708986,0.00038910192,0.0004075514,0.00028947386,0.00046595704,0.00017523218,0.00016477624,0.00019973096
syn-0166,1,0,2,5,5,0.00027617093,0.00021959214,0.00012821212,0.00037637664,0.0015482754,0.99619055,0.00030044015,0.00026552618,0.00022239772,0.00011470435,0.00017135289,0.00018636545
syn-0171,1,0,2,6,6,0.00013682034,0.00019617757,0.00023640436,0.00020299878,0.00027896074,0.00027163513,0.9976921,6.733528e-05,0.0002582486,0.000116344934,0.000324213,0.0002187985
syn-0177,1,0,2,8,8,0.00020700914,0.00025637218,0.00011167305,8.106594e-05,0.0003065378,0.00013184026,0.00052162935,0.00018656116,0.99772376,0.00022913824,0.00015996427,8.446004e-05
syn-0179,1,0,2,1,1,0.00027670432,0.9973838,0.00023518015,0.00028828948,8.779463e-05,0.00026403312,0.00029175897,0.00013637794,0.00025603463,9.958154e-05,0.00025022577,0.00043008788
syn-0181,1,0,2,10,10,0.00029556904,0.0007601248,0.0003747305,0.0004679564,0.00037583,0.00023959296,0.006507426,0.00025182797,0.0075340173,0.0007840622,0.9819551,0.0004537804
syn-0191,1,0,2,4,4,0.0002921689,0.00010607523,9.906629e-05,0.0039726766,0.9931925,0.0007718326,0.00048720484,0.00015554903,0.00031116407,0.00021543184,0.00022075613,0.00017557296
syn-0192,1,0,2,5,5,0.00024357901,0.0004179996,0.00022102447,0.0010170287,0.00036906352,0.9963438,0.00030180978,0.00029829357,0.00018951437,0.00012636713,0.0002021314,0.00026948575
syn-0194,1,0,2,1,1,0.0010137669,0.5612011,0.0015196167,0.00061789044,0.00069268054,0.0010117888,0.0021492904,0.0011123182,0.42693928,0.0010367947,0.0016746868,0.0010307375
syn-0196,1,0,2,4,4,0.0008686336,9.788721e-05,6.40082e-05,0.00035923862,0.99682605,0.0003812888,0.00030648638,0.00021802227,0.0003540147,0.00018083508,0.0001532481,0.00019034819
syn-0197,1,0,2,11,11,0.00033128876,0.00030393346,0.00022641626,0.00019903267,0.00028747754,0.00020464996,0.000336588,0.00031588654,9.3148185e-05,0.00045659248,0.00023902649,0.9970059
syn-0203,1,0,2,8,8,0.00011649933,0.00021828798,0.00012461991,6.795346e-05,0.00023202621,0.00015373484,0.00031264493,0.00023654476,0.998041,0.00021850126,0.0001976888,8.061796e-05
syn-0208,1,0,2,8,8,0.00013369857,0.00023236798,0.000112695496,6.579892e-05,0.00021219421,0.00013514253,0.00034301958,0.00018571275,0.99804795,0.00025720792,0.00020336888,7.0799055e-05
syn-0210,1,0,2,0,0,0.9973436,0.00028659368,0.00018832018,0.00024887535,0.0005435937,0.0002532888,0.00013797995,0.000232204,0.00014474304,0.00023969193,0.0001707156,0.00021049708
syn-0224,1,0,2,8,8,0.00014481769,0.00024682478,0.00010878167,7.232282e-05,0.00030973885,0.00017451297,0.00039919608,0.00018989509,0.997858,0.00020906875,0.00021750327,6.93487e-05
syn-0239,1,0,2,6,6,0.00013594981,0.00017051926,0.00023941626,0.00025498174,0.00032197323,0.00020892457,0.9976568,5.6755387e-05,0.00022201928,0.000106760344,0.0003931438,0.00023267421
syn-0242,1,0,2,0,0,0.99741346,0.00027603778,0.00022474611,0.00025011104,0.0004203939,0.00023244713,0.00015774307,0.00023541696,0.0001461737,0.00026326854,0.00016148383,0.0002187908
syn-0243,1,0,2,10,10,0.00013417075,0.00023109166,0.00019935943,0.00022524298,0.000113980495,0.00016567878,0.00030092246,0.00019984676,0.00024348627,0.00023720805,0.99766797,0.00028107324
syn-0250,1,0,2,11,11,0.00020502874,0.00031523738,0.00026274842,0.00014194993,0.00018441583,0.00017324263,0.00026403455,0.00034285593,9.4190385e-05,0.0003609805,0.00026623535,0.99738914
syn-0260,1,0,2,11,11,0.00022589396,0.00053141033,0.00029047878,0.00020179912,0.000199838,0.00022380796,0.00025460025,0.00040605618,0.00010196764,0.0003718002,0.0005415608,0.99665064
syn-0262,1,0,2,10,10,0.00014894978,0.00019809871,0.00019078892,0.00023052903,0.00013351771,0.00015352794,0.00037122265,0.00019398278,0.00026231003,0.00024599672,0.99767166,0.00019945754
syn-0265,1,0,2,3,3,0.00024332115,0.00036101282,0.00029421877,0.9972349,0.0003505897,0.0003462515,0.00023445714,7.8840676e-05,8.2463106e-05,0.00034271923,0.0002559964,0.00017534326
syn-0271,1,0,2,2,2,0.00020404358,0.00029950246,0.9974552,0.00036025606,7.103394e-05,0.00012454677,0.0003077674,0.0003889031,0.00016580526,0.0001988309,0.0002068524,0.00021730934
syn-0274,1,0,2,9,9,0.00021999686,0.00011701071,0.0001869826,0.0002826885,0.00014690773,0.00010488773,0.0001257796,0.00025959965,0.00042632577,0.9975393,0.00030047988,0.00029009968
syn-0279,1,0,2,0,0,0.9969957,0.000363757,0.00026238844,0.00021615122,0.00045943918,0.00026072815,0.00017453253,0.00022752219,0.00040709024,0.00027605693,0.00016621515,0.00019038058
syn-0280,1,0,2,0,0,0.99701333,0.00039863912,0.00023020823,0.00022095712,0.00046248594,0.000274449,0.00017937392,0.00021636626,0.00039747293,0.00024149186,0.00016126149,0.0002039532
syn-0282,1,0,2,7,7,0.0013474713,0.0003597129,0.0006852869,0.00018974059,0.0041530374,0.016045086,0.00015305755,0.9753773,0.00041686703,0.00042425955,0.00029273026,0.00055550446
syn-0286,1,0,2,8,8,0.00012769715,0.00026947822,0.000107217194,6.5925706e-05,0.00020971616,0.0001271993,0.00036328714,0.00019329396,0.99801993,0.0002499578,0.00019855528,6.775324e-05
syn-0288,1,0,2,9,9,0.0002384531,0.00012926543,0.00017208708,0.0003361086,0.00014951186,0.00010086884,0.00013015211,0.00021552962,0.0003130583,0.99753225,0.00024173559,0.0004408973
syn-0295,1,0,2,10,10,0.00015903021,0.00033071995,0.00016012105,0.00040523126,0.00020975698,0.0001501263,0.00091739267,0.00012840984,0.00022880353,0.00020034707,0.9967529,0.0003571137
syn-0298,1,0,2,7,7,0.00027896708,0.00014722081,0.0003796308,6.497889e-05,0.00026257767,0.00063918595,6.542461e-05,0.9972277,0.00031323027,0.00021016454,0.00017594233,0.00023491384
syn-0305,1,0,2,1,1,0.000239696,0.9973605,0.00029526334,0.00033629697,9.0314425e-05,0.00021623033,0.00025854123,0.00014875799,0.00025879385,0.00012441339,0.00025070913,0.0004204229
syn-0318,1,0,2,11,11,0.00032558903,0.0012438516,0.00034523648,0.00031296306,0.00027876315,0.000256558,0.00038176897,0.00037274326,0.00013546087,0.00039254362,0.00042839683,0.995526
syn-0326,1,0,2,1,1,0.00023989892,0.99723047,0.00023297258,0.00027693209,0.00010182789,0.00021800425,0.00034964792,0.00013358907,0.00036957237,0.00011629111,0.00025006518,0.00048070584
syn-0328,1,0,2,10,10,0.0001340397,0.0002524448,0.00018072274,0.00023605242,0.00013443295,0.0001622363,0.00033114452,0.00017774722,0.0002766478,0.00023982824,0.9976672,0.00020760474
syn-0332,1,0,2,6,6,0.00010908958,0.00018206732,0.00025019672,0.0002170035,0.0002719177,0.00022808496,0.9977551,6.63603e-05,0.00023264033,0.000114548406,0.00035015764,0.00022291021
syn-0338,1,0,2,8,8,0.00012077339,0.00024100892,0.00011995061,6.8949135e-05,0.0002000963,0.00013109829,0.00024189314,0.00020574362,0.9979388,0.00041408167,0.00023983499,7.774904e-05
syn-0355,1,0,2,5,5,0.00028795624,0.0003463254,0.0002320582,0.00018011044,0.00033855063,0.9952584,0.00024212852,0.0022506197,0.0003078778,0.00013769147,0.00018384223,0.00023433547
syn-0366,1,0,2,9,9,0.00042494904,0.00020680047,0.00025412065,0.0013134168,0.000384097,0.00014465225,0.00019907237,0.00020499085,0.00059403025,0.9928322,0.0015250788,0.001916617
syn-0369,1,0,2,6,6,0.00013102894,0.00021879024,0.00023524399,0.0002478008,0.00029672356,0.00054695865,0.99741095,7.931799e-05,0.00020805874,0.00010125131,0.0003415059,0.00018236032
syn-0370,1,0,2,9,9,0.00023025565,0.00012586203,0.00021715178,0.0004330985,0.00015648494,0.00011063983,0.00013138803,0.00021981879,0.00034439116,0.9972187,0.0004696078,0.00034246276
syn-0391,1,0,2,0,0,0.99731857,0.00039842055,0.00026595665,0.00022792951,0.00035840843,0.00026311498,0.00015834538,0.00021770436,0.00019053524,0.00024239288,0.0001566535,0.00020183579
syn-0392,1,0,2,1,1,0.00031140182,0.9973544,0.00030530422,0.00037079322,8.409962e-05,0.00021019123,0.00022440385,0.00014992378,0.00021675754,0.0001217682,0.00024335031,0.0004076346
syn-0396,1,0,2,3,3,0.00019264642,0.00032658444,0.00031769776,0.9971079,0.00048116775,0.00037898333,0.0002820838,7.2268456e-05,8.141246e-05,0.00036299948,0.00023113115,0.00016510136
syn-0407,1,0,2,6,6,0.000111990434,0.00019876912,0.00026146852,0.00033536358,0.00030227387,0.0002377213,0.99763227,5.4049364e-05,0.00019378577,0.00011487036,0.00031485272,0.00024252833
syn-0411,1,0,2,2,2,0.00019970699,0.00031657008,0.9974572,0.00031831383,7.061909e-05,0.0001256465,0.00030690513,0.0004094596,0.00018183528,0.0001938464,0.00020786529,0.00021206861
syn-0414,1,0,2,5,4,0.0003401316,0.00016739363,0.00010353187,0.0006831644,0.98849803,0.008354073,0.0003643738,0.0003170375,0.00049283885,0.00021832247,0.00021598977,0.00024498758
syn-0420,1,0,2,2,2,0.00018990682,0.00026340215,0.99743253,0.00029905725,7.4296e-05,0.00012849738,0.0003181894,0.00046217235,0.00018352554,0.00019431543,0.0002173044,0.00023680492
syn-0430,1,0,2,1,1,0.00030420604,0.996926,0.00036846867,0.0006087641,0.00010730906,0.00044587092,0.00024229748,0.00013147782,0.00019526272,9.7135184e-05,0.00019901672,0.00037417983
syn-0431,1,0,2,3,3,0.00028551221,0.00037861176,0.00026399118,0.9972254,0.00038735382,0.0002685415,0.00023954654,7.2843846e-05,9.371621e-05,0.00031464748,0.00029278288,0.00017697587
syn-0432,1,0,2,6,6,0.00011946291,0.00017733235,0.00025808,0.00024807197,0.0002741552,0.0002530265,0.9977714,6.363243e-05,0.00019667274,0.000115448696,0.00031336275,0.0002094593
syn-0477,1,0,2,7,7,0.0024813495,0.020424042,0.18212642,0.0021685027,0.0024596362,0.0027735573,0.0011573202,0.7667808,0.0023862906,0.002582716,0.004484376,0.010175017
syn-0485,1,0,2,10,10,0.00016073365,0.00022945472,0.00016705494,0.00021481724,0.00012384198,0.00016960285,0.0003104658,0.00017370968,0.00035086035,0.00023795525,0.9976393,0.00022217805
syn-0488,1,0,2,10,10,0.00015496317,0.00018756127,0.0001743149,0.00022197452,0.00014578784,0.00014786691,0.00032637946,0.00016649494,0.00025774652,0.0002542466,0.9976992,0.00026347258
syn-0489,1,0,2,11,11,0.00027182378,0.00035245382,0.0002804524,0.0001721081,0.0002302437,0.0002708963,0.00038034984,0.00043490375,0.0001219238,0.0003731754,0.00043151926,0.99668026
syn-0498,1,0,2,7,7,0.000274454,0.00014867258,0.00033869865,5.6237204e-05,0.00027680924,0.00042669429,5.8363337e-05,0.9972748,0.0004263949,0.00025376645,0.00020261687,0.0002624619
syn-0003,1,0,3,2,2,0.00013991058,0.00025960666,0.9975662,0.00040174316,8.884577e-05,8.64493e-05,0.0002687645,0.0004661441,9.457583e-05,0.0001536617,0.00018644064,0.000287604
syn-0010,1,0,3,9,9,0.00028919123,0.00018185703,0.00015746102,0.0002673276,0.00012025887,0.00014142308,0.00010256195,0.00027021475,0.00039205782,0.99757653,0.0002273215,0.00027380072
syn-0020,1,0,3,6,6,0.00011521258,0.00019351086,0.00024253929,0.00025818177,0.00021493036,0.0004196334,0.9976774,6.184979e-05,0.00024053435,0.00010479986,0.00029825562,0.00017320811
syn-0024,1,0,3,2,2,0.00015387865,0.00025594264,0.9975122,0.00045299277,7.083019e-05,9.9789075e-05,0.0002313378,0.0005283753,0.00010488489,0.00019150507,0.00015320389,0.00024511816
syn-0027,1,0,3,4,4,0.00040688866,7.6948345e-05,9.832237e-05,0.0006512389,0.9963804,0.00076249155,0.00025993187,0.00044172743,0.00041445825,0.00017544982,0.00013308472,0.00019910214
syn-0043,1,0,3,9,9,0.00022046578,0.00014479694,0.00019551268,0.00021410051,0.000108659915,0.000116007235,9.683307e-05,0.00031968128,0.00028177357,0.997715,0.000323055,0.0002641853
syn-0044,1,0,3,2,2,0.00014470039,0.00033553614,0.99753666,0.00036478697,7.279546e-05,8.2810904e-05,0.00025626153,0.00045923982,0.00010970663,0.0001688418,0.0001775505,0.0002910211
syn-0052,1,0,3,4,4,0.0016798562,9.6734606e-05,0.00010449296,0.0007124255,0.99475574,0.0008186965,0.00025887525,0.00048446987,0.0003824994,0.00024545743,0.00015964425,0.00030118163
syn-0056,1,0,3,8,8,0.00013221089,0.000188645,6.9772366e-05,9.630341e-05,0.0001948234,0.00010053163,0.00039950776,0.00019905434,0.99808866,0.000237366,0.0002586668,3.4539826e-05
syn-0057,1,0,3,8,8,9.016917e-05,0.0001333916,7.06365e-05,7.132968e-05,0.00023189104,0.00012641601,0.00032128143,0.00019107464,0.99770314,0.00027554558,0.00074727536,3.7919923e-05
syn-0061,1,0,3,4,4,0.00049087894,0.000116907504,0.00012120895,0.0005923299,0.9947147,0.0014824066,0.00043905526,0.0007073485,0.000492199,0.00022978964,0.00027341544,0.000339773
syn-0064,1,0,3,6,6,0.000283954,0.00045121636,0.0002571581,0.00032239108,0.0012208569,0.00025665635,0.992025,5.390327e-05,0.00083407795,0.00013302157,0.003505175,0.0006566762
syn-0070,1,0,3,2,2,0.00015404171,0.00028446972,0.99759465,0.00042221905,8.338379e-05,7.987677e-05,0.00027427403,0.0003901314,9.8250115e-05,0.00015239582,0.00019577569,0.0002704837
syn-0072,1,0,3,0,0,0.9975668,0.00025260434,0.00018008797,0.00019529286,0.0003915279,0.00022118774,0.00012615211,0.00027286384,0.0001727666,0.00022577067,0.00013194833,0.000263052
syn-0074,1,0,3,5,9,0.0049832026,0.002065172,0.00032915967,0.0039353073,0.00047427032,0.0134469,0.00027341646,0.0011266588,0.0022010494,0.96977973,0.00066752324,0.00071754795
syn-0075,1,0,3,7,7,0.00023524393,0.00014236949,0.00045272557,5.2785592e-05,0.00028058945,0.00034277968,5.0763403e-05,0.9974107,0.00027275452,0.0002909488,0.00020087122,0.00026747896
syn-0081,1,0,3,10,10,0.0001466538,0.00060012157,0.00023139572,0.00019034093,0.00021929514,0.00016781132,0.0007371435,0.00021758855,0.005271688,0.0007433297,0.99096453,0.0005101255
syn-0097,1,0,3,10,10,0.00014483416,0.0003582493,0.00020000518,0.00013921765,0.00013310213,0.000116662,0.00033384352,0.00017427736,0.0003925094,0.00024631107,0.9974843,0.00027666468
syn-0102,1,0,3,1,1,0.00030475468,0.9975056,0.0002620104,0.00028552272,8.5603984e-05,0.00022454749,0.00024625618,0.0001300216,0.0003615519,0.0001437803,0.00019719724,0.00025320626
syn-0105,1,0,3,4,4,0.0031399408,0.00010005001,8.8725996e-05,0.00057163375,0.99427766,0.0004518547,0.00021461672,0.0002916325,0.00034145272,0.00016771595,0.00013241537,0.00022240462
syn-0120,1,0,3,3,3,0.0002659227,0.000507846,0.00038147505,0.99573153,0.0005506563,0.00017499346,0.0005146484,6.5390275e-05,0.00024035845,0.00093612645,0.00034989032,0.00028114478
syn-0121,1,0,3,9,9,0.0002541973,0.00016292445,0.00016340248,0.00019187822,0.00011296473,0.000134018,9.7667405e-05,0.0003244097,0.0005585489,0.9975057,0.00025946417,0.00023486461
syn-0135,1,0,3,0,0,0.9975383,0.000259346,0.00017573954,0.00020676866,0.00036986696,0.00019614735,0.00013666574,0.00024965426,0.00019653082,0.00024434782,0.00015157092,0.00027499607
syn-0136,1,0,3,6,6,0.0001359431,0.0002773075,0.0002520602,0.0002745456,0.00018763564,0.00032050646,0.9976076,6.799032e-05,0.00024676285,0.00012408016,0.00032183947,0.0001837371
syn-0139,1,0,3,1,1,0.00028354957,0.9976507,0.0002438985,0.00028612255,7.652157e-05,0.00025262556,0.00022601025,0.00012890257,0.00022501922,0.00013681466,0.00024023448,0.0002496824
syn-0147,1,0,3,0,0,0.9973375,0.0002776388,0.00019572522,0.00026661184,0.00044320553,0.00019754947,0.00016497818,0.00025677393,0.00022102898,0.0002440602,0.0001488999,0.0002459744
syn-0156,1,0,3,6,6,0.00012217613,0.00022842229,0.00023486902,0.000279903,0.00023544315,0.00032048955,0.99776804,5.64301e-05,0.00023498376,0.00010429886,0.00024428478,0.00017078826
syn-0159,1,0,3,11,11,0.00031366435,0.00033651272,0.00026374523,0.00017977081,0.00018556794,0.00017672466,0.0002511764,0.00031122338,6.0215683e-05,0.00033733525,0.00031435429,0.9972697
syn-0160,1,0,3,5,5,0.0002770975,0.0003781007,8.0071055e-05,0.00047989335,0.00046889108,0.9970956,0.0003342026,0.00022022135,0.00016786311,0.00014799408,0.00016753556,0.00018256991
syn-0168,1,0,3,1,1,0.00023590759,0.997542,0.000273257,0.00028414233,8.3787505e-05,0.00026731833,0.0002778314,0.00012238725,0.00023452935,0.00012977263,0.00026967816,0.00027932765
syn-0169,1,0,3,4,4,0.00080777524,9.029858e-05,0.000106501684,0.0004576234,0.9962121,0.0004668771,0.00033288903,0.00047672514,0.00037675252,0.00019897132,0.00018930437,0.0002841795
syn-0172,1,0,3,10,10,0.00013056312,0.00030895168,0.00017045278,0.00013993707,0.00015504754,0.00016296517,0.0004070523,0.0001646448,0.0010564581,0.00026143686,0.9967811,0.00026143686
syn-0175,1,0,3,11,11,0.00043714436,0.0006441675,0.0002609034,0.0002090285,0.00018718904,0.00028182848,0.00037868656,0.0002504188,8.713604e-05,0.00038842476,0.0030987673,0.9937763
syn-0182,1,0,3,6,6,0.000121460755,0.00022171614,0.00023798287,0.00026897952,0.00022144565,0.0003452395,0.9977551,6.0068745e-05,0.00022992998,0.00010666664,0.00027401693,0.00015733547
syn-0183,1,0,3,4,4,0.0009563,0.00024746402,0.00017158079,0.0019393399,0.9668251,0.026119692,0.00086944655,0.0008066628,0.00069031224,0.0004560458,0.00038931554,0.0005287641
syn-0185,1,0,3,7,2,0.041580677,0.0047735237,0.7370351,0.0012704285,0.0014367753,0.0033438664,0.017118922,0.16381362,0.0032504955,0.009618096,0.00393235,0.012826176
syn-0188,1,0,3,10,10,0.0001521758,0.00027294355,0.00017687214,0.00012665194,0.00014598918,0.000117362906,0.0003153472,0.0001904988,0.00037995202,0.0002263334,0.99761474,0.0002811955
syn-0189,1,0,3,10,10,0.00038460147,0.0010049136,0.00019235384,0.00026061587,0.00020040739,0.00012528933,0.0007968953,0.00015320817,0.0010093395,0.00069053995,0.993651,0.0015308147
syn-0200,1,0,3,5,3,0.0014975182,0.0017473601,0.0012487819,0.69910806,0.0067245318,0.28136396,0.0014514445,0.0038493373,0.0004364415,0.0011375841,0.00037257982,0.0010624181
syn-0202,1,0,3,10,10,9.76941e-05,0.00026067815,0.00018886282,0.00011189751,0.000143539,0.00014048806,0.00041286697,0.00025414268,0.0014739606,0.0006901571,0.99583155,0.0003941528
syn-0205,1,0,3,2,2,0.00012752747,0.00031563354,0.99766773,0.0003813779,6.739943e-05,8.241837e-05,0.00025742396,0.00039579652,9.7112585e-05,0.00016255358,0.00018143018,0.0002634643
syn-0221,1,0,3,11,11,0.0009463752,0.00071112736,0.00043982762,0.00029731175,0.00038045322,0.00041743825,0.00042567152,0.00043427912,0.00046568605,0.000583816,0.00037786132,0.9945201
syn-0241,1,0,3,1,1,0.0002862085,0.9977068,0.00024225056,0.000295438,7.988575e-05,0.00020589677,0.00020700562,0.00010317813,0.00016617133,0.00012121789,0.00030318333,0.00028273597
syn-0247,1,0,3,3,3,0.00035771288,0.0003806904,0.00038555422,0.9953831,0.001411332,0.00020154248,0.0006254153,4.4402903e-05,0.0001705465,0.0005627613,0.00018512647,0.00029195673
syn-0249,1,0,3,8,8,0.00015739669,0.00016919212,7.4312644e-05,8.113964e-05,0.00024962277,0.00023501471,0.00024944003,0.0002390656,0.997656,0.0005184834,0.00032481525,4.5648754e-05
syn-0258,1,0,3,3,3,0.00035680292,0.00060605374,0.0002810167,0.9889803,0.0012126608,0.0067818677,0.00045192297,0.000114655246,0.00015100613,0.0006328172,0.00018519732,0.0002455863
syn-0273,1,0,3,0,0,0.99746096,0.00027256858,0.00019738109,0.00018963424,0.00035333325,0.00022257262,0.00012638533,0.00023473943,0.00012406193,0.00027618578,0.00014833774,0.000393787
syn-0276,1,0,3,6,4,0.00061863114,0.00017128512,0.0002868486,0.00081040064,0.9832345,0.0008807561,0.010690583,0.00032983843,0.0011524357,0.00020084014,0.0011140258,0.000509867
syn-0289,1,0,3,8,8,0.0045548687,0.017072788,0.000596303,0.00048148815,0.0010776584,0.0007830603,0.0010338466,0.0011410163,0.9711699,0.0012841325,0.0005095471,0.00029547978
syn-0291,1,0,3,1,1,0.00022307021,0.99774027,0.00024679565,0.00024764065,6.313527e-05,0.00021864886,0.00019782234,0.00011829827,0.00017338828,0.00013300632,0.0002848935,0.0003530441
syn-0293,1,0,3,0,0,0.8595535,0.004152246,0.0010903417,0.024217539,0.030286742,0.007380525,0.0044308472,0.0011326695,0.06474624,0.0010232816,0.00082303316,0.0011629319
syn-0296,1,0,3,3,3,0.00023595957,0.00039146104,0.00021993849,0.9967879,0.000519045,0.00081001996,0.000276404,6.419355e-05,0.00010379018,0.00027735037,0.00012265354,0.00019136601
syn-0297,1,0,3,11,11,0.0002935801,0.0006598186,0.00029072704,0.00020868833,0.00018724978,0.00015538718,0.00028931093,0.00024314887,7.390319e-05,0.00031496547,0.00026769956,0.9970155
syn-0299,1,0,3,1,1,0.00026592382,0.99768245,0.00023036273,0.00024557931,7.1050126e-05,0.00025424236,0.0002000449,0.00012852959,0.0002177838,0.00013535716,0.00024581928,0.00032288674
syn-0301,1,0,3,3,3,0.00024209775,0.00043116463,0.00020129494,0.995618,0.0010419134,0.001032292,0.00060611276,4.4500208e-05,0.00012072808,0.00019672798,0.00025396416,0.00021126455
syn-0307,1,0,3,3,3,0.00080308894,0.0015055045,0.0006897752,0.99140024,0.00092932774,0.00026309062,0.0013256869,8.294699e-05,0.00033128113,0.00054645695,0.00023931293,0.0018832614
syn-0312,1,0,3,11,11,0.00058806705,0.00083862233,0.0003496965,0.00020179675,0.00025114007,0.00021189463,0.0004126472,0.0004674764,0.00026448083,0.00048102217,0.0002670763,0.995666
syn-0321,1,0,3,9,9,0.00025272343,0.00017947044,0.00016293165,0.00023904016,0.00010938715,0.00011463674,0.00012155442,0.00022107603,0.00044917254,0.99754983,0.00032017508,0.000280081
syn-0329,1,0,3,8,8,0.00015870362,0.00014549248,7.0389935e-05,8.205342e-05,0.00021277842,9.782222e-05,0.00021766483,0.00022006936,0.9981117,0.00038909673,0.00025553434,3.8683662e-05
syn-0336,1,0,3,0,0,0.9975051,0.00028000007,0.0001780658,0.00022487655,0.00035821303,0.00020315903,0.00012763127,0.0002354386,0.00014182787,0.0002904441,0.00015440439,0.00030091003
syn-0341,1,0,3,8,8,0.00014888146,0.000163914,7.449766e-05,8.820936e-05,0.00020700446,9.172321e-05,0.0002778757,0.00022785002,0.99818844,0.00028687145,0.00020857707,3.6201047e-05
syn-0352,1,0,3,8,8,0.00012641969,0.00016035662,6.658597e-05,8.4172556e-05,0.00018720145,9.802403e-05,0.0003014013,0.00023474592,0.9982193,0.00023966822,0.0002476386,3.4544348e-05
syn-0364,1,0,3,4,8,0.0001885802,0.00021017109,6.843275e-05,0.00014027784,0.00088831654,0.0003271926,0.0010554173,0.00014487215,0.99628544,0.00019647577,0.00044754686,4.721718e-05
syn-0368,1,0,3,9,9,0.0002820087,0.00016827178,0.0001532132,0.00022943944,0.00011308271,0.00013627065,9.6819276e-05,0.00025113008,0.00035627486,0.99757284,0.0002214052,0.00041917988
syn-0379,1,0,3,3,4,0.007604444,0.0006680474,0.0004099675,0.18343094,0.7677613,0.027639894,0.0028381061,0.000395805,0.0019077419,0.0014365277,0.0051322505,0.00077494845
syn-0385,1,0,3,5,4,0.00052212464,9.0336565e-05,0.0001017667,0.0004542531,0.9956584,0.0014852629,0.0002644788,0.0005460913,0.000306651,0.00018736048,0.00014706093,0.00023615298
syn-0386,1,0,3,10,10,0.00014477441,0.00018826906,0.00020880226,0.00015127844,0.00019348806,0.00011419095,0.0003463643,0.00018453745,0.00041848418,0.00029238095,0.9975598,0.00019749705
syn-0388,1,0,3,5,5,0.0010334968,0.00076765474,0.0007190353,0.08942473,0.004151929,0.8978813,0.0013179957,0.0022221978,0.0004202295,0.00071413675,0.00039284618,0.0009544292
syn-0401,1,0,3,11,11,0.00048622768,0.0013912341,0.00039956957,0.00025735243,0.00018107005,0.00025262136,0.00025937086,0.00035590547,7.8258454e-05,0.00041154932,0.00023941079,0.9956874
syn-0409,1,0,3,10,10,0.00014946375,0.0002746376,0.0002030992,0.0001370887,0.00014997549,0.00011177932,0.0002900043,0.00017783961,0.00029227883,0.0002623811,0.99769837,0.00025313155
syn-0413,1,0,3,9,9,0.00028791217,0.00017681546,0.00016464927,0.00020351335,0.00012464843,0.00011652601,8.753002e-05,0.00033693234,0.0006337902,0.9972951,0.00028131137,0.000291306
syn-0417,1,0,3,7,7,0.010308609,0.0010014375,0.0023227343,0.0007663306,0.012087347,0.017595576,0.0015299952,0.5970862,0.00089855987,0.0023604643,0.0030338578,0.35100886
syn-0418,1,0,3,0,0,0.9974916,0.00028468345,0.00018069094,0.00019623396,0.00039307866,0.00022685864,0.00012700786,0.00024505326,0.00014462322,0.00023337518,0.00014420014,0.000332585
syn-0440,1,0,3,1,1,0.0002901606,0.99750525,0.00021753256,0.000269405,8.5939e-05,0.00023406312,0.00021125202,0.00011655056,0.0003927483,0.0001515659,0.00023122325,0.00029429854
syn-0452,1,0,3,10,10,0.00011049567,0.0002780575,0.0004116452,0.00021676297,0.00029685907,0.0002084589,0.00734843,0.00026753586,0.0010992019,0.00023391933,0.98913455,0.00039404322
syn-0453,1,0,3,1,1,0.0002471534,0.9977239,0.00024982268,0.0002709814,7.68267e-05,0.00019484731,0.00022057541,0.00010792062,0.00016912103,0.0001259258,0.0003092439,0.00030370714
syn-0456,1,0,3,11,11,0.0002779007,0.000519274,0.00039056555,0.00051981903,0.00025093977,0.00014608627,0.00032229174,0.00017881395,5.1582465e-05,0.0003122996,0.00021359467,0.99681693
syn-0459,1,0,3,5,8,0.052337542,0.0014056875,0.0008025025,0.001168775,0.077198945,0.033692803,0.002193176,0.0031832708,0.82511806,0.0013192322,0.00084513193,0.0007349807
syn-0460,1,0,3,8,8,0.00018153616,0.0013225205,0.00016888013,0.00015818409,0.00021120349,0.00011686567,0.0021082286,0.0002073208,0.9943587,0.00029552678,0.0008173714,5.3609605e-05
syn-0461,1,0,3,2,2,0.00015351929,0.00022705305,0.99761546,0.00034370908,8.1852595e-05,8.13744e-05,0.00023266455,0.00054787274,0.00010048396,0.00015940114,0.00019077817,0.00026597088
syn-0468,1,0,3,6,6,0.00014608426,0.0002397961,0.00024983598,0.00028580966,0.00020065086,0.000254888,0.99777704,5.6210603e-05,0.00023717605,0.0001134377,0.00025216458,0.00018693587
syn-0476,1,0,3,7,7,0.0003911417,0.00020496303,0.000426919,5.719477e-05,0.00045102643,0.0043865847,7.925213e-05,0.9926974,0.00039507655,0.00047278707,0.00016777676,0.00026994557
syn-0487,1,0,3,6,6,0.00015020736,0.00027165856,0.0002721232,0.0003040204,0.00024238619,0.00044942275,0.997291,6.397555e-05,0.00045527582,0.00010893242,0.00022637047,0.00016456824
syn-0490,1,0,3,7,7,0.00022961955,0.0001235684,0.00047357052,5.0613424e-05,0.00037589626,0.0004109432,5.4194326e-05,0.9973815,0.00022833381,0.0002660384,0.00018531708,0.0002203921
syn-0493,1,0,3,8,8,0.00014930774,0.0001537467,8.173403e-05,0.00010413186,0.0003021996,0.00012103123,0.00022644756,0.00031856354,0.9971437,0.0009986459,0.00034524917,5.525003e-05
syn-0008,1,0,4,8,8,0.00010968874,0.00016242637,0.000101643825,5.012118e-05,0.0001900812,9.880562e-05,0.00025472284,0.00020219227,0.9983485,0.00023725395,0.00020106007,4.3546035e-05
syn-0014,1,0,4,0,0,0.99728334,0.00032346754,0.00022982128,0.00033783438,0.00045706812,0.00012935945,0.00014083034,0.00020291562,0.00016384537,0.00025191676,0.00031366863,0.00016593869
syn-0019,1,0,4,0,0,0.9960276,0.00040097669,0.00024255237,0.0006377352,0.00084928225,0.00013329768,0.00019757921,0.00020726355,0.00012608053,0.00035637492,0.00059571484,0.0002255324
syn-0022,1,0,4,10,11,0.00021765874,0.000764728,0.00044606192,0.00025484187,0.0001248689,0.00024930338,0.00039848295,0.0003618498,7.551525e-05,0.000393072,0.0015497037,0.9951639
syn-0035,1,0,4,9,9,0.00025801006,0.00016879452,0.00011760765,0.00035128306,0.00013549782,7.4029485e-05,0.000103788385,0.00027478443,0.00063733506,0.9967706,0.00078221486,0.00032599608
syn-0037,1,0,4,8,8,0.00012555263,0.00012246468,9.6877535e-05,5.5469343e-05,0.00025919444,0.00013728793,0.0003220612,0.00016319274,0.9981731,0.00024853565,0.0002514653,4.4876597e-05
syn-0039,1,0,4,1,1,0.00025740702,0.99784565,0.00019861756,0.0002398126,0.00010698931,0.00022081788,0.00017180527,0.00013250178,0.00020482233,0.00011877383,0.00025021943,0.00025267494
syn-0041,1,0,4,10,10,0.00016921062,0.000165614,0.00013993848,0.00020762511,8.554267e-05,0.00010298282,0.00022106974,0.0001267948,0.00031431855,0.00034587042,0.99776506,0.00035590265
syn-0046,1,0,4,8,8,0.002037543,0.00027534785,0.00015850546,8.6769054e-05,0.00064245367,0.00017055045,0.00025590157,0.00040644125,0.99540627,0.000307623,0.00017961022,7.306687e-05
syn-0048,1,0,4,11,11,0.00021539751,0.0008733948,0.00032716154,0.0002649435,0.00021655756,0.00024840576,0.00028465953,0.00029948825,8.944098e-05,0.0004913075,0.00025516716,0.9964342
syn-0054,1,0,4,5,5,0.0001428893,0.00019492545,0.00014254088,0.00033794378,0.00030282917,0.9976367,0.00029948383,0.00038243827,0.00016238984,8.437024e-05,0.00013647914,0.00017704886
syn-0055,1,0,4,3,3,0.0001867853,0.00028648728,0.00022997432,0.9979475,0.00021646325,0.000230199,0.00022486645,4.879729e-05,5.5946366e-05,0.00023960296,0.00020374596,0.00012969867
syn-0076,1,0,4,5,5,0.00019176262,0.00019717473,0.000109049855,0.00037798795,0.0004468968,0.9973917,0.00036398481,0.00029700776,0.00020452932,7.068344e-05,0.00019544933,0.00015370987
syn-0080,1,0,4,3,3,0.00020635192,0.0002673001,0.00022224976,0.9979613,0.000245588,0.00023681478,0.00019347144,5.6275916e-05,5.7498048e-05,0.00024320134,0.00018024718,0.00012970046
syn-0084,1,0,4,5,5,0.00012457122,0.0001856389,0.0001336454,0.00028713734,0.00043879522,0.99765104,0.0002794264,0.0003253295,0.00017670594,7.980332e-05,0.00015262785,0.00016527197
syn-0106,1,0,4,10,10,0.0001751148,0.0003819551,0.00015140127,0.00016890033,8.736801e-05,0.0001130626,0.0004531609,9.102596e-05,0.00043214532,0.00020393176,0.9973954,0.0003466879
syn-0108,1,0,4,8,8,0.00012765887,0.00016098244,0.000100937184,5.1302555e-05,0.00017767001,8.977539e-05,0.0001947516,0.00018206105,0.99820817,0.00025264337,0.00040793375,4.6077224e-05
syn-0109,1,0,4,3,9,0.0019047118,0.0011660339,0.00053228746,0.17942207,0.0015806045,0.00056220766,0.0006265758,0.00046563157,0.000704478,0.81042063,0.0008690651,0.0017457295
syn-0111,1,0,4,3,3,0.00016990904,0.00027251,0.00019981115,0.99797744,0.00024137156,0.00026207033,0.00022498303,4.9181483e-05,5.4015294e-05,0.00023059967,0.0001845246,0.00013355863
syn-0113,1,0,4,11,11,0.00019340221,0.00030702533,0.00024845463,0.00015608748,0.00015306845,0.00015893303,0.0002915386,0.00024128128,7.5774384e-05,0.00031247,0.00025772196,0.9976042
syn-0124,1,0,4,6,6,9.599294e-05,0.00015581193,0.00020920766,0.00045795675,0.0003091948,0.00022549063,0.99779,4.2679887e-05,0.0001699601,9.450471e-05,0.00023470225,0.0002145352
syn-0129,1,0,4,11,10,0.00034622318,0.00067424093,0.0004428262,0.0003934733,0.0002510858,0.00028759026,0.0010209349,0.0003900302,0.00021729662,0.00039251387,0.98289293,0.012690973
syn-0138,1,0,4,4,4,0.00029961375,9.8164965e-05,7.210011e-05,0.00035316055,0.99770397,0.000267427,0.00030578428,0.0001320954,0.00030041943,0.0001356247,0.00015879377,0.00017287474
syn-0140,1,0,4,11,11,0.00027451987,0.00017872074,0.00021950847,0.00034923543,0.00023839057,0.00014976488,0.00024202646,0.00032441248,7.284716e-05,0.001483316,0.0001700376,0.9962973
syn-0142,1,0,4,4,3,0.0013016971,0.00066257326,0.00041180308,0.8395845,0.14761773,0.0067772483,0.0010765134,0.00026406872,0.0004366531,0.00080548425,0.0006103911,0.0004513947
syn-0143,1,0,4,1,1,0.00021223353,0.9977456,0.00020751968,0.00021589173,0.00011760778,0.00019724469,0.00022981556,0.00015368934,0.00020610595,0.00012954585,0.00024643572,0.00033840383
syn-0145,1,0,4,2,2,0.00014128002,0.00021913952,0.9980281,0.0002093087,5.4176526e-05,9.554817e-05,0.00019657933,0.00050112576,0.00012658077,9.6674456e-05,0.00013310967,0.0001983631
syn-0146,1,0,4,10,10,0.0001184034,0.00021492492,0.00013029492,0.00017303467,9.8207805e-05,0.000114760514,0.00022956975,0.00011063388,0.0003642632,0.00015114478,0.9981394,0.00015541051
syn-0150,1,0,4,3,3,0.0006941465,0.01020539,0.000488393,0.98365515,0.0007407212,0.0003127236,0.00076947646,6.782965e-05,0.00019897342,0.0011251989,0.0010166566,0.00072533113
syn-0165,1,0,4,8,8,0.00033824416,0.0008304448,0.00026393982,0.00017582183,0.0005595797,0.00019903776,0.004352282,0.00028959822,0.98301274,0.0009359764,0.0088348845,0.00020757376
syn-0174,1,0,4,10,10,0.00012331629,0.00017977494,0.00014558618,0.0001760397,9.860478e-05,0.00012182013,0.00020361225,0.00013590016,0.0002478319,0.00014737423,0.99826694,0.00015331981
syn-0176,1,0,4,10,10,0.00010681324,0.00016771292,0.00012659637,0.00017405358,9.8017335e-05,0.00010232082,0.00025343202,0.000105568826,0.00037592236,0.00018072214,0.9981511,0.00015762867
syn-0178,1,0,4,9,11,0.00082205934,0.0006755475,0.00076028064,0.001387488,0.0009709902,0.00086066994,0.0005184663,0.0010042618,0.00081566203,0.03368147,0.008189767,0.95031327
syn-0187,1,0,4,3,3,0.0001932892,0.00025883212,0.00020848584,0.9979954,0.00022290945,0.00028123413,0.00018642978,5.973219e-05,5.8064285e-05,0.0002362454,0.00017292524,0.0001265766
syn-0195,1,0,4,4,4,0.00027707824,0.00015887975,7.245686e-05,0.0010056229,0.9909594,0.006079506,0.00036456832,0.0002207982,0.0003116796,0.00016569352,0.00017500723,0.00020925178
syn-0206,1,0,4,8,8,0.00012040312,0.0001576499,0.000116926865,5.1331597e-05,0.00018831406,0.00011146349,0.00022915535,0.00018314517,0.9977983,0.00031741365,0.0006705717,5.5448512e-05
syn-0211,1,0,4,0,0,0.9975993,0.00023753941,0.00019711949,0.00027494572,0.00045444473,0.00014032573,0.00010499653,0.00025248926,0.00012801781,0.00024857477,0.00015172827,0.00021065387
syn-0215,1,0,4,10,10,0.00010607834,0.00013902943,0.00016494037,0.00016542431,0.00010033492,0.00014288348,0.0004992605,0.00011707452,0.0007884249,0.00029518886,0.997109,0.00037226648
syn-0217,1,0,4,6,6,8.640178e-05,0.00017496303,0.00022559131,0.0002280834,0.00023343525,0.00021063391,0.9979919,4.651932e-05,0.0002619462,9.828924e-05,0.000256817,0.00018538523
syn-0223,1,0,4,6,6,8.694704e-05,0.00016784047,0.00017529512,0.00019384462,0.00035336104,0.00016531904,0.9974481,4.2623615e-05,0.00033130427,0.000108418884,0.0006929672,0.00023410685
syn-0225,1,0,4,7,7,0.00015581105,0.00017595461,0.00016448893,4.5878096e-05,0.00015841934,0.00038861317,5.103099e-05,0.99778444,0.00043326482,0.00024238772,0.00016650915,0.00023332975
syn-0228,1,0,4,6,6,0.0011075741,0.0015764879,0.0014069581,0.40131646,0.013014178,0.0035595344,0.5726181,0.00019134309,0.00088476145,0.0010313649,0.0022598694,0.0010333813
syn-0229,1,0,4,7,5,0.00028350874,0.00027065806,0.00018020913,0.00028601152,0.0012441986,0.9909533,0.00020103781,0.0056116185,0.00032919724,0.00016043792,0.00012458365,0.00035525253
syn-0230,1,0,4,9,9,0.00021302598,0.00013330825,0.00011627352,0.0002045652,9.6112155e-05,6.895709e-05,8.196858e-05,0.00030070829,0.00036962924,0.9980539,0.0001446341,0.00021690957
syn-0232,1,0,4,8,8,0.00015108498,0.0001759476,0.0001006443,5.282905e-05,0.00027860107,0.00010829237,0.00020726633,0.00023394788,0.99823195,0.000274081,0.00014339405,4.1913834e-05
syn-0234,1,0,4,4,6,8.363082e-05,0.00014260855,0.00019316994,0.00048764894,0.00043563414,0.00024752092,0.99762315,4.004821e-05,0.00016591419,9.710824e-05,0.00026383868,0.00021974694
syn-0236,1,0,4,11,10,0.0017577884,0.0015649368,0.0008047742,0.0017153934,0.0067613623,0.0012935828,0.0050733075,0.0007005669,0.015820745,0.0015301788,0.9505352,0.012442122
syn-0237,1,0,4,4,4,0.0005208729,9.941032e-05,6.9875634e-05,0.00029562734,0.99761546,0.00024961264,0.00028842685,0.00016294236,0.00027168056,0.00015464783,0.00011046787,0.00016096541
syn-0255,1,0,4,2,2,0.00013516645,0.00022236271,0.9982247,0.0001989357,5.4187196e-05,8.942687e-05,0.00022446264,0.00029410663,0.00012452118,9.0128255e-05,0.00014346302,0.00019845061
syn-0264,1,0,4,0,0,0.99770015,0.0002308172,0.00019907404,0.00019646675,0.0003852036,0.00015056276,0.00010676498,0.00028026002,0.00018411339,0.00019098079,0.00017136135,0.00020419336
syn-0270,1,0,4,10,10,0.00033699852,0.00020514983,0.00011263261,0.00028733668,0.00018761371,0.00012131009,0.00036659068,9.112363e-05,0.00024362147,0.00021678723,0.997491,0.0003398075
syn-0294,1,0,4,1,1,0.00024793137,0.9979365,0.00019018841,0.00024756842,0.00010679027,0.00022083797,0.00019327781,0.000121245794,0.00017182091,0.00011843714,0.00020624606,0.0002392496
syn-0300,1,0,4,10,10,0.00013106584,0.00021741398,0.00013999655,0.0001773182,9.621812e-05,0.00012403006,0.00019612965,0.00014938982,0.00027430078,0.00016105638,0.9981792,0.00015390635
syn-0316,1,0,4,0,0,0.9976115,0.00021481127,0.00015831458,0.00024496307,0.0005421491,0.00017421448,0.000102665756,0.00023963931,0.00011576888,0.0001958746,0.00017791097,0.00022217186
syn-0327,1,0,4,1,1,0.0004320105,0.99659747,0.00024447523,0.00028456718,0.00017276737,0.0002100317,0.00023846238,0.00020576827,0.0009985862,0.00015715293,0.00022216288,0.00023649116
syn-0330,1,0,4,0,0,0.99764866,0.00025560294,0.00018374466,0.00023627865,0.00042299798,0.00015026121,0.000104899234,0.00023227502,0.000116453535,0.00023524261,0.00017185527,0.00024176379
syn-0334,1,0,4,6,6,8.245013e-05,0.00015268923,0.00019235867,0.00022781892,0.00021323377,0.00025941627,0.99805224,5.4230768e-05,0.00017986796,8.5150496e-05,0.00028677762,0.00021380717
syn-0339,1,0,4,7,7,0.00020719804,0.00012724652,0.00027307242,5.1840772e-05,0.00017173128,0.00042265898,3.3931672e-05,0.997903,0.00027578586,0.00020948693,0.00011654012,0.0002074511
syn-0340,1,0,4,9,9,0.00021801068,0.00013021192,0.00011513627,0.00033319852,9.278603e-05,5.938294e-05,8.156415e-05,0.00021156129,0.0002681577,0.9979906,0.0002613071,0.00023821344
syn-0345,1,0,4,7,7,0.0024856336,0.00024005797,0.0007212445,0.0001296281,0.000622663,0.00246629,0.00040636328,0.98482215,0.00053755584,0.0010342705,0.00043299416,0.006101147
syn-0358,1,0,4,2,2,0.00014006103,0.00023976898,0.99815136,0.00020443539,5.2362542e-05,9.289164e-05,0.00020453524,0.0003391205,0.00012457285,0.00010112877,0.00015048381,0.00019916407
syn-0359,1,0,4,4,4,0.00032578965,0.00010429399,5.7148398e-05,0.0003062379,0.9977215,0.0004065421,0.00022197948,0.00015421183,0.0003030398,0.0001290377,0.000114992865,0.00015519382
syn-0360,1,0,4,0,0,0.99750537,0.00023716937,0.00018652032,0.00022664035,0.00061908783,0.00015652992,0.000106120504,0.00024613593,0.00015992926,0.00019874383,0.00015186223,0.00020595572
syn-0374,1,0,4,8,8,0.0001719252,0.00014806411,9.261093e-05,6.477925e-05,0.00025702134,8.334081e-05,0.0002927761,0.00016048683,0.99805474,0.0003057425,0.00032478644,4.3746306e-05
syn-0375,1,0,4,8,8,0.00012153227,0.00015007232,9.755861e-05,4.7778994e-05,0.00021423517,9.013889e-05,0.00021256799,0.00019321487,0.9983425,0.00026828502,0.00022028152,4.1836684e-05
syn-0383,1,0,4,2,2,0.0001356293,0.00024193301,0.99822515,0.0001878435,5.2162253e-05,9.2446004e-05,0.00022622322,0.00026922944,0.00012747418,8.343649e-05,0.00016035755,0.00019811187
syn-0393,1,0,4,2,2,0.00015463398,0.00032324035,0.99801326,0.00021785602,7.219293e-05,8.984556e-05,0.00032352653,0.00021531791,0.0001331077,8.069449e-05,0.00017798261,0.00019840858
syn-0399,1,0,4,8,8,9.188473e-05,0.00013901714,0.00010816099,4.823108e-05,0.00020757156,0.00012364441,0.000324767,0.00018525006,0.997995,0.00030234683,0.00042424872,4.9859384e-05
syn-0402,1,0,4,1,10,0.022020442,0.44728753,0.0012686678,0.0038098001,0.02782286,0.00813456,0.013822159,0.0013798181,0.017728513,0.0007605211,0.45079568,0.005169379
syn-0403,1,0,4,9,9,0.00050235965,0.00017503658,9.549157e-05,0.0002186891,0.00014098964,7.328746e-05,8.2318875e-05,0.00036201277,0.00058452843,0.9974369,0.00011699871,0.00021144391
syn-0406,1,0,4,4,4,0.0010856725,0.000113982926,6.488213e-05,0.0004426225,0.9967154,0.00023721308,0.00044908794,0.00012865604,0.00022857159,0.00015778668,0.00018856951,0.00018746783
syn-0419,1,0,4,1,1,0.00021343492,0.99753153,0.00023418361,0.00026980703,9.328836e-05,0.0001724234,0.00018918523,0.0001727605,0.00018698115,0.0001419702,0.00052032067,0.00027405587
syn-0422,1,0,4,1,1,0.0002044381,0.99792093,0.0002720293,0.00024171169,8.8444445e-05,0.00018741984,0.00016132949,0.00014884156,0.00015089048,0.00013446715,0.00022159064,0.00026807352
syn-0425,1,0,4,5,5,0.00026480065,0.00014645117,9.363708e-05,0.00023644036,0.0017911235,0.99541086,0.00041547263,0.0002945423,0.0005208014,0.0001069369,0.00047347212,0.00024549922
syn-0429,1,0,4,2,2,0.00015233018,0.00056459516,0.9971649,0.00019722618,5.2005176e-05,9.868849e-05,0.00024786068,0.0008230871,0.000161286,0.00013469374,0.00017627519,0.00022706136
syn-0436,1,0,4,6,6,8.140806e-05,0.00017428723,0.00021542628,0.0002639619,0.0002089003,0.00023392867,0.9980281,5.422946e-05,0.0001857544,9.6485826e-05,0.00021642791,0.00024105991
syn-0444,1,0,4,5,6,0.0003129413,0.0007610412,0.0007166796,0.0007532774,0.00406225,0.17596614,0.8136592,0.000634633,0.0010560852,0.00030213056,0.0006855321,0.0010901411
syn-0445,1,0,4,6,6,0.00011928023,0.00018655784,0.00024848,0.00018420439,0.00028067248,0.00023866937,0.99721897,6.977968e-05,0.0008550862,0.00011172561,0.0002526396,0.00023399595
syn-0454,1,0,4,11,11,0.00014164875,0.0004087251,0.00036162446,0.0002130557,0.00017312849,0.00017594075,0.0003333068,0.00030192733,5.95111e-05,0.0003473466,0.00026502265,0.9972187
syn-0463,1,0,4,11,11,0.0001487606,0.00020825518,0.00023558107,0.00013551423,0.0001313449,0.00015066122,0.000275019,0.00027765014,5.427358e-05,0.00028520756,0.00023255243,0.99786526
syn-0465,1,0,4,7,7,0.00042565266,0.00032413582,0.0004905815,0.00010492365,0.00039898598,0.0009086176,5.3589756e-05,0.99593383,0.000380065,0.00034613762,0.0002256213,0.0004078498
syn-0471,1,0,4,5,5,0.00015438806,0.00021476565,0.00015820368,0.00028521375,0.00026617316,0.9973997,0.00029603284,0.0005687406,0.00016742309,8.601385e-05,0.0001919515,0.00021143601
syn-0481,1,0,4,9,9,0.00020829133,0.00014301667,0.000111055655,0.00021354339,9.9841716e-05,6.84194e-05,8.366563e-05,0.00029488752,0.0003605107,0.9980385,0.00014784497,0.0002305012
syn-0492,1,0,4,6,6,7.382868e-05,0.00016580781,0.0003052431,0.00023468437,0.00018380156,0.00023623646,0.9979576,7.0723545e-05,0.00019589473,9.378502e-05,0.000253321,0.00022913599
syn-0497,1,0,4,5,10,0.0013237178,0.008325404,0.0016700712,0.0012338406,0.0015796482,0.40389198,0.00817335,0.054394588,0.05739605,0.0024418333,0.4532219,0.0063475654
syn-0005,1,1,0,11,11,0.0003039355,0.00040107933,0.00016468302,0.00027565754,0.00026354849,0.00022741497,0.00042830393,0.00022247256,0.00017616223,0.0006913132,0.0003196122,0.9965258
syn-0007,1,1,0,6,6,0.0003120675,0.00019029787,0.00014980475,0.0002809675,0.00021553048,0.0002153201,0.99558985,0.000103564256,0.0020801434,9.998658e-05,0.00027086432,0.0004916708
syn-0009,1,1,0,8,8,0.00024344459,0.00025993746,0.0001431661,3.487939e-05,6.561026e-05,0.0002016995,0.00018622303,8.507198e-05,0.9981061,0.00044216853,0.0001386936,9.306903e-05
syn-0023,1,1,0,1,1,0.00019590107,0.9979899,0.00018349364,0.00014476613,0.0002482172,2.9947205e-05,0.000169001,0.0002482172,0.0003162755,0.00010371258,0.00015493266,0.00021552324
syn-0029,1,1,0,2,2,0.00036835563,0.00031781383,0.99674183,0.00041648545,0.00015338486,0.00025901242,0.00026437902,0.00047277592,0.00027652623,0.00019995392,0.00036993274,0.00015965084
syn-0034,1,1,0,0,0,0.9978758,0.00017752417,0.0002501659,0.00017072333,0.000504979,0.00021444891,7.728994e-05,0.00023719952,0.00017290453,4.280879e-05,9.534717e-05,0.00018076054
syn-0042,1,1,0,9,9,5.1867413e-05,0.00014321052,0.00014532378,0.00025387082,9.0057525e-05,0.00026148226,9.456399e-05,0.00044653725,0.00036657244,0.9974413,0.00014272187,0.0005625499
syn-0065,1,1,0,11,11,0.00024619474,0.0002960265,0.00012586682,0.000256002,0.00023967105,0.00014672274,0.0003915018,0.00015497011,0.00011194827,0.00036066832,0.00041371022,0.9972567
syn-0071,1,1,0,6,6,9.591709e-05,0.0001485593,0.00013746198,0.00041740845,0.00023503265,0.00010731719,0.99797565,8.497782e-05,0.00022591834,9.1972724e-05,0.00026704307,0.00021269747
syn-0073,1,1,0,11,11,0.00038746005,0.00031316248,0.00018382925,0.00023397594,0.0003205889,0.0003170087,0.0006027529,0.00027515308,0.00024401031,0.00057165103,0.0003901178,0.9961604
syn-0082,1,1,0,1,10,0.0008754911,0.006749782,0.0010155875,0.0004935098,0.00034318224,0.005959571,0.028376045,0.0019131823,0.03480103,0.0009785903,0.90456975,0.013924241
syn-0087,1,1,0,5,5,0.0010374831,4.454419e-05,0.00032594087,9.844031e-05,0.000321515,0.9907795,0.00019030539,0.0014030909,0.0038523653,0.0007029394,0.0009637115,0.00028015664
syn-0112,1,1,0,4,4,0.0010733913,0.00014806054,9.457367e-05,9.5781965e-05,0.99656975,0.0009759033,0.00019701224,0.00024150233,0.00019310736,8.893054e-05,0.00014633559,0.00017565463
syn-0117,1,1,0,6,6,0.00010383917,0.00017364335,0.00017406778,0.0006265362,0.00039486212,0.000106821964,0.9972583,9.344514e-05,0.00018251056,0.000116863586,0.00031084014,0.00045828577
syn-0118,1,1,0,5,5,0.00022935725,2.6266353e-05,0.00014047738,0.00037264734,0.00023583039,0.99770266,0.00014268956,0.00022812866,0.0002577474,0.0003029601,0.00019474805,0.0001664955
syn-0123,1,1,0,10,10,7.5428004e-05,0.0002287326,0.00025776814,0.00023007675,0.000119187534,0.00016061947,0.00027046868,0.00012607167,0.00028453206,0.00012472463,0.99790466,0.00021761967
syn-0127,1,1,0,11,11,0.00053146377,0.001484716,0.00012574157,0.0005636722,0.00044167598,0.00023583561,0.0024840045,0.0001278465,0.00044318818,0.00023698997,0.0009445497,0.99238026
syn-0130,1,1,0,6,8,0.0010401427,0.001111017,0.0005747019,0.00026234795,0.0004107209,0.0009503032,0.034260284,0.00039886258,0.95725024,0.00053515815,0.002109241,0.0010970015
syn-0133,1,1,0,2,2,0.0003000608,0.0003257129,0.99724305,0.00033531454,0.00011161924,0.00017906516,0.00021631044,0.00040846074,0.00023838396,0.00014557895,0.00037087066,0.0001254969
syn-0134,1,1,0,5,5,0.00039156398,3.2204367e-05,0.00018695933,0.00018120719,0.00020867007,0.99644154,0.00014418908,0.00024407917,0.0011030048,0.00038671875,0.0005114053,0.00016840956
syn-0144,1,1,0,9,9,5.18686e-05,0.00013725742,0.00013316443,0.00022046416,8.041415e-05,0.00024546564,8.669407e-05,0.00042464462,0.0005460538,0.99746406,0.0001342744,0.00047569553
syn-0151,1,1,0,10,10,9.4668445e-05,0.00019030402,0.0001967288,0.00018328187,0.0001943419,0.00019624908,0.0005381696,0.00011497523,0.00018044036,7.964101e-05,0.9975684,0.00046279992
syn-0152,1,1,0,3,4,0.00033501745,0.00023365158,0.00012616871,0.00019005017,0.9976981,0.00024582315,0.00031048415,0.00022679484,7.9963116e-05,0.00011320741,0.00023138092,0.00020934167
syn-0153,1,1,0,4,5,0.0028863447,0.00021871949,0.00046302922,0.00086336455,0.327843,0.66226107,0.00083191285,0.0013094216,0.0008899012,0.0006422249,0.0010972728,0.00069373293
syn-0154,1,1,0,1,1,0.0002027105,0.99797934,0.00019019657,0.000117635325,0.00024034295,3.1079075e-05,0.00014597125,0.00028131114,0.00033539833,0.000103914244,0.00015462872,0.00021752973
syn-0155,1,1,0,4,4,0.00054200983,0.00016135619,0.00010266445,0.00010551041,0.9975988,0.00048930664,0.00028652712,0.00018177232,0.00014302348,8.8071196e-05,0.00014351317,0.00015746454
syn-0162,1,1,0,9,9,5.3764048e-05,0.00012222874,0.00016208497,0.00031533893,9.65965e-05,0.0003650635,0.00010935134,0.00052873837,0.0004248532,0.9972234,0.00012909927,0.00046958128
syn-0164,1,1,0,8,8,0.00019179776,0.00041112307,0.00018454017,4.618307e-05,5.9707003e-05,0.00022815506,0.00022910396,0.000100578014,0.9975745,0.0003140476,0.00056111615,9.911544e-05
syn-0170,1,1,0,6,6,8.721387e-05,0.00015524795,0.00013455286,0.0005005352,0.0002584725,8.70437e-05,0.9975823,8.313883e-05,0.00019443952,0.00011610515,0.0002478434,0.0005529609
syn-0173,1,1,0,8,8,0.00023047061,0.00030252067,0.00015345159,3.662635e-05,6.316118e-05,0.00020097097,0.00022474735,8.343018e-05,0.99814975,0.00028577686,0.00017447877,9.4631156e-05
syn-0190,1,1,0,3,3,0.00020226004,0.0002411298,0.0002538148,0.9974648,0.00018326282,0.00045356603,0.00032376344,0.000163316,4.7923826e-05,0.00022420964,0.00023750738,0.00020454431
syn-0193,1,1,0,11,11,0.00027788995,0.0002535164,9.3811526e-05,0.00020261493,0.00030669634,0.0001772424,0.00028524495,0.0001341166,0.0001345101,0.0005297297,0.000339399,0.99726534
syn-0198,1,1,0,0,5,0.055876132,0.0001261085,0.00053719507,0.0014281633,0.0031669724,0.9340627,0.0004572492,0.0006790782,0.0019592296,0.00058141386,0.00041067688,0.0007151513
syn-0201,1,1,0,0,0,0.9974232,0.00051848893,0.0002345014,0.00012662762,0.00045491944,0.00014689061,9.336935e-05,0.00023634064,0.00044119224,4.63568e-05,7.0685666e-05,0.00020745261
syn-0204,1,1,0,1,1,0.0002717107,0.9976044,0.0002199038,0.00012371677,0.00023969608,3.4254404e-05,0.0001790426,0.0003139564,0.00055935484,0.00010613105,0.00012347537,0.00022435054
syn-0209,1,1,0,7,2,0.0006696344,0.00085438695,0.94475883,0.000932423,0.00064524007,0.0008481521,0.0004539831,0.04567873,0.00041134286,0.00047763227,0.003942936,0.0003266726
syn-0222,1,1,0,8,8,0.00032307656,0.0002562071,0.00014428167,3.4336903e-05,6.2970474e-05,0.00019615327,0.00019287661,9.243031e-05,0.9980557,0.00034802026,0.00018194437,0.000112147434
syn-0233,1,1,0,8,8,0.00020836118,0.00030300647,0.00016486751,3.5291363e-05,5.8128822e-05,0.0002091256,0.00020568246,8.5824984e-05,0.9981294,0.0003285994,0.00018572791,8.5992775e-05
syn-0244,1,1,0,3,3,0.00012790204,0.00023205347,0.00027936374,0.99669707,0.00019559952,0.00044041383,0.00050102285,0.000105621126,7.533673e-05,0.00021108086,0.0009646569,0.00016993981
syn-0248,1,1,0,6,6,8.9780595e-05,0.00013756915,0.00012735497,0.0003708378,0.00024560306,0.00013851278,0.9972916,9.4181174e-05,0.00018305217,8.516874e-05,0.00096429023,0.00027199052
syn-0251,1,1,0,10,10,7.617879e-05,0.00016909259,0.0002292116,0.00025201638,0.00017083537,0.00019151346,0.00020213044,0.00014025113,0.00021887549,0.00012220982,0.9980432,0.00018435664
syn-0252,1,1,0,8,8,0.00019086833,0.00033365804,0.00016762027,3.7128204e-05,5.7956306e-05,0.00018998502,0.00022022512,8.649442e-05,0.9980869,0.0003098619,0.00023311574,8.62414e-05
syn-0254,1,1,0,7,7,0.005899244,0.0033063497,0.0023121522,0.0007643306,0.003628656,0.0034296762,0.0021784387,0.97042054,0.0014547003,0.0014618206,0.0026021623,0.0025418834
syn-0263,1,1,0,0,0,0.9978563,0.000285414,0.0002077455,0.00016856634,0.00046017274,0.0001878658,8.7664834e-05,0.00018181924,0.00025163114,4.5747187e-05,8.422416e-05,0.00018288771
syn-0267,1,1,0,4,4,0.00086954876,0.00024919072,0.00010820094,0.00011517929,0.99738914,0.00022474064,0.00026623535,0.00020432916,0.00011174467,8.43493e-05,0.00017631483,0.00020106311
syn-0269,1,1,0,10,10,7.226434e-05,0.00014350444,0.00020202812,0.00022488397,0.00020646593,0.00025635576,0.00019419371,0.00013942926,0.00013297939,0.00011593005,0.9980253,0.00028664083
syn-0272,1,1,0,3,3,0.00036618093,0.00033998745,0.00033915843,0.9958288,0.0002623374,0.00017263411,0.0015522542,0.00013563446,6.012868e-05,0.00019221149,0.00044942167,0.00030121222
syn-0278,1,1,0,9,9,4.9426028e-05,0.0001596271,0.00015157532,0.00043491903,8.125135e-05,0.00026318058,0.00010171319,0.000406715,0.00041666502,0.99708027,0.0001976915,0.0006569681
syn-0283,1,1,0,7,7,0.00041064408,0.00032500486,0.0023688697,0.00030442062,0.00038182904,0.0028103567,0.00023023799,0.99180084,0.00021356008,0.0006416326,0.00032468763,0.00018791477
syn-0284,1,1,0,0,0,0.9979595,0.0002059489,0.00021093582,0.00013329565,0.00038336843,0.00020817318,8.497645e-05,0.0001794565,0.00030720964,5.0445316e-05,9.215104e-05,0.00018452128
syn-0303,1,1,0,7,5,0.00023972178,2.194655e-05,0.00012840785,0.000223609,0.00022514281,0.9977113,0.00010614242,0.00045164744,0.00020231002,0.0003634631,0.00019694919,0.00012941496
syn-0308,1,1,0,3,3,0.00021544112,0.00019378136,0.000345284,0.9976096,0.00016010225,0.0003322997,0.00032979422,0.00017067778,4.8971688e-05,0.00019171087,0.0002065816,0.00019577862
syn-0310,1,1,0,10,10,7.88304e-05,0.00014612848,0.0002323185,0.00020292884,0.00020134963,0.0001837342,0.00022602451,0.00016135506,0.00013442281,0.00010612971,0.99807906,0.00024754336
syn-0311,1,1,0,9,3,0.00077327376,0.00096141524,0.0006492568,0.86895543,0.00060576515,0.0017735017,0.0011557313,0.0012362914,0.0005424744,0.116457485,0.0020140612,0.004875323
syn-0323,1,1,0,7,7,0.00020717345,0.0003994348,0.000309943,0.0001782462,0.00029923586,0.00034593532,0.00015760926,0.99656737,0.00019633953,0.0008741515,0.00026163616,0.00020296805
syn-0325,1,1,0,4,3,0.00033997418,0.00018241988,0.00033568536,0.9923921,0.0025628859,0.0020363387,0.0006336066,0.00022350551,5.3503576e-05,0.00028447545,0.0005427469,0.0004126985
syn-0333,1,1,0,5,5,0.00052438723,2.604722e-05,0.00015449851,0.0003217668,0.00044315786,0.997139,0.00013661102,0.00017438723,0.00045666736,0.00023754576,0.00018590635,0.0002000336
syn-0353,1,1,0,7,5,0.00066264137,0.000112317706,0.00051985926,0.00045609393,0.0007694285,0.9537974,0.00037152666,0.040144384,0.0006375672,0.0012660978,0.0008541785,0.0004084409
syn-0363,1,1,0,9,9,0.00010337501,0.00014212722,0.00011566151,0.0003144006,7.1745766e-05,0.00028396788,7.826049e-05,0.0005203877,0.00067722384,0.9966863,0.00017093662,0.00083564763
syn-0371,1,1,0,6,6,9.723616e-05,0.00014783369,0.0001280644,0.00034924308,0.00027849185,0.000111264286,0.99796236,8.108532e-05,0.00024516892,9.3693925e-05,0.000247454,0.0002580664
syn-0373,1,1,0,11,11,0.00026562318,0.00085035415,0.00012095972,0.00029748384,0.00021136002,0.00011542056,0.00042280977,0.00014392404,0.00014100253,0.00059976126,0.00027687955,0.9965545
syn-0376,1,1,0,5,5,0.00025103064,2.7472148e-05,0.000161052,0.0002759052,0.00021524272,0.9976648,0.00013897115,0.00027222518,0.00032021198,0.00032382837,0.00018976563,0.00015956478
syn-0377,1,1,0,5,5,0.0003074075,3.076619e-05,0.00014421977,0.0002924722,0.00021745302,0.99762744,0.00010928887,0.0003225538,0.0002798294,0.00032294777,0.00015901435,0.00018663425
syn-0382,1,1,0,0,0,0.99794847,0.00019603646,0.000248116,0.00019065558,0.0004057668,0.00019912359,8.9927504e-05,0.00020867972,0.000197574,4.956578e-05,8.390355e-05,0.0001821026
syn-0384,1,1,0,1,1,0.00023990261,0.9977329,0.00020054405,0.0001338523,0.00022958832,2.9881074e-05,0.00023065577,0.00022669205,0.000504537,0.00010207837,0.00011276999,0.0002565937
syn-0397,1,1,0,1,1,0.00018934204,0.99787104,0.0001979449,0.00016522773,0.0002711372,2.7263992e-05,0.00017130704,0.00025653522,0.00026537408,0.00012625223,0.00020643402,0.00025224994
syn-0405,1,1,0,8,8,0.00019440331,0.0003253061,0.00015055371,3.3413122e-05,5.6726734e-05,0.00017769902,0.00018681897,8.7860084e-05,0.9981274,0.00039588218,0.0001725264,9.136004e-05
syn-0410,1,1,0,10,10,0.00010037965,0.00042004255,0.00026247112,0.0001814094,0.00011035319,0.00018689399,0.00021983891,0.00017301757,0.0004213778,0.00014364686,0.9975535,0.00022703895
syn-0416,1,1,0,2,2,0.00031422038,0.00031560424,0.99708825,0.00038438034,0.00012197371,0.00021147323,0.00024092112,0.00040409536,0.000253719,0.00017159106,0.00035493003,0.00013889083
syn-0421,1,1,0,10,10,9.6336196e-05,0.00023657885,0.00028287145,0.00028620585,0.00018760674,0.0002499991,0.00020594512,0.0001618061,0.0004582498,0.00017342318,0.997454,0.00020695318
syn-0427,1,1,0,5,5,0.00050081837,3.480001e-05,0.0001345797,0.0003757831,0.005235876,0.991952,0.00018021467,0.00022892779,0.00039276108,0.0002860203,0.00043815665,0.00024003143
syn-0437,1,1,0,3,3,0.00015291742,0.0001587762,0.00027107832,0.99759346,0.00016607136,0.000433764,0.00027581814,0.00014449681,3.8287842e-05,0.00017825558,0.0003986338,0.00018836737
syn-0439,1,1,0,6,6,0.00015456107,0.00016638756,0.0001322031,0.00030964098,0.00022898483,0.00013389214,0.99754274,7.703811e-05,0.00069812755,8.867033e-05,0.00019547892,0.00027225833
syn-0448,1,1,0,4,5,0.0003625853,2.40571e-05,0.00013952485,0.00019628178,0.00028308926,0.99773467,0.000103584855,0.00023274918,0.00034761115,0.00024219818,0.0001905217,0.00014311282
syn-0449,1,1,0,11,11,0.00025551431,0.00027641177,0.00013412164,0.0002857436,0.00021151874,0.00016642878,0.0003900411,0.0001745863,0.00011767044,0.00038828337,0.00029698128,0.9973028
syn-0450,1,1,0,10,10,7.4492425e-05,0.000158395,0.00024131725,0.00019993699,0.0001501119,0.00018392094,0.00023935163,0.00015337186,0.00015040538,0.00011231889,0.9981184,0.00021793216
syn-0451,1,1,0,8,8,0.00022760185,0.00028762792,0.000144003,3.102142e-05,5.1748568e-05,0.00022743522,0.0001744658,9.858587e-05,0.9980755,0.00036415097,0.00022882762,8.906491e-05
syn-0455,1,1,0,2,7,0.00025619552,0.00040443212,0.00060401985,0.00023636436,0.00040800235,0.00021043222,0.00016260943,0.9965496,0.00015622731,0.0006343997,0.0001869796,0.00019066744
syn-0473,1,1,0,10,10,7.4412405e-05,0.00016476901,0.00023335642,0.00021447997,0.00014914741,0.00017685768,0.0002841138,0.00013015221,0.00020581066,0.00012370794,0.9980203,0.00022291501
syn-0474,1,1,0,0,0,0.84794784,0.001960099,0.0018377495,0.13442715,0.0036175172,0.0026401782,0.0011360811,0.0014138757,0.0007414311,0.0009363418,0.0010084799,0.0023333647
syn-0478,1,1,0,2,7,0.0019900172,0.0031753837,0.20338412,0.0036655676,0.0030731822,0.004059395,0.0014702153,0.4060607,0.0011941099,0.0017121547,0.36900106,0.0012140995
syn-0480,1,1,0,1,1,0.001971783,0.3226585,0.0014811303,0.31334275,0.0015674437,0.0017520285,0.019348783,0.0010031619,0.001797083,0.00433843,0.015554779,0.31518412
syn-0482,1,1,0,1,3,0.0006880139,0.033247627,0.0011516439,0.952845,0.0009510243,0.00023846886,0.0058915243,0.00034292781,0.00027022063,0.0006167317,0.0029023099,0.0008545764
syn-0484,1,1,0,3,3,0.00019943537,0.00017268122,0.00036016226,0.99756074,0.0001799111,0.0003456888,0.00041773813,0.0001529124,4.9160946e-05,0.00016072099,0.00022183536,0.00017894739
syn-0495,1,1,0,2,2,0.00028348927,0.00024654038,0.99670815,0.0005133328,0.00015801683,0.00033900244,0.00015594729,0.00081431726,0.00018519198,0.00016657339,0.00032053035,0.00010886875
syn-0496,1,1,0,8,8,0.00018662804,0.0003271029,0.00017059184,3.9599818e-05,5.8753798e-05,0.0001872213,0.00024057302,8.269447e-05,0.99808145,0.00028679695,0.0002498512,8.863161e-05
syn-0002,1,1,1,1,1,0.00015511696,0.9982016,0.00019023893,0.00013615694,0.0002393716,2.7219809e-05,0.00015293596,0.00023970788,0.00023308562,0.00011720281,0.0001238513,0.0001833982
syn-0004,1,1,1,10,10,0.00012215314,0.00011154802,0.00025291633,0.00023701353,9.7198936e-05,0.00020657553,0.00032285368,0.00015194781,0.00048041978,0.00019170524,0.9975803,0.0002453145
syn-0011,1,1,1,10,10,0.00023805453,0.0001929708,0.0002441763,0.0005751558,0.00019372605,0.00076704373,0.0003138349,0.0001321097,0.0024397436,0.00049809006,0.9939219,0.0004832372
syn-0015,1,1,1,6,6,7.383487e-05,0.00014176557,0.000104531384,0.0002567043,0.00031038243,0.00010774429,0.99804115,7.967875e-05,0.00041146606,9.064123e-05,0.00015978093,0.00022215905
syn-0017,1,1,1,3,3,0.0002835448,9.3480325e-05,0.0002340933,0.9976338,0.00017413333,0.000448262,0.00024840137,0.00014365841,4.0599938e-05,0.00021138242,0.0003392758,0.00014930821
syn-0031,1,1,1,0,0,0.99808985,0.00018984648,0.00016574885,0.00021899262,0.000314901,0.0001382181,6.580169e-05,0.00023169792,0.00018221735,3.1695563e-05,0.00012414015,0.00024688215
syn-0036,1,1,1,5,5,0.00048622827,4.4756707e-05,9.465746e-05,0.0016664132,0.0008742874,0.9955064,0.00013652061,0.00017997946,0.0003766695,0.00022475496,0.00022105449,0.00018824883
syn-0051,1,1,1,3,3,0.00021407548,0.00011330669,0.0003162672,0.99759835,0.00017167885,0.00031882554,0.00030739853,0.00012677361,4.205117e-05,0.00026700727,0.00035890305,0.00016534395
syn-0058,1,1,1,9,9,2.867276e-05,0.00013799763,0.00012048129,0.00034990054,6.2382904e-05,0.00025474772,0.00010715827,0.00036316505,0.0004565827,0.99747145,0.00023411233,0.00041329447
syn-0062,1,1,1,7,7,0.00029264652,0.0003128926,0.0006295002,0.00014765574,0.00041858322,0.00037057264,0.00011332219,0.996761,9.8168006e-05,0.0005357356,0.00021171373,0.0001081328
syn-0063,1,1,1,1,1,0.00016870312,0.9981785,0.00017393091,0.0001406817,0.00026249085,2.7272392e-05,0.00016137114,0.0002036439,0.0002633102,0.00010665981,0.00012524716,0.00018824788
syn-0067,1,1,1,5,5,0.00018997236,3.4799843e-05,9.04404e-05,0.00031164777,0.00024381025,0.9977767,0.000117726355,0.00020752616,0.0004691541,0.00024795218,0.00015242363,0.00015780052
syn-0068,1,1,1,10,10,0.00012106151,0.00011808402,0.00022794657,0.00026753955,0.00010931657,0.00015000284,0.0003644355,0.00010441252,0.00022479643,0.000102392994,0.99788034,0.00032972268
syn-0069,1,1,1,11,11,0.00031269237,0.0002970648,0.00013079586,0.00017965182,0.00012480629,0.00014619858,0.00029859177,0.00012002503,0.0001060252,0.00039393143,0.000306869,0.99758327
syn-0086,1,1,1,10,10,0.00011117518,0.0001248756,0.00025771811,0.00027134203,9.668504e-05,0.00015503123,0.00018759783,0.00014040142,0.00014019592,0.00012216167,0.99813735,0.00025541618
syn-0093,1,1,1,5,5,0.00019936377,3.199377e-05,8.654448e-05,0.0003369422,0.00029399386,0.9976897,0.00013352012,0.00020319661,0.0004331444,0.0002599559,0.00016335283,0.00016820934
syn-0094,1,1,1,1,1,0.0001668558,0.99791056,0.00018838124,0.00020111914,0.0002595378,2.526537e-05,0.00025595108,0.00018085513,0.00021629676,0.00012749624,0.00012812031,0.00033949423
syn-0098,1,1,1,10,10,0.00011219852,0.00014079722,0.00021333163,0.00026028088,9.002208e-05,0.00015531652,0.00019362515,9.714715e-05,0.00017276121,0.00012751059,0.9980229,0.00041412917
syn-0114,1,1,1,4,4,0.0006434144,0.00063591835,0.00029371484,0.019686483,0.9729403,0.00096234865,0.0029161498,0.00032258264,0.00014147747,0.00026612778,0.0006792493,0.0005122238
syn-0119,1,1,1,6,6,6.296871e-05,0.00014455972,0.0001121443,0.00029717904,0.00037785407,9.342595e-05,0.99802774,7.983345e-05,0.0002680368,8.9147674e-05,0.00022898433,0.00021817855
syn-0122,1,1,1,3,3,0.00022891292,0.000114208895,0.0002753811,0.99771655,0.00015542055,0.0003583108,0.0002749109,0.00011841104,4.263509e-05,0.00024848263,0.0002876122,0.00017906273
syn-0125,1,1,1,9,9,3.482022e-05,0.00018244491,0.00015712382,0.00046144633,7.068307e-05,0.00025553574,0.00013691207,0.000385059,0.00071195915,0.99641293,0.00072529266,0.0004658041
syn-0137,1,1,1,8,8,0.00023709954,0.00031210884,0.00016156945,3.6121502e-05,9.704448e-05,0.00031503465,0.00025702376,7.113807e-05,0.99794227,0.00032961232,0.00015659847,8.431371e-05
syn-0141,1,1,1,2,2,0.00023145055,0.00029168942,0.9972677,0.00035352362,0.00011572898,0.00015249473,0.00017423951,0.00043198452,0.0002303232,0.0001688787,0.00042930347,0.00015264373
syn-0148,1,1,1,7,7,0.00041020033,0.0003171331,0.00035569284,0.00015577054,0.00046823482,0.0010284777,0.00017057997,0.99557847,0.00013258861,0.00087932794,0.00028399876,0.00021945722
syn-0161,1,1,1,2,2,0.00020691268,0.00030360263,0.9972588,0.00036106555,0.0001159542,0.00015309021,0.0001886723,0.00041943177,0.00022014987,0.00016764483,0.0004432517,0.0001614588
syn-0167,1,1,1,0,0,0.9981742,0.00017094122,0.00017371797,0.00022072886,0.0002827994,0.00013728808,5.9335885e-05,0.00021992199,0.0001617649,3.1760213e-05,0.00012922236,0.00023825727
syn-0184,1,1,1,2,2,0.00021130065,0.0003035993,0.9972479,0.00033873084,0.00010323143,0.0001460068,0.00017178623,0.0004915287,0.0002292527,0.00018484042,0.0004301868,0.00014158373
syn-0186,1,1,1,3,3,0.00020881863,0.00010510319,0.0002332955,0.997638,0.00020457983,0.00039845315,0.00034558898,0.0001038787,4.663926e-05,0.00022956647,0.00031891608,0.00016738132
syn-0207,1,1,1,0,0,0.9974456,0.00012638338,0.00012071369,0.00032033704,0.00038484685,0.0006459149,7.364682e-05,0.00021677736,0.0001934659,3.5543788e-05,0.00015126112,0.00028543585
syn-0213,1,1,1,0,0,0.9980184,0.00020737383,0.00015238614,0.00017352132,0.00036335312,0.00013110874,7.3617186e-05,0.00017326731,0.0002793928,3.2571865e-05,0.00011706691,0.00027799798
syn-0218,1,1,1,8,8,0.00020392223,0.00023294335,0.0001508408,2.6122761e-05,8.8631445e-05,0.00030630574,0.00026399165,7.073219e-05,0.99807954,0.000312247,0.00016429675,0.00010043258
syn-0219,1,1,1,0,0,0.99810326,0.00017413024,0.00019520715,0.00025391532,0.00024882183,0.00014527827,6.5866865e-05,0.00023638633,0.00017067888,3.542856e-05,0.00012795748,0.00024305785
syn-0226,1,1,1,6,6,6.079519e-05,0.00013922955,0.00012066977,0.00029259804,0.00029420975,9.180071e-05,0.9980567,8.188881e-05,0.00029906185,9.135357e-05,0.0002417446,0.0002299995
syn-0240,1,1,1,6,6,8.571741e-05,0.0001635391,0.00011245356,0.00034571605,0.0004186325,0.000103901024,0.99785244,7.3820906e-05,0.00036337585,8.227279e-05,0.00021454864,0.00018351317
syn-0246,1,1,1,8,8,0.0003175151,0.0003262373,0.00010926913,4.644855e-05,0.00012540007,0.00022879528,0.00077722355,4.8630147e-05,0.99744725,0.00024588135,0.00016204221,0.00016531891
syn-0253,1,1,1,3,3,0.00019918056,0.00012409745,0.00031141023,0.99774665,0.00019399736,0.0003115243,0.0003086852,0.00011454744,3.920183e-05,0.00017994463,0.00032039467,0.00015049627
syn-0257,1,1,1,4,4,0.00022957726,0.00021201347,0.00010282382,0.00016738921,0.99719787,0.0009803404,0.0003032137,0.00031629464,0.00016543905,9.840304e-05,0.00012342505,0.00010322626
syn-0259,1,1,1,4,4,0.00026156456,0.00024238063,0.00010248019,0.00027996773,0.9977552,0.00029308154,0.00045537652,0.00018602125,0.000116807685,8.2104256e-05,0.00011156758,0.00011343522
syn-0261,1,1,1,5,5,0.00025496734,4.480707e-05,0.000102364276,0.00038406174,0.00084710034,0.99662673,0.00021554435,0.00017446795,0.00063895667,0.00027300627,0.00020427268,0.0002337428
syn-0268,1,1,1,6,6,6.969771e-05,0.000127134,0.00011821295,0.00025997192,0.0003449854,9.704959e-05,0.9979948,7.4048054e-05,0.0003675602,9.819358e-05,0.0002127535,0.00023561166
syn-0275,1,1,1,0,0,0.9980732,0.00016509989,0.00018790663,0.0002699206,0.0002621595,0.000155097,6.49071e-05,0.00026292866,0.00016166957,3.6055746e-05,0.00012683395,0.00023413924
syn-0281,1,1,1,10,10,0.0018524879,0.0012400631,0.0014280011,0.0008309146,0.00059209066,0.002009875,0.0024505553,0.00045574844,0.21079887,0.0015821974,0.77408814,0.0026711156
syn-0285,1,1,1,11,11,0.00030360272,0.00025261892,0.00012408226,0.00018001047,0.00011932873,0.00014577692,0.0002608289,0.0001002888,0.00013054605,0.00042170365,0.0003367557,0.99762446
syn-0290,1,1,1,0,0,0.9980903,0.00015128501,0.00016373792,0.00017930486,0.0003231075,0.00016574892,6.3714964e-05,0.00025478133,0.0002056242,3.1082534e-05,0.000114586896,0.00025665428
syn-0292,1,1,1,11,11,0.00029225604,0.00026597225,0.00011736359,0.00017319825,0.00012889868,0.00015540559,0.00027535463,0.000109288114,0.00012227742,0.0004657144,0.00027374597,0.9976205
syn-0302,1,1,1,10,10,9.868793e-05,0.00013568309,0.00027711943,0.00025271697,8.326604e-05,0.00014996764,0.00018041037,0.00012222088,0.0001897621,0.00014012693,0.9981335,0.00023662444
syn-0304,1,1,1,1,1,0.00016362961,0.9981609,0.00019223876,0.00015983911,0.00026337488,2.6073916e-05,0.00015270585,0.00021847418,0.00023314726,0.00011353678,0.00012591945,0.00019027763
syn-0306,1,1,1,5,5,0.00059485884,9.3205665e-05,0.00023800899,0.00032058905,0.0009457206,0.983114,0.00020061948,0.0124726435,0.00071264844,0.000781164,0.0002944765,0.00023204189
syn-0313,1,1,1,11,11,0.0005167312,0.0005296312,0.00017538022,0.000830688,0.00034455347,0.00023599988,0.0048195357,0.00029949946,0.00012818568,0.00039406924,0.0005920014,0.99113375
syn-0314,1,1,1,8,8,0.00019496813,0.00033826544,0.00016873085,3.675885e-05,8.5300126e-05,0.0002840928,0.0002196371,7.044059e-05,0.9978551,0.00036066456,0.00030965763,7.63879e-05
syn-0322,1,1,1,2,2,0.012931867,0.001069838,0.87271464,0.016816992,0.0007182551,0.0025136983,0.00056874176,0.08880583,0.00037665022,0.0012361952,0.0016083712,0.0006388293
syn-0324,1,1,1,7,7,0.00030039652,0.0005374794,0.0006410837,0.00014683111,0.00033956382,0.00038741552,0.00017368648,0.9960459,0.0001750487,0.00075607304,0.00036913337,0.00012732016
syn-0335,1,1,1,3,11,0.0011545289,0.0011522762,0.00052703556,0.08515504,0.00067738816,0.00086301495,0.0014860681,0.00031624772,0.0002203457,0.0065376586,0.0023596322,0.8995508
syn-0343,1,1,1,8,8,0.00021473304,0.00020201874,0.00016193079,4.8715498e-05,0.00011652053,0.00043706808,0.0005052161,0.00010619681,0.9962748,0.0013089923,0.00044725538,0.00017654836
syn-0346,1,1,1,6,6,6.612068e-05,0.00013130419,0.00012377118,0.00029905775,0.00024838196,9.6487274e-05,0.99804306,7.96789e-05,0.00032430724,9.7529344e-05,0.00024929325,0.00024097528
syn-0348,1,1,1,9,9,0.00012306527,0.00037740552,0.00018276893,0.0004556828,0.00014600098,0.0005555947,0.0005707176,0.00056296797,0.021228617,0.97410786,0.0008376175,0.0008516393
syn-0349,1,1,1,5,5,0.00015042313,3.1132648e-05,7.834393e-05,0.00027809263,0.00033997835,0.9977489,0.00011783809,0.00029831342,0.0003589134,0.00029864133,0.00014947134,0.00014983669
syn-0350,1,1,1,2,2,0.0002431266,0.00027408966,0.9971675,0.00044810717,0.00012044458,0.00015420148,0.00018764447,0.00046131693,0.00019559634,0.00017018613,0.0004144061,0.00016334708
syn-0351,1,1,1,11,11,0.00032550766,0.00026946032,0.00011977682,0.00018371112,0.00015560938,0.000195464,0.00026677657,0.000114627175,0.00013271038,0.0005457886,0.00022399118,0.99746656
syn-0354,1,1,1,8,8,0.0002231544,0.00024800643,0.00015033173,3.1022704e-05,9.7822725e-05,0.0002902322,0.0002656502,6.5610955e-05,0.99811685,0.0003030258,0.000121980345,8.649701e-05
syn-0356,1,1,1,8,8,0.00044765713,0.0006142695,0.00012565246,3.813517e-05,0.00014704613,0.00022758276,0.0004622057,6.046559e-05,0.99750453,0.00016597549,0.00011632306,9.006323e-05
syn-0357,1,1,1,3,3,0.00019733382,0.00014975759,0.00027551362,0.99770916,0.00019033086,0.00025183984,0.00032618354,0.00012051,3.950781e-05,0.00027699742,0.0002545597,0.0002082226
syn-0367,1,1,1,4,4,0.00028328458,0.00033287526,0.00011395542,0.0002062459,0.9974485,0.00021414786,0.0007160128,0.00019882957,0.00017015099,9.085319e-05,0.00010446931,0.00012059623
syn-0372,1,1,1,1,1,0.00017134873,0.9981139,0.00018168865,0.00017421712,0.00021631441,2.5221207e-05,0.00015292251,0.00024034602,0.00022028486,0.00013768257,0.00012652983,0.0002396429
syn-0378,1,1,1,2,2,0.00021441646,0.00029565976,0.9972377,0.00036540037,0.00011096655,0.0001478707,0.00017178447,0.0005136055,0.0002162037,0.00017321632,0.00041131052,0.0001418591
syn-0380,1,1,1,4,5,0.00020419178,3.62361e-05,8.1579594e-05,0.0003229688,0.00083323,0.9972053,0.0001229448,0.00023907432,0.00038365202,0.00024165635,0.00015855952,0.00017044209
syn-0381,1,1,1,8,8,0.00018290883,0.00026743344,0.00016016034,2.9597764e-05,8.2685365e-05,0.00029782506,0.00024827322,7.9595426e-05,0.9979716,0.000386321,0.00020970602,8.398747e-05
syn-0408,1,1,1,4,0,0.95476294,0.0009409171,0.00036328763,0.0005088275,0.013420919,0.0027871993,0.00059140415,0.00095200835,0.024951445,0.00012062129,0.00015277769,0.00044772506
syn-0415,1,1,1,1,11,0.005819155,0.026864832,0.0008686435,0.0017632969,0.0014476182,0.0019728714,0.005743642,0.00047504867,0.4543842,0.01216226,0.0029157149,0.4855826
syn-0423,1,1,1,9,9,2.8507746e-05,0.00013747168,0.00014169705,0.00028721595,6.973533e-05,0.00025396273,0.00011452587,0.0004298484,0.00047042788,0.99755883,0.00019142052,0.0003163126
syn-0426,1,1,1,10,10,0.0001043078,0.00012260495,0.00025453445,0.00027585638,0.0001051259,0.00015355594,0.0004622546,0.00012029227,0.00015058591,9.703586e-05,0.9978536,0.00030020557
syn-0428,1,1,1,8,1,0.00018755262,0.99814045,0.0001687791,0.00013674823,0.00023803119,2.9834951e-05,0.00014599483,0.00019930783,0.0003394067,0.00010367759,0.000116000054,0.00019421613
syn-0433,1,1,1,5,5,0.00044943526,0.00013936458,0.00020257635,0.0010622019,0.039946508,0.95467347,0.00038743744,0.0013766064,0.0006053722,0.0004637019,0.00042676524,0.00026654176
syn-0435,1,1,1,10,10,0.00010650385,0.00013728888,0.0002691849,0.00026292467,8.441619e-05,0.00014895294,0.00015278337,0.00012972888,0.000158792,0.00013648682,0.99818003,0.00023290992
syn-0443,1,1,1,7,7,0.00033182942,0.0003819333,0.00060026057,0.0001488387,0.00029643506,0.0002631403,0.0001140072,0.9969277,8.809794e-05,0.0005014906,0.00022474637,0.00012147861
syn-0447,1,1,1,7,7,0.00025680818,0.00030126717,0.00054304936,0.00013084496,0.0003519591,0.00039814092,0.00010773527,0.9969836,9.424408e-05,0.0005147297,0.00020364858,0.000114013594
syn-0457,1,1,1,9,9,3.3393266e-05,0.00015486193,0.00013507297,0.0002682315,6.712768e-05,0.00025513725,0.0001014618,0.00047957728,0.00032392438,0.9975343,0.00015009733,0.0004967373
syn-0458,1,1,1,6,6,5.9333033e-05,0.00012921615,0.00012056038,0.00034449424,0.00022326548,9.389251e-05,0.9981262,8.666695e-05,0.00025905573,9.9364144e-05,0.00020684,0.00025102415
syn-0464,1,1,1,4,4,0.00073585886,0.00031169638,9.33714e-05,0.00017666946,0.9974451,0.00019689664,0.00036766616,0.00025165026,0.00013712083,7.3431336e-05,8.944434e-05,0.00012106782
syn-0469,1,1,1,9,9,3.2685475e-05,0.00014073685,0.00012745593,0.00026190595,6.8723755e-05,0.0002476046,0.00010367154,0.0004479164,0.00042850187,0.997595,0.000184094,0.00036177196
syn-0472,1,1,1,8,8,0.00021905483,0.00026011813,0.00013815616,3.4880213e-05,7.596252e-05,0.00023947124,0.0002391791,5.9044232e-05,0.99812967,0.00037008623,0.00015299961,8.1495884e-05
syn-0486,1,1,1,1,1,0.00015376686,0.9977615,0.00019590405,0.0001350378,0.00025114694,2.9075916e-05,0.00024879735,0.0001656943,0.00055481825,0.00011618271,0.00012847701,0.00025965748
syn-0491,1,1,1,10,10,0.00010113195,0.0001205672,0.0002572662,0.00026105452,8.675653e-05,0.0001583279,0.00017949664,0.0001299194,0.00015640692,0.00012972925,0.9981828,0.0002367228
syn-0499,1,1,1,11,11,0.00028891934,0.00026622997,0.000120733894,0.00017523844,0.0001272716,0.00015099124,0.00027921103,0.000111116715,0.00012108813,0.00045445072,0.00029225368,0.9976125
syn-0006,1,1,2,7,2,0.0015856038,0.0033208576,0.56012094,0.0013562388,0.000634416,0.0014241048,0.0010993888,0.41624656,0.0030332871,0.003948915,0.005997169,0.00123246
syn-0013,1,1,2,6,6,3.508923e-05,0.00013352917,0.000105785126,0.00018475435,0.00026911148,7.129874e-05,0.99824464,0.000112442845,0.00024873557,0.00010951679,0.00017449536,0.00031054046
syn-0016,1,1,2,9,9,0.00025437435,0.00031812355,0.00023297155,0.0013080847,0.00013132486,0.0006072401,0.00033274014,0.0005191464,0.0012219884,0.97269946,0.015119914,0.007254614
syn-0018,1,1,2,3,6,3.4679815e-05,0.00011371074,9.7833516e-05,0.00023806634,0.0003323024,8.198279e-05,0.99822694,9.6693715e-05,0.0002475196,0.000111022404,0.00015957675,0.00025968347
syn-0025,1,1,2,8,8,0.0001644171,0.00024057254,0.00016676182,3.401232e-05,6.0279282e-05,0.00019316393,0.00022863306,7.642372e-05,0.998323,0.00026965878,0.00017005089,7.285285e-05
syn-0026,1,1,2,10,10,0.0001208247,0.00012619114,0.00023882648,0.00020527902,6.578755e-05,0.00016234942,0.00056859525,9.124781e-05,0.0001575082,0.00012375039,0.99787545,0.00026409075
syn-0032,1,1,2,4,4,0.00034051115,0.00037834048,0.00020251107,0.00017897737,0.9967541,0.00019695249,0.001318605,0.00020270892,0.0001256806,9.0701324e-05,9.711844e-05,0.000113764945
syn-0033,1,1,2,5,5,0.00020749625,1.991281e-05,8.023164e-05,0.00019134129,0.00022190559,0.9981201,9.8976154e-05,0.00022446652,0.00034536058,0.00021288414,0.000140399,0.00013681223
syn-0038,1,1,2,5,5,0.0004081532,5.797329e-05,0.00018459895,0.009806903,0.0006567008,0.986748,0.00029963366,0.0002999264,0.0003247732,0.00045333125,0.00040855198,0.00035150663
syn-0040,1,1,2,4,4,0.00033063136,0.0004025655,0.00020735894,0.0001829043,0.9974597,0.00024504543,0.0005321015,0.00021021342,0.000103253355,9.410511e-05,0.00012213837,0.00011002002
syn-0045,1,1,2,9,9,0.00023271522,0.00018626293,8.233143e-05,0.0012519187,6.4370746e-05,0.00023928312,0.00012359412,0.00032254137,0.0006384816,0.99564254,0.00066814345,0.000547875
syn-0049,1,1,2,8,8,0.0001558147,0.0002555033,0.00014228714,3.368084e-05,7.221332e-05,0.00018933004,0.0002980398,7.407034e-05,0.9982951,0.00028019617,0.00012773236,7.612364e-05
syn-0050,1,1,2,4,4,0.0004120242,0.0009333406,0.0013212919,0.0026541376,0.9922231,0.00041464792,0.0008941401,0.00040405494,0.00010827306,0.00018328156,0.00028056485,0.00017117117
syn-0053,1,1,2,10,10,0.000163283,0.00013596252,0.00033782754,0.00021239,6.517185e-05,0.00016272583,0.00015167716,9.390298e-05,0.000156301,0.00012140087,0.9982375,0.00016181465
syn-0059,1,1,2,3,3,0.0001244905,0.00014618515,0.00020187079,0.99797875,0.00018210812,0.00037147856,0.00022020125,0.00013251946,4.3064803e-05,0.00021311396,0.00022279692,0.00016340015
syn-0077,1,1,2,2,2,0.0002108748,0.00025830613,0.99718374,0.0002688583,0.00020309357,0.00013958405,0.00017430993,0.0006016071,0.000275503,0.00012512234,0.00046352588,9.556061e-05
syn-0079,1,1,2,1,1,0.00014197918,0.99370533,0.0002017931,0.0004512089,0.00043818163,4.246368e-05,0.0030208621,0.00023500026,0.0008855836,0.000126897,0.00019049495,0.0005603573
syn-0083,1,1,2,0,0,0.9980246,0.00016638667,0.00014427718,0.000112692855,0.00046019413,0.0002899575,3.612448e-05,0.00013369544,0.00014943964,9.037456e-05,0.00019452572,0.00019778212
syn-0085,1,1,2,3,3,0.00053169794,0.047396794,0.0010129344,0.94458157,0.0014810248,0.00028739026,0.0012200436,0.0005053717,0.00030413806,0.00089303893,0.0007006121,0.0010853942
syn-0090,1,1,2,5,5,0.00028330862,1.9373761e-05,9.170777e-05,0.00020798267,0.00026842774,0.9980204,8.845326e-05,0.00027089653,0.00030865686,0.0001902044,0.00014266535,0.00010795269
syn-0091,1,1,2,4,4,0.00055968494,0.00021352438,0.00012941427,0.0001637548,0.99770594,0.0003903417,0.00038055543,0.00013635539,9.768701e-05,6.5455984e-05,7.195958e-05,8.528737e-05
syn-0095,1,1,2,11,11,0.00022137427,0.00031471314,0.000103452505,0.00021933,0.00010905442,0.00015736159,0.00031013665,0.00019931258,0.00010549292,0.000269583,0.0005568067,0.9974335
syn-0100,1,1,2,2,2,0.00022367516,0.00027198624,0.9972759,0.00027338427,0.00019202141,0.00014248933,0.00016577546,0.0004893871,0.00026790024,0.00011917061,0.00047700125,0.00010143552
syn-0101,1,1,2,3,3,0.00012266781,0.00018869726,0.00026032253,0.99787784,0.00020116163,0.000313779,0.0002754929,0.00013711337,5.1839466e-05,0.00021889266,0.00020116163,0.00015110517
syn-0103,1,1,2,11,11,0.00023337912,0.0003597479,8.0811355e-05,0.00018652089,0.000115983225,0.00014086212,0.00039803452,0.00020335821,0.00012119379,0.00036045123,0.00029115498,0.9975084
syn-0107,1,1,2,10,10,0.0001324011,0.00011008641,0.00019648994,0.00017995748,7.730433e-05,0.00020036538,0.00035893824,8.573538e-05,0.00019063066,0.00011903179,0.9980616,0.00028743088
syn-0128,1,1,2,2,2,0.00022703025,0.00026150167,0.9972717,0.0002780275,0.00019277216,0.00014480329,0.00016138206,0.00049503293,0.00026549006,0.00012163927,0.00047479174,0.000105888634
syn-0149,1,1,2,8,8,0.00016889255,0.00019678168,0.00016417657,3.481893e-05,7.672291e-05,0.00022473172,0.00023765393,7.428981e-05,0.998324,0.00025970873,0.00015719475,8.111471e-05
syn-0158,1,1,2,1,1,0.00019089073,0.9979603,0.00021651889,0.00018384695,0.00030164054,2.3367811e-05,0.00017082118,0.00018277286,0.00031991606,0.00010401379,0.0001258327,0.00022008971
syn-0163,1,1,2,4,4,0.00043476527,0.00030701782,0.00015596939,0.00015734625,0.9978235,0.00023904737,0.00039984065,0.00013906114,0.00011190256,6.948188e-05,7.224973e-05,8.982847e-05
syn-0166,1,1,2,5,5,0.00044588078,3.60679e-05,0.0001022474,0.00031865662,0.005038463,0.99257654,0.00018806175,0.00029499712,0.0004105641,0.00023912938,0.00018678055,0.00016259502
syn-0171,1,1,2,6,6,4.084502e-05,0.00019438556,0.00010594393,0.00019034676,0.00025859007,8.3972394e-05,0.9977925,0.000109627654,0.0006868051,0.00010248402,0.00013281858,0.00030184304
syn-0177,1,1,2,8,8,0.00015872827,0.00023619428,0.00015339465,3.7572627e-05,7.363551e-05,0.00017322582,0.00036636114,7.363551e-05,0.9982667,0.0002489841,0.00013024794,8.126864e-05
syn-0179,1,1,2,1,1,0.00021191408,0.9979479,0.00020324919,0.00016259922,0.00025999144,2.4109284e-05,0.0001737634,0.00019531975,0.0003373175,0.00010700027,0.00012540176,0.00025153134
syn-0181,1,1,2,10,8,0.00053722615,0.0021386924,0.0009699451,0.00042291082,0.0002749247,0.0010841674,0.0067921896,0.0004820369,0.8639167,0.0015240762,0.12086563,0.0009914932
syn-0191,1,1,2,4,4,0.0009167428,0.0022987907,0.0014205725,0.16850051,0.81653017,0.003004875,0.0042493376,0.00067135866,0.00028818435,0.00053368794,0.0009311793,0.00065452704
syn-0192,1,1,2,5,5,0.00025664878,2.688598e-05,9.00702e-05,0.0004927146,0.00023637821,0.9975817,0.00011430504,0.00025285492,0.00029453676,0.00026942565,0.0001930205,0.00019142492
syn-0194,1,1,2,1,1,0.00026385486,0.99731904,0.00025989104,0.00013871962,0.00025514446,2.7142678e-05,0.00016553997,0.00019202972,0.0009521518,9.604139e-05,0.000109361834,0.0002211868
syn-0196,1,1,2,4,4,0.0006473469,0.00026148796,0.00014765153,0.0001470759,0.9977064,0.0002442101,0.00036666988,0.00012086324,0.00011069393,7.022406e-05,7.5265874e-05,0.00010207566
syn-0197,1,1,2,11,11,0.00029339813,0.00033035994,6.770919e-05,0.0002577876,0.0001653063,0.00020422571,0.0003279492,0.00014832438,0.00015589868,0.00047092818,0.00020693598,0.9973711
syn-0203,1,1,2,8,8,0.00014292006,0.00025431646,0.00017506658,3.5092544e-05,6.2926854e-05,0.00019611315,0.00025162988,7.0543596e-05,0.9983388,0.00025500817,0.00013511593,8.2393315e-05
syn-0208,1,1,2,8,8,0.00016623498,0.00023803343,0.00015213668,3.4212528e-05,7.040551e-05,0.00022691139,0.00024806007,6.797331e-05,0.9983327,0.0002591884,0.0001247172,7.93913e-05
syn-0210,1,1,2,0,0,0.99796766,0.00018192834,0.00017555783,0.00011202809,0.0005939044,0.00020564914,3.7269067e-05,0.00011809436,0.00014986955,8.0927544e-05,0.00018908319,0.00018797854
syn-0224,1,1,2,8,8,0.00026879282,0.0002139344,0.0001290312,3.238612e-05,6.684252e-05,0.00025783374,0.0002860499,9.66871e-05,0.99815863,0.00027727446,0.00013299716,7.9532634e-05
syn-0239,1,1,2,6,6,3.460962e-05,0.00013093463,0.000100342055,0.00024138483,0.00040925833,8.2378065e-05,0.9981541,0.00011788595,0.00023793276,0.00010182273,0.00017559063,0.0002137246
syn-0242,1,1,2,0,0,0.9980508,0.0001983192,0.00015098383,0.00010191166,0.0005400095,0.0001720925,4.207024e-05,0.00010617854,0.00021537859,8.5986e-05,0.00016229869,0.0001739511
syn-0243,1,1,2,10,10,0.00013477948,0.00011987536,0.0002837651,0.0001968465,5.252331e-05,0.00017029405,0.00016158583,8.016674e-05,0.00014644468,0.00013191471,0.99828714,0.00023469381
syn-0250,1,1,2,11,11,0.00025703045,0.0003005724,9.384328e-05,0.00017226742,0.00012144222,0.00015916582,0.00027134572,0.00021829872,0.00012456521,0.00041310303,0.00026538377,0.9976029
syn-0260,1,1,2,11,11,0.00023970951,0.0006463694,0.00011648333,0.00028689473,0.00012112349,0.00013982132,0.00037546238,0.00024938022,0.000117396914,0.00026546384,0.0005121793,0.9969298
syn-0262,1,1,2,10,10,0.0001579197,0.00011675582,0.00032127317,0.00020262445,5.8938287e-05,0.00016142802,0.00014502143,9.345017e-05,0.00014509229,0.00012374095,0.99828655,0.00018712267
syn-0265,1,1,2,3,3,0.00014251412,0.0001444054,0.00017710209,0.9979366,0.00019892685,0.00038588324,0.00022963519,0.000117286174,4.1575353e-05,0.00021646087,0.0002390161,0.00017056707
syn-0271,1,1,2,2,2,0.00022936113,0.0002826015,0.9972324,0.00032124747,0.00017888848,0.00013965904,0.00016113948,0.00049032253,0.000253508,0.0001266034,0.0004894853,9.491421e-05
syn-0274,1,1,2,9,9,0.00010502659,9.432929e-05,0.00010814907,0.0001921387,6.314443e-05,0.00026990264,0.00012147657,0.00034223174,0.0010944022,0.996911,0.0003915964,0.00030669966
syn-0279,1,1,2,0,0,0.9977824,0.00022803553,0.00024020755,0.00012483119,0.00034433356,0.00018251734,5.517755e-05,0.00014159048,0.00034069602,0.00012422315,0.00021474318,0.00022123555
syn-0280,1,1,2,0,0,0.9979437,0.0001886176,0.00017123586,0.00010921681,0.00046957642,0.00020634828,4.884478e-05,0.00011682975,0.00029695456,0.00010606351,0.00015968732,0.00018299306
syn-0282,1,1,2,7,7,0.0004560592,0.00028386575,0.0004215799,0.00022764751,0.00039972892,0.003485316,0.000119260956,0.9931706,0.00017763866,0.0006926115,0.00018327752,0.00038235637
syn-0286,1,1,2,8,8,0.00016539544,0.0011633078,0.0001836132,8.447572e-05,0.00011797214,0.00025579447,0.0031146936,0.00014482507,0.99401844,0.00031648157,0.00024006213,0.00019488345
syn-0288,1,1,2,9,9,8.75806e-05,0.00011982543,9.151517e-05,0.00028212753,5.9666476e-05,0.00019138702,0.00011114556,0.00035662085,0.0003233868,0.9978714,0.0001378509,0.00036753717
syn-0295,1,1,2,10,10,0.00015252351,0.00022431715,0.00019056149,0.00039260904,8.068881e-05,0.0001832612,0.0006936498,8.38212e-05,0.00016228117,0.00014106117,0.99696904,0.00072622916
syn-0298,1,1,2,7,7,0.00042905548,0.00026731874,0.0003304171,0.00024103114,0.0004549466,0.005709948,0.00018607262,0.9907477,0.0002133333,0.00082089077,0.00020079991,0.0003985591
syn-0305,1,1,2,1,1,0.00021514129,0.9979253,0.0002013186,0.00016355104,0.0003151663,2.4250414e-05,0.00016956865,0.00019622344,0.00030426832,0.00011218755,0.00014746776,0.0002255212
syn-0318,1,1,2,11,11,0.0002068454,0.000370411,0.0001036029,0.0003507409,0.0001271851,0.00013982199,0.0005509852,0.00018352352,0.00010461961,0.0002687255,0.000659121,0.99693453
syn-0326,1,1,2,1,1,0.00023011806,0.997962,0.00019262324,0.00016078564,0.0002654307,2.2871161e-05,0.00015767576,0.00018560611,0.00034637708,0.00010858072,0.00010710633,0.0002608057
syn-0328,1,1,2,10,10,0.00016072585,0.00014274326,0.00025921722,0.0001690572,6.3465784e-05,0.00020698158,0.00016477855,9.499471e-05,0.00029181954,0.00015098795,0.9980781,0.00021704727
syn-0332,1,1,2,6,6,3.584991e-05,0.00010797288,0.0001060915,0.00018687952,0.00033063686,8.855625e-05,0.9982071,0.000104650906,0.0002791814,0.00010828968,0.00019201313,0.00025276648
syn-0338,1,1,2,8,8,0.00022229689,0.00021614245,0.00012561391,3.3025353e-05,6.279363e-05,0.00025854656,0.00018294573,7.199325e-05,0.9981729,0.00041237526,0.0001364192,0.00010495436
syn-0355,1,1,2,5,5,0.00027973636,2.7348244e-05,0.00013929333,0.0008400463,0.00023590695,0.9970523,9.858103e-05,0.00038385077,0.00021229328,0.00026304476,0.00028903925,0.0001785072
syn-0366,1,1,2,9,9,0.00022477876,0.00011187282,8.200792e-05,0.00094266445,8.569215e-05,0.00032633333,0.00012964806,0.00033693895,0.0002457887,0.99658453,0.00017982283,0.0007499081
syn-0369,1,1,2,6,6,3.4408706e-05,0.00019102816,8.1899845e-05,0.00023177806,0.00026680747,8.384204e-05,0.9981913,0.00012469955,0.00027674247,0.0001006402,0.00015041637,0.00026648198
syn-0370,1,1,2,9,9,8.622149e-05,0.000105847306,9.331875e-05,0.0002732764,5.7379828e-05,0.00018943174,0.00010730437,0.00032744982,0.00033432752,0.99785644,0.00016053331,0.00040848754
syn-0391,1,1,2,0,0,0.99801207,0.0002010905,0.00016630338,0.00011413121,0.0004583943,0.00021721843,4.125493e-05,0.00010648593,0.0002456005,9.32422e-05,0.00015946451,0.00018471132
syn-0392,1,1,2,1,1,0.00022304941,0.9978909,0.00020603533,0.00018523073,0.00029528514,2.4824642e-05,0.00015103337,0.00021862845,0.00028358324,0.00012423666,0.00012357115,0.00027365307
syn-0396,1,1,2,3,3,0.00011808467,0.00019402441,0.00027261805,0.99788576,0.00019092308,0.00028674948,0.0002637793,0.0001416743,4.927311e-05,0.00023506884,0.00020283999,0.00015913323
syn-0407,1,1,2,6,6,3.2570217e-05,0.00016621483,9.572919e-05,0.00047628456,0.00022763289,7.565411e-05,0.9979679,0.00012220061,0.00022350275,0.00011513365,0.00018121912,0.0003159309
syn-0411,1,1,2,2,2,0.00021336817,0.00029504148,0.99721956,0.0002665803,0.0001977191,0.0001376936,0.00016399495,0.0005451208,0.00028760938,0.00011951351,0.0004580862,9.575087e-05
syn-0414,1,1,2,5,4,0.00028295486,0.00023572602,0.00014693849,0.00020935218,0.99677426,0.0012793104,0.00042841726,0.00019089675,0.00014255679,0.0001013845,0.000113102586,9.5056086e-05
syn-0420,1,1,2,2,2,0.00022722712,0.00028216807,0.9971623,0.00028099937,0.00018819404,0.00014627968,0.00016886086,0.000550842,0.00027576624,0.00012708998,0.00048546412,0.000104745755
syn-0430,1,1,2,1,1,0.00021685736,0.9980572,0.00016860028,0.00024310598,0.0002700316,2.7322389e-05,0.00010869719,0.00026228334,0.00017899273,0.000111874135,0.00011073285,0.00024426612
syn-0431,1,1,2,3,3,0.00015220279,0.00015566009,0.00016376885,0.99779165,0.00021255446,0.00052364264,0.000228149,0.000112008325,4.6555426e-05,0.00021664092,0.00022593184,0.00017129342
syn-0432,1,1,2,6,6,3.414214e-05,0.000116521,0.00010054552,0.00027396242,0.00028548503,8.190274e-05,0.9982266,0.00010723939,0.00022808134,0.00010222867,0.00016764372,0.00027562282
syn-0477,1,1,2,7,7,0.0006868189,0.00048394583,0.044249438,0.0006084878,0.000867373,0.0011093869,0.0003158335,0.94979763,0.0003149096,0.0006834735,0.00052224915,0.00036034113
syn-0485,1,1,2,10,10,0.00022705246,0.00036469378,0.0002781905,0.00017708784,7.691198e-05,0.00041249616,0.00033712195,0.00013657588,0.0032008674,0.00037107046,0.99396616,0.00045182338
syn-0488,1,1,2,10,10,0.00014247176,0.00013279829,0.00017765562,0.0002270032,7.066652e-05,0.00021756197,0.0003912222,9.8206605e-05,0.00022556682,0.00018258042,0.9971529,0.000981254
syn-0489,1,1,2,11,11,0.0002927479,0.00043588705,6.922883e-05,0.0001570797,0.00012257296,0.00026447568,0.00031855158,0.00038631595,0.00013848704,0.000318785,0.00038953603,0.99710625
syn-0498,1,1,2,7,7,0.00015645672,0.0003690506,0.00041503602,0.00015799211,0.00024892084,0.00035760878,0.00023213307,0.99703896,0.0002253209,0.00045482747,0.00011335379,0.00023043907
syn-0003,1,1,3,2,2,0.0002950247,0.00032928455,0.99704117,0.00035052162,0.00010013234,0.00021913671,0.00017625332,0.0004988002,0.00024716524,0.00022742151,0.00035441542,0.00016063728
syn-0010,1,1,3,9,9,5.1624622e-05,7.802932e-05,0.0001370126,0.00026409872,0.00012493427,0.0002504102,0.00022617151,0.0003270752,0.00043494708,0.99763155,0.0001246905,0.00034946844
syn-0020,1,1,3,6,6,9.388779e-05,0.00016317688,0.00010944485,0.00026132952,0.00017574843,0.00012401726,0.9980761,6.175378e-05,0.0002569641,0.00018809077,0.00024966695,0.00023980942
syn-0024,1,1,3,2,2,0.0003019982,0.0003920331,0.9969658,0.00041243,9.751927e-05,0.00021362658,0.00017667082,0.0004923503,0.0002366941,0.00022355103,0.00033669773,0.00015052542
syn-0027,1,1,3,4,4,0.000457398,0.00024680793,9.2180366e-05,0.00013824405,0.9973028,0.00022837151,0.00019889761,0.0007916647,0.00018923421,0.00016020938,8.6342116e-05,0.00010776977
syn-0043,1,1,3,9,9,4.6176923e-05,6.831175e-05,0.0001520009,0.00017632412,0.00011164147,0.0003148694,0.00016767558,0.00040215912,0.0005233313,0.99744165,0.00021837006,0.00037741326
syn-0044,1,1,3,2,2,0.0002551119,0.0004157716,0.9969483,0.00031718198,9.675866e-05,0.0002085724,0.00017761915,0.0005750439,0.0002690574,0.00020038633,0.00038797958,0.00014811679
syn-0052,1,1,3,4,4,0.003016335,0.00022172685,9.370186e-05,0.0001798231,0.9951272,0.00032809132,0.00022010879,0.00025533067,0.00014301787,0.00012066857,0.00014799068,0.00014598113
syn-0056,1,1,3,8,8,0.0002003802,0.00057657255,0.000113091235,2.6848411e-05,7.413085e-05,0.00015077561,0.0001610493,8.342898e-05,0.9981353,0.0002741245,0.00013574962,6.8426045e-05
syn-0057,1,1,3,8,8,0.0010585717,0.021819402,0.0007893572,0.00026465987,0.00049348496,0.0011180746,0.0017291731,0.0009210513,0.9080643,0.00064111646,0.06227921,0.0008216035
syn-0061,1,1,3,4,4,0.00023360249,0.00014769137,9.6480755e-05,0.00023201104,0.9970016,0.0008709103,0.00029958563,0.00034773757,0.00013942234,0.00019652101,0.00030097854,0.00013342804
syn-0064,1,1,3,6,6,0.00010116689,0.00022642993,0.00010336391,0.00020576453,0.00041174202,0.0001108933,0.99755305,6.4431304e-05,0.00027179625,0.00022412,0.00038307637,0.00034410733
syn-0070,1,1,3,2,2,0.00031425038,0.0002960409,0.99706167,0.0003496741,9.5455645e-05,0.00020788435,0.00019875246,0.00041975858,0.00024916974,0.00022107575,0.0004198995,0.00016638855
syn-0072,1,1,3,0,0,0.99803513,0.00016009234,0.0002487441,0.00019011436,0.00039548334,0.00016509357,8.750946e-05,0.00010680083,0.00023350235,4.4958113e-05,0.0001176419,0.00021490248
syn-0074,1,1,3,5,5,0.004119421,0.005202036,0.0012742692,0.44576624,0.0014271138,0.5293605,0.0009268286,0.002113261,0.0010021407,0.003925025,0.0026727167,0.0022103568
syn-0075,1,1,3,7,7,0.00016967343,0.0004767912,0.00037414636,0.00017352757,0.00036861564,0.00023869441,0.00012523157,0.99708015,0.00014066421,0.00037277868,0.00020168904,0.0002779741
syn-0081,1,1,3,10,10,0.00021629574,0.00021693036,0.00032438146,0.00022013143,0.00015778242,0.00043660952,0.00046188396,0.00015933081,0.0031753404,0.00048369585,0.9937728,0.00037482203
syn-0097,1,1,3,10,10,9.072738e-05,0.00019108765,0.00024807185,0.00022697757,0.00012850961,0.00024855684,0.00021474072,0.00012869798,0.00021881577,0.00012486025,0.99801457,0.0001643663
syn-0102,1,1,3,1,1,0.00017856821,0.99788034,0.00018257982,0.00020432998,0.00021607909,4.157301e-05,0.00022772407,0.00025625594,0.0004296197,6.867631e-05,9.432885e-05,0.00022012579
syn-0105,1,1,3,4,4,0.23091224,0.00083320617,0.00039070664,0.00078617217,0.7630703,0.0009913914,0.0004422965,0.00084632734,0.0005662585,0.00024141361,0.00032107282,0.0005986726
syn-0120,1,1,3,3,3,0.00050449726,0.025276363,0.0008244969,0.95966893,0.001959242,0.00024064624,0.005112687,0.0004426162,0.00035495812,0.001483524,0.0032977767,0.0008342158
syn-0121,1,1,3,9,9,4.821198e-05,7.7495264e-05,0.00013475247,0.00020688238,0.00011286511,0.00029235697,0.00018355632,0.0003968096,0.00039018106,0.9975998,0.00013660743,0.00042047244
syn-0135,1,1,3,0,0,0.9980081,0.00015156827,0.00023315425,0.00018534299,0.00037934864,0.00017902763,8.301202e-05,0.00010210652,0.00024108449,4.8752616e-05,0.00014120819,0.00024734452
syn-0136,1,1,3,6,6,7.698907e-05,0.0001963107,0.0001022932,0.00033316217,0.00014496263,0.000120766475,0.9978817,6.3391366e-05,0.00017468764,0.0001972716,0.00042804985,0.00028044794
syn-0139,1,1,3,1,1,0.00016037634,0.99785465,0.00019007998,0.00029596005,0.0002547523,4.052969e-05,0.00022721842,0.00025624936,0.00028090284,7.225199e-05,0.00012182928,0.00024511255
syn-0147,1,1,3,0,0,0.9977672,0.00017543686,0.00020570823,0.00027973196,0.00054661994,0.000167403,0.000101982245,9.10599e-05,0.0002145303,5.464049e-05,0.0001341841,0.00026144003
syn-0156,1,1,3,6,6,0.00010199911,0.00025079158,0.000108577486,0.00028059908,0.00024786976,0.000118436634,0.9979322,8.2440216e-05,0.0002519576,0.00019853783,0.00015545414,0.00027123658
syn-0159,1,1,3,11,11,0.00031416095,0.000305165,0.00012308727,0.00016595586,0.00013839074,0.00017795771,0.00027194998,0.00023018199,0.00011317206,0.00046496617,0.00030846082,0.9973865
syn-0160,1,1,3,5,5,0.00020734896,3.8001508e-05,0.000106786225,0.00033003077,0.00019545323,0.9978987,0.000119245036,0.0001876904,0.0002653329,0.00022212733,0.0002773207,0.00015184795
syn-0168,1,1,3,1,1,0.00016936207,0.9976834,0.00022519147,0.00032507832,0.00023989071,4.498618e-05,0.00024486118,0.00028557362,0.0003431979,5.9306713e-05,0.00018330298,0.00019579311
syn-0169,1,1,3,4,4,0.0005280464,0.0002086114,8.1773214e-05,0.00025628335,0.9976217,0.00019973994,0.00029867617,0.00029787514,0.000102266546,0.00012889883,0.00014916067,0.00012702442
syn-0172,1,1,3,10,10,0.0001065049,0.000121276586,0.00021011067,0.00018170249,0.00011053147,0.00022516832,0.00020404438,0.00010723545,0.0001902367,0.00012300609,0.99818987,0.00023025491
syn-0175,1,1,3,11,11,0.00030808983,0.00073600805,0.0001440467,0.00021205725,0.00013348187,0.00014588707,0.0003835176,0.00030007254,7.9705664e-05,0.00033166382,0.0007952318,0.9964302
syn-0182,1,1,3,6,6,9.161997e-05,0.0002117266,0.00010092009,0.00030693432,0.00021023287,0.00010997649,0.9980392,7.558566e-05,0.00020516237,0.0001973991,0.0001771203,0.0002740615
syn-0183,1,1,3,4,4,0.00036205613,0.00016515543,9.90048e-05,0.00022640303,0.99548835,0.0021818792,0.0002556729,0.0005180283,0.00017927455,0.00021414488,0.0001820977,0.00012787174
syn-0185,1,1,3,7,7,0.00034429392,0.00060131133,0.0044431235,0.0003446303,0.00058623584,0.00050290534,0.00024581558,0.9908708,0.00020578814,0.0009917578,0.0004216318,0.00044165063
syn-0188,1,1,3,10,10,0.00011662638,0.00014081573,0.0001868696,0.00018865737,0.000109560344,0.00018948824,0.00021456112,0.000109186505,0.00014429592,0.00010112905,0.9981541,0.0003447563
syn-0189,1,1,3,10,10,0.00016325012,0.000530107,0.0002391568,0.0010849905,0.00015869168,0.00020396322,0.0035281386,9.5409116e-05,0.00021532293,0.00020616605,0.9926904,0.0008844631
syn-0200,1,1,3,5,5,0.0022606421,0.00030614075,0.0006608826,0.09142403,0.0013415541,0.8984443,0.0005527276,0.0019720679,0.00022839493,0.00089804205,0.0012720199,0.0006392995
syn-0202,1,1,3,10,10,0.0003173299,0.00033845627,0.00068203337,0.0002732884,0.00019190725,0.000692943,0.00034665177,0.00037794418,0.009456646,0.0012380218,0.98555225,0.00053246645
syn-0205,1,1,3,2,2,0.00028742125,0.00038992002,0.9970541,0.00034011505,9.324371e-05,0.00019991891,0.00017946887,0.00044723658,0.00025783153,0.00020930872,0.00037957632,0.00016182024
syn-0221,1,1,3,11,11,0.00055804674,0.0011747697,0.0001311635,0.00012700394,0.00015052663,0.00020594652,0.00046546932,0.00033971426,0.0003455698,0.00030886056,0.0016502321,0.9945427
syn-0241,1,1,3,1,1,0.00017079433,0.9978035,0.00019400842,0.00027682076,0.00025134152,4.309931e-05,0.00028269438,0.00022670809,0.00034918752,6.5270884e-05,0.00013663534,0.0001998739
syn-0247,1,1,3,3,3,0.00031099378,0.00028178384,0.00022897677,0.99604756,0.0006793558,0.00022675157,0.0011679614,0.00011914012,4.264698e-05,0.00030752074,0.00029907978,0.0002883253
syn-0249,1,1,3,8,8,0.00029428265,0.00021831888,9.5819894e-05,2.148496e-05,8.547403e-05,0.00037653107,0.00018514915,8.5223975e-05,0.99793845,0.00040697813,0.00019824847,9.405838e-05
syn-0258,1,1,3,3,3,0.00058761315,0.00019992531,0.00046054774,0.9873962,0.0009370565,0.008119675,0.00045696372,0.0003722352,0.00010341647,0.00046257608,0.00064097013,0.00026279688
syn-0273,1,1,3,0,0,0.99793637,0.00017342236,0.0002447439,0.00022398728,0.00045141857,0.00016841532,7.268253e-05,0.00012424232,0.00014560904,4.8653994e-05,0.00013799456,0.0002724988
syn-0276,1,1,3,6,6,9.7274846e-05,0.00022093154,0.00011001176,0.00020795174,0.0004144711,0.00013269951,0.99738485,6.6986664e-05,0.00028548817,0.00022430117,0.00054868305,0.0003063589
syn-0289,1,1,3,8,1,0.002944392,0.9857265,0.0009109061,0.00023724727,0.000847815,0.00016955298,0.0003472213,0.0028832157,0.0053472477,9.529655e-05,0.00013308365,0.00035754425
syn-0291,1,1,3,1,1,0.00015215356,0.99795604,0.00021201932,0.00020954922,0.00020524547,4.137365e-05,0.00018802223,0.0003171927,0.000288891,6.7353096e-05,0.00012818872,0.00023394034
syn-0293,1,1,3,0,0,0.9969606,0.00014696595,0.00024540164,0.0002316619,0.0009796288,0.00030391966,0.00015148314,0.00011948247,0.0004653957,5.4383472e-05,0.00011591952,0.00022508328
syn-0296,1,1,3,3,3,0.00024037373,0.00016027987,0.0002567526,0.99676776,0.0004017648,0.0007393195,0.00031297113,0.00018931749,4.7147867e-05,0.0003921706,0.0002997348,0.0001924867
syn-0297,1,1,3,11,11,0.00032168045,0.00033909935,0.00012811193,0.00017163754,0.00014933987,0.0001796113,0.000293466,0.00022495327,0.00011327942,0.0004646197,0.0002557782,0.99735826
syn-0299,1,1,3,1,1,0.00018033448,0.9979572,0.00018880445,0.00019956334,0.00021907047,4.421445e-05,0.00017410476,0.00030886347,0.0003330044,6.560047e-05,0.00010170327,0.0002274638
syn-0301,1,1,3,3,3,0.0001772698,0.00021082167,0.0002868955,0.9974195,0.0002778651,0.0002715609,0.00046849978,0.00013064673,4.0275336e-05,0.00019999217,0.00035129726,0.00016539505
syn-0307,1,1,3,3,3,0.00052203616,0.0064095818,0.00043236074,0.98723036,0.0011796623,0.0001513289,0.0012103674,0.00028549405,0.00013380837,0.0011172994,0.00067804346,0.00064968446
syn-0312,1,1,3,11,11,0.00058164046,0.0005192514,0.00012285219,0.00015898254,0.00018388347,0.00020175937,0.0007140341,0.00022529875,0.00048187326,0.0011593455,0.00016940139,0.9954816
syn-0321,1,1,3,9,9,4.4588327e-05,7.58473e-05,0.0001432318,0.00025923268,0.00012480706,0.00024495766,0.00023322721,0.00030664622,0.0004856128,0.99758947,0.00017000893,0.0003223447
syn-0329,1,1,3,8,8,0.00016321772,0.00023851176,0.00012514337,2.4212812e-05,7.27109e-05,0.00018084206,0.00015566741,8.4676234e-05,0.9983259,0.00041052973,0.00014545265,7.3138195e-05
syn-0336,1,1,3,0,0,0.9979818,0.00017024197,0.00024703628,0.00022106378,0.00036620905,0.00017530331,8.0220525e-05,0.00011401635,0.0001700758,4.65643e-05,0.00016157585,0.00026580883
syn-0341,1,1,3,8,8,0.0002317292,0.00027835256,0.000122008394,2.4166064e-05,7.2996976e-05,0.00018554165,0.00015191607,8.2152896e-05,0.9983463,0.0003177431,0.00012088172,6.633482e-05
syn-0352,1,1,3,8,8,0.00019136263,0.00048367653,0.00012853755,2.797521e-05,7.6491386e-05,0.00015160222,0.00015603317,8.838563e-05,0.9982316,0.00024738486,0.00014787358,6.91042e-05
syn-0364,1,1,3,4,4,0.0009491879,0.00036980645,0.00016750072,0.0004652021,0.96057224,0.031857703,0.0010792533,0.0007963746,0.0006377215,0.00043234756,0.0023111473,0.00036159283
syn-0368,1,1,3,9,9,5.3418727e-05,7.322897e-05,0.00014177419,0.00022633337,0.00012677567,0.0002676643,0.00019330982,0.00036874568,0.00039473805,0.9976146,0.00012215735,0.0004172065
syn-0379,1,1,3,3,3,0.0027802119,0.0004775435,0.0008028649,0.91462773,0.06421694,0.010565349,0.0014173525,0.00080364937,0.00012421023,0.00078120903,0.002870129,0.0005327382
syn-0385,1,1,3,5,4,0.00064965803,0.0001886463,0.00015381836,0.0003429313,0.9831014,0.013147863,0.00034850178,0.0009942445,0.0002837453,0.00033662698,0.00025286168,0.00019963975
syn-0386,1,1,3,10,10,0.00010860367,0.00013542369,0.0002805854,0.00021284343,9.744682e-05,0.00019844032,0.00016327242,0.00012878126,0.00017409986,0.00012366644,0.9981729,0.00020399108
syn-0388,1,1,3,5,5,0.0019610769,0.00029177286,0.00067574746,0.12603752,0.003172765,0.85962963,0.0006600938,0.0025711877,0.0005051239,0.0014680618,0.002282678,0.0007443408
syn-0401,1,1,3,11,11,0.0005101036,0.008196555,0.00026658364,0.0003424673,0.0002112973,0.00018996139,0.0005599657,0.00062621385,0.00020044338,0.00044081165,0.0013967984,0.9870588
syn-0409,1,1,3,10,10,0.00010855303,0.00013170943,0.0002506586,0.00024010157,9.659622e-05,0.0001658877,0.00016503938,0.00012246735,0.00014472516,0.00013648883,0.99819475,0.00024312464
syn-0413,1,1,3,9,9,6.498729e-05,7.560777e-05,0.00013933584,0.0002657072,0.00012699068,0.00027380718,0.00021391913,0.000371247,0.00035929822,0.99735665,0.00010788089,0.00064459705
syn-0417,1,1,3,7,7,0.001990265,0.0021630512,0.0005943848,0.0009886259,0.0066871103,0.0043673506,0.00084644277,0.9775458,0.00052403077,0.0009771081,0.0011930929,0.0021227682
syn-0418,1,1,3,0,0,0.99796546,0.00017233004,0.00022122212,0.00018963755,0.00048401998,0.00015984684,7.6845296e-05,0.00012769017,0.0001861513,4.306423e-05,0.00012007101,0.0002535705
syn-0440,1,1,3,1,1,0.000377876,0.9968376,0.00021770566,0.00019968043,0.0002241781,4.251441e-05,0.0002103903,0.0003370451,0.0011490815,6.2893625e-05,8.186869e-05,0.0002590373
syn-0452,1,1,3,10,10,0.00015275896,0.0001953817,0.00040345002,0.0002992336,0.00015837951,0.0003469476,0.0063079395,0.00016958486,0.00048915506,0.0003171358,0.9907376,0.0004223993
syn-0453,1,1,3,1,1,0.00020732451,0.997294,0.00022242674,0.00036517854,0.0003134806,4.7635684e-05,0.00032600804,0.0002681014,0.00042837256,7.9308695e-05,0.0001873021,0.00026086986
syn-0456,1,1,3,11,11,0.00040600318,0.00044330218,0.00017754296,0.0020933014,0.0004343036,0.00028538008,0.0010772762,0.00023201237,5.5215507e-05,0.00053224986,0.0016278785,0.99263555
syn-0459,1,1,3,5,0,0.9873898,0.0002597335,0.00022676493,0.00024423542,0.009291029,0.000490367,0.00024115441,0.00017886105,0.0012531135,7.276209e-05,0.00012820127,0.00022412302
syn-0460,1,1,3,8,1,0.0006392191,0.90892047,0.0005462194,0.00042291085,0.0005012391,0.00020631164,0.0040796357,0.000529414,0.08178178,0.00038581752,0.0013934585,0.00059349486
syn-0461,1,1,3,2,2,0.00031447248,0.000280484,0.99703586,0.000333327,9.46179e-05,0.00020465611,0.00018872225,0.00050813897,0.00024758666,0.00020950938,0.00041808575,0.00016444582
syn-0468,1,1,3,6,6,8.914574e-05,0.0002276416,0.00010669348,0.0002892098,0.00020737128,0.000114913404,0.99800617,6.888648e-05,0.0002391495,0.00020030532,0.00020808128,0.00024244159
syn-0476,1,1,3,7,5,0.0016933967,0.0003279595,0.0007304577,0.0005513784,0.0023071235,0.9540545,0.00035495523,0.035714775,0.0011132713,0.001735672,0.00075144024,0.00066508935
syn-0487,1,1,3,6,6,0.00012053044,0.0002392941,9.6659955e-05,0.00023249874,0.00023795417,0.00011613961,0.99787843,7.310541e-05,0.00030234846,0.00018360758,0.00018888174,0.00033058855
syn-0490,1,1,3,7,7,0.00013330832,0.00044409288,0.0004462666,0.0001807929,0.00041091934,0.00027947113,0.00013700376,0.99708015,0.00015738267,0.0003374359,0.00017420674,0.00021893137
syn-0493,1,1,3,8,8,0.00021070389,0.00021480721,0.00012864359,2.5220348e-05,8.3587445e-05,0.00019396741,0.00015017943,9.234233e-05,0.9980799,0.0006325879,0.000108223016,7.9759695e-05
syn-0008,1,1,4,8,8,0.0001748926,0.00028458997,0.00021292701,3.7273163e-05,8.383247e-05,0.00026470097,0.0002465478,7.670396e-05,0.9980774,0.00034040178,0.00014239512,5.8182584e-05
syn-0014,1,1,4,0,0,0.9971495,0.00037389842,0.00033279578,0.00035599328,0.00049594,0.00015956024,0.00023375127,0.00016672854,0.00025873908,4.1461506e-05,0.00015616877,0.00027542628
syn-0019,1,1,4,0,0,0.997834,0.00022146317,0.00019259853,0.00022401901,0.0005203514,0.00011478144,0.00020522038,0.00012170785,0.00013250024,2.7156693e-05,0.00012930454,0.0002770321
syn-0022,1,1,4,10,11,0.0007443393,0.0014491853,0.00024527733,0.0013660446,0.00012849696,0.00015820836,0.0010005792,0.00023866139,9.6899916e-05,0.00063713366,0.0052340277,0.9887011
syn-0035,1,1,4,9,9,7.484032e-05,0.0006061659,0.0002783372,0.0011294298,0.00016964637,0.00030749003,0.00027082954,0.00050845277,0.0018229801,0.99206537,0.0014190453,0.001347467
syn-0037,1,1,4,8,8,0.00023716307,0.0002237753,0.00025506076,6.361377e-05,0.0001340144,0.00045678118,0.00047860036,0.00010325534,0.9955325,0.0006003909,0.00180363,0.00011121038
syn-0039,1,1,4,1,1,0.00016066944,0.9982152,0.00016043427,0.000116975716,0.00022503662,3.1391482e-05,0.000120042416,0.00024872823,0.0002836927,0.000112220136,0.000116975716,0.00020868455
syn-0041,1,1,4,10,9,0.00037042657,0.0010729121,0.0012716285,0.0072042667,0.0005453206,0.0019089406,0.001005941,0.001488137,0.0071238116,0.8238028,0.14148766,0.012718185
syn-0046,1,1,4,8,8,0.00032632978,0.0003845339,0.00017647202,4.0745363e-05,9.272218e-05,0.00027803643,0.00019619703,9.5946176e-05,0.99730384,0.00086481695,0.0001564219,8.393128e-05
syn-0048,1,1,4,11,11,0.00030677032,0.0007197345,0.00011301992,0.00026060696,0.00011468768,0.00020605643,0.0004380892,0.00020405395,8.923167e-05,0.0011702427,0.00033153588,0.99604577
syn-0054,1,1,4,5,5,0.00028079704,2.5117619e-05,0.00012631818,0.00022018499,0.0002472586,0.997905,7.1903676e-05,0.00024354411,0.0003774849,0.00019602792,0.00015605832,0.00015037323
syn-0055,1,1,4,3,3,0.00016806918,0.00014298712,0.00022222102,0.99783224,0.00016155164,0.00021339505,0.0004173994,0.00017596304,5.244814e-05,0.000262801,0.00021995402,0.00013108428
syn-0076,1,1,4,5,5,0.0004780436,2.8946282e-05,0.00013164253,0.00058026717,0.00030750118,0.9972007,0.000114708586,0.00021853061,0.00034220584,0.00018420102,0.00021704183,0.00019617673
syn-0080,1,1,4,3,3,0.0002065529,0.000115583134,0.00019441784,0.9979582,0.00017308776,0.00027618854,0.00032144206,0.00016776241,4.976026e-05,0.00020117784,0.0002065529,0.00012932063
syn-0084,1,1,4,5,5,0.00050553866,5.781033e-05,0.000210637,0.0009980471,0.001926606,0.99363047,0.00019216213,0.0003960276,0.0004271638,0.00051879225,0.00073349214,0.00040324742
syn-0106,1,1,4,10,10,0.00010352625,0.000579683,0.00023784334,0.00025219587,9.715897e-05,0.00010754517,0.00029366146,0.00013561835,0.0001173106,0.0001418495,0.99717015,0.00076346856
syn-0108,1,1,4,8,8,0.00017891913,0.00031134108,0.00022266843,3.792704e-05,7.935613e-05,0.00022706018,0.00021862835,8.46393e-05,0.9978904,0.0003553023,0.00033243888,6.132166e-05
syn-0109,1,1,4,3,3,0.00040968237,0.00017538674,0.00020746492,0.99602216,0.0002303165,0.0004264185,0.0002950111,0.00027284067,7.78274e-05,0.00092188217,0.00048674748,0.00047419683
syn-0111,1,1,4,3,3,0.00019958575,0.00013327776,0.00022760042,0.99782556,0.00014781344,0.00027187052,0.00043684096,0.00016864348,4.7197904e-05,0.00016305628,0.00024543473,0.0001330177
syn-0113,1,1,4,11,11,0.00036169266,0.00028148026,0.00012600876,0.00014603006,9.604984e-05,0.00016660876,0.00033816503,0.0001677516,9.689774e-05,0.0005272242,0.0002852854,0.9974068
syn-0124,1,1,4,6,6,0.0001084769,0.00015829602,0.00010421938,0.00038331852,0.00023195581,6.95608e-05,0.9979818,8.2766994e-05,0.00025043695,0.00014856021,0.00020226609,0.00027832735
syn-0129,1,1,4,11,11,0.00041295044,0.00044956864,0.0002457426,0.00038623,0.00013597727,0.00022683128,0.0010959774,0.00035650734,8.830945e-05,0.0003948104,0.008528421,0.9876787
syn-0138,1,1,4,4,4,0.00024416152,0.00024043483,9.7429474e-05,0.00014231389,0.99799526,0.00022242016,0.0003287408,0.00019461502,9.143718e-05,0.0001249188,0.00024529675,7.297131e-05
syn-0140,1,1,4,11,11,0.00033950806,0.00031553055,0.0001429867,0.0002329987,0.0001067788,0.00019354034,0.00025967511,0.00022949842,8.86958e-05,0.0009993325,0.00023609078,0.9968554
syn-0142,1,1,4,4,4,0.00030062106,0.00020365883,9.648387e-05,0.0009777888,0.99606055,0.0011651287,0.00046475208,0.00018034363,0.00010310853,0.00017082931,0.00019452248,8.220529e-05
syn-0143,1,1,4,1,1,0.000358618,0.99714833,0.00018855931,0.00011336622,0.00027653773,3.7238467e-05,0.00018581735,0.00018645356,0.0010183471,0.00010977107,0.00015114223,0.00022589644
syn-0145,1,1,4,2,2,0.00024219896,0.0002943672,0.99725085,0.0003748133,0.00010303032,0.00021243926,0.00016193122,0.00037559762,0.00023497666,0.00018894738,0.00039868543,0.00016208943
syn-0146,1,1,4,10,10,9.298552e-05,0.00012796794,0.0002659238,0.0002373599,0.00010413884,0.00015241157,0.00024844758,0.00013049188,0.00011221673,0.00010887045,0.99818486,0.00023427978
syn-0150,1,1,4,3,3,0.00030636447,0.0042874496,0.00048599642,0.9913339,0.00036328426,0.00015077535,0.0007237128,0.0002864009,0.0001543509,0.0009917371,0.00036417224,0.00055178266
syn-0165,1,1,4,8,8,0.00021340683,0.00062754395,0.00021602787,5.621682e-05,9.071581e-05,0.00020856508,0.00036412678,8.939665e-05,0.9969133,0.0004979454,0.0006313859,9.133806e-05
syn-0174,1,1,4,10,10,8.549432e-05,0.00013112936,0.00025791678,0.00022899025,0.00010650336,0.00015300662,0.00025453884,0.00014585743,0.000116401294,0.00011177818,0.9981754,0.00023293728
syn-0176,1,1,4,10,10,8.88182e-05,0.00012562124,0.00022875157,0.00019001246,0.000119576325,0.00015212121,0.00027043434,0.00012409709,0.000118472104,0.00010614587,0.9982311,0.00024480125
syn-0178,1,1,4,9,9,6.0713028e-05,0.00024993412,0.0001689488,0.0006439418,0.00018232077,0.00030324975,0.00018958362,0.00034530894,0.00053252856,0.99573493,0.00016200116,0.0014263822
syn-0187,1,1,4,3,3,0.00021080361,0.000111793066,0.00020844943,0.9978211,0.00018512738,0.0003738535,0.00027067718,0.00019306681,4.7940946e-05,0.00022374281,0.00021834648,0.00013511181
syn-0195,1,1,4,4,4,0.0009713004,0.00023402268,0.00020652429,0.0009867166,0.94795156,0.04701173,0.0005414686,0.00046997692,0.0003739672,0.00037653235,0.00060228485,0.00027386754
syn-0206,1,1,4,8,10,0.0005932838,0.00045510862,0.0008793891,0.0003046516,0.00045912623,0.0014208703,0.0014699158,0.000414786,0.05004768,0.00080225826,0.9424878,0.0006650955
syn-0211,1,1,4,0,0,0.9981932,0.00019781553,0.00020519402,0.00019295028,0.00030799513,0.00012635466,9.4635274e-05,0.00013602289,0.00013503026,2.8525874e-05,9.669045e-05,0.00028568465
syn-0215,1,1,4,10,10,9.117725e-05,0.00010161629,0.00022749131,0.00018490398,9.518042e-05,0.0002079439,0.00021334342,0.00011593618,0.00028093145,0.00015239524,0.998078,0.0002511346
syn-0217,1,1,4,6,6,0.00011290284,0.0001479016,0.00011625946,0.0002917416,0.00022729179,8.203875e-05,0.99793327,8.539015e-05,0.00035830386,0.00015386844,0.00021805138,0.00027296407
syn-0223,1,1,4,6,6,0.00010219751,0.00014293022,9.809061e-05,0.00025355956,0.00022980016,7.881802e-05,0.99792236,8.5139414e-05,0.00041036378,0.00018050437,0.00019441085,0.00030184546
syn-0225,1,1,4,7,7,0.00041482836,0.00046891588,0.00031946073,0.00019758435,0.00033824253,0.00028748353,0.0002030616,0.99605346,0.00012657729,0.00043900267,0.0005142495,0.00063710974
syn-0228,1,1,4,6,6,0.00014418787,0.00018244862,0.00011756784,0.0008485916,0.00029527704,6.986102e-05,0.9974068,8.040953e-05,0.00022136835,0.00016824377,0.00021403437,0.0002512109
syn-0229,1,1,4,7,7,0.00079110253,0.00049385213,0.0013816652,0.0003768052,0.001368238,0.018622372,0.00021136856,0.97398406,0.00033448354,0.0013863958,0.000504577,0.00054504536
syn-0230,1,1,4,9,9,3.5818863e-05,0.00016643543,0.00018084048,0.0002617758,0.00012723717,0.00027380334,0.00012924086,0.00048466361,0.0004846045,0.99734265,0.00014453102,0.00036838645
syn-0232,1,1,4,8,8,0.00021501622,0.00038232649,0.00015377776,4.100652e-05,8.6387954e-05,0.00019958707,0.00023747889,6.636543e-05,0.99783224,0.00062597916,0.00010011397,5.9722428e-05
syn-0234,1,1,4,4,6,0.00012937347,0.00016791292,9.9097255e-05,0.0008053819,0.0003038284,7.672613e-05,0.99739146,7.568428e-05,0.00024461027,0.00017545646,0.00028451593,0.0002459877
syn-0236,1,1,4,11,11,0.0025006053,0.0025517936,0.00021948956,0.00052858883,0.00043736055,0.00077361194,0.0013295213,0.00028626836,0.0097427,0.017884603,0.00053848827,0.9632068
syn-0237,1,1,4,4,4,0.00026255604,0.00024931243,0.00010859791,0.000107227934,0.9981199,0.00021455377,0.00026294094,0.00022320956,0.00011237391,0.00013548264,0.0001368122,6.703603e-05
syn-0255,1,1,4,2,2,0.00028237,0.00025798104,0.9973888,0.00022811258,0.00010926272,0.00021309202,0.00016053642,0.00034810623,0.00028681665,0.00016652443,0.00039614495,0.00016227024
syn-0264,1,1,4,0,0,0.9981927,0.00014844656,0.0002152515,0.00014034066,0.00028627802,0.0001861937,8.516248e-05,0.00016027407,0.0001950341,3.1268395e-05,0.00010242505,0.00025661793
syn-0270,1,1,4,10,10,0.0001333135,0.00018809398,0.0002039748,0.0002700908,0.00037115853,0.0001619098,0.0004694175,0.00011656233,8.453258e-05,9.739147e-05,0.9976059,0.0002975978
syn-0294,1,1,4,1,1,0.000162222,0.9980665,0.00017916929,0.00013848509,0.0002672467,3.2764852e-05,0.00014915431,0.00022935688,0.00031240494,0.0001395031,0.00010013747,0.00022308867
syn-0300,1,1,4,10,10,8.85541e-05,0.00013332548,0.0002661587,0.00023228592,9.735268e-05,0.00014500637,0.00024963266,0.00015078278,0.000103227365,0.000106140746,0.99818283,0.00024462515
syn-0316,1,1,4,0,0,0.99801457,0.00012989751,0.00016142344,0.00019122763,0.00042978238,0.0002884366,8.993346e-05,0.00014748094,0.0001305971,2.6070094e-05,0.0001292648,0.0002613134
syn-0327,1,1,4,1,1,0.00030475424,0.99701715,0.00022769379,0.000119372606,0.0002709217,3.7967937e-05,0.00020515252,0.00018835047,0.0012270006,0.00011335131,0.000102404374,0.00018588363
syn-0330,1,1,4,0,0,0.99822456,0.00015981028,0.00018738535,0.00016312148,0.00031457847,0.00016780719,8.5917025e-05,0.00014593585,0.00013385288,2.8976001e-05,0.00011075142,0.00027734356
syn-0334,1,1,4,6,6,0.00011830229,0.00014622656,0.00011080961,0.00037643177,0.0003557166,8.860433e-05,0.9977742,9.017559e-05,0.0002949534,0.00014558538,0.00023315652,0.00026581844
syn-0339,1,1,4,7,7,0.00020440908,0.00038998932,0.00056174526,0.000215899,0.00033324992,0.00036636106,0.00013885142,0.9968053,0.00012642567,0.00045261648,0.0002050088,0.0002000643
syn-0340,1,1,4,9,9,3.2867152e-05,0.00017221157,0.00018189166,0.00038235963,0.00011905471,0.00021058632,0.0001533178,0.0003897999,0.0003838796,0.99727947,0.00017785175,0.0005167715
syn-0345,1,1,4,7,7,0.0065876185,0.0015554604,0.0008236821,0.0008556578,0.012056731,0.0032450252,0.0044116643,0.92922384,0.00041135174,0.0024554608,0.008503705,0.029869853
syn-0358,1,1,4,2,2,0.00025935922,0.0003262439,0.99734575,0.00022643816,0.00010915136,0.00020017277,0.00015036235,0.000405398,0.0002882081,0.00017247548,0.00036885447,0.00014759814
syn-0359,1,1,4,4,4,0.00039010987,0.00016686502,8.631518e-05,0.00011792127,0.9979658,0.00047177012,0.00022641305,0.0001620473,0.00013303639,0.00011592314,9.1345246e-05,7.240131e-05
syn-0360,1,1,4,0,0,0.99821633,0.00016576984,0.00017845399,0.00015794716,0.00038552054,0.00013945595,0.00010892706,0.000117032985,0.00015903058,2.5771576e-05,9.556619e-05,0.0002502513
syn-0374,1,1,4,8,8,0.00021214454,0.0003184764,0.0002057682,4.0301118e-05,8.277332e-05,0.0002416269,0.00023430721,7.470648e-05,0.998058,0.00033318036,0.00014336906,5.519279e-05
syn-0375,1,1,4,8,8,0.00014633856,0.000335095,0.00018845373,3.8211994e-05,7.979634e-05,0.00017894791,0.00022456057,7.825293e-05,0.9975637,0.00095331593,0.00015127903,6.2024184e-05
syn-0383,1,1,4,2,2,0.0002848414,0.00028193562,0.9973143,0.00023516377,9.6983415e-05,0.00019987347,0.00015780442,0.00039795708,0.00029843836,0.00017450307,0.00040486595,0.00015339804
syn-0393,1,1,4,2,2,0.00030003686,0.0003177155,0.99728525,0.00022123332,0.0001111888,0.00018775827,0.00017655491,0.00037665514,0.00031198902,0.00018611529,0.0003604476,0.0001650501
syn-0399,1,1,4,8,8,0.00027116082,0.00024689475,0.0002793589,6.603035e-05,0.00016681281,0.0004993503,0.0007115415,0.00012966046,0.9937641,0.0006345407,0.0030896638,0.0001408826
syn-0402,1,1,4,1,1,0.00040061594,0.99704665,0.00013740109,0.00015463514,0.00055999827,3.955876e-05,9.5361036e-05,0.0006923502,0.00019991741,0.00011984337,0.0002858097,0.00026790405
syn-0403,1,1,4,9,9,3.4380126e-05,0.0002034277,0.00017519448,0.00022017269,0.000120939585,0.00024936657,0.00013038433,0.000398876,0.00056291744,0.9973622,0.00013127868,0.00041091017
syn-0406,1,1,4,4,4,0.00065027754,0.00019184662,7.793048e-05,0.00019269154,0.99734145,0.00022102984,0.0006973054,0.000121410405,8.508985e-05,0.00010203832,0.00021580429,0.000103140344
syn-0419,1,1,4,1,1,0.00012449741,0.9980342,0.00022918156,0.00017660126,0.00026498048,2.8688937e-05,0.00016126904,0.0002838101,0.0002614302,0.0001302176,0.00014484327,0.00016040518
syn-0422,1,1,4,1,1,0.000120974255,0.9981353,0.00025214738,0.00016042145,0.00022321302,2.7754828e-05,0.00014170974,0.00026557402,0.00023421098,0.00013896883,0.00012354109,0.00017618848
syn-0425,1,1,4,5,5,0.00024413923,2.5215908e-05,0.000113563015,0.00020195432,0.0003028734,0.9979042,7.8816585e-05,0.00020244795,0.00039053836,0.00020048054,0.00016612308,0.00016973073
syn-0429,1,1,4,2,2,0.00027312269,0.00031935176,0.9972951,0.00022406204,0.00010203358,0.00019581248,0.00016913092,0.00038387394,0.00031210633,0.0001750117,0.00039802227,0.0001522757
syn-0436,1,1,4,6,6,0.00010360891,0.00015030908,0.00011434911,0.00033999016,0.00024308386,7.843757e-05,0.9979664,8.3252104e-05,0.00028502764,0.00014870307,0.00022652376,0.00026040917
syn-0444,1,1,4,5,5,0.0016134665,0.0005243277,0.000723704,0.0064530596,0.13445593,0.49374428,0.35080165,0.0017894362,0.0033974114,0.0017755105,0.002947402,0.0017737777
syn-0445,1,1,4,6,6,0.00010595866,0.00012881297,0.000116600335,0.0002593215,0.0002787893,9.223846e-05,0.99793124,8.268202e-05,0.00042040684,0.00014518232,0.00020195979,0.00023680767
syn-0454,1,1,4,11,11,0.00039511654,0.00084714853,0.00020872074,0.0004289997,0.00015405139,0.00022524058,0.0004338447,0.00032154133,9.145087e-05,0.0010191157,0.0006501262,0.9952246
syn-0463,1,1,4,11,11,0.00032494185,0.00028148846,0.00014293032,0.00016132982,9.165406e-05,0.00016824868,0.00033062347,0.00019027872,7.2433555e-05,0.00043183984,0.0003684771,0.99743587
syn-0465,1,1,4,7,7,0.011580724,0.0029309262,0.0027520063,0.0015512919,0.18284144,0.0052323206,0.00041427536,0.78804624,0.00051156175,0.0013425313,0.0016130883,0.0011836232
syn-0471,1,1,4,5,5,0.00031555275,2.4152301e-05,0.00012205806,0.00020440877,0.00030450313,0.99777776,7.88066e-05,0.00034832704,0.00027352187,0.0001735642,0.00018539072,0.00019193055
syn-0481,1,1,4,9,9,3.3259654e-05,0.0001698161,0.00020877543,0.00021954389,0.00012454382,0.00023912855,0.0001290002,0.0004315811,0.00043672175,0.9974316,0.00014078252,0.00043533786
syn-0492,1,1,4,6,6,8.44865e-05,0.00014266762,0.0001104066,0.00029255633,0.000302304,8.252938e-05,0.9980363,8.44865e-05,0.00027587323,0.00014266762,0.000207074,0.00023869009
syn-0497,1,1,4,5,5,0.0025429775,0.00021182052,0.00031829093,0.0003444908,0.0009196573,0.9798869,0.00018693095,0.010216056,0.0030376068,0.0006435936,0.0006274581,0.0010642197
syn-0005,1,2,0,11,11,0.000110218236,0.0004049557,0.00017424638,0.00019362803,0.00038658248,0.00029901962,9.604023e-05,0.00017690395,8.335975e-05,0.0004988723,0.00026908854,0.99730706
syn-0007,1,2,0,6,6,0.000101831196,0.00047339854,0.0002349221,0.00020955708,0.00069317693,0.00034482704,0.98564434,0.0005186587,0.010970927,0.0002881138,0.00040216063,0.000118126256
syn-0009,1,2,0,8,8,0.00026869954,0.00014422007,9.379999e-05,2.2830076e-05,0.000166646,0.00038127022,0.0002514051,0.00011046943,0.99811685,0.00023798196,0.00013910203,6.6709305e-05
syn-0023,1,2,0,1,1,0.00024390392,0.99767286,0.00014664071,0.00018976718,0.00011991864,0.00016215802,0.0003110453,0.0002323941,0.00026205432,0.00017740142,0.0002077073,0.00027422857
syn-0029,1,2,0,2,2,0.00023571172,0.00014564383,0.9976876,0.0003758854,0.00021388565,0.00010418866,0.00014324588,0.00045449878,0.0001680448,0.00013722116,0.00013562247,0.0001985861
syn-0034,1,2,0,0,0,0.99713767,0.00027481848,0.00022900364,0.00023170304,0.000554336,0.00024520565,7.852566e-05,0.00042277324,0.00020557844,0.00014613327,0.00034731833,0.00012708684
syn-0042,1,2,0,9,9,0.000109690496,0.00017674598,0.00018622575,0.00040489668,0.00013505343,0.0001484721,0.00017460155,0.000330689,0.00040497084,0.99739,0.00017935409,0.0003592225
syn-0065,1,2,0,11,11,0.00011965334,0.00034652444,0.00018173826,0.00017528876,0.00045258793,0.00023865726,9.1205424e-05,0.00017324658,8.5512394e-05,0.00038634005,0.00033738336,0.9974119
syn-0071,1,2,0,6,6,4.3733115e-05,0.00027965993,0.00017620715,0.00036478983,0.00036098028,0.00012992701,0.9977538,0.00015641609,0.0002809602,0.0001619338,0.00020986512,8.170422e-05
syn-0073,1,2,0,11,11,0.00012872784,0.00035686363,0.00017698409,0.00014110401,0.00041148777,0.00023377992,9.7739896e-05,0.00024014324,9.128171e-05,0.0003825785,0.00046757347,0.9972717
syn-0082,1,2,0,1,1,0.0023626362,0.46771726,0.0016639463,0.0026863841,0.00042235813,0.0034359372,0.13825695,0.004657547,0.003500285,0.001384859,0.3728967,0.0010151654
syn-0087,1,2,0,5,8,0.087734304,0.008228582,0.0021707967,0.0008025004,0.0062355706,0.26269475,0.0041639386,0.28964293,0.29767212,0.006114963,0.032196946,0.0023426109
syn-0112,1,2,0,4,4,0.0010691525,0.00010175529,0.00019347512,0.00017241675,0.99651945,0.00037700677,0.00028006508,0.0001985474,0.0005020201,0.00017368421,0.00014733191,0.00026509556
syn-0117,1,2,0,6,6,4.1399602e-05,0.0002287761,0.00015381817,0.0003695315,0.0004953808,0.00013587667,0.99760723,0.00013950703,0.0003285077,0.00015487325,0.00024568077,9.94095e-05
syn-0118,1,2,0,5,5,0.00021889449,0.00014278553,0.00011825781,0.00045610394,0.00029541893,0.9973991,0.00021340659,0.00024443306,0.0003562998,0.00014667206,0.000152813,0.0002559136
syn-0123,1,2,0,10,10,0.00029235953,0.00023330285,0.00015155383,0.00025158396,0.00010239634,9.572392e-05,0.0002688251,0.00011434299,0.00020573828,0.00017709789,0.99791294,0.00019412444
syn-0127,1,2,0,11,1,0.00086734956,0.8025266,0.00150011,0.0040757307,0.001368536,0.0010953624,0.022347407,0.0012497221,0.0008489139,0.002452818,0.069850594,0.09181689
syn-0130,1,2,0,6,8,0.00028961126,0.00046426867,0.00013085711,6.0262824e-05,0.00020050994,0.0004740038,0.006870853,0.00032010122,0.9883513,0.0003315549,0.0024355652,7.100696e-05
syn-0133,1,2,0,2,2,0.00022822157,0.00018975744,0.9976217,0.00037700936,0.00020328203,0.00011375282,0.00015262337,0.0004805277,0.00018481945,0.00013842338,0.00012702442,0.00018293402
syn-0134,1,2,0,5,5,0.00029820504,0.00014950825,0.00013078602,0.00038708549,0.00031581428,0.9965346,0.00016484536,0.0009980359,0.00041099542,0.00015009342,0.0002703282,0.00018973586
syn-0144,1,2,0,9,9,0.00010809517,0.00017891634,0.00015773899,0.00039602368,0.00012248788,0.00014390376,0.00016644296,0.00026675547,0.00041317154,0.9973877,0.0002263924,0.00043239267
syn-0151,1,2,0,10,10,0.00029589134,0.00023874421,0.00013418519,0.00023504281,9.7598444e-05,9.7408e-05,0.00024351245,0.00012986636,0.00018840168,0.000187301,0.99777526,0.00037679131
syn-0152,1,2,0,3,4,0.0002681497,0.00012700558,0.00022563938,0.0002862115,0.99747366,0.00020564772,0.0004204706,0.00022170771,0.00010255137,0.00016686419,0.00010842167,0.0003935322
syn-0153,1,2,0,4,5,0.009570306,0.00060823484,0.0005941451,0.0020222724,0.3030032,0.6775144,0.0011379982,0.0012031399,0.0009729062,0.00072159176,0.0006865334,0.0019653246
syn-0154,1,2,0,1,1,0.00024942216,0.99758446,0.00014577108,0.00015306544,0.00010654431,0.00018000325,0.00029895682,0.00022888262,0.00034485408,0.00018382257,0.00020829827,0.00031583844
syn-0155,1,2,0,4,4,0.00030156955,0.000103471735,0.00021355787,0.00018536119,0.99761885,0.000296134,0.00030860803,0.00020810212,0.00015003678,0.0001569304,0.0001123175,0.0003450976
syn-0162,1,2,0,9,9,0.00012307732,0.00018359187,0.00018858911,0.00038629898,0.00012748122,0.00014962397,0.0001694634,0.000387196,0.00045171543,0.99730587,0.00020421235,0.0003228437
syn-0164,1,2,0,8,8,0.0011021306,0.0006183525,0.0001804788,0.00014291,0.00029009912,0.0010466337,0.0011232855,0.00026080618,0.9637827,0.00084911735,0.030381525,0.00022177605
syn-0170,1,2,0,6,6,4.2721254e-05,0.00025290577,0.00016296962,0.00029488382,0.0003019505,0.000117842035,0.9977823,0.00015803272,0.0003529297,0.0001450898,0.00030536065,8.3074316e-05
syn-0173,1,2,0,8,8,0.00022572321,0.00016819434,0.00010241429,2.536876e-05,0.00015419314,0.00024930443,0.00041526984,0.00012144195,0.9980878,0.00024896988,0.00015209938,4.9234983e-05
syn-0190,1,2,0,3,3,0.00043376655,0.00062736275,0.00040219817,0.9956528,0.00029246398,0.0010089069,0.0004853213,8.552846e-05,3.6250414e-05,0.00039528654,0.0002711461,0.0003089035
syn-0193,1,2,0,11,11,0.00012942651,0.0003958008,0.00017510036,0.00022070004,0.0003233193,0.00024935434,0.00010308708,0.00020153925,7.161584e-05,0.00064914883,0.00065455964,0.9968264
syn-0198,1,2,0,0,5,0.00086791243,0.0003461601,0.00028391054,0.016581485,0.00083655026,0.9788826,0.0004425294,0.0003932096,0.0002015194,0.00031364712,0.00036401473,0.00048649835
syn-0201,1,2,0,0,0,0.99732673,0.0002692253,0.00021738748,0.00028876608,0.0003280147,0.00022016486,7.777728e-05,0.00034083158,0.0002476589,0.00017046284,0.00038503594,0.00012798284
syn-0204,1,2,0,1,1,0.00039064835,0.9972717,0.00014729923,0.00015301745,0.00011162245,0.00018913596,0.00030789868,0.0002719851,0.00050454243,0.00018091593,0.00022471418,0.000246439
syn-0209,1,2,0,7,7,0.00068070623,0.0010545558,0.006959325,0.00046670125,0.0004777688,0.0006489004,0.0012043405,0.980757,0.00040587326,0.00048057642,0.0063800025,0.00048434563
syn-0222,1,2,0,8,8,0.00024301409,0.0001632117,0.00010079761,2.1618813e-05,0.00010641151,0.00025102677,0.00021598296,0.00010872244,0.99828905,0.0002848589,0.00015604217,5.9284797e-05
syn-0233,1,2,0,8,8,0.00022654183,0.0001761727,0.00011332986,2.166109e-05,0.00010808732,0.00022308408,0.00025994953,0.00011999277,0.99828964,0.0002566742,0.00014347237,6.1346196e-05
syn-0244,1,2,0,3,3,0.00077561714,0.0008569594,0.00037892957,0.98330885,0.00038640332,0.0014812353,0.0032416405,0.00016297559,0.00012495772,0.0004061353,0.008624397,0.000251929
syn-0248,1,2,0,6,6,0.000115711184,0.00069731683,0.00030248595,0.0008743377,0.000506816,0.00026486555,0.988389,0.00030515622,0.00033744742,0.00021659958,0.0078012156,0.0001891061
syn-0251,1,2,0,10,10,0.00030673985,0.00020357344,0.00014962998,0.00024139558,0.00011070798,0.00012544858,0.00018531048,0.0001526557,0.00017121689,0.00015642852,0.9978331,0.0003638182
syn-0252,1,2,0,8,8,0.00023455094,0.00016842592,0.00011042945,2.2173726e-05,0.00011249756,0.00021599933,0.000285882,0.00013602966,0.99824286,0.00025960835,0.0001498377,6.17641e-05
syn-0254,1,2,0,7,11,0.026316578,0.022660708,0.04416892,0.00916386,0.06894671,0.007259837,0.0063445214,0.084971696,0.005117919,0.00640053,0.0147911245,0.7038576
syn-0263,1,2,0,0,0,0.99572563,0.0011081484,0.00025912764,0.00029463542,0.00057961215,0.00023941997,9.293778e-05,0.00040212937,0.00041733249,0.00016878231,0.0005545994,0.00015762998
syn-0267,1,2,0,4,4,0.00047808676,0.0001121778,0.00016749676,0.00015438061,0.9973515,0.00036555642,0.00027002193,0.00033756893,0.00013933513,0.00013677364,0.00013308441,0.0003539852
syn-0269,1,2,0,10,10,0.00031144574,0.00021583753,0.00015500715,0.0002517858,0.00010586065,9.206319e-05,0.00019066205,0.00012926062,0.00016316155,0.00014906893,0.99798226,0.0002535129
syn-0272,1,2,0,3,3,0.015648922,0.001821695,0.00197888,0.9568851,0.012672884,0.0006709827,0.0040544546,0.0002928445,0.00010794208,0.0007975901,0.0037369628,0.0013318047
syn-0278,1,2,0,9,9,0.00012110619,0.00020084373,0.00017828557,0.0006893033,0.00012593051,0.00013871341,0.00016699382,0.00024464127,0.00030010683,0.9967874,0.00037531715,0.00067136594
syn-0283,1,2,0,7,7,0.00028195887,0.00026332837,0.0006633016,8.683648e-05,0.00022403014,0.00037449354,0.00016935472,0.99715304,0.00015662752,0.00030117124,0.00014219379,0.00018374308
syn-0284,1,2,0,0,0,0.9973912,0.00024888723,0.00019833335,0.00023506713,0.00039835233,0.00024586756,7.6576405e-05,0.0003216126,0.00026345556,0.00014992933,0.00034953357,0.00012117955
syn-0303,1,2,0,7,5,0.00022787218,0.00016309164,0.00017437477,0.00035522613,0.00035866836,0.996581,0.00015501642,0.0011771773,0.00023213976,0.00014648022,0.00013720288,0.00029166654
syn-0308,1,2,0,3,3,0.00023822523,0.00021333528,0.00054770464,0.99706584,0.00024126886,0.00039926884,0.0003574875,8.539929e-05,3.2795997e-05,0.00033386642,0.00028042396,0.0002044625
syn-0310,1,2,0,10,10,0.00030387085,0.00022618317,0.00014560761,0.00023530815,0.00010699799,9.6759075e-05,0.00026699735,0.00012762286,0.00018687262,0.00017632374,0.9979266,0.00020082797
syn-0311,1,2,0,9,9,0.0026328592,0.003494791,0.002439757,0.18136148,0.0016204743,0.0012124944,0.0030676213,0.0014065183,0.00065793545,0.6791247,0.11349313,0.009488237
syn-0323,1,2,0,7,7,0.00026937816,0.0004022674,0.000361604,9.963238e-05,0.00023947292,0.0003931888,0.00024017552,0.9969189,0.00021518684,0.00040497727,0.00020775311,0.00024755762
syn-0325,1,2,0,4,3,0.00025146606,0.0002251927,0.00045218892,0.99501306,0.0014073672,0.001027141,0.00051983126,0.00013552335,3.3049655e-05,0.00044139058,0.00023279531,0.00026097312
syn-0333,1,2,0,5,5,0.00026215066,0.00015079795,0.000103945895,0.00049875147,0.0003023973,0.99730897,0.00020183386,0.0002526624,0.00034484305,0.00013743725,0.0001836821,0.0002526007
syn-0353,1,2,0,7,7,0.00024366927,0.00040027418,0.00045429042,7.544837e-05,0.0002825233,0.0009962667,0.00022436908,0.99622643,0.00022251434,0.00027597867,0.00022197177,0.0003762983
syn-0363,1,2,0,9,9,0.00015888903,0.00028771086,0.00014984662,0.00034662217,9.026739e-05,0.0001460898,0.00019053704,0.00023585695,0.0011159092,0.9958681,0.0007413621,0.0006686212
syn-0371,1,2,0,6,6,3.829604e-05,0.0003268932,0.0001450934,0.00029546767,0.00030957186,0.00013236734,0.9978071,0.00017289261,0.00028658693,0.00016178437,0.00023735697,8.663924e-05
syn-0373,1,2,0,11,11,0.000112839225,0.00038902162,0.00016831991,0.00018288803,0.00042180243,0.00025410095,9.300048e-05,0.00016084743,8.3936924e-05,0.00046965078,0.00029261122,0.99737096
syn-0376,1,2,0,5,5,0.00018706497,0.00014979804,0.0001196629,0.00042455268,0.0002871265,0.9974916,0.00020098563,0.00029867367,0.00031216783,0.00013027395,0.00014914121,0.00024903385
syn-0377,1,2,0,5,5,0.00032988214,0.00020278845,0.00015449946,0.0013946322,0.00029816927,0.9961718,0.00014627715,0.00033344494,0.00017922251,0.00017210431,0.0001774808,0.00043972523
syn-0382,1,2,0,0,0,0.997347,0.00025267203,0.00024778492,0.0003002753,0.00041102932,0.00020977955,8.103533e-05,0.0002716738,0.00024899776,0.0001583499,0.00035693418,0.000114501556
syn-0384,1,2,0,1,1,0.00024319296,0.9976833,0.00015203773,0.00016969317,9.806711e-05,0.00014649911,0.00033305527,0.00021503662,0.00029579186,0.0001687018,0.00022612802,0.00026853368
syn-0397,1,2,0,1,1,0.0002313889,0.9977325,0.00015565088,0.00017304863,0.00010247786,0.00013993391,0.0003237713,0.00023263508,0.00025166132,0.00016512413,0.00023606789,0.0002556244
syn-0405,1,2,0,8,8,0.00024324766,0.00017186838,9.707073e-05,2.2390643e-05,9.8119104e-05,0.00022520084,0.00024336645,0.00011974935,0.9982122,0.00036500196,0.00014082392,6.098306e-05
syn-0410,1,2,0,10,10,0.00032247754,0.00026453522,0.00013975806,0.00020043872,9.143208e-05,9.915171e-05,0.00020847419,0.00015244851,0.00021467217,0.00015613995,0.9979395,0.0002109316
syn-0416,1,2,0,2,2,0.00023895828,0.00015794177,0.99769515,0.00041302154,0.00020459156,0.000109938585,0.00014437048,0.00040290022,0.00017019306,0.00014061359,0.00012903428,0.00019332544
syn-0421,1,2,0,10,10,0.00028621903,0.00022440923,0.00014146403,0.0002565651,0.00010090252,0.000120293684,0.000248884,0.00013089673,0.00016490438,0.00018146611,0.9978654,0.0002786348
syn-0427,1,2,0,5,5,0.00025153172,0.00016050907,0.00010713112,0.0006430933,0.0004298855,0.9972187,0.00018259246,0.00021672806,0.00023228832,0.00012859535,0.00016351507,0.00026541116
syn-0437,1,2,0,3,3,0.00031089023,0.00028438485,0.00035975955,0.995959,0.0002451551,0.00081848697,0.00041297017,9.071751e-05,3.55602e-05,0.000354355,0.00092294964,0.00020573688
syn-0439,1,2,0,6,6,5.985422e-05,0.0003697077,0.0001681935,0.00018168302,0.00043626077,0.00018436398,0.9951631,0.0002723393,0.002580101,0.00024210534,0.00023765455,0.00010463789
syn-0448,1,2,0,4,5,0.00023257494,0.0001395566,0.00011120991,0.0004779123,0.00029468496,0.9974746,0.0001667829,0.00024183966,0.00029199934,0.00013258192,0.00015215443,0.00028412315
syn-0449,1,2,0,11,11,0.00011540287,0.0003011649,0.00017752178,0.00021570627,0.00039051016,0.00023563796,0.000101544756,0.0001927922,7.76293e-05,0.00048408826,0.00033266805,0.99737537
syn-0450,1,2,0,10,10,0.00030819493,0.00021567407,0.0001619668,0.00025033904,0.000105342355,0.00010150481,0.00018742663,0.00014568318,0.0001502343,0.0001441266,0.9979571,0.00027243796
syn-0451,1,2,0,8,8,0.00031542193,0.00021191941,7.9683035e-05,2.1656862e-05,8.367036e-05,0.00023589432,0.00021481042,0.0001352149,0.99809486,0.00038406457,0.00017395879,4.8947684e-05
syn-0455,1,2,0,2,7,0.00044801674,0.00096597814,0.0050281095,0.00085351395,0.00083496457,0.00033131606,0.0024367836,0.98571223,0.0013856437,0.0013424382,0.00032809633,0.00033293778
syn-0473,1,2,0,10,10,0.0002956873,0.00019689808,0.00014603672,0.00023954257,0.000113678,9.1164606e-05,0.00020857599,0.00012154255,0.0001842475,0.00020014531,0.9979395,0.00026292555
syn-0474,1,2,0,0,0,0.9972941,0.00023412787,0.00023979711,0.00040567404,0.00039867836,0.00021244847,7.93862e-05,0.00028055665,0.00020510933,0.00016650863,0.00035914418,0.00012452666
syn-0478,1,2,0,2,10,0.0004324948,0.0002340551,0.00034275858,0.00024854284,0.00013187127,0.00012303762,0.00020434595,0.0006690438,0.00021258996,0.00016165094,0.9969842,0.00025549508
syn-0480,1,2,0,1,1,0.0020980868,0.90852886,0.0011170092,0.056624178,0.0010081488,0.0046160487,0.01047442,0.001049333,0.00038227663,0.0017590192,0.0025172192,0.009825403
syn-0482,1,2,0,1,1,0.0027946448,0.9344526,0.0025922074,0.025492862,0.0012655017,0.00046691802,0.024708528,0.001129966,0.0005709637,0.0012241731,0.0044335113,0.00086806866
syn-0484,1,2,0,3,3,0.00023974515,0.00020536552,0.00044913482,0.99707806,0.0002532832,0.0004167213,0.00039675945,8.498435e-05,3.3969904e-05,0.0003915989,0.00027306326,0.00017738224
syn-0495,1,2,0,2,2,0.0002545509,0.00013026604,0.997431,0.0005103299,0.00021836773,0.00012912614,0.0001383969,0.0005853818,0.00013479547,0.00015214777,0.000120594115,0.00019507566
syn-0496,1,2,0,8,8,0.00020868878,0.00016957996,0.0001128268,2.2434939e-05,0.000110267,0.00021570789,0.00031194338,0.00013197231,0.99823546,0.00027211817,0.00014809093,6.0865492e-05
syn-0002,1,2,1,1,1,0.0002444742,0.99756706,0.00016925966,0.00024174401,9.265612e-05,0.00016566202,0.000319166,0.00022237902,0.00020778671,0.00018517062,0.0002521115,0.00033269136
syn-0004,1,2,1,10,10,0.0011020966,0.0017819053,0.00089468673,0.0007217147,0.0004032669,0.0009912956,0.0014990501,0.0023331388,0.003813966,0.016314244,0.96782035,0.0023243264
syn-0011,1,2,1,10,10,0.00036843587,0.00038810214,0.00022745827,0.00019200727,0.000116742965,0.00016633079,0.0003232834,0.00012210687,0.00039742698,0.00023433506,0.9972024,0.00026129204
syn-0015,1,2,1,6,6,8.09862e-05,0.00042671378,9.248914e-05,0.00037119954,0.00027794775,0.00011887444,0.9977162,0.00017195083,0.00032069787,0.00011091144,0.0001776692,0.00013443956
syn-0017,1,2,1,3,3,0.00020119429,0.00019141931,0.00067566463,0.9965789,0.00031199644,0.0007581879,0.00038082217,7.104088e-05,5.5218734e-05,0.00045165827,0.00020080172,0.00012310776
syn-0031,1,2,1,0,0,0.9972882,0.00030150637,0.00020232299,0.00020925567,0.00037390474,0.00028615826,0.00013490784,0.0003740874,0.00019657752,0.00016658896,0.00034958278,0.00011698127
syn-0036,1,2,1,5,5,0.00034502917,0.00018640212,9.1781454e-05,0.0011815542,0.0007851655,0.9959002,0.00017760578,0.00020214009,0.0002814671,0.00023254822,0.0001559731,0.0004601685
syn-0051,1,2,1,3,3,0.00018959046,0.00021789786,0.00058284024,0.9967438,0.00031151524,0.00042926628,0.0004374407,5.3528693e-05,4.7146732e-05,0.0006440437,0.00020751388,0.00013549418
syn-0058,1,2,1,9,9,0.00014160153,0.00017856463,0.00017349384,0.00040625135,0.000111035835,0.00019279179,0.0001286781,0.00030382283,0.0006579638,0.9968863,0.00033539927,0.0004840392
syn-0062,1,2,1,7,7,0.00028727466,0.00024250084,0.0011843421,6.44134e-05,0.00029294065,0.00044580956,0.00026041962,0.99630225,0.00020055004,0.00034618116,0.00016288688,0.00021037999
syn-0063,1,2,1,1,1,0.00025534077,0.99759907,0.0001509892,0.0002477265,0.00010009057,0.00015502331,0.00032356996,0.00019463277,0.00022413033,0.00017575023,0.00026241902,0.00031109824
syn-0067,1,2,1,5,5,0.00022041531,0.00016572955,0.000117290554,0.0006901238,0.00033217762,0.9969997,0.00015193355,0.0003592135,0.0002780874,0.00018371482,0.00016133804,0.00034030413
syn-0068,1,2,1,10,10,0.00035564761,0.00034508438,0.0003498348,0.00032952309,0.000107425425,0.0001547841,0.00029719097,0.00011126927,0.00031137746,0.00036698187,0.9970329,0.00023810107
syn-0069,1,2,1,11,11,0.00016390283,0.0005416317,0.00015128955,0.00015979362,0.0004552375,0.0004153848,0.00017983632,0.00021915979,0.00011353217,0.0007249409,0.00021576203,0.9966594
syn-0086,1,2,1,10,10,0.00027496117,0.00025268845,0.00025442176,0.00015537308,0.0001132302,9.286815e-05,0.00022711758,0.000109425426,0.00021051147,0.00016981275,0.99789894,0.00024064654
syn-0093,1,2,1,5,5,0.00015186399,0.00018175738,8.7635024e-05,0.0006669543,0.0005575334,0.9965432,0.00038239235,0.00034298358,0.0003061751,0.00019150595,0.0001622911,0.00042570516
syn-0094,1,2,1,1,1,0.00026782276,0.9969875,0.00025794024,0.00039187414,0.00010752548,0.00014398657,0.0005607774,0.00020384835,0.00016817305,0.00018560603,0.00033290422,0.00039206556
syn-0098,1,2,1,10,10,0.0002332796,0.0004777247,0.00021903892,0.00016566251,9.738796e-05,8.9368215e-05,0.00035742277,8.6112595e-05,0.00019634524,0.00018044063,0.99757,0.00032717478
syn-0114,1,2,1,4,4,0.0014439728,0.00077706546,0.0014560089,0.10603667,0.8740696,0.0011394912,0.0113632735,0.00043081594,0.00040313628,0.00069451926,0.00086687907,0.0013186097
syn-0119,1,2,1,6,6,7.04431e-05,0.00026918028,0.00010678537,0.000356693,0.00023633597,0.000109211,0.99789065,0.00019487987,0.00025318033,0.000107833286,0.0002903436,0.00011456397
syn-0122,1,2,1,3,3,0.00018679205,0.00025345135,0.0005279156,0.9965228,0.0003161963,0.00093893113,0.00039902705,5.330818e-05,4.949497e-05,0.00038056838,0.000195852,0.00017564635
syn-0125,1,2,1,9,9,0.00015040424,0.00019559026,0.00019406817,0.0005055066,0.00011133519,0.00021429005,0.00013482149,0.00031308693,0.00061105203,0.9966498,0.0004973734,0.00042259222
syn-0137,1,2,1,8,8,0.00023163145,0.00017625895,0.00010795558,3.778511e-05,0.00014322755,0.0002386344,0.00026814017,0.00016079935,0.9980471,0.00033525738,0.0001879935,6.5223096e-05
syn-0141,1,2,1,2,2,0.00026717884,0.00015104923,0.9970215,0.00059960305,0.00025197363,0.00011268959,0.00012019196,0.0006047486,0.00017937539,0.00016047731,0.0003598797,0.00017132843
syn-0148,1,2,1,7,7,0.00025295492,0.00021838043,0.0006581205,5.7414745e-05,0.0003128155,0.00068391947,0.000315577,0.9965154,0.00020909352,0.00026315998,0.00021573086,0.00029747217
syn-0161,1,2,1,2,2,0.00025236196,0.00013633865,0.9970964,0.00054718676,0.0002494219,0.00011182103,0.00012090735,0.00065489684,0.00018132628,0.00015861962,0.00032753884,0.00016317598
syn-0167,1,2,1,0,0,0.99735427,0.0002519347,0.00021486076,0.00020978108,0.00041552223,0.0002426384,0.00014688047,0.0003477332,0.00023609363,0.00015727227,0.00031591975,0.00010704111
syn-0184,1,2,1,2,2,0.00022140266,0.00015105723,0.99707437,0.00055430084,0.00022865391,0.000109228284,0.000114694056,0.00069338444,0.00018716944,0.00018826935,0.00031668044,0.0001607996
syn-0186,1,2,1,3,3,0.0002016353,0.00022960111,0.0005502468,0.99681455,0.00029777948,0.0005262683,0.00039415678,5.5447967e-05,5.058465e-05,0.0005377628,0.00019754232,0.00014452505
syn-0207,1,2,1,0,0,0.99729496,0.00025526292,0.00018711944,0.0002269247,0.00041699645,0.00030573356,0.00014014599,0.00035914447,0.00019390954,0.00017322628,0.00032744414,0.00011905656
syn-0213,1,2,1,0,0,0.99716336,0.00033012993,0.0001995507,0.00021534474,0.00042724598,0.00023848131,0.00017269673,0.00029506086,0.00029948796,0.00015136605,0.0003906059,0.0001167384
syn-0218,1,2,1,8,8,0.00018928552,0.00022352346,9.644185e-05,4.287948e-05,0.00013073068,0.0002126117,0.00040390962,0.00015150223,0.9975732,0.00041157447,0.00049084943,7.351252e-05
syn-0219,1,2,1,0,0,0.9973297,0.0002783153,0.00018933174,0.00021654062,0.00039551753,0.00027400043,0.00013960448,0.00037957696,0.00018740028,0.00017154883,0.00031753583,0.0001208176
syn-0226,1,2,1,6,6,7.1831266e-05,0.00029476694,0.0001088897,0.00034651574,0.00027308115,0.00010139729,0.997874,0.00021309161,0.00025578556,0.00010699235,0.00022550962,0.00012805307
syn-0240,1,2,1,6,6,0.0011035827,0.0014598696,0.00029877076,0.021400316,0.020986395,0.0034017644,0.94806325,0.0003954206,0.0011886052,0.00033395446,0.0007621932,0.00060589565
syn-0246,1,2,1,8,8,0.0002585971,0.000287923,8.921616e-05,4.0528266e-05,0.0001475962,0.00025125357,0.00041790394,0.00013804581,0.99781966,0.00027961013,0.00020134645,6.8337635e-05
syn-0253,1,2,1,3,3,0.00015995475,0.00022767478,0.0005891035,0.9966905,0.00033664587,0.0007374595,0.00046261845,5.850028e-05,4.7793186e-05,0.00037633575,0.00017422371,0.0001392428
syn-0257,1,2,1,4,4,0.00036410714,0.00012017244,0.0002342545,0.00027002054,0.99685955,0.00066132797,0.0002679192,0.0003544157,0.0002017429,0.00015982571,0.00011300185,0.00039359758
syn-0259,1,2,1,4,4,0.0004448429,0.00010152491,0.00020639192,0.00034136444,0.99718046,0.0003985721,0.0003081713,0.00020239993,0.0001896735,0.00012884181,0.00013176848,0.00036600712
syn-0261,1,2,1,5,5,0.00028616106,0.00015384557,8.800165e-05,0.00061571866,0.0013900864,0.99583805,0.00023447195,0.0002508158,0.00033365889,0.0001717948,0.00015550712,0.00048194284
syn-0268,1,2,1,6,6,7.4684074e-05,0.00021254746,0.00012691788,0.0003621296,0.00024788722,0.00010348624,0.99775875,0.00021442377,0.0003628376,0.000115672956,0.00029379895,0.000126794
syn-0275,1,2,1,0,0,0.9971998,0.00026372672,0.00021263592,0.00020399134,0.00037227766,0.00029651597,0.00013384612,0.00048541566,0.00019598506,0.00017862077,0.00034028932,0.000116856725
syn-0281,1,2,1,10,10,0.00371343,0.039150953,0.0014656055,0.009179896,0.0010576999,0.004554235,0.07271628,0.00068825844,0.28872412,0.0026076261,0.57419646,0.0019454078
syn-0285,1,2,1,11,11,0.00015859435,0.0004100589,0.0001609346,0.00018263013,0.00045505888,0.00027536775,0.00015751392,0.00015192409,0.00012041681,0.0007540297,0.00023587981,0.99693763
syn-0290,1,2,1,0,0,0.99668604,0.00028640474,0.00019531105,0.00015778202,0.00037877672,0.0003810026,0.00015114593,0.0006987211,0.000328525,0.00016944078,0.00041514245,0.00015173749
syn-0292,1,2,1,11,11,0.00016094751,0.0004319289,0.00016141974,0.00014370997,0.00044557184,0.00031427483,0.00016236833,0.00018982783,0.00012497937,0.000566168,0.0002812331,0.9970176
syn-0302,1,2,1,10,10,0.0002826349,0.00023408387,0.00031183794,0.00017071672,0.00011135903,9.618516e-05,0.00024245973,0.00010677965,0.00024651855,0.00017743064,0.99783725,0.00018270571
syn-0304,1,2,1,1,1,0.00025493532,0.9974752,0.00018963695,0.00027822002,8.918536e-05,0.00012564877,0.00038415423,0.00016743576,0.0002203052,0.00017385079,0.00037106458,0.00027031923
syn-0306,1,2,1,5,5,0.00019600561,0.00013012237,0.00012200016,0.0004541128,0.0006398596,0.9963309,0.00016146617,0.0010145357,0.00031652156,0.00016368889,0.00013663367,0.0003340686
syn-0313,1,2,1,11,6,0.0031145813,0.0062122582,0.0015373192,0.05963503,0.059518673,0.2828407,0.48018944,0.012790368,0.0013540322,0.002121887,0.0119132055,0.07877246
syn-0314,1,2,1,8,8,0.00020757227,0.00019864798,9.7715645e-05,4.0456434e-05,0.00014127581,0.00020996781,0.00028974644,0.00013626223,0.9979984,0.00039689548,0.00021972228,6.333689e-05
syn-0322,1,2,1,2,2,0.0004376126,0.00012304315,0.99605584,0.0008779793,0.0002666595,0.00015752835,0.00010826756,0.0011725425,0.00013915412,0.0001680159,0.00032671812,0.00016654568
syn-0324,1,2,1,7,7,0.00050909276,0.00034683227,0.0013717483,9.749473e-05,0.00039493616,0.00054391474,0.00037556485,0.9947702,0.0005050077,0.00048756198,0.00032917687,0.00026840408
syn-0335,1,2,1,3,11,0.0004920993,0.0008668298,0.00035444586,0.007826589,0.0017555389,0.0009772239,0.00061332533,0.000158518,0.00014405063,0.0030233182,0.0008611347,0.9829268
syn-0343,1,2,1,8,8,0.00020281153,0.00017629178,9.74527e-05,3.5606605e-05,0.0001339194,0.00022592145,0.00022852873,0.00021457807,0.99725866,0.0009391658,0.00039155033,9.5474505e-05
syn-0346,1,2,1,6,6,7.4253985e-05,0.00023448552,0.0001179643,0.0003814913,0.00027147718,9.340861e-05,0.99784255,0.00019890812,0.00030867723,0.000120643876,0.00023186686,0.00012435202
syn-0348,1,2,1,9,9,0.00018290384,0.00020146994,0.00022409845,0.0004115768,0.000119834185,0.0002016668,0.00016800598,0.0004175482,0.0013781424,0.9959971,0.0004394067,0.00025818776
syn-0349,1,2,1,5,5,0.00045703774,0.00021652275,0.00017262698,0.00037889756,0.0027969626,0.99190545,0.00019390028,0.0024205693,0.0003665235,0.00023184174,0.00012409594,0.00073554466
syn-0350,1,2,1,2,2,0.00029028393,0.00013277194,0.99695504,0.0006006619,0.00025592456,0.0001083653,0.00012969626,0.0007052517,0.00016556038,0.00015598592,0.0003342779,0.00016620837
syn-0351,1,2,1,11,11,0.00015763982,0.00052846083,0.00015459079,0.00015071504,0.0004556451,0.00043706776,0.00017381112,0.00023082516,0.00011922541,0.0006190789,0.00021233482,0.99676067
syn-0354,1,2,1,8,8,0.00022618618,0.00016580487,0.00011028818,4.1171457e-05,0.00018596486,0.00024053891,0.00030113308,0.00015890891,0.9979399,0.000412279,0.00015067248,6.7220586e-05
syn-0356,1,2,1,8,8,0.0028570557,0.00833404,0.0004592828,0.00041009334,0.0032941762,0.0009341407,0.11549816,0.0006840996,0.86348224,0.00082437624,0.0024962309,0.00072608993
syn-0357,1,2,1,3,3,0.00021347075,0.00026366557,0.0005029825,0.99672514,0.00028225099,0.00049578934,0.00044933223,4.8452777e-05,4.892827e-05,0.0006155905,0.00021305423,0.00014130239
syn-0367,1,2,1,4,4,0.0004863943,0.00012821476,0.00022767641,0.0002910604,0.99718434,0.0002676142,0.00032621104,0.00023013534,0.00022491405,0.00013999367,0.000113591974,0.00037975333
syn-0372,1,2,1,1,1,0.00046897313,0.9969049,0.00015582581,0.00052010495,0.00012594536,0.00016030193,0.0003655042,0.00016848788,0.00023153587,0.00025429245,0.00035227518,0.00029183255
syn-0378,1,2,1,2,2,0.00022489384,0.00013593957,0.99709475,0.00055729743,0.0002430495,0.0001144726,0.0001134709,0.0007114035,0.00017860197,0.00015892946,0.00029699184,0.0001701737
syn-0380,1,2,1,4,5,0.000415727,0.00021494042,0.00020449758,0.0012396176,0.014491223,0.9808179,0.00031673207,0.00053930574,0.0005061364,0.00027330685,0.00018912935,0.00079151575
syn-0381,1,2,1,8,8,0.00019186888,0.00019427281,9.761499e-05,3.683401e-05,0.00012694148,0.00022807255,0.00027190289,0.00017056841,0.9979444,0.00040608726,0.0002625099,6.8814996e-05
syn-0408,1,2,1,4,8,0.0042275414,0.0005914511,0.00019295594,0.0003665238,0.0016298625,0.00091059454,0.0026019707,0.00018885461,0.9880391,0.00062530726,0.00045949942,0.00016633842
syn-0415,1,2,1,1,11,0.00026122085,0.0012203221,0.00014064313,0.00016734436,0.0006251845,0.0006362713,0.00036320087,0.00021783232,0.00029355512,0.00067966763,0.00040915608,0.99498546
syn-0423,1,2,1,9,9,0.00015251753,0.00017709628,0.00017231941,0.0004205493,0.00011785641,0.00021857796,0.00013045517,0.00034648384,0.00056494464,0.99692994,0.0002619871,0.0005073413
syn-0426,1,2,1,10,10,0.00027618106,0.00032399388,0.00028844769,0.00015008374,9.5959644e-05,0.00012589045,0.00041700783,0.00016556069,0.00028648262,0.0001859632,0.9974439,0.0002405368
syn-0428,1,2,1,8,1,0.00028268222,0.9975171,0.00016958207,0.00022586968,8.224514e-05,0.00012913729,0.00031852728,0.00016597759,0.00027979843,0.00017685482,0.0003854857,0.00026679007
syn-0433,1,2,1,5,5,0.00034715107,0.0002612768,0.00045277036,0.0010478985,0.015126055,0.97881305,0.00029005556,0.0020864452,0.0004710366,0.00025323816,0.00023012604,0.00062098255
syn-0435,1,2,1,10,10,0.00029299912,0.00025168844,0.0002773721,0.00016401689,0.00011092521,9.3865594e-05,0.0002431718,0.000102589045,0.00022227703,0.00017743115,0.99784005,0.00022369246
syn-0443,1,2,1,7,7,0.0004594038,0.00019499332,0.0011128333,5.521566e-05,0.00025895564,0.00030378636,0.00021228427,0.9965233,0.0002001054,0.00032623362,0.00014391955,0.0002088911
syn-0447,1,2,1,7,7,0.00037156112,0.0002874007,0.0006394191,5.4985463e-05,0.00029249734,0.00089612906,0.00021715339,0.9962528,0.00023733465,0.0003525608,0.00012747104,0.00027064793
syn-0457,1,2,1,9,9,0.00013603721,0.00019987539,0.0001772528,0.0004980972,0.00011310971,0.00022027179,0.00013108148,0.0003234807,0.00038952596,0.996837,0.00024741646,0.0007268425
syn-0458,1,2,1,6,6,7.0856986e-05,0.00022430516,0.00011947708,0.0003993062,0.00025981767,0.00010482216,0.9978897,0.00022223382,0.00026591413,0.000115124625,0.00021247157,0.00011602755
syn-0464,1,2,1,4,4,0.0011222097,0.00012215387,0.00022743478,0.00027460675,0.9966126,0.00028659345,0.00026447384,0.0002409238,0.00022336275,0.00013233806,0.00013003212,0.000363218
syn-0469,1,2,1,9,9,0.00013995511,0.00018577288,0.00017014213,0.00042095163,0.00012460026,0.00020673926,0.00012496584,0.00035073218,0.0005594431,0.9969097,0.00023982173,0.00056721346
syn-0472,1,2,1,8,8,0.00019804327,0.00018235692,9.8278164e-05,4.1572974e-05,0.00013832399,0.00022060981,0.00025056416,0.00015355993,0.9978795,0.00056060293,0.00020165369,7.491225e-05
syn-0486,1,2,1,1,1,0.00024606005,0.99719787,0.00020379182,0.00022790194,9.417232e-05,0.00012151153,0.00045690345,0.00023342042,0.00024944727,0.00019598468,0.0005014964,0.0002714343
syn-0491,1,2,1,10,10,0.0003199599,0.0002444101,0.00030328342,0.00017416102,0.000112776725,0.00011102829,0.00023521908,0.00010994931,0.00024138576,0.00017846533,0.9977925,0.00017690365
syn-0499,1,2,1,11,11,0.00016300696,0.0004636981,0.0001641251,0.00013646368,0.00047470702,0.0003182962,0.00016205464,0.00019991543,0.00013008747,0.00049586874,0.00025507226,0.9970368
syn-0006,1,2,2,7,2,0.0019502036,0.020262139,0.46161473,0.0069208276,0.001435184,0.0011397676,0.004525512,0.3403734,0.011511948,0.13698712,0.011551363,0.0017277845
syn-0013,1,2,2,6,6,3.711278e-05,0.00034161622,0.00014664062,0.0002415335,0.00024895737,0.00018646046,0.99767226,0.00018258631,0.0004120678,0.00013469647,0.00024330904,0.00015278022
syn-0016,1,2,2,9,9,0.00014867588,0.00032331405,0.00014896656,0.00055788696,0.00011135309,0.000132106,0.0001157889,0.00020163441,0.00035770136,0.9948651,0.0015431985,0.0014942592
syn-0018,1,2,2,3,6,3.6401256e-05,0.00032862613,0.000116932344,0.0003285459,0.00033662465,0.00014481581,0.99784505,0.00012705287,0.00032830538,0.00013057492,0.00016757965,0.00010941952
syn-0025,1,2,2,8,8,0.00022630292,0.00018357915,0.00010668934,2.88556e-05,0.00012461073,0.00026725285,0.00032003553,0.00013874208,0.9979674,0.00041613312,0.00016307946,5.7330202e-05
syn-0026,1,2,2,10,10,0.00033212843,0.00033538774,0.00023011482,0.0002450756,9.877804e-05,0.00014886375,0.0004102678,0.00011880049,0.00022743388,0.00028848773,0.99709547,0.00046914865
syn-0032,1,2,2,4,4,0.00039110475,0.0005938936,0.00021683393,0.00034112766,0.9923614,0.00018765412,0.0045420052,0.00038372743,0.00024189572,0.00022371697,0.00014137237,0.00037520463
syn-0033,1,2,2,5,5,0.00030619686,0.00016135442,9.8297416e-05,0.00044177708,0.00023454013,0.9971008,0.00020307668,0.00028652392,0.0005291899,0.000110410874,0.00021765684,0.00031018464
syn-0038,1,2,2,5,5,0.00038870567,0.00018709588,0.00011904158,0.003942115,0.00043820878,0.9932817,0.00021294112,0.0002931956,0.0002913404,0.00020699514,0.00020770387,0.00043088867
syn-0040,1,2,2,4,4,0.00037587088,0.00018819397,0.00019751469,0.00030673938,0.997162,0.00015909546,0.00061540934,0.00025760772,0.0001299768,0.00018700316,0.00011281558,0.00030778963
syn-0045,1,2,2,9,9,0.00017543016,0.0002982711,0.00018839298,0.0005504828,8.254427e-05,0.00015496784,0.00016256358,0.00020113167,0.0006476778,0.99432474,0.002806524,0.00040729027
syn-0049,1,2,2,8,8,0.00020373364,0.00015693429,0.00013221646,3.392285e-05,0.00021900161,0.00023193382,0.00065429707,0.0001696864,0.99764353,0.00031239647,0.00017904963,6.3314365e-05
syn-0050,1,2,2,4,4,0.0004066998,0.00018304565,0.00054647337,0.0008078325,0.9948244,0.00021400205,0.0013638083,0.0006834573,0.000128663,0.0002361857,0.00014465969,0.00046073878
syn-0053,1,2,2,10,10,0.00041945648,0.00022136205,0.0002441298,0.00023249573,9.220987e-05,0.00016073085,0.00019199429,0.00012727281,0.00021055582,0.00023829992,0.99762195,0.0002395833
syn-0059,1,2,2,3,3,0.00021467263,0.00018496905,0.0005540386,0.99696773,0.00029979492,0.00048191566,0.0002754433,0.00012497311,3.7818038e-05,0.00042748163,0.00020494212,0.00022618662
syn-0077,1,2,2,2,2,0.00030212398,9.987345e-05,0.99738103,0.00037311885,0.00016955895,7.717622e-05,0.00015288487,0.00069055636,0.00017214504,0.00015184331,0.00019726894,0.00023243958
syn-0079,1,2,2,1,1,0.00025195285,0.9974262,0.00012988434,0.00019507474,0.00011098753,0.0001616437,0.00053075375,0.00022750933,0.00021868678,0.00020363955,0.00031826508,0.00022540842
syn-0083,1,2,2,0,0,0.9973387,0.00032514828,0.00021443819,0.00018558078,0.00037167108,0.00034811004,6.6657296e-05,0.00022276278,0.0002864524,0.00015935693,0.00038181103,9.9285746e-05
syn-0085,1,2,2,3,3,0.0006257329,0.017775977,0.0007409024,0.9724329,0.00083261234,0.0009256768,0.003868805,0.00035514185,0.00014703657,0.0006700035,0.00083914254,0.0007859954
syn-0090,1,2,2,5,5,0.003644405,0.00019695587,0.00016634008,0.000747398,0.0013498979,0.991916,0.00020460179,0.00046423994,0.00056018535,0.00012992586,0.00021337642,0.00040670062
syn-0091,1,2,2,4,4,0.00039117452,0.00016327493,0.00019060832,0.0002805341,0.997214,0.00026148654,0.00042399272,0.00031052294,0.00014500716,0.00015511487,8.43345e-05,0.00038006608
syn-0095,1,2,2,11,11,0.00013639392,0.000568243,0.00039351432,0.0004288276,0.00048485884,0.00040225658,0.0003782543,0.00026953532,0.00013271494,0.00036913136,0.001853669,0.9945826
syn-0100,1,2,2,2,2,0.00030427735,0.000101250516,0.9974031,0.00036608885,0.00017426317,7.9861435e-05,0.00015453945,0.0006615271,0.00017857,0.00014905518,0.00019640825,0.00023097394
syn-0101,1,2,2,3,3,0.00026107923,0.00021559843,0.0004923964,0.9968767,0.000344105,0.0004528838,0.00031446066,0.00011267322,3.7083188e-05,0.00046052135,0.0001926958,0.00023981382
syn-0103,1,2,2,11,11,0.00011496819,0.00038902732,0.00022225718,0.00034482745,0.0004816618,0.00026265133,0.00015977348,0.00012951494,9.032774e-05,0.0009835219,0.00028762216,0.99653375
syn-0107,1,2,2,10,10,0.0003010745,0.0002568947,0.00022178172,0.00024150705,9.184495e-05,0.00014922472,0.00026602182,0.00012876544,0.00017903518,0.00022286728,0.997563,0.0003779779
syn-0128,1,2,2,2,2,0.00031386717,0.00010416149,0.9974274,0.00038245143,0.00017341856,8.0332706e-05,0.00014631856,0.0006260307,0.0001729957,0.00014891331,0.00018981314,0.00023427354
syn-0149,1,2,2,8,8,0.00022359498,0.00019862688,0.00011535001,2.8628892e-05,0.00010762308,0.0002803996,0.0003011613,0.00012296945,0.99789244,0.00038501926,0.00027725127,6.688998e-05
syn-0158,1,2,2,1,1,0.00022776719,0.99758196,0.00010696104,0.00018882562,0.00015172563,0.000118395066,0.00040233848,0.00018070731,0.00019491476,0.00023695607,0.00029932123,0.00031003138
syn-0163,1,2,2,4,4,0.0003447926,0.00015657175,0.00021579205,0.00021537098,0.9972849,0.00017137369,0.0005214636,0.00031837542,0.00019071496,0.0001613842,9.491921e-05,0.0003243379
syn-0166,1,2,2,5,5,0.005332984,0.0010278062,0.00066036923,0.0027052655,0.45185626,0.52621394,0.0019211326,0.0023838938,0.0024238003,0.0011957741,0.000838871,0.0034398723
syn-0171,1,2,2,6,6,4.543092e-05,0.0005007747,0.000113546055,0.00018830592,0.00047611035,0.00013043571,0.99678123,0.00014809197,0.0011965396,0.00017793658,0.00013145873,0.00011005261
syn-0177,1,2,2,8,8,0.00019964782,0.0001751165,0.000103803766,3.3470562e-05,0.00014432851,0.0002647488,0.00041468197,0.00013731634,0.9978923,0.00041864923,0.00015177284,6.4327454e-05
syn-0179,1,2,2,1,1,0.0002743621,0.9976714,0.00010876133,0.00016869979,0.0001311912,0.00012396698,0.00034370736,0.00020964294,0.00021005279,0.00020720053,0.00029134477,0.00025976083
syn-0181,1,2,2,10,8,0.0010704782,0.0028672407,0.0005665868,0.00032094534,0.0004451536,0.0015251752,0.010003837,0.00052451907,0.77025276,0.004342699,0.20731072,0.00076990796
syn-0191,1,2,2,4,4,0.0010445382,0.0005222858,0.00072123786,0.02645022,0.9657651,0.000540446,0.0027878326,0.0004489214,0.00014545907,0.0005527222,0.0003049443,0.0007163243
syn-0192,1,2,2,5,5,0.0003964036,0.00027244398,0.00011649212,0.0012833611,0.00047316062,0.9950597,0.00025719017,0.00034022288,0.00042538287,0.00021998642,0.00023832705,0.00091740076
syn-0194,1,2,2,1,1,0.00031150816,0.99745136,0.00011099033,0.00017857864,0.00016275657,0.00013652044,0.00038782015,0.00019883014,0.00035828116,0.00022684949,0.00024313643,0.00023325186
syn-0196,1,2,2,4,4,0.0012927704,0.00016597022,0.00023144168,0.00022896881,0.9964993,0.00018219366,0.0002650902,0.00030691,0.00016008031,0.00017199286,0.00011175407,0.0003835442
syn-0197,1,2,2,11,11,0.00015401094,0.0003349158,0.00023187613,0.00033206615,0.00050603144,0.00038553277,0.00011785387,0.00015506735,9.516178e-05,0.0005481532,0.00023085938,0.9969085
syn-0203,1,2,2,8,8,0.0002040566,0.00018439478,0.00010858552,2.7914313e-05,0.000138274,0.00028588835,0.00034685785,0.000124251,0.99800605,0.00035673426,0.00015238425,6.464969e-05
syn-0208,1,2,2,8,8,0.00022601805,0.00016812645,0.00012834178,3.5901212e-05,0.00013029923,0.00028777876,0.00037001175,0.00015925667,0.9976851,0.0005016879,0.00022996997,7.750189e-05
syn-0210,1,2,2,0,0,0.9970764,0.00037150527,0.0002554563,0.00022932525,0.0007280827,0.0002638229,9.0465226e-05,0.00019529217,0.00024651104,0.00014371844,0.0002967689,0.000102610684
syn-0224,1,2,2,8,8,0.0002909604,0.00016037008,0.000107299995,2.8459448e-05,0.00017621809,0.0003134915,0.00037159928,0.0001845848,0.9978157,0.00029352892,0.00019193786,6.578361e-05
syn-0239,1,2,2,6,6,4.5828878e-05,0.000393012,0.00015655853,0.00025128166,0.00034254018,0.0001341734,0.9976877,0.0001599585,0.00033305673,0.00012555285,0.00023825745,0.00013196432
syn-0242,1,2,2,0,0,0.9972934,0.00027878123,0.00029038245,0.0002763417,0.00039252115,0.0002477716,8.087287e-05,0.00020192927,0.00029437974,0.00017129148,0.0003666747,0.000105581166
syn-0243,1,2,2,10,10,0.000278502,0.00025952904,0.00021094411,0.00019618997,6.873478e-05,0.00017706987,0.00016805618,0.00013203769,0.00018904291,0.00025587995,0.9977551,0.00030878207
syn-0250,1,2,2,11,11,0.00012512378,0.0003324862,0.00027909427,0.00024071179,0.0004349028,0.00030734937,0.0001268462,0.00018483067,0.00011150496,0.00040218252,0.00025963684,0.99719524
syn-0260,1,2,2,11,11,0.00010931929,0.0017833787,0.00034673812,0.0005725125,0.0005753148,0.00055788655,0.0017755588,0.00028942773,0.0002038368,0.00048612236,0.0031606425,0.99013937
syn-0262,1,2,2,10,10,0.0003309547,0.00020449351,0.00022885419,0.00020439368,8.520396e-05,0.00015817472,0.00019781517,0.00012840691,0.00021672768,0.0002600231,0.9977041,0.0002809462
syn-0265,1,2,2,3,3,0.0002902179,0.00020529349,0.00041772725,0.9967283,0.0003343651,0.0006277339,0.0002789636,0.00010562444,3.6861045e-05,0.0004695631,0.00021016186,0.00029514823
syn-0271,1,2,2,2,2,0.0002627397,0.00015928189,0.99638236,0.00060850644,0.000198036,7.061191e-05,0.0001454533,0.0011609612,0.00021019153,0.0003368706,0.00021008893,0.0002547804
syn-0274,1,2,2,9,9,0.00017365513,0.00023084333,0.0001731471,0.00032214163,0.00012729719,0.00013750672,0.00013750672,0.0002871489,0.0008394567,0.99683917,0.0004109705,0.0003211208
syn-0279,1,2,2,0,0,0.9973018,0.00026994254,0.00023230768,0.00021359426,0.00036280425,0.0003255334,8.727454e-05,0.00020262235,0.00045941203,0.00017424548,0.00028097007,8.9518864e-05
syn-0280,1,2,2,0,0,0.9973067,0.00031283472,0.000237934,0.0002196236,0.00048346442,0.00027587352,8.8909444e-05,0.00020055627,0.00036569618,0.00014516234,0.00027600824,8.718977e-05
syn-0282,1,2,2,7,7,0.004417915,0.0020234098,0.00067420915,0.0003737909,0.010670722,0.006260755,0.00035183056,0.97282004,0.0006126766,0.0009264976,0.00019793812,0.0006702702
syn-0286,1,2,2,8,8,0.00021251042,0.00022319888,0.000119908065,2.9413448e-05,0.0001235936,0.00021349848,0.0005566194,0.00016230215,0.99758494,0.00049337826,0.00021225117,6.838831e-05
syn-0288,1,2,2,9,9,0.00012996997,0.0002499128,0.000157695,0.0004414575,0.000121619494,0.000120555254,0.00014770737,0.00024104393,0.0004968138,0.9971096,0.000313002,0.00047071133
syn-0295,1,2,2,10,10,0.00034257735,0.0012576934,0.000354489,0.0020319903,0.000374415,0.00055280933,0.004907927,0.00015411043,0.00018845161,0.00033858625,0.9878582,0.0016387403
syn-0298,1,2,2,7,7,0.00027017723,0.00034929407,0.00064182305,0.000104723586,0.00039181206,0.00030885357,0.00014653464,0.9969512,0.00021933102,0.00028767242,0.00012693906,0.00020166296
syn-0305,1,2,2,1,1,0.00023249144,0.9976036,0.00011805127,0.00018239555,0.00015654533,0.0001138619,0.00031700323,0.00021872565,0.00018159577,0.00022922254,0.00034001181,0.0003066506
syn-0318,1,2,2,11,11,9.576926e-05,0.00063046854,0.00021278486,0.00040468288,0.0003775745,0.00027482674,0.0002799737,0.00013731715,9.6050244e-05,0.00041377428,0.0006391474,0.99643755
syn-0326,1,2,2,1,1,0.00027100163,0.996581,0.000110245615,0.00022921132,0.00052608084,0.00015261311,0.00074972236,0.00039411252,0.00020237706,0.0002176496,0.00021490395,0.0003510448
syn-0328,1,2,2,10,10,0.00032117363,0.0002508297,0.00018315285,0.00019325915,8.480051e-05,0.00014194481,0.0001962067,9.8562625e-05,0.00019601519,0.00021963382,0.99784017,0.00027427456
syn-0332,1,2,2,6,6,3.7118276e-05,0.00029880847,0.00012742243,0.00022243542,0.00035195352,0.00015220711,0.99782,0.00015087522,0.0003663313,0.00013912858,0.00019591553,0.0001377765
syn-0338,1,2,2,8,8,0.0003272785,0.0001858981,0.00011497674,3.418679e-05,0.00014428358,0.0003362009,0.00025390656,0.00018114898,0.9975816,0.0005517468,0.00022450979,6.424467e-05
syn-0355,1,2,2,5,5,0.00039697354,0.00015653296,0.00011931681,0.00034902603,0.00018462111,0.99655104,0.00019113379,0.00057173567,0.0007252161,9.940129e-05,0.00040626348,0.00024879904
syn-0366,1,2,2,9,9,0.0007170627,0.00047118057,0.00042318928,0.0072068004,0.0005251268,0.0013764498,0.00029920824,0.00039638652,0.0005164809,0.97101843,0.0007294225,0.016320271
syn-0369,1,2,2,6,6,5.263261e-05,0.0008396534,0.00011529747,0.0005499192,0.0004215348,0.0010685717,0.9954918,0.00026965005,0.0005807596,0.00021965252,0.00021414562,0.00017649574
syn-0370,1,2,2,9,9,0.00012204416,0.00023114719,0.00015747485,0.0005029573,0.000113093054,0.00012727818,0.00012288129,0.00021873895,0.00035392327,0.9966903,0.00065112347,0.0007090346
syn-0391,1,2,2,0,0,0.9972511,0.00032663133,0.00021918285,0.00018996501,0.00030887104,0.0004037792,7.992729e-05,0.00021181784,0.00045387037,0.00015587993,0.0003122069,8.676025e-05
syn-0392,1,2,2,1,1,0.00030126306,0.9974571,0.00012774981,0.00018898645,0.0001545478,0.00010426635,0.00027350071,0.00026135877,0.00018254694,0.00028550884,0.00036436983,0.00029884567
syn-0396,1,2,2,3,3,0.00021984089,0.00018314658,0.00050965004,0.9968321,0.00031093493,0.0004964482,0.0003492523,0.00010512089,3.751863e-05,0.00049945706,0.0002012454,0.00025526906
syn-0407,1,2,2,6,6,0.00044427806,0.0024188093,0.0016338538,0.47592387,0.0017265363,0.0016644523,0.51059175,0.0010129977,0.0006534022,0.0017874414,0.0014531796,0.00068945665
syn-0411,1,2,2,2,2,0.00029456124,0.00010508033,0.997421,0.0003667664,0.00017735663,7.748138e-05,0.00014334753,0.00066542655,0.00018824286,0.00015851638,0.00018200635,0.00022018567
syn-0414,1,2,2,5,4,0.0008302385,0.0002662687,0.00030857566,0.00062532135,0.98782027,0.007057525,0.00052773167,0.00082106696,0.0003551684,0.00029588616,0.00015915166,0.0009328074
syn-0420,1,2,2,2,2,0.00031818834,9.88111e-05,0.9974292,0.00037141002,0.00017392769,8.064727e-05,0.00014489688,0.0006612214,0.00017614981,0.00014775472,0.00018379396,0.0002139347
syn-0430,1,2,2,1,1,0.00035379897,0.9965835,9.420626e-05,0.00038554825,0.00020396482,0.00048613086,0.0005039558,0.00042948054,0.00016357056,0.00018247614,0.00025112616,0.00036218905
syn-0431,1,2,2,3,3,0.00032286716,0.00018387438,0.00048637018,0.99689156,0.00034118225,0.0005106769,0.0003009453,0.000101001126,3.4973298e-05,0.00036066832,0.00022805453,0.0002379511
syn-0432,1,2,2,6,6,3.8359867e-05,0.0003119101,0.000118272146,0.00045482474,0.00029101624,0.00029115833,0.9975199,0.0001758221,0.00029799022,0.00013168468,0.0002263119,0.00014266344
syn-0477,1,2,2,7,7,0.00032359193,0.0004824597,0.0007044641,0.00033912144,0.0006656515,0.0005287798,0.00019483616,0.9957202,0.00016279171,0.00047602467,0.00012752735,0.00027449484
syn-0485,1,2,2,10,10,0.00034102704,0.0002770035,0.00018018362,0.0002039755,8.841683e-05,0.00014749305,0.00022605607,0.00010226528,0.000214287,0.0002461015,0.9976094,0.00036378103
syn-0488,1,2,2,10,10,0.00031062818,0.00020925993,0.00020341674,0.000308098,0.00012581192,0.00013683454,0.00014173069,0.00011842042,0.00011807399,0.0004339578,0.99682164,0.001072091
syn-0489,1,2,2,11,11,0.00023516438,0.0008565283,0.0005486456,0.00050840626,0.0007213572,0.0006866454,0.00061086414,0.0005425185,0.00023061589,0.00048158446,0.0021186343,0.992459
syn-0498,1,2,2,7,7,0.00024326482,0.00024148959,0.00068475615,0.00011290791,0.0004253305,0.0002660026,0.0001788475,0.997004,0.00025832263,0.0002485478,0.000143008,0.00019356918
syn-0003,1,2,3,2,2,0.00027232585,0.00011021779,0.997303,0.00059685094,0.0002914506,8.442443e-05,0.00012452777,0.00050456595,0.00011562012,0.00013517361,0.0002914506,0.00017037557
syn-0010,1,2,3,9,9,0.00014034548,0.00020741718,0.00015779467,0.00030046687,8.947075e-05,0.00021673545,0.00010178045,0.00030962654,0.0011234788,0.99676585,0.00020231579,0.00038472546
syn-0020,1,2,3,6,6,5.4314445e-05,0.0002683914,0.00013131548,0.00034135566,0.00026320026,0.0003078626,0.9976418,0.0002120043,0.00034902434,8.8506094e-05,0.0001908764,0.00015129086
syn-0024,1,2,3,2,2,0.00027218641,0.00011618326,0.9972792,0.00043674165,0.00027932227,8.118824e-05,0.00012331465,0.00075613183,0.00012847764,0.00012961181,0.00023979352,0.00015787593
syn-0027,1,2,3,4,4,0.0002930177,0.00022703543,0.00028179237,0.00020561078,0.9972945,0.00040087453,0.00033094,0.0003955277,0.000118014694,8.95182e-05,0.00011686783,0.00024632429
syn-0043,1,2,3,9,9,0.0001513213,0.0002048217,0.00016409741,0.0002742752,0.00010021282,0.0001649006,7.881172e-05,0.00029396714,0.000463185,0.99686855,0.00039053813,0.00084523973
syn-0044,1,2,3,2,2,0.000296482,0.000117214775,0.9973291,0.0005316423,0.00029360075,7.7021614e-05,0.0001298717,0.0005053805,0.000121884084,0.00012105374,0.00031924574,0.00015757578
syn-0052,1,2,3,4,4,0.0016030726,0.00018269215,0.00030209214,0.0002568835,0.9958163,0.00047101267,0.00027052936,0.0003196967,0.00012904307,0.00012568502,0.00018448498,0.0003384924
syn-0056,1,2,3,8,8,0.00028966117,0.00019287351,6.624971e-05,2.7109289e-05,7.9678626e-05,0.00021474612,0.00033924813,0.00014128165,0.99803966,0.00032561517,0.0002558358,2.796983e-05
syn-0057,1,2,3,8,10,0.0022640142,0.0030217487,0.0005286385,0.00029653934,0.00075576216,0.0011728358,0.01609591,0.00066891464,0.36066163,0.000713448,0.61350614,0.00031443383
syn-0061,1,2,3,4,4,0.00023433783,0.00020409389,0.00035514822,0.00025387498,0.99721414,0.00032439406,0.00043229098,0.00031866386,0.00010103381,8.5830055e-05,0.0001800243,0.0002963031
syn-0064,1,2,3,6,10,0.00031666234,0.0007951178,0.00017149512,0.00033972907,0.000758892,0.00019300553,0.010323839,0.00024734045,0.0011580199,0.00027431615,0.983479,0.0019426355
syn-0070,1,2,3,2,2,0.00030663895,0.00012584437,0.9970788,0.0005166044,0.00032206174,9.1442475e-05,0.0001482809,0.00062063866,0.00013875395,0.00013607019,0.00033817766,0.00017660458
syn-0072,1,2,3,0,0,0.99707055,0.00039739872,0.0003060381,0.00022183466,0.00045870317,0.00019557732,0.000106906205,0.00026023894,0.00041525194,0.00018087943,0.0002913115,9.527023e-05
syn-0074,1,2,3,5,3,0.0026702322,0.0014960372,0.00076335523,0.5565545,0.0011754003,0.42010936,0.0023307244,0.00081338134,0.0005858566,0.00892586,0.002032894,0.0025423612
syn-0075,1,2,3,7,7,0.00030683805,0.00030311523,0.0009259426,6.7634144e-05,0.00037466304,0.0004390962,0.0002495794,0.9962657,0.00025750187,0.00027978877,0.00019628009,0.00033388368
syn-0081,1,2,3,10,10,0.00039606885,0.00045001172,0.00014535029,0.00017345263,0.00013978203,0.0001450667,0.0005546737,0.00012073521,0.003959346,0.0024632202,0.9908269,0.00062533264
syn-0097,1,2,3,10,10,0.00023468328,0.00029356932,0.00017771136,0.00017401902,0.00013645577,7.243573e-05,0.00040532314,9.3282215e-05,0.0002817032,0.00021186344,0.99746585,0.00045308232
syn-0102,1,2,3,1,1,0.00041110604,0.99728966,0.0001413824,0.0002017314,0.00016561594,0.00010455472,0.0004171215,0.00020321435,0.00033114047,0.00025081375,0.00023769768,0.00024596258
syn-0105,1,2,3,4,4,0.0015245723,0.0001984241,0.00031515144,0.0002449015,0.9963871,0.0002194211,0.00021329419,0.0002617166,0.00011540118,0.00010263993,0.00016955548,0.0002479093
syn-0120,1,2,3,3,3,0.0018433366,0.00973177,0.0029227203,0.756104,0.0014299953,0.0022985546,0.03609617,0.0004775872,0.0028134992,0.034645613,0.1488857,0.0027510098
syn-0121,1,2,3,9,9,0.00014528901,0.0002596388,0.00017085826,0.0003407892,9.226117e-05,0.00019617713,9.398903e-05,0.0003199074,0.0004652735,0.99720275,0.00021598507,0.00049717876
syn-0135,1,2,3,0,0,0.99692947,0.00026585287,0.00032636657,0.00024088276,0.0006296258,0.00020087235,9.876159e-05,0.0002591877,0.0004191653,0.00020826317,0.00031028278,0.00011125772
syn-0136,1,2,3,6,6,5.485151e-05,0.00032132462,0.00013562627,0.00037516246,0.00025901236,0.00018330888,0.9977155,0.00016568667,0.00028614115,8.938125e-05,0.0002562449,0.00015779083
syn-0139,1,2,3,1,1,0.00027713086,0.9974591,0.00013935016,0.00021383667,0.00016841698,9.661934e-05,0.00041941358,0.000205444,0.00021741632,0.00024987836,0.00024112842,0.00031227202
syn-0147,1,2,3,0,0,0.996795,0.00036591032,0.00035813282,0.00033874236,0.0004489251,0.00020281626,0.000117152,0.0002875571,0.00036519635,0.0002525322,0.00035717234,0.000110917295
syn-0156,1,2,3,6,6,5.1222334e-05,0.0003340931,0.0001407405,0.00031716365,0.00030441812,0.00020229172,0.997621,0.00019578086,0.00038266575,9.682395e-05,0.00017583993,0.00017791266
syn-0159,1,2,3,11,11,0.00012388325,0.00040166127,0.00020355203,0.00026574128,0.00041998786,0.0002512305,0.00017082311,0.00021837943,5.3751875e-05,0.0005212179,0.00037215676,0.9969976
syn-0160,1,2,3,5,5,0.00019973028,0.00012353186,9.536485e-05,0.0017254063,0.00026318227,0.9961133,0.0002928851,0.0002719346,0.0002719346,0.000212508,0.00014959107,0.00028056672
syn-0168,1,2,3,1,1,0.00033840188,0.9972529,0.0001710338,0.00022155044,0.00015649029,0.00011812508,0.0005128615,0.00026841782,0.00027277795,0.000237341,0.00022713683,0.00022296124
syn-0169,1,2,3,4,4,0.0009936213,0.0001446907,0.0003300299,0.0002482393,0.9969829,0.00028965485,0.00020000228,0.00021186429,0.00010160397,8.992827e-05,0.00015038106,0.0002571217
syn-0172,1,2,3,10,10,0.00026304938,0.00019600739,0.0001952432,0.00014969817,0.000120403376,8.331957e-05,0.00023950919,0.000102785525,0.00034373082,0.00022609936,0.9978004,0.00027963886
syn-0175,1,2,3,11,10,0.0007593515,0.012183713,0.0007720631,0.0038560694,0.0018021265,0.0007217534,0.004979476,0.00052291446,0.00030087156,0.0022209869,0.5612566,0.4106241
syn-0182,1,2,3,6,6,5.1229854e-05,0.0002824772,0.00015130993,0.0003328395,0.00026659656,0.00018118272,0.99776745,0.00018913757,0.00033495892,8.723005e-05,0.00020611046,0.00014954711
syn-0183,1,2,3,4,4,0.00036704147,0.00020394674,0.00026965834,0.00021165726,0.9974687,0.0003799312,0.00025712137,0.00027350392,9.881501e-05,7.786435e-05,0.00013532816,0.00025643178
syn-0185,1,2,3,7,8,0.0060045267,0.005388997,0.002965208,0.0010776041,0.0018546738,0.002733012,0.048254933,0.006912011,0.89028096,0.010644288,0.0225725,0.0013113135
syn-0188,1,2,3,10,10,0.0002853795,0.00023397437,0.00024712618,0.00019368762,0.00015143446,6.3996275e-05,0.00019857146,0.00010296723,0.00019359309,0.00019454067,0.997614,0.0005206178
syn-0189,1,2,3,10,10,0.0003017532,0.0005927545,0.00018984928,0.0008459779,0.00018617726,0.00011259188,0.0011957902,0.00012102961,0.0002157586,0.0011902562,0.9913049,0.0037431237
syn-0200,1,2,3,5,5,0.0004795662,0.00039641128,0.00029372607,0.025727194,0.0007384273,0.9691843,0.0005864303,0.0011531612,0.00024565708,0.0005195485,0.00014928986,0.0005261863
syn-0202,1,2,3,10,10,0.00041493427,0.00033618812,0.00019357576,0.00014441632,0.00012633171,0.00011890969,0.00027139075,0.00015328065,0.0026774553,0.0019455231,0.9931507,0.0004672641
syn-0205,1,2,3,2,2,0.00027705514,0.00011066327,0.99743,0.00048797127,0.00026443246,7.687911e-05,0.00012106599,0.00051039166,0.0001252755,0.00013231732,0.0002978906,0.00016604415
syn-0221,1,2,3,11,11,0.0002845662,0.004352497,0.00018882292,0.00035727466,0.00050581,0.0003134518,0.0004349723,0.00023067388,0.0001580759,0.0010117422,0.006216425,0.98594564
syn-0241,1,2,3,1,1,0.00041782373,0.99744546,0.0001397571,0.0002032461,0.00013141791,0.00010375728,0.00032685453,0.00022851575,0.0002001928,0.00025705266,0.0002442058,0.00030170122
syn-0247,1,2,3,3,3,0.00017904297,0.00020447347,0.0005480016,0.9961461,0.0003013082,0.000431288,0.0009812209,5.339221e-05,4.711846e-05,0.00047000538,0.0004205779,0.00021744843
syn-0249,1,2,3,8,8,0.000421102,0.00015967627,7.0476366e-05,3.001694e-05,0.000104974235,0.00035520995,0.0002604806,0.00014832681,0.996414,0.0004978783,0.001503911,3.4013647e-05
syn-0258,1,2,3,3,3,0.00022961872,0.00017256528,0.00055922783,0.9964044,0.00032019807,0.00095453556,0.00038529077,5.9695238e-05,3.42132e-05,0.00035707594,0.00027717598,0.00024598432
syn-0273,1,2,3,0,0,0.9970571,0.00043263202,0.00032648808,0.00030603397,0.00040227408,0.00018309848,0.000109226385,0.00022368069,0.00031590275,0.00021754105,0.00032394732,0.00010220866
syn-0276,1,2,3,6,6,0.0004923809,0.0061662146,0.00070944784,0.0012610275,0.12626366,0.00225132,0.83794326,0.0015181217,0.0017456417,0.00019700654,0.018566893,0.0028851116
syn-0289,1,2,3,8,0,0.6907029,0.18230453,0.0020813614,0.00081189524,0.0067302096,0.004210629,0.0049275337,0.0041880743,0.100874946,0.0010153657,0.0014860302,0.00066654367
syn-0291,1,2,3,1,1,0.00031212755,0.99748456,0.00014790731,0.00019489574,0.0001476187,9.3832154e-05,0.00037672755,0.00021604613,0.00020345267,0.0002401945,0.0002932167,0.00028937642
syn-0293,1,2,3,0,8,0.2670226,0.0061074006,0.0060097794,0.0032452003,0.023769137,0.0072704456,0.006856684,0.00607172,0.664771,0.0033777715,0.004634936,0.00086325797
syn-0296,1,2,3,3,3,0.00021565237,0.00020557607,0.00043311773,0.9966394,0.00022501075,0.0008761377,0.00038978164,6.5834516e-05,3.8853595e-05,0.00042285872,0.00024773003,0.00024010817
syn-0297,1,2,3,11,11,0.00011557134,0.00060584623,0.00020502464,0.00026871142,0.00042457832,0.00021963735,0.00017434233,0.00022276958,5.1184405e-05,0.00046975748,0.00036026895,0.9968823
syn-0299,1,2,3,1,1,0.00029350395,0.9974873,0.0001346715,0.00020970663,0.00014647032,0.000113848626,0.00035829408,0.00022619404,0.0002242147,0.0002700587,0.00020474878,0.0003310444
syn-0301,1,2,3,3,3,0.00020871947,0.00017533086,0.00052987,0.9966775,0.00031103854,0.00072814693,0.000457935,5.5440345e-05,3.8703598e-05,0.0003026488,0.00027894936,0.00023570315
syn-0307,1,2,3,3,3,0.0005428272,0.002760745,0.00083798065,0.99060214,0.00027711364,0.00083166244,0.0010223069,8.685772e-05,0.000111309906,0.001994324,0.00040934744,0.0005233078
syn-0312,1,2,3,11,11,0.00013998199,0.0012295031,0.00017974044,0.00025923236,0.0005303987,0.00023580335,0.00018185917,0.00022205824,6.709854e-05,0.0005589533,0.0002673307,0.996128
syn-0321,1,2,3,9,9,0.00012808245,0.00022304237,0.00017464107,0.00037284233,8.794377e-05,0.00018827962,8.880681e-05,0.0002431765,0.00055983936,0.9971288,0.00035490113,0.0004497852
syn-0329,1,2,3,8,8,0.00026220042,0.00017426915,7.974728e-05,2.818595e-05,7.491563e-05,0.00022687402,0.00027922593,0.0001609367,0.99792457,0.0005519365,0.00020269938,3.4399513e-05
syn-0336,1,2,3,0,0,0.9968336,0.00032419112,0.000328975,0.00024705345,0.00053861074,0.00027749853,0.0001011927,0.00031078362,0.00039915153,0.00020411565,0.00032221843,0.000112448506
syn-0341,1,2,3,8,8,0.0002584297,0.0001736339,7.905026e-05,2.9251862e-05,7.484329e-05,0.0002508688,0.000301389,0.0001847872,0.9979348,0.00050476234,0.0001764113,3.1814674e-05
syn-0352,1,2,3,8,8,0.00028446014,0.00018212084,8.038272e-05,2.9715895e-05,8.523337e-05,0.0002451003,0.00026208497,0.00015411177,0.9980484,0.0003969154,0.00020065643,3.0779174e-05
syn-0364,1,2,3,4,4,0.0014196591,0.0037857795,0.0007401145,0.00087036635,0.7858949,0.0070753577,0.18521374,0.0045581674,0.004256076,0.00025403418,0.0046984125,0.0012334213
syn-0368,1,2,3,9,9,0.0001345874,0.00023107474,0.00014132215,0.00038773392,9.599762e-05,0.00022782575,9.3408235e-05,0.00024899887,0.00044471558,0.9968645,0.0002038232,0.00092604687
syn-0379,1,2,3,3,3,0.0011038848,0.00037631212,0.0023716982,0.9679717,0.012744817,0.010141228,0.0017816946,0.00015702352,0.00023803345,0.00051435776,0.002077362,0.0005219477
syn-0385,1,2,3,5,4,0.00072745496,0.00013329044,0.00026755035,0.00020887778,0.9959734,0.0014274206,0.00021185656,0.0003476759,0.00013199513,0.00011434386,0.00012424035,0.00033183568
syn-0386,1,2,3,10,10,0.0003116398,0.00020653525,0.00042484462,0.00024099302,0.00016660526,9.04933e-05,0.0002579173,0.00017290402,0.00021878473,0.00022125563,0.9973858,0.00030234677
syn-0388,1,2,3,5,5,0.0002765854,0.00024147778,0.000169735,0.0072314255,0.0004231863,0.9887138,0.00039503124,0.0014114918,0.0002501182,0.0002892934,0.00020136853,0.00039657735
syn-0401,1,2,3,11,1,0.0007441755,0.6699855,0.00061814935,0.0016885288,0.002467615,0.001129205,0.00203974,0.0019434848,0.0004702632,0.0025546625,0.0011138717,0.31524488
syn-0409,1,2,3,10,10,0.00025668868,0.00020470002,0.0002968205,0.00020914547,0.00014068813,5.9078662e-05,0.00018665472,0.000109943176,0.00017229056,0.00023348955,0.9977368,0.00039365553
syn-0413,1,2,3,9,9,0.0001606077,0.00026171235,0.0001492649,0.00042386868,8.947898e-05,0.00022715767,9.340758e-05,0.00030589805,0.0005231524,0.9968575,0.00025602456,0.00065186905
syn-0417,1,2,3,7,7,0.0032139325,0.0018737552,0.0031951563,0.0008850993,0.023051025,0.378622,0.0140427295,0.56285536,0.00396674,0.00093667884,0.0013119298,0.0060456037
syn-0418,1,2,3,0,0,0.99709225,0.0004252643,0.00029032386,0.0002430489,0.0005066965,0.00018965674,9.8874225e-05,0.00024615414,0.00030995486,0.00017738478,0.00031314947,0.00010722219
syn-0440,1,2,3,1,1,0.0005498363,0.99667823,0.00013614845,0.00017193974,0.00017430664,0.00014464647,0.0004323093,0.00029708527,0.00064486667,0.00027248767,0.00026333152,0.00023489908
syn-0452,1,2,3,10,10,0.00025611572,0.00021046941,0.0001887557,0.00022503025,0.00013648775,0.00010413904,0.0015788894,0.00013502942,0.0004535205,0.00019503295,0.9962392,0.00027733308
syn-0453,1,2,3,1,1,0.00033024594,0.9931398,0.00012449328,0.00033708848,0.00060771196,0.00019150536,0.00068127003,0.0008583264,0.00018761799,0.0002716529,0.001283389,0.0019867814
syn-0456,1,2,3,11,11,0.00010921787,0.0004330738,0.00022519742,0.0003193676,0.00042399808,0.00026328248,0.00020275472,0.00022410053,5.2608408e-05,0.0004858678,0.0002812223,0.99697936
syn-0459,1,2,3,5,4,0.0006723971,0.00025558728,0.0005866183,0.00024269515,0.99369824,0.001688756,0.0005649724,0.00047401537,0.0011134779,0.00014506147,0.00023800098,0.00032010901
syn-0460,1,2,3,8,1,0.0010001307,0.9947331,0.0002139824,0.0002619208,0.0003750011,0.00015518295,0.0010422589,0.00023547316,0.00108272,0.00033061428,0.00029795678,0.0002715578
syn-0461,1,2,3,2,2,0.0002719423,0.000112288166,0.99735826,0.00042153164,0.00026668244,7.885044e-05,0.00012848782,0.0006391135,0.0001255114,0.0001252665,0.00030612643,0.00016578916
syn-0468,1,2,3,6,6,5.7261284e-05,0.00030238082,0.00012778626,0.00033072484,0.0002681563,0.00019201732,0.9977417,0.0001716197,0.00039303326,9.524131e-05,0.00017321928,0.00014693753
syn-0476,1,2,3,7,5,0.020510701,0.0015909099,0.0013488698,0.0006896084,0.006216208,0.7416203,0.001416367,0.21247777,0.008991141,0.002436532,0.0010998409,0.0016018226
syn-0487,1,2,3,6,6,5.9879505e-05,0.00033684712,0.00012516577,0.00025619724,0.0002804175,0.00021903012,0.9975299,0.00020535826,0.0005906802,9.3197144e-05,0.00016008946,0.00014322325
syn-0490,1,2,3,7,7,0.0002199564,0.00019241228,0.0008784816,5.9723076e-05,0.0003032988,0.0003533823,0.00027240682,0.996869,0.0002245138,0.00024815035,0.00014215328,0.0002365556
syn-0493,1,2,3,8,8,0.00025928594,0.0001622372,8.876851e-05,3.256058e-05,0.00011823251,0.00030231837,0.00026173456,0.00017670977,0.9976726,0.0006681994,0.00022667834,3.0707553e-05
syn-0008,1,2,4,8,8,0.00035606415,0.00026099946,0.0001340234,3.217715e-05,0.00015448613,0.00024801592,0.00033029687,0.00025241412,0.9975459,0.0004294757,0.00018616393,7.000736e-05
syn-0014,1,2,4,0,0,0.9963445,0.00032111822,0.00039488575,0.0005183077,0.00056623487,0.00032793175,0.0001320443,0.0002675194,0.00032777162,0.00020915977,0.00050760066,8.287365e-05
syn-0019,1,2,4,0,0,0.99586993,0.00032206418,0.00034049992,0.0004798303,0.0010190298,0.00028104655,0.00013185258,0.0002444161,0.00032395683,0.00020521686,0.00069606415,8.596585e-05
syn-0022,1,2,4,10,11,0.0008511448,0.18632619,0.0012628337,0.02244994,0.001571622,0.0013855977,0.005919666,0.0010058362,0.00037111208,0.0026603972,0.01438197,0.76181364
syn-0035,1,2,4,9,9,0.00019540418,0.0002573561,0.0001426818,0.0005285118,0.00011599948,0.00016231246,0.00013601503,0.00032295453,0.0009204612,0.9957016,0.00085461925,0.0006621745
syn-0037,1,2,4,8,8,0.0009282061,0.00061763957,0.00015211853,6.632599e-05,0.0002825345,0.0002597751,0.0004398473,0.00018170678,0.9962658,0.00031075833,0.00043856056,5.6620935e-05
syn-0039,1,2,4,1,1,0.00055582,0.9963955,0.00018567707,0.00027575606,0.00020056881,0.00025156964,0.00034655185,0.00023017793,0.00043234497,0.0002687114,0.00042470786,0.0004326617
syn-0041,1,2,4,10,9,0.0024020744,0.0015927212,0.0014410131,0.0024746966,0.0008028282,0.0006914057,0.0007091856,0.0023619488,0.0071660187,0.49628147,0.4810125,0.0030640604
syn-0046,1,2,4,8,8,0.0054409113,0.00054988515,0.00021894294,7.670624e-05,0.00033976845,0.00032563717,0.00031087693,0.0002797589,0.9913073,0.0004930343,0.000586351,7.080325e-05
syn-0048,1,2,4,11,11,8.587797e-05,0.0009953781,0.00021886919,0.00032095046,0.0003687809,0.00044810472,0.00024898196,0.00024512186,9.43185e-05,0.0007381688,0.00041140485,0.995824
syn-0054,1,2,4,5,5,0.0003336809,0.00021867306,0.00017838863,0.00070244697,0.00043055188,0.99639004,0.00024216721,0.0004154247,0.00026389887,0.00022222512,8.643175e-05,0.0005160901
syn-0055,1,2,4,3,3,0.0002612118,0.0002691091,0.0005315656,0.9964096,0.00022683397,0.00058094034,0.00046879734,0.00011929987,4.2001062e-05,0.00043595486,0.00039193398,0.00026274685
syn-0076,1,2,4,5,5,0.0005462295,0.00022796306,0.0001433539,0.0015128669,0.00069061475,0.99551904,0.00026341085,0.00024624623,0.0001744443,0.0001690772,8.7118526e-05,0.00041954426
syn-0080,1,2,4,3,3,0.0002614709,0.00023552825,0.00045468585,0.9964244,0.00023187671,0.0006992202,0.000474649,0.000107780055,4.3334967e-05,0.00045266448,0.00036151285,0.00025305536
syn-0084,1,2,4,5,5,0.00031572522,0.00022774171,0.00013860526,0.0024022693,0.0010912799,0.99406683,0.0003144943,0.00018024651,0.0001943228,0.0002064519,0.00012412369,0.0007379465
syn-0106,1,2,4,10,10,0.00049823226,0.002511768,0.0002311345,0.0003764529,0.00019199186,6.3374064e-05,0.0010671908,0.00016373894,0.0004950796,0.00029090024,0.99372005,0.00039011336
syn-0108,1,2,4,8,8,0.0005580084,0.00043884208,0.0001897601,5.4367185e-05,0.00014184645,0.00016664702,0.00034596815,0.0003047201,0.9947173,0.0008244817,0.0021653364,9.26625e-05
syn-0109,1,2,4,3,3,0.005259783,0.0027239968,0.0016345346,0.70469445,0.0008647103,0.001776004,0.001127795,0.0009693758,0.0007446994,0.25672325,0.01892676,0.0045546032
syn-0111,1,2,4,3,3,0.0002726133,0.00025886236,0.00045916825,0.99616444,0.00028126698,0.00098076,0.00051741896,0.0001157139,3.734733e-05,0.00029433382,0.00034276952,0.00027542302
syn-0113,1,2,4,11,11,9.5292555e-05,0.00068848307,0.00020601475,0.00027119825,0.00037068405,0.0003987554,0.00026608267,0.00023504658,0.000100158744,0.00071792194,0.0003197057,0.9963307
syn-0124,1,2,4,6,6,9.105934e-05,0.00041130034,0.00014954615,0.0003668019,0.00073825166,0.00016059636,0.9967872,0.00019034077,0.00033948483,7.682956e-05,0.00046595064,0.00022263959
syn-0129,1,2,4,11,11,0.00017858107,0.00077866187,0.00033625006,0.000740198,0.00070681935,0.00032179346,0.00036321813,0.000294143,0.00010768209,0.0012505413,0.008114833,0.9868074
syn-0138,1,2,4,4,4,0.00044529067,0.00018469241,0.00026352826,0.00018505349,0.99693596,0.0004805199,0.000483447,0.00025855738,0.00015766756,0.00011682581,0.00022673227,0.00026173293
syn-0140,1,2,4,11,11,0.00014687769,0.00048679468,0.00022439957,0.0009057407,0.0004380678,0.00071741885,0.00023980704,0.0002572754,0.00013360311,0.009523096,0.00024790305,0.98667914
syn-0142,1,2,4,4,4,0.0031037186,0.00097056717,0.0016056735,0.07740347,0.8823823,0.026079275,0.003484922,0.001032155,0.0003990987,0.0008742693,0.0008751234,0.0017895099
syn-0143,1,2,4,1,1,0.0003997674,0.99666697,0.00015307407,0.00023102894,0.00025102458,0.0001893908,0.00045643726,0.00018054157,0.0004910026,0.00022304794,0.0004071548,0.0003505612
syn-0145,1,2,4,2,2,0.00069753756,0.00014957866,0.99505854,0.001724421,0.0003537754,0.0001709911,0.00018326762,0.00068598817,0.0002287494,0.00017049088,0.00033724532,0.00023949334
syn-0146,1,2,4,10,10,0.00046684145,0.0003515311,0.00026638815,0.0003495627,0.0001810853,5.689761e-05,0.0002595194,0.00016945066,0.0002536934,0.00016568707,0.99723095,0.00024842232
syn-0150,1,2,4,3,3,0.001958306,0.10608784,0.0019298291,0.877914,0.0012242806,0.0015658786,0.0024809763,0.0005949212,0.00024272874,0.0013064254,0.0027036148,0.0019910885
syn-0165,1,2,4,8,8,0.00097504345,0.006676239,0.00061796216,0.00040725322,0.0014214532,0.00050733,0.31484187,0.0014090148,0.6639217,0.001412459,0.007393533,0.0004160974
syn-0174,1,2,4,10,10,0.00039389546,0.00024257385,0.00031078735,0.00030444152,0.00016249894,5.1912422e-05,0.0001832385,0.00021738872,0.00024585307,0.0002566473,0.99733245,0.00029837093
syn-0176,1,2,4,10,10,0.00035464342,0.0002657454,0.0002377478,0.00034402602,0.00019719613,6.875076e-05,0.00019922855,0.00018139966,0.00020797574,0.00044562414,0.997013,0.0004846809
syn-0178,1,2,4,9,9,0.00029289318,0.00052162894,0.0002204406,0.00068132963,0.0002602503,0.00036737035,0.000181684,0.00053739944,0.00080299855,0.98069704,0.006614341,0.008822683
syn-0187,1,2,4,3,3,0.00024613555,0.0002522187,0.00050856377,0.99653035,0.00020736817,0.00072644145,0.0004235227,0.00012286157,4.079336e-05,0.0003617279,0.0003200822,0.00026009794
syn-0195,1,2,4,4,5,0.0020215025,0.000973486,0.00063407834,0.00293347,0.25932682,0.72730005,0.002016081,0.0009687443,0.0008342945,0.0006503841,0.00041019212,0.0019308157
syn-0206,1,2,4,8,8,0.001223976,0.00082909403,0.00036224854,9.683365e-05,0.00034063353,0.00023070934,0.00071743346,0.00061380316,0.9765143,0.0009474331,0.01792045,0.00020320302
syn-0211,1,2,4,0,0,0.99638736,0.000313693,0.0004235653,0.00053234113,0.0005901882,0.00030020616,0.00013452298,0.00028576024,0.00027028826,0.00021644165,0.00045331122,9.2275804e-05
syn-0215,1,2,4,10,10,0.001550637,0.0013664293,0.000638559,0.0010714758,0.0005819826,0.00039072466,0.00095672003,0.0011929851,0.010295761,0.1139807,0.86555666,0.0024172622
syn-0217,1,2,4,6,6,7.276155e-05,0.00062848715,0.00015569982,0.0002823492,0.00038087112,0.00016590352,0.997072,0.00024542905,0.00046042886,0.00012670671,0.00019452994,0.00021479995
syn-0223,1,2,4,6,6,0.0007337547,0.0031713725,0.0007132659,0.0018591268,0.0053194845,0.0007765145,0.6943377,0.0007933779,0.0020923147,0.0007674678,0.28495562,0.004480002
syn-0225,1,2,4,7,7,0.0013505633,0.0006065213,0.0018633205,0.0005415626,0.0007132623,0.0007244946,0.0012270029,0.98108244,0.0039802007,0.0009844812,0.0056487257,0.0012774395
syn-0228,1,2,4,6,3,0.00023866165,0.00027510055,0.00047143069,0.9964567,0.00025717428,0.00043480622,0.0005911983,0.00011930551,4.471202e-05,0.00043907316,0.00041006127,0.00026186273
syn-0229,1,2,4,7,7,0.010810104,0.0013288179,0.0023642518,0.0006307615,0.0022123503,0.111603655,0.0010040244,0.86253494,0.00290028,0.0025173477,0.00049605826,0.0015973911
syn-0230,1,2,4,9,9,0.00018513334,0.0002158096,0.00013076738,0.00037996168,0.00011217944,0.0001822631,0.00011174209,0.00030672728,0.0007284721,0.99639255,0.00048686907,0.00076754374
syn-0232,1,2,4,8,8,0.00035816734,0.00026850065,0.00013717021,3.3713633e-05,0.00015482822,0.00021770406,0.00031150426,0.00025608003,0.99731714,0.000666658,0.00020491386,7.3709285e-05
syn-0234,1,2,4,4,3,0.0006684336,0.0016608642,0.0015383002,0.70770377,0.0055926284,0.0014102457,0.27498406,0.00064345443,0.0003727667,0.0009985501,0.0032753188,0.0011515709
syn-0236,1,2,4,11,10,0.002572015,0.004965562,0.00026342226,0.0012709104,0.00081139774,0.00028650122,0.0011004185,0.0003073709,0.004924515,0.006887271,0.9583584,0.018252175
syn-0237,1,2,4,4,4,0.0005435274,0.00019000583,0.0002763219,0.00016588796,0.9969785,0.0003850895,0.00044483427,0.0002765919,0.00017538382,0.0001414764,0.0001863308,0.00023600468
syn-0255,1,2,4,2,2,0.00035750214,0.00014607522,0.9967416,0.000602038,0.00027330453,0.00014607522,0.00017932503,0.0006547437,0.00022328261,0.00013682355,0.00030193027,0.00023733517
syn-0264,1,2,4,0,0,0.9965765,0.00024185798,0.00030350604,0.00029130938,0.00043837613,0.00045790258,0.000108641965,0.00036387047,0.0005268818,0.00020237615,0.0003997311,8.901804e-05
syn-0270,1,2,4,10,10,0.003454632,0.0025225307,0.00029747275,0.000918128,0.0011290411,8.940479e-05,0.0020368318,0.00021955698,0.00054447114,0.00024279022,0.9882798,0.00026535403
syn-0294,1,2,4,1,1,0.00028293603,0.9967079,0.00016961008,0.00029535842,0.00018519194,0.0002397732,0.0004194816,0.00020004477,0.00038036043,0.00032107852,0.00027090384,0.00052736956
syn-0300,1,2,4,10,10,0.00041259447,0.00029962117,0.00028737006,0.00029613049,0.00015521389,5.2525982e-05,0.00021707723,0.00018713227,0.00023993089,0.00022860855,0.9973634,0.00026031537
syn-0316,1,2,4,0,0,0.9963398,0.00033341977,0.00033867033,0.00045573077,0.00054948137,0.0004117184,0.00011539569,0.00031753056,0.00029438562,0.00018895921,0.0005657313,8.925801e-05
syn-0327,1,2,4,1,1,0.0009253257,0.99181116,0.00024389582,0.00022315663,0.00029766237,0.00028209641,0.0006932696,0.00029563453,0.0037928831,0.0003972374,0.0006865323,0.00035107468
syn-0330,1,2,4,0,0,0.99656737,0.0002662759,0.00030933824,0.00034240622,0.0006236992,0.0004584577,0.00011632733,0.00032961057,0.00032103327,0.00020576206,0.000360419,9.9305886e-05
syn-0334,1,2,4,6,6,6.862496e-05,0.00035029766,0.0001941625,0.00042491898,0.00045144133,0.00017421618,0.9971342,0.0002545994,0.00032707184,9.916849e-05,0.0003101193,0.00021117344
syn-0339,1,2,4,7,7,0.00043307984,0.00018328804,0.0011387871,0.00014541818,0.00030724957,0.00032011364,0.0002037749,0.99614173,0.00035493958,0.0003434318,0.00021116935,0.00021712919
syn-0340,1,2,4,9,9,0.00017981065,0.00022785757,0.00013732811,0.00042830015,0.00010863549,0.00018679099,0.00011530356,0.00030909613,0.000605994,0.99651706,0.00058213883,0.0006017188
syn-0345,1,2,4,7,7,0.0151931215,0.004966015,0.005301805,0.001369618,0.050154977,0.027806615,0.03138618,0.77769053,0.054495905,0.008389927,0.016824955,0.006420228
syn-0358,1,2,4,2,2,0.00033042228,0.00014104135,0.99682885,0.0004990289,0.0002675188,0.00013563814,0.00017416284,0.00073092943,0.00026791097,0.00014062876,0.00025764745,0.00022626556
syn-0359,1,2,4,4,4,0.0005034068,0.00025161737,0.00023671915,0.0002215101,0.99658453,0.00052269007,0.0006268777,0.00027166502,0.00018707749,0.0001353403,0.00015962565,0.000298949
syn-0360,1,2,4,0,0,0.9965348,0.000214894,0.00030334518,0.00036572551,0.00067530497,0.00042883094,0.000113296475,0.0003079718,0.0003908365,0.00020355692,0.00037476426,8.6613305e-05
syn-0374,1,2,4,8,8,0.0006296753,0.0004025735,0.00016088702,4.587038e-05,0.00013338002,0.00017843388,0.00031454043,0.00020952908,0.9966428,0.00043859935,0.000781542,6.208808e-05
syn-0375,1,2,4,8,8,0.0003125569,0.0002453287,0.00013594724,3.5811983e-05,0.00013647933,0.00019838242,0.00033651374,0.00029226116,0.9971511,0.0008471322,0.00023125405,7.730927e-05
syn-0383,1,2,4,2,2,0.00034409566,0.0001435455,0.9968497,0.0005041212,0.00026988605,0.00014049443,0.00017570397,0.00070431695,0.00023186245,0.00013082738,0.00027253455,0.00023288364
syn-0393,1,2,4,2,2,0.00040957757,0.00019028535,0.996497,0.00081553723,0.00032148114,0.00014447901,0.00021290149,0.00054625736,0.00022630069,0.0001334908,0.00027230513,0.00023053883
syn-0399,1,2,4,8,8,0.0003124902,0.00026481878,0.00015382766,3.760517e-05,0.00018365867,0.00019531281,0.00044438217,0.00031958843,0.9971818,0.00046835953,0.00036338106,7.485987e-05
syn-0402,1,2,4,1,1,0.0007347205,0.90943956,0.00043530748,0.0026054862,0.0006315158,0.0010066986,0.0019719827,0.00044389316,0.00047437116,0.00068953226,0.0076410244,0.073925875
syn-0403,1,2,4,9,9,0.0001794326,0.00024239796,0.0001223624,0.00026132795,0.000118829565,0.00021121687,0.00012453231,0.00034721903,0.0011902152,0.9963659,0.00032562512,0.00051092973
syn-0406,1,2,4,4,4,0.00075938413,0.00024581474,0.00025103046,0.00033672797,0.9962037,0.00046425892,0.0007047202,0.00023662868,0.00014815076,0.00011248725,0.0002659189,0.0002711637
syn-0419,1,2,4,1,1,0.0003121388,0.99679023,0.00020925334,0.00035577815,0.00014158788,0.00018886011,0.0003458437,0.0002246057,0.00034550618,0.00029828155,0.00036244112,0.00042549893
syn-0422,1,2,4,1,1,0.0002971723,0.9969702,0.00019912273,0.00028606702,0.00012546257,0.00016379391,0.00035402266,0.0002083734,0.0003387192,0.00025718118,0.00044074972,0.00035915902
syn-0425,1,2,4,5,5,0.00039139317,0.00023223272,0.00015598981,0.0008662263,0.000707684,0.9960069,0.00026782078,0.00031991408,0.00027403815,0.00020334976,9.479758e-05,0.00047954492
syn-0429,1,2,4,2,2,0.00034192088,0.00019105249,0.9966137,0.0006696121,0.0002710105,0.00014337145,0.00015746274,0.0007101061,0.00022292715,0.00013667245,0.00029837436,0.00024388306
syn-0436,1,2,4,6,6,7.150677e-05,0.00039217045,0.00017254388,0.00036269837,0.00038029026,0.00017053368,0.9972542,0.0002397875,0.0004133054,0.000117779666,0.00020640719,0.00021875586
syn-0444,1,2,4,5,5,0.0002681697,0.0005204563,0.00021823344,0.0030038066,0.004332268,0.9861669,0.0033706806,0.0003285684,0.00031721784,0.00029452678,0.00015205421,0.0010271216
syn-0445,1,2,4,6,6,7.814124e-05,0.00034960677,0.00017747511,0.0002831893,0.00040963077,0.00016704839,0.9971131,0.0002689049,0.00060336624,0.00012833085,0.00020789508,0.00021324126
syn-0454,1,2,4,11,11,0.0001027686,0.0007407543,0.0002816825,0.00042161852,0.00045934165,0.00028794032,0.00047833993,0.000329803,0.00010613442,0.00062440615,0.0014494858,0.99471766
syn-0463,1,2,4,11,11,0.00010055681,0.0004591044,0.00024658223,0.00029253782,0.00039770995,0.0005180788,0.00022983992,0.00030123506,0.000101841564,0.00067142653,0.0002902613,0.99639076
syn-0465,1,2,4,7,7,0.0017992692,0.0004182802,0.0013157309,0.0001837172,0.0005234894,0.0006148667,0.00021001662,0.9936107,0.00045094566,0.0003842105,0.0002496446,0.00023914488
syn-0471,1,2,4,5,5,0.0002562341,0.00021015583,0.0001696915,0.00067814294,0.0004252007,0.9962132,0.00025201534,0.00039444826,0.00026631125,0.00023837043,9.3165065e-05,0.00080305693
syn-0481,1,2,4,9,9,0.00015578615,0.000219051,0.00012347792,0.00032231686,0.0001295302,0.0001947329,0.00011079305,0.00030628307,0.00067390146,0.99665123,0.00033597575,0.0007769826
syn-0492,1,2,4,6,6,7.192014e-05,0.0004268011,0.00017957545,0.0003188798,0.0004180354,0.00018204744,0.99715924,0.0002670853,0.00041195648,0.00012366156,0.00021618669,0.00022468883
syn-0497,1,2,4,5,5,0.0008551698,0.0004698545,0.00029316725,0.0060812766,0.00044659042,0.9864196,0.0003827358,0.00062367297,0.00028805897,0.0005055592,0.00047469712,0.0031595496
syn-0002,2,0,0,1,1,0.0002803303,0.9979504,0.00018533226,0.00026129658,9.296367e-05,0.00016141305,0.00018335204,0.00011445899,0.00013752564,0.000111262954,0.00027144022,0.00025024568
syn-0004,2,0,0,10,10,0.00011041332,0.0002534801,0.0001918982,9.555475e-05,0.00010241522,0.0001598679,0.00050787313,0.0005956332,0.003880817,0.00051417353,0.9932353,0.00035252422
syn-0011,2,0,0,10,10,9.769324e-05,0.00033884603,0.00011726655,0.00013683097,7.549149e-05,0.0001292962,0.00020874423,0.00019052836,0.0014412105,0.00031977685,0.9967957,0.00014852862
syn-0013,2,0,0,6,6,4.7154594e-05,0.00016857102,0.00019669495,0.00021397999,0.0002640688,0.00028650404,0.997884,6.8142115e-05,0.00025924592,9.332132e-05,0.00025978446,0.00025848753
syn-0017,2,0,0,3,3,0.0003182537,0.00030509173,0.00025666223,0.9969036,0.00023164866,0.0006421059,0.00028716747,6.23474e-05,9.322964e-05,0.0004594809,0.00031802067,0.00012230893
syn-0018,2,0,0,3,6,4.8606304e-05,0.00016702243,0.00018055023,0.00037666666,0.00028715256,0.00022533015,0.9979323,4.2685977e-05,0.00019280569,9.0013906e-05,0.00020990266,0.00024696373
syn-0025,2,0,0,8,8,0.00013598436,0.0001388019,0.00010244609,7.0135604e-05,0.00016275197,6.8644855e-05,0.00022002496,0.00023918497,0.99839777,0.00022289046,0.00020699733,3.428165e-05
syn-0031,2,0,0,0,0,0.9977639,0.0003346308,0.00018367618,0.00020055026,0.00028615503,0.00020104049,6.191558e-05,0.0002282541,0.00016360445,0.000249467,0.00011911254,0.00020772625
syn-0036,2,0,0,5,5,0.00023974449,0.00022357558,0.00010933511,0.00059264945,0.00064033765,0.9970753,0.00023962746,0.00023101078,0.00011324728,0.00015157457,0.00015276339,0.00023089802
syn-0037,2,0,0,8,8,0.00021871756,0.0002854008,9.3611045e-05,7.836788e-05,0.00033702402,0.00014741473,0.0007697625,0.00013727152,0.9970796,0.00013278853,0.00067238294,4.771855e-05
syn-0039,2,0,0,1,1,0.00034293794,0.9978713,0.00017485648,0.00025559755,9.553315e-05,0.00021602439,0.00015712346,0.00011935826,0.00014341224,0.00010942239,0.0002569741,0.00025741363
syn-0064,2,0,0,6,6,4.6008045e-05,0.00024844406,0.00015571923,0.00024966014,0.00041318056,0.00021954569,0.9976834,4.6233243e-05,0.0001715259,7.301978e-05,0.00040776908,0.0002854168
syn-0076,2,0,0,5,5,0.00019146917,0.00021559012,0.00011824906,0.0006908549,0.00032941857,0.9973252,0.00033618245,0.00028428872,0.000102636295,0.000119642944,7.900197e-05,0.00020743224
syn-0081,2,0,0,10,10,0.00048408762,0.0007238685,0.0005555515,0.00047518834,0.00083154184,0.00047103013,0.0010946434,0.00071893696,0.21765451,0.0019243276,0.77467245,0.00039394494
syn-0082,2,0,0,1,6,0.0008896669,0.14304653,0.0011224499,0.001049308,0.00072754454,0.0030991838,0.53774726,0.001639547,0.027812198,0.0012112897,0.27952504,0.0021300355
syn-0083,2,0,0,0,0,0.9977723,0.00035417776,0.00014737317,0.00023151115,0.0002953131,0.00019667293,6.2523715e-05,0.0002146362,0.00013392295,0.00025713688,0.0001269196,0.00020742393
syn-0095,2,0,0,11,11,0.00016658739,0.00027006812,0.000269607,0.000100107296,0.00013444625,0.00018376623,0.0002597854,0.00027271843,3.6398364e-05,0.00023798541,0.00030275746,0.9977658
syn-0100,2,0,0,2,2,0.00015265353,0.00030468302,0.99781895,0.00037722202,7.6161676e-05,9.7317185e-05,0.00024364206,0.00033473095,0.00014326474,0.00010952355,0.00013295189,0.00020895852
syn-0121,2,0,0,9,9,0.0003282913,0.00012522288,0.00013021118,0.00020655844,9.1615e-05,0.000102303784,8.1484075e-05,0.0002786342,0.00024976608,0.997985,0.00015538647,0.00026548543
syn-0123,2,0,0,10,10,8.626103e-05,0.00021741685,0.00011585042,0.00016345506,0.000101046535,7.3495314e-05,0.00025940515,0.000101343,0.00025469853,0.00016505911,0.99831414,0.0001478858
syn-0134,2,0,0,5,5,0.00020923372,0.0001902306,0.00012074094,0.000241003,0.00036658955,0.9966968,0.0002558583,0.0013511161,0.00014006192,0.00012966267,9.122909e-05,0.00020740282
syn-0135,2,0,0,0,0,0.99787927,0.0002783327,0.00017477252,0.00020096559,0.00028514196,0.00017996854,5.851288e-05,0.00021434498,0.00019506806,0.00024146569,0.00011300703,0.00017917939
syn-0138,2,0,0,4,4,0.00023904815,9.824898e-05,8.370918e-05,0.0003344885,0.99758315,0.0003629952,0.0003108655,0.00017514775,0.0003032198,0.00011781852,0.00018097243,0.00021023944
syn-0144,2,0,0,9,9,0.00026965968,0.00012944732,0.00012694357,0.00024733282,9.723601e-05,0.00010836873,9.742611e-05,0.00021891086,0.0002887381,0.9979608,0.00021457193,0.00024048524
syn-0148,2,0,0,7,7,0.00018970492,0.000112177135,0.0002503384,2.3582596e-05,0.00014904658,0.0006962876,5.7462577e-05,0.9973456,0.00026525056,0.00024718035,0.00017079932,0.00049253786
syn-0150,2,0,0,3,3,0.0013978117,0.37915125,0.0021303678,0.60825336,0.0008700425,0.00078909425,0.0025725386,0.00022763007,0.0005215595,0.0011822595,0.0019364097,0.00096776313
syn-0151,2,0,0,10,10,0.000118763965,0.00033840965,0.00016978958,0.00012122469,9.061595e-05,0.000116466865,0.0005238193,0.00018529742,0.00026993547,0.00024873693,0.99581593,0.002000909
syn-0152,2,0,0,3,4,0.00025757938,9.292537e-05,9.211222e-05,0.00039553418,0.99753916,0.00028532327,0.0003586847,0.00018725668,0.00032592897,0.00013679937,0.00013363041,0.00019500157
syn-0158,2,0,0,1,1,0.0002705669,0.99790156,0.00018990338,0.0003123724,0.00010574877,0.00014009436,0.000214664,9.9535995e-05,0.00014739226,0.000110499546,0.00024774118,0.00025982075
syn-0160,2,0,0,5,5,0.00021352021,0.00021783786,0.00014349075,0.0005527487,0.00022946556,0.99744296,0.0002967693,0.00033145424,9.1297385e-05,0.00011780196,8.5098516e-05,0.00027753264
syn-0161,2,0,0,2,2,0.00014357487,0.0002241719,0.9980276,0.00027308986,6.841867e-05,9.242771e-05,0.0002095131,0.0003736799,0.00014498382,0.000105555766,0.00011024404,0.0002266483
syn-0163,2,0,0,4,4,0.00033960748,0.00010265558,7.437455e-05,0.00023613112,0.9975126,0.00035214584,0.00030535265,0.00020696533,0.00045357394,0.00013065893,0.00011723634,0.00016875529
syn-0165,2,0,0,8,8,0.00010971826,0.00022956746,0.000105103645,0.0001177105,0.00021117789,5.7479672e-05,0.0007915475,0.00014521119,0.9956957,0.00035283715,0.0021505991,3.333172e-05
syn-0169,2,0,0,4,4,0.0006148233,9.2711205e-05,7.0668844e-05,0.00030458262,0.99718577,0.00048523856,0.00029355855,0.00022338211,0.0002810746,0.00013972072,0.00011172189,0.00019665333
syn-0170,2,0,0,6,6,4.9700164e-05,0.00032261055,0.00014990655,0.00023065436,0.00027264122,0.00017784469,0.99772686,4.6099998e-05,0.00025357178,8.3557876e-05,0.00047803315,0.00020853154
syn-0174,2,0,0,10,10,9.660254e-05,0.00021806956,0.00012241556,0.00017578082,0.00011327118,8.343941e-05,0.00023284332,0.00014651223,0.00021892304,0.00016846995,0.9982601,0.00016352606
syn-0175,2,0,0,11,11,0.00022848937,0.00077183807,0.00032905856,0.00018685216,0.00016297535,0.00029053498,0.00054871995,0.00024086196,5.1988416e-05,0.00046745822,0.0037640373,0.9929571
syn-0176,2,0,0,10,10,8.8047476e-05,0.00014659032,0.00014417678,0.0002714703,0.0005670891,0.00017071329,0.005484669,0.00017357107,0.0005836371,0.0002709406,0.9915035,0.0005955207
syn-0186,2,0,0,3,3,0.00018625558,0.00027708837,0.0002804231,0.9975497,0.00030417347,0.00045220865,0.00026712465,4.1397212e-05,0.00011002995,0.0002207524,0.00021012977,0.000100772144
syn-0198,2,0,0,0,3,0.021346271,0.002305485,0.00060495606,0.69254225,0.031486187,0.24405669,0.0019748767,0.0005194716,0.0009629482,0.0020716754,0.00096200826,0.0011672226
syn-0203,2,0,0,8,8,0.00013065555,0.0001260804,0.00010165531,7.52493e-05,0.00018016146,6.448996e-05,0.0002360097,0.0001670294,0.99846125,0.00019671264,0.00022891605,3.176935e-05
syn-0206,2,0,0,8,8,0.00018143757,0.000256118,0.00014794049,0.00010187669,0.00018995933,0.00012421394,0.00016682198,0.00028558078,0.9938187,0.0007168116,0.0039558187,5.485112e-05
syn-0221,2,0,0,11,11,0.00024557218,0.00032295618,0.00025811253,0.00010634377,0.00016600026,0.00024070483,0.00034202702,0.00029105516,0.00010157307,0.0003521096,0.00089389033,0.99667966
syn-0234,2,0,0,4,6,4.601704e-05,0.00018410136,0.00017996841,0.00039752654,0.00029430538,0.00017614315,0.99787855,4.053066e-05,0.00022816886,9.0892354e-05,0.00028605253,0.0001977049
syn-0237,2,0,0,4,4,0.00036070787,8.6537526e-05,6.839e-05,0.00026325602,0.9976095,0.00038682806,0.0002624218,0.0001997375,0.0003242851,0.00013324889,0.00012566568,0.00017948117
syn-0240,2,0,0,6,6,5.6958233e-05,0.00020065672,0.0001726394,0.00054464315,0.0004443078,0.00034767322,0.99731916,4.4229353e-05,0.0002657621,9.88002e-05,0.0003173581,0.00018785638
syn-0241,2,0,0,1,1,0.00042342825,0.99764305,0.00017592969,0.00033750274,8.773174e-05,0.00014184749,0.00018672833,9.3755465e-05,0.00018957628,0.00013548405,0.0003899837,0.0001949267
syn-0252,2,0,0,8,8,0.00013103659,0.00012558667,0.00011175364,6.745185e-05,0.00015409756,7.034462e-05,0.00020399665,0.00023155384,0.9984438,0.00021912377,0.00020842679,3.284132e-05
syn-0258,2,0,0,3,3,0.0006188078,0.0007486147,0.00034357858,0.957454,0.0019936385,0.036264535,0.00079475896,0.00015083306,0.00021395869,0.00073881005,0.0003682462,0.0003100944
syn-0268,2,0,0,6,6,4.913782e-05,0.00016992404,0.00018553475,0.0002538902,0.00025610023,0.00018698991,0.99806553,4.9474867e-05,0.00023302539,8.649257e-05,0.00023968982,0.00022423513
syn-0270,2,0,0,10,10,0.019400664,0.010517102,0.0003283109,0.002657193,0.0082832305,0.00066126615,0.0047933813,0.0005246393,0.0013423327,0.0019445183,0.944872,0.0046752035
syn-0271,2,0,0,2,2,0.00015575968,0.00021699132,0.9979426,0.00035000438,7.2328956e-05,9.647757e-05,0.00020801724,0.00036481433,0.00014582342,0.0001350623,0.000113789414,0.00019815251
syn-0272,2,0,0,3,3,0.00057679263,0.0008168907,0.0002568892,0.99341005,0.00056260655,0.002848098,0.000683288,5.8937465e-05,0.00010808546,0.00026569163,0.00023608035,0.00017647102
syn-0289,2,0,0,8,8,0.0029222677,0.0020094241,0.000242465,0.00018499885,0.0009183965,0.00020417599,0.00051154697,0.00026038114,0.991787,0.0004897928,0.00042388035,4.5557827e-05
syn-0290,2,0,0,0,0,0.99754214,0.00021764688,0.00014548046,0.00027312365,0.00048419877,0.00023880499,5.1822026e-05,0.00023145773,0.00025545087,0.00026504387,0.00011441216,0.00018052373
syn-0298,2,0,0,7,7,0.00023078264,0.00011483293,0.0002755876,2.9247745e-05,0.00016757114,0.0005553786,5.4216758e-05,0.9977944,0.00025334142,0.00016765298,0.000109627865,0.00024744254
syn-0311,2,0,0,9,9,0.00056456024,0.00015802158,0.00013609014,0.00042602236,0.00012139622,0.00012476144,0.000113596594,0.00022068051,0.0002571213,0.9972249,0.00035767548,0.0002952953
syn-0316,2,0,0,0,0,0.99765307,0.00025529225,0.00012603987,0.00025213324,0.0003873544,0.0002897788,5.776164e-05,0.00021262871,0.00017490363,0.00022889835,0.00013416875,0.00022789465
syn-0322,2,0,0,2,2,0.0006687109,0.0003670501,0.99600166,0.0012677518,9.498241e-05,0.00016588734,0.00018353091,0.00054625253,0.00015417166,0.00015342073,0.0001495743,0.00024684728
syn-0326,2,0,0,1,1,0.00031323117,0.99783957,0.00019630243,0.00025397222,9.571688e-05,0.00013314954,0.00021675712,0.00010877966,0.0001870389,0.0001309573,0.00023829372,0.0002862466
syn-0334,2,0,0,6,6,4.884958e-05,0.0001824311,0.00018225303,0.00024575775,0.00020875019,0.00025925526,0.99804175,5.5679116e-05,0.00017050178,7.783304e-05,0.0002624554,0.0002644493
syn-0340,2,0,0,9,9,0.000277127,0.000121008714,0.00012818567,0.00030466184,9.6948796e-05,9.507363e-05,9.7043514e-05,0.00017736094,0.00020384237,0.9979323,0.00032029784,0.00024612108
syn-0349,2,0,0,5,5,0.00016049053,0.00016437669,0.000112314316,0.00022200453,0.0005280299,0.99759054,0.0002547159,0.00042046854,0.00013195147,0.00012627838,8.678978e-05,0.00020208808
syn-0351,2,0,0,11,11,0.00019667506,0.00019090343,0.00027526508,0.00010824368,0.00017647064,0.00021038427,0.00026439692,0.0002837257,4.238883e-05,0.00028490572,0.00018359005,0.9977831
syn-0360,2,0,0,0,0,0.9976974,0.00024438679,0.0001528587,0.00018232365,0.00047889515,0.00021326206,5.576872e-05,0.00024896365,0.00016722792,0.00019304288,0.00012469872,0.00024106831
syn-0364,2,0,0,4,8,0.000502149,0.00026721068,0.00014756777,0.00027785517,0.013335618,0.0018296237,0.0023355582,0.0003468109,0.9797657,0.0003567731,0.0007619562,7.319417e-05
syn-0380,2,0,0,4,4,0.001801398,0.00072287215,0.0005951994,0.003119288,0.55341166,0.43268427,0.002030317,0.0014861372,0.0016337971,0.0008926279,0.00056352344,0.0010589872
syn-0381,2,0,0,8,8,0.00017570335,0.0001411816,0.00010798374,6.1587394e-05,0.00017518934,0.00011427654,0.00015117023,0.0002599899,0.99830747,0.00025051864,0.00022124394,3.368126e-05
syn-0384,2,0,0,1,1,0.00028307128,0.99791497,0.00020116912,0.00026096855,9.591126e-05,0.00015088958,0.00020048271,0.00010741551,0.00019299073,0.0001086817,0.00021320445,0.00027024042
syn-0403,2,0,0,9,9,0.0006168806,0.00015525,0.00011932527,0.00023500047,0.00010316662,0.00010458679,8.755638e-05,0.00024210528,0.00039876843,0.9975955,0.00015669702,0.00018526637
syn-0410,2,0,0,10,10,0.0071117417,0.001298786,0.00014803256,0.00030852636,0.0007086418,0.00023220661,0.00037580592,0.00044671664,0.0005323054,0.0006293565,0.9866984,0.0015093792
syn-0427,2,0,0,5,5,0.00018933775,0.00018667559,0.0001077761,0.00046690248,0.0006082127,0.99736136,0.00028842382,0.00021392015,0.00014042933,0.00012873943,0.000103849896,0.00020432347
syn-0439,2,0,0,6,6,7.280819e-05,0.00020320098,0.00020852823,0.00022602393,0.00040517538,0.0003044456,0.9967372,6.8933405e-05,0.0013044941,0.00011026289,0.0001593386,0.00019966031
syn-0447,2,0,0,7,7,0.00018417703,0.000111709,0.00025802478,2.7162434e-05,0.00016103472,0.0003508745,4.8045447e-05,0.99804497,0.00026893453,0.00018900554,0.0001392959,0.00021674881
syn-0455,2,0,0,2,2,0.00227885,0.0026525632,0.4923349,0.0012144318,0.0021502096,0.0021554658,0.0017277421,0.48281232,0.0037088855,0.006033358,0.0005719788,0.0023592385
syn-0456,2,0,0,11,11,0.00018866902,0.0002530156,0.0002883187,0.00021119614,0.0002361822,0.0002424925,0.00043587963,0.0002516603,4.106236e-05,0.00032943112,0.0002806788,0.9972414
syn-0461,2,0,0,2,2,0.00014741115,0.00021871222,0.9980294,0.00028727253,7.017823e-05,9.126189e-05,0.00020237453,0.00037441112,0.00015009852,0.00010805914,0.0001171254,0.00020381244
syn-0477,2,0,0,7,7,0.004707093,0.038162142,0.13783036,0.0034980143,0.0038643936,0.008323966,0.002323363,0.7597997,0.0033837762,0.007394457,0.010216181,0.020496659
syn-0481,2,0,0,9,9,0.00025396107,0.00012807433,0.00016372961,0.00024560728,9.1978625e-05,9.829394e-05,0.00010101875,0.00023276349,0.00025327998,0.99803966,0.00016469177,0.00022698328
syn-0486,2,0,0,1,1,0.00021421972,0.99778324,0.0002327605,0.00023677254,8.956207e-05,0.00015160812,0.0002189788,0.00013431736,0.00023874611,0.00013056683,0.000276275,0.00029287516
syn-0487,2,0,0,6,6,5.280642e-05,0.0001901632,0.00019591243,0.00020783611,0.0002857477,0.00028001567,0.9978042,5.5611526e-05,0.0004498736,8.2429644e-05,0.00017986717,0.00021553575
syn-0490,2,0,0,7,7,0.0001965414,0.00011076233,0.00024489852,2.6579512e-05,0.00020139883,0.00052302686,5.301476e-05,0.9978356,0.0002783375,0.00019316391,0.000121233534,0.00021554252
syn-0493,2,0,0,8,8,0.00019112369,0.00014942986,0.00011401377,8.014041e-05,0.00022475935,9.973635e-05,0.00012546444,0.00031812437,0.99795926,0.0005149819,0.0001831747,3.974994e-05
syn-0496,2,0,0,8,8,0.00012375956,0.00012207904,0.000102550184,7.082664e-05,0.00016307652,6.778153e-05,0.00026765608,0.00019536773,0.99843675,0.00021083071,0.00020761276,3.1644715e-05
syn-0497,2,0,0,5,5,0.013679819,0.15041266,0.0034859276,0.004441187,0.0056141866,0.5083428,0.006673525,0.05331796,0.059451446,0.022286002,0.12777829,0.044516206
syn-0499,2,0,0,11,11,0.0001692182,0.00018657725,0.00029295444,9.2950584e-05,0.0001660263,0.0002058175,0.00026119602,0.000318543,4.8695354e-05,0.00025808995,0.00019016427,0.9978098
syn-0010,2,0,1,9,9,0.00021485945,0.00015310393,0.00012804811,0.00025834874,0.00016052992,8.356696e-05,8.732123e-05,0.00028360207,0.0003583316,0.99783534,0.00015036273,0.00028659502
syn-0015,2,0,1,6,6,0.00014430023,0.00019752416,0.00019200868,0.00017245195,0.0002870103,0.00021118941,0.9976967,6.9881324e-05,0.00045880917,8.833827e-05,0.00022913203,0.00025263723
syn-0024,2,0,1,2,2,0.00018307574,0.00022979667,0.9974201,0.00042535222,4.4580756e-05,0.00013900493,0.0002957499,0.0004898165,0.0001619587,0.00017962242,0.00018778365,0.00024318817
syn-0038,2,0,1,5,5,0.00091760536,0.0013621054,0.00058669306,0.08818543,0.0043139923,0.9011399,0.00083182566,0.0007308647,0.00026782186,0.00057985785,0.00052130624,0.0005625666
syn-0042,2,0,1,9,9,0.00018254814,0.00016228243,0.000157751,0.00026123293,0.0001283133,7.936093e-05,9.0103524e-05,0.00027376975,0.0002496356,0.99795085,0.00015170766,0.0003125404
syn-0043,2,0,1,9,9,0.00017416301,0.00017424807,0.00016013342,0.00025106562,0.00013418903,8.275224e-05,9.459836e-05,0.00027587631,0.00033366523,0.99780387,0.00023356227,0.00028172988
syn-0045,2,0,1,9,9,0.00024820302,0.00023660579,0.00013787621,0.00048815773,0.00016293454,6.818706e-05,8.395346e-05,0.00019254709,0.0002724646,0.99756753,0.00031414125,0.00022743049
syn-0049,2,0,1,8,8,0.00022931499,0.00014522865,0.00010323426,4.758829e-05,0.0002738183,7.06062e-05,0.0002417913,0.00017933347,0.9982496,0.00020818286,0.0001798596,7.1368755e-05
syn-0051,2,0,1,3,3,0.00026290445,0.00027572337,0.00026769735,0.9974942,0.00035777208,0.0001699097,0.00018660934,6.939116e-05,5.646973e-05,0.0005055876,0.00022608516,0.00012775457
syn-0052,2,0,1,4,4,0.000638786,9.9261044e-05,3.971534e-05,0.00032793704,0.9970906,0.00055797584,0.00022216432,0.00014944567,0.00030351436,0.00021003306,0.00014684164,0.00021365331
syn-0055,2,0,1,3,3,0.00023260132,0.00029641413,0.00030262957,0.9975878,0.00037690456,0.0002241278,0.00031261746,5.4099768e-05,6.0352646e-05,0.00024400225,0.0002057717,0.00010266332
syn-0062,2,0,1,7,7,0.0002518354,0.0001556065,0.00041318397,7.0274466e-05,0.00012963376,0.0004068774,5.854474e-05,0.9974481,0.00034870108,0.00026161177,0.00018379743,0.00027183403
syn-0063,2,0,1,1,1,0.00029250616,0.99774337,0.00022449136,0.0002383871,0.00010049684,0.00025675303,0.000187478,0.00013669382,0.00015204688,0.00015687336,0.00027693927,0.00023389047
syn-0068,2,0,1,10,10,0.00010649413,0.0002575955,0.00017370313,0.00016918291,0.000175151,0.00010122124,0.00048384359,0.00017067643,0.00053100917,0.00021096316,0.99711466,0.00050545693
syn-0075,2,0,1,7,7,0.00030304005,0.0001829748,0.00030104906,6.4042295e-05,0.00014389933,0.0005338683,4.857828e-05,0.997357,0.0003815563,0.00023899395,0.00019401629,0.00025101445
syn-0079,2,0,1,1,1,0.0002978411,0.9975077,0.00021988248,0.0002386802,9.872241e-05,0.00034440687,0.0002487948,0.00015350271,0.00017041054,0.00015141832,0.00032775398,0.00024090482
syn-0080,2,0,1,3,3,0.00024080624,0.00031292252,0.00027220385,0.9975866,0.00043527267,0.00019586971,0.00024139487,5.9824455e-05,6.136289e-05,0.00027852296,0.00019501086,0.00012026008
syn-0087,2,0,1,5,5,0.0007638673,0.000415764,0.00027831417,0.00018539719,0.0015557264,0.9794693,0.00026043266,0.015404616,0.00061686424,0.00035045043,0.00022406892,0.0004752813
syn-0103,2,0,1,11,11,0.00018458908,0.00028367227,0.0003101869,0.00015183883,0.00017055035,0.00018558318,0.00030005682,0.00026454078,0.00010915202,0.00034875254,0.00033942837,0.99735165
syn-0105,2,0,1,4,4,0.0014166493,0.0001279645,4.43531e-05,0.00045320307,0.99621046,0.00044446447,0.00021714416,0.00013293215,0.000386346,0.00020578882,0.00017219505,0.00018847398
syn-0108,2,0,1,8,8,0.00029701367,0.00031516753,0.000114118244,5.380046e-05,0.00019640994,8.835615e-05,0.00020077333,0.00023369855,0.9978987,0.00021953946,0.00029773967,8.464001e-05
syn-0114,2,0,1,4,4,0.0009488178,0.0004910399,0.00032108973,0.10823208,0.88349646,0.0012029372,0.0020947268,0.000230821,0.0008484408,0.0007997654,0.00083651143,0.00049731357
syn-0118,2,0,1,5,5,0.00021593877,0.0003134612,0.00016492051,0.00025680952,0.00046707006,0.9974758,0.00025481105,0.00030196834,0.0001224987,0.000117346564,0.000110452405,0.00019893212
syn-0120,2,0,1,3,3,0.0011440824,0.0027151867,0.0007801964,0.77447164,0.0066548446,0.0005592171,0.0025080738,0.00024358921,0.0010831954,0.0032931808,0.20521456,0.0013323531
syn-0124,2,0,1,6,6,0.00017135152,0.0001500404,0.0002554767,0.00047881057,0.00036783452,0.00013688042,0.99764293,6.047398e-05,0.00023575874,0.00010644655,0.00019256165,0.0002015075
syn-0129,2,0,1,11,11,0.00014815369,0.00024438347,0.0002902125,0.00014054333,0.00015315543,0.00014373579,0.00037109686,0.00024165426,0.00012561367,0.00037245837,0.0005723156,0.9971967
syn-0130,2,0,1,6,8,0.00038856405,0.0001683671,9.375616e-05,5.9478763e-05,0.00036670527,8.249748e-05,0.000584083,0.00019964819,0.99765056,0.00015609474,0.00018536707,6.500645e-05
syn-0136,2,0,1,6,6,8.689816e-05,0.00016660333,0.00021761023,0.00022039047,0.00025283318,0.00016864952,0.9978613,6.0016504e-05,0.00019166565,9.313712e-05,0.00039519733,0.0002856943
syn-0143,2,0,1,1,1,0.0011634427,0.9920123,0.00037525583,0.0004192418,0.0002332293,0.00034067477,0.0004129436,0.00045286602,0.0027809218,0.0003225444,0.0010867339,0.000399848
syn-0145,2,0,1,2,2,0.00021494277,0.00021726418,0.9972479,0.0005412904,5.5743592e-05,0.00014961527,0.00032361402,0.00040017135,0.0001791535,0.00015064156,0.00022263377,0.00029696492
syn-0149,2,0,1,8,8,0.0001698871,0.00014291964,0.000112288515,4.232956e-05,0.00020417388,7.8927726e-05,0.0002014998,0.00020467296,0.9983359,0.00022572419,0.000202585,7.9082034e-05
syn-0153,2,0,1,4,5,0.00087642786,0.00038218257,0.00014748846,0.0004232441,0.017383577,0.97923917,0.00031223305,0.0003585017,0.0002320319,0.00021209432,0.00012889323,0.00030410793
syn-0162,2,0,1,9,9,0.00017095305,0.00015369094,0.00017889502,0.00024025983,0.00015474515,9.276421e-05,0.00010399248,0.00031938235,0.00039852233,0.99775594,0.0001609095,0.00026993363
syn-0166,2,0,1,5,5,0.00028298207,0.00034890344,0.00013204946,0.00021771276,0.0006358444,0.997357,0.00021256562,0.00027333977,0.0001354452,0.00011698934,0.00010610472,0.00018110819
syn-0171,2,0,1,6,6,0.00020899448,0.00023809717,0.00017057633,0.0002008899,0.0005048523,0.00024220119,0.9965299,6.6020424e-05,0.0012740105,0.00010970299,0.00021605023,0.00023879575
syn-0181,2,0,1,10,10,0.00020909426,0.0009360593,0.0002612405,0.0002650954,0.0003605775,0.00010260339,0.0032707844,0.00017797663,0.006027654,0.00039121212,0.9873166,0.00068108924
syn-0184,2,0,1,2,2,0.00016373125,0.00026948625,0.9975625,0.00031360326,4.3981683e-05,0.00013620271,0.00030284363,0.00038931012,0.00018726107,0.00018123398,0.00018900643,0.0002608127
syn-0190,2,0,1,3,1,0.0008298847,0.9621743,0.0009662151,0.031293627,0.00037042325,0.0015023375,0.00080199883,0.00018680698,0.00018790476,0.00050779403,0.00053738593,0.0006412852
syn-0196,2,0,1,4,4,0.0015610319,0.00016712253,5.315539e-05,0.00040831452,0.9956092,0.0006984776,0.00021208954,0.00014548245,0.00052020623,0.00020297103,0.00020576507,0.00021606154
syn-0201,2,0,1,0,0,0.9974528,0.0003066791,0.00019641804,0.00020685191,0.00035810677,0.0002133139,0.00014363235,0.00026625235,0.00032006577,0.00020414274,0.000128877,0.00020275198
syn-0204,2,0,1,1,1,0.00033753892,0.99762815,0.00022109337,0.00024081627,0.000105719795,0.0002800346,0.00019218307,0.00015427271,0.00017235591,0.0001386949,0.00029700564,0.00023215683
syn-0205,2,0,1,2,2,0.0001596368,0.00024341705,0.9976279,0.0003466312,4.389874e-05,0.00012554532,0.00029816802,0.00033571024,0.0001895734,0.00016951811,0.00019255874,0.00026760253
syn-0209,2,0,1,7,2,0.0001894966,0.0002346263,0.99722373,0.00029185464,4.2365067e-05,0.00014262107,0.00026906608,0.000759049,0.00016004032,0.00015353397,0.0002068044,0.00032682178
syn-0213,2,0,1,0,0,0.99740064,0.00030316433,0.00018513974,0.0002221249,0.0003509906,0.00019621606,0.00015303722,0.00026121642,0.00035408905,0.00022082718,0.0001300079,0.00022255915
syn-0218,2,0,1,8,8,0.0001772611,0.00014043062,0.00012490158,4.423163e-05,0.0001927442,7.4727956e-05,0.00022163067,0.00022755218,0.998345,0.00020572689,0.0001686489,7.710007e-05
syn-0223,2,0,1,6,6,0.000105616076,0.00019152636,0.00016350152,0.0001956857,0.00036483112,0.00014295716,0.99762315,5.543878e-05,0.0003825498,0.00010246662,0.00039859087,0.00027367985
syn-0225,2,0,1,7,7,0.0013237003,0.0017519065,0.00079234963,0.00019266257,0.0011141233,0.0024717906,0.00048152398,0.90353066,0.0044933525,0.0030058504,0.0029644915,0.07787759
syn-0232,2,0,1,8,8,0.0001562017,0.00012417053,0.00011551382,4.2246895e-05,0.0002450209,8.643141e-05,0.0002148095,0.00023759835,0.9983342,0.00020693362,0.00015827462,7.861989e-05
syn-0243,2,0,1,10,10,0.00010510444,0.00036769675,0.00017878867,0.00015307547,0.000106759595,0.00011420126,0.00026708626,0.00022414174,0.00026977315,0.00020190285,0.99764985,0.00036156006
syn-0251,2,0,1,10,10,0.00011244947,0.0002875005,0.00019007263,0.0001730631,0.00012618363,0.0001152286,0.00025002882,0.0001906303,0.0003133768,0.00018350649,0.9978161,0.0002418634
syn-0253,2,0,1,3,3,0.00017809706,0.00024605892,0.00022132094,0.9976802,0.0004323215,0.00022436758,0.00021545636,5.720187e-05,6.462859e-05,0.00035038253,0.00022480622,0.00010510764
syn-0257,2,0,1,4,4,0.0002665224,0.00010682069,4.294924e-05,0.0003982626,0.9972465,0.000750223,0.00026743492,0.00012948105,0.00032738826,0.0001621679,0.00016256429,0.00013972922
syn-0260,2,0,1,11,11,0.00017510632,0.00027387147,0.00024826938,0.00016289855,0.00020512023,0.00018639969,0.0002945394,0.00026988893,0.00010735439,0.00035606383,0.00037333393,0.9973471
syn-0273,2,0,1,0,0,0.9973923,0.00034335963,0.00021718958,0.0002349526,0.00036399055,0.0002486446,0.0001763154,0.000257919,0.00024158365,0.0001969824,0.00012369048,0.0002030369
syn-0279,2,0,1,0,0,0.99748224,0.00025506163,0.00018407317,0.00021987686,0.00037365808,0.0002406635,0.00015394915,0.00026111025,0.00031781703,0.00019777118,0.00012309909,0.00019065959
syn-0291,2,0,1,1,1,0.000256111,0.99768126,0.00021514122,0.00025511254,9.970857e-05,0.0002614175,0.00018682668,0.00013391074,0.00014436847,0.00017853259,0.00033216135,0.00025548652
syn-0292,2,0,1,11,11,0.00017200215,0.00022598219,0.0003347964,0.00013040585,0.00013666417,0.00015668622,0.0002987936,0.00025271758,0.00012334526,0.0003727636,0.00026901648,0.9975268
syn-0293,2,0,1,0,0,0.8415393,0.0010067398,0.00069802965,0.00063992274,0.0059627136,0.0013441739,0.0007779482,0.0009834185,0.14509958,0.0005988081,0.0009086258,0.0004406719
syn-0302,2,0,1,10,10,0.00010502708,0.00024076179,0.00017796055,0.00020274176,0.00018468863,0.0001141172,0.00029748265,0.0001565902,0.00026236734,0.00017451849,0.9978896,0.0001941199
syn-0318,2,0,1,11,11,0.00015214327,0.000243243,0.00030435112,0.0001633854,0.00018732228,0.0001496383,0.00036927493,0.00025653976,9.8904886e-05,0.00032493065,0.00034876997,0.9974015
syn-0352,2,0,1,8,8,0.00014710313,0.00014985808,0.00012272937,4.4667202e-05,0.00018622838,7.7178e-05,0.00022474403,0.00022739323,0.99837863,0.00019374148,0.00017231722,7.546384e-05
syn-0356,2,0,1,8,8,0.00018997569,0.00013088742,0.0001031368,4.8433754e-05,0.00031306405,8.0716185e-05,0.00025726814,0.00017221634,0.9982816,0.00017768308,0.00017569879,6.937814e-05
syn-0358,2,0,1,2,2,0.00020572572,0.00036362532,0.996878,0.00029161104,4.360947e-05,0.00016619553,0.0002730751,0.0007119438,0.00032215417,0.00030006084,0.00017485312,0.00026910417
syn-0359,2,0,1,4,4,0.00030405994,9.219127e-05,3.6958772e-05,0.00044751028,0.9974208,0.00058996707,0.00022158775,9.5583324e-05,0.00034507117,0.00015393968,0.00014581834,0.00014660365
syn-0373,2,0,1,11,11,0.00017376455,0.0002450473,0.00031480062,0.00013129252,0.00014363443,0.00015394685,0.00030192884,0.00024254744,0.0001249137,0.0003976539,0.00030311054,0.9974673
syn-0375,2,0,1,8,8,0.00016274067,0.0001404969,0.00010672794,4.5768833e-05,0.00025825566,7.186398e-05,0.00020708406,0.00019444249,0.9983285,0.0002261638,0.00018685662,7.109613e-05
syn-0376,2,0,1,5,5,0.00020694295,0.0003369282,0.00017039293,0.0001439765,0.0004326772,0.99740463,0.00026172816,0.00049667276,0.000128745,0.00010497604,0.000110444525,0.00020185323
syn-0378,2,0,1,2,2,0.0001727745,0.00019359277,0.99761236,0.00032225376,4.4502347e-05,0.00013350978,0.0002735433,0.00045653572,0.00018080109,0.00014691848,0.0001852695,0.00027795273
syn-0386,2,0,1,10,10,0.000112018155,0.00023662196,0.00021607886,0.0002131968,0.0001633041,0.000115461175,0.00026300593,0.0001928896,0.00024767514,0.00017865525,0.99787927,0.00018182342
syn-0388,2,0,1,5,5,0.0005734206,0.0005782002,0.0006986356,0.005626883,0.0005980125,0.9859161,0.00043922773,0.0042473944,0.0001916035,0.00030055278,0.0003320325,0.0004979532
syn-0391,2,0,1,0,0,0.9974826,0.0003124319,0.00019215503,0.00022095318,0.00035541732,0.00024243274,0.00014210193,0.00022106113,0.0003159604,0.0001925307,0.00012577245,0.00019661582
syn-0397,2,0,1,1,1,0.00025938844,0.9977016,0.00022459161,0.00025736986,9.816473e-05,0.00024224928,0.00019878293,0.00013443759,0.00014255015,0.00017262128,0.00032574337,0.00024260441
syn-0419,2,0,1,1,1,0.00023374929,0.99762815,0.00025163498,0.0002633252,9.921761e-05,0.00024093389,0.00020547882,0.00013855952,0.00015823993,0.00018098058,0.0003508136,0.00024882483
syn-0423,2,0,1,9,9,0.00021771909,0.00016378221,0.00014091362,0.00028660588,0.00016644267,8.251588e-05,9.8085766e-05,0.00026976765,0.00029469474,0.99787307,0.00017206186,0.00023437821
syn-0428,2,0,1,8,1,0.00031648664,0.9976814,0.00019464883,0.0002383723,0.00011623012,0.00024071157,0.00019172467,0.00012979076,0.00019351165,0.0001470722,0.000329496,0.00022056603
syn-0435,2,0,1,10,10,0.00010720288,0.00025666459,0.00017265332,0.0002134067,0.00017988204,0.00010647256,0.00026662843,0.00016816043,0.00022255893,0.00019064378,0.9978867,0.00022917567
syn-0450,2,0,1,10,10,0.00010783251,0.00025867677,0.00019185715,0.00026178986,0.00018414721,0.00012893265,0.00022039535,0.00016474641,0.00023598832,0.00016956154,0.9978834,0.00019260806
syn-0458,2,0,1,6,6,0.000108680724,0.00014964092,0.00022979641,0.0002388338,0.00028490607,0.00018595856,0.9979061,7.759479e-05,0.00021190521,9.341456e-05,0.0002573598,0.000255825
syn-0463,2,0,1,11,11,0.0001621343,0.00021166961,0.00033627095,0.00012419136,0.00013773603,0.0001597766,0.00031451214,0.00028896512,0.000117582,0.00032672167,0.00029351562,0.99752694
syn-0474,2,0,1,0,3,0.16309276,0.005960993,0.002737149,0.8059127,0.008088253,0.003988366,0.0022504183,0.0009092511,0.000907477,0.0019898696,0.002333219,0.0018295768
syn-0476,2,0,1,7,5,0.00052570156,0.00042473982,0.00031341295,0.00011569295,0.0005481131,0.9901653,0.00023530924,0.006724008,0.00028522642,0.00019603308,0.00013446854,0.00033200128
syn-0480,2,0,1,1,1,0.0004792165,0.9962972,0.0004089959,0.00056963967,0.00011789668,0.0003681463,0.00033618454,0.000279661,0.00013932382,0.00016004783,0.00027198478,0.0005716947
syn-0488,2,0,1,10,10,0.00010883561,0.00023609934,0.0001455987,0.00017571135,0.00022616932,0.00011119917,0.0004665116,0.0001630628,0.00024544453,0.00019582882,0.99737835,0.0005470743
syn-0491,2,0,1,10,10,0.00010667931,0.0002505933,0.00017769723,0.00024164126,0.00019459131,0.00012423452,0.0002462268,0.0001476042,0.00025096064,0.00017700446,0.99787366,0.00020907202
syn-0498,2,0,1,7,7,0.00038389684,0.00023438514,0.00038417813,4.5726974e-05,0.00020433456,0.0013507706,7.36446e-05,0.99546933,0.0010764026,0.0002474392,0.00020126489,0.00032852477
syn-0003,2,0,2,2,2,0.00012361062,0.00026847865,0.9977223,0.00034294432,6.0478793e-05,8.697095e-05,0.00023849853,0.00038023663,0.00018331014,0.00015308658,0.00018619686,0.00025394236
syn-0007,2,0,2,6,6,0.000175903,0.00025631255,0.00020059348,0.00021290599,0.00021499532,0.00045050198,0.9974917,7.1384246e-05,0.0005401024,0.00010195409,0.00015023758,0.00013349362
syn-0009,2,0,2,8,8,0.00011779026,0.00013967464,0.00012792257,5.871038e-05,0.0001679869,8.917362e-05,0.00021733815,0.00022032997,0.9983183,0.0002854067,0.00021527857,4.1999407e-05
syn-0019,2,0,2,0,0,0.99728084,0.00029044968,0.00014014401,0.00039879474,0.00061533245,0.00014290812,0.00016448624,0.00015649469,0.00016626269,0.00028130735,0.0002357307,0.00012722929
syn-0022,2,0,2,10,1,0.0013446765,0.46673554,0.0019507692,0.0035418856,0.00080294296,0.0019679903,0.0013685224,0.00081161485,0.0006037302,0.0017367454,0.09083495,0.42830062
syn-0034,2,0,2,0,0,0.99768996,0.00027557556,0.00013775854,0.00019761927,0.0003844715,0.00023860724,0.00013119364,0.00023104035,0.00017203028,0.00023137903,0.00017984657,0.00013042717
syn-0058,2,0,2,9,9,0.00023905141,9.696354e-05,0.00015254505,0.0001891976,9.1356065e-05,8.91527e-05,0.00010987408,0.00021776512,0.00028684147,0.99808407,0.0001632579,0.00028006002
syn-0059,2,0,2,3,3,0.00020950116,0.00031688777,0.0002893055,0.9974837,0.0002910767,0.00051637285,0.0002205223,4.590908e-05,5.3047846e-05,0.0002587626,0.00015844894,0.0001564501
syn-0061,2,0,2,4,4,0.00022065062,7.555065e-05,6.257255e-05,0.00035854505,0.9975769,0.00037823702,0.00024790253,0.0002450144,0.00035328805,0.00012323105,0.00017956297,0.0001785139
syn-0065,2,0,2,11,11,8.905623e-05,0.0003238906,0.00022936462,0.00013894695,0.00013976349,0.00015230561,0.00019845009,0.0001916881,4.434511e-05,0.00029372014,0.00022014738,0.99797827
syn-0067,2,0,2,5,5,0.00021313153,0.00020307383,0.00013156323,0.00029735218,0.00030679116,0.9975737,0.00034077032,0.0002786554,0.00015931665,0.0001189736,0.00017548852,0.00020119855
syn-0069,2,0,2,11,11,0.00011287295,0.00053325365,0.0002095401,0.00017379971,0.0001638287,0.00018321088,0.0002119066,0.0001983886,4.0919815e-05,0.00029127297,0.00021201011,0.99766904
syn-0071,2,0,2,6,6,0.00012238362,0.00023377925,0.00020920056,0.0002955247,0.00019423613,0.00021442317,0.9979996,5.903654e-05,0.0001905723,0.000106069456,0.00021940091,0.00015569254
syn-0097,2,0,2,10,10,0.00010711505,0.00026498287,0.00014343695,0.00011402336,9.090735e-05,0.0001488598,0.0002241754,0.0001486419,0.00036987357,0.00016056336,0.9980432,0.0001841767
syn-0098,2,0,2,10,10,9.518748e-05,0.00023645563,0.00013067888,0.00012709196,0.0001408842,0.000100833,0.0002964551,0.00012727827,0.0002426547,0.00014026643,0.9981521,0.00021025667
syn-0102,2,0,2,1,1,0.00034135513,0.99764025,0.00022174473,0.00029491383,0.00010530891,0.00014620693,0.00026461732,0.00012877541,0.0003184111,0.000117251344,0.00020749777,0.00021377108
syn-0112,2,0,2,4,4,0.00079947314,7.620042e-05,5.477801e-05,0.0005473939,0.9963786,0.00080025423,0.00020472103,0.00020125211,0.0006028849,0.0001150626,9.111094e-05,0.00012823632
syn-0125,2,0,2,9,9,0.00043387798,0.0002025617,0.0002639324,0.000419094,0.00021083663,0.00026835065,0.00034255598,0.00042840454,0.00063021074,0.9877965,0.007997032,0.0010067052
syn-0127,2,0,2,11,11,0.00023028249,0.017438838,0.00041800697,0.0004599884,0.00020723182,0.00030897243,0.0007853374,0.00021381004,0.0001168155,0.00041414693,0.00088416494,0.97852236
syn-0137,2,0,2,8,8,0.00014717868,0.00014292935,0.00011603065,6.099476e-05,0.00015326595,8.559743e-05,0.0002225112,0.00018059144,0.9984037,0.0002164565,0.00023461737,3.5997313e-05
syn-0142,2,0,2,4,4,0.00029781082,7.982271e-05,7.4257776e-05,0.002849798,0.99497426,0.0005158603,0.00028745263,0.00015251593,0.00026096293,0.00016620243,0.00016948047,0.00017164579
syn-0155,2,0,2,4,4,0.0004042151,8.118807e-05,6.897074e-05,0.00034331996,0.9972771,0.0003306112,0.0003148943,0.0002743876,0.00052452384,0.000109785244,0.000112718466,0.0001583388
syn-0159,2,0,2,11,11,0.00010002748,0.00025406087,0.0002100077,0.0001417518,0.00015037916,0.00017866689,0.00017849248,0.00019337371,4.8797134e-05,0.0003189361,0.0002812884,0.9979443
syn-0164,2,0,2,8,8,0.00055249565,0.00053366995,0.00023925536,0.00013148577,0.00038797074,0.0006802452,0.00073444383,0.00053969707,0.9757952,0.00053785555,0.019705722,0.00016188827
syn-0172,2,0,2,10,10,9.946946e-05,0.0001849734,0.0001296693,0.00012045266,0.00011904936,0.00012342959,0.00024528935,0.0001487392,0.0002522429,0.00014679115,0.9982089,0.00022100614
syn-0177,2,0,2,8,8,0.00015706244,0.00014279765,0.00010280308,6.6374654e-05,0.00017980939,8.196176e-05,0.0006815822,0.00017359779,0.9979709,0.00019854553,0.00020950119,3.5216908e-05
syn-0179,2,0,2,1,1,0.00029512835,0.9978787,0.00018315992,0.00026957164,9.8662735e-05,0.00014271474,0.0002103017,0.00012631484,0.0001963101,0.00011071304,0.00021581512,0.0002726827
syn-0188,2,0,2,10,10,0.0001087143,0.00019623236,0.00013332968,0.00013503311,0.000114210095,0.0001037359,0.00024302557,0.00014165178,0.0002606647,0.00016145574,0.99821436,0.00018770393
syn-0193,2,0,2,11,11,0.000101623176,0.0008826182,0.00023432777,0.00018401581,0.00013189603,0.00022656444,0.00017984086,0.00019078639,4.1059477e-05,0.00030294666,0.0003530151,0.99717134
syn-0194,2,0,2,1,1,0.00035336378,0.9975472,0.00023066915,0.00027392642,0.000110568246,0.0001477722,0.0002887594,0.00012901516,0.00039657077,0.00011285917,0.00019141828,0.00021786062
syn-0200,2,0,2,5,5,0.00050082593,0.00034328914,0.0002906353,0.0051340554,0.0012705014,0.98991066,0.00027503364,0.0015109694,0.00012765295,0.00022251163,0.00015011846,0.00026372352
syn-0202,2,0,2,10,10,0.00011213484,0.00018121471,0.00015252359,9.973479e-05,0.000105959974,0.00017478378,0.00019508063,0.00019912262,0.00041217986,0.00020151901,0.9979436,0.00022213733
syn-0207,2,0,2,0,0,0.99753356,0.00022477319,0.000118505006,0.00025333706,0.00044431517,0.000463349,0.00013922452,0.00017685775,0.00022576316,0.00016983348,0.00013002523,0.00012037117
syn-0219,2,0,2,0,0,0.9976829,0.0003131056,0.00013883803,0.00023149041,0.0002563617,0.00022868179,0.00012678436,0.0001855542,0.00021398913,0.0002939201,0.0002012206,0.00012715634
syn-0222,2,0,2,8,8,0.000244721,0.00014573766,0.00010893949,5.8425107e-05,0.00020906559,0.000104766084,0.00022517251,0.00019944308,0.9983303,0.00016570782,0.00017055107,3.713726e-05
syn-0224,2,0,2,8,8,0.0001498614,0.00015416619,0.000113342474,5.9378348e-05,0.00017308,0.0001183188,0.0005515262,0.00020264764,0.9979134,0.00019195664,0.00033124647,4.1090032e-05
syn-0228,2,0,2,6,3,0.00019158667,0.00026059238,0.0002461824,0.9974502,0.00060782157,0.00033099166,0.00027726375,3.5267345e-05,6.022658e-05,0.00022862844,0.00014862615,0.00016251813
syn-0230,2,0,2,9,9,0.0002599249,9.858413e-05,0.00016525867,0.00019151629,9.1442926e-05,0.00010052853,0.00010261144,0.00025365592,0.00026350297,0.9980579,0.0001512801,0.00026369607
syn-0239,2,0,2,6,6,0.00014189887,0.00015516205,0.00018087214,0.00022847642,0.0002481602,0.00022063745,0.9980045,5.938377e-05,0.00027415235,9.8194534e-05,0.00024458143,0.00014399276
syn-0242,2,0,2,0,0,0.99768436,0.00027090454,0.00013775777,0.00020710207,0.00031234254,0.00019125774,0.00013789236,0.00016407139,0.00040467028,0.0002579945,0.00011748577,0.00011420521
syn-0244,2,0,2,3,3,0.00022396208,0.00039356982,0.00023689786,0.9973369,0.0004724811,0.00033412033,0.00029873673,2.5900186e-05,8.135168e-05,0.00020046445,0.00023390938,0.00016162921
syn-0247,2,0,2,3,3,0.00042791403,0.00039334767,0.00022765216,0.9970782,0.0006168618,0.00020677422,0.00029742223,3.209931e-05,5.3442167e-05,0.00028001695,0.00019605686,0.00019021049
syn-0248,2,0,2,6,6,0.00013616287,0.00020914983,0.00025228286,0.000274118,0.0002868527,0.00031046476,0.9948389,9.4871524e-05,0.00021865268,0.0001237358,0.0030184072,0.0002363045
syn-0249,2,0,2,8,8,0.00023852111,0.00013379821,0.00012630702,4.5834808e-05,0.00019410574,0.00017855685,0.00020471643,0.00025891225,0.9978168,0.00036221696,0.000376876,6.338724e-05
syn-0254,2,0,2,7,11,0.006424636,0.002970278,0.005463178,0.0017649948,0.12791307,0.0046410686,0.0042216163,0.2629737,0.02164953,0.0060560512,0.013164004,0.5427579
syn-0255,2,0,2,2,2,0.00012715792,0.0002423661,0.9976954,0.00032990312,5.8673748e-05,9.0786976e-05,0.00024726705,0.00039258346,0.00019493692,0.00016977811,0.00020609557,0.0002450435
syn-0259,2,0,2,4,4,0.0002486633,7.6582255e-05,6.2626816e-05,0.00053732743,0.9974674,0.0003395921,0.00025661936,0.00019922204,0.00032886286,0.00012787596,0.00018201482,0.00017317166
syn-0264,2,0,2,0,0,0.99772495,0.0002763938,0.00013762891,0.00019333122,0.00026841377,0.00024272858,0.00011714685,0.00020300547,0.0002697276,0.00027337388,0.00017003203,0.00012312904
syn-0274,2,0,2,9,9,0.00019604457,9.206388e-05,0.00015275425,0.00015223301,8.699425e-05,0.000116152565,0.0001035102,0.00026789575,0.00035600524,0.9979898,0.00020686223,0.00027972608
syn-0276,2,0,2,6,10,0.000103393,0.00017622128,0.00011245146,0.00012242305,0.00020703198,0.00013994811,0.0005755547,0.00012483762,0.00026270517,0.00012792293,0.9978338,0.00021376037
syn-0278,2,0,2,9,9,0.00027104776,9.629178e-05,0.00016858523,0.00022891477,9.0105095e-05,0.00011072297,0.00010637731,0.00023417175,0.00022009145,0.99796814,0.00016387783,0.00034163412
syn-0283,2,0,2,7,7,0.00016261917,0.00012578514,0.00034016054,3.4793095e-05,0.00027223615,0.0005681513,4.7649493e-05,0.99758315,0.00027814825,0.00020164302,0.00019151869,0.00019415507
syn-0285,2,0,2,11,11,0.00010062171,0.0002654267,0.00024422424,0.00015493546,0.0001720011,0.00014618943,0.00016380435,0.00020385781,5.5406028e-05,0.0003024246,0.00018318364,0.99800795
syn-0288,2,0,2,9,9,0.00023839399,0.00010607117,0.00017352086,0.00022096338,8.589905e-05,9.028555e-05,0.00011072825,0.00022959734,0.00025191723,0.99801576,0.00014676274,0.00033006948
syn-0294,2,0,2,1,1,0.00028249354,0.99782515,0.00020441848,0.00031147274,9.46928e-05,0.00017665049,0.00024098146,0.00013172497,0.00018297131,0.00010909724,0.00019250278,0.0002479037
syn-0301,2,0,2,3,3,0.00020926227,0.00035965792,0.00025853064,0.99731976,0.00059366366,0.00038585663,0.00027872052,2.9636258e-05,6.182762e-05,0.00019831913,0.00014559014,0.00015919835
syn-0305,2,0,2,1,1,0.00025178096,0.99771947,0.00021514946,0.0003097715,9.459037e-05,0.00015338545,0.00022100567,0.00012966903,0.00018090881,0.000115217445,0.0002883865,0.0003205424
syn-0308,2,0,2,3,3,0.00020718986,0.00036049157,0.00032460535,0.99762005,0.00027832837,0.0003237348,0.00024046181,4.1077954e-05,6.0001992e-05,0.00022055247,0.00015693059,0.00016656306
syn-0313,2,0,2,11,11,0.00025823148,0.000905507,0.00025522299,0.0017242337,0.0019015763,0.0012936447,0.003399872,0.0004042763,6.875945e-05,0.00042161424,0.001918363,0.98744875
syn-0324,2,0,2,7,7,0.00042740785,0.003688636,0.0030722048,0.00013903028,0.00038350018,0.0012510184,0.0002679879,0.9730662,0.011001485,0.0012271211,0.0043208837,0.0011544635
syn-0333,2,0,2,5,5,0.00045766216,0.00018058464,8.7495755e-05,0.0005092519,0.008855357,0.9881813,0.00036425705,0.00035948632,0.00032556272,0.00017130836,0.00026032276,0.0002474333
syn-0335,2,0,2,3,11,0.00014168146,0.0004092939,0.00027143638,0.0004746154,0.00020474094,0.00013975763,0.00020334612,0.00015976414,4.2957967e-05,0.0003654806,0.00013772529,0.9974491
syn-0338,2,0,2,8,8,0.00027513175,0.0001399757,0.00012208897,6.729238e-05,0.00023533264,0.00012996304,0.00019643587,0.00023845572,0.9980305,0.0003021731,0.00021553201,4.7023546e-05
syn-0383,2,0,2,2,2,0.00012432606,0.00028140706,0.9976343,0.00029340392,5.631244e-05,9.095889e-05,0.00023012677,0.0004535462,0.00019218426,0.00015525604,0.00020209694,0.0002860829
syn-0385,2,0,2,5,4,0.0004960112,8.0176156e-05,5.9233764e-05,0.00041327724,0.99451196,0.0030709247,0.00018280956,0.0004265523,0.0003057749,0.0001530417,0.00010294822,0.00019727857
syn-0392,2,0,2,1,1,0.00028632281,0.997618,0.0002529876,0.00033960195,9.257041e-05,0.00015010993,0.00025311118,0.00013156908,0.00019587588,0.00012889836,0.00025224756,0.00029867506
syn-0396,2,0,2,3,3,0.00016540068,0.0003472587,0.00047696967,0.9974534,0.00040213318,0.00026952257,0.00025183673,4.3464526e-05,5.9699752e-05,0.00025030432,0.00013453547,0.00014546752
syn-0402,2,0,2,1,1,0.034744393,0.5743242,0.0007443503,0.008309125,0.20042892,0.007828602,0.0022374627,0.0026082061,0.0036140704,0.0020835088,0.08217557,0.08090156
syn-0405,2,0,2,8,8,0.0001612475,0.00012737056,0.000119361786,5.5481294e-05,0.00016450812,9.2732385e-05,0.00022077617,0.00019431174,0.9983882,0.0002317106,0.00020608767,3.831834e-05
syn-0406,2,0,2,4,4,0.0015799423,9.609516e-05,7.9432626e-05,0.00055073266,0.9959304,0.00021278043,0.00035477764,0.00025317702,0.00030036166,0.00017181074,0.00024087646,0.00022962157
syn-0409,2,0,2,10,10,0.00011248969,0.00021031238,0.00014946188,0.00012678473,0.00011526982,0.00011811865,0.00018628097,0.00016407162,0.0002493257,0.0001903264,0.998173,0.00020468954
syn-0414,2,0,2,5,4,0.00039050382,0.00013957877,7.544432e-05,0.0006067468,0.9845671,0.012273426,0.00030740927,0.00043098384,0.0005654812,0.00020189946,0.00021492086,0.00022655874
syn-0420,2,0,2,2,2,0.00014707066,0.0002377305,0.99767095,0.00030836053,5.8615038e-05,8.5953274e-05,0.00023536276,0.00043608068,0.00018819813,0.00018401814,0.00019848585,0.00024913944
syn-0426,2,0,2,10,10,9.489815e-05,0.00015516722,0.00015054017,8.8196044e-05,0.0001112727,0.00016533602,0.00026279094,0.00019329741,0.00037300008,0.00014357631,0.99803776,0.00022422889
syn-0432,2,0,2,6,6,9.790484e-05,0.00021368726,0.00021073419,0.0003187528,0.00017598904,0.00027881985,0.9979797,5.749911e-05,0.00018317846,9.554353e-05,0.00023463226,0.00015357534
syn-0433,2,0,2,5,4,0.0009434018,0.00043192084,0.0003334368,0.0010711042,0.7350512,0.25205004,0.00094524625,0.004940659,0.0014950898,0.0008093019,0.0009242518,0.001004246
syn-0443,2,0,2,7,7,0.00018501306,0.00012684743,0.00040657967,4.0761217e-05,0.00027872244,0.00025183547,4.582907e-05,0.997692,0.00030056256,0.00024878,0.00019907241,0.00022398711
syn-0452,2,0,2,10,10,8.9747045e-05,0.00016997762,0.00014847447,0.00010867929,0.000106994376,0.00015666721,0.00042941535,0.00016266966,0.00039203858,0.00016053917,0.9978929,0.0001819147
syn-0460,2,0,2,8,8,0.00043547185,0.0011051149,0.00041068907,0.0002567518,0.00047501404,0.0002664587,0.01957668,0.0003984424,0.9713004,0.0005398406,0.0051218653,0.0001132673
syn-0464,2,0,2,4,4,0.0007213841,8.2937375e-05,6.0737562e-05,0.000500604,0.9971106,0.00024700147,0.00026467064,0.00022610862,0.00036291184,0.0001252354,0.00013634059,0.000161356
syn-0465,2,0,2,7,7,0.0002151296,0.00013721289,0.00025810584,6.5323125e-05,0.0025069122,0.0008873441,7.3948555e-05,0.994709,0.00033474847,0.0002836122,0.00024568572,0.00028292064
syn-0471,2,0,2,5,5,0.00023760619,0.00019645416,0.00011577174,0.00022716867,0.00033371098,0.9976362,0.00027921767,0.0003448404,0.00015901575,0.00011656587,0.00014735306,0.00020608335
syn-0473,2,0,2,10,10,0.000103022794,0.00018990473,0.00014671119,0.00013436706,0.00012439063,0.000117426156,0.00021900632,0.00016861635,0.00029054383,0.00018491775,0.9981523,0.00016869871
syn-0478,2,0,2,2,2,0.00023683095,0.00038554246,0.98207676,0.00027499715,0.00024795442,0.00018070011,0.00034374677,0.014008572,0.0003346381,0.00036112408,0.0006962549,0.0008529814
syn-0495,2,0,2,2,2,0.0001464061,0.00023892037,0.9975369,0.00050715456,6.361748e-05,0.00010885291,0.00025626158,0.0003936728,0.00018184981,0.0001573779,0.00018561765,0.00022346077
syn-0005,2,0,3,11,11,0.00024697653,0.00029595324,0.0003433956,0.00017728354,0.00015984982,0.0002484279,0.00040309067,0.00033177575,5.4919878e-05,0.00045761265,0.0002707214,0.9970099
syn-0006,2,0,3,7,7,0.0014848715,0.00838776,0.043479145,0.0003732409,0.00032938394,0.0042687147,0.00051516626,0.8835961,0.00279177,0.048221115,0.004982948,0.0015698692
syn-0008,2,0,3,8,8,0.00010810218,0.00018986425,0.00011866906,5.6247212e-05,0.00019074699,6.005052e-05,0.00024349308,0.00015417021,0.9984269,0.00024192283,0.0001775355,3.2331616e-05
syn-0014,2,0,3,0,0,0.9968874,0.00025892377,0.00017674318,0.00050974055,0.00064776366,0.00013367357,0.000109742345,0.0002187822,0.00036791502,0.00035244104,0.00018576873,0.00015102891
syn-0020,2,0,3,6,6,8.2938175e-05,0.00011514825,0.00022116973,0.00028443642,0.00022936333,0.000183289,0.9980945,5.2461924e-05,0.00017536592,8.318151e-05,0.00023500324,0.0002430854
syn-0029,2,0,3,2,2,0.00013838374,0.00023505407,0.9978231,0.0002939973,6.559165e-05,0.00012350244,0.00028641662,0.00032344516,0.00017484803,0.00014396658,0.0001519106,0.00023980718
syn-0032,2,0,3,4,4,0.00038038497,0.00014729735,0.00010713544,0.00066502916,0.9914328,0.0004336715,0.0051319166,0.00019456643,0.00092958525,0.00016480418,0.0002079255,0.00020490192
syn-0033,2,0,3,5,5,0.0001628415,0.00031315806,0.00016916309,0.00026393097,0.0003923868,0.9974848,0.00021269672,0.00038261648,0.00014003586,0.00010768423,0.00017073979,0.00020000528
syn-0041,2,0,3,10,10,0.00011257492,0.00017936797,0.00012394159,0.00016267966,9.5541094e-05,0.00010220078,0.0002799894,0.00013806444,0.00029961576,0.00031259868,0.99795425,0.00023907871
syn-0044,2,0,3,2,2,0.00012784688,0.00033669808,0.9977277,0.00022997979,5.0236973e-05,0.00012051224,0.0002512304,0.00043123518,0.000177758,0.00015049342,0.00015041993,0.00024583042
syn-0046,2,0,3,8,8,0.00040654044,0.00030284442,0.00012028686,5.5938588e-05,0.0003361197,8.496361e-05,0.00015235413,0.00021224696,0.99780875,0.00023539527,0.0002548961,2.9650788e-05
syn-0050,2,0,3,4,4,0.00030642704,8.61368e-05,8.921891e-05,0.00061990705,0.99687636,0.00041309837,0.0005679567,0.00020612759,0.00033629788,0.00014383,0.00019119617,0.00016345893
syn-0053,2,0,3,10,10,0.00012528748,0.0001950941,0.00012645521,0.00014885521,0.00017116407,0.0001408645,0.00014972998,0.00025525954,0.00031667863,0.00019942826,0.9980124,0.00015861038
syn-0054,2,0,3,5,5,0.0001707409,0.00027038963,0.0001702414,0.00028572782,0.000437228,0.99749136,0.00019719443,0.00037081022,0.0001522313,0.00010416817,0.00017115824,0.00017876027
syn-0057,2,0,3,8,8,0.00028822513,0.00060571986,0.0003576526,0.00018810193,0.00057096937,0.00043014932,0.0007770005,0.00059313467,0.9308188,0.00079387455,0.064340524,0.00023570238
syn-0072,2,0,3,0,0,0.9977836,0.00020844159,0.00015072247,0.0002219933,0.00036395562,0.0001555069,0.000102183294,0.00025576237,0.0001819836,0.00024274284,0.00014367998,0.00018951042
syn-0073,2,0,3,11,11,0.00020814047,0.00029865743,0.0002656314,0.00016626848,0.000119875695,0.00015958682,0.00045226814,0.00025082027,4.2701275e-05,0.00027899168,0.0004413534,0.9973156
syn-0074,2,0,3,5,5,0.06777569,0.019005327,0.0017437662,0.012389666,0.0036771612,0.798712,0.00048422642,0.005368556,0.009135567,0.07443703,0.0028721783,0.0043988377
syn-0091,2,0,3,4,4,0.00036319473,8.916783e-05,7.2210314e-05,0.00040197087,0.9972791,0.00047537516,0.00027412034,0.00023049458,0.00035909493,0.00015895884,0.00014445127,0.00015182779
syn-0093,2,0,3,5,5,0.00014984432,0.00044854867,0.00016740848,0.00042078784,0.0004831723,0.9968258,0.00056841335,0.00024584818,0.00015414863,0.000102685124,0.00017213324,0.00026119335
syn-0101,2,0,3,3,3,0.0002361485,0.0002686386,0.00024394222,0.9978295,0.00031105615,0.0002644092,0.00025527505,4.5212997e-05,6.695111e-05,0.00021287413,0.00013353884,0.0001323703
syn-0111,2,0,3,3,3,0.00020662344,0.00027206592,0.00021339065,0.99781173,0.0002668037,0.00029149247,0.0002890476,4.407868e-05,5.6930745e-05,0.00023701064,0.00015680752,0.00015400001
syn-0113,2,0,3,11,11,0.0002562639,0.00027066862,0.00027533405,0.00015911789,0.00014831417,0.00017509847,0.00038338505,0.00025601377,6.3230946e-05,0.00043223694,0.00027803605,0.9973024
syn-0122,2,0,3,3,3,0.00024399381,0.00029202236,0.00018158661,0.9975533,0.0002779702,0.00033660838,0.00035783695,4.131658e-05,8.772384e-05,0.00025821265,0.00018872802,0.00018070212
syn-0133,2,0,3,2,2,0.00013583877,0.0002849151,0.99781597,0.0002613252,5.7489677e-05,0.00012930219,0.00024561217,0.00038758322,0.00018413477,0.00015013972,0.00013610434,0.00021167926
syn-0140,2,0,3,11,11,0.00025834522,0.00024293001,0.00032538516,0.0002062727,0.00020051294,0.00020546852,0.00037925466,0.00034025227,5.251165e-05,0.0004461354,0.00025174528,0.9970912
syn-0141,2,0,3,2,2,0.00013934218,0.0002295122,0.9978892,0.00026249536,6.413908e-05,0.00012447934,0.00025529033,0.00033618015,0.00018351994,0.0001367138,0.00014510535,0.00023398177
syn-0146,2,0,3,10,10,8.187755e-05,0.00017546366,0.0001220754,0.00017980015,0.00017980015,0.00014119568,0.00034295456,0.00013631802,0.00045522922,0.00014140266,0.9979196,0.00012436163
syn-0154,2,0,3,1,1,0.00021604096,0.9979479,0.00019233854,0.00022213827,7.75223e-05,0.00026775373,0.00015185543,0.00012595406,0.00027417025,0.000118785996,0.00016339509,0.0002421908
syn-0178,2,0,3,9,11,0.001334671,0.0024716745,0.001206953,0.0024572343,0.001572627,0.0013425144,0.0017120789,0.0013609952,0.0007946371,0.043090142,0.107066534,0.83558995
syn-0187,2,0,3,3,3,0.00025211106,0.00026667267,0.00023846094,0.99780875,0.00024286752,0.0003183483,0.00025402635,5.0143022e-05,5.539497e-05,0.00021569464,0.00014410519,0.00015332428
syn-0189,2,0,3,10,10,0.00010595629,0.00014825951,0.00012399649,0.00014355779,0.00012082876,0.00010953343,0.00035012074,0.00016742678,0.00022689816,0.00017503393,0.99790895,0.0004194747
syn-0191,2,0,3,4,4,0.001460351,0.00052942085,0.0004554988,0.34297627,0.640764,0.007329872,0.0031893107,0.0002454833,0.00086269825,0.000687803,0.00095678674,0.00054250524
syn-0192,2,0,3,5,5,0.00013879039,0.0003434676,0.00017908268,0.00032085125,0.00042128787,0.9973406,0.00023794209,0.00034150266,0.00013295305,0.000109364206,0.00021877482,0.00021527788
syn-0211,2,0,3,0,0,0.99772793,0.00021673286,0.0001984003,0.00033039748,0.0003112144,0.00013966022,0.00013884429,0.00024142906,0.00015115624,0.000241783,0.00010429466,0.00019810988
syn-0215,2,0,3,10,10,9.197699e-05,0.00014951223,0.00013297894,0.00014958525,9.573437e-05,0.00010901225,0.0003319707,0.00014900208,0.0003680192,0.00020222485,0.99802196,0.00019807155
syn-0217,2,0,3,6,6,0.000118643584,0.0003385299,0.00017603012,0.00026418804,0.00025977485,0.0001570238,0.9977253,5.142819e-05,0.0003596505,0.00010368508,0.0001883003,0.00025750167
syn-0233,2,0,3,8,8,0.00011175974,0.00018229191,0.00011357516,5.1317467e-05,0.00018693403,7.0692804e-05,0.00018983147,0.00015365516,0.9984983,0.0002068161,0.00020326205,3.1584917e-05
syn-0267,2,0,3,4,4,0.00045273453,7.628087e-05,5.8945287e-05,0.0003329302,0.9974305,0.00047736644,0.00027416195,0.00017840059,0.00033236173,0.000119189084,0.00012369521,0.0001433489
syn-0269,2,0,3,10,10,0.00011160912,0.00021900072,0.00012622292,0.0001571637,0.00011459108,0.0001188073,0.00017084967,0.00018934434,0.0003220266,0.0002007702,0.9981268,0.00014288971
syn-0275,2,0,3,0,0,0.99729556,0.00022220999,0.00013359779,0.00029938144,0.00064913725,0.00013810811,9.8508826e-05,0.0002536479,0.00021234507,0.0003218959,0.00018180581,0.00019381498
syn-0282,2,0,3,7,7,0.00036241626,0.00016398817,0.00029366388,5.8586094e-05,0.00032475882,0.0008517178,5.695019e-05,0.9971783,0.00019106739,0.00019172158,0.00012294146,0.00020388736
syn-0284,2,0,3,0,0,0.99651295,0.00018353549,0.00014321702,0.00018192946,0.0012426552,0.00017998558,0.00012013065,0.00030259884,0.00041904132,0.0002194488,0.00022986809,0.00026470577
syn-0295,2,0,3,10,10,0.000121875244,0.00035280708,0.000121518715,0.0003264339,0.00010808098,0.00014925178,0.0009129397,0.00010989028,0.00016854734,0.00013905004,0.9972568,0.00023286499
syn-0297,2,0,3,11,11,0.00022817824,0.00029384624,0.00028647928,0.00014775517,0.00013453262,0.00017918664,0.00034132565,0.00029205825,5.3985787e-05,0.00040377866,0.00020664574,0.9974323
syn-0299,2,0,3,1,1,0.000206953,0.99794024,0.00020166597,0.00027477127,8.219972e-05,0.00025926056,0.00018433762,0.00013161158,0.00021320985,0.00011809111,0.00014884444,0.00023878369
syn-0303,2,0,3,7,5,0.00018075979,0.00025735085,0.0001714745,0.0002652609,0.0006071882,0.9968976,0.00015370875,0.00088453275,0.00013591269,0.00011467372,0.00014919801,0.00018235548
syn-0306,2,0,3,5,5,0.00020341374,0.00027966753,0.00014940315,0.00020301683,0.0007173014,0.996807,0.00015543056,0.0008814345,0.00014969523,0.00010677361,0.00016683408,0.00018012662
syn-0307,2,0,3,3,3,0.00049444777,0.00035866784,0.00018639269,0.9973097,0.0003905917,0.00024898845,0.00023016425,4.527779e-05,6.890567e-05,0.00029452835,0.00014904121,0.00022340986
syn-0310,2,0,3,10,10,0.00011183421,0.00020404406,0.0001212172,0.0001568667,0.00011583581,0.00011493438,0.00018614743,0.00017871059,0.0002630874,0.00019084115,0.9981883,0.00016812915
syn-0325,2,0,3,4,3,0.0003431201,0.0002336736,0.00018449035,0.9968182,0.00091342983,0.0006080299,0.00033163102,5.08821e-05,6.853625e-05,0.00016075828,0.00014608646,0.00014117766
syn-0327,2,0,3,1,1,0.0008580562,0.95067114,0.0005252881,0.00033487307,0.0002654243,0.0004910589,0.00059146306,0.00030819842,0.04403138,0.00058542925,0.0009160759,0.00042166887
syn-0329,2,0,3,8,8,0.0001176276,0.00019055587,9.511829e-05,5.036916e-05,0.00018737273,7.342998e-05,0.0001790107,0.00015066854,0.9984011,0.00027946584,0.00024268562,3.2648055e-05
syn-0336,2,0,3,0,0,0.99773526,0.00021652292,0.00015042108,0.00023572298,0.00035961016,0.00016862822,0.00010358492,0.00025487735,0.00016813492,0.00025512633,0.000137496,0.00021452345
syn-0343,2,0,3,8,10,0.00089597836,0.003319225,0.00035500614,0.0014472326,0.0013890743,0.001039353,0.0014600084,0.0011560902,0.28482637,0.02452594,0.67794573,0.0016399294
syn-0345,2,0,3,7,7,0.00036465967,0.00017351928,0.0003355304,7.4520474e-05,0.00029516622,0.0005620449,7.92492e-05,0.99654585,0.00017711453,0.0003029045,0.00040924785,0.0006801106
syn-0346,2,0,3,6,6,9.189221e-05,0.00012353377,0.0002184023,0.00031214114,0.0002093699,0.00012902054,0.9980762,4.5534387e-05,0.00016688349,9.407136e-05,0.00021920359,0.0003137073
syn-0348,2,0,3,9,9,0.0030880251,0.00083959446,0.00053629087,0.0006906315,0.0012721278,0.00038140293,0.0005295255,0.0019017807,0.109965175,0.8785639,0.0017227359,0.0005087427
syn-0366,2,0,3,9,9,0.0003443514,0.00014382767,0.00014159782,0.0003112475,0.000100016434,8.267398e-05,8.373024e-05,0.00019429877,0.00027120992,0.99783415,0.00016971883,0.00032317245
syn-0368,2,0,3,9,9,0.0002954894,0.00014254091,0.00015232789,0.00030087633,0.00010530856,9.24818e-05,9.449021e-05,0.0002617891,0.0002967908,0.9976369,0.00018275825,0.00043805316
syn-0369,2,0,3,6,6,9.044283e-05,0.00017079433,0.00022199773,0.00040247696,0.00023579667,0.0003154261,0.9978035,6.9209615e-05,0.00012164471,8.504619e-05,0.0001998739,0.0002837662
syn-0372,2,0,3,1,1,0.00023260064,0.9975848,0.00023672546,0.0004132658,7.555125e-05,0.00023695674,0.00019273856,0.00015885237,0.00016317623,0.00015654239,0.00024376337,0.0003050022
syn-0382,2,0,3,0,0,0.99772316,0.0002160978,0.00016723224,0.00027137843,0.00030024193,0.00014199747,0.000121219884,0.0002578786,0.00015779205,0.00027679847,0.00015840962,0.00020781923
syn-0399,2,0,3,8,8,9.2366434e-05,0.00016029777,0.00010364774,5.206648e-05,0.00020169759,9.129033e-05,0.0002043743,0.00017163884,0.99834037,0.00021979757,0.0003310243,3.1334162e-05
syn-0401,2,0,3,11,11,0.0003292106,0.0031295698,0.00037122745,0.00031490283,0.00014565895,0.00027898845,0.00038021643,0.0002864424,7.253016e-05,0.0004910765,0.00029901872,0.99390113
syn-0407,2,0,3,6,6,0.00012380404,0.00025721214,0.00027467127,0.0024409564,0.00031870205,0.00025489915,0.9953876,4.7451853e-05,0.00014474159,0.0001278588,0.00023643483,0.0003857678
syn-0408,2,0,3,4,8,0.1735149,0.0041267653,0.00166655,0.0022294866,0.044911817,0.0023640236,0.0007615134,0.0019051196,0.76558363,0.0020882816,0.00039008414,0.00045783955
syn-0411,2,0,3,2,2,0.00014221968,0.00023963128,0.9978218,0.00026729537,6.084027e-05,0.00012550844,0.00024394033,0.00040287757,0.00017621915,0.00016996551,0.00013677134,0.00021287249
syn-0413,2,0,3,9,9,0.0004025703,0.00017382098,0.0001602096,0.0004088849,0.00010517068,9.43665e-05,8.92572e-05,0.00028289802,0.00027186118,0.9973042,0.00023050039,0.00047615665
syn-0416,2,0,3,2,2,0.000139272,0.0002515741,0.9978738,0.0002645501,6.3825675e-05,0.00012052988,0.00026380835,0.0003316075,0.00018191122,0.00013644494,0.00014201891,0.00023051942
syn-0417,2,0,3,7,7,0.0012360897,0.0007468034,0.00033628207,0.00022423103,0.0054326206,0.029026316,0.00040642667,0.95747215,0.0005748351,0.00036007405,0.0026264025,0.0015577073
syn-0422,2,0,3,1,1,0.00017769121,0.9978398,0.00022693783,0.00028064166,6.1318555e-05,0.0002605669,0.00016506127,0.00015990477,0.00014201408,0.00013108528,0.00026982455,0.00028506108
syn-0425,2,0,3,5,5,0.0002031932,0.00024094469,0.000114483046,0.00024426146,0.00073962956,0.99718577,0.00017160786,0.00038291927,0.00015405378,0.00010988245,0.00021087522,0.0002423606
syn-0430,2,0,3,1,1,0.00082225015,0.93214875,0.00084339484,0.036712505,0.000564021,0.024744077,0.0012152069,0.0003838784,0.00039761415,0.0005934023,0.0005350483,0.0010399291
syn-0431,2,0,3,3,3,0.00029517346,0.00027053597,0.00020946268,0.9977875,0.00026055326,0.0002977792,0.00022887332,4.5299483e-05,5.9836504e-05,0.00024333714,0.00015512832,0.00014644288
syn-0436,2,0,3,6,6,8.640663e-05,0.000118392556,0.00020677329,0.00037241244,0.00024632993,0.00015090969,0.99804795,4.606983e-05,0.00015970401,8.506702e-05,0.00022784575,0.00025218684
syn-0437,2,0,3,3,3,0.00021574978,0.00025514804,0.00015261644,0.99757653,0.0003608831,0.0004171396,0.00024844773,4.2214833e-05,6.449578e-05,0.00022478287,0.00030388476,0.00013814702
syn-0445,2,0,3,6,6,0.00011455868,0.0001211163,0.00022184433,0.00022184433,0.0003051049,0.0001361747,0.9978446,5.671066e-05,0.0004376499,9.5344185e-05,0.0001809315,0.00026421962
syn-0449,2,0,3,11,11,0.00020907924,0.0002140374,0.00027083297,0.00017401118,0.00015037369,0.00016346837,0.00042683657,0.00026288515,4.617596e-05,0.00036932723,0.00029212623,0.9974209
syn-0451,2,0,3,8,8,0.00011817907,0.00021773635,0.0001000527,4.589702e-05,0.00019014499,0.0001027259,0.00017465734,0.00015848468,0.99819595,0.00019584585,0.00046638137,3.400799e-05
syn-0469,2,0,3,9,9,0.0002814776,0.00016030282,0.00015643657,0.0002341521,8.530263e-05,8.715513e-05,9.377815e-05,0.0002467711,0.0002716212,0.99788445,0.00016840656,0.00032996564
syn-0472,2,0,3,8,8,0.00013101798,0.00022091887,0.00011130216,5.3091368e-05,0.00019885399,6.543116e-05,0.00024009807,0.00018216712,0.998302,0.00024549197,0.0002118858,3.7721016e-05
syn-0482,2,0,3,1,1,0.00034284496,0.99104637,0.00043170698,0.005439479,0.00012569525,0.00035321023,0.00075706845,0.00012842496,0.00018887527,0.0002813289,0.0003778307,0.0005271337
syn-0485,2,0,3,10,10,9.628709e-05,0.00024810884,0.00012944198,0.00015944974,9.694756e-05,0.00011694108,0.00023047376,0.00015575609,0.0005449711,0.00017529239,0.9979196,0.00012681443
syn-0492,2,0,3,6,6,7.8296354e-05,0.00013488822,0.00020994157,0.00025597285,0.00024229106,0.00019626119,0.9981173,5.639475e-05,0.0001678711,8.557287e-05,0.00021660583,0.0002385638
syn-0016,2,0,4,9,9,0.00019579839,0.0002271301,0.00015428543,0.00032534887,0.00010408933,0.00012300705,7.857076e-05,0.00019173023,0.000298484,0.99771035,0.00019484466,0.00039632103
syn-0023,2,0,4,1,1,0.00022784786,0.9979353,0.000203644,0.00025957593,6.801265e-05,0.00022907494,0.00020877889,0.00011959929,0.0001400991,0.00012006739,0.00018898476,0.00029906197
syn-0026,2,0,4,10,10,0.00014901572,0.0001696006,0.00012517782,0.00011874768,0.00016215042,7.142873e-05,0.00040914165,0.000113365175,0.00024571538,0.00014916131,0.9981133,0.0001731992
syn-0027,2,0,4,4,4,0.0002464895,5.3581094e-05,4.9264905e-05,0.00032222937,0.9977196,0.0004641148,0.0002586343,0.00018765671,0.00029815905,0.00012288814,0.00012004143,0.00015740673
syn-0035,2,0,4,9,9,0.0001812274,0.00029654062,0.00015186543,0.0003119121,0.00011230709,9.247155e-05,7.9327176e-05,0.00018417121,0.00041861067,0.99752635,0.00033227197,0.0003129036
syn-0040,2,0,4,4,4,0.00020735772,6.117523e-05,6.087725e-05,0.0004648982,0.99745375,0.00034137466,0.00032360182,0.00022918811,0.0002630222,0.00013975827,0.00023936751,0.00021561791
syn-0048,2,0,4,11,11,0.00012236767,0.00038458765,0.00022727725,0.00025666013,0.00018513635,0.00025132747,0.00023946728,0.00022816681,7.0338494e-05,0.00039713495,0.00025503608,0.99738234
syn-0056,2,0,4,8,8,0.00015467913,0.0002492977,0.000133929,7.5864635e-05,0.00013824787,9.5621326e-05,0.0007336217,0.00014152633,0.9978174,0.00016265735,0.00025211324,4.512423e-05
syn-0070,2,0,4,2,2,0.00017478742,0.00021800496,0.9979644,0.00031040236,4.9857852e-05,0.00010022505,0.00026438036,0.00027164293,0.0001799839,0.000107106585,0.00013712526,0.00022214196
syn-0077,2,0,4,2,2,0.00015952814,0.00022951992,0.99792284,0.00028707535,5.1488623e-05,9.7803706e-05,0.00027416338,0.00032315185,0.00016923736,0.00010910792,0.00014660583,0.00022957595
syn-0084,2,0,4,5,5,0.0002029078,0.000266002,0.00012580391,0.00026136704,0.00036704878,0.99773204,0.00022802402,0.00024613173,0.00015957553,0.00013783165,8.363995e-05,0.00018959321
syn-0085,2,0,4,3,1,0.0002908135,0.99731195,0.00026478872,0.00047650922,6.261705e-05,0.00020844482,0.00029727415,9.996409e-05,0.00014097197,0.00015558525,0.0003046955,0.0003864428
syn-0086,2,0,4,10,10,0.00015624562,0.00018939069,0.00013495547,0.00014191635,0.00018536515,7.968563e-05,0.00020953405,0.00016358416,0.00020333541,0.00017983757,0.9981274,0.00022878367
syn-0090,2,0,4,5,5,0.00061823387,0.00018248208,0.00012371494,0.00034296673,0.0010178033,0.99661595,0.00018790732,0.00041226638,0.00015017898,0.0001309245,6.9194786e-05,0.00014835688
syn-0094,2,0,4,1,1,0.00019742703,0.9976931,0.00027269858,0.00026225165,6.622671e-05,0.00022284195,0.00027090692,0.00013775898,0.00013093808,0.000113649934,0.0001948413,0.00043715636
syn-0106,2,0,4,10,10,0.00039429517,0.0026333856,0.00021260246,0.00017573801,9.5640455e-05,8.3256324e-05,0.0006195377,0.0001376692,0.00086185086,0.00028539027,0.9941261,0.00037440646
syn-0107,2,0,4,10,10,0.00012762242,0.0001363185,0.00011774364,0.00012570519,0.00024774653,0.00010942808,0.0005054964,0.000117628704,0.00024188934,0.0001363185,0.9979232,0.00021087665
syn-0109,2,0,4,3,3,0.001704117,0.0006821673,0.00042564055,0.98622733,0.0009134852,0.0026355246,0.00043276587,0.00014738503,0.0002232043,0.0055305827,0.00054069376,0.0005370102
syn-0117,2,0,4,6,6,0.00015659013,0.000104362465,0.00028282215,0.00037416432,0.00043283452,0.00020543222,0.99740195,7.3356496e-05,0.00024336191,9.784816e-05,0.00034186777,0.00028542336
syn-0119,2,0,4,6,6,0.00011176791,0.00015525015,0.00020120313,0.00019548947,0.00021438889,0.00016397686,0.9980837,5.1951527e-05,0.00017025934,7.073248e-05,0.00032902588,0.00025236528
syn-0128,2,0,4,2,2,0.00022603557,0.00022405763,0.99776244,0.00031892664,5.715074e-05,0.00010666742,0.00029581532,0.0003325814,0.0001801233,9.759719e-05,0.00014686884,0.00025173032
syn-0139,2,0,4,1,1,0.00019281013,0.9979552,0.00022829787,0.00025687026,6.605032e-05,0.00019699734,0.00019555975,0.0001303345,0.00014433762,0.00012919401,0.00019575084,0.00030848605
syn-0147,2,0,4,0,0,0.9976928,0.00025387283,0.00019975417,0.0002489625,0.00030170236,0.00021461908,0.00017602439,0.00017295724,0.00017270407,0.00019790954,0.00022879573,0.00013992834
syn-0156,2,0,4,6,6,0.00012256733,0.0001371349,0.00023126128,0.0002735088,0.00024235973,0.0001799087,0.99803466,5.4124e-05,0.00018431005,7.017859e-05,0.00023668769,0.00023338826
syn-0167,2,0,4,0,0,0.9976872,0.00024071297,0.00020458992,0.00023872314,0.00030735086,0.00024799048,0.00018143372,0.00019285247,0.00016543944,0.00018746745,0.00020509002,0.0001411628
syn-0168,2,0,4,1,1,0.00021341002,0.9979023,0.00024006052,0.00022061485,6.120274e-05,0.0002460536,0.00015628665,0.00016038398,0.00018769107,0.0001305824,0.00020613831,0.00027529796
syn-0173,2,0,4,8,8,8.3261424e-05,0.00016381587,0.0001309886,6.7493034e-05,0.00014421449,8.245227e-05,0.00058992364,0.00020417101,0.9980781,0.00019706972,0.00021680894,4.174399e-05
syn-0182,2,0,4,6,6,0.00012055431,0.00016174899,0.00022550019,0.00020277963,0.00019534482,0.00021096042,0.99807596,5.8925856e-05,0.00017285478,7.340607e-05,0.00026193628,0.00023995581
syn-0183,2,0,4,4,4,0.00034152044,7.9763166e-05,5.639509e-05,0.0004023603,0.994232,0.0034115473,0.0002910501,0.0002903404,0.00034294082,0.00018745784,0.00015480214,0.0002097379
syn-0185,2,0,4,7,7,0.0036055928,0.003687494,0.30624354,0.002053402,0.000980434,0.0034153739,0.0020776067,0.6198384,0.0027916331,0.051680673,0.00068445323,0.0029413626
syn-0195,2,0,4,4,4,0.00078544783,0.00034667333,0.00018922072,0.0010998443,0.8839298,0.10892152,0.0008668681,0.0011011878,0.0010602955,0.00061021576,0.0004049066,0.000684077
syn-0197,2,0,4,11,11,0.00014951281,0.0002406771,0.00021828465,0.00024209145,0.00026125254,0.00023659892,0.0002475906,0.00023798931,6.939424e-05,0.00035086775,0.00020717293,0.99753857
syn-0208,2,0,4,8,8,0.000110769055,0.00018957809,0.00012644049,6.6857574e-05,0.00011671016,8.6858774e-05,0.00022261539,0.0001940738,0.9983835,0.00025994625,0.00019911314,4.346259e-05
syn-0210,2,0,4,0,0,0.99744475,0.0002388983,0.00018916877,0.00029142082,0.00039416528,0.00037648264,0.00015636763,0.00022773586,0.00013558946,0.00018972378,0.00018806358,0.00016759423
syn-0226,2,0,4,6,6,0.00010811909,0.00014435794,0.0002185666,0.00020860863,0.00019813453,0.00015217485,0.9980957,4.9283473e-05,0.00016088573,6.822316e-05,0.00034914058,0.00024685345
syn-0229,2,0,4,7,7,0.00075590034,0.0004846027,0.00043951557,0.00016431518,0.0030732697,0.025482107,0.00018931039,0.9674805,0.0004237112,0.0006231544,0.00019878347,0.00068490265
syn-0236,2,0,4,11,11,0.029854828,0.012315377,0.001049639,0.1893806,0.13909608,0.12677217,0.009567837,0.00089605193,0.0058544157,0.005462248,0.06852216,0.41122866
syn-0246,2,0,4,8,8,0.00015442676,0.0001602651,0.00013093236,6.749701e-05,0.00017940078,8.5825624e-05,0.000488496,0.00020205072,0.9981369,0.00019013374,0.00016519106,3.8836046e-05
syn-0250,2,0,4,11,11,0.00012950614,0.0002947826,0.0003224144,0.0002019589,0.00019261646,0.0001887987,0.00029935164,0.00028087175,5.6356468e-05,0.00031920322,0.0002742984,0.99743974
syn-0261,2,0,4,5,5,0.00079437403,0.00030370828,0.00019551518,0.00054460025,0.003342603,0.9865854,0.0069938498,0.00035960745,0.00033963926,0.00015941907,0.000115387294,0.00026593584
syn-0262,2,0,4,10,10,0.00015062859,0.00015262756,0.00013048554,0.00013456188,0.0001919058,7.9530866e-05,0.00034357386,0.00013106024,0.00021660997,0.00015964021,0.9981364,0.00017303415
syn-0263,2,0,4,0,0,0.9960908,0.00020910651,0.00016142728,0.00032577376,0.0014164792,0.00026011022,0.00010555689,0.0003099461,0.00028525703,0.0004423544,0.00020606574,0.00018707613
syn-0265,2,0,4,3,3,0.00038078535,0.0002815973,0.00022972084,0.99733436,0.0003633479,0.00049373624,0.00018557996,5.3455897e-05,8.987216e-05,0.0002677852,0.00014056273,0.00017916904
syn-0280,2,0,4,0,0,0.9977233,0.0002104744,0.00020975624,0.00023873177,0.00030549173,0.00024072167,0.00016912093,0.00019427719,0.0001875658,0.00019937048,0.00018304201,0.00013830235
syn-0281,2,0,4,10,8,0.0023779762,0.0009954108,0.0004570694,0.0014419635,0.0073695267,0.0019009864,0.0049476656,0.00051894,0.68913645,0.00087161077,0.28952795,0.00045439907
syn-0286,2,0,4,8,8,0.0008903174,0.0013683864,0.00043816416,0.0002461481,0.00035570347,0.00030573853,0.011383472,0.00032103763,0.98352873,0.00038648973,0.00064598554,0.00012971094
syn-0296,2,0,4,3,3,0.00029564646,0.0003037679,0.00026866392,0.9971929,0.0003719571,0.0005622725,0.00020190893,7.305519e-05,9.7636774e-05,0.00027916173,0.00013782443,0.00021514091
syn-0300,2,0,4,10,10,0.00015374973,0.00014478755,0.00013449635,0.00013093246,0.00020805789,7.276821e-05,0.00026990505,0.00016112832,0.0002276716,0.00016519117,0.9981376,0.00019378928
syn-0304,2,0,4,1,1,0.0002562267,0.99788827,0.00019852909,0.00026115277,6.860982e-05,0.00019969576,0.00020674021,0.0001304531,0.00014963826,0.000114228555,0.00022750361,0.00029890187
syn-0312,2,0,4,11,11,0.00012275505,0.00030560716,0.00025609345,0.00015885684,0.00014393627,0.00019886234,0.0003191807,0.00025734698,7.1392926e-05,0.00033519338,0.00021787499,0.99761295
syn-0314,2,0,4,8,8,0.00011711439,0.00020584346,0.0001189006,6.423609e-05,0.00012527785,8.128137e-05,0.00019713782,0.00019299472,0.9984231,0.00024474374,0.00018751415,4.175842e-05
syn-0321,2,0,4,9,9,0.00020086882,0.0002055319,0.000139546,0.00025848803,0.00011716574,0.00010410765,8.732565e-05,0.00020383288,0.00029520257,0.9978859,0.00020493063,0.0002971549
syn-0323,2,0,4,7,7,0.00013755291,0.00020151111,0.0003966644,5.5197772e-05,0.00023047026,0.00077814964,5.011112e-05,0.9971739,0.0002797022,0.0002438415,0.00017060325,0.00028217136
syn-0328,2,0,4,10,10,0.00014086075,0.00017981208,0.00013983283,0.00011346144,0.00014024308,7.866924e-05,0.00024178646,0.00011798124,0.0005316029,0.00017876158,0.99798584,0.00015119533
syn-0330,2,0,4,0,0,0.99765515,0.00024070524,0.00018231594,0.00024342371,0.00034698995,0.00024259313,0.00019655384,0.00019848271,0.00014268278,0.00018276159,0.00022568044,0.00014254352
syn-0332,2,0,4,6,6,0.00011225942,0.00012541801,0.00019774424,0.0002123559,0.0002454966,0.00014449628,0.99807715,4.832935e-05,0.00016574674,6.755891e-05,0.00036970558,0.00023371182
syn-0339,2,0,4,7,7,0.00015774812,0.00014293168,0.00037662077,4.7852744e-05,0.00020489018,0.00033370825,5.078996e-05,0.99793255,0.00023234112,0.0001866002,0.00011820558,0.00021582677
syn-0341,2,0,4,8,8,0.00010580799,0.00016125916,0.0001244898,6.2750405e-05,0.00013414626,8.50191e-05,0.00022350388,0.00020965512,0.9984604,0.00021599366,0.00017659043,4.047516e-05
syn-0350,2,0,4,2,2,0.00022753615,0.00022286299,0.99778736,0.0003085848,5.885132e-05,0.00010522163,0.00028999476,0.0003619411,0.00016839018,9.702942e-05,0.00013178431,0.00024044345
syn-0353,2,0,4,7,7,0.0001498348,0.0001485962,0.0003226284,5.0928968e-05,0.00023549316,0.0005068846,4.8549326e-05,0.99773633,0.0002634824,0.00019475463,0.00012163652,0.00022095547
syn-0354,2,0,4,8,8,0.00012473146,0.00017140587,0.00012681949,6.686181e-05,0.0001464681,8.8664056e-05,0.00020761484,0.00018802285,0.99844676,0.00022279257,0.00016891332,4.0871804e-05
syn-0355,2,0,4,5,5,0.00020894947,0.00028573954,0.00017994989,0.00025389396,0.0003018748,0.9972887,0.00016740445,0.00073180237,0.00015182924,0.00014622681,9.128327e-05,0.00019249327
syn-0357,2,0,4,3,3,0.00026348047,0.0002958054,0.00027632745,0.997242,0.00031167094,0.00052373763,0.0003175079,5.951249e-05,7.619201e-05,0.00023803474,0.00016544637,0.00023026102
syn-0363,2,0,4,9,9,0.00051141065,0.00019143875,0.00017456249,0.0003886572,0.00015345025,0.0001159435,7.298197e-05,0.00022945806,0.00047912274,0.9971668,0.00019445346,0.0003217758
syn-0367,2,0,4,4,4,0.0002334313,5.930957e-05,5.1781273e-05,0.000295265,0.9977315,0.000330056,0.0002936475,0.0001795908,0.00036329296,0.00013274563,0.00014487005,0.00018456922
syn-0370,2,0,4,9,9,0.00018296999,0.00019987678,0.00015772998,0.0003074662,0.00011567981,0.00011681503,7.781558e-05,0.000226269,0.0002584704,0.9978179,0.00017846987,0.00036062908
syn-0371,2,0,4,6,6,0.00010161336,0.00015669176,0.00023672005,0.0002176512,0.00023493521,0.00017025346,0.99804926,5.7446992e-05,0.00016992127,6.902414e-05,0.00026961774,0.00026685096
syn-0374,2,0,4,8,8,0.000248287,0.00015442858,0.00012499903,8.8378285e-05,0.00028829934,0.00013575143,0.0002458141,0.00015609642,0.9981487,0.00019896914,0.00017430828,3.5988116e-05
syn-0377,2,0,4,5,5,0.00023975734,0.00027461487,0.00017661344,0.00054667046,0.00029497858,0.9971288,0.00018036083,0.0005810759,9.3068746e-05,0.00014763811,7.60347e-05,0.00026044482
syn-0379,2,0,4,3,4,0.0032968281,0.00058107293,0.00028541344,0.27034506,0.6903503,0.026585424,0.0018511598,0.000442057,0.0015504828,0.0012929492,0.0027425243,0.0006766946
syn-0393,2,0,4,2,2,0.00027563455,0.00030550957,0.99741626,0.00039992147,6.499118e-05,0.00012189474,0.00042198895,0.00030095672,0.00018577655,0.00010631848,0.00015281563,0.00024792313
syn-0415,2,0,4,1,1,0.004022224,0.90868735,0.0006789433,0.0023125904,0.0015405173,0.0028375988,0.0011281677,0.0007603804,0.045684848,0.0033779684,0.0022174902,0.026752032
syn-0418,2,0,4,0,0,0.9976532,0.0002651381,0.00020219949,0.00022711708,0.00031126704,0.0002606454,0.00015624764,0.0001943584,0.00015948503,0.00021314851,0.00020338772,0.00015382525
syn-0421,2,0,4,10,10,0.00015822687,0.00022433739,0.00014169521,0.000112144895,0.00010784868,7.625245e-05,0.00025250655,0.00011695438,0.00040691736,0.00016655066,0.9980331,0.00020346518
syn-0429,2,0,4,2,2,0.00015139203,0.00022793315,0.99782157,0.0003214324,5.098308e-05,0.00010973796,0.0002714052,0.00031540293,0.00020501751,0.00014680585,0.00016068453,0.00021760156
syn-0440,2,0,4,1,1,0.00029904168,0.9978676,0.00021340261,0.00023771935,7.1480914e-05,0.00019969163,0.00019688389,0.00013724591,0.00020462692,0.0001283026,0.00018297911,0.00026101992
syn-0444,2,0,4,5,5,0.00018906152,0.0003094351,0.00014566803,0.00026267828,0.00030871827,0.99736625,0.00054613355,0.00033064073,0.00015536598,0.000112838694,7.9702666e-05,0.00019354501
syn-0448,2,0,4,4,5,0.00020247226,0.00025966237,0.00012407135,0.00020465898,0.000606244,0.9975368,0.00031528407,0.00022681354,0.00015358216,0.00010938571,7.703765e-05,0.00018399338
syn-0453,2,0,4,1,1,0.00022893489,0.9978123,0.00019997328,0.00022983093,6.338695e-05,0.00021781215,0.00018234465,0.0001385851,0.00017012996,0.00016361239,0.00027186688,0.00032119895
syn-0454,2,0,4,11,11,0.00011271034,0.00045831027,0.00025925937,0.00041016893,0.00020760992,0.00019790942,0.0002530064,0.00020349499,5.6896137e-05,0.0003641889,0.00027130375,0.9972051
syn-0457,2,0,4,9,9,0.0002023228,0.00021007446,0.0001607554,0.00033385906,0.00011005472,0.00013709914,7.586136e-05,0.00023804556,0.0002037106,0.9977743,0.00016368608,0.00039017788
syn-0459,2,0,4,5,4,0.009057278,0.0004478633,0.0004307059,0.001279587,0.9157831,0.039535597,0.0013390328,0.002604792,0.027871147,0.00077157456,0.0003321743,0.00054712826
syn-0468,2,0,4,6,6,0.00013408084,0.00017667674,0.00025559252,0.00024979367,0.0002064552,0.00015485447,0.9979734,5.5784145e-05,0.00015922493,7.5359574e-05,0.0003045001,0.00025422336
syn-0484,2,0,4,3,3,0.0001652761,0.00025786637,0.00027510116,0.99767596,0.00035442467,0.000348568,0.0002580553,6.270111e-05,8.5869804e-05,0.00017465162,0.00014757495,0.00019407834
syn-0489,2,0,4,11,11,0.000120008095,0.00019526851,0.00029142018,0.00015774767,0.00017401495,0.00021943908,0.00029535973,0.00041113142,5.923452e-05,0.00034341883,0.00029042584,0.9974425
syn-0002,2,1,0,1,1,0.000115599076,0.9980958,0.00020754186,0.00018378213,0.00030832243,4.7907335e-05,0.00014471082,0.00023598094,0.00027796943,8.742936e-05,0.00011231635,0.00018257467
syn-0004,2,1,0,10,10,0.00013056859,0.0001606021,0.00027067054,0.00025045165,0.00014694562,0.0005917765,0.00027093504,0.0017435794,0.0003226873,0.0017469883,0.9939067,0.00045807165
syn-0011,2,1,0,10,10,0.0004092326,0.00045209538,0.00033959726,0.0003748002,0.0006001,0.012423805,0.0009491743,0.00042098787,0.004867608,0.0044018137,0.9716439,0.0031167846
syn-0013,2,1,0,6,6,6.1096674e-05,0.00017913524,9.630648e-05,0.00021814555,0.00021910631,0.00010870408,0.9981205,9.316131e-05,0.0002820602,0.00015322249,0.00021734815,0.00025126795
syn-0017,2,1,0,3,3,0.00039725396,0.00016411094,0.0002645636,0.9959777,0.00020584122,0.00118743,0.00028971626,0.00027376262,6.935335e-05,0.00034929393,0.000606915,0.000214041
syn-0018,2,1,0,3,6,7.170612e-05,0.00014741905,0.00012067294,0.00037058882,0.00021936568,0.000111931666,0.998083,9.261355e-05,0.00026152277,0.00016175013,0.00014414478,0.0002152804
syn-0025,2,1,0,8,8,0.00027848248,0.0003106649,0.0001472861,3.018714e-05,5.6177134e-05,0.0001960296,0.00023802064,7.746288e-05,0.9981572,0.00033260387,9.172034e-05,8.424956e-05
syn-0031,2,1,0,0,0,0.9979949,0.00012066229,0.0002130134,0.00022948046,0.00036498933,0.00014245287,6.670115e-05,0.00016134145,0.00028368202,4.5842986e-05,0.000112359834,0.0002645822
syn-0036,2,1,0,5,5,0.00027982605,4.156198e-05,8.911085e-05,0.00029076,0.0006400593,0.9976156,9.597616e-05,0.00017965763,0.0002499786,0.00018994167,0.00021210227,0.00011543067
syn-0037,2,1,0,8,8,0.00027468964,0.00045388285,0.00012912217,3.9514867e-05,6.2775674e-05,0.0001937407,0.00029128342,6.320627e-05,0.99788743,0.00028127237,0.00022212483,0.000101003345
syn-0039,2,1,0,1,1,0.00022733514,0.9971493,0.0001507738,0.00016334408,0.0007739622,0.00014563634,0.00012597624,0.00031370303,0.0004613085,8.8808636e-05,0.00014677859,0.00025317763
syn-0064,2,1,0,6,6,5.9893933e-05,0.00022340391,0.00010480962,0.00029244265,0.00038340103,0.00015346817,0.9977703,8.21055e-05,0.0004125613,0.00017003974,0.00018457639,0.00016304724
syn-0076,2,1,0,5,5,0.00029015495,4.4344873e-05,9.242265e-05,0.00027364216,0.00028726502,0.9979729,0.00010534402,0.0002099112,0.00029114838,0.00017754144,0.00012694512,0.00012844152
syn-0081,2,1,0,10,10,0.0001026826,0.00013756864,0.00020591087,0.00021632022,9.971795e-05,0.00021411342,0.00022870293,9.5523945e-05,0.00028636793,0.00020757652,0.99777514,0.00043041425
syn-0082,2,1,0,1,6,0.0006501559,0.10639016,0.0011500085,0.0022714841,0.0013018586,0.004091094,0.4630413,0.0025764436,0.010312666,0.004119156,0.38312572,0.020969933
syn-0083,2,1,0,0,0,0.9980313,0.00010535019,0.00016622539,0.0002728243,0.00044127268,0.00019057836,5.551565e-05,0.00017041675,0.0001642086,4.3916494e-05,0.000120784585,0.00023758427
syn-0095,2,1,0,11,11,0.00025477252,0.00022124215,0.0001603695,0.00013777542,0.00012277957,0.00014587556,0.00024269053,0.0002003642,0.00012754594,0.00030188586,0.00027259794,0.99781215
syn-0100,2,1,0,2,2,0.0002632876,0.00024054687,0.99748564,0.00032125064,0.00012285932,0.00018228496,0.00019131304,0.0003028203,0.00019748237,0.00013908195,0.00036149504,0.00019196805
syn-0121,2,1,0,9,9,4.5297278e-05,0.000100594596,0.00012816084,0.00018439046,0.00010158177,0.0002121285,0.00016067123,0.00044384418,0.00032745997,0.99773896,0.00015436519,0.00040264745
syn-0123,2,1,0,10,10,7.721779e-05,0.00031550092,0.00029213814,0.0002892726,0.00010279767,0.00013186598,0.00018424357,0.00015015512,0.00017156628,0.00020063027,0.9979183,0.00016628775
syn-0134,2,1,0,5,5,0.0002665696,3.738539e-05,0.00010122783,0.0001716906,0.0002354767,0.9971796,0.00011161214,0.00040885876,0.00041643955,0.00033053855,0.0006001375,0.00014040375
syn-0135,2,1,0,0,0,0.9980538,0.00011926356,0.00022059449,0.00023683674,0.0003882676,0.00012486514,6.3837186e-05,0.00015730575,0.00022445159,4.4958953e-05,0.000108167354,0.00025758645
syn-0138,2,1,0,4,4,0.00025206048,0.00029393414,0.00010963423,0.00015378086,0.9978523,0.00019496758,0.00044846965,0.00016514395,7.5276876e-05,0.000120999015,0.00023023326,0.000103193175
syn-0144,2,1,0,9,9,5.5170913e-05,0.00010886661,0.00012288109,0.0001842863,0.00010277131,0.00019636343,0.000145356,0.00039367424,0.000550446,0.9976624,0.00015248061,0.0003253531
syn-0148,2,1,0,7,7,0.00024385155,0.00037879279,0.00033135831,0.00018033241,0.00027443757,0.0010862168,0.00020939362,0.99454063,0.00015304612,0.0008052395,0.00073820807,0.0010584673
syn-0150,2,1,0,3,3,0.000296199,0.0032567745,0.00045164957,0.992735,0.00041123162,0.00024340884,0.0008273963,0.00029998334,0.00012084965,0.00058376486,0.00043244258,0.00034125606
syn-0151,2,1,0,10,10,0.00030862394,0.0002814172,0.00025824294,0.0004458771,0.0003144038,0.00049874943,0.0005657094,0.00026372235,0.00012947284,0.00024956543,0.98652864,0.010155552
syn-0152,2,1,0,3,4,0.00033012178,0.0002771814,0.00010360042,0.00024182096,0.9978846,0.00016116617,0.00040735374,0.00015774053,6.438982e-05,0.000116822834,0.00014531739,0.00010995946
syn-0158,2,1,0,1,1,0.000114523114,0.99802196,0.00019405088,0.000208848,0.0003655566,4.539871e-05,0.00018229394,0.00018136171,0.00030519173,9.152897e-05,9.858058e-05,0.00019076274
syn-0160,2,1,0,5,5,0.00020556095,5.4708118e-05,0.0001031105,0.00031413249,0.00017711811,0.9980269,0.000105555686,0.00019991866,0.0002800098,0.00019095009,0.00019029855,0.00015171923
syn-0161,2,1,0,2,2,0.0002383987,0.0002747304,0.9975483,0.00026465754,0.000113190414,0.00016477153,0.00018114292,0.0003139818,0.00022145381,0.00013787356,0.00035534857,0.00018616438
syn-0163,2,1,0,4,4,0.0003299767,0.00024541252,9.8974226e-05,0.00010033668,0.9981007,0.00022017439,0.00029125673,0.00018681398,9.810814e-05,0.00012215719,0.00011627897,8.976573e-05
syn-0165,2,1,0,8,8,0.00026509492,0.00041751127,0.00020206785,5.6690547e-05,7.870703e-05,0.00029386347,0.00078641943,0.000110561974,0.9955444,0.00050200353,0.001521796,0.00022095499
syn-0169,2,1,0,4,4,0.0005850054,0.00022411255,9.724051e-05,0.0001217884,0.998007,0.00019103952,0.00022853276,0.00016300632,8.140634e-05,0.000100229336,0.00011263585,8.8107234e-05
syn-0170,2,1,0,6,6,5.292066e-05,0.00022692153,0.00010160954,0.00027109266,0.00024885975,0.00010524529,0.9980117,7.3760624e-05,0.00032827628,0.00016213392,0.00022819932,0.0001892763
syn-0174,2,1,0,10,10,7.335357e-05,0.00012836292,0.0002709493,0.00019738564,0.00012520584,0.00014333909,0.00020238741,0.00015095335,8.58428e-05,0.0001231444,0.9983367,0.00016222631
syn-0175,2,1,0,11,11,0.00088662317,0.001804855,0.00029467043,0.0018962108,0.0018572663,0.0008179929,0.005373195,0.0004300009,0.00017647201,0.0011235364,0.029047213,0.9562919
syn-0176,2,1,0,10,10,7.0471666e-05,0.0001230191,0.00020837037,0.00019472107,0.0001511684,0.00015646277,0.0002464474,0.00012016936,9.506178e-05,0.0001373718,0.99829537,0.00020134411
syn-0186,2,1,0,3,3,0.0002724211,0.00019237542,0.0002272277,0.9976519,0.0002064895,0.00033516553,0.00036244458,0.0001339068,4.8878203e-05,0.0001894854,0.00020378508,0.00017593123
syn-0198,2,1,0,0,0,0.5310922,0.00058875105,0.0007559713,0.0032179179,0.08112811,0.37660077,0.00059452874,0.0013371771,0.0023081794,0.0006341099,0.0006677942,0.0010744518
syn-0203,2,1,0,8,8,0.00023101529,0.00036490505,0.0001524869,3.0723502e-05,5.5146254e-05,0.00018756208,0.00022257242,7.5008844e-05,0.9981908,0.00029981483,0.00010940399,8.070884e-05
syn-0206,2,1,0,8,8,0.0002064718,0.00029946273,0.00017348507,3.3013344e-05,5.7883666e-05,0.00024233473,0.00024483242,9.5340874e-05,0.99780995,0.000358235,0.0003635212,0.00011545316
syn-0221,2,1,0,11,11,0.00032125766,0.00026210686,0.000117479285,0.00015723886,0.00012940432,0.00013442786,0.00027792357,0.00016128235,0.00015495231,0.00033080875,0.00032381684,0.99762934
syn-0234,2,1,0,4,6,0.00011884233,0.0002184778,0.00015364328,0.0010171606,0.0013285723,0.0001699016,0.9955004,0.00011620278,0.00021456613,0.00026302034,0.00055096543,0.00034827518
syn-0237,2,1,0,4,4,0.00034477114,0.00027230397,0.00010701393,0.000102412996,0.99807525,0.00018680922,0.0002656391,0.00021412555,8.285562e-05,0.00012383562,0.00013687288,8.811326e-05
syn-0240,2,1,0,6,6,7.324488e-05,0.00021882904,9.991854e-05,0.00031288472,0.00036996437,0.00016313688,0.9978314,8.2593055e-05,0.00041959574,0.00013737503,0.0001508033,0.00014022137
syn-0241,2,1,0,1,1,0.000107321364,0.99801445,0.00018684345,0.00019600157,0.0002975233,5.79521e-05,0.00018372231,0.00021605538,0.00035704224,8.905946e-05,0.00012657903,0.00016736276
syn-0252,2,1,0,8,8,0.00025793564,0.00027095844,0.0001473625,2.9202178e-05,5.2313324e-05,0.000225856,0.00023436622,8.608179e-05,0.9981875,0.00032169258,9.687893e-05,8.977354e-05
syn-0258,2,1,0,3,3,0.0005378569,0.00028747268,0.00033184982,0.9921327,0.0007842987,0.0035607603,0.0006105142,0.00029285642,0.00013008123,0.0004904422,0.00052616774,0.0003151109
syn-0268,2,1,0,6,6,6.510253e-05,0.00015747463,0.00010786131,0.0002551701,0.00020953878,0.00010546566,0.99815,8.540869e-05,0.00031122254,0.00015151582,0.00019578905,0.00020543578
syn-0270,2,1,0,10,10,0.0002327914,0.0002676797,0.00026598593,0.0005537536,0.003652154,0.00045041842,0.0006785559,0.00016718284,8.931192e-05,0.00017014757,0.9930548,0.0004171286
syn-0271,2,1,0,2,2,0.00027071414,0.00024540725,0.99747026,0.00031178034,0.00012725346,0.0001918714,0.00015922237,0.00034926264,0.0002014726,0.00015267472,0.00033569816,0.00018443083
syn-0272,2,1,0,3,3,0.1783179,0.008421884,0.0016910757,0.6056027,0.17762269,0.011518379,0.007378049,0.002010164,0.001066548,0.0017126811,0.00202593,0.0026320093
syn-0289,2,1,0,8,8,0.017002257,0.44977018,0.0034915237,0.0004006365,0.0050536958,0.004189533,0.0015448218,0.0027701263,0.51365364,0.00047114404,0.00034268253,0.0013097934
syn-0290,2,1,0,0,0,0.9980003,9.8386095e-05,0.0001483455,0.00021001948,0.0005118693,0.00019395196,5.02998e-05,0.00019020058,0.00016189474,4.8043297e-05,0.00013252233,0.00025407513
syn-0298,2,1,0,7,7,0.0006133096,0.0006244906,0.0007869286,0.00022906518,0.00047277327,0.0037661602,0.00013839338,0.9915786,0.00020136121,0.00063154346,0.00043938405,0.00051797373
syn-0311,2,1,0,9,9,0.000987463,0.0011911079,0.00097310374,0.057055503,0.0015130715,0.0015641536,0.0045615262,0.001981141,0.0016650328,0.8583071,0.048139475,0.022061395
syn-0316,2,1,0,0,0,0.99808097,8.7002205e-05,0.00014828506,0.00020814769,0.0004327592,0.00026658265,5.266654e-05,0.00015232128,0.00020208873,4.281759e-05,0.00011236953,0.00021402224
syn-0322,2,1,0,2,2,0.0007400261,0.00020112992,0.99626005,0.000709421,0.00016082522,0.00031136404,0.00017153226,0.0005073873,0.00016351747,0.0001785396,0.00034752136,0.00024872637
syn-0326,2,1,0,1,1,0.00016423932,0.99724364,0.00026290258,0.00019192147,0.000262646,4.828899e-05,0.00022079243,0.0003020086,0.0007978264,0.00013100696,0.00012648126,0.0002482436
syn-0334,2,1,0,6,6,6.567622e-05,0.00016853098,9.9559205e-05,0.0002729524,0.00024962053,0.000105464,0.9981343,9.546506e-05,0.00027657472,0.00014164041,0.00018600108,0.00020428222
syn-0340,2,1,0,9,9,4.347922e-05,0.00010308608,0.00013236514,0.00024114968,0.00010750706,0.00019562301,0.00017733575,0.00032589174,0.00031875077,0.9977906,0.00017535532,0.00038885287
syn-0349,2,1,0,5,5,0.00018020085,5.2749612e-05,9.357832e-05,0.00013235376,0.00044091296,0.9977048,0.000121454636,0.00033522423,0.00026161523,0.00028481384,0.0001639146,0.00022846356
syn-0351,2,1,0,11,11,0.00029423105,0.00021940259,0.00014452144,0.00014969263,0.00012667083,0.00015833869,0.00020212312,0.00024096659,0.0001237365,0.0003290408,0.0002477069,0.9977635
syn-0360,2,1,0,0,0,0.99808145,9.216229e-05,0.00017336287,0.0001945368,0.00048573368,0.00017782104,6.229926e-05,0.00013481753,0.0002599945,3.9677238e-05,9.207233e-05,0.00020607466
syn-0364,2,1,0,4,4,0.004908505,0.0009502802,0.00051817426,0.00076282624,0.6339254,0.33667523,0.002433151,0.0007878099,0.0066870544,0.0007013772,0.010875381,0.000774839
syn-0380,2,1,0,4,4,0.001278129,0.00065792445,0.0004951746,0.0008750197,0.60224885,0.3888411,0.0010002801,0.0014370391,0.0007744678,0.00091254606,0.0009876615,0.0004918012
syn-0381,2,1,0,8,8,0.00021070475,0.00037940062,0.00014835793,2.8135444e-05,5.2718155e-05,0.00018749623,0.0002031777,9.743813e-05,0.99808395,0.00040783323,0.000113861104,8.6832704e-05
syn-0384,2,1,0,1,1,0.00016475204,0.9979176,0.00022507942,0.00018510007,0.00029067945,4.747964e-05,0.00015148055,0.00018783147,0.0004702525,8.1717626e-05,9.72318e-05,0.00018081223
syn-0403,2,1,0,9,9,0.00014168958,0.00018389792,0.00013284532,0.0001613412,0.00014733385,0.00035395366,0.00027218193,0.00038440072,0.007873176,0.98974353,0.00025172715,0.00035395366
syn-0410,2,1,0,10,10,8.888643e-05,0.00013706632,0.00017255043,0.00016549509,0.00013168674,0.00025353866,0.00015845719,0.00012244625,0.000121019686,0.00018202723,0.9980228,0.00044407885
syn-0427,2,1,0,5,5,0.00037467954,6.253885e-05,0.000114131406,0.00023224659,0.0018655213,0.9960664,0.00015599912,0.00024102701,0.00041075217,0.00018078553,0.0001735205,0.00012244513
syn-0439,2,1,0,6,6,0.000135714,0.00020937846,0.00013000605,0.00020333331,0.00023725689,0.00017597032,0.9964128,0.00010224241,0.0017565319,0.00019621324,0.00014631255,0.00029426347
syn-0447,2,1,0,7,7,0.00017867956,0.00035848367,0.00034660703,0.00018345349,0.00023429714,0.0004527235,0.00014107136,0.9970409,0.00014038422,0.0004990436,0.00017937888,0.00024494255
syn-0455,2,1,0,2,7,0.00022875812,0.00070432364,0.0006744536,0.00026124998,0.00037789575,0.00016253094,0.00018762083,0.9960686,0.00016158137,0.0006261708,0.00024542163,0.00030128474
syn-0456,2,1,0,11,11,0.00034281204,0.0002380394,0.00015973409,0.0006159969,0.00042528458,0.00035900093,0.00048616476,0.00016707325,8.368218e-05,0.00032967914,0.00050439104,0.99628806
syn-0461,2,1,0,2,2,0.00026671847,0.00027214512,0.997493,0.00029725555,0.000110346504,0.00015744784,0.00016597357,0.0003529539,0.00020495,0.00013148837,0.0003708674,0.00017676424
syn-0477,2,1,0,7,7,0.00038618786,0.00069571985,0.00091032975,0.00034804095,0.0005402421,0.00032047383,0.00015527397,0.9953166,0.00014220939,0.0005871435,0.0002800687,0.00031766947
syn-0481,2,1,0,9,9,4.9896866e-05,0.00010049957,0.00013563373,0.00018757465,0.00011200594,0.00021727191,0.00015710758,0.0004171698,0.00036853322,0.9977704,0.00015399363,0.00032996817
syn-0486,2,1,0,1,1,0.00011732009,0.99725074,0.00023699307,0.00015949855,0.00022958944,4.8954073e-05,0.00021006679,0.00019024342,0.0011608388,0.00010723923,0.0001056798,0.00018286599
syn-0487,2,1,0,6,6,8.43815e-05,0.0002466825,0.000109197776,0.00021296536,0.00028282288,0.00014145048,0.99776983,9.035149e-05,0.0005796069,0.00013405348,0.00014537164,0.0002033122
syn-0490,2,1,0,7,7,0.0002315489,0.00042598756,0.0004274461,0.0002104163,0.00027862022,0.00062459323,0.0001667784,0.9964742,0.00017325283,0.0005361375,0.00018192238,0.00026912653
syn-0493,2,1,0,8,8,0.00033985995,0.0002933265,0.0001570495,3.035637e-05,6.464209e-05,0.00022071956,0.00017848253,0.000106057654,0.9978886,0.00055978744,7.676437e-05,8.439155e-05
syn-0496,2,1,0,8,8,0.00022100047,0.0002827049,0.00015218821,2.9836234e-05,5.2569165e-05,0.00022344186,0.00025260623,8.335155e-05,0.9981833,0.00032371996,0.00010807581,8.718124e-05
syn-0497,2,1,0,5,5,0.00033917525,0.00012386507,9.875384e-05,0.0001399469,0.0003490885,0.9958782,9.7508055e-05,0.0004596531,0.0007362291,0.0005474531,0.0005373889,0.0006925949
syn-0499,2,1,0,11,11,0.00026446732,0.00021432906,0.00014466868,0.00015168551,0.0001260591,0.00013353558,0.00025063724,0.00019687157,0.00012804424,0.00035057616,0.0002340192,0.9978052
syn-0010,2,1,1,9,9,9.623465e-05,0.00010819952,0.00016774643,0.00020683599,6.724825e-05,0.00025410225,0.00014222559,0.0003463428,0.000591816,0.9973761,0.00022849986,0.0004147205
syn-0015,2,1,1,6,6,7.345235e-05,0.00015078805,0.000103281396,0.00023320326,0.00032931118,0.0001462916,0.99773055,9.212989e-05,0.00058427243,0.00013300503,0.00020560026,0.00021811356
syn-0024,2,1,1,2,2,0.00031093336,0.00027266145,0.9973138,0.0003616424,9.745808e-05,0.00018476241,0.00014723353,0.00040607844,0.00024471068,0.00017518598,0.00033974714,0.0001458027
syn-0038,2,1,1,5,5,0.001171912,0.00016153186,0.00051485334,0.0533956,0.0008080029,0.9409302,0.00052860915,0.00046331782,0.00038598405,0.0004965823,0.00061021047,0.0005332756
syn-0042,2,1,1,9,9,8.082504e-05,9.970818e-05,0.00015871204,0.00018410919,6.184979e-05,0.00024295413,0.00012312317,0.00038156786,0.00037132105,0.9976774,0.00021519291,0.00040331128
syn-0043,2,1,1,9,9,8.097874e-05,9.476624e-05,0.00016877418,0.00017068029,5.95353e-05,0.00025497342,0.00012061748,0.000415229,0.00038273705,0.9976242,0.00025804195,0.00036941376
syn-0045,2,1,1,9,9,0.00010771182,0.00010088989,0.0001632814,0.0002736452,6.095424e-05,0.00023943634,0.0001253145,0.00035533565,0.00045080687,0.99676657,0.0009694463,0.00038657343
syn-0049,2,1,1,8,8,0.00020175181,0.00031583486,0.00014450269,2.7324144e-05,0.00011253881,0.0001822231,0.00026919323,7.276703e-05,0.9981213,0.00033601985,0.00015217876,6.4279426e-05
syn-0051,2,1,1,3,3,0.00028140866,0.00013862885,0.0002377812,0.99715304,0.00015987277,0.00036506006,0.00035141784,0.00015816456,4.9526276e-05,0.00043921915,0.00037035655,0.00029549035
syn-0052,2,1,1,4,4,0.00069428695,0.00027235167,0.00012135797,0.00015281276,0.99691075,0.0007247697,0.0003184114,0.00027029825,0.00015015007,8.4473664e-05,0.00015890012,0.0001413287
syn-0055,2,1,1,3,3,0.00022261878,0.00018321066,0.00020984704,0.99766785,0.00016648971,0.0003181868,0.0003492466,0.00013417074,4.3051386e-05,0.00020468587,0.00027597343,0.00022469372
syn-0062,2,1,1,7,7,0.00015257637,0.0003774458,0.0009096552,0.00017037753,0.0005208429,0.00044289784,0.00014773774,0.99634105,0.00014277344,0.00043688377,0.00017272291,0.00018494306
syn-0063,2,1,1,1,1,0.00018670375,0.9979989,0.00017994618,0.00020630933,0.00024873504,3.5702695e-05,0.00018313726,0.00023633277,0.00026392197,9.269623e-05,0.00017394207,0.00019376236
syn-0068,2,1,1,10,10,0.00010203091,0.00025007484,0.00024309197,0.00016193416,0.00010243025,0.00015618748,0.00021568326,0.00011249762,0.0008056764,0.0003334253,0.997269,0.0002479471
syn-0075,2,1,1,7,7,0.0001890222,0.00038501807,0.00062197784,0.00019925767,0.00048398308,0.00031454963,0.0001477868,0.9966719,0.00012323956,0.00044564845,0.00018410335,0.00023341125
syn-0079,2,1,1,1,1,0.00016211627,0.9979031,0.00016283027,0.00019828985,0.0002641706,4.339928e-05,0.00025185803,0.00023547502,0.00023628124,8.4971645e-05,0.00020324008,0.00025432964
syn-0080,2,1,1,3,3,0.00021651198,0.00018546398,0.00023536604,0.99768484,0.00019541135,0.00031490775,0.00037302752,0.00013093698,4.4073073e-05,0.00014074951,0.00028217808,0.00019646373
syn-0087,2,1,1,5,10,0.0026368918,0.0033676992,0.00057868287,0.00043172372,0.0038568466,0.0051348144,0.0008772309,0.0037372713,0.030712783,0.0027593935,0.9305835,0.015323176
syn-0103,2,1,1,11,11,0.0002672586,0.00020341892,0.00011528374,0.00024838364,0.00016896991,0.00015124194,0.00037127835,0.00019997206,9.254267e-05,0.00047609117,0.00038635125,0.99731916
syn-0105,2,1,1,4,4,0.0030619984,0.00055947225,0.00014405316,0.00025793354,0.9945306,0.00033006314,0.0002544311,0.00023279607,0.0001369206,7.1311486e-05,0.00023008391,0.00019037408
syn-0108,2,1,1,8,8,0.00020651532,0.00066990266,0.00017070638,3.0591025e-05,0.00010919853,0.00018539051,0.00020849104,8.138755e-05,0.9977767,0.00022670199,0.00027076429,6.3757165e-05
syn-0114,2,1,1,4,4,0.00030139927,0.00034920272,0.00015188644,0.00051111955,0.9966905,0.00030930093,0.00077739276,0.00029578622,8.859458e-05,8.654229e-05,0.00024390186,0.00019436059
syn-0118,2,1,1,5,5,0.00019639988,3.98232e-05,0.00014257102,0.00024979268,0.00032495699,0.9978477,0.00013172794,0.0002291667,0.0003253142,0.0002226589,0.00013604222,0.00015385525
syn-0120,2,1,1,3,3,0.00019118807,0.00030611496,0.00030166353,0.9963475,0.00018988557,0.00019610461,0.0005357913,0.00018332589,7.428768e-05,0.0006754253,0.00066203804,0.0003366944
syn-0124,2,1,1,6,6,6.148548e-05,0.00030146225,0.000111990084,0.0005513691,0.00023012559,9.1492955e-05,0.9976292,9.1492955e-05,0.00021429127,0.0001447845,0.00028681575,0.0002855581
syn-0129,2,1,1,11,11,0.00026006973,0.00024767604,0.00014250645,0.00027846967,0.00014250645,0.0001450336,0.00031378056,0.00016140215,9.502251e-05,0.0005065879,0.00031118674,0.99739575
syn-0130,2,1,1,6,8,0.00023654835,0.00029224087,0.00017075417,3.438725e-05,0.00018176685,0.00024561133,0.00060537603,8.841324e-05,0.9975688,0.00031456375,0.00015807607,0.00010346654
syn-0136,2,1,1,6,6,5.850339e-05,0.000152638,0.00012074658,0.00037760398,0.00033124202,0.00012051099,0.9977174,0.00011037132,0.00020914139,0.00015049186,0.00037957393,0.00027177468
syn-0143,2,1,1,1,1,0.00040896577,0.99282455,0.00040966528,0.00017550793,0.00034337625,7.7881174e-05,0.000349807,0.0003000104,0.004508762,0.00013883821,0.00020200839,0.00026065353
syn-0145,2,1,1,2,2,0.00034784205,0.00025517103,0.9971794,0.00044800315,0.00010733633,0.00019984643,0.00015129459,0.00042602894,0.0002091307,0.0001761057,0.00034309778,0.00015678468
syn-0149,2,1,1,8,8,0.00021527668,0.00036947575,0.0001474885,2.9084784e-05,0.00011127582,0.0002064743,0.00020926549,6.605763e-05,0.99806577,0.00027198574,0.0002379117,7.004384e-05
syn-0153,2,1,1,4,5,0.0005035142,6.221197e-05,0.00014422402,0.0002164002,0.0027804056,0.9947383,0.00019275247,0.0002850088,0.00046921227,0.0002397672,0.00016089351,0.0002071975
syn-0162,2,1,1,9,9,7.9799494e-05,9.979818e-05,0.00015685133,0.00017912983,6.693593e-05,0.00027154465,0.00013495045,0.0003939393,0.00045320002,0.99760324,0.00020860753,0.00035202742
syn-0166,2,1,1,5,5,0.00038250978,4.7318936e-05,0.0001373236,0.00024112813,0.0012578812,0.9964843,0.00016907594,0.00027190306,0.00038419446,0.00026508622,0.00017927874,0.00017998042
syn-0171,2,1,1,6,6,0.00011248455,0.0003337734,0.0001363464,0.00028223437,0.00030316308,0.00016382396,0.9961798,0.000110848836,0.0017441573,0.00016869447,0.0001467075,0.00031794497
syn-0181,2,1,1,10,10,0.000106155945,0.00036504352,0.00026005815,0.00017399904,0.0001531044,0.00017349004,0.0012856887,0.0001347189,0.0018398663,0.00035407153,0.99491936,0.00023437006
syn-0184,2,1,1,2,2,0.0003086654,0.00028207412,0.99731725,0.0003342157,0.000100552075,0.00018057117,0.0001479547,0.00040494133,0.0002589722,0.0001690521,0.0003516903,0.00014417493
syn-0190,2,1,1,3,3,0.00041816232,0.0012588078,0.00023675409,0.9957587,0.00023308354,0.000421442,0.00039950063,0.00016043066,6.759973e-05,0.00022470219,0.00044524012,0.00037547943
syn-0196,2,1,1,4,4,0.008633282,0.0005701222,0.00023737237,0.00017640015,0.9881743,0.000529599,0.00030778322,0.0004658886,0.00036908846,0.00011322712,0.00017417486,0.0002487641
syn-0201,2,1,1,0,0,0.9981469,0.00019426478,0.00022513114,0.00019906595,0.00027365645,0.00014331183,5.2979536e-05,0.00013099762,0.0001936965,8.540843e-05,0.00011303734,0.00024153045
syn-0204,2,1,1,1,1,0.00023808841,0.99771035,0.00024319955,0.00017723492,0.00029603465,4.4943485e-05,0.00018583132,0.00026798426,0.0004312277,8.3068335e-05,0.00013345771,0.0001885735
syn-0205,2,1,1,2,2,0.00031979725,0.00027716716,0.99734616,0.00032900355,0.000101442674,0.00017908368,0.00015673437,0.00038878643,0.0002504608,0.00016265994,0.0003372994,0.0001513938
syn-0209,2,1,1,7,7,0.00017033418,0.00046516908,0.00117602,0.00022898597,0.00040207917,0.00026758102,0.00016253402,0.99608755,0.00014011309,0.00050444336,0.0002070737,0.00018817486
syn-0213,2,1,1,0,0,0.9980696,0.00021686003,0.00020921521,0.00018017874,0.0003234658,0.00016381447,5.5844033e-05,0.00011856868,0.00027120768,7.730495e-05,9.630156e-05,0.00021776196
syn-0218,2,1,1,8,8,0.0002074965,0.0003419369,0.00016877586,2.6900523e-05,0.000110092995,0.0002286706,0.00027019734,7.79153e-05,0.9981213,0.0002318184,0.0001399201,7.500363e-05
syn-0223,2,1,1,6,6,5.9696475e-05,0.00020897249,0.00012699602,0.00024974122,0.00021508026,0.00010590211,0.9973986,9.031787e-05,0.00075107045,0.0002138237,0.0002955631,0.00028424023
syn-0225,2,1,1,7,7,0.0006253756,0.0013515987,0.0004537524,0.00019269456,0.003134324,0.0006408315,0.00042006237,0.9905625,0.000283951,0.00080456806,0.00056857744,0.00096176716
syn-0232,2,1,1,8,8,0.0002749124,0.00026134838,0.00017250894,3.1202184e-05,0.00010555563,0.00022324314,0.00020546047,8.053809e-05,0.9980263,0.00044505726,0.00010493895,6.882064e-05
syn-0243,2,1,1,10,10,8.863637e-05,0.00022474404,0.00021164358,0.00025173213,7.6185795e-05,0.00012896516,0.00012708978,0.0001267799,0.00010923774,0.00022269585,0.998135,0.00029731984
syn-0251,2,1,1,10,10,9.136423e-05,0.00014938893,0.00025277332,0.00019144491,8.692532e-05,0.00013965435,0.00014873389,0.000103175975,0.00022232412,0.0002243415,0.99817324,0.00021659152
syn-0253,2,1,1,3,3,0.00019636987,0.00015617795,0.00027550975,0.99769515,0.00018949363,0.00043457674,0.00030016017,0.00014430001,4.381604e-05,0.00013789386,0.00024853798,0.00017809973
syn-0257,2,1,1,4,4,0.00037733797,0.0002612468,0.00012872803,0.00014014292,0.99727315,0.0006440712,0.00030550305,0.00032895937,0.00016740184,8.541704e-05,0.00016781103,0.00012022229
syn-0260,2,1,1,11,11,0.0003118367,0.0004659559,0.00018215938,0.00041574717,0.00024038114,0.00019164855,0.00059424137,0.0002511803,0.00010318491,0.0005046802,0.0009134117,0.9958255
syn-0273,2,1,1,0,0,0.9980743,0.0002082988,0.0002161211,0.00022363574,0.00033536885,0.00019501096,4.7672955e-05,0.00013079635,0.00015986427,7.05938e-05,0.000114138325,0.00022412765
syn-0279,2,1,1,0,0,0.99807703,0.00015715587,0.00024092464,0.0002054709,0.00026479785,0.00021797634,5.6890298e-05,0.00012671064,0.00022396418,8.515261e-05,0.00010525218,0.00023858332
syn-0291,2,1,1,1,1,0.00017893674,0.9979886,0.00018479716,0.00018219886,0.00023366253,3.676377e-05,0.00017032625,0.00025160302,0.00023161786,0.000100129655,0.0001995209,0.00024184617
syn-0292,2,1,1,11,11,0.00029444403,0.00023372188,0.00013962988,0.00022520756,0.00015335342,0.00014892581,0.00028027536,0.00021817212,9.738222e-05,0.00040385983,0.00029379778,0.99751115
syn-0293,2,1,1,0,0,0.9939733,0.0002287232,0.0004208918,0.00027941773,0.0023763783,0.0007421,0.00016603524,0.00024634457,0.0011129706,0.00010369946,9.837262e-05,0.00025169438
syn-0302,2,1,1,10,10,9.3341194e-05,0.00014080759,0.00029320412,0.00019194499,0.00010082738,0.00014288537,0.00020522425,0.00010950054,0.00024075294,0.00021339947,0.9980965,0.00017159691
syn-0318,2,1,1,11,11,0.0002671196,0.00032608546,0.00014193545,0.0003627547,0.0001564957,0.00013743427,0.0003729927,0.00017356363,8.238695e-05,0.0003530993,0.00033882697,0.9972874
syn-0352,2,1,1,8,8,0.000222195,0.00055195554,0.0001759854,2.9829529e-05,0.00010953892,0.00021201995,0.00022868923,7.289744e-05,0.997959,0.00022355533,0.00014899268,6.528106e-05
syn-0356,2,1,1,8,8,0.00023572757,0.00064030476,0.00014899854,3.365439e-05,0.00016883746,0.0002336648,0.00052477507,7.11768e-05,0.997511,0.00018992178,0.00015985209,8.208417e-05
syn-0358,2,1,1,2,2,0.00051678874,0.001067134,0.98834443,0.000510768,0.00022831805,0.00023055865,0.00025897103,0.007487379,0.00039759232,0.00036627922,0.00042344152,0.00016835118
syn-0359,2,1,1,4,4,0.00073530345,0.0003600244,0.00017177434,0.00013234862,0.9966922,0.000374549,0.00040865893,0.00041448674,0.00027570355,0.00011047348,0.00015218364,0.00017227832
syn-0373,2,1,1,11,11,0.0002867151,0.00023338242,0.00013388944,0.00023372455,0.00014748021,0.00014505204,0.00027432118,0.00018973858,9.8339e-05,0.000459682,0.0002751932,0.99752253
syn-0375,2,1,1,8,8,0.00018333067,0.0004051512,0.0001539283,2.9709514e-05,0.000100016434,0.0001741683,0.00024881546,7.751347e-05,0.99783415,0.0004394655,0.00028072568,7.295953e-05
syn-0376,2,1,1,5,5,0.00020813361,4.2971777e-05,0.00015116259,0.00021759026,0.00029165822,0.99776983,0.00012691927,0.00032295444,0.00033053235,0.000246081,0.00013133233,0.0001608332
syn-0378,2,1,1,2,2,0.0003243304,0.000273514,0.9972619,0.00033727087,0.000104961015,0.00018858079,0.00015429138,0.00043696738,0.00025562863,0.00016962149,0.00034761612,0.00014529764
syn-0386,2,1,1,10,10,0.00010900009,0.00013914121,0.00038202995,0.00022120995,0.00010657914,0.00016354863,0.00018209568,0.00012650406,0.0002572667,0.00023639841,0.99791056,0.00016563815
syn-0388,2,1,1,5,5,0.001478621,0.00012684852,0.0003850392,0.016039943,0.0009084534,0.97316223,0.00026592863,0.0057024867,0.0002292448,0.00062712014,0.0004982778,0.0005757588
syn-0391,2,1,1,0,0,0.99814355,0.00016771165,0.00026032826,0.00020558498,0.00025654267,0.00018874751,5.3918873e-05,0.000115717565,0.0002054846,8.302329e-05,0.00010484883,0.00021450646
syn-0397,2,1,1,1,1,0.00017710832,0.9979717,0.0001948957,0.0002109384,0.0002691036,3.6548365e-05,0.0001921554,0.00023220846,0.00025762815,9.4061514e-05,0.00017513042,0.00018843879
syn-0419,2,1,1,1,1,0.00017138905,0.99786144,0.00022457277,0.00024383096,0.00026341894,3.8977287e-05,0.00019511221,0.00024270252,0.00027736113,9.368445e-05,0.00021293291,0.00017451357
syn-0423,2,1,1,9,9,7.643635e-05,0.000100081976,0.00019038645,0.0001911316,6.771885e-05,0.00027425168,0.00014406253,0.00043351742,0.0004576622,0.9975134,0.00023457991,0.0003167812
syn-0428,2,1,1,8,1,0.0007157351,0.98376286,0.00043021148,0.00032648956,0.00047203366,0.00015927377,0.00038451093,0.00033521265,0.009777235,0.0002459664,0.0030377328,0.00035284704
syn-0435,2,1,1,10,10,9.208037e-05,0.00014493351,0.00026720884,0.00024053533,0.00011549466,0.00014443899,0.00017980112,0.00011337146,0.00013404159,0.00018165426,0.9981686,0.00021783673
syn-0450,2,1,1,10,10,9.801259e-05,0.00015769801,0.00030702882,0.00023155955,8.9503315e-05,0.00013944009,0.00016366002,0.00012566644,0.00016599396,0.00022271584,0.99810284,0.00019597106
syn-0458,2,1,1,6,6,5.6775534e-05,0.0001415538,0.00011592839,0.00035739533,0.00021727126,0.0001157022,0.99801105,9.762151e-05,0.0002571984,0.00014196911,0.00024837398,0.00023920907
syn-0463,2,1,1,11,11,0.0002937239,0.00022312626,0.0001469025,0.00021605029,0.00015946115,0.00016605643,0.0002815764,0.00025062275,9.872203e-05,0.00037867128,0.0002812329,0.9975038
syn-0474,2,1,1,0,0,0.9971819,0.00018783052,0.00025139964,0.0009290595,0.00031394314,0.00022381794,6.684235e-05,0.00013138317,0.00012871624,0.0001148185,0.0001660839,0.00030420985
syn-0476,2,1,1,7,5,0.00862777,0.000391302,0.0005817053,0.0007134166,0.011661066,0.92997885,0.00040848224,0.043665927,0.0010090305,0.0014645507,0.0006144033,0.0008835366
syn-0480,2,1,1,1,1,0.0009982382,0.8925969,0.00065594056,0.008733638,0.0008430672,0.0002840516,0.005330951,0.0007736419,0.0006787479,0.0011350249,0.004130517,0.08383921
syn-0488,2,1,1,10,10,9.2530405e-05,0.00017584927,0.0002311495,0.00027736617,9.41713e-05,0.00012252304,0.00013595214,0.00010014698,0.00012180723,0.00024246445,0.99816126,0.00024463478
syn-0491,2,1,1,10,10,9.7255426e-05,0.00015255666,0.000267827,0.00021072081,8.675456e-05,0.00013306229,0.00016944298,0.00011128633,0.00018838234,0.00022308236,0.99816006,0.00019945776
syn-0498,2,1,1,7,7,0.0003045782,0.0007651489,0.00046442627,0.00017835422,0.0008112223,0.00048529072,0.000322013,0.99522555,0.0004999626,0.0004161058,0.00019115937,0.00033615105
syn-0003,2,1,2,2,2,0.00024806053,0.00032686646,0.9974819,0.00027184322,0.0001221411,0.0001577539,0.000132066,0.00038994447,0.00025456387,0.00015425008,0.00033199362,0.00012862928
syn-0007,2,1,2,6,6,8.325748e-05,0.00012744938,9.5175936e-05,0.00025884138,0.00021105396,0.0004353337,0.99705684,0.00013175214,0.0009739995,0.00014813291,0.00021198348,0.00026614664
syn-0009,2,1,2,8,8,0.00012694475,0.00034397814,0.00015622098,3.0897216e-05,7.3112125e-05,0.00036567147,0.00025456413,8.415154e-05,0.99797004,0.00031741016,0.00021436448,6.2536106e-05
syn-0019,2,1,2,0,0,0.9982193,0.00017406547,0.00018913086,0.00013068768,0.0003568105,0.00012841051,3.999395e-05,0.00013068768,9.869642e-05,5.6235516e-05,0.00018982477,0.00028617206
syn-0022,2,1,2,10,3,0.00023541108,0.00045459837,0.00021486817,0.9959287,0.00027334844,0.00036363394,0.00038062021,0.0001770913,3.426373e-05,0.00029455163,0.0011706768,0.0004721308
syn-0034,2,1,2,0,0,0.9982716,0.0001416599,0.0002010446,0.00012057793,0.00031139108,0.00017458531,4.4706045e-05,0.00014305009,0.00012307624,5.7179906e-05,0.0001617017,0.00024944165
syn-0058,2,1,2,9,9,6.118601e-05,8.7644905e-05,0.000117939104,0.00016583424,0.000105926614,0.00025541088,0.00013080191,0.00034185578,0.0006369505,0.99762946,0.0001399878,0.0003269348
syn-0059,2,1,2,3,3,0.00014131774,0.0001284202,0.00023787915,0.9978073,0.00016888761,0.00037613136,0.0003330153,0.00014340306,4.6103716e-05,0.00022156541,0.00026062207,0.0001353741
syn-0061,2,1,2,4,4,0.0002365926,0.00021463257,0.000114101866,0.00019937691,0.99775547,0.00027680743,0.00039619385,0.00025179004,9.358307e-05,0.00013378997,0.00021317037,0.00011443663
syn-0065,2,1,2,11,11,0.0002817245,0.00034169646,0.00012614888,0.00016245362,0.00013272032,0.00011252833,0.00028770216,0.00018318741,8.5942105e-05,0.0004288974,0.00031582476,0.9975413
syn-0067,2,1,2,5,5,0.00021571455,3.2314583e-05,0.00010390607,0.00030588193,0.00021730032,0.99790084,0.00012472415,0.00022678555,0.00037367234,0.00021953993,0.00015318877,0.00012607119
syn-0069,2,1,2,11,11,0.00032015707,0.0004336875,0.00013519946,0.00014252045,0.00013206757,0.00012589674,0.00023809484,0.00020940101,9.4384435e-05,0.00042706152,0.00024782136,0.99749374
syn-0071,2,1,2,6,6,4.6845198e-05,0.00015518258,8.9244495e-05,0.00031871538,0.00022288656,0.00010998722,0.9981365,0.00010423554,0.00024182296,0.00012991339,0.00023114377,0.00021351225
syn-0097,2,1,2,10,10,0.00016059067,8.6210195e-05,0.00027094883,0.00020177037,0.00010439635,0.00018774952,0.00017994086,0.00013158329,0.00059608434,0.00015301238,0.9977258,0.0002018689
syn-0098,2,1,2,10,10,0.00013831,8.360302e-05,0.00019977134,0.00022269787,0.00010118976,0.0001261173,0.00022650878,0.00012568697,0.00018003827,0.00010604597,0.9982659,0.00022425278
syn-0102,2,1,2,1,1,0.00022728599,0.99742067,0.00026897143,0.00014119403,0.00021471774,3.148926e-05,0.00023651321,0.00018990456,0.0008928095,8.601566e-05,5.273459e-05,0.00023775792
syn-0112,2,1,2,4,4,0.00037864098,0.00024488717,0.00013844664,0.00011432883,0.9977894,0.00034265872,0.000262341,0.000287037,0.00014694456,0.0001232573,8.562834e-05,8.6468644e-05
syn-0125,2,1,2,9,9,5.5788583e-05,0.000119847195,0.000104328625,0.00027817726,9.0730835e-05,0.00023846103,0.00014669652,0.0002729301,0.0010444615,0.99707854,0.00024062485,0.0003295382
syn-0127,2,1,2,11,11,0.0008944351,0.016170887,0.00026967507,0.0009082987,0.0004784061,0.0001766846,0.0023490554,0.00046823744,0.000120370816,0.0003678829,0.0024212564,0.9753749
syn-0137,2,1,2,8,8,0.00012239846,0.0004182342,0.00018631667,2.8635439e-05,6.4405045e-05,0.00024577716,0.00018865104,7.860307e-05,0.9981206,0.0003204365,0.00016599691,5.9914964e-05
syn-0142,2,1,2,4,3,0.00033863072,0.00020811563,0.0002648874,0.99040306,0.0051971585,0.0014263851,0.00069959124,0.0002724963,4.8617927e-05,0.00026566457,0.00066543923,0.00020995282
syn-0155,2,1,2,4,4,0.0003029641,0.0002315263,0.00014063367,0.00014767093,0.9978376,0.00028533896,0.00033669404,0.00027886522,0.00012230402,0.00012668023,9.9724195e-05,9.000536e-05
syn-0159,2,1,2,11,11,0.00028008083,0.0003103999,0.00011966982,0.00014619359,0.00013259184,0.00012977356,0.0002892539,0.00019169928,9.625136e-05,0.00044447812,0.00031047568,0.99754924
syn-0164,2,1,2,8,8,0.00013148788,0.00028947496,0.00015493057,2.983005e-05,7.219027e-05,0.00042548557,0.0002087875,7.513935e-05,0.9979765,0.00031186244,0.00026057079,6.3769934e-05
syn-0172,2,1,2,10,10,0.0001251255,7.3773306e-05,0.00017401669,0.00020890728,0.00010267446,0.00014331707,0.0002453879,0.000109670604,0.00018352922,0.00011904631,0.9981833,0.0003312754
syn-0177,2,1,2,8,8,0.000109500004,0.0004126438,0.00016072803,3.0303301e-05,6.943272e-05,0.00024532044,0.00025874653,7.441772e-05,0.99809164,0.00031043604,0.00018195093,5.487219e-05
syn-0179,2,1,2,1,1,0.00017288406,0.9980013,0.00017509288,0.00013626262,0.00019590331,2.791418e-05,0.00021384846,0.00018180125,0.00048050517,7.41933e-05,6.13884e-05,0.00027878332
syn-0188,2,1,2,10,10,0.0001528634,8.1742015e-05,0.0001958975,0.00023868922,0.00010760536,0.00014007003,0.00018647089,0.0001317765,0.0001523418,0.00011004963,0.99821544,0.0002870719
syn-0193,2,1,2,11,11,0.0003292015,0.00038438253,0.00012355538,0.00017288508,0.00011709419,0.0001312674,0.0002101748,0.00021642336,7.095189e-05,0.0005249079,0.000442685,0.9972765
syn-0194,2,1,2,1,1,0.00025730848,0.99697673,0.00025599264,0.0001390789,0.0002407178,3.4771943e-05,0.0002790331,0.00021357677,0.0011996996,9.1701375e-05,5.6110697e-05,0.00025511917
syn-0200,2,1,2,5,5,0.00045520376,4.352888e-05,0.000120775374,0.0004898699,0.00026328294,0.9969811,0.000104114886,0.00080505054,0.00019757534,0.00025061375,0.00015599,0.00013290512
syn-0202,2,1,2,10,10,0.0001781021,7.980791e-05,0.00025564947,0.00020970193,7.880113e-05,0.00016986325,0.00016665916,0.00013004804,0.0005018221,0.00020554553,0.99770844,0.00031565604
syn-0207,2,1,2,0,0,0.9983204,0.00012386603,0.0001736586,0.000112286776,0.0002911431,0.00024083635,4.488322e-05,0.00013179035,0.00013095644,5.569466e-05,0.00015206054,0.00022254698
syn-0219,2,1,2,0,0,0.9983223,0.00014853835,0.00020567198,0.00012332313,0.00028750597,0.00016889228,4.4230626e-05,0.00013340924,0.00012711364,5.4884873e-05,0.00015445544,0.00022955575
syn-0222,2,1,2,8,8,0.0006770193,0.0003108715,0.00022622009,4.8282775e-05,0.00020051778,0.0018117977,0.0005870389,0.000152397,0.9951697,0.0005271023,0.00016623508,0.0001228137
syn-0224,2,1,2,8,8,0.00016232546,0.00032790645,0.00014213694,3.766254e-05,8.714149e-05,0.00049242616,0.0010365024,8.3803156e-05,0.99675435,0.00028301828,0.00051023276,8.258451e-05
syn-0228,2,1,2,6,3,0.00012014462,0.00013720947,0.00025224366,0.99760264,0.00022358463,0.00027839147,0.00057373795,0.00012323423,4.1238003e-05,0.00020728743,0.00029118248,0.000149085
syn-0230,2,1,2,9,9,7.986119e-05,7.90079e-05,0.00011802719,0.00014334451,0.000111636815,0.00034895045,0.0001267484,0.0004484853,0.0007000757,0.99740005,0.00015326148,0.00029059077
syn-0239,2,1,2,6,6,5.1884796e-05,0.00028553026,7.826954e-05,0.00020722214,0.00024518286,0.00011958014,0.9977755,0.00012866715,0.00052440184,0.00012854158,0.0002568867,0.00019831289
syn-0242,2,1,2,0,0,0.99826103,0.0001751812,0.00021038229,0.00013716602,0.0002941263,0.0001284786,4.3076983e-05,0.0001266103,0.0001088256,5.7571517e-05,0.00016368597,0.00029391993
syn-0244,2,1,2,3,3,0.0001765743,0.00014057125,0.00024087755,0.9973948,0.00018595405,0.00063944916,0.00033585724,0.0001440454,5.356365e-05,0.00021226253,0.00033606228,0.00013988654
syn-0247,2,1,2,3,3,0.00020031388,0.00015201917,0.0002589724,0.9975616,0.0002315753,0.0002776334,0.00037434982,0.0001476301,3.1927248e-05,0.00023660438,0.00034383737,0.00018363894
syn-0248,2,1,2,6,6,7.77343e-05,0.0001652076,0.00015309076,0.0005598973,0.0004193053,0.00015489534,0.9928895,0.0001645635,0.00016929062,0.00016122304,0.0046795295,0.0004057107
syn-0249,2,1,2,8,8,0.00015628632,0.00026682732,0.00017081085,3.4567038e-05,7.912474e-05,0.0004570578,0.00022299701,0.00010554227,0.996926,0.0004317838,0.0010628209,8.614109e-05
syn-0254,2,1,2,7,7,0.00118849,0.0013086513,0.00066044537,0.0005704526,0.0015128474,0.0005701741,0.00045016478,0.99140584,0.00021853743,0.00076538225,0.00058913574,0.0007597968
syn-0255,2,1,2,2,2,0.00026144346,0.00029280278,0.99753666,0.0002798381,0.00013187992,0.00016460876,0.00013520528,0.00036277896,0.0002348719,0.0001449125,0.00032283957,0.00013207326
syn-0259,2,1,2,4,4,0.00026121226,0.00020542866,0.00012606752,0.00017097291,0.9978719,0.00031053822,0.00032562003,0.0002658445,0.000103396946,0.00013237594,0.00013166683,9.497508e-05
syn-0264,2,1,2,0,0,0.99832183,0.00013134086,0.00019002975,0.0001197625,0.00026123438,0.00023385473,4.7965004e-05,0.00012804799,0.00014911965,5.553181e-05,0.00015168996,0.00020967721
syn-0274,2,1,2,9,9,5.930165e-05,7.2942275e-05,0.00012952671,0.00015578199,9.467127e-05,0.0002569665,0.000120850134,0.00035882636,0.00067503605,0.99759823,0.00021277284,0.00026509113
syn-0276,2,1,2,6,6,4.513661e-05,0.00012870786,8.301894e-05,0.0002854115,0.00026946454,0.00013227579,0.99809116,0.00010321788,0.00025590367,0.00012696015,0.0002663902,0.00021225521
syn-0278,2,1,2,9,9,5.675733e-05,8.790747e-05,0.000120861376,0.00023290953,0.000104494706,0.0002106218,0.00013965505,0.00031893305,0.0004669428,0.99769104,0.00014858945,0.00042128158
syn-0283,2,1,2,7,7,0.0002035528,0.00027217704,0.00049501954,0.00021001426,0.0004222771,0.0006988569,0.00017858525,0.99651474,0.00013414661,0.00044830606,0.00021923498,0.00020315564
syn-0285,2,1,2,11,11,0.00029373323,0.0003726304,0.00012800965,0.00014238732,0.00011850524,0.00011564708,0.0002560736,0.00020178115,9.9402365e-05,0.00044407885,0.00029223115,0.9975356
syn-0288,2,1,2,9,9,5.6989673e-05,8.455492e-05,0.0001252084,0.00020557872,0.000101100224,0.0002052277,0.00013237563,0.00036016383,0.00034704336,0.9978696,0.00014022674,0.00037191433
syn-0294,2,1,2,1,1,0.00017359586,0.99795985,0.0001986888,0.00016307822,0.00022500654,3.16296e-05,0.00019854333,0.00019290518,0.00040728503,8.180093e-05,5.6551293e-05,0.00031103982
syn-0301,2,1,2,3,3,0.00017151266,0.00013060743,0.00027642844,0.9971194,0.00025236778,0.0007325718,0.00042671894,0.00014372464,4.679746e-05,0.0002059766,0.0003466343,0.00014727673
syn-0305,2,1,2,1,1,0.00015707412,0.9980451,0.00020178566,0.00016017213,0.00021432828,2.6429776e-05,0.00019586408,0.00018043842,0.00038753028,8.440478e-05,6.3899e-05,0.00028307366
syn-0308,2,1,2,3,3,0.00013926333,0.00012779521,0.00024429543,0.9978116,0.00015362447,0.00032893618,0.0003611775,0.00013210965,4.407867e-05,0.00022081034,0.00028387242,0.00015242895
syn-0313,2,1,2,11,11,0.00035380706,0.0006039067,0.00016135316,0.00063645263,0.0005645545,0.0003156058,0.0037815617,0.00035780287,0.000100382334,0.00044747253,0.0018931509,0.99078393
syn-0324,2,1,2,7,7,0.0003492432,0.011475345,0.0012951432,0.00016114926,0.00042999623,0.00034416464,0.00024286052,0.9818314,0.0013163418,0.001093219,0.00060936,0.0008518156
syn-0333,2,1,2,5,5,0.00029389412,2.8446197e-05,0.00010631154,0.00032203176,0.00058504933,0.99735117,0.00015889274,0.00017665283,0.00051548553,0.0001830631,0.0001830631,9.595072e-05
syn-0335,2,1,2,3,3,0.0006749111,0.0009786391,0.000416817,0.96107846,0.0006696588,0.00086787326,0.001227788,0.00032556982,7.222004e-05,0.0019933835,0.0018680441,0.029826574
syn-0338,2,1,2,8,8,0.00018695196,0.00034999783,0.00013859214,2.4582703e-05,6.35141e-05,0.000357686,0.00017970218,8.496823e-05,0.997863,0.00050967914,0.0001676645,7.3605726e-05
syn-0383,2,1,2,2,2,0.0003003407,0.00032577806,0.9973207,0.0003004874,0.00013570506,0.00017272399,0.00015377399,0.0003715765,0.00026240989,0.00016139,0.00035410392,0.00014111094
syn-0385,2,1,2,5,4,0.00029133176,0.0001728614,0.00012921459,0.00016215057,0.99713993,0.0010045106,0.00029069235,0.000356055,0.000121030775,0.00013594572,0.00011662171,7.968458e-05
syn-0392,2,1,2,1,1,0.00017742756,0.9980635,0.00023456606,0.00017703814,0.00021284609,2.5072592e-05,0.000170964,0.00018749239,0.00029659166,8.204945e-05,6.415028e-05,0.00030814312
syn-0396,2,1,2,3,3,0.0001450907,0.0001644093,0.00039473455,0.9977884,0.00017229946,0.00029611203,0.00031142327,0.0001337944,3.432771e-05,0.00016005278,0.00026349616,0.00013583501
syn-0402,2,1,2,1,1,0.00020447478,0.9978563,0.00018279844,0.00015982936,0.00028890622,3.053377e-05,0.00014839655,0.00036040094,0.00022391466,7.317522e-05,7.601592e-05,0.00039529186
syn-0405,2,1,2,8,8,0.00013627387,0.00038641153,0.00016167125,2.7645192e-05,6.4026404e-05,0.0002834433,0.00019707081,7.875382e-05,0.9980837,0.00034096534,0.00017956649,6.061898e-05
syn-0406,2,1,2,4,4,0.0010558701,0.00027169997,0.000116060604,0.00019238211,0.99719965,0.00015534004,0.00029818557,0.00023467794,7.391684e-05,0.0001118326,0.00014946201,0.0001409561
syn-0409,2,1,2,10,10,0.00014751799,8.087267e-05,0.00019831338,0.00026313178,0.00010625323,0.00011607123,0.00017238181,0.000118707794,0.00015064803,0.00012146355,0.9982653,0.0002593618
syn-0414,2,1,2,5,4,0.00028821436,0.00018391722,0.00011430839,0.00016057219,0.9976109,0.00063693867,0.00027669978,0.0002857272,0.00011155144,0.00012852038,0.00012311497,7.948899e-05
syn-0420,2,1,2,2,2,0.00025863803,0.00028677587,0.997247,0.00029407872,0.00011606611,0.0001567953,0.00014206835,0.0005908731,0.00024125379,0.00017543104,0.00035761792,0.00013346087
syn-0426,2,1,2,10,10,0.0001395696,5.5679837e-05,0.00023732895,0.0002927582,0.00012143792,0.00020728013,0.00024969206,0.00013156242,0.00014541314,0.000118798715,0.99805474,0.00024573095
syn-0432,2,1,2,6,6,5.0596092e-05,0.00011379758,8.759313e-05,0.00045405136,0.0002525326,0.00016662886,0.9980142,0.00011137879,0.00018149319,0.000118330754,0.00023066449,0.00021870888
syn-0433,2,1,2,5,4,0.00026232956,0.0001939025,0.0001123318,0.00021140616,0.996772,0.0012693518,0.0002709874,0.00040354213,0.000114100774,0.00013523364,0.0001700356,8.47925e-05
syn-0443,2,1,2,7,7,0.00017524725,0.00035669858,0.00039977615,0.00022305285,0.0003760137,0.00021566307,0.00017748623,0.9971756,0.00011869407,0.00040320685,0.00019265949,0.00018582243
syn-0452,2,1,2,10,10,0.0001942906,0.00013069555,0.0005230041,0.00064472115,0.0002106946,0.00031382864,0.01646197,0.00031138645,0.00066049385,0.000432951,0.97944915,0.00066697557
syn-0460,2,1,2,8,8,0.00013126434,0.0013798806,0.00016464238,4.9193815e-05,8.238414e-05,0.00018802751,0.0009909831,7.1646515e-05,0.9962799,0.0003120171,0.00027761536,7.24203e-05
syn-0464,2,1,2,4,4,0.00038047376,0.00026441654,0.0001351167,0.00013995139,0.99785715,0.0001903591,0.00033518334,0.00024961217,0.00010856932,0.0001162506,0.00012435384,9.8564306e-05
syn-0465,2,1,2,7,7,0.0008114474,0.0012772093,0.001074993,0.0007976977,0.026976619,0.00097545254,0.00036861654,0.965934,0.000213756,0.00060183986,0.0006733707,0.000295037
syn-0471,2,1,2,5,5,0.00027052657,2.5615373e-05,0.00010401756,0.00019206638,0.00023049153,0.9979965,0.000113130736,0.00025644226,0.00033830304,0.00022236617,0.00013460872,0.00011592671
syn-0473,2,1,2,10,10,0.00013287093,8.28648e-05,0.00021622442,0.00021699122,9.6784206e-05,0.00012475977,0.00019356223,0.00012549294,0.00025649872,0.00013635439,0.9981858,0.0002317202
syn-0478,2,1,2,2,2,0.00026163078,0.00036778935,0.9955741,0.00037262475,0.00015082995,0.00017780789,0.00018007962,0.0019088169,0.00023810123,0.00022106952,0.00040825031,0.00013881542
syn-0495,2,1,2,2,2,0.0002399897,0.00031003944,0.99736434,0.00042150365,0.00014897663,0.00020253613,0.0001301302,0.00040328316,0.00019678459,0.00014361962,0.000314269,0.00012453542
syn-0005,2,1,3,11,11,0.00024361849,0.00033323097,9.282905e-05,0.00024373745,0.00013585918,0.00017547181,0.00030031498,0.00015891307,9.568227e-05,0.000542077,0.00019951638,0.9974788
syn-0006,2,1,3,7,9,0.0005012228,0.0014036564,0.005882265,0.000489612,0.0006153116,0.0013859492,0.0010777984,0.1709424,0.004173188,0.8091741,0.0026604224,0.0016939597
syn-0008,2,1,3,8,8,0.0001638456,0.00023289998,0.00017863602,4.514421e-05,5.4827833e-05,0.00020158275,0.00022496415,7.64935e-05,0.99825925,0.00033422522,0.0001668326,6.1284445e-05
syn-0014,2,1,3,0,0,0.9980977,0.00017285855,0.00030033628,0.00022157577,0.00039403836,0.00011696195,6.902749e-05,8.794331e-05,0.00022872101,4.6751975e-05,8.318178e-05,0.0001809774
syn-0020,2,1,3,6,6,6.9895046e-05,0.00013083643,0.0001208858,0.00030903204,0.0003130185,9.2144866e-05,0.9978927,0.000116937925,0.00030036623,0.00012918591,0.0002991587,0.00022589955
syn-0029,2,1,3,2,2,0.00029818286,0.00025359023,0.99755585,0.0002587813,0.0001340902,0.00014770134,0.0001679406,0.0004103633,0.00022865267,0.00014093761,0.00030397123,9.9988545e-05
syn-0032,2,1,3,4,4,0.00036424273,0.00035050802,0.00012648157,0.00011493806,0.997246,0.00015671863,0.0010134861,0.00018393976,0.000110426954,9.436099e-05,0.00015145254,8.744027e-05
syn-0033,2,1,3,5,5,0.00012923127,2.653848e-05,8.960334e-05,0.00023544022,0.00021053264,0.998243,6.613392e-05,0.00021068689,0.00031523296,0.00020971184,0.00011589873,0.00014809205
syn-0041,2,1,3,10,9,0.000102897044,0.00021299484,0.00030809516,0.0005637758,0.00013251007,0.00042795663,0.00026378522,0.00068805955,0.001284837,0.98628205,0.008319081,0.0014138762
syn-0044,2,1,3,2,2,0.00025787196,0.00029467882,0.99745387,0.00026579798,0.00012189933,0.00014804726,0.00017006884,0.00052269915,0.00022404302,0.0001369882,0.00031177522,9.228441e-05
syn-0046,2,1,3,8,8,0.00087500934,0.00076730683,0.00050815044,0.00030521356,0.0003824499,0.0012118678,0.0008320908,0.00068982743,0.731068,0.26067036,0.0009728126,0.0017169534
syn-0050,2,1,3,4,4,0.00028911725,0.00024917378,0.00013603688,0.00013933092,0.9978085,0.0002062196,0.0005417268,0.00019938752,6.914241e-05,0.000110813424,0.00013777491,0.000112778536
syn-0053,2,1,3,10,10,8.4504405e-05,0.00013871331,0.00027131822,0.00018345147,0.00013932421,0.0001403484,0.00022611793,0.00012778868,0.00014558338,0.00013980124,0.99824786,0.00015527569
syn-0054,2,1,3,5,5,0.0001309425,2.5421574e-05,9.850334e-05,0.00027944765,0.0001907995,0.99821424,6.6390836e-05,0.00023733791,0.00027094915,0.00020519835,0.00013830284,0.00014248418
syn-0057,2,1,3,8,8,0.00019799809,0.0004415056,0.00018437438,5.6176123e-05,9.537235e-05,0.00027010328,0.00044151573,0.00010796554,0.9961916,0.00028010967,0.0016401045,9.325407e-05
syn-0072,2,1,3,0,0,0.9981305,0.00019317384,0.00024629018,0.00016713719,0.00040162713,0.00012450943,7.3841475e-05,0.00010014389,0.0002097394,5.0552597e-05,9.1807495e-05,0.00021071457
syn-0073,2,1,3,11,11,0.00028978675,0.0003959948,9.3736075e-05,0.00022213295,0.0001433498,0.00014935163,0.00042053848,0.00015976216,0.000103049526,0.00035884493,0.00022673544,0.9974368
syn-0074,2,1,3,5,5,0.0021506583,0.00018049176,0.0003646034,0.08012861,0.00078402046,0.9116659,0.00037654466,0.00073436444,0.00080457487,0.0012013401,0.0006123872,0.0009964323
syn-0091,2,1,3,4,4,0.00031568564,0.00023903856,0.000116668874,9.714788e-05,0.99803036,0.00024061947,0.0003842273,0.000188174,8.682805e-05,9.7718774e-05,0.000109975525,9.3608855e-05
syn-0093,2,1,3,5,5,0.00010382319,2.6637976e-05,9.715262e-05,0.0004415093,0.00021601663,0.99807906,0.0001260937,0.00020100582,0.00020278025,0.00019837322,0.00015314133,0.00015441781
syn-0101,2,1,3,3,3,0.00018038115,0.00015918583,0.0002892352,0.9977283,0.00013457255,0.00029429246,0.00035200705,0.00019314313,5.6814908e-05,0.00017525879,0.00022913927,0.00020761746
syn-0111,2,1,3,3,3,0.00018037317,0.00015278204,0.00023467735,0.9976841,0.00012865537,0.00037806993,0.00035753456,0.00018501161,5.7932917e-05,0.00017219735,0.00024557972,0.00022294876
syn-0113,2,1,3,11,11,0.00029523775,0.00035931237,9.2651535e-05,0.00018327254,0.00014224579,0.00016047881,0.0003008404,0.00013168438,0.00012358527,0.00045390858,0.00023926601,0.9975177
syn-0122,2,1,3,3,3,0.0002444416,0.00012874878,0.00022862472,0.99743396,0.00014167931,0.00070904416,0.00027557212,0.00017597871,6.0697952e-05,0.00015155505,0.00021550838,0.00023416069
syn-0133,2,1,3,2,2,0.0002679469,0.00029953735,0.9974496,0.00027127092,0.00012843685,0.000143983,0.00016833318,0.0004960892,0.00023177554,0.00013559012,0.0003134721,9.3920535e-05
syn-0140,2,1,3,11,11,0.00028640905,0.0002874598,9.871486e-05,0.0002576773,0.00014574871,0.00019766456,0.00026263128,0.00015805429,9.437853e-05,0.000575463,0.00020453746,0.99743134
syn-0141,2,1,3,2,2,0.00030934368,0.00026955103,0.9975587,0.00025118786,0.00012745129,0.00015010101,0.00016695992,0.00038536062,0.00024115252,0.00013686887,0.000302824,0.00010057642
syn-0146,2,1,3,10,10,7.531342e-05,0.00013083074,0.0002412375,0.00018504223,9.618633e-05,0.00013670835,0.00020870996,0.00011201481,0.00014159999,0.00015221159,0.9983367,0.00018342302
syn-0154,2,1,3,1,1,0.0001581035,0.9982292,0.00017968038,0.00012778629,0.00023242434,3.0426098e-05,0.000100496705,0.0002605215,0.0002149705,6.466415e-05,0.00012986202,0.00027193068
syn-0178,2,1,3,9,9,0.00015509326,0.000269026,0.00019856113,0.0009277136,0.00023464864,0.00050358934,0.00029953456,0.0006442578,0.0004582995,0.9730272,0.00048785727,0.022794195
syn-0187,2,1,3,3,3,0.00021662294,0.00013378372,0.00027551354,0.9977088,0.00015398413,0.00040329012,0.0002930679,0.00018710572,6.0655417e-05,0.0001612952,0.0002279074,0.00017792832
syn-0189,2,1,3,10,10,9.252957e-05,0.0002059384,0.000191862,0.0002510307,0.00014109074,0.00012947214,0.00020033465,9.868979e-05,0.00010372944,0.0001318325,0.9981522,0.00030134426
syn-0191,2,1,3,4,4,0.00052516715,0.00029115996,0.00012713629,0.0006999929,0.9965519,0.00041547944,0.00079494057,0.00015501188,5.7193e-05,7.8021025e-05,0.00020445691,9.949848e-05
syn-0192,2,1,3,5,5,0.00011716489,3.1688858e-05,9.341199e-05,0.00057305663,0.00024081794,0.9978787,8.8527115e-05,0.00021434485,0.00019241915,0.00021102175,0.00019270122,0.00016628114
syn-0211,2,1,3,0,0,0.9981736,0.00021196202,0.0002426007,0.0002186904,0.00036570145,9.444876e-05,7.362864e-05,8.942229e-05,0.00018143356,4.4745335e-05,8.516085e-05,0.00021863703
syn-0215,2,1,3,10,10,8.2840306e-05,0.0001766621,0.0002402923,0.00017477454,0.000108096894,0.00015303769,0.0002629127,0.00010958494,0.00048374754,0.00017692108,0.9978908,0.00014036673
syn-0217,2,1,3,6,6,8.313889e-05,0.00034225345,0.00011464056,0.00033534702,0.00020748588,7.488999e-05,0.99758303,0.00018017886,0.00040868417,0.0001483559,0.00021914879,0.00030284986
syn-0233,2,1,3,8,8,0.00018497756,0.00023037696,0.0001761194,4.703301e-05,5.7289384e-05,0.00020671033,0.0002238348,8.238444e-05,0.99823135,0.00033923046,0.00015603314,6.4854015e-05
syn-0267,2,1,3,4,4,0.00054764794,0.00021683119,9.332626e-05,9.323516e-05,0.99793684,0.00022284196,0.00033706683,0.00015937464,7.3611176e-05,8.053087e-05,0.0001426534,9.610088e-05
syn-0269,2,1,3,10,10,7.740038e-05,0.00012742485,0.00020970374,0.00015862151,0.00010605238,0.0001357093,0.00024845623,0.000116817486,0.00014291826,0.00014985021,0.99832624,0.00020076131
syn-0275,2,1,3,0,0,0.9979183,0.00022088786,0.00020398886,0.00015921614,0.00078368926,0.00011400909,6.1804334e-05,9.2507886e-05,0.00014167892,3.3733955e-05,8.8790366e-05,0.00018134288
syn-0282,2,1,3,7,7,0.0084267305,0.0016425945,0.0009249054,0.00032833908,0.004506101,0.0015423214,0.00029954064,0.9806786,0.00033253405,0.0005031079,0.00040742918,0.0004078273
syn-0284,2,1,3,0,0,0.9981376,0.00021592382,0.00019459527,0.0001433805,0.0004419666,0.000101028665,7.199071e-05,8.599348e-05,0.00026478159,4.93337e-05,8.607749e-05,0.0002073986
syn-0295,2,1,3,10,10,0.00038659264,0.0025025045,0.00039344825,0.0039659333,0.0006093846,0.00040475014,0.0050477986,0.00029699036,6.659186e-05,0.00035337426,0.97899866,0.006974038
syn-0297,2,1,3,11,11,0.00029726065,0.00034541817,9.969146e-05,0.00020767341,0.00015290464,0.00017479318,0.00029762372,0.00014647367,0.0001010638,0.00044624112,0.00022085142,0.9975101
syn-0299,2,1,3,1,1,0.00014881032,0.9981987,0.00019517815,0.00013823318,0.00020931891,3.1329713e-05,0.00012074586,0.00034029773,0.00022989184,6.261155e-05,9.927435e-05,0.0002257207
syn-0303,2,1,3,7,5,0.00011526747,2.6226926e-05,0.000106085725,0.00019583736,0.0002425956,0.9981527,6.529373e-05,0.0003161389,0.00029721623,0.00023680239,0.000118520664,0.00012727836
syn-0306,2,1,3,5,5,0.00020259505,3.876046e-05,0.00012659517,0.00021788408,0.0010471081,0.99619424,7.960901e-05,0.0012612045,0.00029048757,0.00024629294,0.00013462832,0.00016065766
syn-0307,2,1,3,3,3,0.00026120714,0.00017978802,0.00016709062,0.9973652,0.00017476779,0.00030463742,0.00050064,0.00017391653,8.312073e-05,0.00021814018,0.00023690457,0.00033457874
syn-0310,2,1,3,10,10,7.582039e-05,0.00014650487,0.00020029729,0.00022046744,0.00012759677,0.00012223022,0.0002267727,0.000110156536,9.110029e-05,0.00017585783,0.99820983,0.00029334033
syn-0325,2,1,3,4,3,0.00023003656,0.00013490175,0.00018765873,0.9972433,0.00028081643,0.0006572359,0.0004069926,0.00017985384,6.1642015e-05,0.00017028219,0.0002275787,0.0002197169
syn-0327,2,1,3,1,1,0.0004794063,0.96886116,0.00035539578,0.0001933197,0.0003177979,0.0001418507,0.00047800384,0.0003481816,0.027270589,0.00023778732,0.00081953924,0.00049704534
syn-0329,2,1,3,8,8,0.00017558508,0.00017252559,0.00016510807,4.718891e-05,6.356166e-05,0.00023673748,0.00021996436,9.4397845e-05,0.9976355,0.00090352824,0.00019331387,9.275301e-05
syn-0336,2,1,3,0,0,0.99807465,0.00019482066,0.0003356659,0.00018544588,0.00035212925,0.00011492129,6.99078e-05,0.00010566388,0.0001780805,5.4817698e-05,9.848957e-05,0.00023522819
syn-0343,2,1,3,8,8,0.00035462345,0.00039253235,0.00026020926,0.00013033133,0.000243967,0.00070732215,0.000676251,0.000401841,0.9503743,0.043846026,0.0016493984,0.0009632607
syn-0345,2,1,3,7,7,0.014746705,0.007025628,0.0040384205,0.0025519794,0.017043946,0.025642274,0.0063533275,0.8152304,0.0052980455,0.02025007,0.014639092,0.067180105
syn-0346,2,1,3,6,6,7.6538076e-05,0.000161952,0.0001275528,0.00036212016,0.00023272297,7.586832e-05,0.997866,0.0001171634,0.0002886754,0.00013134499,0.00030819498,0.0002519409
syn-0348,2,1,3,9,9,0.00020653565,0.00020937878,0.00024526715,0.00028395973,0.00019101426,0.00066605455,0.0004447725,0.0005106817,0.046785314,0.9489299,0.0007521634,0.0007749037
syn-0366,2,1,3,9,9,8.999317e-05,0.00010823494,0.0001079183,0.0007985833,0.00010919041,0.00027801178,0.00014837367,0.0004044554,0.00038428867,0.9957558,0.00022306177,0.0015920546
syn-0368,2,1,3,9,9,5.9809114e-05,8.1510225e-05,0.00011206598,0.00020946906,9.436902e-05,0.00024133296,0.000115623334,0.00041326147,0.000509283,0.9973308,0.00019137675,0.0006411275
syn-0369,2,1,3,6,6,8.146791e-05,0.00019268352,0.00011124474,0.00052261853,0.00019667583,0.00010771685,0.997787,0.0001674881,0.0002596641,0.000110271285,0.00023903865,0.00022417256
syn-0372,2,1,3,1,1,0.00019888843,0.9979875,0.00018188755,0.00027935006,0.00020510168,2.758859e-05,0.00011873272,0.00031423513,0.00015837424,7.1979885e-05,0.00013395185,0.0003223159
syn-0382,2,1,3,0,0,0.99822074,0.00017611754,0.00025410022,0.00019437406,0.00036706048,0.00010353416,7.313049e-05,9.226521e-05,0.00017321785,4.8763006e-05,9.163664e-05,0.00020494935
syn-0399,2,1,3,8,8,0.00014768123,0.00026478508,0.00015446662,4.5172383e-05,6.5789645e-05,0.00019727662,0.00035975993,7.204441e-05,0.99790716,0.00029743343,0.00041743074,7.0996764e-05
syn-0401,2,1,3,11,11,0.000277321,0.00074142514,8.505439e-05,0.00026109206,0.00013738444,0.00012969246,0.00041595259,0.00017443509,7.94344e-05,0.0003869539,0.00038539828,0.9969258
syn-0407,2,1,3,6,6,0.0010830808,0.001545393,0.0010016859,0.4455639,0.0017324492,0.0020333657,0.5395562,0.0013205544,0.0007137784,0.00079705537,0.0022717083,0.00238073
syn-0408,2,1,3,4,0,0.684623,0.009760856,0.00085832505,0.00089951704,0.009861457,0.0019647258,0.0014600602,0.0026373807,0.2853933,0.0007731637,0.00028806497,0.001480159
syn-0411,2,1,3,2,2,0.0003070028,0.0002839832,0.99747014,0.00024095454,0.0001293205,0.00014127,0.0001597675,0.00047954643,0.00024492835,0.0001427957,0.00030660955,9.3647715e-05
syn-0413,2,1,3,9,9,6.7779576e-05,0.00010095738,0.00011417648,0.00020146515,9.577139e-05,0.0002231105,0.00011174963,0.00045196275,0.00050009403,0.99743336,0.00017358904,0.0005261453
syn-0416,2,1,3,2,2,0.00029998738,0.00028543,0.99754685,0.00025613903,0.000122029815,0.00014944107,0.00016582051,0.00038294107,0.00024120855,0.00013834544,0.00031193753,9.998764e-05
syn-0417,2,1,3,7,7,0.002446312,0.00082357356,0.00040492092,0.00060136354,0.0020205271,0.002401047,0.0037573718,0.9822854,0.00035490704,0.0010421117,0.00089747953,0.002965078
syn-0422,2,1,3,1,1,0.00014025472,0.99806875,0.00021633104,0.00016680076,0.00026124786,3.21312e-05,0.00013660493,0.00035762874,0.00014944626,6.340324e-05,0.00016469657,0.0002427974
syn-0425,2,1,3,5,5,0.00018863234,2.840978e-05,8.879957e-05,0.0003127582,0.00042498577,0.9980217,6.922475e-05,0.00016079526,0.00028932028,0.00014726611,0.00012738598,0.0001407283
syn-0430,2,1,3,1,1,0.00096622825,0.9834432,0.00029833862,0.010547655,0.0009406251,0.0003030368,0.00042818583,0.0009218689,0.00026716798,0.00020949787,0.00041057766,0.0012636652
syn-0431,2,1,3,3,3,0.00026262182,0.00014408065,0.0002754942,0.99763894,0.0001469224,0.0002817521,0.00032691794,0.00019712732,6.4625914e-05,0.00021387522,0.00023102853,0.00021660776
syn-0436,2,1,3,6,6,7.587086e-05,0.00014942088,0.00011716732,0.00041095584,0.00022480071,7.935683e-05,0.9978993,0.00012006306,0.00026669685,0.00012327087,0.00029080725,0.0002422973
syn-0437,2,1,3,3,3,0.00019699436,0.000117114905,0.00018954015,0.9974529,0.00014746992,0.0007146189,0.00027780657,0.0001751249,5.894661e-05,0.00018219,0.0002554904,0.00023177631
syn-0445,2,1,3,6,6,8.783162e-05,0.0001490423,0.0001224194,0.0002798106,0.00030081655,8.64699e-05,0.997804,0.0001261821,0.0004880947,0.00012679974,0.00020803913,0.00022048545
syn-0449,2,1,3,11,11,0.0002830416,0.0003201023,0.00010346632,0.00023649007,0.0001419752,0.00017033741,0.0003177664,0.00017042061,8.527546e-05,0.00038952567,0.00021490651,0.9975667
syn-0451,2,1,3,8,8,0.0001794869,0.0002952586,0.00012341967,3.801026e-05,5.8299327e-05,0.00022147446,0.00020413149,8.994374e-05,0.9981286,0.00039957248,0.00018736733,7.449319e-05
syn-0469,2,1,3,9,9,5.9938677e-05,9.512921e-05,0.000115987015,0.00018863358,9.457345e-05,0.00020941095,0.00011655475,0.00044234996,0.00047806086,0.99754107,0.00021229366,0.00044609155
syn-0472,2,1,3,8,8,0.00019643072,0.0002299313,0.00015512417,4.5231965e-05,5.3348347e-05,0.00018858301,0.00021584232,7.363413e-05,0.9982481,0.00037330645,0.00015331691,6.7175715e-05
syn-0482,2,1,3,1,3,0.0013605824,0.031778555,0.0006738661,0.9581858,0.0012288836,0.00033784987,0.002960922,0.0008308955,0.00025378028,0.00037433108,0.00095588807,0.0010585883
syn-0485,2,1,3,10,10,7.784754e-05,0.00019089525,0.00023533605,0.00016883505,8.4585256e-05,0.000153989,0.00016181305,0.00012361286,0.00023062935,0.00018421073,0.99822766,0.00016059303
syn-0492,2,1,3,6,6,6.92856e-05,0.00018361595,0.000117284675,0.000302104,0.00028943317,7.7672e-05,0.99792385,0.00015697838,0.0002638538,0.0001248489,0.00021826239,0.00027276165
syn-0016,2,1,4,9,9,9.0023605e-05,0.00012352926,0.00015076115,0.00028665373,7.745377e-05,0.00028679371,0.000121851874,0.00029237883,0.00047269865,0.9970656,0.0004238969,0.0006083293
syn-0023,2,1,4,1,1,0.0002352508,0.9976834,0.00015443198,0.00025824635,0.00033476722,4.582868e-05,0.00021036326,0.00023965657,0.00031419692,0.00011634392,0.0001491699,0.00025843558
syn-0026,2,1,4,10,10,0.00011612831,0.00016217565,0.00029963697,0.0001897878,0.00011178861,0.0001872107,0.00038370964,0.00012885653,0.00017322616,0.00021131049,0.99778134,0.00025482688
syn-0027,2,1,4,4,4,0.0007876489,0.00020921633,0.00012055418,0.0001872658,0.9951552,0.0022198283,0.00034250587,0.00038144045,0.00016786398,0.00010912456,0.00012946212,0.00018984365
syn-0035,2,1,4,9,9,0.0001620706,0.0003974244,0.0002951966,0.0013415186,0.00014771115,0.0004958117,0.00026694845,0.00048079184,0.0007224592,0.98744476,0.00685785,0.0013874862
syn-0040,2,1,4,4,4,0.000442655,0.0003607777,0.00012748245,0.0002187693,0.99731547,0.00028505042,0.00046071,0.00023470519,8.2954415e-05,8.8304514e-05,0.0002118315,0.00017129528
syn-0048,2,1,4,11,11,0.00037438038,0.0007248153,0.0001470396,0.0012282204,0.0003146447,0.0006977291,0.00061364274,0.0002593257,0.00018788295,0.0086297225,0.0009829953,0.9858395
syn-0056,2,1,4,8,8,0.0002519586,0.0007322774,0.00018569194,4.8110633e-05,5.483686e-05,0.00020374365,0.000342887,0.00014314172,0.997449,0.00025736753,0.0002531301,7.793889e-05
syn-0070,2,1,4,2,2,0.00023733647,0.0002640579,0.996747,0.00045079802,0.00013391607,0.00019323603,0.00022724344,0.0006120075,0.00029022334,0.00015972965,0.00054739584,0.00013709179
syn-0077,2,1,4,2,2,0.00023762943,0.00029400687,0.9965166,0.00049789913,0.00015185993,0.00021415683,0.00023821031,0.0007308788,0.00025769253,0.00018982509,0.00052437984,0.0001469005
syn-0084,2,1,4,5,5,0.0003364231,5.197141e-05,0.00013142393,0.0011303511,0.0002503749,0.9965174,0.0001542515,0.00023509063,0.00033185486,0.00033724544,0.00022432505,0.00029936704
syn-0085,2,1,4,3,3,0.0005037807,0.015369033,0.0009569419,0.97530013,0.0015625887,0.0005248732,0.0023448647,0.0003993025,0.00037037794,0.00053942326,0.0011141447,0.001014688
syn-0086,2,1,4,10,10,0.00012785138,0.00018529744,0.0003305723,0.00022400302,0.00011321475,0.00019724808,0.00022036872,0.0001505722,0.00014636776,0.00021573738,0.9977628,0.00032599954
syn-0090,2,1,4,5,5,0.0007304978,4.880905e-05,0.00011238158,0.0002325141,0.002892704,0.9942965,0.00017440031,0.00049187196,0.00035837074,0.00027828297,0.00019474768,0.00018894035
syn-0094,2,1,4,1,1,0.00018180012,0.9967776,0.00022825124,0.0003772886,0.00028144012,4.9507627e-05,0.00039414217,0.00034022832,0.00035538297,0.00014650912,0.00019277076,0.0006749749
syn-0106,2,1,4,10,10,9.949135e-05,0.00021853275,0.00033900252,0.00020584458,9.1655726e-05,0.00018560223,0.0003719183,0.00014057959,0.00036601815,0.00032667784,0.997454,0.0002005859
syn-0107,2,1,4,10,10,0.00012879407,0.00015726336,0.00030866876,0.000202869,0.00012386004,0.00021748731,0.00023435747,0.00013056703,0.00014431296,0.000213437,0.9977848,0.00035366372
syn-0109,2,1,4,3,3,0.00017691177,0.00025341442,0.00032348954,0.9949191,0.00028201484,0.00097404903,0.0005302282,0.00019166121,8.8956825e-05,0.00076132687,0.0009045948,0.00059426244
syn-0117,2,1,4,6,6,6.74366e-05,0.00020600225,0.0001555746,0.00048260836,0.0005146755,0.00012910189,0.99724364,9.244534e-05,0.00026593666,0.00012672853,0.00034862963,0.0003672387
syn-0119,2,1,4,6,6,6.6921646e-05,0.00016791275,0.00014460855,0.00034655927,0.0003855073,0.0001657945,0.99739045,0.000109905006,0.00032453064,0.00012749202,0.00043376835,0.00033663562
syn-0128,2,1,4,2,2,0.0002458155,0.00027536746,0.99669325,0.00048633284,0.00013910724,0.00019069492,0.00023836888,0.00063418143,0.00028921742,0.0001590207,0.0005074685,0.00014115997
syn-0139,2,1,4,1,1,0.00022198024,0.99772495,0.00017784434,0.0002688401,0.00032882608,4.00523e-05,0.0001981093,0.00023727948,0.0003045056,0.00011544333,0.00014332122,0.00023884876
syn-0147,2,1,4,0,0,0.9974444,0.0003226521,0.00019074546,0.00016981829,0.00068255444,0.00019121173,7.502598e-05,0.0001641922,0.00025642553,0.00011001833,0.00015409374,0.00023889821
syn-0156,2,1,4,6,6,6.932792e-05,0.00017798849,0.00015239036,0.0003823385,0.000328572,0.00014691062,0.99755895,0.00011701303,0.0003513893,0.00012590497,0.00026712712,0.00032202026
syn-0167,2,1,4,0,0,0.9976792,0.00027834484,0.00023444711,0.0001601916,0.00045846516,0.00020398977,6.839477e-05,0.00020063117,0.00026154463,8.850941e-05,0.00014692832,0.00021938403
syn-0168,2,1,4,1,1,0.0002678073,0.99741673,0.00018962585,0.0003267853,0.0004910122,4.0432853e-05,0.00021455971,0.00027752534,0.00025392656,0.00011317548,0.00020324026,0.00020513455
syn-0173,2,1,4,8,8,0.00026677977,0.00033897857,0.00016930664,4.2640535e-05,5.4591364e-05,0.00024936523,0.0003630901,0.00011289274,0.997844,0.00028388164,0.0001943007,8.0131154e-05
syn-0182,2,1,4,6,6,6.712599e-05,0.00019019982,0.00014762233,0.0003589148,0.0003787195,0.00015365292,0.9975091,0.000113407244,0.00034842463,0.00012516316,0.00028966626,0.0003180585
syn-0183,2,1,4,4,4,0.0013984144,0.00023894863,0.00019964905,0.0003625784,0.97264266,0.022963889,0.00057685806,0.00046465153,0.00028682314,0.00019483383,0.00029305203,0.000377759
syn-0185,2,1,4,7,7,0.013793314,0.004099254,0.47775874,0.0018004761,0.0009386467,0.0014839268,0.0023899067,0.4833904,0.002541559,0.0066808076,0.0020723355,0.0030507727
syn-0195,2,1,4,4,4,0.0005221862,0.0002122999,0.00011891513,0.00033253015,0.99611026,0.001422051,0.00045249416,0.00019226581,8.993734e-05,0.00010361839,0.00022732014,0.00021617027
syn-0197,2,1,4,11,11,0.0003093462,0.000284427,0.00010896252,0.00029909748,0.00031994606,0.00031101218,0.00040022595,0.00016582382,0.00011689971,0.00079691666,0.00029431668,0.99659294
syn-0208,2,1,4,8,8,0.00030005412,0.00029089345,0.00016980097,3.874834e-05,5.6213572e-05,0.00027981782,0.00026395777,0.00013000035,0.99782974,0.0003861718,0.0001766513,7.781651e-05
syn-0210,2,1,4,0,0,0.6928638,0.0023351694,0.0006634257,0.00066602224,0.29916334,0.0009704773,0.00039770003,0.00093102304,0.00044933488,0.00027120786,0.00051971275,0.00076883606
syn-0226,2,1,4,6,6,7.1594724e-05,0.00022741647,0.00015683605,0.00035184278,0.00034757395,0.00013759872,0.9975061,0.000110888075,0.00035416972,0.0001271338,0.00029646218,0.0003125155
syn-0229,2,1,4,7,7,0.0015211954,0.0005563471,0.0019094045,0.0003478133,0.0020177178,0.0608233,0.00033711217,0.9275831,0.0011021148,0.0026977297,0.0006671621,0.0004371085
syn-0236,2,1,4,11,8,0.004486413,0.0010890242,0.00042191136,0.00033116198,0.0008415327,0.0023065903,0.0010150822,0.0010432212,0.89708376,0.08134983,0.0005778119,0.009453782
syn-0246,2,1,4,8,6,0.00020172086,0.0021528774,0.00020731275,0.0004320769,0.00063082064,0.00024619,0.9894769,0.00021853867,0.005336234,0.000219394,0.00030370732,0.0005742285
syn-0250,2,1,4,11,11,0.00030655472,0.00032410264,0.00013669867,0.0002601696,0.00022417073,0.00024179531,0.00036493255,0.00022220911,0.00011477508,0.0006550251,0.00034475286,0.99680483
syn-0261,2,1,4,5,5,0.00034914023,5.6828845e-05,0.00012806577,0.0003020082,0.0025747833,0.9940823,0.0006183205,0.00019112632,0.0008675126,0.00028232852,0.00026782585,0.00027972137
syn-0262,2,1,4,10,10,0.00013248468,0.00016625419,0.00038167613,0.00021928523,0.00011343086,0.00019791431,0.00021816383,0.00014750895,0.00019399157,0.00027400645,0.9977169,0.00023838079
syn-0263,2,1,4,0,0,0.9963378,0.00041955622,0.00018969839,0.00014773726,0.0017090237,0.00017171327,8.150862e-05,0.00022560265,0.00022659622,9.399926e-05,0.00016257486,0.00023424622
syn-0265,2,1,4,3,3,0.00017659503,0.00027795866,0.00033882045,0.99702483,0.000286642,0.0003859074,0.0003959279,0.00017990227,6.547521e-05,0.00029646393,0.00027112232,0.00030039824
syn-0280,2,1,4,0,0,0.99749655,0.00036554263,0.000259082,0.00016428098,0.00046796442,0.00017124275,7.131491e-05,0.00020505083,0.00033860857,9.041501e-05,0.00015977173,0.00021022119
syn-0281,2,1,4,10,10,0.0017923032,0.0010222213,0.0013423731,0.0006032849,0.0014233777,0.008377032,0.0047359443,0.0007626236,0.2990734,0.004779211,0.67397225,0.002115978
syn-0286,2,1,4,8,8,0.0005187533,0.0014659326,0.00044960174,0.0001844261,0.00018388657,0.00068824395,0.017654963,0.00023611504,0.9771976,0.00042880353,0.0007461703,0.0002455208
syn-0296,2,1,4,3,3,0.00019591975,0.00022017097,0.00032254425,0.9968675,0.0003067237,0.0006068735,0.00034926474,0.00018961399,6.7017325e-05,0.00030508067,0.0002796845,0.00028955063
syn-0300,2,1,4,10,10,0.00013856948,0.00017220006,0.0004019932,0.00020690313,0.00011232661,0.00020339723,0.00021912092,0.00016019492,0.00021519775,0.00026059398,0.9976998,0.00020975129
syn-0304,2,1,4,1,1,0.00020973822,0.9976376,0.0001584734,0.00031316778,0.00033148858,4.441664e-05,0.00022055635,0.00023102824,0.00032480928,0.00011509554,0.00014302904,0.0002705944
syn-0312,2,1,4,11,11,0.00079131854,0.0004332893,0.0001783433,0.00023951886,0.00027220673,0.0005712191,0.0008961342,0.00031208657,0.0023423398,0.0011594716,0.0005506788,0.99225336
syn-0314,2,1,4,8,8,0.00026860076,0.00035004359,0.00019565083,4.0691495e-05,5.4436492e-05,0.00024153755,0.00023669236,0.00011843668,0.99793255,0.00032672862,0.00015991963,7.455133e-05
syn-0321,2,1,4,9,9,8.1184284e-05,0.00014041092,0.0001518204,0.00033658167,8.4418294e-05,0.00024848292,0.00013516379,0.00031835807,0.00039763234,0.9972306,0.00035063102,0.00052481965
syn-0323,2,1,4,7,7,0.00022442425,0.0005500574,0.00036073645,0.0003115822,0.0006623629,0.0006079668,0.00043726107,0.99452704,0.00022885062,0.00094014424,0.00069874123,0.00045070084
syn-0328,2,1,4,10,10,0.00012586688,0.00018913316,0.00033525281,0.00018056028,0.00011026655,0.00022274455,0.00021939832,0.0001397307,0.000257538,0.00027704093,0.9977442,0.00019820986
syn-0330,2,1,4,0,0,0.9971848,0.00029134488,0.00020689733,0.00016097451,0.00084262295,0.00025849568,7.15018e-05,0.00027637908,0.00021471939,9.0210386e-05,0.0001665717,0.00023559293
syn-0332,2,1,4,6,6,6.9584385e-05,0.00016971861,0.00016107914,0.00035273223,0.00036979557,0.00015896946,0.99734575,0.000104560604,0.0003438469,0.00012477656,0.0005042181,0.00029497073
syn-0339,2,1,4,7,7,0.00023580623,0.0005379897,0.0006734788,0.00015106316,0.00051291496,0.0005596258,0.00012426116,0.9961402,0.0001790419,0.00056126766,0.00017747517,0.000146845
syn-0341,2,1,4,8,8,0.00027279885,0.00031330995,0.00018406741,3.8904225e-05,5.643972e-05,0.0002459423,0.00024438612,0.00012006773,0.9979381,0.00035852165,0.0001511881,7.639426e-05
syn-0350,2,1,4,2,2,0.00023721412,0.0002987706,0.99623317,0.0006723044,0.00018187838,0.00023160594,0.00028725475,0.00076704635,0.00022857258,0.00019051383,0.0005144679,0.00015709548
syn-0353,2,1,4,7,7,0.0018755484,0.0008050893,0.0018737176,0.0011828935,0.0038380544,0.37020516,0.0015427842,0.61036515,0.0027449436,0.0025937892,0.0018196199,0.0011532373
syn-0354,2,1,4,8,8,0.0003200948,0.00032575135,0.00019525248,4.2308864e-05,6.9077636e-05,0.000260569,0.00025885704,0.0001304478,0.9978478,0.00034936823,0.00011070962,8.9742985e-05
syn-0355,2,1,4,5,5,0.00017173024,3.6958365e-05,0.000116312025,0.00030967538,0.00041150706,0.9974099,0.00015897967,0.0003901306,0.00027056562,0.00030390816,0.00020195286,0.0002183631
syn-0357,2,1,4,3,3,0.00017416224,0.00044882923,0.000423028,0.99682546,0.00029266544,0.0004074184,0.0004261897,0.00018942091,7.789017e-05,0.00026068362,0.00024693084,0.00022748334
syn-0363,2,1,4,9,9,0.00016501058,0.00013155791,0.00018992602,0.00037004583,9.5128475e-05,0.000473007,0.00014705039,0.00032832305,0.000756694,0.995587,0.00037817436,0.0013782479
syn-0367,2,1,4,4,4,0.00049508596,0.000287866,0.000103953156,0.00018235442,0.9973786,0.00041373554,0.000428252,0.00021803663,0.00011240016,8.711095e-05,0.00013076903,0.0001618729
syn-0370,2,1,4,9,9,8.898874e-05,0.00012973098,0.00014975756,0.00029724734,8.3515595e-05,0.00026893427,0.00012415338,0.0002989941,0.00043997393,0.99722195,0.0003283407,0.0005685004
syn-0371,2,1,4,6,6,6.784626e-05,0.0002467214,0.00015229784,0.00032573755,0.00043180873,0.00014279141,0.9974401,0.00011541037,0.0003333808,0.00012083098,0.0003164101,0.00030660033
syn-0374,2,1,4,8,8,0.00032567006,0.00028189988,0.00016481256,3.8974762e-05,5.7713576e-05,0.00026491744,0.00021866123,0.0001081395,0.9977968,0.00047099977,0.00020065483,7.0781236e-05
syn-0377,2,1,4,5,5,0.00030602675,6.3492305e-05,0.00018771089,0.0010095662,0.0003174415,0.9955741,0.00015082995,0.0010053847,0.00027593266,0.00048569782,0.00026432733,0.00035953274
syn-0379,2,1,4,3,3,0.00025556132,0.00025920584,0.00040669437,0.9950539,0.0010923636,0.0012746105,0.0004970773,0.00016492224,7.065563e-05,0.00024089961,0.0003997055,0.00028440403
syn-0393,2,1,4,2,2,0.00024503013,0.0003331224,0.9964239,0.00051736925,0.00016402421,0.00019631126,0.00026121555,0.00075125304,0.0002773845,0.00018741301,0.00049214275,0.00015081135
syn-0415,2,1,4,1,11,0.00068599323,0.0020410095,0.0001343565,0.00044966573,0.00021533099,0.00057569315,0.00071471464,0.00021936369,0.00235493,0.0028198585,0.0023792011,0.9874098
syn-0418,2,1,4,0,0,0.9976489,0.00024377902,0.00021959172,0.00016771042,0.00046626807,0.00023953126,7.125619e-05,0.00020558343,0.00031989432,8.0822734e-05,0.00013080447,0.00020578431
syn-0421,2,1,4,10,10,0.00012380347,0.00017391024,0.0003206126,0.00031402783,0.00010883024,0.00027067584,0.0002050164,0.0001212904,0.00023390754,0.00054491457,0.9973291,0.00025396625
syn-0429,2,1,4,2,2,0.00023642526,0.00033025353,0.9963198,0.00046523762,0.00014715863,0.0002074256,0.000260043,0.0008909536,0.00028455735,0.00019062347,0.0005307802,0.00013689928
syn-0440,2,1,4,1,1,0.00026089174,0.99762124,0.00017076313,0.0002228259,0.00026662255,4.172488e-05,0.00018472914,0.00023656078,0.0005130509,0.00011220814,0.00012505504,0.00024424883
syn-0444,2,1,4,5,5,0.00029959466,0.00011572985,0.00018729854,0.0032716687,0.0005975633,0.9904811,0.0027189385,0.00039825734,0.00050074764,0.00038412405,0.00038562744,0.0006593462
syn-0448,2,1,4,4,5,0.00027660682,3.230223e-05,9.853093e-05,0.00020050112,0.00041037958,0.9975193,0.00016516949,0.00021764191,0.00043277314,0.0002609925,0.0001736888,0.00021208182
syn-0453,2,1,4,1,1,0.00027018343,0.9972174,0.00017069401,0.00036352716,0.00044796552,4.2364798e-05,0.00029228063,0.0002762532,0.00029099899,0.00012647794,0.00020549452,0.0002963764
syn-0454,2,1,4,11,11,0.0002963792,0.00040312912,0.00019494051,0.00060679583,0.0002537543,0.00026762558,0.00046786637,0.00027370473,0.00011096534,0.00081942877,0.001024412,0.9952809
syn-0457,2,1,4,9,9,0.000103419996,0.0001260956,0.00015374304,0.00037824843,8.358864e-05,0.00029772532,0.00012733304,0.00031949062,0.00038698205,0.99712,0.00027649608,0.00062675524
syn-0459,2,1,4,5,4,0.090423204,0.0010887902,0.0003684579,0.00026983293,0.89732915,0.0061234036,0.0006015808,0.00091372494,0.0019006216,0.00023489326,0.00030966726,0.00043670082
syn-0468,2,1,4,6,6,7.415272e-05,0.00021582893,0.0001616484,0.00037319216,0.0003794626,0.00014419488,0.9974553,0.00010991215,0.00036682378,0.00012799934,0.00026186928,0.00032958222
syn-0484,2,1,4,3,3,0.00016253114,0.00022942961,0.0003859145,0.9970432,0.00028413895,0.00045463513,0.00043831381,0.00016917077,6.676782e-05,0.00024315563,0.00025934388,0.0002635566
syn-0489,2,1,4,11,11,0.00049909094,0.00049063395,0.00019185379,0.00024998028,0.0005240654,0.001172238,0.00060407975,0.0015134745,0.00023029262,0.0006029011,0.0009159539,0.99300545
syn-0002,2,2,0,1,1,0.00022886017,0.9974866,0.00018407399,0.00022421454,0.00016371878,0.00013908208,0.0003162704,0.00032718742,0.0001955634,0.00020575082,0.00033201545,0.00019671264
syn-0004,2,2,0,10,7,0.006528313,0.0076641142,0.0013831876,0.00080209266,0.0013250127,0.008707932,0.009758377,0.665256,0.16494972,0.05170137,0.07837462,0.0035493819
syn-0011,2,2,0,10,10,0.00048787103,0.0006868599,0.000119557946,0.0006336297,9.9117016e-05,0.00061207684,0.0008226346,0.000104586245,0.001879355,0.0005328212,0.9937011,0.0003204227
syn-0013,2,2,0,6,6,5.8161702e-05,0.00035290734,0.00011806494,0.00027592023,0.00027177515,0.00012336904,0.9977191,0.0001731308,0.00032758343,0.000135098,0.00033104053,0.00011387509
syn-0017,2,2,0,3,3,0.00021845222,0.00021802596,0.00035130855,0.9953838,0.0002627328,0.0021104019,0.00041207724,9.986831e-05,4.3205244e-05,0.00037214445,0.00032586057,0.00020213395
syn-0018,2,2,0,3,6,5.5603756e-05,0.00026475306,0.0001319613,0.00048662865,0.00037882486,0.00012991541,0.9976648,0.00014521445,0.0002755686,0.00016152453,0.00018500802,0.00012015211
syn-0025,2,2,0,8,8,0.000248803,0.0001397022,0.000106800035,2.3970351e-05,0.000105452746,0.00036712395,0.0003222502,0.00013291479,0.99802774,0.00033029512,0.00010412245,9.0905945e-05
syn-0031,2,2,0,0,0,0.99729306,0.00032489534,0.0002686909,0.00022747896,0.00033643845,0.00021079495,9.9864636e-05,0.00028103622,0.00029828632,0.00017933665,0.00035578385,0.00012428354
syn-0036,2,2,0,5,5,0.00019915566,0.00010423269,8.932925e-05,0.0007597231,0.00035590123,0.99713504,0.00017168291,0.00028562578,0.00041782123,0.00014260839,0.00010806778,0.00023068645
syn-0037,2,2,0,8,8,0.00046926265,0.00015907496,0.00011990031,3.7398167e-05,0.00013840932,0.0007910645,0.00024273807,0.00010126243,0.9975204,0.00017505123,0.00014512255,0.000100376325
syn-0039,2,2,0,1,1,0.0004183235,0.997542,0.00017158536,0.00020070156,0.00012863704,0.00012322674,0.0002396226,0.00022731363,0.00020257222,0.00024303983,0.00028588192,0.00021711612
syn-0064,2,2,0,6,6,0.00081513525,0.0061119576,0.0005797133,0.0012058688,0.00116991,0.00040748113,0.76758945,0.0004191861,0.0015199016,0.00039148828,0.21906067,0.0007292568
syn-0076,2,2,0,5,5,0.0002436704,0.00011156044,8.964135e-05,0.0010936559,0.00034683317,0.99671763,0.00019878091,0.000233308,0.00045103245,0.00014924395,0.00014185437,0.0002227328
syn-0081,2,2,0,10,10,0.0009748512,0.0008708693,0.00035220676,0.00040936575,0.00050205545,0.0013373521,0.0025778136,0.00032797235,0.07793516,0.0009471678,0.91129035,0.002474826
syn-0082,2,2,0,1,1,0.0025469342,0.55159825,0.0011457532,0.0012077952,0.00029110973,0.00078439375,0.03351653,0.0015508399,0.0068167816,0.0038215343,0.3957524,0.0009676516
syn-0083,2,2,0,0,0,0.99731004,0.00038933035,0.00020722664,0.000229267,0.00038663083,0.00026004738,0.00010465901,0.0001986079,0.00029989786,0.00015124056,0.00036551888,9.745771e-05
syn-0095,2,2,0,11,11,0.00010219717,0.00032700977,0.0001468202,0.00015326639,0.0004258248,0.00023381745,0.00013618488,0.00021688026,0.00013148031,0.00075403525,0.00042741315,0.99694496
syn-0100,2,2,0,2,2,0.0003093177,0.0001526009,0.99747485,0.00039673568,0.00018834497,7.329025e-05,0.00012528113,0.00062973966,0.0001825502,0.00012750282,0.0001814837,0.0001582929
syn-0121,2,2,0,9,9,0.00017039251,0.00030599046,0.00020047756,0.00038053244,9.291261e-05,0.00016547297,0.00024913315,0.0007177297,0.0007963962,0.99642867,0.00018532093,0.00030688825
syn-0123,2,2,0,10,10,0.00030390781,0.00033360685,0.00016449725,0.00028870167,0.0001028895,7.9740115e-05,0.00031618774,7.542273e-05,0.0001629782,0.00014795925,0.99783486,0.00018924275
syn-0134,2,2,0,5,5,0.00020502858,9.665968e-05,9.3594324e-05,0.00092292123,0.00033491343,0.9969015,0.00019688545,0.00030936638,0.00042645645,0.00014810983,0.00013485552,0.00022973327
syn-0135,2,2,0,0,0,0.9972134,0.00033575518,0.0002522684,0.00022262605,0.0004305922,0.00020964904,0.000114039874,0.00024130457,0.0003085579,0.00016192514,0.00039181943,0.0001181204
syn-0138,2,2,0,4,4,0.00038852255,0.00017255585,0.00023253969,0.00016170595,0.99732345,0.00025198841,0.00038076958,0.00038126955,0.00010630859,8.311725e-05,0.00017803337,0.00033975043
syn-0144,2,2,0,9,9,0.00013473164,0.00027497052,0.00016125265,0.0003826452,7.361087e-05,0.00013096952,0.0001759808,0.00041335952,0.00070301944,0.99695873,0.00023819963,0.0003525523
syn-0148,2,2,0,7,7,0.0005771025,0.0005011506,0.0007026067,0.00014170153,0.0018729423,0.0017547478,0.00026395888,0.98212415,0.00044595025,0.000715765,0.00042802937,0.010471969
syn-0150,2,2,0,3,3,0.00075029256,0.010006992,0.0011626433,0.98355615,0.00043201545,0.0004337063,0.0013419568,0.00018708204,9.791368e-05,0.0009134609,0.0008684443,0.0002492999
syn-0151,2,2,0,10,10,0.00075379864,0.006050456,0.00020402459,0.00042626314,0.00012242497,0.0001255732,0.003515441,0.00010339463,0.0005872023,0.0005836292,0.98718774,0.0003401787
syn-0152,2,2,0,3,4,0.0003453757,0.00016970499,0.00028629156,0.0002530836,0.9972657,0.00026458257,0.000348127,0.00037932102,9.510295e-05,9.7643904e-05,0.00014165542,0.0003534366
syn-0158,2,2,0,1,1,0.00025409588,0.99759465,0.00016942972,0.00021883055,0.00014937528,0.00011220515,0.0003565872,0.0002152276,0.00020149775,0.00020397251,0.00033851786,0.00018553779
syn-0160,2,2,0,5,5,0.00023420375,0.00010201672,8.540481e-05,0.0007331166,0.0003157332,0.99713033,0.00015128715,0.00029936837,0.0004224864,0.0001324068,0.0001390324,0.00025459842
syn-0161,2,2,0,2,2,0.00032831976,0.00015637996,0.99752337,0.00046212983,0.00020207447,8.018367e-05,0.00013639704,0.0004546043,0.00019835963,0.00012939058,0.00017301235,0.00015577029
syn-0163,2,2,0,4,4,0.00046977,0.00020360536,0.00021843665,0.00016528768,0.9972588,0.00030527497,0.00036394183,0.00029907818,0.00015633849,9.030521e-05,0.00014501368,0.00032401286
syn-0165,2,2,0,8,8,0.00024496045,0.00022407604,0.00010864749,2.8508946e-05,0.00010928596,0.00026241952,0.0006472784,0.00014627258,0.99760085,0.0002683804,0.00024281692,0.000116561736
syn-0169,2,2,0,4,4,0.0007052974,0.00017411112,0.0002259776,0.00020746999,0.9970196,0.00030849795,0.00030069018,0.00038534048,9.620026e-05,9.452401e-05,0.00014899786,0.00033315888
syn-0170,2,2,0,6,6,6.6886605e-05,0.00043286697,0.0001071981,0.00025615233,0.00043440206,0.00011738966,0.9968682,0.00013845398,0.00036549076,0.00011819487,0.00095684687,0.00013791418
syn-0174,2,2,0,10,10,0.0003866505,0.00029665433,0.00019514529,0.00028286228,0.00012398134,8.202672e-05,0.00019734923,0.00010248346,0.00014925824,0.00016130785,0.997787,0.0002352178
syn-0175,2,2,0,11,11,0.00050094293,0.0019774018,0.00032469895,0.0014445806,0.0007235488,0.00075017073,0.00073962304,0.00030443128,0.00028127807,0.0024275002,0.069637775,0.92088807
syn-0176,2,2,0,10,10,0.0003054058,0.00027223106,0.00016275512,0.00025970128,0.00011924875,8.132058e-05,0.00026508214,8.3493294e-05,0.00015030356,0.0001440523,0.9979298,0.00022662609
syn-0186,2,2,0,3,3,0.00016185615,0.00021494871,0.00038061183,0.9972754,0.00018895202,0.0005398535,0.00039502556,6.1343744e-05,3.5123696e-05,0.00034590648,0.00025675795,0.00014416888
syn-0198,2,2,0,0,5,0.0007464138,0.00017787953,0.000118493306,0.0043264935,0.0022445556,0.99064004,0.00033183626,0.00028438948,0.00023381824,0.00020195798,0.0001946008,0.0004996068
syn-0203,2,2,0,8,8,0.00025591408,0.00017988229,0.00011144631,2.4113726e-05,9.33445e-05,0.00031572251,0.00030487156,0.00010393011,0.9981318,0.00024058516,0.00014577984,9.261807e-05
syn-0206,2,2,0,8,8,0.00035150183,0.00022135816,0.00011848449,3.6383593e-05,8.926227e-05,0.00031392282,0.00033061882,0.0001215314,0.9973609,0.00042304862,0.00050805643,0.0001250224
syn-0221,2,2,0,11,11,0.00013701712,0.0002738917,0.00013648292,0.00016382795,0.00037222388,0.00024023779,0.00014945866,0.00014528532,0.00016454948,0.00040838396,0.00063124474,0.99717736
syn-0234,2,2,0,4,6,0.0006699141,0.0021954917,0.0019689873,0.3852477,0.004369989,0.0013154765,0.59901863,0.0008256194,0.0006918548,0.0013232069,0.001813916,0.0005591879
syn-0237,2,2,0,4,4,0.0006121205,0.00017558967,0.00021211205,0.00014844003,0.9971745,0.00030517465,0.00027315633,0.0004021496,0.00011846235,9.744447e-05,0.00015382655,0.00032700517
syn-0240,2,2,0,6,6,7.579988e-05,0.0003425431,0.00013368408,0.0006687048,0.00070148136,0.0001746978,0.9969657,0.00015968671,0.0002891553,0.00013618771,0.00024171628,0.00011061175
syn-0241,2,2,0,1,1,0.00038528853,0.99749386,0.00014490627,0.00021562657,0.00017736958,0.0001315527,0.00027391175,0.0002190222,0.00023314793,0.00023856034,0.00028902607,0.00019787007
syn-0252,2,2,0,8,8,0.00028650856,0.00014690586,0.00010943803,2.5366879e-05,0.00010280751,0.00038188297,0.0002942128,0.00012794601,0.99801385,0.0002880098,0.00012419131,9.886902e-05
syn-0258,2,2,0,3,3,0.00020692323,0.0002329911,0.0003367728,0.9953637,0.00031783967,0.0021124212,0.00049803697,8.46727e-05,3.8955735e-05,0.0003444226,0.00024777564,0.00021537635
syn-0268,2,2,0,6,6,5.56122e-05,0.00027060983,0.00012075857,0.00027406722,0.00036499088,0.0001088834,0.9978163,0.0001300621,0.0003362864,0.0001400824,0.0002577768,0.00012459187
syn-0270,2,2,0,10,10,0.00095178076,0.00096289354,0.0002713698,0.0055744187,0.00023325102,0.0003522089,0.0019114757,0.00016156826,0.00016443344,0.000832619,0.98823684,0.00034708722
syn-0271,2,2,0,2,2,0.00030604628,0.00016741316,0.9973406,0.0005268676,0.00017519068,8.08767e-05,0.00014277716,0.00061597064,0.00018092843,0.00017899527,0.00014070095,0.00014375652
syn-0272,2,2,0,3,3,0.0008868653,0.00037433242,0.00040376288,0.9944149,0.00048501388,0.0014682749,0.0008514337,0.000110977104,3.4412693e-05,0.0003494277,0.0004202572,0.0002003657
syn-0289,2,2,0,8,8,0.0017109935,0.0030412527,0.00020216563,5.0569324e-05,0.00032464106,0.0013604645,0.0010863795,0.0005558853,0.9906907,0.00059535954,0.00021145437,0.00017007437
syn-0290,2,2,0,0,0,0.99732345,0.00023608633,0.00021781176,0.0001735699,0.00038583452,0.0002561442,8.847786e-05,0.0003834867,0.00030284497,0.00018395403,0.00031846543,0.00012999785
syn-0298,2,2,0,7,7,0.00059887307,0.00022231221,0.00052097725,7.102057e-05,0.00043335764,0.000843516,0.00016272653,0.99629396,0.00019061852,0.00028350984,0.000105372405,0.00027371588
syn-0311,2,2,0,9,9,0.00030115608,0.00046033066,0.00033992413,0.0051941327,0.00014128692,0.00021313495,0.000545057,0.00047750096,0.00042532073,0.98982644,0.0011498082,0.0009258726
syn-0316,2,2,0,0,0,0.99719137,0.00037487387,0.00023069949,0.0002895033,0.0004231833,0.000269715,0.00010775772,0.00023353289,0.00024118143,0.00016003512,0.00035444717,0.00012366555
syn-0322,2,2,0,2,2,0.0024270462,0.0002895864,0.9564585,0.0014467807,0.0005587377,0.0005047775,0.00022575047,0.03679732,0.00022530995,0.00041440842,0.00025857153,0.0003931211
syn-0326,2,2,0,1,1,0.00027971363,0.9974583,0.00015821298,0.00016023435,0.00023087392,0.00010831416,0.00030518696,0.00027163775,0.00026187007,0.00017936637,0.0003511823,0.00023519772
syn-0334,2,2,0,6,6,5.4104617e-05,0.00021810192,0.00014088597,0.00036592138,0.00039204955,0.00014352446,0.99767727,0.00016641,0.0002758413,0.00013509234,0.0003206071,0.00011015154
syn-0340,2,2,0,9,9,0.00015087772,0.00026752782,0.00019784144,0.00047349744,7.189874e-05,0.00013327922,0.00019091365,0.00044816156,0.0005444935,0.99686253,0.00033588294,0.0003231732
syn-0349,2,2,0,5,5,0.00015741262,0.0001111328,0.00010198119,0.00030386553,0.0005177768,0.996783,0.00016177625,0.0008839994,0.00039345928,0.00013549952,0.000110591485,0.00033940055
syn-0351,2,2,0,11,11,0.00012823076,0.00025389908,0.0001315283,0.00017054303,0.00043831504,0.00032561514,0.00014249404,0.00017803076,0.00014817035,0.00040404915,0.0003704144,0.99730885
syn-0360,2,2,0,0,0,0.9961772,0.00027529214,0.00021408388,0.00029190443,0.0012568798,0.0004966978,0.00012573058,0.00018045284,0.00040191907,0.00015831871,0.00029548956,0.00012609946
syn-0364,2,2,0,4,4,0.0018778057,0.0011071437,0.0007064978,0.00092324824,0.5081059,0.46992108,0.0023086127,0.008026436,0.001905515,0.00068945816,0.0011125631,0.003315828
syn-0380,2,2,0,4,5,0.0002292115,0.00012952117,0.0001113276,0.0007941885,0.003285397,0.99366647,0.0003119212,0.000478944,0.00034366743,0.0001366681,0.000117012634,0.0003956554
syn-0381,2,2,0,8,8,0.0002842259,0.00021363028,0.00012321785,3.0107498e-05,7.4371375e-05,0.00033659057,0.0002932482,0.00018633164,0.99747,0.0007059606,0.00018263847,9.9784855e-05
syn-0384,2,2,0,1,1,0.00028359806,0.9975776,0.0001894713,0.00022832294,0.00012517175,0.00011827898,0.00035519092,0.00019472363,0.00020962322,0.00021085508,0.0003211234,0.00018607896
syn-0403,2,2,0,9,9,0.00017955714,0.00031986085,0.00018634558,0.00028469856,7.441326e-05,0.00016126865,0.00020466057,0.0005937613,0.0013945098,0.99608433,0.00029130772,0.00022521512
syn-0410,2,2,0,10,10,0.00041906637,0.0004022995,0.00015149814,0.00021775407,9.969508e-05,7.599229e-05,0.00017729234,9.07734e-05,0.00018771575,0.00031390457,0.99754626,0.0003177599
syn-0427,2,2,0,5,5,0.000178871,0.00010266683,8.306098e-05,0.0007781192,0.00086805475,0.99664825,0.0002319288,0.0003239331,0.00031095353,0.00011793822,0.00011364183,0.00024246665
syn-0439,2,2,0,6,6,5.9761438e-05,0.00028378644,0.000112744725,0.0001799897,0.00035300548,0.00013949335,0.99750936,0.00016646326,0.00068209914,0.00014892555,0.00023360737,0.00013078618
syn-0447,2,2,0,7,7,0.00028197494,0.00021067448,0.0005248728,6.434628e-05,0.00037392104,0.00045092477,0.00014700269,0.99720985,0.00014960956,0.00029789758,8.9685615e-05,0.00019926789
syn-0455,2,2,0,2,7,0.0011636638,0.00094282394,0.001858565,0.0001969523,0.0011837216,0.0011201779,0.0021615732,0.97366345,0.01472666,0.0023432167,0.0002036015,0.0004356795
syn-0456,2,2,0,11,11,0.00010815183,0.00025195212,0.00012399668,0.00024756198,0.0006389992,0.0003437058,0.00014105657,0.00017909755,0.00010857513,0.0005613051,0.0003591907,0.99693644
syn-0461,2,2,0,2,2,0.0003272476,0.00014223279,0.99742657,0.00041812196,0.00019679687,7.63551e-05,0.00013505839,0.00058853184,0.00020403773,0.00012912558,0.00018796836,0.00016791883
syn-0477,2,2,0,7,7,0.00074214104,0.0002631609,0.0016358439,0.000417665,0.000512484,0.00053616153,0.0002545666,0.9945745,0.000108529646,0.0004542574,0.0001518603,0.00034880184
syn-0481,2,2,0,9,9,0.0001433988,0.00029251626,0.00019090243,0.00039535723,7.9037825e-05,0.00014367916,0.00021058871,0.0004919418,0.00074787886,0.9968039,0.00024085242,0.00026004235
syn-0486,2,2,0,1,1,0.00027242742,0.99743146,0.00020918356,0.00018307783,0.00012024138,9.129634e-05,0.00030922875,0.00023680466,0.00028767047,0.00022751052,0.00045323264,0.00017787886
syn-0487,2,2,0,6,6,6.0708007e-05,0.0002941826,0.00010854125,0.00017965469,0.00032483638,0.000133508,0.9975992,0.00016041358,0.0006428677,0.000138962,0.00023569082,0.000121323246
syn-0490,2,2,0,7,7,0.00025818165,0.00024182968,0.0009055534,9.987869e-05,0.0005246702,0.00037620275,0.00025048273,0.9964599,0.00017632269,0.00038512415,9.939219e-05,0.00022245785
syn-0493,2,2,0,8,8,0.00027687883,0.00014771489,0.000111882815,2.6419242e-05,0.00010428624,0.0003868088,0.0002498645,0.00015785712,0.99764735,0.0006917533,0.00010644702,9.275412e-05
syn-0496,2,2,0,8,8,0.00027877657,0.00014878863,9.555057e-05,2.5467165e-05,9.648825e-05,0.0003895254,0.00031893197,0.00010890925,0.9980532,0.00026461377,0.0001256602,9.41611e-05
syn-0497,2,2,0,5,5,0.00020812178,0.00017220234,0.00010272635,0.00042123947,0.000614323,0.99430877,0.00021725941,0.0012767693,0.0008785817,0.00035437295,0.00034904934,0.0010966207
syn-0499,2,2,0,11,11,0.00013051488,0.00024122857,0.00014717235,0.00015905357,0.00045679457,0.0002813371,0.00013505293,0.00018934248,0.00015697043,0.0003830898,0.00033320006,0.9973863
syn-0010,2,2,1,9,9,0.00010030838,0.00018512702,9.1064634e-05,0.00025452563,9.115361e-05,0.00015302672,0.00011923553,0.00029858944,0.0014037761,0.99684525,0.00021496092,0.00024292935
syn-0015,2,2,1,6,6,5.633366e-05,0.0002519773,0.000105657055,0.000254388,0.00025290178,0.000116154944,0.9980102,0.00016517009,0.00044091334,9.434112e-05,0.00011752414,0.00013447918
syn-0024,2,2,1,2,2,0.00030837438,0.00012323316,0.99759394,0.00043233688,0.00020120265,8.577894e-05,0.0001335073,0.0005925236,0.000101865015,0.000101567006,0.00018599119,0.00013950517
syn-0038,2,2,1,5,5,0.00033913594,0.00024266554,0.00011849696,0.0049605025,0.00034777215,0.99260736,0.00023948734,0.0002755137,0.00023257289,0.00025493297,0.00012213913,0.0002594538
syn-0042,2,2,1,9,9,9.72979e-05,0.00018791328,0.00010717437,0.0003330752,9.09577e-05,0.00015121391,0.00011177068,0.00025175617,0.00041323045,0.99762124,0.00027227978,0.0003621239
syn-0043,2,2,1,9,9,8.445767e-05,0.00015211388,9.087571e-05,0.00021409638,7.803434e-05,0.00012421237,9.40355e-05,0.0002505486,0.00052053336,0.99769574,0.00034921643,0.0003461447
syn-0045,2,2,1,9,9,0.0001535853,0.00021882227,0.00014093777,0.0004577939,8.382969e-05,0.00015194427,0.00013540624,0.00019701492,0.00067221245,0.99318284,0.0042870645,0.00031869562
syn-0049,2,2,1,8,8,0.00020070393,0.000118768075,5.945847e-05,2.3976521e-05,9.726756e-05,0.00014988055,0.00035422985,0.0001784662,0.99828464,0.00027617777,0.0002131793,4.3120093e-05
syn-0051,2,2,1,3,3,0.00016178911,0.00013524588,0.0003522601,0.9968623,0.0002493633,0.00032380494,0.00033588285,9.76044e-05,4.4468885e-05,0.0010121072,0.00026043877,0.00016481907
syn-0052,2,2,1,4,4,0.0011456102,0.00015709901,0.00017620044,0.0001905181,0.99674207,0.00044372558,0.00019163771,0.00026788763,0.00014158104,0.00011566798,9.9226345e-05,0.0003287842
syn-0055,2,2,1,3,3,0.00014662111,0.00012826042,0.00036877414,0.9975395,0.0002383966,0.00033459638,0.00040340325,8.089282e-05,3.6603957e-05,0.0003570575,0.00022570937,0.00014018035
syn-0062,2,2,1,7,7,0.00023957912,0.00019871508,0.00053917535,8.6515975e-05,0.0003119365,0.00023085141,0.00015453291,0.997361,0.00027327414,0.00027447773,0.00012899107,0.0002008612
syn-0063,2,2,1,1,1,0.0002734826,0.9978782,0.00013367583,0.00013525157,0.000118430224,0.00016234985,0.0003000687,0.00014397452,0.00013751569,0.00017047382,0.00031408566,0.00023255544
syn-0068,2,2,1,10,10,0.00057839754,0.00058721914,0.0004087458,0.0002467093,0.00016758521,0.00023679505,0.0013432561,0.00038548402,0.02370972,0.0062518492,0.9657609,0.00032334452
syn-0075,2,2,1,7,7,0.00021517841,0.00019477755,0.00044771825,9.409634e-05,0.0003797301,0.00022771805,0.00018841651,0.9973667,0.00029404223,0.00024815305,0.0001167622,0.00022671951
syn-0079,2,2,1,1,1,0.00024126185,0.99752384,0.00011274636,0.00012651681,0.00014004133,0.00015470915,0.0006175897,0.00012676413,0.00014820229,0.00015142077,0.0003486425,0.0003083527
syn-0080,2,2,1,3,3,0.00014775149,0.0001439066,0.00035025468,0.9974074,0.00026826287,0.00041640757,0.00043025558,9.1830625e-05,4.1553307e-05,0.00033085627,0.00022272374,0.00014883764
syn-0087,2,2,1,5,5,0.0003532863,0.0002791997,0.0001528395,0.0002074836,0.0005897325,0.9922283,0.0001747187,0.0045859627,0.00051597744,0.0002036693,0.00015939421,0.0005493892
syn-0103,2,2,1,11,11,0.00011486044,0.0004089092,0.00013246201,0.00014059259,0.00031413452,0.00022954535,0.00013827778,0.00014958697,7.028138e-05,0.00054863776,0.00020656845,0.99754614
syn-0105,2,2,1,4,4,0.011058264,0.00023864945,0.00042336638,0.0004168027,0.98575944,0.00032699248,0.00028814745,0.0003851032,0.00026287415,0.00020815377,0.00019765423,0.00043446565
syn-0108,2,2,1,8,8,0.00021354578,0.000119467055,5.0412928e-05,2.2612205e-05,8.319807e-05,0.00017142136,0.0002907445,0.00015276339,0.9982932,0.0002740978,0.00028394008,4.457623e-05
syn-0114,2,2,1,4,4,0.0005040103,0.000222238,0.00053338165,0.007570915,0.98772836,0.00027577058,0.0017412225,0.00036284773,0.00012381493,0.00017927217,0.00031849675,0.00043960556
syn-0118,2,2,1,5,5,0.00021023255,0.00016724413,8.7402936e-05,0.0003432622,0.00024674876,0.99779415,0.0001373699,0.00023185559,0.0002647874,0.00012679849,9.836577e-05,0.00029173653
syn-0120,2,2,1,3,3,0.00024755893,0.00026172982,0.00044500007,0.9930374,0.00025182602,0.0002534296,0.00079417037,0.00010159797,7.120441e-05,0.002038658,0.0023078474,0.00018962474
syn-0124,2,2,1,6,6,7.2455296e-05,0.0002751847,0.00013722772,0.00049447763,0.00032440518,0.00010010424,0.99773526,0.00013132779,0.00029286108,0.00010257827,0.00019733899,0.00013669272
syn-0129,2,2,1,11,11,0.0009511614,0.0036477325,0.00058713916,0.0019157778,0.0009919532,0.000592901,0.00095302094,0.00054727384,0.00041149344,0.07556011,0.09990555,0.8139359
syn-0130,2,2,1,6,8,0.00027136007,0.00012228917,6.704166e-05,2.4978355e-05,0.000104344406,0.00021829695,0.0002741569,0.0002485964,0.99820375,0.0002494247,0.0001641969,5.155344e-05
syn-0136,2,2,1,6,6,5.379431e-05,0.00019987013,0.00013184831,0.00052793924,0.00029967455,9.496678e-05,0.9977847,0.00017331133,0.0002885462,0.0001220589,0.00017196263,0.00015131253
syn-0143,2,2,1,1,1,0.0010058312,0.99528694,0.00014416272,0.00011381957,0.00024909084,0.0002597734,0.0007920923,0.00014671923,0.0010100144,0.00018912858,0.0005537126,0.00024872622
syn-0145,2,2,1,2,2,0.00037403073,9.465928e-05,0.99747187,0.00067002507,0.00022399238,9.291911e-05,0.00013258155,0.00043360522,8.669475e-05,8.353653e-05,0.00018077562,0.00015538244
syn-0149,2,2,1,8,8,0.00022163322,0.0001347148,5.6680907e-05,2.5423644e-05,9.222708e-05,0.00020483964,0.00025629214,0.00016099653,0.9982955,0.00033123177,0.0001724712,4.810446e-05
syn-0153,2,2,1,4,5,0.002686642,0.00081538846,0.00038704748,0.0010252261,0.19056834,0.7991947,0.00084497675,0.0010982971,0.001080214,0.00038553853,0.0003412348,0.0015724701
syn-0162,2,2,1,9,9,8.7656925e-05,0.00016177775,0.000100401056,0.00027318503,7.934625e-05,0.00012580822,0.000100892496,0.00024983328,0.0004622141,0.99776626,0.000316417,0.00027613543
syn-0166,2,2,1,5,5,0.00030110573,0.00018840416,8.533607e-05,0.00028707169,0.0006354985,0.9973013,0.0001489672,0.00021048814,0.00029571468,0.00010968074,9.841324e-05,0.000338088
syn-0171,2,2,1,6,6,6.306493e-05,0.0002657078,0.00010571707,0.0003346583,0.0002538498,0.0001085416,0.9976024,0.0001433736,0.00076716347,0.00011554192,0.00012627988,0.000113639595
syn-0181,2,2,1,10,8,0.00024018873,0.00033225009,7.703178e-05,4.8868835e-05,0.00011164362,0.00020414435,0.00248456,0.00020334848,0.9916333,0.0008607399,0.0037152255,8.866303e-05
syn-0184,2,2,1,2,2,0.0002621094,0.00012003173,0.99763894,0.00038724256,0.00022012628,8.696367e-05,0.00013469196,0.00058693514,0.000112210124,9.9509794e-05,0.00020428056,0.0001469224
syn-0190,2,2,1,3,3,0.00038975268,0.00050721766,0.0003855883,0.9923167,0.0005437667,0.003934441,0.0005524646,0.00011811572,5.5630695e-05,0.00053993036,0.00024047168,0.00041590372
syn-0196,2,2,1,4,4,0.00052690896,0.00016022802,0.00020274508,0.00018750857,0.9974189,0.00028766686,0.00026001228,0.00027302327,0.00015037338,0.00010830988,9.7183205e-05,0.0003271652
syn-0201,2,2,1,0,0,0.9978275,0.0002377678,0.00023951568,0.00017882051,0.00027400337,0.00019563024,8.3647945e-05,0.00019401308,0.00022782324,0.0001281722,0.0002856846,0.00012729903
syn-0204,2,2,1,1,1,0.0002899087,0.99785656,0.00013751272,0.00012064557,0.000107619206,0.00019297944,0.00028057783,0.00016195048,0.00017088682,0.00016171343,0.00027866635,0.00024098906
syn-0205,2,2,1,2,2,0.00026219408,0.00011612089,0.9977176,0.00036809788,0.00020721012,9.132252e-05,0.0001350978,0.00052977586,0.00011646158,9.150106e-05,0.00021181347,0.00015271259
syn-0209,2,2,1,7,2,0.0007719882,0.0003460984,0.90604144,0.0007427764,0.0008561836,0.00030010875,0.0004544937,0.08866508,0.0005210796,0.00038085785,0.00044963756,0.0004702967
syn-0213,2,2,1,0,0,0.99773216,0.00021306131,0.00023105014,0.00017994203,0.00026162242,0.00020570101,9.159179e-05,0.00019220311,0.00034410614,0.00012568114,0.00031619382,0.00010666419
syn-0218,2,2,1,8,8,0.00021657126,0.00011124345,6.850164e-05,2.3420589e-05,9.013168e-05,0.00021649197,0.0002705657,0.00025706703,0.9982627,0.00023856942,0.00020079754,4.3969594e-05
syn-0223,2,2,1,6,6,6.30262e-05,0.00030053442,0.00012148618,0.00027012176,0.00025718624,9.152365e-05,0.9979639,0.00012339931,0.00039614362,9.4152674e-05,0.00019300019,0.00012571033
syn-0225,2,2,1,7,11,0.0014908916,0.00124083,0.0010246738,0.0006393487,0.0044450075,0.002192662,0.0023317984,0.17555091,0.0028257635,0.0015495251,0.0012864845,0.80542207
syn-0232,2,2,1,8,8,0.00022176756,0.0001300049,5.7017223e-05,2.5178002e-05,8.961313e-05,0.00023047866,0.00023972936,0.00016033878,0.99835205,0.00029988156,0.00014674054,4.726894e-05
syn-0243,2,2,1,10,10,0.0002500266,0.00025698898,0.00018227696,0.00017533686,7.398897e-05,6.7433546e-05,0.00015988004,0.00011205111,0.00013816213,0.0002327093,0.99817276,0.00017835909
syn-0251,2,2,1,10,10,0.0002615582,0.00024556127,0.00016199927,0.00013138332,6.3532825e-05,6.3594896e-05,0.00017291107,8.173725e-05,0.0002897395,0.00024613147,0.9981572,0.00012475619
syn-0253,2,2,1,3,3,0.00014589357,0.00014161217,0.00036517924,0.9974482,0.00025405857,0.00049997936,0.00037217728,9.318951e-05,3.988508e-05,0.0002865188,0.0002116529,0.00014168133
syn-0257,2,2,1,4,4,0.00033360897,0.00016602011,0.00016257066,0.000181804,0.99777263,0.00028608768,0.0002837574,0.0002262035,0.00011624076,9.759819e-05,8.748645e-05,0.0002859829
syn-0260,2,2,1,11,11,9.95593e-05,0.0008544104,0.00014177893,0.00022912082,0.000295637,0.00031058223,0.00026643448,0.00015678181,6.95715e-05,0.0007061728,0.0016545764,0.9952153
syn-0273,2,2,1,0,0,0.9978307,0.0002247304,0.00028422457,0.00019035405,0.00026286475,0.00017812393,8.6303495e-05,0.00019269195,0.00020174231,0.0001207603,0.00031143645,0.000116020696
syn-0279,2,2,1,0,0,0.99768233,0.00022207918,0.00023444786,0.0001857354,0.00028080292,0.00022745667,9.4586845e-05,0.000211806,0.00034763536,0.00011645747,0.00029456647,0.0001020732
syn-0291,2,2,1,1,1,0.00018992776,0.99802965,0.00012510623,0.0001162707,9.733774e-05,0.00016509267,0.00026317406,0.00016150472,0.00013330502,0.00016340849,0.00031066316,0.00024452788
syn-0292,2,2,1,11,11,0.00013588059,0.00031160383,0.00016779015,0.00016207287,0.00030271808,0.0002397622,0.00013351293,0.00016551174,7.757379e-05,0.00044900228,0.00021851926,0.99763596
syn-0293,2,2,1,0,0,0.9905027,0.0007676779,0.0006849573,0.00042623517,0.0016857929,0.001803301,0.00037633494,0.0002259301,0.0023450672,9.8412806e-05,0.0009844552,9.9184675e-05
syn-0302,2,2,1,10,10,0.00025728915,0.00019272421,0.00021447512,0.00018078262,6.870116e-05,6.2126965e-05,0.00015286739,8.6676955e-05,0.00013986863,0.00024428137,0.9982414,0.00015880176
syn-0318,2,2,1,11,11,0.000119091026,0.00036034643,0.00014988503,0.00018141489,0.00036709497,0.00021199195,0.00016325573,0.00014915498,7.167025e-05,0.00042010652,0.00022238273,0.9975836
syn-0352,2,2,1,8,8,0.0002113415,0.0001387281,5.808517e-05,2.469107e-05,0.000101446094,0.00023423017,0.00026079678,0.00016049581,0.9983543,0.00025506658,0.00015382064,4.7038804e-05
syn-0356,2,2,1,8,8,0.0003061233,0.00023568905,7.146116e-05,3.7255024e-05,0.00021096105,0.00021168335,0.004408211,0.00021230443,0.9937024,0.00024567687,0.0002895488,6.865644e-05
syn-0358,2,2,1,2,2,0.0002733201,8.797904e-05,0.996555,0.00035318473,0.0002216117,8.780738e-05,0.00013375956,0.0016779714,0.00014863783,0.00010633046,0.00019461902,0.00015985491
syn-0359,2,2,1,4,4,0.0003367877,0.00017249795,0.00020625151,0.00023099074,0.9974757,0.0002931425,0.0003179702,0.0003148033,0.0001418237,0.00010705414,9.165772e-05,0.00031143968
syn-0373,2,2,1,11,11,0.00012876728,0.00037483583,0.00014922686,0.00017669288,0.0003099164,0.00022248989,0.00013105078,0.00013855245,6.973662e-05,0.00051215227,0.0002093163,0.99757725
syn-0375,2,2,1,8,8,0.0001908728,0.000117851996,5.6353063e-05,2.4739335e-05,9.138077e-05,0.00020592973,0.000257381,0.0001818211,0.99835396,0.00033197977,0.00014274787,4.492858e-05
syn-0376,2,2,1,5,5,0.00015752124,0.00017418993,8.931572e-05,0.0002933738,0.00022646658,0.99795806,0.00012196095,0.00030805182,0.00022779743,0.00010200176,9.7330754e-05,0.00024385456
syn-0378,2,2,1,2,2,0.00030714032,0.000109407374,0.9977343,0.00037518103,0.00020580193,8.059319e-05,0.00012421717,0.00049963465,0.000109407374,8.697199e-05,0.00022383263,0.0001434626
syn-0386,2,2,1,10,10,0.0002525807,0.00018783959,0.00023006159,0.00018246083,7.355904e-05,6.542476e-05,0.00014917491,0.00010929869,0.00014054803,0.0002476349,0.99820435,0.0001570225
syn-0388,2,2,1,5,5,0.00026066974,0.00021463058,0.00014144715,0.003683769,0.00027911214,0.9938564,0.00016895974,0.0005862821,0.00015398991,0.00019743752,0.00013235926,0.0003249636
syn-0391,2,2,1,0,0,0.9977404,0.00027072142,0.00021726538,0.00016731679,0.00023434704,0.0002562513,9.231092e-05,0.00017551784,0.00027653304,0.00011189325,0.0003485479,0.0001089815
syn-0397,2,2,1,1,1,0.00019663342,0.9980591,0.0001285781,0.0001224507,0.000105765466,0.00015931638,0.00028214618,0.00015715304,0.00013227154,0.00016301483,0.0002829049,0.00021075096
syn-0419,2,2,1,1,1,0.00021679093,0.99799526,0.0001403129,0.00012437104,9.573181e-05,0.0001575271,0.000272981,0.00015402833,0.0001472622,0.00016181488,0.0003213363,0.00021259782
syn-0423,2,2,1,9,9,8.9825226e-05,0.00015981832,9.0529735e-05,0.00025433121,7.880736e-05,0.00013590121,9.571187e-05,0.0002290969,0.00046312757,0.99778736,0.00030734422,0.0003080203
syn-0428,2,2,1,8,1,0.00025313764,0.99796593,0.00013368759,0.00011683235,0.000103204926,0.0001778873,0.0002617476,0.00015067641,0.0001734275,0.00016686505,0.00028986967,0.00020665537
syn-0435,2,2,1,10,10,0.00025640242,0.00020975547,0.00021026822,0.00017932581,6.684576e-05,6.497922e-05,0.00014700605,9.463658e-05,0.00013319855,0.0002595832,0.998207,0.00017107208
syn-0450,2,2,1,10,10,0.00024856167,0.00019195638,0.00022294528,0.00018591428,6.8628215e-05,6.5613516e-05,0.00014275438,0.00010738898,0.0001357524,0.00029370515,0.9981558,0.0001808554
syn-0458,2,2,1,6,6,5.9494476e-05,0.00027076856,0.00012881077,0.00035448765,0.00025430138,0.000103907456,0.99791414,0.00015148002,0.0003441269,0.00011050094,0.00016750944,0.00014037002
syn-0463,2,2,1,11,11,0.00012728089,0.0003272526,0.00016592452,0.0001554916,0.00029014214,0.00026052658,0.00012740523,0.0001824105,7.555886e-05,0.00038491585,0.00021778443,0.9976853
syn-0474,2,2,1,0,0,0.99351877,0.00035030805,0.00036515316,0.0019500491,0.0011157256,0.0013034603,0.00017839644,0.00016612146,0.00020755066,0.00025554112,0.00032876275,0.00026032684
syn-0476,2,2,1,7,5,0.0005300356,0.00045926785,0.00025574592,0.0002390808,0.00087966037,0.98561424,0.0002091418,0.010265738,0.0006891062,0.0002447504,0.00017906324,0.00043418957
syn-0480,2,2,1,1,1,0.00040283578,0.98489153,0.0001661327,0.0016234809,0.00026213026,0.0005010925,0.0016795201,0.00015637233,0.00016809099,0.0011054972,0.0040486804,0.004994573
syn-0488,2,2,1,10,10,0.0002555978,0.00018941161,0.00017372903,0.0001982595,7.530595e-05,6.2797706e-05,0.00016883676,7.6119264e-05,0.00017116092,0.00022889276,0.9982377,0.00016217063
syn-0491,2,2,1,10,10,0.00024912052,0.00023118766,0.00016961605,0.00016936778,7.4208394e-05,6.52971e-05,0.00015078601,8.6843174e-05,0.00013729221,0.00026340492,0.99820423,0.00019873746
syn-0498,2,2,1,7,7,0.00017093499,0.00019190606,0.000488407,0.0001050532,0.00037117512,0.00034749697,0.00022856273,0.9971635,0.00033729934,0.00025176353,0.00012127026,0.00022250623
syn-0003,2,2,2,2,2,0.0002613202,0.00012325823,0.9977969,0.0004011499,0.00019860786,7.5346245e-05,8.5712636e-05,0.00046847682,0.0001141066,0.00012892146,0.00015460045,0.00019155971
syn-0007,2,2,2,6,6,5.3908956e-05,0.00029486432,8.0062244e-05,0.00024908996,0.0002585072,0.0001929052,0.99796,0.00017945659,0.00039142533,9.7521224e-05,0.00015922279,8.31703e-05
syn-0009,2,2,2,8,8,0.00020245776,9.516844e-05,5.940967e-05,2.2837465e-05,7.740918e-05,0.00020967641,0.00020291547,0.00015906617,0.99843985,0.00032313186,0.00013559226,7.250646e-05
syn-0019,2,2,2,0,0,0.9957491,0.00031502653,0.00026814398,0.0003557538,0.0011630594,0.00015625433,0.00010802303,0.000111017536,0.00024570257,0.00024606276,0.0011135988,0.00016829254
syn-0022,2,2,2,10,11,0.0001710017,0.0006245063,0.00018835964,0.00018965166,0.00031298824,0.000396815,0.00011525443,0.00015646091,0.00013673444,0.0009008101,0.0007150393,0.9960924
syn-0034,2,2,2,0,0,0.99778193,0.00024038344,0.00025985303,0.00024197322,0.00037612178,0.00015505173,9.017629e-05,0.00014360962,0.00018118534,0.00014838547,0.00025883995,0.0001225363
syn-0058,2,2,2,9,9,0.00012452844,0.00027493268,0.00016075882,0.00040611342,4.554381e-05,0.000108297885,0.00014014787,0.00014860502,0.0006386137,0.9973084,0.00038423066,0.0002597931
syn-0059,2,2,2,3,3,0.00022492731,0.00013424466,0.00032866854,0.99724317,0.00023308933,0.00058071705,0.00032499808,9.95675e-05,3.3123728e-05,0.00047396743,0.00018565363,0.00013783139
syn-0061,2,2,2,4,4,0.0002730624,0.00013241563,0.00017354784,0.00029604486,0.99768376,0.00029829395,0.00037871648,0.000227457,8.7821034e-05,4.7375896e-05,0.00016755257,0.00023404787
syn-0065,2,2,2,11,11,0.00012939918,0.0003732111,0.00019021519,0.000113527225,0.00039354945,0.0002758171,8.461379e-05,0.0001307967,0.00012359419,0.0002984115,0.0002970667,0.9975897
syn-0067,2,2,2,5,5,0.0001627431,0.00010021418,7.454563e-05,0.0004145657,0.00025317157,0.9978561,0.0001608471,0.00023483242,0.00025596836,0.00010543461,9.106801e-05,0.0002904576
syn-0069,2,2,2,11,11,0.00012538808,0.0005948434,0.0001453817,0.0001140557,0.00036528884,0.00030363092,9.520409e-05,0.000115174975,0.00010693636,0.00038279608,0.0002994714,0.99735177
syn-0071,2,2,2,6,6,5.595235e-05,0.0002448326,8.632283e-05,0.00029510824,0.00028540092,0.00013527543,0.99805427,0.00019519756,0.00023881096,8.845626e-05,0.0002377638,8.269221e-05
syn-0097,2,2,2,10,10,0.00020770439,0.00017533217,0.00014240491,0.00019322401,0.00013151021,8.449579e-05,0.0002449448,0.00012715327,0.00015405161,0.00017879027,0.99814606,0.00021419302
syn-0098,2,2,2,10,10,0.00023627991,0.00016097164,0.0001536002,0.00014938414,0.00014331102,5.4607623e-05,0.00013985459,0.00013280014,0.00016828546,0.00019469099,0.99814117,0.00032513193
syn-0102,2,2,2,1,1,0.00034355104,0.9978265,0.00015896847,0.00014187358,0.00011958626,9.097642e-05,0.00033342853,0.00015176283,0.00024310916,0.0002500925,0.00017777563,0.00016242075
syn-0112,2,2,2,4,4,0.00059810415,0.00012768616,0.00014440507,0.00020484051,0.99696016,0.000771175,0.0002138341,0.00025306782,0.00029442512,6.265612e-05,0.00012957034,0.0002400096
syn-0125,2,2,2,9,9,0.00014753167,0.00033861148,0.00012668442,0.00044048854,3.7521055e-05,0.00012017689,0.00013832275,0.00011602532,0.0005768419,0.9968965,0.00076363183,0.00029773128
syn-0127,2,2,2,11,1,0.0005080057,0.86876553,0.00047862736,0.00060859724,0.0010634379,0.00056672125,0.0016762933,0.00051449606,0.000396796,0.0023839478,0.008634321,0.11440326
syn-0137,2,2,2,8,8,0.00022890493,0.00010446902,6.392303e-05,2.2351614e-05,6.891508e-05,0.00025469452,0.00019536451,0.00015085547,0.99842036,0.00026644554,0.00015233588,7.1450704e-05
syn-0142,2,2,2,4,4,0.0008578086,0.00021905651,0.0004501337,0.0096855685,0.9860271,0.0010602224,0.000532593,0.00037812628,7.78025e-05,0.00013802237,0.00021692768,0.00035660702
syn-0155,2,2,2,4,4,0.00031387561,0.00013797,0.0001790703,0.00023355169,0.9977586,0.00027908155,0.00028741377,0.0002538896,0.00012289295,6.006896e-05,0.00014000593,0.00023349466
syn-0159,2,2,2,11,11,0.00013453713,0.0003597325,0.00017727802,0.00011273979,0.00034563482,0.000364373,8.703353e-05,0.00013401263,0.00013309965,0.00039410745,0.0002917117,0.9974657
syn-0164,2,2,2,8,5,0.0018580946,0.00082754955,0.0003855987,0.00072888494,0.0014361748,0.79155153,0.0024534757,0.0013784609,0.19397804,0.0014326728,0.0027840578,0.0011854101
syn-0172,2,2,2,10,10,0.00022539454,0.00016811353,0.00013041652,0.0001509906,0.00014046411,6.223933e-05,0.00019881286,0.00010923343,0.00020169736,0.00021840654,0.9980956,0.00029869267
syn-0177,2,2,2,8,8,0.00024637315,0.00013152037,6.70757e-05,3.199525e-05,0.00019164152,0.00024107758,0.00072430784,0.00016928828,0.99773574,0.00021394821,0.00017036629,7.6752614e-05
syn-0179,2,2,2,1,1,0.00025162238,0.9980653,0.00013767586,0.00012498858,0.00010607643,8.5987245e-05,0.0002770963,0.00015892887,0.00015738439,0.00022140636,0.00020386954,0.00020962332
syn-0188,2,2,2,10,10,0.00022330535,0.0001682103,0.00014657242,0.00016447426,0.00013575605,5.6563917e-05,0.00017110968,0.000108445754,0.00014366729,0.00020579388,0.99818265,0.00029340398
syn-0193,2,2,2,11,11,0.00017666937,0.00080052385,0.00019271146,0.00020434053,0.0003705553,0.0004438216,0.0001618046,0.00017962683,0.0001365195,0.0008058183,0.0010291485,0.9954984
syn-0194,2,2,2,1,1,0.00048667195,0.9969014,0.0002028379,0.00016668705,0.00016394262,0.00012290731,0.0004598446,0.00016314407,0.0005720937,0.00035469027,0.00019544868,0.00021030102
syn-0200,2,2,2,5,5,0.002417085,0.001023833,0.0005135602,0.15502292,0.0017066626,0.8347787,0.0010089447,0.001553934,0.00026513377,0.0006122548,0.00027867305,0.0008182662
syn-0202,2,2,2,10,10,0.0002230033,0.00016936228,0.00014429846,0.0001463563,0.00012500193,7.053179e-05,0.0001911644,0.00013286907,0.00020801421,0.00019752176,0.9981718,0.00021992147
syn-0207,2,2,2,0,0,0.99755055,0.00019198054,0.0002021787,0.00023487516,0.00049814204,0.00034195,9.578264e-05,0.00012226884,0.00027033966,0.00014004509,0.00023869044,0.00011319067
syn-0219,2,2,2,0,0,0.9978688,0.0002132987,0.00022661223,0.00022855692,0.00026422602,0.00020106163,9.133637e-05,0.00013328352,0.00023340645,0.00016906303,0.00024164008,0.00012880492
syn-0222,2,2,2,8,8,0.00025915937,8.559741e-05,6.219776e-05,2.3060737e-05,9.01444e-05,0.00030473128,0.00017308045,0.0001780522,0.9984035,0.00022231431,0.000118898264,7.939693e-05
syn-0224,2,2,2,8,8,0.00029664807,0.00010041327,7.130806e-05,2.3885206e-05,8.2235536e-05,0.00023527745,0.00018045404,0.00018267035,0.99837506,0.0002113975,0.00016073443,7.986124e-05
syn-0228,2,2,2,6,3,0.0001955863,0.00017353386,0.00035724387,0.9971163,0.00029125376,0.00041030144,0.0006000994,9.306758e-05,4.09771e-05,0.00039741088,0.00020860755,0.00011571142
syn-0230,2,2,2,9,9,0.00014661373,0.000262839,0.00014957844,0.0003789201,4.0278155e-05,0.0001075796,0.00011407143,0.00014518891,0.00048202067,0.99748933,0.00037836545,0.00030512197
syn-0239,2,2,2,6,6,5.6946035e-05,0.000253352,9.527357e-05,0.0002851296,0.00026428184,0.00012782955,0.99807966,0.00019114676,0.00023226191,9.31575e-05,0.00023870045,8.2291524e-05
syn-0242,2,2,2,0,0,0.9978126,0.00024489287,0.00024615164,0.00022915866,0.00034539643,0.00016107586,0.000102686456,0.00012867195,0.0002474773,0.00015080046,0.00022439737,0.000106568674
syn-0244,2,2,2,3,3,0.0002188232,0.00014770213,0.000319593,0.99707425,0.00024966002,0.00078724354,0.00035932806,9.3245595e-05,3.6658414e-05,0.0003641633,0.00022742905,0.000121972
syn-0247,2,2,2,3,3,0.00019946934,0.0001644801,0.00035787874,0.99724364,0.00023791895,0.0003465294,0.00042707173,8.803984e-05,3.410852e-05,0.000561478,0.00021662767,0.00012270962
syn-0248,2,2,2,6,10,0.0007052975,0.001583216,0.0006703758,0.0018133943,0.0014535502,0.00065676786,0.3412124,0.0010262018,0.0010382984,0.0010302183,0.6475073,0.0013029539
syn-0249,2,2,2,8,8,0.00026055833,0.00010520442,5.287428e-05,2.1530694e-05,6.3903244e-05,0.00027130183,0.00017786979,0.00015077199,0.99811137,0.00033811489,0.00037270898,7.369598e-05
syn-0254,2,2,2,7,7,0.00697268,0.012960063,0.033591237,0.0015072116,0.26615784,0.012058009,0.018889036,0.60568196,0.013832172,0.00078499137,0.006040247,0.021524608
syn-0255,2,2,2,2,2,0.00025976854,0.00012327648,0.99794465,0.00035992687,0.00017736314,6.989869e-05,7.959328e-05,0.00040767674,0.00011648809,0.00012387989,0.000155532,0.00018192414
syn-0259,2,2,2,4,4,0.00038853826,0.000102463426,0.00013882539,0.00025558844,0.9975921,0.0005596211,0.00020637631,0.00023776977,0.00011851195,4.73253e-05,0.00012965247,0.00022325497
syn-0264,2,2,2,0,0,0.9978543,0.00019506318,0.00023534856,0.00022135956,0.00028263975,0.00019035855,9.386693e-05,0.0001502922,0.00025646834,0.00015597421,0.0002492461,0.00011500817
syn-0274,2,2,2,9,9,0.00020258587,0.0002518761,0.0002005192,0.0004512706,5.2104628e-05,0.00012511462,0.00014641671,0.00015831423,0.0012623795,0.9951767,0.001727154,0.0002455613
syn-0276,2,2,2,6,4,0.0011429599,0.0027244696,0.000509668,0.0017462132,0.5766608,0.0010737116,0.40414977,0.0012769331,0.0012995778,0.00025181164,0.008185559,0.0009785807
syn-0278,2,2,2,9,9,0.00011274864,0.0002470485,0.00013207422,0.00047434194,4.1316198e-05,0.00011330052,9.9597535e-05,0.00012226804,0.00031775917,0.997544,0.00036993966,0.00042561282
syn-0283,2,2,2,7,7,0.00014958806,0.00020168627,0.00040798358,9.077406e-05,0.00028651409,0.0003609078,0.00021302316,0.9975535,0.00028826817,0.00016040623,0.00015923566,0.00012801195
syn-0285,2,2,2,11,11,0.0001276444,0.00031319665,0.00019040445,0.000111987676,0.0003567225,0.00027260865,8.7301305e-05,0.00012851995,0.00015113804,0.000376746,0.0002758894,0.9976077
syn-0288,2,2,2,9,9,0.00010748813,0.00027495,0.00012864644,0.00043557736,4.5027038e-05,0.000115317926,0.00010896778,0.0001320836,0.00032965507,0.99761486,0.00023243733,0.0004748971
syn-0294,2,2,2,1,1,0.00023922142,0.99806255,0.00012720472,0.00016151005,0.000114471855,0.00010201243,0.00028890857,0.0001526908,0.00012353208,0.00022709936,0.00014727213,0.0002535333
syn-0301,2,2,2,3,3,0.0003043846,0.000150424,0.00040289963,0.99678075,0.00045385017,0.00075023883,0.00041556222,8.765591e-05,3.650475e-05,0.00027244922,0.00021213185,0.00013313821
syn-0305,2,2,2,1,1,0.00019903874,0.99801046,0.000120311175,0.00013239431,0.00013997288,9.2335904e-05,0.00027952707,0.00017024684,0.0001288232,0.00022269522,0.00019423822,0.00030989965
syn-0308,2,2,2,3,3,0.00021008718,0.00013784581,0.00046094978,0.9973475,0.0002491803,0.00035720677,0.0003603601,9.182511e-05,3.2233645e-05,0.00042129078,0.00020683007,0.00012477678
syn-0313,2,2,2,11,5,0.0035379757,0.00958674,0.0014477347,0.02452247,0.062163346,0.82124406,0.018829593,0.0024411296,0.0015098227,0.0012788696,0.009443874,0.043994408
syn-0324,2,2,2,7,7,0.00018733379,0.00029695642,0.00058532914,9.619604e-05,0.00025869402,0.00024963537,0.0002735023,0.9969759,0.000584187,0.00015937677,0.00022019491,0.00011279453
syn-0333,2,2,2,5,5,0.0001938605,8.041945e-05,7.083143e-05,0.0005855828,0.00041635704,0.9975298,0.00018247112,0.00018973995,0.00034598418,9.728898e-05,8.444362e-05,0.00022335007
syn-0335,2,2,2,3,11,0.00017485944,0.00047481345,0.00015514396,0.0004073055,0.0003699064,0.00049544475,9.8808305e-05,8.103972e-05,9.6425196e-05,0.0009954951,0.00022332126,0.9964275
syn-0338,2,2,2,8,8,0.00032860608,9.864135e-05,6.776205e-05,2.4637842e-05,7.581582e-05,0.00026091048,0.0001506306,0.00026209958,0.99814975,0.0003025045,0.00018094263,9.773046e-05
syn-0383,2,2,2,2,2,0.00027784845,0.0001268052,0.99784696,0.00040741294,0.00018915265,7.389262e-05,8.78354e-05,0.0003983276,0.00010909962,0.00013263141,0.00015303097,0.00019707218
syn-0385,2,2,2,5,4,0.0007758639,0.00020862983,0.00027638962,0.00048342376,0.98320144,0.012425121,0.00041653388,0.0008884742,0.00026998707,0.00012157392,0.0002427249,0.0006897729
syn-0392,2,2,2,1,1,0.00021564025,0.99804425,0.00013580352,0.00013291699,0.000110947905,9.233903e-05,0.0002393923,0.00017041896,0.00012547514,0.00024138772,0.00018043828,0.00031093328
syn-0396,2,2,2,3,3,0.0001829551,0.00014657849,0.0004574852,0.99724954,0.00024745843,0.0004334821,0.00038442496,9.056934e-05,3.2546774e-05,0.00046702113,0.00017398129,0.0001338528
syn-0402,2,2,2,1,1,0.0056338264,0.9842449,0.00025464347,0.0006969407,0.0052002706,0.00041779113,0.00051615515,0.00047480836,0.00035181537,0.00030596115,0.0009575015,0.00094542257
syn-0405,2,2,2,8,8,0.00020554404,8.935817e-05,6.1354964e-05,2.1579724e-05,7.1103525e-05,0.00023264199,0.0001972841,0.00014957371,0.99843234,0.00030541045,0.00015709671,7.673124e-05
syn-0406,2,2,2,4,4,0.0010113542,0.00017965135,0.0002161725,0.00023379526,0.9970938,0.00014569938,0.00020819582,0.0002288259,8.374986e-05,5.557193e-05,0.00025521143,0.00028799466
syn-0409,2,2,2,10,10,0.00023555316,0.00017328364,0.00015571014,0.00015716144,0.00014053508,5.5357745e-05,0.00014407867,0.000116337134,0.00015077215,0.00023748759,0.99811244,0.00032119753
syn-0414,2,2,2,5,4,0.0005243573,0.0001527644,0.00012633734,0.00022021837,0.99610883,0.0016447799,0.00023499424,0.00031815527,0.00014011608,5.8809717e-05,0.00013660322,0.00033399416
syn-0420,2,2,2,2,2,0.0002401899,0.00010350635,0.9979526,0.00032759007,0.00018623983,7.044747e-05,7.462567e-05,0.0004973098,0.000118786564,0.00011434754,0.00013996477,0.00017435917
syn-0426,2,2,2,10,10,0.00017921376,0.00017293826,0.00015924042,0.00035637376,0.00015224534,0.00015150376,0.0005560751,0.00012901981,0.00015532393,0.00015479393,0.99758327,0.00025003153
syn-0432,2,2,2,6,6,5.695574e-05,0.00032110454,7.724344e-05,0.0012693731,0.0002780285,0.0006885474,0.996302,0.00021110022,0.00026259024,0.00012537847,0.00028981062,0.00011778218
syn-0433,2,2,2,5,5,0.00023146618,0.00012839075,0.00016893134,0.0008801807,0.004548083,0.9917504,0.00023488175,0.0012318948,0.00024281148,0.00011531372,0.000110787885,0.00035684276
syn-0443,2,2,2,7,7,0.00013882629,0.00019702312,0.0005947002,9.701106e-05,0.00026739875,0.00022754865,0.0001823056,0.9975986,0.00024216514,0.00015532631,0.00015555401,0.00014351314
syn-0452,2,2,2,10,10,0.00020446486,0.00017720899,0.00015209384,0.00018061591,0.00012492585,6.822014e-05,0.00031361816,0.00012377223,0.00019706447,0.00019880409,0.9980515,0.00020768472
syn-0460,2,2,2,8,6,0.00015498017,0.00088815537,0.00013504416,0.00018314704,0.0007468983,0.0001373048,0.99440384,0.00019193646,0.0024793658,0.00016305351,0.00043571508,8.04812e-05
syn-0464,2,2,2,4,4,0.000995859,0.00015726032,0.0001829604,0.00022085407,0.9972785,0.0001834972,0.00020202486,0.00021945659,0.00010133677,5.629236e-05,0.00016723933,0.00023475378
syn-0465,2,2,2,7,7,0.00018250674,0.0004141064,0.0007681945,0.00012741024,0.00057710963,0.00028156993,0.00024618994,0.9967506,0.00020751529,0.0001882082,0.00014607655,0.000110479945
syn-0471,2,2,2,5,5,0.00015204787,9.5428295e-05,7.424709e-05,0.00028382018,0.00028219647,0.99774987,0.00014290551,0.00029150996,0.0003307225,0.00011134928,8.1305916e-05,0.00040457337
syn-0473,2,2,2,10,10,0.00023525028,0.00014902394,0.00016287356,0.00014331492,0.0001357541,5.1702867e-05,0.00014240808,0.00012216547,0.00020068054,0.00023700853,0.99816835,0.00025144874
syn-0478,2,2,2,2,2,0.0002651964,0.000115319555,0.9966552,0.00030823465,0.00018938858,7.644521e-05,9.2120514e-05,0.0016667077,0.00015563473,0.0001272737,0.00017362309,0.0001748994
syn-0495,2,2,2,2,2,0.0002757841,0.00011208167,0.9974704,0.0005739421,0.00021467602,0.0001040643,9.3465e-05,0.0005364115,0.00010948529,0.00014921087,0.0001540225,0.00020665363
syn-0005,2,2,3,11,11,0.00011675081,0.00035060183,0.00021223583,0.00019571184,0.00036080502,0.00028664232,8.262718e-05,0.00018269091,8.907993e-05,0.00060726644,0.0002463181,0.99726933
syn-0006,2,2,3,7,9,0.0011784785,0.0055621346,0.0028105066,0.001872201,0.0012667946,0.0037305958,0.005797843,0.045447957,0.07640889,0.71370816,0.1341018,0.008114621
syn-0008,2,2,3,8,8,0.00025322082,0.00020129464,8.454957e-05,2.0378624e-05,0.00013445174,0.00030271264,0.0004983307,0.00014028636,0.9978065,0.0003853152,0.00012016917,5.275499e-05
syn-0014,2,2,3,0,0,0.996669,0.00021809437,0.00042643506,0.00032916164,0.00034085635,0.00033141946,0.0001741349,0.00032771833,0.0005782965,0.00010206915,0.00040319885,9.970472e-05
syn-0020,2,2,3,6,6,6.320615e-05,0.00020185192,0.00013160435,0.00038810732,0.0003127107,9.027376e-05,0.9978854,0.0002162385,0.00033520308,7.698935e-05,0.00021550068,8.29208e-05
syn-0029,2,2,3,2,2,0.00034200095,0.00012344189,0.9973339,0.00044804518,0.00024465588,9.164469e-05,0.00015711556,0.0005255151,0.00016037091,0.00014774059,0.00021256068,0.00021297626
syn-0032,2,2,3,4,4,0.00034851293,0.0002706942,0.00029397928,0.00023518321,0.99642307,0.00018649998,0.001166122,0.00027751975,0.00021592162,0.00015214256,0.00013505435,0.00029527402
syn-0033,2,2,3,5,5,0.00037251203,0.00013984478,0.00010062809,0.0005425314,0.0003203424,0.997097,9.6773096e-05,0.00032894145,0.0004364154,0.00016761763,0.00012425911,0.0002730018
syn-0041,2,2,3,10,9,0.0005708104,0.0006745524,0.0006088125,0.0007673597,0.00031584775,0.0005581324,0.00040754164,0.000692575,0.0034643481,0.8300853,0.15966709,0.0021876062
syn-0044,2,2,3,2,2,0.00034586008,0.00013025211,0.9973242,0.00038673074,0.00025903725,9.6511976e-05,0.00014977291,0.0005622093,0.0001857594,0.0001450232,0.00020223155,0.00021235118
syn-0046,2,2,3,8,8,0.0002982269,0.00029789942,0.00010553432,3.1563613e-05,0.0001376427,0.00029946718,0.00024068741,0.00014781335,0.99587786,0.0023167098,0.00017716874,6.9481976e-05
syn-0050,2,2,3,4,4,0.0003292212,0.0001674124,0.00047544585,0.0007166316,0.9963626,0.00034183476,0.00050543033,0.00027601642,8.8738576e-05,0.00016856074,0.00011195719,0.00045615865
syn-0053,2,2,3,10,10,0.00030759122,0.00026537068,0.00025950832,0.00019795442,9.0365e-05,8.6142725e-05,0.0002045875,0.00010390796,0.00015296732,0.00022164431,0.997919,0.00019102269
syn-0054,2,2,3,5,5,0.00030688717,0.00012972232,0.000109024004,0.0004601302,0.00031458697,0.9971553,0.000108175576,0.00043017307,0.00041096288,0.00016486752,0.00014040033,0.00026977115
syn-0057,2,2,3,8,8,0.00056465215,0.0012252107,0.00016284548,4.5176417e-05,0.00021239053,0.00032338285,0.001178849,0.00019057165,0.99119735,0.00055848266,0.0042121625,0.00012894723
syn-0072,2,2,3,0,0,0.99692816,0.00024539363,0.00038539918,0.00030539738,0.00041201187,0.00028914437,0.00013525481,0.0003549597,0.00037235804,9.973065e-05,0.00035870576,0.00011356279
syn-0073,2,2,3,11,11,0.00012379079,0.00039458464,0.00022078872,0.00019446519,0.00042234684,0.0002418977,0.0001298584,0.00018921982,9.172439e-05,0.00039615322,0.00036831002,0.9972269
syn-0074,2,2,3,5,5,0.0036890367,0.002762961,0.0008328382,0.0095983185,0.0016084762,0.6921069,0.001260044,0.003332767,0.013729878,0.15871088,0.014014356,0.098353535
syn-0091,2,2,3,4,4,0.0002679905,0.00014212035,0.00025206132,0.00022044299,0.9976119,0.00031446214,0.000264933,0.00020718816,0.00012049825,0.00013298921,9.3113835e-05,0.0003723207
syn-0093,2,2,3,5,5,0.00022116593,0.00014133872,7.990568e-05,0.00077156816,0.00034233945,0.99698144,0.00017701898,0.0002545604,0.00029623398,0.00016694478,0.000211038,0.00035645504
syn-0101,2,2,3,3,3,0.00019649061,0.00021142214,0.00049773016,0.99684733,0.0002433454,0.0005881901,0.0005056299,8.2915474e-05,2.712984e-05,0.0003520399,0.00020362074,0.00024417858
syn-0111,2,2,3,3,3,0.00018824764,0.00022148524,0.00039625246,0.99695945,0.00022629519,0.00041968992,0.00067774026,8.0373466e-05,2.8490616e-05,0.0003335864,0.00023313682,0.0002353098
syn-0113,2,2,3,11,11,0.00014874857,0.000391064,0.00021780608,0.00016586001,0.00043557334,0.00021255293,9.745648e-05,0.00017062438,0.00012259647,0.00045268796,0.00028756162,0.99729747
syn-0122,2,2,3,3,3,0.0002520583,0.00019784282,0.0004962851,0.9968695,0.00023028743,0.00070484687,0.00033629555,8.2352424e-05,2.8211196e-05,0.0003211306,0.00021423266,0.0002670077
syn-0133,2,2,3,2,2,0.00036379462,0.00014655633,0.9970988,0.00052248116,0.0002707455,0.00010535459,0.00017184443,0.0005736582,0.00018544556,0.00016111789,0.00019179995,0.00020829854
syn-0140,2,2,3,11,11,0.00012439098,0.00029629323,0.00022601415,0.00029284132,0.00039736993,0.00023674518,9.574716e-05,0.00015816899,8.449656e-05,0.0006853795,0.00022164265,0.99718094
syn-0141,2,2,3,2,2,0.0003322301,0.00011745236,0.99740064,0.0004003548,0.00025317963,9.354979e-05,0.00014560195,0.0005182241,0.0001684071,0.00015037063,0.00019746553,0.00022245052
syn-0146,2,2,3,10,10,0.0003186405,0.0002474919,0.00021841086,0.00025108267,0.00010833259,0.00010738462,0.00030091038,9.9605924e-05,0.00015563457,0.0002601303,0.99762803,0.00030434597
syn-0154,2,2,3,1,1,0.00019197955,0.9980325,0.00010190979,0.0001441375,0.00013085477,0.00012882605,0.00020666917,0.00019943228,0.00023390114,0.00016380839,0.00022313556,0.00024274412
syn-0178,2,2,3,9,9,0.00032105183,0.00068366085,0.00035191842,0.0006839948,0.000529325,0.000595136,0.00017575017,0.0007015841,0.00086973154,0.9123244,0.002889585,0.07987387
syn-0187,2,2,3,3,3,0.00021102956,0.0001848739,0.00058652484,0.9969415,0.00022018733,0.000561445,0.00041298673,8.913765e-05,2.7079463e-05,0.00033763616,0.00020857099,0.00021900787
syn-0189,2,2,3,10,10,0.00029298247,0.0001975172,0.00018746263,0.00024141301,9.5699805e-05,0.00010531116,0.00031892362,8.645756e-05,0.000147717,0.00030771838,0.9976616,0.0003571598
syn-0191,2,2,3,4,4,0.00086457987,0.0003921782,0.000591322,0.009851206,0.98349196,0.0008076497,0.0022656627,0.0003163574,0.00016173741,0.0003464342,0.00025896094,0.00065198203
syn-0192,2,2,3,5,5,0.00022754667,0.00014598557,9.1623464e-05,0.00072988187,0.00034188002,0.9971029,0.00011604935,0.00032222687,0.00028242692,0.00017523447,0.0001354107,0.0003288631
syn-0211,2,2,3,0,0,0.99664575,0.00026345154,0.0005315537,0.0004987241,0.00041446745,0.00022844406,0.00016615681,0.00039664793,0.00022347926,0.0001228758,0.00037682452,0.00013156928
syn-0215,2,2,3,10,10,0.0007166353,0.00062506046,0.00033212925,0.00030152244,0.0001989053,0.0003951843,0.00079130876,0.00034300695,0.010152203,0.014685071,0.9709137,0.0005451874
syn-0217,2,2,3,6,6,7.015926e-05,0.00034048042,0.00012580739,0.00030857624,0.0002891031,6.87351e-05,0.9977597,0.00023979195,0.00035266334,8.8689616e-05,0.00027667347,7.965628e-05
syn-0233,2,2,3,8,8,0.00034828068,0.00023060729,0.00012241483,2.3363276e-05,0.0001457977,0.00035156973,0.0002614718,0.00015227332,0.99776673,0.00038239473,0.00014565539,6.947793e-05
syn-0267,2,2,3,4,4,0.00040587617,0.00013977138,0.00028028552,0.00020109501,0.9975473,0.00024500716,0.00029531863,0.00022543578,0.00012407267,0.000111980895,0.00010706183,0.0003167533
syn-0269,2,2,3,10,10,0.00030865707,0.00019241136,0.00022522642,0.00020662895,9.865875e-05,9.478658e-05,0.0002516266,0.000115006325,0.00014111526,0.0002464586,0.9978383,0.00028118986
syn-0275,2,2,3,0,0,0.99688476,0.0002257265,0.00045888365,0.00029613293,0.0004399057,0.0002612088,0.00012594281,0.00045717836,0.00025490887,0.00010329467,0.00037161532,0.00012041043
syn-0282,2,2,3,7,7,0.0008575054,0.00030665006,0.00059579214,7.6256736e-05,0.0005306205,0.0011893664,0.0002553415,0.99516934,0.00027798378,0.0003775546,0.000116846786,0.000246641
syn-0284,2,2,3,0,0,0.99697685,0.00029228145,0.0002947177,0.00024349589,0.00048305382,0.00028929973,0.00013592349,0.00033971525,0.0003134957,0.000103304206,0.00038129993,0.0001465384
syn-0295,2,2,3,10,10,0.00026580796,0.000334274,0.00018752218,0.00025469056,0.00011384908,0.000103559585,0.00038935954,8.669643e-05,0.00013467202,0.00025252355,0.99749124,0.0003859053
syn-0297,2,2,3,11,11,0.00012673544,0.0003996179,0.00019996782,0.00019977265,0.00043014277,0.00029187638,8.9956695e-05,0.00017079117,9.048534e-05,0.00043850616,0.0002640749,0.99729806
syn-0299,2,2,3,1,1,0.00020050089,0.99800545,0.00010330985,0.00016094974,0.00013447854,0.00013619666,0.00021573716,0.00019197434,0.00023728827,0.00017513635,0.00020336022,0.00023567172
syn-0303,2,2,3,7,5,0.00036229915,0.00012493243,0.00012002906,0.00033515375,0.0005031867,0.99664307,0.0001047935,0.0008059573,0.00035939197,0.00018984919,0.00014184375,0.0003095128
syn-0306,2,2,3,5,5,0.0003655576,0.0001372675,0.00011570377,0.00029409258,0.00072593393,0.99607724,0.00014273563,0.00097209273,0.00050896895,0.00014784293,0.00016867711,0.00034382904
syn-0307,2,2,3,3,3,0.00025092045,0.00025055316,0.0005117849,0.99674016,0.00025787624,0.00041120566,0.00053490757,9.348784e-05,3.0499617e-05,0.00042681705,0.00023745076,0.00025425042
syn-0310,2,2,3,10,10,0.00028379165,0.00023567396,0.00019802181,0.00020123842,9.683854e-05,9.132745e-05,0.00025782813,9.778886e-05,0.00013987104,0.00025972343,0.9977714,0.00036647
syn-0325,2,2,3,4,3,0.00025981694,0.00024348024,0.00042404752,0.99593985,0.00051852426,0.0009662802,0.00061076577,0.00010668073,3.386492e-05,0.0003917492,0.00019440395,0.00031050498
syn-0327,2,2,3,1,1,0.0014353277,0.9112,0.00034536023,0.00017553355,0.0006996937,0.0006976468,0.0016218794,0.00060671824,0.0805583,0.00079790567,0.0012343127,0.0006272014
syn-0329,2,2,3,8,8,0.00022434744,0.0001904012,9.2409806e-05,2.207824e-05,0.00012804796,0.00029740718,0.00032650333,0.00014488497,0.99783427,0.0005359525,0.00013960691,6.426094e-05
syn-0336,2,2,3,0,0,0.9970503,0.0002907372,0.0002898867,0.00028151713,0.0003483919,0.0003783605,0.00011844759,0.0003374258,0.00030722967,0.00010311024,0.00037049927,0.00012401084
syn-0343,2,2,3,8,8,0.0002256359,0.00024510492,8.724562e-05,2.78038e-05,0.00013420808,0.00040096487,0.00025505552,0.00016395414,0.99599826,0.0020850652,0.00024331629,0.00013355435
syn-0345,2,2,3,7,5,0.03275523,0.014524404,0.0028391539,0.0017457389,0.11519554,0.2774213,0.048255693,0.15425748,0.16245174,0.014320185,0.019852506,0.15638097
syn-0346,2,2,3,6,6,7.0570066e-05,0.0002341179,0.00015841209,0.0004964754,0.00031205465,6.859954e-05,0.9977387,0.00021929001,0.00028496262,8.34773e-05,0.00024873097,8.4543826e-05
syn-0348,2,2,3,9,9,7.7895675e-05,0.00022894812,0.00012183114,0.00025892598,0.000118660784,0.00016997372,0.00012631374,0.0003858104,0.0008661532,0.9968959,0.00026326044,0.000486313
syn-0366,2,2,3,9,9,0.00010737798,0.00029676975,0.00024340201,0.0016788541,0.00019500685,0.00046438343,0.00021271405,0.00037772543,0.00046597337,0.9898031,0.00048905174,0.0056656417
syn-0368,2,2,3,9,9,9.058616e-05,0.00025257093,0.00016759257,0.00049180083,0.0002264031,0.00024360773,0.00012576643,0.00038100974,0.00047620447,0.9935462,0.00024301371,0.0037552528
syn-0369,2,2,3,6,6,6.804578e-05,0.00027216572,0.00014154287,0.0007501906,0.0002928479,9.328044e-05,0.9974469,0.00027203286,0.00026122853,0.0001006634,0.00021698944,8.4189596e-05
syn-0372,2,2,3,1,1,0.00028416017,0.99711764,0.00013344357,0.00033278513,0.00035321162,0.00014799736,0.0003120889,0.00026759628,0.00018239573,0.00020437331,0.00023615289,0.00042813996
syn-0382,2,2,3,0,0,0.99705124,0.00026614516,0.0003434937,0.00035387863,0.00037167736,0.00024434782,0.00015707104,0.0002644611,0.00031436217,9.620331e-05,0.0004279025,0.00010911914
syn-0399,2,2,3,8,8,0.00031593337,0.00020968127,0.00010899389,2.3966173e-05,0.00013571134,0.00029186084,0.00030788573,0.00013172875,0.9978538,0.0003698485,0.00019054447,6.0016053e-05
syn-0401,2,2,3,11,11,0.0001478996,0.0016437522,0.00020019023,0.00031959082,0.0007544042,0.00029528467,0.00013907457,0.00022840126,8.247946e-05,0.0004156056,0.00028675926,0.99548644
syn-0407,2,2,3,6,6,0.00031438083,0.0008722821,0.00089471345,0.09781561,0.00095241744,0.00053113647,0.89598876,0.00058106513,0.0003762646,0.0005249486,0.0008508284,0.0002976498
syn-0408,2,2,3,4,8,0.008999756,0.0004904311,0.00024528324,7.371935e-05,0.0007328618,0.0010028656,0.00081705506,0.00022311494,0.98679566,0.0003027365,0.00021709678,9.939415e-05
syn-0411,2,2,3,2,2,0.00035491787,0.0001321706,0.99729747,0.00047190918,0.00026118942,9.585191e-05,0.00014587153,0.0005230959,0.00017681588,0.00016871889,0.00017716158,0.00019485917
syn-0413,2,2,3,9,9,8.419672e-05,0.00022554226,0.00013693195,0.00034357517,0.000120842014,0.0002173259,0.000104784514,0.00037317502,0.00056116027,0.9965576,0.00031282872,0.0009621699
syn-0416,2,2,3,2,2,0.00034770425,0.0001339865,0.99727124,0.0004393785,0.00026529556,0.00010005768,0.00015064508,0.000524745,0.00017221016,0.0001548211,0.00021048181,0.00022948209
syn-0417,2,2,3,7,7,0.022764986,0.0065318393,0.0034690336,0.0017307651,0.053580258,0.14578855,0.12181088,0.6102068,0.021144317,0.0013771938,0.004095512,0.0074997684
syn-0422,2,2,3,1,1,0.0001726796,0.9980387,0.00011661289,0.00016785788,0.0001280742,0.00011787232,0.00022368236,0.00021511322,0.000182297,0.00015494024,0.00025796014,0.00022433864
syn-0425,2,2,3,5,5,0.00028445447,0.00013332113,8.649994e-05,0.00039032492,0.00081152335,0.99620277,0.00012921928,0.0003335367,0.00044557467,0.00020072593,0.00022634439,0.0007556846
syn-0430,2,2,3,1,1,0.00029998415,0.99711007,9.370537e-05,0.0004615156,0.0001807983,0.00043482578,0.00024881706,0.00020238564,0.00017886654,0.00017956659,0.00019012373,0.0004193436
syn-0431,2,2,3,3,3,0.00025166819,0.00019623879,0.00052708894,0.99702924,0.0002381002,0.00046458692,0.0004112998,8.3826264e-05,2.6923624e-05,0.00032129965,0.00022128454,0.00022853195
syn-0436,2,2,3,6,6,7.034604e-05,0.00024421653,0.00013921835,0.00069282675,0.00035386128,9.283003e-05,0.99748933,0.00022608406,0.00032361338,0.000102352875,0.0001877967,7.7486686e-05
syn-0437,2,2,3,3,3,0.00045759964,0.0005534548,0.0004751318,0.9921556,0.00030497593,0.0011375579,0.0008671004,0.00012510076,5.3282285e-05,0.0006354692,0.002759679,0.0004751318
syn-0445,2,2,3,6,6,6.655834e-05,0.00022113262,0.00014214788,0.0003048462,0.00035553228,7.873185e-05,0.9978052,0.00025739658,0.0004214777,8.757479e-05,0.00017759828,8.1868166e-05
syn-0449,2,2,3,11,11,0.00012622602,0.0003005908,0.00023674422,0.00028907537,0.0003694172,0.00020679469,0.00013876762,0.00018893337,8.599464e-05,0.00052684534,0.00035383677,0.9971769
syn-0451,2,2,3,8,8,0.00039118715,0.00022562925,9.922201e-05,2.4674206e-05,0.00013017039,0.00035403424,0.00025275446,0.00014685559,0.9976724,0.0004844689,0.00016422973,5.45287e-05
syn-0469,2,2,3,9,9,8.237626e-05,0.00022468857,0.00015465241,0.00039491878,0.00016494849,0.00020308835,0.00013150841,0.00034808944,0.000634942,0.99618465,0.0002507806,0.0012253777
syn-0472,2,2,3,8,8,0.00022684748,0.00024295624,8.122136e-05,2.1647991e-05,0.00012809147,0.0002779054,0.00046455258,0.00014997364,0.997686,0.00049210497,0.00016495527,6.375137e-05
syn-0482,2,2,3,1,1,0.00028079015,0.9959335,0.00015827997,0.00096133264,0.00032635906,0.00013211877,0.00075492717,0.00023210222,0.00013617963,0.00022190649,0.0004269013,0.0004357465
syn-0485,2,2,3,10,10,0.0002851223,0.00039430984,0.00017587333,0.00017570166,8.655497e-05,7.766317e-05,0.00019391507,7.94273e-05,0.00015834616,0.00024215746,0.99781054,0.00032036137
syn-0492,2,2,3,6,6,6.0662405e-05,0.00024027617,0.00014926374,0.00037685566,0.00027286747,7.75884e-05,0.99782383,0.0002870819,0.00032475093,9.5249154e-05,0.00021308089,7.8579695e-05
syn-0016,2,2,4,9,9,0.00031157475,0.00054098805,0.00018568677,0.0011579233,0.00016322915,0.00031218393,0.00016808198,0.00031648137,0.0008238014,0.982917,0.01031794,0.0027851835
syn-0023,2,2,4,1,1,0.00026894466,0.9977476,0.00017863169,0.00013925439,0.00013365834,0.00011876216,0.00024297123,0.00024249716,0.00014896112,0.00019267591,0.00025675414,0.00032927663
syn-0026,2,2,4,10,10,0.0002587458,0.0002453647,0.00015830334,0.00017729135,7.874943e-05,8.423865e-05,0.00022242746,0.000118448006,0.00016452909,0.00017938121,0.998028,0.00028435016
syn-0027,2,2,4,4,4,0.00041111495,0.00012427823,0.00021483838,0.00028253766,0.9972504,0.00047524544,0.00028853255,0.0003766276,8.2949e-05,0.00010313093,7.1646304e-05,0.00031867545
syn-0035,2,2,4,9,9,0.00024289821,0.0003956126,0.00019441327,0.001300652,0.00012225621,0.00021965464,0.0001503777,0.00028397678,0.00091233454,0.9887194,0.006494917,0.0009633821
syn-0040,2,2,4,4,4,0.00032971226,0.00016988715,0.00023198154,0.00034490338,0.9973617,0.0002681851,0.0003535785,0.0003184388,6.32347e-05,0.000107986845,9.120084e-05,0.00035921234
syn-0048,2,2,4,11,11,0.00010345545,0.0005874043,0.0001193093,0.0004492803,0.00042360826,0.00059139746,0.00013362007,0.00014603812,5.4198692e-05,0.0015262169,0.00034972903,0.99551564
syn-0056,2,2,4,8,8,0.0002724236,0.00013485948,0.00011591604,3.419786e-05,5.704736e-05,0.00026611294,0.0003638665,0.00019383867,0.99790466,0.00034720384,0.0002779112,3.1938227e-05
syn-0070,2,2,4,2,2,0.0002789976,0.00015738475,0.9975803,0.00043678688,0.00023203238,8.511023e-05,0.00011885826,0.00049217296,0.00018436114,9.051095e-05,0.00019086464,0.00015261702
syn-0077,2,2,4,2,2,0.0002757337,0.0001604027,0.99753153,0.00041110226,0.00023740732,8.5189226e-05,0.00012178983,0.0005254268,0.00019357709,9.420383e-05,0.00020405921,0.00015962137
syn-0084,2,2,4,5,5,0.0003358981,0.00012643864,7.751716e-05,0.0018256274,0.00033320274,0.9959345,0.000207143,0.0002324427,0.00029476918,0.00017614369,0.00017778543,0.00027840136
syn-0085,2,2,4,3,1,0.000430332,0.9946662,0.00028638312,0.0013642575,0.00029822782,0.00019501046,0.0004347673,0.0001643757,9.175728e-05,0.00029417826,0.00060857163,0.0011657723
syn-0086,2,2,4,10,10,0.00022583186,0.00019040177,0.0001866735,0.00019682985,7.798826e-05,7.98377e-05,0.00018123964,0.00012695884,0.00015419206,0.00018993749,0.99808085,0.00030930736
syn-0090,2,2,4,5,5,0.00032113626,0.00012079348,7.305062e-05,0.0004186206,0.00045517474,0.9971306,0.00021241362,0.00034436068,0.00038170806,0.00016470252,0.00011753528,0.0002599371
syn-0094,2,2,4,1,1,0.00025593038,0.99746454,0.00022585779,0.00015652351,0.00014575355,0.00012491335,0.000319601,0.00028922933,0.00012190063,0.00016727054,0.00028432845,0.00044397946
syn-0106,2,2,4,10,10,0.00034950345,0.00063542346,0.00019894667,0.0001571494,7.703859e-05,8.627911e-05,0.0007524685,0.0001635692,0.0012991971,0.00051879167,0.99560237,0.00015931268
syn-0107,2,2,4,10,10,0.00028656487,0.00018541585,0.00015651746,0.00017779104,7.639234e-05,9.2326896e-05,0.00020368918,0.00011913035,0.0002782742,0.00024230064,0.99791306,0.00026856273
syn-0109,2,2,4,3,3,0.00012347105,0.000113858,0.00040122995,0.9965958,0.00029619166,0.0006637407,0.0002891186,7.591989e-05,6.088431e-05,0.000868433,0.00023706883,0.00027426713
syn-0117,2,2,4,6,6,0.00012157261,0.00022371545,0.00010307662,0.00042044692,0.0004556567,0.00013843412,0.9976991,0.00012482077,0.00026657828,8.347399e-05,0.00025263784,0.00011047713
syn-0119,2,2,4,6,6,0.00011520732,0.0002986792,0.00010561699,0.00027603086,0.00030360496,0.0001437985,0.9976318,0.00013003804,0.0003636782,9.495223e-05,0.0004277337,0.00010875701
syn-0128,2,2,4,2,2,0.00027844537,0.00017480056,0.9975522,0.0004386447,0.00023510506,8.461061e-05,0.00011632862,0.0004941456,0.00017920817,9.166475e-05,0.00019615007,0.00015869213
syn-0139,2,2,4,1,1,0.00024764042,0.9977393,0.0001593431,0.00014020843,0.00016601456,0.00012409655,0.00026724068,0.00023377534,0.00014144616,0.00017449222,0.00024812456,0.00035829714
syn-0147,2,2,4,0,0,0.9973131,0.0002885507,0.00026686577,0.00021193447,0.00040841463,0.00026221576,0.0001904412,0.00016417059,0.00027831068,0.00018377256,0.00032292487,0.00010925443
syn-0156,2,2,4,6,6,0.000106970045,0.00031104314,0.00010187236,0.0003569176,0.00047330093,0.0001245731,0.997666,0.00013299641,0.00027604031,9.816123e-05,0.0002200248,0.00013209037
syn-0167,2,2,4,0,0,0.99734807,0.00027548114,0.00027954622,0.00017725711,0.00039605628,0.00027622195,0.0002151744,0.00016643634,0.00031995407,0.00015513573,0.0002981572,9.2455026e-05
syn-0168,2,2,4,1,1,0.00031034878,0.9976285,0.00018920361,0.00013748129,0.00015412217,0.00013105752,0.00031171564,0.00029268677,0.00014240057,0.00014763999,0.00030673313,0.0002482182
syn-0173,2,2,4,8,8,0.00028435944,0.00012875105,0.00012053771,4.1231757e-05,7.350356e-05,0.00035551473,0.0008177147,0.00020549259,0.9974515,0.00029064124,0.00019728286,3.3586715e-05
syn-0182,2,2,4,6,6,0.00011749756,0.00033406628,0.00011167985,0.00028686042,0.0003886844,0.00011399381,0.99778455,0.00013005795,0.00027857823,8.731678e-05,0.0002566383,0.000110055844
syn-0183,2,2,4,4,4,0.00073701126,0.00014922202,0.00019624444,0.00034882012,0.99559844,0.0014352683,0.0003661856,0.00045336722,9.930627e-05,0.00011132641,9.383783e-05,0.00041086006
syn-0185,2,2,4,7,8,0.0059585474,0.0034116958,0.2398801,0.001984203,0.0024406111,0.003681725,0.20160514,0.1222797,0.39937657,0.0058920044,0.012120639,0.0013690589
syn-0195,2,2,4,4,4,0.00046209636,0.00014818019,0.00017391825,0.0003435214,0.99640155,0.0010519386,0.00036985162,0.0003821047,8.839607e-05,0.00010144561,7.8621095e-05,0.00039824864
syn-0197,2,2,4,11,11,0.00012486285,0.00043842883,0.00015707262,0.00035155713,0.0004680172,0.00048297684,0.00011525393,0.00017660148,6.193244e-05,0.0012947634,0.00024032715,0.99608815
syn-0208,2,2,4,8,8,0.0002632978,0.00012932754,0.000115758776,3.4587785e-05,4.9933304e-05,0.00024949847,0.00028034754,0.00021642432,0.99752444,0.00083146413,0.00027447243,3.0523617e-05
syn-0210,2,2,4,0,4,0.03704658,0.0005481519,0.0004200775,0.0005603295,0.95731187,0.0009918482,0.0011583855,0.0006226558,0.00031740096,0.00023841977,0.00020393125,0.00058037904
syn-0226,2,2,4,6,6,0.00011134335,0.00032869764,0.00012384911,0.0002874661,0.00034004357,0.00012204814,0.9976967,0.00014451177,0.0002999409,9.33038e-05,0.00032757607,0.00012445533
syn-0229,2,2,4,7,5,0.00067593995,0.00063066086,0.00042011077,0.0003828889,0.0014769294,0.95272434,0.0005792924,0.03947754,0.0018291154,0.00070389675,0.00028149868,0.00081773143
syn-0236,2,2,4,11,11,0.0002804525,0.0019311053,0.00013735065,0.0016291339,0.0013185481,0.00076720346,0.0011339918,0.00015262836,0.00011979938,0.0024765632,0.0040218225,0.9860314
syn-0246,2,2,4,8,8,0.0002891017,0.00013675382,0.00012834293,3.74778e-05,6.197173e-05,0.0002594815,0.0005374495,0.00019839355,0.99769396,0.00041268085,0.00021093119,3.3529333e-05
syn-0250,2,2,4,11,11,0.00010403248,0.00046337594,0.00020170627,0.00022370499,0.0004557884,0.00027182334,0.00011392307,0.00018536742,5.9160262e-05,0.00048054248,0.000275229,0.9971654
syn-0261,2,2,4,5,5,0.00052214647,0.00019799102,8.2534934e-05,0.0006624766,0.0021822767,0.9903362,0.003922756,0.00040269623,0.00082479266,0.00022699781,0.00014613205,0.0004929122
syn-0262,2,2,4,10,10,0.0002469394,0.00019983122,0.00018680966,0.00018382366,8.14121e-05,8.3750674e-05,0.00018703783,0.00012726878,0.00017209713,0.00018984417,0.99807763,0.00026357253
syn-0263,2,2,4,0,0,0.99721766,0.00028259735,0.00024981788,0.00016495836,0.0005710018,0.0002855797,0.00022078668,0.00017069405,0.00030653196,0.00015572256,0.0002672314,0.00010734045
syn-0265,2,2,4,3,3,0.0001329194,0.000121498175,0.00050544355,0.99708825,0.00033042757,0.00059092336,0.00027067657,7.677775e-05,5.109508e-05,0.00037836915,0.00021606576,0.00023759165
syn-0280,2,2,4,0,0,0.99736327,0.000285482,0.00025181397,0.00016774428,0.0004041698,0.00028388345,0.00019411228,0.00017155461,0.00032666806,0.00015574529,0.00029874462,9.679893e-05
syn-0281,2,2,4,10,10,0.0002820947,0.00023528209,0.00013757429,0.00019109627,6.388434e-05,9.478447e-05,0.00026948896,0.00010867093,0.00037396574,0.00021157596,0.9978161,0.00021532795
syn-0286,2,2,4,8,8,0.00028411648,0.00011964619,0.00012717627,3.1196338e-05,5.7155146e-05,0.00026067818,0.00040475785,0.00022613579,0.99783933,0.00039819092,0.00021797765,3.3665463e-05
syn-0296,2,2,4,3,3,0.00012239917,0.00012003175,0.00046150692,0.9966654,0.00040676913,0.0009209023,0.00028326956,8.478343e-05,4.8166825e-05,0.00044228553,0.00018527448,0.00025911906
syn-0300,2,2,4,10,10,0.00022720614,0.00020687355,0.0002071768,0.00018997693,8.0933765e-05,7.75298e-05,0.00018480749,0.00015216702,0.00018762617,0.00017755416,0.9980444,0.00026388568
syn-0304,2,2,4,1,1,0.00025746642,0.99758875,0.00016843887,0.00015054594,0.00014908292,0.00011441751,0.00034960278,0.00023869958,0.00014792275,0.0001705909,0.0003089756,0.00035554194
syn-0312,2,2,4,11,11,0.000117639815,0.0003584407,0.00015343123,0.00024173506,0.00047219783,0.00035625964,0.000110944915,0.00016533265,6.358599e-05,0.00061759364,0.00029959812,0.9970432
syn-0314,2,2,4,8,8,0.00025187974,0.0001321735,0.00013892303,3.386219e-05,5.3013213e-05,0.00023030702,0.00027633202,0.00020870098,0.9978065,0.00062048546,0.00021717369,3.0532246e-05
syn-0321,2,2,4,9,9,0.00010556002,0.0002443582,0.00010443215,0.0005246195,8.3423336e-05,0.00014973829,9.964985e-05,0.00018974964,0.00063816446,0.9970937,0.0003953274,0.0003712171
syn-0323,2,2,4,7,7,0.00017721637,0.0002766308,0.0004075632,8.197179e-05,0.00033843901,0.0004534502,0.00015831366,0.99711883,0.00033605134,0.00028215576,0.0001532931,0.0002159669
syn-0328,2,2,4,10,10,0.00033456986,0.00021489675,0.00017573652,0.00016670929,8.2044935e-05,9.3150855e-05,0.00019552249,0.00013168486,0.00026924498,0.00015350482,0.99800855,0.0001744541
syn-0330,2,2,4,0,0,0.9971451,0.0002845151,0.00021734789,0.00017481459,0.0005743155,0.00044640468,0.00019693357,0.00017387816,0.0002608946,0.00014989232,0.0002648737,0.00011095625
syn-0332,2,2,4,6,6,0.00011037761,0.00031321065,0.000103285915,0.00028657747,0.00035905396,0.0001227749,0.9977742,0.00014131305,0.00029792066,9.349347e-05,0.0002896018,0.00010824271
syn-0339,2,2,4,7,7,0.00015956114,0.00024023242,0.0006688318,8.197477e-05,0.0003622199,0.00033279764,0.00014191662,0.9971551,0.0003196579,0.0002322735,0.00013228084,0.00017311744
syn-0341,2,2,4,8,8,0.00025895436,0.00012289759,0.00013663436,3.4127428e-05,6.00126e-05,0.00024560737,0.00032252967,0.00021844772,0.9977964,0.000584311,0.00018812988,3.1872452e-05
syn-0350,2,2,4,2,2,0.0003046598,0.000186053,0.99743843,0.00048639945,0.0002461194,8.435348e-05,0.00012527657,0.00049991347,0.00017788011,9.3097646e-05,0.00019660713,0.00016125149
syn-0353,2,2,4,7,7,0.00025177147,0.00032917457,0.00046842292,9.118558e-05,0.00045779534,0.0018119424,0.0001970396,0.99524915,0.0004350221,0.00028321255,0.00016673612,0.00025849827
syn-0354,2,2,4,8,8,0.00028271502,0.00012580291,0.00012979632,3.5553712e-05,5.5715773e-05,0.0002481511,0.00027603112,0.0001962797,0.9977241,0.00069859554,0.00019446717,3.288181e-05
syn-0355,2,2,4,5,5,0.0005696204,0.00025599697,0.00026155642,0.0019017631,0.00030999986,0.9865818,0.00034650593,0.0011117287,0.0007362444,0.00032710552,0.0063555236,0.0012421927
syn-0357,2,2,4,3,3,0.0001226809,0.00013110426,0.00044406173,0.99701023,0.0003499977,0.0006462637,0.0003057209,6.888498e-05,4.5887293e-05,0.0004139616,0.00020197053,0.00025914542
syn-0363,2,2,4,9,9,0.00020567853,0.00038388302,0.00016640096,0.0016099068,0.00011719209,0.0004088409,0.00016112391,0.0002529889,0.00068996544,0.9932486,0.0013649765,0.0013905397
syn-0367,2,2,4,4,4,0.00038440133,0.00014702418,0.0002475452,0.0003468858,0.9973557,0.00023876036,0.0003909019,0.00027147727,6.999401e-05,0.000116760915,8.459394e-05,0.00034595546
syn-0370,2,2,4,9,9,0.0001089011,0.0002360108,0.00010210349,0.0004908092,9.125724e-05,0.00015267794,0.00010091396,0.0002017722,0.00060606835,0.99700433,0.00036336074,0.000541753
syn-0371,2,2,4,6,6,0.000107390944,0.00039759575,0.000105726,0.0002773295,0.00038386064,0.00010645122,0.99768674,0.00013456694,0.0002713023,9.1856346e-05,0.00030540596,0.0001317067
syn-0374,2,2,4,8,8,0.00027576025,0.00012749899,0.00012297434,4.0990606e-05,5.253028e-05,0.0002478395,0.00026792934,0.00017788127,0.997445,0.0009559991,0.00025186533,3.3717955e-05
syn-0377,2,2,4,5,5,0.00026382718,0.00014908155,0.00011701545,0.00032689853,0.00032522678,0.9966059,0.0001517253,0.0009859973,0.0003549316,0.00019973148,0.00010550838,0.00041422324
syn-0379,2,2,4,3,3,0.00019788538,0.000102361264,0.00057529774,0.9956246,0.0005774436,0.0011708908,0.0004505928,8.77254e-05,7.9253296e-05,0.00037259818,0.00057036796,0.00019114267
syn-0393,2,2,4,2,2,0.00028416392,0.00022287952,0.9973743,0.0005439424,0.00027327778,8.119598e-05,0.00014818007,0.00046456335,0.00016873189,9.4650015e-05,0.00018351483,0.00016069095
syn-0415,2,2,4,1,11,0.00025618248,0.009937723,9.993138e-05,0.00044048755,0.0006487771,0.0013409081,0.0005622928,0.00024781606,0.00019527438,0.002541027,0.0012418132,0.98248774
syn-0418,2,2,4,0,0,0.9972556,0.00029871237,0.00028510293,0.00016887665,0.0004844439,0.00028860453,0.00022209261,0.00017620517,0.00028302238,0.00013864311,0.0002878305,0.00011075202
syn-0421,2,2,4,10,10,0.00027274477,0.000250774,0.00014264272,0.00021444599,6.597969e-05,9.377605e-05,0.00018199794,0.000115911105,0.00025873442,0.00032994317,0.99786216,0.00021091524
syn-0429,2,2,4,2,2,0.00025594197,0.00018534089,0.9975096,0.00037607076,0.00022117507,8.444191e-05,0.000119899014,0.00055739324,0.00021849158,0.000101162484,0.000212702,0.00015775827
syn-0440,2,2,4,1,1,0.00027780706,0.9974547,0.00015008535,0.00025692955,0.00014504217,0.0001168866,0.00026925985,0.00019805563,0.00012900318,0.00026353667,0.00029270726,0.00044605296
syn-0444,2,2,4,5,5,0.00027512904,0.0001563052,6.4524495e-05,0.0015048657,0.00038427045,0.99607337,0.00044788877,0.000233385,0.00027046708,0.00017513904,0.00012670348,0.00028812166
syn-0448,2,2,4,4,5,0.0003787865,0.0001239082,7.355671e-05,0.0006140811,0.0011923737,0.9962251,0.00023160406,0.00029063848,0.00034980747,0.00014858863,0.00010702438,0.00026450015
syn-0453,2,2,4,1,1,0.00031273448,0.99747413,0.00023121605,0.00013427576,0.00013052639,0.00012382148,0.0002384392,0.0002451687,0.00015319804,0.00020615051,0.00036826642,0.000382096
syn-0454,2,2,4,11,11,0.00010505116,0.0005652385,0.00017202014,0.00041700972,0.00050796155,0.0004139666,0.0001493078,0.00018365172,5.4873657e-05,0.0009566444,0.00030323438,0.9961708
syn-0457,2,2,4,9,9,9.670941e-05,0.00025516888,0.00010184668,0.00064984895,0.00010466997,0.00020146131,9.237092e-05,0.0001853232,0.00031516844,0.9964408,0.00035219715,0.0012043355
syn-0459,2,2,4,5,4,0.01598915,0.00055410876,0.00044005172,0.00088632834,0.95410866,0.014318591,0.009290027,0.0010838333,0.0019888564,0.0002797139,0.00031510557,0.00074563484
syn-0468,2,2,4,6,6,0.00011048998,0.0002748039,0.00010803594,0.0003669561,0.00039613293,0.00011500366,0.99781513,0.00012410598,0.00025929132,9.213771e-05,0.00022189194,0.000116018884
syn-0484,2,2,4,3,3,0.00013421159,0.00011390389,0.0004371983,0.9969975,0.0003967531,0.00069945154,0.00036553814,7.382971e-05,4.8750833e-05,0.00031235616,0.00019356792,0.00022696781
syn-0489,2,2,4,11,11,0.00014847344,0.00047799275,0.00013026188,0.00033491696,0.00048504613,0.0008858423,0.00021184924,0.00018191346,7.808734e-05,0.0006721879,0.0009406748,0.99545276
